run_id,ts,grid,cand,metric,cpu_gibps,ssd_dev,workload,arrival,lam,cpu_frac,qmax,think,n_sess,n_seeds,seeds,n10,n5,med_min_gain,worst_min_gain,best_min_gain,cand_val_med,cand_val_min,cand_val_max,rho_kv,rho_kv_min,rho_kv_max,rho_peak,rho_strat_cand,gpu_util,cand_drop_frac,tightest,k_req,pass10,pass5,rho_lt1,stable_d1,n_twins,twins,src
20261010-080951-f6-an-l8q16-s1d,2026-10-10T08:10:24+00:00,l8q16,S1D,median,3.69,local8,chat,bursty,0.05,0.0625,16.0,20.0,32,10,5 6 7 8 9 10 11 12 13 14,0,0,-0.028418802002561652,-0.1036376714320463,0.0,1.6443526619318902,1.3833680000000754,2.4969567487352577,0.7794706524465421,0.3581703774175082,1.7094973438929637,2.2889192149967714,0.377136109017025,0.21735371531248435,0.0022301264679313398,S4CT,6,False,False,True,True,16,S1 S2b S4 S4+ S4B S4W S4C S4PD S4BT S4WT S4BD S4WD S4WD50 S4WT50 S4CT S4CT50,20261010-080637-f6-sweep-l8q16
20261010-080951-f6-an-l8q16-s1d,2026-10-10T08:10:24+00:00,l8q16,S1D,median,3.69,local8,chat,bursty,0.05,0.125,16.0,20.0,32,10,5 6 7 8 9 10 11 12 13 14,0,0,0.0,-0.0766050190626863,0.0361667126298816,1.4407502330630848,1.3833680000000186,1.938663743014061,0.7815957853428459,0.358211888462095,1.7235139233998047,2.2889192149967714,0.36895192468896754,0.20020649417350794,0.0,S1,6,False,False,True,True,16,S1 S2b S4 S4+ S4B S4W S4C S4PD S4BT S4WT S4BD S4WD S4WD50 S4WT50 S4CT S4CT50,20261010-080637-f6-sweep-l8q16
20261010-080951-f6-an-l8q16-s1d,2026-10-10T08:10:24+00:00,l8q16,S1D,median,3.69,local8,chat,bursty,0.05,0.25,16.0,20.0,32,10,5 6 7 8 9 10 11 12 13 14,0,0,0.0,-0.0151959059183057,0.0,1.3833680000000754,1.3833680000000186,1.926367544387432,0.7779809424079669,0.3582737907535361,1.6816991435821862,2.302876039478459,0.3610138599512805,0.19321782597899384,0.0,S1,6,False,False,True,True,16,S1 S2b S4 S4+ S4B S4W S4C S4PD S4BT S4WT S4BD S4WD S4WD50 S4WT50 S4CT S4CT50,20261010-080637-f6-sweep-l8q16
20261010-080951-f6-an-l8q16-s1d,2026-10-10T08:10:24+00:00,l8q16,S1D,median,3.69,local8,chat,bursty,0.1,0.0625,16.0,20.0,32,10,5 6 7 8 9 10 11 12 13 14,0,0,-0.0061865819143536,-0.1238211457600723,0.041757969760233,1.876510500000009,1.4436519755391828,2.8916758219235845,1.205275071534286,0.652765019513816,2.012816222774126,2.6936671249657125,0.5382743129770475,0.3506747615588362,0.019435076711381272,S4BT,6,False,False,False,False,16,S1 S2b S4 S4+ S4B S4W S4C S4PD S4BT S4WT S4BD S4WD S4WD50 S4WT50 S4CT S4CT50,20261010-080637-f6-sweep-l8q16
20261010-080951-f6-an-l8q16-s1d,2026-10-10T08:10:24+00:00,l8q16,S1D,median,3.69,local8,chat,bursty,0.1,0.125,16.0,20.0,32,10,5 6 7 8 9 10 11 12 13 14,0,0,0.0,-0.0484620869500044,0.0,1.523461168799713,1.3833680000000754,2.598860794376691,1.2139192565082653,0.6530385011844216,2.057511642842774,2.819278545300901,0.5311317724207811,0.3180125682116604,0.0,S4CT,6,False,False,False,False,16,S1 S2b S4 S4+ S4B S4W S4C S4PD S4BT S4WT S4BD S4WD S4WD50 S4WT50 S4CT S4CT50,20261010-080637-f6-sweep-l8q16
20261010-080951-f6-an-l8q16-s1d,2026-10-10T08:10:24+00:00,l8q16,S1D,median,3.69,local8,chat,bursty,0.1,0.25,16.0,20.0,32,10,5 6 7 8 9 10 11 12 13 14,0,0,0.0,0.0,0.0,1.3833680000000754,1.3833680000000754,1.8593699726609143,1.218309259894671,0.6532442636157334,2.0977594169450064,2.8751058432276517,0.5268852063894486,0.3028077909464598,0.0,S1,6,False,False,False,False,16,S1 S2b S4 S4+ S4B S4W S4C S4PD S4BT S4WT S4BD S4WD S4WD50 S4WT50 S4CT S4CT50,20261010-080637-f6-sweep-l8q16
20261010-080951-f6-an-l8q16-s1d,2026-10-10T08:10:24+00:00,l8q16,S1D,median,3.69,local8,chat,bursty,0.2,0.0625,16.0,20.0,32,10,5 6 7 8 9 10 11 12 13 14,0,0,-0.05294887050134685,-0.1700549962003025,0.0398824323477393,2.628515843583102,1.8093840000001364,6.398750266422454,1.7022651490682095,1.108924592435081,2.179739564554538,3.4333788224951567,0.7039925989100013,0.5183428123312379,0.05191330671941361,S4CT,6,False,False,False,False,16,S1 S2b S4 S4+ S4B S4W S4C S4PD S4BT S4WT S4BD S4WD S4WD50 S4WT50 S4CT S4CT50,20261010-080637-f6-sweep-l8q16
20261010-080951-f6-an-l8q16-s1d,2026-10-10T08:10:24+00:00,l8q16,S1D,median,3.69,local8,chat,bursty,0.2,0.125,16.0,20.0,32,10,5 6 7 8 9 10 11 12 13 14,1,2,-0.0014157998635107,-0.1291161106523417,0.1059179183191034,2.1174561101244507,1.3833680000000754,5.364108537254978,1.7201708384114291,1.1097140806939711,2.219700234828885,3.4892061204219074,0.6941554130209597,0.4706688925374328,0.0,S4BD,6,False,False,False,False,16,S1 S2b S4 S4+ S4B S4W S4C S4PD S4BT S4WT S4BD S4WD S4WD50 S4WT50 S4CT S4CT50,20261010-080637-f6-sweep-l8q16
20261010-080951-f6-an-l8q16-s1d,2026-10-10T08:10:24+00:00,l8q16,S1D,median,3.69,local8,chat,bursty,0.2,0.25,16.0,20.0,32,10,5 6 7 8 9 10 11 12 13 14,0,0,0.0,0.0,0.0017683136382886,1.8103560447158316,1.3833680000000754,4.198062710185667,1.7346711929229337,1.110308381619271,2.2323244149023167,3.586903891793721,0.6868348427765706,0.43502813397862383,0.0,S4BD,6,False,False,False,False,16,S1 S2b S4 S4+ S4B S4W S4C S4PD S4BT S4WT S4BD S4WD S4WD50 S4WT50 S4CT S4CT50,20261010-080637-f6-sweep-l8q16
20261010-080951-f6-an-l8q16-s1d,2026-10-10T08:10:24+00:00,l8q16,S1D,median,3.69,local8,chat,bursty,0.4,0.0625,16.0,20.0,32,10,5 6 7 8 9 10 11 12 13 14,0,1,-0.021347568445520597,-0.1598470811445895,0.0548971507414464,4.388350995948734,2.1260277534914,10.563404264227517,2.0578448943129533,1.3817271501016586,2.627119847295064,4.256831466914727,0.7802976460577516,0.6499245780870985,0.11021289070499238,S4CT50,6,False,False,False,False,16,S1 S2b S4 S4+ S4B S4W S4C S4PD S4BT S4WT S4BD S4WD S4WD50 S4WT50 S4CT S4CT50,20261010-080637-f6-sweep-l8q16
20261010-080951-f6-an-l8q16-s1d,2026-10-10T08:10:24+00:00,l8q16,S1D,median,3.69,local8,chat,bursty,0.4,0.125,16.0,20.0,32,10,5 6 7 8 9 10 11 12 13 14,1,2,-0.05195695354267295,-0.1358758779512889,0.1655124985677203,3.3825301758338924,1.611855695112041,9.652964898355378,2.1053178048891565,1.4093598015509972,2.7867752408737467,4.340572413804853,0.772878972440909,0.6091321360929168,0.00053763440860215,S4CT,6,False,False,False,False,16,S1 S2b S4 S4+ S4B S4W S4C S4PD S4BT S4WT S4BD S4WD S4WD50 S4WT50 S4CT S4CT50,20261010-080637-f6-sweep-l8q16
20261010-080951-f6-an-l8q16-s1d,2026-10-10T08:10:24+00:00,l8q16,S1D,median,3.69,local8,chat,bursty,0.4,0.25,16.0,20.0,32,10,5 6 7 8 9 10 11 12 13 14,0,0,-0.01348340772771385,-0.0635843812003548,0.0146479982260872,2.3905335885407055,1.4314122991225702,6.594587480552356,2.155952220418577,1.413272896675351,3.104920764885472,4.424313360694979,0.7457161286336674,0.5534356216729728,0.0,S4BD,6,False,False,False,False,16,S1 S2b S4 S4+ S4B S4W S4C S4PD S4BT S4WT S4BD S4WD S4WD50 S4WT50 S4CT S4CT50,20261010-080637-f6-sweep-l8q16
20261010-080951-f6-an-l8q16-s1d,2026-10-10T08:10:24+00:00,l8q16,S1D,median,3.69,local8,chat,poisson,0.05,0.0625,16.0,20.0,32,10,5 6 7 8 9 10 11 12 13 14,0,0,0.0,0.0,0.0,1.3833680000000186,1.3833680000000186,1.3833680000000754,0.5428287487098723,0.3863456075157602,0.6783458813289769,1.284027852315262,0.32806721076489576,0.1394327357667832,0.0,S1,6,False,False,True,True,16,S1 S2b S4 S4+ S4B S4W S4C S4PD S4BT S4WT S4BD S4WD S4WD50 S4WT50 S4CT S4CT50,20261010-080637-f6-sweep-l8q16
20261010-080951-f6-an-l8q16-s1d,2026-10-10T08:10:24+00:00,l8q16,S1D,median,3.69,local8,chat,poisson,0.05,0.125,16.0,20.0,32,10,5 6 7 8 9 10 11 12 13 14,0,0,0.0,0.0,0.0,1.3833680000000186,1.3833680000000186,1.3833680000000186,0.5429599289985274,0.3863419853296413,0.6783458813289769,1.284027852315262,0.3238322497682969,0.13449341278226376,0.0,S1,6,False,False,True,True,16,S1 S2b S4 S4+ S4B S4W S4C S4PD S4BT S4WT S4BD S4WD S4WD50 S4WT50 S4CT S4CT50,20261010-080637-f6-sweep-l8q16
20261010-080951-f6-an-l8q16-s1d,2026-10-10T08:10:24+00:00,l8q16,S1D,median,3.69,local8,chat,poisson,0.05,0.25,16.0,20.0,32,10,5 6 7 8 9 10 11 12 13 14,0,0,0.0,0.0,0.0,1.3833680000000186,1.3833680000000186,1.3833680000000186,0.5429593480094169,0.3863419853296413,0.6783458813289769,1.284027852315262,0.32045920474586004,0.13399183100187032,0.0,S1,6,False,False,True,True,16,S1 S2b S4 S4+ S4B S4W S4C S4PD S4BT S4WT S4BD S4WD S4WD50 S4WT50 S4CT S4CT50,20261010-080637-f6-sweep-l8q16
20261010-080951-f6-an-l8q16-s1d,2026-10-10T08:10:24+00:00,l8q16,S1D,median,3.69,local8,chat,poisson,0.1,0.0625,16.0,20.0,32,10,5 6 7 8 9 10 11 12 13 14,0,1,-5.162537064506978e-15,-0.0823600868270576,0.0983405409625173,1.5530696424122823,1.3833680000000186,1.7698390000000188,0.9652466130527785,0.6717529000694037,1.3210299659903342,1.8283440071010795,0.5214907783856072,0.2635293181990558,0.0,S4CT,6,False,False,True,True,16,S1 S2b S4 S4+ S4B S4W S4C S4PD S4BT S4WT S4BD S4WD S4WD50 S4WT50 S4CT S4CT50,20261010-080637-f6-sweep-l8q16
20261010-080951-f6-an-l8q16-s1d,2026-10-10T08:10:24+00:00,l8q16,S1D,median,3.69,local8,chat,poisson,0.1,0.125,16.0,20.0,32,10,5 6 7 8 9 10 11 12 13 14,0,0,0.0,-0.0049292078231033,0.0,1.3833680000000754,1.3833680000000186,1.5409141968014524,0.965242907973763,0.6726614443215738,1.3210299659903342,1.8004303581377044,0.5128936928508565,0.2449989719675357,0.0,S1,6,False,False,True,True,16,S1 S2b S4 S4+ S4B S4W S4C S4PD S4BT S4WT S4BD S4WD S4WD50 S4WT50 S4CT S4CT50,20261010-080637-f6-sweep-l8q16
20261010-080951-f6-an-l8q16-s1d,2026-10-10T08:10:24+00:00,l8q16,S1D,median,3.69,local8,chat,poisson,0.1,0.25,16.0,20.0,32,10,5 6 7 8 9 10 11 12 13 14,0,0,0.0,0.0,0.0,1.3833680000000754,1.3833680000000186,1.3901218455284263,0.9649739312996763,0.6726504641568005,1.3210299659903342,1.8283440071010795,0.5014641342568678,0.23843559036461898,0.0,S1,6,False,False,True,True,16,S1 S2b S4 S4+ S4B S4W S4C S4PD S4BT S4WT S4BD S4WD S4WD50 S4WT50 S4CT S4CT50,20261010-080637-f6-sweep-l8q16
20261010-080951-f6-an-l8q16-s1d,2026-10-10T08:10:24+00:00,l8q16,S1D,median,3.69,local8,chat,poisson,0.2,0.0625,16.0,20.0,32,10,5 6 7 8 9 10 11 12 13 14,0,0,-0.038348195354571804,-0.0937202233814211,0.0,2.0451220655171127,1.3833680000000186,2.536432446304815,1.4845988650697453,1.056863084969654,1.925723204561045,2.7076239494474,0.6976093966737472,0.44013518545423747,0.01489587670466391,S4W,6,False,False,False,False,16,S1 S2b S4 S4+ S4B S4W S4C S4PD S4BT S4WT S4BD S4WD S4WD50 S4WT50 S4CT S4CT50,20261010-080637-f6-sweep-l8q16
20261010-080951-f6-an-l8q16-s1d,2026-10-10T08:10:24+00:00,l8q16,S1D,median,3.69,local8,chat,poisson,0.2,0.125,16.0,20.0,32,10,5 6 7 8 9 10 11 12 13 14,0,0,0.0,-0.0405156384855734,0.0,1.7333173031776568,1.3833680000000186,2.1596040000000016,1.4951789173988907,1.0643615047257224,1.931780755805481,2.7634512473741504,0.689455675878589,0.3971645010193773,0.0,S4BD,6,False,False,False,False,16,S1 S2b S4 S4+ S4B S4W S4C S4PD S4BT S4WT S4BD S4WD S4WD50 S4WT50 S4CT S4CT50,20261010-080637-f6-sweep-l8q16
20261010-080951-f6-an-l8q16-s1d,2026-10-10T08:10:24+00:00,l8q16,S1D,median,3.69,local8,chat,poisson,0.2,0.25,16.0,20.0,32,10,5 6 7 8 9 10 11 12 13 14,0,0,0.0,-0.0051725256849713,0.0046129754653629,1.43649261927726,1.3833680000000186,1.8061900894316525,1.4994361424963203,1.0644164909152436,1.9394034098379205,2.7774080718558385,0.6783827286492866,0.3733504103823515,0.0,S4BD,6,False,False,False,False,16,S1 S2b S4 S4+ S4B S4W S4C S4PD S4BT S4WT S4BD S4WD S4WD50 S4WT50 S4CT S4CT50,20261010-080637-f6-sweep-l8q16
20261010-080951-f6-an-l8q16-s1d,2026-10-10T08:10:24+00:00,l8q16,S1D,median,3.69,local8,chat,poisson,0.4,0.0625,16.0,20.0,32,10,5 6 7 8 9 10 11 12 13 14,0,0,-0.043576771125266506,-0.1644351216051286,0.0378415112838805,3.1828520808620056,2.350404276068872,6.1543157649629165,1.8889652531537706,1.3434096636016546,2.457678716148483,3.4333788224951567,0.7614936469010657,0.5925978020228173,0.08323894614199528,S4CT,6,False,False,False,False,16,S1 S2b S4 S4+ S4B S4W S4C S4PD S4BT S4WT S4BD S4WD S4WD50 S4WT50 S4CT S4CT50,20261010-080637-f6-sweep-l8q16
20261010-080951-f6-an-l8q16-s1d,2026-10-10T08:10:24+00:00,l8q16,S1D,median,3.69,local8,chat,poisson,0.4,0.125,16.0,20.0,32,10,5 6 7 8 9 10 11 12 13 14,0,0,-0.0297760987975156,-0.070036047085386,0.0266397661275341,2.4916054096988347,1.7602943709631376,4.308926266749324,1.91748902381445,1.350983886710044,2.471343990888649,3.558990242830346,0.7493496130271317,0.5461096869406795,0.0,S4CT,6,False,False,False,False,16,S1 S2b S4 S4+ S4B S4W S4C S4PD S4BT S4WT S4BD S4WD S4WD50 S4WT50 S4CT S4CT50,20261010-080637-f6-sweep-l8q16
20261010-080951-f6-an-l8q16-s1d,2026-10-10T08:10:24+00:00,l8q16,S1D,median,3.69,local8,chat,poisson,0.4,0.25,16.0,20.0,32,10,5 6 7 8 9 10 11 12 13 14,0,0,0.0,-0.0477175402872021,0.003190644552339,1.8749454657764204,1.714255804858638,2.3555442267198714,1.9317583876609739,1.3541489768662238,2.4624012901154284,3.7683426100556603,0.7283051537167003,0.49391348004153757,0.0,S4BD,6,False,False,False,False,16,S1 S2b S4 S4+ S4B S4W S4C S4PD S4BT S4WT S4BD S4WD S4WD50 S4WT50 S4CT S4CT50,20261010-080637-f6-sweep-l8q16
20261010-080951-f6-an-l8q16-s1d,2026-10-10T08:10:24+00:00,l8q16,S1D,median,3.69,local8,doc,bursty,0.05,0.0625,16.0,20.0,32,10,5 6 7 8 9 10 11 12 13 14,1,1,-0.056566022332797,-0.2670420523223841,0.1613226536430321,3.990626910645645,2.608302000000037,31.65951040851633,1.0975556285777837,0.522255744418228,2.0047169373867604,4.467928437200253,0.2688377214788446,0.4771898026621345,0.10412193311965894,S4CT50,6,False,False,False,False,16,S1 S2b S4 S4+ S4B S4W S4C S4PD S4BT S4WT S4BD S4WD S4WD50 S4WT50 S4CT S4CT50,20261010-080637-f6-sweep-l8q16
20261010-080951-f6-an-l8q16-s1d,2026-10-10T08:10:24+00:00,l8q16,S1D,median,3.69,local8,doc,bursty,0.05,0.125,16.0,20.0,32,10,5 6 7 8 9 10 11 12 13 14,0,0,-0.16032117643269228,-0.6359545245126625,0.036113518888337,2.7707513882154586,1.8656819999999923,28.79682182991177,1.111678984788552,0.5224433590347031,2.0704616991843987,4.467928437200253,0.27225014537638914,0.4345240033795876,0.036581795122598,S4CT50,6,False,False,False,False,16,S1 S2b S4 S4+ S4B S4W S4C S4PD S4BT S4WT S4BD S4WD S4WD50 S4WT50 S4CT S4CT50,20261010-080637-f6-sweep-l8q16
20261010-080951-f6-an-l8q16-s1d,2026-10-10T08:10:24+00:00,l8q16,S1D,median,3.69,local8,doc,bursty,0.05,0.25,16.0,20.0,32,10,5 6 7 8 9 10 11 12 13 14,2,4,0.0,-0.0364244969664643,0.4936067951400344,0.93206065724452,0.8778300000001309,23.794720545208733,1.1450670609106193,0.5257068587433413,2.225625339515967,4.469673040260464,0.2796785224280923,0.3641356813797326,0.0,S1,6,False,False,False,False,16,S1 S2b S4 S4+ S4B S4W S4C S4PD S4BT S4WT S4BD S4WD S4WD50 S4WT50 S4CT S4CT50,20261010-080637-f6-sweep-l8q16
20261010-080951-f6-an-l8q16-s1d,2026-10-10T08:10:24+00:00,l8q16,S1D,median,3.69,local8,doc,bursty,0.1,0.0625,16.0,20.0,32,10,5 6 7 8 9 10 11 12 13 14,0,0,-0.045445602747772595,-0.1767539048707224,0.0240404619615788,15.477702357926654,3.163292522276961,38.794113364154015,1.5756092053124278,0.9414690580775524,2.023018333589002,4.468800738730358,0.3879189858248307,0.6910715372847368,0.10440764990365814,S4CT,6,False,False,False,False,16,S1 S2b S4 S4+ S4B S4W S4C S4PD S4BT S4WT S4BD S4WD S4WD50 S4WT50 S4CT S4CT50,20261010-080637-f6-sweep-l8q16
20261010-080951-f6-an-l8q16-s1d,2026-10-10T08:10:24+00:00,l8q16,S1D,median,3.69,local8,doc,bursty,0.1,0.125,16.0,20.0,32,10,5 6 7 8 9 10 11 12 13 14,1,2,0.0076112233840485,-0.2845945143281023,0.1330391182598662,12.13850230412492,2.6078665000000285,32.875823109179095,1.6065710219624165,0.9420789285015464,2.060527159541447,4.469673040260464,0.3953579155726884,0.6444911067705117,0.03825130455237106,S4BT,6,False,False,False,False,16,S1 S2b S4 S4+ S4B S4W S4C S4PD S4BT S4WT S4BD S4WD S4WD50 S4WT50 S4CT S4CT50,20261010-080637-f6-sweep-l8q16
20261010-080951-f6-an-l8q16-s1d,2026-10-10T08:10:24+00:00,l8q16,S1D,median,3.69,local8,doc,bursty,0.1,0.25,16.0,20.0,32,10,5 6 7 8 9 10 11 12 13 14,4,6,0.057117188899523746,0.0,0.8511508293605543,3.574191815559786,0.8786800000000312,27.308309625927023,1.6600028838242409,0.952744011503345,2.157385773419961,4.474034547910991,0.40706933965281716,0.5512050431819873,0.0,S4CT50,6,False,True,False,False,16,S1 S2b S4 S4+ S4B S4W S4C S4PD S4BT S4WT S4BD S4WD S4WD50 S4WT50 S4CT S4CT50,20261010-080637-f6-sweep-l8q16
20261010-080951-f6-an-l8q16-s1d,2026-10-10T08:10:24+00:00,l8q16,S1D,median,3.69,local8,doc,bursty,0.2,0.0625,16.0,20.0,32,10,5 6 7 8 9 10 11 12 13 14,0,0,-0.029409332102323098,-0.1041381805251117,0.0130033673783813,24.849929049131163,9.034942915338831,39.26618666629256,1.8901121757940373,1.572650115710748,2.323478015303151,4.467056135670147,0.46910816852597775,0.8389104796210033,0.10517012364726992,S4BT,6,False,False,False,False,16,S1 S2b S4 S4+ S4B S4W S4C S4PD S4BT S4WT S4BD S4WD S4WD50 S4WT50 S4CT S4CT50,20261010-080637-f6-sweep-l8q16
20261010-080951-f6-an-l8q16-s1d,2026-10-10T08:10:24+00:00,l8q16,S1D,median,3.69,local8,doc,bursty,0.2,0.125,16.0,20.0,32,10,5 6 7 8 9 10 11 12 13 14,1,4,0.018292745988278,-0.0718126446672842,0.1330391182598662,19.70846897363468,6.543787534397836,32.43401249130426,1.9634244148616975,1.574352581301734,2.4056126663474493,4.523755735127002,0.4869353498228377,0.8136241608851866,0.04058564716324499,S4BT,6,False,False,False,False,16,S1 S2b S4 S4+ S4B S4W S4C S4PD S4BT S4WT S4BD S4WD S4WD50 S4WT50 S4CT S4CT50,20261010-080637-f6-sweep-l8q16
20261010-080951-f6-an-l8q16-s1d,2026-10-10T08:10:24+00:00,l8q16,S1D,median,3.69,local8,doc,bursty,0.2,0.25,16.0,20.0,32,10,5 6 7 8 9 10 11 12 13 14,7,8,0.1423258312660706,0.0097721793183698,0.4694313052929473,11.205364269885806,1.0864465805560997,24.338743206571703,2.106213605349336,1.6043653454328743,2.62719913639514,4.469673040260464,0.5190756722793803,0.7424376658282335,0.0,S4BT,6,True,True,False,False,16,S1 S2b S4 S4+ S4B S4W S4C S4PD S4BT S4WT S4BD S4WD S4WD50 S4WT50 S4CT S4CT50,20261010-080637-f6-sweep-l8q16
20261010-080951-f6-an-l8q16-s1d,2026-10-10T08:10:24+00:00,l8q16,S1D,median,3.69,local8,doc,bursty,0.4,0.0625,16.0,20.0,32,10,5 6 7 8 9 10 11 12 13 14,0,0,-0.00970607832753235,-0.0521640493697069,0.0317819462352888,38.97622025186296,24.52877911982484,42.72393069915489,1.9895380922029626,1.5952088611695794,2.3441168083432222,4.467056135670147,0.49643110234789745,0.8897490284547376,0.10650298714018666,S4BT,6,False,False,False,False,16,S1 S2b S4 S4+ S4B S4W S4C S4PD S4BT S4WT S4BD S4WD S4WD50 S4WT50 S4CT S4CT50,20261010-080637-f6-sweep-l8q16
20261010-080951-f6-an-l8q16-s1d,2026-10-10T08:10:24+00:00,l8q16,S1D,median,3.69,local8,doc,bursty,0.4,0.125,16.0,20.0,32,10,5 6 7 8 9 10 11 12 13 14,1,5,0.04312293141765535,-0.0661656562997078,0.1054082029634126,32.731466164368776,18.71569569875294,40.48123752042085,2.0595746567027535,1.6630902591143906,2.4362078181295823,4.522883433596897,0.5139124550877296,0.8723403838474051,0.04248820005016708,S4BT,6,False,False,False,False,16,S1 S2b S4 S4+ S4B S4W S4C S4PD S4BT S4WT S4BD S4WD S4WD50 S4WT50 S4CT S4CT50,20261010-080637-f6-sweep-l8q16
20261010-080951-f6-an-l8q16-s1d,2026-10-10T08:10:24+00:00,l8q16,S1D,median,3.69,local8,doc,bursty,0.4,0.25,16.0,20.0,32,10,5 6 7 8 9 10 11 12 13 14,6,9,0.1098819750646585,0.0373876398025689,0.2727722299726314,24.070385180165147,12.134546957929402,32.28220998991378,2.214154161295348,1.7437941723182977,2.628741329935578,4.522011132066792,0.5494318780462784,0.8237165089389891,0.0,S4BT,6,True,True,False,False,16,S1 S2b S4 S4+ S4B S4W S4C S4PD S4BT S4WT S4BD S4WD S4WD50 S4WT50 S4CT S4CT50,20261010-080637-f6-sweep-l8q16
20261010-080951-f6-an-l8q16-s1d,2026-10-10T08:10:24+00:00,l8q16,S1D,median,3.69,local8,doc,poisson,0.05,0.0625,16.0,20.0,32,10,5 6 7 8 9 10 11 12 13 14,0,0,-0.522583471656443,-0.6437897238185871,-0.2282448898344924,2.465229999999906,2.464358999999945,2.5878576676565785,0.8463245065132998,0.6132297240575506,1.0853338799759975,2.213028981877595,0.22321147123105756,0.3505262150333761,0.08292648314177359,S4CT50,6,False,False,True,True,16,S1 S2b S4 S4+ S4B S4W S4C S4PD S4BT S4WT S4BD S4WD S4WD50 S4WT50 S4CT S4CT50,20261010-080637-f6-sweep-l8q16
20261010-080951-f6-an-l8q16-s1d,2026-10-10T08:10:24+00:00,l8q16,S1D,median,3.69,local8,doc,poisson,0.05,0.125,16.0,20.0,32,10,5 6 7 8 9 10 11 12 13 14,0,0,-0.06441254761659396,-0.5442840761338168,-0.0004836800656254,0.9384395000001008,0.8782550000000242,1.928131000000008,0.8477076601234461,0.613785908855355,1.0856357469537623,2.217390489528122,0.22356386303879866,0.29006024902942873,0.01348092083910316,S4CT,6,False,False,True,True,16,S1 S2b S4 S4+ S4B S4W S4C S4PD S4BT S4WT S4BD S4WD S4WD50 S4WT50 S4CT S4CT50,20261010-080637-f6-sweep-l8q16
20261010-080951-f6-an-l8q16-s1d,2026-10-10T08:10:24+00:00,l8q16,S1D,median,3.69,local8,doc,poisson,0.05,0.25,16.0,20.0,32,10,5 6 7 8 9 10 11 12 13 14,0,0,0.0,0.0,0.0009682968226687,0.8778300000001309,0.8778299999999604,0.8786800000000312,0.8532569084096551,0.6173121386134508,1.0922919257479202,2.276706993575295,0.2251000722667535,0.2543652220950372,0.0,S1,6,False,False,True,True,16,S1 S2b S4 S4+ S4B S4W S4C S4PD S4BT S4WT S4BD S4WD S4WD50 S4WT50 S4CT S4CT50,20261010-080637-f6-sweep-l8q16
20261010-080951-f6-an-l8q16-s1d,2026-10-10T08:10:24+00:00,l8q16,S1D,median,3.69,local8,doc,poisson,0.1,0.0625,16.0,20.0,32,10,5 6 7 8 9 10 11 12 13 14,0,0,-0.2516686337933525,-0.4441493408818321,-0.0976271529620367,4.863308914390089,2.4660799999999483,12.11166577155484,1.450874333486269,1.053285221965724,1.9653757009454444,3.1045211456453923,0.37615821148520295,0.6240313526290202,0.08845156151200337,S4CT50,6,False,False,False,False,16,S1 S2b S4 S4+ S4B S4W S4C S4PD S4BT S4WT S4BD S4WD S4WD50 S4WT50 S4CT S4CT50,20261010-080637-f6-sweep-l8q16
20261010-080951-f6-an-l8q16-s1d,2026-10-10T08:10:24+00:00,l8q16,S1D,median,3.69,local8,doc,poisson,0.1,0.125,16.0,20.0,32,10,5 6 7 8 9 10 11 12 13 14,0,1,-0.20414315361753693,-0.5521947430161434,0.0533433242813055,3.022719897518016,1.9285559999999864,6.759535702260905,1.4774545696824635,1.0562984549105332,2.032243998282483,3.0600337676100127,0.3847007929464832,0.5528007506085375,0.01895881017638642,S4CT50,6,False,False,False,False,16,S1 S2b S4 S4+ S4B S4W S4C S4PD S4BT S4WT S4BD S4WD S4WD50 S4WT50 S4CT S4CT50,20261010-080637-f6-sweep-l8q16
20261010-080951-f6-an-l8q16-s1d,2026-10-10T08:10:24+00:00,l8q16,S1D,median,3.69,local8,doc,poisson,0.1,0.25,16.0,20.0,32,10,5 6 7 8 9 10 11 12 13 14,1,1,0.0,-0.2216229976091649,0.1004985324565341,1.1439553369822448,0.8778300000001309,2.704890750558832,1.5058282824406937,1.0691922370015885,2.1174559735103444,3.236238676691319,0.3923561356014685,0.46526253814665913,0.0,S4CT,6,False,False,False,False,16,S1 S2b S4 S4+ S4B S4W S4C S4PD S4BT S4WT S4BD S4WD S4WD50 S4WT50 S4CT S4CT50,20261010-080637-f6-sweep-l8q16
20261010-080951-f6-an-l8q16-s1d,2026-10-10T08:10:24+00:00,l8q16,S1D,median,3.69,local8,doc,poisson,0.2,0.0625,16.0,20.0,32,10,5 6 7 8 9 10 11 12 13 14,0,1,-0.06582886306426,-0.2705821867902285,0.0564587895228136,15.550493939969613,7.589148547678548,36.34972948049386,1.8530602338923643,1.585498731291319,2.123006513640107,3.483100009711169,0.4722813680068844,0.8274166514280734,0.09597932860077645,S4BT,6,False,False,False,False,16,S1 S2b S4 S4+ S4B S4W S4C S4PD S4BT S4WT S4BD S4WD S4WD50 S4WT50 S4CT S4CT50,20261010-080637-f6-sweep-l8q16
20261010-080951-f6-an-l8q16-s1d,2026-10-10T08:10:24+00:00,l8q16,S1D,median,3.69,local8,doc,poisson,0.2,0.125,16.0,20.0,32,10,5 6 7 8 9 10 11 12 13 14,0,1,-0.03681240519131165,-0.3219601590592527,0.0747462187480636,11.257935266465665,3.667127126232643,33.31977234359363,1.9396410012482725,1.5890764448600725,2.276189714520624,3.6610495218526866,0.49676902304243586,0.7915155127779141,0.02886845193177672,S4C,6,False,False,False,False,16,S1 S2b S4 S4+ S4B S4W S4C S4PD S4BT S4WT S4BD S4WD S4WD50 S4WT50 S4CT S4CT50,20261010-080637-f6-sweep-l8q16
20261010-080951-f6-an-l8q16-s1d,2026-10-10T08:10:24+00:00,l8q16,S1D,median,3.69,local8,doc,poisson,0.2,0.25,16.0,20.0,32,10,5 6 7 8 9 10 11 12 13 14,2,3,0.0,-0.1316955450478071,0.1718248040249592,6.682181013927263,0.9368978613140088,25.9498399819079,2.0641486769256256,1.6526842074515806,2.4862782384769857,3.7282167396708084,0.527516313331184,0.6977478499229345,0.0,S4CT,6,False,False,False,False,16,S1 S2b S4 S4+ S4B S4W S4C S4PD S4BT S4WT S4BD S4WD S4WD50 S4WT50 S4CT S4CT50,20261010-080637-f6-sweep-l8q16
20261010-080951-f6-an-l8q16-s1d,2026-10-10T08:10:24+00:00,l8q16,S1D,median,3.69,local8,doc,poisson,0.4,0.0625,16.0,20.0,32,10,5 6 7 8 9 10 11 12 13 14,0,0,-0.04756065346751115,-0.1554968200094377,0.0011048075264115,33.375252727044256,22.58803343963848,47.8735396526595,1.9372150535274268,1.671928103054665,2.2181788983361925,4.251597657734094,0.4906339445120033,0.8775427575621368,0.10145529899633307,S4WD,6,False,False,False,False,16,S1 S2b S4 S4+ S4B S4W S4C S4PD S4BT S4WT S4BD S4WD S4WD50 S4WT50 S4CT S4CT50,20261010-080637-f6-sweep-l8q16
20261010-080951-f6-an-l8q16-s1d,2026-10-10T08:10:24+00:00,l8q16,S1D,median,3.69,local8,doc,poisson,0.4,0.125,16.0,20.0,32,10,5 6 7 8 9 10 11 12 13 14,0,3,0.014582369746131299,-0.0561337714201799,0.0750069369397148,29.469041468495742,20.325243037364658,41.76252693273355,2.0049389139830955,1.7204145089702914,2.3095652776331685,4.305680352600634,0.5078575310541591,0.8609713331157802,0.03753518281739681,S4BT,6,False,False,False,False,16,S1 S2b S4 S4+ S4B S4W S4C S4PD S4BT S4WT S4BD S4WD S4WD50 S4WT50 S4CT S4CT50,20261010-080637-f6-sweep-l8q16
20261010-080951-f6-an-l8q16-s1d,2026-10-10T08:10:24+00:00,l8q16,S1D,median,3.69,local8,doc,poisson,0.4,0.25,16.0,20.0,32,10,5 6 7 8 9 10 11 12 13 14,2,5,0.04872870307411595,-0.0867170594936357,0.2356375016726253,20.61206405912585,14.121021191049408,35.15814818137585,2.1697997673860745,1.7702572741925775,2.4532384850253472,4.421696456104662,0.5434022448943516,0.8044913050866871,0.0,S4BT,6,False,False,False,False,16,S1 S2b S4 S4+ S4B S4W S4C S4PD S4BT S4WT S4BD S4WD S4WD50 S4WT50 S4CT S4CT50,20261010-080637-f6-sweep-l8q16
20261010-080951-f6-an-l8q16-s1d,2026-10-10T08:10:24+00:00,l8q16,S1D,median,11.6,local8,chat,bursty,0.05,0.0625,16.0,20.0,32,10,5 6 7 8 9 10 11 12 13 14,0,0,-0.0286827174845753,-0.1031570219392051,0.0,1.5504155559741548,1.277175000000028,2.4080068114817834,0.7795615148355771,0.3582061925223088,1.7106578010409104,2.2889192149967714,0.3784649014873881,0.21471192200787176,0.00146322643781992,S4CT,6,False,False,True,True,16,S1 S2b S4 S4+ S4B S4W S4C S4PD S4BT S4WT S4BD S4WD S4WD50 S4WT50 S4CT S4CT50,20261010-080637-f6-sweep-l8q16
20261010-080951-f6-an-l8q16-s1d,2026-10-10T08:10:24+00:00,l8q16,S1D,median,11.6,local8,chat,bursty,0.05,0.125,16.0,20.0,32,10,5 6 7 8 9 10 11 12 13 14,0,0,0.0,-0.0077862965990338,0.0,1.1713338534483313,1.1704499999999598,1.8963318485848648,0.7823792452627222,0.3582637606898443,1.724936028783024,2.2889192149967714,0.36747857761149594,0.1871125481003931,0.0,S4CT,6,False,False,True,True,16,S1 S2b S4 S4+ S4B S4W S4C S4PD S4BT S4WT S4BD S4WD S4WD50 S4WT50 S4CT S4CT50,20261010-080637-f6-sweep-l8q16
20261010-080951-f6-an-l8q16-s1d,2026-10-10T08:10:24+00:00,l8q16,S1D,median,11.6,local8,chat,bursty,0.05,0.25,16.0,20.0,32,10,5 6 7 8 9 10 11 12 13 14,0,0,0.0,-0.0137091259517021,0.0,1.1704500000000309,1.1704499999999598,1.4681521724135678,0.7824826422121978,0.3584999118347947,1.7207450781250686,2.3307896884418344,0.35657734886333065,0.17429837399194617,0.0,S1,6,False,False,True,True,16,S1 S2b S4 S4+ S4B S4W S4C S4PD S4BT S4WT S4BD S4WD S4WD50 S4WT50 S4CT S4CT50,20261010-080637-f6-sweep-l8q16
20261010-080951-f6-an-l8q16-s1d,2026-10-10T08:10:24+00:00,l8q16,S1D,median,11.6,local8,chat,bursty,0.1,0.0625,16.0,20.0,32,10,5 6 7 8 9 10 11 12 13 14,0,0,-0.03079937019123865,-0.0708042665333366,0.0212813986389397,1.8357137500001244,1.4026540000000691,3.0018603504170898,1.2055946248194516,0.6529827717668879,2.0188561518961583,2.6657534760023376,0.5380053274706275,0.3489527323195901,0.019242601359376728,S1,6,False,False,False,False,16,S1 S2b S4 S4+ S4B S4W S4C S4PD S4BT S4WT S4BD S4WD S4WD50 S4WT50 S4CT S4CT50,20261010-080637-f6-sweep-l8q16
20261010-080951-f6-an-l8q16-s1d,2026-10-10T08:10:24+00:00,l8q16,S1D,median,11.6,local8,chat,bursty,0.1,0.125,16.0,20.0,32,10,5 6 7 8 9 10 11 12 13 14,0,0,-0.0344918511448908,-0.1117539074788042,0.0412712878439005,1.4681521724141362,1.1704500000000737,2.3366584999999844,1.2146260821483734,0.6531183944820883,2.0527684101975567,2.763451247374151,0.531692960746626,0.30703864802534275,0.0,S4CT,6,False,False,False,False,16,S1 S2b S4 S4+ S4B S4W S4C S4PD S4BT S4WT S4BD S4WD S4WD50 S4WT50 S4CT S4CT50,20261010-080637-f6-sweep-l8q16
20261010-080951-f6-an-l8q16-s1d,2026-10-10T08:10:24+00:00,l8q16,S1D,median,11.6,local8,chat,bursty,0.1,0.25,16.0,20.0,32,10,5 6 7 8 9 10 11 12 13 14,0,0,0.0,-0.0130223415167785,0.0,1.1704500000000737,1.1704500000000737,1.5951913419138606,1.2226956393036479,0.6539963849604906,2.1116876827681086,2.903019492191027,0.5230108343535377,0.27569700845200357,0.0,S1,6,False,False,False,False,16,S1 S2b S4 S4+ S4B S4W S4C S4PD S4BT S4WT S4BD S4WD S4WD50 S4WT50 S4CT S4CT50,20261010-080637-f6-sweep-l8q16
20261010-080951-f6-an-l8q16-s1d,2026-10-10T08:10:24+00:00,l8q16,S1D,median,11.6,local8,chat,bursty,0.2,0.0625,16.0,20.0,32,10,5 6 7 8 9 10 11 12 13 14,0,0,-0.033941664871966246,-0.1627984283714879,0.0,2.5990747434021415,1.8093840000001364,6.377546872784464,1.702809688179146,1.1095531632199338,2.179842327148458,3.4333788224951567,0.7045863476464924,0.516865467862874,0.05211004937127711,S4CT,6,False,False,False,False,16,S1 S2b S4 S4+ S4B S4W S4C S4PD S4BT S4WT S4BD S4WD S4WD50 S4WT50 S4CT S4CT50,20261010-080637-f6-sweep-l8q16
20261010-080951-f6-an-l8q16-s1d,2026-10-10T08:10:24+00:00,l8q16,S1D,median,11.6,local8,chat,bursty,0.2,0.125,16.0,20.0,32,10,5 6 7 8 9 10 11 12 13 14,0,1,-0.01077835342931985,-0.0808591205553972,0.0655650933193863,2.032358000000002,1.3327197804833304,4.270477398792622,1.7237357797008375,1.1099448043498028,2.208807439173052,3.4752492959402197,0.6904593845803546,0.4594767251408537,0.0,S4CT50,6,False,False,False,False,16,S1 S2b S4 S4+ S4B S4W S4C S4PD S4BT S4WT S4BD S4WD S4WD50 S4WT50 S4CT S4CT50,20261010-080637-f6-sweep-l8q16
20261010-080951-f6-an-l8q16-s1d,2026-10-10T08:10:24+00:00,l8q16,S1D,median,11.6,local8,chat,bursty,0.2,0.25,16.0,20.0,32,10,5 6 7 8 9 10 11 12 13 14,0,1,0.0,-0.0800958736596898,0.052398769585253,1.4681521724135391,1.1704500000000737,3.557771092450892,1.7414217488678367,1.1124829543873267,2.25075285224437,3.628774365238784,0.680248086526776,0.4043173372082613,0.0,S4CT,6,False,False,False,False,16,S1 S2b S4 S4+ S4B S4W S4C S4PD S4BT S4WT S4BD S4WD S4WD50 S4WT50 S4CT S4CT50,20261010-080637-f6-sweep-l8q16
20261010-080951-f6-an-l8q16-s1d,2026-10-10T08:10:24+00:00,l8q16,S1D,median,11.6,local8,chat,bursty,0.4,0.0625,16.0,20.0,32,10,5 6 7 8 9 10 11 12 13 14,0,0,-0.012725772371410999,-0.3052701920827035,0.027944238804034,4.429330920374156,1.8365860000000112,10.674606934791896,2.0573010122229625,1.3825421957805648,2.61507633679838,4.24287464243304,0.7768914892012837,0.6481733180932083,0.10909531540928433,S4BD,6,False,False,False,False,16,S1 S2b S4 S4+ S4B S4W S4C S4PD S4BT S4WT S4BD S4WD S4WD50 S4WT50 S4CT S4CT50,20261010-080637-f6-sweep-l8q16
20261010-080951-f6-an-l8q16-s1d,2026-10-10T08:10:24+00:00,l8q16,S1D,median,11.6,local8,chat,bursty,0.4,0.125,16.0,20.0,32,10,5 6 7 8 9 10 11 12 13 14,1,1,-0.0235961335879733,-0.2071575799304795,0.1095547090155624,3.440846207494907,1.4681521724135678,9.649592408943576,2.109390466868403,1.4089679213054132,2.8084726077071296,4.326615589323166,0.7731711780829029,0.6048347474432398,0.00073924731182795,S2b,6,False,False,False,False,16,S1 S2b S4 S4+ S4B S4W S4C S4PD S4BT S4WT S4BD S4WD S4WD50 S4WT50 S4CT S4CT50,20261010-080637-f6-sweep-l8q16
20261010-080951-f6-an-l8q16-s1d,2026-10-10T08:10:24+00:00,l8q16,S1D,median,11.6,local8,chat,bursty,0.4,0.25,16.0,20.0,32,10,5 6 7 8 9 10 11 12 13 14,0,0,-0.0325100615368179,-0.0953348173319328,0.0,2.1938621161694805,1.1704500000000737,6.075002482621656,2.1517798106259853,1.4145686388501395,3.042586319548465,4.480140658621729,0.7377862948206012,0.5239709969510281,0.0,S4CT,6,False,False,False,False,16,S1 S2b S4 S4+ S4B S4W S4C S4PD S4BT S4WT S4BD S4WD S4WD50 S4WT50 S4CT S4CT50,20261010-080637-f6-sweep-l8q16
20261010-080951-f6-an-l8q16-s1d,2026-10-10T08:10:24+00:00,l8q16,S1D,median,11.6,local8,chat,poisson,0.05,0.0625,16.0,20.0,32,10,5 6 7 8 9 10 11 12 13 14,0,0,0.0,-0.0947414256827039,0.0,1.170449999999974,1.1704499999999598,1.2929455000000587,0.5432122430342444,0.3865000300010112,0.678766305356603,1.2979846767969494,0.3301098117898972,0.13033510135144372,0.0,S1,6,False,False,True,True,16,S1 S2b S4 S4+ S4B S4W S4C S4PD S4BT S4WT S4BD S4WD S4WD50 S4WT50 S4CT S4CT50,20261010-080637-f6-sweep-l8q16
20261010-080951-f6-an-l8q16-s1d,2026-10-10T08:10:24+00:00,l8q16,S1D,median,11.6,local8,chat,poisson,0.05,0.125,16.0,20.0,32,10,5 6 7 8 9 10 11 12 13 14,0,0,0.0,-4.851674617611935e-14,0.0,1.1704499999999598,1.1586700000000292,1.1704500000000166,0.5433746198478069,0.3866695319390992,0.678766305356603,1.2979846767969494,0.3251192930852656,0.12108337926675214,0.0,S1,6,False,False,True,True,16,S1 S2b S4 S4+ S4B S4W S4C S4PD S4BT S4WT S4BD S4WD S4WD50 S4WT50 S4CT S4CT50,20261010-080637-f6-sweep-l8q16
20261010-080951-f6-an-l8q16-s1d,2026-10-10T08:10:24+00:00,l8q16,S1D,median,11.6,local8,chat,poisson,0.05,0.25,16.0,20.0,32,10,5 6 7 8 9 10 11 12 13 14,0,0,0.0,0.0,0.0,1.1704499999999598,0.980414825402363,1.1704499999999882,0.5433997222656075,0.3866695319390992,0.678766305356603,1.2979846767969494,0.32099152227413114,0.11905799233497946,0.0,S1,6,False,False,True,True,16,S1 S2b S4 S4+ S4B S4W S4C S4PD S4BT S4WT S4BD S4WD S4WD50 S4WT50 S4CT S4CT50,20261010-080637-f6-sweep-l8q16
20261010-080951-f6-an-l8q16-s1d,2026-10-10T08:10:24+00:00,l8q16,S1D,median,11.6,local8,chat,poisson,0.1,0.0625,16.0,20.0,32,10,5 6 7 8 9 10 11 12 13 14,0,0,-0.02427514215789385,-0.0970670784484672,0.0,1.4575212903728598,1.170450000000038,1.672604979844721,0.9644879014277239,0.6722525430057018,1.3226253512402482,1.8283440071010795,0.5247189523597587,0.25511324654831224,0.0,S4CT,6,False,False,True,True,16,S1 S2b S4 S4+ S4B S4W S4C S4PD S4BT S4WT S4BD S4WD S4WD50 S4WT50 S4CT S4CT50,20261010-080637-f6-sweep-l8q16
20261010-080951-f6-an-l8q16-s1d,2026-10-10T08:10:24+00:00,l8q16,S1D,median,11.6,local8,chat,poisson,0.1,0.125,16.0,20.0,32,10,5 6 7 8 9 10 11 12 13 14,0,0,0.0,-0.0416429200400984,0.0,1.1704500000000737,1.170449999999974,1.3525177901897507,0.9663143081862134,0.6736616298184415,1.3226253512402482,1.8283440071010795,0.5140446346465728,0.22868401738880112,0.0,S1,6,False,False,True,True,16,S1 S2b S4 S4+ S4B S4W S4C S4PD S4BT S4WT S4BD S4WD S4WD50 S4WT50 S4CT S4CT50,20261010-080637-f6-sweep-l8q16
20261010-080951-f6-an-l8q16-s1d,2026-10-10T08:10:24+00:00,l8q16,S1D,median,11.6,local8,chat,poisson,0.1,0.25,16.0,20.0,32,10,5 6 7 8 9 10 11 12 13 14,0,0,0.0,0.0,0.0,1.1704500000000737,1.170449999999974,1.1704500000000737,0.9675763350247379,0.6736616298184415,1.3226253512402482,1.8562576560644548,0.5026559413007515,0.21244690414334802,0.0,S1,6,False,False,True,True,16,S1 S2b S4 S4+ S4B S4W S4C S4PD S4BT S4WT S4BD S4WD S4WD50 S4WT50 S4CT S4CT50,20261010-080637-f6-sweep-l8q16
20261010-080951-f6-an-l8q16-s1d,2026-10-10T08:10:24+00:00,l8q16,S1D,median,11.6,local8,chat,poisson,0.2,0.0625,16.0,20.0,32,10,5 6 7 8 9 10 11 12 13 14,0,0,-0.04987757130906845,-0.1449999844400168,0.0,2.012258090407201,1.2238125000000366,2.7454237314336467,1.4824064949832132,1.0602164118735506,1.9240738743511083,2.679710300484025,0.7024729017133382,0.4355361436287303,0.01404452861493489,S4CT,6,False,False,False,False,16,S1 S2b S4 S4+ S4B S4W S4C S4PD S4BT S4WT S4BD S4WD S4WD50 S4WT50 S4CT S4CT50,20261010-080637-f6-sweep-l8q16
20261010-080951-f6-an-l8q16-s1d,2026-10-10T08:10:24+00:00,l8q16,S1D,median,11.6,local8,chat,poisson,0.2,0.125,16.0,20.0,32,10,5 6 7 8 9 10 11 12 13 14,0,1,-0.0236398107093386,-0.1247220566915557,0.0747199721660303,1.5631244900012717,1.1704499999999882,1.9918288473236032,1.4975736517921399,1.0700470770758446,1.934795796181728,2.7355375984107755,0.692077541977803,0.3858881685827626,0.0,S4CT,6,False,False,False,False,16,S1 S2b S4 S4+ S4B S4W S4C S4PD S4BT S4WT S4BD S4WD S4WD50 S4WT50 S4CT S4CT50,20261010-080637-f6-sweep-l8q16
20261010-080951-f6-an-l8q16-s1d,2026-10-10T08:10:24+00:00,l8q16,S1D,median,11.6,local8,chat,poisson,0.2,0.25,16.0,20.0,32,10,5 6 7 8 9 10 11 12 13 14,0,0,0.0,-0.0366127484717077,0.0,1.2101672855119858,1.1704499999999882,1.4681521724135391,1.503046981935245,1.0700470770758446,1.937861675516795,2.763451247374151,0.6800565788487071,0.34085182859356244,0.0,S1,6,False,False,False,False,16,S1 S2b S4 S4+ S4B S4W S4C S4PD S4BT S4WT S4BD S4WD S4WD50 S4WT50 S4CT S4CT50,20261010-080637-f6-sweep-l8q16
20261010-080951-f6-an-l8q16-s1d,2026-10-10T08:10:24+00:00,l8q16,S1D,median,11.6,local8,chat,poisson,0.4,0.0625,16.0,20.0,32,10,5 6 7 8 9 10 11 12 13 14,0,0,-0.05698019408827826,-0.1637142047319413,0.0169948537327107,3.0156754001257724,2.2300684496122614,6.162027475817297,1.8890702253998815,1.34468183203878,2.4601518077615614,3.405465173531782,0.7599738247537057,0.5902143532817397,0.08362673410551343,S4BT,6,False,False,False,False,16,S1 S2b S4 S4+ S4B S4W S4C S4PD S4BT S4WT S4BD S4WD S4WD50 S4WT50 S4CT S4CT50,20261010-080637-f6-sweep-l8q16
20261010-080951-f6-an-l8q16-s1d,2026-10-10T08:10:24+00:00,l8q16,S1D,median,11.6,local8,chat,poisson,0.4,0.125,16.0,20.0,32,10,5 6 7 8 9 10 11 12 13 14,0,0,-0.0275103886970452,-0.1753715507692428,0.001716050455454,2.4991373241287675,1.8822375000000025,3.5229408066353187,1.9124379511832565,1.3532950274658866,2.47308006144494,3.558990242830346,0.7427926904372028,0.5339839050720685,0.0,S4BD,6,False,False,False,False,16,S1 S2b S4 S4+ S4B S4W S4C S4PD S4BT S4WT S4BD S4WD S4WD50 S4WT50 S4CT S4CT50,20261010-080637-f6-sweep-l8q16
20261010-080951-f6-an-l8q16-s1d,2026-10-10T08:10:24+00:00,l8q16,S1D,median,11.6,local8,chat,poisson,0.4,0.25,16.0,20.0,32,10,5 6 7 8 9 10 11 12 13 14,0,1,0.0,-0.0720469730431534,0.0512138310861918,1.6145872627913604,1.4681521724135391,1.875025575644088,1.9366022568941688,1.350420370939523,2.469313087495665,3.852083556945786,0.7224719946161579,0.4672563602723633,0.0,S4BD,6,False,False,False,False,16,S1 S2b S4 S4+ S4B S4W S4C S4PD S4BT S4WT S4BD S4WD S4WD50 S4WT50 S4CT S4CT50,20261010-080637-f6-sweep-l8q16
20261010-080951-f6-an-l8q16-s1d,2026-10-10T08:10:24+00:00,l8q16,S1D,median,11.6,local8,doc,bursty,0.05,0.0625,16.0,20.0,32,10,5 6 7 8 9 10 11 12 13 14,0,1,-0.0565578380870624,-0.3041804121777645,0.0946988573227034,4.033727661173799,2.608302000000037,31.65951040851633,1.0977715953917575,0.522255744418228,2.0048150982516595,4.467928437200253,0.26889083815021275,0.477698143102368,0.10412193311965894,S4WD,6,False,False,False,False,16,S1 S2b S4 S4+ S4B S4W S4C S4PD S4BT S4WT S4BD S4WD S4WD50 S4WT50 S4CT S4CT50,20261010-080637-f6-sweep-l8q16
20261010-080951-f6-an-l8q16-s1d,2026-10-10T08:10:24+00:00,l8q16,S1D,median,11.6,local8,doc,bursty,0.05,0.125,16.0,20.0,32,10,5 6 7 8 9 10 11 12 13 14,0,1,-0.010279909794386699,-0.3431813677705444,0.0512462585100226,2.9483136575880593,1.8793088076072733,28.846960478656868,1.1126950788032648,0.5224433590347031,2.072584193220948,4.467928437200253,0.2724575665624397,0.43330985092845803,0.03653406382742113,S4CT,6,False,False,False,False,16,S1 S2b S4 S4+ S4B S4W S4C S4PD S4BT S4WT S4BD S4WD S4WD50 S4WT50 S4CT S4CT50,20261010-080637-f6-sweep-l8q16
20261010-080951-f6-an-l8q16-s1d,2026-10-10T08:10:24+00:00,l8q16,S1D,median,11.6,local8,doc,bursty,0.05,0.25,16.0,20.0,32,10,5 6 7 8 9 10 11 12 13 14,3,4,0.0,-0.0207712394348581,0.3864549898932434,0.4149230000000443,0.4140730000000587,26.20681116674021,1.141549401862774,0.5263826248428157,2.175775827031208,4.469673040260464,0.2794042388350134,0.3407505610472463,0.0,S1,6,False,False,False,False,16,S1 S2b S4 S4+ S4B S4W S4C S4PD S4BT S4WT S4BD S4WD S4WD50 S4WT50 S4CT S4CT50,20261010-080637-f6-sweep-l8q16
20261010-080951-f6-an-l8q16-s1d,2026-10-10T08:10:24+00:00,l8q16,S1D,median,11.6,local8,doc,bursty,0.1,0.0625,16.0,20.0,32,10,5 6 7 8 9 10 11 12 13 14,0,0,-0.044009890353074,-0.2591019612058325,0.0233194537563905,15.495311880323236,2.985496813604996,38.794113364154015,1.5755941374601503,0.9414690580775524,2.023018333589002,4.468800738730358,0.3879153609618796,0.6919254374710746,0.10440764990365814,S4CT50,6,False,False,False,False,16,S1 S2b S4 S4+ S4B S4W S4C S4PD S4BT S4WT S4BD S4WD S4WD50 S4WT50 S4CT S4CT50,20261010-080637-f6-sweep-l8q16
20261010-080951-f6-an-l8q16-s1d,2026-10-10T08:10:24+00:00,l8q16,S1D,median,11.6,local8,doc,bursty,0.1,0.125,16.0,20.0,32,10,5 6 7 8 9 10 11 12 13 14,1,1,-0.0120271129532881,-0.2307247085520966,0.1103352784204241,12.011292401343105,2.473002804187445,32.875823109179095,1.606668201381791,0.9420789285015464,2.060527159541447,4.469673040260464,0.3954556108823249,0.6434298201809019,0.03820348220763864,S4BD,6,False,False,False,False,16,S1 S2b S4 S4+ S4B S4W S4C S4PD S4BT S4WT S4BD S4WD S4WD50 S4WT50 S4CT S4CT50,20261010-080637-f6-sweep-l8q16
20261010-080951-f6-an-l8q16-s1d,2026-10-10T08:10:24+00:00,l8q16,S1D,median,11.6,local8,doc,bursty,0.1,0.25,16.0,20.0,32,10,5 6 7 8 9 10 11 12 13 14,3,4,0.0037260615420178,-0.5543253281378895,0.4914045824571205,4.236102934411107,0.4149230000000159,28.29021032315498,1.6619908916590815,0.9549658643288124,2.156100842871248,4.474034547910991,0.4086067739365258,0.5331223879789169,0.0,S4CT50,6,False,False,False,False,16,S1 S2b S4 S4+ S4B S4W S4C S4PD S4BT S4WT S4BD S4WD S4WD50 S4WT50 S4CT S4CT50,20261010-080637-f6-sweep-l8q16
20261010-080951-f6-an-l8q16-s1d,2026-10-10T08:10:24+00:00,l8q16,S1D,median,11.6,local8,doc,bursty,0.2,0.0625,16.0,20.0,32,10,5 6 7 8 9 10 11 12 13 14,0,0,-0.03402174704901275,-0.1046234774821833,0.0060326557851109,24.922860167982243,9.099777915338848,39.26618666629256,1.8898788126870714,1.572650115710748,2.323478015303151,4.467056135670147,0.46905072243305385,0.8400270763377584,0.10517012364726992,S4BT,6,False,False,False,False,16,S1 S2b S4 S4+ S4B S4W S4C S4PD S4BT S4WT S4BD S4WD S4WD50 S4WT50 S4CT S4CT50,20261010-080637-f6-sweep-l8q16
20261010-080951-f6-an-l8q16-s1d,2026-10-10T08:10:24+00:00,l8q16,S1D,median,11.6,local8,doc,bursty,0.2,0.125,16.0,20.0,32,10,5 6 7 8 9 10 11 12 13 14,2,2,-0.011654423429213601,-0.1371553851570818,0.1145306302334339,20.19032481825154,6.543787534397836,32.43401249130426,1.9570473616047004,1.574352581301734,2.393739784221097,4.523755735127002,0.4853377834520954,0.8122160391977638,0.04058564716324499,S4BT,6,False,False,False,False,16,S1 S2b S4 S4+ S4B S4W S4C S4PD S4BT S4WT S4BD S4WD S4WD50 S4WT50 S4CT S4CT50,20261010-080637-f6-sweep-l8q16
20261010-080951-f6-an-l8q16-s1d,2026-10-10T08:10:24+00:00,l8q16,S1D,median,11.6,local8,doc,bursty,0.2,0.25,16.0,20.0,32,10,5 6 7 8 9 10 11 12 13 14,5,6,0.0978373556954507,-0.3165497671056106,0.2249976297400271,10.944141136937546,1.448011000000065,25.25849301636584,2.0932426559224426,1.6106758288016478,2.5736047946512364,4.469673040260464,0.5174014881585891,0.736374804347824,0.0,S4BD,6,False,True,False,False,16,S1 S2b S4 S4+ S4B S4W S4C S4PD S4BT S4WT S4BD S4WD S4WD50 S4WT50 S4CT S4CT50,20261010-080637-f6-sweep-l8q16
20261010-080951-f6-an-l8q16-s1d,2026-10-10T08:10:24+00:00,l8q16,S1D,median,11.6,local8,doc,bursty,0.4,0.0625,16.0,20.0,32,10,5 6 7 8 9 10 11 12 13 14,0,0,-0.01374008918369885,-0.0498156735245308,0.0161945437244004,38.97622025186296,24.52877911982484,42.72393069915489,1.9905787116320952,1.5949084130815046,2.3443856340182285,4.467056135670147,0.49679023104320486,0.8908925237412401,0.10650298714018666,S4BT,6,False,False,False,False,16,S1 S2b S4 S4+ S4B S4W S4C S4PD S4BT S4WT S4BD S4WD S4WD50 S4WT50 S4CT S4CT50,20261010-080637-f6-sweep-l8q16
20261010-080951-f6-an-l8q16-s1d,2026-10-10T08:10:24+00:00,l8q16,S1D,median,11.6,local8,doc,bursty,0.4,0.125,16.0,20.0,32,10,5 6 7 8 9 10 11 12 13 14,0,3,0.037696877436165746,-0.066907395536255,0.073277206532125,32.731466164368776,18.71569569875294,40.98037696012955,2.056029381624979,1.6591346557430688,2.4367886154844727,4.467056135670147,0.5130244136986758,0.8726379584535537,0.04248820005016708,S4BT,6,False,False,False,False,16,S1 S2b S4 S4+ S4B S4W S4C S4PD S4BT S4WT S4BD S4WD S4WD50 S4WT50 S4CT S4CT50,20261010-080637-f6-sweep-l8q16
20261010-080951-f6-an-l8q16-s1d,2026-10-10T08:10:24+00:00,l8q16,S1D,median,11.6,local8,doc,bursty,0.4,0.25,16.0,20.0,32,10,5 6 7 8 9 10 11 12 13 14,3,5,0.055014914688916006,-0.0553679304987906,0.3258737693387714,25.1275694064484,12.721773521786387,34.40440769369195,2.204952035716026,1.7531896746515778,2.6113423498364936,4.468800738730358,0.5489881649735974,0.8221601094747275,0.0,S4BT,6,False,False,False,False,16,S1 S2b S4 S4+ S4B S4W S4C S4PD S4BT S4WT S4BD S4WD S4WD50 S4WT50 S4CT S4CT50,20261010-080637-f6-sweep-l8q16
20261010-080951-f6-an-l8q16-s1d,2026-10-10T08:10:24+00:00,l8q16,S1D,median,11.6,local8,doc,poisson,0.05,0.0625,16.0,20.0,32,10,5 6 7 8 9 10 11 12 13 14,0,0,-0.27300518321002576,-0.8319753737178324,-0.2178321784677864,2.465229999999906,2.464358999999945,2.46607999999992,0.8463245065132998,0.6132297240575506,1.0853338799759975,2.2121566803474897,0.22314240632947624,0.3489236672015178,0.08283040677944545,S4CT,6,False,False,True,True,16,S1 S2b S4 S4+ S4B S4W S4C S4PD S4BT S4WT S4BD S4WD S4WD50 S4WT50 S4CT S4CT50,20261010-080637-f6-sweep-l8q16
20261010-080951-f6-an-l8q16-s1d,2026-10-10T08:10:24+00:00,l8q16,S1D,median,11.6,local8,doc,poisson,0.05,0.125,16.0,20.0,32,10,5 6 7 8 9 10 11 12 13 14,0,0,-0.6419138141595735,-0.7848055967151388,-1.3744561044859438e-13,1.3304774999999864,0.4140730000000872,1.9289809999999927,0.8477036812653796,0.613785908855355,1.0856357469537623,2.2732177874548727,0.22332200974340646,0.2765564450796199,0.01295844526455718,S1,6,False,False,True,True,16,S1 S2b S4 S4+ S4B S4W S4C S4PD S4BT S4WT S4BD S4WD S4WD50 S4WT50 S4CT S4CT50,20261010-080637-f6-sweep-l8q16
20261010-080951-f6-an-l8q16-s1d,2026-10-10T08:10:24+00:00,l8q16,S1D,median,11.6,local8,doc,poisson,0.05,0.25,16.0,20.0,32,10,5 6 7 8 9 10 11 12 13 14,0,0,0.0,0.0,0.0,0.4140730000000303,0.4140730000000303,0.4140730000000872,0.8547160615714681,0.6180822186607647,1.0942117197356322,2.276706993575295,0.22492097398119423,0.22232513534419313,0.0,S1,6,False,False,True,True,16,S1 S2b S4 S4+ S4B S4W S4C S4PD S4BT S4WT S4BD S4WD S4WD50 S4WT50 S4CT S4CT50,20261010-080637-f6-sweep-l8q16
20261010-080951-f6-an-l8q16-s1d,2026-10-10T08:10:24+00:00,l8q16,S1D,median,11.6,local8,doc,poisson,0.1,0.0625,16.0,20.0,32,10,5 6 7 8 9 10 11 12 13 14,0,0,-0.275570189422251,-0.4943652762741409,-0.0974535042685607,5.108831918013892,2.46607999999992,12.11166577155484,1.4509858679811494,1.053285221965724,1.965964154153872,3.0486938477186416,0.3763229238577992,0.6244301418223641,0.08826088025630222,S4CT50,6,False,False,False,False,16,S1 S2b S4 S4+ S4B S4W S4C S4PD S4BT S4WT S4BD S4WD S4WD50 S4WT50 S4CT S4CT50,20261010-080637-f6-sweep-l8q16
20261010-080951-f6-an-l8q16-s1d,2026-10-10T08:10:24+00:00,l8q16,S1D,median,11.6,local8,doc,poisson,0.1,0.125,16.0,20.0,32,10,5 6 7 8 9 10 11 12 13 14,0,0,-0.2719746860779879,-0.7844928765228646,-0.0270482658962635,3.210744335332265,1.9289809999999927,5.447861215050381,1.47795007941607,1.0557799419078535,2.0346691969723576,3.060906069140118,0.38335277780716454,0.5438157907845325,0.01900776631660956,S4CT,6,False,False,False,False,16,S1 S2b S4 S4+ S4B S4W S4C S4PD S4BT S4WT S4BD S4WD S4WD50 S4WT50 S4CT S4CT50,20261010-080637-f6-sweep-l8q16
20261010-080951-f6-an-l8q16-s1d,2026-10-10T08:10:24+00:00,l8q16,S1D,median,11.6,local8,doc,poisson,0.1,0.25,16.0,20.0,32,10,5 6 7 8 9 10 11 12 13 14,0,0,-0.0279242672200764,-0.3336936172883528,0.0261808368260465,0.6198305795795136,0.4140730000000872,2.5752851535564503,1.5100601985853916,1.072000570252842,2.1246823893513063,3.1804113787645685,0.3900418014366974,0.42619417062953335,0.0,S4CT,6,False,False,False,False,16,S1 S2b S4 S4+ S4B S4W S4C S4PD S4BT S4WT S4BD S4WD S4WD50 S4WT50 S4CT S4CT50,20261010-080637-f6-sweep-l8q16
20261010-080951-f6-an-l8q16-s1d,2026-10-10T08:10:24+00:00,l8q16,S1D,median,11.6,local8,doc,poisson,0.2,0.0625,16.0,20.0,32,10,5 6 7 8 9 10 11 12 13 14,0,1,-0.06543254322254825,-0.2942400408768841,0.0537538027669231,15.550698025238667,7.950087331818992,36.27167053347651,1.8520910073521701,1.5848439237487604,2.114842671633365,3.42901731484463,0.472152313585749,0.8284323351037977,0.09569356652924839,S4BT,6,False,False,False,False,16,S1 S2b S4 S4+ S4B S4W S4C S4PD S4BT S4WT S4BD S4WD S4WD50 S4WT50 S4CT S4CT50,20261010-080637-f6-sweep-l8q16
20261010-080951-f6-an-l8q16-s1d,2026-10-10T08:10:24+00:00,l8q16,S1D,median,11.6,local8,doc,poisson,0.2,0.125,16.0,20.0,32,10,5 6 7 8 9 10 11 12 13 14,0,0,-0.04147766393521595,-0.4059128250868812,0.0153024881723946,11.71252787684594,4.474440240103704,33.20605353428493,1.9304814886154502,1.5826820615622978,2.260022140345232,3.6601772203225815,0.49265761075987696,0.7888350214805089,0.029581582632271543,S4BD,6,False,False,False,False,16,S1 S2b S4 S4+ S4B S4W S4C S4PD S4BT S4WT S4BD S4WD S4WD50 S4WT50 S4CT S4CT50,20261010-080637-f6-sweep-l8q16
20261010-080951-f6-an-l8q16-s1d,2026-10-10T08:10:24+00:00,l8q16,S1D,median,11.6,local8,doc,poisson,0.2,0.25,16.0,20.0,32,10,5 6 7 8 9 10 11 12 13 14,2,2,-0.00020759904108209743,-0.1240751131898268,0.1964670314398524,5.697133026314091,0.4149230000000443,26.351623667371285,2.0727782788884754,1.6543889272732724,2.485013613228668,3.8389990339942037,0.5244097664702752,0.6844762361265472,0.0,S4CT,6,False,False,False,False,16,S1 S2b S4 S4+ S4B S4W S4C S4PD S4BT S4WT S4BD S4WD S4WD50 S4WT50 S4CT S4CT50,20261010-080637-f6-sweep-l8q16
20261010-080951-f6-an-l8q16-s1d,2026-10-10T08:10:24+00:00,l8q16,S1D,median,11.6,local8,doc,poisson,0.4,0.0625,16.0,20.0,32,10,5 6 7 8 9 10 11 12 13 14,0,0,-0.0441862576841029,-0.1061882973216477,0.0005141759835223,33.375252727044284,22.6565364396385,47.8735396526595,1.9346216159485443,1.6723474767084732,2.199367537557912,4.1957703598073435,0.49029977029646554,0.8776156360855284,0.10131210090564095,S4WD,6,False,False,False,False,16,S1 S2b S4 S4+ S4B S4W S4C S4PD S4BT S4WT S4BD S4WD S4WD50 S4WT50 S4CT S4CT50,20261010-080637-f6-sweep-l8q16
20261010-080951-f6-an-l8q16-s1d,2026-10-10T08:10:24+00:00,l8q16,S1D,median,11.6,local8,doc,poisson,0.4,0.125,16.0,20.0,32,10,5 6 7 8 9 10 11 12 13 14,0,1,-0.0018769946047354,-0.0872500288020684,0.0596198189140351,29.73799013773532,19.606251596852616,41.76252693273355,2.003561094318981,1.7179882541407687,2.3344563760892734,4.250725356203989,0.507206134230324,0.8608447013786078,0.03767758959102493,S4BT,6,False,False,False,False,16,S1 S2b S4 S4+ S4B S4W S4C S4PD S4BT S4WT S4BD S4WD S4WD50 S4WT50 S4CT S4CT50,20261010-080637-f6-sweep-l8q16
20261010-080951-f6-an-l8q16-s1d,2026-10-10T08:10:24+00:00,l8q16,S1D,median,11.6,local8,doc,poisson,0.4,0.25,16.0,20.0,32,10,5 6 7 8 9 10 11 12 13 14,2,5,0.04179799342485395,-0.1219041715288831,0.2866052686865878,21.21035599627046,13.520884482426254,37.05639093273359,2.14620946784253,1.7487157318029862,2.412035785422698,4.311786463311373,0.5407725546057366,0.8058393530273879,0.0,S4BD,6,False,False,False,False,16,S1 S2b S4 S4+ S4B S4W S4C S4PD S4BT S4WT S4BD S4WD S4WD50 S4WT50 S4CT S4CT50,20261010-080637-f6-sweep-l8q16
20261010-080951-f6-an-l8q16-s1d,2026-10-10T08:10:24+00:00,l8q16,S1D,mean,3.69,local8,chat,bursty,0.05,0.0625,16.0,20.0,32,10,5 6 7 8 9 10 11 12 13 14,0,0,-0.01042584193176515,-0.0210464971666554,0.0035478020744359,1.8383405001631212,1.4544741100407876,2.8106126438165755,0.7794706524465421,0.3581703774175082,1.7094973438929637,2.2889192149967714,0.377136109017025,0.21735371531248435,0.0022301264679313398,S4CT50,6,False,False,True,True,16,S1 S2b S4 S4+ S4B S4W S4C S4PD S4BT S4WT S4BD S4WD S4WD50 S4WT50 S4CT S4CT50,20261010-080637-f6-sweep-l8q16
20261010-080951-f6-an-l8q16-s1d,2026-10-10T08:10:24+00:00,l8q16,S1D,mean,3.69,local8,chat,bursty,0.05,0.125,16.0,20.0,32,10,5 6 7 8 9 10 11 12 13 14,0,0,-0.00062282864325145,-0.0172490125627263,0.0002483242845452,1.6811000860690841,1.3980225131234416,2.368057823815801,0.7815957853428459,0.358211888462095,1.7235139233998047,2.2889192149967714,0.36895192468896754,0.20020649417350794,0.0,S4CT,6,False,False,True,True,16,S1 S2b S4 S4+ S4B S4W S4C S4PD S4BT S4WT S4BD S4WD S4WD50 S4WT50 S4CT S4CT50,20261010-080637-f6-sweep-l8q16
20261010-080951-f6-an-l8q16-s1d,2026-10-10T08:10:24+00:00,l8q16,S1D,mean,3.69,local8,chat,bursty,0.05,0.25,16.0,20.0,32,10,5 6 7 8 9 10 11 12 13 14,0,0,0.00010479186741860546,-0.0131241124998739,0.0003761200216321,1.6393901713136003,1.3982529063596498,2.1150165690358538,0.7779809424079669,0.3582737907535361,1.6816991435821862,2.302876039478459,0.3610138599512805,0.19321782597899384,0.0,S4BD,6,False,False,True,True,16,S1 S2b S4 S4+ S4B S4W S4C S4PD S4BT S4WT S4BD S4WD S4WD50 S4WT50 S4CT S4CT50,20261010-080637-f6-sweep-l8q16
20261010-080951-f6-an-l8q16-s1d,2026-10-10T08:10:24+00:00,l8q16,S1D,mean,3.69,local8,chat,bursty,0.1,0.0625,16.0,20.0,32,10,5 6 7 8 9 10 11 12 13 14,0,0,-0.01967806026738665,-0.0594083580389418,0.0138540212517968,2.3463796388798954,1.575243575389748,4.503292001557555,1.205275071534286,0.652765019513816,2.012816222774126,2.6936671249657125,0.5382743129770475,0.3506747615588362,0.019435076711381272,S4CT50,6,False,False,False,False,16,S1 S2b S4 S4+ S4B S4W S4C S4PD S4BT S4WT S4BD S4WD S4WD50 S4WT50 S4CT S4CT50,20261010-080637-f6-sweep-l8q16
20261010-080951-f6-an-l8q16-s1d,2026-10-10T08:10:24+00:00,l8q16,S1D,mean,3.69,local8,chat,bursty,0.1,0.125,16.0,20.0,32,10,5 6 7 8 9 10 11 12 13 14,0,0,0.00128829161435715,-0.005444603152924,0.0107928736843629,1.8643122779568524,1.456798336238565,3.801608227155136,1.2139192565082653,0.6530385011844216,2.057511642842774,2.819278545300901,0.5311317724207811,0.3180125682116604,0.0,S4CT,6,False,False,False,False,16,S1 S2b S4 S4+ S4B S4W S4C S4PD S4BT S4WT S4BD S4WD S4WD50 S4WT50 S4CT S4CT50,20261010-080637-f6-sweep-l8q16
20261010-080951-f6-an-l8q16-s1d,2026-10-10T08:10:24+00:00,l8q16,S1D,mean,3.69,local8,chat,bursty,0.1,0.25,16.0,20.0,32,10,5 6 7 8 9 10 11 12 13 14,0,0,0.00022626468328596963,-0.0007288976113015,0.0009114742659599,1.7825512334564968,1.456507985064268,2.8303214069453504,1.218309259894671,0.6532442636157334,2.0977594169450064,2.8751058432276517,0.5268852063894486,0.3028077909464598,0.0,S4BD,6,False,False,False,False,16,S1 S2b S4 S4+ S4B S4W S4C S4PD S4BT S4WT S4BD S4WD S4WD50 S4WT50 S4CT S4CT50,20261010-080637-f6-sweep-l8q16
20261010-080951-f6-an-l8q16-s1d,2026-10-10T08:10:24+00:00,l8q16,S1D,mean,3.69,local8,chat,bursty,0.2,0.0625,16.0,20.0,32,10,5 6 7 8 9 10 11 12 13 14,0,0,-0.016187027131901198,-0.0560827884002815,0.0176975024636691,3.551719952809771,2.2907569658087383,7.144601398439274,1.7022651490682095,1.108924592435081,2.179739564554538,3.4333788224951567,0.7039925989100013,0.5183428123312379,0.05191330671941361,S4CT50,6,False,False,False,False,16,S1 S2b S4 S4+ S4B S4W S4C S4PD S4BT S4WT S4BD S4WD S4WD50 S4WT50 S4CT S4CT50,20261010-080637-f6-sweep-l8q16
20261010-080951-f6-an-l8q16-s1d,2026-10-10T08:10:24+00:00,l8q16,S1D,mean,3.69,local8,chat,bursty,0.2,0.125,16.0,20.0,32,10,5 6 7 8 9 10 11 12 13 14,0,1,-0.00041148882313995,-0.0303134316372286,0.0606244581969224,2.765765958787479,1.7056942170772575,6.227668392714813,1.7201708384114291,1.1097140806939711,2.219700234828885,3.4892061204219074,0.6941554130209597,0.4706688925374328,0.0,S4CT50,6,False,False,False,False,16,S1 S2b S4 S4+ S4B S4W S4C S4PD S4BT S4WT S4BD S4WD S4WD50 S4WT50 S4CT S4CT50,20261010-080637-f6-sweep-l8q16
20261010-080951-f6-an-l8q16-s1d,2026-10-10T08:10:24+00:00,l8q16,S1D,mean,3.69,local8,chat,bursty,0.2,0.25,16.0,20.0,32,10,5 6 7 8 9 10 11 12 13 14,0,0,6.0270433433484705e-05,-0.0051587153545173,0.0015264800111045,2.282011316929366,1.5947174667364274,4.666242465412346,1.7346711929229337,1.110308381619271,2.2323244149023167,3.586903891793721,0.6868348427765706,0.43502813397862383,0.0,S4BD,6,False,False,False,False,16,S1 S2b S4 S4+ S4B S4W S4C S4PD S4BT S4WT S4BD S4WD S4WD50 S4WT50 S4CT S4CT50,20261010-080637-f6-sweep-l8q16
20261010-080951-f6-an-l8q16-s1d,2026-10-10T08:10:24+00:00,l8q16,S1D,mean,3.69,local8,chat,bursty,0.4,0.0625,16.0,20.0,32,10,5 6 7 8 9 10 11 12 13 14,0,0,-0.0198556824661157,-0.0533495703158128,0.0132831274841989,5.334898905382126,2.6445555801786487,8.893369831164323,2.0578448943129533,1.3817271501016586,2.627119847295064,4.256831466914727,0.7802976460577516,0.6499245780870985,0.11021289070499238,S4CT50,6,False,False,False,False,16,S1 S2b S4 S4+ S4B S4W S4C S4PD S4BT S4WT S4BD S4WD S4WD50 S4WT50 S4CT S4CT50,20261010-080637-f6-sweep-l8q16
20261010-080951-f6-an-l8q16-s1d,2026-10-10T08:10:24+00:00,l8q16,S1D,mean,3.69,local8,chat,bursty,0.4,0.125,16.0,20.0,32,10,5 6 7 8 9 10 11 12 13 14,0,0,-0.01016972361169795,-0.0447753577780597,0.0221542022610561,4.332007245141195,2.1840122117735747,7.852117327113101,2.1053178048891565,1.4093598015509972,2.7867752408737467,4.340572413804853,0.772878972440909,0.6091321360929168,0.00053763440860215,S4CT50,6,False,False,False,False,16,S1 S2b S4 S4+ S4B S4W S4C S4PD S4BT S4WT S4BD S4WD S4WD50 S4WT50 S4CT S4CT50,20261010-080637-f6-sweep-l8q16
20261010-080951-f6-an-l8q16-s1d,2026-10-10T08:10:24+00:00,l8q16,S1D,mean,3.69,local8,chat,bursty,0.4,0.25,16.0,20.0,32,10,5 6 7 8 9 10 11 12 13 14,0,0,-0.0049677775786363,-0.0330746787264605,0.000453182738173,3.245883483332568,1.893119309421177,5.658848418099507,2.155952220418577,1.413272896675351,3.104920764885472,4.424313360694979,0.7457161286336674,0.5534356216729728,0.0,S4CT,6,False,False,False,False,16,S1 S2b S4 S4+ S4B S4W S4C S4PD S4BT S4WT S4BD S4WD S4WD50 S4WT50 S4CT S4CT50,20261010-080637-f6-sweep-l8q16
20261010-080951-f6-an-l8q16-s1d,2026-10-10T08:10:24+00:00,l8q16,S1D,mean,3.69,local8,chat,poisson,0.05,0.0625,16.0,20.0,32,10,5 6 7 8 9 10 11 12 13 14,0,0,-0.001392499374135,-0.0221221620255649,0.0104006048111839,1.4737371484596715,1.3575779603777312,1.5359769216326478,0.5428287487098723,0.3863456075157602,0.6783458813289769,1.284027852315262,0.32806721076489576,0.1394327357667832,0.0,S4CT,6,False,False,True,True,16,S1 S2b S4 S4+ S4B S4W S4C S4PD S4BT S4WT S4BD S4WD S4WD50 S4WT50 S4CT S4CT50,20261010-080637-f6-sweep-l8q16
20261010-080951-f6-an-l8q16-s1d,2026-10-10T08:10:24+00:00,l8q16,S1D,mean,3.69,local8,chat,poisson,0.05,0.125,16.0,20.0,32,10,5 6 7 8 9 10 11 12 13 14,0,0,0.00010715180068885,-0.0083477473009833,0.0002655822077899,1.3926864245943886,1.327140196843111,1.4501438051533624,0.5429599289985274,0.3863419853296413,0.6783458813289769,1.284027852315262,0.3238322497682969,0.13449341278226376,0.0,S4CT,6,False,False,True,True,16,S1 S2b S4 S4+ S4B S4W S4C S4PD S4BT S4WT S4BD S4WD S4WD50 S4WT50 S4CT S4CT50,20261010-080637-f6-sweep-l8q16
20261010-080951-f6-an-l8q16-s1d,2026-10-10T08:10:24+00:00,l8q16,S1D,mean,3.69,local8,chat,poisson,0.05,0.25,16.0,20.0,32,10,5 6 7 8 9 10 11 12 13 14,0,0,0.0,0.0,0.0001260059681893,1.386648539288261,1.3163762823879417,1.4504127202956492,0.5429593480094169,0.3863419853296413,0.6783458813289769,1.284027852315262,0.32045920474586004,0.13399183100187032,0.0,S1,6,False,False,True,True,16,S1 S2b S4 S4+ S4B S4W S4C S4PD S4BT S4WT S4BD S4WD S4WD50 S4WT50 S4CT S4CT50,20261010-080637-f6-sweep-l8q16
20261010-080951-f6-an-l8q16-s1d,2026-10-10T08:10:24+00:00,l8q16,S1D,mean,3.69,local8,chat,poisson,0.1,0.0625,16.0,20.0,32,10,5 6 7 8 9 10 11 12 13 14,0,0,-0.0021522453511916,-0.0554040472283214,0.003072392002221,1.8386676941216469,1.4677438923771835,2.072547366548914,0.9652466130527785,0.6717529000694037,1.3210299659903342,1.8283440071010795,0.5214907783856072,0.2635293181990558,0.0,S4CT50,6,False,False,True,True,16,S1 S2b S4 S4+ S4B S4W S4C S4PD S4BT S4WT S4BD S4WD S4WD50 S4WT50 S4CT S4CT50,20261010-080637-f6-sweep-l8q16
20261010-080951-f6-an-l8q16-s1d,2026-10-10T08:10:24+00:00,l8q16,S1D,mean,3.69,local8,chat,poisson,0.1,0.125,16.0,20.0,32,10,5 6 7 8 9 10 11 12 13 14,0,0,0.00052001152757795,-0.0056676821818946,0.0078360907143579,1.6023867647526393,1.3978882365761354,1.8503722715871016,0.965242907973763,0.6726614443215738,1.3210299659903342,1.8004303581377044,0.5128936928508565,0.2449989719675357,0.0,S4CT,6,False,False,True,True,16,S1 S2b S4 S4+ S4B S4W S4C S4PD S4BT S4WT S4BD S4WD S4WD50 S4WT50 S4CT S4CT50,20261010-080637-f6-sweep-l8q16
20261010-080951-f6-an-l8q16-s1d,2026-10-10T08:10:24+00:00,l8q16,S1D,mean,3.69,local8,chat,poisson,0.1,0.25,16.0,20.0,32,10,5 6 7 8 9 10 11 12 13 14,0,0,9.89559192648497e-05,0.0,0.0005492388017278,1.5578146083098483,1.3982730319690733,1.722270463910401,0.9649739312996763,0.6726504641568005,1.3210299659903342,1.8283440071010795,0.5014641342568678,0.23843559036461898,0.0,S4BD,6,False,False,True,True,16,S1 S2b S4 S4+ S4B S4W S4C S4PD S4BT S4WT S4BD S4WD S4WD50 S4WT50 S4CT S4CT50,20261010-080637-f6-sweep-l8q16
20261010-080951-f6-an-l8q16-s1d,2026-10-10T08:10:24+00:00,l8q16,S1D,mean,3.69,local8,chat,poisson,0.2,0.0625,16.0,20.0,32,10,5 6 7 8 9 10 11 12 13 14,0,0,-0.02559351478768345,-0.1072313213455791,0.0025781407082401,2.2861508843015024,1.7690844690786969,3.047263861144991,1.4845988650697453,1.056863084969654,1.925723204561045,2.7076239494474,0.6976093966737472,0.44013518545423747,0.01489587670466391,S4CT50,6,False,False,False,False,16,S1 S2b S4 S4+ S4B S4W S4C S4PD S4BT S4WT S4BD S4WD S4WD50 S4WT50 S4CT S4CT50,20261010-080637-f6-sweep-l8q16
20261010-080951-f6-an-l8q16-s1d,2026-10-10T08:10:24+00:00,l8q16,S1D,mean,3.69,local8,chat,poisson,0.2,0.125,16.0,20.0,32,10,5 6 7 8 9 10 11 12 13 14,0,0,-0.00199250363925055,-0.0399197954906433,0.011053137867067,1.9492512274923255,1.4515283641822276,2.518925567335482,1.4951789173988907,1.0643615047257224,1.931780755805481,2.7634512473741504,0.689455675878589,0.3971645010193773,0.0,S4CT,6,False,False,False,False,16,S1 S2b S4 S4+ S4B S4W S4C S4PD S4BT S4WT S4BD S4WD S4WD50 S4WT50 S4CT S4CT50,20261010-080637-f6-sweep-l8q16
20261010-080951-f6-an-l8q16-s1d,2026-10-10T08:10:24+00:00,l8q16,S1D,mean,3.69,local8,chat,poisson,0.2,0.25,16.0,20.0,32,10,5 6 7 8 9 10 11 12 13 14,0,0,0.00013993270153485,-0.011744902243182,0.0006892861768272,1.6979622389840359,1.4505285349140178,2.034822538139045,1.4994361424963203,1.0644164909152436,1.9394034098379205,2.7774080718558385,0.6783827286492866,0.3733504103823515,0.0,S4BD,6,False,False,False,False,16,S1 S2b S4 S4+ S4B S4W S4C S4PD S4BT S4WT S4BD S4WD S4WD50 S4WT50 S4CT S4CT50,20261010-080637-f6-sweep-l8q16
20261010-080951-f6-an-l8q16-s1d,2026-10-10T08:10:24+00:00,l8q16,S1D,mean,3.69,local8,chat,poisson,0.4,0.0625,16.0,20.0,32,10,5 6 7 8 9 10 11 12 13 14,0,0,-0.0032534794770655,-0.0650183174444359,0.019711398124228,4.134502815995325,2.8265268022958048,6.05225218826657,1.8889652531537706,1.3434096636016546,2.457678716148483,3.4333788224951567,0.7614936469010657,0.5925978020228173,0.08323894614199528,S4CT50,6,False,False,False,False,16,S1 S2b S4 S4+ S4B S4W S4C S4PD S4BT S4WT S4BD S4WD S4WD50 S4WT50 S4CT S4CT50,20261010-080637-f6-sweep-l8q16
20261010-080951-f6-an-l8q16-s1d,2026-10-10T08:10:24+00:00,l8q16,S1D,mean,3.69,local8,chat,poisson,0.4,0.125,16.0,20.0,32,10,5 6 7 8 9 10 11 12 13 14,0,0,-0.01766431321116875,-0.0521232497995942,0.0281807241794707,3.4609731825172574,2.370332099073092,4.381031102833977,1.91748902381445,1.350983886710044,2.471343990888649,3.558990242830346,0.7493496130271317,0.5461096869406795,0.0,S4CT50,6,False,False,False,False,16,S1 S2b S4 S4+ S4B S4W S4C S4PD S4BT S4WT S4BD S4WD S4WD50 S4WT50 S4CT S4CT50,20261010-080637-f6-sweep-l8q16
20261010-080951-f6-an-l8q16-s1d,2026-10-10T08:10:24+00:00,l8q16,S1D,mean,3.69,local8,chat,poisson,0.4,0.25,16.0,20.0,32,10,5 6 7 8 9 10 11 12 13 14,0,0,-0.0022774613000593,-0.0188234538547925,0.0013018645255453,2.503567438262018,1.9199948395027715,2.917637367630553,1.9317583876609739,1.3541489768662238,2.4624012901154284,3.7683426100556603,0.7283051537167003,0.49391348004153757,0.0,S4BD,6,False,False,False,False,16,S1 S2b S4 S4+ S4B S4W S4C S4PD S4BT S4WT S4BD S4WD S4WD50 S4WT50 S4CT S4CT50,20261010-080637-f6-sweep-l8q16
20261010-080951-f6-an-l8q16-s1d,2026-10-10T08:10:24+00:00,l8q16,S1D,mean,3.69,local8,doc,bursty,0.05,0.0625,16.0,20.0,32,10,5 6 7 8 9 10 11 12 13 14,0,1,-0.0248355912070416,-0.05661788289075,0.0580837345411675,8.625419643739823,4.306388148892991,30.913643928117327,1.0975556285777837,0.522255744418228,2.0047169373867604,4.467928437200253,0.2688377214788446,0.4771898026621345,0.10412193311965894,S4CT,6,False,False,False,False,16,S1 S2b S4 S4+ S4B S4W S4C S4PD S4BT S4WT S4BD S4WD S4WD50 S4WT50 S4CT S4CT50,20261010-080637-f6-sweep-l8q16
20261010-080951-f6-an-l8q16-s1d,2026-10-10T08:10:24+00:00,l8q16,S1D,mean,3.69,local8,doc,bursty,0.05,0.125,16.0,20.0,32,10,5 6 7 8 9 10 11 12 13 14,0,0,-0.0316123637541723,-0.1395919782260284,0.0474188103101833,6.355231971320785,3.6725647331112,28.197245360312767,1.111678984788552,0.5224433590347031,2.0704616991843987,4.467928437200253,0.27225014537638914,0.4345240033795876,0.036581795122598,S4CT,6,False,False,False,False,16,S1 S2b S4 S4+ S4B S4W S4C S4PD S4BT S4WT S4BD S4WD S4WD50 S4WT50 S4CT S4CT50,20261010-080637-f6-sweep-l8q16
20261010-080951-f6-an-l8q16-s1d,2026-10-10T08:10:24+00:00,l8q16,S1D,mean,3.69,local8,doc,bursty,0.05,0.25,16.0,20.0,32,10,5 6 7 8 9 10 11 12 13 14,0,4,0.01030411367211455,-0.0249017674264607,0.0929697902606703,4.137768179614506,2.415089138661114,22.217507143671384,1.1450670609106193,0.5257068587433413,2.225625339515967,4.469673040260464,0.2796785224280923,0.3641356813797326,0.0,S4CT50,6,False,False,False,False,16,S1 S2b S4 S4+ S4B S4W S4C S4PD S4BT S4WT S4BD S4WD S4WD50 S4WT50 S4CT S4CT50,20261010-080637-f6-sweep-l8q16
20261010-080951-f6-an-l8q16-s1d,2026-10-10T08:10:24+00:00,l8q16,S1D,mean,3.69,local8,doc,bursty,0.1,0.0625,16.0,20.0,32,10,5 6 7 8 9 10 11 12 13 14,0,0,-0.0038015211194898997,-0.1044460149726802,0.0232495585621865,15.34385164104387,7.477014558155755,41.92134533242219,1.5756092053124278,0.9414690580775524,2.023018333589002,4.468800738730358,0.3879189858248307,0.6910715372847368,0.10440764990365814,S4BT,6,False,False,False,False,16,S1 S2b S4 S4+ S4B S4W S4C S4PD S4BT S4WT S4BD S4WD S4WD50 S4WT50 S4CT S4CT50,20261010-080637-f6-sweep-l8q16
20261010-080951-f6-an-l8q16-s1d,2026-10-10T08:10:24+00:00,l8q16,S1D,mean,3.69,local8,doc,bursty,0.1,0.125,16.0,20.0,32,10,5 6 7 8 9 10 11 12 13 14,0,1,-0.0005230709740765499,-0.1048175000571242,0.0653555837064547,12.266756044511084,5.817475763082736,38.47237727420554,1.6065710219624165,0.9420789285015464,2.060527159541447,4.469673040260464,0.3953579155726884,0.6444911067705117,0.03825130455237106,S4BT,6,False,False,False,False,16,S1 S2b S4 S4+ S4B S4W S4C S4PD S4BT S4WT S4BD S4WD S4WD50 S4WT50 S4CT S4CT50,20261010-080637-f6-sweep-l8q16
20261010-080951-f6-an-l8q16-s1d,2026-10-10T08:10:24+00:00,l8q16,S1D,mean,3.69,local8,doc,bursty,0.1,0.25,16.0,20.0,32,10,5 6 7 8 9 10 11 12 13 14,0,4,0.0442179684340855,0.0,0.0945100312362894,8.943612449405729,4.328924955551655,34.81931910745402,1.6600028838242409,0.952744011503345,2.157385773419961,4.474034547910991,0.40706933965281716,0.5512050431819873,0.0,S4CT50,6,False,False,False,False,16,S1 S2b S4 S4+ S4B S4W S4C S4PD S4BT S4WT S4BD S4WD S4WD50 S4WT50 S4CT S4CT50,20261010-080637-f6-sweep-l8q16
20261010-080951-f6-an-l8q16-s1d,2026-10-10T08:10:24+00:00,l8q16,S1D,mean,3.69,local8,doc,bursty,0.2,0.0625,16.0,20.0,32,10,5 6 7 8 9 10 11 12 13 14,0,0,0.00021381559483849997,-0.0292481438744954,0.0120720617693448,27.810400259424426,10.04550265963025,45.18057795228319,1.8901121757940373,1.572650115710748,2.323478015303151,4.467056135670147,0.46910816852597775,0.8389104796210033,0.10517012364726992,S4BT,6,False,False,False,False,16,S1 S2b S4 S4+ S4B S4W S4C S4PD S4BT S4WT S4BD S4WD S4WD50 S4WT50 S4CT S4CT50,20261010-080637-f6-sweep-l8q16
20261010-080951-f6-an-l8q16-s1d,2026-10-10T08:10:24+00:00,l8q16,S1D,mean,3.69,local8,doc,bursty,0.2,0.125,16.0,20.0,32,10,5 6 7 8 9 10 11 12 13 14,2,3,0.028756835364201,-0.0203827151442026,0.1231785441959876,24.26216281372776,7.706556629630044,41.52767392673459,1.9634244148616975,1.574352581301734,2.4056126663474493,4.523755735127002,0.4869353498228377,0.8136241608851866,0.04058564716324499,S4BT,6,False,False,False,False,16,S1 S2b S4 S4+ S4B S4W S4C S4PD S4BT S4WT S4BD S4WD S4WD50 S4WT50 S4CT S4CT50,20261010-080637-f6-sweep-l8q16
20261010-080951-f6-an-l8q16-s1d,2026-10-10T08:10:24+00:00,l8q16,S1D,mean,3.69,local8,doc,bursty,0.2,0.25,16.0,20.0,32,10,5 6 7 8 9 10 11 12 13 14,0,6,0.06016498212882035,0.0232980824222635,0.0988553959829154,19.331631760281915,4.449830893654086,37.434493655564594,2.106213605349336,1.6043653454328743,2.62719913639514,4.469673040260464,0.5190756722793803,0.7424376658282335,0.0,S4W,6,False,True,False,False,16,S1 S2b S4 S4+ S4B S4W S4C S4PD S4BT S4WT S4BD S4WD S4WD50 S4WT50 S4CT S4CT50,20261010-080637-f6-sweep-l8q16
20261010-080951-f6-an-l8q16-s1d,2026-10-10T08:10:24+00:00,l8q16,S1D,mean,3.69,local8,doc,bursty,0.4,0.0625,16.0,20.0,32,10,5 6 7 8 9 10 11 12 13 14,0,0,0.0037555077397015,-0.0104440790714958,0.0490958809306403,38.55570436944089,29.568625469305324,46.23013350578668,1.9895380922029626,1.5952088611695794,2.3441168083432222,4.467056135670147,0.49643110234789745,0.8897490284547376,0.10650298714018666,S4BT,6,False,False,False,False,16,S1 S2b S4 S4+ S4B S4W S4C S4PD S4BT S4WT S4BD S4WD S4WD50 S4WT50 S4CT S4CT50,20261010-080637-f6-sweep-l8q16
20261010-080951-f6-an-l8q16-s1d,2026-10-10T08:10:24+00:00,l8q16,S1D,mean,3.69,local8,doc,bursty,0.4,0.125,16.0,20.0,32,10,5 6 7 8 9 10 11 12 13 14,0,1,0.01662672245348935,-0.0161886913744,0.060553661850546,36.05673115932319,25.890311648590565,42.74186727860809,2.0595746567027535,1.6630902591143906,2.4362078181295823,4.522883433596897,0.5139124550877296,0.8723403838474051,0.04248820005016708,S4BT,6,False,False,False,False,16,S1 S2b S4 S4+ S4B S4W S4C S4PD S4BT S4WT S4BD S4WD S4WD50 S4WT50 S4CT S4CT50,20261010-080637-f6-sweep-l8q16
20261010-080951-f6-an-l8q16-s1d,2026-10-10T08:10:24+00:00,l8q16,S1D,mean,3.69,local8,doc,bursty,0.4,0.25,16.0,20.0,32,10,5 6 7 8 9 10 11 12 13 14,1,4,0.03388306026782025,0.0201063704349988,0.1517159214079446,31.42318673175744,19.47891718427185,37.43449365556468,2.214154161295348,1.7437941723182977,2.628741329935578,4.522011132066792,0.5494318780462784,0.8237165089389891,0.0,S4BT,6,False,False,False,False,16,S1 S2b S4 S4+ S4B S4W S4C S4PD S4BT S4WT S4BD S4WD S4WD50 S4WT50 S4CT S4CT50,20261010-080637-f6-sweep-l8q16
20261010-080951-f6-an-l8q16-s1d,2026-10-10T08:10:24+00:00,l8q16,S1D,mean,3.69,local8,doc,poisson,0.05,0.0625,16.0,20.0,32,10,5 6 7 8 9 10 11 12 13 14,0,0,-0.28988713341702915,-0.4250073638015428,-0.0916288493782802,2.877745495333595,2.243094559668384,3.852832803888909,0.8463245065132998,0.6132297240575506,1.0853338799759975,2.213028981877595,0.22321147123105756,0.3505262150333761,0.08292648314177359,S4CT50,6,False,False,True,True,16,S1 S2b S4 S4+ S4B S4W S4C S4PD S4BT S4WT S4BD S4WD S4WD50 S4WT50 S4CT S4CT50,20261010-080637-f6-sweep-l8q16
20261010-080951-f6-an-l8q16-s1d,2026-10-10T08:10:24+00:00,l8q16,S1D,mean,3.69,local8,doc,poisson,0.05,0.125,16.0,20.0,32,10,5 6 7 8 9 10 11 12 13 14,0,0,-0.20304646741207877,-0.3108118422979867,-0.1278820825260289,1.917885841791179,1.3580115612847845,2.753097495336151,0.8477076601234461,0.613785908855355,1.0856357469537623,2.217390489528122,0.22356386303879866,0.29006024902942873,0.01348092083910316,S4CT50,6,False,False,True,True,16,S1 S2b S4 S4+ S4B S4W S4C S4PD S4BT S4WT S4BD S4WD S4WD50 S4WT50 S4CT S4CT50,20261010-080637-f6-sweep-l8q16
20261010-080951-f6-an-l8q16-s1d,2026-10-10T08:10:24+00:00,l8q16,S1D,mean,3.69,local8,doc,poisson,0.05,0.25,16.0,20.0,32,10,5 6 7 8 9 10 11 12 13 14,0,0,0.0,-0.0301864711269957,0.0,1.2825752404050985,0.9912662637344356,2.021090214281398,0.8532569084096551,0.6173121386134508,1.0922919257479202,2.276706993575295,0.2251000722667535,0.2543652220950372,0.0,S4CT,6,False,False,True,True,16,S1 S2b S4 S4+ S4B S4W S4C S4PD S4BT S4WT S4BD S4WD S4WD50 S4WT50 S4CT S4CT50,20261010-080637-f6-sweep-l8q16
20261010-080951-f6-an-l8q16-s1d,2026-10-10T08:10:24+00:00,l8q16,S1D,mean,3.69,local8,doc,poisson,0.1,0.0625,16.0,20.0,32,10,5 6 7 8 9 10 11 12 13 14,0,0,-0.0941640336964804,-0.2910296003543584,-0.0115797167419807,6.169237363345363,3.4824824974992192,10.97745686718219,1.450874333486269,1.053285221965724,1.9653757009454444,3.1045211456453923,0.37615821148520295,0.6240313526290202,0.08845156151200337,S4CT50,6,False,False,False,False,16,S1 S2b S4 S4+ S4B S4W S4C S4PD S4BT S4WT S4BD S4WD S4WD50 S4WT50 S4CT S4CT50,20261010-080637-f6-sweep-l8q16
20261010-080951-f6-an-l8q16-s1d,2026-10-10T08:10:24+00:00,l8q16,S1D,mean,3.69,local8,doc,poisson,0.1,0.125,16.0,20.0,32,10,5 6 7 8 9 10 11 12 13 14,0,0,-0.10751936235384996,-0.2970005988686359,-0.0381926475330709,4.067184761942408,2.3494994084714813,7.833841334163424,1.4774545696824635,1.0562984549105332,2.032243998282483,3.0600337676100127,0.3847007929464832,0.5528007506085375,0.01895881017638642,S4CT50,6,False,False,False,False,16,S1 S2b S4 S4+ S4B S4W S4C S4PD S4BT S4WT S4BD S4WD S4WD50 S4WT50 S4CT S4CT50,20261010-080637-f6-sweep-l8q16
20261010-080951-f6-an-l8q16-s1d,2026-10-10T08:10:24+00:00,l8q16,S1D,mean,3.69,local8,doc,poisson,0.1,0.25,16.0,20.0,32,10,5 6 7 8 9 10 11 12 13 14,0,0,0.0,-0.0284461108852746,0.0243465129692295,2.5440541955372895,1.3857050084817006,4.538125516696901,1.5058282824406937,1.0691922370015885,2.1174559735103444,3.236238676691319,0.3923561356014685,0.46526253814665913,0.0,S4CT,6,False,False,False,False,16,S1 S2b S4 S4+ S4B S4W S4C S4PD S4BT S4WT S4BD S4WD S4WD50 S4WT50 S4CT S4CT50,20261010-080637-f6-sweep-l8q16
20261010-080951-f6-an-l8q16-s1d,2026-10-10T08:10:24+00:00,l8q16,S1D,mean,3.69,local8,doc,poisson,0.2,0.0625,16.0,20.0,32,10,5 6 7 8 9 10 11 12 13 14,0,0,-0.02710716825103905,-0.1123170649731428,0.0233626085486122,18.89791375840261,8.26087531395671,34.27820209918849,1.8530602338923643,1.585498731291319,2.123006513640107,3.483100009711169,0.4722813680068844,0.8274166514280734,0.09597932860077645,S4C,6,False,False,False,False,16,S1 S2b S4 S4+ S4B S4W S4C S4PD S4BT S4WT S4BD S4WD S4WD50 S4WT50 S4CT S4CT50,20261010-080637-f6-sweep-l8q16
20261010-080951-f6-an-l8q16-s1d,2026-10-10T08:10:24+00:00,l8q16,S1D,mean,3.69,local8,doc,poisson,0.2,0.125,16.0,20.0,32,10,5 6 7 8 9 10 11 12 13 14,0,3,0.032429544517442704,-0.2119312115035382,0.0830428150155364,13.704735095777757,4.725489820372148,30.37682856294876,1.9396410012482725,1.5890764448600725,2.276189714520624,3.6610495218526866,0.49676902304243586,0.7915155127779141,0.02886845193177672,S4CT50,6,False,False,False,False,16,S1 S2b S4 S4+ S4B S4W S4C S4PD S4BT S4WT S4BD S4WD S4WD50 S4WT50 S4CT S4CT50,20261010-080637-f6-sweep-l8q16
20261010-080951-f6-an-l8q16-s1d,2026-10-10T08:10:24+00:00,l8q16,S1D,mean,3.69,local8,doc,poisson,0.2,0.25,16.0,20.0,32,10,5 6 7 8 9 10 11 12 13 14,0,5,0.04692219217579505,-0.0121629391819135,0.0759880472901781,9.05249122575021,1.932624972338492,23.89870433704097,2.0641486769256256,1.6526842074515806,2.4862782384769857,3.7282167396708084,0.527516313331184,0.6977478499229345,0.0,S4CT50,6,False,False,False,False,16,S1 S2b S4 S4+ S4B S4W S4C S4PD S4BT S4WT S4BD S4WD S4WD50 S4WT50 S4CT S4CT50,20261010-080637-f6-sweep-l8q16
20261010-080951-f6-an-l8q16-s1d,2026-10-10T08:10:24+00:00,l8q16,S1D,mean,3.69,local8,doc,poisson,0.4,0.0625,16.0,20.0,32,10,5 6 7 8 9 10 11 12 13 14,0,0,-0.0217454097563219,-0.0480194764292629,0.0015434375205425,34.547592932957784,28.481506174058747,44.21050708694968,1.9372150535274268,1.671928103054665,2.2181788983361925,4.251597657734094,0.4906339445120033,0.8775427575621368,0.10145529899633307,S4C,6,False,False,False,False,16,S1 S2b S4 S4+ S4B S4W S4C S4PD S4BT S4WT S4BD S4WD S4WD50 S4WT50 S4CT S4CT50,20261010-080637-f6-sweep-l8q16
20261010-080951-f6-an-l8q16-s1d,2026-10-10T08:10:24+00:00,l8q16,S1D,mean,3.69,local8,doc,poisson,0.4,0.125,16.0,20.0,32,10,5 6 7 8 9 10 11 12 13 14,0,0,0.0067953002833966505,-0.0295768128772015,0.0411891999306603,31.322430623543756,25.70215823903705,41.71404813045778,2.0049389139830955,1.7204145089702914,2.3095652776331685,4.305680352600634,0.5078575310541591,0.8609713331157802,0.03753518281739681,S4BT,6,False,False,False,False,16,S1 S2b S4 S4+ S4B S4W S4C S4PD S4BT S4WT S4BD S4WD S4WD50 S4WT50 S4CT S4CT50,20261010-080637-f6-sweep-l8q16
20261010-080951-f6-an-l8q16-s1d,2026-10-10T08:10:24+00:00,l8q16,S1D,mean,3.69,local8,doc,poisson,0.4,0.25,16.0,20.0,32,10,5 6 7 8 9 10 11 12 13 14,0,3,0.030879572143824398,-0.0431109039718106,0.0739064823815967,25.43355143291676,20.37540875452972,34.8920633616331,2.1697997673860745,1.7702572741925775,2.4532384850253472,4.421696456104662,0.5434022448943516,0.8044913050866871,0.0,S4BD,6,False,False,False,False,16,S1 S2b S4 S4+ S4B S4W S4C S4PD S4BT S4WT S4BD S4WD S4WD50 S4WT50 S4CT S4CT50,20261010-080637-f6-sweep-l8q16
20261010-080951-f6-an-l8q16-s1d,2026-10-10T08:10:24+00:00,l8q16,S1D,mean,11.6,local8,chat,bursty,0.05,0.0625,16.0,20.0,32,10,5 6 7 8 9 10 11 12 13 14,0,0,-0.0056640631110266,-0.0245313455550612,0.0181814515496021,1.834631614077645,1.4482693260667656,2.738398051800932,0.7795615148355771,0.3582061925223088,1.7106578010409104,2.2889192149967714,0.3784649014873881,0.21471192200787176,0.00146322643781992,S4CT50,6,False,False,True,True,16,S1 S2b S4 S4+ S4B S4W S4C S4PD S4BT S4WT S4BD S4WD S4WD50 S4WT50 S4CT S4CT50,20261010-080637-f6-sweep-l8q16
20261010-080951-f6-an-l8q16-s1d,2026-10-10T08:10:24+00:00,l8q16,S1D,mean,11.6,local8,chat,bursty,0.05,0.125,16.0,20.0,32,10,5 6 7 8 9 10 11 12 13 14,0,0,-0.0024213703174808497,-0.0208107161389955,0.0173306883950001,1.4213846667558083,1.196708748406109,2.318648653935899,0.7823792452627222,0.3582637606898443,1.724936028783024,2.2889192149967714,0.36747857761149594,0.1871125481003931,0.0,S4CT50,6,False,False,True,True,16,S1 S2b S4 S4+ S4B S4W S4C S4PD S4BT S4WT S4BD S4WD S4WD50 S4WT50 S4CT S4CT50,20261010-080637-f6-sweep-l8q16
20261010-080951-f6-an-l8q16-s1d,2026-10-10T08:10:24+00:00,l8q16,S1D,mean,11.6,local8,chat,bursty,0.05,0.25,16.0,20.0,32,10,5 6 7 8 9 10 11 12 13 14,0,0,0.0,-0.0078929706475179,0.0195864307178335,1.3590212088294402,1.1828008180900504,1.737909754439845,0.7824826422121978,0.3584999118347947,1.7207450781250686,2.3307896884418344,0.35657734886333065,0.17429837399194617,0.0,S1,6,False,False,True,True,16,S1 S2b S4 S4+ S4B S4W S4C S4PD S4BT S4WT S4BD S4WD S4WD50 S4WT50 S4CT S4CT50,20261010-080637-f6-sweep-l8q16
20261010-080951-f6-an-l8q16-s1d,2026-10-10T08:10:24+00:00,l8q16,S1D,mean,11.6,local8,chat,bursty,0.1,0.0625,16.0,20.0,32,10,5 6 7 8 9 10 11 12 13 14,0,0,-0.0141657265366614,-0.1020529029416303,0.0175390153294678,2.3439099012902163,1.5908092797487985,4.468238813925844,1.2055946248194516,0.6529827717668879,2.0188561518961583,2.6657534760023376,0.5380053274706275,0.3489527323195901,0.019242601359376728,S4CT,6,False,False,False,False,16,S1 S2b S4 S4+ S4B S4W S4C S4PD S4BT S4WT S4BD S4WD S4WD50 S4WT50 S4CT S4CT50,20261010-080637-f6-sweep-l8q16
20261010-080951-f6-an-l8q16-s1d,2026-10-10T08:10:24+00:00,l8q16,S1D,mean,11.6,local8,chat,bursty,0.1,0.125,16.0,20.0,32,10,5 6 7 8 9 10 11 12 13 14,0,0,-0.00294273120970335,-0.0364005318974905,0.0229547032172936,1.8449598127005777,1.2314418309398942,3.7176726404747296,1.2146260821483734,0.6531183944820883,2.0527684101975567,2.763451247374151,0.531692960746626,0.30703864802534275,0.0,S4CT50,6,False,False,False,False,16,S1 S2b S4 S4+ S4B S4W S4C S4PD S4BT S4WT S4BD S4WD S4WD50 S4WT50 S4CT S4CT50,20261010-080637-f6-sweep-l8q16
20261010-080951-f6-an-l8q16-s1d,2026-10-10T08:10:24+00:00,l8q16,S1D,mean,11.6,local8,chat,bursty,0.1,0.25,16.0,20.0,32,10,5 6 7 8 9 10 11 12 13 14,0,0,-0.0037387413142836497,-0.0273781977472772,0.0,1.5529755179159093,1.211532460380763,2.4405131946411043,1.2226956393036479,0.6539963849604906,2.1116876827681086,2.903019492191027,0.5230108343535377,0.27569700845200357,0.0,S4CT,6,False,False,False,False,16,S1 S2b S4 S4+ S4B S4W S4C S4PD S4BT S4WT S4BD S4WD S4WD50 S4WT50 S4CT S4CT50,20261010-080637-f6-sweep-l8q16
20261010-080951-f6-an-l8q16-s1d,2026-10-10T08:10:24+00:00,l8q16,S1D,mean,11.6,local8,chat,bursty,0.2,0.0625,16.0,20.0,32,10,5 6 7 8 9 10 11 12 13 14,0,0,-0.012591051007041849,-0.0547088341928968,0.0006929286722319,3.506661513275649,2.311489159318308,7.100088187959932,1.702809688179146,1.1095531632199338,2.179842327148458,3.4333788224951567,0.7045863476464924,0.516865467862874,0.05211004937127711,S4CT50,6,False,False,False,False,16,S1 S2b S4 S4+ S4B S4W S4C S4PD S4BT S4WT S4BD S4WD S4WD50 S4WT50 S4CT S4CT50,20261010-080637-f6-sweep-l8q16
20261010-080951-f6-an-l8q16-s1d,2026-10-10T08:10:24+00:00,l8q16,S1D,mean,11.6,local8,chat,bursty,0.2,0.125,16.0,20.0,32,10,5 6 7 8 9 10 11 12 13 14,0,0,-0.01582763583603015,-0.0667176174072383,0.0373457626287307,2.739429508687145,1.6162541758053302,5.303174330872528,1.7237357797008375,1.1099448043498028,2.208807439173052,3.4752492959402197,0.6904593845803546,0.4594767251408537,0.0,S4CT50,6,False,False,False,False,16,S1 S2b S4 S4+ S4B S4W S4C S4PD S4BT S4WT S4BD S4WD S4WD50 S4WT50 S4CT S4CT50,20261010-080637-f6-sweep-l8q16
20261010-080951-f6-an-l8q16-s1d,2026-10-10T08:10:24+00:00,l8q16,S1D,mean,11.6,local8,chat,bursty,0.2,0.25,16.0,20.0,32,10,5 6 7 8 9 10 11 12 13 14,0,0,0.0,-0.0111604127563573,0.0109271261530359,1.8529480005459513,1.2416669639013442,4.124595354347379,1.7414217488678367,1.1124829543873267,2.25075285224437,3.628774365238784,0.680248086526776,0.4043173372082613,0.0,S4BD,6,False,False,False,False,16,S1 S2b S4 S4+ S4B S4W S4C S4PD S4BT S4WT S4BD S4WD S4WD50 S4WT50 S4CT S4CT50,20261010-080637-f6-sweep-l8q16
20261010-080951-f6-an-l8q16-s1d,2026-10-10T08:10:24+00:00,l8q16,S1D,mean,11.6,local8,chat,bursty,0.4,0.0625,16.0,20.0,32,10,5 6 7 8 9 10 11 12 13 14,0,0,-0.018284354113932498,-0.0581299061862821,0.0281522409617964,5.341247462931536,2.5169332981252897,9.666853643013658,2.0573010122229625,1.3825421957805648,2.61507633679838,4.24287464243304,0.7768914892012837,0.6481733180932083,0.10909531540928433,S4CT50,6,False,False,False,False,16,S1 S2b S4 S4+ S4B S4W S4C S4PD S4BT S4WT S4BD S4WD S4WD50 S4WT50 S4CT S4CT50,20261010-080637-f6-sweep-l8q16
20261010-080951-f6-an-l8q16-s1d,2026-10-10T08:10:24+00:00,l8q16,S1D,mean,11.6,local8,chat,bursty,0.4,0.125,16.0,20.0,32,10,5 6 7 8 9 10 11 12 13 14,0,0,-0.0128406194815517,-0.0619103755259748,0.0092429358987662,4.382618802114283,2.135488016559388,7.915029854102783,2.109390466868403,1.4089679213054132,2.8084726077071296,4.326615589323166,0.7731711780829029,0.6048347474432398,0.00073924731182795,S2b,6,False,False,False,False,16,S1 S2b S4 S4+ S4B S4W S4C S4PD S4BT S4WT S4BD S4WD S4WD50 S4WT50 S4CT S4CT50,20261010-080637-f6-sweep-l8q16
20261010-080951-f6-an-l8q16-s1d,2026-10-10T08:10:24+00:00,l8q16,S1D,mean,11.6,local8,chat,bursty,0.4,0.25,16.0,20.0,32,10,5 6 7 8 9 10 11 12 13 14,0,0,-0.009049640858618199,-0.0679327924038374,0.0095949265057595,2.961212015685838,1.5805250936090136,5.395122214585403,2.1517798106259853,1.4145686388501395,3.042586319548465,4.480140658621729,0.7377862948206012,0.5239709969510281,0.0,S4CT50,6,False,False,False,False,16,S1 S2b S4 S4+ S4B S4W S4C S4PD S4BT S4WT S4BD S4WD S4WD50 S4WT50 S4CT S4CT50,20261010-080637-f6-sweep-l8q16
20261010-080951-f6-an-l8q16-s1d,2026-10-10T08:10:24+00:00,l8q16,S1D,mean,11.6,local8,chat,poisson,0.05,0.0625,16.0,20.0,32,10,5 6 7 8 9 10 11 12 13 14,0,0,-0.00561693573526065,-0.0441343791718115,0.0100533903884898,1.317120105194033,1.2026325928404378,1.4701870011893237,0.5432122430342444,0.3865000300010112,0.678766305356603,1.2979846767969494,0.3301098117898972,0.13033510135144372,0.0,S4CT,6,False,False,True,True,16,S1 S2b S4 S4+ S4B S4W S4C S4PD S4BT S4WT S4BD S4WD S4WD50 S4WT50 S4CT S4CT50,20261010-080637-f6-sweep-l8q16
20261010-080951-f6-an-l8q16-s1d,2026-10-10T08:10:24+00:00,l8q16,S1D,mean,11.6,local8,chat,poisson,0.05,0.125,16.0,20.0,32,10,5 6 7 8 9 10 11 12 13 14,0,0,-0.00111724590229075,-0.0125474224753129,0.0004373527822674,1.183378225268015,1.1527248487982218,1.2981474957998722,0.5433746198478069,0.3866695319390992,0.678766305356603,1.2979846767969494,0.3251192930852656,0.12108337926675214,0.0,S4CT,6,False,False,True,True,16,S1 S2b S4 S4+ S4B S4W S4C S4PD S4BT S4WT S4BD S4WD S4WD50 S4WT50 S4CT S4CT50,20261010-080637-f6-sweep-l8q16
20261010-080951-f6-an-l8q16-s1d,2026-10-10T08:10:24+00:00,l8q16,S1D,mean,11.6,local8,chat,poisson,0.05,0.25,16.0,20.0,32,10,5 6 7 8 9 10 11 12 13 14,0,0,0.0,0.0,0.0,1.171295568925351,1.127070542419931,1.2130346511038457,0.5433997222656075,0.3866695319390992,0.678766305356603,1.2979846767969494,0.32099152227413114,0.11905799233497946,0.0,S1,6,False,False,True,True,16,S1 S2b S4 S4+ S4B S4W S4C S4PD S4BT S4WT S4BD S4WD S4WD50 S4WT50 S4CT S4CT50,20261010-080637-f6-sweep-l8q16
20261010-080951-f6-an-l8q16-s1d,2026-10-10T08:10:24+00:00,l8q16,S1D,mean,11.6,local8,chat,poisson,0.1,0.0625,16.0,20.0,32,10,5 6 7 8 9 10 11 12 13 14,0,0,0.0027577774767424,-0.079398065555112,0.0184642406837387,1.7578592171750864,1.3121594040369873,1.9765613554480068,0.9644879014277239,0.6722525430057018,1.3226253512402482,1.8283440071010795,0.5247189523597587,0.25511324654831224,0.0,S4CT50,6,False,False,True,True,16,S1 S2b S4 S4+ S4B S4W S4C S4PD S4BT S4WT S4BD S4WD S4WD50 S4WT50 S4CT S4CT50,20261010-080637-f6-sweep-l8q16
20261010-080951-f6-an-l8q16-s1d,2026-10-10T08:10:24+00:00,l8q16,S1D,mean,11.6,local8,chat,poisson,0.1,0.125,16.0,20.0,32,10,5 6 7 8 9 10 11 12 13 14,0,0,-0.0062326117685536,-0.0646117463103043,0.0052920017735273,1.453515024740653,1.1833993909578269,1.755595160729865,0.9663143081862134,0.6736616298184415,1.3226253512402482,1.8283440071010795,0.5140446346465728,0.22868401738880112,0.0,S4CT,6,False,False,True,True,16,S1 S2b S4 S4+ S4B S4W S4C S4PD S4BT S4WT S4BD S4WD S4WD50 S4WT50 S4CT S4CT50,20261010-080637-f6-sweep-l8q16
20261010-080951-f6-an-l8q16-s1d,2026-10-10T08:10:24+00:00,l8q16,S1D,mean,11.6,local8,chat,poisson,0.1,0.25,16.0,20.0,32,10,5 6 7 8 9 10 11 12 13 14,0,0,0.0,-0.0019969013752341,0.0,1.2837689274881146,1.141453035096789,1.337725289533111,0.9675763350247379,0.6736616298184415,1.3226253512402482,1.8562576560644548,0.5026559413007515,0.21244690414334802,0.0,S4BD,6,False,False,True,True,16,S1 S2b S4 S4+ S4B S4W S4C S4PD S4BT S4WT S4BD S4WD S4WD50 S4WT50 S4CT S4CT50,20261010-080637-f6-sweep-l8q16
20261010-080951-f6-an-l8q16-s1d,2026-10-10T08:10:24+00:00,l8q16,S1D,mean,11.6,local8,chat,poisson,0.2,0.0625,16.0,20.0,32,10,5 6 7 8 9 10 11 12 13 14,0,0,-0.02122389990962935,-0.1018834608921743,0.0218984777525594,2.2693143720477194,1.6190266764544632,3.089714959320859,1.4824064949832132,1.0602164118735506,1.9240738743511083,2.679710300484025,0.7024729017133382,0.4355361436287303,0.01404452861493489,S4CT,6,False,False,False,False,16,S1 S2b S4 S4+ S4B S4W S4C S4PD S4BT S4WT S4BD S4WD S4WD50 S4WT50 S4CT S4CT50,20261010-080637-f6-sweep-l8q16
20261010-080951-f6-an-l8q16-s1d,2026-10-10T08:10:24+00:00,l8q16,S1D,mean,11.6,local8,chat,poisson,0.2,0.125,16.0,20.0,32,10,5 6 7 8 9 10 11 12 13 14,0,1,-0.008799094423832199,-0.0424470172418421,0.0689726141140207,1.8852525611188162,1.2085838218586908,2.4689469346334203,1.4975736517921399,1.0700470770758446,1.934795796181728,2.7355375984107755,0.692077541977803,0.3858881685827626,0.0,S4CT,6,False,False,False,False,16,S1 S2b S4 S4+ S4B S4W S4C S4PD S4BT S4WT S4BD S4WD S4WD50 S4WT50 S4CT S4CT50,20261010-080637-f6-sweep-l8q16
20261010-080951-f6-an-l8q16-s1d,2026-10-10T08:10:24+00:00,l8q16,S1D,mean,11.6,local8,chat,poisson,0.2,0.25,16.0,20.0,32,10,5 6 7 8 9 10 11 12 13 14,0,0,-0.0009865306767001,-0.0164894505414979,0.0140357645181579,1.4549770233782238,1.176427001548335,1.7870951252062397,1.503046981935245,1.0700470770758446,1.937861675516795,2.763451247374151,0.6800565788487071,0.34085182859356244,0.0,S4CT,6,False,False,False,False,16,S1 S2b S4 S4+ S4B S4W S4C S4PD S4BT S4WT S4BD S4WD S4WD50 S4WT50 S4CT S4CT50,20261010-080637-f6-sweep-l8q16
20261010-080951-f6-an-l8q16-s1d,2026-10-10T08:10:24+00:00,l8q16,S1D,mean,11.6,local8,chat,poisson,0.4,0.0625,16.0,20.0,32,10,5 6 7 8 9 10 11 12 13 14,0,0,-0.01941939341538485,-0.1109282173591598,0.0470996153116702,4.0682019395828215,2.853281900060012,5.80880311975059,1.8890702253998815,1.34468183203878,2.4601518077615614,3.405465173531782,0.7599738247537057,0.5902143532817397,0.08362673410551343,S4CT50,6,False,False,False,False,16,S1 S2b S4 S4+ S4B S4W S4C S4PD S4BT S4WT S4BD S4WD S4WD50 S4WT50 S4CT S4CT50,20261010-080637-f6-sweep-l8q16
20261010-080951-f6-an-l8q16-s1d,2026-10-10T08:10:24+00:00,l8q16,S1D,mean,11.6,local8,chat,poisson,0.4,0.125,16.0,20.0,32,10,5 6 7 8 9 10 11 12 13 14,0,1,-0.008791568412182149,-0.0194763395204389,0.0558166839121012,3.3214586821407144,2.3905653013478325,4.715201323367633,1.9124379511832565,1.3532950274658866,2.47308006144494,3.558990242830346,0.7427926904372028,0.5339839050720685,0.0,S4CT50,6,False,False,False,False,16,S1 S2b S4 S4+ S4B S4W S4C S4PD S4BT S4WT S4BD S4WD S4WD50 S4WT50 S4CT S4CT50,20261010-080637-f6-sweep-l8q16
20261010-080951-f6-an-l8q16-s1d,2026-10-10T08:10:24+00:00,l8q16,S1D,mean,11.6,local8,chat,poisson,0.4,0.25,16.0,20.0,32,10,5 6 7 8 9 10 11 12 13 14,0,0,-0.007410030056747551,-0.043825615078394,0.0413693677395252,2.082833302643736,1.6983345291477336,2.5722306674021627,1.9366022568941688,1.350420370939523,2.469313087495665,3.852083556945786,0.7224719946161579,0.4672563602723633,0.0,S4CT50,6,False,False,False,False,16,S1 S2b S4 S4+ S4B S4W S4C S4PD S4BT S4WT S4BD S4WD S4WD50 S4WT50 S4CT S4CT50,20261010-080637-f6-sweep-l8q16
20261010-080951-f6-an-l8q16-s1d,2026-10-10T08:10:24+00:00,l8q16,S1D,mean,11.6,local8,doc,bursty,0.05,0.0625,16.0,20.0,32,10,5 6 7 8 9 10 11 12 13 14,0,1,-0.03046723697805795,-0.1605301182644507,0.0626671302688246,8.600807126207641,4.289617410419201,30.911230263798576,1.0977715953917575,0.522255744418228,2.0048150982516595,4.467928437200253,0.26889083815021275,0.477698143102368,0.10412193311965894,S4CT50,6,False,False,False,False,16,S1 S2b S4 S4+ S4B S4W S4C S4PD S4BT S4WT S4BD S4WD S4WD50 S4WT50 S4CT S4CT50,20261010-080637-f6-sweep-l8q16
20261010-080951-f6-an-l8q16-s1d,2026-10-10T08:10:24+00:00,l8q16,S1D,mean,11.6,local8,doc,bursty,0.05,0.125,16.0,20.0,32,10,5 6 7 8 9 10 11 12 13 14,0,1,-0.02614349934135755,-0.1990320536004016,0.0907011195932101,6.757435994511777,3.5800287723322874,28.15229385074009,1.1126950788032648,0.5224433590347031,2.072584193220948,4.467928437200253,0.2724575665624397,0.43330985092845803,0.03653406382742113,S4CT,6,False,False,False,False,16,S1 S2b S4 S4+ S4B S4W S4C S4PD S4BT S4WT S4BD S4WD S4WD50 S4WT50 S4CT S4CT50,20261010-080637-f6-sweep-l8q16
20261010-080951-f6-an-l8q16-s1d,2026-10-10T08:10:24+00:00,l8q16,S1D,mean,11.6,local8,doc,bursty,0.05,0.25,16.0,20.0,32,10,5 6 7 8 9 10 11 12 13 14,0,2,0.007093175399048799,-0.1107677566033118,0.0865892054791264,3.8077683538158165,2.045101538473012,23.146561229480383,1.141549401862774,0.5263826248428157,2.175775827031208,4.469673040260464,0.2794042388350134,0.3407505610472463,0.0,S4CT,6,False,False,False,False,16,S1 S2b S4 S4+ S4B S4W S4C S4PD S4BT S4WT S4BD S4WD S4WD50 S4WT50 S4CT S4CT50,20261010-080637-f6-sweep-l8q16
20261010-080951-f6-an-l8q16-s1d,2026-10-10T08:10:24+00:00,l8q16,S1D,mean,11.6,local8,doc,bursty,0.1,0.0625,16.0,20.0,32,10,5 6 7 8 9 10 11 12 13 14,0,0,-0.00457174307935775,-0.1044644351352188,0.018784572022739,15.359692405827307,7.482599530333203,41.91705437363329,1.5755941374601503,0.9414690580775524,2.023018333589002,4.468800738730358,0.3879153609618796,0.6919254374710746,0.10440764990365814,S4CT50,6,False,False,False,False,16,S1 S2b S4 S4+ S4B S4W S4C S4PD S4BT S4WT S4BD S4WD S4WD50 S4WT50 S4CT S4CT50,20261010-080637-f6-sweep-l8q16
20261010-080951-f6-an-l8q16-s1d,2026-10-10T08:10:24+00:00,l8q16,S1D,mean,11.6,local8,doc,bursty,0.1,0.125,16.0,20.0,32,10,5 6 7 8 9 10 11 12 13 14,0,1,0.01109440536681545,-0.1256806730367605,0.0605066087811492,12.257856280919844,5.758885756365186,38.46808631541664,1.606668201381791,0.9420789285015464,2.060527159541447,4.469673040260464,0.3954556108823249,0.6434298201809019,0.03820348220763864,S4BD,6,False,False,False,False,16,S1 S2b S4 S4+ S4B S4W S4C S4PD S4BT S4WT S4BD S4WD S4WD50 S4WT50 S4CT S4CT50,20261010-080637-f6-sweep-l8q16
20261010-080951-f6-an-l8q16-s1d,2026-10-10T08:10:24+00:00,l8q16,S1D,mean,11.6,local8,doc,bursty,0.1,0.25,16.0,20.0,32,10,5 6 7 8 9 10 11 12 13 14,0,2,0.0210507350263735,-0.0742900471196436,0.0787426374092359,9.4468773392636,4.184169420558878,35.217130079340365,1.6619908916590815,0.9549658643288124,2.156100842871248,4.474034547910991,0.4086067739365258,0.5331223879789169,0.0,S4CT50,6,False,False,False,False,16,S1 S2b S4 S4+ S4B S4W S4C S4PD S4BT S4WT S4BD S4WD S4WD50 S4WT50 S4CT S4CT50,20261010-080637-f6-sweep-l8q16
20261010-080951-f6-an-l8q16-s1d,2026-10-10T08:10:24+00:00,l8q16,S1D,mean,11.6,local8,doc,bursty,0.2,0.0625,16.0,20.0,32,10,5 6 7 8 9 10 11 12 13 14,0,0,-0.0005388421937584742,-0.0239830946077669,0.0124554038983739,27.807322727506154,10.081634651267366,45.19841934273735,1.8898788126870714,1.572650115710748,2.323478015303151,4.467056135670147,0.46905072243305385,0.8400270763377584,0.10517012364726992,S4BT,6,False,False,False,False,16,S1 S2b S4 S4+ S4B S4W S4C S4PD S4BT S4WT S4BD S4WD S4WD50 S4WT50 S4CT S4CT50,20261010-080637-f6-sweep-l8q16
20261010-080951-f6-an-l8q16-s1d,2026-10-10T08:10:24+00:00,l8q16,S1D,mean,11.6,local8,doc,bursty,0.2,0.125,16.0,20.0,32,10,5 6 7 8 9 10 11 12 13 14,1,2,0.006259014879203649,-0.0228572444639257,0.1093760495468589,24.61947825443673,7.741595913671634,41.54059670211307,1.9570473616047004,1.574352581301734,2.393739784221097,4.523755735127002,0.4853377834520954,0.8122160391977638,0.04058564716324499,S4BT,6,False,False,False,False,16,S1 S2b S4 S4+ S4B S4W S4C S4PD S4BT S4WT S4BD S4WD S4WD50 S4WT50 S4CT S4CT50,20261010-080637-f6-sweep-l8q16
20261010-080951-f6-an-l8q16-s1d,2026-10-10T08:10:24+00:00,l8q16,S1D,mean,11.6,local8,doc,bursty,0.2,0.25,16.0,20.0,32,10,5 6 7 8 9 10 11 12 13 14,0,3,0.0251145117182398,-0.0136743967092158,0.0699714224207253,19.970298538803323,4.184169420558952,37.91937256246701,2.0932426559224426,1.6106758288016478,2.5736047946512364,4.469673040260464,0.5174014881585891,0.736374804347824,0.0,S4W,6,False,False,False,False,16,S1 S2b S4 S4+ S4B S4W S4C S4PD S4BT S4WT S4BD S4WD S4WD50 S4WT50 S4CT S4CT50,20261010-080637-f6-sweep-l8q16
20261010-080951-f6-an-l8q16-s1d,2026-10-10T08:10:24+00:00,l8q16,S1D,mean,11.6,local8,doc,bursty,0.4,0.0625,16.0,20.0,32,10,5 6 7 8 9 10 11 12 13 14,0,0,0.0006759208512793001,-0.0203494674830734,0.0112544598260266,38.55819122854284,30.64383034905952,46.22441808936704,1.9905787116320952,1.5949084130815046,2.3443856340182285,4.467056135670147,0.49679023104320486,0.8908925237412401,0.10650298714018666,S4BT,6,False,False,False,False,16,S1 S2b S4 S4+ S4B S4W S4C S4PD S4BT S4WT S4BD S4WD S4WD50 S4WT50 S4CT S4CT50,20261010-080637-f6-sweep-l8q16
20261010-080951-f6-an-l8q16-s1d,2026-10-10T08:10:24+00:00,l8q16,S1D,mean,11.6,local8,doc,bursty,0.4,0.125,16.0,20.0,32,10,5 6 7 8 9 10 11 12 13 14,0,1,0.013514184793962651,-0.0190629530484339,0.0574341623122072,36.05842539629067,25.91206196546712,42.81431838934488,2.056029381624979,1.6591346557430688,2.4367886154844727,4.467056135670147,0.5130244136986758,0.8726379584535537,0.04248820005016708,S4BT,6,False,False,False,False,16,S1 S2b S4 S4+ S4B S4W S4C S4PD S4BT S4WT S4BD S4WD S4WD50 S4WT50 S4CT S4CT50,20261010-080637-f6-sweep-l8q16
20261010-080951-f6-an-l8q16-s1d,2026-10-10T08:10:24+00:00,l8q16,S1D,mean,11.6,local8,doc,bursty,0.4,0.25,16.0,20.0,32,10,5 6 7 8 9 10 11 12 13 14,1,1,0.0221313565033022,-0.0017304511729545,0.1766700403648984,31.67322854439962,18.80358936554632,37.91937256246708,2.204952035716026,1.7531896746515778,2.6113423498364936,4.468800738730358,0.5489881649735974,0.8221601094747275,0.0,S4BT,6,False,False,False,False,16,S1 S2b S4 S4+ S4B S4W S4C S4PD S4BT S4WT S4BD S4WD S4WD50 S4WT50 S4CT S4CT50,20261010-080637-f6-sweep-l8q16
20261010-080951-f6-an-l8q16-s1d,2026-10-10T08:10:24+00:00,l8q16,S1D,mean,11.6,local8,doc,poisson,0.05,0.0625,16.0,20.0,32,10,5 6 7 8 9 10 11 12 13 14,0,0,-0.3123115919138828,-0.5001710755317699,-0.2071420076872243,2.820546984387155,2.197050804818192,3.860922869775724,0.8463245065132998,0.6132297240575506,1.0853338799759975,2.2121566803474897,0.22314240632947624,0.3489236672015178,0.08283040677944545,S4CT50,6,False,False,True,True,16,S1 S2b S4 S4+ S4B S4W S4C S4PD S4BT S4WT S4BD S4WD S4WD50 S4WT50 S4CT S4CT50,20261010-080637-f6-sweep-l8q16
20261010-080951-f6-an-l8q16-s1d,2026-10-10T08:10:24+00:00,l8q16,S1D,mean,11.6,local8,doc,poisson,0.05,0.125,16.0,20.0,32,10,5 6 7 8 9 10 11 12 13 14,0,0,-0.27270189557501545,-0.4822128687731252,-0.1420266025425878,1.78588199772639,1.077172647950906,2.5783080690493665,0.8477036812653796,0.613785908855355,1.0856357469537623,2.2732177874548727,0.22332200974340646,0.2765564450796199,0.01295844526455718,S4CT50,6,False,False,True,True,16,S1 S2b S4 S4+ S4B S4W S4C S4PD S4BT S4WT S4BD S4WD S4WD50 S4WT50 S4CT S4CT50,20261010-080637-f6-sweep-l8q16
20261010-080951-f6-an-l8q16-s1d,2026-10-10T08:10:24+00:00,l8q16,S1D,mean,11.6,local8,doc,poisson,0.05,0.25,16.0,20.0,32,10,5 6 7 8 9 10 11 12 13 14,0,0,0.0,-0.0205574434948347,0.0,0.7806765221326458,0.5429909680897959,1.50103794712417,0.8547160615714681,0.6180822186607647,1.0942117197356322,2.276706993575295,0.22492097398119423,0.22232513534419313,0.0,S4CT,6,False,False,True,True,16,S1 S2b S4 S4+ S4B S4W S4C S4PD S4BT S4WT S4BD S4WD S4WD50 S4WT50 S4CT S4CT50,20261010-080637-f6-sweep-l8q16
20261010-080951-f6-an-l8q16-s1d,2026-10-10T08:10:24+00:00,l8q16,S1D,mean,11.6,local8,doc,poisson,0.1,0.0625,16.0,20.0,32,10,5 6 7 8 9 10 11 12 13 14,0,0,-0.11359332299249364,-0.2886236827228424,-0.0006128391465226,6.29500208431541,3.4916458335238785,10.953481875518266,1.4509858679811494,1.053285221965724,1.965964154153872,3.0486938477186416,0.3763229238577992,0.6244301418223641,0.08826088025630222,S4CT50,6,False,False,False,False,16,S1 S2b S4 S4+ S4B S4W S4C S4PD S4BT S4WT S4BD S4WD S4WD50 S4WT50 S4CT S4CT50,20261010-080637-f6-sweep-l8q16
20261010-080951-f6-an-l8q16-s1d,2026-10-10T08:10:24+00:00,l8q16,S1D,mean,11.6,local8,doc,poisson,0.1,0.125,16.0,20.0,32,10,5 6 7 8 9 10 11 12 13 14,0,0,-0.18179375624129235,-0.4169064348377103,-0.0203119611016865,4.2610083933217435,2.184491564835381,6.946543720671466,1.47795007941607,1.0557799419078535,2.0346691969723576,3.060906069140118,0.38335277780716454,0.5438157907845325,0.01900776631660956,S4CT50,6,False,False,False,False,16,S1 S2b S4 S4+ S4B S4W S4C S4PD S4BT S4WT S4BD S4WD S4WD50 S4WT50 S4CT S4CT50,20261010-080637-f6-sweep-l8q16
20261010-080951-f6-an-l8q16-s1d,2026-10-10T08:10:24+00:00,l8q16,S1D,mean,11.6,local8,doc,poisson,0.1,0.25,16.0,20.0,32,10,5 6 7 8 9 10 11 12 13 14,0,0,-0.0076181623202717,-0.1068371206849377,0.0355896331919702,1.8983074559025899,1.0298925015007925,3.722013674250304,1.5100601985853916,1.072000570252842,2.1246823893513063,3.1804113787645685,0.3900418014366974,0.42619417062953335,0.0,S4CT50,6,False,False,False,False,16,S1 S2b S4 S4+ S4B S4W S4C S4PD S4BT S4WT S4BD S4WD S4WD50 S4WT50 S4CT S4CT50,20261010-080637-f6-sweep-l8q16
20261010-080951-f6-an-l8q16-s1d,2026-10-10T08:10:24+00:00,l8q16,S1D,mean,11.6,local8,doc,poisson,0.2,0.0625,16.0,20.0,32,10,5 6 7 8 9 10 11 12 13 14,0,0,-0.028668861993099252,-0.1394237315218761,0.009749569654766,19.145872124441553,8.293972561379444,33.98429318506624,1.8520910073521701,1.5848439237487604,2.114842671633365,3.42901731484463,0.472152313585749,0.8284323351037977,0.09569356652924839,S4C,6,False,False,False,False,16,S1 S2b S4 S4+ S4B S4W S4C S4PD S4BT S4WT S4BD S4WD S4WD50 S4WT50 S4CT S4CT50,20261010-080637-f6-sweep-l8q16
20261010-080951-f6-an-l8q16-s1d,2026-10-10T08:10:24+00:00,l8q16,S1D,mean,11.6,local8,doc,poisson,0.2,0.125,16.0,20.0,32,10,5 6 7 8 9 10 11 12 13 14,1,2,0.01631550652397315,-0.2685833703698717,0.1285582262428448,13.996659251595766,4.739101472022193,30.21129554496929,1.9304814886154502,1.5826820615622978,2.260022140345232,3.6601772203225815,0.49265761075987696,0.7888350214805089,0.029581582632271543,S4WD,6,False,False,False,False,16,S1 S2b S4 S4+ S4B S4W S4C S4PD S4BT S4WT S4BD S4WD S4WD50 S4WT50 S4CT S4CT50,20261010-080637-f6-sweep-l8q16
20261010-080951-f6-an-l8q16-s1d,2026-10-10T08:10:24+00:00,l8q16,S1D,mean,11.6,local8,doc,poisson,0.2,0.25,16.0,20.0,32,10,5 6 7 8 9 10 11 12 13 14,0,2,0.017035748248192602,-0.0659735126838504,0.0706350862797171,8.959179813793174,1.695602352156873,23.798884906048443,2.0727782788884754,1.6543889272732724,2.485013613228668,3.8389990339942037,0.5244097664702752,0.6844762361265472,0.0,S4CT,6,False,False,False,False,16,S1 S2b S4 S4+ S4B S4W S4C S4PD S4BT S4WT S4BD S4WD S4WD50 S4WT50 S4CT S4CT50,20261010-080637-f6-sweep-l8q16
20261010-080951-f6-an-l8q16-s1d,2026-10-10T08:10:24+00:00,l8q16,S1D,mean,11.6,local8,doc,poisson,0.4,0.0625,16.0,20.0,32,10,5 6 7 8 9 10 11 12 13 14,0,0,-0.02686408422551855,-0.0527107005050605,-0.0038005068615825,34.542575727094814,28.79384751672853,44.23112722064912,1.9346216159485443,1.6723474767084732,2.199367537557912,4.1957703598073435,0.49029977029646554,0.8776156360855284,0.10131210090564095,S4C,6,False,False,False,False,16,S1 S2b S4 S4+ S4B S4W S4C S4PD S4BT S4WT S4BD S4WD S4WD50 S4WT50 S4CT S4CT50,20261010-080637-f6-sweep-l8q16
20261010-080951-f6-an-l8q16-s1d,2026-10-10T08:10:24+00:00,l8q16,S1D,mean,11.6,local8,doc,poisson,0.4,0.125,16.0,20.0,32,10,5 6 7 8 9 10 11 12 13 14,0,0,0.0024252360293312994,-0.0455074593480983,0.0340979662255458,31.328273466372003,24.923459744307056,41.74004369809735,2.003561094318981,1.7179882541407687,2.3344563760892734,4.250725356203989,0.507206134230324,0.8608447013786078,0.03767758959102493,S4C,6,False,False,False,False,16,S1 S2b S4 S4+ S4B S4W S4C S4PD S4BT S4WT S4BD S4WD S4WD50 S4WT50 S4CT S4CT50,20261010-080637-f6-sweep-l8q16
20261010-080951-f6-an-l8q16-s1d,2026-10-10T08:10:24+00:00,l8q16,S1D,mean,11.6,local8,doc,poisson,0.4,0.25,16.0,20.0,32,10,5 6 7 8 9 10 11 12 13 14,0,0,-0.00510324952726325,-0.0821411489707262,0.0328417347557821,26.28325361956184,20.944487400928463,36.40382496193675,2.14620946784253,1.7487157318029862,2.412035785422698,4.311786463311373,0.5407725546057366,0.8058393530273879,0.0,S2b,6,False,False,False,False,16,S1 S2b S4 S4+ S4B S4W S4C S4PD S4BT S4WT S4BD S4WD S4WD50 S4WT50 S4CT S4CT50,20261010-080637-f6-sweep-l8q16
20261010-080951-f6-an-l8q16-s1d,2026-10-10T08:10:24+00:00,l8q16,S1D,p90,3.69,local8,chat,bursty,0.05,0.0625,16.0,20.0,32,10,5 6 7 8 9 10 11 12 13 14,0,0,-0.037007738742353954,-0.1202848968998205,1.1324274851176595e-14,2.8288825891349347,1.814522000000068,5.157881547391128,0.7794706524465421,0.3581703774175082,1.7094973438929637,2.2889192149967714,0.377136109017025,0.21735371531248435,0.0022301264679313398,S4CT,6,False,False,True,True,16,S1 S2b S4 S4+ S4B S4W S4C S4PD S4BT S4WT S4BD S4WD S4WD50 S4WT50 S4CT S4CT50,20261010-080637-f6-sweep-l8q16
20261010-080951-f6-an-l8q16-s1d,2026-10-10T08:10:24+00:00,l8q16,S1D,p90,3.69,local8,chat,bursty,0.05,0.125,16.0,20.0,32,10,5 6 7 8 9 10 11 12 13 14,0,0,0.0,-0.0028203172128794,0.0328553419784505,2.364752594093659,1.814522000000068,3.906046569793034,0.7815957853428459,0.358211888462095,1.7235139233998047,2.2889192149967714,0.36895192468896754,0.20020649417350794,0.0,S4CT,6,False,False,True,True,16,S1 S2b S4 S4+ S4B S4W S4C S4PD S4BT S4WT S4BD S4WD S4WD50 S4WT50 S4CT S4CT50,20261010-080637-f6-sweep-l8q16
20261010-080951-f6-an-l8q16-s1d,2026-10-10T08:10:24+00:00,l8q16,S1D,p90,3.69,local8,chat,bursty,0.05,0.25,16.0,20.0,32,10,5 6 7 8 9 10 11 12 13 14,0,0,0.0,-0.0097769828306998,0.0013958431007388,2.2358929452833536,1.814522000000068,3.535997709478181,0.7779809424079669,0.3582737907535361,1.6816991435821862,2.302876039478459,0.3610138599512805,0.19321782597899384,0.0,S1,6,False,False,True,True,16,S1 S2b S4 S4+ S4B S4W S4C S4PD S4BT S4WT S4BD S4WD S4WD50 S4WT50 S4CT S4CT50,20261010-080637-f6-sweep-l8q16
20261010-080951-f6-an-l8q16-s1d,2026-10-10T08:10:24+00:00,l8q16,S1D,p90,3.69,local8,chat,bursty,0.1,0.0625,16.0,20.0,32,10,5 6 7 8 9 10 11 12 13 14,0,1,-0.044442059322202854,-0.1922749467677851,0.0559064065891923,3.7608624111873326,2.1628424331798897,10.176789196120184,1.205275071534286,0.652765019513816,2.012816222774126,2.6936671249657125,0.5382743129770475,0.3506747615588362,0.019435076711381272,S4CT,6,False,False,False,False,16,S1 S2b S4 S4+ S4B S4W S4C S4PD S4BT S4WT S4BD S4WD S4WD50 S4WT50 S4CT S4CT50,20261010-080637-f6-sweep-l8q16
20261010-080951-f6-an-l8q16-s1d,2026-10-10T08:10:24+00:00,l8q16,S1D,p90,3.69,local8,chat,bursty,0.1,0.125,16.0,20.0,32,10,5 6 7 8 9 10 11 12 13 14,0,0,0.0,-0.1302517457349291,0.0140540204184549,2.953776767387197,1.872127738432141,8.406114439684472,1.2139192565082653,0.6530385011844216,2.057511642842774,2.819278545300901,0.5311317724207811,0.3180125682116604,0.0,S4CT,6,False,False,False,False,16,S1 S2b S4 S4+ S4B S4W S4C S4PD S4BT S4WT S4BD S4WD S4WD50 S4WT50 S4CT S4CT50,20261010-080637-f6-sweep-l8q16
20261010-080951-f6-an-l8q16-s1d,2026-10-10T08:10:24+00:00,l8q16,S1D,p90,3.69,local8,chat,bursty,0.1,0.25,16.0,20.0,32,10,5 6 7 8 9 10 11 12 13 14,0,0,0.0,-0.0092427739908953,0.0,2.8372125295436206,1.8692531083022743,5.757689561647624,1.218309259894671,0.6532442636157334,2.0977594169450064,2.8751058432276517,0.5268852063894486,0.3028077909464598,0.0,S4BD,6,False,False,False,False,16,S1 S2b S4 S4+ S4B S4W S4C S4PD S4BT S4WT S4BD S4WD S4WD50 S4WT50 S4CT S4CT50,20261010-080637-f6-sweep-l8q16
20261010-080951-f6-an-l8q16-s1d,2026-10-10T08:10:24+00:00,l8q16,S1D,p90,3.69,local8,chat,bursty,0.2,0.0625,16.0,20.0,32,10,5 6 7 8 9 10 11 12 13 14,0,0,-0.054133976269001204,-0.1825179618844314,0.0,6.542577102670975,3.957053856513369,12.637107003560205,1.7022651490682095,1.108924592435081,2.179739564554538,3.4333788224951567,0.7039925989100013,0.5183428123312379,0.05191330671941361,S4W,6,False,False,False,False,16,S1 S2b S4 S4+ S4B S4W S4C S4PD S4BT S4WT S4BD S4WD S4WD50 S4WT50 S4CT S4CT50,20261010-080637-f6-sweep-l8q16
20261010-080951-f6-an-l8q16-s1d,2026-10-10T08:10:24+00:00,l8q16,S1D,p90,3.69,local8,chat,bursty,0.2,0.125,16.0,20.0,32,10,5 6 7 8 9 10 11 12 13 14,0,0,-0.00195346331375315,-0.0753885328590462,0.0322559257484993,5.034069568355136,2.2425387087067747,11.17607031126292,1.7201708384114291,1.1097140806939711,2.219700234828885,3.4892061204219074,0.6941554130209597,0.4706688925374328,0.0,S4CT,6,False,False,False,False,16,S1 S2b S4 S4+ S4B S4W S4C S4PD S4BT S4WT S4BD S4WD S4WD50 S4WT50 S4CT S4CT50,20261010-080637-f6-sweep-l8q16
20261010-080951-f6-an-l8q16-s1d,2026-10-10T08:10:24+00:00,l8q16,S1D,p90,3.69,local8,chat,bursty,0.2,0.25,16.0,20.0,32,10,5 6 7 8 9 10 11 12 13 14,0,0,0.0,-0.0105344008920152,0.0018616942283455,4.078599924301216,2.1964918893407344,10.357694710877697,1.7346711929229337,1.110308381619271,2.2323244149023167,3.586903891793721,0.6868348427765706,0.43502813397862383,0.0,S4BD,6,False,False,False,False,16,S1 S2b S4 S4+ S4B S4W S4C S4PD S4BT S4WT S4BD S4WD S4WD50 S4WT50 S4CT S4CT50,20261010-080637-f6-sweep-l8q16
20261010-080951-f6-an-l8q16-s1d,2026-10-10T08:10:24+00:00,l8q16,S1D,p90,3.69,local8,chat,bursty,0.4,0.0625,16.0,20.0,32,10,5 6 7 8 9 10 11 12 13 14,0,0,-0.0580185795611313,-0.1252688388683044,0.0322794083104533,10.093017589430943,4.518785914739311,15.480618992886376,2.0578448943129533,1.3817271501016586,2.627119847295064,4.256831466914727,0.7802976460577516,0.6499245780870985,0.11021289070499238,S4CT50,6,False,False,False,False,16,S1 S2b S4 S4+ S4B S4W S4C S4PD S4BT S4WT S4BD S4WD S4WD50 S4WT50 S4CT S4CT50,20261010-080637-f6-sweep-l8q16
20261010-080951-f6-an-l8q16-s1d,2026-10-10T08:10:24+00:00,l8q16,S1D,p90,3.69,local8,chat,bursty,0.4,0.125,16.0,20.0,32,10,5 6 7 8 9 10 11 12 13 14,0,0,-0.038309864982325054,-0.1214139082112726,0.026800155672074,8.213783960832217,4.542423174901899,14.482260675813308,2.1053178048891565,1.4093598015509972,2.7867752408737467,4.340572413804853,0.772878972440909,0.6091321360929168,0.00053763440860215,S4BD,6,False,False,False,False,16,S1 S2b S4 S4+ S4B S4W S4C S4PD S4BT S4WT S4BD S4WD S4WD50 S4WT50 S4CT S4CT50,20261010-080637-f6-sweep-l8q16
20261010-080951-f6-an-l8q16-s1d,2026-10-10T08:10:24+00:00,l8q16,S1D,p90,3.69,local8,chat,bursty,0.4,0.25,16.0,20.0,32,10,5 6 7 8 9 10 11 12 13 14,0,0,-0.0041597723718916,-0.0437236095526331,0.002565128021708,6.455756787826559,3.2481460959508865,11.745000135750049,2.155952220418577,1.413272896675351,3.104920764885472,4.424313360694979,0.7457161286336674,0.5534356216729728,0.0,S4BD,6,False,False,False,False,16,S1 S2b S4 S4+ S4B S4W S4C S4PD S4BT S4WT S4BD S4WD S4WD50 S4WT50 S4CT S4CT50,20261010-080637-f6-sweep-l8q16
20261010-080951-f6-an-l8q16-s1d,2026-10-10T08:10:24+00:00,l8q16,S1D,p90,3.69,local8,chat,poisson,0.05,0.0625,16.0,20.0,32,10,5 6 7 8 9 10 11 12 13 14,0,0,0.0,-0.1099009988413621,0.0133779538768985,2.0091714586156684,1.8145220000000108,2.331872149311039,0.5428287487098723,0.3863456075157602,0.6783458813289769,1.284027852315262,0.32806721076489576,0.1394327357667832,0.0,S4CT,6,False,False,True,True,16,S1 S2b S4 S4+ S4B S4W S4C S4PD S4BT S4WT S4BD S4WD S4WD50 S4WT50 S4CT S4CT50,20261010-080637-f6-sweep-l8q16
20261010-080951-f6-an-l8q16-s1d,2026-10-10T08:10:24+00:00,l8q16,S1D,p90,3.69,local8,chat,poisson,0.05,0.125,16.0,20.0,32,10,5 6 7 8 9 10 11 12 13 14,0,0,0.0,-0.0931962427637767,3.1530333899354446e-14,1.814522000000068,1.8145220000000108,2.081328770430275,0.5429599289985274,0.3863419853296413,0.6783458813289769,1.284027852315262,0.3238322497682969,0.13449341278226376,0.0,S1,6,False,False,True,True,16,S1 S2b S4 S4+ S4B S4W S4C S4PD S4BT S4WT S4BD S4WD S4WD50 S4WT50 S4CT S4CT50,20261010-080637-f6-sweep-l8q16
20261010-080951-f6-an-l8q16-s1d,2026-10-10T08:10:24+00:00,l8q16,S1D,p90,3.69,local8,chat,poisson,0.05,0.25,16.0,20.0,32,10,5 6 7 8 9 10 11 12 13 14,0,0,0.0,0.0,0.0,1.814522000000068,1.8145220000000108,1.870015751238327,0.5429593480094169,0.3863419853296413,0.6783458813289769,1.284027852315262,0.32045920474586004,0.13399183100187032,0.0,S1,6,False,False,True,True,16,S1 S2b S4 S4+ S4B S4W S4C S4PD S4BT S4WT S4BD S4WD S4WD50 S4WT50 S4CT S4CT50,20261010-080637-f6-sweep-l8q16
20261010-080951-f6-an-l8q16-s1d,2026-10-10T08:10:24+00:00,l8q16,S1D,p90,3.69,local8,chat,poisson,0.1,0.0625,16.0,20.0,32,10,5 6 7 8 9 10 11 12 13 14,0,0,-0.0325729786905033,-0.0722456878079608,0.0122634423537633,2.8967554626437533,2.2856440308669903,3.748237994359784,0.9652466130527785,0.6717529000694037,1.3210299659903342,1.8283440071010795,0.5214907783856072,0.2635293181990558,0.0,S4CT50,6,False,False,True,True,16,S1 S2b S4 S4+ S4B S4W S4C S4PD S4BT S4WT S4BD S4WD S4WD50 S4WT50 S4CT S4CT50,20261010-080637-f6-sweep-l8q16
20261010-080951-f6-an-l8q16-s1d,2026-10-10T08:10:24+00:00,l8q16,S1D,p90,3.69,local8,chat,poisson,0.1,0.125,16.0,20.0,32,10,5 6 7 8 9 10 11 12 13 14,0,0,0.0,-0.0848161823794639,0.0272047466466198,2.4500581168326647,1.8655129027194448,3.183056022573055,0.965242907973763,0.6726614443215738,1.3210299659903342,1.8004303581377044,0.5128936928508565,0.2449989719675357,0.0,S4CT,6,False,False,True,True,16,S1 S2b S4 S4+ S4B S4W S4C S4PD S4BT S4WT S4BD S4WD S4WD50 S4WT50 S4CT S4CT50,20261010-080637-f6-sweep-l8q16
20261010-080951-f6-an-l8q16-s1d,2026-10-10T08:10:24+00:00,l8q16,S1D,p90,3.69,local8,chat,poisson,0.1,0.25,16.0,20.0,32,10,5 6 7 8 9 10 11 12 13 14,0,0,0.0,-0.067393078030784,0.0029020775280204,2.2432142668007486,1.814522000000068,2.8710158457066086,0.9649739312996763,0.6726504641568005,1.3210299659903342,1.8283440071010795,0.5014641342568678,0.23843559036461898,0.0,S1,6,False,False,True,True,16,S1 S2b S4 S4+ S4B S4W S4C S4PD S4BT S4WT S4BD S4WD S4WD50 S4WT50 S4CT S4CT50,20261010-080637-f6-sweep-l8q16
20261010-080951-f6-an-l8q16-s1d,2026-10-10T08:10:24+00:00,l8q16,S1D,p90,3.69,local8,chat,poisson,0.2,0.0625,16.0,20.0,32,10,5 6 7 8 9 10 11 12 13 14,0,0,-0.08627934882496024,-0.2391941637706438,0.0034420446970582,3.684221841534253,3.0479525828332896,6.427141102903704,1.4845988650697453,1.056863084969654,1.925723204561045,2.7076239494474,0.6976093966737472,0.44013518545423747,0.01489587670466391,S4BT,6,False,False,False,False,16,S1 S2b S4 S4+ S4B S4W S4C S4PD S4BT S4WT S4BD S4WD S4WD50 S4WT50 S4CT S4CT50,20261010-080637-f6-sweep-l8q16
20261010-080951-f6-an-l8q16-s1d,2026-10-10T08:10:24+00:00,l8q16,S1D,p90,3.69,local8,chat,poisson,0.2,0.125,16.0,20.0,32,10,5 6 7 8 9 10 11 12 13 14,0,0,-0.00689032191766185,-0.1182820005429037,0.0023095947741456,3.1010929355928454,2.1216356425869947,5.709536623525963,1.4951789173988907,1.0643615047257224,1.931780755805481,2.7634512473741504,0.689455675878589,0.3971645010193773,0.0,S4BT,6,False,False,False,False,16,S1 S2b S4 S4+ S4B S4W S4C S4PD S4BT S4WT S4BD S4WD S4WD50 S4WT50 S4CT S4CT50,20261010-080637-f6-sweep-l8q16
20261010-080951-f6-an-l8q16-s1d,2026-10-10T08:10:24+00:00,l8q16,S1D,p90,3.69,local8,chat,poisson,0.2,0.25,16.0,20.0,32,10,5 6 7 8 9 10 11 12 13 14,0,0,0.0,-0.000855504623495,0.0,2.5302043380945705,2.123452265818173,4.057284312085841,1.4994361424963203,1.0644164909152436,1.9394034098379205,2.7774080718558385,0.6783827286492866,0.3733504103823515,0.0,S4BD,6,False,False,False,False,16,S1 S2b S4 S4+ S4B S4W S4C S4PD S4BT S4WT S4BD S4WD S4WD50 S4WT50 S4CT S4CT50,20261010-080637-f6-sweep-l8q16
20261010-080951-f6-an-l8q16-s1d,2026-10-10T08:10:24+00:00,l8q16,S1D,p90,3.69,local8,chat,poisson,0.4,0.0625,16.0,20.0,32,10,5 6 7 8 9 10 11 12 13 14,0,0,-0.06876849352604264,-0.2092365563891278,0.0399951934711677,8.200447227745798,5.147087420175495,14.14863698571304,1.8889652531537706,1.3434096636016546,2.457678716148483,3.4333788224951567,0.7614936469010657,0.5925978020228173,0.08323894614199528,S4BD,6,False,False,False,False,16,S1 S2b S4 S4+ S4B S4W S4C S4PD S4BT S4WT S4BD S4WD S4WD50 S4WT50 S4CT S4CT50,20261010-080637-f6-sweep-l8q16
20261010-080951-f6-an-l8q16-s1d,2026-10-10T08:10:24+00:00,l8q16,S1D,p90,3.69,local8,chat,poisson,0.4,0.125,16.0,20.0,32,10,5 6 7 8 9 10 11 12 13 14,0,1,-0.05891982503490415,-0.1610832129540073,0.0521306905212803,6.8081608817988695,4.605513883885294,11.588571287765348,1.91748902381445,1.350983886710044,2.471343990888649,3.558990242830346,0.7493496130271317,0.5461096869406795,0.0,S4CT50,6,False,False,False,False,16,S1 S2b S4 S4+ S4B S4W S4C S4PD S4BT S4WT S4BD S4WD S4WD50 S4WT50 S4CT S4CT50,20261010-080637-f6-sweep-l8q16
20261010-080951-f6-an-l8q16-s1d,2026-10-10T08:10:24+00:00,l8q16,S1D,p90,3.69,local8,chat,poisson,0.4,0.25,16.0,20.0,32,10,5 6 7 8 9 10 11 12 13 14,0,0,0.0,-0.0615973727677813,0.0117210630193698,4.5470368625088895,3.1319291026952385,7.431721478849653,1.9317583876609739,1.3541489768662238,2.4624012901154284,3.7683426100556603,0.7283051537167003,0.49391348004153757,0.0,S4BD,6,False,False,False,False,16,S1 S2b S4 S4+ S4B S4W S4C S4PD S4BT S4WT S4BD S4WD S4WD50 S4WT50 S4CT S4CT50,20261010-080637-f6-sweep-l8q16
20261010-080951-f6-an-l8q16-s1d,2026-10-10T08:10:24+00:00,l8q16,S1D,p90,3.69,local8,doc,bursty,0.05,0.0625,16.0,20.0,32,10,5 6 7 8 9 10 11 12 13 14,0,0,-0.00667209973104915,-0.0877193412165174,0.0271144463563466,19.37233704039545,7.02144962207953,59.52532107653002,1.0975556285777837,0.522255744418228,2.0047169373867604,4.467928437200253,0.2688377214788446,0.4771898026621345,0.10412193311965894,S4WD,6,False,False,False,False,16,S1 S2b S4 S4+ S4B S4W S4C S4PD S4BT S4WT S4BD S4WD S4WD50 S4WT50 S4CT S4CT50,20261010-080637-f6-sweep-l8q16
20261010-080951-f6-an-l8q16-s1d,2026-10-10T08:10:24+00:00,l8q16,S1D,p90,3.69,local8,doc,bursty,0.05,0.125,16.0,20.0,32,10,5 6 7 8 9 10 11 12 13 14,0,0,-0.0118463610525321,-0.0876284926653995,0.0063956329893291,14.647660779237867,6.624940182370835,55.71570896883202,1.111678984788552,0.5224433590347031,2.0704616991843987,4.467928437200253,0.27225014537638914,0.4345240033795876,0.036581795122598,S4W,6,False,False,False,False,16,S1 S2b S4 S4+ S4B S4W S4C S4PD S4BT S4WT S4BD S4WD S4WD50 S4WT50 S4CT S4CT50,20261010-080637-f6-sweep-l8q16
20261010-080951-f6-an-l8q16-s1d,2026-10-10T08:10:24+00:00,l8q16,S1D,p90,3.69,local8,doc,bursty,0.05,0.25,16.0,20.0,32,10,5 6 7 8 9 10 11 12 13 14,0,1,0.0,-0.0938616156359407,0.0548658451471695,11.697870079336838,4.823739898423384,46.812700438846605,1.1450670609106193,0.5257068587433413,2.225625339515967,4.469673040260464,0.2796785224280923,0.3641356813797326,0.0,S4CT50,6,False,False,False,False,16,S1 S2b S4 S4+ S4B S4W S4C S4PD S4BT S4WT S4BD S4WD S4WD50 S4WT50 S4CT S4CT50,20261010-080637-f6-sweep-l8q16
20261010-080951-f6-an-l8q16-s1d,2026-10-10T08:10:24+00:00,l8q16,S1D,p90,3.69,local8,doc,bursty,0.1,0.0625,16.0,20.0,32,10,5 6 7 8 9 10 11 12 13 14,0,0,-0.0041494034442867995,-0.154691677064612,0.0239248170221844,31.00453402649623,16.421448180069035,73.6311778110433,1.5756092053124278,0.9414690580775524,2.023018333589002,4.468800738730358,0.3879189858248307,0.6910715372847368,0.10440764990365814,S4BT,6,False,False,False,False,16,S1 S2b S4 S4+ S4B S4W S4C S4PD S4BT S4WT S4BD S4WD S4WD50 S4WT50 S4CT S4CT50,20261010-080637-f6-sweep-l8q16
20261010-080951-f6-an-l8q16-s1d,2026-10-10T08:10:24+00:00,l8q16,S1D,p90,3.69,local8,doc,bursty,0.1,0.125,16.0,20.0,32,10,5 6 7 8 9 10 11 12 13 14,0,0,-0.011788536242322,-0.0609408834953399,0.0209319825087472,28.818077207624953,15.062141180068975,71.42213170334526,1.6065710219624165,0.9420789285015464,2.060527159541447,4.469673040260464,0.3953579155726884,0.6444911067705117,0.03825130455237106,S4BT,6,False,False,False,False,16,S1 S2b S4 S4+ S4B S4W S4C S4PD S4BT S4WT S4BD S4WD S4WD50 S4WT50 S4CT S4CT50,20261010-080637-f6-sweep-l8q16
20261010-080951-f6-an-l8q16-s1d,2026-10-10T08:10:24+00:00,l8q16,S1D,p90,3.69,local8,doc,bursty,0.1,0.25,16.0,20.0,32,10,5 6 7 8 9 10 11 12 13 14,0,0,-0.01283687717717625,-0.0710489983011017,0.0469100364167467,25.331068844404143,12.28011030711707,70.7513309796891,1.6600028838242409,0.952744011503345,2.157385773419961,4.474034547910991,0.40706933965281716,0.5512050431819873,0.0,S4BD,6,False,False,False,False,16,S1 S2b S4 S4+ S4B S4W S4C S4PD S4BT S4WT S4BD S4WD S4WD50 S4WT50 S4CT S4CT50,20261010-080637-f6-sweep-l8q16
20261010-080951-f6-an-l8q16-s1d,2026-10-10T08:10:24+00:00,l8q16,S1D,p90,3.69,local8,doc,bursty,0.2,0.0625,16.0,20.0,32,10,5 6 7 8 9 10 11 12 13 14,0,0,0.0007964953394188001,-0.0755761117237399,0.0239248170221844,51.14460494559185,16.421448180069035,87.17496149129482,1.8901121757940373,1.572650115710748,2.323478015303151,4.467056135670147,0.46910816852597775,0.8389104796210033,0.10517012364726992,S4BT,6,False,False,False,False,16,S1 S2b S4 S4+ S4B S4W S4C S4PD S4BT S4WT S4BD S4WD S4WD50 S4WT50 S4CT S4CT50,20261010-080637-f6-sweep-l8q16
20261010-080951-f6-an-l8q16-s1d,2026-10-10T08:10:24+00:00,l8q16,S1D,p90,3.69,local8,doc,bursty,0.2,0.125,16.0,20.0,32,10,5 6 7 8 9 10 11 12 13 14,0,1,-0.0159331964889102,-0.0241752416395735,0.0844184431296664,47.035017994261494,15.062141180068975,87.17496149129482,1.9634244148616975,1.574352581301734,2.4056126663474493,4.523755735127002,0.4869353498228377,0.8136241608851866,0.04058564716324499,S4BT,6,False,False,False,False,16,S1 S2b S4 S4+ S4B S4W S4C S4PD S4BT S4WT S4BD S4WD S4WD50 S4WT50 S4CT S4CT50,20261010-080637-f6-sweep-l8q16
20261010-080951-f6-an-l8q16-s1d,2026-10-10T08:10:24+00:00,l8q16,S1D,p90,3.69,local8,doc,bursty,0.2,0.25,16.0,20.0,32,10,5 6 7 8 9 10 11 12 13 14,0,0,-0.0211409860314191,-0.214229907248054,0.0,45.03935698380923,12.280110307117695,87.17496149129482,2.106213605349336,1.6043653454328743,2.62719913639514,4.469673040260464,0.5190756722793803,0.7424376658282335,0.0,S4W,6,False,False,False,False,16,S1 S2b S4 S4+ S4B S4W S4C S4PD S4BT S4WT S4BD S4WD S4WD50 S4WT50 S4CT S4CT50,20261010-080637-f6-sweep-l8q16
20261010-080951-f6-an-l8q16-s1d,2026-10-10T08:10:24+00:00,l8q16,S1D,p90,3.69,local8,doc,bursty,0.4,0.0625,16.0,20.0,32,10,5 6 7 8 9 10 11 12 13 14,0,0,-0.0015385397803002001,-0.0150319220530574,0.0136673966570155,69.13774196233538,48.7815248794216,87.17496149129482,1.9895380922029626,1.5952088611695794,2.3441168083432222,4.467056135670147,0.49643110234789745,0.8897490284547376,0.10650298714018666,S4BT,6,False,False,False,False,16,S1 S2b S4 S4+ S4B S4W S4C S4PD S4BT S4WT S4BD S4WD S4WD50 S4WT50 S4CT S4CT50,20261010-080637-f6-sweep-l8q16
20261010-080951-f6-an-l8q16-s1d,2026-10-10T08:10:24+00:00,l8q16,S1D,p90,3.69,local8,doc,bursty,0.4,0.125,16.0,20.0,32,10,5 6 7 8 9 10 11 12 13 14,0,1,-0.0158899660522707,-0.0290422470568282,0.0909158076872092,67.95960085463749,43.1848843514708,87.17496149129482,2.0595746567027535,1.6630902591143906,2.4362078181295823,4.522883433596897,0.5139124550877296,0.8723403838474051,0.04248820005016708,S4BT,6,False,False,False,False,16,S1 S2b S4 S4+ S4B S4W S4C S4PD S4BT S4WT S4BD S4WD S4WD50 S4WT50 S4CT S4CT50,20261010-080637-f6-sweep-l8q16
20261010-080951-f6-an-l8q16-s1d,2026-10-10T08:10:24+00:00,l8q16,S1D,p90,3.69,local8,doc,bursty,0.4,0.25,16.0,20.0,32,10,5 6 7 8 9 10 11 12 13 14,0,1,-0.07145039142238135,-0.1371382263503455,0.0655138592308106,66.5596482319242,36.24604970138847,87.17496149129482,2.214154161295348,1.7437941723182977,2.628741329935578,4.522011132066792,0.5494318780462784,0.8237165089389891,0.0,S4C,6,False,False,False,False,16,S1 S2b S4 S4+ S4B S4W S4C S4PD S4BT S4WT S4BD S4WD S4WD50 S4WT50 S4CT S4CT50,20261010-080637-f6-sweep-l8q16
20261010-080951-f6-an-l8q16-s1d,2026-10-10T08:10:24+00:00,l8q16,S1D,p90,3.69,local8,doc,poisson,0.05,0.0625,16.0,20.0,32,10,5 6 7 8 9 10 11 12 13 14,0,0,-0.22189189458706932,-0.3580173500767568,-0.0428610137624214,5.018251188530996,2.607430999999906,8.066987409890771,0.8463245065132998,0.6132297240575506,1.0853338799759975,2.213028981877595,0.22321147123105756,0.3505262150333761,0.08292648314177359,S4CT,6,False,False,True,True,16,S1 S2b S4 S4+ S4B S4W S4C S4PD S4BT S4WT S4BD S4WD S4WD50 S4WT50 S4CT S4CT50,20261010-080637-f6-sweep-l8q16
20261010-080951-f6-an-l8q16-s1d,2026-10-10T08:10:24+00:00,l8q16,S1D,p90,3.69,local8,doc,poisson,0.05,0.125,16.0,20.0,32,10,5 6 7 8 9 10 11 12 13 14,0,1,-0.1427876168096929,-0.5942489524453971,0.0821479285420325,3.854359074255882,2.464358999999945,5.70360692509189,0.8477076601234461,0.613785908855355,1.0856357469537623,2.217390489528122,0.22356386303879866,0.29006024902942873,0.01348092083910316,S4CT,6,False,False,True,True,16,S1 S2b S4 S4+ S4B S4W S4C S4PD S4BT S4WT S4BD S4WD S4WD50 S4WT50 S4CT S4CT50,20261010-080637-f6-sweep-l8q16
20261010-080951-f6-an-l8q16-s1d,2026-10-10T08:10:24+00:00,l8q16,S1D,p90,3.69,local8,doc,poisson,0.05,0.25,16.0,20.0,32,10,5 6 7 8 9 10 11 12 13 14,0,0,0.0,-0.1307799616488617,0.0,2.731388490058748,0.9999162458005912,4.370062050108217,0.8532569084096551,0.6173121386134508,1.0922919257479202,2.276706993575295,0.2251000722667535,0.2543652220950372,0.0,S1,6,False,False,True,True,16,S1 S2b S4 S4+ S4B S4W S4C S4PD S4BT S4WT S4BD S4WD S4WD50 S4WT50 S4CT S4CT50,20261010-080637-f6-sweep-l8q16
20261010-080951-f6-an-l8q16-s1d,2026-10-10T08:10:24+00:00,l8q16,S1D,p90,3.69,local8,doc,poisson,0.1,0.0625,16.0,20.0,32,10,5 6 7 8 9 10 11 12 13 14,0,0,-0.0729796205269289,-0.3432131228141533,0.0338968892486106,10.722030466613859,5.521802897796306,22.342341114234443,1.450874333486269,1.053285221965724,1.9653757009454444,3.1045211456453923,0.37615821148520295,0.6240313526290202,0.08845156151200337,S4W,6,False,False,False,False,16,S1 S2b S4 S4+ S4B S4W S4C S4PD S4BT S4WT S4BD S4WD S4WD50 S4WT50 S4CT S4CT50,20261010-080637-f6-sweep-l8q16
20261010-080951-f6-an-l8q16-s1d,2026-10-10T08:10:24+00:00,l8q16,S1D,p90,3.69,local8,doc,poisson,0.1,0.125,16.0,20.0,32,10,5 6 7 8 9 10 11 12 13 14,0,0,-0.12348601914670909,-0.358666759405299,0.0246237570122251,8.93583300709858,4.013687323511931,16.24811455902315,1.4774545696824635,1.0562984549105332,2.032243998282483,3.0600337676100127,0.3847007929464832,0.5528007506085375,0.01895881017638642,S4CT50,6,False,False,False,False,16,S1 S2b S4 S4+ S4B S4W S4C S4PD S4BT S4WT S4BD S4WD S4WD50 S4WT50 S4CT S4CT50,20261010-080637-f6-sweep-l8q16
20261010-080951-f6-an-l8q16-s1d,2026-10-10T08:10:24+00:00,l8q16,S1D,p90,3.69,local8,doc,poisson,0.1,0.25,16.0,20.0,32,10,5 6 7 8 9 10 11 12 13 14,0,0,0.0,-0.0976695710554697,0.0288182456343597,6.429591895051217,2.0527234848927662,10.599200446008467,1.5058282824406937,1.0691922370015885,2.1174559735103444,3.236238676691319,0.3923561356014685,0.46526253814665913,0.0,S4CT,6,False,False,False,False,16,S1 S2b S4 S4+ S4B S4W S4C S4PD S4BT S4WT S4BD S4WD S4WD50 S4WT50 S4CT S4CT50,20261010-080637-f6-sweep-l8q16
20261010-080951-f6-an-l8q16-s1d,2026-10-10T08:10:24+00:00,l8q16,S1D,p90,3.69,local8,doc,poisson,0.2,0.0625,16.0,20.0,32,10,5 6 7 8 9 10 11 12 13 14,0,1,-0.0057218610363258,-0.12233372316072,0.059892008904723,35.918302634461554,14.225456055628229,56.03292546552419,1.8530602338923643,1.585498731291319,2.123006513640107,3.483100009711169,0.4722813680068844,0.8274166514280734,0.09597932860077645,S4+,6,False,False,False,False,16,S1 S2b S4 S4+ S4B S4W S4C S4PD S4BT S4WT S4BD S4WD S4WD50 S4WT50 S4CT S4CT50,20261010-080637-f6-sweep-l8q16
20261010-080951-f6-an-l8q16-s1d,2026-10-10T08:10:24+00:00,l8q16,S1D,p90,3.69,local8,doc,poisson,0.2,0.125,16.0,20.0,32,10,5 6 7 8 9 10 11 12 13 14,0,3,0.01016024571693785,-0.3386721139253726,0.0801376832195446,31.47746829312588,10.44465819094654,51.90576774867989,1.9396410012482725,1.5890764448600725,2.276189714520624,3.6610495218526866,0.49676902304243586,0.7915155127779141,0.02886845193177672,S4BD,6,False,False,False,False,16,S1 S2b S4 S4+ S4B S4W S4C S4PD S4BT S4WT S4BD S4WD S4WD50 S4WT50 S4CT S4CT50,20261010-080637-f6-sweep-l8q16
20261010-080951-f6-an-l8q16-s1d,2026-10-10T08:10:24+00:00,l8q16,S1D,p90,3.69,local8,doc,poisson,0.2,0.25,16.0,20.0,32,10,5 6 7 8 9 10 11 12 13 14,0,1,0.0005532586893741002,-0.068220395005129,0.0870782876217675,23.33740085585329,3.8881780188298194,41.512217830724325,2.0641486769256256,1.6526842074515806,2.4862782384769857,3.7282167396708084,0.527516313331184,0.6977478499229345,0.0,S4CT,6,False,False,False,False,16,S1 S2b S4 S4+ S4B S4W S4C S4PD S4BT S4WT S4BD S4WD S4WD50 S4WT50 S4CT S4CT50,20261010-080637-f6-sweep-l8q16
20261010-080951-f6-an-l8q16-s1d,2026-10-10T08:10:24+00:00,l8q16,S1D,p90,3.69,local8,doc,poisson,0.4,0.0625,16.0,20.0,32,10,5 6 7 8 9 10 11 12 13 14,0,0,-0.01271675500931475,-0.0441707305296839,-0.0015088155640711,63.056794895606174,57.4645946271738,77.88660630469388,1.9372150535274268,1.671928103054665,2.2181788983361925,4.251597657734094,0.4906339445120033,0.8775427575621368,0.10145529899633307,S4+,6,False,False,False,False,16,S1 S2b S4 S4+ S4B S4W S4C S4PD S4BT S4WT S4BD S4WD S4WD50 S4WT50 S4CT S4CT50,20261010-080637-f6-sweep-l8q16
20261010-080951-f6-an-l8q16-s1d,2026-10-10T08:10:24+00:00,l8q16,S1D,p90,3.69,local8,doc,poisson,0.4,0.125,16.0,20.0,32,10,5 6 7 8 9 10 11 12 13 14,0,0,-0.04711830865544945,-0.1378730123782701,-0.0088793513761918,61.926070951339085,54.72404173283502,77.75019835704288,2.0049389139830955,1.7204145089702914,2.3095652776331685,4.305680352600634,0.5078575310541591,0.8609713331157802,0.03753518281739681,S4C,6,False,False,False,False,16,S1 S2b S4 S4+ S4B S4W S4C S4PD S4BT S4WT S4BD S4WD S4WD50 S4WT50 S4CT S4CT50,20261010-080637-f6-sweep-l8q16
20261010-080951-f6-an-l8q16-s1d,2026-10-10T08:10:24+00:00,l8q16,S1D,p90,3.69,local8,doc,poisson,0.4,0.25,16.0,20.0,32,10,5 6 7 8 9 10 11 12 13 14,0,0,-0.09212608166822794,-0.1152426049946929,-0.0276436867788523,56.36839317869135,45.41964124905377,66.24222426889807,2.1697997673860745,1.7702572741925775,2.4532384850253472,4.421696456104662,0.5434022448943516,0.8044913050866871,0.0,S2b,6,False,False,False,False,16,S1 S2b S4 S4+ S4B S4W S4C S4PD S4BT S4WT S4BD S4WD S4WD50 S4WT50 S4CT S4CT50,20261010-080637-f6-sweep-l8q16
20261010-080951-f6-an-l8q16-s1d,2026-10-10T08:10:24+00:00,l8q16,S1D,p90,11.6,local8,chat,bursty,0.05,0.0625,16.0,20.0,32,10,5 6 7 8 9 10 11 12 13 14,1,1,-0.04039417564704155,-0.109239999833164,0.139983122834526,2.867975689025684,2.1620123617385048,5.090507937954442,0.7795615148355771,0.3582061925223088,1.7106578010409104,2.2889192149967714,0.3784649014873881,0.21471192200787176,0.00146322643781992,S1,6,False,False,True,True,16,S1 S2b S4 S4+ S4B S4W S4C S4PD S4BT S4WT S4BD S4WD S4WD50 S4WT50 S4CT S4CT50,20261010-080637-f6-sweep-l8q16
20261010-080951-f6-an-l8q16-s1d,2026-10-10T08:10:24+00:00,l8q16,S1D,p90,11.6,local8,chat,bursty,0.05,0.125,16.0,20.0,32,10,5 6 7 8 9 10 11 12 13 14,0,0,-0.01994548973224815,-0.0981172872262196,0.0,2.315230967294326,1.4681521724158983,3.82599169874436,0.7823792452627222,0.3582637606898443,1.724936028783024,2.2889192149967714,0.36747857761149594,0.1871125481003931,0.0,S4CT,6,False,False,True,True,16,S1 S2b S4 S4+ S4B S4W S4C S4PD S4BT S4WT S4BD S4WD S4WD50 S4WT50 S4CT S4CT50,20261010-080637-f6-sweep-l8q16
20261010-080951-f6-an-l8q16-s1d,2026-10-10T08:10:24+00:00,l8q16,S1D,p90,11.6,local8,chat,bursty,0.05,0.25,16.0,20.0,32,10,5 6 7 8 9 10 11 12 13 14,0,0,0.0,-0.0183312659495209,0.0422583324060714,1.7874010630323767,1.4681521724158983,2.8240992268012803,0.7824826422121978,0.3584999118347947,1.7207450781250686,2.3307896884418344,0.35657734886333065,0.17429837399194617,0.0,S1,6,False,False,True,True,16,S1 S2b S4 S4+ S4B S4W S4C S4PD S4BT S4WT S4BD S4WD S4WD50 S4WT50 S4CT S4CT50,20261010-080637-f6-sweep-l8q16
20261010-080951-f6-an-l8q16-s1d,2026-10-10T08:10:24+00:00,l8q16,S1D,p90,11.6,local8,chat,bursty,0.1,0.0625,16.0,20.0,32,10,5 6 7 8 9 10 11 12 13 14,0,0,-0.0908840115906534,-0.1889022538194097,-0.0018358077576781,4.390532927920219,2.3538957914609,10.12489368161215,1.2055946248194516,0.6529827717668879,2.0188561518961583,2.6657534760023376,0.5380053274706275,0.3489527323195901,0.019242601359376728,S4CT50,6,False,False,False,False,16,S1 S2b S4 S4+ S4B S4W S4C S4PD S4BT S4WT S4BD S4WD S4WD50 S4WT50 S4CT S4CT50,20261010-080637-f6-sweep-l8q16
20261010-080951-f6-an-l8q16-s1d,2026-10-10T08:10:24+00:00,l8q16,S1D,p90,11.6,local8,chat,bursty,0.1,0.125,16.0,20.0,32,10,5 6 7 8 9 10 11 12 13 14,0,0,-0.020345814273590848,-0.1981345781780755,0.0,3.1280766868771366,1.5778366838276838,8.535772790434976,1.2146260821483734,0.6531183944820883,2.0527684101975567,2.763451247374151,0.531692960746626,0.30703864802534275,0.0,S4CT50,6,False,False,False,False,16,S1 S2b S4 S4+ S4B S4W S4C S4PD S4BT S4WT S4BD S4WD S4WD50 S4WT50 S4CT S4CT50,20261010-080637-f6-sweep-l8q16
20261010-080951-f6-an-l8q16-s1d,2026-10-10T08:10:24+00:00,l8q16,S1D,p90,11.6,local8,chat,bursty,0.1,0.25,16.0,20.0,32,10,5 6 7 8 9 10 11 12 13 14,0,0,0.0,-0.0011148140510729,0.0,2.4254466204486107,1.4681521724135678,4.998821366525533,1.2226956393036479,0.6539963849604906,2.1116876827681086,2.903019492191027,0.5230108343535377,0.27569700845200357,0.0,S1,6,False,False,False,False,16,S1 S2b S4 S4+ S4B S4W S4C S4PD S4BT S4WT S4BD S4WD S4WD50 S4WT50 S4CT S4CT50,20261010-080637-f6-sweep-l8q16
20261010-080951-f6-an-l8q16-s1d,2026-10-10T08:10:24+00:00,l8q16,S1D,p90,11.6,local8,chat,bursty,0.2,0.0625,16.0,20.0,32,10,5 6 7 8 9 10 11 12 13 14,0,0,-0.03644691298068364,-0.1826162525936406,-0.0186130085320257,6.550364814035362,3.9917075403409967,12.578474222321034,1.702809688179146,1.1095531632199338,2.179842327148458,3.4333788224951567,0.7045863476464924,0.516865467862874,0.05211004937127711,S4W,6,False,False,False,False,16,S1 S2b S4 S4+ S4B S4W S4C S4PD S4BT S4WT S4BD S4WD S4WD50 S4WT50 S4CT S4CT50,20261010-080637-f6-sweep-l8q16
20261010-080951-f6-an-l8q16-s1d,2026-10-10T08:10:24+00:00,l8q16,S1D,p90,11.6,local8,chat,bursty,0.2,0.125,16.0,20.0,32,10,5 6 7 8 9 10 11 12 13 14,0,0,-0.0307656372479905,-0.1557262707451265,0.0,5.2288444606036535,2.3488679999999817,10.759598731062368,1.7237357797008375,1.1099448043498028,2.208807439173052,3.4752492959402197,0.6904593845803546,0.4594767251408537,0.0,S4CT,6,False,False,False,False,16,S1 S2b S4 S4+ S4B S4W S4C S4PD S4BT S4WT S4BD S4WD S4WD50 S4WT50 S4CT S4CT50,20261010-080637-f6-sweep-l8q16
20261010-080951-f6-an-l8q16-s1d,2026-10-10T08:10:24+00:00,l8q16,S1D,p90,11.6,local8,chat,bursty,0.2,0.25,16.0,20.0,32,10,5 6 7 8 9 10 11 12 13 14,0,0,-0.00088348589406525,-0.0257373488151638,0.0,3.3449764418626557,1.8466396558475824,9.759302804286849,1.7414217488678367,1.1124829543873267,2.25075285224437,3.628774365238784,0.680248086526776,0.4043173372082613,0.0,S4CT,6,False,False,False,False,16,S1 S2b S4 S4+ S4B S4W S4C S4PD S4BT S4WT S4BD S4WD S4WD50 S4WT50 S4CT S4CT50,20261010-080637-f6-sweep-l8q16
20261010-080951-f6-an-l8q16-s1d,2026-10-10T08:10:24+00:00,l8q16,S1D,p90,11.6,local8,chat,bursty,0.4,0.0625,16.0,20.0,32,10,5 6 7 8 9 10 11 12 13 14,0,0,-0.02848540749814565,-0.0819816662955686,0.0424808230108286,9.766047685628521,4.250132018455588,15.657932295405033,2.0573010122229625,1.3825421957805648,2.61507633679838,4.24287464243304,0.7768914892012837,0.6481733180932083,0.10909531540928433,S4CT,6,False,False,False,False,16,S1 S2b S4 S4+ S4B S4W S4C S4PD S4BT S4WT S4BD S4WD S4WD50 S4WT50 S4CT S4CT50,20261010-080637-f6-sweep-l8q16
20261010-080951-f6-an-l8q16-s1d,2026-10-10T08:10:24+00:00,l8q16,S1D,p90,11.6,local8,chat,bursty,0.4,0.125,16.0,20.0,32,10,5 6 7 8 9 10 11 12 13 14,0,0,-0.04960385069236625,-0.1130368120424135,0.0038003912554565,7.896626778453182,4.468649436001556,14.162839888569296,2.109390466868403,1.4089679213054132,2.8084726077071296,4.326615589323166,0.7731711780829029,0.6048347474432398,0.00073924731182795,S4W,6,False,False,False,False,16,S1 S2b S4 S4+ S4B S4W S4C S4PD S4BT S4WT S4BD S4WD S4WD50 S4WT50 S4CT S4CT50,20261010-080637-f6-sweep-l8q16
20261010-080951-f6-an-l8q16-s1d,2026-10-10T08:10:24+00:00,l8q16,S1D,p90,11.6,local8,chat,bursty,0.4,0.25,16.0,20.0,32,10,5 6 7 8 9 10 11 12 13 14,0,0,-0.034583975317568,-0.1735746836366974,0.0,5.5890093038562725,2.6891494838514234,10.445540871859976,2.1517798106259853,1.4145686388501395,3.042586319548465,4.480140658621729,0.7377862948206012,0.5239709969510281,0.0,S4BD,6,False,False,False,False,16,S1 S2b S4 S4+ S4B S4W S4C S4PD S4BT S4WT S4BD S4WD S4WD50 S4WT50 S4CT S4CT50,20261010-080637-f6-sweep-l8q16
20261010-080951-f6-an-l8q16-s1d,2026-10-10T08:10:24+00:00,l8q16,S1D,p90,11.6,local8,chat,poisson,0.05,0.0625,16.0,20.0,32,10,5 6 7 8 9 10 11 12 13 14,0,0,-0.0063706123899948,-0.0844135932986679,0.0004928481215524,1.8334730000000832,1.6386887718773837,2.236743165929284,0.5432122430342444,0.3865000300010112,0.678766305356603,1.2979846767969494,0.3301098117898972,0.13033510135144372,0.0,S4CT,6,False,False,True,True,16,S1 S2b S4 S4+ S4B S4W S4C S4PD S4BT S4WT S4BD S4WD S4WD50 S4WT50 S4CT S4CT50,20261010-080637-f6-sweep-l8q16
20261010-080951-f6-an-l8q16-s1d,2026-10-10T08:10:24+00:00,l8q16,S1D,p90,11.6,local8,chat,poisson,0.05,0.125,16.0,20.0,32,10,5 6 7 8 9 10 11 12 13 14,0,0,0.0,-0.1230332465493351,0.0,1.4681521724158983,1.4681521724135678,2.085959000000116,0.5433746198478069,0.3866695319390992,0.678766305356603,1.2979846767969494,0.3251192930852656,0.12108337926675214,0.0,S1,6,False,False,True,True,16,S1 S2b S4 S4+ S4B S4W S4C S4PD S4BT S4WT S4BD S4WD S4WD50 S4WT50 S4CT S4CT50,20261010-080637-f6-sweep-l8q16
20261010-080951-f6-an-l8q16-s1d,2026-10-10T08:10:24+00:00,l8q16,S1D,p90,11.6,local8,chat,poisson,0.05,0.25,16.0,20.0,32,10,5 6 7 8 9 10 11 12 13 14,0,0,0.0,0.0,0.0,1.4681521724158983,1.4681521724135678,1.7388740885637048,0.5433997222656075,0.3866695319390992,0.678766305356603,1.2979846767969494,0.32099152227413114,0.11905799233497946,0.0,S1,6,False,False,True,True,16,S1 S2b S4 S4+ S4B S4W S4C S4PD S4BT S4WT S4BD S4WD S4WD50 S4WT50 S4CT S4CT50,20261010-080637-f6-sweep-l8q16
20261010-080951-f6-an-l8q16-s1d,2026-10-10T08:10:24+00:00,l8q16,S1D,p90,11.6,local8,chat,poisson,0.1,0.0625,16.0,20.0,32,10,5 6 7 8 9 10 11 12 13 14,0,0,-0.016960297009532298,-0.0928712751228455,0.0313034522438608,2.873422050886063,2.0859590000000026,4.155452040470323,0.9644879014277239,0.6722525430057018,1.3226253512402482,1.8283440071010795,0.5247189523597587,0.25511324654831224,0.0,S4BD,6,False,False,True,True,16,S1 S2b S4 S4+ S4B S4W S4C S4PD S4BT S4WT S4BD S4WD S4WD50 S4WT50 S4CT S4CT50,20261010-080637-f6-sweep-l8q16
20261010-080951-f6-an-l8q16-s1d,2026-10-10T08:10:24+00:00,l8q16,S1D,p90,11.6,local8,chat,poisson,0.1,0.125,16.0,20.0,32,10,5 6 7 8 9 10 11 12 13 14,0,0,0.0,-0.0926509129041945,0.0206486235029061,2.3280304151014235,1.6085039575013411,2.963348000000053,0.9663143081862134,0.6736616298184415,1.3226253512402482,1.8283440071010795,0.5140446346465728,0.22868401738880112,0.0,S4CT,6,False,False,True,True,16,S1 S2b S4 S4+ S4B S4W S4C S4PD S4BT S4WT S4BD S4WD S4WD50 S4WT50 S4CT S4CT50,20261010-080637-f6-sweep-l8q16
20261010-080951-f6-an-l8q16-s1d,2026-10-10T08:10:24+00:00,l8q16,S1D,p90,11.6,local8,chat,poisson,0.1,0.25,16.0,20.0,32,10,5 6 7 8 9 10 11 12 13 14,0,0,0.0,-0.0110805385063613,0.0,1.8025067463377127,1.4681521724135678,2.195231765088465,0.9675763350247379,0.6736616298184415,1.3226253512402482,1.8562576560644548,0.5026559413007515,0.21244690414334802,0.0,S1,6,False,False,True,True,16,S1 S2b S4 S4+ S4B S4W S4C S4PD S4BT S4WT S4BD S4WD S4WD50 S4WT50 S4CT S4CT50,20261010-080637-f6-sweep-l8q16
20261010-080951-f6-an-l8q16-s1d,2026-10-10T08:10:24+00:00,l8q16,S1D,p90,11.6,local8,chat,poisson,0.2,0.0625,16.0,20.0,32,10,5 6 7 8 9 10 11 12 13 14,0,2,-0.09808956755012585,-0.1819821123638358,0.0985475763120957,3.8072372633916984,2.6078930000000184,6.212350761440206,1.4824064949832132,1.0602164118735506,1.9240738743511083,2.679710300484025,0.7024729017133382,0.4355361436287303,0.01404452861493489,S4CT,6,False,False,False,False,16,S1 S2b S4 S4+ S4B S4W S4C S4PD S4BT S4WT S4BD S4WD S4WD50 S4WT50 S4CT S4CT50,20261010-080637-f6-sweep-l8q16
20261010-080951-f6-an-l8q16-s1d,2026-10-10T08:10:24+00:00,l8q16,S1D,p90,11.6,local8,chat,poisson,0.2,0.125,16.0,20.0,32,10,5 6 7 8 9 10 11 12 13 14,0,1,-0.05035175535555425,-0.1291500582983825,0.0688212194283466,3.0338758143540474,1.5354076051470429,5.486822413248376,1.4975736517921399,1.0700470770758446,1.934795796181728,2.7355375984107755,0.692077541977803,0.3858881685827626,0.0,S4BD,6,False,False,False,False,16,S1 S2b S4 S4+ S4B S4W S4C S4PD S4BT S4WT S4BD S4WD S4WD50 S4WT50 S4CT S4CT50,20261010-080637-f6-sweep-l8q16
20261010-080951-f6-an-l8q16-s1d,2026-10-10T08:10:24+00:00,l8q16,S1D,p90,11.6,local8,chat,poisson,0.2,0.25,16.0,20.0,32,10,5 6 7 8 9 10 11 12 13 14,0,0,-0.0182870397251888,-0.0672147078370992,0.0,2.241563789007131,1.4681521724135678,3.964086293375345,1.503046981935245,1.0700470770758446,1.937861675516795,2.763451247374151,0.6800565788487071,0.34085182859356244,0.0,S1,6,False,False,False,False,16,S1 S2b S4 S4+ S4B S4W S4C S4PD S4BT S4WT S4BD S4WD S4WD50 S4WT50 S4CT S4CT50,20261010-080637-f6-sweep-l8q16
20261010-080951-f6-an-l8q16-s1d,2026-10-10T08:10:24+00:00,l8q16,S1D,p90,11.6,local8,chat,poisson,0.4,0.0625,16.0,20.0,32,10,5 6 7 8 9 10 11 12 13 14,0,0,-0.0603756989852682,-0.0902267015553464,-0.0055880899699045,8.018113279368393,5.090468017787174,14.803736655113283,1.8890702253998815,1.34468183203878,2.4601518077615614,3.405465173531782,0.7599738247537057,0.5902143532817397,0.08362673410551343,S4BD,6,False,False,False,False,16,S1 S2b S4 S4+ S4B S4W S4C S4PD S4BT S4WT S4BD S4WD S4WD50 S4WT50 S4CT S4CT50,20261010-080637-f6-sweep-l8q16
20261010-080951-f6-an-l8q16-s1d,2026-10-10T08:10:24+00:00,l8q16,S1D,p90,11.6,local8,chat,poisson,0.4,0.125,16.0,20.0,32,10,5 6 7 8 9 10 11 12 13 14,0,1,-0.029099282703396748,-0.1338549779944171,0.0517008313548297,6.457794985058499,4.066578303866123,12.422993398924262,1.9124379511832565,1.3532950274658866,2.47308006144494,3.558990242830346,0.7427926904372028,0.5339839050720685,0.0,S4CT50,6,False,False,False,False,16,S1 S2b S4 S4+ S4B S4W S4C S4PD S4BT S4WT S4BD S4WD S4WD50 S4WT50 S4CT S4CT50,20261010-080637-f6-sweep-l8q16
20261010-080951-f6-an-l8q16-s1d,2026-10-10T08:10:24+00:00,l8q16,S1D,p90,11.6,local8,chat,poisson,0.4,0.25,16.0,20.0,32,10,5 6 7 8 9 10 11 12 13 14,0,0,-0.0244079023508279,-0.0621513197840909,0.0466392063522864,3.8118482215344756,2.3887820000000204,6.326745066782564,1.9366022568941688,1.350420370939523,2.469313087495665,3.852083556945786,0.7224719946161579,0.4672563602723633,0.0,S4CT50,6,False,False,False,False,16,S1 S2b S4 S4+ S4B S4W S4C S4PD S4BT S4WT S4BD S4WD S4WD50 S4WT50 S4CT S4CT50,20261010-080637-f6-sweep-l8q16
20261010-080951-f6-an-l8q16-s1d,2026-10-10T08:10:24+00:00,l8q16,S1D,p90,11.6,local8,doc,bursty,0.05,0.0625,16.0,20.0,32,10,5 6 7 8 9 10 11 12 13 14,0,0,-0.0290925308293808,-0.1958207761740171,0.0251691329916288,19.349237563711085,7.62921062207954,59.52532107653002,1.0977715953917575,0.522255744418228,2.0048150982516595,4.467928437200253,0.26889083815021275,0.477698143102368,0.10412193311965894,S4CT50,6,False,False,False,False,16,S1 S2b S4 S4+ S4B S4W S4C S4PD S4BT S4WT S4BD S4WD S4WD50 S4WT50 S4CT S4CT50,20261010-080637-f6-sweep-l8q16
20261010-080951-f6-an-l8q16-s1d,2026-10-10T08:10:24+00:00,l8q16,S1D,p90,11.6,local8,doc,bursty,0.05,0.125,16.0,20.0,32,10,5 6 7 8 9 10 11 12 13 14,0,0,-0.005479810991654,-0.1048710499168043,0.0028986458676487,15.782123654237708,6.362635622079523,55.64996596883202,1.1126950788032648,0.5224433590347031,2.072584193220948,4.467928437200253,0.2724575665624397,0.43330985092845803,0.03653406382742113,S4BD,6,False,False,False,False,16,S1 S2b S4 S4+ S4B S4W S4C S4PD S4BT S4WT S4BD S4WD S4WD50 S4WT50 S4CT S4CT50,20261010-080637-f6-sweep-l8q16
20261010-080951-f6-an-l8q16-s1d,2026-10-10T08:10:24+00:00,l8q16,S1D,p90,11.6,local8,doc,bursty,0.05,0.25,16.0,20.0,32,10,5 6 7 8 9 10 11 12 13 14,0,0,-0.0299510923002962,-0.22119993803809,0.0279323899613408,12.000990747759971,3.886569898423376,47.340848547926896,1.141549401862774,0.5263826248428157,2.175775827031208,4.469673040260464,0.2794042388350134,0.3407505610472463,0.0,S4W,6,False,False,False,False,16,S1 S2b S4 S4+ S4B S4W S4C S4PD S4BT S4WT S4BD S4WD S4WD50 S4WT50 S4CT S4CT50,20261010-080637-f6-sweep-l8q16
20261010-080951-f6-an-l8q16-s1d,2026-10-10T08:10:24+00:00,l8q16,S1D,p90,11.6,local8,doc,bursty,0.1,0.0625,16.0,20.0,32,10,5 6 7 8 9 10 11 12 13 14,0,0,-0.00549297545726405,-0.1517166628620727,0.0207644127522366,31.00453402649623,16.421448180069035,73.6311778110433,1.5755941374601503,0.9414690580775524,2.023018333589002,4.468800738730358,0.3879153609618796,0.6919254374710746,0.10440764990365814,S4WD,6,False,False,False,False,16,S1 S2b S4 S4+ S4B S4W S4C S4PD S4BT S4WT S4BD S4WD S4WD50 S4WT50 S4CT S4CT50,20261010-080637-f6-sweep-l8q16
20261010-080951-f6-an-l8q16-s1d,2026-10-10T08:10:24+00:00,l8q16,S1D,p90,11.6,local8,doc,bursty,0.1,0.125,16.0,20.0,32,10,5 6 7 8 9 10 11 12 13 14,0,0,-0.0119794195206584,-0.0609408834953399,0.0239673103523649,28.590027162950875,15.066736722274529,71.42213170334526,1.606668201381791,0.9420789285015464,2.060527159541447,4.469673040260464,0.3954556108823249,0.6434298201809019,0.03820348220763864,S4BT,6,False,False,False,False,16,S1 S2b S4 S4+ S4B S4W S4C S4PD S4BT S4WT S4BD S4WD S4WD50 S4WT50 S4CT S4CT50,20261010-080637-f6-sweep-l8q16
20261010-080951-f6-an-l8q16-s1d,2026-10-10T08:10:24+00:00,l8q16,S1D,p90,11.6,local8,doc,bursty,0.1,0.25,16.0,20.0,32,10,5 6 7 8 9 10 11 12 13 14,0,0,-0.04441159586132995,-0.1178759453935351,0.0155033194272573,26.617254494892535,12.38161788977186,71.42213170334526,1.6619908916590815,0.9549658643288124,2.156100842871248,4.474034547910991,0.4086067739365258,0.5331223879789169,0.0,S2b,6,False,False,False,False,16,S1 S2b S4 S4+ S4B S4W S4C S4PD S4BT S4WT S4BD S4WD S4WD50 S4WT50 S4CT S4CT50,20261010-080637-f6-sweep-l8q16
20261010-080951-f6-an-l8q16-s1d,2026-10-10T08:10:24+00:00,l8q16,S1D,p90,11.6,local8,doc,bursty,0.2,0.0625,16.0,20.0,32,10,5 6 7 8 9 10 11 12 13 14,0,0,-0.00241123450946975,-0.0343433644826804,0.0206585408525641,51.14460494559185,16.421448180069035,87.17496149129482,1.8898788126870714,1.572650115710748,2.323478015303151,4.467056135670147,0.46905072243305385,0.8400270763377584,0.10517012364726992,S4BT,6,False,False,False,False,16,S1 S2b S4 S4+ S4B S4W S4C S4PD S4BT S4WT S4BD S4WD S4WD50 S4WT50 S4CT S4CT50,20261010-080637-f6-sweep-l8q16
20261010-080951-f6-an-l8q16-s1d,2026-10-10T08:10:24+00:00,l8q16,S1D,p90,11.6,local8,doc,bursty,0.2,0.125,16.0,20.0,32,10,5 6 7 8 9 10 11 12 13 14,0,1,-0.0187695132101341,-0.0463620153497448,0.0844184431296664,46.4076640142017,15.066736722274529,87.17496149129482,1.9570473616047004,1.574352581301734,2.393739784221097,4.523755735127002,0.4853377834520954,0.8122160391977638,0.04058564716324499,S4BT,6,False,False,False,False,16,S1 S2b S4 S4+ S4B S4W S4C S4PD S4BT S4WT S4BD S4WD S4WD50 S4WT50 S4CT S4CT50,20261010-080637-f6-sweep-l8q16
20261010-080951-f6-an-l8q16-s1d,2026-10-10T08:10:24+00:00,l8q16,S1D,p90,11.6,local8,doc,bursty,0.2,0.25,16.0,20.0,32,10,5 6 7 8 9 10 11 12 13 14,0,0,-0.061899281371513,-0.3295130212665461,0.003401592761141,44.999746619112244,12.3816178897726,87.17496149129482,2.0932426559224426,1.6106758288016478,2.5736047946512364,4.469673040260464,0.5174014881585891,0.736374804347824,0.0,S2b,6,False,False,False,False,16,S1 S2b S4 S4+ S4B S4W S4C S4PD S4BT S4WT S4BD S4WD S4WD50 S4WT50 S4CT S4CT50,20261010-080637-f6-sweep-l8q16
20261010-080951-f6-an-l8q16-s1d,2026-10-10T08:10:24+00:00,l8q16,S1D,p90,11.6,local8,doc,bursty,0.4,0.0625,16.0,20.0,32,10,5 6 7 8 9 10 11 12 13 14,0,0,-0.0015385397803002001,-0.0150319220530574,0.008910192925204,69.13774196233538,48.92662762589464,87.17496149129482,1.9905787116320952,1.5949084130815046,2.3443856340182285,4.467056135670147,0.49679023104320486,0.8908925237412401,0.10650298714018666,S4BT,6,False,False,False,False,16,S1 S2b S4 S4+ S4B S4W S4C S4PD S4BT S4WT S4BD S4WD S4WD50 S4WT50 S4CT S4CT50,20261010-080637-f6-sweep-l8q16
20261010-080951-f6-an-l8q16-s1d,2026-10-10T08:10:24+00:00,l8q16,S1D,p90,11.6,local8,doc,bursty,0.4,0.125,16.0,20.0,32,10,5 6 7 8 9 10 11 12 13 14,0,1,-0.0157580533155956,-0.0328167889071877,0.0902947919583663,67.95960085463749,43.18488435147072,87.17496149129482,2.056029381624979,1.6591346557430688,2.4367886154844727,4.467056135670147,0.5130244136986758,0.8726379584535537,0.04248820005016708,S4BD,6,False,False,False,False,16,S1 S2b S4 S4+ S4B S4W S4C S4PD S4BT S4WT S4BD S4WD S4WD50 S4WT50 S4CT S4CT50,20261010-080637-f6-sweep-l8q16
20261010-080951-f6-an-l8q16-s1d,2026-10-10T08:10:24+00:00,l8q16,S1D,p90,11.6,local8,doc,bursty,0.4,0.25,16.0,20.0,32,10,5 6 7 8 9 10 11 12 13 14,1,1,-0.08767776350089235,-0.1600821440667222,0.1200408730499345,66.5596482319242,34.636071081115176,87.17496149129482,2.204952035716026,1.7531896746515778,2.6113423498364936,4.468800738730358,0.5489881649735974,0.8221601094747275,0.0,S4C,6,False,False,False,False,16,S1 S2b S4 S4+ S4B S4W S4C S4PD S4BT S4WT S4BD S4WD S4WD50 S4WT50 S4CT S4CT50,20261010-080637-f6-sweep-l8q16
20261010-080951-f6-an-l8q16-s1d,2026-10-10T08:10:24+00:00,l8q16,S1D,p90,11.6,local8,doc,poisson,0.05,0.0625,16.0,20.0,32,10,5 6 7 8 9 10 11 12 13 14,0,0,-0.21350344478847974,-0.3977920770274761,-0.0323918384658615,4.976313214223694,2.607430999999906,8.066987409890771,0.8463245065132998,0.6132297240575506,1.0853338799759975,2.2121566803474897,0.22314240632947624,0.3489236672015178,0.08283040677944545,S4CT,6,False,False,True,True,16,S1 S2b S4 S4+ S4B S4W S4C S4PD S4BT S4WT S4BD S4WD S4WD50 S4WT50 S4CT S4CT50,20261010-080637-f6-sweep-l8q16
20261010-080951-f6-an-l8q16-s1d,2026-10-10T08:10:24+00:00,l8q16,S1D,p90,11.6,local8,doc,poisson,0.05,0.125,16.0,20.0,32,10,5 6 7 8 9 10 11 12 13 14,1,2,-0.2718853753178732,-0.6908291019436427,0.1869074497405871,3.8763414476043185,2.395784999999933,5.712220409891188,0.8477036812653796,0.613785908855355,1.0856357469537623,2.2732177874548727,0.22332200974340646,0.2765564450796199,0.01295844526455718,S4CT,6,False,False,True,True,16,S1 S2b S4 S4+ S4B S4W S4C S4PD S4BT S4WT S4BD S4WD S4WD50 S4WT50 S4CT S4CT50,20261010-080637-f6-sweep-l8q16
20261010-080951-f6-an-l8q16-s1d,2026-10-10T08:10:24+00:00,l8q16,S1D,p90,11.6,local8,doc,poisson,0.05,0.25,16.0,20.0,32,10,5 6 7 8 9 10 11 12 13 14,0,1,0.0,-0.0802010620847003,0.0635737921272503,1.746368743984121,0.4937904526976808,4.670379934741334,0.8547160615714681,0.6180822186607647,1.0942117197356322,2.276706993575295,0.22492097398119423,0.22232513534419313,0.0,S4CT,6,False,False,True,True,16,S1 S2b S4 S4+ S4B S4W S4C S4PD S4BT S4WT S4BD S4WD S4WD50 S4WT50 S4CT S4CT50,20261010-080637-f6-sweep-l8q16
20261010-080951-f6-an-l8q16-s1d,2026-10-10T08:10:24+00:00,l8q16,S1D,p90,11.6,local8,doc,poisson,0.1,0.0625,16.0,20.0,32,10,5 6 7 8 9 10 11 12 13 14,0,0,-0.08197026400784299,-0.3403623672364264,0.0075711825946873,10.85709180770695,5.521802897796306,22.342341114234443,1.4509858679811494,1.053285221965724,1.965964154153872,3.0486938477186416,0.3763229238577992,0.6244301418223641,0.08826088025630222,S4W,6,False,False,False,False,16,S1 S2b S4 S4+ S4B S4W S4C S4PD S4BT S4WT S4BD S4WD S4WD50 S4WT50 S4CT S4CT50,20261010-080637-f6-sweep-l8q16
20261010-080951-f6-an-l8q16-s1d,2026-10-10T08:10:24+00:00,l8q16,S1D,p90,11.6,local8,doc,poisson,0.1,0.125,16.0,20.0,32,10,5 6 7 8 9 10 11 12 13 14,0,0,-0.11797852226108589,-0.3668703969128313,-0.0315699499253842,9.779676238142144,4.135410760515242,15.561089060736208,1.47795007941607,1.0557799419078535,2.0346691969723576,3.060906069140118,0.38335277780716454,0.5438157907845325,0.01900776631660956,S4CT50,6,False,False,False,False,16,S1 S2b S4 S4+ S4B S4W S4C S4PD S4BT S4WT S4BD S4WD S4WD50 S4WT50 S4CT S4CT50,20261010-080637-f6-sweep-l8q16
20261010-080951-f6-an-l8q16-s1d,2026-10-10T08:10:24+00:00,l8q16,S1D,p90,11.6,local8,doc,poisson,0.1,0.25,16.0,20.0,32,10,5 6 7 8 9 10 11 12 13 14,0,2,0.0054032988566752,-0.1252664462357842,0.0812661093198137,5.113047280904283,3.1326277727127945,9.137858945499886,1.5100601985853916,1.072000570252842,2.1246823893513063,3.1804113787645685,0.3900418014366974,0.42619417062953335,0.0,S4CT,6,False,False,False,False,16,S1 S2b S4 S4+ S4B S4W S4C S4PD S4BT S4WT S4BD S4WD S4WD50 S4WT50 S4CT S4CT50,20261010-080637-f6-sweep-l8q16
20261010-080951-f6-an-l8q16-s1d,2026-10-10T08:10:24+00:00,l8q16,S1D,p90,11.6,local8,doc,poisson,0.2,0.0625,16.0,20.0,32,10,5 6 7 8 9 10 11 12 13 14,0,0,-0.01327212950542455,-0.0697034894691606,0.0062007593806348,35.84847863446157,15.018522590668084,55.34214905104952,1.8520910073521701,1.5848439237487604,2.114842671633365,3.42901731484463,0.472152313585749,0.8284323351037977,0.09569356652924839,S4BT,6,False,False,False,False,16,S1 S2b S4 S4+ S4B S4W S4C S4PD S4BT S4WT S4BD S4WD S4WD50 S4WT50 S4CT S4CT50,20261010-080637-f6-sweep-l8q16
20261010-080951-f6-an-l8q16-s1d,2026-10-10T08:10:24+00:00,l8q16,S1D,p90,11.6,local8,doc,poisson,0.2,0.125,16.0,20.0,32,10,5 6 7 8 9 10 11 12 13 14,0,2,0.023587361766581452,-0.3416184084622784,0.0572957865526899,31.540480119408244,9.220207612058232,50.398510605132174,1.9304814886154502,1.5826820615622978,2.260022140345232,3.6601772203225815,0.49265761075987696,0.7888350214805089,0.029581582632271543,S4BD,6,False,False,False,False,16,S1 S2b S4 S4+ S4B S4W S4C S4PD S4BT S4WT S4BD S4WD S4WD50 S4WT50 S4CT S4CT50,20261010-080637-f6-sweep-l8q16
20261010-080951-f6-an-l8q16-s1d,2026-10-10T08:10:24+00:00,l8q16,S1D,p90,11.6,local8,doc,poisson,0.2,0.25,16.0,20.0,32,10,5 6 7 8 9 10 11 12 13 14,0,2,-0.019271670798996297,-0.070260077283907,0.091143807169078,22.810483995251722,3.5380416052743726,41.89809068167534,2.0727782788884754,1.6543889272732724,2.485013613228668,3.8389990339942037,0.5244097664702752,0.6844762361265472,0.0,S4CT,6,False,False,False,False,16,S1 S2b S4 S4+ S4B S4W S4C S4PD S4BT S4WT S4BD S4WD S4WD50 S4WT50 S4CT S4CT50,20261010-080637-f6-sweep-l8q16
20261010-080951-f6-an-l8q16-s1d,2026-10-10T08:10:24+00:00,l8q16,S1D,p90,11.6,local8,doc,poisson,0.4,0.0625,16.0,20.0,32,10,5 6 7 8 9 10 11 12 13 14,0,0,-0.015176018653743049,-0.0398891880533714,-0.0015088155640711,63.056794895606174,56.46478672272019,77.88660630469388,1.9346216159485443,1.6723474767084732,2.199367537557912,4.1957703598073435,0.49029977029646554,0.8776156360855284,0.10131210090564095,S4+,6,False,False,False,False,16,S1 S2b S4 S4+ S4B S4W S4C S4PD S4BT S4WT S4BD S4WD S4WD50 S4WT50 S4CT S4CT50,20261010-080637-f6-sweep-l8q16
20261010-080951-f6-an-l8q16-s1d,2026-10-10T08:10:24+00:00,l8q16,S1D,p90,11.6,local8,doc,poisson,0.4,0.125,16.0,20.0,32,10,5 6 7 8 9 10 11 12 13 14,0,0,-0.03845612260288955,-0.1718309327930425,-0.0004256145039857,61.74450517713184,53.08743049033794,77.75019835704288,2.003561094318981,1.7179882541407687,2.3344563760892734,4.250725356203989,0.507206134230324,0.8608447013786078,0.03767758959102493,S2b,6,False,False,False,False,16,S1 S2b S4 S4+ S4B S4W S4C S4PD S4BT S4WT S4BD S4WD S4WD50 S4WT50 S4CT S4CT50,20261010-080637-f6-sweep-l8q16
20261010-080951-f6-an-l8q16-s1d,2026-10-10T08:10:24+00:00,l8q16,S1D,p90,11.6,local8,doc,poisson,0.4,0.25,16.0,20.0,32,10,5 6 7 8 9 10 11 12 13 14,0,0,-0.13345475173307655,-0.1777861494257425,-0.056011195086583,57.102153373353474,46.1856476752443,70.38779030314274,2.14620946784253,1.7487157318029862,2.412035785422698,4.311786463311373,0.5407725546057366,0.8058393530273879,0.0,S4B,6,False,False,False,False,16,S1 S2b S4 S4+ S4B S4W S4C S4PD S4BT S4WT S4BD S4WD S4WD50 S4WT50 S4CT S4CT50,20261010-080637-f6-sweep-l8q16
