run_id,ts,trace,cpu_frac,cpu_gibps,ssd,gpu_blocks,metric,src_sim_run,best_deferred,T_def,W_def_policy,W_def,klass,x_policy,T_x,W_x,gap_T,gap_W
20261010-060103-d4-gap2b,2026-10-10T06:01:03+00:00,conversation,0.1,3.69,local,0,ttft_total_s,20261010-055332-d4-sim2,LRU+WT,11695.355471,LRU+WB,167727.0,kev_a,KEVa+WBR,12539.449046,0.0,-0.072173,1.0
20261010-060103-d4-gap2b,2026-10-10T06:01:03+00:00,conversation,0.1,3.69,local,0,ttft_total_s,20261010-055332-d4-sim2,LRU+WT,11695.355471,LRU+WB,167727.0,kev_b,KEVb+WB,12413.749291,165230.0,-0.061426,0.014887
20261010-060103-d4-gap2b,2026-10-10T06:01:03+00:00,conversation,0.1,3.69,local,0,ttft_total_s,20261010-055332-d4-sim2,LRU+WT,11695.355471,LRU+WB,167727.0,opt,OPT-COST,11695.355471,44144.0,0.0,0.73681
20261010-060103-d4-gap2b,2026-10-10T06:01:03+00:00,conversation,0.1,3.69,local,0,ttft_total_s,20261010-055332-d4-sim2,LRU+WT,11695.355471,LRU+WB,167727.0,wtp_a,WTPa+WTR,11695.355471,44144.0,0.0,0.73681
20261010-060103-d4-gap2b,2026-10-10T06:01:03+00:00,conversation,0.1,3.69,local,0,ttft_total_s,20261010-055332-d4-sim2,LRU+WT,11695.355471,LRU+WB,167727.0,wtp_b,WTPb+WB,12368.123043,165409.0,-0.057524,0.01382
20261010-060103-d4-gap2b,2026-10-10T06:01:03+00:00,conversation,0.1,3.69,local,0,ttft_reuse_s,20261010-055332-d4-sim2,LRU+WT,946.387455,LRU+WT,182790.0,kev_a,KEVa+WBR,1790.48103,0.0,-0.891911,1.0
20261010-060103-d4-gap2b,2026-10-10T06:01:03+00:00,conversation,0.1,3.69,local,0,ttft_reuse_s,20261010-055332-d4-sim2,LRU+WT,946.387455,LRU+WT,182790.0,kev_b,KEVb+WB,1664.781275,165230.0,-0.759091,0.096067
20261010-060103-d4-gap2b,2026-10-10T06:01:03+00:00,conversation,0.1,3.69,local,0,ttft_reuse_s,20261010-055332-d4-sim2,LRU+WT,946.387455,LRU+WT,182790.0,opt,OPT-COST,946.387455,44144.0,0.0,0.758499
20261010-060103-d4-gap2b,2026-10-10T06:01:03+00:00,conversation,0.1,3.69,local,0,ttft_reuse_s,20261010-055332-d4-sim2,LRU+WT,946.387455,LRU+WT,182790.0,wtp_a,WTPa+WTR,946.387455,44144.0,0.0,0.758499
20261010-060103-d4-gap2b,2026-10-10T06:01:03+00:00,conversation,0.1,3.69,local,0,ttft_reuse_s,20261010-055332-d4-sim2,LRU+WT,946.387455,LRU+WT,182790.0,wtp_b,WTPb+WB,1619.155027,165409.0,-0.71088,0.095087
20261010-060103-d4-gap2b,2026-10-10T06:01:03+00:00,conversation,0.1,3.69,local,0,ttft_cake_s,20261010-055332-d4-sim2,LRU+WT,11525.023209,LRU+WB,167727.0,kev_a,KEVa+WBR,12026.610045,0.0,-0.043522,1.0
20261010-060103-d4-gap2b,2026-10-10T06:01:03+00:00,conversation,0.1,3.69,local,0,ttft_cake_s,20261010-055332-d4-sim2,LRU+WT,11525.023209,LRU+WB,167727.0,kev_b,KEVb+WB,11952.701905,165230.0,-0.037109,0.014887
20261010-060103-d4-gap2b,2026-10-10T06:01:03+00:00,conversation,0.1,3.69,local,0,ttft_cake_s,20261010-055332-d4-sim2,LRU+WT,11525.023209,LRU+WB,167727.0,opt,OPT-COST,11525.023209,44144.0,0.0,0.73681
20261010-060103-d4-gap2b,2026-10-10T06:01:03+00:00,conversation,0.1,3.69,local,0,ttft_cake_s,20261010-055332-d4-sim2,LRU+WT,11525.023209,LRU+WB,167727.0,wtp_a,WTPa+WTR,11525.023209,44144.0,0.0,0.73681
20261010-060103-d4-gap2b,2026-10-10T06:01:03+00:00,conversation,0.1,3.69,local,0,ttft_cake_s,20261010-055332-d4-sim2,LRU+WT,11525.023209,LRU+WB,167727.0,wtp_b,WTPb+WB,11923.99713,165409.0,-0.034618,0.01382
20261010-060103-d4-gap2b,2026-10-10T06:01:03+00:00,conversation,0.1,3.69,local,2400,ttft_total_s,20261010-055332-d4-sim2,LRU+WT,11547.725832,LRU+WB,167728.0,kev_a,KEVa+WBR,12260.146878,0.0,-0.061694,1.0
20261010-060103-d4-gap2b,2026-10-10T06:01:03+00:00,conversation,0.1,3.69,local,2400,ttft_total_s,20261010-055332-d4-sim2,LRU+WT,11547.725832,LRU+WB,167728.0,kev_b,KEVb+WB,12200.243463,164849.0,-0.056506,0.017165
20261010-060103-d4-gap2b,2026-10-10T06:01:03+00:00,conversation,0.1,3.69,local,2400,ttft_total_s,20261010-055332-d4-sim2,LRU+WT,11547.725832,LRU+WB,167728.0,opt,OPT-COST,11547.725832,43436.0,0.0,0.741033
20261010-060103-d4-gap2b,2026-10-10T06:01:03+00:00,conversation,0.1,3.69,local,2400,ttft_total_s,20261010-055332-d4-sim2,LRU+WT,11547.725832,LRU+WB,167728.0,wtp_a,WTPa+WTR,11547.725832,43436.0,0.0,0.741033
20261010-060103-d4-gap2b,2026-10-10T06:01:03+00:00,conversation,0.1,3.69,local,2400,ttft_total_s,20261010-055332-d4-sim2,LRU+WT,11547.725832,LRU+WB,167728.0,wtp_b,WTPb+WB,12188.066349,165383.0,-0.055452,0.013981
20261010-060103-d4-gap2b,2026-10-10T06:01:03+00:00,conversation,0.1,3.69,local,2400,ttft_reuse_s,20261010-055332-d4-sim2,LRU+WT,798.757816,LRU+WT,182790.0,kev_a,KEVa+WBR,1511.178862,0.0,-0.891911,1.0
20261010-060103-d4-gap2b,2026-10-10T06:01:03+00:00,conversation,0.1,3.69,local,2400,ttft_reuse_s,20261010-055332-d4-sim2,LRU+WT,798.757816,LRU+WT,182790.0,kev_b,KEVb+WB,1451.275447,164849.0,-0.816915,0.098151
20261010-060103-d4-gap2b,2026-10-10T06:01:03+00:00,conversation,0.1,3.69,local,2400,ttft_reuse_s,20261010-055332-d4-sim2,LRU+WT,798.757816,LRU+WT,182790.0,opt,OPT-COST,798.757816,43436.0,0.0,0.762372
20261010-060103-d4-gap2b,2026-10-10T06:01:03+00:00,conversation,0.1,3.69,local,2400,ttft_reuse_s,20261010-055332-d4-sim2,LRU+WT,798.757816,LRU+WT,182790.0,wtp_a,WTPa+WTR,798.757816,43436.0,0.0,0.762372
20261010-060103-d4-gap2b,2026-10-10T06:01:03+00:00,conversation,0.1,3.69,local,2400,ttft_reuse_s,20261010-055332-d4-sim2,LRU+WT,798.757816,LRU+WT,182790.0,wtp_b,WTPb+WB,1439.098333,165383.0,-0.80167,0.095229
20261010-060103-d4-gap2b,2026-10-10T06:01:03+00:00,conversation,0.1,3.69,nfs,0,ttft_total_s,20261010-055332-d4-sim2,ARC+WB,13484.861415,ARC+NONE,0.0,kev_a,KEVa+WBR,12539.449046,0.0,0.070109,0.0
20261010-060103-d4-gap2b,2026-10-10T06:01:03+00:00,conversation,0.1,3.69,nfs,0,ttft_total_s,20261010-055332-d4-sim2,ARC+WB,13484.861415,ARC+NONE,0.0,kev_b,KEVb+WB,12639.373381,2249.0,0.062699,0.0
20261010-060103-d4-gap2b,2026-10-10T06:01:03+00:00,conversation,0.1,3.69,nfs,0,ttft_total_s,20261010-055332-d4-sim2,ARC+WB,13484.861415,ARC+NONE,0.0,opt,OPT-BELADY,12539.449046,0.0,0.070109,0.0
20261010-060103-d4-gap2b,2026-10-10T06:01:03+00:00,conversation,0.1,3.69,nfs,0,ttft_total_s,20261010-055332-d4-sim2,ARC+WB,13484.861415,ARC+NONE,0.0,wtp_a,WTPa+WBR,12539.449046,0.0,0.070109,0.0
20261010-060103-d4-gap2b,2026-10-10T06:01:03+00:00,conversation,0.1,3.69,nfs,0,ttft_total_s,20261010-055332-d4-sim2,ARC+WB,13484.861415,ARC+NONE,0.0,wtp_b,WTPb+WB,12748.892443,2302.0,0.054577,0.0
20261010-060103-d4-gap2b,2026-10-10T06:01:03+00:00,conversation,0.1,3.69,nfs,0,ttft_reuse_s,20261010-055332-d4-sim2,ARC+WB,2735.893399,ARC+NONE,0.0,kev_a,KEVa+WBR,1790.48103,0.0,0.345559,0.0
20261010-060103-d4-gap2b,2026-10-10T06:01:03+00:00,conversation,0.1,3.69,nfs,0,ttft_reuse_s,20261010-055332-d4-sim2,ARC+WB,2735.893399,ARC+NONE,0.0,kev_b,KEVb+WB,1890.405365,2249.0,0.309035,0.0
20261010-060103-d4-gap2b,2026-10-10T06:01:03+00:00,conversation,0.1,3.69,nfs,0,ttft_reuse_s,20261010-055332-d4-sim2,ARC+WB,2735.893399,ARC+NONE,0.0,opt,OPT-BELADY,1790.48103,0.0,0.345559,0.0
20261010-060103-d4-gap2b,2026-10-10T06:01:03+00:00,conversation,0.1,3.69,nfs,0,ttft_reuse_s,20261010-055332-d4-sim2,ARC+WB,2735.893399,ARC+NONE,0.0,wtp_a,WTPa+WBR,1790.48103,0.0,0.345559,0.0
20261010-060103-d4-gap2b,2026-10-10T06:01:03+00:00,conversation,0.1,3.69,nfs,0,ttft_reuse_s,20261010-055332-d4-sim2,ARC+WB,2735.893399,ARC+NONE,0.0,wtp_b,WTPb+WB,1999.924427,2302.0,0.269005,0.0
20261010-060103-d4-gap2b,2026-10-10T06:01:03+00:00,conversation,0.1,3.69,nfs,0,ttft_cake_s,20261010-055332-d4-sim2,ARC+WB,12995.745705,ARC+NONE,0.0,kev_a,KEVa+WBR,12026.610045,0.0,0.074573,0.0
20261010-060103-d4-gap2b,2026-10-10T06:01:03+00:00,conversation,0.1,3.69,nfs,0,ttft_cake_s,20261010-055332-d4-sim2,ARC+WB,12995.745705,ARC+NONE,0.0,kev_b,KEVb+WB,12133.124591,2249.0,0.066377,0.0
20261010-060103-d4-gap2b,2026-10-10T06:01:03+00:00,conversation,0.1,3.69,nfs,0,ttft_cake_s,20261010-055332-d4-sim2,ARC+WB,12995.745705,ARC+NONE,0.0,opt,OPT-BELADY,12026.610045,0.0,0.074573,0.0
20261010-060103-d4-gap2b,2026-10-10T06:01:03+00:00,conversation,0.1,3.69,nfs,0,ttft_cake_s,20261010-055332-d4-sim2,ARC+WB,12995.745705,ARC+NONE,0.0,wtp_a,WTPa+WBR,12026.610045,0.0,0.074573,0.0
20261010-060103-d4-gap2b,2026-10-10T06:01:03+00:00,conversation,0.1,3.69,nfs,0,ttft_cake_s,20261010-055332-d4-sim2,ARC+WB,12995.745705,ARC+NONE,0.0,wtp_b,WTPb+WB,12259.117302,2302.0,0.056682,0.0
20261010-060103-d4-gap2b,2026-10-10T06:01:03+00:00,conversation,0.1,3.69,nfs,2400,ttft_total_s,20261010-055332-d4-sim2,ARC+WB,13226.400853,ARC+NONE,0.0,kev_a,KEVa+WBR,12260.146878,0.0,0.073055,0.0
20261010-060103-d4-gap2b,2026-10-10T06:01:03+00:00,conversation,0.1,3.69,nfs,2400,ttft_total_s,20261010-055332-d4-sim2,ARC+WB,13226.400853,ARC+NONE,0.0,kev_b,KEVb+WB,12352.209266,2243.0,0.066094,0.0
20261010-060103-d4-gap2b,2026-10-10T06:01:03+00:00,conversation,0.1,3.69,nfs,2400,ttft_total_s,20261010-055332-d4-sim2,ARC+WB,13226.400853,ARC+NONE,0.0,opt,OPT-BELADY,12260.146878,0.0,0.073055,0.0
20261010-060103-d4-gap2b,2026-10-10T06:01:03+00:00,conversation,0.1,3.69,nfs,2400,ttft_total_s,20261010-055332-d4-sim2,ARC+WB,13226.400853,ARC+NONE,0.0,wtp_a,WTPa+WBR,12260.146878,0.0,0.073055,0.0
20261010-060103-d4-gap2b,2026-10-10T06:01:03+00:00,conversation,0.1,3.69,nfs,2400,ttft_total_s,20261010-055332-d4-sim2,ARC+WB,13226.400853,ARC+NONE,0.0,wtp_b,WTPb+WB,12461.799069,2302.0,0.057809,0.0
20261010-060103-d4-gap2b,2026-10-10T06:01:03+00:00,conversation,0.1,3.69,nfs,2400,ttft_reuse_s,20261010-055332-d4-sim2,ARC+WB,2477.432837,ARC+NONE,0.0,kev_a,KEVa+WBR,1511.178862,0.0,0.390022,0.0
20261010-060103-d4-gap2b,2026-10-10T06:01:03+00:00,conversation,0.1,3.69,nfs,2400,ttft_reuse_s,20261010-055332-d4-sim2,ARC+WB,2477.432837,ARC+NONE,0.0,kev_b,KEVb+WB,1603.24125,2243.0,0.352862,0.0
20261010-060103-d4-gap2b,2026-10-10T06:01:03+00:00,conversation,0.1,3.69,nfs,2400,ttft_reuse_s,20261010-055332-d4-sim2,ARC+WB,2477.432837,ARC+NONE,0.0,opt,OPT-BELADY,1511.178862,0.0,0.390022,0.0
20261010-060103-d4-gap2b,2026-10-10T06:01:03+00:00,conversation,0.1,3.69,nfs,2400,ttft_reuse_s,20261010-055332-d4-sim2,ARC+WB,2477.432837,ARC+NONE,0.0,wtp_a,WTPa+WBR,1511.178862,0.0,0.390022,0.0
20261010-060103-d4-gap2b,2026-10-10T06:01:03+00:00,conversation,0.1,3.69,nfs,2400,ttft_reuse_s,20261010-055332-d4-sim2,ARC+WB,2477.432837,ARC+NONE,0.0,wtp_b,WTPb+WB,1712.831053,2302.0,0.308627,0.0
20261010-060103-d4-gap2b,2026-10-10T06:01:03+00:00,conversation,0.1,11.6,local,0,ttft_total_s,20261010-055332-d4-sim2,ARC+WB,11403.024937,LRU+WB,167727.0,kev_a,KEVa+WBR,11318.526206,0.0,0.00741,1.0
20261010-060103-d4-gap2b,2026-10-10T06:01:03+00:00,conversation,0.1,11.6,local,0,ttft_total_s,20261010-055332-d4-sim2,ARC+WB,11403.024937,LRU+WB,167727.0,kev_b,KEVb+WB,11329.772978,165230.0,0.006424,0.014887
20261010-060103-d4-gap2b,2026-10-10T06:01:03+00:00,conversation,0.1,11.6,local,0,ttft_total_s,20261010-055332-d4-sim2,ARC+WB,11403.024937,LRU+WB,167727.0,opt,OPT-BELADY,11318.526206,0.0,0.00741,1.0
20261010-060103-d4-gap2b,2026-10-10T06:01:03+00:00,conversation,0.1,11.6,local,0,ttft_total_s,20261010-055332-d4-sim2,ARC+WB,11403.024937,LRU+WB,167727.0,wtp_a,WTPa+WBR,11318.526206,0.0,0.00741,1.0
20261010-060103-d4-gap2b,2026-10-10T06:01:03+00:00,conversation,0.1,11.6,local,0,ttft_total_s,20261010-055332-d4-sim2,ARC+WB,11403.024937,LRU+WB,167727.0,wtp_b,WTPb+WB,11343.033832,165409.0,0.005261,0.01382
20261010-060103-d4-gap2b,2026-10-10T06:01:03+00:00,conversation,0.1,11.6,local,0,ttft_reuse_s,20261010-055332-d4-sim2,ARC+WB,654.056921,LRU+WB,167727.0,kev_a,KEVa+WBR,569.55819,0.0,0.129192,1.0
20261010-060103-d4-gap2b,2026-10-10T06:01:03+00:00,conversation,0.1,11.6,local,0,ttft_reuse_s,20261010-055332-d4-sim2,ARC+WB,654.056921,LRU+WB,167727.0,kev_b,KEVb+WB,580.804962,165230.0,0.111996,0.014887
20261010-060103-d4-gap2b,2026-10-10T06:01:03+00:00,conversation,0.1,11.6,local,0,ttft_reuse_s,20261010-055332-d4-sim2,ARC+WB,654.056921,LRU+WB,167727.0,opt,OPT-BELADY,569.55819,0.0,0.129192,1.0
20261010-060103-d4-gap2b,2026-10-10T06:01:03+00:00,conversation,0.1,11.6,local,0,ttft_reuse_s,20261010-055332-d4-sim2,ARC+WB,654.056921,LRU+WB,167727.0,wtp_a,WTPa+WBR,569.55819,0.0,0.129192,1.0
20261010-060103-d4-gap2b,2026-10-10T06:01:03+00:00,conversation,0.1,11.6,local,0,ttft_reuse_s,20261010-055332-d4-sim2,ARC+WB,654.056921,LRU+WB,167727.0,wtp_b,WTPb+WB,594.065816,165409.0,0.091722,0.01382
20261010-060103-d4-gap2b,2026-10-10T06:01:03+00:00,conversation,0.1,11.6,local,0,ttft_cake_s,20261010-055332-d4-sim2,ARC+WB,11314.501374,LRU+WB,167727.0,kev_a,KEVa+WBR,11252.359085,0.0,0.005492,1.0
20261010-060103-d4-gap2b,2026-10-10T06:01:03+00:00,conversation,0.1,11.6,local,0,ttft_cake_s,20261010-055332-d4-sim2,ARC+WB,11314.501374,LRU+WB,167727.0,kev_b,KEVb+WB,11260.757214,165230.0,0.00475,0.014887
20261010-060103-d4-gap2b,2026-10-10T06:01:03+00:00,conversation,0.1,11.6,local,0,ttft_cake_s,20261010-055332-d4-sim2,ARC+WB,11314.501374,LRU+WB,167727.0,opt,OPT-BELADY,11252.359085,0.0,0.005492,1.0
20261010-060103-d4-gap2b,2026-10-10T06:01:03+00:00,conversation,0.1,11.6,local,0,ttft_cake_s,20261010-055332-d4-sim2,ARC+WB,11314.501374,LRU+WB,167727.0,wtp_a,WTPa+WBR,11252.359085,0.0,0.005492,1.0
20261010-060103-d4-gap2b,2026-10-10T06:01:03+00:00,conversation,0.1,11.6,local,0,ttft_cake_s,20261010-055332-d4-sim2,ARC+WB,11314.501374,LRU+WB,167727.0,wtp_b,WTPb+WB,11270.502421,165409.0,0.003889,0.01382
20261010-060103-d4-gap2b,2026-10-10T06:01:03+00:00,conversation,0.1,11.6,local,2400,ttft_total_s,20261010-055332-d4-sim2,ARC+WB,11315.50404,LRU+WB,167728.0,kev_a,KEVa+WBR,11229.679223,0.0,0.007585,1.0
20261010-060103-d4-gap2b,2026-10-10T06:01:03+00:00,conversation,0.1,11.6,local,2400,ttft_total_s,20261010-055332-d4-sim2,ARC+WB,11315.50404,LRU+WB,167728.0,kev_b,KEVb+WB,11240.712111,164849.0,0.00661,0.017165
20261010-060103-d4-gap2b,2026-10-10T06:01:03+00:00,conversation,0.1,11.6,local,2400,ttft_total_s,20261010-055332-d4-sim2,ARC+WB,11315.50404,LRU+WB,167728.0,opt,OPT-BELADY,11229.679223,0.0,0.007585,1.0
20261010-060103-d4-gap2b,2026-10-10T06:01:03+00:00,conversation,0.1,11.6,local,2400,ttft_total_s,20261010-055332-d4-sim2,ARC+WB,11315.50404,LRU+WB,167728.0,wtp_a,WTPa+WBR,11229.679223,0.0,0.007585,1.0
20261010-060103-d4-gap2b,2026-10-10T06:01:03+00:00,conversation,0.1,11.6,local,2400,ttft_total_s,20261010-055332-d4-sim2,ARC+WB,11315.50404,LRU+WB,167728.0,wtp_b,WTPb+WB,11253.399041,165383.0,0.005488,0.013981
20261010-060103-d4-gap2b,2026-10-10T06:01:03+00:00,conversation,0.1,11.6,local,2400,ttft_reuse_s,20261010-055332-d4-sim2,ARC+WB,566.536024,LRU+WB,167728.0,kev_a,KEVa+WBR,480.711207,0.0,0.15149,1.0
20261010-060103-d4-gap2b,2026-10-10T06:01:03+00:00,conversation,0.1,11.6,local,2400,ttft_reuse_s,20261010-055332-d4-sim2,ARC+WB,566.536024,LRU+WB,167728.0,kev_b,KEVb+WB,491.744095,164849.0,0.132016,0.017165
20261010-060103-d4-gap2b,2026-10-10T06:01:03+00:00,conversation,0.1,11.6,local,2400,ttft_reuse_s,20261010-055332-d4-sim2,ARC+WB,566.536024,LRU+WB,167728.0,opt,OPT-BELADY,480.711207,0.0,0.15149,1.0
20261010-060103-d4-gap2b,2026-10-10T06:01:03+00:00,conversation,0.1,11.6,local,2400,ttft_reuse_s,20261010-055332-d4-sim2,ARC+WB,566.536024,LRU+WB,167728.0,wtp_a,WTPa+WBR,480.711207,0.0,0.15149,1.0
20261010-060103-d4-gap2b,2026-10-10T06:01:03+00:00,conversation,0.1,11.6,local,2400,ttft_reuse_s,20261010-055332-d4-sim2,ARC+WB,566.536024,LRU+WB,167728.0,wtp_b,WTPb+WB,504.431025,165383.0,0.109622,0.013981
20261010-060103-d4-gap2b,2026-10-10T06:01:03+00:00,conversation,0.1,11.6,nfs,0,ttft_total_s,20261010-055332-d4-sim2,ARC+WB,12537.713572,ARC+NONE,0.0,kev_a,KEVa+WBR,11318.526206,0.0,0.097242,0.0
20261010-060103-d4-gap2b,2026-10-10T06:01:03+00:00,conversation,0.1,11.6,nfs,0,ttft_total_s,20261010-055332-d4-sim2,ARC+WB,12537.713572,ARC+NONE,0.0,kev_b,KEVb+WB,11454.889966,2249.0,0.086365,0.0
20261010-060103-d4-gap2b,2026-10-10T06:01:03+00:00,conversation,0.1,11.6,nfs,0,ttft_total_s,20261010-055332-d4-sim2,ARC+WB,12537.713572,ARC+NONE,0.0,opt,OPT-BELADY,11318.526206,0.0,0.097242,0.0
20261010-060103-d4-gap2b,2026-10-10T06:01:03+00:00,conversation,0.1,11.6,nfs,0,ttft_total_s,20261010-055332-d4-sim2,ARC+WB,12537.713572,ARC+NONE,0.0,wtp_a,WTPa+WBR,11318.526206,0.0,0.097242,0.0
20261010-060103-d4-gap2b,2026-10-10T06:01:03+00:00,conversation,0.1,11.6,nfs,0,ttft_total_s,20261010-055332-d4-sim2,ARC+WB,12537.713572,ARC+NONE,0.0,wtp_b,WTPb+WB,11607.374054,2302.0,0.074203,0.0
20261010-060103-d4-gap2b,2026-10-10T06:01:03+00:00,conversation,0.1,11.6,nfs,0,ttft_reuse_s,20261010-055332-d4-sim2,ARC+WB,1788.745556,ARC+NONE,0.0,kev_a,KEVa+WBR,569.55819,0.0,0.681588,0.0
20261010-060103-d4-gap2b,2026-10-10T06:01:03+00:00,conversation,0.1,11.6,nfs,0,ttft_reuse_s,20261010-055332-d4-sim2,ARC+WB,1788.745556,ARC+NONE,0.0,kev_b,KEVb+WB,705.92195,2249.0,0.605354,0.0
20261010-060103-d4-gap2b,2026-10-10T06:01:03+00:00,conversation,0.1,11.6,nfs,0,ttft_reuse_s,20261010-055332-d4-sim2,ARC+WB,1788.745556,ARC+NONE,0.0,opt,OPT-BELADY,569.55819,0.0,0.681588,0.0
20261010-060103-d4-gap2b,2026-10-10T06:01:03+00:00,conversation,0.1,11.6,nfs,0,ttft_reuse_s,20261010-055332-d4-sim2,ARC+WB,1788.745556,ARC+NONE,0.0,wtp_a,WTPa+WBR,569.55819,0.0,0.681588,0.0
20261010-060103-d4-gap2b,2026-10-10T06:01:03+00:00,conversation,0.1,11.6,nfs,0,ttft_reuse_s,20261010-055332-d4-sim2,ARC+WB,1788.745556,ARC+NONE,0.0,wtp_b,WTPb+WB,858.406038,2302.0,0.520107,0.0
20261010-060103-d4-gap2b,2026-10-10T06:01:03+00:00,conversation,0.1,11.6,nfs,0,ttft_cake_s,20261010-055332-d4-sim2,ARC+WB,12398.022565,ARC+NONE,0.0,kev_a,KEVa+WBR,11252.359085,0.0,0.092407,0.0
20261010-060103-d4-gap2b,2026-10-10T06:01:03+00:00,conversation,0.1,11.6,nfs,0,ttft_cake_s,20261010-055332-d4-sim2,ARC+WB,12398.022565,ARC+NONE,0.0,kev_b,KEVb+WB,11384.815346,2249.0,0.081723,0.0
20261010-060103-d4-gap2b,2026-10-10T06:01:03+00:00,conversation,0.1,11.6,nfs,0,ttft_cake_s,20261010-055332-d4-sim2,ARC+WB,12398.022565,ARC+NONE,0.0,opt,OPT-BELADY,11252.359085,0.0,0.092407,0.0
20261010-060103-d4-gap2b,2026-10-10T06:01:03+00:00,conversation,0.1,11.6,nfs,0,ttft_cake_s,20261010-055332-d4-sim2,ARC+WB,12398.022565,ARC+NONE,0.0,wtp_a,WTPa+WBR,11252.359085,0.0,0.092407,0.0
20261010-060103-d4-gap2b,2026-10-10T06:01:03+00:00,conversation,0.1,11.6,nfs,0,ttft_cake_s,20261010-055332-d4-sim2,ARC+WB,12398.022565,ARC+NONE,0.0,wtp_b,WTPb+WB,11538.300288,2302.0,0.069343,0.0
20261010-060103-d4-gap2b,2026-10-10T06:01:03+00:00,conversation,0.1,11.6,nfs,2400,ttft_total_s,20261010-055332-d4-sim2,ARC+WB,12474.004699,ARC+NONE,0.0,kev_a,KEVa+WBR,11229.679223,0.0,0.099753,0.0
20261010-060103-d4-gap2b,2026-10-10T06:01:03+00:00,conversation,0.1,11.6,nfs,2400,ttft_total_s,20261010-055332-d4-sim2,ARC+WB,12474.004699,ARC+NONE,0.0,kev_b,KEVb+WB,11357.488052,2243.0,0.089507,0.0
20261010-060103-d4-gap2b,2026-10-10T06:01:03+00:00,conversation,0.1,11.6,nfs,2400,ttft_total_s,20261010-055332-d4-sim2,ARC+WB,12474.004699,ARC+NONE,0.0,opt,OPT-BELADY,11229.679223,0.0,0.099753,0.0
20261010-060103-d4-gap2b,2026-10-10T06:01:03+00:00,conversation,0.1,11.6,nfs,2400,ttft_total_s,20261010-055332-d4-sim2,ARC+WB,12474.004699,ARC+NONE,0.0,wtp_a,WTPa+WBR,11229.679223,0.0,0.099753,0.0
20261010-060103-d4-gap2b,2026-10-10T06:01:03+00:00,conversation,0.1,11.6,nfs,2400,ttft_total_s,20261010-055332-d4-sim2,ARC+WB,12474.004699,ARC+NONE,0.0,wtp_b,WTPb+WB,11508.183373,2302.0,0.077427,0.0
20261010-060103-d4-gap2b,2026-10-10T06:01:03+00:00,conversation,0.1,11.6,nfs,2400,ttft_reuse_s,20261010-055332-d4-sim2,ARC+WB,1725.036682,ARC+NONE,0.0,kev_a,KEVa+WBR,480.711207,0.0,0.721333,0.0
20261010-060103-d4-gap2b,2026-10-10T06:01:03+00:00,conversation,0.1,11.6,nfs,2400,ttft_reuse_s,20261010-055332-d4-sim2,ARC+WB,1725.036682,ARC+NONE,0.0,kev_b,KEVb+WB,608.520036,2243.0,0.647242,0.0
20261010-060103-d4-gap2b,2026-10-10T06:01:03+00:00,conversation,0.1,11.6,nfs,2400,ttft_reuse_s,20261010-055332-d4-sim2,ARC+WB,1725.036682,ARC+NONE,0.0,opt,OPT-BELADY,480.711207,0.0,0.721333,0.0
20261010-060103-d4-gap2b,2026-10-10T06:01:03+00:00,conversation,0.1,11.6,nfs,2400,ttft_reuse_s,20261010-055332-d4-sim2,ARC+WB,1725.036682,ARC+NONE,0.0,wtp_a,WTPa+WBR,480.711207,0.0,0.721333,0.0
20261010-060103-d4-gap2b,2026-10-10T06:01:03+00:00,conversation,0.1,11.6,nfs,2400,ttft_reuse_s,20261010-055332-d4-sim2,ARC+WB,1725.036682,ARC+NONE,0.0,wtp_b,WTPb+WB,759.215357,2302.0,0.559885,0.0
20261010-060103-d4-gap2b,2026-10-10T06:01:03+00:00,conversation,0.25,3.69,local,0,ttft_total_s,20261010-055332-d4-sim2,LRU+WT,11695.355471,LRU+H2,44144.0,kev_a,KEVa+WBR,12539.449046,0.0,-0.072173,1.0
20261010-060103-d4-gap2b,2026-10-10T06:01:03+00:00,conversation,0.25,3.69,local,0,ttft_total_s,20261010-055332-d4-sim2,LRU+WT,11695.355471,LRU+H2,44144.0,kev_b,KEVb+WB,12443.006304,137730.0,-0.063927,-2.120016
20261010-060103-d4-gap2b,2026-10-10T06:01:03+00:00,conversation,0.25,3.69,local,0,ttft_total_s,20261010-055332-d4-sim2,LRU+WT,11695.355471,LRU+H2,44144.0,opt,OPT-COST,11695.355471,44144.0,0.0,0.0
20261010-060103-d4-gap2b,2026-10-10T06:01:03+00:00,conversation,0.25,3.69,local,0,ttft_total_s,20261010-055332-d4-sim2,LRU+WT,11695.355471,LRU+H2,44144.0,wtp_a,WTPa+WTR,11695.355471,44144.0,0.0,0.0
20261010-060103-d4-gap2b,2026-10-10T06:01:03+00:00,conversation,0.25,3.69,local,0,ttft_total_s,20261010-055332-d4-sim2,LRU+WT,11695.355471,LRU+H2,44144.0,wtp_b,WTPb+WB,12389.227379,138066.0,-0.059329,-2.127628
20261010-060103-d4-gap2b,2026-10-10T06:01:03+00:00,conversation,0.25,3.69,local,0,ttft_reuse_s,20261010-055332-d4-sim2,LRU+WT,946.387455,LRU+WT,182790.0,kev_a,KEVa+WBR,1790.48103,0.0,-0.891911,1.0
20261010-060103-d4-gap2b,2026-10-10T06:01:03+00:00,conversation,0.25,3.69,local,0,ttft_reuse_s,20261010-055332-d4-sim2,LRU+WT,946.387455,LRU+WT,182790.0,kev_b,KEVb+WB,1694.038288,137730.0,-0.790005,0.246512
20261010-060103-d4-gap2b,2026-10-10T06:01:03+00:00,conversation,0.25,3.69,local,0,ttft_reuse_s,20261010-055332-d4-sim2,LRU+WT,946.387455,LRU+WT,182790.0,opt,OPT-COST,946.387455,44144.0,0.0,0.758499
20261010-060103-d4-gap2b,2026-10-10T06:01:03+00:00,conversation,0.25,3.69,local,0,ttft_reuse_s,20261010-055332-d4-sim2,LRU+WT,946.387455,LRU+WT,182790.0,wtp_a,WTPa+WTR,946.387455,44144.0,0.0,0.758499
20261010-060103-d4-gap2b,2026-10-10T06:01:03+00:00,conversation,0.25,3.69,local,0,ttft_reuse_s,20261010-055332-d4-sim2,LRU+WT,946.387455,LRU+WT,182790.0,wtp_b,WTPb+WB,1640.259363,138066.0,-0.73318,0.244674
20261010-060103-d4-gap2b,2026-10-10T06:01:03+00:00,conversation,0.25,3.69,local,0,ttft_cake_s,20261010-055332-d4-sim2,LRU+WT,11525.023209,LRU+H2,44144.0,kev_a,KEVa+WBR,12026.610045,0.0,-0.043522,1.0
20261010-060103-d4-gap2b,2026-10-10T06:01:03+00:00,conversation,0.25,3.69,local,0,ttft_cake_s,20261010-055332-d4-sim2,LRU+WT,11525.023209,LRU+H2,44144.0,kev_b,KEVb+WB,11968.597266,137730.0,-0.038488,-2.120016
20261010-060103-d4-gap2b,2026-10-10T06:01:03+00:00,conversation,0.25,3.69,local,0,ttft_cake_s,20261010-055332-d4-sim2,LRU+WT,11525.023209,LRU+H2,44144.0,opt,OPT-COST,11525.023209,44144.0,0.0,0.0
20261010-060103-d4-gap2b,2026-10-10T06:01:03+00:00,conversation,0.25,3.69,local,0,ttft_cake_s,20261010-055332-d4-sim2,LRU+WT,11525.023209,LRU+H2,44144.0,wtp_a,WTPa+WTR,11525.023209,44144.0,0.0,0.0
20261010-060103-d4-gap2b,2026-10-10T06:01:03+00:00,conversation,0.25,3.69,local,0,ttft_cake_s,20261010-055332-d4-sim2,LRU+WT,11525.023209,LRU+H2,44144.0,wtp_b,WTPb+WB,11936.166585,138066.0,-0.035674,-2.127628
20261010-060103-d4-gap2b,2026-10-10T06:01:03+00:00,conversation,0.25,3.69,local,2400,ttft_total_s,20261010-055332-d4-sim2,LRU+WT,11547.725832,LRU+H2,43436.0,kev_a,KEVa+WBR,12260.146878,0.0,-0.061694,1.0
20261010-060103-d4-gap2b,2026-10-10T06:01:03+00:00,conversation,0.25,3.69,local,2400,ttft_total_s,20261010-055332-d4-sim2,LRU+WT,11547.725832,LRU+H2,43436.0,kev_b,KEVb+WB,12242.500044,137782.0,-0.060165,-2.172069
20261010-060103-d4-gap2b,2026-10-10T06:01:03+00:00,conversation,0.25,3.69,local,2400,ttft_total_s,20261010-055332-d4-sim2,LRU+WT,11547.725832,LRU+H2,43436.0,opt,OPT-COST,11547.725832,43436.0,0.0,0.0
20261010-060103-d4-gap2b,2026-10-10T06:01:03+00:00,conversation,0.25,3.69,local,2400,ttft_total_s,20261010-055332-d4-sim2,LRU+WT,11547.725832,LRU+H2,43436.0,wtp_a,WTPa+WTR,11547.725832,43436.0,0.0,0.0
20261010-060103-d4-gap2b,2026-10-10T06:01:03+00:00,conversation,0.25,3.69,local,2400,ttft_total_s,20261010-055332-d4-sim2,LRU+WT,11547.725832,LRU+H2,43436.0,wtp_b,WTPb+WB,12208.963075,138033.0,-0.057261,-2.177848
20261010-060103-d4-gap2b,2026-10-10T06:01:03+00:00,conversation,0.25,3.69,local,2400,ttft_reuse_s,20261010-055332-d4-sim2,LRU+WT,798.757816,LRU+WT,182790.0,kev_a,KEVa+WBR,1511.178862,0.0,-0.891911,1.0
20261010-060103-d4-gap2b,2026-10-10T06:01:03+00:00,conversation,0.25,3.69,local,2400,ttft_reuse_s,20261010-055332-d4-sim2,LRU+WT,798.757816,LRU+WT,182790.0,kev_b,KEVb+WB,1493.532028,137782.0,-0.869818,0.246228
20261010-060103-d4-gap2b,2026-10-10T06:01:03+00:00,conversation,0.25,3.69,local,2400,ttft_reuse_s,20261010-055332-d4-sim2,LRU+WT,798.757816,LRU+WT,182790.0,opt,OPT-COST,798.757816,43436.0,0.0,0.762372
20261010-060103-d4-gap2b,2026-10-10T06:01:03+00:00,conversation,0.25,3.69,local,2400,ttft_reuse_s,20261010-055332-d4-sim2,LRU+WT,798.757816,LRU+WT,182790.0,wtp_a,WTPa+WTR,798.757816,43436.0,0.0,0.762372
20261010-060103-d4-gap2b,2026-10-10T06:01:03+00:00,conversation,0.25,3.69,local,2400,ttft_reuse_s,20261010-055332-d4-sim2,LRU+WT,798.757816,LRU+WT,182790.0,wtp_b,WTPb+WB,1459.995059,138033.0,-0.827832,0.244855
20261010-060103-d4-gap2b,2026-10-10T06:01:03+00:00,conversation,0.25,3.69,nfs,0,ttft_total_s,20261010-055332-d4-sim2,LRU+WB,12722.404551,LRU+NONE,0.0,kev_a,KEVa+WBR,12539.449046,0.0,0.014381,0.0
20261010-060103-d4-gap2b,2026-10-10T06:01:03+00:00,conversation,0.25,3.69,nfs,0,ttft_total_s,20261010-055332-d4-sim2,LRU+WB,12722.404551,LRU+NONE,0.0,kev_b,KEVb+WB,12560.926558,1934.0,0.012692,0.0
20261010-060103-d4-gap2b,2026-10-10T06:01:03+00:00,conversation,0.25,3.69,nfs,0,ttft_total_s,20261010-055332-d4-sim2,LRU+WB,12722.404551,LRU+NONE,0.0,opt,OPT-BELADY,12539.449046,0.0,0.014381,0.0
20261010-060103-d4-gap2b,2026-10-10T06:01:03+00:00,conversation,0.25,3.69,nfs,0,ttft_total_s,20261010-055332-d4-sim2,LRU+WB,12722.404551,LRU+NONE,0.0,wtp_a,WTPa+WBR,12539.449046,0.0,0.014381,0.0
20261010-060103-d4-gap2b,2026-10-10T06:01:03+00:00,conversation,0.25,3.69,nfs,0,ttft_total_s,20261010-055332-d4-sim2,LRU+WB,12722.404551,LRU+NONE,0.0,wtp_b,WTPb+WB,12660.619655,1981.0,0.004856,0.0
20261010-060103-d4-gap2b,2026-10-10T06:01:03+00:00,conversation,0.25,3.69,nfs,0,ttft_reuse_s,20261010-055332-d4-sim2,LRU+WB,1973.436535,LRU+NONE,0.0,kev_a,KEVa+WBR,1790.48103,0.0,0.092709,0.0
20261010-060103-d4-gap2b,2026-10-10T06:01:03+00:00,conversation,0.25,3.69,nfs,0,ttft_reuse_s,20261010-055332-d4-sim2,LRU+WB,1973.436535,LRU+NONE,0.0,kev_b,KEVb+WB,1811.958542,1934.0,0.081826,0.0
20261010-060103-d4-gap2b,2026-10-10T06:01:03+00:00,conversation,0.25,3.69,nfs,0,ttft_reuse_s,20261010-055332-d4-sim2,LRU+WB,1973.436535,LRU+NONE,0.0,opt,OPT-BELADY,1790.48103,0.0,0.092709,0.0
20261010-060103-d4-gap2b,2026-10-10T06:01:03+00:00,conversation,0.25,3.69,nfs,0,ttft_reuse_s,20261010-055332-d4-sim2,LRU+WB,1973.436535,LRU+NONE,0.0,wtp_a,WTPa+WBR,1790.48103,0.0,0.092709,0.0
20261010-060103-d4-gap2b,2026-10-10T06:01:03+00:00,conversation,0.25,3.69,nfs,0,ttft_reuse_s,20261010-055332-d4-sim2,LRU+WB,1973.436535,LRU+NONE,0.0,wtp_b,WTPb+WB,1911.651639,1981.0,0.031308,0.0
20261010-060103-d4-gap2b,2026-10-10T06:01:03+00:00,conversation,0.25,3.69,nfs,0,ttft_cake_s,20261010-055332-d4-sim2,LRU+WB,12214.536862,LRU+NONE,0.0,kev_a,KEVa+WBR,12026.610045,0.0,0.015386,0.0
20261010-060103-d4-gap2b,2026-10-10T06:01:03+00:00,conversation,0.25,3.69,nfs,0,ttft_cake_s,20261010-055332-d4-sim2,LRU+WB,12214.536862,LRU+NONE,0.0,kev_b,KEVb+WB,12049.545358,1934.0,0.013508,0.0
20261010-060103-d4-gap2b,2026-10-10T06:01:03+00:00,conversation,0.25,3.69,nfs,0,ttft_cake_s,20261010-055332-d4-sim2,LRU+WB,12214.536862,LRU+NONE,0.0,opt,OPT-BELADY,12026.610045,0.0,0.015386,0.0
20261010-060103-d4-gap2b,2026-10-10T06:01:03+00:00,conversation,0.25,3.69,nfs,0,ttft_cake_s,20261010-055332-d4-sim2,LRU+WB,12214.536862,LRU+NONE,0.0,wtp_a,WTPa+WBR,12026.610045,0.0,0.015386,0.0
20261010-060103-d4-gap2b,2026-10-10T06:01:03+00:00,conversation,0.25,3.69,nfs,0,ttft_cake_s,20261010-055332-d4-sim2,LRU+WB,12214.536862,LRU+NONE,0.0,wtp_b,WTPb+WB,12161.924604,1981.0,0.004307,0.0
20261010-060103-d4-gap2b,2026-10-10T06:01:03+00:00,conversation,0.25,3.69,nfs,2400,ttft_total_s,20261010-055332-d4-sim2,LRU+WB,12443.102383,LRU+NONE,0.0,kev_a,KEVa+WBR,12260.146878,0.0,0.014703,0.0
20261010-060103-d4-gap2b,2026-10-10T06:01:03+00:00,conversation,0.25,3.69,nfs,2400,ttft_total_s,20261010-055332-d4-sim2,LRU+WB,12443.102383,LRU+NONE,0.0,kev_b,KEVb+WB,12282.928045,1944.0,0.012873,0.0
20261010-060103-d4-gap2b,2026-10-10T06:01:03+00:00,conversation,0.25,3.69,nfs,2400,ttft_total_s,20261010-055332-d4-sim2,LRU+WB,12443.102383,LRU+NONE,0.0,opt,OPT-BELADY,12260.146878,0.0,0.014703,0.0
20261010-060103-d4-gap2b,2026-10-10T06:01:03+00:00,conversation,0.25,3.69,nfs,2400,ttft_total_s,20261010-055332-d4-sim2,LRU+WB,12443.102383,LRU+NONE,0.0,wtp_a,WTPa+WBR,12260.146878,0.0,0.014703,0.0
20261010-060103-d4-gap2b,2026-10-10T06:01:03+00:00,conversation,0.25,3.69,nfs,2400,ttft_total_s,20261010-055332-d4-sim2,LRU+WB,12443.102383,LRU+NONE,0.0,wtp_b,WTPb+WB,12374.443713,1981.0,0.005518,0.0
20261010-060103-d4-gap2b,2026-10-10T06:01:03+00:00,conversation,0.25,3.69,nfs,2400,ttft_reuse_s,20261010-055332-d4-sim2,LRU+WB,1694.134367,LRU+NONE,0.0,kev_a,KEVa+WBR,1511.178862,0.0,0.107994,0.0
20261010-060103-d4-gap2b,2026-10-10T06:01:03+00:00,conversation,0.25,3.69,nfs,2400,ttft_reuse_s,20261010-055332-d4-sim2,LRU+WB,1694.134367,LRU+NONE,0.0,kev_b,KEVb+WB,1533.960029,1944.0,0.094546,0.0
20261010-060103-d4-gap2b,2026-10-10T06:01:03+00:00,conversation,0.25,3.69,nfs,2400,ttft_reuse_s,20261010-055332-d4-sim2,LRU+WB,1694.134367,LRU+NONE,0.0,opt,OPT-BELADY,1511.178862,0.0,0.107994,0.0
20261010-060103-d4-gap2b,2026-10-10T06:01:03+00:00,conversation,0.25,3.69,nfs,2400,ttft_reuse_s,20261010-055332-d4-sim2,LRU+WB,1694.134367,LRU+NONE,0.0,wtp_a,WTPa+WBR,1511.178862,0.0,0.107994,0.0
20261010-060103-d4-gap2b,2026-10-10T06:01:03+00:00,conversation,0.25,3.69,nfs,2400,ttft_reuse_s,20261010-055332-d4-sim2,LRU+WB,1694.134367,LRU+NONE,0.0,wtp_b,WTPb+WB,1625.475697,1981.0,0.040527,0.0
20261010-060103-d4-gap2b,2026-10-10T06:01:03+00:00,conversation,0.25,11.6,local,0,ttft_total_s,20261010-055332-d4-sim2,LRU+WB,11331.829837,LRU+NONE,0.0,kev_a,KEVa+WBR,11318.526206,0.0,0.001174,0.0
20261010-060103-d4-gap2b,2026-10-10T06:01:03+00:00,conversation,0.25,11.6,local,0,ttft_total_s,20261010-055332-d4-sim2,LRU+WB,11331.829837,LRU+NONE,0.0,kev_b,KEVb+WB,11320.796949,137730.0,0.000974,0.0
20261010-060103-d4-gap2b,2026-10-10T06:01:03+00:00,conversation,0.25,11.6,local,0,ttft_total_s,20261010-055332-d4-sim2,LRU+WB,11331.829837,LRU+NONE,0.0,opt,OPT-BELADY,11318.526206,0.0,0.001174,0.0
20261010-060103-d4-gap2b,2026-10-10T06:01:03+00:00,conversation,0.25,11.6,local,0,ttft_total_s,20261010-055332-d4-sim2,LRU+WB,11331.829837,LRU+NONE,0.0,wtp_a,WTPa+WBR,11318.526206,0.0,0.001174,0.0
20261010-060103-d4-gap2b,2026-10-10T06:01:03+00:00,conversation,0.25,11.6,local,0,ttft_total_s,20261010-055332-d4-sim2,LRU+WB,11331.829837,LRU+NONE,0.0,wtp_b,WTPb+WB,11335.351805,138066.0,-0.000311,0.0
20261010-060103-d4-gap2b,2026-10-10T06:01:03+00:00,conversation,0.25,11.6,local,0,ttft_reuse_s,20261010-055332-d4-sim2,LRU+WB,582.861821,LRU+WB,139085.0,kev_a,KEVa+WBR,569.55819,0.0,0.022825,1.0
20261010-060103-d4-gap2b,2026-10-10T06:01:03+00:00,conversation,0.25,11.6,local,0,ttft_reuse_s,20261010-055332-d4-sim2,LRU+WB,582.861821,LRU+WB,139085.0,kev_b,KEVb+WB,571.828933,137730.0,0.018929,0.009742
20261010-060103-d4-gap2b,2026-10-10T06:01:03+00:00,conversation,0.25,11.6,local,0,ttft_reuse_s,20261010-055332-d4-sim2,LRU+WB,582.861821,LRU+WB,139085.0,opt,OPT-BELADY,569.55819,0.0,0.022825,1.0
20261010-060103-d4-gap2b,2026-10-10T06:01:03+00:00,conversation,0.25,11.6,local,0,ttft_reuse_s,20261010-055332-d4-sim2,LRU+WB,582.861821,LRU+WB,139085.0,wtp_a,WTPa+WBR,569.55819,0.0,0.022825,1.0
20261010-060103-d4-gap2b,2026-10-10T06:01:03+00:00,conversation,0.25,11.6,local,0,ttft_reuse_s,20261010-055332-d4-sim2,LRU+WB,582.861821,LRU+WB,139085.0,wtp_b,WTPb+WB,586.383789,138066.0,-0.006043,0.007326
20261010-060103-d4-gap2b,2026-10-10T06:01:03+00:00,conversation,0.25,11.6,local,0,ttft_cake_s,20261010-055332-d4-sim2,LRU+WB,11262.095445,LRU+NONE,0.0,kev_a,KEVa+WBR,11252.359085,0.0,0.000865,0.0
20261010-060103-d4-gap2b,2026-10-10T06:01:03+00:00,conversation,0.25,11.6,local,0,ttft_cake_s,20261010-055332-d4-sim2,LRU+WB,11262.095445,LRU+NONE,0.0,kev_b,KEVb+WB,11254.052419,137730.0,0.000714,0.0
20261010-060103-d4-gap2b,2026-10-10T06:01:03+00:00,conversation,0.25,11.6,local,0,ttft_cake_s,20261010-055332-d4-sim2,LRU+WB,11262.095445,LRU+NONE,0.0,opt,OPT-BELADY,11252.359085,0.0,0.000865,0.0
20261010-060103-d4-gap2b,2026-10-10T06:01:03+00:00,conversation,0.25,11.6,local,0,ttft_cake_s,20261010-055332-d4-sim2,LRU+WB,11262.095445,LRU+NONE,0.0,wtp_a,WTPa+WBR,11252.359085,0.0,0.000865,0.0
20261010-060103-d4-gap2b,2026-10-10T06:01:03+00:00,conversation,0.25,11.6,local,0,ttft_cake_s,20261010-055332-d4-sim2,LRU+WB,11262.095445,LRU+NONE,0.0,wtp_b,WTPb+WB,11264.971406,138066.0,-0.000255,0.0
20261010-060103-d4-gap2b,2026-10-10T06:01:04+00:00,conversation,0.25,11.6,local,2400,ttft_total_s,20261010-055332-d4-sim2,LRU+WB,11242.982854,LRU+NONE,0.0,kev_a,KEVa+WBR,11229.679223,0.0,0.001183,0.0
20261010-060103-d4-gap2b,2026-10-10T06:01:04+00:00,conversation,0.25,11.6,local,2400,ttft_total_s,20261010-055332-d4-sim2,LRU+WB,11242.982854,LRU+NONE,0.0,kev_b,KEVb+WB,11232.135333,137782.0,0.000965,0.0
20261010-060103-d4-gap2b,2026-10-10T06:01:04+00:00,conversation,0.25,11.6,local,2400,ttft_total_s,20261010-055332-d4-sim2,LRU+WB,11242.982854,LRU+NONE,0.0,opt,OPT-BELADY,11229.679223,0.0,0.001183,0.0
20261010-060103-d4-gap2b,2026-10-10T06:01:04+00:00,conversation,0.25,11.6,local,2400,ttft_total_s,20261010-055332-d4-sim2,LRU+WB,11242.982854,LRU+NONE,0.0,wtp_a,WTPa+WBR,11229.679223,0.0,0.001183,0.0
20261010-060103-d4-gap2b,2026-10-10T06:01:04+00:00,conversation,0.25,11.6,local,2400,ttft_total_s,20261010-055332-d4-sim2,LRU+WB,11242.982854,LRU+NONE,0.0,wtp_b,WTPb+WB,11245.809697,138033.0,-0.000251,0.0
20261010-060103-d4-gap2b,2026-10-10T06:01:04+00:00,conversation,0.25,11.6,local,2400,ttft_reuse_s,20261010-055332-d4-sim2,LRU+WB,494.014838,LRU+WB,139085.0,kev_a,KEVa+WBR,480.711207,0.0,0.02693,1.0
20261010-060103-d4-gap2b,2026-10-10T06:01:04+00:00,conversation,0.25,11.6,local,2400,ttft_reuse_s,20261010-055332-d4-sim2,LRU+WB,494.014838,LRU+WB,139085.0,kev_b,KEVb+WB,483.167317,137782.0,0.021958,0.009368
20261010-060103-d4-gap2b,2026-10-10T06:01:04+00:00,conversation,0.25,11.6,local,2400,ttft_reuse_s,20261010-055332-d4-sim2,LRU+WB,494.014838,LRU+WB,139085.0,opt,OPT-BELADY,480.711207,0.0,0.02693,1.0
20261010-060103-d4-gap2b,2026-10-10T06:01:04+00:00,conversation,0.25,11.6,local,2400,ttft_reuse_s,20261010-055332-d4-sim2,LRU+WB,494.014838,LRU+WB,139085.0,wtp_a,WTPa+WBR,480.711207,0.0,0.02693,1.0
20261010-060103-d4-gap2b,2026-10-10T06:01:04+00:00,conversation,0.25,11.6,local,2400,ttft_reuse_s,20261010-055332-d4-sim2,LRU+WB,494.014838,LRU+WB,139085.0,wtp_b,WTPb+WB,496.841681,138033.0,-0.005722,0.007564
20261010-060103-d4-gap2b,2026-10-10T06:01:04+00:00,conversation,0.25,11.6,nfs,0,ttft_total_s,20261010-055332-d4-sim2,LRU+WB,11544.585335,LRU+NONE,0.0,kev_a,KEVa+WBR,11318.526206,0.0,0.019581,0.0
20261010-060103-d4-gap2b,2026-10-10T06:01:04+00:00,conversation,0.25,11.6,nfs,0,ttft_total_s,20261010-055332-d4-sim2,LRU+WB,11544.585335,LRU+NONE,0.0,kev_b,KEVb+WB,11347.360901,1934.0,0.017084,0.0
20261010-060103-d4-gap2b,2026-10-10T06:01:04+00:00,conversation,0.25,11.6,nfs,0,ttft_total_s,20261010-055332-d4-sim2,LRU+WB,11544.585335,LRU+NONE,0.0,opt,OPT-BELADY,11318.526206,0.0,0.019581,0.0
20261010-060103-d4-gap2b,2026-10-10T06:01:04+00:00,conversation,0.25,11.6,nfs,0,ttft_total_s,20261010-055332-d4-sim2,LRU+WB,11544.585335,LRU+NONE,0.0,wtp_a,WTPa+WBR,11318.526206,0.0,0.019581,0.0
20261010-060103-d4-gap2b,2026-10-10T06:01:04+00:00,conversation,0.25,11.6,nfs,0,ttft_total_s,20261010-055332-d4-sim2,LRU+WB,11544.585335,LRU+NONE,0.0,wtp_b,WTPb+WB,11494.211579,1981.0,0.004363,0.0
20261010-060103-d4-gap2b,2026-10-10T06:01:04+00:00,conversation,0.25,11.6,nfs,0,ttft_reuse_s,20261010-055332-d4-sim2,LRU+WB,795.617319,LRU+NONE,0.0,kev_a,KEVa+WBR,569.55819,0.0,0.28413,0.0
20261010-060103-d4-gap2b,2026-10-10T06:01:04+00:00,conversation,0.25,11.6,nfs,0,ttft_reuse_s,20261010-055332-d4-sim2,LRU+WB,795.617319,LRU+NONE,0.0,kev_b,KEVb+WB,598.392885,1934.0,0.247889,0.0
20261010-060103-d4-gap2b,2026-10-10T06:01:04+00:00,conversation,0.25,11.6,nfs,0,ttft_reuse_s,20261010-055332-d4-sim2,LRU+WB,795.617319,LRU+NONE,0.0,opt,OPT-BELADY,569.55819,0.0,0.28413,0.0
20261010-060103-d4-gap2b,2026-10-10T06:01:04+00:00,conversation,0.25,11.6,nfs,0,ttft_reuse_s,20261010-055332-d4-sim2,LRU+WB,795.617319,LRU+NONE,0.0,wtp_a,WTPa+WBR,569.55819,0.0,0.28413,0.0
20261010-060103-d4-gap2b,2026-10-10T06:01:04+00:00,conversation,0.25,11.6,nfs,0,ttft_reuse_s,20261010-055332-d4-sim2,LRU+WB,795.617319,LRU+NONE,0.0,wtp_b,WTPb+WB,745.243563,1981.0,0.063314,0.0
20261010-060103-d4-gap2b,2026-10-10T06:01:04+00:00,conversation,0.25,11.6,nfs,0,ttft_cake_s,20261010-055332-d4-sim2,LRU+WB,11468.02775,LRU+NONE,0.0,kev_a,KEVa+WBR,11252.359085,0.0,0.018806,0.0
20261010-060103-d4-gap2b,2026-10-10T06:01:04+00:00,conversation,0.25,11.6,nfs,0,ttft_cake_s,20261010-055332-d4-sim2,LRU+WB,11468.02775,LRU+NONE,0.0,kev_b,KEVb+WB,11280.291611,1934.0,0.01637,0.0
20261010-060103-d4-gap2b,2026-10-10T06:01:04+00:00,conversation,0.25,11.6,nfs,0,ttft_cake_s,20261010-055332-d4-sim2,LRU+WB,11468.02775,LRU+NONE,0.0,opt,OPT-BELADY,11252.359085,0.0,0.018806,0.0
20261010-060103-d4-gap2b,2026-10-10T06:01:04+00:00,conversation,0.25,11.6,nfs,0,ttft_cake_s,20261010-055332-d4-sim2,LRU+WB,11468.02775,LRU+NONE,0.0,wtp_a,WTPa+WBR,11252.359085,0.0,0.018806,0.0
20261010-060103-d4-gap2b,2026-10-10T06:01:04+00:00,conversation,0.25,11.6,nfs,0,ttft_cake_s,20261010-055332-d4-sim2,LRU+WB,11468.02775,LRU+NONE,0.0,wtp_b,WTPb+WB,11424.736599,1981.0,0.003775,0.0
20261010-060103-d4-gap2b,2026-10-10T06:01:04+00:00,conversation,0.25,11.6,nfs,2400,ttft_total_s,20261010-055332-d4-sim2,LRU+WB,11455.738352,LRU+NONE,0.0,kev_a,KEVa+WBR,11229.679223,0.0,0.019733,0.0
20261010-060103-d4-gap2b,2026-10-10T06:01:04+00:00,conversation,0.25,11.6,nfs,2400,ttft_total_s,20261010-055332-d4-sim2,LRU+WB,11455.738352,LRU+NONE,0.0,kev_b,KEVb+WB,11260.41816,1944.0,0.01705,0.0
20261010-060103-d4-gap2b,2026-10-10T06:01:04+00:00,conversation,0.25,11.6,nfs,2400,ttft_total_s,20261010-055332-d4-sim2,LRU+WB,11455.738352,LRU+NONE,0.0,opt,OPT-BELADY,11229.679223,0.0,0.019733,0.0
20261010-060103-d4-gap2b,2026-10-10T06:01:04+00:00,conversation,0.25,11.6,nfs,2400,ttft_total_s,20261010-055332-d4-sim2,LRU+WB,11455.738352,LRU+NONE,0.0,wtp_a,WTPa+WBR,11229.679223,0.0,0.019733,0.0
20261010-060103-d4-gap2b,2026-10-10T06:01:04+00:00,conversation,0.25,11.6,nfs,2400,ttft_total_s,20261010-055332-d4-sim2,LRU+WB,11455.738352,LRU+NONE,0.0,wtp_b,WTPb+WB,11396.238624,1981.0,0.005194,0.0
20261010-060103-d4-gap2b,2026-10-10T06:01:04+00:00,conversation,0.25,11.6,nfs,2400,ttft_reuse_s,20261010-055332-d4-sim2,LRU+WB,706.770336,LRU+NONE,0.0,kev_a,KEVa+WBR,480.711207,0.0,0.319848,0.0
20261010-060103-d4-gap2b,2026-10-10T06:01:04+00:00,conversation,0.25,11.6,nfs,2400,ttft_reuse_s,20261010-055332-d4-sim2,LRU+WB,706.770336,LRU+NONE,0.0,kev_b,KEVb+WB,511.450144,1944.0,0.276356,0.0
20261010-060103-d4-gap2b,2026-10-10T06:01:04+00:00,conversation,0.25,11.6,nfs,2400,ttft_reuse_s,20261010-055332-d4-sim2,LRU+WB,706.770336,LRU+NONE,0.0,opt,OPT-BELADY,480.711207,0.0,0.319848,0.0
20261010-060103-d4-gap2b,2026-10-10T06:01:04+00:00,conversation,0.25,11.6,nfs,2400,ttft_reuse_s,20261010-055332-d4-sim2,LRU+WB,706.770336,LRU+NONE,0.0,wtp_a,WTPa+WBR,480.711207,0.0,0.319848,0.0
20261010-060103-d4-gap2b,2026-10-10T06:01:04+00:00,conversation,0.25,11.6,nfs,2400,ttft_reuse_s,20261010-055332-d4-sim2,LRU+WB,706.770336,LRU+NONE,0.0,wtp_b,WTPb+WB,647.270608,1981.0,0.084185,0.0
20261010-060103-d4-gap2b,2026-10-10T06:01:04+00:00,conversation,0.5,3.69,local,0,ttft_total_s,20261010-055332-d4-sim2,LRU+WT,11695.355471,LRU+H2,44144.0,kev_a,KEVa+WBR,12539.449046,0.0,-0.072173,1.0
20261010-060103-d4-gap2b,2026-10-10T06:01:04+00:00,conversation,0.5,3.69,local,0,ttft_total_s,20261010-055332-d4-sim2,LRU+WT,11695.355471,LRU+H2,44144.0,kev_b,KEVb+WB,12480.59965,91657.0,-0.067142,-1.076318
20261010-060103-d4-gap2b,2026-10-10T06:01:04+00:00,conversation,0.5,3.69,local,0,ttft_total_s,20261010-055332-d4-sim2,LRU+WT,11695.355471,LRU+H2,44144.0,opt,OPT-COST,11695.355471,44144.0,0.0,0.0
20261010-060103-d4-gap2b,2026-10-10T06:01:04+00:00,conversation,0.5,3.69,local,0,ttft_total_s,20261010-055332-d4-sim2,LRU+WT,11695.355471,LRU+H2,44144.0,wtp_a,WTPa+WTR,11695.355471,44144.0,0.0,0.0
20261010-060103-d4-gap2b,2026-10-10T06:01:04+00:00,conversation,0.5,3.69,local,0,ttft_total_s,20261010-055332-d4-sim2,LRU+WT,11695.355471,LRU+H2,44144.0,wtp_b,WTPb+WB,12389.227379,137057.0,-0.059329,-2.104771
20261010-060103-d4-gap2b,2026-10-10T06:01:04+00:00,conversation,0.5,3.69,local,0,ttft_reuse_s,20261010-055332-d4-sim2,LRU+WT,946.387455,LRU+WT,182790.0,kev_a,KEVa+WBR,1790.48103,0.0,-0.891911,1.0
20261010-060103-d4-gap2b,2026-10-10T06:01:04+00:00,conversation,0.5,3.69,local,0,ttft_reuse_s,20261010-055332-d4-sim2,LRU+WT,946.387455,LRU+WT,182790.0,kev_b,KEVb+WB,1731.631634,91657.0,-0.829728,0.498567
20261010-060103-d4-gap2b,2026-10-10T06:01:04+00:00,conversation,0.5,3.69,local,0,ttft_reuse_s,20261010-055332-d4-sim2,LRU+WT,946.387455,LRU+WT,182790.0,opt,OPT-COST,946.387455,44144.0,0.0,0.758499
20261010-060103-d4-gap2b,2026-10-10T06:01:04+00:00,conversation,0.5,3.69,local,0,ttft_reuse_s,20261010-055332-d4-sim2,LRU+WT,946.387455,LRU+WT,182790.0,wtp_a,WTPa+WTR,946.387455,44144.0,0.0,0.758499
20261010-060103-d4-gap2b,2026-10-10T06:01:04+00:00,conversation,0.5,3.69,local,0,ttft_reuse_s,20261010-055332-d4-sim2,LRU+WT,946.387455,LRU+WT,182790.0,wtp_b,WTPb+WB,1640.259363,137057.0,-0.73318,0.250194
20261010-060103-d4-gap2b,2026-10-10T06:01:04+00:00,conversation,0.5,3.69,local,0,ttft_cake_s,20261010-055332-d4-sim2,LRU+WT,11525.023209,LRU+NONE,0.0,kev_a,KEVa+WBR,12026.610045,0.0,-0.043522,0.0
20261010-060103-d4-gap2b,2026-10-10T06:01:04+00:00,conversation,0.5,3.69,local,0,ttft_cake_s,20261010-055332-d4-sim2,LRU+WT,11525.023209,LRU+NONE,0.0,kev_b,KEVb+WB,11991.071454,91657.0,-0.040438,0.0
20261010-060103-d4-gap2b,2026-10-10T06:01:04+00:00,conversation,0.5,3.69,local,0,ttft_cake_s,20261010-055332-d4-sim2,LRU+WT,11525.023209,LRU+NONE,0.0,opt,OPT-COST,11525.023209,44144.0,0.0,0.0
20261010-060103-d4-gap2b,2026-10-10T06:01:04+00:00,conversation,0.5,3.69,local,0,ttft_cake_s,20261010-055332-d4-sim2,LRU+WT,11525.023209,LRU+NONE,0.0,wtp_a,WTPa+WTR,11525.023209,44144.0,0.0,0.0
20261010-060103-d4-gap2b,2026-10-10T06:01:04+00:00,conversation,0.5,3.69,local,0,ttft_cake_s,20261010-055332-d4-sim2,LRU+WT,11525.023209,LRU+NONE,0.0,wtp_b,WTPb+WB,11936.166585,137057.0,-0.035674,0.0
20261010-060103-d4-gap2b,2026-10-10T06:01:04+00:00,conversation,0.5,3.69,local,2400,ttft_total_s,20261010-055332-d4-sim2,LRU+WT,11547.725832,LRU+H2,43436.0,kev_a,KEVa+WBR,12260.146878,0.0,-0.061694,1.0
20261010-060103-d4-gap2b,2026-10-10T06:01:04+00:00,conversation,0.5,3.69,local,2400,ttft_total_s,20261010-055332-d4-sim2,LRU+WT,11547.725832,LRU+H2,43436.0,kev_b,KEVb+WB,12259.044949,91512.0,-0.061598,-1.106824
20261010-060103-d4-gap2b,2026-10-10T06:01:04+00:00,conversation,0.5,3.69,local,2400,ttft_total_s,20261010-055332-d4-sim2,LRU+WT,11547.725832,LRU+H2,43436.0,opt,OPT-COST,11547.725832,43436.0,0.0,0.0
20261010-060103-d4-gap2b,2026-10-10T06:01:04+00:00,conversation,0.5,3.69,local,2400,ttft_total_s,20261010-055332-d4-sim2,LRU+WT,11547.725832,LRU+H2,43436.0,wtp_a,WTPa+WTR,11547.725832,43436.0,0.0,0.0
20261010-060103-d4-gap2b,2026-10-10T06:01:04+00:00,conversation,0.5,3.69,local,2400,ttft_total_s,20261010-055332-d4-sim2,LRU+WT,11547.725832,LRU+H2,43436.0,wtp_b,WTPb+WB,12208.963075,137057.0,-0.057261,-2.155378
20261010-060103-d4-gap2b,2026-10-10T06:01:04+00:00,conversation,0.5,3.69,local,2400,ttft_reuse_s,20261010-055332-d4-sim2,LRU+WT,798.757816,LRU+WT,182790.0,kev_a,KEVa+WBR,1511.178862,0.0,-0.891911,1.0
20261010-060103-d4-gap2b,2026-10-10T06:01:04+00:00,conversation,0.5,3.69,local,2400,ttft_reuse_s,20261010-055332-d4-sim2,LRU+WT,798.757816,LRU+WT,182790.0,kev_b,KEVb+WB,1510.076933,91512.0,-0.890532,0.49936
20261010-060103-d4-gap2b,2026-10-10T06:01:04+00:00,conversation,0.5,3.69,local,2400,ttft_reuse_s,20261010-055332-d4-sim2,LRU+WT,798.757816,LRU+WT,182790.0,opt,OPT-COST,798.757816,43436.0,0.0,0.762372
20261010-060103-d4-gap2b,2026-10-10T06:01:04+00:00,conversation,0.5,3.69,local,2400,ttft_reuse_s,20261010-055332-d4-sim2,LRU+WT,798.757816,LRU+WT,182790.0,wtp_a,WTPa+WTR,798.757816,43436.0,0.0,0.762372
20261010-060103-d4-gap2b,2026-10-10T06:01:04+00:00,conversation,0.5,3.69,local,2400,ttft_reuse_s,20261010-055332-d4-sim2,LRU+WT,798.757816,LRU+WT,182790.0,wtp_b,WTPb+WB,1459.995059,137057.0,-0.827832,0.250194
20261010-060103-d4-gap2b,2026-10-10T06:01:04+00:00,conversation,0.5,3.69,nfs,0,ttft_total_s,20261010-055332-d4-sim2,LRU+NONE,12581.434901,LRU+NONE,0.0,kev_a,KEVa+WBR,12539.449046,0.0,0.003337,0.0
20261010-060103-d4-gap2b,2026-10-10T06:01:04+00:00,conversation,0.5,3.69,nfs,0,ttft_total_s,20261010-055332-d4-sim2,LRU+NONE,12581.434901,LRU+NONE,0.0,kev_b,KEVb+WB,12553.182043,1304.0,0.002246,0.0
20261010-060103-d4-gap2b,2026-10-10T06:01:04+00:00,conversation,0.5,3.69,nfs,0,ttft_total_s,20261010-055332-d4-sim2,LRU+NONE,12581.434901,LRU+NONE,0.0,opt,OPT-BELADY,12539.449046,0.0,0.003337,0.0
20261010-060103-d4-gap2b,2026-10-10T06:01:04+00:00,conversation,0.5,3.69,nfs,0,ttft_total_s,20261010-055332-d4-sim2,LRU+NONE,12581.434901,LRU+NONE,0.0,wtp_a,WTPa+WBR,12539.449046,0.0,0.003337,0.0
20261010-060103-d4-gap2b,2026-10-10T06:01:04+00:00,conversation,0.5,3.69,nfs,0,ttft_total_s,20261010-055332-d4-sim2,LRU+NONE,12581.434901,LRU+NONE,0.0,wtp_b,WTPb+WB,12660.619655,1979.0,-0.006294,0.0
20261010-060103-d4-gap2b,2026-10-10T06:01:04+00:00,conversation,0.5,3.69,nfs,0,ttft_reuse_s,20261010-055332-d4-sim2,LRU+NONE,1832.466885,LRU+NONE,0.0,kev_a,KEVa+WBR,1790.48103,0.0,0.022912,0.0
20261010-060103-d4-gap2b,2026-10-10T06:01:04+00:00,conversation,0.5,3.69,nfs,0,ttft_reuse_s,20261010-055332-d4-sim2,LRU+NONE,1832.466885,LRU+NONE,0.0,kev_b,KEVb+WB,1804.214027,1304.0,0.015418,0.0
20261010-060103-d4-gap2b,2026-10-10T06:01:04+00:00,conversation,0.5,3.69,nfs,0,ttft_reuse_s,20261010-055332-d4-sim2,LRU+NONE,1832.466885,LRU+NONE,0.0,opt,OPT-BELADY,1790.48103,0.0,0.022912,0.0
20261010-060103-d4-gap2b,2026-10-10T06:01:04+00:00,conversation,0.5,3.69,nfs,0,ttft_reuse_s,20261010-055332-d4-sim2,LRU+NONE,1832.466885,LRU+NONE,0.0,wtp_a,WTPa+WBR,1790.48103,0.0,0.022912,0.0
20261010-060103-d4-gap2b,2026-10-10T06:01:04+00:00,conversation,0.5,3.69,nfs,0,ttft_reuse_s,20261010-055332-d4-sim2,LRU+NONE,1832.466885,LRU+NONE,0.0,wtp_b,WTPb+WB,1911.651639,1979.0,-0.043212,0.0
20261010-060103-d4-gap2b,2026-10-10T06:01:04+00:00,conversation,0.5,3.69,nfs,0,ttft_cake_s,20261010-055332-d4-sim2,LRU+NONE,12073.066954,LRU+NONE,0.0,kev_a,KEVa+WBR,12026.610045,0.0,0.003848,0.0
20261010-060103-d4-gap2b,2026-10-10T06:01:04+00:00,conversation,0.5,3.69,nfs,0,ttft_cake_s,20261010-055332-d4-sim2,LRU+NONE,12073.066954,LRU+NONE,0.0,kev_b,KEVb+WB,12040.946181,1304.0,0.002661,0.0
20261010-060103-d4-gap2b,2026-10-10T06:01:04+00:00,conversation,0.5,3.69,nfs,0,ttft_cake_s,20261010-055332-d4-sim2,LRU+NONE,12073.066954,LRU+NONE,0.0,opt,OPT-BELADY,12026.610045,0.0,0.003848,0.0
20261010-060103-d4-gap2b,2026-10-10T06:01:04+00:00,conversation,0.5,3.69,nfs,0,ttft_cake_s,20261010-055332-d4-sim2,LRU+NONE,12073.066954,LRU+NONE,0.0,wtp_a,WTPa+WBR,12026.610045,0.0,0.003848,0.0
20261010-060103-d4-gap2b,2026-10-10T06:01:04+00:00,conversation,0.5,3.69,nfs,0,ttft_cake_s,20261010-055332-d4-sim2,LRU+NONE,12073.066954,LRU+NONE,0.0,wtp_b,WTPb+WB,12161.924604,1979.0,-0.00736,0.0
20261010-060103-d4-gap2b,2026-10-10T06:01:04+00:00,conversation,0.5,3.69,nfs,2400,ttft_total_s,20261010-055332-d4-sim2,LRU+NONE,12302.132733,LRU+NONE,0.0,kev_a,KEVa+WBR,12260.146878,0.0,0.003413,0.0
20261010-060103-d4-gap2b,2026-10-10T06:01:04+00:00,conversation,0.5,3.69,nfs,2400,ttft_total_s,20261010-055332-d4-sim2,LRU+NONE,12302.132733,LRU+NONE,0.0,kev_b,KEVb+WB,12262.903859,1304.0,0.003189,0.0
20261010-060103-d4-gap2b,2026-10-10T06:01:04+00:00,conversation,0.5,3.69,nfs,2400,ttft_total_s,20261010-055332-d4-sim2,LRU+NONE,12302.132733,LRU+NONE,0.0,opt,OPT-BELADY,12260.146878,0.0,0.003413,0.0
20261010-060103-d4-gap2b,2026-10-10T06:01:04+00:00,conversation,0.5,3.69,nfs,2400,ttft_total_s,20261010-055332-d4-sim2,LRU+NONE,12302.132733,LRU+NONE,0.0,wtp_a,WTPa+WBR,12260.146878,0.0,0.003413,0.0
20261010-060103-d4-gap2b,2026-10-10T06:01:04+00:00,conversation,0.5,3.69,nfs,2400,ttft_total_s,20261010-055332-d4-sim2,LRU+NONE,12302.132733,LRU+NONE,0.0,wtp_b,WTPb+WB,12374.443713,1979.0,-0.005878,0.0
20261010-060103-d4-gap2b,2026-10-10T06:01:04+00:00,conversation,0.5,3.69,nfs,2400,ttft_reuse_s,20261010-055332-d4-sim2,LRU+NONE,1553.164717,LRU+NONE,0.0,kev_a,KEVa+WBR,1511.178862,0.0,0.027032,0.0
20261010-060103-d4-gap2b,2026-10-10T06:01:04+00:00,conversation,0.5,3.69,nfs,2400,ttft_reuse_s,20261010-055332-d4-sim2,LRU+NONE,1553.164717,LRU+NONE,0.0,kev_b,KEVb+WB,1513.935842,1304.0,0.025257,0.0
20261010-060103-d4-gap2b,2026-10-10T06:01:04+00:00,conversation,0.5,3.69,nfs,2400,ttft_reuse_s,20261010-055332-d4-sim2,LRU+NONE,1553.164717,LRU+NONE,0.0,opt,OPT-BELADY,1511.178862,0.0,0.027032,0.0
20261010-060103-d4-gap2b,2026-10-10T06:01:04+00:00,conversation,0.5,3.69,nfs,2400,ttft_reuse_s,20261010-055332-d4-sim2,LRU+NONE,1553.164717,LRU+NONE,0.0,wtp_a,WTPa+WBR,1511.178862,0.0,0.027032,0.0
20261010-060103-d4-gap2b,2026-10-10T06:01:04+00:00,conversation,0.5,3.69,nfs,2400,ttft_reuse_s,20261010-055332-d4-sim2,LRU+NONE,1553.164717,LRU+NONE,0.0,wtp_b,WTPb+WB,1625.475697,1979.0,-0.046557,0.0
20261010-060103-d4-gap2b,2026-10-10T06:01:04+00:00,conversation,0.5,11.6,local,0,ttft_total_s,20261010-055332-d4-sim2,LRU+WB,11321.916279,LRU+NONE,0.0,kev_a,KEVa+WBR,11318.526206,0.0,0.000299,0.0
20261010-060103-d4-gap2b,2026-10-10T06:01:04+00:00,conversation,0.5,11.6,local,0,ttft_total_s,20261010-055332-d4-sim2,LRU+WB,11321.916279,LRU+NONE,0.0,kev_b,KEVb+WB,11319.460169,91657.0,0.000217,0.0
20261010-060103-d4-gap2b,2026-10-10T06:01:04+00:00,conversation,0.5,11.6,local,0,ttft_total_s,20261010-055332-d4-sim2,LRU+WB,11321.916279,LRU+NONE,0.0,opt,OPT-BELADY,11318.526206,0.0,0.000299,0.0
20261010-060103-d4-gap2b,2026-10-10T06:01:04+00:00,conversation,0.5,11.6,local,0,ttft_total_s,20261010-055332-d4-sim2,LRU+WB,11321.916279,LRU+NONE,0.0,wtp_a,WTPa+WBR,11318.526206,0.0,0.000299,0.0
20261010-060103-d4-gap2b,2026-10-10T06:01:04+00:00,conversation,0.5,11.6,local,0,ttft_total_s,20261010-055332-d4-sim2,LRU+WB,11321.916279,LRU+NONE,0.0,wtp_b,WTPb+WB,11335.351805,137057.0,-0.001187,0.0
20261010-060103-d4-gap2b,2026-10-10T06:01:04+00:00,conversation,0.5,11.6,local,0,ttft_reuse_s,20261010-055332-d4-sim2,LRU+WB,572.948263,LRU+WB,92346.0,kev_a,KEVa+WBR,569.55819,0.0,0.005917,1.0
20261010-060103-d4-gap2b,2026-10-10T06:01:04+00:00,conversation,0.5,11.6,local,0,ttft_reuse_s,20261010-055332-d4-sim2,LRU+WB,572.948263,LRU+WB,92346.0,kev_b,KEVb+WB,570.492153,91657.0,0.004287,0.007461
20261010-060103-d4-gap2b,2026-10-10T06:01:04+00:00,conversation,0.5,11.6,local,0,ttft_reuse_s,20261010-055332-d4-sim2,LRU+WB,572.948263,LRU+WB,92346.0,opt,OPT-BELADY,569.55819,0.0,0.005917,1.0
20261010-060103-d4-gap2b,2026-10-10T06:01:04+00:00,conversation,0.5,11.6,local,0,ttft_reuse_s,20261010-055332-d4-sim2,LRU+WB,572.948263,LRU+WB,92346.0,wtp_a,WTPa+WBR,569.55819,0.0,0.005917,1.0
20261010-060103-d4-gap2b,2026-10-10T06:01:04+00:00,conversation,0.5,11.6,local,0,ttft_reuse_s,20261010-055332-d4-sim2,LRU+WB,572.948263,LRU+WB,92346.0,wtp_b,WTPb+WB,586.383789,137057.0,-0.02345,-0.484168
20261010-060103-d4-gap2b,2026-10-10T06:01:04+00:00,conversation,0.5,11.6,local,0,ttft_cake_s,20261010-055332-d4-sim2,LRU+WB,11254.847157,LRU+NONE,0.0,kev_a,KEVa+WBR,11252.359085,0.0,0.000221,0.0
20261010-060103-d4-gap2b,2026-10-10T06:01:04+00:00,conversation,0.5,11.6,local,0,ttft_cake_s,20261010-055332-d4-sim2,LRU+WB,11254.847157,LRU+NONE,0.0,kev_b,KEVb+WB,11253.045536,91657.0,0.00016,0.0
20261010-060103-d4-gap2b,2026-10-10T06:01:04+00:00,conversation,0.5,11.6,local,0,ttft_cake_s,20261010-055332-d4-sim2,LRU+WB,11254.847157,LRU+NONE,0.0,opt,OPT-BELADY,11252.359085,0.0,0.000221,0.0
20261010-060103-d4-gap2b,2026-10-10T06:01:04+00:00,conversation,0.5,11.6,local,0,ttft_cake_s,20261010-055332-d4-sim2,LRU+WB,11254.847157,LRU+NONE,0.0,wtp_a,WTPa+WBR,11252.359085,0.0,0.000221,0.0
20261010-060103-d4-gap2b,2026-10-10T06:01:04+00:00,conversation,0.5,11.6,local,0,ttft_cake_s,20261010-055332-d4-sim2,LRU+WB,11254.847157,LRU+NONE,0.0,wtp_b,WTPb+WB,11264.971406,137057.0,-0.0009,0.0
20261010-060103-d4-gap2b,2026-10-10T06:01:04+00:00,conversation,0.5,11.6,local,2400,ttft_total_s,20261010-055332-d4-sim2,LRU+WB,11233.069296,LRU+NONE,0.0,kev_a,KEVa+WBR,11229.679223,0.0,0.000302,0.0
20261010-060103-d4-gap2b,2026-10-10T06:01:04+00:00,conversation,0.5,11.6,local,2400,ttft_total_s,20261010-055332-d4-sim2,LRU+WB,11233.069296,LRU+NONE,0.0,kev_b,KEVb+WB,11230.096298,91512.0,0.000265,0.0
20261010-060103-d4-gap2b,2026-10-10T06:01:04+00:00,conversation,0.5,11.6,local,2400,ttft_total_s,20261010-055332-d4-sim2,LRU+WB,11233.069296,LRU+NONE,0.0,opt,OPT-BELADY,11229.679223,0.0,0.000302,0.0
20261010-060103-d4-gap2b,2026-10-10T06:01:04+00:00,conversation,0.5,11.6,local,2400,ttft_total_s,20261010-055332-d4-sim2,LRU+WB,11233.069296,LRU+NONE,0.0,wtp_a,WTPa+WBR,11229.679223,0.0,0.000302,0.0
20261010-060103-d4-gap2b,2026-10-10T06:01:04+00:00,conversation,0.5,11.6,local,2400,ttft_total_s,20261010-055332-d4-sim2,LRU+WB,11233.069296,LRU+NONE,0.0,wtp_b,WTPb+WB,11245.809697,137057.0,-0.001134,0.0
20261010-060103-d4-gap2b,2026-10-10T06:01:04+00:00,conversation,0.5,11.6,local,2400,ttft_reuse_s,20261010-055332-d4-sim2,LRU+WB,484.10128,LRU+WB,92346.0,kev_a,KEVa+WBR,480.711207,0.0,0.007003,1.0
20261010-060103-d4-gap2b,2026-10-10T06:01:04+00:00,conversation,0.5,11.6,local,2400,ttft_reuse_s,20261010-055332-d4-sim2,LRU+WB,484.10128,LRU+WB,92346.0,kev_b,KEVb+WB,481.128282,91512.0,0.006141,0.009031
20261010-060103-d4-gap2b,2026-10-10T06:01:04+00:00,conversation,0.5,11.6,local,2400,ttft_reuse_s,20261010-055332-d4-sim2,LRU+WB,484.10128,LRU+WB,92346.0,opt,OPT-BELADY,480.711207,0.0,0.007003,1.0
20261010-060103-d4-gap2b,2026-10-10T06:01:04+00:00,conversation,0.5,11.6,local,2400,ttft_reuse_s,20261010-055332-d4-sim2,LRU+WB,484.10128,LRU+WB,92346.0,wtp_a,WTPa+WBR,480.711207,0.0,0.007003,1.0
20261010-060103-d4-gap2b,2026-10-10T06:01:04+00:00,conversation,0.5,11.6,local,2400,ttft_reuse_s,20261010-055332-d4-sim2,LRU+WB,484.10128,LRU+WB,92346.0,wtp_b,WTPb+WB,496.841681,137057.0,-0.026318,-0.484168
20261010-060103-d4-gap2b,2026-10-10T06:01:04+00:00,conversation,0.5,11.6,nfs,0,ttft_total_s,20261010-055332-d4-sim2,LRU+NONE,11371.495862,LRU+NONE,0.0,kev_a,KEVa+WBR,11318.526206,0.0,0.004658,0.0
20261010-060103-d4-gap2b,2026-10-10T06:01:04+00:00,conversation,0.5,11.6,nfs,0,ttft_total_s,20261010-055332-d4-sim2,LRU+NONE,11371.495862,LRU+NONE,0.0,kev_b,KEVb+WB,11335.285234,1304.0,0.003184,0.0
20261010-060103-d4-gap2b,2026-10-10T06:01:04+00:00,conversation,0.5,11.6,nfs,0,ttft_total_s,20261010-055332-d4-sim2,LRU+NONE,11371.495862,LRU+NONE,0.0,opt,OPT-BELADY,11318.526206,0.0,0.004658,0.0
20261010-060103-d4-gap2b,2026-10-10T06:01:04+00:00,conversation,0.5,11.6,nfs,0,ttft_total_s,20261010-055332-d4-sim2,LRU+NONE,11371.495862,LRU+NONE,0.0,wtp_a,WTPa+WBR,11318.526206,0.0,0.004658,0.0
20261010-060103-d4-gap2b,2026-10-10T06:01:04+00:00,conversation,0.5,11.6,nfs,0,ttft_total_s,20261010-055332-d4-sim2,LRU+NONE,11371.495862,LRU+NONE,0.0,wtp_b,WTPb+WB,11494.211579,1979.0,-0.010792,0.0
20261010-060103-d4-gap2b,2026-10-10T06:01:04+00:00,conversation,0.5,11.6,nfs,0,ttft_reuse_s,20261010-055332-d4-sim2,LRU+NONE,622.527846,LRU+NONE,0.0,kev_a,KEVa+WBR,569.55819,0.0,0.085088,0.0
20261010-060103-d4-gap2b,2026-10-10T06:01:04+00:00,conversation,0.5,11.6,nfs,0,ttft_reuse_s,20261010-055332-d4-sim2,LRU+NONE,622.527846,LRU+NONE,0.0,kev_b,KEVb+WB,586.317218,1304.0,0.058167,0.0
20261010-060103-d4-gap2b,2026-10-10T06:01:04+00:00,conversation,0.5,11.6,nfs,0,ttft_reuse_s,20261010-055332-d4-sim2,LRU+NONE,622.527846,LRU+NONE,0.0,opt,OPT-BELADY,569.55819,0.0,0.085088,0.0
20261010-060103-d4-gap2b,2026-10-10T06:01:04+00:00,conversation,0.5,11.6,nfs,0,ttft_reuse_s,20261010-055332-d4-sim2,LRU+NONE,622.527846,LRU+NONE,0.0,wtp_a,WTPa+WBR,569.55819,0.0,0.085088,0.0
20261010-060103-d4-gap2b,2026-10-10T06:01:04+00:00,conversation,0.5,11.6,nfs,0,ttft_reuse_s,20261010-055332-d4-sim2,LRU+NONE,622.527846,LRU+NONE,0.0,wtp_b,WTPb+WB,745.243563,1979.0,-0.197125,0.0
20261010-060103-d4-gap2b,2026-10-10T06:01:04+00:00,conversation,0.5,11.6,nfs,0,ttft_cake_s,20261010-055332-d4-sim2,LRU+NONE,11305.821706,LRU+NONE,0.0,kev_a,KEVa+WBR,11252.359085,0.0,0.004729,0.0
20261010-060103-d4-gap2b,2026-10-10T06:01:04+00:00,conversation,0.5,11.6,nfs,0,ttft_cake_s,20261010-055332-d4-sim2,LRU+NONE,11305.821706,LRU+NONE,0.0,kev_b,KEVb+WB,11268.869631,1304.0,0.003268,0.0
20261010-060103-d4-gap2b,2026-10-10T06:01:04+00:00,conversation,0.5,11.6,nfs,0,ttft_cake_s,20261010-055332-d4-sim2,LRU+NONE,11305.821706,LRU+NONE,0.0,opt,OPT-BELADY,11252.359085,0.0,0.004729,0.0
20261010-060103-d4-gap2b,2026-10-10T06:01:04+00:00,conversation,0.5,11.6,nfs,0,ttft_cake_s,20261010-055332-d4-sim2,LRU+NONE,11305.821706,LRU+NONE,0.0,wtp_a,WTPa+WBR,11252.359085,0.0,0.004729,0.0
20261010-060103-d4-gap2b,2026-10-10T06:01:04+00:00,conversation,0.5,11.6,nfs,0,ttft_cake_s,20261010-055332-d4-sim2,LRU+NONE,11305.821706,LRU+NONE,0.0,wtp_b,WTPb+WB,11424.736599,1979.0,-0.010518,0.0
20261010-060103-d4-gap2b,2026-10-10T06:01:04+00:00,conversation,0.5,11.6,nfs,2400,ttft_total_s,20261010-055332-d4-sim2,LRU+NONE,11282.648879,LRU+NONE,0.0,kev_a,KEVa+WBR,11229.679223,0.0,0.004695,0.0
20261010-060103-d4-gap2b,2026-10-10T06:01:04+00:00,conversation,0.5,11.6,nfs,2400,ttft_total_s,20261010-055332-d4-sim2,LRU+NONE,11282.648879,LRU+NONE,0.0,kev_b,KEVb+WB,11233.787523,1304.0,0.004331,0.0
20261010-060103-d4-gap2b,2026-10-10T06:01:04+00:00,conversation,0.5,11.6,nfs,2400,ttft_total_s,20261010-055332-d4-sim2,LRU+NONE,11282.648879,LRU+NONE,0.0,opt,OPT-BELADY,11229.679223,0.0,0.004695,0.0
20261010-060103-d4-gap2b,2026-10-10T06:01:04+00:00,conversation,0.5,11.6,nfs,2400,ttft_total_s,20261010-055332-d4-sim2,LRU+NONE,11282.648879,LRU+NONE,0.0,wtp_a,WTPa+WBR,11229.679223,0.0,0.004695,0.0
20261010-060103-d4-gap2b,2026-10-10T06:01:04+00:00,conversation,0.5,11.6,nfs,2400,ttft_total_s,20261010-055332-d4-sim2,LRU+NONE,11282.648879,LRU+NONE,0.0,wtp_b,WTPb+WB,11396.238624,1979.0,-0.010068,0.0
20261010-060103-d4-gap2b,2026-10-10T06:01:04+00:00,conversation,0.5,11.6,nfs,2400,ttft_reuse_s,20261010-055332-d4-sim2,LRU+NONE,533.680863,LRU+NONE,0.0,kev_a,KEVa+WBR,480.711207,0.0,0.099253,0.0
20261010-060103-d4-gap2b,2026-10-10T06:01:04+00:00,conversation,0.5,11.6,nfs,2400,ttft_reuse_s,20261010-055332-d4-sim2,LRU+NONE,533.680863,LRU+NONE,0.0,kev_b,KEVb+WB,484.819507,1304.0,0.091555,0.0
20261010-060103-d4-gap2b,2026-10-10T06:01:04+00:00,conversation,0.5,11.6,nfs,2400,ttft_reuse_s,20261010-055332-d4-sim2,LRU+NONE,533.680863,LRU+NONE,0.0,opt,OPT-BELADY,480.711207,0.0,0.099253,0.0
20261010-060103-d4-gap2b,2026-10-10T06:01:04+00:00,conversation,0.5,11.6,nfs,2400,ttft_reuse_s,20261010-055332-d4-sim2,LRU+NONE,533.680863,LRU+NONE,0.0,wtp_a,WTPa+WBR,480.711207,0.0,0.099253,0.0
20261010-060103-d4-gap2b,2026-10-10T06:01:04+00:00,conversation,0.5,11.6,nfs,2400,ttft_reuse_s,20261010-055332-d4-sim2,LRU+NONE,533.680863,LRU+NONE,0.0,wtp_b,WTPb+WB,647.270608,1979.0,-0.212842,0.0
20261010-060103-d4-gap2b,2026-10-10T06:01:04+00:00,synthetic,0.1,3.69,local,0,ttft_total_s,20261010-055332-d4-sim2,LRU+WT,3150.307037,SLRU+WB,43425.0,kev_a,KEVa+WBR,3225.046568,16558.0,-0.023725,0.618699
20261010-060103-d4-gap2b,2026-10-10T06:01:04+00:00,synthetic,0.1,3.69,local,0,ttft_total_s,20261010-055332-d4-sim2,LRU+WT,3150.307037,SLRU+WB,43425.0,kev_b,KEVb+WB,3265.003471,42578.0,-0.036408,0.019505
20261010-060103-d4-gap2b,2026-10-10T06:01:04+00:00,synthetic,0.1,3.69,local,0,ttft_total_s,20261010-055332-d4-sim2,LRU+WT,3150.307037,SLRU+WB,43425.0,opt,OPT-COST,3150.307037,18251.0,0.0,0.579712
20261010-060103-d4-gap2b,2026-10-10T06:01:04+00:00,synthetic,0.1,3.69,local,0,ttft_total_s,20261010-055332-d4-sim2,LRU+WT,3150.307037,SLRU+WB,43425.0,wtp_a,WTPa+WTR,3150.307037,18251.0,0.0,0.579712
20261010-060103-d4-gap2b,2026-10-10T06:01:04+00:00,synthetic,0.1,3.69,local,0,ttft_total_s,20261010-055332-d4-sim2,LRU+WT,3150.307037,SLRU+WB,43425.0,wtp_b,WTPb+WB,3243.428021,43498.0,-0.029559,-0.001681
20261010-060103-d4-gap2b,2026-10-10T06:01:04+00:00,synthetic,0.1,3.69,local,0,ttft_reuse_s,20261010-055332-d4-sim2,LRU+WT,697.888008,S3FIFO+WB,43687.0,kev_a,KEVa+WBR,772.627539,16558.0,-0.107094,0.620986
20261010-060103-d4-gap2b,2026-10-10T06:01:04+00:00,synthetic,0.1,3.69,local,0,ttft_reuse_s,20261010-055332-d4-sim2,LRU+WT,697.888008,S3FIFO+WB,43687.0,kev_b,KEVb+WB,812.584442,42578.0,-0.164348,0.025385
20261010-060103-d4-gap2b,2026-10-10T06:01:04+00:00,synthetic,0.1,3.69,local,0,ttft_reuse_s,20261010-055332-d4-sim2,LRU+WT,697.888008,S3FIFO+WB,43687.0,opt,OPT-COST,697.888008,18251.0,0.0,0.582233
20261010-060103-d4-gap2b,2026-10-10T06:01:04+00:00,synthetic,0.1,3.69,local,0,ttft_reuse_s,20261010-055332-d4-sim2,LRU+WT,697.888008,S3FIFO+WB,43687.0,wtp_a,WTPa+WTR,697.888008,18251.0,0.0,0.582233
20261010-060103-d4-gap2b,2026-10-10T06:01:04+00:00,synthetic,0.1,3.69,local,0,ttft_reuse_s,20261010-055332-d4-sim2,LRU+WT,697.888008,S3FIFO+WB,43687.0,wtp_b,WTPb+WB,791.008992,43498.0,-0.133433,0.004326
20261010-060103-d4-gap2b,2026-10-10T06:01:04+00:00,synthetic,0.1,3.69,local,0,ttft_cake_s,20261010-055332-d4-sim2,LRU+WT,3013.309437,SLRU+WB,43425.0,kev_a,KEVa+WBR,3056.191688,16558.0,-0.014231,0.618699
20261010-060103-d4-gap2b,2026-10-10T06:01:04+00:00,synthetic,0.1,3.69,local,0,ttft_cake_s,20261010-055332-d4-sim2,LRU+WT,3013.309437,SLRU+WB,43425.0,kev_b,KEVb+WB,3082.559127,42578.0,-0.022981,0.019505
20261010-060103-d4-gap2b,2026-10-10T06:01:04+00:00,synthetic,0.1,3.69,local,0,ttft_cake_s,20261010-055332-d4-sim2,LRU+WT,3013.309437,SLRU+WB,43425.0,opt,OPT-COST,3013.309437,18251.0,0.0,0.579712
20261010-060103-d4-gap2b,2026-10-10T06:01:04+00:00,synthetic,0.1,3.69,local,0,ttft_cake_s,20261010-055332-d4-sim2,LRU+WT,3013.309437,SLRU+WB,43425.0,wtp_a,WTPa+WTR,3013.309437,18251.0,0.0,0.579712
20261010-060103-d4-gap2b,2026-10-10T06:01:04+00:00,synthetic,0.1,3.69,local,0,ttft_cake_s,20261010-055332-d4-sim2,LRU+WT,3013.309437,SLRU+WB,43425.0,wtp_b,WTPb+WB,3069.094204,43498.0,-0.018513,-0.001681
20261010-060103-d4-gap2b,2026-10-10T06:01:04+00:00,synthetic,0.1,3.69,local,2400,ttft_total_s,20261010-055332-d4-sim2,LRU+WT,2970.018033,SLRU+WB,42699.0,kev_a,KEVa+WBR,3027.613785,16401.0,-0.019392,0.615893
20261010-060103-d4-gap2b,2026-10-10T06:01:04+00:00,synthetic,0.1,3.69,local,2400,ttft_total_s,20261010-055332-d4-sim2,LRU+WT,2970.018033,SLRU+WB,42699.0,kev_b,KEVb+WB,3058.867046,43083.0,-0.029915,-0.008993
20261010-060103-d4-gap2b,2026-10-10T06:01:04+00:00,synthetic,0.1,3.69,local,2400,ttft_total_s,20261010-055332-d4-sim2,LRU+WT,2970.018033,SLRU+WB,42699.0,opt,OPT-COST,2970.018033,18042.0,0.0,0.577461
20261010-060103-d4-gap2b,2026-10-10T06:01:04+00:00,synthetic,0.1,3.69,local,2400,ttft_total_s,20261010-055332-d4-sim2,LRU+WT,2970.018033,SLRU+WB,42699.0,wtp_a,WTPa+WTR,2970.018033,18042.0,0.0,0.577461
20261010-060103-d4-gap2b,2026-10-10T06:01:04+00:00,synthetic,0.1,3.69,local,2400,ttft_total_s,20261010-055332-d4-sim2,LRU+WT,2970.018033,SLRU+WB,42699.0,wtp_b,WTPb+WB,3042.034682,43468.0,-0.024248,-0.01801
20261010-060103-d4-gap2b,2026-10-10T06:01:04+00:00,synthetic,0.1,3.69,local,2400,ttft_reuse_s,20261010-055332-d4-sim2,LRU+WT,517.599004,SLRU+WB,42699.0,kev_a,KEVa+WBR,575.194756,16401.0,-0.111275,0.615893
20261010-060103-d4-gap2b,2026-10-10T06:01:04+00:00,synthetic,0.1,3.69,local,2400,ttft_reuse_s,20261010-055332-d4-sim2,LRU+WT,517.599004,SLRU+WB,42699.0,kev_b,KEVb+WB,606.448017,43083.0,-0.171656,-0.008993
20261010-060103-d4-gap2b,2026-10-10T06:01:04+00:00,synthetic,0.1,3.69,local,2400,ttft_reuse_s,20261010-055332-d4-sim2,LRU+WT,517.599004,SLRU+WB,42699.0,opt,OPT-COST,517.599004,18042.0,0.0,0.577461
20261010-060103-d4-gap2b,2026-10-10T06:01:04+00:00,synthetic,0.1,3.69,local,2400,ttft_reuse_s,20261010-055332-d4-sim2,LRU+WT,517.599004,SLRU+WB,42699.0,wtp_a,WTPa+WTR,517.599004,18042.0,0.0,0.577461
20261010-060103-d4-gap2b,2026-10-10T06:01:04+00:00,synthetic,0.1,3.69,local,2400,ttft_reuse_s,20261010-055332-d4-sim2,LRU+WT,517.599004,SLRU+WB,42699.0,wtp_b,WTPb+WB,589.615653,43468.0,-0.139136,-0.01801
20261010-060103-d4-gap2b,2026-10-10T06:01:04+00:00,synthetic,0.1,3.69,nfs,0,ttft_total_s,20261010-055332-d4-sim2,S3FIFO+WT,5661.503105,S3FIFO+WB2,0.0,kev_a,KEVa+WBR,5207.945097,192.0,0.080113,0.0
20261010-060103-d4-gap2b,2026-10-10T06:01:04+00:00,synthetic,0.1,3.69,nfs,0,ttft_total_s,20261010-055332-d4-sim2,S3FIFO+WT,5661.503105,S3FIFO+WB2,0.0,kev_b,KEVb+WB,5161.736286,156.0,0.088275,0.0
20261010-060103-d4-gap2b,2026-10-10T06:01:04+00:00,synthetic,0.1,3.69,nfs,0,ttft_total_s,20261010-055332-d4-sim2,S3FIFO+WT,5661.503105,S3FIFO+WB2,0.0,opt,OPT-COST,4323.129998,0.0,0.236399,0.0
20261010-060103-d4-gap2b,2026-10-10T06:01:04+00:00,synthetic,0.1,3.69,nfs,0,ttft_total_s,20261010-055332-d4-sim2,S3FIFO+WT,5661.503105,S3FIFO+WB2,0.0,wtp_a,WTPa+WBR,5207.945097,192.0,0.080113,0.0
20261010-060103-d4-gap2b,2026-10-10T06:01:04+00:00,synthetic,0.1,3.69,nfs,0,ttft_total_s,20261010-055332-d4-sim2,S3FIFO+WT,5661.503105,S3FIFO+WB2,0.0,wtp_b,WTPb+WB,5353.589466,351.0,0.054387,0.0
20261010-060103-d4-gap2b,2026-10-10T06:01:04+00:00,synthetic,0.1,3.69,nfs,0,ttft_reuse_s,20261010-055332-d4-sim2,S3FIFO+WT,3209.084076,S3FIFO+WB2,0.0,kev_a,KEVa+WBR,2755.526067,192.0,0.141336,0.0
20261010-060103-d4-gap2b,2026-10-10T06:01:04+00:00,synthetic,0.1,3.69,nfs,0,ttft_reuse_s,20261010-055332-d4-sim2,S3FIFO+WT,3209.084076,S3FIFO+WB2,0.0,kev_b,KEVb+WB,2709.317257,156.0,0.155735,0.0
20261010-060103-d4-gap2b,2026-10-10T06:01:04+00:00,synthetic,0.1,3.69,nfs,0,ttft_reuse_s,20261010-055332-d4-sim2,S3FIFO+WT,3209.084076,S3FIFO+WB2,0.0,opt,OPT-COST,1870.710969,0.0,0.417058,0.0
20261010-060103-d4-gap2b,2026-10-10T06:01:04+00:00,synthetic,0.1,3.69,nfs,0,ttft_reuse_s,20261010-055332-d4-sim2,S3FIFO+WT,3209.084076,S3FIFO+WB2,0.0,wtp_a,WTPa+WBR,2755.526067,192.0,0.141336,0.0
20261010-060103-d4-gap2b,2026-10-10T06:01:04+00:00,synthetic,0.1,3.69,nfs,0,ttft_reuse_s,20261010-055332-d4-sim2,S3FIFO+WT,3209.084076,S3FIFO+WB2,0.0,wtp_b,WTPb+WB,2901.170437,351.0,0.095951,0.0
20261010-060103-d4-gap2b,2026-10-10T06:01:04+00:00,synthetic,0.1,3.69,nfs,0,ttft_cake_s,20261010-055332-d4-sim2,2HIT+WT,5456.46634,S3FIFO+WB2,0.0,kev_a,KEVa+WBR,4922.928073,192.0,0.097781,0.0
20261010-060103-d4-gap2b,2026-10-10T06:01:04+00:00,synthetic,0.1,3.69,nfs,0,ttft_cake_s,20261010-055332-d4-sim2,2HIT+WT,5456.46634,S3FIFO+WB2,0.0,kev_b,KEVb+WB,4935.621831,156.0,0.095455,0.0
20261010-060103-d4-gap2b,2026-10-10T06:01:04+00:00,synthetic,0.1,3.69,nfs,0,ttft_cake_s,20261010-055332-d4-sim2,2HIT+WT,5456.46634,S3FIFO+WB2,0.0,opt,OPT-COST,3900.42443,0.0,0.285174,0.0
20261010-060103-d4-gap2b,2026-10-10T06:01:04+00:00,synthetic,0.1,3.69,nfs,0,ttft_cake_s,20261010-055332-d4-sim2,2HIT+WT,5456.46634,S3FIFO+WB2,0.0,wtp_a,WTPa+WBR,4922.928073,192.0,0.097781,0.0
20261010-060103-d4-gap2b,2026-10-10T06:01:04+00:00,synthetic,0.1,3.69,nfs,0,ttft_cake_s,20261010-055332-d4-sim2,2HIT+WT,5456.46634,S3FIFO+WB2,0.0,wtp_b,WTPb+WB,5120.582874,351.0,0.061557,0.0
20261010-060103-d4-gap2b,2026-10-10T06:01:04+00:00,synthetic,0.1,3.69,nfs,2400,ttft_total_s,20261010-055332-d4-sim2,S3FIFO+WT,5194.143597,S3FIFO+WB2,0.0,kev_a,KEVa+WBR,4846.947391,192.0,0.066844,0.0
20261010-060103-d4-gap2b,2026-10-10T06:01:04+00:00,synthetic,0.1,3.69,nfs,2400,ttft_total_s,20261010-055332-d4-sim2,S3FIFO+WT,5194.143597,S3FIFO+WB2,0.0,kev_b,KEVb+WB,4757.193113,351.0,0.084124,0.0
20261010-060103-d4-gap2b,2026-10-10T06:01:04+00:00,synthetic,0.1,3.69,nfs,2400,ttft_total_s,20261010-055332-d4-sim2,S3FIFO+WT,5194.143597,S3FIFO+WB2,0.0,opt,OPT-COST,3962.318651,0.0,0.237157,0.0
20261010-060103-d4-gap2b,2026-10-10T06:01:04+00:00,synthetic,0.1,3.69,nfs,2400,ttft_total_s,20261010-055332-d4-sim2,S3FIFO+WT,5194.143597,S3FIFO+WB2,0.0,wtp_a,WTPa+WBR,4846.947391,192.0,0.066844,0.0
20261010-060103-d4-gap2b,2026-10-10T06:01:04+00:00,synthetic,0.1,3.69,nfs,2400,ttft_total_s,20261010-055332-d4-sim2,S3FIFO+WT,5194.143597,S3FIFO+WB2,0.0,wtp_b,WTPb+WB,4908.571041,351.0,0.05498,0.0
20261010-060103-d4-gap2b,2026-10-10T06:01:04+00:00,synthetic,0.1,3.69,nfs,2400,ttft_reuse_s,20261010-055332-d4-sim2,S3FIFO+WT,2741.724568,S3FIFO+WB2,0.0,kev_a,KEVa+WBR,2394.528361,192.0,0.126634,0.0
20261010-060103-d4-gap2b,2026-10-10T06:01:04+00:00,synthetic,0.1,3.69,nfs,2400,ttft_reuse_s,20261010-055332-d4-sim2,S3FIFO+WT,2741.724568,S3FIFO+WB2,0.0,kev_b,KEVb+WB,2304.774083,351.0,0.159371,0.0
20261010-060103-d4-gap2b,2026-10-10T06:01:04+00:00,synthetic,0.1,3.69,nfs,2400,ttft_reuse_s,20261010-055332-d4-sim2,S3FIFO+WT,2741.724568,S3FIFO+WB2,0.0,opt,OPT-COST,1509.899622,0.0,0.449288,0.0
20261010-060103-d4-gap2b,2026-10-10T06:01:04+00:00,synthetic,0.1,3.69,nfs,2400,ttft_reuse_s,20261010-055332-d4-sim2,S3FIFO+WT,2741.724568,S3FIFO+WB2,0.0,wtp_a,WTPa+WBR,2394.528361,192.0,0.126634,0.0
20261010-060103-d4-gap2b,2026-10-10T06:01:04+00:00,synthetic,0.1,3.69,nfs,2400,ttft_reuse_s,20261010-055332-d4-sim2,S3FIFO+WT,2741.724568,S3FIFO+WB2,0.0,wtp_b,WTPb+WB,2456.152012,351.0,0.104158,0.0
20261010-060103-d4-gap2b,2026-10-10T06:01:04+00:00,synthetic,0.1,11.6,local,0,ttft_total_s,20261010-055332-d4-sim2,2HIT+WT,3032.677559,SLRU+WB,43425.0,kev_a,KEVa+WBR,2991.158966,16558.0,0.01369,0.618699
20261010-060103-d4-gap2b,2026-10-10T06:01:04+00:00,synthetic,0.1,11.6,local,0,ttft_total_s,20261010-055332-d4-sim2,2HIT+WT,3032.677559,SLRU+WB,43425.0,kev_b,KEVb+WB,2993.586558,42578.0,0.01289,0.019505
20261010-060103-d4-gap2b,2026-10-10T06:01:04+00:00,synthetic,0.1,11.6,local,0,ttft_total_s,20261010-055332-d4-sim2,2HIT+WT,3032.677559,SLRU+WB,43425.0,opt,OPT-BELADY,2930.337275,11836.0,0.033746,0.727438
20261010-060103-d4-gap2b,2026-10-10T06:01:04+00:00,synthetic,0.1,11.6,local,0,ttft_total_s,20261010-055332-d4-sim2,2HIT+WT,3032.677559,SLRU+WB,43425.0,wtp_a,WTPa+WBR,2991.158966,16558.0,0.01369,0.618699
20261010-060103-d4-gap2b,2026-10-10T06:01:04+00:00,synthetic,0.1,11.6,local,0,ttft_total_s,20261010-055332-d4-sim2,2HIT+WT,3032.677559,SLRU+WB,43425.0,wtp_b,WTPb+WB,3007.645915,43498.0,0.008254,-0.001681
20261010-060103-d4-gap2b,2026-10-10T06:01:04+00:00,synthetic,0.1,11.6,local,0,ttft_reuse_s,20261010-055332-d4-sim2,2HIT+WT,580.25853,SLRU+WB,43425.0,kev_a,KEVa+WBR,538.739937,16558.0,0.071552,0.618699
20261010-060103-d4-gap2b,2026-10-10T06:01:04+00:00,synthetic,0.1,11.6,local,0,ttft_reuse_s,20261010-055332-d4-sim2,2HIT+WT,580.25853,SLRU+WB,43425.0,kev_b,KEVb+WB,541.167529,42578.0,0.067368,0.019505
20261010-060103-d4-gap2b,2026-10-10T06:01:04+00:00,synthetic,0.1,11.6,local,0,ttft_reuse_s,20261010-055332-d4-sim2,2HIT+WT,580.25853,SLRU+WB,43425.0,opt,OPT-BELADY,477.918246,11836.0,0.17637,0.727438
20261010-060103-d4-gap2b,2026-10-10T06:01:04+00:00,synthetic,0.1,11.6,local,0,ttft_reuse_s,20261010-055332-d4-sim2,2HIT+WT,580.25853,SLRU+WB,43425.0,wtp_a,WTPa+WBR,538.739937,16558.0,0.071552,0.618699
20261010-060103-d4-gap2b,2026-10-10T06:01:04+00:00,synthetic,0.1,11.6,local,0,ttft_reuse_s,20261010-055332-d4-sim2,2HIT+WT,580.25853,SLRU+WB,43425.0,wtp_b,WTPb+WB,555.226886,43498.0,0.043139,-0.001681
20261010-060103-d4-gap2b,2026-10-10T06:01:04+00:00,synthetic,0.1,11.6,local,0,ttft_cake_s,20261010-055332-d4-sim2,S3FIFO+WB,2930.244858,SLRU+WB,43425.0,kev_a,KEVa+WBR,2900.884267,16558.0,0.01002,0.618699
20261010-060103-d4-gap2b,2026-10-10T06:01:04+00:00,synthetic,0.1,11.6,local,0,ttft_cake_s,20261010-055332-d4-sim2,S3FIFO+WB,2930.244858,SLRU+WB,43425.0,kev_b,KEVb+WB,2902.334911,42578.0,0.009525,0.019505
20261010-060103-d4-gap2b,2026-10-10T06:01:04+00:00,synthetic,0.1,11.6,local,0,ttft_cake_s,20261010-055332-d4-sim2,S3FIFO+WB,2930.244858,SLRU+WB,43425.0,opt,OPT-BELADY,2858.34918,11836.0,0.024536,0.727438
20261010-060103-d4-gap2b,2026-10-10T06:01:04+00:00,synthetic,0.1,11.6,local,0,ttft_cake_s,20261010-055332-d4-sim2,S3FIFO+WB,2930.244858,SLRU+WB,43425.0,wtp_a,WTPa+WBR,2900.884267,16558.0,0.01002,0.618699
20261010-060103-d4-gap2b,2026-10-10T06:01:04+00:00,synthetic,0.1,11.6,local,0,ttft_cake_s,20261010-055332-d4-sim2,S3FIFO+WB,2930.244858,SLRU+WB,43425.0,wtp_b,WTPb+WB,2912.339577,43498.0,0.006111,-0.001681
20261010-060103-d4-gap2b,2026-10-10T06:01:04+00:00,synthetic,0.1,11.6,local,2400,ttft_total_s,20261010-055332-d4-sim2,S3FIFO+WB,2914.42226,SLRU+WB,42699.0,kev_a,KEVa+WBR,2881.216654,16401.0,0.011394,0.615893
20261010-060103-d4-gap2b,2026-10-10T06:01:04+00:00,synthetic,0.1,11.6,local,2400,ttft_total_s,20261010-055332-d4-sim2,S3FIFO+WB,2914.42226,SLRU+WB,42699.0,kev_b,KEVb+WB,2879.555482,43083.0,0.011964,-0.008993
20261010-060103-d4-gap2b,2026-10-10T06:01:04+00:00,synthetic,0.1,11.6,local,2400,ttft_total_s,20261010-055332-d4-sim2,S3FIFO+WB,2914.42226,SLRU+WB,42699.0,opt,OPT-BELADY,2820.676578,11832.0,0.032166,0.722897
20261010-060103-d4-gap2b,2026-10-10T06:01:04+00:00,synthetic,0.1,11.6,local,2400,ttft_total_s,20261010-055332-d4-sim2,S3FIFO+WB,2914.42226,SLRU+WB,42699.0,wtp_a,WTPa+WBR,2881.216654,16401.0,0.011394,0.615893
20261010-060103-d4-gap2b,2026-10-10T06:01:04+00:00,synthetic,0.1,11.6,local,2400,ttft_total_s,20261010-055332-d4-sim2,S3FIFO+WB,2914.42226,SLRU+WB,42699.0,wtp_b,WTPb+WB,2889.796996,43468.0,0.008449,-0.01801
20261010-060103-d4-gap2b,2026-10-10T06:01:04+00:00,synthetic,0.1,11.6,local,2400,ttft_reuse_s,20261010-055332-d4-sim2,S3FIFO+WB,462.00323,LRU+WB,43524.0,kev_a,KEVa+WBR,428.797624,16401.0,0.071873,0.623173
20261010-060103-d4-gap2b,2026-10-10T06:01:04+00:00,synthetic,0.1,11.6,local,2400,ttft_reuse_s,20261010-055332-d4-sim2,S3FIFO+WB,462.00323,LRU+WB,43524.0,kev_b,KEVb+WB,427.136453,43083.0,0.075469,0.010132
20261010-060103-d4-gap2b,2026-10-10T06:01:04+00:00,synthetic,0.1,11.6,local,2400,ttft_reuse_s,20261010-055332-d4-sim2,S3FIFO+WB,462.00323,LRU+WB,43524.0,opt,OPT-BELADY,368.257549,11832.0,0.202911,0.72815
20261010-060103-d4-gap2b,2026-10-10T06:01:04+00:00,synthetic,0.1,11.6,local,2400,ttft_reuse_s,20261010-055332-d4-sim2,S3FIFO+WB,462.00323,LRU+WB,43524.0,wtp_a,WTPa+WBR,428.797624,16401.0,0.071873,0.623173
20261010-060103-d4-gap2b,2026-10-10T06:01:04+00:00,synthetic,0.1,11.6,local,2400,ttft_reuse_s,20261010-055332-d4-sim2,S3FIFO+WB,462.00323,LRU+WB,43524.0,wtp_b,WTPb+WB,437.377967,43468.0,0.053301,0.001287
20261010-060103-d4-gap2b,2026-10-10T06:01:04+00:00,synthetic,0.1,11.6,nfs,0,ttft_total_s,20261010-055332-d4-sim2,S3FIFO+WT,5282.348295,S3FIFO+WB2,0.0,kev_a,KEVa+WBR,4692.307028,192.0,0.111701,0.0
20261010-060103-d4-gap2b,2026-10-10T06:01:04+00:00,synthetic,0.1,11.6,nfs,0,ttft_total_s,20261010-055332-d4-sim2,S3FIFO+WT,5282.348295,S3FIFO+WB2,0.0,kev_b,KEVb+WB,4653.96359,156.0,0.118959,0.0
20261010-060103-d4-gap2b,2026-10-10T06:01:04+00:00,synthetic,0.1,11.6,nfs,0,ttft_total_s,20261010-055332-d4-sim2,S3FIFO+WT,5282.348295,S3FIFO+WB2,0.0,opt,OPT-COST,3640.955201,0.0,0.310732,0.0
20261010-060103-d4-gap2b,2026-10-10T06:01:04+00:00,synthetic,0.1,11.6,nfs,0,ttft_total_s,20261010-055332-d4-sim2,S3FIFO+WT,5282.348295,S3FIFO+WB2,0.0,wtp_a,WTPa+WBR,4692.307028,192.0,0.111701,0.0
20261010-060103-d4-gap2b,2026-10-10T06:01:04+00:00,synthetic,0.1,11.6,nfs,0,ttft_total_s,20261010-055332-d4-sim2,S3FIFO+WT,5282.348295,S3FIFO+WB2,0.0,wtp_b,WTPb+WB,4891.368937,351.0,0.074016,0.0
20261010-060103-d4-gap2b,2026-10-10T06:01:04+00:00,synthetic,0.1,11.6,nfs,0,ttft_reuse_s,20261010-055332-d4-sim2,S3FIFO+WT,2829.929266,S3FIFO+WB2,0.0,kev_a,KEVa+WBR,2239.887999,192.0,0.2085,0.0
20261010-060103-d4-gap2b,2026-10-10T06:01:04+00:00,synthetic,0.1,11.6,nfs,0,ttft_reuse_s,20261010-055332-d4-sim2,S3FIFO+WT,2829.929266,S3FIFO+WB2,0.0,kev_b,KEVb+WB,2201.544561,156.0,0.22205,0.0
20261010-060103-d4-gap2b,2026-10-10T06:01:04+00:00,synthetic,0.1,11.6,nfs,0,ttft_reuse_s,20261010-055332-d4-sim2,S3FIFO+WT,2829.929266,S3FIFO+WB2,0.0,opt,OPT-COST,1188.536172,0.0,0.580012,0.0
20261010-060103-d4-gap2b,2026-10-10T06:01:04+00:00,synthetic,0.1,11.6,nfs,0,ttft_reuse_s,20261010-055332-d4-sim2,S3FIFO+WT,2829.929266,S3FIFO+WB2,0.0,wtp_a,WTPa+WBR,2239.887999,192.0,0.2085,0.0
20261010-060103-d4-gap2b,2026-10-10T06:01:04+00:00,synthetic,0.1,11.6,nfs,0,ttft_reuse_s,20261010-055332-d4-sim2,S3FIFO+WT,2829.929266,S3FIFO+WB2,0.0,wtp_b,WTPb+WB,2438.949908,351.0,0.138159,0.0
20261010-060103-d4-gap2b,2026-10-10T06:01:04+00:00,synthetic,0.1,11.6,nfs,0,ttft_cake_s,20261010-055332-d4-sim2,2HIT+WT,5219.308065,S3FIFO+WB2,0.0,kev_a,KEVa+WBR,4603.045286,192.0,0.118074,0.0
20261010-060103-d4-gap2b,2026-10-10T06:01:04+00:00,synthetic,0.1,11.6,nfs,0,ttft_cake_s,20261010-055332-d4-sim2,2HIT+WT,5219.308065,S3FIFO+WB2,0.0,kev_b,KEVb+WB,4619.922973,156.0,0.11484,0.0
20261010-060103-d4-gap2b,2026-10-10T06:01:04+00:00,synthetic,0.1,11.6,nfs,0,ttft_cake_s,20261010-055332-d4-sim2,2HIT+WT,5219.308065,S3FIFO+WB2,0.0,opt,OPT-COST,3542.185895,0.0,0.32133,0.0
20261010-060103-d4-gap2b,2026-10-10T06:01:04+00:00,synthetic,0.1,11.6,nfs,0,ttft_cake_s,20261010-055332-d4-sim2,2HIT+WT,5219.308065,S3FIFO+WB2,0.0,wtp_a,WTPa+WBR,4603.045286,192.0,0.118074,0.0
20261010-060103-d4-gap2b,2026-10-10T06:01:04+00:00,synthetic,0.1,11.6,nfs,0,ttft_cake_s,20261010-055332-d4-sim2,2HIT+WT,5219.308065,S3FIFO+WB2,0.0,wtp_b,WTPb+WB,4832.266849,351.0,0.074156,0.0
20261010-060103-d4-gap2b,2026-10-10T06:01:04+00:00,synthetic,0.1,11.6,nfs,2400,ttft_total_s,20261010-055332-d4-sim2,S3FIFO+WT,5014.013878,S3FIFO+WB2,0.0,kev_a,KEVa+WBR,4559.231859,192.0,0.090702,0.0
20261010-060103-d4-gap2b,2026-10-10T06:01:04+00:00,synthetic,0.1,11.6,nfs,2400,ttft_total_s,20261010-055332-d4-sim2,S3FIFO+WT,5014.013878,S3FIFO+WB2,0.0,kev_b,KEVb+WB,4464.095403,351.0,0.109676,0.0
20261010-060103-d4-gap2b,2026-10-10T06:01:04+00:00,synthetic,0.1,11.6,nfs,2400,ttft_total_s,20261010-055332-d4-sim2,S3FIFO+WT,5014.013878,S3FIFO+WB2,0.0,opt,OPT-COST,3508.156253,0.0,0.30033,0.0
20261010-060103-d4-gap2b,2026-10-10T06:01:04+00:00,synthetic,0.1,11.6,nfs,2400,ttft_total_s,20261010-055332-d4-sim2,S3FIFO+WT,5014.013878,S3FIFO+WB2,0.0,wtp_a,WTPa+WBR,4559.231859,192.0,0.090702,0.0
20261010-060103-d4-gap2b,2026-10-10T06:01:04+00:00,synthetic,0.1,11.6,nfs,2400,ttft_total_s,20261010-055332-d4-sim2,S3FIFO+WT,5014.013878,S3FIFO+WB2,0.0,wtp_b,WTPb+WB,4648.65573,351.0,0.072867,0.0
20261010-060103-d4-gap2b,2026-10-10T06:01:04+00:00,synthetic,0.1,11.6,nfs,2400,ttft_reuse_s,20261010-055332-d4-sim2,S3FIFO+WT,2561.594849,S3FIFO+WB2,0.0,kev_a,KEVa+WBR,2106.81283,192.0,0.177539,0.0
20261010-060103-d4-gap2b,2026-10-10T06:01:04+00:00,synthetic,0.1,11.6,nfs,2400,ttft_reuse_s,20261010-055332-d4-sim2,S3FIFO+WT,2561.594849,S3FIFO+WB2,0.0,kev_b,KEVb+WB,2011.676374,351.0,0.214678,0.0
20261010-060103-d4-gap2b,2026-10-10T06:01:04+00:00,synthetic,0.1,11.6,nfs,2400,ttft_reuse_s,20261010-055332-d4-sim2,S3FIFO+WT,2561.594849,S3FIFO+WB2,0.0,opt,OPT-COST,1055.737224,0.0,0.587859,0.0
20261010-060103-d4-gap2b,2026-10-10T06:01:04+00:00,synthetic,0.1,11.6,nfs,2400,ttft_reuse_s,20261010-055332-d4-sim2,S3FIFO+WT,2561.594849,S3FIFO+WB2,0.0,wtp_a,WTPa+WBR,2106.81283,192.0,0.177539,0.0
20261010-060103-d4-gap2b,2026-10-10T06:01:04+00:00,synthetic,0.1,11.6,nfs,2400,ttft_reuse_s,20261010-055332-d4-sim2,S3FIFO+WT,2561.594849,S3FIFO+WB2,0.0,wtp_b,WTPb+WB,2196.236701,351.0,0.142629,0.0
20261010-060103-d4-gap2b,2026-10-10T06:01:04+00:00,synthetic,0.25,3.69,local,0,ttft_total_s,20261010-055332-d4-sim2,LRU+WT,3150.307037,LRU+WB,41086.0,kev_a,KEVa+WBR,3677.683862,2848.0,-0.167405,0.930682
20261010-060103-d4-gap2b,2026-10-10T06:01:04+00:00,synthetic,0.25,3.69,local,0,ttft_total_s,20261010-055332-d4-sim2,LRU+WT,3150.307037,LRU+WB,41086.0,kev_b,KEVb+WB,3575.635656,36062.0,-0.135012,0.12228
20261010-060103-d4-gap2b,2026-10-10T06:01:04+00:00,synthetic,0.25,3.69,local,0,ttft_total_s,20261010-055332-d4-sim2,LRU+WT,3150.307037,LRU+WB,41086.0,opt,OPT-COST,3150.307037,18251.0,0.0,0.555785
20261010-060103-d4-gap2b,2026-10-10T06:01:04+00:00,synthetic,0.25,3.69,local,0,ttft_total_s,20261010-055332-d4-sim2,LRU+WT,3150.307037,LRU+WB,41086.0,wtp_a,WTPa+WTR,3150.307037,18251.0,0.0,0.555785
20261010-060103-d4-gap2b,2026-10-10T06:01:04+00:00,synthetic,0.25,3.69,local,0,ttft_total_s,20261010-055332-d4-sim2,LRU+WT,3150.307037,LRU+WB,41086.0,wtp_b,WTPb+WB,3553.094022,35747.0,-0.127856,0.129947
20261010-060103-d4-gap2b,2026-10-10T06:01:04+00:00,synthetic,0.25,3.69,local,0,ttft_reuse_s,20261010-055332-d4-sim2,LRU+WT,697.888008,LRU+WT,43924.0,kev_a,KEVa+WBR,1225.264833,2848.0,-0.755675,0.935161
20261010-060103-d4-gap2b,2026-10-10T06:01:04+00:00,synthetic,0.25,3.69,local,0,ttft_reuse_s,20261010-055332-d4-sim2,LRU+WT,697.888008,LRU+WT,43924.0,kev_b,KEVb+WB,1123.216627,36062.0,-0.609451,0.178991
20261010-060103-d4-gap2b,2026-10-10T06:01:04+00:00,synthetic,0.25,3.69,local,0,ttft_reuse_s,20261010-055332-d4-sim2,LRU+WT,697.888008,LRU+WT,43924.0,opt,OPT-COST,697.888008,18251.0,0.0,0.584487
20261010-060103-d4-gap2b,2026-10-10T06:01:04+00:00,synthetic,0.25,3.69,local,0,ttft_reuse_s,20261010-055332-d4-sim2,LRU+WT,697.888008,LRU+WT,43924.0,wtp_a,WTPa+WTR,697.888008,18251.0,0.0,0.584487
20261010-060103-d4-gap2b,2026-10-10T06:01:04+00:00,synthetic,0.25,3.69,local,0,ttft_reuse_s,20261010-055332-d4-sim2,LRU+WT,697.888008,LRU+WT,43924.0,wtp_b,WTPb+WB,1100.674993,35747.0,-0.577151,0.186162
20261010-060103-d4-gap2b,2026-10-10T06:01:04+00:00,synthetic,0.25,3.69,local,0,ttft_cake_s,20261010-055332-d4-sim2,LRU+WT,3013.309437,SLRU+WB,39862.0,kev_a,KEVa+WBR,3320.301815,2848.0,-0.101879,0.928554
20261010-060103-d4-gap2b,2026-10-10T06:01:04+00:00,synthetic,0.25,3.69,local,0,ttft_cake_s,20261010-055332-d4-sim2,LRU+WT,3013.309437,SLRU+WB,39862.0,kev_b,KEVb+WB,3260.864349,36062.0,-0.082154,0.095329
20261010-060103-d4-gap2b,2026-10-10T06:01:04+00:00,synthetic,0.25,3.69,local,0,ttft_cake_s,20261010-055332-d4-sim2,LRU+WT,3013.309437,SLRU+WB,39862.0,opt,OPT-COST,3013.309437,18251.0,0.0,0.542145
20261010-060103-d4-gap2b,2026-10-10T06:01:04+00:00,synthetic,0.25,3.69,local,0,ttft_cake_s,20261010-055332-d4-sim2,LRU+WT,3013.309437,SLRU+WB,39862.0,wtp_a,WTPa+WTR,3013.309437,18251.0,0.0,0.542145
20261010-060103-d4-gap2b,2026-10-10T06:01:04+00:00,synthetic,0.25,3.69,local,0,ttft_cake_s,20261010-055332-d4-sim2,LRU+WT,3013.309437,SLRU+WB,39862.0,wtp_b,WTPb+WB,3248.315701,35747.0,-0.077989,0.103231
20261010-060103-d4-gap2b,2026-10-10T06:01:04+00:00,synthetic,0.25,3.69,local,2400,ttft_total_s,20261010-055332-d4-sim2,LRU+WT,2970.018033,SLRU+WB,39300.0,kev_a,KEVa+WBR,3361.043124,2775.0,-0.131657,0.929389
20261010-060103-d4-gap2b,2026-10-10T06:01:04+00:00,synthetic,0.25,3.69,local,2400,ttft_total_s,20261010-055332-d4-sim2,LRU+WT,2970.018033,SLRU+WB,39300.0,kev_b,KEVb+WB,3265.015602,36150.0,-0.099325,0.080153
20261010-060103-d4-gap2b,2026-10-10T06:01:04+00:00,synthetic,0.25,3.69,local,2400,ttft_total_s,20261010-055332-d4-sim2,LRU+WT,2970.018033,SLRU+WB,39300.0,opt,OPT-COST,2970.018033,18042.0,0.0,0.540916
20261010-060103-d4-gap2b,2026-10-10T06:01:04+00:00,synthetic,0.25,3.69,local,2400,ttft_total_s,20261010-055332-d4-sim2,LRU+WT,2970.018033,SLRU+WB,39300.0,wtp_a,WTPa+WTR,2970.018033,18042.0,0.0,0.540916
20261010-060103-d4-gap2b,2026-10-10T06:01:04+00:00,synthetic,0.25,3.69,local,2400,ttft_total_s,20261010-055332-d4-sim2,LRU+WT,2970.018033,SLRU+WB,39300.0,wtp_b,WTPb+WB,3250.251351,35544.0,-0.094354,0.095573
20261010-060103-d4-gap2b,2026-10-10T06:01:04+00:00,synthetic,0.25,3.69,local,2400,ttft_reuse_s,20261010-055332-d4-sim2,LRU+WT,517.599004,LRU+WT,43924.0,kev_a,KEVa+WBR,908.624095,2775.0,-0.75546,0.936823
20261010-060103-d4-gap2b,2026-10-10T06:01:04+00:00,synthetic,0.25,3.69,local,2400,ttft_reuse_s,20261010-055332-d4-sim2,LRU+WT,517.599004,LRU+WT,43924.0,kev_b,KEVb+WB,812.596573,36150.0,-0.569935,0.176988
20261010-060103-d4-gap2b,2026-10-10T06:01:04+00:00,synthetic,0.25,3.69,local,2400,ttft_reuse_s,20261010-055332-d4-sim2,LRU+WT,517.599004,LRU+WT,43924.0,opt,OPT-COST,517.599004,18042.0,0.0,0.589245
20261010-060103-d4-gap2b,2026-10-10T06:01:04+00:00,synthetic,0.25,3.69,local,2400,ttft_reuse_s,20261010-055332-d4-sim2,LRU+WT,517.599004,LRU+WT,43924.0,wtp_a,WTPa+WTR,517.599004,18042.0,0.0,0.589245
20261010-060103-d4-gap2b,2026-10-10T06:01:04+00:00,synthetic,0.25,3.69,local,2400,ttft_reuse_s,20261010-055332-d4-sim2,LRU+WT,517.599004,LRU+WT,43924.0,wtp_b,WTPb+WB,797.832322,35544.0,-0.54141,0.190784
20261010-060103-d4-gap2b,2026-10-10T06:01:04+00:00,synthetic,0.25,3.69,nfs,0,ttft_total_s,20261010-055332-d4-sim2,ARC+WB2,4678.279122,ARC+WB2,0.0,kev_a,KEVa+WBR,3895.121525,0.0,0.167403,0.0
20261010-060103-d4-gap2b,2026-10-10T06:01:04+00:00,synthetic,0.25,3.69,nfs,0,ttft_total_s,20261010-055332-d4-sim2,ARC+WB2,4678.279122,ARC+WB2,0.0,kev_b,KEVb+WB,4381.017972,151.0,0.063541,0.0
20261010-060103-d4-gap2b,2026-10-10T06:01:04+00:00,synthetic,0.25,3.69,nfs,0,ttft_total_s,20261010-055332-d4-sim2,ARC+WB2,4678.279122,ARC+WB2,0.0,opt,OPT-COST,3817.108596,0.0,0.184078,0.0
20261010-060103-d4-gap2b,2026-10-10T06:01:04+00:00,synthetic,0.25,3.69,nfs,0,ttft_total_s,20261010-055332-d4-sim2,ARC+WB2,4678.279122,ARC+WB2,0.0,wtp_a,WTPa+WBR,3895.121525,0.0,0.167403,0.0
20261010-060103-d4-gap2b,2026-10-10T06:01:04+00:00,synthetic,0.25,3.69,nfs,0,ttft_total_s,20261010-055332-d4-sim2,ARC+WB2,4678.279122,ARC+WB2,0.0,wtp_b,WTPb+WB,4518.886842,154.0,0.034071,0.0
20261010-060103-d4-gap2b,2026-10-10T06:01:04+00:00,synthetic,0.25,3.69,nfs,0,ttft_reuse_s,20261010-055332-d4-sim2,ARC+WB2,2225.860093,ARC+WB2,0.0,kev_a,KEVa+WBR,1442.702496,0.0,0.351845,0.0
20261010-060103-d4-gap2b,2026-10-10T06:01:04+00:00,synthetic,0.25,3.69,nfs,0,ttft_reuse_s,20261010-055332-d4-sim2,ARC+WB2,2225.860093,ARC+WB2,0.0,kev_b,KEVb+WB,1928.598943,151.0,0.133549,0.0
20261010-060103-d4-gap2b,2026-10-10T06:01:04+00:00,synthetic,0.25,3.69,nfs,0,ttft_reuse_s,20261010-055332-d4-sim2,ARC+WB2,2225.860093,ARC+WB2,0.0,opt,OPT-COST,1364.689567,0.0,0.386893,0.0
20261010-060103-d4-gap2b,2026-10-10T06:01:04+00:00,synthetic,0.25,3.69,nfs,0,ttft_reuse_s,20261010-055332-d4-sim2,ARC+WB2,2225.860093,ARC+WB2,0.0,wtp_a,WTPa+WBR,1442.702496,0.0,0.351845,0.0
20261010-060103-d4-gap2b,2026-10-10T06:01:04+00:00,synthetic,0.25,3.69,nfs,0,ttft_reuse_s,20261010-055332-d4-sim2,ARC+WB2,2225.860093,ARC+WB2,0.0,wtp_b,WTPb+WB,2066.467813,154.0,0.071609,0.0
20261010-060103-d4-gap2b,2026-10-10T06:01:04+00:00,synthetic,0.25,3.69,nfs,0,ttft_cake_s,20261010-055332-d4-sim2,ARC+WB2,4387.283418,ARC+WB2,0.0,kev_a,KEVa+WBR,3510.465541,0.0,0.199854,0.0
20261010-060103-d4-gap2b,2026-10-10T06:01:04+00:00,synthetic,0.25,3.69,nfs,0,ttft_cake_s,20261010-055332-d4-sim2,ARC+WB2,4387.283418,ARC+WB2,0.0,kev_b,KEVb+WB,4048.933805,151.0,0.077121,0.0
20261010-060103-d4-gap2b,2026-10-10T06:01:04+00:00,synthetic,0.25,3.69,nfs,0,ttft_cake_s,20261010-055332-d4-sim2,ARC+WB2,4387.283418,ARC+WB2,0.0,opt,OPT-COST,3396.70245,0.0,0.225785,0.0
20261010-060103-d4-gap2b,2026-10-10T06:01:04+00:00,synthetic,0.25,3.69,nfs,0,ttft_cake_s,20261010-055332-d4-sim2,ARC+WB2,4387.283418,ARC+WB2,0.0,wtp_a,WTPa+WBR,3510.465541,0.0,0.199854,0.0
20261010-060103-d4-gap2b,2026-10-10T06:01:04+00:00,synthetic,0.25,3.69,nfs,0,ttft_cake_s,20261010-055332-d4-sim2,ARC+WB2,4387.283418,ARC+WB2,0.0,wtp_b,WTPb+WB,4212.233863,154.0,0.039899,0.0
20261010-060103-d4-gap2b,2026-10-10T06:01:04+00:00,synthetic,0.25,3.69,nfs,2400,ttft_total_s,20261010-055332-d4-sim2,ARC+WB2,4371.009365,ARC+WB2,0.0,kev_a,KEVa+WBR,3551.174319,0.0,0.187562,0.0
20261010-060103-d4-gap2b,2026-10-10T06:01:04+00:00,synthetic,0.25,3.69,nfs,2400,ttft_total_s,20261010-055332-d4-sim2,ARC+WB2,4371.009365,ARC+WB2,0.0,kev_b,KEVb+WB,4036.320374,151.0,0.07657,0.0
20261010-060103-d4-gap2b,2026-10-10T06:01:04+00:00,synthetic,0.25,3.69,nfs,2400,ttft_total_s,20261010-055332-d4-sim2,ARC+WB2,4371.009365,ARC+WB2,0.0,opt,OPT-COST,3475.60439,0.0,0.204851,0.0
20261010-060103-d4-gap2b,2026-10-10T06:01:04+00:00,synthetic,0.25,3.69,nfs,2400,ttft_total_s,20261010-055332-d4-sim2,ARC+WB2,4371.009365,ARC+WB2,0.0,wtp_a,WTPa+WBR,3551.174319,0.0,0.187562,0.0
20261010-060103-d4-gap2b,2026-10-10T06:01:04+00:00,synthetic,0.25,3.69,nfs,2400,ttft_total_s,20261010-055332-d4-sim2,ARC+WB2,4371.009365,ARC+WB2,0.0,wtp_b,WTPb+WB,4111.567026,154.0,0.059355,0.0
20261010-060103-d4-gap2b,2026-10-10T06:01:04+00:00,synthetic,0.25,3.69,nfs,2400,ttft_reuse_s,20261010-055332-d4-sim2,ARC+WB2,1918.590336,ARC+WB2,0.0,kev_a,KEVa+WBR,1098.75529,0.0,0.427311,0.0
20261010-060103-d4-gap2b,2026-10-10T06:01:04+00:00,synthetic,0.25,3.69,nfs,2400,ttft_reuse_s,20261010-055332-d4-sim2,ARC+WB2,1918.590336,ARC+WB2,0.0,kev_b,KEVb+WB,1583.901345,151.0,0.174445,0.0
20261010-060103-d4-gap2b,2026-10-10T06:01:04+00:00,synthetic,0.25,3.69,nfs,2400,ttft_reuse_s,20261010-055332-d4-sim2,ARC+WB2,1918.590336,ARC+WB2,0.0,opt,OPT-COST,1023.185361,0.0,0.466699,0.0
20261010-060103-d4-gap2b,2026-10-10T06:01:04+00:00,synthetic,0.25,3.69,nfs,2400,ttft_reuse_s,20261010-055332-d4-sim2,ARC+WB2,1918.590336,ARC+WB2,0.0,wtp_a,WTPa+WBR,1098.75529,0.0,0.427311,0.0
20261010-060103-d4-gap2b,2026-10-10T06:01:04+00:00,synthetic,0.25,3.69,nfs,2400,ttft_reuse_s,20261010-055332-d4-sim2,ARC+WB2,1918.590336,ARC+WB2,0.0,wtp_b,WTPb+WB,1659.147997,154.0,0.135226,0.0
20261010-060103-d4-gap2b,2026-10-10T06:01:04+00:00,synthetic,0.25,11.6,local,0,ttft_total_s,20261010-055332-d4-sim2,ARC+WB,2950.481653,SLRU+WB,39862.0,kev_a,KEVa+WBR,2882.576813,2848.0,0.023015,0.928554
20261010-060103-d4-gap2b,2026-10-10T06:01:04+00:00,synthetic,0.25,11.6,local,0,ttft_total_s,20261010-055332-d4-sim2,ARC+WB,2950.481653,SLRU+WB,39862.0,kev_b,KEVb+WB,2923.254126,36062.0,0.009228,0.095329
20261010-060103-d4-gap2b,2026-10-10T06:01:04+00:00,synthetic,0.25,11.6,local,0,ttft_total_s,20261010-055332-d4-sim2,ARC+WB,2950.481653,SLRU+WB,39862.0,opt,OPT-BELADY,2878.327636,1656.0,0.024455,0.958457
20261010-060103-d4-gap2b,2026-10-10T06:01:04+00:00,synthetic,0.25,11.6,local,0,ttft_total_s,20261010-055332-d4-sim2,ARC+WB,2950.481653,SLRU+WB,39862.0,wtp_a,WTPa+WBR,2882.576813,2848.0,0.023015,0.928554
20261010-060103-d4-gap2b,2026-10-10T06:01:04+00:00,synthetic,0.25,11.6,local,0,ttft_total_s,20261010-055332-d4-sim2,ARC+WB,2950.481653,SLRU+WB,39862.0,wtp_b,WTPb+WB,2936.789465,35747.0,0.004641,0.103231
20261010-060103-d4-gap2b,2026-10-10T06:01:04+00:00,synthetic,0.25,11.6,local,0,ttft_reuse_s,20261010-055332-d4-sim2,ARC+WB,498.062624,SLRU+WB,39862.0,kev_a,KEVa+WBR,430.157784,2848.0,0.136338,0.928554
20261010-060103-d4-gap2b,2026-10-10T06:01:04+00:00,synthetic,0.25,11.6,local,0,ttft_reuse_s,20261010-055332-d4-sim2,ARC+WB,498.062624,SLRU+WB,39862.0,kev_b,KEVb+WB,470.835097,36062.0,0.054667,0.095329
20261010-060103-d4-gap2b,2026-10-10T06:01:04+00:00,synthetic,0.25,11.6,local,0,ttft_reuse_s,20261010-055332-d4-sim2,ARC+WB,498.062624,SLRU+WB,39862.0,opt,OPT-BELADY,425.908607,1656.0,0.144869,0.958457
20261010-060103-d4-gap2b,2026-10-10T06:01:04+00:00,synthetic,0.25,11.6,local,0,ttft_reuse_s,20261010-055332-d4-sim2,ARC+WB,498.062624,SLRU+WB,39862.0,wtp_a,WTPa+WBR,430.157784,2848.0,0.136338,0.928554
20261010-060103-d4-gap2b,2026-10-10T06:01:04+00:00,synthetic,0.25,11.6,local,0,ttft_reuse_s,20261010-055332-d4-sim2,ARC+WB,498.062624,SLRU+WB,39862.0,wtp_b,WTPb+WB,484.370436,35747.0,0.027491,0.103231
20261010-060103-d4-gap2b,2026-10-10T06:01:04+00:00,synthetic,0.25,11.6,local,0,ttft_cake_s,20261010-055332-d4-sim2,ARC+WB,2872.178416,SLRU+WB,39862.0,kev_a,KEVa+WBR,2824.364594,2848.0,0.016647,0.928554
20261010-060103-d4-gap2b,2026-10-10T06:01:04+00:00,synthetic,0.25,11.6,local,0,ttft_cake_s,20261010-055332-d4-sim2,ARC+WB,2872.178416,SLRU+WB,39862.0,kev_b,KEVb+WB,2853.105399,36062.0,0.006641,0.095329
20261010-060103-d4-gap2b,2026-10-10T06:01:04+00:00,synthetic,0.25,11.6,local,0,ttft_cake_s,20261010-055332-d4-sim2,ARC+WB,2872.178416,SLRU+WB,39862.0,opt,OPT-BELADY,2821.420763,1656.0,0.017672,0.958457
20261010-060103-d4-gap2b,2026-10-10T06:01:04+00:00,synthetic,0.25,11.6,local,0,ttft_cake_s,20261010-055332-d4-sim2,ARC+WB,2872.178416,SLRU+WB,39862.0,wtp_a,WTPa+WBR,2824.364594,2848.0,0.016647,0.928554
20261010-060103-d4-gap2b,2026-10-10T06:01:04+00:00,synthetic,0.25,11.6,local,0,ttft_cake_s,20261010-055332-d4-sim2,ARC+WB,2872.178416,SLRU+WB,39862.0,wtp_b,WTPb+WB,2862.480858,35747.0,0.003376,0.103231
20261010-060103-d4-gap2b,2026-10-10T06:01:04+00:00,synthetic,0.25,11.6,local,2400,ttft_total_s,20261010-055332-d4-sim2,ARC+WB,2845.341053,SLRU+WB,39300.0,kev_a,KEVa+WBR,2773.814431,2775.0,0.025138,0.929389
20261010-060103-d4-gap2b,2026-10-10T06:01:04+00:00,synthetic,0.25,11.6,local,2400,ttft_total_s,20261010-055332-d4-sim2,ARC+WB,2845.341053,SLRU+WB,39300.0,kev_b,KEVb+WB,2814.627204,36150.0,0.010794,0.080153
20261010-060103-d4-gap2b,2026-10-10T06:01:04+00:00,synthetic,0.25,11.6,local,2400,ttft_total_s,20261010-055332-d4-sim2,ARC+WB,2845.341053,SLRU+WB,39300.0,opt,OPT-BELADY,2769.668632,1612.0,0.026595,0.958982
20261010-060103-d4-gap2b,2026-10-10T06:01:04+00:00,synthetic,0.25,11.6,local,2400,ttft_total_s,20261010-055332-d4-sim2,ARC+WB,2845.341053,SLRU+WB,39300.0,wtp_a,WTPa+WBR,2773.814431,2775.0,0.025138,0.929389
20261010-060103-d4-gap2b,2026-10-10T06:01:04+00:00,synthetic,0.25,11.6,local,2400,ttft_total_s,20261010-055332-d4-sim2,ARC+WB,2845.341053,SLRU+WB,39300.0,wtp_b,WTPb+WB,2822.694224,35544.0,0.007959,0.095573
20261010-060103-d4-gap2b,2026-10-10T06:01:04+00:00,synthetic,0.25,11.6,local,2400,ttft_reuse_s,20261010-055332-d4-sim2,ARC+WB,392.922024,SLRU+WB,39300.0,kev_a,KEVa+WBR,321.395402,2775.0,0.182038,0.929389
20261010-060103-d4-gap2b,2026-10-10T06:01:04+00:00,synthetic,0.25,11.6,local,2400,ttft_reuse_s,20261010-055332-d4-sim2,ARC+WB,392.922024,SLRU+WB,39300.0,kev_b,KEVb+WB,362.208175,36150.0,0.078168,0.080153
20261010-060103-d4-gap2b,2026-10-10T06:01:04+00:00,synthetic,0.25,11.6,local,2400,ttft_reuse_s,20261010-055332-d4-sim2,ARC+WB,392.922024,SLRU+WB,39300.0,opt,OPT-BELADY,317.249603,1612.0,0.192589,0.958982
20261010-060103-d4-gap2b,2026-10-10T06:01:04+00:00,synthetic,0.25,11.6,local,2400,ttft_reuse_s,20261010-055332-d4-sim2,ARC+WB,392.922024,SLRU+WB,39300.0,wtp_a,WTPa+WBR,321.395402,2775.0,0.182038,0.929389
20261010-060103-d4-gap2b,2026-10-10T06:01:04+00:00,synthetic,0.25,11.6,local,2400,ttft_reuse_s,20261010-055332-d4-sim2,ARC+WB,392.922024,SLRU+WB,39300.0,wtp_b,WTPb+WB,370.275195,35544.0,0.057637,0.095573
20261010-060103-d4-gap2b,2026-10-10T06:01:04+00:00,synthetic,0.25,11.6,nfs,0,ttft_total_s,20261010-055332-d4-sim2,ARC+WB2,4030.84699,ARC+WB2,0.0,kev_a,KEVa+WBR,3027.678427,0.0,0.248873,0.0
20261010-060103-d4-gap2b,2026-10-10T06:01:04+00:00,synthetic,0.25,11.6,nfs,0,ttft_total_s,20261010-055332-d4-sim2,ARC+WB2,4030.84699,ARC+WB2,0.0,kev_b,KEVb+WB,3645.368938,151.0,0.095632,0.0
20261010-060103-d4-gap2b,2026-10-10T06:01:04+00:00,synthetic,0.25,11.6,nfs,0,ttft_total_s,20261010-055332-d4-sim2,ARC+WB2,4030.84699,ARC+WB2,0.0,opt,OPT-COST,2945.839111,0.0,0.269176,0.0
20261010-060103-d4-gap2b,2026-10-10T06:01:04+00:00,synthetic,0.25,11.6,nfs,0,ttft_total_s,20261010-055332-d4-sim2,ARC+WB2,4030.84699,ARC+WB2,0.0,wtp_a,WTPa+WBR,3027.678427,0.0,0.248873,0.0
20261010-060103-d4-gap2b,2026-10-10T06:01:04+00:00,synthetic,0.25,11.6,nfs,0,ttft_total_s,20261010-055332-d4-sim2,ARC+WB2,4030.84699,ARC+WB2,0.0,wtp_b,WTPb+WB,3827.092165,154.0,0.050549,0.0
20261010-060103-d4-gap2b,2026-10-10T06:01:04+00:00,synthetic,0.25,11.6,nfs,0,ttft_reuse_s,20261010-055332-d4-sim2,ARC+WB2,1578.427961,ARC+WB2,0.0,kev_a,KEVa+WBR,575.259397,0.0,0.635549,0.0
20261010-060103-d4-gap2b,2026-10-10T06:01:04+00:00,synthetic,0.25,11.6,nfs,0,ttft_reuse_s,20261010-055332-d4-sim2,ARC+WB2,1578.427961,ARC+WB2,0.0,kev_b,KEVb+WB,1192.949909,151.0,0.244216,0.0
20261010-060103-d4-gap2b,2026-10-10T06:01:04+00:00,synthetic,0.25,11.6,nfs,0,ttft_reuse_s,20261010-055332-d4-sim2,ARC+WB2,1578.427961,ARC+WB2,0.0,opt,OPT-COST,493.420082,0.0,0.687398,0.0
20261010-060103-d4-gap2b,2026-10-10T06:01:04+00:00,synthetic,0.25,11.6,nfs,0,ttft_reuse_s,20261010-055332-d4-sim2,ARC+WB2,1578.427961,ARC+WB2,0.0,wtp_a,WTPa+WBR,575.259397,0.0,0.635549,0.0
20261010-060103-d4-gap2b,2026-10-10T06:01:04+00:00,synthetic,0.25,11.6,nfs,0,ttft_reuse_s,20261010-055332-d4-sim2,ARC+WB2,1578.427961,ARC+WB2,0.0,wtp_b,WTPb+WB,1374.673136,154.0,0.129087,0.0
20261010-060103-d4-gap2b,2026-10-10T06:01:04+00:00,synthetic,0.25,11.6,nfs,0,ttft_cake_s,20261010-055332-d4-sim2,ARC+WB2,3984.571909,ARC+WB2,0.0,kev_a,KEVa+WBR,2973.463376,0.0,0.253756,0.0
20261010-060103-d4-gap2b,2026-10-10T06:01:04+00:00,synthetic,0.25,11.6,nfs,0,ttft_cake_s,20261010-055332-d4-sim2,ARC+WB2,3984.571909,ARC+WB2,0.0,kev_b,KEVb+WB,3596.503331,151.0,0.097393,0.0
20261010-060103-d4-gap2b,2026-10-10T06:01:04+00:00,synthetic,0.25,11.6,nfs,0,ttft_cake_s,20261010-055332-d4-sim2,ARC+WB2,3984.571909,ARC+WB2,0.0,opt,OPT-COST,2871.922224,0.0,0.279239,0.0
20261010-060103-d4-gap2b,2026-10-10T06:01:04+00:00,synthetic,0.25,11.6,nfs,0,ttft_cake_s,20261010-055332-d4-sim2,ARC+WB2,3984.571909,ARC+WB2,0.0,wtp_a,WTPa+WBR,2973.463376,0.0,0.253756,0.0
20261010-060103-d4-gap2b,2026-10-10T06:01:04+00:00,synthetic,0.25,11.6,nfs,0,ttft_cake_s,20261010-055332-d4-sim2,ARC+WB2,3984.571909,ARC+WB2,0.0,wtp_b,WTPb+WB,3783.642991,154.0,0.050427,0.0
20261010-060103-d4-gap2b,2026-10-10T06:01:04+00:00,synthetic,0.25,11.6,nfs,2400,ttft_total_s,20261010-055332-d4-sim2,ARC+WB2,3967.057267,ARC+WB2,0.0,kev_a,KEVa+WBR,2915.47672,0.0,0.265078,0.0
20261010-060103-d4-gap2b,2026-10-10T06:01:04+00:00,synthetic,0.25,11.6,nfs,2400,ttft_total_s,20261010-055332-d4-sim2,ARC+WB2,3967.057267,ARC+WB2,0.0,kev_b,KEVb+WB,3532.85573,151.0,0.109452,0.0
20261010-060103-d4-gap2b,2026-10-10T06:01:04+00:00,synthetic,0.25,11.6,nfs,2400,ttft_total_s,20261010-055332-d4-sim2,ARC+WB2,3967.057267,ARC+WB2,0.0,opt,OPT-COST,2836.090151,0.0,0.28509,0.0
20261010-060103-d4-gap2b,2026-10-10T06:01:04+00:00,synthetic,0.25,11.6,nfs,2400,ttft_total_s,20261010-055332-d4-sim2,ARC+WB2,3967.057267,ARC+WB2,0.0,wtp_a,WTPa+WBR,2915.47672,0.0,0.265078,0.0
20261010-060103-d4-gap2b,2026-10-10T06:01:04+00:00,synthetic,0.25,11.6,nfs,2400,ttft_total_s,20261010-055332-d4-sim2,ARC+WB2,3967.057267,ARC+WB2,0.0,wtp_b,WTPb+WB,3634.23944,154.0,0.083895,0.0
20261010-060103-d4-gap2b,2026-10-10T06:01:04+00:00,synthetic,0.25,11.6,nfs,2400,ttft_reuse_s,20261010-055332-d4-sim2,ARC+WB2,1514.638238,ARC+WB2,0.0,kev_a,KEVa+WBR,463.057691,0.0,0.694278,0.0
20261010-060103-d4-gap2b,2026-10-10T06:01:04+00:00,synthetic,0.25,11.6,nfs,2400,ttft_reuse_s,20261010-055332-d4-sim2,ARC+WB2,1514.638238,ARC+WB2,0.0,kev_b,KEVb+WB,1080.436701,151.0,0.28667,0.0
20261010-060103-d4-gap2b,2026-10-10T06:01:04+00:00,synthetic,0.25,11.6,nfs,2400,ttft_reuse_s,20261010-055332-d4-sim2,ARC+WB2,1514.638238,ARC+WB2,0.0,opt,OPT-COST,383.671122,0.0,0.746691,0.0
20261010-060103-d4-gap2b,2026-10-10T06:01:04+00:00,synthetic,0.25,11.6,nfs,2400,ttft_reuse_s,20261010-055332-d4-sim2,ARC+WB2,1514.638238,ARC+WB2,0.0,wtp_a,WTPa+WBR,463.057691,0.0,0.694278,0.0
20261010-060103-d4-gap2b,2026-10-10T06:01:04+00:00,synthetic,0.25,11.6,nfs,2400,ttft_reuse_s,20261010-055332-d4-sim2,ARC+WB2,1514.638238,ARC+WB2,0.0,wtp_b,WTPb+WB,1181.82041,154.0,0.219734,0.0
20261010-060103-d4-gap2b,2026-10-10T06:01:04+00:00,synthetic,0.5,3.69,local,0,ttft_total_s,20261010-055332-d4-sim2,LRU+WT,3150.307037,LRU+WT,43924.0,kev_a,KEVa+WBR,3772.76117,0.0,-0.197585,1.0
20261010-060103-d4-gap2b,2026-10-10T06:01:04+00:00,synthetic,0.5,3.69,local,0,ttft_total_s,20261010-055332-d4-sim2,LRU+WT,3150.307037,LRU+WT,43924.0,kev_b,KEVb+WB,3674.441955,27096.0,-0.166376,0.383116
20261010-060103-d4-gap2b,2026-10-10T06:01:04+00:00,synthetic,0.5,3.69,local,0,ttft_total_s,20261010-055332-d4-sim2,LRU+WT,3150.307037,LRU+WT,43924.0,opt,OPT-COST,3150.307037,18251.0,0.0,0.584487
20261010-060103-d4-gap2b,2026-10-10T06:01:04+00:00,synthetic,0.5,3.69,local,0,ttft_total_s,20261010-055332-d4-sim2,LRU+WT,3150.307037,LRU+WT,43924.0,wtp_a,WTPa+WTR,3150.307037,18251.0,0.0,0.584487
20261010-060103-d4-gap2b,2026-10-10T06:01:04+00:00,synthetic,0.5,3.69,local,0,ttft_total_s,20261010-055332-d4-sim2,LRU+WT,3150.307037,LRU+WT,43924.0,wtp_b,WTPb+WB,3589.234099,32693.0,-0.139328,0.255692
20261010-060103-d4-gap2b,2026-10-10T06:01:04+00:00,synthetic,0.5,3.69,local,0,ttft_reuse_s,20261010-055332-d4-sim2,LRU+WT,697.888008,LRU+WT,43924.0,kev_a,KEVa+WBR,1320.342141,0.0,-0.891911,1.0
20261010-060103-d4-gap2b,2026-10-10T06:01:04+00:00,synthetic,0.5,3.69,local,0,ttft_reuse_s,20261010-055332-d4-sim2,LRU+WT,697.888008,LRU+WT,43924.0,kev_b,KEVb+WB,1222.022926,27096.0,-0.75103,0.383116
20261010-060103-d4-gap2b,2026-10-10T06:01:04+00:00,synthetic,0.5,3.69,local,0,ttft_reuse_s,20261010-055332-d4-sim2,LRU+WT,697.888008,LRU+WT,43924.0,opt,OPT-COST,697.888008,18251.0,0.0,0.584487
20261010-060103-d4-gap2b,2026-10-10T06:01:04+00:00,synthetic,0.5,3.69,local,0,ttft_reuse_s,20261010-055332-d4-sim2,LRU+WT,697.888008,LRU+WT,43924.0,wtp_a,WTPa+WTR,697.888008,18251.0,0.0,0.584487
20261010-060103-d4-gap2b,2026-10-10T06:01:04+00:00,synthetic,0.5,3.69,local,0,ttft_reuse_s,20261010-055332-d4-sim2,LRU+WT,697.888008,LRU+WT,43924.0,wtp_b,WTPb+WB,1136.815069,32693.0,-0.628936,0.255692
20261010-060103-d4-gap2b,2026-10-10T06:01:04+00:00,synthetic,0.5,3.69,local,0,ttft_cake_s,20261010-055332-d4-sim2,LRU+WT,3013.309437,LRU+WT,43924.0,kev_a,KEVa+WBR,3374.373845,0.0,-0.119823,1.0
20261010-060103-d4-gap2b,2026-10-10T06:01:04+00:00,synthetic,0.5,3.69,local,0,ttft_cake_s,20261010-055332-d4-sim2,LRU+WT,3013.309437,LRU+WT,43924.0,kev_b,KEVb+WB,3317.603959,27096.0,-0.100983,0.383116
20261010-060103-d4-gap2b,2026-10-10T06:01:04+00:00,synthetic,0.5,3.69,local,0,ttft_cake_s,20261010-055332-d4-sim2,LRU+WT,3013.309437,LRU+WT,43924.0,opt,OPT-COST,3013.309437,18251.0,0.0,0.584487
20261010-060103-d4-gap2b,2026-10-10T06:01:04+00:00,synthetic,0.5,3.69,local,0,ttft_cake_s,20261010-055332-d4-sim2,LRU+WT,3013.309437,LRU+WT,43924.0,wtp_a,WTPa+WTR,3013.309437,18251.0,0.0,0.584487
20261010-060103-d4-gap2b,2026-10-10T06:01:04+00:00,synthetic,0.5,3.69,local,0,ttft_cake_s,20261010-055332-d4-sim2,LRU+WT,3013.309437,LRU+WT,43924.0,wtp_b,WTPb+WB,3268.783072,32693.0,-0.084782,0.255692
20261010-060103-d4-gap2b,2026-10-10T06:01:04+00:00,synthetic,0.5,3.69,local,2400,ttft_total_s,20261010-055332-d4-sim2,LRU+WT,2970.018033,LRU+WT,43924.0,kev_a,KEVa+WBR,3431.670384,0.0,-0.155438,1.0
20261010-060103-d4-gap2b,2026-10-10T06:01:04+00:00,synthetic,0.5,3.69,local,2400,ttft_total_s,20261010-055332-d4-sim2,LRU+WT,2970.018033,LRU+WT,43924.0,kev_b,KEVb+WB,3345.648058,27123.0,-0.126474,0.382502
20261010-060103-d4-gap2b,2026-10-10T06:01:04+00:00,synthetic,0.5,3.69,local,2400,ttft_total_s,20261010-055332-d4-sim2,LRU+WT,2970.018033,LRU+WT,43924.0,opt,OPT-COST,2970.018033,18042.0,0.0,0.589245
20261010-060103-d4-gap2b,2026-10-10T06:01:04+00:00,synthetic,0.5,3.69,local,2400,ttft_total_s,20261010-055332-d4-sim2,LRU+WT,2970.018033,LRU+WT,43924.0,wtp_a,WTPa+WTR,2970.018033,18042.0,0.0,0.589245
20261010-060103-d4-gap2b,2026-10-10T06:01:04+00:00,synthetic,0.5,3.69,local,2400,ttft_total_s,20261010-055332-d4-sim2,LRU+WT,2970.018033,LRU+WT,43924.0,wtp_b,WTPb+WB,3274.701398,32693.0,-0.102586,0.255692
20261010-060103-d4-gap2b,2026-10-10T06:01:04+00:00,synthetic,0.5,3.69,local,2400,ttft_reuse_s,20261010-055332-d4-sim2,LRU+WT,517.599004,LRU+WT,43924.0,kev_a,KEVa+WBR,979.251355,0.0,-0.891911,1.0
20261010-060103-d4-gap2b,2026-10-10T06:01:04+00:00,synthetic,0.5,3.69,local,2400,ttft_reuse_s,20261010-055332-d4-sim2,LRU+WT,517.599004,LRU+WT,43924.0,kev_b,KEVb+WB,893.229029,27123.0,-0.725716,0.382502
20261010-060103-d4-gap2b,2026-10-10T06:01:04+00:00,synthetic,0.5,3.69,local,2400,ttft_reuse_s,20261010-055332-d4-sim2,LRU+WT,517.599004,LRU+WT,43924.0,opt,OPT-COST,517.599004,18042.0,0.0,0.589245
20261010-060103-d4-gap2b,2026-10-10T06:01:04+00:00,synthetic,0.5,3.69,local,2400,ttft_reuse_s,20261010-055332-d4-sim2,LRU+WT,517.599004,LRU+WT,43924.0,wtp_a,WTPa+WTR,517.599004,18042.0,0.0,0.589245
20261010-060103-d4-gap2b,2026-10-10T06:01:04+00:00,synthetic,0.5,3.69,local,2400,ttft_reuse_s,20261010-055332-d4-sim2,LRU+WT,517.599004,LRU+WT,43924.0,wtp_b,WTPb+WB,822.282369,32693.0,-0.588648,0.255692
20261010-060103-d4-gap2b,2026-10-10T06:01:04+00:00,synthetic,0.5,3.69,nfs,0,ttft_total_s,20261010-055332-d4-sim2,ARC+WB2,3958.900671,ARC+WB2,0.0,kev_a,KEVa+WBR,3772.76117,0.0,0.047018,0.0
20261010-060103-d4-gap2b,2026-10-10T06:01:04+00:00,synthetic,0.5,3.69,nfs,0,ttft_total_s,20261010-055332-d4-sim2,ARC+WB2,3958.900671,ARC+WB2,0.0,kev_b,KEVb+WB,3993.938952,151.0,-0.008851,0.0
20261010-060103-d4-gap2b,2026-10-10T06:01:04+00:00,synthetic,0.5,3.69,nfs,0,ttft_total_s,20261010-055332-d4-sim2,ARC+WB2,3958.900671,ARC+WB2,0.0,opt,OPT-BELADY,3772.76117,0.0,0.047018,0.0
20261010-060103-d4-gap2b,2026-10-10T06:01:04+00:00,synthetic,0.5,3.69,nfs,0,ttft_total_s,20261010-055332-d4-sim2,ARC+WB2,3958.900671,ARC+WB2,0.0,wtp_a,WTPa+WBR,3772.76117,0.0,0.047018,0.0
20261010-060103-d4-gap2b,2026-10-10T06:01:04+00:00,synthetic,0.5,3.69,nfs,0,ttft_total_s,20261010-055332-d4-sim2,ARC+WB2,3958.900671,ARC+WB2,0.0,wtp_b,WTPb+WB,4457.833627,152.0,-0.126028,0.0
20261010-060103-d4-gap2b,2026-10-10T06:01:04+00:00,synthetic,0.5,3.69,nfs,0,ttft_reuse_s,20261010-055332-d4-sim2,ARC+WB2,1506.481642,ARC+WB2,0.0,kev_a,KEVa+WBR,1320.342141,0.0,0.123559,0.0
20261010-060103-d4-gap2b,2026-10-10T06:01:04+00:00,synthetic,0.5,3.69,nfs,0,ttft_reuse_s,20261010-055332-d4-sim2,ARC+WB2,1506.481642,ARC+WB2,0.0,kev_b,KEVb+WB,1541.519923,151.0,-0.023258,0.0
20261010-060103-d4-gap2b,2026-10-10T06:01:04+00:00,synthetic,0.5,3.69,nfs,0,ttft_reuse_s,20261010-055332-d4-sim2,ARC+WB2,1506.481642,ARC+WB2,0.0,opt,OPT-BELADY,1320.342141,0.0,0.123559,0.0
20261010-060103-d4-gap2b,2026-10-10T06:01:04+00:00,synthetic,0.5,3.69,nfs,0,ttft_reuse_s,20261010-055332-d4-sim2,ARC+WB2,1506.481642,ARC+WB2,0.0,wtp_a,WTPa+WBR,1320.342141,0.0,0.123559,0.0
20261010-060103-d4-gap2b,2026-10-10T06:01:04+00:00,synthetic,0.5,3.69,nfs,0,ttft_reuse_s,20261010-055332-d4-sim2,ARC+WB2,1506.481642,ARC+WB2,0.0,wtp_b,WTPb+WB,2005.414597,152.0,-0.331191,0.0
20261010-060103-d4-gap2b,2026-10-10T06:01:04+00:00,synthetic,0.5,3.69,nfs,0,ttft_cake_s,20261010-055332-d4-sim2,ARC+WB2,3581.959864,ARC+WB2,0.0,kev_a,KEVa+WBR,3374.373845,0.0,0.057953,0.0
20261010-060103-d4-gap2b,2026-10-10T06:01:04+00:00,synthetic,0.5,3.69,nfs,0,ttft_cake_s,20261010-055332-d4-sim2,ARC+WB2,3581.959864,ARC+WB2,0.0,kev_b,KEVb+WB,3620.764595,151.0,-0.010833,0.0
20261010-060103-d4-gap2b,2026-10-10T06:01:04+00:00,synthetic,0.5,3.69,nfs,0,ttft_cake_s,20261010-055332-d4-sim2,ARC+WB2,3581.959864,ARC+WB2,0.0,opt,OPT-BELADY,3374.373845,0.0,0.057953,0.0
20261010-060103-d4-gap2b,2026-10-10T06:01:04+00:00,synthetic,0.5,3.69,nfs,0,ttft_cake_s,20261010-055332-d4-sim2,ARC+WB2,3581.959864,ARC+WB2,0.0,wtp_a,WTPa+WBR,3374.373845,0.0,0.057953,0.0
20261010-060103-d4-gap2b,2026-10-10T06:01:04+00:00,synthetic,0.5,3.69,nfs,0,ttft_cake_s,20261010-055332-d4-sim2,ARC+WB2,3581.959864,ARC+WB2,0.0,wtp_b,WTPb+WB,4145.099454,152.0,-0.157215,0.0
20261010-060103-d4-gap2b,2026-10-10T06:01:04+00:00,synthetic,0.5,3.69,nfs,2400,ttft_total_s,20261010-055332-d4-sim2,ARC+WB2,3633.912338,ARC+WB2,0.0,kev_a,KEVa+WBR,3431.670384,0.0,0.055654,0.0
20261010-060103-d4-gap2b,2026-10-10T06:01:04+00:00,synthetic,0.5,3.69,nfs,2400,ttft_total_s,20261010-055332-d4-sim2,ARC+WB2,3633.912338,ARC+WB2,0.0,kev_b,KEVb+WB,3653.809847,151.0,-0.005476,0.0
20261010-060103-d4-gap2b,2026-10-10T06:01:04+00:00,synthetic,0.5,3.69,nfs,2400,ttft_total_s,20261010-055332-d4-sim2,ARC+WB2,3633.912338,ARC+WB2,0.0,opt,OPT-BELADY,3431.670384,0.0,0.055654,0.0
20261010-060103-d4-gap2b,2026-10-10T06:01:04+00:00,synthetic,0.5,3.69,nfs,2400,ttft_total_s,20261010-055332-d4-sim2,ARC+WB2,3633.912338,ARC+WB2,0.0,wtp_a,WTPa+WBR,3431.670384,0.0,0.055654,0.0
20261010-060103-d4-gap2b,2026-10-10T06:01:04+00:00,synthetic,0.5,3.69,nfs,2400,ttft_total_s,20261010-055332-d4-sim2,ARC+WB2,3633.912338,ARC+WB2,0.0,wtp_b,WTPb+WB,4054.612457,152.0,-0.115771,0.0
20261010-060103-d4-gap2b,2026-10-10T06:01:04+00:00,synthetic,0.5,3.69,nfs,2400,ttft_reuse_s,20261010-055332-d4-sim2,ARC+WB2,1181.493309,ARC+WB2,0.0,kev_a,KEVa+WBR,979.251355,0.0,0.171175,0.0
20261010-060103-d4-gap2b,2026-10-10T06:01:04+00:00,synthetic,0.5,3.69,nfs,2400,ttft_reuse_s,20261010-055332-d4-sim2,ARC+WB2,1181.493309,ARC+WB2,0.0,kev_b,KEVb+WB,1201.390818,151.0,-0.016841,0.0
20261010-060103-d4-gap2b,2026-10-10T06:01:04+00:00,synthetic,0.5,3.69,nfs,2400,ttft_reuse_s,20261010-055332-d4-sim2,ARC+WB2,1181.493309,ARC+WB2,0.0,opt,OPT-BELADY,979.251355,0.0,0.171175,0.0
20261010-060103-d4-gap2b,2026-10-10T06:01:04+00:00,synthetic,0.5,3.69,nfs,2400,ttft_reuse_s,20261010-055332-d4-sim2,ARC+WB2,1181.493309,ARC+WB2,0.0,wtp_a,WTPa+WBR,979.251355,0.0,0.171175,0.0
20261010-060103-d4-gap2b,2026-10-10T06:01:04+00:00,synthetic,0.5,3.69,nfs,2400,ttft_reuse_s,20261010-055332-d4-sim2,ARC+WB2,1181.493309,ARC+WB2,0.0,wtp_b,WTPb+WB,1602.193427,152.0,-0.356075,0.0
20261010-060103-d4-gap2b,2026-10-10T06:01:04+00:00,synthetic,0.5,11.6,local,0,ttft_total_s,20261010-055332-d4-sim2,ARC+WB,2888.123557,SLRU+WB,25994.0,kev_a,KEVa+WBR,2872.424417,0.0,0.005436,1.0
20261010-060103-d4-gap2b,2026-10-10T06:01:04+00:00,synthetic,0.5,11.6,local,0,ttft_total_s,20261010-055332-d4-sim2,ARC+WB,2888.123557,SLRU+WB,25994.0,kev_b,KEVb+WB,2890.757904,27096.0,-0.000912,-0.042394
20261010-060103-d4-gap2b,2026-10-10T06:01:04+00:00,synthetic,0.5,11.6,local,0,ttft_total_s,20261010-055332-d4-sim2,ARC+WB,2888.123557,SLRU+WB,25994.0,opt,OPT-BELADY,2872.424417,0.0,0.005436,1.0
20261010-060103-d4-gap2b,2026-10-10T06:01:04+00:00,synthetic,0.5,11.6,local,0,ttft_total_s,20261010-055332-d4-sim2,ARC+WB,2888.123557,SLRU+WB,25994.0,wtp_a,WTPa+WBR,2872.424417,0.0,0.005436,1.0
20261010-060103-d4-gap2b,2026-10-10T06:01:04+00:00,synthetic,0.5,11.6,local,0,ttft_total_s,20261010-055332-d4-sim2,ARC+WB,2888.123557,SLRU+WB,25994.0,wtp_b,WTPb+WB,2931.435217,32693.0,-0.014996,-0.257713
20261010-060103-d4-gap2b,2026-10-10T06:01:04+00:00,synthetic,0.5,11.6,local,0,ttft_reuse_s,20261010-055332-d4-sim2,ARC+WB,435.704528,SLRU+WB,25994.0,kev_a,KEVa+WBR,420.005388,0.0,0.036032,1.0
20261010-060103-d4-gap2b,2026-10-10T06:01:04+00:00,synthetic,0.5,11.6,local,0,ttft_reuse_s,20261010-055332-d4-sim2,ARC+WB,435.704528,SLRU+WB,25994.0,kev_b,KEVb+WB,438.338875,27096.0,-0.006046,-0.042394
20261010-060103-d4-gap2b,2026-10-10T06:01:04+00:00,synthetic,0.5,11.6,local,0,ttft_reuse_s,20261010-055332-d4-sim2,ARC+WB,435.704528,SLRU+WB,25994.0,opt,OPT-BELADY,420.005388,0.0,0.036032,1.0
20261010-060103-d4-gap2b,2026-10-10T06:01:04+00:00,synthetic,0.5,11.6,local,0,ttft_reuse_s,20261010-055332-d4-sim2,ARC+WB,435.704528,SLRU+WB,25994.0,wtp_a,WTPa+WBR,420.005388,0.0,0.036032,1.0
20261010-060103-d4-gap2b,2026-10-10T06:01:04+00:00,synthetic,0.5,11.6,local,0,ttft_reuse_s,20261010-055332-d4-sim2,ARC+WB,435.704528,SLRU+WB,25994.0,wtp_b,WTPb+WB,479.016188,32693.0,-0.099406,-0.257713
20261010-060103-d4-gap2b,2026-10-10T06:01:04+00:00,synthetic,0.5,11.6,local,0,ttft_cake_s,20261010-055332-d4-sim2,ARC+WB,2828.335542,SLRU+WB,25994.0,kev_a,KEVa+WBR,2817.219278,0.0,0.00393,1.0
20261010-060103-d4-gap2b,2026-10-10T06:01:04+00:00,synthetic,0.5,11.6,local,0,ttft_cake_s,20261010-055332-d4-sim2,ARC+WB,2828.335542,SLRU+WB,25994.0,kev_b,KEVb+WB,2830.166458,27096.0,-0.000647,-0.042394
20261010-060103-d4-gap2b,2026-10-10T06:01:04+00:00,synthetic,0.5,11.6,local,0,ttft_cake_s,20261010-055332-d4-sim2,ARC+WB,2828.335542,SLRU+WB,25994.0,opt,OPT-BELADY,2817.219278,0.0,0.00393,1.0
20261010-060103-d4-gap2b,2026-10-10T06:01:04+00:00,synthetic,0.5,11.6,local,0,ttft_cake_s,20261010-055332-d4-sim2,ARC+WB,2828.335542,SLRU+WB,25994.0,wtp_a,WTPa+WBR,2817.219278,0.0,0.00393,1.0
20261010-060103-d4-gap2b,2026-10-10T06:01:04+00:00,synthetic,0.5,11.6,local,0,ttft_cake_s,20261010-055332-d4-sim2,ARC+WB,2828.335542,SLRU+WB,25994.0,wtp_b,WTPb+WB,2858.748891,32693.0,-0.010753,-0.257713
20261010-060103-d4-gap2b,2026-10-10T06:01:04+00:00,synthetic,0.5,11.6,local,2400,ttft_total_s,20261010-055332-d4-sim2,ARC+WB,2781.086512,SLRU+WB,26337.0,kev_a,KEVa+WBR,2763.922262,0.0,0.006172,1.0
20261010-060103-d4-gap2b,2026-10-10T06:01:04+00:00,synthetic,0.5,11.6,local,2400,ttft_total_s,20261010-055332-d4-sim2,ARC+WB,2781.086512,SLRU+WB,26337.0,kev_b,KEVb+WB,2782.348432,27123.0,-0.000454,-0.029844
20261010-060103-d4-gap2b,2026-10-10T06:01:04+00:00,synthetic,0.5,11.6,local,2400,ttft_total_s,20261010-055332-d4-sim2,ARC+WB,2781.086512,SLRU+WB,26337.0,opt,OPT-BELADY,2763.922262,0.0,0.006172,1.0
20261010-060103-d4-gap2b,2026-10-10T06:01:04+00:00,synthetic,0.5,11.6,local,2400,ttft_total_s,20261010-055332-d4-sim2,ARC+WB,2781.086512,SLRU+WB,26337.0,wtp_a,WTPa+WBR,2763.922262,0.0,0.006172,1.0
20261010-060103-d4-gap2b,2026-10-10T06:01:04+00:00,synthetic,0.5,11.6,local,2400,ttft_total_s,20261010-055332-d4-sim2,ARC+WB,2781.086512,SLRU+WB,26337.0,wtp_b,WTPb+WB,2817.746357,32693.0,-0.013182,-0.241333
20261010-060103-d4-gap2b,2026-10-10T06:01:04+00:00,synthetic,0.5,11.6,local,2400,ttft_reuse_s,20261010-055332-d4-sim2,ARC+WB,328.667483,SLRU+WB,26337.0,kev_a,KEVa+WBR,311.503233,0.0,0.052224,1.0
20261010-060103-d4-gap2b,2026-10-10T06:01:04+00:00,synthetic,0.5,11.6,local,2400,ttft_reuse_s,20261010-055332-d4-sim2,ARC+WB,328.667483,SLRU+WB,26337.0,kev_b,KEVb+WB,329.929403,27123.0,-0.00384,-0.029844
20261010-060103-d4-gap2b,2026-10-10T06:01:04+00:00,synthetic,0.5,11.6,local,2400,ttft_reuse_s,20261010-055332-d4-sim2,ARC+WB,328.667483,SLRU+WB,26337.0,opt,OPT-BELADY,311.503233,0.0,0.052224,1.0
20261010-060103-d4-gap2b,2026-10-10T06:01:04+00:00,synthetic,0.5,11.6,local,2400,ttft_reuse_s,20261010-055332-d4-sim2,ARC+WB,328.667483,SLRU+WB,26337.0,wtp_a,WTPa+WBR,311.503233,0.0,0.052224,1.0
20261010-060103-d4-gap2b,2026-10-10T06:01:04+00:00,synthetic,0.5,11.6,local,2400,ttft_reuse_s,20261010-055332-d4-sim2,ARC+WB,328.667483,SLRU+WB,26337.0,wtp_b,WTPb+WB,365.327328,32693.0,-0.111541,-0.241333
20261010-060103-d4-gap2b,2026-10-10T06:01:04+00:00,synthetic,0.5,11.6,nfs,0,ttft_total_s,20261010-055332-d4-sim2,ARC+WB2,3109.428966,ARC+WB2,0.0,kev_a,KEVa+WBR,2872.424417,0.0,0.076221,0.0
20261010-060103-d4-gap2b,2026-10-10T06:01:04+00:00,synthetic,0.5,11.6,nfs,0,ttft_total_s,20261010-055332-d4-sim2,ARC+WB2,3109.428966,ARC+WB2,0.0,kev_b,KEVb+WB,3153.002503,151.0,-0.014013,0.0
20261010-060103-d4-gap2b,2026-10-10T06:01:04+00:00,synthetic,0.5,11.6,nfs,0,ttft_total_s,20261010-055332-d4-sim2,ARC+WB2,3109.428966,ARC+WB2,0.0,opt,OPT-BELADY,2872.424417,0.0,0.076221,0.0
20261010-060103-d4-gap2b,2026-10-10T06:01:04+00:00,synthetic,0.5,11.6,nfs,0,ttft_total_s,20261010-055332-d4-sim2,ARC+WB2,3109.428966,ARC+WB2,0.0,wtp_a,WTPa+WBR,2872.424417,0.0,0.076221,0.0
20261010-060103-d4-gap2b,2026-10-10T06:01:04+00:00,synthetic,0.5,11.6,nfs,0,ttft_total_s,20261010-055332-d4-sim2,ARC+WB2,3109.428966,ARC+WB2,0.0,wtp_b,WTPb+WB,3748.691242,152.0,-0.205588,0.0
20261010-060103-d4-gap2b,2026-10-10T06:01:04+00:00,synthetic,0.5,11.6,nfs,0,ttft_reuse_s,20261010-055332-d4-sim2,ARC+WB2,657.009937,ARC+WB2,0.0,kev_a,KEVa+WBR,420.005388,0.0,0.360732,0.0
20261010-060103-d4-gap2b,2026-10-10T06:01:04+00:00,synthetic,0.5,11.6,nfs,0,ttft_reuse_s,20261010-055332-d4-sim2,ARC+WB2,657.009937,ARC+WB2,0.0,kev_b,KEVb+WB,700.583474,151.0,-0.066321,0.0
20261010-060103-d4-gap2b,2026-10-10T06:01:04+00:00,synthetic,0.5,11.6,nfs,0,ttft_reuse_s,20261010-055332-d4-sim2,ARC+WB2,657.009937,ARC+WB2,0.0,opt,OPT-BELADY,420.005388,0.0,0.360732,0.0
20261010-060103-d4-gap2b,2026-10-10T06:01:04+00:00,synthetic,0.5,11.6,nfs,0,ttft_reuse_s,20261010-055332-d4-sim2,ARC+WB2,657.009937,ARC+WB2,0.0,wtp_a,WTPa+WBR,420.005388,0.0,0.360732,0.0
20261010-060103-d4-gap2b,2026-10-10T06:01:04+00:00,synthetic,0.5,11.6,nfs,0,ttft_reuse_s,20261010-055332-d4-sim2,ARC+WB2,657.009937,ARC+WB2,0.0,wtp_b,WTPb+WB,1296.272213,152.0,-0.972987,0.0
20261010-060103-d4-gap2b,2026-10-10T06:01:04+00:00,synthetic,0.5,11.6,nfs,0,ttft_cake_s,20261010-055332-d4-sim2,ARC+WB2,3055.875831,ARC+WB2,0.0,kev_a,KEVa+WBR,2817.219278,0.0,0.078098,0.0
20261010-060103-d4-gap2b,2026-10-10T06:01:04+00:00,synthetic,0.5,11.6,nfs,0,ttft_cake_s,20261010-055332-d4-sim2,ARC+WB2,3055.875831,ARC+WB2,0.0,kev_b,KEVb+WB,3100.989162,151.0,-0.014763,0.0
20261010-060103-d4-gap2b,2026-10-10T06:01:04+00:00,synthetic,0.5,11.6,nfs,0,ttft_cake_s,20261010-055332-d4-sim2,ARC+WB2,3055.875831,ARC+WB2,0.0,opt,OPT-BELADY,2817.219278,0.0,0.078098,0.0
20261010-060103-d4-gap2b,2026-10-10T06:01:04+00:00,synthetic,0.5,11.6,nfs,0,ttft_cake_s,20261010-055332-d4-sim2,ARC+WB2,3055.875831,ARC+WB2,0.0,wtp_a,WTPa+WBR,2817.219278,0.0,0.078098,0.0
20261010-060103-d4-gap2b,2026-10-10T06:01:04+00:00,synthetic,0.5,11.6,nfs,0,ttft_cake_s,20261010-055332-d4-sim2,ARC+WB2,3055.875831,ARC+WB2,0.0,wtp_b,WTPb+WB,3705.492976,152.0,-0.21258,0.0
20261010-060103-d4-gap2b,2026-10-10T06:01:04+00:00,synthetic,0.5,11.6,nfs,2400,ttft_total_s,20261010-055332-d4-sim2,ARC+WB2,3021.776205,ARC+WB2,0.0,kev_a,KEVa+WBR,2763.922262,0.0,0.085332,0.0
20261010-060103-d4-gap2b,2026-10-10T06:01:04+00:00,synthetic,0.5,11.6,nfs,2400,ttft_total_s,20261010-055332-d4-sim2,ARC+WB2,3021.776205,ARC+WB2,0.0,kev_b,KEVb+WB,3045.762323,151.0,-0.007938,0.0
20261010-060103-d4-gap2b,2026-10-10T06:01:04+00:00,synthetic,0.5,11.6,nfs,2400,ttft_total_s,20261010-055332-d4-sim2,ARC+WB2,3021.776205,ARC+WB2,0.0,opt,OPT-BELADY,2763.922262,0.0,0.085332,0.0
20261010-060103-d4-gap2b,2026-10-10T06:01:04+00:00,synthetic,0.5,11.6,nfs,2400,ttft_total_s,20261010-055332-d4-sim2,ARC+WB2,3021.776205,ARC+WB2,0.0,wtp_a,WTPa+WBR,2763.922262,0.0,0.085332,0.0
20261010-060103-d4-gap2b,2026-10-10T06:01:04+00:00,synthetic,0.5,11.6,nfs,2400,ttft_total_s,20261010-055332-d4-sim2,ARC+WB2,3021.776205,ARC+WB2,0.0,wtp_b,WTPb+WB,3561.253833,152.0,-0.17853,0.0
20261010-060103-d4-gap2b,2026-10-10T06:01:04+00:00,synthetic,0.5,11.6,nfs,2400,ttft_reuse_s,20261010-055332-d4-sim2,ARC+WB2,569.357176,ARC+WB2,0.0,kev_a,KEVa+WBR,311.503233,0.0,0.452886,0.0
20261010-060103-d4-gap2b,2026-10-10T06:01:04+00:00,synthetic,0.5,11.6,nfs,2400,ttft_reuse_s,20261010-055332-d4-sim2,ARC+WB2,569.357176,ARC+WB2,0.0,kev_b,KEVb+WB,593.343294,151.0,-0.042128,0.0
20261010-060103-d4-gap2b,2026-10-10T06:01:04+00:00,synthetic,0.5,11.6,nfs,2400,ttft_reuse_s,20261010-055332-d4-sim2,ARC+WB2,569.357176,ARC+WB2,0.0,opt,OPT-BELADY,311.503233,0.0,0.452886,0.0
20261010-060103-d4-gap2b,2026-10-10T06:01:04+00:00,synthetic,0.5,11.6,nfs,2400,ttft_reuse_s,20261010-055332-d4-sim2,ARC+WB2,569.357176,ARC+WB2,0.0,wtp_a,WTPa+WBR,311.503233,0.0,0.452886,0.0
20261010-060103-d4-gap2b,2026-10-10T06:01:04+00:00,synthetic,0.5,11.6,nfs,2400,ttft_reuse_s,20261010-055332-d4-sim2,ARC+WB2,569.357176,ARC+WB2,0.0,wtp_b,WTPb+WB,1108.834804,152.0,-0.947521,0.0
20261010-060103-d4-gap2b,2026-10-10T06:01:04+00:00,toolagent,0.1,3.69,local,0,ttft_total_s,20261010-055332-d4-sim2,LRU+WT,12235.310388,LRU+WT,183300.0,kev_a,KEVa+WBR,14042.441988,0.0,-0.147698,1.0
20261010-060103-d4-gap2b,2026-10-10T06:01:04+00:00,toolagent,0.1,3.69,local,0,ttft_total_s,20261010-055332-d4-sim2,LRU+WT,12235.310388,LRU+WT,183300.0,kev_b,KEVb+WB,13235.087364,165068.0,-0.081712,0.099465
20261010-060103-d4-gap2b,2026-10-10T06:01:04+00:00,toolagent,0.1,3.69,local,0,ttft_total_s,20261010-055332-d4-sim2,LRU+WT,12235.310388,LRU+WT,183300.0,opt,OPT-COST,12235.310388,39481.0,0.0,0.78461
20261010-060103-d4-gap2b,2026-10-10T06:01:04+00:00,toolagent,0.1,3.69,local,0,ttft_total_s,20261010-055332-d4-sim2,LRU+WT,12235.310388,LRU+WT,183300.0,wtp_a,WTPa+WTR,12235.310388,39481.0,0.0,0.78461
20261010-060103-d4-gap2b,2026-10-10T06:01:04+00:00,toolagent,0.1,3.69,local,0,ttft_total_s,20261010-055332-d4-sim2,LRU+WT,12235.310388,LRU+WT,183300.0,wtp_b,WTPb+WB,12880.07459,165667.0,-0.052697,0.096197
20261010-060103-d4-gap2b,2026-10-10T06:01:04+00:00,toolagent,0.1,3.69,local,0,ttft_reuse_s,20261010-055332-d4-sim2,LRU+WT,2026.133982,LRU+WT,183300.0,kev_a,KEVa+WBR,3833.265583,0.0,-0.891911,1.0
20261010-060103-d4-gap2b,2026-10-10T06:01:04+00:00,toolagent,0.1,3.69,local,0,ttft_reuse_s,20261010-055332-d4-sim2,LRU+WT,2026.133982,LRU+WT,183300.0,kev_b,KEVb+WB,3025.910959,165068.0,-0.493441,0.099465
20261010-060103-d4-gap2b,2026-10-10T06:01:04+00:00,toolagent,0.1,3.69,local,0,ttft_reuse_s,20261010-055332-d4-sim2,LRU+WT,2026.133982,LRU+WT,183300.0,opt,OPT-COST,2026.133982,39481.0,0.0,0.78461
20261010-060103-d4-gap2b,2026-10-10T06:01:04+00:00,toolagent,0.1,3.69,local,0,ttft_reuse_s,20261010-055332-d4-sim2,LRU+WT,2026.133982,LRU+WT,183300.0,wtp_a,WTPa+WTR,2026.133982,39481.0,0.0,0.78461
20261010-060103-d4-gap2b,2026-10-10T06:01:04+00:00,toolagent,0.1,3.69,local,0,ttft_reuse_s,20261010-055332-d4-sim2,LRU+WT,2026.133982,LRU+WT,183300.0,wtp_b,WTPb+WB,2670.898185,165667.0,-0.318224,0.096197
20261010-060103-d4-gap2b,2026-10-10T06:01:04+00:00,toolagent,0.1,3.69,local,0,ttft_cake_s,20261010-055332-d4-sim2,LRU+WT,11871.754929,LRU+H2,39481.0,kev_a,KEVa+WBR,12847.27499,0.0,-0.082172,1.0
20261010-060103-d4-gap2b,2026-10-10T06:01:04+00:00,toolagent,0.1,3.69,local,0,ttft_cake_s,20261010-055332-d4-sim2,LRU+WT,11871.754929,LRU+H2,39481.0,kev_b,KEVb+WB,12436.951191,165068.0,-0.047608,-3.180948
20261010-060103-d4-gap2b,2026-10-10T06:01:04+00:00,toolagent,0.1,3.69,local,0,ttft_cake_s,20261010-055332-d4-sim2,LRU+WT,11871.754929,LRU+H2,39481.0,opt,OPT-COST,11871.754929,39481.0,0.0,0.0
20261010-060103-d4-gap2b,2026-10-10T06:01:04+00:00,toolagent,0.1,3.69,local,0,ttft_cake_s,20261010-055332-d4-sim2,LRU+WT,11871.754929,LRU+H2,39481.0,wtp_a,WTPa+WTR,11871.754929,39481.0,0.0,0.0
20261010-060103-d4-gap2b,2026-10-10T06:01:04+00:00,toolagent,0.1,3.69,local,0,ttft_cake_s,20261010-055332-d4-sim2,LRU+WT,11871.754929,LRU+H2,39481.0,wtp_b,WTPb+WB,12254.727089,165667.0,-0.032259,-3.19612
20261010-060103-d4-gap2b,2026-10-10T06:01:04+00:00,toolagent,0.1,3.69,local,2400,ttft_total_s,20261010-055332-d4-sim2,LRU+WT,10953.04536,LRU+WB,167105.0,kev_a,KEVa+WBR,11616.510416,0.0,-0.060574,1.0
20261010-060103-d4-gap2b,2026-10-10T06:01:04+00:00,toolagent,0.1,3.69,local,2400,ttft_total_s,20261010-055332-d4-sim2,LRU+WT,10953.04536,LRU+WB,167105.0,kev_b,KEVb+WB,11560.447783,165427.0,-0.055455,0.010042
20261010-060103-d4-gap2b,2026-10-10T06:01:04+00:00,toolagent,0.1,3.69,local,2400,ttft_total_s,20261010-055332-d4-sim2,LRU+WT,10953.04536,LRU+WB,167105.0,opt,OPT-COST,10953.04536,38707.0,0.0,0.768367
20261010-060103-d4-gap2b,2026-10-10T06:01:04+00:00,toolagent,0.1,3.69,local,2400,ttft_total_s,20261010-055332-d4-sim2,LRU+WT,10953.04536,LRU+WB,167105.0,wtp_a,WTPa+WTR,10953.04536,38707.0,0.0,0.768367
20261010-060103-d4-gap2b,2026-10-10T06:01:04+00:00,toolagent,0.1,3.69,local,2400,ttft_total_s,20261010-055332-d4-sim2,LRU+WT,10953.04536,LRU+WB,167105.0,wtp_b,WTPb+WB,11564.041029,165579.0,-0.055783,0.009132
20261010-060103-d4-gap2b,2026-10-10T06:01:04+00:00,toolagent,0.1,3.69,local,2400,ttft_reuse_s,20261010-055332-d4-sim2,LRU+WT,743.868955,LRU+WT,183300.0,kev_a,KEVa+WBR,1407.334011,0.0,-0.891911,1.0
20261010-060103-d4-gap2b,2026-10-10T06:01:04+00:00,toolagent,0.1,3.69,local,2400,ttft_reuse_s,20261010-055332-d4-sim2,LRU+WT,743.868955,LRU+WT,183300.0,kev_b,KEVb+WB,1351.271377,165427.0,-0.816545,0.097507
20261010-060103-d4-gap2b,2026-10-10T06:01:04+00:00,toolagent,0.1,3.69,local,2400,ttft_reuse_s,20261010-055332-d4-sim2,LRU+WT,743.868955,LRU+WT,183300.0,opt,OPT-COST,743.868955,38707.0,0.0,0.788833
20261010-060103-d4-gap2b,2026-10-10T06:01:04+00:00,toolagent,0.1,3.69,local,2400,ttft_reuse_s,20261010-055332-d4-sim2,LRU+WT,743.868955,LRU+WT,183300.0,wtp_a,WTPa+WTR,743.868955,38707.0,0.0,0.788833
20261010-060103-d4-gap2b,2026-10-10T06:01:04+00:00,toolagent,0.1,3.69,local,2400,ttft_reuse_s,20261010-055332-d4-sim2,LRU+WT,743.868955,LRU+WT,183300.0,wtp_b,WTPb+WB,1354.864624,165579.0,-0.821375,0.096678
20261010-060103-d4-gap2b,2026-10-10T06:01:04+00:00,toolagent,0.1,3.69,nfs,0,ttft_total_s,20261010-055332-d4-sim2,ARC+WB,14675.675005,ARC+NONE,0.0,kev_a,KEVa+WBR,14042.441988,0.0,0.043148,0.0
20261010-060103-d4-gap2b,2026-10-10T06:01:04+00:00,toolagent,0.1,3.69,nfs,0,ttft_total_s,20261010-055332-d4-sim2,ARC+WB,14675.675005,ARC+NONE,0.0,kev_b,KEVb+WB,14134.174125,2034.0,0.036898,0.0
20261010-060103-d4-gap2b,2026-10-10T06:01:04+00:00,toolagent,0.1,3.69,nfs,0,ttft_total_s,20261010-055332-d4-sim2,ARC+WB,14675.675005,ARC+NONE,0.0,opt,OPT-BELADY,14042.441988,0.0,0.043148,0.0
20261010-060103-d4-gap2b,2026-10-10T06:01:04+00:00,toolagent,0.1,3.69,nfs,0,ttft_total_s,20261010-055332-d4-sim2,ARC+WB,14675.675005,ARC+NONE,0.0,wtp_a,WTPa+WBR,14042.441988,0.0,0.043148,0.0
20261010-060103-d4-gap2b,2026-10-10T06:01:04+00:00,toolagent,0.1,3.69,nfs,0,ttft_total_s,20261010-055332-d4-sim2,ARC+WB,14675.675005,ARC+NONE,0.0,wtp_b,WTPb+WB,14158.992463,2039.0,0.035207,0.0
20261010-060103-d4-gap2b,2026-10-10T06:01:04+00:00,toolagent,0.1,3.69,nfs,0,ttft_reuse_s,20261010-055332-d4-sim2,ARC+WB,4466.4986,ARC+NONE,0.0,kev_a,KEVa+WBR,3833.265583,0.0,0.141774,0.0
20261010-060103-d4-gap2b,2026-10-10T06:01:04+00:00,toolagent,0.1,3.69,nfs,0,ttft_reuse_s,20261010-055332-d4-sim2,ARC+WB,4466.4986,ARC+NONE,0.0,kev_b,KEVb+WB,3924.99772,2034.0,0.121236,0.0
20261010-060103-d4-gap2b,2026-10-10T06:01:04+00:00,toolagent,0.1,3.69,nfs,0,ttft_reuse_s,20261010-055332-d4-sim2,ARC+WB,4466.4986,ARC+NONE,0.0,opt,OPT-BELADY,3833.265583,0.0,0.141774,0.0
20261010-060103-d4-gap2b,2026-10-10T06:01:04+00:00,toolagent,0.1,3.69,nfs,0,ttft_reuse_s,20261010-055332-d4-sim2,ARC+WB,4466.4986,ARC+NONE,0.0,wtp_a,WTPa+WBR,3833.265583,0.0,0.141774,0.0
20261010-060103-d4-gap2b,2026-10-10T06:01:04+00:00,toolagent,0.1,3.69,nfs,0,ttft_reuse_s,20261010-055332-d4-sim2,ARC+WB,4466.4986,ARC+NONE,0.0,wtp_b,WTPb+WB,3949.816057,2039.0,0.11568,0.0
20261010-060103-d4-gap2b,2026-10-10T06:01:04+00:00,toolagent,0.1,3.69,nfs,0,ttft_cake_s,20261010-055332-d4-sim2,ARC+WB,13511.482734,ARC+NONE,0.0,kev_a,KEVa+WBR,12847.27499,0.0,0.049159,0.0
20261010-060103-d4-gap2b,2026-10-10T06:01:04+00:00,toolagent,0.1,3.69,nfs,0,ttft_cake_s,20261010-055332-d4-sim2,ARC+WB,13511.482734,ARC+NONE,0.0,kev_b,KEVb+WB,12944.07336,2034.0,0.041995,0.0
20261010-060103-d4-gap2b,2026-10-10T06:01:04+00:00,toolagent,0.1,3.69,nfs,0,ttft_cake_s,20261010-055332-d4-sim2,ARC+WB,13511.482734,ARC+NONE,0.0,opt,OPT-BELADY,12847.27499,0.0,0.049159,0.0
20261010-060103-d4-gap2b,2026-10-10T06:01:04+00:00,toolagent,0.1,3.69,nfs,0,ttft_cake_s,20261010-055332-d4-sim2,ARC+WB,13511.482734,ARC+NONE,0.0,wtp_a,WTPa+WBR,12847.27499,0.0,0.049159,0.0
20261010-060103-d4-gap2b,2026-10-10T06:01:04+00:00,toolagent,0.1,3.69,nfs,0,ttft_cake_s,20261010-055332-d4-sim2,ARC+WB,13511.482734,ARC+NONE,0.0,wtp_b,WTPb+WB,12976.423275,2039.0,0.0396,0.0
20261010-060103-d4-gap2b,2026-10-10T06:01:04+00:00,toolagent,0.1,3.69,nfs,2400,ttft_total_s,20261010-055332-d4-sim2,ARC+WB,12262.541063,ARC+NONE,0.0,kev_a,KEVa+WBR,11616.510416,0.0,0.052683,0.0
20261010-060103-d4-gap2b,2026-10-10T06:01:04+00:00,toolagent,0.1,3.69,nfs,2400,ttft_total_s,20261010-055332-d4-sim2,ARC+WB,12262.541063,ARC+NONE,0.0,kev_b,KEVb+WB,11707.624402,2022.0,0.045253,0.0
20261010-060103-d4-gap2b,2026-10-10T06:01:04+00:00,toolagent,0.1,3.69,nfs,2400,ttft_total_s,20261010-055332-d4-sim2,ARC+WB,12262.541063,ARC+NONE,0.0,opt,OPT-BELADY,11616.510416,0.0,0.052683,0.0
20261010-060103-d4-gap2b,2026-10-10T06:01:04+00:00,toolagent,0.1,3.69,nfs,2400,ttft_total_s,20261010-055332-d4-sim2,ARC+WB,12262.541063,ARC+NONE,0.0,wtp_a,WTPa+WBR,11616.510416,0.0,0.052683,0.0
20261010-060103-d4-gap2b,2026-10-10T06:01:04+00:00,toolagent,0.1,3.69,nfs,2400,ttft_total_s,20261010-055332-d4-sim2,ARC+WB,12262.541063,ARC+NONE,0.0,wtp_b,WTPb+WB,11725.580343,2039.0,0.043789,0.0
20261010-060103-d4-gap2b,2026-10-10T06:01:04+00:00,toolagent,0.1,3.69,nfs,2400,ttft_reuse_s,20261010-055332-d4-sim2,ARC+WB,2053.364658,ARC+NONE,0.0,kev_a,KEVa+WBR,1407.334011,0.0,0.314621,0.0
20261010-060103-d4-gap2b,2026-10-10T06:01:04+00:00,toolagent,0.1,3.69,nfs,2400,ttft_reuse_s,20261010-055332-d4-sim2,ARC+WB,2053.364658,ARC+NONE,0.0,kev_b,KEVb+WB,1498.447997,2022.0,0.270247,0.0
20261010-060103-d4-gap2b,2026-10-10T06:01:04+00:00,toolagent,0.1,3.69,nfs,2400,ttft_reuse_s,20261010-055332-d4-sim2,ARC+WB,2053.364658,ARC+NONE,0.0,opt,OPT-BELADY,1407.334011,0.0,0.314621,0.0
20261010-060103-d4-gap2b,2026-10-10T06:01:04+00:00,toolagent,0.1,3.69,nfs,2400,ttft_reuse_s,20261010-055332-d4-sim2,ARC+WB,2053.364658,ARC+NONE,0.0,wtp_a,WTPa+WBR,1407.334011,0.0,0.314621,0.0
20261010-060103-d4-gap2b,2026-10-10T06:01:04+00:00,toolagent,0.1,3.69,nfs,2400,ttft_reuse_s,20261010-055332-d4-sim2,ARC+WB,2053.364658,ARC+NONE,0.0,wtp_b,WTPb+WB,1516.403937,2039.0,0.261503,0.0
20261010-060103-d4-gap2b,2026-10-10T06:01:04+00:00,toolagent,0.1,11.6,local,0,ttft_total_s,20261010-055332-d4-sim2,ARC+WB,11490.446084,LRU+WB2,35498.0,kev_a,KEVa+WBR,11428.551405,0.0,0.005387,1.0
20261010-060103-d4-gap2b,2026-10-10T06:01:04+00:00,toolagent,0.1,11.6,local,0,ttft_total_s,20261010-055332-d4-sim2,ARC+WB,11490.446084,LRU+WB2,35498.0,kev_b,KEVb+WB,11439.455962,165068.0,0.004438,-3.650065
20261010-060103-d4-gap2b,2026-10-10T06:01:04+00:00,toolagent,0.1,11.6,local,0,ttft_total_s,20261010-055332-d4-sim2,ARC+WB,11490.446084,LRU+WB2,35498.0,opt,OPT-BELADY,11428.551405,0.0,0.005387,1.0
20261010-060103-d4-gap2b,2026-10-10T06:01:04+00:00,toolagent,0.1,11.6,local,0,ttft_total_s,20261010-055332-d4-sim2,ARC+WB,11490.446084,LRU+WB2,35498.0,wtp_a,WTPa+WBR,11428.551405,0.0,0.005387,1.0
20261010-060103-d4-gap2b,2026-10-10T06:01:04+00:00,toolagent,0.1,11.6,local,0,ttft_total_s,20261010-055332-d4-sim2,ARC+WB,11490.446084,LRU+WB2,35498.0,wtp_b,WTPb+WB,11445.241544,165667.0,0.003934,-3.666939
20261010-060103-d4-gap2b,2026-10-10T06:01:04+00:00,toolagent,0.1,11.6,local,0,ttft_reuse_s,20261010-055332-d4-sim2,ARC+WB,1281.269679,LRU+WB,167140.0,kev_a,KEVa+WBR,1219.375,0.0,0.048307,1.0
20261010-060103-d4-gap2b,2026-10-10T06:01:04+00:00,toolagent,0.1,11.6,local,0,ttft_reuse_s,20261010-055332-d4-sim2,ARC+WB,1281.269679,LRU+WB,167140.0,kev_b,KEVb+WB,1230.279557,165068.0,0.039797,0.012397
20261010-060103-d4-gap2b,2026-10-10T06:01:04+00:00,toolagent,0.1,11.6,local,0,ttft_reuse_s,20261010-055332-d4-sim2,ARC+WB,1281.269679,LRU+WB,167140.0,opt,OPT-BELADY,1219.375,0.0,0.048307,1.0
20261010-060103-d4-gap2b,2026-10-10T06:01:04+00:00,toolagent,0.1,11.6,local,0,ttft_reuse_s,20261010-055332-d4-sim2,ARC+WB,1281.269679,LRU+WB,167140.0,wtp_a,WTPa+WBR,1219.375,0.0,0.048307,1.0
20261010-060103-d4-gap2b,2026-10-10T06:01:04+00:00,toolagent,0.1,11.6,local,0,ttft_reuse_s,20261010-055332-d4-sim2,ARC+WB,1281.269679,LRU+WB,167140.0,wtp_b,WTPb+WB,1236.065139,165667.0,0.035281,0.008813
20261010-060103-d4-gap2b,2026-10-10T06:01:04+00:00,toolagent,0.1,11.6,local,0,ttft_cake_s,20261010-055332-d4-sim2,ARC+WB,11352.622337,LRU+WB2,35498.0,kev_a,KEVa+WBR,11306.988867,0.0,0.00402,1.0
20261010-060103-d4-gap2b,2026-10-10T06:01:04+00:00,toolagent,0.1,11.6,local,0,ttft_cake_s,20261010-055332-d4-sim2,ARC+WB,11352.622337,LRU+WB2,35498.0,kev_b,KEVb+WB,11315.154134,165068.0,0.0033,-3.650065
20261010-060103-d4-gap2b,2026-10-10T06:01:04+00:00,toolagent,0.1,11.6,local,0,ttft_cake_s,20261010-055332-d4-sim2,ARC+WB,11352.622337,LRU+WB2,35498.0,opt,OPT-BELADY,11306.988867,0.0,0.00402,1.0
20261010-060103-d4-gap2b,2026-10-10T06:01:04+00:00,toolagent,0.1,11.6,local,0,ttft_cake_s,20261010-055332-d4-sim2,ARC+WB,11352.622337,LRU+WB2,35498.0,wtp_a,WTPa+WBR,11306.988867,0.0,0.00402,1.0
20261010-060103-d4-gap2b,2026-10-10T06:01:04+00:00,toolagent,0.1,11.6,local,0,ttft_cake_s,20261010-055332-d4-sim2,ARC+WB,11352.622337,LRU+WB2,35498.0,wtp_b,WTPb+WB,11319.497113,165667.0,0.002918,-3.666939
20261010-060103-d4-gap2b,2026-10-10T06:01:04+00:00,toolagent,0.1,11.6,local,2400,ttft_total_s,20261010-055332-d4-sim2,ARC+WB,10719.775533,LRU+WB2,34837.0,kev_a,KEVa+WBR,10656.854207,0.0,0.00587,1.0
20261010-060103-d4-gap2b,2026-10-10T06:01:04+00:00,toolagent,0.1,11.6,local,2400,ttft_total_s,20261010-055332-d4-sim2,ARC+WB,10719.775533,LRU+WB2,34837.0,kev_b,KEVb+WB,10667.68034,165427.0,0.00486,-3.748601
20261010-060103-d4-gap2b,2026-10-10T06:01:04+00:00,toolagent,0.1,11.6,local,2400,ttft_total_s,20261010-055332-d4-sim2,ARC+WB,10719.775533,LRU+WB2,34837.0,opt,OPT-BELADY,10656.854207,0.0,0.00587,1.0
20261010-060103-d4-gap2b,2026-10-10T06:01:04+00:00,toolagent,0.1,11.6,local,2400,ttft_total_s,20261010-055332-d4-sim2,ARC+WB,10719.775533,LRU+WB2,34837.0,wtp_a,WTPa+WBR,10656.854207,0.0,0.00587,1.0
20261010-060103-d4-gap2b,2026-10-10T06:01:04+00:00,toolagent,0.1,11.6,local,2400,ttft_total_s,20261010-055332-d4-sim2,ARC+WB,10719.775533,LRU+WB2,34837.0,wtp_b,WTPb+WB,10672.699501,165579.0,0.004392,-3.752964
20261010-060103-d4-gap2b,2026-10-10T06:01:04+00:00,toolagent,0.1,11.6,local,2400,ttft_reuse_s,20261010-055332-d4-sim2,ARC+WB,510.599128,LRU+WB,167105.0,kev_a,KEVa+WBR,447.677802,0.0,0.12323,1.0
20261010-060103-d4-gap2b,2026-10-10T06:01:04+00:00,toolagent,0.1,11.6,local,2400,ttft_reuse_s,20261010-055332-d4-sim2,ARC+WB,510.599128,LRU+WB,167105.0,kev_b,KEVb+WB,458.503934,165427.0,0.102028,0.010042
20261010-060103-d4-gap2b,2026-10-10T06:01:04+00:00,toolagent,0.1,11.6,local,2400,ttft_reuse_s,20261010-055332-d4-sim2,ARC+WB,510.599128,LRU+WB,167105.0,opt,OPT-BELADY,447.677802,0.0,0.12323,1.0
20261010-060103-d4-gap2b,2026-10-10T06:01:04+00:00,toolagent,0.1,11.6,local,2400,ttft_reuse_s,20261010-055332-d4-sim2,ARC+WB,510.599128,LRU+WB,167105.0,wtp_a,WTPa+WBR,447.677802,0.0,0.12323,1.0
20261010-060103-d4-gap2b,2026-10-10T06:01:04+00:00,toolagent,0.1,11.6,local,2400,ttft_reuse_s,20261010-055332-d4-sim2,ARC+WB,510.599128,LRU+WB,167105.0,wtp_b,WTPb+WB,463.523096,165579.0,0.092198,0.009132
20261010-060103-d4-gap2b,2026-10-10T06:01:04+00:00,toolagent,0.1,11.6,nfs,0,ttft_total_s,20261010-055332-d4-sim2,ARC+WB,12262.322529,ARC+NONE,0.0,kev_a,KEVa+WBR,11428.551405,0.0,0.067995,0.0
20261010-060103-d4-gap2b,2026-10-10T06:01:04+00:00,toolagent,0.1,11.6,nfs,0,ttft_total_s,20261010-055332-d4-sim2,ARC+WB,12262.322529,ARC+NONE,0.0,kev_b,KEVb+WB,11555.614192,2034.0,0.057633,0.0
20261010-060103-d4-gap2b,2026-10-10T06:01:04+00:00,toolagent,0.1,11.6,nfs,0,ttft_total_s,20261010-055332-d4-sim2,ARC+WB,12262.322529,ARC+NONE,0.0,opt,OPT-BELADY,11428.551405,0.0,0.067995,0.0
20261010-060103-d4-gap2b,2026-10-10T06:01:04+00:00,toolagent,0.1,11.6,nfs,0,ttft_total_s,20261010-055332-d4-sim2,ARC+WB,12262.322529,ARC+NONE,0.0,wtp_a,WTPa+WBR,11428.551405,0.0,0.067995,0.0
20261010-060103-d4-gap2b,2026-10-10T06:01:04+00:00,toolagent,0.1,11.6,nfs,0,ttft_total_s,20261010-055332-d4-sim2,ARC+WB,12262.322529,ARC+NONE,0.0,wtp_b,WTPb+WB,11599.177755,2039.0,0.05408,0.0
20261010-060103-d4-gap2b,2026-10-10T06:01:04+00:00,toolagent,0.1,11.6,nfs,0,ttft_reuse_s,20261010-055332-d4-sim2,ARC+WB,2053.146124,ARC+NONE,0.0,kev_a,KEVa+WBR,1219.375,0.0,0.406094,0.0
20261010-060103-d4-gap2b,2026-10-10T06:01:04+00:00,toolagent,0.1,11.6,nfs,0,ttft_reuse_s,20261010-055332-d4-sim2,ARC+WB,2053.146124,ARC+NONE,0.0,kev_b,KEVb+WB,1346.437787,2034.0,0.344208,0.0
20261010-060103-d4-gap2b,2026-10-10T06:01:04+00:00,toolagent,0.1,11.6,nfs,0,ttft_reuse_s,20261010-055332-d4-sim2,ARC+WB,2053.146124,ARC+NONE,0.0,opt,OPT-BELADY,1219.375,0.0,0.406094,0.0
20261010-060103-d4-gap2b,2026-10-10T06:01:04+00:00,toolagent,0.1,11.6,nfs,0,ttft_reuse_s,20261010-055332-d4-sim2,ARC+WB,2053.146124,ARC+NONE,0.0,wtp_a,WTPa+WBR,1219.375,0.0,0.406094,0.0
20261010-060103-d4-gap2b,2026-10-10T06:01:04+00:00,toolagent,0.1,11.6,nfs,0,ttft_reuse_s,20261010-055332-d4-sim2,ARC+WB,2053.146124,ARC+NONE,0.0,wtp_b,WTPb+WB,1390.00135,2039.0,0.32299,0.0
20261010-060103-d4-gap2b,2026-10-10T06:01:04+00:00,toolagent,0.1,11.6,nfs,0,ttft_cake_s,20261010-055332-d4-sim2,ARC+WB,12100.329184,ARC+NONE,0.0,kev_a,KEVa+WBR,11306.988867,0.0,0.065564,0.0
20261010-060103-d4-gap2b,2026-10-10T06:01:04+00:00,toolagent,0.1,11.6,nfs,0,ttft_cake_s,20261010-055332-d4-sim2,ARC+WB,12100.329184,ARC+NONE,0.0,kev_b,KEVb+WB,11429.389923,2034.0,0.055448,0.0
20261010-060103-d4-gap2b,2026-10-10T06:01:04+00:00,toolagent,0.1,11.6,nfs,0,ttft_cake_s,20261010-055332-d4-sim2,ARC+WB,12100.329184,ARC+NONE,0.0,opt,OPT-BELADY,11306.988867,0.0,0.065564,0.0
20261010-060103-d4-gap2b,2026-10-10T06:01:04+00:00,toolagent,0.1,11.6,nfs,0,ttft_cake_s,20261010-055332-d4-sim2,ARC+WB,12100.329184,ARC+NONE,0.0,wtp_a,WTPa+WBR,11306.988867,0.0,0.065564,0.0
20261010-060103-d4-gap2b,2026-10-10T06:01:04+00:00,toolagent,0.1,11.6,nfs,0,ttft_cake_s,20261010-055332-d4-sim2,ARC+WB,12100.329184,ARC+NONE,0.0,wtp_b,WTPb+WB,11472.964709,2039.0,0.051847,0.0
20261010-060103-d4-gap2b,2026-10-10T06:01:04+00:00,toolagent,0.1,11.6,nfs,2400,ttft_total_s,20261010-055332-d4-sim2,ARC+WB,11506.749285,ARC+NONE,0.0,kev_a,KEVa+WBR,10656.854207,0.0,0.073861,0.0
20261010-060103-d4-gap2b,2026-10-10T06:01:04+00:00,toolagent,0.1,11.6,nfs,2400,ttft_total_s,20261010-055332-d4-sim2,ARC+WB,11506.749285,ARC+NONE,0.0,kev_b,KEVb+WB,10783.044748,2022.0,0.062894,0.0
20261010-060103-d4-gap2b,2026-10-10T06:01:04+00:00,toolagent,0.1,11.6,nfs,2400,ttft_total_s,20261010-055332-d4-sim2,ARC+WB,11506.749285,ARC+NONE,0.0,opt,OPT-BELADY,10656.854207,0.0,0.073861,0.0
20261010-060103-d4-gap2b,2026-10-10T06:01:04+00:00,toolagent,0.1,11.6,nfs,2400,ttft_total_s,20261010-055332-d4-sim2,ARC+WB,11506.749285,ARC+NONE,0.0,wtp_a,WTPa+WBR,10656.854207,0.0,0.073861,0.0
20261010-060103-d4-gap2b,2026-10-10T06:01:04+00:00,toolagent,0.1,11.6,nfs,2400,ttft_total_s,20261010-055332-d4-sim2,ARC+WB,11506.749285,ARC+NONE,0.0,wtp_b,WTPb+WB,10817.26272,2039.0,0.05992,0.0
20261010-060103-d4-gap2b,2026-10-10T06:01:04+00:00,toolagent,0.1,11.6,nfs,2400,ttft_reuse_s,20261010-055332-d4-sim2,ARC+WB,1297.57288,ARC+NONE,0.0,kev_a,KEVa+WBR,447.677802,0.0,0.654988,0.0
20261010-060103-d4-gap2b,2026-10-10T06:01:04+00:00,toolagent,0.1,11.6,nfs,2400,ttft_reuse_s,20261010-055332-d4-sim2,ARC+WB,1297.57288,ARC+NONE,0.0,kev_b,KEVb+WB,573.868343,2022.0,0.557737,0.0
20261010-060103-d4-gap2b,2026-10-10T06:01:04+00:00,toolagent,0.1,11.6,nfs,2400,ttft_reuse_s,20261010-055332-d4-sim2,ARC+WB,1297.57288,ARC+NONE,0.0,opt,OPT-BELADY,447.677802,0.0,0.654988,0.0
20261010-060103-d4-gap2b,2026-10-10T06:01:04+00:00,toolagent,0.1,11.6,nfs,2400,ttft_reuse_s,20261010-055332-d4-sim2,ARC+WB,1297.57288,ARC+NONE,0.0,wtp_a,WTPa+WBR,447.677802,0.0,0.654988,0.0
20261010-060103-d4-gap2b,2026-10-10T06:01:04+00:00,toolagent,0.1,11.6,nfs,2400,ttft_reuse_s,20261010-055332-d4-sim2,ARC+WB,1297.57288,ARC+NONE,0.0,wtp_b,WTPb+WB,608.086315,2039.0,0.531366,0.0
20261010-060103-d4-gap2b,2026-10-10T06:01:04+00:00,toolagent,0.25,3.69,local,0,ttft_total_s,20261010-055332-d4-sim2,LRU+WT,12235.310388,LRU+H2,39481.0,kev_a,KEVa+WBR,14042.441988,0.0,-0.147698,1.0
20261010-060103-d4-gap2b,2026-10-10T06:01:04+00:00,toolagent,0.25,3.69,local,0,ttft_total_s,20261010-055332-d4-sim2,LRU+WT,12235.310388,LRU+H2,39481.0,kev_b,KEVb+WB,13340.289643,137885.0,-0.090311,-2.492439
20261010-060103-d4-gap2b,2026-10-10T06:01:04+00:00,toolagent,0.25,3.69,local,0,ttft_total_s,20261010-055332-d4-sim2,LRU+WT,12235.310388,LRU+H2,39481.0,opt,OPT-COST,12235.310388,39481.0,0.0,0.0
20261010-060103-d4-gap2b,2026-10-10T06:01:04+00:00,toolagent,0.25,3.69,local,0,ttft_total_s,20261010-055332-d4-sim2,LRU+WT,12235.310388,LRU+H2,39481.0,wtp_a,WTPa+WTR,12235.310388,39481.0,0.0,0.0
20261010-060103-d4-gap2b,2026-10-10T06:01:04+00:00,toolagent,0.25,3.69,local,0,ttft_total_s,20261010-055332-d4-sim2,LRU+WT,12235.310388,LRU+H2,39481.0,wtp_b,WTPb+WB,12885.46446,138431.0,-0.053138,-2.506269
20261010-060103-d4-gap2b,2026-10-10T06:01:04+00:00,toolagent,0.25,3.69,local,0,ttft_reuse_s,20261010-055332-d4-sim2,LRU+WT,2026.133982,LRU+WT,183300.0,kev_a,KEVa+WBR,3833.265583,0.0,-0.891911,1.0
20261010-060103-d4-gap2b,2026-10-10T06:01:04+00:00,toolagent,0.25,3.69,local,0,ttft_reuse_s,20261010-055332-d4-sim2,LRU+WT,2026.133982,LRU+WT,183300.0,kev_b,KEVb+WB,3131.113238,137885.0,-0.545363,0.247763
20261010-060103-d4-gap2b,2026-10-10T06:01:04+00:00,toolagent,0.25,3.69,local,0,ttft_reuse_s,20261010-055332-d4-sim2,LRU+WT,2026.133982,LRU+WT,183300.0,opt,OPT-COST,2026.133982,39481.0,0.0,0.78461
20261010-060103-d4-gap2b,2026-10-10T06:01:04+00:00,toolagent,0.25,3.69,local,0,ttft_reuse_s,20261010-055332-d4-sim2,LRU+WT,2026.133982,LRU+WT,183300.0,wtp_a,WTPa+WTR,2026.133982,39481.0,0.0,0.78461
20261010-060103-d4-gap2b,2026-10-10T06:01:04+00:00,toolagent,0.25,3.69,local,0,ttft_reuse_s,20261010-055332-d4-sim2,LRU+WT,2026.133982,LRU+WT,183300.0,wtp_b,WTPb+WB,2676.288055,138431.0,-0.320884,0.244785
20261010-060103-d4-gap2b,2026-10-10T06:01:04+00:00,toolagent,0.25,3.69,local,0,ttft_cake_s,20261010-055332-d4-sim2,LRU+WT,11871.754929,LRU+H2,39481.0,kev_a,KEVa+WBR,12847.27499,0.0,-0.082172,1.0
20261010-060103-d4-gap2b,2026-10-10T06:01:04+00:00,toolagent,0.25,3.69,local,0,ttft_cake_s,20261010-055332-d4-sim2,LRU+WT,11871.754929,LRU+H2,39481.0,kev_b,KEVb+WB,12500.169543,137885.0,-0.052934,-2.492439
20261010-060103-d4-gap2b,2026-10-10T06:01:04+00:00,toolagent,0.25,3.69,local,0,ttft_cake_s,20261010-055332-d4-sim2,LRU+WT,11871.754929,LRU+H2,39481.0,opt,OPT-COST,11871.754929,39481.0,0.0,0.0
20261010-060103-d4-gap2b,2026-10-10T06:01:04+00:00,toolagent,0.25,3.69,local,0,ttft_cake_s,20261010-055332-d4-sim2,LRU+WT,11871.754929,LRU+H2,39481.0,wtp_a,WTPa+WTR,11871.754929,39481.0,0.0,0.0
20261010-060103-d4-gap2b,2026-10-10T06:01:04+00:00,toolagent,0.25,3.69,local,0,ttft_cake_s,20261010-055332-d4-sim2,LRU+WT,11871.754929,LRU+H2,39481.0,wtp_b,WTPb+WB,12257.861595,138431.0,-0.032523,-2.506269
20261010-060103-d4-gap2b,2026-10-10T06:01:04+00:00,toolagent,0.25,3.69,local,2400,ttft_total_s,20261010-055332-d4-sim2,LRU+WT,10953.04536,LRU+H2,38707.0,kev_a,KEVa+WBR,11616.510416,0.0,-0.060574,1.0
20261010-060103-d4-gap2b,2026-10-10T06:01:04+00:00,toolagent,0.25,3.69,local,2400,ttft_total_s,20261010-055332-d4-sim2,LRU+WT,10953.04536,LRU+H2,38707.0,kev_b,KEVb+WB,11600.963635,137928.0,-0.059154,-2.563386
20261010-060103-d4-gap2b,2026-10-10T06:01:04+00:00,toolagent,0.25,3.69,local,2400,ttft_total_s,20261010-055332-d4-sim2,LRU+WT,10953.04536,LRU+H2,38707.0,opt,OPT-COST,10953.04536,38707.0,0.0,0.0
20261010-060103-d4-gap2b,2026-10-10T06:01:04+00:00,toolagent,0.25,3.69,local,2400,ttft_total_s,20261010-055332-d4-sim2,LRU+WT,10953.04536,LRU+H2,38707.0,wtp_a,WTPa+WTR,10953.04536,38707.0,0.0,0.0
20261010-060103-d4-gap2b,2026-10-10T06:01:04+00:00,toolagent,0.25,3.69,local,2400,ttft_total_s,20261010-055332-d4-sim2,LRU+WT,10953.04536,LRU+H2,38707.0,wtp_b,WTPb+WB,11569.430899,138336.0,-0.056275,-2.573927
20261010-060103-d4-gap2b,2026-10-10T06:01:04+00:00,toolagent,0.25,3.69,local,2400,ttft_reuse_s,20261010-055332-d4-sim2,LRU+WT,743.868955,LRU+WT,183300.0,kev_a,KEVa+WBR,1407.334011,0.0,-0.891911,1.0
20261010-060103-d4-gap2b,2026-10-10T06:01:04+00:00,toolagent,0.25,3.69,local,2400,ttft_reuse_s,20261010-055332-d4-sim2,LRU+WT,743.868955,LRU+WT,183300.0,kev_b,KEVb+WB,1391.78723,137928.0,-0.871011,0.247529
20261010-060103-d4-gap2b,2026-10-10T06:01:04+00:00,toolagent,0.25,3.69,local,2400,ttft_reuse_s,20261010-055332-d4-sim2,LRU+WT,743.868955,LRU+WT,183300.0,opt,OPT-COST,743.868955,38707.0,0.0,0.788833
20261010-060103-d4-gap2b,2026-10-10T06:01:04+00:00,toolagent,0.25,3.69,local,2400,ttft_reuse_s,20261010-055332-d4-sim2,LRU+WT,743.868955,LRU+WT,183300.0,wtp_a,WTPa+WTR,743.868955,38707.0,0.0,0.788833
20261010-060103-d4-gap2b,2026-10-10T06:01:04+00:00,toolagent,0.25,3.69,local,2400,ttft_reuse_s,20261010-055332-d4-sim2,LRU+WT,743.868955,LRU+WT,183300.0,wtp_b,WTPb+WB,1360.254494,138336.0,-0.828621,0.245303
20261010-060103-d4-gap2b,2026-10-10T06:01:04+00:00,toolagent,0.25,3.69,nfs,0,ttft_total_s,20261010-055332-d4-sim2,LRU+NONE,14067.725982,LRU+NONE,0.0,kev_a,KEVa+WBR,14042.441988,0.0,0.001797,0.0
20261010-060103-d4-gap2b,2026-10-10T06:01:04+00:00,toolagent,0.25,3.69,nfs,0,ttft_total_s,20261010-055332-d4-sim2,LRU+NONE,14067.725982,LRU+NONE,0.0,kev_b,KEVb+WB,14058.691238,1821.0,0.000642,0.0
20261010-060103-d4-gap2b,2026-10-10T06:01:04+00:00,toolagent,0.25,3.69,nfs,0,ttft_total_s,20261010-055332-d4-sim2,LRU+NONE,14067.725982,LRU+NONE,0.0,opt,OPT-BELADY,14042.441988,0.0,0.001797,0.0
20261010-060103-d4-gap2b,2026-10-10T06:01:04+00:00,toolagent,0.25,3.69,nfs,0,ttft_total_s,20261010-055332-d4-sim2,LRU+NONE,14067.725982,LRU+NONE,0.0,wtp_a,WTPa+WBR,14042.441988,0.0,0.001797,0.0
20261010-060103-d4-gap2b,2026-10-10T06:01:04+00:00,toolagent,0.25,3.69,nfs,0,ttft_total_s,20261010-055332-d4-sim2,LRU+NONE,14067.725982,LRU+NONE,0.0,wtp_b,WTPb+WB,14146.282546,1831.0,-0.005584,0.0
20261010-060103-d4-gap2b,2026-10-10T06:01:04+00:00,toolagent,0.25,3.69,nfs,0,ttft_reuse_s,20261010-055332-d4-sim2,LRU+NONE,3858.549577,LRU+NONE,0.0,kev_a,KEVa+WBR,3833.265583,0.0,0.006553,0.0
20261010-060103-d4-gap2b,2026-10-10T06:01:04+00:00,toolagent,0.25,3.69,nfs,0,ttft_reuse_s,20261010-055332-d4-sim2,LRU+NONE,3858.549577,LRU+NONE,0.0,kev_b,KEVb+WB,3849.514833,1821.0,0.002341,0.0
20261010-060103-d4-gap2b,2026-10-10T06:01:04+00:00,toolagent,0.25,3.69,nfs,0,ttft_reuse_s,20261010-055332-d4-sim2,LRU+NONE,3858.549577,LRU+NONE,0.0,opt,OPT-BELADY,3833.265583,0.0,0.006553,0.0
20261010-060103-d4-gap2b,2026-10-10T06:01:04+00:00,toolagent,0.25,3.69,nfs,0,ttft_reuse_s,20261010-055332-d4-sim2,LRU+NONE,3858.549577,LRU+NONE,0.0,wtp_a,WTPa+WBR,3833.265583,0.0,0.006553,0.0
20261010-060103-d4-gap2b,2026-10-10T06:01:04+00:00,toolagent,0.25,3.69,nfs,0,ttft_reuse_s,20261010-055332-d4-sim2,LRU+NONE,3858.549577,LRU+NONE,0.0,wtp_b,WTPb+WB,3937.106141,1831.0,-0.020359,0.0
20261010-060103-d4-gap2b,2026-10-10T06:01:04+00:00,toolagent,0.25,3.69,nfs,0,ttft_cake_s,20261010-055332-d4-sim2,LRU+NONE,12875.109584,LRU+NONE,0.0,kev_a,KEVa+WBR,12847.27499,0.0,0.002162,0.0
20261010-060103-d4-gap2b,2026-10-10T06:01:04+00:00,toolagent,0.25,3.69,nfs,0,ttft_cake_s,20261010-055332-d4-sim2,LRU+NONE,12875.109584,LRU+NONE,0.0,kev_b,KEVb+WB,12863.836047,1821.0,0.000876,0.0
20261010-060103-d4-gap2b,2026-10-10T06:01:04+00:00,toolagent,0.25,3.69,nfs,0,ttft_cake_s,20261010-055332-d4-sim2,LRU+NONE,12875.109584,LRU+NONE,0.0,opt,OPT-BELADY,12847.27499,0.0,0.002162,0.0
20261010-060103-d4-gap2b,2026-10-10T06:01:04+00:00,toolagent,0.25,3.69,nfs,0,ttft_cake_s,20261010-055332-d4-sim2,LRU+NONE,12875.109584,LRU+NONE,0.0,wtp_a,WTPa+WBR,12847.27499,0.0,0.002162,0.0
20261010-060103-d4-gap2b,2026-10-10T06:01:04+00:00,toolagent,0.25,3.69,nfs,0,ttft_cake_s,20261010-055332-d4-sim2,LRU+NONE,12875.109584,LRU+NONE,0.0,wtp_b,WTPb+WB,12962.224162,1831.0,-0.006766,0.0
20261010-060103-d4-gap2b,2026-10-10T06:01:04+00:00,toolagent,0.25,3.69,nfs,2400,ttft_total_s,20261010-055332-d4-sim2,LRU+NONE,11641.794411,LRU+NONE,0.0,kev_a,KEVa+WBR,11616.510416,0.0,0.002172,0.0
20261010-060103-d4-gap2b,2026-10-10T06:01:04+00:00,toolagent,0.25,3.69,nfs,2400,ttft_total_s,20261010-055332-d4-sim2,LRU+NONE,11641.794411,LRU+NONE,0.0,kev_b,KEVb+WB,11633.962362,1831.0,0.000673,0.0
20261010-060103-d4-gap2b,2026-10-10T06:01:04+00:00,toolagent,0.25,3.69,nfs,2400,ttft_total_s,20261010-055332-d4-sim2,LRU+NONE,11641.794411,LRU+NONE,0.0,opt,OPT-BELADY,11616.510416,0.0,0.002172,0.0
20261010-060103-d4-gap2b,2026-10-10T06:01:04+00:00,toolagent,0.25,3.69,nfs,2400,ttft_total_s,20261010-055332-d4-sim2,LRU+NONE,11641.794411,LRU+NONE,0.0,wtp_a,WTPa+WBR,11616.510416,0.0,0.002172,0.0
20261010-060103-d4-gap2b,2026-10-10T06:01:04+00:00,toolagent,0.25,3.69,nfs,2400,ttft_total_s,20261010-055332-d4-sim2,LRU+NONE,11641.794411,LRU+NONE,0.0,wtp_b,WTPb+WB,11712.870426,1831.0,-0.006105,0.0
20261010-060103-d4-gap2b,2026-10-10T06:01:04+00:00,toolagent,0.25,3.69,nfs,2400,ttft_reuse_s,20261010-055332-d4-sim2,LRU+NONE,1432.618005,LRU+NONE,0.0,kev_a,KEVa+WBR,1407.334011,0.0,0.017649,0.0
20261010-060103-d4-gap2b,2026-10-10T06:01:04+00:00,toolagent,0.25,3.69,nfs,2400,ttft_reuse_s,20261010-055332-d4-sim2,LRU+NONE,1432.618005,LRU+NONE,0.0,kev_b,KEVb+WB,1424.785957,1831.0,0.005467,0.0
20261010-060103-d4-gap2b,2026-10-10T06:01:04+00:00,toolagent,0.25,3.69,nfs,2400,ttft_reuse_s,20261010-055332-d4-sim2,LRU+NONE,1432.618005,LRU+NONE,0.0,opt,OPT-BELADY,1407.334011,0.0,0.017649,0.0
20261010-060103-d4-gap2b,2026-10-10T06:01:04+00:00,toolagent,0.25,3.69,nfs,2400,ttft_reuse_s,20261010-055332-d4-sim2,LRU+NONE,1432.618005,LRU+NONE,0.0,wtp_a,WTPa+WBR,1407.334011,0.0,0.017649,0.0
20261010-060103-d4-gap2b,2026-10-10T06:01:04+00:00,toolagent,0.25,3.69,nfs,2400,ttft_reuse_s,20261010-055332-d4-sim2,LRU+NONE,1432.618005,LRU+NONE,0.0,wtp_b,WTPb+WB,1503.694021,1831.0,-0.049613,0.0
20261010-060103-d4-gap2b,2026-10-10T06:01:04+00:00,toolagent,0.25,11.6,local,0,ttft_total_s,20261010-055332-d4-sim2,LRU+WB,11430.939785,LRU+NONE,0.0,kev_a,KEVa+WBR,11428.551405,0.0,0.000209,0.0
20261010-060103-d4-gap2b,2026-10-10T06:01:04+00:00,toolagent,0.25,11.6,local,0,ttft_total_s,20261010-055332-d4-sim2,LRU+WB,11430.939785,LRU+NONE,0.0,kev_b,KEVb+WB,11430.012951,137885.0,8.1e-05,0.0
20261010-060103-d4-gap2b,2026-10-10T06:01:04+00:00,toolagent,0.25,11.6,local,0,ttft_total_s,20261010-055332-d4-sim2,LRU+WB,11430.939785,LRU+NONE,0.0,opt,OPT-BELADY,11428.551405,0.0,0.000209,0.0
20261010-060103-d4-gap2b,2026-10-10T06:01:04+00:00,toolagent,0.25,11.6,local,0,ttft_total_s,20261010-055332-d4-sim2,LRU+WB,11430.939785,LRU+NONE,0.0,wtp_a,WTPa+WBR,11428.551405,0.0,0.000209,0.0
20261010-060103-d4-gap2b,2026-10-10T06:01:04+00:00,toolagent,0.25,11.6,local,0,ttft_total_s,20261010-055332-d4-sim2,LRU+WB,11430.939785,LRU+NONE,0.0,wtp_b,WTPb+WB,11443.9012,138431.0,-0.001134,0.0
20261010-060103-d4-gap2b,2026-10-10T06:01:04+00:00,toolagent,0.25,11.6,local,0,ttft_reuse_s,20261010-055332-d4-sim2,LRU+WB,1221.76338,LRU+NONE,0.0,kev_a,KEVa+WBR,1219.375,0.0,0.001955,0.0
20261010-060103-d4-gap2b,2026-10-10T06:01:04+00:00,toolagent,0.25,11.6,local,0,ttft_reuse_s,20261010-055332-d4-sim2,LRU+WB,1221.76338,LRU+NONE,0.0,kev_b,KEVb+WB,1220.836546,137885.0,0.000759,0.0
20261010-060103-d4-gap2b,2026-10-10T06:01:04+00:00,toolagent,0.25,11.6,local,0,ttft_reuse_s,20261010-055332-d4-sim2,LRU+WB,1221.76338,LRU+NONE,0.0,opt,OPT-BELADY,1219.375,0.0,0.001955,0.0
20261010-060103-d4-gap2b,2026-10-10T06:01:04+00:00,toolagent,0.25,11.6,local,0,ttft_reuse_s,20261010-055332-d4-sim2,LRU+WB,1221.76338,LRU+NONE,0.0,wtp_a,WTPa+WBR,1219.375,0.0,0.001955,0.0
20261010-060103-d4-gap2b,2026-10-10T06:01:04+00:00,toolagent,0.25,11.6,local,0,ttft_reuse_s,20261010-055332-d4-sim2,LRU+WB,1221.76338,LRU+NONE,0.0,wtp_b,WTPb+WB,1234.724795,138431.0,-0.010609,0.0
20261010-060103-d4-gap2b,2026-10-10T06:01:04+00:00,toolagent,0.25,11.6,local,0,ttft_cake_s,20261010-055332-d4-sim2,LRU+WB,11308.706449,LRU+NONE,0.0,kev_a,KEVa+WBR,11306.988867,0.0,0.000152,0.0
20261010-060103-d4-gap2b,2026-10-10T06:01:04+00:00,toolagent,0.25,11.6,local,0,ttft_cake_s,20261010-055332-d4-sim2,LRU+WB,11308.706449,LRU+NONE,0.0,kev_b,KEVb+WB,11308.074337,137885.0,5.6e-05,0.0
20261010-060103-d4-gap2b,2026-10-10T06:01:04+00:00,toolagent,0.25,11.6,local,0,ttft_cake_s,20261010-055332-d4-sim2,LRU+WB,11308.706449,LRU+NONE,0.0,opt,OPT-BELADY,11306.988867,0.0,0.000152,0.0
20261010-060103-d4-gap2b,2026-10-10T06:01:04+00:00,toolagent,0.25,11.6,local,0,ttft_cake_s,20261010-055332-d4-sim2,LRU+WB,11308.706449,LRU+NONE,0.0,wtp_a,WTPa+WBR,11306.988867,0.0,0.000152,0.0
20261010-060103-d4-gap2b,2026-10-10T06:01:04+00:00,toolagent,0.25,11.6,local,0,ttft_cake_s,20261010-055332-d4-sim2,LRU+WB,11308.706449,LRU+NONE,0.0,wtp_b,WTPb+WB,11318.534715,138431.0,-0.000869,0.0
20261010-060103-d4-gap2b,2026-10-10T06:01:04+00:00,toolagent,0.25,11.6,local,2400,ttft_total_s,20261010-055332-d4-sim2,LRU+WB,10659.242587,LRU+NONE,0.0,kev_a,KEVa+WBR,10656.854207,0.0,0.000224,0.0
20261010-060103-d4-gap2b,2026-10-10T06:01:04+00:00,toolagent,0.25,11.6,local,2400,ttft_total_s,20261010-055332-d4-sim2,LRU+WB,10659.242587,LRU+NONE,0.0,kev_b,KEVb+WB,10658.469037,137928.0,7.3e-05,0.0
20261010-060103-d4-gap2b,2026-10-10T06:01:04+00:00,toolagent,0.25,11.6,local,2400,ttft_total_s,20261010-055332-d4-sim2,LRU+WB,10659.242587,LRU+NONE,0.0,opt,OPT-BELADY,10656.854207,0.0,0.000224,0.0
20261010-060103-d4-gap2b,2026-10-10T06:01:04+00:00,toolagent,0.25,11.6,local,2400,ttft_total_s,20261010-055332-d4-sim2,LRU+WB,10659.242587,LRU+NONE,0.0,wtp_a,WTPa+WBR,10656.854207,0.0,0.000224,0.0
20261010-060103-d4-gap2b,2026-10-10T06:01:04+00:00,toolagent,0.25,11.6,local,2400,ttft_total_s,20261010-055332-d4-sim2,LRU+WB,10659.242587,LRU+NONE,0.0,wtp_b,WTPb+WB,10671.359157,138336.0,-0.001137,0.0
20261010-060103-d4-gap2b,2026-10-10T06:01:04+00:00,toolagent,0.25,11.6,local,2400,ttft_reuse_s,20261010-055332-d4-sim2,LRU+WB,450.066181,LRU+WB2,26913.0,kev_a,KEVa+WBR,447.677802,0.0,0.005307,1.0
20261010-060103-d4-gap2b,2026-10-10T06:01:04+00:00,toolagent,0.25,11.6,local,2400,ttft_reuse_s,20261010-055332-d4-sim2,LRU+WB,450.066181,LRU+WB2,26913.0,kev_b,KEVb+WB,449.292632,137928.0,0.001719,-4.124958
20261010-060103-d4-gap2b,2026-10-10T06:01:04+00:00,toolagent,0.25,11.6,local,2400,ttft_reuse_s,20261010-055332-d4-sim2,LRU+WB,450.066181,LRU+WB2,26913.0,opt,OPT-BELADY,447.677802,0.0,0.005307,1.0
20261010-060103-d4-gap2b,2026-10-10T06:01:04+00:00,toolagent,0.25,11.6,local,2400,ttft_reuse_s,20261010-055332-d4-sim2,LRU+WB,450.066181,LRU+WB2,26913.0,wtp_a,WTPa+WBR,447.677802,0.0,0.005307,1.0
20261010-060103-d4-gap2b,2026-10-10T06:01:04+00:00,toolagent,0.25,11.6,local,2400,ttft_reuse_s,20261010-055332-d4-sim2,LRU+WB,450.066181,LRU+WB2,26913.0,wtp_b,WTPb+WB,462.182752,138336.0,-0.026922,-4.140118
20261010-060103-d4-gap2b,2026-10-10T06:01:04+00:00,toolagent,0.25,11.6,nfs,0,ttft_total_s,20261010-055332-d4-sim2,LRU+NONE,11461.573724,LRU+NONE,0.0,kev_a,KEVa+WBR,11428.551405,0.0,0.002881,0.0
20261010-060103-d4-gap2b,2026-10-10T06:01:04+00:00,toolagent,0.25,11.6,nfs,0,ttft_total_s,20261010-055332-d4-sim2,LRU+NONE,11461.573724,LRU+NONE,0.0,kev_b,KEVb+WB,11449.536048,1821.0,0.00105,0.0
20261010-060103-d4-gap2b,2026-10-10T06:01:04+00:00,toolagent,0.25,11.6,nfs,0,ttft_total_s,20261010-055332-d4-sim2,LRU+NONE,11461.573724,LRU+NONE,0.0,opt,OPT-BELADY,11428.551405,0.0,0.002881,0.0
20261010-060103-d4-gap2b,2026-10-10T06:01:04+00:00,toolagent,0.25,11.6,nfs,0,ttft_total_s,20261010-055332-d4-sim2,LRU+NONE,11461.573724,LRU+NONE,0.0,wtp_a,WTPa+WBR,11428.551405,0.0,0.002881,0.0
20261010-060103-d4-gap2b,2026-10-10T06:01:04+00:00,toolagent,0.25,11.6,nfs,0,ttft_total_s,20261010-055332-d4-sim2,LRU+NONE,11461.573724,LRU+NONE,0.0,wtp_b,WTPb+WB,11582.125137,1831.0,-0.010518,0.0
20261010-060103-d4-gap2b,2026-10-10T06:01:04+00:00,toolagent,0.25,11.6,nfs,0,ttft_reuse_s,20261010-055332-d4-sim2,LRU+NONE,1252.397319,LRU+NONE,0.0,kev_a,KEVa+WBR,1219.375,0.0,0.026367,0.0
20261010-060103-d4-gap2b,2026-10-10T06:01:04+00:00,toolagent,0.25,11.6,nfs,0,ttft_reuse_s,20261010-055332-d4-sim2,LRU+NONE,1252.397319,LRU+NONE,0.0,kev_b,KEVb+WB,1240.359643,1821.0,0.009612,0.0
20261010-060103-d4-gap2b,2026-10-10T06:01:04+00:00,toolagent,0.25,11.6,nfs,0,ttft_reuse_s,20261010-055332-d4-sim2,LRU+NONE,1252.397319,LRU+NONE,0.0,opt,OPT-BELADY,1219.375,0.0,0.026367,0.0
20261010-060103-d4-gap2b,2026-10-10T06:01:04+00:00,toolagent,0.25,11.6,nfs,0,ttft_reuse_s,20261010-055332-d4-sim2,LRU+NONE,1252.397319,LRU+NONE,0.0,wtp_a,WTPa+WBR,1219.375,0.0,0.026367,0.0
20261010-060103-d4-gap2b,2026-10-10T06:01:04+00:00,toolagent,0.25,11.6,nfs,0,ttft_reuse_s,20261010-055332-d4-sim2,LRU+NONE,1252.397319,LRU+NONE,0.0,wtp_b,WTPb+WB,1372.948732,1831.0,-0.096257,0.0
20261010-060103-d4-gap2b,2026-10-10T06:01:04+00:00,toolagent,0.25,11.6,nfs,0,ttft_cake_s,20261010-055332-d4-sim2,LRU+NONE,11339.738782,LRU+NONE,0.0,kev_a,KEVa+WBR,11306.988867,0.0,0.002888,0.0
20261010-060103-d4-gap2b,2026-10-10T06:01:04+00:00,toolagent,0.25,11.6,nfs,0,ttft_cake_s,20261010-055332-d4-sim2,LRU+NONE,11339.738782,LRU+NONE,0.0,kev_b,KEVb+WB,11326.814436,1821.0,0.00114,0.0
20261010-060103-d4-gap2b,2026-10-10T06:01:04+00:00,toolagent,0.25,11.6,nfs,0,ttft_cake_s,20261010-055332-d4-sim2,LRU+NONE,11339.738782,LRU+NONE,0.0,opt,OPT-BELADY,11306.988867,0.0,0.002888,0.0
20261010-060103-d4-gap2b,2026-10-10T06:01:04+00:00,toolagent,0.25,11.6,nfs,0,ttft_cake_s,20261010-055332-d4-sim2,LRU+NONE,11339.738782,LRU+NONE,0.0,wtp_a,WTPa+WBR,11306.988867,0.0,0.002888,0.0
20261010-060103-d4-gap2b,2026-10-10T06:01:04+00:00,toolagent,0.25,11.6,nfs,0,ttft_cake_s,20261010-055332-d4-sim2,LRU+NONE,11339.738782,LRU+NONE,0.0,wtp_b,WTPb+WB,11456.027835,1831.0,-0.010255,0.0
20261010-060103-d4-gap2b,2026-10-10T06:01:04+00:00,toolagent,0.25,11.6,nfs,2400,ttft_total_s,20261010-055332-d4-sim2,LRU+NONE,10689.876526,LRU+NONE,0.0,kev_a,KEVa+WBR,10656.854207,0.0,0.003089,0.0
20261010-060103-d4-gap2b,2026-10-10T06:01:04+00:00,toolagent,0.25,11.6,nfs,2400,ttft_total_s,20261010-055332-d4-sim2,LRU+NONE,10689.876526,LRU+NONE,0.0,kev_b,KEVb+WB,10679.538185,1831.0,0.000967,0.0
20261010-060103-d4-gap2b,2026-10-10T06:01:04+00:00,toolagent,0.25,11.6,nfs,2400,ttft_total_s,20261010-055332-d4-sim2,LRU+NONE,10689.876526,LRU+NONE,0.0,opt,OPT-BELADY,10656.854207,0.0,0.003089,0.0
20261010-060103-d4-gap2b,2026-10-10T06:01:04+00:00,toolagent,0.25,11.6,nfs,2400,ttft_total_s,20261010-055332-d4-sim2,LRU+NONE,10689.876526,LRU+NONE,0.0,wtp_a,WTPa+WBR,10656.854207,0.0,0.003089,0.0
20261010-060103-d4-gap2b,2026-10-10T06:01:04+00:00,toolagent,0.25,11.6,nfs,2400,ttft_total_s,20261010-055332-d4-sim2,LRU+NONE,10689.876526,LRU+NONE,0.0,wtp_b,WTPb+WB,10800.210102,1831.0,-0.010321,0.0
20261010-060103-d4-gap2b,2026-10-10T06:01:04+00:00,toolagent,0.25,11.6,nfs,2400,ttft_reuse_s,20261010-055332-d4-sim2,LRU+NONE,480.700121,LRU+NONE,0.0,kev_a,KEVa+WBR,447.677802,0.0,0.068696,0.0
20261010-060103-d4-gap2b,2026-10-10T06:01:04+00:00,toolagent,0.25,11.6,nfs,2400,ttft_reuse_s,20261010-055332-d4-sim2,LRU+NONE,480.700121,LRU+NONE,0.0,kev_b,KEVb+WB,470.36178,1831.0,0.021507,0.0
20261010-060103-d4-gap2b,2026-10-10T06:01:04+00:00,toolagent,0.25,11.6,nfs,2400,ttft_reuse_s,20261010-055332-d4-sim2,LRU+NONE,480.700121,LRU+NONE,0.0,opt,OPT-BELADY,447.677802,0.0,0.068696,0.0
20261010-060103-d4-gap2b,2026-10-10T06:01:04+00:00,toolagent,0.25,11.6,nfs,2400,ttft_reuse_s,20261010-055332-d4-sim2,LRU+NONE,480.700121,LRU+NONE,0.0,wtp_a,WTPa+WBR,447.677802,0.0,0.068696,0.0
20261010-060103-d4-gap2b,2026-10-10T06:01:04+00:00,toolagent,0.25,11.6,nfs,2400,ttft_reuse_s,20261010-055332-d4-sim2,LRU+NONE,480.700121,LRU+NONE,0.0,wtp_b,WTPb+WB,591.033697,1831.0,-0.229527,0.0
20261010-060103-d4-gap2b,2026-10-10T06:01:04+00:00,toolagent,0.5,3.69,local,0,ttft_total_s,20261010-055332-d4-sim2,LRU+WT,12235.310388,LRU+H2,39481.0,kev_a,KEVa+WBR,14042.441988,0.0,-0.147698,1.0
20261010-060103-d4-gap2b,2026-10-10T06:01:04+00:00,toolagent,0.5,3.69,local,0,ttft_total_s,20261010-055332-d4-sim2,LRU+WT,12235.310388,LRU+H2,39481.0,kev_b,KEVb+WB,13906.673158,91857.0,-0.136602,-1.326613
20261010-060103-d4-gap2b,2026-10-10T06:01:04+00:00,toolagent,0.5,3.69,local,0,ttft_total_s,20261010-055332-d4-sim2,LRU+WT,12235.310388,LRU+H2,39481.0,opt,OPT-COST,12235.310388,39481.0,0.0,0.0
20261010-060103-d4-gap2b,2026-10-10T06:01:04+00:00,toolagent,0.5,3.69,local,0,ttft_total_s,20261010-055332-d4-sim2,LRU+WT,12235.310388,LRU+H2,39481.0,wtp_a,WTPa+WTR,12235.310388,39481.0,0.0,0.0
20261010-060103-d4-gap2b,2026-10-10T06:01:04+00:00,toolagent,0.5,3.69,local,0,ttft_total_s,20261010-055332-d4-sim2,LRU+WT,12235.310388,LRU+H2,39481.0,wtp_b,WTPb+WB,12885.46446,136903.0,-0.053138,-2.467567
20261010-060103-d4-gap2b,2026-10-10T06:01:04+00:00,toolagent,0.5,3.69,local,0,ttft_reuse_s,20261010-055332-d4-sim2,LRU+WT,2026.133982,LRU+WT,183300.0,kev_a,KEVa+WBR,3833.265583,0.0,-0.891911,1.0
20261010-060103-d4-gap2b,2026-10-10T06:01:04+00:00,toolagent,0.5,3.69,local,0,ttft_reuse_s,20261010-055332-d4-sim2,LRU+WT,2026.133982,LRU+WT,183300.0,kev_b,KEVb+WB,3697.496752,91857.0,-0.824902,0.498871
20261010-060103-d4-gap2b,2026-10-10T06:01:04+00:00,toolagent,0.5,3.69,local,0,ttft_reuse_s,20261010-055332-d4-sim2,LRU+WT,2026.133982,LRU+WT,183300.0,opt,OPT-COST,2026.133982,39481.0,0.0,0.78461
20261010-060103-d4-gap2b,2026-10-10T06:01:04+00:00,toolagent,0.5,3.69,local,0,ttft_reuse_s,20261010-055332-d4-sim2,LRU+WT,2026.133982,LRU+WT,183300.0,wtp_a,WTPa+WTR,2026.133982,39481.0,0.0,0.78461
20261010-060103-d4-gap2b,2026-10-10T06:01:04+00:00,toolagent,0.5,3.69,local,0,ttft_reuse_s,20261010-055332-d4-sim2,LRU+WT,2026.133982,LRU+WT,183300.0,wtp_b,WTPb+WB,2676.288055,136903.0,-0.320884,0.253121
20261010-060103-d4-gap2b,2026-10-10T06:01:04+00:00,toolagent,0.5,3.69,local,0,ttft_cake_s,20261010-055332-d4-sim2,LRU+WT,11871.754929,LRU+H2,39481.0,kev_a,KEVa+WBR,12847.27499,0.0,-0.082172,1.0
20261010-060103-d4-gap2b,2026-10-10T06:01:04+00:00,toolagent,0.5,3.69,local,0,ttft_cake_s,20261010-055332-d4-sim2,LRU+WT,11871.754929,LRU+H2,39481.0,kev_b,KEVb+WB,12742.456841,91857.0,-0.073342,-1.326613
20261010-060103-d4-gap2b,2026-10-10T06:01:04+00:00,toolagent,0.5,3.69,local,0,ttft_cake_s,20261010-055332-d4-sim2,LRU+WT,11871.754929,LRU+H2,39481.0,opt,OPT-COST,11871.754929,39481.0,0.0,0.0
20261010-060103-d4-gap2b,2026-10-10T06:01:04+00:00,toolagent,0.5,3.69,local,0,ttft_cake_s,20261010-055332-d4-sim2,LRU+WT,11871.754929,LRU+H2,39481.0,wtp_a,WTPa+WTR,11871.754929,39481.0,0.0,0.0
20261010-060103-d4-gap2b,2026-10-10T06:01:04+00:00,toolagent,0.5,3.69,local,0,ttft_cake_s,20261010-055332-d4-sim2,LRU+WT,11871.754929,LRU+H2,39481.0,wtp_b,WTPb+WB,12257.861595,136903.0,-0.032523,-2.467567
20261010-060103-d4-gap2b,2026-10-10T06:01:04+00:00,toolagent,0.5,3.69,local,2400,ttft_total_s,20261010-055332-d4-sim2,LRU+WT,10953.04536,LRU+H2,38707.0,kev_a,KEVa+WBR,11616.510416,0.0,-0.060574,1.0
20261010-060103-d4-gap2b,2026-10-10T06:01:04+00:00,toolagent,0.5,3.69,local,2400,ttft_total_s,20261010-055332-d4-sim2,LRU+WT,10953.04536,LRU+H2,38707.0,kev_b,KEVb+WB,11612.45404,91854.0,-0.060203,-1.373059
20261010-060103-d4-gap2b,2026-10-10T06:01:04+00:00,toolagent,0.5,3.69,local,2400,ttft_total_s,20261010-055332-d4-sim2,LRU+WT,10953.04536,LRU+H2,38707.0,opt,OPT-COST,10953.04536,38707.0,0.0,0.0
20261010-060103-d4-gap2b,2026-10-10T06:01:04+00:00,toolagent,0.5,3.69,local,2400,ttft_total_s,20261010-055332-d4-sim2,LRU+WT,10953.04536,LRU+H2,38707.0,wtp_a,WTPa+WTR,10953.04536,38707.0,0.0,0.0
20261010-060103-d4-gap2b,2026-10-10T06:01:04+00:00,toolagent,0.5,3.69,local,2400,ttft_total_s,20261010-055332-d4-sim2,LRU+WT,10953.04536,LRU+H2,38707.0,wtp_b,WTPb+WB,11569.430899,136903.0,-0.056275,-2.536905
20261010-060103-d4-gap2b,2026-10-10T06:01:04+00:00,toolagent,0.5,3.69,local,2400,ttft_reuse_s,20261010-055332-d4-sim2,LRU+WT,743.868955,LRU+WT,183300.0,kev_a,KEVa+WBR,1407.334011,0.0,-0.891911,1.0
20261010-060103-d4-gap2b,2026-10-10T06:01:04+00:00,toolagent,0.5,3.69,local,2400,ttft_reuse_s,20261010-055332-d4-sim2,LRU+WT,743.868955,LRU+WT,183300.0,kev_b,KEVb+WB,1403.277635,91854.0,-0.886458,0.498887
20261010-060103-d4-gap2b,2026-10-10T06:01:04+00:00,toolagent,0.5,3.69,local,2400,ttft_reuse_s,20261010-055332-d4-sim2,LRU+WT,743.868955,LRU+WT,183300.0,opt,OPT-COST,743.868955,38707.0,0.0,0.788833
20261010-060103-d4-gap2b,2026-10-10T06:01:04+00:00,toolagent,0.5,3.69,local,2400,ttft_reuse_s,20261010-055332-d4-sim2,LRU+WT,743.868955,LRU+WT,183300.0,wtp_a,WTPa+WTR,743.868955,38707.0,0.0,0.788833
20261010-060103-d4-gap2b,2026-10-10T06:01:04+00:00,toolagent,0.5,3.69,local,2400,ttft_reuse_s,20261010-055332-d4-sim2,LRU+WT,743.868955,LRU+WT,183300.0,wtp_b,WTPb+WB,1360.254494,136903.0,-0.828621,0.253121
20261010-060103-d4-gap2b,2026-10-10T06:01:04+00:00,toolagent,0.5,3.69,nfs,0,ttft_total_s,20261010-055332-d4-sim2,LRU+NONE,14046.377961,LRU+NONE,0.0,kev_a,KEVa+WBR,14042.441988,0.0,0.00028,0.0
20261010-060103-d4-gap2b,2026-10-10T06:01:04+00:00,toolagent,0.5,3.69,nfs,0,ttft_total_s,20261010-055332-d4-sim2,LRU+NONE,14046.377961,LRU+NONE,0.0,kev_b,KEVb+WB,14055.208558,1156.0,-0.000629,0.0
20261010-060103-d4-gap2b,2026-10-10T06:01:04+00:00,toolagent,0.5,3.69,nfs,0,ttft_total_s,20261010-055332-d4-sim2,LRU+NONE,14046.377961,LRU+NONE,0.0,opt,OPT-BELADY,14042.441988,0.0,0.00028,0.0
20261010-060103-d4-gap2b,2026-10-10T06:01:04+00:00,toolagent,0.5,3.69,nfs,0,ttft_total_s,20261010-055332-d4-sim2,LRU+NONE,14046.377961,LRU+NONE,0.0,wtp_a,WTPa+WBR,14042.441988,0.0,0.00028,0.0
20261010-060103-d4-gap2b,2026-10-10T06:01:04+00:00,toolagent,0.5,3.69,nfs,0,ttft_total_s,20261010-055332-d4-sim2,LRU+NONE,14046.377961,LRU+NONE,0.0,wtp_b,WTPb+WB,14146.282546,1774.0,-0.007112,0.0
20261010-060103-d4-gap2b,2026-10-10T06:01:04+00:00,toolagent,0.5,3.69,nfs,0,ttft_reuse_s,20261010-055332-d4-sim2,LRU+NONE,3837.201556,LRU+NONE,0.0,kev_a,KEVa+WBR,3833.265583,0.0,0.001026,0.0
20261010-060103-d4-gap2b,2026-10-10T06:01:04+00:00,toolagent,0.5,3.69,nfs,0,ttft_reuse_s,20261010-055332-d4-sim2,LRU+NONE,3837.201556,LRU+NONE,0.0,kev_b,KEVb+WB,3846.032153,1156.0,-0.002301,0.0
20261010-060103-d4-gap2b,2026-10-10T06:01:04+00:00,toolagent,0.5,3.69,nfs,0,ttft_reuse_s,20261010-055332-d4-sim2,LRU+NONE,3837.201556,LRU+NONE,0.0,opt,OPT-BELADY,3833.265583,0.0,0.001026,0.0
20261010-060103-d4-gap2b,2026-10-10T06:01:04+00:00,toolagent,0.5,3.69,nfs,0,ttft_reuse_s,20261010-055332-d4-sim2,LRU+NONE,3837.201556,LRU+NONE,0.0,wtp_a,WTPa+WBR,3833.265583,0.0,0.001026,0.0
20261010-060103-d4-gap2b,2026-10-10T06:01:04+00:00,toolagent,0.5,3.69,nfs,0,ttft_reuse_s,20261010-055332-d4-sim2,LRU+NONE,3837.201556,LRU+NONE,0.0,wtp_b,WTPb+WB,3937.106141,1774.0,-0.026036,0.0
20261010-060103-d4-gap2b,2026-10-10T06:01:04+00:00,toolagent,0.5,3.69,nfs,0,ttft_cake_s,20261010-055332-d4-sim2,LRU+NONE,12851.712917,LRU+NONE,0.0,kev_a,KEVa+WBR,12847.27499,0.0,0.000345,0.0
20261010-060103-d4-gap2b,2026-10-10T06:01:04+00:00,toolagent,0.5,3.69,nfs,0,ttft_cake_s,20261010-055332-d4-sim2,LRU+NONE,12851.712917,LRU+NONE,0.0,kev_b,KEVb+WB,12860.67749,1156.0,-0.000698,0.0
20261010-060103-d4-gap2b,2026-10-10T06:01:04+00:00,toolagent,0.5,3.69,nfs,0,ttft_cake_s,20261010-055332-d4-sim2,LRU+NONE,12851.712917,LRU+NONE,0.0,opt,OPT-BELADY,12847.27499,0.0,0.000345,0.0
20261010-060103-d4-gap2b,2026-10-10T06:01:04+00:00,toolagent,0.5,3.69,nfs,0,ttft_cake_s,20261010-055332-d4-sim2,LRU+NONE,12851.712917,LRU+NONE,0.0,wtp_a,WTPa+WBR,12847.27499,0.0,0.000345,0.0
20261010-060103-d4-gap2b,2026-10-10T06:01:04+00:00,toolagent,0.5,3.69,nfs,0,ttft_cake_s,20261010-055332-d4-sim2,LRU+NONE,12851.712917,LRU+NONE,0.0,wtp_b,WTPb+WB,12962.224162,1774.0,-0.008599,0.0
20261010-060103-d4-gap2b,2026-10-10T06:01:04+00:00,toolagent,0.5,3.69,nfs,2400,ttft_total_s,20261010-055332-d4-sim2,LRU+NONE,11620.44639,LRU+NONE,0.0,kev_a,KEVa+WBR,11616.510416,0.0,0.000339,0.0
20261010-060103-d4-gap2b,2026-10-10T06:01:04+00:00,toolagent,0.5,3.69,nfs,2400,ttft_total_s,20261010-055332-d4-sim2,LRU+NONE,11620.44639,LRU+NONE,0.0,kev_b,KEVb+WB,11629.226342,1156.0,-0.000756,0.0
20261010-060103-d4-gap2b,2026-10-10T06:01:04+00:00,toolagent,0.5,3.69,nfs,2400,ttft_total_s,20261010-055332-d4-sim2,LRU+NONE,11620.44639,LRU+NONE,0.0,opt,OPT-BELADY,11616.510416,0.0,0.000339,0.0
20261010-060103-d4-gap2b,2026-10-10T06:01:04+00:00,toolagent,0.5,3.69,nfs,2400,ttft_total_s,20261010-055332-d4-sim2,LRU+NONE,11620.44639,LRU+NONE,0.0,wtp_a,WTPa+WBR,11616.510416,0.0,0.000339,0.0
20261010-060103-d4-gap2b,2026-10-10T06:01:04+00:00,toolagent,0.5,3.69,nfs,2400,ttft_total_s,20261010-055332-d4-sim2,LRU+NONE,11620.44639,LRU+NONE,0.0,wtp_b,WTPb+WB,11712.870426,1774.0,-0.007954,0.0
20261010-060103-d4-gap2b,2026-10-10T06:01:04+00:00,toolagent,0.5,3.69,nfs,2400,ttft_reuse_s,20261010-055332-d4-sim2,LRU+NONE,1411.269984,LRU+NONE,0.0,kev_a,KEVa+WBR,1407.334011,0.0,0.002789,0.0
20261010-060103-d4-gap2b,2026-10-10T06:01:04+00:00,toolagent,0.5,3.69,nfs,2400,ttft_reuse_s,20261010-055332-d4-sim2,LRU+NONE,1411.269984,LRU+NONE,0.0,kev_b,KEVb+WB,1420.049937,1156.0,-0.006221,0.0
20261010-060103-d4-gap2b,2026-10-10T06:01:04+00:00,toolagent,0.5,3.69,nfs,2400,ttft_reuse_s,20261010-055332-d4-sim2,LRU+NONE,1411.269984,LRU+NONE,0.0,opt,OPT-BELADY,1407.334011,0.0,0.002789,0.0
20261010-060103-d4-gap2b,2026-10-10T06:01:04+00:00,toolagent,0.5,3.69,nfs,2400,ttft_reuse_s,20261010-055332-d4-sim2,LRU+NONE,1411.269984,LRU+NONE,0.0,wtp_a,WTPa+WBR,1407.334011,0.0,0.002789,0.0
20261010-060103-d4-gap2b,2026-10-10T06:01:04+00:00,toolagent,0.5,3.69,nfs,2400,ttft_reuse_s,20261010-055332-d4-sim2,LRU+NONE,1411.269984,LRU+NONE,0.0,wtp_b,WTPb+WB,1503.694021,1774.0,-0.06549,0.0
20261010-060103-d4-gap2b,2026-10-10T06:01:05+00:00,toolagent,0.5,11.6,local,0,ttft_total_s,20261010-055332-d4-sim2,LRU+WB,11429.032646,LRU+NONE,0.0,kev_a,KEVa+WBR,11428.551405,0.0,4.2e-05,0.0
20261010-060103-d4-gap2b,2026-10-10T06:01:05+00:00,toolagent,0.5,11.6,local,0,ttft_total_s,20261010-055332-d4-sim2,LRU+WB,11429.032646,LRU+NONE,0.0,kev_b,KEVb+WB,11429.289308,91857.0,-2.2e-05,0.0
20261010-060103-d4-gap2b,2026-10-10T06:01:05+00:00,toolagent,0.5,11.6,local,0,ttft_total_s,20261010-055332-d4-sim2,LRU+WB,11429.032646,LRU+NONE,0.0,opt,OPT-BELADY,11428.551405,0.0,4.2e-05,0.0
20261010-060103-d4-gap2b,2026-10-10T06:01:05+00:00,toolagent,0.5,11.6,local,0,ttft_total_s,20261010-055332-d4-sim2,LRU+WB,11429.032646,LRU+NONE,0.0,wtp_a,WTPa+WBR,11428.551405,0.0,4.2e-05,0.0
20261010-060103-d4-gap2b,2026-10-10T06:01:05+00:00,toolagent,0.5,11.6,local,0,ttft_total_s,20261010-055332-d4-sim2,LRU+WB,11429.032646,LRU+NONE,0.0,wtp_b,WTPb+WB,11443.9012,136903.0,-0.001301,0.0
20261010-060103-d4-gap2b,2026-10-10T06:01:05+00:00,toolagent,0.5,11.6,local,0,ttft_reuse_s,20261010-055332-d4-sim2,LRU+WB,1219.856241,LRU+NONE,0.0,kev_a,KEVa+WBR,1219.375,0.0,0.000395,0.0
20261010-060103-d4-gap2b,2026-10-10T06:01:05+00:00,toolagent,0.5,11.6,local,0,ttft_reuse_s,20261010-055332-d4-sim2,LRU+WB,1219.856241,LRU+NONE,0.0,kev_b,KEVb+WB,1220.112902,91857.0,-0.00021,0.0
20261010-060103-d4-gap2b,2026-10-10T06:01:05+00:00,toolagent,0.5,11.6,local,0,ttft_reuse_s,20261010-055332-d4-sim2,LRU+WB,1219.856241,LRU+NONE,0.0,opt,OPT-BELADY,1219.375,0.0,0.000395,0.0
20261010-060103-d4-gap2b,2026-10-10T06:01:05+00:00,toolagent,0.5,11.6,local,0,ttft_reuse_s,20261010-055332-d4-sim2,LRU+WB,1219.856241,LRU+NONE,0.0,wtp_a,WTPa+WBR,1219.375,0.0,0.000395,0.0
20261010-060103-d4-gap2b,2026-10-10T06:01:05+00:00,toolagent,0.5,11.6,local,0,ttft_reuse_s,20261010-055332-d4-sim2,LRU+WB,1219.856241,LRU+NONE,0.0,wtp_b,WTPb+WB,1234.724795,136903.0,-0.012189,0.0
20261010-060103-d4-gap2b,2026-10-10T06:01:05+00:00,toolagent,0.5,11.6,local,0,ttft_cake_s,20261010-055332-d4-sim2,LRU+WB,11307.346819,LRU+NONE,0.0,kev_a,KEVa+WBR,11306.988867,0.0,3.2e-05,0.0
20261010-060103-d4-gap2b,2026-10-10T06:01:05+00:00,toolagent,0.5,11.6,local,0,ttft_cake_s,20261010-055332-d4-sim2,LRU+WB,11307.346819,LRU+NONE,0.0,kev_b,KEVb+WB,11307.520489,91857.0,-1.5e-05,0.0
20261010-060103-d4-gap2b,2026-10-10T06:01:05+00:00,toolagent,0.5,11.6,local,0,ttft_cake_s,20261010-055332-d4-sim2,LRU+WB,11307.346819,LRU+NONE,0.0,opt,OPT-BELADY,11306.988867,0.0,3.2e-05,0.0
20261010-060103-d4-gap2b,2026-10-10T06:01:05+00:00,toolagent,0.5,11.6,local,0,ttft_cake_s,20261010-055332-d4-sim2,LRU+WB,11307.346819,LRU+NONE,0.0,wtp_a,WTPa+WBR,11306.988867,0.0,3.2e-05,0.0
20261010-060103-d4-gap2b,2026-10-10T06:01:05+00:00,toolagent,0.5,11.6,local,0,ttft_cake_s,20261010-055332-d4-sim2,LRU+WB,11307.346819,LRU+NONE,0.0,wtp_b,WTPb+WB,11318.534715,136903.0,-0.000989,0.0
20261010-060103-d4-gap2b,2026-10-10T06:01:05+00:00,toolagent,0.5,11.6,local,2400,ttft_total_s,20261010-055332-d4-sim2,LRU+WB,10657.335448,LRU+NONE,0.0,kev_a,KEVa+WBR,10656.854207,0.0,4.5e-05,0.0
20261010-060103-d4-gap2b,2026-10-10T06:01:05+00:00,toolagent,0.5,11.6,local,2400,ttft_total_s,20261010-055332-d4-sim2,LRU+WB,10657.335448,LRU+NONE,0.0,kev_b,KEVb+WB,10657.581415,91854.0,-2.3e-05,0.0
20261010-060103-d4-gap2b,2026-10-10T06:01:05+00:00,toolagent,0.5,11.6,local,2400,ttft_total_s,20261010-055332-d4-sim2,LRU+WB,10657.335448,LRU+NONE,0.0,opt,OPT-BELADY,10656.854207,0.0,4.5e-05,0.0
20261010-060103-d4-gap2b,2026-10-10T06:01:05+00:00,toolagent,0.5,11.6,local,2400,ttft_total_s,20261010-055332-d4-sim2,LRU+WB,10657.335448,LRU+NONE,0.0,wtp_a,WTPa+WBR,10656.854207,0.0,4.5e-05,0.0
20261010-060103-d4-gap2b,2026-10-10T06:01:05+00:00,toolagent,0.5,11.6,local,2400,ttft_total_s,20261010-055332-d4-sim2,LRU+WB,10657.335448,LRU+NONE,0.0,wtp_b,WTPb+WB,10671.359157,136903.0,-0.001316,0.0
20261010-060103-d4-gap2b,2026-10-10T06:01:05+00:00,toolagent,0.5,11.6,local,2400,ttft_reuse_s,20261010-055332-d4-sim2,LRU+WB,448.159042,LRU+NONE,0.0,kev_a,KEVa+WBR,447.677802,0.0,0.001074,0.0
20261010-060103-d4-gap2b,2026-10-10T06:01:05+00:00,toolagent,0.5,11.6,local,2400,ttft_reuse_s,20261010-055332-d4-sim2,LRU+WB,448.159042,LRU+NONE,0.0,kev_b,KEVb+WB,448.40501,91854.0,-0.000549,0.0
20261010-060103-d4-gap2b,2026-10-10T06:01:05+00:00,toolagent,0.5,11.6,local,2400,ttft_reuse_s,20261010-055332-d4-sim2,LRU+WB,448.159042,LRU+NONE,0.0,opt,OPT-BELADY,447.677802,0.0,0.001074,0.0
20261010-060103-d4-gap2b,2026-10-10T06:01:05+00:00,toolagent,0.5,11.6,local,2400,ttft_reuse_s,20261010-055332-d4-sim2,LRU+WB,448.159042,LRU+NONE,0.0,wtp_a,WTPa+WBR,447.677802,0.0,0.001074,0.0
20261010-060103-d4-gap2b,2026-10-10T06:01:05+00:00,toolagent,0.5,11.6,local,2400,ttft_reuse_s,20261010-055332-d4-sim2,LRU+WB,448.159042,LRU+NONE,0.0,wtp_b,WTPb+WB,462.182752,136903.0,-0.031292,0.0
20261010-060103-d4-gap2b,2026-10-10T06:01:05+00:00,toolagent,0.5,11.6,nfs,0,ttft_total_s,20261010-055332-d4-sim2,LRU+NONE,11434.046593,LRU+NONE,0.0,kev_a,KEVa+WBR,11428.551405,0.0,0.000481,0.0
20261010-060103-d4-gap2b,2026-10-10T06:01:05+00:00,toolagent,0.5,11.6,nfs,0,ttft_total_s,20261010-055332-d4-sim2,LRU+NONE,11434.046593,LRU+NONE,0.0,kev_b,KEVb+WB,11443.708771,1156.0,-0.000845,0.0
20261010-060103-d4-gap2b,2026-10-10T06:01:05+00:00,toolagent,0.5,11.6,nfs,0,ttft_total_s,20261010-055332-d4-sim2,LRU+NONE,11434.046593,LRU+NONE,0.0,opt,OPT-BELADY,11428.551405,0.0,0.000481,0.0
20261010-060103-d4-gap2b,2026-10-10T06:01:05+00:00,toolagent,0.5,11.6,nfs,0,ttft_total_s,20261010-055332-d4-sim2,LRU+NONE,11434.046593,LRU+NONE,0.0,wtp_a,WTPa+WBR,11428.551405,0.0,0.000481,0.0
20261010-060103-d4-gap2b,2026-10-10T06:01:05+00:00,toolagent,0.5,11.6,nfs,0,ttft_total_s,20261010-055332-d4-sim2,LRU+NONE,11434.046593,LRU+NONE,0.0,wtp_b,WTPb+WB,11582.125137,1774.0,-0.012951,0.0
20261010-060103-d4-gap2b,2026-10-10T06:01:05+00:00,toolagent,0.5,11.6,nfs,0,ttft_reuse_s,20261010-055332-d4-sim2,LRU+NONE,1224.870188,LRU+NONE,0.0,kev_a,KEVa+WBR,1219.375,0.0,0.004486,0.0
20261010-060103-d4-gap2b,2026-10-10T06:01:05+00:00,toolagent,0.5,11.6,nfs,0,ttft_reuse_s,20261010-055332-d4-sim2,LRU+NONE,1224.870188,LRU+NONE,0.0,kev_b,KEVb+WB,1234.532366,1156.0,-0.007888,0.0
20261010-060103-d4-gap2b,2026-10-10T06:01:05+00:00,toolagent,0.5,11.6,nfs,0,ttft_reuse_s,20261010-055332-d4-sim2,LRU+NONE,1224.870188,LRU+NONE,0.0,opt,OPT-BELADY,1219.375,0.0,0.004486,0.0
20261010-060103-d4-gap2b,2026-10-10T06:01:05+00:00,toolagent,0.5,11.6,nfs,0,ttft_reuse_s,20261010-055332-d4-sim2,LRU+NONE,1224.870188,LRU+NONE,0.0,wtp_a,WTPa+WBR,1219.375,0.0,0.004486,0.0
20261010-060103-d4-gap2b,2026-10-10T06:01:05+00:00,toolagent,0.5,11.6,nfs,0,ttft_reuse_s,20261010-055332-d4-sim2,LRU+NONE,1224.870188,LRU+NONE,0.0,wtp_b,WTPb+WB,1372.948732,1774.0,-0.120893,0.0
20261010-060103-d4-gap2b,2026-10-10T06:01:05+00:00,toolagent,0.5,11.6,nfs,0,ttft_cake_s,20261010-055332-d4-sim2,LRU+NONE,11312.443085,LRU+NONE,0.0,kev_a,KEVa+WBR,11306.988867,0.0,0.000482,0.0
20261010-060103-d4-gap2b,2026-10-10T06:01:05+00:00,toolagent,0.5,11.6,nfs,0,ttft_cake_s,20261010-055332-d4-sim2,LRU+NONE,11312.443085,LRU+NONE,0.0,kev_b,KEVb+WB,11321.918828,1156.0,-0.000838,0.0
20261010-060103-d4-gap2b,2026-10-10T06:01:05+00:00,toolagent,0.5,11.6,nfs,0,ttft_cake_s,20261010-055332-d4-sim2,LRU+NONE,11312.443085,LRU+NONE,0.0,opt,OPT-BELADY,11306.988867,0.0,0.000482,0.0
20261010-060103-d4-gap2b,2026-10-10T06:01:05+00:00,toolagent,0.5,11.6,nfs,0,ttft_cake_s,20261010-055332-d4-sim2,LRU+NONE,11312.443085,LRU+NONE,0.0,wtp_a,WTPa+WBR,11306.988867,0.0,0.000482,0.0
20261010-060103-d4-gap2b,2026-10-10T06:01:05+00:00,toolagent,0.5,11.6,nfs,0,ttft_cake_s,20261010-055332-d4-sim2,LRU+NONE,11312.443085,LRU+NONE,0.0,wtp_b,WTPb+WB,11456.027835,1774.0,-0.012693,0.0
20261010-060103-d4-gap2b,2026-10-10T06:01:05+00:00,toolagent,0.5,11.6,nfs,2400,ttft_total_s,20261010-055332-d4-sim2,LRU+NONE,10662.349395,LRU+NONE,0.0,kev_a,KEVa+WBR,10656.854207,0.0,0.000515,0.0
20261010-060103-d4-gap2b,2026-10-10T06:01:05+00:00,toolagent,0.5,11.6,nfs,2400,ttft_total_s,20261010-055332-d4-sim2,LRU+NONE,10662.349395,LRU+NONE,0.0,kev_b,KEVb+WB,10671.92628,1156.0,-0.000898,0.0
20261010-060103-d4-gap2b,2026-10-10T06:01:05+00:00,toolagent,0.5,11.6,nfs,2400,ttft_total_s,20261010-055332-d4-sim2,LRU+NONE,10662.349395,LRU+NONE,0.0,opt,OPT-BELADY,10656.854207,0.0,0.000515,0.0
20261010-060103-d4-gap2b,2026-10-10T06:01:05+00:00,toolagent,0.5,11.6,nfs,2400,ttft_total_s,20261010-055332-d4-sim2,LRU+NONE,10662.349395,LRU+NONE,0.0,wtp_a,WTPa+WBR,10656.854207,0.0,0.000515,0.0
20261010-060103-d4-gap2b,2026-10-10T06:01:05+00:00,toolagent,0.5,11.6,nfs,2400,ttft_total_s,20261010-055332-d4-sim2,LRU+NONE,10662.349395,LRU+NONE,0.0,wtp_b,WTPb+WB,10800.210102,1774.0,-0.01293,0.0
20261010-060103-d4-gap2b,2026-10-10T06:01:05+00:00,toolagent,0.5,11.6,nfs,2400,ttft_reuse_s,20261010-055332-d4-sim2,LRU+NONE,453.17299,LRU+NONE,0.0,kev_a,KEVa+WBR,447.677802,0.0,0.012126,0.0
20261010-060103-d4-gap2b,2026-10-10T06:01:05+00:00,toolagent,0.5,11.6,nfs,2400,ttft_reuse_s,20261010-055332-d4-sim2,LRU+NONE,453.17299,LRU+NONE,0.0,kev_b,KEVb+WB,462.749874,1156.0,-0.021133,0.0
20261010-060103-d4-gap2b,2026-10-10T06:01:05+00:00,toolagent,0.5,11.6,nfs,2400,ttft_reuse_s,20261010-055332-d4-sim2,LRU+NONE,453.17299,LRU+NONE,0.0,opt,OPT-BELADY,447.677802,0.0,0.012126,0.0
20261010-060103-d4-gap2b,2026-10-10T06:01:05+00:00,toolagent,0.5,11.6,nfs,2400,ttft_reuse_s,20261010-055332-d4-sim2,LRU+NONE,453.17299,LRU+NONE,0.0,wtp_a,WTPa+WBR,447.677802,0.0,0.012126,0.0
20261010-060103-d4-gap2b,2026-10-10T06:01:05+00:00,toolagent,0.5,11.6,nfs,2400,ttft_reuse_s,20261010-055332-d4-sim2,LRU+NONE,453.17299,LRU+NONE,0.0,wtp_b,WTPb+WB,591.033697,1774.0,-0.304212,0.0
