run_id,ts,trace,cpu_frac,cpu_cap_blocks,cpu_gibps,ssd,policy,cpu_policy,ssd_rule,klass,ttft_total_s,ttft_reuse_s,ttft_cake_s,ssd_write_blocks,ssd_write_GiB,cpu_hits,reuse_accesses,cpu_inserts,f_source
20261010-054330-d4-sim,2026-10-10T05:43:38+00:00,conversation,0.1,18279,3.69,local,LRU+WT,LRU,WT,deferred,11695.355471,946.387455,11525.023209,182790,11424.375,80323,105710,208177,calib_c1 20261008-130316-m7-c1; i>=80 linear extrap
20261010-054330-d4-sim,2026-10-10T05:43:38+00:00,conversation,0.1,18279,3.69,local,LRU+WB,LRU,WB,deferred,12220.193069,1471.225053,11840.442845,167727,10482.9375,80323,105710,208177,calib_c1 20261008-130316-m7-c1; i>=80 linear extrap
20261010-054330-d4-sim,2026-10-10T05:43:39+00:00,conversation,0.1,18279,3.69,local,LRU+WB2,LRU,WB2,deferred,12991.259034,2242.291018,12589.075396,39564,2472.75,80323,105710,208177,calib_c1 20261008-130316-m7-c1; i>=80 linear extrap
20261010-054330-d4-sim,2026-10-10T05:43:39+00:00,conversation,0.1,18279,3.69,local,LRU+H2,LRU,H2,deferred,12661.279213,1912.311196,12393.72438,44144,2759.0,80323,105710,208177,calib_c1 20261008-130316-m7-c1; i>=80 linear extrap
20261010-054330-d4-sim,2026-10-10T05:43:39+00:00,conversation,0.1,18279,3.69,local,LRU+NONE,LRU,NONE,deferred,13662.261777,2913.29376,13264.514023,0,0.0,80323,105710,208177,calib_c1 20261008-130316-m7-c1; i>=80 linear extrap
20261010-054330-d4-sim,2026-10-10T05:43:40+00:00,conversation,0.1,18279,3.69,local,2HIT+WT,2HIT,WT,deferred,11695.355471,946.387455,11525.023209,182790,11424.375,61286,105710,44424,calib_c1 20261008-130316-m7-c1; i>=80 linear extrap
20261010-054330-d4-sim,2026-10-10T05:43:40+00:00,conversation,0.1,18279,3.69,local,2HIT+WB,2HIT,WB,deferred,11695.355471,946.387455,11525.023209,182790,11424.375,61286,105710,44424,calib_c1 20261008-130316-m7-c1; i>=80 linear extrap
20261010-054330-d4-sim,2026-10-10T05:43:40+00:00,conversation,0.1,18279,3.69,local,2HIT+WB2,2HIT,WB2,deferred,14227.49453,3478.526514,13822.193338,26140,1633.75,61286,105710,44424,calib_c1 20261008-130316-m7-c1; i>=80 linear extrap
20261010-054330-d4-sim,2026-10-10T05:43:40+00:00,conversation,0.1,18279,3.69,local,2HIT+H2,2HIT,H2,deferred,13738.629324,2989.661308,13533.46874,44144,2759.0,61286,105710,44424,calib_c1 20261008-130316-m7-c1; i>=80 linear extrap
20261010-054330-d4-sim,2026-10-10T05:43:41+00:00,conversation,0.1,18279,3.69,local,2HIT+NONE,2HIT,NONE,deferred,14237.586837,3488.618821,13832.979125,0,0.0,61286,105710,44424,calib_c1 20261008-130316-m7-c1; i>=80 linear extrap
20261010-054330-d4-sim,2026-10-10T05:43:41+00:00,conversation,0.1,18279,3.69,local,SLRU+WT,SLRU,WT,deferred,11695.355471,946.387455,11525.023209,182790,11424.375,59629,105710,228871,calib_c1 20261008-130316-m7-c1; i>=80 linear extrap
20261010-054330-d4-sim,2026-10-10T05:43:41+00:00,conversation,0.1,18279,3.69,local,SLRU+WB,SLRU,WB,deferred,12097.535597,1348.567581,11766.929126,168779,10548.6875,59629,105710,228871,calib_c1 20261008-130316-m7-c1; i>=80 linear extrap
20261010-054330-d4-sim,2026-10-10T05:43:42+00:00,conversation,0.1,18279,3.69,local,SLRU+WB2,SLRU,WB2,deferred,13493.022383,2744.054367,13115.841619,29881,1867.5625,59629,105710,228871,calib_c1 20261008-130316-m7-c1; i>=80 linear extrap
20261010-054330-d4-sim,2026-10-10T05:43:42+00:00,conversation,0.1,18279,3.69,local,SLRU+H2,SLRU,H2,deferred,13156.590687,2407.622671,12914.468598,44144,2759.0,59629,105710,228871,calib_c1 20261008-130316-m7-c1; i>=80 linear extrap
20261010-054330-d4-sim,2026-10-10T05:43:42+00:00,conversation,0.1,18279,3.69,local,SLRU+NONE,SLRU,NONE,deferred,14337.298698,3588.330682,13984.134837,0,0.0,59629,105710,228871,calib_c1 20261008-130316-m7-c1; i>=80 linear extrap
20261010-054330-d4-sim,2026-10-10T05:43:43+00:00,conversation,0.1,18279,3.69,local,ARC+WT,ARC,WT,deferred,11695.355471,946.387455,11525.023209,182790,11424.375,82006,105710,206494,calib_c1 20261008-130316-m7-c1; i>=80 linear extrap
20261010-054330-d4-sim,2026-10-10T05:43:43+00:00,conversation,0.1,18279,3.69,local,ARC+WB,ARC,WB,deferred,12226.365468,1477.397452,11843.142472,168069,10504.3125,82006,105710,206494,calib_c1 20261008-130316-m7-c1; i>=80 linear extrap
20261010-054330-d4-sim,2026-10-10T05:43:43+00:00,conversation,0.1,18279,3.69,local,ARC+WB2,ARC,WB2,deferred,13285.816321,2536.848305,12849.582544,36621,2288.8125,82006,105710,206494,calib_c1 20261008-130316-m7-c1; i>=80 linear extrap
20261010-054330-d4-sim,2026-10-10T05:43:44+00:00,conversation,0.1,18279,3.69,local,ARC+H2,ARC,H2,deferred,12846.705604,2097.737588,12589.972132,44144,2759.0,82006,105710,206494,calib_c1 20261008-130316-m7-c1; i>=80 linear extrap
20261010-054330-d4-sim,2026-10-10T05:43:44+00:00,conversation,0.1,18279,3.69,local,ARC+NONE,ARC,NONE,deferred,13490.970369,2742.002353,13051.972989,0,0.0,82006,105710,206494,calib_c1 20261008-130316-m7-c1; i>=80 linear extrap
20261010-054330-d4-sim,2026-10-10T05:43:44+00:00,conversation,0.1,18279,3.69,local,S3FIFO+WT,S3FIFO,WT,deferred,11695.355471,946.387455,11525.023209,182790,11424.375,70300,105710,218200,calib_c1 20261008-130316-m7-c1; i>=80 linear extrap
20261010-054330-d4-sim,2026-10-10T05:43:44+00:00,conversation,0.1,18279,3.69,local,S3FIFO+WB,S3FIFO,WB,deferred,12039.732235,1290.764219,11733.599535,178289,11143.0625,70300,105710,218200,calib_c1 20261008-130316-m7-c1; i>=80 linear extrap
20261010-054330-d4-sim,2026-10-10T05:43:45+00:00,conversation,0.1,18279,3.69,local,S3FIFO+WB2,S3FIFO,WB2,deferred,13699.010971,2950.042955,13277.595137,28522,1782.625,70300,105710,218200,calib_c1 20261008-130316-m7-c1; i>=80 linear extrap
20261010-054330-d4-sim,2026-10-10T05:43:45+00:00,conversation,0.1,18279,3.69,local,S3FIFO+H2,S3FIFO,H2,deferred,13254.662099,2505.694083,13015.958243,44144,2759.0,70300,105710,218200,calib_c1 20261008-130316-m7-c1; i>=80 linear extrap
20261010-054330-d4-sim,2026-10-10T05:43:45+00:00,conversation,0.1,18279,3.69,local,S3FIFO+NONE,S3FIFO,NONE,deferred,13883.625943,3134.657927,13459.737876,0,0.0,70300,105710,218200,calib_c1 20261008-130316-m7-c1; i>=80 linear extrap
20261010-054330-d4-sim,2026-10-10T05:43:46+00:00,conversation,0.1,18279,3.69,local,WTPa+WBR,WTPa,WBR,wtp_a,12539.449046,1790.48103,12026.610045,0,0.0,105710,105710,44144,calib_c1 20261008-130316-m7-c1; i>=80 linear extrap
20261010-054330-d4-sim,2026-10-10T05:43:46+00:00,conversation,0.1,18279,3.69,local,WTPa+WTR,WTPa,WTR,wtp_a,11695.355471,946.387455,11525.023209,44144,2759.0,105710,105710,44144,calib_c1 20261008-130316-m7-c1; i>=80 linear extrap
20261010-054330-d4-sim,2026-10-10T05:43:46+00:00,conversation,0.1,18279,3.69,local,WTPb+WB,WTPb,WB,wtp_b,12368.123043,1619.155027,11923.99713,165409,10338.0625,98835,105710,47112,calib_c1 20261008-130316-m7-c1; i>=80 linear extrap
20261010-054330-d4-sim,2026-10-10T05:43:46+00:00,conversation,0.1,18279,3.69,local,OPT-BELADY,BELADY,NEED,opt,12539.449046,1790.48103,12026.610045,0,0.0,105710,105710,44144,calib_c1 20261008-130316-m7-c1; i>=80 linear extrap
20261010-054330-d4-sim,2026-10-10T05:43:47+00:00,conversation,0.1,18279,3.69,local,OPT-COST,COSTBELADY,NEED,opt,11695.355471,946.387455,11525.023209,44144,2759.0,0,105710,0,calib_c1 20261008-130316-m7-c1; i>=80 linear extrap
20261010-054330-d4-sim,2026-10-10T05:43:48+00:00,conversation,0.1,18279,3.69,nfs,LRU+WT,LRU,WT,deferred,13655.995953,2907.027937,13201.616043,2479,154.9375,80323,105710,208177,calib_c1 20261008-130316-m7-c1; i>=80 linear extrap
20261010-054330-d4-sim,2026-10-10T05:43:48+00:00,conversation,0.1,18279,3.69,nfs,LRU+WB,LRU,WB,deferred,13655.995953,2907.027937,13201.616043,2305,144.0625,80323,105710,208177,calib_c1 20261008-130316-m7-c1; i>=80 linear extrap
20261010-054330-d4-sim,2026-10-10T05:43:48+00:00,conversation,0.1,18279,3.69,nfs,LRU+WB2,LRU,WB2,deferred,13660.78864,2911.820624,13247.372657,377,23.5625,80323,105710,208177,calib_c1 20261008-130316-m7-c1; i>=80 linear extrap
20261010-054330-d4-sim,2026-10-10T05:43:49+00:00,conversation,0.1,18279,3.69,nfs,LRU+H2,LRU,H2,deferred,13660.78864,2911.820624,13247.372657,475,29.6875,80323,105710,208177,calib_c1 20261008-130316-m7-c1; i>=80 linear extrap
20261010-054330-d4-sim,2026-10-10T05:43:49+00:00,conversation,0.1,18279,3.69,nfs,LRU+NONE,LRU,NONE,deferred,13662.261777,2913.29376,13264.514023,0,0.0,80323,105710,208177,calib_c1 20261008-130316-m7-c1; i>=80 linear extrap
20261010-054330-d4-sim,2026-10-10T05:43:49+00:00,conversation,0.1,18279,3.69,nfs,2HIT+WT,2HIT,WT,deferred,14227.770778,3478.802762,13737.018172,2479,154.9375,61286,105710,44424,calib_c1 20261008-130316-m7-c1; i>=80 linear extrap
20261010-054330-d4-sim,2026-10-10T05:43:50+00:00,conversation,0.1,18279,3.69,nfs,2HIT+WB,2HIT,WB,deferred,14227.770778,3478.802762,13737.018172,2479,154.9375,61286,105710,44424,calib_c1 20261008-130316-m7-c1; i>=80 linear extrap
20261010-054330-d4-sim,2026-10-10T05:43:50+00:00,conversation,0.1,18279,3.69,nfs,2HIT+WB2,2HIT,WB2,deferred,14237.586837,3488.618821,13832.979125,303,18.9375,61286,105710,44424,calib_c1 20261008-130316-m7-c1; i>=80 linear extrap
20261010-054330-d4-sim,2026-10-10T05:43:50+00:00,conversation,0.1,18279,3.69,nfs,2HIT+H2,2HIT,H2,deferred,14237.586837,3488.618821,13832.979125,475,29.6875,61286,105710,44424,calib_c1 20261008-130316-m7-c1; i>=80 linear extrap
20261010-054330-d4-sim,2026-10-10T05:43:51+00:00,conversation,0.1,18279,3.69,nfs,2HIT+NONE,2HIT,NONE,deferred,14237.586837,3488.618821,13832.979125,0,0.0,61286,105710,44424,calib_c1 20261008-130316-m7-c1; i>=80 linear extrap
20261010-054330-d4-sim,2026-10-10T05:43:51+00:00,conversation,0.1,18279,3.69,nfs,SLRU+WT,SLRU,WT,deferred,14329.973725,3581.005709,13912.238236,2479,154.9375,59629,105710,228871,calib_c1 20261008-130316-m7-c1; i>=80 linear extrap
20261010-054330-d4-sim,2026-10-10T05:43:51+00:00,conversation,0.1,18279,3.69,nfs,SLRU+WB,SLRU,WB,deferred,14329.973725,3581.005709,13912.238236,2344,146.5,59629,105710,228871,calib_c1 20261008-130316-m7-c1; i>=80 linear extrap
20261010-054330-d4-sim,2026-10-10T05:43:51+00:00,conversation,0.1,18279,3.69,nfs,SLRU+WB2,SLRU,WB2,deferred,14335.933473,3586.965457,13970.24492,345,21.5625,59629,105710,228871,calib_c1 20261008-130316-m7-c1; i>=80 linear extrap
20261010-054330-d4-sim,2026-10-10T05:43:52+00:00,conversation,0.1,18279,3.69,nfs,SLRU+H2,SLRU,H2,deferred,14335.933473,3586.965457,13970.24492,475,29.6875,59629,105710,228871,calib_c1 20261008-130316-m7-c1; i>=80 linear extrap
20261010-054330-d4-sim,2026-10-10T05:43:52+00:00,conversation,0.1,18279,3.69,nfs,SLRU+NONE,SLRU,NONE,deferred,14337.298698,3588.330682,13984.134837,0,0.0,59629,105710,228871,calib_c1 20261008-130316-m7-c1; i>=80 linear extrap
20261010-054330-d4-sim,2026-10-10T05:43:52+00:00,conversation,0.1,18279,3.69,nfs,ARC+WT,ARC,WT,deferred,13484.861415,2735.893399,12995.745705,2479,154.9375,82006,105710,206494,calib_c1 20261008-130316-m7-c1; i>=80 linear extrap
20261010-054330-d4-sim,2026-10-10T05:43:53+00:00,conversation,0.1,18279,3.69,nfs,ARC+WB,ARC,WB,deferred,13484.861415,2735.893399,12995.745705,2367,147.9375,82006,105710,206494,calib_c1 20261008-130316-m7-c1; i>=80 linear extrap
20261010-054330-d4-sim,2026-10-10T05:43:53+00:00,conversation,0.1,18279,3.69,nfs,ARC+WB2,ARC,WB2,deferred,13489.654102,2740.686086,13040.58609,367,22.9375,82006,105710,206494,calib_c1 20261008-130316-m7-c1; i>=80 linear extrap
20261010-054330-d4-sim,2026-10-10T05:43:53+00:00,conversation,0.1,18279,3.69,nfs,ARC+H2,ARC,H2,deferred,13489.654102,2740.686086,13040.58609,475,29.6875,82006,105710,206494,calib_c1 20261008-130316-m7-c1; i>=80 linear extrap
20261010-054330-d4-sim,2026-10-10T05:43:54+00:00,conversation,0.1,18279,3.69,nfs,ARC+NONE,ARC,NONE,deferred,13490.970369,2742.002353,13051.972989,0,0.0,82006,105710,206494,calib_c1 20261008-130316-m7-c1; i>=80 linear extrap
20261010-054330-d4-sim,2026-10-10T05:43:54+00:00,conversation,0.1,18279,3.69,nfs,S3FIFO+WT,S3FIFO,WT,deferred,13876.349928,3127.381912,13391.252677,2479,154.9375,70300,105710,218200,calib_c1 20261008-130316-m7-c1; i>=80 linear extrap
20261010-054330-d4-sim,2026-10-10T05:43:54+00:00,conversation,0.1,18279,3.69,nfs,S3FIFO+WB,S3FIFO,WB,deferred,13876.349928,3127.381912,13391.252677,2414,150.875,70300,105710,218200,calib_c1 20261008-130316-m7-c1; i>=80 linear extrap
20261010-054330-d4-sim,2026-10-10T05:43:54+00:00,conversation,0.1,18279,3.69,nfs,S3FIFO+WB2,S3FIFO,WB2,deferred,13882.309676,3133.34166,13448.350977,391,24.4375,70300,105710,218200,calib_c1 20261008-130316-m7-c1; i>=80 linear extrap
20261010-054330-d4-sim,2026-10-10T05:43:55+00:00,conversation,0.1,18279,3.69,nfs,S3FIFO+H2,S3FIFO,H2,deferred,13882.309676,3133.34166,13448.350977,475,29.6875,70300,105710,218200,calib_c1 20261008-130316-m7-c1; i>=80 linear extrap
20261010-054330-d4-sim,2026-10-10T05:43:55+00:00,conversation,0.1,18279,3.69,nfs,S3FIFO+NONE,S3FIFO,NONE,deferred,13883.625943,3134.657927,13459.737876,0,0.0,70300,105710,218200,calib_c1 20261008-130316-m7-c1; i>=80 linear extrap
20261010-054330-d4-sim,2026-10-10T05:43:55+00:00,conversation,0.1,18279,3.69,nfs,WTPa+WBR,WTPa,WBR,wtp_a,12539.449046,1790.48103,12026.610045,0,0.0,105710,105710,44144,calib_c1 20261008-130316-m7-c1; i>=80 linear extrap
20261010-054330-d4-sim,2026-10-10T05:43:56+00:00,conversation,0.1,18279,3.69,nfs,WTPa+WTR,WTPa,WTR,wtp_a,12539.449046,1790.48103,12026.610045,475,29.6875,105710,105710,44144,calib_c1 20261008-130316-m7-c1; i>=80 linear extrap
20261010-054330-d4-sim,2026-10-10T05:43:56+00:00,conversation,0.1,18279,3.69,nfs,WTPb+WB,WTPb,WB,wtp_b,12748.892443,1999.924427,12259.117302,2302,143.875,98835,105710,47112,calib_c1 20261008-130316-m7-c1; i>=80 linear extrap
20261010-054330-d4-sim,2026-10-10T05:43:56+00:00,conversation,0.1,18279,3.69,nfs,OPT-BELADY,BELADY,NEED,opt,12539.449046,1790.48103,12026.610045,0,0.0,105710,105710,44144,calib_c1 20261008-130316-m7-c1; i>=80 linear extrap
20261010-054330-d4-sim,2026-10-10T05:43:56+00:00,conversation,0.1,18279,3.69,nfs,OPT-COST,COSTBELADY,NEED,opt,12539.449046,1790.48103,12026.610045,0,0.0,105710,105710,44144,calib_c1 20261008-130316-m7-c1; i>=80 linear extrap
20261010-054330-d4-sim,2026-10-10T05:43:57+00:00,conversation,0.1,18279,11.6,local,LRU+WT,LRU,WT,deferred,11409.024404,660.056388,11318.372794,182790,11424.375,80323,105710,208177,calib_c1 20261008-130316-m7-c1; i>=80 linear extrap
20261010-054330-d4-sim,2026-10-10T05:43:58+00:00,conversation,0.1,18279,11.6,local,LRU+WB,LRU,WB,deferred,11409.024404,660.056388,11318.372794,167727,10482.9375,80323,105710,208177,calib_c1 20261008-130316-m7-c1; i>=80 linear extrap
20261010-054330-d4-sim,2026-10-10T05:43:58+00:00,conversation,0.1,18279,11.6,local,LRU+WB2,LRU,WB2,deferred,12135.574035,1386.606019,12042.916853,39564,2472.75,80323,105710,208177,calib_c1 20261008-130316-m7-c1; i>=80 linear extrap
20261010-054330-d4-sim,2026-10-10T05:43:58+00:00,conversation,0.1,18279,11.6,local,LRU+H2,LRU,H2,deferred,12135.574035,1386.606019,12042.916853,44144,2759.0,80323,105710,208177,calib_c1 20261008-130316-m7-c1; i>=80 linear extrap
20261010-054330-d4-sim,2026-10-10T05:43:59+00:00,conversation,0.1,18279,11.6,local,LRU+NONE,LRU,NONE,deferred,12734.552144,1985.584128,12679.044788,0,0.0,80323,105710,208177,calib_c1 20261008-130316-m7-c1; i>=80 linear extrap
20261010-054330-d4-sim,2026-10-10T05:43:59+00:00,conversation,0.1,18279,11.6,local,2HIT+WT,2HIT,WT,deferred,11476.886468,727.918452,11369.76404,182790,11424.375,61286,105710,44424,calib_c1 20261008-130316-m7-c1; i>=80 linear extrap
20261010-054330-d4-sim,2026-10-10T05:43:59+00:00,conversation,0.1,18279,11.6,local,2HIT+WB,2HIT,WB,deferred,11476.886468,727.918452,11369.76404,182790,11424.375,61286,105710,44424,calib_c1 20261008-130316-m7-c1; i>=80 linear extrap
20261010-054330-d4-sim,2026-10-10T05:44:00+00:00,conversation,0.1,18279,11.6,local,2HIT+WB2,2HIT,WB2,deferred,13520.160321,2771.192305,13384.671561,26140,1633.75,61286,105710,44424,calib_c1 20261008-130316-m7-c1; i>=80 linear extrap
20261010-054330-d4-sim,2026-10-10T05:44:00+00:00,conversation,0.1,18279,11.6,local,2HIT+H2,2HIT,H2,deferred,13520.160321,2771.192305,13384.671561,44144,2759.0,61286,105710,44424,calib_c1 20261008-130316-m7-c1; i>=80 linear extrap
20261010-054330-d4-sim,2026-10-10T05:44:00+00:00,conversation,0.1,18279,11.6,local,2HIT+NONE,2HIT,NONE,deferred,13529.749573,2780.781557,13395.225516,0,0.0,61286,105710,44424,calib_c1 20261008-130316-m7-c1; i>=80 linear extrap
20261010-054330-d4-sim,2026-10-10T05:44:00+00:00,conversation,0.1,18279,11.6,local,SLRU+WT,SLRU,WT,deferred,11482.793251,733.825235,11373.361928,182790,11424.375,59629,105710,228871,calib_c1 20261008-130316-m7-c1; i>=80 linear extrap
20261010-054330-d4-sim,2026-10-10T05:44:01+00:00,conversation,0.1,18279,11.6,local,SLRU+WB,SLRU,WB,deferred,11482.793251,733.825235,11373.361928,168779,10548.6875,59629,105710,228871,calib_c1 20261008-130316-m7-c1; i>=80 linear extrap
20261010-054330-d4-sim,2026-10-10T05:44:01+00:00,conversation,0.1,18279,11.6,local,SLRU+WB2,SLRU,WB2,deferred,12824.772602,2075.804586,12691.539135,29881,1867.5625,59629,105710,228871,calib_c1 20261008-130316-m7-c1; i>=80 linear extrap
20261010-054330-d4-sim,2026-10-10T05:44:01+00:00,conversation,0.1,18279,11.6,local,SLRU+H2,SLRU,H2,deferred,12824.772602,2075.804586,12691.539135,44144,2759.0,59629,105710,228871,calib_c1 20261008-130316-m7-c1; i>=80 linear extrap
20261010-054330-d4-sim,2026-10-10T05:44:02+00:00,conversation,0.1,18279,11.6,local,SLRU+NONE,SLRU,NONE,deferred,13648.59935,2899.631334,13562.465569,0,0.0,59629,105710,228871,calib_c1 20261008-130316-m7-c1; i>=80 linear extrap
20261010-054330-d4-sim,2026-10-10T05:44:02+00:00,conversation,0.1,18279,11.6,local,ARC+WT,ARC,WT,deferred,11403.024937,654.056921,11314.501374,182790,11424.375,82006,105710,206494,calib_c1 20261008-130316-m7-c1; i>=80 linear extrap
20261010-054330-d4-sim,2026-10-10T05:44:02+00:00,conversation,0.1,18279,11.6,local,ARC+WB,ARC,WB,deferred,11403.024937,654.056921,11314.501374,168069,10504.3125,82006,105710,206494,calib_c1 20261008-130316-m7-c1; i>=80 linear extrap
20261010-054330-d4-sim,2026-10-10T05:44:03+00:00,conversation,0.1,18279,11.6,local,ARC+WB2,ARC,WB2,deferred,12364.32426,1615.356244,12265.678439,36621,2288.8125,82006,105710,206494,calib_c1 20261008-130316-m7-c1; i>=80 linear extrap
20261010-054330-d4-sim,2026-10-10T05:44:03+00:00,conversation,0.1,18279,11.6,local,ARC+H2,ARC,H2,deferred,12364.32426,1615.356244,12265.678439,44144,2759.0,82006,105710,206494,calib_c1 20261008-130316-m7-c1; i>=80 linear extrap
20261010-054330-d4-sim,2026-10-10T05:44:03+00:00,conversation,0.1,18279,11.6,local,ARC+NONE,ARC,NONE,deferred,12543.822527,1794.854511,12454.092006,0,0.0,82006,105710,206494,calib_c1 20261008-130316-m7-c1; i>=80 linear extrap
20261010-054330-d4-sim,2026-10-10T05:44:03+00:00,conversation,0.1,18279,11.6,local,S3FIFO+WT,S3FIFO,WT,deferred,11444.75385,695.785834,11345.889117,182790,11424.375,70300,105710,218200,calib_c1 20261008-130316-m7-c1; i>=80 linear extrap
20261010-054330-d4-sim,2026-10-10T05:44:04+00:00,conversation,0.1,18279,11.6,local,S3FIFO+WB,S3FIFO,WB,deferred,11444.75385,695.785834,11345.889117,178289,11143.0625,70300,105710,218200,calib_c1 20261008-130316-m7-c1; i>=80 linear extrap
20261010-054330-d4-sim,2026-10-10T05:44:04+00:00,conversation,0.1,18279,11.6,local,S3FIFO+WB2,S3FIFO,WB2,deferred,12910.196889,2161.228873,12784.448372,28522,1782.625,70300,105710,218200,calib_c1 20261008-130316-m7-c1; i>=80 linear extrap
20261010-054330-d4-sim,2026-10-10T05:44:04+00:00,conversation,0.1,18279,11.6,local,S3FIFO+H2,S3FIFO,H2,deferred,12910.196889,2161.228873,12784.448372,44144,2759.0,70300,105710,218200,calib_c1 20261008-130316-m7-c1; i>=80 linear extrap
20261010-054330-d4-sim,2026-10-10T05:44:05+00:00,conversation,0.1,18279,11.6,local,S3FIFO+NONE,S3FIFO,NONE,deferred,13071.679337,2322.711321,12953.461056,0,0.0,70300,105710,218200,calib_c1 20261008-130316-m7-c1; i>=80 linear extrap
20261010-054330-d4-sim,2026-10-10T05:44:05+00:00,conversation,0.1,18279,11.6,local,WTPa+WBR,WTPa,WBR,wtp_a,11318.526206,569.55819,11252.359085,0,0.0,105710,105710,44144,calib_c1 20261008-130316-m7-c1; i>=80 linear extrap
20261010-054330-d4-sim,2026-10-10T05:44:05+00:00,conversation,0.1,18279,11.6,local,WTPa+WTR,WTPa,WTR,wtp_a,11318.526206,569.55819,11252.359085,44144,2759.0,105710,105710,44144,calib_c1 20261008-130316-m7-c1; i>=80 linear extrap
20261010-054330-d4-sim,2026-10-10T05:44:05+00:00,conversation,0.1,18279,11.6,local,WTPb+WB,WTPb,WB,wtp_b,11343.033832,594.065816,11270.502421,165409,10338.0625,98835,105710,47112,calib_c1 20261008-130316-m7-c1; i>=80 linear extrap
20261010-054330-d4-sim,2026-10-10T05:44:06+00:00,conversation,0.1,18279,11.6,local,OPT-BELADY,BELADY,NEED,opt,11318.526206,569.55819,11252.359085,0,0.0,105710,105710,44144,calib_c1 20261008-130316-m7-c1; i>=80 linear extrap
20261010-054330-d4-sim,2026-10-10T05:44:06+00:00,conversation,0.1,18279,11.6,local,OPT-COST,COSTBELADY,NEED,opt,11318.526206,569.55819,11252.359085,0,0.0,105710,105710,44144,calib_c1 20261008-130316-m7-c1; i>=80 linear extrap
20261010-054330-d4-sim,2026-10-10T05:44:07+00:00,conversation,0.1,18279,11.6,nfs,LRU+WT,LRU,WT,deferred,12728.28632,1979.318304,12616.146808,2479,154.9375,80323,105710,208177,calib_c1 20261008-130316-m7-c1; i>=80 linear extrap
20261010-054330-d4-sim,2026-10-10T05:44:07+00:00,conversation,0.1,18279,11.6,nfs,LRU+WB,LRU,WB,deferred,12728.28632,1979.318304,12616.146808,2305,144.0625,80323,105710,208177,calib_c1 20261008-130316-m7-c1; i>=80 linear extrap
20261010-054330-d4-sim,2026-10-10T05:44:08+00:00,conversation,0.1,18279,11.6,nfs,LRU+WB2,LRU,WB2,deferred,12733.079007,1984.110991,12661.903422,377,23.5625,80323,105710,208177,calib_c1 20261008-130316-m7-c1; i>=80 linear extrap
20261010-054330-d4-sim,2026-10-10T05:44:08+00:00,conversation,0.1,18279,11.6,nfs,LRU+H2,LRU,H2,deferred,12733.079007,1984.110991,12661.903422,475,29.6875,80323,105710,208177,calib_c1 20261008-130316-m7-c1; i>=80 linear extrap
20261010-054330-d4-sim,2026-10-10T05:44:08+00:00,conversation,0.1,18279,11.6,nfs,LRU+NONE,LRU,NONE,deferred,12734.552144,1985.584128,12679.044788,0,0.0,80323,105710,208177,calib_c1 20261008-130316-m7-c1; i>=80 linear extrap
20261010-054330-d4-sim,2026-10-10T05:44:09+00:00,conversation,0.1,18279,11.6,nfs,2HIT+WT,2HIT,WT,deferred,13519.933514,2770.965498,13299.659192,2479,154.9375,61286,105710,44424,calib_c1 20261008-130316-m7-c1; i>=80 linear extrap
20261010-054330-d4-sim,2026-10-10T05:44:09+00:00,conversation,0.1,18279,11.6,nfs,2HIT+WB,2HIT,WB,deferred,13519.933514,2770.965498,13299.659192,2479,154.9375,61286,105710,44424,calib_c1 20261008-130316-m7-c1; i>=80 linear extrap
20261010-054330-d4-sim,2026-10-10T05:44:09+00:00,conversation,0.1,18279,11.6,nfs,2HIT+WB2,2HIT,WB2,deferred,13529.749573,2780.781557,13395.225516,303,18.9375,61286,105710,44424,calib_c1 20261008-130316-m7-c1; i>=80 linear extrap
20261010-054330-d4-sim,2026-10-10T05:44:09+00:00,conversation,0.1,18279,11.6,nfs,2HIT+H2,2HIT,H2,deferred,13529.749573,2780.781557,13395.225516,475,29.6875,61286,105710,44424,calib_c1 20261008-130316-m7-c1; i>=80 linear extrap
20261010-054330-d4-sim,2026-10-10T05:44:10+00:00,conversation,0.1,18279,11.6,nfs,2HIT+NONE,2HIT,NONE,deferred,13529.749573,2780.781557,13395.225516,0,0.0,61286,105710,44424,calib_c1 20261008-130316-m7-c1; i>=80 linear extrap
20261010-054330-d4-sim,2026-10-10T05:44:10+00:00,conversation,0.1,18279,11.6,nfs,SLRU+WT,SLRU,WT,deferred,13641.274377,2892.306361,13490.682617,2479,154.9375,59629,105710,228871,calib_c1 20261008-130316-m7-c1; i>=80 linear extrap
20261010-054330-d4-sim,2026-10-10T05:44:10+00:00,conversation,0.1,18279,11.6,nfs,SLRU+WB,SLRU,WB,deferred,13641.274377,2892.306361,13490.682617,2344,146.5,59629,105710,228871,calib_c1 20261008-130316-m7-c1; i>=80 linear extrap
20261010-054330-d4-sim,2026-10-10T05:44:11+00:00,conversation,0.1,18279,11.6,nfs,SLRU+WB2,SLRU,WB2,deferred,13647.234125,2898.266109,13548.610332,345,21.5625,59629,105710,228871,calib_c1 20261008-130316-m7-c1; i>=80 linear extrap
20261010-054330-d4-sim,2026-10-10T05:44:11+00:00,conversation,0.1,18279,11.6,nfs,SLRU+H2,SLRU,H2,deferred,13647.234125,2898.266109,13548.610332,475,29.6875,59629,105710,228871,calib_c1 20261008-130316-m7-c1; i>=80 linear extrap
20261010-054330-d4-sim,2026-10-10T05:44:11+00:00,conversation,0.1,18279,11.6,nfs,SLRU+NONE,SLRU,NONE,deferred,13648.59935,2899.631334,13562.465569,0,0.0,59629,105710,228871,calib_c1 20261008-130316-m7-c1; i>=80 linear extrap
20261010-054330-d4-sim,2026-10-10T05:44:12+00:00,conversation,0.1,18279,11.6,nfs,ARC+WT,ARC,WT,deferred,12537.713572,1788.745556,12398.022565,2479,154.9375,82006,105710,206494,calib_c1 20261008-130316-m7-c1; i>=80 linear extrap
20261010-054330-d4-sim,2026-10-10T05:44:12+00:00,conversation,0.1,18279,11.6,nfs,ARC+WB,ARC,WB,deferred,12537.713572,1788.745556,12398.022565,2367,147.9375,82006,105710,206494,calib_c1 20261008-130316-m7-c1; i>=80 linear extrap
20261010-054330-d4-sim,2026-10-10T05:44:12+00:00,conversation,0.1,18279,11.6,nfs,ARC+WB2,ARC,WB2,deferred,12542.50626,1793.538244,12442.739787,367,22.9375,82006,105710,206494,calib_c1 20261008-130316-m7-c1; i>=80 linear extrap
20261010-054330-d4-sim,2026-10-10T05:44:12+00:00,conversation,0.1,18279,11.6,nfs,ARC+H2,ARC,H2,deferred,12542.50626,1793.538244,12442.739787,475,29.6875,82006,105710,206494,calib_c1 20261008-130316-m7-c1; i>=80 linear extrap
20261010-054330-d4-sim,2026-10-10T05:44:13+00:00,conversation,0.1,18279,11.6,nfs,ARC+NONE,ARC,NONE,deferred,12543.822527,1794.854511,12454.092006,0,0.0,82006,105710,206494,calib_c1 20261008-130316-m7-c1; i>=80 linear extrap
20261010-054330-d4-sim,2026-10-10T05:44:13+00:00,conversation,0.1,18279,11.6,nfs,S3FIFO+WT,S3FIFO,WT,deferred,13064.403323,2315.435307,12885.202377,2479,154.9375,70300,105710,218200,calib_c1 20261008-130316-m7-c1; i>=80 linear extrap
20261010-054330-d4-sim,2026-10-10T05:44:13+00:00,conversation,0.1,18279,11.6,nfs,S3FIFO+WB,S3FIFO,WB,deferred,13064.403323,2315.435307,12885.202377,2414,150.875,70300,105710,218200,calib_c1 20261008-130316-m7-c1; i>=80 linear extrap
20261010-054330-d4-sim,2026-10-10T05:44:14+00:00,conversation,0.1,18279,11.6,nfs,S3FIFO+WB2,S3FIFO,WB2,deferred,13070.363071,2321.395054,12942.108837,391,24.4375,70300,105710,218200,calib_c1 20261008-130316-m7-c1; i>=80 linear extrap
20261010-054330-d4-sim,2026-10-10T05:44:14+00:00,conversation,0.1,18279,11.6,nfs,S3FIFO+H2,S3FIFO,H2,deferred,13070.363071,2321.395054,12942.108837,475,29.6875,70300,105710,218200,calib_c1 20261008-130316-m7-c1; i>=80 linear extrap
20261010-054330-d4-sim,2026-10-10T05:44:14+00:00,conversation,0.1,18279,11.6,nfs,S3FIFO+NONE,S3FIFO,NONE,deferred,13071.679337,2322.711321,12953.461056,0,0.0,70300,105710,218200,calib_c1 20261008-130316-m7-c1; i>=80 linear extrap
20261010-054330-d4-sim,2026-10-10T05:44:15+00:00,conversation,0.1,18279,11.6,nfs,WTPa+WBR,WTPa,WBR,wtp_a,11318.526206,569.55819,11252.359085,0,0.0,105710,105710,44144,calib_c1 20261008-130316-m7-c1; i>=80 linear extrap
20261010-054330-d4-sim,2026-10-10T05:44:15+00:00,conversation,0.1,18279,11.6,nfs,WTPa+WTR,WTPa,WTR,wtp_a,11318.526206,569.55819,11252.359085,475,29.6875,105710,105710,44144,calib_c1 20261008-130316-m7-c1; i>=80 linear extrap
20261010-054330-d4-sim,2026-10-10T05:44:15+00:00,conversation,0.1,18279,11.6,nfs,WTPb+WB,WTPb,WB,wtp_b,11607.374054,858.406038,11538.300288,2302,143.875,98835,105710,47112,calib_c1 20261008-130316-m7-c1; i>=80 linear extrap
20261010-054330-d4-sim,2026-10-10T05:44:15+00:00,conversation,0.1,18279,11.6,nfs,OPT-BELADY,BELADY,NEED,opt,11318.526206,569.55819,11252.359085,0,0.0,105710,105710,44144,calib_c1 20261008-130316-m7-c1; i>=80 linear extrap
20261010-054330-d4-sim,2026-10-10T05:44:16+00:00,conversation,0.1,18279,11.6,nfs,OPT-COST,COSTBELADY,NEED,opt,11318.526206,569.55819,11252.359085,0,0.0,105710,105710,44144,calib_c1 20261008-130316-m7-c1; i>=80 linear extrap
20261010-054330-d4-sim,2026-10-10T05:44:18+00:00,conversation,0.25,45697,3.69,local,LRU+WT,LRU,WT,deferred,11695.355471,946.387455,11525.023209,182790,11424.375,101978,105710,186522,calib_c1 20261008-130316-m7-c1; i>=80 linear extrap
20261010-054330-d4-sim,2026-10-10T05:44:18+00:00,conversation,0.25,45697,3.69,local,LRU+WB,LRU,WB,deferred,12502.821885,1753.853868,12004.831907,139085,8692.8125,101978,105710,186522,calib_c1 20261008-130316-m7-c1; i>=80 linear extrap
20261010-054330-d4-sim,2026-10-10T05:44:19+00:00,conversation,0.25,45697,3.69,local,LRU+WB2,LRU,WB2,deferred,12679.806148,1930.838132,12183.223901,30677,1917.3125,101978,105710,186522,calib_c1 20261008-130316-m7-c1; i>=80 linear extrap
20261010-054330-d4-sim,2026-10-10T05:44:19+00:00,conversation,0.25,45697,3.69,local,LRU+H2,LRU,H2,deferred,12197.887886,1448.919869,11900.104487,44144,2759.0,101978,105710,186522,calib_c1 20261008-130316-m7-c1; i>=80 linear extrap
20261010-054330-d4-sim,2026-10-10T05:44:19+00:00,conversation,0.25,45697,3.69,local,LRU+NONE,LRU,NONE,deferred,12723.764351,1974.796335,12228.166962,0,0.0,101978,105710,186522,calib_c1 20261008-130316-m7-c1; i>=80 linear extrap
20261010-054330-d4-sim,2026-10-10T05:44:19+00:00,conversation,0.25,45697,3.69,local,2HIT+WT,2HIT,WT,deferred,11695.355471,946.387455,11525.023209,182790,11424.375,61566,105710,44144,calib_c1 20261008-130316-m7-c1; i>=80 linear extrap
20261010-054330-d4-sim,2026-10-10T05:44:20+00:00,conversation,0.25,45697,3.69,local,2HIT+WB,2HIT,WB,deferred,11695.355471,946.387455,11525.023209,182790,11424.375,61566,105710,44144,calib_c1 20261008-130316-m7-c1; i>=80 linear extrap
20261010-054330-d4-sim,2026-10-10T05:44:20+00:00,conversation,0.25,45697,3.69,local,2HIT+WB2,2HIT,WB2,deferred,14230.233383,3481.265367,13823.786853,0,0.0,61566,105710,44144,calib_c1 20261008-130316-m7-c1; i>=80 linear extrap
20261010-054330-d4-sim,2026-10-10T05:44:20+00:00,conversation,0.25,45697,3.69,local,2HIT+H2,2HIT,H2,deferred,13738.629324,2989.661308,13533.46874,44144,2759.0,61566,105710,44144,calib_c1 20261008-130316-m7-c1; i>=80 linear extrap
20261010-054330-d4-sim,2026-10-10T05:44:21+00:00,conversation,0.25,45697,3.69,local,2HIT+NONE,2HIT,NONE,deferred,14230.233383,3481.265367,13823.786853,0,0.0,61566,105710,44144,calib_c1 20261008-130316-m7-c1; i>=80 linear extrap
20261010-054330-d4-sim,2026-10-10T05:44:21+00:00,conversation,0.25,45697,3.69,local,SLRU+WT,SLRU,WT,deferred,11695.355471,946.387455,11525.023209,182790,11424.375,97050,105710,191450,calib_c1 20261008-130316-m7-c1; i>=80 linear extrap
20261010-054330-d4-sim,2026-10-10T05:44:21+00:00,conversation,0.25,45697,3.69,local,SLRU+WB,SLRU,WB,deferred,12455.510803,1706.542787,11976.90522,139502,8718.875,97050,105710,191450,calib_c1 20261008-130316-m7-c1; i>=80 linear extrap
20261010-054330-d4-sim,2026-10-10T05:44:22+00:00,conversation,0.25,45697,3.69,local,SLRU+WB2,SLRU,WB2,deferred,12894.72152,2145.753504,12409.33775,5571,348.1875,97050,105710,191450,calib_c1 20261008-130316-m7-c1; i>=80 linear extrap
20261010-054330-d4-sim,2026-10-10T05:44:22+00:00,conversation,0.25,45697,3.69,local,SLRU+H2,SLRU,H2,deferred,12410.575444,1661.607428,12125.201066,44144,2759.0,97050,105710,191450,calib_c1 20261008-130316-m7-c1; i>=80 linear extrap
20261010-054330-d4-sim,2026-10-10T05:44:22+00:00,conversation,0.25,45697,3.69,local,SLRU+NONE,SLRU,NONE,deferred,12958.417864,2209.449848,12474.126921,0,0.0,97050,105710,191450,calib_c1 20261008-130316-m7-c1; i>=80 linear extrap
20261010-054330-d4-sim,2026-10-10T05:44:22+00:00,conversation,0.25,45697,3.69,local,ARC+WT,ARC,WT,deferred,11695.355471,946.387455,11525.023209,182790,11424.375,96784,105710,191716,calib_c1 20261008-130316-m7-c1; i>=80 linear extrap
20261010-054330-d4-sim,2026-10-10T05:44:23+00:00,conversation,0.25,45697,3.69,local,ARC+WB,ARC,WB,deferred,12444.755018,1695.787002,11970.512967,144562,9035.125,96784,105710,191716,calib_c1 20261008-130316-m7-c1; i>=80 linear extrap
20261010-054330-d4-sim,2026-10-10T05:44:23+00:00,conversation,0.25,45697,3.69,local,ARC+WB2,ARC,WB2,deferred,12938.113992,2189.145976,12452.427745,5532,345.75,96784,105710,191716,calib_c1 20261008-130316-m7-c1; i>=80 linear extrap
20261010-054330-d4-sim,2026-10-10T05:44:23+00:00,conversation,0.25,45697,3.69,local,ARC+H2,ARC,H2,deferred,12447.811488,1698.843472,12164.038921,44144,2759.0,96784,105710,191716,calib_c1 20261008-130316-m7-c1; i>=80 linear extrap
20261010-054330-d4-sim,2026-10-10T05:44:24+00:00,conversation,0.25,45697,3.69,local,ARC+NONE,ARC,NONE,deferred,12949.198827,2200.230811,12463.822798,0,0.0,96784,105710,191716,calib_c1 20261008-130316-m7-c1; i>=80 linear extrap
20261010-054330-d4-sim,2026-10-10T05:44:24+00:00,conversation,0.25,45697,3.69,local,S3FIFO+WT,S3FIFO,WT,deferred,11695.355471,946.387455,11525.023209,182790,11424.375,96314,105710,192186,calib_c1 20261008-130316-m7-c1; i>=80 linear extrap
20261010-054330-d4-sim,2026-10-10T05:44:24+00:00,conversation,0.25,45697,3.69,local,S3FIFO+WB,S3FIFO,WB,deferred,12436.690175,1687.722159,11965.813718,145405,9087.8125,96314,105710,192186,calib_c1 20261008-130316-m7-c1; i>=80 linear extrap
20261010-054330-d4-sim,2026-10-10T05:44:25+00:00,conversation,0.25,45697,3.69,local,S3FIFO+WB2,S3FIFO,WB2,deferred,12959.21681,2210.248794,12474.366122,2872,179.5,96314,105710,192186,calib_c1 20261008-130316-m7-c1; i>=80 linear extrap
20261010-054330-d4-sim,2026-10-10T05:44:25+00:00,conversation,0.25,45697,3.69,local,S3FIFO+H2,S3FIFO,H2,deferred,12467.820361,1718.852345,12185.187711,44144,2759.0,96314,105710,192186,calib_c1 20261008-130316-m7-c1; i>=80 linear extrap
20261010-054330-d4-sim,2026-10-10T05:44:25+00:00,conversation,0.25,45697,3.69,local,S3FIFO+NONE,S3FIFO,NONE,deferred,12959.690977,2210.722961,12474.813444,0,0.0,96314,105710,192186,calib_c1 20261008-130316-m7-c1; i>=80 linear extrap
20261010-054330-d4-sim,2026-10-10T05:44:25+00:00,conversation,0.25,45697,3.69,local,WTPa+WBR,WTPa,WBR,wtp_a,12539.449046,1790.48103,12026.610045,0,0.0,105710,105710,44144,calib_c1 20261008-130316-m7-c1; i>=80 linear extrap
20261010-054330-d4-sim,2026-10-10T05:44:26+00:00,conversation,0.25,45697,3.69,local,WTPa+WTR,WTPa,WTR,wtp_a,11695.355471,946.387455,11525.023209,44144,2759.0,105710,105710,44144,calib_c1 20261008-130316-m7-c1; i>=80 linear extrap
20261010-054330-d4-sim,2026-10-10T05:44:26+00:00,conversation,0.25,45697,3.69,local,WTPb+WB,WTPb,WB,wtp_b,12389.227379,1640.259363,11936.166585,138066,8629.125,100990,105710,46710,calib_c1 20261008-130316-m7-c1; i>=80 linear extrap
20261010-054330-d4-sim,2026-10-10T05:44:26+00:00,conversation,0.25,45697,3.69,local,OPT-BELADY,BELADY,NEED,opt,12539.449046,1790.48103,12026.610045,0,0.0,105710,105710,44144,calib_c1 20261008-130316-m7-c1; i>=80 linear extrap
20261010-054330-d4-sim,2026-10-10T05:44:27+00:00,conversation,0.25,45697,3.69,local,OPT-COST,COSTBELADY,NEED,opt,11695.355471,946.387455,11525.023209,44144,2759.0,0,105710,0,calib_c1 20261008-130316-m7-c1; i>=80 linear extrap
20261010-054330-d4-sim,2026-10-10T05:44:27+00:00,conversation,0.25,45697,3.69,nfs,LRU+WT,LRU,WT,deferred,12722.404551,1973.436535,12214.536862,2479,154.9375,101978,105710,186522,calib_c1 20261008-130316-m7-c1; i>=80 linear extrap
20261010-054330-d4-sim,2026-10-10T05:44:27+00:00,conversation,0.25,45697,3.69,nfs,LRU+WB,LRU,WB,deferred,12722.404551,1973.436535,12214.536862,1938,121.125,101978,105710,186522,calib_c1 20261008-130316-m7-c1; i>=80 linear extrap
20261010-054330-d4-sim,2026-10-10T05:44:28+00:00,conversation,0.25,45697,3.69,nfs,LRU+WB2,LRU,WB2,deferred,12723.764351,1974.796335,12228.166962,353,22.0625,101978,105710,186522,calib_c1 20261008-130316-m7-c1; i>=80 linear extrap
20261010-054330-d4-sim,2026-10-10T05:44:28+00:00,conversation,0.25,45697,3.69,nfs,LRU+H2,LRU,H2,deferred,12723.764351,1974.796335,12228.166962,475,29.6875,101978,105710,186522,calib_c1 20261008-130316-m7-c1; i>=80 linear extrap
20261010-054330-d4-sim,2026-10-10T05:44:28+00:00,conversation,0.25,45697,3.69,nfs,LRU+NONE,LRU,NONE,deferred,12723.764351,1974.796335,12228.166962,0,0.0,101978,105710,186522,calib_c1 20261008-130316-m7-c1; i>=80 linear extrap
20261010-054330-d4-sim,2026-10-10T05:44:29+00:00,conversation,0.25,45697,3.69,nfs,2HIT+WT,2HIT,WT,deferred,14220.417323,3471.449307,13727.8259,2479,154.9375,61566,105710,44144,calib_c1 20261008-130316-m7-c1; i>=80 linear extrap
20261010-054330-d4-sim,2026-10-10T05:44:29+00:00,conversation,0.25,45697,3.69,nfs,2HIT+WB,2HIT,WB,deferred,14220.417323,3471.449307,13727.8259,2479,154.9375,61566,105710,44144,calib_c1 20261008-130316-m7-c1; i>=80 linear extrap
20261010-054330-d4-sim,2026-10-10T05:44:29+00:00,conversation,0.25,45697,3.69,nfs,2HIT+WB2,2HIT,WB2,deferred,14230.233383,3481.265367,13823.786853,0,0.0,61566,105710,44144,calib_c1 20261008-130316-m7-c1; i>=80 linear extrap
20261010-054330-d4-sim,2026-10-10T05:44:29+00:00,conversation,0.25,45697,3.69,nfs,2HIT+H2,2HIT,H2,deferred,14230.233383,3481.265367,13823.786853,475,29.6875,61566,105710,44144,calib_c1 20261008-130316-m7-c1; i>=80 linear extrap
20261010-054330-d4-sim,2026-10-10T05:44:30+00:00,conversation,0.25,45697,3.69,nfs,2HIT+NONE,2HIT,NONE,deferred,14230.233383,3481.265367,13823.786853,0,0.0,61566,105710,44144,calib_c1 20261008-130316-m7-c1; i>=80 linear extrap
20261010-054330-d4-sim,2026-10-10T05:44:30+00:00,conversation,0.25,45697,3.69,nfs,SLRU+WT,SLRU,WT,deferred,12952.333241,2203.365225,12417.687994,2479,154.9375,97050,105710,191450,calib_c1 20261008-130316-m7-c1; i>=80 linear extrap
20261010-054330-d4-sim,2026-10-10T05:44:30+00:00,conversation,0.25,45697,3.69,nfs,SLRU+WB,SLRU,WB,deferred,12952.333241,2203.365225,12417.687994,2154,134.625,97050,105710,191450,calib_c1 20261008-130316-m7-c1; i>=80 linear extrap
20261010-054330-d4-sim,2026-10-10T05:44:31+00:00,conversation,0.25,45697,3.69,nfs,SLRU+WB2,SLRU,WB2,deferred,12957.113763,2208.145747,12462.629031,118,7.375,97050,105710,191450,calib_c1 20261008-130316-m7-c1; i>=80 linear extrap
20261010-054330-d4-sim,2026-10-10T05:44:31+00:00,conversation,0.25,45697,3.69,nfs,SLRU+H2,SLRU,H2,deferred,12957.113763,2208.145747,12462.629031,475,29.6875,97050,105710,191450,calib_c1 20261008-130316-m7-c1; i>=80 linear extrap
20261010-054330-d4-sim,2026-10-10T05:44:31+00:00,conversation,0.25,45697,3.69,nfs,SLRU+NONE,SLRU,NONE,deferred,12958.417864,2209.449848,12474.126921,0,0.0,97050,105710,191450,calib_c1 20261008-130316-m7-c1; i>=80 linear extrap
20261010-054330-d4-sim,2026-10-10T05:44:32+00:00,conversation,0.25,45697,3.69,nfs,ARC+WT,ARC,WT,deferred,12944.418305,2195.450289,12419.240121,2479,154.9375,96784,105710,191716,calib_c1 20261008-130316-m7-c1; i>=80 linear extrap
20261010-054330-d4-sim,2026-10-10T05:44:32+00:00,conversation,0.25,45697,3.69,nfs,ARC+WB,ARC,WB,deferred,12944.418305,2195.450289,12419.240121,2279,142.4375,96784,105710,191716,calib_c1 20261008-130316-m7-c1; i>=80 linear extrap
20261010-054330-d4-sim,2026-10-10T05:44:32+00:00,conversation,0.25,45697,3.69,nfs,ARC+WB2,ARC,WB2,deferred,12949.198827,2200.230811,12463.822798,125,7.8125,96784,105710,191716,calib_c1 20261008-130316-m7-c1; i>=80 linear extrap
20261010-054330-d4-sim,2026-10-10T05:44:32+00:00,conversation,0.25,45697,3.69,nfs,ARC+H2,ARC,H2,deferred,12949.198827,2200.230811,12463.822798,475,29.6875,96784,105710,191716,calib_c1 20261008-130316-m7-c1; i>=80 linear extrap
20261010-054330-d4-sim,2026-10-10T05:44:33+00:00,conversation,0.25,45697,3.69,nfs,ARC+NONE,ARC,NONE,deferred,12949.198827,2200.230811,12463.822798,0,0.0,96784,105710,191716,calib_c1 20261008-130316-m7-c1; i>=80 linear extrap
20261010-054330-d4-sim,2026-10-10T05:44:33+00:00,conversation,0.25,45697,3.69,nfs,S3FIFO+WT,S3FIFO,WT,deferred,12954.910455,2205.942438,12430.230767,2479,154.9375,96314,105710,192186,calib_c1 20261008-130316-m7-c1; i>=80 linear extrap
20261010-054330-d4-sim,2026-10-10T05:44:33+00:00,conversation,0.25,45697,3.69,nfs,S3FIFO+WB,S3FIFO,WB,deferred,12954.910455,2205.942438,12430.230767,2210,138.125,96314,105710,192186,calib_c1 20261008-130316-m7-c1; i>=80 linear extrap
20261010-054330-d4-sim,2026-10-10T05:44:34+00:00,conversation,0.25,45697,3.69,nfs,S3FIFO+WB2,S3FIFO,WB2,deferred,12959.690977,2210.722961,12474.813444,54,3.375,96314,105710,192186,calib_c1 20261008-130316-m7-c1; i>=80 linear extrap
20261010-054330-d4-sim,2026-10-10T05:44:34+00:00,conversation,0.25,45697,3.69,nfs,S3FIFO+H2,S3FIFO,H2,deferred,12959.690977,2210.722961,12474.813444,475,29.6875,96314,105710,192186,calib_c1 20261008-130316-m7-c1; i>=80 linear extrap
20261010-054330-d4-sim,2026-10-10T05:44:34+00:00,conversation,0.25,45697,3.69,nfs,S3FIFO+NONE,S3FIFO,NONE,deferred,12959.690977,2210.722961,12474.813444,0,0.0,96314,105710,192186,calib_c1 20261008-130316-m7-c1; i>=80 linear extrap
20261010-054330-d4-sim,2026-10-10T05:44:35+00:00,conversation,0.25,45697,3.69,nfs,WTPa+WBR,WTPa,WBR,wtp_a,12539.449046,1790.48103,12026.610045,0,0.0,105710,105710,44144,calib_c1 20261008-130316-m7-c1; i>=80 linear extrap
20261010-054330-d4-sim,2026-10-10T05:44:35+00:00,conversation,0.25,45697,3.69,nfs,WTPa+WTR,WTPa,WTR,wtp_a,12539.449046,1790.48103,12026.610045,475,29.6875,105710,105710,44144,calib_c1 20261008-130316-m7-c1; i>=80 linear extrap
20261010-054330-d4-sim,2026-10-10T05:44:35+00:00,conversation,0.25,45697,3.69,nfs,WTPb+WB,WTPb,WB,wtp_b,12660.619655,1911.651639,12161.924604,1981,123.8125,100990,105710,46710,calib_c1 20261008-130316-m7-c1; i>=80 linear extrap
20261010-054330-d4-sim,2026-10-10T05:44:35+00:00,conversation,0.25,45697,3.69,nfs,OPT-BELADY,BELADY,NEED,opt,12539.449046,1790.48103,12026.610045,0,0.0,105710,105710,44144,calib_c1 20261008-130316-m7-c1; i>=80 linear extrap
20261010-054330-d4-sim,2026-10-10T05:44:36+00:00,conversation,0.25,45697,3.69,nfs,OPT-COST,COSTBELADY,NEED,opt,12539.449046,1790.48103,12026.610045,0,0.0,105710,105710,44144,calib_c1 20261008-130316-m7-c1; i>=80 linear extrap
20261010-054330-d4-sim,2026-10-10T05:44:36+00:00,conversation,0.25,45697,11.6,local,LRU+WT,LRU,WT,deferred,11331.829837,582.861821,11262.095445,182790,11424.375,101978,105710,186522,calib_c1 20261008-130316-m7-c1; i>=80 linear extrap
20261010-054330-d4-sim,2026-10-10T05:44:37+00:00,conversation,0.25,45697,11.6,local,LRU+WB,LRU,WB,deferred,11331.829837,582.861821,11262.095445,139085,8692.8125,101978,105710,186522,calib_c1 20261008-130316-m7-c1; i>=80 linear extrap
20261010-054330-d4-sim,2026-10-10T05:44:37+00:00,conversation,0.25,45697,11.6,local,LRU+WB2,LRU,WB2,deferred,11504.550114,755.582098,11437.924084,30677,1917.3125,101978,105710,186522,calib_c1 20261008-130316-m7-c1; i>=80 linear extrap
20261010-054330-d4-sim,2026-10-10T05:44:37+00:00,conversation,0.25,45697,11.6,local,LRU+H2,LRU,H2,deferred,11504.550114,755.582098,11437.924084,44144,2759.0,101978,105710,186522,calib_c1 20261008-130316-m7-c1; i>=80 linear extrap
20261010-054330-d4-sim,2026-10-10T05:44:37+00:00,conversation,0.25,45697,11.6,local,LRU+NONE,LRU,NONE,deferred,11545.945134,796.977118,11481.65785,0,0.0,101978,105710,186522,calib_c1 20261008-130316-m7-c1; i>=80 linear extrap
20261010-054330-d4-sim,2026-10-10T05:44:38+00:00,conversation,0.25,45697,11.6,local,2HIT+WT,2HIT,WT,deferred,11475.888339,726.920323,11369.043785,182790,11424.375,61566,105710,44144,calib_c1 20261008-130316-m7-c1; i>=80 linear extrap
20261010-054330-d4-sim,2026-10-10T05:44:38+00:00,conversation,0.25,45697,11.6,local,2HIT+WB,2HIT,WB,deferred,11475.888339,726.920323,11369.043785,182790,11424.375,61566,105710,44144,calib_c1 20261008-130316-m7-c1; i>=80 linear extrap
20261010-054330-d4-sim,2026-10-10T05:44:38+00:00,conversation,0.25,45697,11.6,local,2HIT+WB2,2HIT,WB2,deferred,13519.162192,2770.194176,13383.998705,0,0.0,61566,105710,44144,calib_c1 20261008-130316-m7-c1; i>=80 linear extrap
20261010-054330-d4-sim,2026-10-10T05:44:39+00:00,conversation,0.25,45697,11.6,local,2HIT+H2,2HIT,H2,deferred,13519.162192,2770.194176,13383.998705,44144,2759.0,61566,105710,44144,calib_c1 20261008-130316-m7-c1; i>=80 linear extrap
20261010-054330-d4-sim,2026-10-10T05:44:39+00:00,conversation,0.25,45697,11.6,local,2HIT+NONE,2HIT,NONE,deferred,13519.162192,2770.194176,13383.998705,0,0.0,61566,105710,44144,calib_c1 20261008-130316-m7-c1; i>=80 linear extrap
20261010-054330-d4-sim,2026-10-10T05:44:39+00:00,conversation,0.25,45697,11.6,local,SLRU+WT,SLRU,WT,deferred,11349.396903,600.428887,11275.249819,182790,11424.375,97050,105710,191450,calib_c1 20261008-130316-m7-c1; i>=80 linear extrap
20261010-054330-d4-sim,2026-10-10T05:44:40+00:00,conversation,0.25,45697,11.6,local,SLRU+WB,SLRU,WB,deferred,11349.396903,600.428887,11275.249819,139502,8718.875,97050,105710,191450,calib_c1 20261008-130316-m7-c1; i>=80 linear extrap
20261010-054330-d4-sim,2026-10-10T05:44:40+00:00,conversation,0.25,45697,11.6,local,SLRU+WB2,SLRU,WB2,deferred,11774.066948,1025.098932,11700.48195,5571,348.1875,97050,105710,191450,calib_c1 20261008-130316-m7-c1; i>=80 linear extrap
20261010-054330-d4-sim,2026-10-10T05:44:40+00:00,conversation,0.25,45697,11.6,local,SLRU+H2,SLRU,H2,deferred,11774.066948,1025.098932,11700.48195,44144,2759.0,97050,105710,191450,calib_c1 20261008-130316-m7-c1; i>=80 linear extrap
20261010-054330-d4-sim,2026-10-10T05:44:40+00:00,conversation,0.25,45697,11.6,local,SLRU+NONE,SLRU,NONE,deferred,11837.515758,1088.547742,11765.311238,0,0.0,97050,105710,191450,calib_c1 20261008-130316-m7-c1; i>=80 linear extrap
20261010-054330-d4-sim,2026-10-10T05:44:41+00:00,conversation,0.25,45697,11.6,local,ARC+WT,ARC,WT,deferred,11350.345126,601.37711,11275.953601,182790,11424.375,96784,105710,191716,calib_c1 20261008-130316-m7-c1; i>=80 linear extrap
20261010-054330-d4-sim,2026-10-10T05:44:41+00:00,conversation,0.25,45697,11.6,local,ARC+WB,ARC,WB,deferred,11350.345126,601.37711,11275.953601,144562,9035.125,96784,105710,191716,calib_c1 20261008-130316-m7-c1; i>=80 linear extrap
20261010-054330-d4-sim,2026-10-10T05:44:41+00:00,conversation,0.25,45697,11.6,local,ARC+WB2,ARC,WB2,deferred,11820.379937,1071.41192,11744.988896,5532,345.75,96784,105710,191716,calib_c1 20261008-130316-m7-c1; i>=80 linear extrap
20261010-054330-d4-sim,2026-10-10T05:44:42+00:00,conversation,0.25,45697,11.6,local,ARC+H2,ARC,H2,deferred,11820.379937,1071.41192,11744.988896,44144,2759.0,96784,105710,191716,calib_c1 20261008-130316-m7-c1; i>=80 linear extrap
20261010-054330-d4-sim,2026-10-10T05:44:42+00:00,conversation,0.25,45697,11.6,local,ARC+NONE,ARC,NONE,deferred,11831.368952,1082.400936,11756.341971,0,0.0,96784,105710,191716,calib_c1 20261008-130316-m7-c1; i>=80 linear extrap
20261010-054330-d4-sim,2026-10-10T05:44:42+00:00,conversation,0.25,45697,11.6,local,S3FIFO+WT,S3FIFO,WT,deferred,11352.020556,603.05254,11277.187278,182790,11424.375,96314,105710,192186,calib_c1 20261008-130316-m7-c1; i>=80 linear extrap
20261010-054330-d4-sim,2026-10-10T05:44:43+00:00,conversation,0.25,45697,11.6,local,S3FIFO+WB,S3FIFO,WB,deferred,11352.020556,603.05254,11277.187278,145405,9087.8125,96314,105710,192186,calib_c1 20261008-130316-m7-c1; i>=80 linear extrap
20261010-054330-d4-sim,2026-10-10T05:44:43+00:00,conversation,0.25,45697,11.6,local,S3FIFO+WB2,S3FIFO,WB2,deferred,11846.903146,1097.93513,11770.50253,2872,179.5,96314,105710,192186,calib_c1 20261008-130316-m7-c1; i>=80 linear extrap
20261010-054330-d4-sim,2026-10-10T05:44:43+00:00,conversation,0.25,45697,11.6,local,S3FIFO+H2,S3FIFO,H2,deferred,11846.903146,1097.93513,11770.50253,44144,2759.0,96314,105710,192186,calib_c1 20261008-130316-m7-c1; i>=80 linear extrap
20261010-054330-d4-sim,2026-10-10T05:44:43+00:00,conversation,0.25,45697,11.6,local,S3FIFO+NONE,S3FIFO,NONE,deferred,11847.289478,1098.321462,11770.910112,0,0.0,96314,105710,192186,calib_c1 20261008-130316-m7-c1; i>=80 linear extrap
20261010-054330-d4-sim,2026-10-10T05:44:44+00:00,conversation,0.25,45697,11.6,local,WTPa+WBR,WTPa,WBR,wtp_a,11318.526206,569.55819,11252.359085,0,0.0,105710,105710,44144,calib_c1 20261008-130316-m7-c1; i>=80 linear extrap
20261010-054330-d4-sim,2026-10-10T05:44:44+00:00,conversation,0.25,45697,11.6,local,WTPa+WTR,WTPa,WTR,wtp_a,11318.526206,569.55819,11252.359085,44144,2759.0,105710,105710,44144,calib_c1 20261008-130316-m7-c1; i>=80 linear extrap
20261010-054330-d4-sim,2026-10-10T05:44:44+00:00,conversation,0.25,45697,11.6,local,WTPb+WB,WTPb,WB,wtp_b,11335.351805,586.383789,11264.971406,138066,8629.125,100990,105710,46710,calib_c1 20261008-130316-m7-c1; i>=80 linear extrap
20261010-054330-d4-sim,2026-10-10T05:44:45+00:00,conversation,0.25,45697,11.6,local,OPT-BELADY,BELADY,NEED,opt,11318.526206,569.55819,11252.359085,0,0.0,105710,105710,44144,calib_c1 20261008-130316-m7-c1; i>=80 linear extrap
20261010-054330-d4-sim,2026-10-10T05:44:45+00:00,conversation,0.25,45697,11.6,local,OPT-COST,COSTBELADY,NEED,opt,11318.526206,569.55819,11252.359085,0,0.0,105710,105710,44144,calib_c1 20261008-130316-m7-c1; i>=80 linear extrap
20261010-054330-d4-sim,2026-10-10T05:44:45+00:00,conversation,0.25,45697,11.6,nfs,LRU+WT,LRU,WT,deferred,11544.585335,795.617319,11468.02775,2479,154.9375,101978,105710,186522,calib_c1 20261008-130316-m7-c1; i>=80 linear extrap
20261010-054330-d4-sim,2026-10-10T05:44:46+00:00,conversation,0.25,45697,11.6,nfs,LRU+WB,LRU,WB,deferred,11544.585335,795.617319,11468.02775,1938,121.125,101978,105710,186522,calib_c1 20261008-130316-m7-c1; i>=80 linear extrap
20261010-054330-d4-sim,2026-10-10T05:44:46+00:00,conversation,0.25,45697,11.6,nfs,LRU+WB2,LRU,WB2,deferred,11545.945134,796.977118,11481.65785,353,22.0625,101978,105710,186522,calib_c1 20261008-130316-m7-c1; i>=80 linear extrap
20261010-054330-d4-sim,2026-10-10T05:44:46+00:00,conversation,0.25,45697,11.6,nfs,LRU+H2,LRU,H2,deferred,11545.945134,796.977118,11481.65785,475,29.6875,101978,105710,186522,calib_c1 20261008-130316-m7-c1; i>=80 linear extrap
20261010-054330-d4-sim,2026-10-10T05:44:47+00:00,conversation,0.25,45697,11.6,nfs,LRU+NONE,LRU,NONE,deferred,11545.945134,796.977118,11481.65785,0,0.0,101978,105710,186522,calib_c1 20261008-130316-m7-c1; i>=80 linear extrap
20261010-054330-d4-sim,2026-10-10T05:44:47+00:00,conversation,0.25,45697,11.6,nfs,2HIT+WT,2HIT,WT,deferred,13509.346132,2760.378116,13288.432382,2479,154.9375,61566,105710,44144,calib_c1 20261008-130316-m7-c1; i>=80 linear extrap
20261010-054330-d4-sim,2026-10-10T05:44:47+00:00,conversation,0.25,45697,11.6,nfs,2HIT+WB,2HIT,WB,deferred,13509.346132,2760.378116,13288.432382,2479,154.9375,61566,105710,44144,calib_c1 20261008-130316-m7-c1; i>=80 linear extrap
20261010-054330-d4-sim,2026-10-10T05:44:47+00:00,conversation,0.25,45697,11.6,nfs,2HIT+WB2,2HIT,WB2,deferred,13519.162192,2770.194176,13383.998705,0,0.0,61566,105710,44144,calib_c1 20261008-130316-m7-c1; i>=80 linear extrap
20261010-054330-d4-sim,2026-10-10T05:44:48+00:00,conversation,0.25,45697,11.6,nfs,2HIT+H2,2HIT,H2,deferred,13519.162192,2770.194176,13383.998705,475,29.6875,61566,105710,44144,calib_c1 20261008-130316-m7-c1; i>=80 linear extrap
20261010-054330-d4-sim,2026-10-10T05:44:48+00:00,conversation,0.25,45697,11.6,nfs,2HIT+NONE,2HIT,NONE,deferred,13519.162192,2770.194176,13383.998705,0,0.0,61566,105710,44144,calib_c1 20261008-130316-m7-c1; i>=80 linear extrap
20261010-054330-d4-sim,2026-10-10T05:44:48+00:00,conversation,0.25,45697,11.6,nfs,SLRU+WT,SLRU,WT,deferred,11831.431135,1082.463119,11708.946324,2479,154.9375,97050,105710,191450,calib_c1 20261008-130316-m7-c1; i>=80 linear extrap
20261010-054330-d4-sim,2026-10-10T05:44:49+00:00,conversation,0.25,45697,11.6,nfs,SLRU+WB,SLRU,WB,deferred,11831.431135,1082.463119,11708.946324,2154,134.625,97050,105710,191450,calib_c1 20261008-130316-m7-c1; i>=80 linear extrap
20261010-054330-d4-sim,2026-10-10T05:44:49+00:00,conversation,0.25,45697,11.6,nfs,SLRU+WB2,SLRU,WB2,deferred,11836.211657,1087.243641,11753.813348,118,7.375,97050,105710,191450,calib_c1 20261008-130316-m7-c1; i>=80 linear extrap
20261010-054330-d4-sim,2026-10-10T05:44:49+00:00,conversation,0.25,45697,11.6,nfs,SLRU+H2,SLRU,H2,deferred,11836.211657,1087.243641,11753.813348,475,29.6875,97050,105710,191450,calib_c1 20261008-130316-m7-c1; i>=80 linear extrap
20261010-054330-d4-sim,2026-10-10T05:44:49+00:00,conversation,0.25,45697,11.6,nfs,SLRU+NONE,SLRU,NONE,deferred,11837.515758,1088.547742,11765.311238,0,0.0,97050,105710,191450,calib_c1 20261008-130316-m7-c1; i>=80 linear extrap
20261010-054330-d4-sim,2026-10-10T05:44:50+00:00,conversation,0.25,45697,11.6,nfs,ARC+WT,ARC,WT,deferred,11826.58843,1077.620413,11711.863342,2479,154.9375,96784,105710,191716,calib_c1 20261008-130316-m7-c1; i>=80 linear extrap
20261010-054330-d4-sim,2026-10-10T05:44:50+00:00,conversation,0.25,45697,11.6,nfs,ARC+WB,ARC,WB,deferred,11826.58843,1077.620413,11711.863342,2279,142.4375,96784,105710,191716,calib_c1 20261008-130316-m7-c1; i>=80 linear extrap
20261010-054330-d4-sim,2026-10-10T05:44:50+00:00,conversation,0.25,45697,11.6,nfs,ARC+WB2,ARC,WB2,deferred,11831.368952,1082.400936,11756.341971,125,7.8125,96784,105710,191716,calib_c1 20261008-130316-m7-c1; i>=80 linear extrap
20261010-054330-d4-sim,2026-10-10T05:44:51+00:00,conversation,0.25,45697,11.6,nfs,ARC+H2,ARC,H2,deferred,11831.368952,1082.400936,11756.341971,475,29.6875,96784,105710,191716,calib_c1 20261008-130316-m7-c1; i>=80 linear extrap
20261010-054330-d4-sim,2026-10-10T05:44:51+00:00,conversation,0.25,45697,11.6,nfs,ARC+NONE,ARC,NONE,deferred,11831.368952,1082.400936,11756.341971,0,0.0,96784,105710,191716,calib_c1 20261008-130316-m7-c1; i>=80 linear extrap
20261010-054330-d4-sim,2026-10-10T05:44:51+00:00,conversation,0.25,45697,11.6,nfs,S3FIFO+WT,S3FIFO,WT,deferred,11842.508956,1093.54094,11726.431483,2479,154.9375,96314,105710,192186,calib_c1 20261008-130316-m7-c1; i>=80 linear extrap
20261010-054330-d4-sim,2026-10-10T05:44:52+00:00,conversation,0.25,45697,11.6,nfs,S3FIFO+WB,S3FIFO,WB,deferred,11842.508956,1093.54094,11726.431483,2210,138.125,96314,105710,192186,calib_c1 20261008-130316-m7-c1; i>=80 linear extrap
20261010-054330-d4-sim,2026-10-10T05:44:52+00:00,conversation,0.25,45697,11.6,nfs,S3FIFO+WB2,S3FIFO,WB2,deferred,11847.289478,1098.321462,11770.910112,54,3.375,96314,105710,192186,calib_c1 20261008-130316-m7-c1; i>=80 linear extrap
20261010-054330-d4-sim,2026-10-10T05:44:52+00:00,conversation,0.25,45697,11.6,nfs,S3FIFO+H2,S3FIFO,H2,deferred,11847.289478,1098.321462,11770.910112,475,29.6875,96314,105710,192186,calib_c1 20261008-130316-m7-c1; i>=80 linear extrap
20261010-054330-d4-sim,2026-10-10T05:44:53+00:00,conversation,0.25,45697,11.6,nfs,S3FIFO+NONE,S3FIFO,NONE,deferred,11847.289478,1098.321462,11770.910112,0,0.0,96314,105710,192186,calib_c1 20261008-130316-m7-c1; i>=80 linear extrap
20261010-054330-d4-sim,2026-10-10T05:44:53+00:00,conversation,0.25,45697,11.6,nfs,WTPa+WBR,WTPa,WBR,wtp_a,11318.526206,569.55819,11252.359085,0,0.0,105710,105710,44144,calib_c1 20261008-130316-m7-c1; i>=80 linear extrap
20261010-054330-d4-sim,2026-10-10T05:44:53+00:00,conversation,0.25,45697,11.6,nfs,WTPa+WTR,WTPa,WTR,wtp_a,11318.526206,569.55819,11252.359085,475,29.6875,105710,105710,44144,calib_c1 20261008-130316-m7-c1; i>=80 linear extrap
20261010-054330-d4-sim,2026-10-10T05:44:53+00:00,conversation,0.25,45697,11.6,nfs,WTPb+WB,WTPb,WB,wtp_b,11494.211579,745.243563,11424.736599,1981,123.8125,100990,105710,46710,calib_c1 20261008-130316-m7-c1; i>=80 linear extrap
20261010-054330-d4-sim,2026-10-10T05:44:54+00:00,conversation,0.25,45697,11.6,nfs,OPT-BELADY,BELADY,NEED,opt,11318.526206,569.55819,11252.359085,0,0.0,105710,105710,44144,calib_c1 20261008-130316-m7-c1; i>=80 linear extrap
20261010-054330-d4-sim,2026-10-10T05:44:54+00:00,conversation,0.25,45697,11.6,nfs,OPT-COST,COSTBELADY,NEED,opt,11318.526206,569.55819,11252.359085,0,0.0,105710,105710,44144,calib_c1 20261008-130316-m7-c1; i>=80 linear extrap
20261010-054330-d4-sim,2026-10-10T05:44:56+00:00,conversation,0.5,91395,3.69,local,LRU+WT,LRU,WT,deferred,11695.355471,946.387455,11525.023209,182790,11424.375,104759,105710,183741,calib_c1 20261008-130316-m7-c1; i>=80 linear extrap
20261010-054330-d4-sim,2026-10-10T05:44:56+00:00,conversation,0.5,91395,3.69,local,LRU+WB,LRU,WB,deferred,12530.721449,1781.753433,12021.543001,92346,5771.625,104759,105710,183741,calib_c1 20261008-130316-m7-c1; i>=80 linear extrap
20261010-054330-d4-sim,2026-10-10T05:44:57+00:00,conversation,0.5,91395,3.69,local,LRU+WB2,LRU,WB2,deferred,12575.984516,1827.0165,12067.237655,19753,1234.5625,104759,105710,183741,calib_c1 20261008-130316-m7-c1; i>=80 linear extrap
20261010-054330-d4-sim,2026-10-10T05:44:57+00:00,conversation,0.5,91395,3.69,local,LRU+H2,LRU,H2,deferred,12085.610147,1336.642131,11779.353088,44144,2759.0,104759,105710,183741,calib_c1 20261008-130316-m7-c1; i>=80 linear extrap
20261010-054330-d4-sim,2026-10-10T05:44:57+00:00,conversation,0.5,91395,3.69,local,LRU+NONE,LRU,NONE,deferred,12581.434901,1832.466885,12073.066954,0,0.0,104759,105710,183741,calib_c1 20261008-130316-m7-c1; i>=80 linear extrap
20261010-054330-d4-sim,2026-10-10T05:44:58+00:00,conversation,0.5,91395,3.69,local,2HIT+WT,2HIT,WT,deferred,11695.355471,946.387455,11525.023209,182790,11424.375,61566,105710,44144,calib_c1 20261008-130316-m7-c1; i>=80 linear extrap
20261010-054330-d4-sim,2026-10-10T05:44:58+00:00,conversation,0.5,91395,3.69,local,2HIT+WB,2HIT,WB,deferred,11695.355471,946.387455,11525.023209,182790,11424.375,61566,105710,44144,calib_c1 20261008-130316-m7-c1; i>=80 linear extrap
20261010-054330-d4-sim,2026-10-10T05:44:58+00:00,conversation,0.5,91395,3.69,local,2HIT+WB2,2HIT,WB2,deferred,14230.233383,3481.265367,13823.786853,0,0.0,61566,105710,44144,calib_c1 20261008-130316-m7-c1; i>=80 linear extrap
20261010-054330-d4-sim,2026-10-10T05:44:59+00:00,conversation,0.5,91395,3.69,local,2HIT+H2,2HIT,H2,deferred,13738.629324,2989.661308,13533.46874,44144,2759.0,61566,105710,44144,calib_c1 20261008-130316-m7-c1; i>=80 linear extrap
20261010-054330-d4-sim,2026-10-10T05:44:59+00:00,conversation,0.5,91395,3.69,local,2HIT+NONE,2HIT,NONE,deferred,14230.233383,3481.265367,13823.786853,0,0.0,61566,105710,44144,calib_c1 20261008-130316-m7-c1; i>=80 linear extrap
20261010-054330-d4-sim,2026-10-10T05:44:59+00:00,conversation,0.5,91395,3.69,local,SLRU+WT,SLRU,WT,deferred,11695.355471,946.387455,11525.023209,182790,11424.375,104633,105710,183867,calib_c1 20261008-130316-m7-c1; i>=80 linear extrap
20261010-054330-d4-sim,2026-10-10T05:44:59+00:00,conversation,0.5,91395,3.69,local,SLRU+WB,SLRU,WB,deferred,12529.004675,1780.036659,12020.474672,92452,5778.25,104633,105710,183867,calib_c1 20261008-130316-m7-c1; i>=80 linear extrap
20261010-054330-d4-sim,2026-10-10T05:45:00+00:00,conversation,0.5,91395,3.69,local,SLRU+WB2,SLRU,WB2,deferred,12588.7906,1839.822584,12080.669264,20,1.25,104633,105710,183867,calib_c1 20261008-130316-m7-c1; i>=80 linear extrap
20261010-054330-d4-sim,2026-10-10T05:45:00+00:00,conversation,0.5,91395,3.69,local,SLRU+H2,SLRU,H2,deferred,12097.186541,1348.218525,11792.05037,44144,2759.0,104633,105710,183867,calib_c1 20261008-130316-m7-c1; i>=80 linear extrap
20261010-054330-d4-sim,2026-10-10T05:45:00+00:00,conversation,0.5,91395,3.69,local,SLRU+NONE,SLRU,NONE,deferred,12588.7906,1839.822584,12080.669264,0,0.0,104633,105710,183867,calib_c1 20261008-130316-m7-c1; i>=80 linear extrap
20261010-054330-d4-sim,2026-10-10T05:45:01+00:00,conversation,0.5,91395,3.69,local,ARC+WT,ARC,WT,deferred,11695.355471,946.387455,11525.023209,182790,11424.375,104633,105710,183867,calib_c1 20261008-130316-m7-c1; i>=80 linear extrap
20261010-054330-d4-sim,2026-10-10T05:45:01+00:00,conversation,0.5,91395,3.69,local,ARC+WB,ARC,WB,deferred,12529.004675,1780.036659,12020.474672,92472,5779.5,104633,105710,183867,calib_c1 20261008-130316-m7-c1; i>=80 linear extrap
20261010-054330-d4-sim,2026-10-10T05:45:01+00:00,conversation,0.5,91395,3.69,local,ARC+WB2,ARC,WB2,deferred,12588.7906,1839.822584,12080.669264,0,0.0,104633,105710,183867,calib_c1 20261008-130316-m7-c1; i>=80 linear extrap
20261010-054330-d4-sim,2026-10-10T05:45:02+00:00,conversation,0.5,91395,3.69,local,ARC+H2,ARC,H2,deferred,12097.186541,1348.218525,11792.05037,44144,2759.0,104633,105710,183867,calib_c1 20261008-130316-m7-c1; i>=80 linear extrap
20261010-054330-d4-sim,2026-10-10T05:45:02+00:00,conversation,0.5,91395,3.69,local,ARC+NONE,ARC,NONE,deferred,12588.7906,1839.822584,12080.669264,0,0.0,104633,105710,183867,calib_c1 20261008-130316-m7-c1; i>=80 linear extrap
20261010-054330-d4-sim,2026-10-10T05:45:02+00:00,conversation,0.5,91395,3.69,local,S3FIFO+WT,S3FIFO,WT,deferred,11695.355471,946.387455,11525.023209,182790,11424.375,104633,105710,183867,calib_c1 20261008-130316-m7-c1; i>=80 linear extrap
20261010-054330-d4-sim,2026-10-10T05:45:02+00:00,conversation,0.5,91395,3.69,local,S3FIFO+WB,S3FIFO,WB,deferred,12529.004675,1780.036659,12020.474672,92472,5779.5,104633,105710,183867,calib_c1 20261008-130316-m7-c1; i>=80 linear extrap
20261010-054330-d4-sim,2026-10-10T05:45:03+00:00,conversation,0.5,91395,3.69,local,S3FIFO+WB2,S3FIFO,WB2,deferred,12588.7906,1839.822584,12080.669264,0,0.0,104633,105710,183867,calib_c1 20261008-130316-m7-c1; i>=80 linear extrap
20261010-054330-d4-sim,2026-10-10T05:45:03+00:00,conversation,0.5,91395,3.69,local,S3FIFO+H2,S3FIFO,H2,deferred,12097.186541,1348.218525,11792.05037,44144,2759.0,104633,105710,183867,calib_c1 20261008-130316-m7-c1; i>=80 linear extrap
20261010-054330-d4-sim,2026-10-10T05:45:03+00:00,conversation,0.5,91395,3.69,local,S3FIFO+NONE,S3FIFO,NONE,deferred,12588.7906,1839.822584,12080.669264,0,0.0,104633,105710,183867,calib_c1 20261008-130316-m7-c1; i>=80 linear extrap
20261010-054330-d4-sim,2026-10-10T05:45:04+00:00,conversation,0.5,91395,3.69,local,WTPa+WBR,WTPa,WBR,wtp_a,12539.449046,1790.48103,12026.610045,0,0.0,105710,105710,44144,calib_c1 20261008-130316-m7-c1; i>=80 linear extrap
20261010-054330-d4-sim,2026-10-10T05:45:04+00:00,conversation,0.5,91395,3.69,local,WTPa+WTR,WTPa,WTR,wtp_a,11695.355471,946.387455,11525.023209,44144,2759.0,105710,105710,44144,calib_c1 20261008-130316-m7-c1; i>=80 linear extrap
20261010-054330-d4-sim,2026-10-10T05:45:04+00:00,conversation,0.5,91395,3.69,local,WTPb+WB,WTPb,WB,wtp_b,12389.227379,1640.259363,11936.166585,137057,8566.0625,100990,105710,46710,calib_c1 20261008-130316-m7-c1; i>=80 linear extrap
20261010-054330-d4-sim,2026-10-10T05:45:05+00:00,conversation,0.5,91395,3.69,local,OPT-BELADY,BELADY,NEED,opt,12539.449046,1790.48103,12026.610045,0,0.0,105710,105710,44144,calib_c1 20261008-130316-m7-c1; i>=80 linear extrap
20261010-054330-d4-sim,2026-10-10T05:45:05+00:00,conversation,0.5,91395,3.69,local,OPT-COST,COSTBELADY,NEED,opt,11695.355471,946.387455,11525.023209,44144,2759.0,0,105710,0,calib_c1 20261008-130316-m7-c1; i>=80 linear extrap
20261010-054330-d4-sim,2026-10-10T05:45:05+00:00,conversation,0.5,91395,3.69,nfs,LRU+WT,LRU,WT,deferred,12581.434901,1832.466885,12073.066954,2479,154.9375,104759,105710,183741,calib_c1 20261008-130316-m7-c1; i>=80 linear extrap
20261010-054330-d4-sim,2026-10-10T05:45:06+00:00,conversation,0.5,91395,3.69,nfs,LRU+WB,LRU,WB,deferred,12581.434901,1832.466885,12073.066954,1261,78.8125,104759,105710,183741,calib_c1 20261008-130316-m7-c1; i>=80 linear extrap
20261010-054330-d4-sim,2026-10-10T05:45:06+00:00,conversation,0.5,91395,3.69,nfs,LRU+WB2,LRU,WB2,deferred,12581.434901,1832.466885,12073.066954,233,14.5625,104759,105710,183741,calib_c1 20261008-130316-m7-c1; i>=80 linear extrap
20261010-054330-d4-sim,2026-10-10T05:45:06+00:00,conversation,0.5,91395,3.69,nfs,LRU+H2,LRU,H2,deferred,12581.434901,1832.466885,12073.066954,475,29.6875,104759,105710,183741,calib_c1 20261008-130316-m7-c1; i>=80 linear extrap
20261010-054330-d4-sim,2026-10-10T05:45:06+00:00,conversation,0.5,91395,3.69,nfs,LRU+NONE,LRU,NONE,deferred,12581.434901,1832.466885,12073.066954,0,0.0,104759,105710,183741,calib_c1 20261008-130316-m7-c1; i>=80 linear extrap
20261010-054330-d4-sim,2026-10-10T05:45:07+00:00,conversation,0.5,91395,3.69,nfs,2HIT+WT,2HIT,WT,deferred,14220.417323,3471.449307,13727.8259,2479,154.9375,61566,105710,44144,calib_c1 20261008-130316-m7-c1; i>=80 linear extrap
20261010-054330-d4-sim,2026-10-10T05:45:07+00:00,conversation,0.5,91395,3.69,nfs,2HIT+WB,2HIT,WB,deferred,14220.417323,3471.449307,13727.8259,2479,154.9375,61566,105710,44144,calib_c1 20261008-130316-m7-c1; i>=80 linear extrap
20261010-054330-d4-sim,2026-10-10T05:45:07+00:00,conversation,0.5,91395,3.69,nfs,2HIT+WB2,2HIT,WB2,deferred,14230.233383,3481.265367,13823.786853,0,0.0,61566,105710,44144,calib_c1 20261008-130316-m7-c1; i>=80 linear extrap
20261010-054330-d4-sim,2026-10-10T05:45:08+00:00,conversation,0.5,91395,3.69,nfs,2HIT+H2,2HIT,H2,deferred,14230.233383,3481.265367,13823.786853,475,29.6875,61566,105710,44144,calib_c1 20261008-130316-m7-c1; i>=80 linear extrap
20261010-054330-d4-sim,2026-10-10T05:45:08+00:00,conversation,0.5,91395,3.69,nfs,2HIT+NONE,2HIT,NONE,deferred,14230.233383,3481.265367,13823.786853,0,0.0,61566,105710,44144,calib_c1 20261008-130316-m7-c1; i>=80 linear extrap
20261010-054330-d4-sim,2026-10-10T05:45:08+00:00,conversation,0.5,91395,3.69,nfs,SLRU+WT,SLRU,WT,deferred,12588.7906,1839.822584,12080.669264,2479,154.9375,104633,105710,183867,calib_c1 20261008-130316-m7-c1; i>=80 linear extrap
20261010-054330-d4-sim,2026-10-10T05:45:09+00:00,conversation,0.5,91395,3.69,nfs,SLRU+WB,SLRU,WB,deferred,12588.7906,1839.822584,12080.669264,1409,88.0625,104633,105710,183867,calib_c1 20261008-130316-m7-c1; i>=80 linear extrap
20261010-054330-d4-sim,2026-10-10T05:45:09+00:00,conversation,0.5,91395,3.69,nfs,SLRU+WB2,SLRU,WB2,deferred,12588.7906,1839.822584,12080.669264,0,0.0,104633,105710,183867,calib_c1 20261008-130316-m7-c1; i>=80 linear extrap
20261010-054330-d4-sim,2026-10-10T05:45:09+00:00,conversation,0.5,91395,3.69,nfs,SLRU+H2,SLRU,H2,deferred,12588.7906,1839.822584,12080.669264,475,29.6875,104633,105710,183867,calib_c1 20261008-130316-m7-c1; i>=80 linear extrap
20261010-054330-d4-sim,2026-10-10T05:45:09+00:00,conversation,0.5,91395,3.69,nfs,SLRU+NONE,SLRU,NONE,deferred,12588.7906,1839.822584,12080.669264,0,0.0,104633,105710,183867,calib_c1 20261008-130316-m7-c1; i>=80 linear extrap
20261010-054330-d4-sim,2026-10-10T05:45:10+00:00,conversation,0.5,91395,3.69,nfs,ARC+WT,ARC,WT,deferred,12588.7906,1839.822584,12080.669264,2479,154.9375,104633,105710,183867,calib_c1 20261008-130316-m7-c1; i>=80 linear extrap
20261010-054330-d4-sim,2026-10-10T05:45:10+00:00,conversation,0.5,91395,3.69,nfs,ARC+WB,ARC,WB,deferred,12588.7906,1839.822584,12080.669264,1409,88.0625,104633,105710,183867,calib_c1 20261008-130316-m7-c1; i>=80 linear extrap
20261010-054330-d4-sim,2026-10-10T05:45:10+00:00,conversation,0.5,91395,3.69,nfs,ARC+WB2,ARC,WB2,deferred,12588.7906,1839.822584,12080.669264,0,0.0,104633,105710,183867,calib_c1 20261008-130316-m7-c1; i>=80 linear extrap
20261010-054330-d4-sim,2026-10-10T05:45:11+00:00,conversation,0.5,91395,3.69,nfs,ARC+H2,ARC,H2,deferred,12588.7906,1839.822584,12080.669264,475,29.6875,104633,105710,183867,calib_c1 20261008-130316-m7-c1; i>=80 linear extrap
20261010-054330-d4-sim,2026-10-10T05:45:11+00:00,conversation,0.5,91395,3.69,nfs,ARC+NONE,ARC,NONE,deferred,12588.7906,1839.822584,12080.669264,0,0.0,104633,105710,183867,calib_c1 20261008-130316-m7-c1; i>=80 linear extrap
20261010-054330-d4-sim,2026-10-10T05:45:11+00:00,conversation,0.5,91395,3.69,nfs,S3FIFO+WT,S3FIFO,WT,deferred,12588.7906,1839.822584,12080.669264,2479,154.9375,104633,105710,183867,calib_c1 20261008-130316-m7-c1; i>=80 linear extrap
20261010-054330-d4-sim,2026-10-10T05:45:12+00:00,conversation,0.5,91395,3.69,nfs,S3FIFO+WB,S3FIFO,WB,deferred,12588.7906,1839.822584,12080.669264,1409,88.0625,104633,105710,183867,calib_c1 20261008-130316-m7-c1; i>=80 linear extrap
20261010-054330-d4-sim,2026-10-10T05:45:12+00:00,conversation,0.5,91395,3.69,nfs,S3FIFO+WB2,S3FIFO,WB2,deferred,12588.7906,1839.822584,12080.669264,0,0.0,104633,105710,183867,calib_c1 20261008-130316-m7-c1; i>=80 linear extrap
20261010-054330-d4-sim,2026-10-10T05:45:12+00:00,conversation,0.5,91395,3.69,nfs,S3FIFO+H2,S3FIFO,H2,deferred,12588.7906,1839.822584,12080.669264,475,29.6875,104633,105710,183867,calib_c1 20261008-130316-m7-c1; i>=80 linear extrap
20261010-054330-d4-sim,2026-10-10T05:45:12+00:00,conversation,0.5,91395,3.69,nfs,S3FIFO+NONE,S3FIFO,NONE,deferred,12588.7906,1839.822584,12080.669264,0,0.0,104633,105710,183867,calib_c1 20261008-130316-m7-c1; i>=80 linear extrap
20261010-054330-d4-sim,2026-10-10T05:45:13+00:00,conversation,0.5,91395,3.69,nfs,WTPa+WBR,WTPa,WBR,wtp_a,12539.449046,1790.48103,12026.610045,0,0.0,105710,105710,44144,calib_c1 20261008-130316-m7-c1; i>=80 linear extrap
20261010-054330-d4-sim,2026-10-10T05:45:13+00:00,conversation,0.5,91395,3.69,nfs,WTPa+WTR,WTPa,WTR,wtp_a,12539.449046,1790.48103,12026.610045,475,29.6875,105710,105710,44144,calib_c1 20261008-130316-m7-c1; i>=80 linear extrap
20261010-054330-d4-sim,2026-10-10T05:45:13+00:00,conversation,0.5,91395,3.69,nfs,WTPb+WB,WTPb,WB,wtp_b,12660.619655,1911.651639,12161.924604,1979,123.6875,100990,105710,46710,calib_c1 20261008-130316-m7-c1; i>=80 linear extrap
20261010-054330-d4-sim,2026-10-10T05:45:14+00:00,conversation,0.5,91395,3.69,nfs,OPT-BELADY,BELADY,NEED,opt,12539.449046,1790.48103,12026.610045,0,0.0,105710,105710,44144,calib_c1 20261008-130316-m7-c1; i>=80 linear extrap
20261010-054330-d4-sim,2026-10-10T05:45:14+00:00,conversation,0.5,91395,3.69,nfs,OPT-COST,COSTBELADY,NEED,opt,12539.449046,1790.48103,12026.610045,0,0.0,105710,105710,44144,calib_c1 20261008-130316-m7-c1; i>=80 linear extrap
20261010-054330-d4-sim,2026-10-10T05:45:14+00:00,conversation,0.5,91395,11.6,local,LRU+WT,LRU,WT,deferred,11321.916279,572.948263,11254.847157,182790,11424.375,104759,105710,183741,calib_c1 20261008-130316-m7-c1; i>=80 linear extrap
20261010-054330-d4-sim,2026-10-10T05:45:15+00:00,conversation,0.5,91395,11.6,local,LRU+WB,LRU,WB,deferred,11321.916279,572.948263,11254.847157,92346,5771.625,104759,105710,183741,calib_c1 20261008-130316-m7-c1; i>=80 linear extrap
20261010-054330-d4-sim,2026-10-10T05:45:15+00:00,conversation,0.5,91395,11.6,local,LRU+WB2,LRU,WB2,deferred,11366.101372,617.133356,11299.957335,19753,1234.5625,104759,105710,183741,calib_c1 20261008-130316-m7-c1; i>=80 linear extrap
20261010-054330-d4-sim,2026-10-10T05:45:15+00:00,conversation,0.5,91395,11.6,local,LRU+H2,LRU,H2,deferred,11366.101372,617.133356,11299.957335,44144,2759.0,104759,105710,183741,calib_c1 20261008-130316-m7-c1; i>=80 linear extrap
20261010-054330-d4-sim,2026-10-10T05:45:16+00:00,conversation,0.5,91395,11.6,local,LRU+NONE,LRU,NONE,deferred,11371.495862,622.527846,11305.821706,0,0.0,104759,105710,183741,calib_c1 20261008-130316-m7-c1; i>=80 linear extrap
20261010-054330-d4-sim,2026-10-10T05:45:16+00:00,conversation,0.5,91395,11.6,local,2HIT+WT,2HIT,WT,deferred,11475.888339,726.920323,11369.043785,182790,11424.375,61566,105710,44144,calib_c1 20261008-130316-m7-c1; i>=80 linear extrap
20261010-054330-d4-sim,2026-10-10T05:45:16+00:00,conversation,0.5,91395,11.6,local,2HIT+WB,2HIT,WB,deferred,11475.888339,726.920323,11369.043785,182790,11424.375,61566,105710,44144,calib_c1 20261008-130316-m7-c1; i>=80 linear extrap
20261010-054330-d4-sim,2026-10-10T05:45:17+00:00,conversation,0.5,91395,11.6,local,2HIT+WB2,2HIT,WB2,deferred,13519.162192,2770.194176,13383.998705,0,0.0,61566,105710,44144,calib_c1 20261008-130316-m7-c1; i>=80 linear extrap
20261010-054330-d4-sim,2026-10-10T05:45:17+00:00,conversation,0.5,91395,11.6,local,2HIT+H2,2HIT,H2,deferred,13519.162192,2770.194176,13383.998705,44144,2759.0,61566,105710,44144,calib_c1 20261008-130316-m7-c1; i>=80 linear extrap
20261010-054330-d4-sim,2026-10-10T05:45:17+00:00,conversation,0.5,91395,11.6,local,2HIT+NONE,2HIT,NONE,deferred,13519.162192,2770.194176,13383.998705,0,0.0,61566,105710,44144,calib_c1 20261008-130316-m7-c1; i>=80 linear extrap
20261010-054330-d4-sim,2026-10-10T05:45:17+00:00,conversation,0.5,91395,11.6,local,SLRU+WT,SLRU,WT,deferred,11322.365437,573.397421,11255.16044,182790,11424.375,104633,105710,183867,calib_c1 20261008-130316-m7-c1; i>=80 linear extrap
20261010-054330-d4-sim,2026-10-10T05:45:18+00:00,conversation,0.5,91395,11.6,local,SLRU+WB,SLRU,WB,deferred,11322.365437,573.397421,11255.16044,92452,5778.25,104633,105710,183867,calib_c1 20261008-130316-m7-c1; i>=80 linear extrap
20261010-054330-d4-sim,2026-10-10T05:45:18+00:00,conversation,0.5,91395,11.6,local,SLRU+WB2,SLRU,WB2,deferred,11380.306828,631.338812,11314.300308,20,1.25,104633,105710,183867,calib_c1 20261008-130316-m7-c1; i>=80 linear extrap
20261010-054330-d4-sim,2026-10-10T05:45:18+00:00,conversation,0.5,91395,11.6,local,SLRU+H2,SLRU,H2,deferred,11380.306828,631.338812,11314.300308,44144,2759.0,104633,105710,183867,calib_c1 20261008-130316-m7-c1; i>=80 linear extrap
20261010-054330-d4-sim,2026-10-10T05:45:19+00:00,conversation,0.5,91395,11.6,local,SLRU+NONE,SLRU,NONE,deferred,11380.306828,631.338812,11314.300308,0,0.0,104633,105710,183867,calib_c1 20261008-130316-m7-c1; i>=80 linear extrap
20261010-054330-d4-sim,2026-10-10T05:45:19+00:00,conversation,0.5,91395,11.6,local,ARC+WT,ARC,WT,deferred,11322.365437,573.397421,11255.16044,182790,11424.375,104633,105710,183867,calib_c1 20261008-130316-m7-c1; i>=80 linear extrap
20261010-054330-d4-sim,2026-10-10T05:45:19+00:00,conversation,0.5,91395,11.6,local,ARC+WB,ARC,WB,deferred,11322.365437,573.397421,11255.16044,92472,5779.5,104633,105710,183867,calib_c1 20261008-130316-m7-c1; i>=80 linear extrap
20261010-054330-d4-sim,2026-10-10T05:45:19+00:00,conversation,0.5,91395,11.6,local,ARC+WB2,ARC,WB2,deferred,11380.306828,631.338812,11314.300308,0,0.0,104633,105710,183867,calib_c1 20261008-130316-m7-c1; i>=80 linear extrap
20261010-054330-d4-sim,2026-10-10T05:45:20+00:00,conversation,0.5,91395,11.6,local,ARC+H2,ARC,H2,deferred,11380.306828,631.338812,11314.300308,44144,2759.0,104633,105710,183867,calib_c1 20261008-130316-m7-c1; i>=80 linear extrap
20261010-054330-d4-sim,2026-10-10T05:45:20+00:00,conversation,0.5,91395,11.6,local,ARC+NONE,ARC,NONE,deferred,11380.306828,631.338812,11314.300308,0,0.0,104633,105710,183867,calib_c1 20261008-130316-m7-c1; i>=80 linear extrap
20261010-054330-d4-sim,2026-10-10T05:45:20+00:00,conversation,0.5,91395,11.6,local,S3FIFO+WT,S3FIFO,WT,deferred,11322.365437,573.397421,11255.16044,182790,11424.375,104633,105710,183867,calib_c1 20261008-130316-m7-c1; i>=80 linear extrap
20261010-054330-d4-sim,2026-10-10T05:45:21+00:00,conversation,0.5,91395,11.6,local,S3FIFO+WB,S3FIFO,WB,deferred,11322.365437,573.397421,11255.16044,92472,5779.5,104633,105710,183867,calib_c1 20261008-130316-m7-c1; i>=80 linear extrap
20261010-054330-d4-sim,2026-10-10T05:45:21+00:00,conversation,0.5,91395,11.6,local,S3FIFO+WB2,S3FIFO,WB2,deferred,11380.306828,631.338812,11314.300308,0,0.0,104633,105710,183867,calib_c1 20261008-130316-m7-c1; i>=80 linear extrap
20261010-054330-d4-sim,2026-10-10T05:45:21+00:00,conversation,0.5,91395,11.6,local,S3FIFO+H2,S3FIFO,H2,deferred,11380.306828,631.338812,11314.300308,44144,2759.0,104633,105710,183867,calib_c1 20261008-130316-m7-c1; i>=80 linear extrap
20261010-054330-d4-sim,2026-10-10T05:45:22+00:00,conversation,0.5,91395,11.6,local,S3FIFO+NONE,S3FIFO,NONE,deferred,11380.306828,631.338812,11314.300308,0,0.0,104633,105710,183867,calib_c1 20261008-130316-m7-c1; i>=80 linear extrap
20261010-054330-d4-sim,2026-10-10T05:45:22+00:00,conversation,0.5,91395,11.6,local,WTPa+WBR,WTPa,WBR,wtp_a,11318.526206,569.55819,11252.359085,0,0.0,105710,105710,44144,calib_c1 20261008-130316-m7-c1; i>=80 linear extrap
20261010-054330-d4-sim,2026-10-10T05:45:22+00:00,conversation,0.5,91395,11.6,local,WTPa+WTR,WTPa,WTR,wtp_a,11318.526206,569.55819,11252.359085,44144,2759.0,105710,105710,44144,calib_c1 20261008-130316-m7-c1; i>=80 linear extrap
20261010-054330-d4-sim,2026-10-10T05:45:22+00:00,conversation,0.5,91395,11.6,local,WTPb+WB,WTPb,WB,wtp_b,11335.351805,586.383789,11264.971406,137057,8566.0625,100990,105710,46710,calib_c1 20261008-130316-m7-c1; i>=80 linear extrap
20261010-054330-d4-sim,2026-10-10T05:45:23+00:00,conversation,0.5,91395,11.6,local,OPT-BELADY,BELADY,NEED,opt,11318.526206,569.55819,11252.359085,0,0.0,105710,105710,44144,calib_c1 20261008-130316-m7-c1; i>=80 linear extrap
20261010-054330-d4-sim,2026-10-10T05:45:23+00:00,conversation,0.5,91395,11.6,local,OPT-COST,COSTBELADY,NEED,opt,11318.526206,569.55819,11252.359085,0,0.0,105710,105710,44144,calib_c1 20261008-130316-m7-c1; i>=80 linear extrap
20261010-054330-d4-sim,2026-10-10T05:45:24+00:00,conversation,0.5,91395,11.6,nfs,LRU+WT,LRU,WT,deferred,11371.495862,622.527846,11305.821706,2479,154.9375,104759,105710,183741,calib_c1 20261008-130316-m7-c1; i>=80 linear extrap
20261010-054330-d4-sim,2026-10-10T05:45:24+00:00,conversation,0.5,91395,11.6,nfs,LRU+WB,LRU,WB,deferred,11371.495862,622.527846,11305.821706,1261,78.8125,104759,105710,183741,calib_c1 20261008-130316-m7-c1; i>=80 linear extrap
20261010-054330-d4-sim,2026-10-10T05:45:24+00:00,conversation,0.5,91395,11.6,nfs,LRU+WB2,LRU,WB2,deferred,11371.495862,622.527846,11305.821706,233,14.5625,104759,105710,183741,calib_c1 20261008-130316-m7-c1; i>=80 linear extrap
20261010-054330-d4-sim,2026-10-10T05:45:24+00:00,conversation,0.5,91395,11.6,nfs,LRU+H2,LRU,H2,deferred,11371.495862,622.527846,11305.821706,475,29.6875,104759,105710,183741,calib_c1 20261008-130316-m7-c1; i>=80 linear extrap
20261010-054330-d4-sim,2026-10-10T05:45:25+00:00,conversation,0.5,91395,11.6,nfs,LRU+NONE,LRU,NONE,deferred,11371.495862,622.527846,11305.821706,0,0.0,104759,105710,183741,calib_c1 20261008-130316-m7-c1; i>=80 linear extrap
20261010-054330-d4-sim,2026-10-10T05:45:25+00:00,conversation,0.5,91395,11.6,nfs,2HIT+WT,2HIT,WT,deferred,13509.346132,2760.378116,13288.432382,2479,154.9375,61566,105710,44144,calib_c1 20261008-130316-m7-c1; i>=80 linear extrap
20261010-054330-d4-sim,2026-10-10T05:45:25+00:00,conversation,0.5,91395,11.6,nfs,2HIT+WB,2HIT,WB,deferred,13509.346132,2760.378116,13288.432382,2479,154.9375,61566,105710,44144,calib_c1 20261008-130316-m7-c1; i>=80 linear extrap
20261010-054330-d4-sim,2026-10-10T05:45:26+00:00,conversation,0.5,91395,11.6,nfs,2HIT+WB2,2HIT,WB2,deferred,13519.162192,2770.194176,13383.998705,0,0.0,61566,105710,44144,calib_c1 20261008-130316-m7-c1; i>=80 linear extrap
20261010-054330-d4-sim,2026-10-10T05:45:26+00:00,conversation,0.5,91395,11.6,nfs,2HIT+H2,2HIT,H2,deferred,13519.162192,2770.194176,13383.998705,475,29.6875,61566,105710,44144,calib_c1 20261008-130316-m7-c1; i>=80 linear extrap
20261010-054330-d4-sim,2026-10-10T05:45:26+00:00,conversation,0.5,91395,11.6,nfs,2HIT+NONE,2HIT,NONE,deferred,13519.162192,2770.194176,13383.998705,0,0.0,61566,105710,44144,calib_c1 20261008-130316-m7-c1; i>=80 linear extrap
20261010-054330-d4-sim,2026-10-10T05:45:27+00:00,conversation,0.5,91395,11.6,nfs,SLRU+WT,SLRU,WT,deferred,11380.306828,631.338812,11314.300308,2479,154.9375,104633,105710,183867,calib_c1 20261008-130316-m7-c1; i>=80 linear extrap
20261010-054330-d4-sim,2026-10-10T05:45:27+00:00,conversation,0.5,91395,11.6,nfs,SLRU+WB,SLRU,WB,deferred,11380.306828,631.338812,11314.300308,1409,88.0625,104633,105710,183867,calib_c1 20261008-130316-m7-c1; i>=80 linear extrap
20261010-054330-d4-sim,2026-10-10T05:45:27+00:00,conversation,0.5,91395,11.6,nfs,SLRU+WB2,SLRU,WB2,deferred,11380.306828,631.338812,11314.300308,0,0.0,104633,105710,183867,calib_c1 20261008-130316-m7-c1; i>=80 linear extrap
20261010-054330-d4-sim,2026-10-10T05:45:27+00:00,conversation,0.5,91395,11.6,nfs,SLRU+H2,SLRU,H2,deferred,11380.306828,631.338812,11314.300308,475,29.6875,104633,105710,183867,calib_c1 20261008-130316-m7-c1; i>=80 linear extrap
20261010-054330-d4-sim,2026-10-10T05:45:28+00:00,conversation,0.5,91395,11.6,nfs,SLRU+NONE,SLRU,NONE,deferred,11380.306828,631.338812,11314.300308,0,0.0,104633,105710,183867,calib_c1 20261008-130316-m7-c1; i>=80 linear extrap
20261010-054330-d4-sim,2026-10-10T05:45:28+00:00,conversation,0.5,91395,11.6,nfs,ARC+WT,ARC,WT,deferred,11380.306828,631.338812,11314.300308,2479,154.9375,104633,105710,183867,calib_c1 20261008-130316-m7-c1; i>=80 linear extrap
20261010-054330-d4-sim,2026-10-10T05:45:28+00:00,conversation,0.5,91395,11.6,nfs,ARC+WB,ARC,WB,deferred,11380.306828,631.338812,11314.300308,1409,88.0625,104633,105710,183867,calib_c1 20261008-130316-m7-c1; i>=80 linear extrap
20261010-054330-d4-sim,2026-10-10T05:45:29+00:00,conversation,0.5,91395,11.6,nfs,ARC+WB2,ARC,WB2,deferred,11380.306828,631.338812,11314.300308,0,0.0,104633,105710,183867,calib_c1 20261008-130316-m7-c1; i>=80 linear extrap
20261010-054330-d4-sim,2026-10-10T05:45:29+00:00,conversation,0.5,91395,11.6,nfs,ARC+H2,ARC,H2,deferred,11380.306828,631.338812,11314.300308,475,29.6875,104633,105710,183867,calib_c1 20261008-130316-m7-c1; i>=80 linear extrap
20261010-054330-d4-sim,2026-10-10T05:45:29+00:00,conversation,0.5,91395,11.6,nfs,ARC+NONE,ARC,NONE,deferred,11380.306828,631.338812,11314.300308,0,0.0,104633,105710,183867,calib_c1 20261008-130316-m7-c1; i>=80 linear extrap
20261010-054330-d4-sim,2026-10-10T05:45:29+00:00,conversation,0.5,91395,11.6,nfs,S3FIFO+WT,S3FIFO,WT,deferred,11380.306828,631.338812,11314.300308,2479,154.9375,104633,105710,183867,calib_c1 20261008-130316-m7-c1; i>=80 linear extrap
20261010-054330-d4-sim,2026-10-10T05:45:30+00:00,conversation,0.5,91395,11.6,nfs,S3FIFO+WB,S3FIFO,WB,deferred,11380.306828,631.338812,11314.300308,1409,88.0625,104633,105710,183867,calib_c1 20261008-130316-m7-c1; i>=80 linear extrap
20261010-054330-d4-sim,2026-10-10T05:45:30+00:00,conversation,0.5,91395,11.6,nfs,S3FIFO+WB2,S3FIFO,WB2,deferred,11380.306828,631.338812,11314.300308,0,0.0,104633,105710,183867,calib_c1 20261008-130316-m7-c1; i>=80 linear extrap
20261010-054330-d4-sim,2026-10-10T05:45:30+00:00,conversation,0.5,91395,11.6,nfs,S3FIFO+H2,S3FIFO,H2,deferred,11380.306828,631.338812,11314.300308,475,29.6875,104633,105710,183867,calib_c1 20261008-130316-m7-c1; i>=80 linear extrap
20261010-054330-d4-sim,2026-10-10T05:45:31+00:00,conversation,0.5,91395,11.6,nfs,S3FIFO+NONE,S3FIFO,NONE,deferred,11380.306828,631.338812,11314.300308,0,0.0,104633,105710,183867,calib_c1 20261008-130316-m7-c1; i>=80 linear extrap
20261010-054330-d4-sim,2026-10-10T05:45:31+00:00,conversation,0.5,91395,11.6,nfs,WTPa+WBR,WTPa,WBR,wtp_a,11318.526206,569.55819,11252.359085,0,0.0,105710,105710,44144,calib_c1 20261008-130316-m7-c1; i>=80 linear extrap
20261010-054330-d4-sim,2026-10-10T05:45:31+00:00,conversation,0.5,91395,11.6,nfs,WTPa+WTR,WTPa,WTR,wtp_a,11318.526206,569.55819,11252.359085,475,29.6875,105710,105710,44144,calib_c1 20261008-130316-m7-c1; i>=80 linear extrap
20261010-054330-d4-sim,2026-10-10T05:45:32+00:00,conversation,0.5,91395,11.6,nfs,WTPb+WB,WTPb,WB,wtp_b,11494.211579,745.243563,11424.736599,1979,123.6875,100990,105710,46710,calib_c1 20261008-130316-m7-c1; i>=80 linear extrap
20261010-054330-d4-sim,2026-10-10T05:45:32+00:00,conversation,0.5,91395,11.6,nfs,OPT-BELADY,BELADY,NEED,opt,11318.526206,569.55819,11252.359085,0,0.0,105710,105710,44144,calib_c1 20261008-130316-m7-c1; i>=80 linear extrap
20261010-054330-d4-sim,2026-10-10T05:45:32+00:00,conversation,0.5,91395,11.6,nfs,OPT-COST,COSTBELADY,NEED,opt,11318.526206,569.55819,11252.359085,0,0.0,105710,105710,44144,calib_c1 20261008-130316-m7-c1; i>=80 linear extrap
20261010-054330-d4-sim,2026-10-10T05:45:33+00:00,synthetic,0.1,4392,3.69,local,LRU+WT,LRU,WT,deferred,3150.307037,697.888008,3013.309437,43924,2745.25,31668,77953,90209,calib_c1 20261008-130316-m7-c1; i>=80 linear extrap
20261010-054330-d4-sim,2026-10-10T05:45:33+00:00,synthetic,0.1,4392,3.69,local,LRU+WB,LRU,WB,deferred,3185.568764,733.149735,3033.834768,43536,2721.0,31668,77953,90209,calib_c1 20261008-130316-m7-c1; i>=80 linear extrap
20261010-054330-d4-sim,2026-10-10T05:45:34+00:00,synthetic,0.1,4392,3.69,local,LRU+WB2,LRU,WB2,deferred,3948.177271,1495.758242,3803.26082,17800,1112.5,31668,77953,90209,calib_c1 20261008-130316-m7-c1; i>=80 linear extrap
20261010-054330-d4-sim,2026-10-10T05:45:34+00:00,synthetic,0.1,4392,3.69,local,LRU+H2,LRU,H2,deferred,3907.262168,1454.843139,3780.099467,18251,1140.6875,31668,77953,90209,calib_c1 20261008-130316-m7-c1; i>=80 linear extrap
20261010-054330-d4-sim,2026-10-10T05:45:34+00:00,synthetic,0.1,4392,3.69,local,LRU+NONE,LRU,NONE,deferred,5863.054781,3410.635752,5699.434797,0,0.0,31668,77953,90209,calib_c1 20261008-130316-m7-c1; i>=80 linear extrap
20261010-054330-d4-sim,2026-10-10T05:45:34+00:00,synthetic,0.1,4392,3.69,local,2HIT+WT,2HIT,WT,deferred,3150.307037,697.888008,3013.309437,43924,2745.25,32998,77953,44955,calib_c1 20261008-130316-m7-c1; i>=80 linear extrap
20261010-054330-d4-sim,2026-10-10T05:45:34+00:00,synthetic,0.1,4392,3.69,local,2HIT+WB,2HIT,WB,deferred,3150.307037,697.888008,3013.309437,43924,2745.25,32998,77953,44955,calib_c1 20261008-130316-m7-c1; i>=80 linear extrap
20261010-054330-d4-sim,2026-10-10T05:45:34+00:00,synthetic,0.1,4392,3.69,local,2HIT+WB2,2HIT,WB2,deferred,4149.347328,1696.928298,4008.151181,17790,1111.875,32998,77953,44955,calib_c1 20261008-130316-m7-c1; i>=80 linear extrap
20261010-054330-d4-sim,2026-10-10T05:45:34+00:00,synthetic,0.1,4392,3.69,local,2HIT+H2,2HIT,H2,deferred,4082.808384,1630.389355,3970.279998,18251,1140.6875,32998,77953,44955,calib_c1 20261008-130316-m7-c1; i>=80 linear extrap
20261010-054330-d4-sim,2026-10-10T05:45:34+00:00,synthetic,0.1,4392,3.69,local,2HIT+NONE,2HIT,NONE,deferred,5849.820576,3397.401547,5676.082085,0,0.0,32998,77953,44955,calib_c1 20261008-130316-m7-c1; i>=80 linear extrap
20261010-054330-d4-sim,2026-10-10T05:45:34+00:00,synthetic,0.1,4392,3.69,local,SLRU+WT,SLRU,WT,deferred,3150.307037,697.888008,3013.309437,43924,2745.25,27803,77953,94074,calib_c1 20261008-130316-m7-c1; i>=80 linear extrap
20261010-054330-d4-sim,2026-10-10T05:45:34+00:00,synthetic,0.1,4392,3.69,local,SLRU+WB,SLRU,WB,deferred,3206.88071,754.461681,3045.130078,43425,2714.0625,27803,77953,94074,calib_c1 20261008-130316-m7-c1; i>=80 linear extrap
20261010-054330-d4-sim,2026-10-10T05:45:34+00:00,synthetic,0.1,4392,3.69,local,SLRU+WB2,SLRU,WB2,deferred,4087.50907,1635.090041,3933.309255,17576,1098.5,27803,77953,94074,calib_c1 20261008-130316-m7-c1; i>=80 linear extrap
20261010-054330-d4-sim,2026-10-10T05:45:34+00:00,synthetic,0.1,4392,3.69,local,SLRU+H2,SLRU,H2,deferred,4012.969164,1560.550135,3891.389951,18251,1140.6875,27803,77953,94074,calib_c1 20261008-130316-m7-c1; i>=80 linear extrap
20261010-054330-d4-sim,2026-10-10T05:45:34+00:00,synthetic,0.1,4392,3.69,local,SLRU+NONE,SLRU,NONE,deferred,5967.991758,3515.572729,5822.361505,0,0.0,27803,77953,94074,calib_c1 20261008-130316-m7-c1; i>=80 linear extrap
20261010-054330-d4-sim,2026-10-10T05:45:34+00:00,synthetic,0.1,4392,3.69,local,ARC+WT,ARC,WT,deferred,3150.307037,697.888008,3013.309437,43924,2745.25,32320,77953,89557,calib_c1 20261008-130316-m7-c1; i>=80 linear extrap
20261010-054330-d4-sim,2026-10-10T05:45:34+00:00,synthetic,0.1,4392,3.69,local,ARC+WB,ARC,WB,deferred,3186.694648,734.275619,3033.950824,43657,2728.5625,32320,77953,89557,calib_c1 20261008-130316-m7-c1; i>=80 linear extrap
20261010-054330-d4-sim,2026-10-10T05:45:34+00:00,synthetic,0.1,4392,3.69,local,ARC+WB2,ARC,WB2,deferred,4078.538825,1626.119796,3928.345651,17914,1119.625,32320,77953,89557,calib_c1 20261008-130316-m7-c1; i>=80 linear extrap
20261010-054330-d4-sim,2026-10-10T05:45:34+00:00,synthetic,0.1,4392,3.69,local,ARC+H2,ARC,H2,deferred,4010.362958,1557.943929,3888.837204,18251,1140.6875,32320,77953,89557,calib_c1 20261008-130316-m7-c1; i>=80 linear extrap
20261010-054330-d4-sim,2026-10-10T05:45:34+00:00,synthetic,0.1,4392,3.69,local,ARC+NONE,ARC,NONE,deferred,5863.745945,3411.326916,5692.047812,0,0.0,32320,77953,89557,calib_c1 20261008-130316-m7-c1; i>=80 linear extrap
20261010-054330-d4-sim,2026-10-10T05:45:35+00:00,synthetic,0.1,4392,3.69,local,S3FIFO+WT,S3FIFO,WT,deferred,3150.307037,697.888008,3013.309437,43924,2745.25,32828,77953,89049,calib_c1 20261008-130316-m7-c1; i>=80 linear extrap
20261010-054330-d4-sim,2026-10-10T05:45:35+00:00,synthetic,0.1,4392,3.69,local,S3FIFO+WB,S3FIFO,WB,deferred,3181.488433,729.069404,3031.053489,43687,2730.4375,32828,77953,89049,calib_c1 20261008-130316-m7-c1; i>=80 linear extrap
20261010-054330-d4-sim,2026-10-10T05:45:35+00:00,synthetic,0.1,4392,3.69,local,S3FIFO+WB2,S3FIFO,WB2,deferred,4126.741263,1674.322234,3968.203272,17406,1087.875,32828,77953,89049,calib_c1 20261008-130316-m7-c1; i>=80 linear extrap
20261010-054330-d4-sim,2026-10-10T05:45:35+00:00,synthetic,0.1,4392,3.69,local,S3FIFO+H2,S3FIFO,H2,deferred,4028.342198,1575.923169,3908.993605,18251,1140.6875,32828,77953,89049,calib_c1 20261008-130316-m7-c1; i>=80 linear extrap
20261010-054330-d4-sim,2026-10-10T05:45:35+00:00,synthetic,0.1,4392,3.69,local,S3FIFO+NONE,S3FIFO,NONE,deferred,5677.900765,3225.481736,5502.898508,0,0.0,32828,77953,89049,calib_c1 20261008-130316-m7-c1; i>=80 linear extrap
20261010-054330-d4-sim,2026-10-10T05:45:35+00:00,synthetic,0.1,4392,3.69,local,WTPa+WBR,WTPa,WBR,wtp_a,3225.046568,772.627539,3056.191688,16558,1034.875,44645,77953,43573,calib_c1 20261008-130316-m7-c1; i>=80 linear extrap
20261010-054330-d4-sim,2026-10-10T05:45:35+00:00,synthetic,0.1,4392,3.69,local,WTPa+WTR,WTPa,WTR,wtp_a,3150.307037,697.888008,3013.309437,18251,1140.6875,44645,77953,43573,calib_c1 20261008-130316-m7-c1; i>=80 linear extrap
20261010-054330-d4-sim,2026-10-10T05:45:35+00:00,synthetic,0.1,4392,3.69,local,WTPb+WB,WTPb,WB,wtp_b,3243.428021,791.008992,3069.094204,43498,2718.625,40020,77953,26792,calib_c1 20261008-130316-m7-c1; i>=80 linear extrap
20261010-054330-d4-sim,2026-10-10T05:45:35+00:00,synthetic,0.1,4392,3.69,local,OPT-BELADY,BELADY,NEED,opt,3643.036979,1190.61795,3298.996214,11836,739.75,61707,77953,27372,calib_c1 20261008-130316-m7-c1; i>=80 linear extrap
20261010-054330-d4-sim,2026-10-10T05:45:35+00:00,synthetic,0.1,4392,3.69,local,OPT-COST,COSTBELADY,NEED,opt,3150.307037,697.888008,3013.309437,18251,1140.6875,0,77953,0,calib_c1 20261008-130316-m7-c1; i>=80 linear extrap
20261010-054330-d4-sim,2026-10-10T05:45:36+00:00,synthetic,0.1,4392,3.69,nfs,LRU+WT,LRU,WT,deferred,5797.464141,3345.045112,5523.742202,352,22.0,31668,77953,90209,calib_c1 20261008-130316-m7-c1; i>=80 linear extrap
20261010-054330-d4-sim,2026-10-10T05:45:36+00:00,synthetic,0.1,4392,3.69,nfs,LRU+WB,LRU,WB,deferred,5797.464141,3345.045112,5523.742202,351,21.9375,31668,77953,90209,calib_c1 20261008-130316-m7-c1; i>=80 linear extrap
20261010-054330-d4-sim,2026-10-10T05:45:36+00:00,synthetic,0.1,4392,3.69,nfs,LRU+WB2,LRU,WB2,deferred,5797.464141,3345.045112,5523.742202,192,12.0,31668,77953,90209,calib_c1 20261008-130316-m7-c1; i>=80 linear extrap
20261010-054330-d4-sim,2026-10-10T05:45:36+00:00,synthetic,0.1,4392,3.69,nfs,LRU+H2,LRU,H2,deferred,5797.464141,3345.045112,5523.742202,192,12.0,31668,77953,90209,calib_c1 20261008-130316-m7-c1; i>=80 linear extrap
20261010-054330-d4-sim,2026-10-10T05:45:36+00:00,synthetic,0.1,4392,3.69,nfs,LRU+NONE,LRU,NONE,deferred,5863.054781,3410.635752,5699.434797,0,0.0,31668,77953,90209,calib_c1 20261008-130316-m7-c1; i>=80 linear extrap
20261010-054330-d4-sim,2026-10-10T05:45:36+00:00,synthetic,0.1,4392,3.69,nfs,2HIT+WT,2HIT,WT,deferred,5767.832277,3315.413248,5456.46634,352,22.0,32998,77953,44955,calib_c1 20261008-130316-m7-c1; i>=80 linear extrap
20261010-054330-d4-sim,2026-10-10T05:45:36+00:00,synthetic,0.1,4392,3.69,nfs,2HIT+WB,2HIT,WB,deferred,5767.832277,3315.413248,5456.46634,352,22.0,32998,77953,44955,calib_c1 20261008-130316-m7-c1; i>=80 linear extrap
20261010-054330-d4-sim,2026-10-10T05:45:36+00:00,synthetic,0.1,4392,3.69,nfs,2HIT+WB2,2HIT,WB2,deferred,5784.229937,3331.810908,5500.389489,192,12.0,32998,77953,44955,calib_c1 20261008-130316-m7-c1; i>=80 linear extrap
20261010-054330-d4-sim,2026-10-10T05:45:36+00:00,synthetic,0.1,4392,3.69,nfs,2HIT+H2,2HIT,H2,deferred,5784.229937,3331.810908,5500.389489,192,12.0,32998,77953,44955,calib_c1 20261008-130316-m7-c1; i>=80 linear extrap
20261010-054330-d4-sim,2026-10-10T05:45:36+00:00,synthetic,0.1,4392,3.69,nfs,2HIT+NONE,2HIT,NONE,deferred,5849.820576,3397.401547,5676.082085,0,0.0,32998,77953,44955,calib_c1 20261008-130316-m7-c1; i>=80 linear extrap
20261010-054330-d4-sim,2026-10-10T05:45:36+00:00,synthetic,0.1,4392,3.69,nfs,SLRU+WT,SLRU,WT,deferred,5935.196438,3482.777409,5734.515207,352,22.0,27803,77953,94074,calib_c1 20261008-130316-m7-c1; i>=80 linear extrap
20261010-054330-d4-sim,2026-10-10T05:45:36+00:00,synthetic,0.1,4392,3.69,nfs,SLRU+WB,SLRU,WB,deferred,5935.196438,3482.777409,5734.515207,352,22.0,27803,77953,94074,calib_c1 20261008-130316-m7-c1; i>=80 linear extrap
20261010-054330-d4-sim,2026-10-10T05:45:36+00:00,synthetic,0.1,4392,3.69,nfs,SLRU+WB2,SLRU,WB2,deferred,5951.594098,3499.175069,5778.438356,192,12.0,27803,77953,94074,calib_c1 20261008-130316-m7-c1; i>=80 linear extrap
20261010-054330-d4-sim,2026-10-10T05:45:36+00:00,synthetic,0.1,4392,3.69,nfs,SLRU+H2,SLRU,H2,deferred,5951.594098,3499.175069,5778.438356,192,12.0,27803,77953,94074,calib_c1 20261008-130316-m7-c1; i>=80 linear extrap
20261010-054330-d4-sim,2026-10-10T05:45:36+00:00,synthetic,0.1,4392,3.69,nfs,SLRU+NONE,SLRU,NONE,deferred,5967.991758,3515.572729,5822.361505,0,0.0,27803,77953,94074,calib_c1 20261008-130316-m7-c1; i>=80 linear extrap
20261010-054330-d4-sim,2026-10-10T05:45:37+00:00,synthetic,0.1,4392,3.69,nfs,ARC+WT,ARC,WT,deferred,5798.155305,3345.736276,5516.355216,352,22.0,32320,77953,89557,calib_c1 20261008-130316-m7-c1; i>=80 linear extrap
20261010-054330-d4-sim,2026-10-10T05:45:37+00:00,synthetic,0.1,4392,3.69,nfs,ARC+WB,ARC,WB,deferred,5798.155305,3345.736276,5516.355216,351,21.9375,32320,77953,89557,calib_c1 20261008-130316-m7-c1; i>=80 linear extrap
20261010-054330-d4-sim,2026-10-10T05:45:37+00:00,synthetic,0.1,4392,3.69,nfs,ARC+WB2,ARC,WB2,deferred,5814.552965,3362.133936,5560.278365,192,12.0,32320,77953,89557,calib_c1 20261008-130316-m7-c1; i>=80 linear extrap
20261010-054330-d4-sim,2026-10-10T05:45:37+00:00,synthetic,0.1,4392,3.69,nfs,ARC+H2,ARC,H2,deferred,5814.552965,3362.133936,5560.278365,192,12.0,32320,77953,89557,calib_c1 20261008-130316-m7-c1; i>=80 linear extrap
20261010-054330-d4-sim,2026-10-10T05:45:37+00:00,synthetic,0.1,4392,3.69,nfs,ARC+NONE,ARC,NONE,deferred,5863.745945,3411.326916,5692.047812,0,0.0,32320,77953,89557,calib_c1 20261008-130316-m7-c1; i>=80 linear extrap
20261010-054330-d4-sim,2026-10-10T05:45:37+00:00,synthetic,0.1,4392,3.69,nfs,S3FIFO+WT,S3FIFO,WT,deferred,5661.503105,3209.084076,5458.975359,352,22.0,32828,77953,89049,calib_c1 20261008-130316-m7-c1; i>=80 linear extrap
20261010-054330-d4-sim,2026-10-10T05:45:37+00:00,synthetic,0.1,4392,3.69,nfs,S3FIFO+WB,S3FIFO,WB,deferred,5661.503105,3209.084076,5458.975359,352,22.0,32828,77953,89049,calib_c1 20261008-130316-m7-c1; i>=80 linear extrap
20261010-054330-d4-sim,2026-10-10T05:45:37+00:00,synthetic,0.1,4392,3.69,nfs,S3FIFO+WB2,S3FIFO,WB2,deferred,5677.900765,3225.481736,5502.898508,0,0.0,32828,77953,89049,calib_c1 20261008-130316-m7-c1; i>=80 linear extrap
20261010-054330-d4-sim,2026-10-10T05:45:37+00:00,synthetic,0.1,4392,3.69,nfs,S3FIFO+H2,S3FIFO,H2,deferred,5677.900765,3225.481736,5502.898508,192,12.0,32828,77953,89049,calib_c1 20261008-130316-m7-c1; i>=80 linear extrap
20261010-054330-d4-sim,2026-10-10T05:45:37+00:00,synthetic,0.1,4392,3.69,nfs,S3FIFO+NONE,S3FIFO,NONE,deferred,5677.900765,3225.481736,5502.898508,0,0.0,32828,77953,89049,calib_c1 20261008-130316-m7-c1; i>=80 linear extrap
20261010-054330-d4-sim,2026-10-10T05:45:37+00:00,synthetic,0.1,4392,3.69,nfs,WTPa+WBR,WTPa,WBR,wtp_a,5207.945097,2755.526067,4922.928073,192,12.0,44645,77953,43573,calib_c1 20261008-130316-m7-c1; i>=80 linear extrap
20261010-054330-d4-sim,2026-10-10T05:45:37+00:00,synthetic,0.1,4392,3.69,nfs,WTPa+WTR,WTPa,WTR,wtp_a,5207.945097,2755.526067,4922.928073,192,12.0,44645,77953,43573,calib_c1 20261008-130316-m7-c1; i>=80 linear extrap
20261010-054330-d4-sim,2026-10-10T05:45:37+00:00,synthetic,0.1,4392,3.69,nfs,WTPb+WB,WTPb,WB,wtp_b,5353.589466,2901.170437,5120.582874,351,21.9375,40020,77953,26792,calib_c1 20261008-130316-m7-c1; i>=80 linear extrap
20261010-054330-d4-sim,2026-10-10T05:45:37+00:00,synthetic,0.1,4392,3.69,nfs,OPT-BELADY,BELADY,NEED,opt,4462.749889,2010.33086,4139.837132,108,6.75,61707,77953,27372,calib_c1 20261008-130316-m7-c1; i>=80 linear extrap
20261010-054330-d4-sim,2026-10-10T05:45:37+00:00,synthetic,0.1,4392,3.69,nfs,OPT-COST,COSTBELADY,NEED,opt,4323.129998,1870.710969,3900.42443,0,0.0,59397,77953,27441,calib_c1 20261008-130316-m7-c1; i>=80 linear extrap
20261010-054330-d4-sim,2026-10-10T05:45:38+00:00,synthetic,0.1,4392,11.6,local,LRU+WT,LRU,WT,deferred,3037.418671,584.999642,2933.648339,43924,2745.25,31668,77953,90209,calib_c1 20261008-130316-m7-c1; i>=80 linear extrap
20261010-054330-d4-sim,2026-10-10T05:45:38+00:00,synthetic,0.1,4392,11.6,local,LRU+WB,LRU,WB,deferred,3037.418671,584.999642,2933.648339,43536,2721.0,31668,77953,90209,calib_c1 20261008-130316-m7-c1; i>=80 linear extrap
20261010-054330-d4-sim,2026-10-10T05:45:38+00:00,synthetic,0.1,4392,11.6,local,LRU+WB2,LRU,WB2,deferred,3767.304677,1314.885648,3684.3065,17800,1112.5,31668,77953,90209,calib_c1 20261008-130316-m7-c1; i>=80 linear extrap
20261010-054330-d4-sim,2026-10-10T05:45:38+00:00,synthetic,0.1,4392,11.6,local,LRU+H2,LRU,H2,deferred,3767.304677,1314.885648,3684.3065,18251,1140.6875,31668,77953,90209,calib_c1 20261008-130316-m7-c1; i>=80 linear extrap
20261010-054330-d4-sim,2026-10-10T05:45:38+00:00,synthetic,0.1,4392,11.6,local,LRU+NONE,LRU,NONE,deferred,5497.297667,3044.878638,5471.981521,0,0.0,31668,77953,90209,calib_c1 20261008-130316-m7-c1; i>=80 linear extrap
20261010-054330-d4-sim,2026-10-10T05:45:38+00:00,synthetic,0.1,4392,11.6,local,2HIT+WT,2HIT,WT,deferred,3032.677559,580.25853,2930.385515,43924,2745.25,32998,77953,44955,calib_c1 20261008-130316-m7-c1; i>=80 linear extrap
20261010-054330-d4-sim,2026-10-10T05:45:38+00:00,synthetic,0.1,4392,11.6,local,2HIT+WB,2HIT,WB,deferred,3032.677559,580.25853,2930.385515,43924,2745.25,32998,77953,44955,calib_c1 20261008-130316-m7-c1; i>=80 linear extrap
20261010-054330-d4-sim,2026-10-10T05:45:38+00:00,synthetic,0.1,4392,11.6,local,2HIT+WB2,2HIT,WB2,deferred,3965.178906,1512.759877,3886.914544,17790,1111.875,32998,77953,44955,calib_c1 20261008-130316-m7-c1; i>=80 linear extrap
20261010-054330-d4-sim,2026-10-10T05:45:38+00:00,synthetic,0.1,4392,11.6,local,2HIT+H2,2HIT,H2,deferred,3965.178906,1512.759877,3886.914544,18251,1140.6875,32998,77953,44955,calib_c1 20261008-130316-m7-c1; i>=80 linear extrap
20261010-054330-d4-sim,2026-10-10T05:45:38+00:00,synthetic,0.1,4392,11.6,local,2HIT+NONE,2HIT,NONE,deferred,5468.70231,3016.283281,5438.92381,0,0.0,32998,77953,44955,calib_c1 20261008-130316-m7-c1; i>=80 linear extrap
20261010-054330-d4-sim,2026-10-10T05:45:38+00:00,synthetic,0.1,4392,11.6,local,SLRU+WT,SLRU,WT,deferred,3051.196413,598.777384,2943.365612,43924,2745.25,27803,77953,94074,calib_c1 20261008-130316-m7-c1; i>=80 linear extrap
20261010-054330-d4-sim,2026-10-10T05:45:39+00:00,synthetic,0.1,4392,11.6,local,SLRU+WB,SLRU,WB,deferred,3051.196413,598.777384,2943.365612,43425,2714.0625,27803,77953,94074,calib_c1 20261008-130316-m7-c1; i>=80 linear extrap
20261010-054330-d4-sim,2026-10-10T05:45:39+00:00,synthetic,0.1,4392,11.6,local,SLRU+WB2,SLRU,WB2,deferred,3898.894663,1446.475634,3812.517531,17576,1098.5,27803,77953,94074,calib_c1 20261008-130316-m7-c1; i>=80 linear extrap
20261010-054330-d4-sim,2026-10-10T05:45:39+00:00,synthetic,0.1,4392,11.6,local,SLRU+H2,SLRU,H2,deferred,3898.894663,1446.475634,3812.517531,18251,1140.6875,27803,77953,94074,calib_c1 20261008-130316-m7-c1; i>=80 linear extrap
20261010-054330-d4-sim,2026-10-10T05:45:39+00:00,synthetic,0.1,4392,11.6,local,SLRU+NONE,SLRU,NONE,deferred,5646.874383,3194.455354,5621.585268,0,0.0,27803,77953,94074,calib_c1 20261008-130316-m7-c1; i>=80 linear extrap
20261010-054330-d4-sim,2026-10-10T05:45:39+00:00,synthetic,0.1,4392,11.6,local,ARC+WT,ARC,WT,deferred,3035.094456,582.675427,2931.972646,43924,2745.25,32320,77953,89557,calib_c1 20261008-130316-m7-c1; i>=80 linear extrap
20261010-054330-d4-sim,2026-10-10T05:45:39+00:00,synthetic,0.1,4392,11.6,local,ARC+WB,ARC,WB,deferred,3035.094456,582.675427,2931.972646,43657,2728.5625,32320,77953,89557,calib_c1 20261008-130316-m7-c1; i>=80 linear extrap
20261010-054330-d4-sim,2026-10-10T05:45:39+00:00,synthetic,0.1,4392,11.6,local,ARC+WB2,ARC,WB2,deferred,3879.348077,1426.929048,3798.140262,17914,1119.625,32320,77953,89557,calib_c1 20261008-130316-m7-c1; i>=80 linear extrap
20261010-054330-d4-sim,2026-10-10T05:45:39+00:00,synthetic,0.1,4392,11.6,local,ARC+H2,ARC,H2,deferred,3879.348077,1426.929048,3798.140262,18251,1140.6875,32320,77953,89557,calib_c1 20261008-130316-m7-c1; i>=80 linear extrap
20261010-054330-d4-sim,2026-10-10T05:45:39+00:00,synthetic,0.1,4392,11.6,local,ARC+NONE,ARC,NONE,deferred,5490.458402,3038.039373,5460.918984,0,0.0,32320,77953,89557,calib_c1 20261008-130316-m7-c1; i>=80 linear extrap
20261010-054330-d4-sim,2026-10-10T05:45:39+00:00,synthetic,0.1,4392,11.6,local,S3FIFO+WT,S3FIFO,WT,deferred,3033.283566,580.864537,2930.244858,43924,2745.25,32828,77953,89049,calib_c1 20261008-130316-m7-c1; i>=80 linear extrap
20261010-054330-d4-sim,2026-10-10T05:45:39+00:00,synthetic,0.1,4392,11.6,local,S3FIFO+WB,S3FIFO,WB,deferred,3033.283566,580.864537,2930.244858,43687,2730.4375,32828,77953,89049,calib_c1 20261008-130316-m7-c1; i>=80 linear extrap
20261010-054330-d4-sim,2026-10-10T05:45:39+00:00,synthetic,0.1,4392,11.6,local,S3FIFO+WB2,S3FIFO,WB2,deferred,3899.540863,1447.121834,3818.749728,17406,1087.875,32828,77953,89049,calib_c1 20261008-130316-m7-c1; i>=80 linear extrap
20261010-054330-d4-sim,2026-10-10T05:45:39+00:00,synthetic,0.1,4392,11.6,local,S3FIFO+H2,S3FIFO,H2,deferred,3899.540863,1447.121834,3818.749728,18251,1140.6875,32828,77953,89049,calib_c1 20261008-130316-m7-c1; i>=80 linear extrap
20261010-054330-d4-sim,2026-10-10T05:45:39+00:00,synthetic,0.1,4392,11.6,local,S3FIFO+NONE,S3FIFO,NONE,deferred,5298.745955,2846.326926,5267.269211,0,0.0,32828,77953,89049,calib_c1 20261008-130316-m7-c1; i>=80 linear extrap
20261010-054330-d4-sim,2026-10-10T05:45:39+00:00,synthetic,0.1,4392,11.6,local,WTPa+WBR,WTPa,WBR,wtp_a,2991.158966,538.739937,2900.884267,16558,1034.875,44645,77953,43573,calib_c1 20261008-130316-m7-c1; i>=80 linear extrap
20261010-054330-d4-sim,2026-10-10T05:45:39+00:00,synthetic,0.1,4392,11.6,local,WTPa+WTR,WTPa,WTR,wtp_a,2991.158966,538.739937,2900.884267,18251,1140.6875,44645,77953,43573,calib_c1 20261008-130316-m7-c1; i>=80 linear extrap
20261010-054330-d4-sim,2026-10-10T05:45:39+00:00,synthetic,0.1,4392,11.6,local,WTPb+WB,WTPb,WB,wtp_b,3007.645915,555.226886,2912.339577,43498,2718.625,40020,77953,26792,calib_c1 20261008-130316-m7-c1; i>=80 linear extrap
20261010-054330-d4-sim,2026-10-10T05:45:39+00:00,synthetic,0.1,4392,11.6,local,OPT-BELADY,BELADY,NEED,opt,2930.337275,477.918246,2858.34918,11836,739.75,61707,77953,27372,calib_c1 20261008-130316-m7-c1; i>=80 linear extrap
20261010-054330-d4-sim,2026-10-10T05:45:40+00:00,synthetic,0.1,4392,11.6,local,OPT-COST,COSTBELADY,NEED,opt,2932.247979,479.82895,2859.901071,12099,756.1875,61171,77953,27294,calib_c1 20261008-130316-m7-c1; i>=80 linear extrap
20261010-054330-d4-sim,2026-10-10T05:45:40+00:00,synthetic,0.1,4392,11.6,nfs,LRU+WT,LRU,WT,deferred,5431.707027,2979.287998,5296.288925,352,22.0,31668,77953,90209,calib_c1 20261008-130316-m7-c1; i>=80 linear extrap
20261010-054330-d4-sim,2026-10-10T05:45:40+00:00,synthetic,0.1,4392,11.6,nfs,LRU+WB,LRU,WB,deferred,5431.707027,2979.287998,5296.288925,351,21.9375,31668,77953,90209,calib_c1 20261008-130316-m7-c1; i>=80 linear extrap
20261010-054330-d4-sim,2026-10-10T05:45:40+00:00,synthetic,0.1,4392,11.6,nfs,LRU+WB2,LRU,WB2,deferred,5431.707027,2979.287998,5296.288925,192,12.0,31668,77953,90209,calib_c1 20261008-130316-m7-c1; i>=80 linear extrap
20261010-054330-d4-sim,2026-10-10T05:45:40+00:00,synthetic,0.1,4392,11.6,nfs,LRU+H2,LRU,H2,deferred,5431.707027,2979.287998,5296.288925,192,12.0,31668,77953,90209,calib_c1 20261008-130316-m7-c1; i>=80 linear extrap
20261010-054330-d4-sim,2026-10-10T05:45:40+00:00,synthetic,0.1,4392,11.6,nfs,LRU+NONE,LRU,NONE,deferred,5497.297667,3044.878638,5471.981521,0,0.0,31668,77953,90209,calib_c1 20261008-130316-m7-c1; i>=80 linear extrap
20261010-054330-d4-sim,2026-10-10T05:45:40+00:00,synthetic,0.1,4392,11.6,nfs,2HIT+WT,2HIT,WT,deferred,5386.714011,2934.294982,5219.308065,352,22.0,32998,77953,44955,calib_c1 20261008-130316-m7-c1; i>=80 linear extrap
20261010-054330-d4-sim,2026-10-10T05:45:40+00:00,synthetic,0.1,4392,11.6,nfs,2HIT+WB,2HIT,WB,deferred,5386.714011,2934.294982,5219.308065,352,22.0,32998,77953,44955,calib_c1 20261008-130316-m7-c1; i>=80 linear extrap
20261010-054330-d4-sim,2026-10-10T05:45:41+00:00,synthetic,0.1,4392,11.6,nfs,2HIT+WB2,2HIT,WB2,deferred,5403.111671,2950.692642,5263.231214,192,12.0,32998,77953,44955,calib_c1 20261008-130316-m7-c1; i>=80 linear extrap
20261010-054330-d4-sim,2026-10-10T05:45:41+00:00,synthetic,0.1,4392,11.6,nfs,2HIT+H2,2HIT,H2,deferred,5403.111671,2950.692642,5263.231214,192,12.0,32998,77953,44955,calib_c1 20261008-130316-m7-c1; i>=80 linear extrap
20261010-054330-d4-sim,2026-10-10T05:45:41+00:00,synthetic,0.1,4392,11.6,nfs,2HIT+NONE,2HIT,NONE,deferred,5468.70231,3016.283281,5438.92381,0,0.0,32998,77953,44955,calib_c1 20261008-130316-m7-c1; i>=80 linear extrap
20261010-054330-d4-sim,2026-10-10T05:45:41+00:00,synthetic,0.1,4392,11.6,nfs,SLRU+WT,SLRU,WT,deferred,5614.079063,3161.660034,5533.73897,352,22.0,27803,77953,94074,calib_c1 20261008-130316-m7-c1; i>=80 linear extrap
20261010-054330-d4-sim,2026-10-10T05:45:41+00:00,synthetic,0.1,4392,11.6,nfs,SLRU+WB,SLRU,WB,deferred,5614.079063,3161.660034,5533.73897,352,22.0,27803,77953,94074,calib_c1 20261008-130316-m7-c1; i>=80 linear extrap
20261010-054330-d4-sim,2026-10-10T05:45:41+00:00,synthetic,0.1,4392,11.6,nfs,SLRU+WB2,SLRU,WB2,deferred,5630.476723,3178.057694,5577.662119,192,12.0,27803,77953,94074,calib_c1 20261008-130316-m7-c1; i>=80 linear extrap
20261010-054330-d4-sim,2026-10-10T05:45:41+00:00,synthetic,0.1,4392,11.6,nfs,SLRU+H2,SLRU,H2,deferred,5630.476723,3178.057694,5577.662119,192,12.0,27803,77953,94074,calib_c1 20261008-130316-m7-c1; i>=80 linear extrap
20261010-054330-d4-sim,2026-10-10T05:45:41+00:00,synthetic,0.1,4392,11.6,nfs,SLRU+NONE,SLRU,NONE,deferred,5646.874383,3194.455354,5621.585268,0,0.0,27803,77953,94074,calib_c1 20261008-130316-m7-c1; i>=80 linear extrap
20261010-054330-d4-sim,2026-10-10T05:45:41+00:00,synthetic,0.1,4392,11.6,nfs,ARC+WT,ARC,WT,deferred,5424.867762,2972.448733,5285.226388,352,22.0,32320,77953,89557,calib_c1 20261008-130316-m7-c1; i>=80 linear extrap
20261010-054330-d4-sim,2026-10-10T05:45:41+00:00,synthetic,0.1,4392,11.6,nfs,ARC+WB,ARC,WB,deferred,5424.867762,2972.448733,5285.226388,351,21.9375,32320,77953,89557,calib_c1 20261008-130316-m7-c1; i>=80 linear extrap
20261010-054330-d4-sim,2026-10-10T05:45:41+00:00,synthetic,0.1,4392,11.6,nfs,ARC+WB2,ARC,WB2,deferred,5441.265422,2988.846393,5329.149537,192,12.0,32320,77953,89557,calib_c1 20261008-130316-m7-c1; i>=80 linear extrap
20261010-054330-d4-sim,2026-10-10T05:45:41+00:00,synthetic,0.1,4392,11.6,nfs,ARC+H2,ARC,H2,deferred,5441.265422,2988.846393,5329.149537,192,12.0,32320,77953,89557,calib_c1 20261008-130316-m7-c1; i>=80 linear extrap
20261010-054330-d4-sim,2026-10-10T05:45:41+00:00,synthetic,0.1,4392,11.6,nfs,ARC+NONE,ARC,NONE,deferred,5490.458402,3038.039373,5460.918984,0,0.0,32320,77953,89557,calib_c1 20261008-130316-m7-c1; i>=80 linear extrap
20261010-054330-d4-sim,2026-10-10T05:45:41+00:00,synthetic,0.1,4392,11.6,nfs,S3FIFO+WT,S3FIFO,WT,deferred,5282.348295,2829.929266,5223.346062,352,22.0,32828,77953,89049,calib_c1 20261008-130316-m7-c1; i>=80 linear extrap
20261010-054330-d4-sim,2026-10-10T05:45:41+00:00,synthetic,0.1,4392,11.6,nfs,S3FIFO+WB,S3FIFO,WB,deferred,5282.348295,2829.929266,5223.346062,352,22.0,32828,77953,89049,calib_c1 20261008-130316-m7-c1; i>=80 linear extrap
20261010-054330-d4-sim,2026-10-10T05:45:41+00:00,synthetic,0.1,4392,11.6,nfs,S3FIFO+WB2,S3FIFO,WB2,deferred,5298.745955,2846.326926,5267.269211,0,0.0,32828,77953,89049,calib_c1 20261008-130316-m7-c1; i>=80 linear extrap
20261010-054330-d4-sim,2026-10-10T05:45:41+00:00,synthetic,0.1,4392,11.6,nfs,S3FIFO+H2,S3FIFO,H2,deferred,5298.745955,2846.326926,5267.269211,192,12.0,32828,77953,89049,calib_c1 20261008-130316-m7-c1; i>=80 linear extrap
20261010-054330-d4-sim,2026-10-10T05:45:42+00:00,synthetic,0.1,4392,11.6,nfs,S3FIFO+NONE,S3FIFO,NONE,deferred,5298.745955,2846.326926,5267.269211,0,0.0,32828,77953,89049,calib_c1 20261008-130316-m7-c1; i>=80 linear extrap
20261010-054330-d4-sim,2026-10-10T05:45:42+00:00,synthetic,0.1,4392,11.6,nfs,WTPa+WBR,WTPa,WBR,wtp_a,4692.307028,2239.887999,4603.045286,192,12.0,44645,77953,43573,calib_c1 20261008-130316-m7-c1; i>=80 linear extrap
20261010-054330-d4-sim,2026-10-10T05:45:42+00:00,synthetic,0.1,4392,11.6,nfs,WTPa+WTR,WTPa,WTR,wtp_a,4692.307028,2239.887999,4603.045286,192,12.0,44645,77953,43573,calib_c1 20261008-130316-m7-c1; i>=80 linear extrap
20261010-054330-d4-sim,2026-10-10T05:45:42+00:00,synthetic,0.1,4392,11.6,nfs,WTPb+WB,WTPb,WB,wtp_b,4891.368937,2438.949908,4832.266849,351,21.9375,40020,77953,26792,calib_c1 20261008-130316-m7-c1; i>=80 linear extrap
20261010-054330-d4-sim,2026-10-10T05:45:42+00:00,synthetic,0.1,4392,11.6,nfs,OPT-BELADY,BELADY,NEED,opt,3750.050185,1297.631156,3701.084983,108,6.75,61707,77953,27372,calib_c1 20261008-130316-m7-c1; i>=80 linear extrap
20261010-054330-d4-sim,2026-10-10T05:45:42+00:00,synthetic,0.1,4392,11.6,nfs,OPT-COST,COSTBELADY,NEED,opt,3640.955201,1188.536172,3542.185895,0,0.0,60185,77953,27455,calib_c1 20261008-130316-m7-c1; i>=80 linear extrap
20261010-054330-d4-sim,2026-10-10T05:45:43+00:00,synthetic,0.25,10981,3.69,local,LRU+WT,LRU,WT,deferred,3150.307037,697.888008,3013.309437,43924,2745.25,54044,77953,67833,calib_c1 20261008-130316-m7-c1; i>=80 linear extrap
20261010-054330-d4-sim,2026-10-10T05:45:43+00:00,synthetic,0.25,10981,3.69,local,LRU+WB,LRU,WB,deferred,3295.817558,843.398529,3099.909222,41086,2567.875,54044,77953,67833,calib_c1 20261008-130316-m7-c1; i>=80 linear extrap
20261010-054330-d4-sim,2026-10-10T05:45:43+00:00,synthetic,0.25,10981,3.69,local,LRU+WB2,LRU,WB2,deferred,3885.131875,1432.712846,3663.261689,15123,945.1875,54044,77953,67833,calib_c1 20261008-130316-m7-c1; i>=80 linear extrap
20261010-054330-d4-sim,2026-10-10T05:45:43+00:00,synthetic,0.25,10981,3.69,local,LRU+H2,LRU,H2,deferred,3710.180686,1257.761657,3560.432528,18251,1140.6875,54044,77953,67833,calib_c1 20261008-130316-m7-c1; i>=80 linear extrap
20261010-054330-d4-sim,2026-10-10T05:45:43+00:00,synthetic,0.25,10981,3.69,local,LRU+NONE,LRU,NONE,deferred,4760.0579,2307.638871,4482.990606,0,0.0,54044,77953,67833,calib_c1 20261008-130316-m7-c1; i>=80 linear extrap
20261010-054330-d4-sim,2026-10-10T05:45:43+00:00,synthetic,0.25,10981,3.69,local,2HIT+WT,2HIT,WT,deferred,3150.307037,697.888008,3013.309437,43924,2745.25,53202,77953,24751,calib_c1 20261008-130316-m7-c1; i>=80 linear extrap
20261010-054330-d4-sim,2026-10-10T05:45:43+00:00,synthetic,0.25,10981,3.69,local,2HIT+WB,2HIT,WB,deferred,3150.307037,697.888008,3013.309437,43924,2745.25,53202,77953,24751,calib_c1 20261008-130316-m7-c1; i>=80 linear extrap
20261010-054330-d4-sim,2026-10-10T05:45:43+00:00,synthetic,0.25,10981,3.69,local,2HIT+WB2,2HIT,WB2,deferred,4388.098608,1935.679579,4148.51884,12653,790.8125,53202,77953,24751,calib_c1 20261008-130316-m7-c1; i>=80 linear extrap
20261010-054330-d4-sim,2026-10-10T05:45:43+00:00,synthetic,0.25,10981,3.69,local,2HIT+H2,2HIT,H2,deferred,4082.808384,1630.389355,3970.279998,18251,1140.6875,53202,77953,24751,calib_c1 20261008-130316-m7-c1; i>=80 linear extrap
20261010-054330-d4-sim,2026-10-10T05:45:43+00:00,synthetic,0.25,10981,3.69,local,2HIT+NONE,2HIT,NONE,deferred,4831.715915,2379.296885,4554.235056,0,0.0,53202,77953,24751,calib_c1 20261008-130316-m7-c1; i>=80 linear extrap
20261010-054330-d4-sim,2026-10-10T05:45:43+00:00,synthetic,0.25,10981,3.69,local,SLRU+WT,SLRU,WT,deferred,3150.307037,697.888008,3013.309437,43924,2745.25,53186,77953,68691,calib_c1 20261008-130316-m7-c1; i>=80 linear extrap
20261010-054330-d4-sim,2026-10-10T05:45:43+00:00,synthetic,0.25,10981,3.69,local,SLRU+WB,SLRU,WB,deferred,3344.294448,891.875419,3126.878053,39862,2491.375,53186,77953,68691,calib_c1 20261008-130316-m7-c1; i>=80 linear extrap
20261010-054330-d4-sim,2026-10-10T05:45:43+00:00,synthetic,0.25,10981,3.69,local,SLRU+WB2,SLRU,WB2,deferred,4067.954497,1615.535468,3816.213305,11905,744.0625,53186,77953,68691,calib_c1 20261008-130316-m7-c1; i>=80 linear extrap
20261010-054330-d4-sim,2026-10-10T05:45:43+00:00,synthetic,0.25,10981,3.69,local,SLRU+H2,SLRU,H2,deferred,3800.401347,1347.982318,3659.168023,18251,1140.6875,53186,77953,68691,calib_c1 20261008-130316-m7-c1; i>=80 linear extrap
20261010-054330-d4-sim,2026-10-10T05:45:43+00:00,synthetic,0.25,10981,3.69,local,SLRU+NONE,SLRU,NONE,deferred,4833.153286,2380.734256,4557.950324,0,0.0,53186,77953,68691,calib_c1 20261008-130316-m7-c1; i>=80 linear extrap
20261010-054330-d4-sim,2026-10-10T05:45:44+00:00,synthetic,0.25,10981,3.69,local,ARC+WT,ARC,WT,deferred,3150.307037,697.888008,3013.309437,43924,2745.25,56056,77953,65821,calib_c1 20261008-130316-m7-c1; i>=80 linear extrap
20261010-054330-d4-sim,2026-10-10T05:45:44+00:00,synthetic,0.25,10981,3.69,local,ARC+WB,ARC,WB,deferred,3297.941566,845.522537,3100.627959,42150,2634.375,56056,77953,65821,calib_c1 20261008-130316-m7-c1; i>=80 linear extrap
20261010-054330-d4-sim,2026-10-10T05:45:44+00:00,synthetic,0.25,10981,3.69,local,ARC+WB2,ARC,WB2,deferred,4073.740674,1621.321645,3825.277129,12698,793.625,56056,77953,65821,calib_c1 20261008-130316-m7-c1; i>=80 linear extrap
20261010-054330-d4-sim,2026-10-10T05:45:44+00:00,synthetic,0.25,10981,3.69,local,ARC+H2,ARC,H2,deferred,3812.703279,1360.28425,3672.294285,18251,1140.6875,56056,77953,65821,calib_c1 20261008-130316-m7-c1; i>=80 linear extrap
20261010-054330-d4-sim,2026-10-10T05:45:44+00:00,synthetic,0.25,10981,3.69,local,ARC+NONE,ARC,NONE,deferred,4678.279122,2225.860093,4387.283418,0,0.0,56056,77953,65821,calib_c1 20261008-130316-m7-c1; i>=80 linear extrap
20261010-054330-d4-sim,2026-10-10T05:45:44+00:00,synthetic,0.25,10981,3.69,local,S3FIFO+WT,S3FIFO,WT,deferred,3150.307037,697.888008,3013.309437,43924,2745.25,55062,77953,66815,calib_c1 20261008-130316-m7-c1; i>=80 linear extrap
20261010-054330-d4-sim,2026-10-10T05:45:44+00:00,synthetic,0.25,10981,3.69,local,S3FIFO+WB,S3FIFO,WB,deferred,3276.90111,824.482081,3085.091947,41807,2612.9375,55062,77953,66815,calib_c1 20261008-130316-m7-c1; i>=80 linear extrap
20261010-054330-d4-sim,2026-10-10T05:45:44+00:00,synthetic,0.25,10981,3.69,local,S3FIFO+WB2,S3FIFO,WB2,deferred,4142.181276,1689.762247,3897.436997,12494,780.875,55062,77953,66815,calib_c1 20261008-130316-m7-c1; i>=80 linear extrap
20261010-054330-d4-sim,2026-10-10T05:45:44+00:00,synthetic,0.25,10981,3.69,local,S3FIFO+H2,S3FIFO,H2,deferred,3883.754973,1431.335944,3746.794397,18251,1140.6875,55062,77953,66815,calib_c1 20261008-130316-m7-c1; i>=80 linear extrap
20261010-054330-d4-sim,2026-10-10T05:45:44+00:00,synthetic,0.25,10981,3.69,local,S3FIFO+NONE,S3FIFO,NONE,deferred,4802.622134,2350.203105,4515.643269,0,0.0,55062,77953,66815,calib_c1 20261008-130316-m7-c1; i>=80 linear extrap
20261010-054330-d4-sim,2026-10-10T05:45:44+00:00,synthetic,0.25,10981,3.69,local,WTPa+WBR,WTPa,WBR,wtp_a,3677.683862,1225.264833,3320.301815,2848,178.0,75105,77953,20728,calib_c1 20261008-130316-m7-c1; i>=80 linear extrap
20261010-054330-d4-sim,2026-10-10T05:45:44+00:00,synthetic,0.25,10981,3.69,local,WTPa+WTR,WTPa,WTR,wtp_a,3150.307037,697.888008,3013.309437,18251,1140.6875,75105,77953,20728,calib_c1 20261008-130316-m7-c1; i>=80 linear extrap
20261010-054330-d4-sim,2026-10-10T05:45:44+00:00,synthetic,0.25,10981,3.69,local,WTPb+WB,WTPb,WB,wtp_b,3553.094022,1100.674993,3248.315701,35747,2234.1875,59897,77953,14532,calib_c1 20261008-130316-m7-c1; i>=80 linear extrap
20261010-054330-d4-sim,2026-10-10T05:45:44+00:00,synthetic,0.25,10981,3.69,local,OPT-BELADY,BELADY,NEED,opt,3759.538022,1307.118993,3366.671493,1656,103.5,76297,77953,19161,calib_c1 20261008-130316-m7-c1; i>=80 linear extrap
20261010-054330-d4-sim,2026-10-10T05:45:44+00:00,synthetic,0.25,10981,3.69,local,OPT-COST,COSTBELADY,NEED,opt,3150.307037,697.888008,3013.309437,18251,1140.6875,0,77953,0,calib_c1 20261008-130316-m7-c1; i>=80 linear extrap
20261010-054330-d4-sim,2026-10-10T05:45:45+00:00,synthetic,0.25,10981,3.69,nfs,LRU+WT,LRU,WT,deferred,4760.0579,2307.638871,4482.990606,352,22.0,54044,77953,67833,calib_c1 20261008-130316-m7-c1; i>=80 linear extrap
20261010-054330-d4-sim,2026-10-10T05:45:45+00:00,synthetic,0.25,10981,3.69,nfs,LRU+WB,LRU,WB,deferred,4760.0579,2307.638871,4482.990606,157,9.8125,54044,77953,67833,calib_c1 20261008-130316-m7-c1; i>=80 linear extrap
20261010-054330-d4-sim,2026-10-10T05:45:45+00:00,synthetic,0.25,10981,3.69,nfs,LRU+WB2,LRU,WB2,deferred,4760.0579,2307.638871,4482.990606,0,0.0,54044,77953,67833,calib_c1 20261008-130316-m7-c1; i>=80 linear extrap
20261010-054330-d4-sim,2026-10-10T05:45:45+00:00,synthetic,0.25,10981,3.69,nfs,LRU+H2,LRU,H2,deferred,4760.0579,2307.638871,4482.990606,192,12.0,54044,77953,67833,calib_c1 20261008-130316-m7-c1; i>=80 linear extrap
20261010-054330-d4-sim,2026-10-10T05:45:45+00:00,synthetic,0.25,10981,3.69,nfs,LRU+NONE,LRU,NONE,deferred,4760.0579,2307.638871,4482.990606,0,0.0,54044,77953,67833,calib_c1 20261008-130316-m7-c1; i>=80 linear extrap
20261010-054330-d4-sim,2026-10-10T05:45:45+00:00,synthetic,0.25,10981,3.69,nfs,2HIT+WT,2HIT,WT,deferred,4815.318255,2362.899226,4510.311907,352,22.0,53202,77953,24751,calib_c1 20261008-130316-m7-c1; i>=80 linear extrap
20261010-054330-d4-sim,2026-10-10T05:45:45+00:00,synthetic,0.25,10981,3.69,nfs,2HIT+WB,2HIT,WB,deferred,4815.318255,2362.899226,4510.311907,352,22.0,53202,77953,24751,calib_c1 20261008-130316-m7-c1; i>=80 linear extrap
20261010-054330-d4-sim,2026-10-10T05:45:45+00:00,synthetic,0.25,10981,3.69,nfs,2HIT+WB2,2HIT,WB2,deferred,4831.715915,2379.296885,4554.235056,0,0.0,53202,77953,24751,calib_c1 20261008-130316-m7-c1; i>=80 linear extrap
20261010-054330-d4-sim,2026-10-10T05:45:45+00:00,synthetic,0.25,10981,3.69,nfs,2HIT+H2,2HIT,H2,deferred,4831.715915,2379.296885,4554.235056,192,12.0,53202,77953,24751,calib_c1 20261008-130316-m7-c1; i>=80 linear extrap
20261010-054330-d4-sim,2026-10-10T05:45:45+00:00,synthetic,0.25,10981,3.69,nfs,2HIT+NONE,2HIT,NONE,deferred,4831.715915,2379.296885,4554.235056,0,0.0,53202,77953,24751,calib_c1 20261008-130316-m7-c1; i>=80 linear extrap
20261010-054330-d4-sim,2026-10-10T05:45:45+00:00,synthetic,0.25,10981,3.69,nfs,SLRU+WT,SLRU,WT,deferred,4833.153286,2380.734256,4557.950324,352,22.0,53186,77953,68691,calib_c1 20261008-130316-m7-c1; i>=80 linear extrap
20261010-054330-d4-sim,2026-10-10T05:45:45+00:00,synthetic,0.25,10981,3.69,nfs,SLRU+WB,SLRU,WB,deferred,4833.153286,2380.734256,4557.950324,158,9.875,53186,77953,68691,calib_c1 20261008-130316-m7-c1; i>=80 linear extrap
20261010-054330-d4-sim,2026-10-10T05:45:45+00:00,synthetic,0.25,10981,3.69,nfs,SLRU+WB2,SLRU,WB2,deferred,4833.153286,2380.734256,4557.950324,0,0.0,53186,77953,68691,calib_c1 20261008-130316-m7-c1; i>=80 linear extrap
20261010-054330-d4-sim,2026-10-10T05:45:45+00:00,synthetic,0.25,10981,3.69,nfs,SLRU+H2,SLRU,H2,deferred,4833.153286,2380.734256,4557.950324,192,12.0,53186,77953,68691,calib_c1 20261008-130316-m7-c1; i>=80 linear extrap
20261010-054330-d4-sim,2026-10-10T05:45:45+00:00,synthetic,0.25,10981,3.69,nfs,SLRU+NONE,SLRU,NONE,deferred,4833.153286,2380.734256,4557.950324,0,0.0,53186,77953,68691,calib_c1 20261008-130316-m7-c1; i>=80 linear extrap
20261010-054330-d4-sim,2026-10-10T05:45:46+00:00,synthetic,0.25,10981,3.69,nfs,ARC+WT,ARC,WT,deferred,4678.279122,2225.860093,4387.283418,352,22.0,56056,77953,65821,calib_c1 20261008-130316-m7-c1; i>=80 linear extrap
20261010-054330-d4-sim,2026-10-10T05:45:46+00:00,synthetic,0.25,10981,3.69,nfs,ARC+WB,ARC,WB,deferred,4678.279122,2225.860093,4387.283418,160,10.0,56056,77953,65821,calib_c1 20261008-130316-m7-c1; i>=80 linear extrap
20261010-054330-d4-sim,2026-10-10T05:45:46+00:00,synthetic,0.25,10981,3.69,nfs,ARC+WB2,ARC,WB2,deferred,4678.279122,2225.860093,4387.283418,0,0.0,56056,77953,65821,calib_c1 20261008-130316-m7-c1; i>=80 linear extrap
20261010-054330-d4-sim,2026-10-10T05:45:46+00:00,synthetic,0.25,10981,3.69,nfs,ARC+H2,ARC,H2,deferred,4678.279122,2225.860093,4387.283418,192,12.0,56056,77953,65821,calib_c1 20261008-130316-m7-c1; i>=80 linear extrap
20261010-054330-d4-sim,2026-10-10T05:45:46+00:00,synthetic,0.25,10981,3.69,nfs,ARC+NONE,ARC,NONE,deferred,4678.279122,2225.860093,4387.283418,0,0.0,56056,77953,65821,calib_c1 20261008-130316-m7-c1; i>=80 linear extrap
20261010-054330-d4-sim,2026-10-10T05:45:46+00:00,synthetic,0.25,10981,3.69,nfs,S3FIFO+WT,S3FIFO,WT,deferred,4786.224474,2333.805445,4471.72012,352,22.0,55062,77953,66815,calib_c1 20261008-130316-m7-c1; i>=80 linear extrap
20261010-054330-d4-sim,2026-10-10T05:45:46+00:00,synthetic,0.25,10981,3.69,nfs,S3FIFO+WB,S3FIFO,WB,deferred,4786.224474,2333.805445,4471.72012,350,21.875,55062,77953,66815,calib_c1 20261008-130316-m7-c1; i>=80 linear extrap
20261010-054330-d4-sim,2026-10-10T05:45:46+00:00,synthetic,0.25,10981,3.69,nfs,S3FIFO+WB2,S3FIFO,WB2,deferred,4802.622134,2350.203105,4515.643269,0,0.0,55062,77953,66815,calib_c1 20261008-130316-m7-c1; i>=80 linear extrap
20261010-054330-d4-sim,2026-10-10T05:45:46+00:00,synthetic,0.25,10981,3.69,nfs,S3FIFO+H2,S3FIFO,H2,deferred,4802.622134,2350.203105,4515.643269,192,12.0,55062,77953,66815,calib_c1 20261008-130316-m7-c1; i>=80 linear extrap
20261010-054330-d4-sim,2026-10-10T05:45:46+00:00,synthetic,0.25,10981,3.69,nfs,S3FIFO+NONE,S3FIFO,NONE,deferred,4802.622134,2350.203105,4515.643269,0,0.0,55062,77953,66815,calib_c1 20261008-130316-m7-c1; i>=80 linear extrap
20261010-054330-d4-sim,2026-10-10T05:45:46+00:00,synthetic,0.25,10981,3.69,nfs,WTPa+WBR,WTPa,WBR,wtp_a,3895.121525,1442.702496,3510.465541,0,0.0,75105,77953,20728,calib_c1 20261008-130316-m7-c1; i>=80 linear extrap
20261010-054330-d4-sim,2026-10-10T05:45:46+00:00,synthetic,0.25,10981,3.69,nfs,WTPa+WTR,WTPa,WTR,wtp_a,3895.121525,1442.702496,3510.465541,192,12.0,75105,77953,20728,calib_c1 20261008-130316-m7-c1; i>=80 linear extrap
20261010-054330-d4-sim,2026-10-10T05:45:46+00:00,synthetic,0.25,10981,3.69,nfs,WTPb+WB,WTPb,WB,wtp_b,4518.886842,2066.467813,4212.233863,154,9.625,59897,77953,14532,calib_c1 20261008-130316-m7-c1; i>=80 linear extrap
20261010-054330-d4-sim,2026-10-10T05:45:46+00:00,synthetic,0.25,10981,3.69,nfs,OPT-BELADY,BELADY,NEED,opt,3838.124009,1385.70498,3446.534307,0,0.0,76297,77953,19161,calib_c1 20261008-130316-m7-c1; i>=80 linear extrap
20261010-054330-d4-sim,2026-10-10T05:45:46+00:00,synthetic,0.25,10981,3.69,nfs,OPT-COST,COSTBELADY,NEED,opt,3817.108596,1364.689567,3396.70245,0,0.0,75827,77953,19684,calib_c1 20261008-130316-m7-c1; i>=80 linear extrap
20261010-054330-d4-sim,2026-10-10T05:45:47+00:00,synthetic,0.25,10981,11.6,local,LRU+WT,LRU,WT,deferred,2957.653921,505.234892,2877.194223,43924,2745.25,54044,77953,67833,calib_c1 20261008-130316-m7-c1; i>=80 linear extrap
20261010-054330-d4-sim,2026-10-10T05:45:47+00:00,synthetic,0.25,10981,11.6,local,LRU+WB,LRU,WB,deferred,2957.653921,505.234892,2877.194223,41086,2567.875,54044,77953,67833,calib_c1 20261008-130316-m7-c1; i>=80 linear extrap
20261010-054330-d4-sim,2026-10-10T05:45:47+00:00,synthetic,0.25,10981,11.6,local,LRU+WB2,LRU,WB2,deferred,3451.763171,999.344142,3385.834938,15123,945.1875,54044,77953,67833,calib_c1 20261008-130316-m7-c1; i>=80 linear extrap
20261010-054330-d4-sim,2026-10-10T05:45:47+00:00,synthetic,0.25,10981,11.6,local,LRU+H2,LRU,H2,deferred,3451.763171,999.344142,3385.834938,18251,1140.6875,54044,77953,67833,calib_c1 20261008-130316-m7-c1; i>=80 linear extrap
20261010-054330-d4-sim,2026-10-10T05:45:47+00:00,synthetic,0.25,10981,11.6,local,LRU+NONE,LRU,NONE,deferred,4135.863841,1683.444812,4095.12712,0,0.0,54044,77953,67833,calib_c1 20261008-130316-m7-c1; i>=80 linear extrap
20261010-054330-d4-sim,2026-10-10T05:45:47+00:00,synthetic,0.25,10981,11.6,local,2HIT+WT,2HIT,WT,deferred,2960.655437,508.236408,2879.347849,43924,2745.25,53202,77953,24751,calib_c1 20261008-130316-m7-c1; i>=80 linear extrap
20261010-054330-d4-sim,2026-10-10T05:45:47+00:00,synthetic,0.25,10981,11.6,local,2HIT+WB,2HIT,WB,deferred,2960.655437,508.236408,2879.347849,43924,2745.25,53202,77953,24751,calib_c1 20261008-130316-m7-c1; i>=80 linear extrap
20261010-054330-d4-sim,2026-10-10T05:45:47+00:00,synthetic,0.25,10981,11.6,local,2HIT+WB2,2HIT,WB2,deferred,3893.156784,1440.737755,3835.806447,12653,790.8125,53202,77953,24751,calib_c1 20261008-130316-m7-c1; i>=80 linear extrap
20261010-054330-d4-sim,2026-10-10T05:45:47+00:00,synthetic,0.25,10981,11.6,local,2HIT+H2,2HIT,H2,deferred,3893.156784,1440.737755,3835.806447,18251,1140.6875,53202,77953,24751,calib_c1 20261008-130316-m7-c1; i>=80 linear extrap
20261010-054330-d4-sim,2026-10-10T05:45:47+00:00,synthetic,0.25,10981,11.6,local,2HIT+NONE,2HIT,NONE,deferred,4217.246735,1764.827706,4171.659853,0,0.0,53202,77953,24751,calib_c1 20261008-130316-m7-c1; i>=80 linear extrap
20261010-054330-d4-sim,2026-10-10T05:45:47+00:00,synthetic,0.25,10981,11.6,local,SLRU+WT,SLRU,WT,deferred,2960.712473,508.293444,2879.628487,43924,2745.25,53186,77953,68691,calib_c1 20261008-130316-m7-c1; i>=80 linear extrap
20261010-054330-d4-sim,2026-10-10T05:45:47+00:00,synthetic,0.25,10981,11.6,local,SLRU+WB,SLRU,WB,deferred,2960.712473,508.293444,2879.628487,39862,2491.375,53186,77953,68691,calib_c1 20261008-130316-m7-c1; i>=80 linear extrap
20261010-054330-d4-sim,2026-10-10T05:45:47+00:00,synthetic,0.25,10981,11.6,local,SLRU+WB2,SLRU,WB2,deferred,3561.842809,1109.42378,3496.702381,11905,744.0625,53186,77953,68691,calib_c1 20261008-130316-m7-c1; i>=80 linear extrap
20261010-054330-d4-sim,2026-10-10T05:45:47+00:00,synthetic,0.25,10981,11.6,local,SLRU+H2,SLRU,H2,deferred,3561.842809,1109.42378,3496.702381,18251,1140.6875,53186,77953,68691,calib_c1 20261008-130316-m7-c1; i>=80 linear extrap
20261010-054330-d4-sim,2026-10-10T05:45:47+00:00,synthetic,0.25,10981,11.6,local,SLRU+NONE,SLRU,NONE,deferred,4218.868902,1766.449873,4176.278745,0,0.0,53186,77953,68691,calib_c1 20261008-130316-m7-c1; i>=80 linear extrap
20261010-054330-d4-sim,2026-10-10T05:45:47+00:00,synthetic,0.25,10981,11.6,local,ARC+WT,ARC,WT,deferred,2950.481653,498.062624,2872.178416,43924,2745.25,56056,77953,65821,calib_c1 20261008-130316-m7-c1; i>=80 linear extrap
20261010-054330-d4-sim,2026-10-10T05:45:48+00:00,synthetic,0.25,10981,11.6,local,ARC+WB,ARC,WB,deferred,2950.481653,498.062624,2872.178416,42150,2634.375,56056,77953,65821,calib_c1 20261008-130316-m7-c1; i>=80 linear extrap
20261010-054330-d4-sim,2026-10-10T05:45:48+00:00,synthetic,0.25,10981,11.6,local,ARC+WB2,ARC,WB2,deferred,3567.219707,1114.800678,3504.1793,12698,793.625,56056,77953,65821,calib_c1 20261008-130316-m7-c1; i>=80 linear extrap
20261010-054330-d4-sim,2026-10-10T05:45:48+00:00,synthetic,0.25,10981,11.6,local,ARC+H2,ARC,H2,deferred,3567.219707,1114.800678,3504.1793,18251,1140.6875,56056,77953,65821,calib_c1 20261008-130316-m7-c1; i>=80 linear extrap
20261010-054330-d4-sim,2026-10-10T05:45:48+00:00,synthetic,0.25,10981,11.6,local,ARC+NONE,ARC,NONE,deferred,4030.84699,1578.427961,3984.571909,0,0.0,56056,77953,65821,calib_c1 20261008-130316-m7-c1; i>=80 linear extrap
20261010-054330-d4-sim,2026-10-10T05:45:48+00:00,synthetic,0.25,10981,11.6,local,S3FIFO+WT,S3FIFO,WT,deferred,2954.02501,501.605981,2874.855577,43924,2745.25,55062,77953,66815,calib_c1 20261008-130316-m7-c1; i>=80 linear extrap
20261010-054330-d4-sim,2026-10-10T05:45:48+00:00,synthetic,0.25,10981,11.6,local,S3FIFO+WB,S3FIFO,WB,deferred,2954.02501,501.605981,2874.855577,41807,2612.9375,55062,77953,66815,calib_c1 20261008-130316-m7-c1; i>=80 linear extrap
20261010-054330-d4-sim,2026-10-10T05:45:48+00:00,synthetic,0.25,10981,11.6,local,S3FIFO+WB2,S3FIFO,WB2,deferred,3645.76733,1193.348301,3584.101454,12494,780.875,55062,77953,66815,calib_c1 20261008-130316-m7-c1; i>=80 linear extrap
20261010-054330-d4-sim,2026-10-10T05:45:48+00:00,synthetic,0.25,10981,11.6,local,S3FIFO+H2,S3FIFO,H2,deferred,3645.76733,1193.348301,3584.101454,18251,1140.6875,55062,77953,66815,calib_c1 20261008-130316-m7-c1; i>=80 linear extrap
20261010-054330-d4-sim,2026-10-10T05:45:48+00:00,synthetic,0.25,10981,11.6,local,S3FIFO+NONE,S3FIFO,NONE,deferred,4166.670441,1714.251412,4122.061388,0,0.0,55062,77953,66815,calib_c1 20261008-130316-m7-c1; i>=80 linear extrap
20261010-054330-d4-sim,2026-10-10T05:45:48+00:00,synthetic,0.25,10981,11.6,local,WTPa+WBR,WTPa,WBR,wtp_a,2882.576813,430.157784,2824.364594,2848,178.0,75105,77953,20728,calib_c1 20261008-130316-m7-c1; i>=80 linear extrap
20261010-054330-d4-sim,2026-10-10T05:45:48+00:00,synthetic,0.25,10981,11.6,local,WTPa+WTR,WTPa,WTR,wtp_a,2882.576813,430.157784,2824.364594,18251,1140.6875,75105,77953,20728,calib_c1 20261008-130316-m7-c1; i>=80 linear extrap
20261010-054330-d4-sim,2026-10-10T05:45:48+00:00,synthetic,0.25,10981,11.6,local,WTPb+WB,WTPb,WB,wtp_b,2936.789465,484.370436,2862.480858,35747,2234.1875,59897,77953,14532,calib_c1 20261008-130316-m7-c1; i>=80 linear extrap
20261010-054330-d4-sim,2026-10-10T05:45:48+00:00,synthetic,0.25,10981,11.6,local,OPT-BELADY,BELADY,NEED,opt,2878.327636,425.908607,2821.420763,1656,103.5,76297,77953,19161,calib_c1 20261008-130316-m7-c1; i>=80 linear extrap
20261010-054330-d4-sim,2026-10-10T05:45:48+00:00,synthetic,0.25,10981,11.6,local,OPT-COST,COSTBELADY,NEED,opt,2879.771358,427.352329,2822.542492,2061,128.8125,75892,77953,19523,calib_c1 20261008-130316-m7-c1; i>=80 linear extrap
20261010-054330-d4-sim,2026-10-10T05:45:49+00:00,synthetic,0.25,10981,11.6,nfs,LRU+WT,LRU,WT,deferred,4135.863841,1683.444812,4095.12712,352,22.0,54044,77953,67833,calib_c1 20261008-130316-m7-c1; i>=80 linear extrap
20261010-054330-d4-sim,2026-10-10T05:45:49+00:00,synthetic,0.25,10981,11.6,nfs,LRU+WB,LRU,WB,deferred,4135.863841,1683.444812,4095.12712,157,9.8125,54044,77953,67833,calib_c1 20261008-130316-m7-c1; i>=80 linear extrap
20261010-054330-d4-sim,2026-10-10T05:45:49+00:00,synthetic,0.25,10981,11.6,nfs,LRU+WB2,LRU,WB2,deferred,4135.863841,1683.444812,4095.12712,0,0.0,54044,77953,67833,calib_c1 20261008-130316-m7-c1; i>=80 linear extrap
20261010-054330-d4-sim,2026-10-10T05:45:49+00:00,synthetic,0.25,10981,11.6,nfs,LRU+H2,LRU,H2,deferred,4135.863841,1683.444812,4095.12712,192,12.0,54044,77953,67833,calib_c1 20261008-130316-m7-c1; i>=80 linear extrap
20261010-054330-d4-sim,2026-10-10T05:45:49+00:00,synthetic,0.25,10981,11.6,nfs,LRU+NONE,LRU,NONE,deferred,4135.863841,1683.444812,4095.12712,0,0.0,54044,77953,67833,calib_c1 20261008-130316-m7-c1; i>=80 linear extrap
20261010-054330-d4-sim,2026-10-10T05:45:49+00:00,synthetic,0.25,10981,11.6,nfs,2HIT+WT,2HIT,WT,deferred,4200.849075,1748.430046,4127.736704,352,22.0,53202,77953,24751,calib_c1 20261008-130316-m7-c1; i>=80 linear extrap
20261010-054330-d4-sim,2026-10-10T05:45:49+00:00,synthetic,0.25,10981,11.6,nfs,2HIT+WB,2HIT,WB,deferred,4200.849075,1748.430046,4127.736704,352,22.0,53202,77953,24751,calib_c1 20261008-130316-m7-c1; i>=80 linear extrap
20261010-054330-d4-sim,2026-10-10T05:45:49+00:00,synthetic,0.25,10981,11.6,nfs,2HIT+WB2,2HIT,WB2,deferred,4217.246735,1764.827706,4171.659853,0,0.0,53202,77953,24751,calib_c1 20261008-130316-m7-c1; i>=80 linear extrap
20261010-054330-d4-sim,2026-10-10T05:45:49+00:00,synthetic,0.25,10981,11.6,nfs,2HIT+H2,2HIT,H2,deferred,4217.246735,1764.827706,4171.659853,192,12.0,53202,77953,24751,calib_c1 20261008-130316-m7-c1; i>=80 linear extrap
20261010-054330-d4-sim,2026-10-10T05:45:49+00:00,synthetic,0.25,10981,11.6,nfs,2HIT+NONE,2HIT,NONE,deferred,4217.246735,1764.827706,4171.659853,0,0.0,53202,77953,24751,calib_c1 20261008-130316-m7-c1; i>=80 linear extrap
20261010-054330-d4-sim,2026-10-10T05:45:49+00:00,synthetic,0.25,10981,11.6,nfs,SLRU+WT,SLRU,WT,deferred,4218.868902,1766.449873,4176.278745,352,22.0,53186,77953,68691,calib_c1 20261008-130316-m7-c1; i>=80 linear extrap
20261010-054330-d4-sim,2026-10-10T05:45:49+00:00,synthetic,0.25,10981,11.6,nfs,SLRU+WB,SLRU,WB,deferred,4218.868902,1766.449873,4176.278745,158,9.875,53186,77953,68691,calib_c1 20261008-130316-m7-c1; i>=80 linear extrap
20261010-054330-d4-sim,2026-10-10T05:45:49+00:00,synthetic,0.25,10981,11.6,nfs,SLRU+WB2,SLRU,WB2,deferred,4218.868902,1766.449873,4176.278745,0,0.0,53186,77953,68691,calib_c1 20261008-130316-m7-c1; i>=80 linear extrap
20261010-054330-d4-sim,2026-10-10T05:45:49+00:00,synthetic,0.25,10981,11.6,nfs,SLRU+H2,SLRU,H2,deferred,4218.868902,1766.449873,4176.278745,192,12.0,53186,77953,68691,calib_c1 20261008-130316-m7-c1; i>=80 linear extrap
20261010-054330-d4-sim,2026-10-10T05:45:49+00:00,synthetic,0.25,10981,11.6,nfs,SLRU+NONE,SLRU,NONE,deferred,4218.868902,1766.449873,4176.278745,0,0.0,53186,77953,68691,calib_c1 20261008-130316-m7-c1; i>=80 linear extrap
20261010-054330-d4-sim,2026-10-10T05:45:49+00:00,synthetic,0.25,10981,11.6,nfs,ARC+WT,ARC,WT,deferred,4030.84699,1578.427961,3984.571909,352,22.0,56056,77953,65821,calib_c1 20261008-130316-m7-c1; i>=80 linear extrap
20261010-054330-d4-sim,2026-10-10T05:45:50+00:00,synthetic,0.25,10981,11.6,nfs,ARC+WB,ARC,WB,deferred,4030.84699,1578.427961,3984.571909,160,10.0,56056,77953,65821,calib_c1 20261008-130316-m7-c1; i>=80 linear extrap
20261010-054330-d4-sim,2026-10-10T05:45:50+00:00,synthetic,0.25,10981,11.6,nfs,ARC+WB2,ARC,WB2,deferred,4030.84699,1578.427961,3984.571909,0,0.0,56056,77953,65821,calib_c1 20261008-130316-m7-c1; i>=80 linear extrap
20261010-054330-d4-sim,2026-10-10T05:45:50+00:00,synthetic,0.25,10981,11.6,nfs,ARC+H2,ARC,H2,deferred,4030.84699,1578.427961,3984.571909,192,12.0,56056,77953,65821,calib_c1 20261008-130316-m7-c1; i>=80 linear extrap
20261010-054330-d4-sim,2026-10-10T05:45:50+00:00,synthetic,0.25,10981,11.6,nfs,ARC+NONE,ARC,NONE,deferred,4030.84699,1578.427961,3984.571909,0,0.0,56056,77953,65821,calib_c1 20261008-130316-m7-c1; i>=80 linear extrap
20261010-054330-d4-sim,2026-10-10T05:45:50+00:00,synthetic,0.25,10981,11.6,nfs,S3FIFO+WT,S3FIFO,WT,deferred,4150.272782,1697.853753,4078.138239,352,22.0,55062,77953,66815,calib_c1 20261008-130316-m7-c1; i>=80 linear extrap
20261010-054330-d4-sim,2026-10-10T05:45:50+00:00,synthetic,0.25,10981,11.6,nfs,S3FIFO+WB,S3FIFO,WB,deferred,4150.272782,1697.853753,4078.138239,350,21.875,55062,77953,66815,calib_c1 20261008-130316-m7-c1; i>=80 linear extrap
20261010-054330-d4-sim,2026-10-10T05:45:50+00:00,synthetic,0.25,10981,11.6,nfs,S3FIFO+WB2,S3FIFO,WB2,deferred,4166.670441,1714.251412,4122.061388,0,0.0,55062,77953,66815,calib_c1 20261008-130316-m7-c1; i>=80 linear extrap
20261010-054330-d4-sim,2026-10-10T05:45:50+00:00,synthetic,0.25,10981,11.6,nfs,S3FIFO+H2,S3FIFO,H2,deferred,4166.670441,1714.251412,4122.061388,192,12.0,55062,77953,66815,calib_c1 20261008-130316-m7-c1; i>=80 linear extrap
20261010-054330-d4-sim,2026-10-10T05:45:50+00:00,synthetic,0.25,10981,11.6,nfs,S3FIFO+NONE,S3FIFO,NONE,deferred,4166.670441,1714.251412,4122.061388,0,0.0,55062,77953,66815,calib_c1 20261008-130316-m7-c1; i>=80 linear extrap
20261010-054330-d4-sim,2026-10-10T05:45:50+00:00,synthetic,0.25,10981,11.6,nfs,WTPa+WBR,WTPa,WBR,wtp_a,3027.678427,575.259397,2973.463376,0,0.0,75105,77953,20728,calib_c1 20261008-130316-m7-c1; i>=80 linear extrap
20261010-054330-d4-sim,2026-10-10T05:45:50+00:00,synthetic,0.25,10981,11.6,nfs,WTPa+WTR,WTPa,WTR,wtp_a,3027.678427,575.259397,2973.463376,192,12.0,75105,77953,20728,calib_c1 20261008-130316-m7-c1; i>=80 linear extrap
20261010-054330-d4-sim,2026-10-10T05:45:50+00:00,synthetic,0.25,10981,11.6,nfs,WTPb+WB,WTPb,WB,wtp_b,3827.092165,1374.673136,3783.642991,154,9.625,59897,77953,14532,calib_c1 20261008-130316-m7-c1; i>=80 linear extrap
20261010-054330-d4-sim,2026-10-10T05:45:50+00:00,synthetic,0.25,10981,11.6,nfs,OPT-BELADY,BELADY,NEED,opt,2956.913623,504.494594,2901.821341,0,0.0,76297,77953,19161,calib_c1 20261008-130316-m7-c1; i>=80 linear extrap
20261010-054330-d4-sim,2026-10-10T05:45:50+00:00,synthetic,0.25,10981,11.6,nfs,OPT-COST,COSTBELADY,NEED,opt,2945.839111,493.420082,2871.922224,0,0.0,75869,77953,19640,calib_c1 20261008-130316-m7-c1; i>=80 linear extrap
20261010-054330-d4-sim,2026-10-10T05:45:51+00:00,synthetic,0.5,21962,3.69,local,LRU+WT,LRU,WT,deferred,3150.307037,697.888008,3013.309437,43924,2745.25,71763,77953,50114,calib_c1 20261008-130316-m7-c1; i>=80 linear extrap
20261010-054330-d4-sim,2026-10-10T05:45:51+00:00,synthetic,0.5,21962,3.69,local,LRU+WB,LRU,WB,deferred,3568.864382,1116.445353,3257.063217,27961,1747.5625,71763,77953,50114,calib_c1 20261008-130316-m7-c1; i>=80 linear extrap
20261010-054330-d4-sim,2026-10-10T05:45:51+00:00,synthetic,0.5,21962,3.69,local,LRU+WB2,LRU,WB2,deferred,3863.440417,1411.021388,3513.130492,5369,335.5625,71763,77953,50114,calib_c1 20261008-130316-m7-c1; i>=80 linear extrap
20261010-054330-d4-sim,2026-10-10T05:45:51+00:00,synthetic,0.5,21962,3.69,local,LRU+H2,LRU,H2,deferred,3456.66892,1004.249891,3276.239966,18251,1140.6875,71763,77953,50114,calib_c1 20261008-130316-m7-c1; i>=80 linear extrap
20261010-054330-d4-sim,2026-10-10T05:45:51+00:00,synthetic,0.5,21962,3.69,local,LRU+NONE,LRU,NONE,deferred,4030.459097,1578.040068,3663.061781,0,0.0,71763,77953,50114,calib_c1 20261008-130316-m7-c1; i>=80 linear extrap
20261010-054330-d4-sim,2026-10-10T05:45:51+00:00,synthetic,0.5,21962,3.69,local,2HIT+WT,2HIT,WT,deferred,3150.307037,697.888008,3013.309437,43924,2745.25,59702,77953,18251,calib_c1 20261008-130316-m7-c1; i>=80 linear extrap
20261010-054330-d4-sim,2026-10-10T05:45:51+00:00,synthetic,0.5,21962,3.69,local,2HIT+WB,2HIT,WB,deferred,3150.307037,697.888008,3013.309437,43924,2745.25,59702,77953,18251,calib_c1 20261008-130316-m7-c1; i>=80 linear extrap
20261010-054330-d4-sim,2026-10-10T05:45:51+00:00,synthetic,0.5,21962,3.69,local,2HIT+WB2,2HIT,WB2,deferred,4559.528416,2107.109387,4248.316521,0,0.0,59702,77953,18251,calib_c1 20261008-130316-m7-c1; i>=80 linear extrap
20261010-054330-d4-sim,2026-10-10T05:45:51+00:00,synthetic,0.5,21962,3.69,local,2HIT+H2,2HIT,H2,deferred,4082.808384,1630.389355,3970.279998,18251,1140.6875,59702,77953,18251,calib_c1 20261008-130316-m7-c1; i>=80 linear extrap
20261010-054330-d4-sim,2026-10-10T05:45:52+00:00,synthetic,0.5,21962,3.69,local,2HIT+NONE,2HIT,NONE,deferred,4559.528416,2107.109387,4248.316521,0,0.0,59702,77953,18251,calib_c1 20261008-130316-m7-c1; i>=80 linear extrap
20261010-054330-d4-sim,2026-10-10T05:45:52+00:00,synthetic,0.5,21962,3.69,local,SLRU+WT,SLRU,WT,deferred,3150.307037,697.888008,3013.309437,43924,2745.25,73487,77953,48390,calib_c1 20261008-130316-m7-c1; i>=80 linear extrap
20261010-054330-d4-sim,2026-10-10T05:45:52+00:00,synthetic,0.5,21962,3.69,local,SLRU+WB,SLRU,WB,deferred,3612.582217,1160.163188,3281.925253,25994,1624.625,73487,77953,48390,calib_c1 20261008-130316-m7-c1; i>=80 linear extrap
20261010-054330-d4-sim,2026-10-10T05:45:52+00:00,synthetic,0.5,21962,3.69,local,SLRU+WB2,SLRU,WB2,deferred,3954.056236,1501.637207,3577.672668,434,27.125,73487,77953,48390,calib_c1 20261008-130316-m7-c1; i>=80 linear extrap
20261010-054330-d4-sim,2026-10-10T05:45:52+00:00,synthetic,0.5,21962,3.69,local,SLRU+H2,SLRU,H2,deferred,3479.340437,1026.921408,3301.861708,18251,1140.6875,73487,77953,48390,calib_c1 20261008-130316-m7-c1; i>=80 linear extrap
20261010-054330-d4-sim,2026-10-10T05:45:52+00:00,synthetic,0.5,21962,3.69,local,SLRU+NONE,SLRU,NONE,deferred,3962.474412,1510.055383,3585.852019,0,0.0,73487,77953,48390,calib_c1 20261008-130316-m7-c1; i>=80 linear extrap
20261010-054330-d4-sim,2026-10-10T05:45:52+00:00,synthetic,0.5,21962,3.69,local,ARC+WT,ARC,WT,deferred,3150.307037,697.888008,3013.309437,43924,2745.25,73549,77953,48328,calib_c1 20261008-130316-m7-c1; i>=80 linear extrap
20261010-054330-d4-sim,2026-10-10T05:45:52+00:00,synthetic,0.5,21962,3.69,local,ARC+WB,ARC,WB,deferred,3610.945294,1158.526265,3280.988453,26307,1644.1875,73549,77953,48328,calib_c1 20261008-130316-m7-c1; i>=80 linear extrap
20261010-054330-d4-sim,2026-10-10T05:45:52+00:00,synthetic,0.5,21962,3.69,local,ARC+WB2,ARC,WB2,deferred,3958.900671,1506.481642,3581.959864,59,3.6875,73549,77953,48328,calib_c1 20261008-130316-m7-c1; i>=80 linear extrap
20261010-054330-d4-sim,2026-10-10T05:45:52+00:00,synthetic,0.5,21962,3.69,local,ARC+H2,ARC,H2,deferred,3482.180639,1029.76161,3305.040439,18251,1140.6875,73549,77953,48328,calib_c1 20261008-130316-m7-c1; i>=80 linear extrap
20261010-054330-d4-sim,2026-10-10T05:45:52+00:00,synthetic,0.5,21962,3.69,local,ARC+NONE,ARC,NONE,deferred,3958.900671,1506.481642,3581.959864,0,0.0,73549,77953,48328,calib_c1 20261008-130316-m7-c1; i>=80 linear extrap
20261010-054330-d4-sim,2026-10-10T05:45:52+00:00,synthetic,0.5,21962,3.69,local,S3FIFO+WT,S3FIFO,WT,deferred,3150.307037,697.888008,3013.309437,43924,2745.25,73549,77953,48328,calib_c1 20261008-130316-m7-c1; i>=80 linear extrap
20261010-054330-d4-sim,2026-10-10T05:45:52+00:00,synthetic,0.5,21962,3.69,local,S3FIFO+WB,S3FIFO,WB,deferred,3610.945294,1158.526265,3280.988453,26366,1647.875,73549,77953,48328,calib_c1 20261008-130316-m7-c1; i>=80 linear extrap
20261010-054330-d4-sim,2026-10-10T05:45:52+00:00,synthetic,0.5,21962,3.69,local,S3FIFO+WB2,S3FIFO,WB2,deferred,3958.900671,1506.481642,3581.959864,0,0.0,73549,77953,48328,calib_c1 20261008-130316-m7-c1; i>=80 linear extrap
20261010-054330-d4-sim,2026-10-10T05:45:52+00:00,synthetic,0.5,21962,3.69,local,S3FIFO+H2,S3FIFO,H2,deferred,3482.180639,1029.76161,3305.040439,18251,1140.6875,73549,77953,48328,calib_c1 20261008-130316-m7-c1; i>=80 linear extrap
20261010-054330-d4-sim,2026-10-10T05:45:52+00:00,synthetic,0.5,21962,3.69,local,S3FIFO+NONE,S3FIFO,NONE,deferred,3958.900671,1506.481642,3581.959864,0,0.0,73549,77953,48328,calib_c1 20261008-130316-m7-c1; i>=80 linear extrap
20261010-054330-d4-sim,2026-10-10T05:45:53+00:00,synthetic,0.5,21962,3.69,local,WTPa+WBR,WTPa,WBR,wtp_a,3772.76117,1320.342141,3374.373845,0,0.0,77953,77953,18251,calib_c1 20261008-130316-m7-c1; i>=80 linear extrap
20261010-054330-d4-sim,2026-10-10T05:45:53+00:00,synthetic,0.5,21962,3.69,local,WTPa+WTR,WTPa,WTR,wtp_a,3150.307037,697.888008,3013.309437,18251,1140.6875,77953,77953,18251,calib_c1 20261008-130316-m7-c1; i>=80 linear extrap
20261010-054330-d4-sim,2026-10-10T05:45:53+00:00,synthetic,0.5,21962,3.69,local,WTPb+WB,WTPb,WB,wtp_b,3589.234099,1136.815069,3268.783072,32693,2043.3125,61399,77953,13622,calib_c1 20261008-130316-m7-c1; i>=80 linear extrap
20261010-054330-d4-sim,2026-10-10T05:45:53+00:00,synthetic,0.5,21962,3.69,local,OPT-BELADY,BELADY,NEED,opt,3772.76117,1320.342141,3374.373845,0,0.0,77953,77953,18251,calib_c1 20261008-130316-m7-c1; i>=80 linear extrap
20261010-054330-d4-sim,2026-10-10T05:45:53+00:00,synthetic,0.5,21962,3.69,local,OPT-COST,COSTBELADY,NEED,opt,3150.307037,697.888008,3013.309437,18251,1140.6875,0,77953,0,calib_c1 20261008-130316-m7-c1; i>=80 linear extrap
20261010-054330-d4-sim,2026-10-10T05:45:53+00:00,synthetic,0.5,21962,3.69,nfs,LRU+WT,LRU,WT,deferred,4030.459097,1578.040068,3663.061781,352,22.0,71763,77953,50114,calib_c1 20261008-130316-m7-c1; i>=80 linear extrap
20261010-054330-d4-sim,2026-10-10T05:45:53+00:00,synthetic,0.5,21962,3.69,nfs,LRU+WB,LRU,WB,deferred,4030.459097,1578.040068,3663.061781,152,9.5,71763,77953,50114,calib_c1 20261008-130316-m7-c1; i>=80 linear extrap
20261010-054330-d4-sim,2026-10-10T05:45:53+00:00,synthetic,0.5,21962,3.69,nfs,LRU+WB2,LRU,WB2,deferred,4030.459097,1578.040068,3663.061781,0,0.0,71763,77953,50114,calib_c1 20261008-130316-m7-c1; i>=80 linear extrap
20261010-054330-d4-sim,2026-10-10T05:45:53+00:00,synthetic,0.5,21962,3.69,nfs,LRU+H2,LRU,H2,deferred,4030.459097,1578.040068,3663.061781,192,12.0,71763,77953,50114,calib_c1 20261008-130316-m7-c1; i>=80 linear extrap
20261010-054330-d4-sim,2026-10-10T05:45:53+00:00,synthetic,0.5,21962,3.69,nfs,LRU+NONE,LRU,NONE,deferred,4030.459097,1578.040068,3663.061781,0,0.0,71763,77953,50114,calib_c1 20261008-130316-m7-c1; i>=80 linear extrap
20261010-054330-d4-sim,2026-10-10T05:45:53+00:00,synthetic,0.5,21962,3.69,nfs,2HIT+WT,2HIT,WT,deferred,4543.130756,2090.711727,4204.393372,352,22.0,59702,77953,18251,calib_c1 20261008-130316-m7-c1; i>=80 linear extrap
20261010-054330-d4-sim,2026-10-10T05:45:53+00:00,synthetic,0.5,21962,3.69,nfs,2HIT+WB,2HIT,WB,deferred,4543.130756,2090.711727,4204.393372,352,22.0,59702,77953,18251,calib_c1 20261008-130316-m7-c1; i>=80 linear extrap
20261010-054330-d4-sim,2026-10-10T05:45:53+00:00,synthetic,0.5,21962,3.69,nfs,2HIT+WB2,2HIT,WB2,deferred,4559.528416,2107.109387,4248.316521,0,0.0,59702,77953,18251,calib_c1 20261008-130316-m7-c1; i>=80 linear extrap
20261010-054330-d4-sim,2026-10-10T05:45:53+00:00,synthetic,0.5,21962,3.69,nfs,2HIT+H2,2HIT,H2,deferred,4559.528416,2107.109387,4248.316521,192,12.0,59702,77953,18251,calib_c1 20261008-130316-m7-c1; i>=80 linear extrap
20261010-054330-d4-sim,2026-10-10T05:45:53+00:00,synthetic,0.5,21962,3.69,nfs,2HIT+NONE,2HIT,NONE,deferred,4559.528416,2107.109387,4248.316521,0,0.0,59702,77953,18251,calib_c1 20261008-130316-m7-c1; i>=80 linear extrap
20261010-054330-d4-sim,2026-10-10T05:45:53+00:00,synthetic,0.5,21962,3.69,nfs,SLRU+WT,SLRU,WT,deferred,3962.474412,1510.055383,3585.852019,352,22.0,73487,77953,48390,calib_c1 20261008-130316-m7-c1; i>=80 linear extrap
20261010-054330-d4-sim,2026-10-10T05:45:54+00:00,synthetic,0.5,21962,3.69,nfs,SLRU+WB,SLRU,WB,deferred,3962.474412,1510.055383,3585.852019,153,9.5625,73487,77953,48390,calib_c1 20261008-130316-m7-c1; i>=80 linear extrap
20261010-054330-d4-sim,2026-10-10T05:45:54+00:00,synthetic,0.5,21962,3.69,nfs,SLRU+WB2,SLRU,WB2,deferred,3962.474412,1510.055383,3585.852019,0,0.0,73487,77953,48390,calib_c1 20261008-130316-m7-c1; i>=80 linear extrap
20261010-054330-d4-sim,2026-10-10T05:45:54+00:00,synthetic,0.5,21962,3.69,nfs,SLRU+H2,SLRU,H2,deferred,3962.474412,1510.055383,3585.852019,192,12.0,73487,77953,48390,calib_c1 20261008-130316-m7-c1; i>=80 linear extrap
20261010-054330-d4-sim,2026-10-10T05:45:54+00:00,synthetic,0.5,21962,3.69,nfs,SLRU+NONE,SLRU,NONE,deferred,3962.474412,1510.055383,3585.852019,0,0.0,73487,77953,48390,calib_c1 20261008-130316-m7-c1; i>=80 linear extrap
20261010-054330-d4-sim,2026-10-10T05:45:54+00:00,synthetic,0.5,21962,3.69,nfs,ARC+WT,ARC,WT,deferred,3958.900671,1506.481642,3581.959864,352,22.0,73549,77953,48328,calib_c1 20261008-130316-m7-c1; i>=80 linear extrap
20261010-054330-d4-sim,2026-10-10T05:45:54+00:00,synthetic,0.5,21962,3.69,nfs,ARC+WB,ARC,WB,deferred,3958.900671,1506.481642,3581.959864,153,9.5625,73549,77953,48328,calib_c1 20261008-130316-m7-c1; i>=80 linear extrap
20261010-054330-d4-sim,2026-10-10T05:45:54+00:00,synthetic,0.5,21962,3.69,nfs,ARC+WB2,ARC,WB2,deferred,3958.900671,1506.481642,3581.959864,0,0.0,73549,77953,48328,calib_c1 20261008-130316-m7-c1; i>=80 linear extrap
20261010-054330-d4-sim,2026-10-10T05:45:54+00:00,synthetic,0.5,21962,3.69,nfs,ARC+H2,ARC,H2,deferred,3958.900671,1506.481642,3581.959864,192,12.0,73549,77953,48328,calib_c1 20261008-130316-m7-c1; i>=80 linear extrap
20261010-054330-d4-sim,2026-10-10T05:45:54+00:00,synthetic,0.5,21962,3.69,nfs,ARC+NONE,ARC,NONE,deferred,3958.900671,1506.481642,3581.959864,0,0.0,73549,77953,48328,calib_c1 20261008-130316-m7-c1; i>=80 linear extrap
20261010-054330-d4-sim,2026-10-10T05:45:54+00:00,synthetic,0.5,21962,3.69,nfs,S3FIFO+WT,S3FIFO,WT,deferred,3958.900671,1506.481642,3581.959864,352,22.0,73549,77953,48328,calib_c1 20261008-130316-m7-c1; i>=80 linear extrap
20261010-054330-d4-sim,2026-10-10T05:45:54+00:00,synthetic,0.5,21962,3.69,nfs,S3FIFO+WB,S3FIFO,WB,deferred,3958.900671,1506.481642,3581.959864,154,9.625,73549,77953,48328,calib_c1 20261008-130316-m7-c1; i>=80 linear extrap
20261010-054330-d4-sim,2026-10-10T05:45:54+00:00,synthetic,0.5,21962,3.69,nfs,S3FIFO+WB2,S3FIFO,WB2,deferred,3958.900671,1506.481642,3581.959864,0,0.0,73549,77953,48328,calib_c1 20261008-130316-m7-c1; i>=80 linear extrap
20261010-054330-d4-sim,2026-10-10T05:45:54+00:00,synthetic,0.5,21962,3.69,nfs,S3FIFO+H2,S3FIFO,H2,deferred,3958.900671,1506.481642,3581.959864,192,12.0,73549,77953,48328,calib_c1 20261008-130316-m7-c1; i>=80 linear extrap
20261010-054330-d4-sim,2026-10-10T05:45:54+00:00,synthetic,0.5,21962,3.69,nfs,S3FIFO+NONE,S3FIFO,NONE,deferred,3958.900671,1506.481642,3581.959864,0,0.0,73549,77953,48328,calib_c1 20261008-130316-m7-c1; i>=80 linear extrap
20261010-054330-d4-sim,2026-10-10T05:45:54+00:00,synthetic,0.5,21962,3.69,nfs,WTPa+WBR,WTPa,WBR,wtp_a,3772.76117,1320.342141,3374.373845,0,0.0,77953,77953,18251,calib_c1 20261008-130316-m7-c1; i>=80 linear extrap
20261010-054330-d4-sim,2026-10-10T05:45:54+00:00,synthetic,0.5,21962,3.69,nfs,WTPa+WTR,WTPa,WTR,wtp_a,3772.76117,1320.342141,3374.373845,192,12.0,77953,77953,18251,calib_c1 20261008-130316-m7-c1; i>=80 linear extrap
20261010-054330-d4-sim,2026-10-10T05:45:54+00:00,synthetic,0.5,21962,3.69,nfs,WTPb+WB,WTPb,WB,wtp_b,4457.833627,2005.414597,4145.099454,152,9.5,61399,77953,13622,calib_c1 20261008-130316-m7-c1; i>=80 linear extrap
20261010-054330-d4-sim,2026-10-10T05:45:54+00:00,synthetic,0.5,21962,3.69,nfs,OPT-BELADY,BELADY,NEED,opt,3772.76117,1320.342141,3374.373845,0,0.0,77953,77953,18251,calib_c1 20261008-130316-m7-c1; i>=80 linear extrap
20261010-054330-d4-sim,2026-10-10T05:45:55+00:00,synthetic,0.5,21962,3.69,nfs,OPT-COST,COSTBELADY,NEED,opt,3772.76117,1320.342141,3374.373845,0,0.0,77953,77953,18251,calib_c1 20261008-130316-m7-c1; i>=80 linear extrap
20261010-054330-d4-sim,2026-10-10T05:45:55+00:00,synthetic,0.5,21962,11.6,local,LRU+WT,LRU,WT,deferred,2894.490193,442.071164,2832.786918,43924,2745.25,71763,77953,50114,calib_c1 20261008-130316-m7-c1; i>=80 linear extrap
20261010-054330-d4-sim,2026-10-10T05:45:55+00:00,synthetic,0.5,21962,11.6,local,LRU+WB,LRU,WB,deferred,2894.490193,442.071164,2832.786918,27961,1747.5625,71763,77953,50114,calib_c1 20261008-130316-m7-c1; i>=80 linear extrap
20261010-054330-d4-sim,2026-10-10T05:45:55+00:00,synthetic,0.5,21962,11.6,local,LRU+WB2,LRU,WB2,deferred,3084.957893,632.538864,3028.5123,5369,335.5625,71763,77953,50114,calib_c1 20261008-130316-m7-c1; i>=80 linear extrap
20261010-054330-d4-sim,2026-10-10T05:45:55+00:00,synthetic,0.5,21962,11.6,local,LRU+H2,LRU,H2,deferred,3084.957893,632.538864,3028.5123,18251,1140.6875,71763,77953,50114,calib_c1 20261008-130316-m7-c1; i>=80 linear extrap
20261010-054330-d4-sim,2026-10-10T05:45:55+00:00,synthetic,0.5,21962,11.6,local,LRU+NONE,LRU,NONE,deferred,3201.615225,749.196196,3149.678677,0,0.0,71763,77953,50114,calib_c1 20261008-130316-m7-c1; i>=80 linear extrap
20261010-054330-d4-sim,2026-10-10T05:45:55+00:00,synthetic,0.5,21962,11.6,local,2HIT+WT,2HIT,WT,deferred,2937.48459,485.065561,2863.084316,43924,2745.25,59702,77953,18251,calib_c1 20261008-130316-m7-c1; i>=80 linear extrap
20261010-054330-d4-sim,2026-10-10T05:45:55+00:00,synthetic,0.5,21962,11.6,local,2HIT+WB,2HIT,WB,deferred,2937.48459,485.065561,2863.084316,43924,2745.25,59702,77953,18251,calib_c1 20261008-130316-m7-c1; i>=80 linear extrap
20261010-054330-d4-sim,2026-10-10T05:45:55+00:00,synthetic,0.5,21962,11.6,local,2HIT+WB2,2HIT,WB2,deferred,3869.985937,1417.566908,3819.515099,0,0.0,59702,77953,18251,calib_c1 20261008-130316-m7-c1; i>=80 linear extrap
20261010-054330-d4-sim,2026-10-10T05:45:55+00:00,synthetic,0.5,21962,11.6,local,2HIT+H2,2HIT,H2,deferred,3869.985937,1417.566908,3819.515099,18251,1140.6875,59702,77953,18251,calib_c1 20261008-130316-m7-c1; i>=80 linear extrap
20261010-054330-d4-sim,2026-10-10T05:45:55+00:00,synthetic,0.5,21962,11.6,local,2HIT+NONE,2HIT,NONE,deferred,3869.985937,1417.566908,3819.515099,0,0.0,59702,77953,18251,calib_c1 20261008-130316-m7-c1; i>=80 linear extrap
20261010-054330-d4-sim,2026-10-10T05:45:55+00:00,synthetic,0.5,21962,11.6,local,SLRU+WT,SLRU,WT,deferred,2888.344571,435.925542,2828.50082,43924,2745.25,73487,77953,48390,calib_c1 20261008-130316-m7-c1; i>=80 linear extrap
20261010-054330-d4-sim,2026-10-10T05:45:55+00:00,synthetic,0.5,21962,11.6,local,SLRU+WB,SLRU,WB,deferred,2888.344571,435.925542,2828.50082,25994,1624.625,73487,77953,48390,calib_c1 20261008-130316-m7-c1; i>=80 linear extrap
20261010-054330-d4-sim,2026-10-10T05:45:55+00:00,synthetic,0.5,21962,11.6,local,SLRU+WB2,SLRU,WB2,deferred,3106.258814,653.839784,3052.554645,434,27.125,73487,77953,48390,calib_c1 20261008-130316-m7-c1; i>=80 linear extrap
20261010-054330-d4-sim,2026-10-10T05:45:55+00:00,synthetic,0.5,21962,11.6,local,SLRU+H2,SLRU,H2,deferred,3106.258814,653.839784,3052.554645,18251,1140.6875,73487,77953,48390,calib_c1 20261008-130316-m7-c1; i>=80 linear extrap
20261010-054330-d4-sim,2026-10-10T05:45:55+00:00,synthetic,0.5,21962,11.6,local,SLRU+NONE,SLRU,NONE,deferred,3113.718791,661.299762,3060.238439,0,0.0,73487,77953,48390,calib_c1 20261008-130316-m7-c1; i>=80 linear extrap
20261010-054330-d4-sim,2026-10-10T05:45:56+00:00,synthetic,0.5,21962,11.6,local,ARC+WT,ARC,WT,deferred,2888.123557,435.704528,2828.335542,43924,2745.25,73549,77953,48328,calib_c1 20261008-130316-m7-c1; i>=80 linear extrap
20261010-054330-d4-sim,2026-10-10T05:45:56+00:00,synthetic,0.5,21962,11.6,local,ARC+WB,ARC,WB,deferred,2888.123557,435.704528,2828.335542,26307,1644.1875,73549,77953,48328,calib_c1 20261008-130316-m7-c1; i>=80 linear extrap
20261010-054330-d4-sim,2026-10-10T05:45:56+00:00,synthetic,0.5,21962,11.6,local,ARC+WB2,ARC,WB2,deferred,3109.428966,657.009937,3055.875831,59,3.6875,73549,77953,48328,calib_c1 20261008-130316-m7-c1; i>=80 linear extrap
20261010-054330-d4-sim,2026-10-10T05:45:56+00:00,synthetic,0.5,21962,11.6,local,ARC+H2,ARC,H2,deferred,3109.428966,657.009937,3055.875831,18251,1140.6875,73549,77953,48328,calib_c1 20261008-130316-m7-c1; i>=80 linear extrap
20261010-054330-d4-sim,2026-10-10T05:45:56+00:00,synthetic,0.5,21962,11.6,local,ARC+NONE,ARC,NONE,deferred,3109.428966,657.009937,3055.875831,0,0.0,73549,77953,48328,calib_c1 20261008-130316-m7-c1; i>=80 linear extrap
20261010-054330-d4-sim,2026-10-10T05:45:56+00:00,synthetic,0.5,21962,11.6,local,S3FIFO+WT,S3FIFO,WT,deferred,2888.123557,435.704528,2828.335542,43924,2745.25,73549,77953,48328,calib_c1 20261008-130316-m7-c1; i>=80 linear extrap
20261010-054330-d4-sim,2026-10-10T05:45:56+00:00,synthetic,0.5,21962,11.6,local,S3FIFO+WB,S3FIFO,WB,deferred,2888.123557,435.704528,2828.335542,26366,1647.875,73549,77953,48328,calib_c1 20261008-130316-m7-c1; i>=80 linear extrap
20261010-054330-d4-sim,2026-10-10T05:45:56+00:00,synthetic,0.5,21962,11.6,local,S3FIFO+WB2,S3FIFO,WB2,deferred,3109.428966,657.009937,3055.875831,0,0.0,73549,77953,48328,calib_c1 20261008-130316-m7-c1; i>=80 linear extrap
20261010-054330-d4-sim,2026-10-10T05:45:56+00:00,synthetic,0.5,21962,11.6,local,S3FIFO+H2,S3FIFO,H2,deferred,3109.428966,657.009937,3055.875831,18251,1140.6875,73549,77953,48328,calib_c1 20261008-130316-m7-c1; i>=80 linear extrap
20261010-054330-d4-sim,2026-10-10T05:45:56+00:00,synthetic,0.5,21962,11.6,local,S3FIFO+NONE,S3FIFO,NONE,deferred,3109.428966,657.009937,3055.875831,0,0.0,73549,77953,48328,calib_c1 20261008-130316-m7-c1; i>=80 linear extrap
20261010-054330-d4-sim,2026-10-10T05:45:56+00:00,synthetic,0.5,21962,11.6,local,WTPa+WBR,WTPa,WBR,wtp_a,2872.424417,420.005388,2817.219278,0,0.0,77953,77953,18251,calib_c1 20261008-130316-m7-c1; i>=80 linear extrap
20261010-054330-d4-sim,2026-10-10T05:45:56+00:00,synthetic,0.5,21962,11.6,local,WTPa+WTR,WTPa,WTR,wtp_a,2872.424417,420.005388,2817.219278,18251,1140.6875,77953,77953,18251,calib_c1 20261008-130316-m7-c1; i>=80 linear extrap
20261010-054330-d4-sim,2026-10-10T05:45:56+00:00,synthetic,0.5,21962,11.6,local,WTPb+WB,WTPb,WB,wtp_b,2931.435217,479.016188,2858.748891,32693,2043.3125,61399,77953,13622,calib_c1 20261008-130316-m7-c1; i>=80 linear extrap
20261010-054330-d4-sim,2026-10-10T05:45:56+00:00,synthetic,0.5,21962,11.6,local,OPT-BELADY,BELADY,NEED,opt,2872.424417,420.005388,2817.219278,0,0.0,77953,77953,18251,calib_c1 20261008-130316-m7-c1; i>=80 linear extrap
20261010-054330-d4-sim,2026-10-10T05:45:56+00:00,synthetic,0.5,21962,11.6,local,OPT-COST,COSTBELADY,NEED,opt,2872.424417,420.005388,2817.219278,0,0.0,77953,77953,18251,calib_c1 20261008-130316-m7-c1; i>=80 linear extrap
20261010-054330-d4-sim,2026-10-10T05:45:56+00:00,synthetic,0.5,21962,11.6,nfs,LRU+WT,LRU,WT,deferred,3201.615225,749.196196,3149.678677,352,22.0,71763,77953,50114,calib_c1 20261008-130316-m7-c1; i>=80 linear extrap
20261010-054330-d4-sim,2026-10-10T05:45:57+00:00,synthetic,0.5,21962,11.6,nfs,LRU+WB,LRU,WB,deferred,3201.615225,749.196196,3149.678677,152,9.5,71763,77953,50114,calib_c1 20261008-130316-m7-c1; i>=80 linear extrap
20261010-054330-d4-sim,2026-10-10T05:45:57+00:00,synthetic,0.5,21962,11.6,nfs,LRU+WB2,LRU,WB2,deferred,3201.615225,749.196196,3149.678677,0,0.0,71763,77953,50114,calib_c1 20261008-130316-m7-c1; i>=80 linear extrap
20261010-054330-d4-sim,2026-10-10T05:45:57+00:00,synthetic,0.5,21962,11.6,nfs,LRU+H2,LRU,H2,deferred,3201.615225,749.196196,3149.678677,192,12.0,71763,77953,50114,calib_c1 20261008-130316-m7-c1; i>=80 linear extrap
20261010-054330-d4-sim,2026-10-10T05:45:57+00:00,synthetic,0.5,21962,11.6,nfs,LRU+NONE,LRU,NONE,deferred,3201.615225,749.196196,3149.678677,0,0.0,71763,77953,50114,calib_c1 20261008-130316-m7-c1; i>=80 linear extrap
20261010-054330-d4-sim,2026-10-10T05:45:57+00:00,synthetic,0.5,21962,11.6,nfs,2HIT+WT,2HIT,WT,deferred,3853.588277,1401.169248,3775.59195,352,22.0,59702,77953,18251,calib_c1 20261008-130316-m7-c1; i>=80 linear extrap
20261010-054330-d4-sim,2026-10-10T05:45:57+00:00,synthetic,0.5,21962,11.6,nfs,2HIT+WB,2HIT,WB,deferred,3853.588277,1401.169248,3775.59195,352,22.0,59702,77953,18251,calib_c1 20261008-130316-m7-c1; i>=80 linear extrap
20261010-054330-d4-sim,2026-10-10T05:45:57+00:00,synthetic,0.5,21962,11.6,nfs,2HIT+WB2,2HIT,WB2,deferred,3869.985937,1417.566908,3819.515099,0,0.0,59702,77953,18251,calib_c1 20261008-130316-m7-c1; i>=80 linear extrap
20261010-054330-d4-sim,2026-10-10T05:45:57+00:00,synthetic,0.5,21962,11.6,nfs,2HIT+H2,2HIT,H2,deferred,3869.985937,1417.566908,3819.515099,192,12.0,59702,77953,18251,calib_c1 20261008-130316-m7-c1; i>=80 linear extrap
20261010-054330-d4-sim,2026-10-10T05:45:57+00:00,synthetic,0.5,21962,11.6,nfs,2HIT+NONE,2HIT,NONE,deferred,3869.985937,1417.566908,3819.515099,0,0.0,59702,77953,18251,calib_c1 20261008-130316-m7-c1; i>=80 linear extrap
20261010-054330-d4-sim,2026-10-10T05:45:57+00:00,synthetic,0.5,21962,11.6,nfs,SLRU+WT,SLRU,WT,deferred,3113.718791,661.299762,3060.238439,352,22.0,73487,77953,48390,calib_c1 20261008-130316-m7-c1; i>=80 linear extrap
20261010-054330-d4-sim,2026-10-10T05:45:57+00:00,synthetic,0.5,21962,11.6,nfs,SLRU+WB,SLRU,WB,deferred,3113.718791,661.299762,3060.238439,153,9.5625,73487,77953,48390,calib_c1 20261008-130316-m7-c1; i>=80 linear extrap
20261010-054330-d4-sim,2026-10-10T05:45:57+00:00,synthetic,0.5,21962,11.6,nfs,SLRU+WB2,SLRU,WB2,deferred,3113.718791,661.299762,3060.238439,0,0.0,73487,77953,48390,calib_c1 20261008-130316-m7-c1; i>=80 linear extrap
20261010-054330-d4-sim,2026-10-10T05:45:57+00:00,synthetic,0.5,21962,11.6,nfs,SLRU+H2,SLRU,H2,deferred,3113.718791,661.299762,3060.238439,192,12.0,73487,77953,48390,calib_c1 20261008-130316-m7-c1; i>=80 linear extrap
20261010-054330-d4-sim,2026-10-10T05:45:57+00:00,synthetic,0.5,21962,11.6,nfs,SLRU+NONE,SLRU,NONE,deferred,3113.718791,661.299762,3060.238439,0,0.0,73487,77953,48390,calib_c1 20261008-130316-m7-c1; i>=80 linear extrap
20261010-054330-d4-sim,2026-10-10T05:45:57+00:00,synthetic,0.5,21962,11.6,nfs,ARC+WT,ARC,WT,deferred,3109.428966,657.009937,3055.875831,352,22.0,73549,77953,48328,calib_c1 20261008-130316-m7-c1; i>=80 linear extrap
20261010-054330-d4-sim,2026-10-10T05:45:57+00:00,synthetic,0.5,21962,11.6,nfs,ARC+WB,ARC,WB,deferred,3109.428966,657.009937,3055.875831,153,9.5625,73549,77953,48328,calib_c1 20261008-130316-m7-c1; i>=80 linear extrap
20261010-054330-d4-sim,2026-10-10T05:45:57+00:00,synthetic,0.5,21962,11.6,nfs,ARC+WB2,ARC,WB2,deferred,3109.428966,657.009937,3055.875831,0,0.0,73549,77953,48328,calib_c1 20261008-130316-m7-c1; i>=80 linear extrap
20261010-054330-d4-sim,2026-10-10T05:45:57+00:00,synthetic,0.5,21962,11.6,nfs,ARC+H2,ARC,H2,deferred,3109.428966,657.009937,3055.875831,192,12.0,73549,77953,48328,calib_c1 20261008-130316-m7-c1; i>=80 linear extrap
20261010-054330-d4-sim,2026-10-10T05:45:58+00:00,synthetic,0.5,21962,11.6,nfs,ARC+NONE,ARC,NONE,deferred,3109.428966,657.009937,3055.875831,0,0.0,73549,77953,48328,calib_c1 20261008-130316-m7-c1; i>=80 linear extrap
20261010-054330-d4-sim,2026-10-10T05:45:58+00:00,synthetic,0.5,21962,11.6,nfs,S3FIFO+WT,S3FIFO,WT,deferred,3109.428966,657.009937,3055.875831,352,22.0,73549,77953,48328,calib_c1 20261008-130316-m7-c1; i>=80 linear extrap
20261010-054330-d4-sim,2026-10-10T05:45:58+00:00,synthetic,0.5,21962,11.6,nfs,S3FIFO+WB,S3FIFO,WB,deferred,3109.428966,657.009937,3055.875831,154,9.625,73549,77953,48328,calib_c1 20261008-130316-m7-c1; i>=80 linear extrap
20261010-054330-d4-sim,2026-10-10T05:45:58+00:00,synthetic,0.5,21962,11.6,nfs,S3FIFO+WB2,S3FIFO,WB2,deferred,3109.428966,657.009937,3055.875831,0,0.0,73549,77953,48328,calib_c1 20261008-130316-m7-c1; i>=80 linear extrap
20261010-054330-d4-sim,2026-10-10T05:45:58+00:00,synthetic,0.5,21962,11.6,nfs,S3FIFO+H2,S3FIFO,H2,deferred,3109.428966,657.009937,3055.875831,192,12.0,73549,77953,48328,calib_c1 20261008-130316-m7-c1; i>=80 linear extrap
20261010-054330-d4-sim,2026-10-10T05:45:58+00:00,synthetic,0.5,21962,11.6,nfs,S3FIFO+NONE,S3FIFO,NONE,deferred,3109.428966,657.009937,3055.875831,0,0.0,73549,77953,48328,calib_c1 20261008-130316-m7-c1; i>=80 linear extrap
20261010-054330-d4-sim,2026-10-10T05:45:58+00:00,synthetic,0.5,21962,11.6,nfs,WTPa+WBR,WTPa,WBR,wtp_a,2872.424417,420.005388,2817.219278,0,0.0,77953,77953,18251,calib_c1 20261008-130316-m7-c1; i>=80 linear extrap
20261010-054330-d4-sim,2026-10-10T05:45:58+00:00,synthetic,0.5,21962,11.6,nfs,WTPa+WTR,WTPa,WTR,wtp_a,2872.424417,420.005388,2817.219278,192,12.0,77953,77953,18251,calib_c1 20261008-130316-m7-c1; i>=80 linear extrap
20261010-054330-d4-sim,2026-10-10T05:45:58+00:00,synthetic,0.5,21962,11.6,nfs,WTPb+WB,WTPb,WB,wtp_b,3748.691242,1296.272213,3705.492976,152,9.5,61399,77953,13622,calib_c1 20261008-130316-m7-c1; i>=80 linear extrap
20261010-054330-d4-sim,2026-10-10T05:45:58+00:00,synthetic,0.5,21962,11.6,nfs,OPT-BELADY,BELADY,NEED,opt,2872.424417,420.005388,2817.219278,0,0.0,77953,77953,18251,calib_c1 20261008-130316-m7-c1; i>=80 linear extrap
20261010-054330-d4-sim,2026-10-10T05:45:58+00:00,synthetic,0.5,21962,11.6,nfs,OPT-COST,COSTBELADY,NEED,opt,2872.424417,420.005388,2817.219278,0,0.0,77953,77953,18251,calib_c1 20261008-130316-m7-c1; i>=80 linear extrap
20261010-054330-d4-sim,2026-10-10T05:46:02+00:00,toolagent,0.1,18330,3.69,local,LRU+WT,LRU,WT,deferred,12235.310388,2026.133982,11871.754929,183300,11456.25,207948,226316,201668,calib_c1 20261008-130316-m7-c1; i>=80 linear extrap
20261010-054330-d4-sim,2026-10-10T05:46:03+00:00,toolagent,0.1,18330,3.69,local,LRU+WB,LRU,WB,deferred,13780.981388,3571.804983,12695.539797,167140,10446.25,207948,226316,201668,calib_c1 20261008-130316-m7-c1; i>=80 linear extrap
20261010-054330-d4-sim,2026-10-10T05:46:03+00:00,toolagent,0.1,18330,3.69,local,LRU+WB2,LRU,WB2,deferred,14244.407677,4035.231272,13129.885581,35498,2218.625,207948,226316,201668,calib_c1 20261008-130316-m7-c1; i>=80 linear extrap
20261010-054330-d4-sim,2026-10-10T05:46:04+00:00,toolagent,0.1,18330,3.69,local,LRU+H2,LRU,H2,deferred,12897.930303,2688.753898,12428.872907,39481,2467.5625,207948,226316,201668,calib_c1 20261008-130316-m7-c1; i>=80 linear extrap
20261010-054330-d4-sim,2026-10-10T05:46:04+00:00,toolagent,0.1,18330,3.69,local,LRU+NONE,LRU,NONE,deferred,14817.150369,4607.973964,13701.119387,0,0.0,207948,226316,201668,calib_c1 20261008-130316-m7-c1; i>=80 linear extrap
20261010-054330-d4-sim,2026-10-10T05:46:05+00:00,toolagent,0.1,18330,3.69,local,2HIT+WT,2HIT,WT,deferred,12235.310388,2026.133982,11871.754929,183300,11456.25,186788,226316,39528,calib_c1 20261008-130316-m7-c1; i>=80 linear extrap
20261010-054330-d4-sim,2026-10-10T05:46:06+00:00,toolagent,0.1,18330,3.69,local,2HIT+WB,2HIT,WB,deferred,12235.310388,2026.133982,11871.754929,183300,11456.25,186788,226316,39528,calib_c1 20261008-130316-m7-c1; i>=80 linear extrap
20261010-054330-d4-sim,2026-10-10T05:46:06+00:00,toolagent,0.1,18330,3.69,local,2HIT+WB2,2HIT,WB2,deferred,15481.799434,5272.623029,14363.032007,21198,1324.875,186788,226316,39528,calib_c1 20261008-130316-m7-c1; i>=80 linear extrap
20261010-054330-d4-sim,2026-10-10T05:46:07+00:00,toolagent,0.1,18330,3.69,local,2HIT+H2,2HIT,H2,deferred,13990.394444,3781.218039,13576.478579,39481,2467.5625,186788,226316,39528,calib_c1 20261008-130316-m7-c1; i>=80 linear extrap
20261010-054330-d4-sim,2026-10-10T05:46:07+00:00,toolagent,0.1,18330,3.69,local,2HIT+NONE,2HIT,NONE,deferred,15483.558649,5274.382244,14364.723254,0,0.0,186788,226316,39528,calib_c1 20261008-130316-m7-c1; i>=80 linear extrap
20261010-054330-d4-sim,2026-10-10T05:46:08+00:00,toolagent,0.1,18330,3.69,local,SLRU+WT,SLRU,WT,deferred,12235.310388,2026.133982,11871.754929,183300,11456.25,186925,226316,222691,calib_c1 20261008-130316-m7-c1; i>=80 linear extrap
20261010-054330-d4-sim,2026-10-10T05:46:09+00:00,toolagent,0.1,18330,3.69,local,SLRU+WB,SLRU,WB,deferred,13654.203659,3445.027254,12618.977186,169015,10563.4375,186925,226316,222691,calib_c1 20261008-130316-m7-c1; i>=80 linear extrap
20261010-054330-d4-sim,2026-10-10T05:46:09+00:00,toolagent,0.1,18330,3.69,local,SLRU+WB2,SLRU,WB2,deferred,14751.465721,4542.289316,13658.969696,25369,1585.5625,186925,226316,222691,calib_c1 20261008-130316-m7-c1; i>=80 linear extrap
20261010-054330-d4-sim,2026-10-10T05:46:10+00:00,toolagent,0.1,18330,3.69,local,SLRU+H2,SLRU,H2,deferred,13401.155551,3191.979146,12953.339404,39481,2467.5625,186925,226316,222691,calib_c1 20261008-130316-m7-c1; i>=80 linear extrap
20261010-054330-d4-sim,2026-10-10T05:46:10+00:00,toolagent,0.1,18330,3.69,local,SLRU+NONE,SLRU,NONE,deferred,15512.142774,5302.966369,14436.947888,0,0.0,186925,226316,222691,calib_c1 20261008-130316-m7-c1; i>=80 linear extrap
20261010-054330-d4-sim,2026-10-10T05:46:11+00:00,toolagent,0.1,18330,3.69,local,ARC+WT,ARC,WT,deferred,12235.310388,2026.133982,11871.754929,183300,11456.25,208953,226316,200663,calib_c1 20261008-130316-m7-c1; i>=80 linear extrap
20261010-054330-d4-sim,2026-10-10T05:46:12+00:00,toolagent,0.1,18330,3.69,local,ARC+WB,ARC,WB,deferred,13777.619706,3568.443301,12692.261223,167687,10480.4375,208953,226316,200663,calib_c1 20261008-130316-m7-c1; i>=80 linear extrap
20261010-054330-d4-sim,2026-10-10T05:46:12+00:00,toolagent,0.1,18330,3.69,local,ARC+WB2,ARC,WB2,deferred,14548.951901,4339.775496,13399.200125,32276,2017.25,208953,226316,200663,calib_c1 20261008-130316-m7-c1; i>=80 linear extrap
20261010-054330-d4-sim,2026-10-10T05:46:13+00:00,toolagent,0.1,18330,3.69,local,ARC+H2,ARC,H2,deferred,13095.818981,2886.642576,12635.577125,39481,2467.5625,208953,226316,200663,calib_c1 20261008-130316-m7-c1; i>=80 linear extrap
20261010-054330-d4-sim,2026-10-10T05:46:13+00:00,toolagent,0.1,18330,3.69,local,ARC+NONE,ARC,NONE,deferred,14676.833516,4467.657111,13521.606873,0,0.0,208953,226316,200663,calib_c1 20261008-130316-m7-c1; i>=80 linear extrap
20261010-054330-d4-sim,2026-10-10T05:46:14+00:00,toolagent,0.1,18330,3.69,local,S3FIFO+WT,S3FIFO,WT,deferred,12235.310388,2026.133982,11871.754929,183300,11456.25,196923,226316,212693,calib_c1 20261008-130316-m7-c1; i>=80 linear extrap
20261010-054330-d4-sim,2026-10-10T05:46:15+00:00,toolagent,0.1,18330,3.69,local,S3FIFO+WB,S3FIFO,WB,deferred,13595.857318,3386.680913,12585.259863,178439,11152.4375,196923,226316,212693,calib_c1 20261008-130316-m7-c1; i>=80 linear extrap
20261010-054330-d4-sim,2026-10-10T05:46:15+00:00,toolagent,0.1,18330,3.69,local,S3FIFO+WB2,S3FIFO,WB2,deferred,14952.54393,4743.367525,13817.57742,24034,1502.125,196923,226316,212693,calib_c1 20261008-130316-m7-c1; i>=80 linear extrap
20261010-054330-d4-sim,2026-10-10T05:46:16+00:00,toolagent,0.1,18330,3.69,local,S3FIFO+H2,S3FIFO,H2,deferred,13499.179445,3290.00304,13054.274753,39481,2467.5625,196923,226316,212693,calib_c1 20261008-130316-m7-c1; i>=80 linear extrap
20261010-054330-d4-sim,2026-10-10T05:46:16+00:00,toolagent,0.1,18330,3.69,local,S3FIFO+NONE,S3FIFO,NONE,deferred,15074.698685,4865.52228,13934.500113,0,0.0,196923,226316,212693,calib_c1 20261008-130316-m7-c1; i>=80 linear extrap
20261010-054330-d4-sim,2026-10-10T05:46:17+00:00,toolagent,0.1,18330,3.69,local,WTPa+WBR,WTPa,WBR,wtp_a,14042.441988,3833.265583,12847.27499,0,0.0,226316,226316,39481,calib_c1 20261008-130316-m7-c1; i>=80 linear extrap
20261010-054330-d4-sim,2026-10-10T05:46:17+00:00,toolagent,0.1,18330,3.69,local,WTPa+WTR,WTPa,WTR,wtp_a,12235.310388,2026.133982,11871.754929,39481,2467.5625,226316,226316,39481,calib_c1 20261008-130316-m7-c1; i>=80 linear extrap
20261010-054330-d4-sim,2026-10-10T05:46:18+00:00,toolagent,0.1,18330,3.69,local,WTPb+WB,WTPb,WB,wtp_b,12880.07459,2670.898185,12254.727089,165667,10354.1875,221634,226316,47564,calib_c1 20261008-130316-m7-c1; i>=80 linear extrap
20261010-054330-d4-sim,2026-10-10T05:46:19+00:00,toolagent,0.1,18330,3.69,local,OPT-BELADY,BELADY,NEED,opt,14042.441988,3833.265583,12847.27499,0,0.0,226316,226316,39481,calib_c1 20261008-130316-m7-c1; i>=80 linear extrap
20261010-054330-d4-sim,2026-10-10T05:46:19+00:00,toolagent,0.1,18330,3.69,local,OPT-COST,COSTBELADY,NEED,opt,12235.310388,2026.133982,11871.754929,39481,2467.5625,0,226316,0,calib_c1 20261008-130316-m7-c1; i>=80 linear extrap
20261010-054330-d4-sim,2026-10-10T05:46:21+00:00,toolagent,0.1,18330,3.69,nfs,LRU+WT,LRU,WT,deferred,14815.834989,4606.658584,13684.32455,2105,131.5625,207948,226316,201668,calib_c1 20261008-130316-m7-c1; i>=80 linear extrap
20261010-054330-d4-sim,2026-10-10T05:46:21+00:00,toolagent,0.1,18330,3.69,nfs,LRU+WB,LRU,WB,deferred,14815.834989,4606.658584,13684.32455,1946,121.625,207948,226316,201668,calib_c1 20261008-130316-m7-c1; i>=80 linear extrap
20261010-054330-d4-sim,2026-10-10T05:46:22+00:00,toolagent,0.1,18330,3.69,nfs,LRU+WB2,LRU,WB2,deferred,14816.981334,4607.804929,13695.47591,311,19.4375,207948,226316,201668,calib_c1 20261008-130316-m7-c1; i>=80 linear extrap
20261010-054330-d4-sim,2026-10-10T05:46:22+00:00,toolagent,0.1,18330,3.69,nfs,LRU+H2,LRU,H2,deferred,14816.981334,4607.804929,13695.47591,311,19.4375,207948,226316,201668,calib_c1 20261008-130316-m7-c1; i>=80 linear extrap
20261010-054330-d4-sim,2026-10-10T05:46:23+00:00,toolagent,0.1,18330,3.69,nfs,LRU+NONE,LRU,NONE,deferred,14817.150369,4607.973964,13701.119387,0,0.0,207948,226316,201668,calib_c1 20261008-130316-m7-c1; i>=80 linear extrap
20261010-054330-d4-sim,2026-10-10T05:46:24+00:00,toolagent,0.1,18330,3.69,nfs,2HIT+WT,2HIT,WT,deferred,15477.388932,5268.212526,14303.009195,2105,131.5625,186788,226316,39528,calib_c1 20261008-130316-m7-c1; i>=80 linear extrap
20261010-054330-d4-sim,2026-10-10T05:46:24+00:00,toolagent,0.1,18330,3.69,nfs,2HIT+WB,2HIT,WB,deferred,15477.388932,5268.212526,14303.009195,2105,131.5625,186788,226316,39528,calib_c1 20261008-130316-m7-c1; i>=80 linear extrap
20261010-054330-d4-sim,2026-10-10T05:46:25+00:00,toolagent,0.1,18330,3.69,nfs,2HIT+WB2,2HIT,WB2,deferred,15483.558649,5274.382244,14364.723254,248,15.5,186788,226316,39528,calib_c1 20261008-130316-m7-c1; i>=80 linear extrap
20261010-054330-d4-sim,2026-10-10T05:46:25+00:00,toolagent,0.1,18330,3.69,nfs,2HIT+H2,2HIT,H2,deferred,15483.558649,5274.382244,14364.723254,311,19.4375,186788,226316,39528,calib_c1 20261008-130316-m7-c1; i>=80 linear extrap
20261010-054330-d4-sim,2026-10-10T05:46:26+00:00,toolagent,0.1,18330,3.69,nfs,2HIT+NONE,2HIT,NONE,deferred,15483.558649,5274.382244,14364.723254,0,0.0,186788,226316,39528,calib_c1 20261008-130316-m7-c1; i>=80 linear extrap
20261010-054330-d4-sim,2026-10-10T05:46:26+00:00,toolagent,0.1,18330,3.69,nfs,SLRU+WT,SLRU,WT,deferred,15509.768245,5300.59184,14411.154431,2105,131.5625,186925,226316,222691,calib_c1 20261008-130316-m7-c1; i>=80 linear extrap
20261010-054330-d4-sim,2026-10-10T05:46:27+00:00,toolagent,0.1,18330,3.69,nfs,SLRU+WB,SLRU,WB,deferred,15509.768245,5300.59184,14411.154431,1983,123.9375,186925,226316,222691,calib_c1 20261008-130316-m7-c1; i>=80 linear extrap
20261010-054330-d4-sim,2026-10-10T05:46:28+00:00,toolagent,0.1,18330,3.69,nfs,SLRU+WB2,SLRU,WB2,deferred,15512.081651,5302.905245,14434.55586,240,15.0,186925,226316,222691,calib_c1 20261008-130316-m7-c1; i>=80 linear extrap
20261010-054330-d4-sim,2026-10-10T05:46:28+00:00,toolagent,0.1,18330,3.69,nfs,SLRU+H2,SLRU,H2,deferred,15512.081651,5302.905245,14434.55586,311,19.4375,186925,226316,222691,calib_c1 20261008-130316-m7-c1; i>=80 linear extrap
20261010-054330-d4-sim,2026-10-10T05:46:29+00:00,toolagent,0.1,18330,3.69,nfs,SLRU+NONE,SLRU,NONE,deferred,15512.142774,5302.966369,14436.947888,0,0.0,186925,226316,222691,calib_c1 20261008-130316-m7-c1; i>=80 linear extrap
20261010-054330-d4-sim,2026-10-10T05:46:29+00:00,toolagent,0.1,18330,3.69,nfs,ARC+WT,ARC,WT,deferred,14675.675005,4466.4986,13511.482734,2105,131.5625,208953,226316,200663,calib_c1 20261008-130316-m7-c1; i>=80 linear extrap
20261010-054330-d4-sim,2026-10-10T05:46:30+00:00,toolagent,0.1,18330,3.69,nfs,ARC+WB,ARC,WB,deferred,14675.675005,4466.4986,13511.482734,1942,121.375,208953,226316,200663,calib_c1 20261008-130316-m7-c1; i>=80 linear extrap
20261010-054330-d4-sim,2026-10-10T05:46:31+00:00,toolagent,0.1,18330,3.69,nfs,ARC+WB2,ARC,WB2,deferred,14676.82135,4467.644945,13521.717864,301,18.8125,208953,226316,200663,calib_c1 20261008-130316-m7-c1; i>=80 linear extrap
20261010-054330-d4-sim,2026-10-10T05:46:31+00:00,toolagent,0.1,18330,3.69,nfs,ARC+H2,ARC,H2,deferred,14676.82135,4467.644945,13521.717864,311,19.4375,208953,226316,200663,calib_c1 20261008-130316-m7-c1; i>=80 linear extrap
20261010-054330-d4-sim,2026-10-10T05:46:32+00:00,toolagent,0.1,18330,3.69,nfs,ARC+NONE,ARC,NONE,deferred,14676.833516,4467.657111,13521.606873,0,0.0,208953,226316,200663,calib_c1 20261008-130316-m7-c1; i>=80 linear extrap
20261010-054330-d4-sim,2026-10-10T05:46:32+00:00,toolagent,0.1,18330,3.69,nfs,S3FIFO+WT,S3FIFO,WT,deferred,15072.373114,4863.196709,13912.118058,2105,131.5625,196923,226316,212693,calib_c1 20261008-130316-m7-c1; i>=80 linear extrap
20261010-054330-d4-sim,2026-10-10T05:46:33+00:00,toolagent,0.1,18330,3.69,nfs,S3FIFO+WB,S3FIFO,WB,deferred,15072.373114,4863.196709,13912.118058,2041,127.5625,196923,226316,212693,calib_c1 20261008-130316-m7-c1; i>=80 linear extrap
20261010-054330-d4-sim,2026-10-10T05:46:34+00:00,toolagent,0.1,18330,3.69,nfs,S3FIFO+WB2,S3FIFO,WB2,deferred,15074.68652,4865.510115,13934.611104,286,17.875,196923,226316,212693,calib_c1 20261008-130316-m7-c1; i>=80 linear extrap
20261010-054330-d4-sim,2026-10-10T05:46:34+00:00,toolagent,0.1,18330,3.69,nfs,S3FIFO+H2,S3FIFO,H2,deferred,15074.68652,4865.510115,13934.611104,311,19.4375,196923,226316,212693,calib_c1 20261008-130316-m7-c1; i>=80 linear extrap
20261010-054330-d4-sim,2026-10-10T05:46:35+00:00,toolagent,0.1,18330,3.69,nfs,S3FIFO+NONE,S3FIFO,NONE,deferred,15074.698685,4865.52228,13934.500113,0,0.0,196923,226316,212693,calib_c1 20261008-130316-m7-c1; i>=80 linear extrap
20261010-054330-d4-sim,2026-10-10T05:46:36+00:00,toolagent,0.1,18330,3.69,nfs,WTPa+WBR,WTPa,WBR,wtp_a,14042.441988,3833.265583,12847.27499,0,0.0,226316,226316,39481,calib_c1 20261008-130316-m7-c1; i>=80 linear extrap
20261010-054330-d4-sim,2026-10-10T05:46:36+00:00,toolagent,0.1,18330,3.69,nfs,WTPa+WTR,WTPa,WTR,wtp_a,14042.441988,3833.265583,12847.27499,311,19.4375,226316,226316,39481,calib_c1 20261008-130316-m7-c1; i>=80 linear extrap
20261010-054330-d4-sim,2026-10-10T05:46:37+00:00,toolagent,0.1,18330,3.69,nfs,WTPb+WB,WTPb,WB,wtp_b,14158.992463,3949.816057,12976.423275,2039,127.4375,221634,226316,47564,calib_c1 20261008-130316-m7-c1; i>=80 linear extrap
20261010-054330-d4-sim,2026-10-10T05:46:38+00:00,toolagent,0.1,18330,3.69,nfs,OPT-BELADY,BELADY,NEED,opt,14042.441988,3833.265583,12847.27499,0,0.0,226316,226316,39481,calib_c1 20261008-130316-m7-c1; i>=80 linear extrap
20261010-054330-d4-sim,2026-10-10T05:46:38+00:00,toolagent,0.1,18330,3.69,nfs,OPT-COST,COSTBELADY,NEED,opt,14042.441988,3833.265583,12847.27499,0,0.0,226316,226316,39481,calib_c1 20261008-130316-m7-c1; i>=80 linear extrap
20261010-054330-d4-sim,2026-10-10T05:46:40+00:00,toolagent,0.1,18330,11.6,local,LRU+WT,LRU,WT,deferred,11494.028654,1284.852249,11354.672613,183300,11456.25,207948,226316,201668,calib_c1 20261008-130316-m7-c1; i>=80 linear extrap
20261010-054330-d4-sim,2026-10-10T05:46:41+00:00,toolagent,0.1,18330,11.6,local,LRU+WB,LRU,WB,deferred,11494.028654,1284.852249,11354.672613,167140,10446.25,207948,226316,201668,calib_c1 20261008-130316-m7-c1; i>=80 linear extrap
20261010-054330-d4-sim,2026-10-10T05:46:41+00:00,toolagent,0.1,18330,11.6,local,LRU+WB2,LRU,WB2,deferred,11913.545468,1704.369063,11764.55733,35498,2218.625,207948,226316,201668,calib_c1 20261008-130316-m7-c1; i>=80 linear extrap
20261010-054330-d4-sim,2026-10-10T05:46:42+00:00,toolagent,0.1,18330,11.6,local,LRU+H2,LRU,H2,deferred,11913.545468,1704.369063,11764.55733,39481,2467.5625,207948,226316,201668,calib_c1 20261008-130316-m7-c1; i>=80 linear extrap
20261010-054330-d4-sim,2026-10-10T05:46:43+00:00,toolagent,0.1,18330,11.6,local,LRU+NONE,LRU,NONE,deferred,12415.405381,2206.228975,12297.276384,0,0.0,207948,226316,201668,calib_c1 20261008-130316-m7-c1; i>=80 linear extrap
20261010-054330-d4-sim,2026-10-10T05:46:43+00:00,toolagent,0.1,18330,11.6,local,2HIT+WT,2HIT,WT,deferred,11569.458672,1360.282267,11411.78981,183300,11456.25,186788,226316,39528,calib_c1 20261008-130316-m7-c1; i>=80 linear extrap
20261010-054330-d4-sim,2026-10-10T05:46:44+00:00,toolagent,0.1,18330,11.6,local,2HIT+WB,2HIT,WB,deferred,11569.458672,1360.282267,11411.78981,183300,11456.25,186788,226316,39528,calib_c1 20261008-130316-m7-c1; i>=80 linear extrap
20261010-054330-d4-sim,2026-10-10T05:46:45+00:00,toolagent,0.1,18330,11.6,local,2HIT+WB2,2HIT,WB2,deferred,13324.542729,3115.366323,13122.73602,21198,1324.875,186788,226316,39528,calib_c1 20261008-130316-m7-c1; i>=80 linear extrap
20261010-054330-d4-sim,2026-10-10T05:46:46+00:00,toolagent,0.1,18330,11.6,local,2HIT+H2,2HIT,H2,deferred,13324.542729,3115.366323,13122.73602,39481,2467.5625,186788,226316,39528,calib_c1 20261008-130316-m7-c1; i>=80 linear extrap
20261010-054330-d4-sim,2026-10-10T05:46:46+00:00,toolagent,0.1,18330,11.6,local,2HIT+NONE,2HIT,NONE,deferred,13326.206124,3117.029719,13124.424248,0,0.0,186788,226316,39528,calib_c1 20261008-130316-m7-c1; i>=80 linear extrap
20261010-054330-d4-sim,2026-10-10T05:46:47+00:00,toolagent,0.1,18330,11.6,local,SLRU+WT,SLRU,WT,deferred,11568.970302,1359.793897,11410.644221,183300,11456.25,186925,226316,222691,calib_c1 20261008-130316-m7-c1; i>=80 linear extrap
20261010-054330-d4-sim,2026-10-10T05:46:48+00:00,toolagent,0.1,18330,11.6,local,SLRU+WB,SLRU,WB,deferred,11568.970302,1359.793897,11410.644221,169015,10563.4375,186925,226316,222691,calib_c1 20261008-130316-m7-c1; i>=80 linear extrap
20261010-054330-d4-sim,2026-10-10T05:46:48+00:00,toolagent,0.1,18330,11.6,local,SLRU+WB2,SLRU,WB2,deferred,12613.028357,2403.851952,12418.991548,25369,1585.5625,186925,226316,222691,calib_c1 20261008-130316-m7-c1; i>=80 linear extrap
20261010-054330-d4-sim,2026-10-10T05:46:49+00:00,toolagent,0.1,18330,11.6,local,SLRU+H2,SLRU,H2,deferred,12613.028357,2403.851952,12418.991548,39481,2467.5625,186925,226316,222691,calib_c1 20261008-130316-m7-c1; i>=80 linear extrap
20261010-054330-d4-sim,2026-10-10T05:46:50+00:00,toolagent,0.1,18330,11.6,local,SLRU+NONE,SLRU,NONE,deferred,13353.207935,3144.031529,13200.404786,0,0.0,186925,226316,222691,calib_c1 20261008-130316-m7-c1; i>=80 linear extrap
20261010-054330-d4-sim,2026-10-10T05:46:51+00:00,toolagent,0.1,18330,11.6,local,ARC+WT,ARC,WT,deferred,11490.446084,1281.269679,11352.622337,183300,11456.25,208953,226316,200663,calib_c1 20261008-130316-m7-c1; i>=80 linear extrap
20261010-054330-d4-sim,2026-10-10T05:46:51+00:00,toolagent,0.1,18330,11.6,local,ARC+WB,ARC,WB,deferred,11490.446084,1281.269679,11352.622337,167687,10480.4375,208953,226316,200663,calib_c1 20261008-130316-m7-c1; i>=80 linear extrap
20261010-054330-d4-sim,2026-10-10T05:46:52+00:00,toolagent,0.1,18330,11.6,local,ARC+WB2,ARC,WB2,deferred,12158.835754,1949.659349,12000.946353,32276,2017.25,208953,226316,200663,calib_c1 20261008-130316-m7-c1; i>=80 linear extrap
20261010-054330-d4-sim,2026-10-10T05:46:53+00:00,toolagent,0.1,18330,11.6,local,ARC+H2,ARC,H2,deferred,12158.835754,1949.659349,12000.946353,39481,2467.5625,208953,226316,200663,calib_c1 20261008-130316-m7-c1; i>=80 linear extrap
20261010-054330-d4-sim,2026-10-10T05:46:53+00:00,toolagent,0.1,18330,11.6,local,ARC+NONE,ARC,NONE,deferred,12263.48104,2054.304635,12110.295481,0,0.0,208953,226316,200663,calib_c1 20261008-130316-m7-c1; i>=80 linear extrap
20261010-054330-d4-sim,2026-10-10T05:46:54+00:00,toolagent,0.1,18330,11.6,local,S3FIFO+WT,S3FIFO,WT,deferred,11533.329975,1324.15357,11384.856643,183300,11456.25,196923,226316,212693,calib_c1 20261008-130316-m7-c1; i>=80 linear extrap
20261010-054330-d4-sim,2026-10-10T05:46:55+00:00,toolagent,0.1,18330,11.6,local,S3FIFO+WB,S3FIFO,WB,deferred,11533.329975,1324.15357,11384.856643,178439,11152.4375,196923,226316,212693,calib_c1 20261008-130316-m7-c1; i>=80 linear extrap
20261010-054330-d4-sim,2026-10-10T05:46:56+00:00,toolagent,0.1,18330,11.6,local,S3FIFO+WB2,S3FIFO,WB2,deferred,12701.07569,2491.899285,12513.24794,24034,1502.125,196923,226316,212693,calib_c1 20261008-130316-m7-c1; i>=80 linear extrap
20261010-054330-d4-sim,2026-10-10T05:46:56+00:00,toolagent,0.1,18330,11.6,local,S3FIFO+H2,S3FIFO,H2,deferred,12701.07569,2491.899285,12513.24794,39481,2467.5625,196923,226316,212693,calib_c1 20261008-130316-m7-c1; i>=80 linear extrap
20261010-054330-d4-sim,2026-10-10T05:46:57+00:00,toolagent,0.1,18330,11.6,local,S3FIFO+NONE,S3FIFO,NONE,deferred,12800.289562,2591.113156,12616.953346,0,0.0,196923,226316,212693,calib_c1 20261008-130316-m7-c1; i>=80 linear extrap
20261010-054330-d4-sim,2026-10-10T05:46:58+00:00,toolagent,0.1,18330,11.6,local,WTPa+WBR,WTPa,WBR,wtp_a,11428.551405,1219.375,11306.988867,0,0.0,226316,226316,39481,calib_c1 20261008-130316-m7-c1; i>=80 linear extrap
20261010-054330-d4-sim,2026-10-10T05:46:58+00:00,toolagent,0.1,18330,11.6,local,WTPa+WTR,WTPa,WTR,wtp_a,11428.551405,1219.375,11306.988867,39481,2467.5625,226316,226316,39481,calib_c1 20261008-130316-m7-c1; i>=80 linear extrap
20261010-054330-d4-sim,2026-10-10T05:46:59+00:00,toolagent,0.1,18330,11.6,local,WTPb+WB,WTPb,WB,wtp_b,11445.241544,1236.065139,11319.497113,165667,10354.1875,221634,226316,47564,calib_c1 20261008-130316-m7-c1; i>=80 linear extrap
20261010-054330-d4-sim,2026-10-10T05:47:00+00:00,toolagent,0.1,18330,11.6,local,OPT-BELADY,BELADY,NEED,opt,11428.551405,1219.375,11306.988867,0,0.0,226316,226316,39481,calib_c1 20261008-130316-m7-c1; i>=80 linear extrap
20261010-054330-d4-sim,2026-10-10T05:47:00+00:00,toolagent,0.1,18330,11.6,local,OPT-COST,COSTBELADY,NEED,opt,11428.551405,1219.375,11306.988867,0,0.0,226316,226316,39481,calib_c1 20261008-130316-m7-c1; i>=80 linear extrap
20261010-054330-d4-sim,2026-10-10T05:47:02+00:00,toolagent,0.1,18330,11.6,nfs,LRU+WT,LRU,WT,deferred,12414.09,2204.913595,12280.481547,2105,131.5625,207948,226316,201668,calib_c1 20261008-130316-m7-c1; i>=80 linear extrap
20261010-054330-d4-sim,2026-10-10T05:47:02+00:00,toolagent,0.1,18330,11.6,nfs,LRU+WB,LRU,WB,deferred,12414.09,2204.913595,12280.481547,1946,121.625,207948,226316,201668,calib_c1 20261008-130316-m7-c1; i>=80 linear extrap
20261010-054330-d4-sim,2026-10-10T05:47:03+00:00,toolagent,0.1,18330,11.6,nfs,LRU+WB2,LRU,WB2,deferred,12415.236346,2206.05994,12291.632907,311,19.4375,207948,226316,201668,calib_c1 20261008-130316-m7-c1; i>=80 linear extrap
20261010-054330-d4-sim,2026-10-10T05:47:03+00:00,toolagent,0.1,18330,11.6,nfs,LRU+H2,LRU,H2,deferred,12415.236346,2206.05994,12291.632907,311,19.4375,207948,226316,201668,calib_c1 20261008-130316-m7-c1; i>=80 linear extrap
20261010-054330-d4-sim,2026-10-10T05:47:04+00:00,toolagent,0.1,18330,11.6,nfs,LRU+NONE,LRU,NONE,deferred,12415.405381,2206.228975,12297.276384,0,0.0,207948,226316,201668,calib_c1 20261008-130316-m7-c1; i>=80 linear extrap
20261010-054330-d4-sim,2026-10-10T05:47:05+00:00,toolagent,0.1,18330,11.6,nfs,2HIT+WT,2HIT,WT,deferred,13320.036406,3110.860001,13063.074783,2105,131.5625,186788,226316,39528,calib_c1 20261008-130316-m7-c1; i>=80 linear extrap
20261010-054330-d4-sim,2026-10-10T05:47:05+00:00,toolagent,0.1,18330,11.6,nfs,2HIT+WB,2HIT,WB,deferred,13320.036406,3110.860001,13063.074783,2105,131.5625,186788,226316,39528,calib_c1 20261008-130316-m7-c1; i>=80 linear extrap
20261010-054330-d4-sim,2026-10-10T05:47:06+00:00,toolagent,0.1,18330,11.6,nfs,2HIT+WB2,2HIT,WB2,deferred,13326.206124,3117.029719,13124.424248,248,15.5,186788,226316,39528,calib_c1 20261008-130316-m7-c1; i>=80 linear extrap
20261010-054330-d4-sim,2026-10-10T05:47:06+00:00,toolagent,0.1,18330,11.6,nfs,2HIT+H2,2HIT,H2,deferred,13326.206124,3117.029719,13124.424248,311,19.4375,186788,226316,39528,calib_c1 20261008-130316-m7-c1; i>=80 linear extrap
20261010-054330-d4-sim,2026-10-10T05:47:07+00:00,toolagent,0.1,18330,11.6,nfs,2HIT+NONE,2HIT,NONE,deferred,13326.206124,3117.029719,13124.424248,0,0.0,186788,226316,39528,calib_c1 20261008-130316-m7-c1; i>=80 linear extrap
20261010-054330-d4-sim,2026-10-10T05:47:08+00:00,toolagent,0.1,18330,11.6,nfs,SLRU+WT,SLRU,WT,deferred,13350.833405,3141.657,13174.724977,2105,131.5625,186925,226316,222691,calib_c1 20261008-130316-m7-c1; i>=80 linear extrap
20261010-054330-d4-sim,2026-10-10T05:47:08+00:00,toolagent,0.1,18330,11.6,nfs,SLRU+WB,SLRU,WB,deferred,13350.833405,3141.657,13174.724977,1983,123.9375,186925,226316,222691,calib_c1 20261008-130316-m7-c1; i>=80 linear extrap
20261010-054330-d4-sim,2026-10-10T05:47:09+00:00,toolagent,0.1,18330,11.6,nfs,SLRU+WB2,SLRU,WB2,deferred,13353.146811,3143.970406,13198.047438,240,15.0,186925,226316,222691,calib_c1 20261008-130316-m7-c1; i>=80 linear extrap
20261010-054330-d4-sim,2026-10-10T05:47:09+00:00,toolagent,0.1,18330,11.6,nfs,SLRU+H2,SLRU,H2,deferred,13353.146811,3143.970406,13198.047438,311,19.4375,186925,226316,222691,calib_c1 20261008-130316-m7-c1; i>=80 linear extrap
20261010-054330-d4-sim,2026-10-10T05:47:10+00:00,toolagent,0.1,18330,11.6,nfs,SLRU+NONE,SLRU,NONE,deferred,13353.207935,3144.031529,13200.404786,0,0.0,186925,226316,222691,calib_c1 20261008-130316-m7-c1; i>=80 linear extrap
20261010-054330-d4-sim,2026-10-10T05:47:11+00:00,toolagent,0.1,18330,11.6,nfs,ARC+WT,ARC,WT,deferred,12262.322529,2053.146124,12100.329184,2105,131.5625,208953,226316,200663,calib_c1 20261008-130316-m7-c1; i>=80 linear extrap
20261010-054330-d4-sim,2026-10-10T05:47:11+00:00,toolagent,0.1,18330,11.6,nfs,ARC+WB,ARC,WB,deferred,12262.322529,2053.146124,12100.329184,1942,121.375,208953,226316,200663,calib_c1 20261008-130316-m7-c1; i>=80 linear extrap
20261010-054330-d4-sim,2026-10-10T05:47:12+00:00,toolagent,0.1,18330,11.6,nfs,ARC+WB2,ARC,WB2,deferred,12263.468875,2054.292469,12110.441152,301,18.8125,208953,226316,200663,calib_c1 20261008-130316-m7-c1; i>=80 linear extrap
20261010-054330-d4-sim,2026-10-10T05:47:12+00:00,toolagent,0.1,18330,11.6,nfs,ARC+H2,ARC,H2,deferred,12263.468875,2054.292469,12110.441152,311,19.4375,208953,226316,200663,calib_c1 20261008-130316-m7-c1; i>=80 linear extrap
20261010-054330-d4-sim,2026-10-10T05:47:13+00:00,toolagent,0.1,18330,11.6,nfs,ARC+NONE,ARC,NONE,deferred,12263.48104,2054.304635,12110.295481,0,0.0,208953,226316,200663,calib_c1 20261008-130316-m7-c1; i>=80 linear extrap
20261010-054330-d4-sim,2026-10-10T05:47:14+00:00,toolagent,0.1,18330,11.6,nfs,S3FIFO+WT,S3FIFO,WT,deferred,12797.963991,2588.787585,12594.797811,2105,131.5625,196923,226316,212693,calib_c1 20261008-130316-m7-c1; i>=80 linear extrap
20261010-054330-d4-sim,2026-10-10T05:47:14+00:00,toolagent,0.1,18330,11.6,nfs,S3FIFO+WB,S3FIFO,WB,deferred,12797.963991,2588.787585,12594.797811,2041,127.5625,196923,226316,212693,calib_c1 20261008-130316-m7-c1; i>=80 linear extrap
20261010-054330-d4-sim,2026-10-10T05:47:15+00:00,toolagent,0.1,18330,11.6,nfs,S3FIFO+WB2,S3FIFO,WB2,deferred,12800.277396,2591.100991,12617.099016,286,17.875,196923,226316,212693,calib_c1 20261008-130316-m7-c1; i>=80 linear extrap
20261010-054330-d4-sim,2026-10-10T05:47:15+00:00,toolagent,0.1,18330,11.6,nfs,S3FIFO+H2,S3FIFO,H2,deferred,12800.277396,2591.100991,12617.099016,311,19.4375,196923,226316,212693,calib_c1 20261008-130316-m7-c1; i>=80 linear extrap
20261010-054330-d4-sim,2026-10-10T05:47:16+00:00,toolagent,0.1,18330,11.6,nfs,S3FIFO+NONE,S3FIFO,NONE,deferred,12800.289562,2591.113156,12616.953346,0,0.0,196923,226316,212693,calib_c1 20261008-130316-m7-c1; i>=80 linear extrap
20261010-054330-d4-sim,2026-10-10T05:47:17+00:00,toolagent,0.1,18330,11.6,nfs,WTPa+WBR,WTPa,WBR,wtp_a,11428.551405,1219.375,11306.988867,0,0.0,226316,226316,39481,calib_c1 20261008-130316-m7-c1; i>=80 linear extrap
20261010-054330-d4-sim,2026-10-10T05:47:17+00:00,toolagent,0.1,18330,11.6,nfs,WTPa+WTR,WTPa,WTR,wtp_a,11428.551405,1219.375,11306.988867,311,19.4375,226316,226316,39481,calib_c1 20261008-130316-m7-c1; i>=80 linear extrap
20261010-054330-d4-sim,2026-10-10T05:47:18+00:00,toolagent,0.1,18330,11.6,nfs,WTPb+WB,WTPb,WB,wtp_b,11599.177755,1390.00135,11472.964709,2039,127.4375,221634,226316,47564,calib_c1 20261008-130316-m7-c1; i>=80 linear extrap
20261010-054330-d4-sim,2026-10-10T05:47:18+00:00,toolagent,0.1,18330,11.6,nfs,OPT-BELADY,BELADY,NEED,opt,11428.551405,1219.375,11306.988867,0,0.0,226316,226316,39481,calib_c1 20261008-130316-m7-c1; i>=80 linear extrap
20261010-054330-d4-sim,2026-10-10T05:47:19+00:00,toolagent,0.1,18330,11.6,nfs,OPT-COST,COSTBELADY,NEED,opt,11428.551405,1219.375,11306.988867,0,0.0,226316,226316,39481,calib_c1 20261008-130316-m7-c1; i>=80 linear extrap
20261010-054330-d4-sim,2026-10-10T05:47:22+00:00,toolagent,0.25,45825,3.69,local,LRU+WT,LRU,WT,deferred,12235.310388,2026.133982,11871.754929,183300,11456.25,225646,226316,183970,calib_c1 20261008-130316-m7-c1; i>=80 linear extrap
20261010-054330-d4-sim,2026-10-10T05:47:23+00:00,toolagent,0.25,45825,3.69,local,LRU+WB,LRU,WB,deferred,14034.30528,3825.128875,12842.511381,137943,8621.4375,225646,226316,183970,calib_c1 20261008-130316-m7-c1; i>=80 linear extrap
20261010-054330-d4-sim,2026-10-10T05:47:23+00:00,toolagent,0.25,45825,3.69,local,LRU+WB2,LRU,WB2,deferred,14048.542928,3839.366522,12855.736166,27541,1721.3125,225646,226316,183970,calib_c1 20261008-130316-m7-c1; i>=80 linear extrap
20261010-054330-d4-sim,2026-10-10T05:47:24+00:00,toolagent,0.25,45825,3.69,local,LRU+H2,LRU,H2,deferred,12560.579469,2351.403064,12073.945837,39481,2467.5625,225646,226316,183970,calib_c1 20261008-130316-m7-c1; i>=80 linear extrap
20261010-054330-d4-sim,2026-10-10T05:47:24+00:00,toolagent,0.25,45825,3.69,local,LRU+NONE,LRU,NONE,deferred,14067.725982,3858.549577,12875.109584,0,0.0,225646,226316,183970,calib_c1 20261008-130316-m7-c1; i>=80 linear extrap
20261010-054330-d4-sim,2026-10-10T05:47:25+00:00,toolagent,0.25,45825,3.69,local,2HIT+WT,2HIT,WT,deferred,12235.310388,2026.133982,11871.754929,183300,11456.25,186835,226316,39481,calib_c1 20261008-130316-m7-c1; i>=80 linear extrap
20261010-054330-d4-sim,2026-10-10T05:47:26+00:00,toolagent,0.25,45825,3.69,local,2HIT+WB,2HIT,WB,deferred,12235.310388,2026.133982,11871.754929,183300,11456.25,186835,226316,39481,calib_c1 20261008-130316-m7-c1; i>=80 linear extrap
20261010-054330-d4-sim,2026-10-10T05:47:26+00:00,toolagent,0.25,45825,3.69,local,2HIT+WB2,2HIT,WB2,deferred,15482.270549,5273.094144,14363.294086,0,0.0,186835,226316,39481,calib_c1 20261008-130316-m7-c1; i>=80 linear extrap
20261010-054330-d4-sim,2026-10-10T05:47:27+00:00,toolagent,0.25,45825,3.69,local,2HIT+H2,2HIT,H2,deferred,13990.394444,3781.218039,13576.478579,39481,2467.5625,186835,226316,39481,calib_c1 20261008-130316-m7-c1; i>=80 linear extrap
20261010-054330-d4-sim,2026-10-10T05:47:27+00:00,toolagent,0.25,45825,3.69,local,2HIT+NONE,2HIT,NONE,deferred,15482.270549,5273.094144,14363.294086,0,0.0,186835,226316,39481,calib_c1 20261008-130316-m7-c1; i>=80 linear extrap
20261010-054330-d4-sim,2026-10-10T05:47:28+00:00,toolagent,0.25,45825,3.69,local,SLRU+WT,SLRU,WT,deferred,12235.310388,2026.133982,11871.754929,183300,11456.25,222683,226316,186933,calib_c1 20261008-130316-m7-c1; i>=80 linear extrap
20261010-054330-d4-sim,2026-10-10T05:47:29+00:00,toolagent,0.25,45825,3.69,local,SLRU+WB,SLRU,WB,deferred,13999.690337,3790.513932,12822.39819,138973,8685.8125,222683,226316,186933,calib_c1 20261008-130316-m7-c1; i>=80 linear extrap
20261010-054330-d4-sim,2026-10-10T05:47:29+00:00,toolagent,0.25,45825,3.69,local,SLRU+WB2,SLRU,WB2,deferred,14153.755368,3944.578963,12965.28213,2009,125.5625,222683,226316,186933,calib_c1 20261008-130316-m7-c1; i>=80 linear extrap
20261010-054330-d4-sim,2026-10-10T05:47:30+00:00,toolagent,0.25,45825,3.69,local,SLRU+H2,SLRU,H2,deferred,12663.739767,2454.563361,12182.267426,39481,2467.5625,222683,226316,186933,calib_c1 20261008-130316-m7-c1; i>=80 linear extrap
20261010-054330-d4-sim,2026-10-10T05:47:30+00:00,toolagent,0.25,45825,3.69,local,SLRU+NONE,SLRU,NONE,deferred,14162.591681,3953.415276,12973.685093,0,0.0,222683,226316,186933,calib_c1 20261008-130316-m7-c1; i>=80 linear extrap
20261010-054330-d4-sim,2026-10-10T05:47:31+00:00,toolagent,0.25,45825,3.69,local,ARC+WT,ARC,WT,deferred,12235.310388,2026.133982,11871.754929,183300,11456.25,222598,226316,187018,calib_c1 20261008-130316-m7-c1; i>=80 linear extrap
20261010-054330-d4-sim,2026-10-10T05:47:32+00:00,toolagent,0.25,45825,3.69,local,ARC+WB,ARC,WB,deferred,13997.151109,3787.974704,12820.927969,141136,8821.0,222598,226316,187018,calib_c1 20261008-130316-m7-c1; i>=80 linear extrap
20261010-054330-d4-sim,2026-10-10T05:47:32+00:00,toolagent,0.25,45825,3.69,local,ARC+WB2,ARC,WB2,deferred,14163.230619,3954.054214,12974.466343,57,3.5625,222598,226316,187018,calib_c1 20261008-130316-m7-c1; i>=80 linear extrap
20261010-054330-d4-sim,2026-10-10T05:47:33+00:00,toolagent,0.25,45825,3.69,local,ARC+H2,ARC,H2,deferred,12671.530184,2462.353779,12190.317847,39481,2467.5625,222598,226316,187018,calib_c1 20261008-130316-m7-c1; i>=80 linear extrap
20261010-054330-d4-sim,2026-10-10T05:47:33+00:00,toolagent,0.25,45825,3.69,local,ARC+NONE,ARC,NONE,deferred,14163.594967,3954.418562,12974.837109,0,0.0,222598,226316,187018,calib_c1 20261008-130316-m7-c1; i>=80 linear extrap
20261010-054330-d4-sim,2026-10-10T05:47:34+00:00,toolagent,0.25,45825,3.69,local,S3FIFO+WT,S3FIFO,WT,deferred,12235.310388,2026.133982,11871.754929,183300,11456.25,222597,226316,187019,calib_c1 20261008-130316-m7-c1; i>=80 linear extrap
20261010-054330-d4-sim,2026-10-10T05:47:35+00:00,toolagent,0.25,45825,3.69,local,S3FIFO+WB,S3FIFO,WB,deferred,13997.135139,3787.958734,12820.927969,141157,8822.3125,222597,226316,187019,calib_c1 20261008-130316-m7-c1; i>=80 linear extrap
20261010-054330-d4-sim,2026-10-10T05:47:35+00:00,toolagent,0.25,45825,3.69,local,S3FIFO+WB2,S3FIFO,WB2,deferred,14163.267152,3954.090747,12974.477539,37,2.3125,222597,226316,187019,calib_c1 20261008-130316-m7-c1; i>=80 linear extrap
20261010-054330-d4-sim,2026-10-10T05:47:36+00:00,toolagent,0.25,45825,3.69,local,S3FIFO+H2,S3FIFO,H2,deferred,12671.566717,2462.390312,12190.309862,39481,2467.5625,222597,226316,187019,calib_c1 20261008-130316-m7-c1; i>=80 linear extrap
20261010-054330-d4-sim,2026-10-10T05:47:36+00:00,toolagent,0.25,45825,3.69,local,S3FIFO+NONE,S3FIFO,NONE,deferred,14163.631501,3954.455095,12974.848304,0,0.0,222597,226316,187019,calib_c1 20261008-130316-m7-c1; i>=80 linear extrap
20261010-054330-d4-sim,2026-10-10T05:47:37+00:00,toolagent,0.25,45825,3.69,local,WTPa+WBR,WTPa,WBR,wtp_a,14042.441988,3833.265583,12847.27499,0,0.0,226316,226316,39481,calib_c1 20261008-130316-m7-c1; i>=80 linear extrap
20261010-054330-d4-sim,2026-10-10T05:47:38+00:00,toolagent,0.25,45825,3.69,local,WTPa+WTR,WTPa,WTR,wtp_a,12235.310388,2026.133982,11871.754929,39481,2467.5625,226316,226316,39481,calib_c1 20261008-130316-m7-c1; i>=80 linear extrap
20261010-054330-d4-sim,2026-10-10T05:47:38+00:00,toolagent,0.25,45825,3.69,local,WTPb+WB,WTPb,WB,wtp_b,12885.46446,2676.288055,12257.861595,138431,8651.9375,222010,226316,47357,calib_c1 20261008-130316-m7-c1; i>=80 linear extrap
20261010-054330-d4-sim,2026-10-10T05:47:39+00:00,toolagent,0.25,45825,3.69,local,OPT-BELADY,BELADY,NEED,opt,14042.441988,3833.265583,12847.27499,0,0.0,226316,226316,39481,calib_c1 20261008-130316-m7-c1; i>=80 linear extrap
20261010-054330-d4-sim,2026-10-10T05:47:39+00:00,toolagent,0.25,45825,3.69,local,OPT-COST,COSTBELADY,NEED,opt,12235.310388,2026.133982,11871.754929,39481,2467.5625,0,226316,0,calib_c1 20261008-130316-m7-c1; i>=80 linear extrap
20261010-054330-d4-sim,2026-10-10T05:47:40+00:00,toolagent,0.25,45825,3.69,nfs,LRU+WT,LRU,WT,deferred,14067.725982,3858.549577,12875.109584,2105,131.5625,225646,226316,183970,calib_c1 20261008-130316-m7-c1; i>=80 linear extrap
20261010-054330-d4-sim,2026-10-10T05:47:41+00:00,toolagent,0.25,45825,3.69,nfs,LRU+WB,LRU,WB,deferred,14067.725982,3858.549577,12875.109584,1757,109.8125,225646,226316,183970,calib_c1 20261008-130316-m7-c1; i>=80 linear extrap
20261010-054330-d4-sim,2026-10-10T05:47:41+00:00,toolagent,0.25,45825,3.69,nfs,LRU+WB2,LRU,WB2,deferred,14067.725982,3858.549577,12875.109584,298,18.625,225646,226316,183970,calib_c1 20261008-130316-m7-c1; i>=80 linear extrap
20261010-054330-d4-sim,2026-10-10T05:47:42+00:00,toolagent,0.25,45825,3.69,nfs,LRU+H2,LRU,H2,deferred,14067.725982,3858.549577,12875.109584,311,19.4375,225646,226316,183970,calib_c1 20261008-130316-m7-c1; i>=80 linear extrap
20261010-054330-d4-sim,2026-10-10T05:47:43+00:00,toolagent,0.25,45825,3.69,nfs,LRU+NONE,LRU,NONE,deferred,14067.725982,3858.549577,12875.109584,0,0.0,225646,226316,183970,calib_c1 20261008-130316-m7-c1; i>=80 linear extrap
20261010-054330-d4-sim,2026-10-10T05:47:43+00:00,toolagent,0.25,45825,3.69,nfs,2HIT+WT,2HIT,WT,deferred,15476.100831,5266.924426,14301.580027,2105,131.5625,186835,226316,39481,calib_c1 20261008-130316-m7-c1; i>=80 linear extrap
20261010-054330-d4-sim,2026-10-10T05:47:44+00:00,toolagent,0.25,45825,3.69,nfs,2HIT+WB,2HIT,WB,deferred,15476.100831,5266.924426,14301.580027,2105,131.5625,186835,226316,39481,calib_c1 20261008-130316-m7-c1; i>=80 linear extrap
20261010-054330-d4-sim,2026-10-10T05:47:44+00:00,toolagent,0.25,45825,3.69,nfs,2HIT+WB2,2HIT,WB2,deferred,15482.270549,5273.094144,14363.294086,0,0.0,186835,226316,39481,calib_c1 20261008-130316-m7-c1; i>=80 linear extrap
20261010-054330-d4-sim,2026-10-10T05:47:45+00:00,toolagent,0.25,45825,3.69,nfs,2HIT+H2,2HIT,H2,deferred,15482.270549,5273.094144,14363.294086,311,19.4375,186835,226316,39481,calib_c1 20261008-130316-m7-c1; i>=80 linear extrap
20261010-054330-d4-sim,2026-10-10T05:47:45+00:00,toolagent,0.25,45825,3.69,nfs,2HIT+NONE,2HIT,NONE,deferred,15482.270549,5273.094144,14363.294086,0,0.0,186835,226316,39481,calib_c1 20261008-130316-m7-c1; i>=80 linear extrap
20261010-054330-d4-sim,2026-10-10T05:47:46+00:00,toolagent,0.25,45825,3.69,nfs,SLRU+WT,SLRU,WT,deferred,14162.576227,3953.399822,12973.90673,2105,131.5625,222683,226316,186933,calib_c1 20261008-130316-m7-c1; i>=80 linear extrap
20261010-054330-d4-sim,2026-10-10T05:47:47+00:00,toolagent,0.25,45825,3.69,nfs,SLRU+WB,SLRU,WB,deferred,14162.576227,3953.399822,12973.90673,1709,106.8125,222683,226316,186933,calib_c1 20261008-130316-m7-c1; i>=80 linear extrap
20261010-054330-d4-sim,2026-10-10T05:47:47+00:00,toolagent,0.25,45825,3.69,nfs,SLRU+WB2,SLRU,WB2,deferred,14162.591681,3953.415276,12973.685093,2,0.125,222683,226316,186933,calib_c1 20261008-130316-m7-c1; i>=80 linear extrap
20261010-054330-d4-sim,2026-10-10T05:47:48+00:00,toolagent,0.25,45825,3.69,nfs,SLRU+H2,SLRU,H2,deferred,14162.591681,3953.415276,12973.685093,311,19.4375,222683,226316,186933,calib_c1 20261008-130316-m7-c1; i>=80 linear extrap
20261010-054330-d4-sim,2026-10-10T05:47:48+00:00,toolagent,0.25,45825,3.69,nfs,SLRU+NONE,SLRU,NONE,deferred,14162.591681,3953.415276,12973.685093,0,0.0,222683,226316,186933,calib_c1 20261008-130316-m7-c1; i>=80 linear extrap
20261010-054330-d4-sim,2026-10-10T05:47:49+00:00,toolagent,0.25,45825,3.69,nfs,ARC+WT,ARC,WT,deferred,14163.579514,3954.403109,12975.058746,2105,131.5625,222598,226316,187018,calib_c1 20261008-130316-m7-c1; i>=80 linear extrap
20261010-054330-d4-sim,2026-10-10T05:47:50+00:00,toolagent,0.25,45825,3.69,nfs,ARC+WB,ARC,WB,deferred,14163.579514,3954.403109,12975.058746,1745,109.0625,222598,226316,187018,calib_c1 20261008-130316-m7-c1; i>=80 linear extrap
20261010-054330-d4-sim,2026-10-10T05:47:50+00:00,toolagent,0.25,45825,3.69,nfs,ARC+WB2,ARC,WB2,deferred,14163.594967,3954.418562,12974.837109,0,0.0,222598,226316,187018,calib_c1 20261008-130316-m7-c1; i>=80 linear extrap
20261010-054330-d4-sim,2026-10-10T05:47:51+00:00,toolagent,0.25,45825,3.69,nfs,ARC+H2,ARC,H2,deferred,14163.594967,3954.418562,12974.837109,311,19.4375,222598,226316,187018,calib_c1 20261008-130316-m7-c1; i>=80 linear extrap
20261010-054330-d4-sim,2026-10-10T05:47:51+00:00,toolagent,0.25,45825,3.69,nfs,ARC+NONE,ARC,NONE,deferred,14163.594967,3954.418562,12974.837109,0,0.0,222598,226316,187018,calib_c1 20261008-130316-m7-c1; i>=80 linear extrap
20261010-054330-d4-sim,2026-10-10T05:47:52+00:00,toolagent,0.25,45825,3.69,nfs,S3FIFO+WT,S3FIFO,WT,deferred,14163.616047,3954.439642,12975.069941,2105,131.5625,222597,226316,187019,calib_c1 20261008-130316-m7-c1; i>=80 linear extrap
20261010-054330-d4-sim,2026-10-10T05:47:53+00:00,toolagent,0.25,45825,3.69,nfs,S3FIFO+WB,S3FIFO,WB,deferred,14163.616047,3954.439642,12975.069941,1745,109.0625,222597,226316,187019,calib_c1 20261008-130316-m7-c1; i>=80 linear extrap
20261010-054330-d4-sim,2026-10-10T05:47:53+00:00,toolagent,0.25,45825,3.69,nfs,S3FIFO+WB2,S3FIFO,WB2,deferred,14163.631501,3954.455095,12974.848304,0,0.0,222597,226316,187019,calib_c1 20261008-130316-m7-c1; i>=80 linear extrap
20261010-054330-d4-sim,2026-10-10T05:47:54+00:00,toolagent,0.25,45825,3.69,nfs,S3FIFO+H2,S3FIFO,H2,deferred,14163.631501,3954.455095,12974.848304,311,19.4375,222597,226316,187019,calib_c1 20261008-130316-m7-c1; i>=80 linear extrap
20261010-054330-d4-sim,2026-10-10T05:47:54+00:00,toolagent,0.25,45825,3.69,nfs,S3FIFO+NONE,S3FIFO,NONE,deferred,14163.631501,3954.455095,12974.848304,0,0.0,222597,226316,187019,calib_c1 20261008-130316-m7-c1; i>=80 linear extrap
20261010-054330-d4-sim,2026-10-10T05:47:55+00:00,toolagent,0.25,45825,3.69,nfs,WTPa+WBR,WTPa,WBR,wtp_a,14042.441988,3833.265583,12847.27499,0,0.0,226316,226316,39481,calib_c1 20261008-130316-m7-c1; i>=80 linear extrap
20261010-054330-d4-sim,2026-10-10T05:47:56+00:00,toolagent,0.25,45825,3.69,nfs,WTPa+WTR,WTPa,WTR,wtp_a,14042.441988,3833.265583,12847.27499,311,19.4375,226316,226316,39481,calib_c1 20261008-130316-m7-c1; i>=80 linear extrap
20261010-054330-d4-sim,2026-10-10T05:47:56+00:00,toolagent,0.25,45825,3.69,nfs,WTPb+WB,WTPb,WB,wtp_b,14146.282546,3937.106141,12962.224162,1831,114.4375,222010,226316,47357,calib_c1 20261008-130316-m7-c1; i>=80 linear extrap
20261010-054330-d4-sim,2026-10-10T05:47:57+00:00,toolagent,0.25,45825,3.69,nfs,OPT-BELADY,BELADY,NEED,opt,14042.441988,3833.265583,12847.27499,0,0.0,226316,226316,39481,calib_c1 20261008-130316-m7-c1; i>=80 linear extrap
20261010-054330-d4-sim,2026-10-10T05:47:57+00:00,toolagent,0.25,45825,3.69,nfs,OPT-COST,COSTBELADY,NEED,opt,14042.441988,3833.265583,12847.27499,0,0.0,226316,226316,39481,calib_c1 20261008-130316-m7-c1; i>=80 linear extrap
20261010-054330-d4-sim,2026-10-10T05:47:58+00:00,toolagent,0.25,45825,11.6,local,LRU+WT,LRU,WT,deferred,11430.939785,1221.76338,11308.706449,183300,11456.25,225646,226316,183970,calib_c1 20261008-130316-m7-c1; i>=80 linear extrap
20261010-054330-d4-sim,2026-10-10T05:47:59+00:00,toolagent,0.25,45825,11.6,local,LRU+WB,LRU,WB,deferred,11430.939785,1221.76338,11308.706449,137943,8621.4375,225646,226316,183970,calib_c1 20261008-130316-m7-c1; i>=80 linear extrap
20261010-054330-d4-sim,2026-10-10T05:47:59+00:00,toolagent,0.25,45825,11.6,local,LRU+WB2,LRU,WB2,deferred,11443.221109,1234.044704,11320.681735,27541,1721.3125,225646,226316,183970,calib_c1 20261008-130316-m7-c1; i>=80 linear extrap
20261010-054330-d4-sim,2026-10-10T05:48:00+00:00,toolagent,0.25,45825,11.6,local,LRU+H2,LRU,H2,deferred,11443.221109,1234.044704,11320.681735,39481,2467.5625,225646,226316,183970,calib_c1 20261008-130316-m7-c1; i>=80 linear extrap
20261010-054330-d4-sim,2026-10-10T05:48:01+00:00,toolagent,0.25,45825,11.6,local,LRU+NONE,LRU,NONE,deferred,11461.573724,1252.397319,11339.738782,0,0.0,225646,226316,183970,calib_c1 20261008-130316-m7-c1; i>=80 linear extrap
20261010-054330-d4-sim,2026-10-10T05:48:01+00:00,toolagent,0.25,45825,11.6,local,2HIT+WT,2HIT,WT,deferred,11569.291129,1360.114724,11411.664125,183300,11456.25,186835,226316,39481,calib_c1 20261008-130316-m7-c1; i>=80 linear extrap
20261010-054330-d4-sim,2026-10-10T05:48:02+00:00,toolagent,0.25,45825,11.6,local,2HIT+WB,2HIT,WB,deferred,11569.291129,1360.114724,11411.664125,183300,11456.25,186835,226316,39481,calib_c1 20261008-130316-m7-c1; i>=80 linear extrap
20261010-054330-d4-sim,2026-10-10T05:48:02+00:00,toolagent,0.25,45825,11.6,local,2HIT+WB2,2HIT,WB2,deferred,13324.375186,3115.19878,13122.617229,0,0.0,186835,226316,39481,calib_c1 20261008-130316-m7-c1; i>=80 linear extrap
20261010-054330-d4-sim,2026-10-10T05:48:03+00:00,toolagent,0.25,45825,11.6,local,2HIT+H2,2HIT,H2,deferred,13324.375186,3115.19878,13122.617229,39481,2467.5625,186835,226316,39481,calib_c1 20261008-130316-m7-c1; i>=80 linear extrap
20261010-054330-d4-sim,2026-10-10T05:48:03+00:00,toolagent,0.25,45825,11.6,local,2HIT+NONE,2HIT,NONE,deferred,13324.375186,3115.19878,13122.617229,0,0.0,186835,226316,39481,calib_c1 20261008-130316-m7-c1; i>=80 linear extrap
20261010-054330-d4-sim,2026-10-10T05:48:04+00:00,toolagent,0.25,45825,11.6,local,SLRU+WT,SLRU,WT,deferred,11441.502126,1232.325721,11316.548157,183300,11456.25,222683,226316,186933,calib_c1 20261008-130316-m7-c1; i>=80 linear extrap
20261010-054330-d4-sim,2026-10-10T05:48:05+00:00,toolagent,0.25,45825,11.6,local,SLRU+WB,SLRU,WB,deferred,11441.502126,1232.325721,11316.548157,138973,8685.8125,222683,226316,186933,calib_c1 20261008-130316-m7-c1; i>=80 linear extrap
20261010-054330-d4-sim,2026-10-10T05:48:05+00:00,toolagent,0.25,45825,11.6,local,SLRU+WB2,SLRU,WB2,deferred,11582.04058,1372.864175,11452.519861,2009,125.5625,222683,226316,186933,calib_c1 20261008-130316-m7-c1; i>=80 linear extrap
20261010-054330-d4-sim,2026-10-10T05:48:06+00:00,toolagent,0.25,45825,11.6,local,SLRU+H2,SLRU,H2,deferred,11582.04058,1372.864175,11452.519861,39481,2467.5625,222683,226316,186933,calib_c1 20261008-130316-m7-c1; i>=80 linear extrap
20261010-054330-d4-sim,2026-10-10T05:48:06+00:00,toolagent,0.25,45825,11.6,local,SLRU+NONE,SLRU,NONE,deferred,11590.661297,1381.484892,11460.931161,0,0.0,222683,226316,186933,calib_c1 20261008-130316-m7-c1; i>=80 linear extrap
20261010-054330-d4-sim,2026-10-10T05:48:07+00:00,toolagent,0.25,45825,11.6,local,ARC+WT,ARC,WT,deferred,11441.80513,1232.628724,11316.791581,183300,11456.25,222598,226316,187018,calib_c1 20261008-130316-m7-c1; i>=80 linear extrap
20261010-054330-d4-sim,2026-10-10T05:48:08+00:00,toolagent,0.25,45825,11.6,local,ARC+WB,ARC,WB,deferred,11441.80513,1232.628724,11316.791581,141136,8821.0,222598,226316,187018,calib_c1 20261008-130316-m7-c1; i>=80 linear extrap
20261010-054330-d4-sim,2026-10-10T05:48:08+00:00,toolagent,0.25,45825,11.6,local,ARC+WB2,ARC,WB2,deferred,11592.369798,1383.193393,11462.131068,57,3.5625,222598,226316,187018,calib_c1 20261008-130316-m7-c1; i>=80 linear extrap
20261010-054330-d4-sim,2026-10-10T05:48:09+00:00,toolagent,0.25,45825,11.6,local,ARC+H2,ARC,H2,deferred,11592.369798,1383.193393,11462.131068,39481,2467.5625,222598,226316,187018,calib_c1 20261008-130316-m7-c1; i>=80 linear extrap
20261010-054330-d4-sim,2026-10-10T05:48:09+00:00,toolagent,0.25,45825,11.6,local,ARC+NONE,ARC,NONE,deferred,11592.646312,1383.469907,11462.447736,0,0.0,222598,226316,187018,calib_c1 20261008-130316-m7-c1; i>=80 linear extrap
20261010-054330-d4-sim,2026-10-10T05:48:10+00:00,toolagent,0.25,45825,11.6,local,S3FIFO+WT,S3FIFO,WT,deferred,11441.808694,1232.632289,11316.795145,183300,11456.25,222597,226316,187019,calib_c1 20261008-130316-m7-c1; i>=80 linear extrap
20261010-054330-d4-sim,2026-10-10T05:48:11+00:00,toolagent,0.25,45825,11.6,local,S3FIFO+WB,S3FIFO,WB,deferred,11441.808694,1232.632289,11316.795145,141157,8822.3125,222597,226316,187019,calib_c1 20261008-130316-m7-c1; i>=80 linear extrap
20261010-054330-d4-sim,2026-10-10T05:48:11+00:00,toolagent,0.25,45825,11.6,local,S3FIFO+WB2,S3FIFO,WB2,deferred,11592.417881,1383.241476,11462.136455,37,2.3125,222597,226316,187019,calib_c1 20261008-130316-m7-c1; i>=80 linear extrap
20261010-054330-d4-sim,2026-10-10T05:48:12+00:00,toolagent,0.25,45825,11.6,local,S3FIFO+H2,S3FIFO,H2,deferred,11592.417881,1383.241476,11462.136455,39481,2467.5625,222597,226316,187019,calib_c1 20261008-130316-m7-c1; i>=80 linear extrap
20261010-054330-d4-sim,2026-10-10T05:48:12+00:00,toolagent,0.25,45825,11.6,local,S3FIFO+NONE,S3FIFO,NONE,deferred,11592.694395,1383.51799,11462.453123,0,0.0,222597,226316,187019,calib_c1 20261008-130316-m7-c1; i>=80 linear extrap
20261010-054330-d4-sim,2026-10-10T05:48:13+00:00,toolagent,0.25,45825,11.6,local,WTPa+WBR,WTPa,WBR,wtp_a,11428.551405,1219.375,11306.988867,0,0.0,226316,226316,39481,calib_c1 20261008-130316-m7-c1; i>=80 linear extrap
20261010-054330-d4-sim,2026-10-10T05:48:13+00:00,toolagent,0.25,45825,11.6,local,WTPa+WTR,WTPa,WTR,wtp_a,11428.551405,1219.375,11306.988867,39481,2467.5625,226316,226316,39481,calib_c1 20261008-130316-m7-c1; i>=80 linear extrap
20261010-054330-d4-sim,2026-10-10T05:48:14+00:00,toolagent,0.25,45825,11.6,local,WTPb+WB,WTPb,WB,wtp_b,11443.9012,1234.724795,11318.534715,138431,8651.9375,222010,226316,47357,calib_c1 20261008-130316-m7-c1; i>=80 linear extrap
20261010-054330-d4-sim,2026-10-10T05:48:15+00:00,toolagent,0.25,45825,11.6,local,OPT-BELADY,BELADY,NEED,opt,11428.551405,1219.375,11306.988867,0,0.0,226316,226316,39481,calib_c1 20261008-130316-m7-c1; i>=80 linear extrap
20261010-054330-d4-sim,2026-10-10T05:48:15+00:00,toolagent,0.25,45825,11.6,local,OPT-COST,COSTBELADY,NEED,opt,11428.551405,1219.375,11306.988867,0,0.0,226316,226316,39481,calib_c1 20261008-130316-m7-c1; i>=80 linear extrap
20261010-054330-d4-sim,2026-10-10T05:48:16+00:00,toolagent,0.25,45825,11.6,nfs,LRU+WT,LRU,WT,deferred,11461.573724,1252.397319,11339.738782,2105,131.5625,225646,226316,183970,calib_c1 20261008-130316-m7-c1; i>=80 linear extrap
20261010-054330-d4-sim,2026-10-10T05:48:17+00:00,toolagent,0.25,45825,11.6,nfs,LRU+WB,LRU,WB,deferred,11461.573724,1252.397319,11339.738782,1757,109.8125,225646,226316,183970,calib_c1 20261008-130316-m7-c1; i>=80 linear extrap
20261010-054330-d4-sim,2026-10-10T05:48:17+00:00,toolagent,0.25,45825,11.6,nfs,LRU+WB2,LRU,WB2,deferred,11461.573724,1252.397319,11339.738782,298,18.625,225646,226316,183970,calib_c1 20261008-130316-m7-c1; i>=80 linear extrap
20261010-054330-d4-sim,2026-10-10T05:48:18+00:00,toolagent,0.25,45825,11.6,nfs,LRU+H2,LRU,H2,deferred,11461.573724,1252.397319,11339.738782,311,19.4375,225646,226316,183970,calib_c1 20261008-130316-m7-c1; i>=80 linear extrap
20261010-054330-d4-sim,2026-10-10T05:48:18+00:00,toolagent,0.25,45825,11.6,nfs,LRU+NONE,LRU,NONE,deferred,11461.573724,1252.397319,11339.738782,0,0.0,225646,226316,183970,calib_c1 20261008-130316-m7-c1; i>=80 linear extrap
20261010-054330-d4-sim,2026-10-10T05:48:19+00:00,toolagent,0.25,45825,11.6,nfs,2HIT+WT,2HIT,WT,deferred,13318.205468,3109.029063,13061.267764,2105,131.5625,186835,226316,39481,calib_c1 20261008-130316-m7-c1; i>=80 linear extrap
20261010-054330-d4-sim,2026-10-10T05:48:20+00:00,toolagent,0.25,45825,11.6,nfs,2HIT+WB,2HIT,WB,deferred,13318.205468,3109.029063,13061.267764,2105,131.5625,186835,226316,39481,calib_c1 20261008-130316-m7-c1; i>=80 linear extrap
20261010-054330-d4-sim,2026-10-10T05:48:20+00:00,toolagent,0.25,45825,11.6,nfs,2HIT+WB2,2HIT,WB2,deferred,13324.375186,3115.19878,13122.617229,0,0.0,186835,226316,39481,calib_c1 20261008-130316-m7-c1; i>=80 linear extrap
20261010-054330-d4-sim,2026-10-10T05:48:21+00:00,toolagent,0.25,45825,11.6,nfs,2HIT+H2,2HIT,H2,deferred,13324.375186,3115.19878,13122.617229,311,19.4375,186835,226316,39481,calib_c1 20261008-130316-m7-c1; i>=80 linear extrap
20261010-054330-d4-sim,2026-10-10T05:48:21+00:00,toolagent,0.25,45825,11.6,nfs,2HIT+NONE,2HIT,NONE,deferred,13324.375186,3115.19878,13122.617229,0,0.0,186835,226316,39481,calib_c1 20261008-130316-m7-c1; i>=80 linear extrap
20261010-054330-d4-sim,2026-10-10T05:48:22+00:00,toolagent,0.25,45825,11.6,nfs,SLRU+WT,SLRU,WT,deferred,11590.645844,1381.469439,11461.22681,2105,131.5625,222683,226316,186933,calib_c1 20261008-130316-m7-c1; i>=80 linear extrap
20261010-054330-d4-sim,2026-10-10T05:48:23+00:00,toolagent,0.25,45825,11.6,nfs,SLRU+WB,SLRU,WB,deferred,11590.645844,1381.469439,11461.22681,1709,106.8125,222683,226316,186933,calib_c1 20261008-130316-m7-c1; i>=80 linear extrap
20261010-054330-d4-sim,2026-10-10T05:48:23+00:00,toolagent,0.25,45825,11.6,nfs,SLRU+WB2,SLRU,WB2,deferred,11590.661297,1381.484892,11460.931161,2,0.125,222683,226316,186933,calib_c1 20261008-130316-m7-c1; i>=80 linear extrap
20261010-054330-d4-sim,2026-10-10T05:48:24+00:00,toolagent,0.25,45825,11.6,nfs,SLRU+H2,SLRU,H2,deferred,11590.661297,1381.484892,11460.931161,311,19.4375,222683,226316,186933,calib_c1 20261008-130316-m7-c1; i>=80 linear extrap
20261010-054330-d4-sim,2026-10-10T05:48:24+00:00,toolagent,0.25,45825,11.6,nfs,SLRU+NONE,SLRU,NONE,deferred,11590.661297,1381.484892,11460.931161,0,0.0,222683,226316,186933,calib_c1 20261008-130316-m7-c1; i>=80 linear extrap
20261010-054330-d4-sim,2026-10-10T05:48:25+00:00,toolagent,0.25,45825,11.6,nfs,ARC+WT,ARC,WT,deferred,11592.630858,1383.454453,11462.743385,2105,131.5625,222598,226316,187018,calib_c1 20261008-130316-m7-c1; i>=80 linear extrap
20261010-054330-d4-sim,2026-10-10T05:48:26+00:00,toolagent,0.25,45825,11.6,nfs,ARC+WB,ARC,WB,deferred,11592.630858,1383.454453,11462.743385,1745,109.0625,222598,226316,187018,calib_c1 20261008-130316-m7-c1; i>=80 linear extrap
20261010-054330-d4-sim,2026-10-10T05:48:26+00:00,toolagent,0.25,45825,11.6,nfs,ARC+WB2,ARC,WB2,deferred,11592.646312,1383.469907,11462.447736,0,0.0,222598,226316,187018,calib_c1 20261008-130316-m7-c1; i>=80 linear extrap
20261010-054330-d4-sim,2026-10-10T05:48:27+00:00,toolagent,0.25,45825,11.6,nfs,ARC+H2,ARC,H2,deferred,11592.646312,1383.469907,11462.447736,311,19.4375,222598,226316,187018,calib_c1 20261008-130316-m7-c1; i>=80 linear extrap
20261010-054330-d4-sim,2026-10-10T05:48:27+00:00,toolagent,0.25,45825,11.6,nfs,ARC+NONE,ARC,NONE,deferred,11592.646312,1383.469907,11462.447736,0,0.0,222598,226316,187018,calib_c1 20261008-130316-m7-c1; i>=80 linear extrap
20261010-054330-d4-sim,2026-10-10T05:48:28+00:00,toolagent,0.25,45825,11.6,nfs,S3FIFO+WT,S3FIFO,WT,deferred,11592.678941,1383.502536,11462.748773,2105,131.5625,222597,226316,187019,calib_c1 20261008-130316-m7-c1; i>=80 linear extrap
20261010-054330-d4-sim,2026-10-10T05:48:29+00:00,toolagent,0.25,45825,11.6,nfs,S3FIFO+WB,S3FIFO,WB,deferred,11592.678941,1383.502536,11462.748773,1745,109.0625,222597,226316,187019,calib_c1 20261008-130316-m7-c1; i>=80 linear extrap
20261010-054330-d4-sim,2026-10-10T05:48:29+00:00,toolagent,0.25,45825,11.6,nfs,S3FIFO+WB2,S3FIFO,WB2,deferred,11592.694395,1383.51799,11462.453123,0,0.0,222597,226316,187019,calib_c1 20261008-130316-m7-c1; i>=80 linear extrap
20261010-054330-d4-sim,2026-10-10T05:48:30+00:00,toolagent,0.25,45825,11.6,nfs,S3FIFO+H2,S3FIFO,H2,deferred,11592.694395,1383.51799,11462.453123,311,19.4375,222597,226316,187019,calib_c1 20261008-130316-m7-c1; i>=80 linear extrap
20261010-054330-d4-sim,2026-10-10T05:48:30+00:00,toolagent,0.25,45825,11.6,nfs,S3FIFO+NONE,S3FIFO,NONE,deferred,11592.694395,1383.51799,11462.453123,0,0.0,222597,226316,187019,calib_c1 20261008-130316-m7-c1; i>=80 linear extrap
20261010-054330-d4-sim,2026-10-10T05:48:31+00:00,toolagent,0.25,45825,11.6,nfs,WTPa+WBR,WTPa,WBR,wtp_a,11428.551405,1219.375,11306.988867,0,0.0,226316,226316,39481,calib_c1 20261008-130316-m7-c1; i>=80 linear extrap
20261010-054330-d4-sim,2026-10-10T05:48:32+00:00,toolagent,0.25,45825,11.6,nfs,WTPa+WTR,WTPa,WTR,wtp_a,11428.551405,1219.375,11306.988867,311,19.4375,226316,226316,39481,calib_c1 20261008-130316-m7-c1; i>=80 linear extrap
20261010-054330-d4-sim,2026-10-10T05:48:32+00:00,toolagent,0.25,45825,11.6,nfs,WTPb+WB,WTPb,WB,wtp_b,11582.125137,1372.948732,11456.027835,1831,114.4375,222010,226316,47357,calib_c1 20261008-130316-m7-c1; i>=80 linear extrap
20261010-054330-d4-sim,2026-10-10T05:48:33+00:00,toolagent,0.25,45825,11.6,nfs,OPT-BELADY,BELADY,NEED,opt,11428.551405,1219.375,11306.988867,0,0.0,226316,226316,39481,calib_c1 20261008-130316-m7-c1; i>=80 linear extrap
20261010-054330-d4-sim,2026-10-10T05:48:33+00:00,toolagent,0.25,45825,11.6,nfs,OPT-COST,COSTBELADY,NEED,opt,11428.551405,1219.375,11306.988867,0,0.0,226316,226316,39481,calib_c1 20261008-130316-m7-c1; i>=80 linear extrap
20261010-054330-d4-sim,2026-10-10T05:48:36+00:00,toolagent,0.5,91650,3.69,local,LRU+WT,LRU,WT,deferred,12235.310388,2026.133982,11871.754929,183300,11456.25,226181,226316,183435,calib_c1 20261008-130316-m7-c1; i>=80 linear extrap
20261010-054330-d4-sim,2026-10-10T05:48:37+00:00,toolagent,0.5,91650,3.69,local,LRU+WB,LRU,WB,deferred,14040.214175,3831.03777,12846.026537,91785,5736.5625,226181,226316,183435,calib_c1 20261008-130316-m7-c1; i>=80 linear extrap
20261010-054330-d4-sim,2026-10-10T05:48:38+00:00,toolagent,0.5,91650,3.69,local,LRU+WB2,LRU,WB2,deferred,14044.683184,3835.506779,12850.101377,18062,1128.875,226181,226316,183435,calib_c1 20261008-130316-m7-c1; i>=80 linear extrap
20261010-054330-d4-sim,2026-10-10T05:48:38+00:00,toolagent,0.5,91650,3.69,local,LRU+H2,LRU,H2,deferred,12553.254239,2344.077834,12066.492988,39481,2467.5625,226181,226316,183435,calib_c1 20261008-130316-m7-c1; i>=80 linear extrap
20261010-054330-d4-sim,2026-10-10T05:48:39+00:00,toolagent,0.5,91650,3.69,local,LRU+NONE,LRU,NONE,deferred,14046.377961,3837.201556,12851.712917,0,0.0,226181,226316,183435,calib_c1 20261008-130316-m7-c1; i>=80 linear extrap
20261010-054330-d4-sim,2026-10-10T05:48:39+00:00,toolagent,0.5,91650,3.69,local,2HIT+WT,2HIT,WT,deferred,12235.310388,2026.133982,11871.754929,183300,11456.25,186835,226316,39481,calib_c1 20261008-130316-m7-c1; i>=80 linear extrap
20261010-054330-d4-sim,2026-10-10T05:48:40+00:00,toolagent,0.5,91650,3.69,local,2HIT+WB,2HIT,WB,deferred,12235.310388,2026.133982,11871.754929,183300,11456.25,186835,226316,39481,calib_c1 20261008-130316-m7-c1; i>=80 linear extrap
20261010-054330-d4-sim,2026-10-10T05:48:40+00:00,toolagent,0.5,91650,3.69,local,2HIT+WB2,2HIT,WB2,deferred,15482.270549,5273.094144,14363.294086,0,0.0,186835,226316,39481,calib_c1 20261008-130316-m7-c1; i>=80 linear extrap
20261010-054330-d4-sim,2026-10-10T05:48:41+00:00,toolagent,0.5,91650,3.69,local,2HIT+H2,2HIT,H2,deferred,13990.394444,3781.218039,13576.478579,39481,2467.5625,186835,226316,39481,calib_c1 20261008-130316-m7-c1; i>=80 linear extrap
20261010-054330-d4-sim,2026-10-10T05:48:42+00:00,toolagent,0.5,91650,3.69,local,2HIT+NONE,2HIT,NONE,deferred,15482.270549,5273.094144,14363.294086,0,0.0,186835,226316,39481,calib_c1 20261008-130316-m7-c1; i>=80 linear extrap
20261010-054330-d4-sim,2026-10-10T05:48:42+00:00,toolagent,0.5,91650,3.69,local,SLRU+WT,SLRU,WT,deferred,12235.310388,2026.133982,11871.754929,183300,11456.25,226093,226316,183523,calib_c1 20261008-130316-m7-c1; i>=80 linear extrap
20261010-054330-d4-sim,2026-10-10T05:48:43+00:00,toolagent,0.5,91650,3.69,local,SLRU+WB,SLRU,WB,deferred,14038.840756,3829.664351,12845.183669,91873,5742.0625,226093,226316,183523,calib_c1 20261008-130316-m7-c1; i>=80 linear extrap
20261010-054330-d4-sim,2026-10-10T05:48:43+00:00,toolagent,0.5,91650,3.69,local,SLRU+WB2,SLRU,WB2,deferred,14051.352483,3842.176078,12857.180087,0,0.0,226093,226316,183523,calib_c1 20261008-130316-m7-c1; i>=80 linear extrap
20261010-054330-d4-sim,2026-10-10T05:48:44+00:00,toolagent,0.5,91650,3.69,local,SLRU+H2,SLRU,H2,deferred,12559.476378,2350.299973,12073.320547,39481,2467.5625,226093,226316,183523,calib_c1 20261008-130316-m7-c1; i>=80 linear extrap
20261010-054330-d4-sim,2026-10-10T05:48:45+00:00,toolagent,0.5,91650,3.69,local,SLRU+NONE,SLRU,NONE,deferred,14051.352483,3842.176078,12857.180087,0,0.0,226093,226316,183523,calib_c1 20261008-130316-m7-c1; i>=80 linear extrap
20261010-054330-d4-sim,2026-10-10T05:48:45+00:00,toolagent,0.5,91650,3.69,local,ARC+WT,ARC,WT,deferred,12235.310388,2026.133982,11871.754929,183300,11456.25,226093,226316,183523,calib_c1 20261008-130316-m7-c1; i>=80 linear extrap
20261010-054330-d4-sim,2026-10-10T05:48:46+00:00,toolagent,0.5,91650,3.69,local,ARC+WB,ARC,WB,deferred,14038.840756,3829.664351,12845.183669,91873,5742.0625,226093,226316,183523,calib_c1 20261008-130316-m7-c1; i>=80 linear extrap
20261010-054330-d4-sim,2026-10-10T05:48:46+00:00,toolagent,0.5,91650,3.69,local,ARC+WB2,ARC,WB2,deferred,14051.352483,3842.176078,12857.180087,0,0.0,226093,226316,183523,calib_c1 20261008-130316-m7-c1; i>=80 linear extrap
20261010-054330-d4-sim,2026-10-10T05:48:47+00:00,toolagent,0.5,91650,3.69,local,ARC+H2,ARC,H2,deferred,12559.476378,2350.299973,12073.320547,39481,2467.5625,226093,226316,183523,calib_c1 20261008-130316-m7-c1; i>=80 linear extrap
20261010-054330-d4-sim,2026-10-10T05:48:48+00:00,toolagent,0.5,91650,3.69,local,ARC+NONE,ARC,NONE,deferred,14051.352483,3842.176078,12857.180087,0,0.0,226093,226316,183523,calib_c1 20261008-130316-m7-c1; i>=80 linear extrap
20261010-054330-d4-sim,2026-10-10T05:48:48+00:00,toolagent,0.5,91650,3.69,local,S3FIFO+WT,S3FIFO,WT,deferred,12235.310388,2026.133982,11871.754929,183300,11456.25,226093,226316,183523,calib_c1 20261008-130316-m7-c1; i>=80 linear extrap
20261010-054330-d4-sim,2026-10-10T05:48:49+00:00,toolagent,0.5,91650,3.69,local,S3FIFO+WB,S3FIFO,WB,deferred,14038.840756,3829.664351,12845.183669,91873,5742.0625,226093,226316,183523,calib_c1 20261008-130316-m7-c1; i>=80 linear extrap
20261010-054330-d4-sim,2026-10-10T05:48:49+00:00,toolagent,0.5,91650,3.69,local,S3FIFO+WB2,S3FIFO,WB2,deferred,14051.352483,3842.176078,12857.180087,0,0.0,226093,226316,183523,calib_c1 20261008-130316-m7-c1; i>=80 linear extrap
20261010-054330-d4-sim,2026-10-10T05:48:50+00:00,toolagent,0.5,91650,3.69,local,S3FIFO+H2,S3FIFO,H2,deferred,12559.476378,2350.299973,12073.320547,39481,2467.5625,226093,226316,183523,calib_c1 20261008-130316-m7-c1; i>=80 linear extrap
20261010-054330-d4-sim,2026-10-10T05:48:50+00:00,toolagent,0.5,91650,3.69,local,S3FIFO+NONE,S3FIFO,NONE,deferred,14051.352483,3842.176078,12857.180087,0,0.0,226093,226316,183523,calib_c1 20261008-130316-m7-c1; i>=80 linear extrap
20261010-054330-d4-sim,2026-10-10T05:48:51+00:00,toolagent,0.5,91650,3.69,local,WTPa+WBR,WTPa,WBR,wtp_a,14042.441988,3833.265583,12847.27499,0,0.0,226316,226316,39481,calib_c1 20261008-130316-m7-c1; i>=80 linear extrap
20261010-054330-d4-sim,2026-10-10T05:48:52+00:00,toolagent,0.5,91650,3.69,local,WTPa+WTR,WTPa,WTR,wtp_a,12235.310388,2026.133982,11871.754929,39481,2467.5625,226316,226316,39481,calib_c1 20261008-130316-m7-c1; i>=80 linear extrap
20261010-054330-d4-sim,2026-10-10T05:48:52+00:00,toolagent,0.5,91650,3.69,local,WTPb+WB,WTPb,WB,wtp_b,12885.46446,2676.288055,12257.861595,136903,8556.4375,222010,226316,47357,calib_c1 20261008-130316-m7-c1; i>=80 linear extrap
20261010-054330-d4-sim,2026-10-10T05:48:53+00:00,toolagent,0.5,91650,3.69,local,OPT-BELADY,BELADY,NEED,opt,14042.441988,3833.265583,12847.27499,0,0.0,226316,226316,39481,calib_c1 20261008-130316-m7-c1; i>=80 linear extrap
20261010-054330-d4-sim,2026-10-10T05:48:53+00:00,toolagent,0.5,91650,3.69,local,OPT-COST,COSTBELADY,NEED,opt,12235.310388,2026.133982,11871.754929,39481,2467.5625,0,226316,0,calib_c1 20261008-130316-m7-c1; i>=80 linear extrap
20261010-054330-d4-sim,2026-10-10T05:48:54+00:00,toolagent,0.5,91650,3.69,nfs,LRU+WT,LRU,WT,deferred,14046.377961,3837.201556,12851.712917,2105,131.5625,226181,226316,183435,calib_c1 20261008-130316-m7-c1; i>=80 linear extrap
20261010-054330-d4-sim,2026-10-10T05:48:55+00:00,toolagent,0.5,91650,3.69,nfs,LRU+WB,LRU,WB,deferred,14046.377961,3837.201556,12851.712917,1142,71.375,226181,226316,183435,calib_c1 20261008-130316-m7-c1; i>=80 linear extrap
20261010-054330-d4-sim,2026-10-10T05:48:56+00:00,toolagent,0.5,91650,3.69,nfs,LRU+WB2,LRU,WB2,deferred,14046.377961,3837.201556,12851.712917,233,14.5625,226181,226316,183435,calib_c1 20261008-130316-m7-c1; i>=80 linear extrap
20261010-054330-d4-sim,2026-10-10T05:48:56+00:00,toolagent,0.5,91650,3.69,nfs,LRU+H2,LRU,H2,deferred,14046.377961,3837.201556,12851.712917,311,19.4375,226181,226316,183435,calib_c1 20261008-130316-m7-c1; i>=80 linear extrap
20261010-054330-d4-sim,2026-10-10T05:48:57+00:00,toolagent,0.5,91650,3.69,nfs,LRU+NONE,LRU,NONE,deferred,14046.377961,3837.201556,12851.712917,0,0.0,226181,226316,183435,calib_c1 20261008-130316-m7-c1; i>=80 linear extrap
20261010-054330-d4-sim,2026-10-10T05:48:57+00:00,toolagent,0.5,91650,3.69,nfs,2HIT+WT,2HIT,WT,deferred,15476.100831,5266.924426,14301.580027,2105,131.5625,186835,226316,39481,calib_c1 20261008-130316-m7-c1; i>=80 linear extrap
20261010-054330-d4-sim,2026-10-10T05:48:58+00:00,toolagent,0.5,91650,3.69,nfs,2HIT+WB,2HIT,WB,deferred,15476.100831,5266.924426,14301.580027,2105,131.5625,186835,226316,39481,calib_c1 20261008-130316-m7-c1; i>=80 linear extrap
20261010-054330-d4-sim,2026-10-10T05:48:58+00:00,toolagent,0.5,91650,3.69,nfs,2HIT+WB2,2HIT,WB2,deferred,15482.270549,5273.094144,14363.294086,0,0.0,186835,226316,39481,calib_c1 20261008-130316-m7-c1; i>=80 linear extrap
20261010-054330-d4-sim,2026-10-10T05:48:59+00:00,toolagent,0.5,91650,3.69,nfs,2HIT+H2,2HIT,H2,deferred,15482.270549,5273.094144,14363.294086,311,19.4375,186835,226316,39481,calib_c1 20261008-130316-m7-c1; i>=80 linear extrap
20261010-054330-d4-sim,2026-10-10T05:49:00+00:00,toolagent,0.5,91650,3.69,nfs,2HIT+NONE,2HIT,NONE,deferred,15482.270549,5273.094144,14363.294086,0,0.0,186835,226316,39481,calib_c1 20261008-130316-m7-c1; i>=80 linear extrap
20261010-054330-d4-sim,2026-10-10T05:49:00+00:00,toolagent,0.5,91650,3.69,nfs,SLRU+WT,SLRU,WT,deferred,14051.352483,3842.176078,12857.180087,2105,131.5625,226093,226316,183523,calib_c1 20261008-130316-m7-c1; i>=80 linear extrap
20261010-054330-d4-sim,2026-10-10T05:49:01+00:00,toolagent,0.5,91650,3.69,nfs,SLRU+WB,SLRU,WB,deferred,14051.352483,3842.176078,12857.180087,1264,79.0,226093,226316,183523,calib_c1 20261008-130316-m7-c1; i>=80 linear extrap
20261010-054330-d4-sim,2026-10-10T05:49:01+00:00,toolagent,0.5,91650,3.69,nfs,SLRU+WB2,SLRU,WB2,deferred,14051.352483,3842.176078,12857.180087,0,0.0,226093,226316,183523,calib_c1 20261008-130316-m7-c1; i>=80 linear extrap
20261010-054330-d4-sim,2026-10-10T05:49:02+00:00,toolagent,0.5,91650,3.69,nfs,SLRU+H2,SLRU,H2,deferred,14051.352483,3842.176078,12857.180087,311,19.4375,226093,226316,183523,calib_c1 20261008-130316-m7-c1; i>=80 linear extrap
20261010-054330-d4-sim,2026-10-10T05:49:03+00:00,toolagent,0.5,91650,3.69,nfs,SLRU+NONE,SLRU,NONE,deferred,14051.352483,3842.176078,12857.180087,0,0.0,226093,226316,183523,calib_c1 20261008-130316-m7-c1; i>=80 linear extrap
20261010-054330-d4-sim,2026-10-10T05:49:03+00:00,toolagent,0.5,91650,3.69,nfs,ARC+WT,ARC,WT,deferred,14051.352483,3842.176078,12857.180087,2105,131.5625,226093,226316,183523,calib_c1 20261008-130316-m7-c1; i>=80 linear extrap
20261010-054330-d4-sim,2026-10-10T05:49:04+00:00,toolagent,0.5,91650,3.69,nfs,ARC+WB,ARC,WB,deferred,14051.352483,3842.176078,12857.180087,1264,79.0,226093,226316,183523,calib_c1 20261008-130316-m7-c1; i>=80 linear extrap
20261010-054330-d4-sim,2026-10-10T05:49:04+00:00,toolagent,0.5,91650,3.69,nfs,ARC+WB2,ARC,WB2,deferred,14051.352483,3842.176078,12857.180087,0,0.0,226093,226316,183523,calib_c1 20261008-130316-m7-c1; i>=80 linear extrap
20261010-054330-d4-sim,2026-10-10T05:49:05+00:00,toolagent,0.5,91650,3.69,nfs,ARC+H2,ARC,H2,deferred,14051.352483,3842.176078,12857.180087,311,19.4375,226093,226316,183523,calib_c1 20261008-130316-m7-c1; i>=80 linear extrap
20261010-054330-d4-sim,2026-10-10T05:49:05+00:00,toolagent,0.5,91650,3.69,nfs,ARC+NONE,ARC,NONE,deferred,14051.352483,3842.176078,12857.180087,0,0.0,226093,226316,183523,calib_c1 20261008-130316-m7-c1; i>=80 linear extrap
20261010-054330-d4-sim,2026-10-10T05:49:06+00:00,toolagent,0.5,91650,3.69,nfs,S3FIFO+WT,S3FIFO,WT,deferred,14051.352483,3842.176078,12857.180087,2105,131.5625,226093,226316,183523,calib_c1 20261008-130316-m7-c1; i>=80 linear extrap
20261010-054330-d4-sim,2026-10-10T05:49:07+00:00,toolagent,0.5,91650,3.69,nfs,S3FIFO+WB,S3FIFO,WB,deferred,14051.352483,3842.176078,12857.180087,1264,79.0,226093,226316,183523,calib_c1 20261008-130316-m7-c1; i>=80 linear extrap
20261010-054330-d4-sim,2026-10-10T05:49:07+00:00,toolagent,0.5,91650,3.69,nfs,S3FIFO+WB2,S3FIFO,WB2,deferred,14051.352483,3842.176078,12857.180087,0,0.0,226093,226316,183523,calib_c1 20261008-130316-m7-c1; i>=80 linear extrap
20261010-054330-d4-sim,2026-10-10T05:49:08+00:00,toolagent,0.5,91650,3.69,nfs,S3FIFO+H2,S3FIFO,H2,deferred,14051.352483,3842.176078,12857.180087,311,19.4375,226093,226316,183523,calib_c1 20261008-130316-m7-c1; i>=80 linear extrap
20261010-054330-d4-sim,2026-10-10T05:49:08+00:00,toolagent,0.5,91650,3.69,nfs,S3FIFO+NONE,S3FIFO,NONE,deferred,14051.352483,3842.176078,12857.180087,0,0.0,226093,226316,183523,calib_c1 20261008-130316-m7-c1; i>=80 linear extrap
20261010-054330-d4-sim,2026-10-10T05:49:09+00:00,toolagent,0.5,91650,3.69,nfs,WTPa+WBR,WTPa,WBR,wtp_a,14042.441988,3833.265583,12847.27499,0,0.0,226316,226316,39481,calib_c1 20261008-130316-m7-c1; i>=80 linear extrap
20261010-054330-d4-sim,2026-10-10T05:49:09+00:00,toolagent,0.5,91650,3.69,nfs,WTPa+WTR,WTPa,WTR,wtp_a,14042.441988,3833.265583,12847.27499,311,19.4375,226316,226316,39481,calib_c1 20261008-130316-m7-c1; i>=80 linear extrap
20261010-054330-d4-sim,2026-10-10T05:49:10+00:00,toolagent,0.5,91650,3.69,nfs,WTPb+WB,WTPb,WB,wtp_b,14146.282546,3937.106141,12962.224162,1774,110.875,222010,226316,47357,calib_c1 20261008-130316-m7-c1; i>=80 linear extrap
20261010-054330-d4-sim,2026-10-10T05:49:11+00:00,toolagent,0.5,91650,3.69,nfs,OPT-BELADY,BELADY,NEED,opt,14042.441988,3833.265583,12847.27499,0,0.0,226316,226316,39481,calib_c1 20261008-130316-m7-c1; i>=80 linear extrap
20261010-054330-d4-sim,2026-10-10T05:49:11+00:00,toolagent,0.5,91650,3.69,nfs,OPT-COST,COSTBELADY,NEED,opt,14042.441988,3833.265583,12847.27499,0,0.0,226316,226316,39481,calib_c1 20261008-130316-m7-c1; i>=80 linear extrap
20261010-054330-d4-sim,2026-10-10T05:49:12+00:00,toolagent,0.5,91650,11.6,local,LRU+WT,LRU,WT,deferred,11429.032646,1219.856241,11307.346819,183300,11456.25,226181,226316,183435,calib_c1 20261008-130316-m7-c1; i>=80 linear extrap
20261010-054330-d4-sim,2026-10-10T05:49:13+00:00,toolagent,0.5,91650,11.6,local,LRU+WB,LRU,WB,deferred,11429.032646,1219.856241,11307.346819,91785,5736.5625,226181,226316,183435,calib_c1 20261008-130316-m7-c1; i>=80 linear extrap
20261010-054330-d4-sim,2026-10-10T05:49:13+00:00,toolagent,0.5,91650,11.6,local,LRU+WB2,LRU,WB2,deferred,11432.447636,1223.271231,11310.846114,18062,1128.875,226181,226316,183435,calib_c1 20261008-130316-m7-c1; i>=80 linear extrap
20261010-054330-d4-sim,2026-10-10T05:49:14+00:00,toolagent,0.5,91650,11.6,local,LRU+H2,LRU,H2,deferred,11432.447636,1223.271231,11310.846114,39481,2467.5625,226181,226316,183435,calib_c1 20261008-130316-m7-c1; i>=80 linear extrap
20261010-054330-d4-sim,2026-10-10T05:49:14+00:00,toolagent,0.5,91650,11.6,local,LRU+NONE,LRU,NONE,deferred,11434.046593,1224.870188,11312.443085,0,0.0,226181,226316,183435,calib_c1 20261008-130316-m7-c1; i>=80 linear extrap
20261010-054330-d4-sim,2026-10-10T05:49:15+00:00,toolagent,0.5,91650,11.6,local,2HIT+WT,2HIT,WT,deferred,11569.291129,1360.114724,11411.664125,183300,11456.25,186835,226316,39481,calib_c1 20261008-130316-m7-c1; i>=80 linear extrap
20261010-054330-d4-sim,2026-10-10T05:49:16+00:00,toolagent,0.5,91650,11.6,local,2HIT+WB,2HIT,WB,deferred,11569.291129,1360.114724,11411.664125,183300,11456.25,186835,226316,39481,calib_c1 20261008-130316-m7-c1; i>=80 linear extrap
20261010-054330-d4-sim,2026-10-10T05:49:16+00:00,toolagent,0.5,91650,11.6,local,2HIT+WB2,2HIT,WB2,deferred,13324.375186,3115.19878,13122.617229,0,0.0,186835,226316,39481,calib_c1 20261008-130316-m7-c1; i>=80 linear extrap
20261010-054330-d4-sim,2026-10-10T05:49:17+00:00,toolagent,0.5,91650,11.6,local,2HIT+H2,2HIT,H2,deferred,13324.375186,3115.19878,13122.617229,39481,2467.5625,186835,226316,39481,calib_c1 20261008-130316-m7-c1; i>=80 linear extrap
20261010-054330-d4-sim,2026-10-10T05:49:17+00:00,toolagent,0.5,91650,11.6,local,2HIT+NONE,2HIT,NONE,deferred,13324.375186,3115.19878,13122.617229,0,0.0,186835,226316,39481,calib_c1 20261008-130316-m7-c1; i>=80 linear extrap
20261010-054330-d4-sim,2026-10-10T05:49:18+00:00,toolagent,0.5,91650,11.6,local,SLRU+WT,SLRU,WT,deferred,11429.346343,1220.169938,11307.56791,183300,11456.25,226093,226316,183523,calib_c1 20261008-130316-m7-c1; i>=80 linear extrap
20261010-054330-d4-sim,2026-10-10T05:49:19+00:00,toolagent,0.5,91650,11.6,local,SLRU+WB,SLRU,WB,deferred,11429.346343,1220.169938,11307.56791,91873,5742.0625,226093,226316,183523,calib_c1 20261008-130316-m7-c1; i>=80 linear extrap
20261010-054330-d4-sim,2026-10-10T05:49:19+00:00,toolagent,0.5,91650,11.6,local,SLRU+WB2,SLRU,WB2,deferred,11440.037492,1230.861087,11318.509544,0,0.0,226093,226316,183523,calib_c1 20261008-130316-m7-c1; i>=80 linear extrap
20261010-054330-d4-sim,2026-10-10T05:49:20+00:00,toolagent,0.5,91650,11.6,local,SLRU+H2,SLRU,H2,deferred,11440.037492,1230.861087,11318.509544,39481,2467.5625,226093,226316,183523,calib_c1 20261008-130316-m7-c1; i>=80 linear extrap
20261010-054330-d4-sim,2026-10-10T05:49:20+00:00,toolagent,0.5,91650,11.6,local,SLRU+NONE,SLRU,NONE,deferred,11440.037492,1230.861087,11318.509544,0,0.0,226093,226316,183523,calib_c1 20261008-130316-m7-c1; i>=80 linear extrap
20261010-054330-d4-sim,2026-10-10T05:49:21+00:00,toolagent,0.5,91650,11.6,local,ARC+WT,ARC,WT,deferred,11429.346343,1220.169938,11307.56791,183300,11456.25,226093,226316,183523,calib_c1 20261008-130316-m7-c1; i>=80 linear extrap
20261010-054330-d4-sim,2026-10-10T05:49:21+00:00,toolagent,0.5,91650,11.6,local,ARC+WB,ARC,WB,deferred,11429.346343,1220.169938,11307.56791,91873,5742.0625,226093,226316,183523,calib_c1 20261008-130316-m7-c1; i>=80 linear extrap
20261010-054330-d4-sim,2026-10-10T05:49:22+00:00,toolagent,0.5,91650,11.6,local,ARC+WB2,ARC,WB2,deferred,11440.037492,1230.861087,11318.509544,0,0.0,226093,226316,183523,calib_c1 20261008-130316-m7-c1; i>=80 linear extrap
20261010-054330-d4-sim,2026-10-10T05:49:23+00:00,toolagent,0.5,91650,11.6,local,ARC+H2,ARC,H2,deferred,11440.037492,1230.861087,11318.509544,39481,2467.5625,226093,226316,183523,calib_c1 20261008-130316-m7-c1; i>=80 linear extrap
20261010-054330-d4-sim,2026-10-10T05:49:23+00:00,toolagent,0.5,91650,11.6,local,ARC+NONE,ARC,NONE,deferred,11440.037492,1230.861087,11318.509544,0,0.0,226093,226316,183523,calib_c1 20261008-130316-m7-c1; i>=80 linear extrap
20261010-054330-d4-sim,2026-10-10T05:49:24+00:00,toolagent,0.5,91650,11.6,local,S3FIFO+WT,S3FIFO,WT,deferred,11429.346343,1220.169938,11307.56791,183300,11456.25,226093,226316,183523,calib_c1 20261008-130316-m7-c1; i>=80 linear extrap
20261010-054330-d4-sim,2026-10-10T05:49:24+00:00,toolagent,0.5,91650,11.6,local,S3FIFO+WB,S3FIFO,WB,deferred,11429.346343,1220.169938,11307.56791,91873,5742.0625,226093,226316,183523,calib_c1 20261008-130316-m7-c1; i>=80 linear extrap
20261010-054330-d4-sim,2026-10-10T05:49:25+00:00,toolagent,0.5,91650,11.6,local,S3FIFO+WB2,S3FIFO,WB2,deferred,11440.037492,1230.861087,11318.509544,0,0.0,226093,226316,183523,calib_c1 20261008-130316-m7-c1; i>=80 linear extrap
20261010-054330-d4-sim,2026-10-10T05:49:26+00:00,toolagent,0.5,91650,11.6,local,S3FIFO+H2,S3FIFO,H2,deferred,11440.037492,1230.861087,11318.509544,39481,2467.5625,226093,226316,183523,calib_c1 20261008-130316-m7-c1; i>=80 linear extrap
20261010-054330-d4-sim,2026-10-10T05:49:26+00:00,toolagent,0.5,91650,11.6,local,S3FIFO+NONE,S3FIFO,NONE,deferred,11440.037492,1230.861087,11318.509544,0,0.0,226093,226316,183523,calib_c1 20261008-130316-m7-c1; i>=80 linear extrap
20261010-054330-d4-sim,2026-10-10T05:49:27+00:00,toolagent,0.5,91650,11.6,local,WTPa+WBR,WTPa,WBR,wtp_a,11428.551405,1219.375,11306.988867,0,0.0,226316,226316,39481,calib_c1 20261008-130316-m7-c1; i>=80 linear extrap
20261010-054330-d4-sim,2026-10-10T05:49:27+00:00,toolagent,0.5,91650,11.6,local,WTPa+WTR,WTPa,WTR,wtp_a,11428.551405,1219.375,11306.988867,39481,2467.5625,226316,226316,39481,calib_c1 20261008-130316-m7-c1; i>=80 linear extrap
20261010-054330-d4-sim,2026-10-10T05:49:28+00:00,toolagent,0.5,91650,11.6,local,WTPb+WB,WTPb,WB,wtp_b,11443.9012,1234.724795,11318.534715,136903,8556.4375,222010,226316,47357,calib_c1 20261008-130316-m7-c1; i>=80 linear extrap
20261010-054330-d4-sim,2026-10-10T05:49:28+00:00,toolagent,0.5,91650,11.6,local,OPT-BELADY,BELADY,NEED,opt,11428.551405,1219.375,11306.988867,0,0.0,226316,226316,39481,calib_c1 20261008-130316-m7-c1; i>=80 linear extrap
20261010-054330-d4-sim,2026-10-10T05:49:29+00:00,toolagent,0.5,91650,11.6,local,OPT-COST,COSTBELADY,NEED,opt,11428.551405,1219.375,11306.988867,0,0.0,226316,226316,39481,calib_c1 20261008-130316-m7-c1; i>=80 linear extrap
20261010-054330-d4-sim,2026-10-10T05:49:30+00:00,toolagent,0.5,91650,11.6,nfs,LRU+WT,LRU,WT,deferred,11434.046593,1224.870188,11312.443085,2105,131.5625,226181,226316,183435,calib_c1 20261008-130316-m7-c1; i>=80 linear extrap
20261010-054330-d4-sim,2026-10-10T05:49:31+00:00,toolagent,0.5,91650,11.6,nfs,LRU+WB,LRU,WB,deferred,11434.046593,1224.870188,11312.443085,1142,71.375,226181,226316,183435,calib_c1 20261008-130316-m7-c1; i>=80 linear extrap
20261010-054330-d4-sim,2026-10-10T05:49:31+00:00,toolagent,0.5,91650,11.6,nfs,LRU+WB2,LRU,WB2,deferred,11434.046593,1224.870188,11312.443085,233,14.5625,226181,226316,183435,calib_c1 20261008-130316-m7-c1; i>=80 linear extrap
20261010-054330-d4-sim,2026-10-10T05:49:32+00:00,toolagent,0.5,91650,11.6,nfs,LRU+H2,LRU,H2,deferred,11434.046593,1224.870188,11312.443085,311,19.4375,226181,226316,183435,calib_c1 20261008-130316-m7-c1; i>=80 linear extrap
20261010-054330-d4-sim,2026-10-10T05:49:32+00:00,toolagent,0.5,91650,11.6,nfs,LRU+NONE,LRU,NONE,deferred,11434.046593,1224.870188,11312.443085,0,0.0,226181,226316,183435,calib_c1 20261008-130316-m7-c1; i>=80 linear extrap
20261010-054330-d4-sim,2026-10-10T05:49:33+00:00,toolagent,0.5,91650,11.6,nfs,2HIT+WT,2HIT,WT,deferred,13318.205468,3109.029063,13061.267764,2105,131.5625,186835,226316,39481,calib_c1 20261008-130316-m7-c1; i>=80 linear extrap
20261010-054330-d4-sim,2026-10-10T05:49:33+00:00,toolagent,0.5,91650,11.6,nfs,2HIT+WB,2HIT,WB,deferred,13318.205468,3109.029063,13061.267764,2105,131.5625,186835,226316,39481,calib_c1 20261008-130316-m7-c1; i>=80 linear extrap
20261010-054330-d4-sim,2026-10-10T05:49:34+00:00,toolagent,0.5,91650,11.6,nfs,2HIT+WB2,2HIT,WB2,deferred,13324.375186,3115.19878,13122.617229,0,0.0,186835,226316,39481,calib_c1 20261008-130316-m7-c1; i>=80 linear extrap
20261010-054330-d4-sim,2026-10-10T05:49:35+00:00,toolagent,0.5,91650,11.6,nfs,2HIT+H2,2HIT,H2,deferred,13324.375186,3115.19878,13122.617229,311,19.4375,186835,226316,39481,calib_c1 20261008-130316-m7-c1; i>=80 linear extrap
20261010-054330-d4-sim,2026-10-10T05:49:35+00:00,toolagent,0.5,91650,11.6,nfs,2HIT+NONE,2HIT,NONE,deferred,13324.375186,3115.19878,13122.617229,0,0.0,186835,226316,39481,calib_c1 20261008-130316-m7-c1; i>=80 linear extrap
20261010-054330-d4-sim,2026-10-10T05:49:36+00:00,toolagent,0.5,91650,11.6,nfs,SLRU+WT,SLRU,WT,deferred,11440.037492,1230.861087,11318.509544,2105,131.5625,226093,226316,183523,calib_c1 20261008-130316-m7-c1; i>=80 linear extrap
20261010-054330-d4-sim,2026-10-10T05:49:36+00:00,toolagent,0.5,91650,11.6,nfs,SLRU+WB,SLRU,WB,deferred,11440.037492,1230.861087,11318.509544,1264,79.0,226093,226316,183523,calib_c1 20261008-130316-m7-c1; i>=80 linear extrap
20261010-054330-d4-sim,2026-10-10T05:49:37+00:00,toolagent,0.5,91650,11.6,nfs,SLRU+WB2,SLRU,WB2,deferred,11440.037492,1230.861087,11318.509544,0,0.0,226093,226316,183523,calib_c1 20261008-130316-m7-c1; i>=80 linear extrap
20261010-054330-d4-sim,2026-10-10T05:49:38+00:00,toolagent,0.5,91650,11.6,nfs,SLRU+H2,SLRU,H2,deferred,11440.037492,1230.861087,11318.509544,311,19.4375,226093,226316,183523,calib_c1 20261008-130316-m7-c1; i>=80 linear extrap
20261010-054330-d4-sim,2026-10-10T05:49:38+00:00,toolagent,0.5,91650,11.6,nfs,SLRU+NONE,SLRU,NONE,deferred,11440.037492,1230.861087,11318.509544,0,0.0,226093,226316,183523,calib_c1 20261008-130316-m7-c1; i>=80 linear extrap
20261010-054330-d4-sim,2026-10-10T05:49:39+00:00,toolagent,0.5,91650,11.6,nfs,ARC+WT,ARC,WT,deferred,11440.037492,1230.861087,11318.509544,2105,131.5625,226093,226316,183523,calib_c1 20261008-130316-m7-c1; i>=80 linear extrap
20261010-054330-d4-sim,2026-10-10T05:49:39+00:00,toolagent,0.5,91650,11.6,nfs,ARC+WB,ARC,WB,deferred,11440.037492,1230.861087,11318.509544,1264,79.0,226093,226316,183523,calib_c1 20261008-130316-m7-c1; i>=80 linear extrap
20261010-054330-d4-sim,2026-10-10T05:49:40+00:00,toolagent,0.5,91650,11.6,nfs,ARC+WB2,ARC,WB2,deferred,11440.037492,1230.861087,11318.509544,0,0.0,226093,226316,183523,calib_c1 20261008-130316-m7-c1; i>=80 linear extrap
20261010-054330-d4-sim,2026-10-10T05:49:40+00:00,toolagent,0.5,91650,11.6,nfs,ARC+H2,ARC,H2,deferred,11440.037492,1230.861087,11318.509544,311,19.4375,226093,226316,183523,calib_c1 20261008-130316-m7-c1; i>=80 linear extrap
20261010-054330-d4-sim,2026-10-10T05:49:41+00:00,toolagent,0.5,91650,11.6,nfs,ARC+NONE,ARC,NONE,deferred,11440.037492,1230.861087,11318.509544,0,0.0,226093,226316,183523,calib_c1 20261008-130316-m7-c1; i>=80 linear extrap
20261010-054330-d4-sim,2026-10-10T05:49:42+00:00,toolagent,0.5,91650,11.6,nfs,S3FIFO+WT,S3FIFO,WT,deferred,11440.037492,1230.861087,11318.509544,2105,131.5625,226093,226316,183523,calib_c1 20261008-130316-m7-c1; i>=80 linear extrap
20261010-054330-d4-sim,2026-10-10T05:49:42+00:00,toolagent,0.5,91650,11.6,nfs,S3FIFO+WB,S3FIFO,WB,deferred,11440.037492,1230.861087,11318.509544,1264,79.0,226093,226316,183523,calib_c1 20261008-130316-m7-c1; i>=80 linear extrap
20261010-054330-d4-sim,2026-10-10T05:49:43+00:00,toolagent,0.5,91650,11.6,nfs,S3FIFO+WB2,S3FIFO,WB2,deferred,11440.037492,1230.861087,11318.509544,0,0.0,226093,226316,183523,calib_c1 20261008-130316-m7-c1; i>=80 linear extrap
20261010-054330-d4-sim,2026-10-10T05:49:43+00:00,toolagent,0.5,91650,11.6,nfs,S3FIFO+H2,S3FIFO,H2,deferred,11440.037492,1230.861087,11318.509544,311,19.4375,226093,226316,183523,calib_c1 20261008-130316-m7-c1; i>=80 linear extrap
20261010-054330-d4-sim,2026-10-10T05:49:44+00:00,toolagent,0.5,91650,11.6,nfs,S3FIFO+NONE,S3FIFO,NONE,deferred,11440.037492,1230.861087,11318.509544,0,0.0,226093,226316,183523,calib_c1 20261008-130316-m7-c1; i>=80 linear extrap
20261010-054330-d4-sim,2026-10-10T05:49:45+00:00,toolagent,0.5,91650,11.6,nfs,WTPa+WBR,WTPa,WBR,wtp_a,11428.551405,1219.375,11306.988867,0,0.0,226316,226316,39481,calib_c1 20261008-130316-m7-c1; i>=80 linear extrap
20261010-054330-d4-sim,2026-10-10T05:49:45+00:00,toolagent,0.5,91650,11.6,nfs,WTPa+WTR,WTPa,WTR,wtp_a,11428.551405,1219.375,11306.988867,311,19.4375,226316,226316,39481,calib_c1 20261008-130316-m7-c1; i>=80 linear extrap
20261010-054330-d4-sim,2026-10-10T05:49:46+00:00,toolagent,0.5,91650,11.6,nfs,WTPb+WB,WTPb,WB,wtp_b,11582.125137,1372.948732,11456.027835,1774,110.875,222010,226316,47357,calib_c1 20261008-130316-m7-c1; i>=80 linear extrap
20261010-054330-d4-sim,2026-10-10T05:49:46+00:00,toolagent,0.5,91650,11.6,nfs,OPT-BELADY,BELADY,NEED,opt,11428.551405,1219.375,11306.988867,0,0.0,226316,226316,39481,calib_c1 20261008-130316-m7-c1; i>=80 linear extrap
20261010-054330-d4-sim,2026-10-10T05:49:47+00:00,toolagent,0.5,91650,11.6,nfs,OPT-COST,COSTBELADY,NEED,opt,11428.551405,1219.375,11306.988867,0,0.0,226316,226316,39481,calib_c1 20261008-130316-m7-c1; i>=80 linear extrap
