run_id,ts,trace,cpu_frac,cpu_cap_blocks,cpu_gibps,ssd,policy,cpu_policy,ssd_rule,klass,ttft_total_s,ttft_reuse_s,ttft_cake_s,ssd_write_blocks,ssd_write_GiB,cpu_hits,reuse_accesses,cpu_inserts,f_source,gpu_blocks,gpu_hits
20261010-055332-d4-sim2,2026-10-10T05:53:36+00:00,conversation,0.1,18279,3.69,local,LRU+WT,LRU,WT,deferred,11695.355471,946.387455,11525.023209,182790,11424.375,80323,105710,208177,calib_c1 20261008-130316-m7-c1; i>=80 linear extrap,0,0
20261010-055332-d4-sim2,2026-10-10T05:53:36+00:00,conversation,0.1,18279,3.69,local,LRU+WB,LRU,WB,deferred,12220.193069,1471.225053,11840.442845,167727,10482.9375,80323,105710,208177,calib_c1 20261008-130316-m7-c1; i>=80 linear extrap,0,0
20261010-055332-d4-sim2,2026-10-10T05:53:37+00:00,conversation,0.1,18279,3.69,local,LRU+WB2,LRU,WB2,deferred,12991.259034,2242.291018,12589.075396,39564,2472.75,80323,105710,208177,calib_c1 20261008-130316-m7-c1; i>=80 linear extrap,0,0
20261010-055332-d4-sim2,2026-10-10T05:53:37+00:00,conversation,0.1,18279,3.69,local,LRU+H2,LRU,H2,deferred,12661.279213,1912.311196,12393.72438,44144,2759.0,80323,105710,208177,calib_c1 20261008-130316-m7-c1; i>=80 linear extrap,0,0
20261010-055332-d4-sim2,2026-10-10T05:53:37+00:00,conversation,0.1,18279,3.69,local,LRU+NONE,LRU,NONE,deferred,13662.261777,2913.29376,13264.514023,0,0.0,80323,105710,208177,calib_c1 20261008-130316-m7-c1; i>=80 linear extrap,0,0
20261010-055332-d4-sim2,2026-10-10T05:53:37+00:00,conversation,0.1,18279,3.69,local,2HIT+WT,2HIT,WT,deferred,11695.355471,946.387455,11525.023209,182790,11424.375,61286,105710,44424,calib_c1 20261008-130316-m7-c1; i>=80 linear extrap,0,0
20261010-055332-d4-sim2,2026-10-10T05:53:38+00:00,conversation,0.1,18279,3.69,local,2HIT+WB,2HIT,WB,deferred,11695.355471,946.387455,11525.023209,182790,11424.375,61286,105710,44424,calib_c1 20261008-130316-m7-c1; i>=80 linear extrap,0,0
20261010-055332-d4-sim2,2026-10-10T05:53:38+00:00,conversation,0.1,18279,3.69,local,2HIT+WB2,2HIT,WB2,deferred,14227.49453,3478.526514,13822.193338,26140,1633.75,61286,105710,44424,calib_c1 20261008-130316-m7-c1; i>=80 linear extrap,0,0
20261010-055332-d4-sim2,2026-10-10T05:53:38+00:00,conversation,0.1,18279,3.69,local,2HIT+H2,2HIT,H2,deferred,13738.629324,2989.661308,13533.46874,44144,2759.0,61286,105710,44424,calib_c1 20261008-130316-m7-c1; i>=80 linear extrap,0,0
20261010-055332-d4-sim2,2026-10-10T05:53:39+00:00,conversation,0.1,18279,3.69,local,2HIT+NONE,2HIT,NONE,deferred,14237.586837,3488.618821,13832.979125,0,0.0,61286,105710,44424,calib_c1 20261008-130316-m7-c1; i>=80 linear extrap,0,0
20261010-055332-d4-sim2,2026-10-10T05:53:39+00:00,conversation,0.1,18279,3.69,local,SLRU+WT,SLRU,WT,deferred,11695.355471,946.387455,11525.023209,182790,11424.375,59629,105710,228871,calib_c1 20261008-130316-m7-c1; i>=80 linear extrap,0,0
20261010-055332-d4-sim2,2026-10-10T05:53:39+00:00,conversation,0.1,18279,3.69,local,SLRU+WB,SLRU,WB,deferred,12097.535597,1348.567581,11766.929126,168779,10548.6875,59629,105710,228871,calib_c1 20261008-130316-m7-c1; i>=80 linear extrap,0,0
20261010-055332-d4-sim2,2026-10-10T05:53:40+00:00,conversation,0.1,18279,3.69,local,SLRU+WB2,SLRU,WB2,deferred,13493.022383,2744.054367,13115.841619,29881,1867.5625,59629,105710,228871,calib_c1 20261008-130316-m7-c1; i>=80 linear extrap,0,0
20261010-055332-d4-sim2,2026-10-10T05:53:40+00:00,conversation,0.1,18279,3.69,local,SLRU+H2,SLRU,H2,deferred,13156.590687,2407.622671,12914.468598,44144,2759.0,59629,105710,228871,calib_c1 20261008-130316-m7-c1; i>=80 linear extrap,0,0
20261010-055332-d4-sim2,2026-10-10T05:53:40+00:00,conversation,0.1,18279,3.69,local,SLRU+NONE,SLRU,NONE,deferred,14337.298698,3588.330682,13984.134837,0,0.0,59629,105710,228871,calib_c1 20261008-130316-m7-c1; i>=80 linear extrap,0,0
20261010-055332-d4-sim2,2026-10-10T05:53:40+00:00,conversation,0.1,18279,3.69,local,ARC+WT,ARC,WT,deferred,11695.355471,946.387455,11525.023209,182790,11424.375,82006,105710,206494,calib_c1 20261008-130316-m7-c1; i>=80 linear extrap,0,0
20261010-055332-d4-sim2,2026-10-10T05:53:41+00:00,conversation,0.1,18279,3.69,local,ARC+WB,ARC,WB,deferred,12226.365468,1477.397452,11843.142472,168069,10504.3125,82006,105710,206494,calib_c1 20261008-130316-m7-c1; i>=80 linear extrap,0,0
20261010-055332-d4-sim2,2026-10-10T05:53:41+00:00,conversation,0.1,18279,3.69,local,ARC+WB2,ARC,WB2,deferred,13285.816321,2536.848305,12849.582544,36621,2288.8125,82006,105710,206494,calib_c1 20261008-130316-m7-c1; i>=80 linear extrap,0,0
20261010-055332-d4-sim2,2026-10-10T05:53:41+00:00,conversation,0.1,18279,3.69,local,ARC+H2,ARC,H2,deferred,12846.705604,2097.737588,12589.972132,44144,2759.0,82006,105710,206494,calib_c1 20261008-130316-m7-c1; i>=80 linear extrap,0,0
20261010-055332-d4-sim2,2026-10-10T05:53:42+00:00,conversation,0.1,18279,3.69,local,ARC+NONE,ARC,NONE,deferred,13490.970369,2742.002353,13051.972989,0,0.0,82006,105710,206494,calib_c1 20261008-130316-m7-c1; i>=80 linear extrap,0,0
20261010-055332-d4-sim2,2026-10-10T05:53:42+00:00,conversation,0.1,18279,3.69,local,S3FIFO+WT,S3FIFO,WT,deferred,11695.355471,946.387455,11525.023209,182790,11424.375,70300,105710,218200,calib_c1 20261008-130316-m7-c1; i>=80 linear extrap,0,0
20261010-055332-d4-sim2,2026-10-10T05:53:42+00:00,conversation,0.1,18279,3.69,local,S3FIFO+WB,S3FIFO,WB,deferred,12039.732235,1290.764219,11733.599535,178289,11143.0625,70300,105710,218200,calib_c1 20261008-130316-m7-c1; i>=80 linear extrap,0,0
20261010-055332-d4-sim2,2026-10-10T05:53:42+00:00,conversation,0.1,18279,3.69,local,S3FIFO+WB2,S3FIFO,WB2,deferred,13699.010971,2950.042955,13277.595137,28522,1782.625,70300,105710,218200,calib_c1 20261008-130316-m7-c1; i>=80 linear extrap,0,0
20261010-055332-d4-sim2,2026-10-10T05:53:43+00:00,conversation,0.1,18279,3.69,local,S3FIFO+H2,S3FIFO,H2,deferred,13254.662099,2505.694083,13015.958243,44144,2759.0,70300,105710,218200,calib_c1 20261008-130316-m7-c1; i>=80 linear extrap,0,0
20261010-055332-d4-sim2,2026-10-10T05:53:43+00:00,conversation,0.1,18279,3.69,local,S3FIFO+NONE,S3FIFO,NONE,deferred,13883.625943,3134.657927,13459.737876,0,0.0,70300,105710,218200,calib_c1 20261008-130316-m7-c1; i>=80 linear extrap,0,0
20261010-055332-d4-sim2,2026-10-10T05:53:43+00:00,conversation,0.1,18279,3.69,local,WTPa+WBR,WTPa,WBR,wtp_a,12539.449046,1790.48103,12026.610045,0,0.0,105710,105710,44144,calib_c1 20261008-130316-m7-c1; i>=80 linear extrap,0,0
20261010-055332-d4-sim2,2026-10-10T05:53:44+00:00,conversation,0.1,18279,3.69,local,WTPa+WTR,WTPa,WTR,wtp_a,11695.355471,946.387455,11525.023209,44144,2759.0,105710,105710,44144,calib_c1 20261008-130316-m7-c1; i>=80 linear extrap,0,0
20261010-055332-d4-sim2,2026-10-10T05:53:44+00:00,conversation,0.1,18279,3.69,local,WTPb+WB,WTPb,WB,wtp_b,12368.123043,1619.155027,11923.99713,165409,10338.0625,98835,105710,47112,calib_c1 20261008-130316-m7-c1; i>=80 linear extrap,0,0
20261010-055332-d4-sim2,2026-10-10T05:53:44+00:00,conversation,0.1,18279,3.69,local,OPT-BELADY,BELADY,NEED,opt,12539.449046,1790.48103,12026.610045,0,0.0,105710,105710,44144,calib_c1 20261008-130316-m7-c1; i>=80 linear extrap,0,0
20261010-055332-d4-sim2,2026-10-10T05:53:45+00:00,conversation,0.1,18279,3.69,local,OPT-COST,COSTBELADY,NEED,opt,11695.355471,946.387455,11525.023209,44144,2759.0,0,105710,0,calib_c1 20261008-130316-m7-c1; i>=80 linear extrap,0,0
20261010-055332-d4-sim2,2026-10-10T05:53:45+00:00,conversation,0.1,18279,3.69,local,KEVa+WBR,KEVa,WBR,kev_a,12539.449046,1790.48103,12026.610045,0,0.0,105710,105710,182790,calib_c1 20261008-130316-m7-c1; i>=80 linear extrap,0,0
20261010-055332-d4-sim2,2026-10-10T05:53:45+00:00,conversation,0.1,18279,3.69,local,KEVa+WB,KEVa,WB,kev_a,12539.449046,1790.48103,12026.610045,164511,10281.9375,105710,105710,182790,calib_c1 20261008-130316-m7-c1; i>=80 linear extrap,0,0
20261010-055332-d4-sim2,2026-10-10T05:53:45+00:00,conversation,0.1,18279,3.69,local,KEVb+WB,KEVb,WB,kev_b,12413.749291,1664.781275,11952.701905,165230,10326.875,102555,105710,185945,calib_c1 20261008-130316-m7-c1; i>=80 linear extrap,0,0
20261010-055332-d4-sim2,2026-10-10T05:53:46+00:00,conversation,0.1,18279,3.69,nfs,LRU+WT,LRU,WT,deferred,13655.995953,2907.027937,13201.616043,2479,154.9375,80323,105710,208177,calib_c1 20261008-130316-m7-c1; i>=80 linear extrap,0,0
20261010-055332-d4-sim2,2026-10-10T05:53:47+00:00,conversation,0.1,18279,3.69,nfs,LRU+WB,LRU,WB,deferred,13655.995953,2907.027937,13201.616043,2305,144.0625,80323,105710,208177,calib_c1 20261008-130316-m7-c1; i>=80 linear extrap,0,0
20261010-055332-d4-sim2,2026-10-10T05:53:47+00:00,conversation,0.1,18279,3.69,nfs,LRU+WB2,LRU,WB2,deferred,13660.78864,2911.820624,13247.372657,377,23.5625,80323,105710,208177,calib_c1 20261008-130316-m7-c1; i>=80 linear extrap,0,0
20261010-055332-d4-sim2,2026-10-10T05:53:47+00:00,conversation,0.1,18279,3.69,nfs,LRU+H2,LRU,H2,deferred,13660.78864,2911.820624,13247.372657,475,29.6875,80323,105710,208177,calib_c1 20261008-130316-m7-c1; i>=80 linear extrap,0,0
20261010-055332-d4-sim2,2026-10-10T05:53:48+00:00,conversation,0.1,18279,3.69,nfs,LRU+NONE,LRU,NONE,deferred,13662.261777,2913.29376,13264.514023,0,0.0,80323,105710,208177,calib_c1 20261008-130316-m7-c1; i>=80 linear extrap,0,0
20261010-055332-d4-sim2,2026-10-10T05:53:48+00:00,conversation,0.1,18279,3.69,nfs,2HIT+WT,2HIT,WT,deferred,14227.770778,3478.802762,13737.018172,2479,154.9375,61286,105710,44424,calib_c1 20261008-130316-m7-c1; i>=80 linear extrap,0,0
20261010-055332-d4-sim2,2026-10-10T05:53:48+00:00,conversation,0.1,18279,3.69,nfs,2HIT+WB,2HIT,WB,deferred,14227.770778,3478.802762,13737.018172,2479,154.9375,61286,105710,44424,calib_c1 20261008-130316-m7-c1; i>=80 linear extrap,0,0
20261010-055332-d4-sim2,2026-10-10T05:53:49+00:00,conversation,0.1,18279,3.69,nfs,2HIT+WB2,2HIT,WB2,deferred,14237.586837,3488.618821,13832.979125,303,18.9375,61286,105710,44424,calib_c1 20261008-130316-m7-c1; i>=80 linear extrap,0,0
20261010-055332-d4-sim2,2026-10-10T05:53:49+00:00,conversation,0.1,18279,3.69,nfs,2HIT+H2,2HIT,H2,deferred,14237.586837,3488.618821,13832.979125,475,29.6875,61286,105710,44424,calib_c1 20261008-130316-m7-c1; i>=80 linear extrap,0,0
20261010-055332-d4-sim2,2026-10-10T05:53:49+00:00,conversation,0.1,18279,3.69,nfs,2HIT+NONE,2HIT,NONE,deferred,14237.586837,3488.618821,13832.979125,0,0.0,61286,105710,44424,calib_c1 20261008-130316-m7-c1; i>=80 linear extrap,0,0
20261010-055332-d4-sim2,2026-10-10T05:53:49+00:00,conversation,0.1,18279,3.69,nfs,SLRU+WT,SLRU,WT,deferred,14329.973725,3581.005709,13912.238236,2479,154.9375,59629,105710,228871,calib_c1 20261008-130316-m7-c1; i>=80 linear extrap,0,0
20261010-055332-d4-sim2,2026-10-10T05:53:50+00:00,conversation,0.1,18279,3.69,nfs,SLRU+WB,SLRU,WB,deferred,14329.973725,3581.005709,13912.238236,2344,146.5,59629,105710,228871,calib_c1 20261008-130316-m7-c1; i>=80 linear extrap,0,0
20261010-055332-d4-sim2,2026-10-10T05:53:50+00:00,conversation,0.1,18279,3.69,nfs,SLRU+WB2,SLRU,WB2,deferred,14335.933473,3586.965457,13970.24492,345,21.5625,59629,105710,228871,calib_c1 20261008-130316-m7-c1; i>=80 linear extrap,0,0
20261010-055332-d4-sim2,2026-10-10T05:53:50+00:00,conversation,0.1,18279,3.69,nfs,SLRU+H2,SLRU,H2,deferred,14335.933473,3586.965457,13970.24492,475,29.6875,59629,105710,228871,calib_c1 20261008-130316-m7-c1; i>=80 linear extrap,0,0
20261010-055332-d4-sim2,2026-10-10T05:53:51+00:00,conversation,0.1,18279,3.69,nfs,SLRU+NONE,SLRU,NONE,deferred,14337.298698,3588.330682,13984.134837,0,0.0,59629,105710,228871,calib_c1 20261008-130316-m7-c1; i>=80 linear extrap,0,0
20261010-055332-d4-sim2,2026-10-10T05:53:51+00:00,conversation,0.1,18279,3.69,nfs,ARC+WT,ARC,WT,deferred,13484.861415,2735.893399,12995.745705,2479,154.9375,82006,105710,206494,calib_c1 20261008-130316-m7-c1; i>=80 linear extrap,0,0
20261010-055332-d4-sim2,2026-10-10T05:53:51+00:00,conversation,0.1,18279,3.69,nfs,ARC+WB,ARC,WB,deferred,13484.861415,2735.893399,12995.745705,2367,147.9375,82006,105710,206494,calib_c1 20261008-130316-m7-c1; i>=80 linear extrap,0,0
20261010-055332-d4-sim2,2026-10-10T05:53:51+00:00,conversation,0.1,18279,3.69,nfs,ARC+WB2,ARC,WB2,deferred,13489.654102,2740.686086,13040.58609,367,22.9375,82006,105710,206494,calib_c1 20261008-130316-m7-c1; i>=80 linear extrap,0,0
20261010-055332-d4-sim2,2026-10-10T05:53:52+00:00,conversation,0.1,18279,3.69,nfs,ARC+H2,ARC,H2,deferred,13489.654102,2740.686086,13040.58609,475,29.6875,82006,105710,206494,calib_c1 20261008-130316-m7-c1; i>=80 linear extrap,0,0
20261010-055332-d4-sim2,2026-10-10T05:53:52+00:00,conversation,0.1,18279,3.69,nfs,ARC+NONE,ARC,NONE,deferred,13490.970369,2742.002353,13051.972989,0,0.0,82006,105710,206494,calib_c1 20261008-130316-m7-c1; i>=80 linear extrap,0,0
20261010-055332-d4-sim2,2026-10-10T05:53:52+00:00,conversation,0.1,18279,3.69,nfs,S3FIFO+WT,S3FIFO,WT,deferred,13876.349928,3127.381912,13391.252677,2479,154.9375,70300,105710,218200,calib_c1 20261008-130316-m7-c1; i>=80 linear extrap,0,0
20261010-055332-d4-sim2,2026-10-10T05:53:53+00:00,conversation,0.1,18279,3.69,nfs,S3FIFO+WB,S3FIFO,WB,deferred,13876.349928,3127.381912,13391.252677,2414,150.875,70300,105710,218200,calib_c1 20261008-130316-m7-c1; i>=80 linear extrap,0,0
20261010-055332-d4-sim2,2026-10-10T05:53:53+00:00,conversation,0.1,18279,3.69,nfs,S3FIFO+WB2,S3FIFO,WB2,deferred,13882.309676,3133.34166,13448.350977,391,24.4375,70300,105710,218200,calib_c1 20261008-130316-m7-c1; i>=80 linear extrap,0,0
20261010-055332-d4-sim2,2026-10-10T05:53:53+00:00,conversation,0.1,18279,3.69,nfs,S3FIFO+H2,S3FIFO,H2,deferred,13882.309676,3133.34166,13448.350977,475,29.6875,70300,105710,218200,calib_c1 20261008-130316-m7-c1; i>=80 linear extrap,0,0
20261010-055332-d4-sim2,2026-10-10T05:53:54+00:00,conversation,0.1,18279,3.69,nfs,S3FIFO+NONE,S3FIFO,NONE,deferred,13883.625943,3134.657927,13459.737876,0,0.0,70300,105710,218200,calib_c1 20261008-130316-m7-c1; i>=80 linear extrap,0,0
20261010-055332-d4-sim2,2026-10-10T05:53:54+00:00,conversation,0.1,18279,3.69,nfs,WTPa+WBR,WTPa,WBR,wtp_a,12539.449046,1790.48103,12026.610045,0,0.0,105710,105710,44144,calib_c1 20261008-130316-m7-c1; i>=80 linear extrap,0,0
20261010-055332-d4-sim2,2026-10-10T05:53:54+00:00,conversation,0.1,18279,3.69,nfs,WTPa+WTR,WTPa,WTR,wtp_a,12539.449046,1790.48103,12026.610045,475,29.6875,105710,105710,44144,calib_c1 20261008-130316-m7-c1; i>=80 linear extrap,0,0
20261010-055332-d4-sim2,2026-10-10T05:53:54+00:00,conversation,0.1,18279,3.69,nfs,WTPb+WB,WTPb,WB,wtp_b,12748.892443,1999.924427,12259.117302,2302,143.875,98835,105710,47112,calib_c1 20261008-130316-m7-c1; i>=80 linear extrap,0,0
20261010-055332-d4-sim2,2026-10-10T05:53:55+00:00,conversation,0.1,18279,3.69,nfs,OPT-BELADY,BELADY,NEED,opt,12539.449046,1790.48103,12026.610045,0,0.0,105710,105710,44144,calib_c1 20261008-130316-m7-c1; i>=80 linear extrap,0,0
20261010-055332-d4-sim2,2026-10-10T05:53:55+00:00,conversation,0.1,18279,3.69,nfs,OPT-COST,COSTBELADY,NEED,opt,12539.449046,1790.48103,12026.610045,0,0.0,105710,105710,44144,calib_c1 20261008-130316-m7-c1; i>=80 linear extrap,0,0
20261010-055332-d4-sim2,2026-10-10T05:53:55+00:00,conversation,0.1,18279,3.69,nfs,KEVa+WBR,KEVa,WBR,kev_a,12539.449046,1790.48103,12026.610045,0,0.0,105710,105710,182790,calib_c1 20261008-130316-m7-c1; i>=80 linear extrap,0,0
20261010-055332-d4-sim2,2026-10-10T05:53:56+00:00,conversation,0.1,18279,3.69,nfs,KEVa+WB,KEVa,WB,kev_a,12539.449046,1790.48103,12026.610045,2260,141.25,105710,105710,182790,calib_c1 20261008-130316-m7-c1; i>=80 linear extrap,0,0
20261010-055332-d4-sim2,2026-10-10T05:53:56+00:00,conversation,0.1,18279,3.69,nfs,KEVb+WB,KEVb,WB,kev_b,12639.373381,1890.405365,12133.124591,2249,140.5625,102555,105710,185945,calib_c1 20261008-130316-m7-c1; i>=80 linear extrap,0,0
20261010-055332-d4-sim2,2026-10-10T05:53:57+00:00,conversation,0.1,18279,11.6,local,LRU+WT,LRU,WT,deferred,11409.024404,660.056388,11318.372794,182790,11424.375,80323,105710,208177,calib_c1 20261008-130316-m7-c1; i>=80 linear extrap,0,0
20261010-055332-d4-sim2,2026-10-10T05:53:57+00:00,conversation,0.1,18279,11.6,local,LRU+WB,LRU,WB,deferred,11409.024404,660.056388,11318.372794,167727,10482.9375,80323,105710,208177,calib_c1 20261008-130316-m7-c1; i>=80 linear extrap,0,0
20261010-055332-d4-sim2,2026-10-10T05:53:58+00:00,conversation,0.1,18279,11.6,local,LRU+WB2,LRU,WB2,deferred,12135.574035,1386.606019,12042.916853,39564,2472.75,80323,105710,208177,calib_c1 20261008-130316-m7-c1; i>=80 linear extrap,0,0
20261010-055332-d4-sim2,2026-10-10T05:53:58+00:00,conversation,0.1,18279,11.6,local,LRU+H2,LRU,H2,deferred,12135.574035,1386.606019,12042.916853,44144,2759.0,80323,105710,208177,calib_c1 20261008-130316-m7-c1; i>=80 linear extrap,0,0
20261010-055332-d4-sim2,2026-10-10T05:53:58+00:00,conversation,0.1,18279,11.6,local,LRU+NONE,LRU,NONE,deferred,12734.552144,1985.584128,12679.044788,0,0.0,80323,105710,208177,calib_c1 20261008-130316-m7-c1; i>=80 linear extrap,0,0
20261010-055332-d4-sim2,2026-10-10T05:53:58+00:00,conversation,0.1,18279,11.6,local,2HIT+WT,2HIT,WT,deferred,11476.886468,727.918452,11369.76404,182790,11424.375,61286,105710,44424,calib_c1 20261008-130316-m7-c1; i>=80 linear extrap,0,0
20261010-055332-d4-sim2,2026-10-10T05:53:59+00:00,conversation,0.1,18279,11.6,local,2HIT+WB,2HIT,WB,deferred,11476.886468,727.918452,11369.76404,182790,11424.375,61286,105710,44424,calib_c1 20261008-130316-m7-c1; i>=80 linear extrap,0,0
20261010-055332-d4-sim2,2026-10-10T05:53:59+00:00,conversation,0.1,18279,11.6,local,2HIT+WB2,2HIT,WB2,deferred,13520.160321,2771.192305,13384.671561,26140,1633.75,61286,105710,44424,calib_c1 20261008-130316-m7-c1; i>=80 linear extrap,0,0
20261010-055332-d4-sim2,2026-10-10T05:53:59+00:00,conversation,0.1,18279,11.6,local,2HIT+H2,2HIT,H2,deferred,13520.160321,2771.192305,13384.671561,44144,2759.0,61286,105710,44424,calib_c1 20261008-130316-m7-c1; i>=80 linear extrap,0,0
20261010-055332-d4-sim2,2026-10-10T05:54:00+00:00,conversation,0.1,18279,11.6,local,2HIT+NONE,2HIT,NONE,deferred,13529.749573,2780.781557,13395.225516,0,0.0,61286,105710,44424,calib_c1 20261008-130316-m7-c1; i>=80 linear extrap,0,0
20261010-055332-d4-sim2,2026-10-10T05:54:00+00:00,conversation,0.1,18279,11.6,local,SLRU+WT,SLRU,WT,deferred,11482.793251,733.825235,11373.361928,182790,11424.375,59629,105710,228871,calib_c1 20261008-130316-m7-c1; i>=80 linear extrap,0,0
20261010-055332-d4-sim2,2026-10-10T05:54:00+00:00,conversation,0.1,18279,11.6,local,SLRU+WB,SLRU,WB,deferred,11482.793251,733.825235,11373.361928,168779,10548.6875,59629,105710,228871,calib_c1 20261008-130316-m7-c1; i>=80 linear extrap,0,0
20261010-055332-d4-sim2,2026-10-10T05:54:01+00:00,conversation,0.1,18279,11.6,local,SLRU+WB2,SLRU,WB2,deferred,12824.772602,2075.804586,12691.539135,29881,1867.5625,59629,105710,228871,calib_c1 20261008-130316-m7-c1; i>=80 linear extrap,0,0
20261010-055332-d4-sim2,2026-10-10T05:54:01+00:00,conversation,0.1,18279,11.6,local,SLRU+H2,SLRU,H2,deferred,12824.772602,2075.804586,12691.539135,44144,2759.0,59629,105710,228871,calib_c1 20261008-130316-m7-c1; i>=80 linear extrap,0,0
20261010-055332-d4-sim2,2026-10-10T05:54:01+00:00,conversation,0.1,18279,11.6,local,SLRU+NONE,SLRU,NONE,deferred,13648.59935,2899.631334,13562.465569,0,0.0,59629,105710,228871,calib_c1 20261008-130316-m7-c1; i>=80 linear extrap,0,0
20261010-055332-d4-sim2,2026-10-10T05:54:01+00:00,conversation,0.1,18279,11.6,local,ARC+WT,ARC,WT,deferred,11403.024937,654.056921,11314.501374,182790,11424.375,82006,105710,206494,calib_c1 20261008-130316-m7-c1; i>=80 linear extrap,0,0
20261010-055332-d4-sim2,2026-10-10T05:54:02+00:00,conversation,0.1,18279,11.6,local,ARC+WB,ARC,WB,deferred,11403.024937,654.056921,11314.501374,168069,10504.3125,82006,105710,206494,calib_c1 20261008-130316-m7-c1; i>=80 linear extrap,0,0
20261010-055332-d4-sim2,2026-10-10T05:54:02+00:00,conversation,0.1,18279,11.6,local,ARC+WB2,ARC,WB2,deferred,12364.32426,1615.356244,12265.678439,36621,2288.8125,82006,105710,206494,calib_c1 20261008-130316-m7-c1; i>=80 linear extrap,0,0
20261010-055332-d4-sim2,2026-10-10T05:54:02+00:00,conversation,0.1,18279,11.6,local,ARC+H2,ARC,H2,deferred,12364.32426,1615.356244,12265.678439,44144,2759.0,82006,105710,206494,calib_c1 20261008-130316-m7-c1; i>=80 linear extrap,0,0
20261010-055332-d4-sim2,2026-10-10T05:54:03+00:00,conversation,0.1,18279,11.6,local,ARC+NONE,ARC,NONE,deferred,12543.822527,1794.854511,12454.092006,0,0.0,82006,105710,206494,calib_c1 20261008-130316-m7-c1; i>=80 linear extrap,0,0
20261010-055332-d4-sim2,2026-10-10T05:54:03+00:00,conversation,0.1,18279,11.6,local,S3FIFO+WT,S3FIFO,WT,deferred,11444.75385,695.785834,11345.889117,182790,11424.375,70300,105710,218200,calib_c1 20261008-130316-m7-c1; i>=80 linear extrap,0,0
20261010-055332-d4-sim2,2026-10-10T05:54:03+00:00,conversation,0.1,18279,11.6,local,S3FIFO+WB,S3FIFO,WB,deferred,11444.75385,695.785834,11345.889117,178289,11143.0625,70300,105710,218200,calib_c1 20261008-130316-m7-c1; i>=80 linear extrap,0,0
20261010-055332-d4-sim2,2026-10-10T05:54:04+00:00,conversation,0.1,18279,11.6,local,S3FIFO+WB2,S3FIFO,WB2,deferred,12910.196889,2161.228873,12784.448372,28522,1782.625,70300,105710,218200,calib_c1 20261008-130316-m7-c1; i>=80 linear extrap,0,0
20261010-055332-d4-sim2,2026-10-10T05:54:04+00:00,conversation,0.1,18279,11.6,local,S3FIFO+H2,S3FIFO,H2,deferred,12910.196889,2161.228873,12784.448372,44144,2759.0,70300,105710,218200,calib_c1 20261008-130316-m7-c1; i>=80 linear extrap,0,0
20261010-055332-d4-sim2,2026-10-10T05:54:04+00:00,conversation,0.1,18279,11.6,local,S3FIFO+NONE,S3FIFO,NONE,deferred,13071.679337,2322.711321,12953.461056,0,0.0,70300,105710,218200,calib_c1 20261008-130316-m7-c1; i>=80 linear extrap,0,0
20261010-055332-d4-sim2,2026-10-10T05:54:04+00:00,conversation,0.1,18279,11.6,local,WTPa+WBR,WTPa,WBR,wtp_a,11318.526206,569.55819,11252.359085,0,0.0,105710,105710,44144,calib_c1 20261008-130316-m7-c1; i>=80 linear extrap,0,0
20261010-055332-d4-sim2,2026-10-10T05:54:05+00:00,conversation,0.1,18279,11.6,local,WTPa+WTR,WTPa,WTR,wtp_a,11318.526206,569.55819,11252.359085,44144,2759.0,105710,105710,44144,calib_c1 20261008-130316-m7-c1; i>=80 linear extrap,0,0
20261010-055332-d4-sim2,2026-10-10T05:54:05+00:00,conversation,0.1,18279,11.6,local,WTPb+WB,WTPb,WB,wtp_b,11343.033832,594.065816,11270.502421,165409,10338.0625,98835,105710,47112,calib_c1 20261008-130316-m7-c1; i>=80 linear extrap,0,0
20261010-055332-d4-sim2,2026-10-10T05:54:05+00:00,conversation,0.1,18279,11.6,local,OPT-BELADY,BELADY,NEED,opt,11318.526206,569.55819,11252.359085,0,0.0,105710,105710,44144,calib_c1 20261008-130316-m7-c1; i>=80 linear extrap,0,0
20261010-055332-d4-sim2,2026-10-10T05:54:06+00:00,conversation,0.1,18279,11.6,local,OPT-COST,COSTBELADY,NEED,opt,11318.526206,569.55819,11252.359085,0,0.0,105710,105710,44144,calib_c1 20261008-130316-m7-c1; i>=80 linear extrap,0,0
20261010-055332-d4-sim2,2026-10-10T05:54:06+00:00,conversation,0.1,18279,11.6,local,KEVa+WBR,KEVa,WBR,kev_a,11318.526206,569.55819,11252.359085,0,0.0,105710,105710,182790,calib_c1 20261008-130316-m7-c1; i>=80 linear extrap,0,0
20261010-055332-d4-sim2,2026-10-10T05:54:06+00:00,conversation,0.1,18279,11.6,local,KEVa+WB,KEVa,WB,kev_a,11318.526206,569.55819,11252.359085,164511,10281.9375,105710,105710,182790,calib_c1 20261008-130316-m7-c1; i>=80 linear extrap,0,0
20261010-055332-d4-sim2,2026-10-10T05:54:07+00:00,conversation,0.1,18279,11.6,local,KEVb+WB,KEVb,WB,kev_b,11329.772978,580.804962,11260.757214,165230,10326.875,102555,105710,185945,calib_c1 20261008-130316-m7-c1; i>=80 linear extrap,0,0
20261010-055332-d4-sim2,2026-10-10T05:54:08+00:00,conversation,0.1,18279,11.6,nfs,LRU+WT,LRU,WT,deferred,12728.28632,1979.318304,12616.146808,2479,154.9375,80323,105710,208177,calib_c1 20261008-130316-m7-c1; i>=80 linear extrap,0,0
20261010-055332-d4-sim2,2026-10-10T05:54:08+00:00,conversation,0.1,18279,11.6,nfs,LRU+WB,LRU,WB,deferred,12728.28632,1979.318304,12616.146808,2305,144.0625,80323,105710,208177,calib_c1 20261008-130316-m7-c1; i>=80 linear extrap,0,0
20261010-055332-d4-sim2,2026-10-10T05:54:08+00:00,conversation,0.1,18279,11.6,nfs,LRU+WB2,LRU,WB2,deferred,12733.079007,1984.110991,12661.903422,377,23.5625,80323,105710,208177,calib_c1 20261008-130316-m7-c1; i>=80 linear extrap,0,0
20261010-055332-d4-sim2,2026-10-10T05:54:09+00:00,conversation,0.1,18279,11.6,nfs,LRU+H2,LRU,H2,deferred,12733.079007,1984.110991,12661.903422,475,29.6875,80323,105710,208177,calib_c1 20261008-130316-m7-c1; i>=80 linear extrap,0,0
20261010-055332-d4-sim2,2026-10-10T05:54:09+00:00,conversation,0.1,18279,11.6,nfs,LRU+NONE,LRU,NONE,deferred,12734.552144,1985.584128,12679.044788,0,0.0,80323,105710,208177,calib_c1 20261008-130316-m7-c1; i>=80 linear extrap,0,0
20261010-055332-d4-sim2,2026-10-10T05:54:09+00:00,conversation,0.1,18279,11.6,nfs,2HIT+WT,2HIT,WT,deferred,13519.933514,2770.965498,13299.659192,2479,154.9375,61286,105710,44424,calib_c1 20261008-130316-m7-c1; i>=80 linear extrap,0,0
20261010-055332-d4-sim2,2026-10-10T05:54:09+00:00,conversation,0.1,18279,11.6,nfs,2HIT+WB,2HIT,WB,deferred,13519.933514,2770.965498,13299.659192,2479,154.9375,61286,105710,44424,calib_c1 20261008-130316-m7-c1; i>=80 linear extrap,0,0
20261010-055332-d4-sim2,2026-10-10T05:54:10+00:00,conversation,0.1,18279,11.6,nfs,2HIT+WB2,2HIT,WB2,deferred,13529.749573,2780.781557,13395.225516,303,18.9375,61286,105710,44424,calib_c1 20261008-130316-m7-c1; i>=80 linear extrap,0,0
20261010-055332-d4-sim2,2026-10-10T05:54:10+00:00,conversation,0.1,18279,11.6,nfs,2HIT+H2,2HIT,H2,deferred,13529.749573,2780.781557,13395.225516,475,29.6875,61286,105710,44424,calib_c1 20261008-130316-m7-c1; i>=80 linear extrap,0,0
20261010-055332-d4-sim2,2026-10-10T05:54:10+00:00,conversation,0.1,18279,11.6,nfs,2HIT+NONE,2HIT,NONE,deferred,13529.749573,2780.781557,13395.225516,0,0.0,61286,105710,44424,calib_c1 20261008-130316-m7-c1; i>=80 linear extrap,0,0
20261010-055332-d4-sim2,2026-10-10T05:54:11+00:00,conversation,0.1,18279,11.6,nfs,SLRU+WT,SLRU,WT,deferred,13641.274377,2892.306361,13490.682617,2479,154.9375,59629,105710,228871,calib_c1 20261008-130316-m7-c1; i>=80 linear extrap,0,0
20261010-055332-d4-sim2,2026-10-10T05:54:11+00:00,conversation,0.1,18279,11.6,nfs,SLRU+WB,SLRU,WB,deferred,13641.274377,2892.306361,13490.682617,2344,146.5,59629,105710,228871,calib_c1 20261008-130316-m7-c1; i>=80 linear extrap,0,0
20261010-055332-d4-sim2,2026-10-10T05:54:11+00:00,conversation,0.1,18279,11.6,nfs,SLRU+WB2,SLRU,WB2,deferred,13647.234125,2898.266109,13548.610332,345,21.5625,59629,105710,228871,calib_c1 20261008-130316-m7-c1; i>=80 linear extrap,0,0
20261010-055332-d4-sim2,2026-10-10T05:54:11+00:00,conversation,0.1,18279,11.6,nfs,SLRU+H2,SLRU,H2,deferred,13647.234125,2898.266109,13548.610332,475,29.6875,59629,105710,228871,calib_c1 20261008-130316-m7-c1; i>=80 linear extrap,0,0
20261010-055332-d4-sim2,2026-10-10T05:54:12+00:00,conversation,0.1,18279,11.6,nfs,SLRU+NONE,SLRU,NONE,deferred,13648.59935,2899.631334,13562.465569,0,0.0,59629,105710,228871,calib_c1 20261008-130316-m7-c1; i>=80 linear extrap,0,0
20261010-055332-d4-sim2,2026-10-10T05:54:12+00:00,conversation,0.1,18279,11.6,nfs,ARC+WT,ARC,WT,deferred,12537.713572,1788.745556,12398.022565,2479,154.9375,82006,105710,206494,calib_c1 20261008-130316-m7-c1; i>=80 linear extrap,0,0
20261010-055332-d4-sim2,2026-10-10T05:54:12+00:00,conversation,0.1,18279,11.6,nfs,ARC+WB,ARC,WB,deferred,12537.713572,1788.745556,12398.022565,2367,147.9375,82006,105710,206494,calib_c1 20261008-130316-m7-c1; i>=80 linear extrap,0,0
20261010-055332-d4-sim2,2026-10-10T05:54:13+00:00,conversation,0.1,18279,11.6,nfs,ARC+WB2,ARC,WB2,deferred,12542.50626,1793.538244,12442.739787,367,22.9375,82006,105710,206494,calib_c1 20261008-130316-m7-c1; i>=80 linear extrap,0,0
20261010-055332-d4-sim2,2026-10-10T05:54:13+00:00,conversation,0.1,18279,11.6,nfs,ARC+H2,ARC,H2,deferred,12542.50626,1793.538244,12442.739787,475,29.6875,82006,105710,206494,calib_c1 20261008-130316-m7-c1; i>=80 linear extrap,0,0
20261010-055332-d4-sim2,2026-10-10T05:54:13+00:00,conversation,0.1,18279,11.6,nfs,ARC+NONE,ARC,NONE,deferred,12543.822527,1794.854511,12454.092006,0,0.0,82006,105710,206494,calib_c1 20261008-130316-m7-c1; i>=80 linear extrap,0,0
20261010-055332-d4-sim2,2026-10-10T05:54:14+00:00,conversation,0.1,18279,11.6,nfs,S3FIFO+WT,S3FIFO,WT,deferred,13064.403323,2315.435307,12885.202377,2479,154.9375,70300,105710,218200,calib_c1 20261008-130316-m7-c1; i>=80 linear extrap,0,0
20261010-055332-d4-sim2,2026-10-10T05:54:14+00:00,conversation,0.1,18279,11.6,nfs,S3FIFO+WB,S3FIFO,WB,deferred,13064.403323,2315.435307,12885.202377,2414,150.875,70300,105710,218200,calib_c1 20261008-130316-m7-c1; i>=80 linear extrap,0,0
20261010-055332-d4-sim2,2026-10-10T05:54:14+00:00,conversation,0.1,18279,11.6,nfs,S3FIFO+WB2,S3FIFO,WB2,deferred,13070.363071,2321.395054,12942.108837,391,24.4375,70300,105710,218200,calib_c1 20261008-130316-m7-c1; i>=80 linear extrap,0,0
20261010-055332-d4-sim2,2026-10-10T05:54:14+00:00,conversation,0.1,18279,11.6,nfs,S3FIFO+H2,S3FIFO,H2,deferred,13070.363071,2321.395054,12942.108837,475,29.6875,70300,105710,218200,calib_c1 20261008-130316-m7-c1; i>=80 linear extrap,0,0
20261010-055332-d4-sim2,2026-10-10T05:54:15+00:00,conversation,0.1,18279,11.6,nfs,S3FIFO+NONE,S3FIFO,NONE,deferred,13071.679337,2322.711321,12953.461056,0,0.0,70300,105710,218200,calib_c1 20261008-130316-m7-c1; i>=80 linear extrap,0,0
20261010-055332-d4-sim2,2026-10-10T05:54:15+00:00,conversation,0.1,18279,11.6,nfs,WTPa+WBR,WTPa,WBR,wtp_a,11318.526206,569.55819,11252.359085,0,0.0,105710,105710,44144,calib_c1 20261008-130316-m7-c1; i>=80 linear extrap,0,0
20261010-055332-d4-sim2,2026-10-10T05:54:15+00:00,conversation,0.1,18279,11.6,nfs,WTPa+WTR,WTPa,WTR,wtp_a,11318.526206,569.55819,11252.359085,475,29.6875,105710,105710,44144,calib_c1 20261008-130316-m7-c1; i>=80 linear extrap,0,0
20261010-055332-d4-sim2,2026-10-10T05:54:16+00:00,conversation,0.1,18279,11.6,nfs,WTPb+WB,WTPb,WB,wtp_b,11607.374054,858.406038,11538.300288,2302,143.875,98835,105710,47112,calib_c1 20261008-130316-m7-c1; i>=80 linear extrap,0,0
20261010-055332-d4-sim2,2026-10-10T05:54:16+00:00,conversation,0.1,18279,11.6,nfs,OPT-BELADY,BELADY,NEED,opt,11318.526206,569.55819,11252.359085,0,0.0,105710,105710,44144,calib_c1 20261008-130316-m7-c1; i>=80 linear extrap,0,0
20261010-055332-d4-sim2,2026-10-10T05:54:16+00:00,conversation,0.1,18279,11.6,nfs,OPT-COST,COSTBELADY,NEED,opt,11318.526206,569.55819,11252.359085,0,0.0,105710,105710,44144,calib_c1 20261008-130316-m7-c1; i>=80 linear extrap,0,0
20261010-055332-d4-sim2,2026-10-10T05:54:17+00:00,conversation,0.1,18279,11.6,nfs,KEVa+WBR,KEVa,WBR,kev_a,11318.526206,569.55819,11252.359085,0,0.0,105710,105710,182790,calib_c1 20261008-130316-m7-c1; i>=80 linear extrap,0,0
20261010-055332-d4-sim2,2026-10-10T05:54:17+00:00,conversation,0.1,18279,11.6,nfs,KEVa+WB,KEVa,WB,kev_a,11318.526206,569.55819,11252.359085,2260,141.25,105710,105710,182790,calib_c1 20261008-130316-m7-c1; i>=80 linear extrap,0,0
20261010-055332-d4-sim2,2026-10-10T05:54:17+00:00,conversation,0.1,18279,11.6,nfs,KEVb+WB,KEVb,WB,kev_b,11454.889966,705.92195,11384.815346,2249,140.5625,102555,105710,185945,calib_c1 20261008-130316-m7-c1; i>=80 linear extrap,0,0
20261010-055332-d4-sim2,2026-10-10T05:54:20+00:00,conversation,0.25,45697,3.69,local,LRU+WT,LRU,WT,deferred,11695.355471,946.387455,11525.023209,182790,11424.375,101978,105710,186522,calib_c1 20261008-130316-m7-c1; i>=80 linear extrap,0,0
20261010-055332-d4-sim2,2026-10-10T05:54:20+00:00,conversation,0.25,45697,3.69,local,LRU+WB,LRU,WB,deferred,12502.821885,1753.853868,12004.831907,139085,8692.8125,101978,105710,186522,calib_c1 20261008-130316-m7-c1; i>=80 linear extrap,0,0
20261010-055332-d4-sim2,2026-10-10T05:54:21+00:00,conversation,0.25,45697,3.69,local,LRU+WB2,LRU,WB2,deferred,12679.806148,1930.838132,12183.223901,30677,1917.3125,101978,105710,186522,calib_c1 20261008-130316-m7-c1; i>=80 linear extrap,0,0
20261010-055332-d4-sim2,2026-10-10T05:54:21+00:00,conversation,0.25,45697,3.69,local,LRU+H2,LRU,H2,deferred,12197.887886,1448.919869,11900.104487,44144,2759.0,101978,105710,186522,calib_c1 20261008-130316-m7-c1; i>=80 linear extrap,0,0
20261010-055332-d4-sim2,2026-10-10T05:54:21+00:00,conversation,0.25,45697,3.69,local,LRU+NONE,LRU,NONE,deferred,12723.764351,1974.796335,12228.166962,0,0.0,101978,105710,186522,calib_c1 20261008-130316-m7-c1; i>=80 linear extrap,0,0
20261010-055332-d4-sim2,2026-10-10T05:54:22+00:00,conversation,0.25,45697,3.69,local,2HIT+WT,2HIT,WT,deferred,11695.355471,946.387455,11525.023209,182790,11424.375,61566,105710,44144,calib_c1 20261008-130316-m7-c1; i>=80 linear extrap,0,0
20261010-055332-d4-sim2,2026-10-10T05:54:22+00:00,conversation,0.25,45697,3.69,local,2HIT+WB,2HIT,WB,deferred,11695.355471,946.387455,11525.023209,182790,11424.375,61566,105710,44144,calib_c1 20261008-130316-m7-c1; i>=80 linear extrap,0,0
20261010-055332-d4-sim2,2026-10-10T05:54:22+00:00,conversation,0.25,45697,3.69,local,2HIT+WB2,2HIT,WB2,deferred,14230.233383,3481.265367,13823.786853,0,0.0,61566,105710,44144,calib_c1 20261008-130316-m7-c1; i>=80 linear extrap,0,0
20261010-055332-d4-sim2,2026-10-10T05:54:22+00:00,conversation,0.25,45697,3.69,local,2HIT+H2,2HIT,H2,deferred,13738.629324,2989.661308,13533.46874,44144,2759.0,61566,105710,44144,calib_c1 20261008-130316-m7-c1; i>=80 linear extrap,0,0
20261010-055332-d4-sim2,2026-10-10T05:54:23+00:00,conversation,0.25,45697,3.69,local,2HIT+NONE,2HIT,NONE,deferred,14230.233383,3481.265367,13823.786853,0,0.0,61566,105710,44144,calib_c1 20261008-130316-m7-c1; i>=80 linear extrap,0,0
20261010-055332-d4-sim2,2026-10-10T05:54:23+00:00,conversation,0.25,45697,3.69,local,SLRU+WT,SLRU,WT,deferred,11695.355471,946.387455,11525.023209,182790,11424.375,97050,105710,191450,calib_c1 20261008-130316-m7-c1; i>=80 linear extrap,0,0
20261010-055332-d4-sim2,2026-10-10T05:54:23+00:00,conversation,0.25,45697,3.69,local,SLRU+WB,SLRU,WB,deferred,12455.510803,1706.542787,11976.90522,139502,8718.875,97050,105710,191450,calib_c1 20261008-130316-m7-c1; i>=80 linear extrap,0,0
20261010-055332-d4-sim2,2026-10-10T05:54:24+00:00,conversation,0.25,45697,3.69,local,SLRU+WB2,SLRU,WB2,deferred,12894.72152,2145.753504,12409.33775,5571,348.1875,97050,105710,191450,calib_c1 20261008-130316-m7-c1; i>=80 linear extrap,0,0
20261010-055332-d4-sim2,2026-10-10T05:54:24+00:00,conversation,0.25,45697,3.69,local,SLRU+H2,SLRU,H2,deferred,12410.575444,1661.607428,12125.201066,44144,2759.0,97050,105710,191450,calib_c1 20261008-130316-m7-c1; i>=80 linear extrap,0,0
20261010-055332-d4-sim2,2026-10-10T05:54:24+00:00,conversation,0.25,45697,3.69,local,SLRU+NONE,SLRU,NONE,deferred,12958.417864,2209.449848,12474.126921,0,0.0,97050,105710,191450,calib_c1 20261008-130316-m7-c1; i>=80 linear extrap,0,0
20261010-055332-d4-sim2,2026-10-10T05:54:24+00:00,conversation,0.25,45697,3.69,local,ARC+WT,ARC,WT,deferred,11695.355471,946.387455,11525.023209,182790,11424.375,96784,105710,191716,calib_c1 20261008-130316-m7-c1; i>=80 linear extrap,0,0
20261010-055332-d4-sim2,2026-10-10T05:54:25+00:00,conversation,0.25,45697,3.69,local,ARC+WB,ARC,WB,deferred,12444.755018,1695.787002,11970.512967,144562,9035.125,96784,105710,191716,calib_c1 20261008-130316-m7-c1; i>=80 linear extrap,0,0
20261010-055332-d4-sim2,2026-10-10T05:54:25+00:00,conversation,0.25,45697,3.69,local,ARC+WB2,ARC,WB2,deferred,12938.113992,2189.145976,12452.427745,5532,345.75,96784,105710,191716,calib_c1 20261008-130316-m7-c1; i>=80 linear extrap,0,0
20261010-055332-d4-sim2,2026-10-10T05:54:25+00:00,conversation,0.25,45697,3.69,local,ARC+H2,ARC,H2,deferred,12447.811488,1698.843472,12164.038921,44144,2759.0,96784,105710,191716,calib_c1 20261008-130316-m7-c1; i>=80 linear extrap,0,0
20261010-055332-d4-sim2,2026-10-10T05:54:26+00:00,conversation,0.25,45697,3.69,local,ARC+NONE,ARC,NONE,deferred,12949.198827,2200.230811,12463.822798,0,0.0,96784,105710,191716,calib_c1 20261008-130316-m7-c1; i>=80 linear extrap,0,0
20261010-055332-d4-sim2,2026-10-10T05:54:26+00:00,conversation,0.25,45697,3.69,local,S3FIFO+WT,S3FIFO,WT,deferred,11695.355471,946.387455,11525.023209,182790,11424.375,96314,105710,192186,calib_c1 20261008-130316-m7-c1; i>=80 linear extrap,0,0
20261010-055332-d4-sim2,2026-10-10T05:54:26+00:00,conversation,0.25,45697,3.69,local,S3FIFO+WB,S3FIFO,WB,deferred,12436.690175,1687.722159,11965.813718,145405,9087.8125,96314,105710,192186,calib_c1 20261008-130316-m7-c1; i>=80 linear extrap,0,0
20261010-055332-d4-sim2,2026-10-10T05:54:27+00:00,conversation,0.25,45697,3.69,local,S3FIFO+WB2,S3FIFO,WB2,deferred,12959.21681,2210.248794,12474.366122,2872,179.5,96314,105710,192186,calib_c1 20261008-130316-m7-c1; i>=80 linear extrap,0,0
20261010-055332-d4-sim2,2026-10-10T05:54:27+00:00,conversation,0.25,45697,3.69,local,S3FIFO+H2,S3FIFO,H2,deferred,12467.820361,1718.852345,12185.187711,44144,2759.0,96314,105710,192186,calib_c1 20261008-130316-m7-c1; i>=80 linear extrap,0,0
20261010-055332-d4-sim2,2026-10-10T05:54:27+00:00,conversation,0.25,45697,3.69,local,S3FIFO+NONE,S3FIFO,NONE,deferred,12959.690977,2210.722961,12474.813444,0,0.0,96314,105710,192186,calib_c1 20261008-130316-m7-c1; i>=80 linear extrap,0,0
20261010-055332-d4-sim2,2026-10-10T05:54:27+00:00,conversation,0.25,45697,3.69,local,WTPa+WBR,WTPa,WBR,wtp_a,12539.449046,1790.48103,12026.610045,0,0.0,105710,105710,44144,calib_c1 20261008-130316-m7-c1; i>=80 linear extrap,0,0
20261010-055332-d4-sim2,2026-10-10T05:54:28+00:00,conversation,0.25,45697,3.69,local,WTPa+WTR,WTPa,WTR,wtp_a,11695.355471,946.387455,11525.023209,44144,2759.0,105710,105710,44144,calib_c1 20261008-130316-m7-c1; i>=80 linear extrap,0,0
20261010-055332-d4-sim2,2026-10-10T05:54:28+00:00,conversation,0.25,45697,3.69,local,WTPb+WB,WTPb,WB,wtp_b,12389.227379,1640.259363,11936.166585,138066,8629.125,100990,105710,46710,calib_c1 20261008-130316-m7-c1; i>=80 linear extrap,0,0
20261010-055332-d4-sim2,2026-10-10T05:54:28+00:00,conversation,0.25,45697,3.69,local,OPT-BELADY,BELADY,NEED,opt,12539.449046,1790.48103,12026.610045,0,0.0,105710,105710,44144,calib_c1 20261008-130316-m7-c1; i>=80 linear extrap,0,0
20261010-055332-d4-sim2,2026-10-10T05:54:29+00:00,conversation,0.25,45697,3.69,local,OPT-COST,COSTBELADY,NEED,opt,11695.355471,946.387455,11525.023209,44144,2759.0,0,105710,0,calib_c1 20261008-130316-m7-c1; i>=80 linear extrap,0,0
20261010-055332-d4-sim2,2026-10-10T05:54:29+00:00,conversation,0.25,45697,3.69,local,KEVa+WBR,KEVa,WBR,kev_a,12539.449046,1790.48103,12026.610045,0,0.0,105710,105710,182790,calib_c1 20261008-130316-m7-c1; i>=80 linear extrap,0,0
20261010-055332-d4-sim2,2026-10-10T05:54:29+00:00,conversation,0.25,45697,3.69,local,KEVa+WB,KEVa,WB,kev_a,12539.449046,1790.48103,12026.610045,137093,8568.3125,105710,105710,182790,calib_c1 20261008-130316-m7-c1; i>=80 linear extrap,0,0
20261010-055332-d4-sim2,2026-10-10T05:54:30+00:00,conversation,0.25,45697,3.69,local,KEVb+WB,KEVb,WB,kev_b,12443.006304,1694.038288,11968.597266,137730,8608.125,105073,105710,183427,calib_c1 20261008-130316-m7-c1; i>=80 linear extrap,0,0
20261010-055332-d4-sim2,2026-10-10T05:54:30+00:00,conversation,0.25,45697,3.69,nfs,LRU+WT,LRU,WT,deferred,12722.404551,1973.436535,12214.536862,2479,154.9375,101978,105710,186522,calib_c1 20261008-130316-m7-c1; i>=80 linear extrap,0,0
20261010-055332-d4-sim2,2026-10-10T05:54:30+00:00,conversation,0.25,45697,3.69,nfs,LRU+WB,LRU,WB,deferred,12722.404551,1973.436535,12214.536862,1938,121.125,101978,105710,186522,calib_c1 20261008-130316-m7-c1; i>=80 linear extrap,0,0
20261010-055332-d4-sim2,2026-10-10T05:54:31+00:00,conversation,0.25,45697,3.69,nfs,LRU+WB2,LRU,WB2,deferred,12723.764351,1974.796335,12228.166962,353,22.0625,101978,105710,186522,calib_c1 20261008-130316-m7-c1; i>=80 linear extrap,0,0
20261010-055332-d4-sim2,2026-10-10T05:54:31+00:00,conversation,0.25,45697,3.69,nfs,LRU+H2,LRU,H2,deferred,12723.764351,1974.796335,12228.166962,475,29.6875,101978,105710,186522,calib_c1 20261008-130316-m7-c1; i>=80 linear extrap,0,0
20261010-055332-d4-sim2,2026-10-10T05:54:31+00:00,conversation,0.25,45697,3.69,nfs,LRU+NONE,LRU,NONE,deferred,12723.764351,1974.796335,12228.166962,0,0.0,101978,105710,186522,calib_c1 20261008-130316-m7-c1; i>=80 linear extrap,0,0
20261010-055332-d4-sim2,2026-10-10T05:54:31+00:00,conversation,0.25,45697,3.69,nfs,2HIT+WT,2HIT,WT,deferred,14220.417323,3471.449307,13727.8259,2479,154.9375,61566,105710,44144,calib_c1 20261008-130316-m7-c1; i>=80 linear extrap,0,0
20261010-055332-d4-sim2,2026-10-10T05:54:32+00:00,conversation,0.25,45697,3.69,nfs,2HIT+WB,2HIT,WB,deferred,14220.417323,3471.449307,13727.8259,2479,154.9375,61566,105710,44144,calib_c1 20261008-130316-m7-c1; i>=80 linear extrap,0,0
20261010-055332-d4-sim2,2026-10-10T05:54:32+00:00,conversation,0.25,45697,3.69,nfs,2HIT+WB2,2HIT,WB2,deferred,14230.233383,3481.265367,13823.786853,0,0.0,61566,105710,44144,calib_c1 20261008-130316-m7-c1; i>=80 linear extrap,0,0
20261010-055332-d4-sim2,2026-10-10T05:54:32+00:00,conversation,0.25,45697,3.69,nfs,2HIT+H2,2HIT,H2,deferred,14230.233383,3481.265367,13823.786853,475,29.6875,61566,105710,44144,calib_c1 20261008-130316-m7-c1; i>=80 linear extrap,0,0
20261010-055332-d4-sim2,2026-10-10T05:54:33+00:00,conversation,0.25,45697,3.69,nfs,2HIT+NONE,2HIT,NONE,deferred,14230.233383,3481.265367,13823.786853,0,0.0,61566,105710,44144,calib_c1 20261008-130316-m7-c1; i>=80 linear extrap,0,0
20261010-055332-d4-sim2,2026-10-10T05:54:33+00:00,conversation,0.25,45697,3.69,nfs,SLRU+WT,SLRU,WT,deferred,12952.333241,2203.365225,12417.687994,2479,154.9375,97050,105710,191450,calib_c1 20261008-130316-m7-c1; i>=80 linear extrap,0,0
20261010-055332-d4-sim2,2026-10-10T05:54:33+00:00,conversation,0.25,45697,3.69,nfs,SLRU+WB,SLRU,WB,deferred,12952.333241,2203.365225,12417.687994,2154,134.625,97050,105710,191450,calib_c1 20261008-130316-m7-c1; i>=80 linear extrap,0,0
20261010-055332-d4-sim2,2026-10-10T05:54:34+00:00,conversation,0.25,45697,3.69,nfs,SLRU+WB2,SLRU,WB2,deferred,12957.113763,2208.145747,12462.629031,118,7.375,97050,105710,191450,calib_c1 20261008-130316-m7-c1; i>=80 linear extrap,0,0
20261010-055332-d4-sim2,2026-10-10T05:54:34+00:00,conversation,0.25,45697,3.69,nfs,SLRU+H2,SLRU,H2,deferred,12957.113763,2208.145747,12462.629031,475,29.6875,97050,105710,191450,calib_c1 20261008-130316-m7-c1; i>=80 linear extrap,0,0
20261010-055332-d4-sim2,2026-10-10T05:54:34+00:00,conversation,0.25,45697,3.69,nfs,SLRU+NONE,SLRU,NONE,deferred,12958.417864,2209.449848,12474.126921,0,0.0,97050,105710,191450,calib_c1 20261008-130316-m7-c1; i>=80 linear extrap,0,0
20261010-055332-d4-sim2,2026-10-10T05:54:34+00:00,conversation,0.25,45697,3.69,nfs,ARC+WT,ARC,WT,deferred,12944.418305,2195.450289,12419.240121,2479,154.9375,96784,105710,191716,calib_c1 20261008-130316-m7-c1; i>=80 linear extrap,0,0
20261010-055332-d4-sim2,2026-10-10T05:54:35+00:00,conversation,0.25,45697,3.69,nfs,ARC+WB,ARC,WB,deferred,12944.418305,2195.450289,12419.240121,2279,142.4375,96784,105710,191716,calib_c1 20261008-130316-m7-c1; i>=80 linear extrap,0,0
20261010-055332-d4-sim2,2026-10-10T05:54:35+00:00,conversation,0.25,45697,3.69,nfs,ARC+WB2,ARC,WB2,deferred,12949.198827,2200.230811,12463.822798,125,7.8125,96784,105710,191716,calib_c1 20261008-130316-m7-c1; i>=80 linear extrap,0,0
20261010-055332-d4-sim2,2026-10-10T05:54:35+00:00,conversation,0.25,45697,3.69,nfs,ARC+H2,ARC,H2,deferred,12949.198827,2200.230811,12463.822798,475,29.6875,96784,105710,191716,calib_c1 20261008-130316-m7-c1; i>=80 linear extrap,0,0
20261010-055332-d4-sim2,2026-10-10T05:54:36+00:00,conversation,0.25,45697,3.69,nfs,ARC+NONE,ARC,NONE,deferred,12949.198827,2200.230811,12463.822798,0,0.0,96784,105710,191716,calib_c1 20261008-130316-m7-c1; i>=80 linear extrap,0,0
20261010-055332-d4-sim2,2026-10-10T05:54:36+00:00,conversation,0.25,45697,3.69,nfs,S3FIFO+WT,S3FIFO,WT,deferred,12954.910455,2205.942438,12430.230767,2479,154.9375,96314,105710,192186,calib_c1 20261008-130316-m7-c1; i>=80 linear extrap,0,0
20261010-055332-d4-sim2,2026-10-10T05:54:36+00:00,conversation,0.25,45697,3.69,nfs,S3FIFO+WB,S3FIFO,WB,deferred,12954.910455,2205.942438,12430.230767,2210,138.125,96314,105710,192186,calib_c1 20261008-130316-m7-c1; i>=80 linear extrap,0,0
20261010-055332-d4-sim2,2026-10-10T05:54:37+00:00,conversation,0.25,45697,3.69,nfs,S3FIFO+WB2,S3FIFO,WB2,deferred,12959.690977,2210.722961,12474.813444,54,3.375,96314,105710,192186,calib_c1 20261008-130316-m7-c1; i>=80 linear extrap,0,0
20261010-055332-d4-sim2,2026-10-10T05:54:37+00:00,conversation,0.25,45697,3.69,nfs,S3FIFO+H2,S3FIFO,H2,deferred,12959.690977,2210.722961,12474.813444,475,29.6875,96314,105710,192186,calib_c1 20261008-130316-m7-c1; i>=80 linear extrap,0,0
20261010-055332-d4-sim2,2026-10-10T05:54:37+00:00,conversation,0.25,45697,3.69,nfs,S3FIFO+NONE,S3FIFO,NONE,deferred,12959.690977,2210.722961,12474.813444,0,0.0,96314,105710,192186,calib_c1 20261008-130316-m7-c1; i>=80 linear extrap,0,0
20261010-055332-d4-sim2,2026-10-10T05:54:37+00:00,conversation,0.25,45697,3.69,nfs,WTPa+WBR,WTPa,WBR,wtp_a,12539.449046,1790.48103,12026.610045,0,0.0,105710,105710,44144,calib_c1 20261008-130316-m7-c1; i>=80 linear extrap,0,0
20261010-055332-d4-sim2,2026-10-10T05:54:38+00:00,conversation,0.25,45697,3.69,nfs,WTPa+WTR,WTPa,WTR,wtp_a,12539.449046,1790.48103,12026.610045,475,29.6875,105710,105710,44144,calib_c1 20261008-130316-m7-c1; i>=80 linear extrap,0,0
20261010-055332-d4-sim2,2026-10-10T05:54:38+00:00,conversation,0.25,45697,3.69,nfs,WTPb+WB,WTPb,WB,wtp_b,12660.619655,1911.651639,12161.924604,1981,123.8125,100990,105710,46710,calib_c1 20261008-130316-m7-c1; i>=80 linear extrap,0,0
20261010-055332-d4-sim2,2026-10-10T05:54:38+00:00,conversation,0.25,45697,3.69,nfs,OPT-BELADY,BELADY,NEED,opt,12539.449046,1790.48103,12026.610045,0,0.0,105710,105710,44144,calib_c1 20261008-130316-m7-c1; i>=80 linear extrap,0,0
20261010-055332-d4-sim2,2026-10-10T05:54:39+00:00,conversation,0.25,45697,3.69,nfs,OPT-COST,COSTBELADY,NEED,opt,12539.449046,1790.48103,12026.610045,0,0.0,105710,105710,44144,calib_c1 20261008-130316-m7-c1; i>=80 linear extrap,0,0
20261010-055332-d4-sim2,2026-10-10T05:54:39+00:00,conversation,0.25,45697,3.69,nfs,KEVa+WBR,KEVa,WBR,kev_a,12539.449046,1790.48103,12026.610045,0,0.0,105710,105710,182790,calib_c1 20261008-130316-m7-c1; i>=80 linear extrap,0,0
20261010-055332-d4-sim2,2026-10-10T05:54:39+00:00,conversation,0.25,45697,3.69,nfs,KEVa+WB,KEVa,WB,kev_a,12539.449046,1790.48103,12026.610045,1862,116.375,105710,105710,182790,calib_c1 20261008-130316-m7-c1; i>=80 linear extrap,0,0
20261010-055332-d4-sim2,2026-10-10T05:54:40+00:00,conversation,0.25,45697,3.69,nfs,KEVb+WB,KEVb,WB,kev_b,12560.926558,1811.958542,12049.545358,1934,120.875,105073,105710,183427,calib_c1 20261008-130316-m7-c1; i>=80 linear extrap,0,0
20261010-055332-d4-sim2,2026-10-10T05:54:40+00:00,conversation,0.25,45697,11.6,local,LRU+WT,LRU,WT,deferred,11331.829837,582.861821,11262.095445,182790,11424.375,101978,105710,186522,calib_c1 20261008-130316-m7-c1; i>=80 linear extrap,0,0
20261010-055332-d4-sim2,2026-10-10T05:54:40+00:00,conversation,0.25,45697,11.6,local,LRU+WB,LRU,WB,deferred,11331.829837,582.861821,11262.095445,139085,8692.8125,101978,105710,186522,calib_c1 20261008-130316-m7-c1; i>=80 linear extrap,0,0
20261010-055332-d4-sim2,2026-10-10T05:54:41+00:00,conversation,0.25,45697,11.6,local,LRU+WB2,LRU,WB2,deferred,11504.550114,755.582098,11437.924084,30677,1917.3125,101978,105710,186522,calib_c1 20261008-130316-m7-c1; i>=80 linear extrap,0,0
20261010-055332-d4-sim2,2026-10-10T05:54:41+00:00,conversation,0.25,45697,11.6,local,LRU+H2,LRU,H2,deferred,11504.550114,755.582098,11437.924084,44144,2759.0,101978,105710,186522,calib_c1 20261008-130316-m7-c1; i>=80 linear extrap,0,0
20261010-055332-d4-sim2,2026-10-10T05:54:41+00:00,conversation,0.25,45697,11.6,local,LRU+NONE,LRU,NONE,deferred,11545.945134,796.977118,11481.65785,0,0.0,101978,105710,186522,calib_c1 20261008-130316-m7-c1; i>=80 linear extrap,0,0
20261010-055332-d4-sim2,2026-10-10T05:54:41+00:00,conversation,0.25,45697,11.6,local,2HIT+WT,2HIT,WT,deferred,11475.888339,726.920323,11369.043785,182790,11424.375,61566,105710,44144,calib_c1 20261008-130316-m7-c1; i>=80 linear extrap,0,0
20261010-055332-d4-sim2,2026-10-10T05:54:42+00:00,conversation,0.25,45697,11.6,local,2HIT+WB,2HIT,WB,deferred,11475.888339,726.920323,11369.043785,182790,11424.375,61566,105710,44144,calib_c1 20261008-130316-m7-c1; i>=80 linear extrap,0,0
20261010-055332-d4-sim2,2026-10-10T05:54:42+00:00,conversation,0.25,45697,11.6,local,2HIT+WB2,2HIT,WB2,deferred,13519.162192,2770.194176,13383.998705,0,0.0,61566,105710,44144,calib_c1 20261008-130316-m7-c1; i>=80 linear extrap,0,0
20261010-055332-d4-sim2,2026-10-10T05:54:42+00:00,conversation,0.25,45697,11.6,local,2HIT+H2,2HIT,H2,deferred,13519.162192,2770.194176,13383.998705,44144,2759.0,61566,105710,44144,calib_c1 20261008-130316-m7-c1; i>=80 linear extrap,0,0
20261010-055332-d4-sim2,2026-10-10T05:54:43+00:00,conversation,0.25,45697,11.6,local,2HIT+NONE,2HIT,NONE,deferred,13519.162192,2770.194176,13383.998705,0,0.0,61566,105710,44144,calib_c1 20261008-130316-m7-c1; i>=80 linear extrap,0,0
20261010-055332-d4-sim2,2026-10-10T05:54:43+00:00,conversation,0.25,45697,11.6,local,SLRU+WT,SLRU,WT,deferred,11349.396903,600.428887,11275.249819,182790,11424.375,97050,105710,191450,calib_c1 20261008-130316-m7-c1; i>=80 linear extrap,0,0
20261010-055332-d4-sim2,2026-10-10T05:54:43+00:00,conversation,0.25,45697,11.6,local,SLRU+WB,SLRU,WB,deferred,11349.396903,600.428887,11275.249819,139502,8718.875,97050,105710,191450,calib_c1 20261008-130316-m7-c1; i>=80 linear extrap,0,0
20261010-055332-d4-sim2,2026-10-10T05:54:44+00:00,conversation,0.25,45697,11.6,local,SLRU+WB2,SLRU,WB2,deferred,11774.066948,1025.098932,11700.48195,5571,348.1875,97050,105710,191450,calib_c1 20261008-130316-m7-c1; i>=80 linear extrap,0,0
20261010-055332-d4-sim2,2026-10-10T05:54:44+00:00,conversation,0.25,45697,11.6,local,SLRU+H2,SLRU,H2,deferred,11774.066948,1025.098932,11700.48195,44144,2759.0,97050,105710,191450,calib_c1 20261008-130316-m7-c1; i>=80 linear extrap,0,0
20261010-055332-d4-sim2,2026-10-10T05:54:44+00:00,conversation,0.25,45697,11.6,local,SLRU+NONE,SLRU,NONE,deferred,11837.515758,1088.547742,11765.311238,0,0.0,97050,105710,191450,calib_c1 20261008-130316-m7-c1; i>=80 linear extrap,0,0
20261010-055332-d4-sim2,2026-10-10T05:54:44+00:00,conversation,0.25,45697,11.6,local,ARC+WT,ARC,WT,deferred,11350.345126,601.37711,11275.953601,182790,11424.375,96784,105710,191716,calib_c1 20261008-130316-m7-c1; i>=80 linear extrap,0,0
20261010-055332-d4-sim2,2026-10-10T05:54:45+00:00,conversation,0.25,45697,11.6,local,ARC+WB,ARC,WB,deferred,11350.345126,601.37711,11275.953601,144562,9035.125,96784,105710,191716,calib_c1 20261008-130316-m7-c1; i>=80 linear extrap,0,0
20261010-055332-d4-sim2,2026-10-10T05:54:45+00:00,conversation,0.25,45697,11.6,local,ARC+WB2,ARC,WB2,deferred,11820.379937,1071.41192,11744.988896,5532,345.75,96784,105710,191716,calib_c1 20261008-130316-m7-c1; i>=80 linear extrap,0,0
20261010-055332-d4-sim2,2026-10-10T05:54:45+00:00,conversation,0.25,45697,11.6,local,ARC+H2,ARC,H2,deferred,11820.379937,1071.41192,11744.988896,44144,2759.0,96784,105710,191716,calib_c1 20261008-130316-m7-c1; i>=80 linear extrap,0,0
20261010-055332-d4-sim2,2026-10-10T05:54:46+00:00,conversation,0.25,45697,11.6,local,ARC+NONE,ARC,NONE,deferred,11831.368952,1082.400936,11756.341971,0,0.0,96784,105710,191716,calib_c1 20261008-130316-m7-c1; i>=80 linear extrap,0,0
20261010-055332-d4-sim2,2026-10-10T05:54:46+00:00,conversation,0.25,45697,11.6,local,S3FIFO+WT,S3FIFO,WT,deferred,11352.020556,603.05254,11277.187278,182790,11424.375,96314,105710,192186,calib_c1 20261008-130316-m7-c1; i>=80 linear extrap,0,0
20261010-055332-d4-sim2,2026-10-10T05:54:46+00:00,conversation,0.25,45697,11.6,local,S3FIFO+WB,S3FIFO,WB,deferred,11352.020556,603.05254,11277.187278,145405,9087.8125,96314,105710,192186,calib_c1 20261008-130316-m7-c1; i>=80 linear extrap,0,0
20261010-055332-d4-sim2,2026-10-10T05:54:47+00:00,conversation,0.25,45697,11.6,local,S3FIFO+WB2,S3FIFO,WB2,deferred,11846.903146,1097.93513,11770.50253,2872,179.5,96314,105710,192186,calib_c1 20261008-130316-m7-c1; i>=80 linear extrap,0,0
20261010-055332-d4-sim2,2026-10-10T05:54:47+00:00,conversation,0.25,45697,11.6,local,S3FIFO+H2,S3FIFO,H2,deferred,11846.903146,1097.93513,11770.50253,44144,2759.0,96314,105710,192186,calib_c1 20261008-130316-m7-c1; i>=80 linear extrap,0,0
20261010-055332-d4-sim2,2026-10-10T05:54:47+00:00,conversation,0.25,45697,11.6,local,S3FIFO+NONE,S3FIFO,NONE,deferred,11847.289478,1098.321462,11770.910112,0,0.0,96314,105710,192186,calib_c1 20261008-130316-m7-c1; i>=80 linear extrap,0,0
20261010-055332-d4-sim2,2026-10-10T05:54:48+00:00,conversation,0.25,45697,11.6,local,WTPa+WBR,WTPa,WBR,wtp_a,11318.526206,569.55819,11252.359085,0,0.0,105710,105710,44144,calib_c1 20261008-130316-m7-c1; i>=80 linear extrap,0,0
20261010-055332-d4-sim2,2026-10-10T05:54:48+00:00,conversation,0.25,45697,11.6,local,WTPa+WTR,WTPa,WTR,wtp_a,11318.526206,569.55819,11252.359085,44144,2759.0,105710,105710,44144,calib_c1 20261008-130316-m7-c1; i>=80 linear extrap,0,0
20261010-055332-d4-sim2,2026-10-10T05:54:48+00:00,conversation,0.25,45697,11.6,local,WTPb+WB,WTPb,WB,wtp_b,11335.351805,586.383789,11264.971406,138066,8629.125,100990,105710,46710,calib_c1 20261008-130316-m7-c1; i>=80 linear extrap,0,0
20261010-055332-d4-sim2,2026-10-10T05:54:48+00:00,conversation,0.25,45697,11.6,local,OPT-BELADY,BELADY,NEED,opt,11318.526206,569.55819,11252.359085,0,0.0,105710,105710,44144,calib_c1 20261008-130316-m7-c1; i>=80 linear extrap,0,0
20261010-055332-d4-sim2,2026-10-10T05:54:49+00:00,conversation,0.25,45697,11.6,local,OPT-COST,COSTBELADY,NEED,opt,11318.526206,569.55819,11252.359085,0,0.0,105710,105710,44144,calib_c1 20261008-130316-m7-c1; i>=80 linear extrap,0,0
20261010-055332-d4-sim2,2026-10-10T05:54:49+00:00,conversation,0.25,45697,11.6,local,KEVa+WBR,KEVa,WBR,kev_a,11318.526206,569.55819,11252.359085,0,0.0,105710,105710,182790,calib_c1 20261008-130316-m7-c1; i>=80 linear extrap,0,0
20261010-055332-d4-sim2,2026-10-10T05:54:49+00:00,conversation,0.25,45697,11.6,local,KEVa+WB,KEVa,WB,kev_a,11318.526206,569.55819,11252.359085,137093,8568.3125,105710,105710,182790,calib_c1 20261008-130316-m7-c1; i>=80 linear extrap,0,0
20261010-055332-d4-sim2,2026-10-10T05:54:50+00:00,conversation,0.25,45697,11.6,local,KEVb+WB,KEVb,WB,kev_b,11320.796949,571.828933,11254.052419,137730,8608.125,105073,105710,183427,calib_c1 20261008-130316-m7-c1; i>=80 linear extrap,0,0
20261010-055332-d4-sim2,2026-10-10T05:54:50+00:00,conversation,0.25,45697,11.6,nfs,LRU+WT,LRU,WT,deferred,11544.585335,795.617319,11468.02775,2479,154.9375,101978,105710,186522,calib_c1 20261008-130316-m7-c1; i>=80 linear extrap,0,0
20261010-055332-d4-sim2,2026-10-10T05:54:50+00:00,conversation,0.25,45697,11.6,nfs,LRU+WB,LRU,WB,deferred,11544.585335,795.617319,11468.02775,1938,121.125,101978,105710,186522,calib_c1 20261008-130316-m7-c1; i>=80 linear extrap,0,0
20261010-055332-d4-sim2,2026-10-10T05:54:51+00:00,conversation,0.25,45697,11.6,nfs,LRU+WB2,LRU,WB2,deferred,11545.945134,796.977118,11481.65785,353,22.0625,101978,105710,186522,calib_c1 20261008-130316-m7-c1; i>=80 linear extrap,0,0
20261010-055332-d4-sim2,2026-10-10T05:54:51+00:00,conversation,0.25,45697,11.6,nfs,LRU+H2,LRU,H2,deferred,11545.945134,796.977118,11481.65785,475,29.6875,101978,105710,186522,calib_c1 20261008-130316-m7-c1; i>=80 linear extrap,0,0
20261010-055332-d4-sim2,2026-10-10T05:54:51+00:00,conversation,0.25,45697,11.6,nfs,LRU+NONE,LRU,NONE,deferred,11545.945134,796.977118,11481.65785,0,0.0,101978,105710,186522,calib_c1 20261008-130316-m7-c1; i>=80 linear extrap,0,0
20261010-055332-d4-sim2,2026-10-10T05:54:52+00:00,conversation,0.25,45697,11.6,nfs,2HIT+WT,2HIT,WT,deferred,13509.346132,2760.378116,13288.432382,2479,154.9375,61566,105710,44144,calib_c1 20261008-130316-m7-c1; i>=80 linear extrap,0,0
20261010-055332-d4-sim2,2026-10-10T05:54:52+00:00,conversation,0.25,45697,11.6,nfs,2HIT+WB,2HIT,WB,deferred,13509.346132,2760.378116,13288.432382,2479,154.9375,61566,105710,44144,calib_c1 20261008-130316-m7-c1; i>=80 linear extrap,0,0
20261010-055332-d4-sim2,2026-10-10T05:54:52+00:00,conversation,0.25,45697,11.6,nfs,2HIT+WB2,2HIT,WB2,deferred,13519.162192,2770.194176,13383.998705,0,0.0,61566,105710,44144,calib_c1 20261008-130316-m7-c1; i>=80 linear extrap,0,0
20261010-055332-d4-sim2,2026-10-10T05:54:52+00:00,conversation,0.25,45697,11.6,nfs,2HIT+H2,2HIT,H2,deferred,13519.162192,2770.194176,13383.998705,475,29.6875,61566,105710,44144,calib_c1 20261008-130316-m7-c1; i>=80 linear extrap,0,0
20261010-055332-d4-sim2,2026-10-10T05:54:53+00:00,conversation,0.25,45697,11.6,nfs,2HIT+NONE,2HIT,NONE,deferred,13519.162192,2770.194176,13383.998705,0,0.0,61566,105710,44144,calib_c1 20261008-130316-m7-c1; i>=80 linear extrap,0,0
20261010-055332-d4-sim2,2026-10-10T05:54:53+00:00,conversation,0.25,45697,11.6,nfs,SLRU+WT,SLRU,WT,deferred,11831.431135,1082.463119,11708.946324,2479,154.9375,97050,105710,191450,calib_c1 20261008-130316-m7-c1; i>=80 linear extrap,0,0
20261010-055332-d4-sim2,2026-10-10T05:54:53+00:00,conversation,0.25,45697,11.6,nfs,SLRU+WB,SLRU,WB,deferred,11831.431135,1082.463119,11708.946324,2154,134.625,97050,105710,191450,calib_c1 20261008-130316-m7-c1; i>=80 linear extrap,0,0
20261010-055332-d4-sim2,2026-10-10T05:54:54+00:00,conversation,0.25,45697,11.6,nfs,SLRU+WB2,SLRU,WB2,deferred,11836.211657,1087.243641,11753.813348,118,7.375,97050,105710,191450,calib_c1 20261008-130316-m7-c1; i>=80 linear extrap,0,0
20261010-055332-d4-sim2,2026-10-10T05:54:54+00:00,conversation,0.25,45697,11.6,nfs,SLRU+H2,SLRU,H2,deferred,11836.211657,1087.243641,11753.813348,475,29.6875,97050,105710,191450,calib_c1 20261008-130316-m7-c1; i>=80 linear extrap,0,0
20261010-055332-d4-sim2,2026-10-10T05:54:54+00:00,conversation,0.25,45697,11.6,nfs,SLRU+NONE,SLRU,NONE,deferred,11837.515758,1088.547742,11765.311238,0,0.0,97050,105710,191450,calib_c1 20261008-130316-m7-c1; i>=80 linear extrap,0,0
20261010-055332-d4-sim2,2026-10-10T05:54:54+00:00,conversation,0.25,45697,11.6,nfs,ARC+WT,ARC,WT,deferred,11826.58843,1077.620413,11711.863342,2479,154.9375,96784,105710,191716,calib_c1 20261008-130316-m7-c1; i>=80 linear extrap,0,0
20261010-055332-d4-sim2,2026-10-10T05:54:55+00:00,conversation,0.25,45697,11.6,nfs,ARC+WB,ARC,WB,deferred,11826.58843,1077.620413,11711.863342,2279,142.4375,96784,105710,191716,calib_c1 20261008-130316-m7-c1; i>=80 linear extrap,0,0
20261010-055332-d4-sim2,2026-10-10T05:54:55+00:00,conversation,0.25,45697,11.6,nfs,ARC+WB2,ARC,WB2,deferred,11831.368952,1082.400936,11756.341971,125,7.8125,96784,105710,191716,calib_c1 20261008-130316-m7-c1; i>=80 linear extrap,0,0
20261010-055332-d4-sim2,2026-10-10T05:54:55+00:00,conversation,0.25,45697,11.6,nfs,ARC+H2,ARC,H2,deferred,11831.368952,1082.400936,11756.341971,475,29.6875,96784,105710,191716,calib_c1 20261008-130316-m7-c1; i>=80 linear extrap,0,0
20261010-055332-d4-sim2,2026-10-10T05:54:56+00:00,conversation,0.25,45697,11.6,nfs,ARC+NONE,ARC,NONE,deferred,11831.368952,1082.400936,11756.341971,0,0.0,96784,105710,191716,calib_c1 20261008-130316-m7-c1; i>=80 linear extrap,0,0
20261010-055332-d4-sim2,2026-10-10T05:54:56+00:00,conversation,0.25,45697,11.6,nfs,S3FIFO+WT,S3FIFO,WT,deferred,11842.508956,1093.54094,11726.431483,2479,154.9375,96314,105710,192186,calib_c1 20261008-130316-m7-c1; i>=80 linear extrap,0,0
20261010-055332-d4-sim2,2026-10-10T05:54:56+00:00,conversation,0.25,45697,11.6,nfs,S3FIFO+WB,S3FIFO,WB,deferred,11842.508956,1093.54094,11726.431483,2210,138.125,96314,105710,192186,calib_c1 20261008-130316-m7-c1; i>=80 linear extrap,0,0
20261010-055332-d4-sim2,2026-10-10T05:54:57+00:00,conversation,0.25,45697,11.6,nfs,S3FIFO+WB2,S3FIFO,WB2,deferred,11847.289478,1098.321462,11770.910112,54,3.375,96314,105710,192186,calib_c1 20261008-130316-m7-c1; i>=80 linear extrap,0,0
20261010-055332-d4-sim2,2026-10-10T05:54:57+00:00,conversation,0.25,45697,11.6,nfs,S3FIFO+H2,S3FIFO,H2,deferred,11847.289478,1098.321462,11770.910112,475,29.6875,96314,105710,192186,calib_c1 20261008-130316-m7-c1; i>=80 linear extrap,0,0
20261010-055332-d4-sim2,2026-10-10T05:54:57+00:00,conversation,0.25,45697,11.6,nfs,S3FIFO+NONE,S3FIFO,NONE,deferred,11847.289478,1098.321462,11770.910112,0,0.0,96314,105710,192186,calib_c1 20261008-130316-m7-c1; i>=80 linear extrap,0,0
20261010-055332-d4-sim2,2026-10-10T05:54:57+00:00,conversation,0.25,45697,11.6,nfs,WTPa+WBR,WTPa,WBR,wtp_a,11318.526206,569.55819,11252.359085,0,0.0,105710,105710,44144,calib_c1 20261008-130316-m7-c1; i>=80 linear extrap,0,0
20261010-055332-d4-sim2,2026-10-10T05:54:58+00:00,conversation,0.25,45697,11.6,nfs,WTPa+WTR,WTPa,WTR,wtp_a,11318.526206,569.55819,11252.359085,475,29.6875,105710,105710,44144,calib_c1 20261008-130316-m7-c1; i>=80 linear extrap,0,0
20261010-055332-d4-sim2,2026-10-10T05:54:58+00:00,conversation,0.25,45697,11.6,nfs,WTPb+WB,WTPb,WB,wtp_b,11494.211579,745.243563,11424.736599,1981,123.8125,100990,105710,46710,calib_c1 20261008-130316-m7-c1; i>=80 linear extrap,0,0
20261010-055332-d4-sim2,2026-10-10T05:54:58+00:00,conversation,0.25,45697,11.6,nfs,OPT-BELADY,BELADY,NEED,opt,11318.526206,569.55819,11252.359085,0,0.0,105710,105710,44144,calib_c1 20261008-130316-m7-c1; i>=80 linear extrap,0,0
20261010-055332-d4-sim2,2026-10-10T05:54:59+00:00,conversation,0.25,45697,11.6,nfs,OPT-COST,COSTBELADY,NEED,opt,11318.526206,569.55819,11252.359085,0,0.0,105710,105710,44144,calib_c1 20261008-130316-m7-c1; i>=80 linear extrap,0,0
20261010-055332-d4-sim2,2026-10-10T05:54:59+00:00,conversation,0.25,45697,11.6,nfs,KEVa+WBR,KEVa,WBR,kev_a,11318.526206,569.55819,11252.359085,0,0.0,105710,105710,182790,calib_c1 20261008-130316-m7-c1; i>=80 linear extrap,0,0
20261010-055332-d4-sim2,2026-10-10T05:54:59+00:00,conversation,0.25,45697,11.6,nfs,KEVa+WB,KEVa,WB,kev_a,11318.526206,569.55819,11252.359085,1862,116.375,105710,105710,182790,calib_c1 20261008-130316-m7-c1; i>=80 linear extrap,0,0
20261010-055332-d4-sim2,2026-10-10T05:55:00+00:00,conversation,0.25,45697,11.6,nfs,KEVb+WB,KEVb,WB,kev_b,11347.360901,598.392885,11280.291611,1934,120.875,105073,105710,183427,calib_c1 20261008-130316-m7-c1; i>=80 linear extrap,0,0
20261010-055332-d4-sim2,2026-10-10T05:55:02+00:00,conversation,0.5,91395,3.69,local,LRU+WT,LRU,WT,deferred,11695.355471,946.387455,11525.023209,182790,11424.375,104759,105710,183741,calib_c1 20261008-130316-m7-c1; i>=80 linear extrap,0,0
20261010-055332-d4-sim2,2026-10-10T05:55:02+00:00,conversation,0.5,91395,3.69,local,LRU+WB,LRU,WB,deferred,12530.721449,1781.753433,12021.543001,92346,5771.625,104759,105710,183741,calib_c1 20261008-130316-m7-c1; i>=80 linear extrap,0,0
20261010-055332-d4-sim2,2026-10-10T05:55:03+00:00,conversation,0.5,91395,3.69,local,LRU+WB2,LRU,WB2,deferred,12575.984516,1827.0165,12067.237655,19753,1234.5625,104759,105710,183741,calib_c1 20261008-130316-m7-c1; i>=80 linear extrap,0,0
20261010-055332-d4-sim2,2026-10-10T05:55:03+00:00,conversation,0.5,91395,3.69,local,LRU+H2,LRU,H2,deferred,12085.610147,1336.642131,11779.353088,44144,2759.0,104759,105710,183741,calib_c1 20261008-130316-m7-c1; i>=80 linear extrap,0,0
20261010-055332-d4-sim2,2026-10-10T05:55:03+00:00,conversation,0.5,91395,3.69,local,LRU+NONE,LRU,NONE,deferred,12581.434901,1832.466885,12073.066954,0,0.0,104759,105710,183741,calib_c1 20261008-130316-m7-c1; i>=80 linear extrap,0,0
20261010-055332-d4-sim2,2026-10-10T05:55:04+00:00,conversation,0.5,91395,3.69,local,2HIT+WT,2HIT,WT,deferred,11695.355471,946.387455,11525.023209,182790,11424.375,61566,105710,44144,calib_c1 20261008-130316-m7-c1; i>=80 linear extrap,0,0
20261010-055332-d4-sim2,2026-10-10T05:55:04+00:00,conversation,0.5,91395,3.69,local,2HIT+WB,2HIT,WB,deferred,11695.355471,946.387455,11525.023209,182790,11424.375,61566,105710,44144,calib_c1 20261008-130316-m7-c1; i>=80 linear extrap,0,0
20261010-055332-d4-sim2,2026-10-10T05:55:04+00:00,conversation,0.5,91395,3.69,local,2HIT+WB2,2HIT,WB2,deferred,14230.233383,3481.265367,13823.786853,0,0.0,61566,105710,44144,calib_c1 20261008-130316-m7-c1; i>=80 linear extrap,0,0
20261010-055332-d4-sim2,2026-10-10T05:55:04+00:00,conversation,0.5,91395,3.69,local,2HIT+H2,2HIT,H2,deferred,13738.629324,2989.661308,13533.46874,44144,2759.0,61566,105710,44144,calib_c1 20261008-130316-m7-c1; i>=80 linear extrap,0,0
20261010-055332-d4-sim2,2026-10-10T05:55:05+00:00,conversation,0.5,91395,3.69,local,2HIT+NONE,2HIT,NONE,deferred,14230.233383,3481.265367,13823.786853,0,0.0,61566,105710,44144,calib_c1 20261008-130316-m7-c1; i>=80 linear extrap,0,0
20261010-055332-d4-sim2,2026-10-10T05:55:05+00:00,conversation,0.5,91395,3.69,local,SLRU+WT,SLRU,WT,deferred,11695.355471,946.387455,11525.023209,182790,11424.375,104633,105710,183867,calib_c1 20261008-130316-m7-c1; i>=80 linear extrap,0,0
20261010-055332-d4-sim2,2026-10-10T05:55:05+00:00,conversation,0.5,91395,3.69,local,SLRU+WB,SLRU,WB,deferred,12529.004675,1780.036659,12020.474672,92452,5778.25,104633,105710,183867,calib_c1 20261008-130316-m7-c1; i>=80 linear extrap,0,0
20261010-055332-d4-sim2,2026-10-10T05:55:06+00:00,conversation,0.5,91395,3.69,local,SLRU+WB2,SLRU,WB2,deferred,12588.7906,1839.822584,12080.669264,20,1.25,104633,105710,183867,calib_c1 20261008-130316-m7-c1; i>=80 linear extrap,0,0
20261010-055332-d4-sim2,2026-10-10T05:55:06+00:00,conversation,0.5,91395,3.69,local,SLRU+H2,SLRU,H2,deferred,12097.186541,1348.218525,11792.05037,44144,2759.0,104633,105710,183867,calib_c1 20261008-130316-m7-c1; i>=80 linear extrap,0,0
20261010-055332-d4-sim2,2026-10-10T05:55:06+00:00,conversation,0.5,91395,3.69,local,SLRU+NONE,SLRU,NONE,deferred,12588.7906,1839.822584,12080.669264,0,0.0,104633,105710,183867,calib_c1 20261008-130316-m7-c1; i>=80 linear extrap,0,0
20261010-055332-d4-sim2,2026-10-10T05:55:07+00:00,conversation,0.5,91395,3.69,local,ARC+WT,ARC,WT,deferred,11695.355471,946.387455,11525.023209,182790,11424.375,104633,105710,183867,calib_c1 20261008-130316-m7-c1; i>=80 linear extrap,0,0
20261010-055332-d4-sim2,2026-10-10T05:55:07+00:00,conversation,0.5,91395,3.69,local,ARC+WB,ARC,WB,deferred,12529.004675,1780.036659,12020.474672,92472,5779.5,104633,105710,183867,calib_c1 20261008-130316-m7-c1; i>=80 linear extrap,0,0
20261010-055332-d4-sim2,2026-10-10T05:55:07+00:00,conversation,0.5,91395,3.69,local,ARC+WB2,ARC,WB2,deferred,12588.7906,1839.822584,12080.669264,0,0.0,104633,105710,183867,calib_c1 20261008-130316-m7-c1; i>=80 linear extrap,0,0
20261010-055332-d4-sim2,2026-10-10T05:55:08+00:00,conversation,0.5,91395,3.69,local,ARC+H2,ARC,H2,deferred,12097.186541,1348.218525,11792.05037,44144,2759.0,104633,105710,183867,calib_c1 20261008-130316-m7-c1; i>=80 linear extrap,0,0
20261010-055332-d4-sim2,2026-10-10T05:55:08+00:00,conversation,0.5,91395,3.69,local,ARC+NONE,ARC,NONE,deferred,12588.7906,1839.822584,12080.669264,0,0.0,104633,105710,183867,calib_c1 20261008-130316-m7-c1; i>=80 linear extrap,0,0
20261010-055332-d4-sim2,2026-10-10T05:55:08+00:00,conversation,0.5,91395,3.69,local,S3FIFO+WT,S3FIFO,WT,deferred,11695.355471,946.387455,11525.023209,182790,11424.375,104633,105710,183867,calib_c1 20261008-130316-m7-c1; i>=80 linear extrap,0,0
20261010-055332-d4-sim2,2026-10-10T05:55:08+00:00,conversation,0.5,91395,3.69,local,S3FIFO+WB,S3FIFO,WB,deferred,12529.004675,1780.036659,12020.474672,92472,5779.5,104633,105710,183867,calib_c1 20261008-130316-m7-c1; i>=80 linear extrap,0,0
20261010-055332-d4-sim2,2026-10-10T05:55:09+00:00,conversation,0.5,91395,3.69,local,S3FIFO+WB2,S3FIFO,WB2,deferred,12588.7906,1839.822584,12080.669264,0,0.0,104633,105710,183867,calib_c1 20261008-130316-m7-c1; i>=80 linear extrap,0,0
20261010-055332-d4-sim2,2026-10-10T05:55:09+00:00,conversation,0.5,91395,3.69,local,S3FIFO+H2,S3FIFO,H2,deferred,12097.186541,1348.218525,11792.05037,44144,2759.0,104633,105710,183867,calib_c1 20261008-130316-m7-c1; i>=80 linear extrap,0,0
20261010-055332-d4-sim2,2026-10-10T05:55:09+00:00,conversation,0.5,91395,3.69,local,S3FIFO+NONE,S3FIFO,NONE,deferred,12588.7906,1839.822584,12080.669264,0,0.0,104633,105710,183867,calib_c1 20261008-130316-m7-c1; i>=80 linear extrap,0,0
20261010-055332-d4-sim2,2026-10-10T05:55:10+00:00,conversation,0.5,91395,3.69,local,WTPa+WBR,WTPa,WBR,wtp_a,12539.449046,1790.48103,12026.610045,0,0.0,105710,105710,44144,calib_c1 20261008-130316-m7-c1; i>=80 linear extrap,0,0
20261010-055332-d4-sim2,2026-10-10T05:55:10+00:00,conversation,0.5,91395,3.69,local,WTPa+WTR,WTPa,WTR,wtp_a,11695.355471,946.387455,11525.023209,44144,2759.0,105710,105710,44144,calib_c1 20261008-130316-m7-c1; i>=80 linear extrap,0,0
20261010-055332-d4-sim2,2026-10-10T05:55:10+00:00,conversation,0.5,91395,3.69,local,WTPb+WB,WTPb,WB,wtp_b,12389.227379,1640.259363,11936.166585,137057,8566.0625,100990,105710,46710,calib_c1 20261008-130316-m7-c1; i>=80 linear extrap,0,0
20261010-055332-d4-sim2,2026-10-10T05:55:11+00:00,conversation,0.5,91395,3.69,local,OPT-BELADY,BELADY,NEED,opt,12539.449046,1790.48103,12026.610045,0,0.0,105710,105710,44144,calib_c1 20261008-130316-m7-c1; i>=80 linear extrap,0,0
20261010-055332-d4-sim2,2026-10-10T05:55:11+00:00,conversation,0.5,91395,3.69,local,OPT-COST,COSTBELADY,NEED,opt,11695.355471,946.387455,11525.023209,44144,2759.0,0,105710,0,calib_c1 20261008-130316-m7-c1; i>=80 linear extrap,0,0
20261010-055332-d4-sim2,2026-10-10T05:55:11+00:00,conversation,0.5,91395,3.69,local,KEVa+WBR,KEVa,WBR,kev_a,12539.449046,1790.48103,12026.610045,0,0.0,105710,105710,182790,calib_c1 20261008-130316-m7-c1; i>=80 linear extrap,0,0
20261010-055332-d4-sim2,2026-10-10T05:55:12+00:00,conversation,0.5,91395,3.69,local,KEVa+WB,KEVa,WB,kev_a,12539.449046,1790.48103,12026.610045,91395,5712.1875,105710,105710,182790,calib_c1 20261008-130316-m7-c1; i>=80 linear extrap,0,0
20261010-055332-d4-sim2,2026-10-10T05:55:12+00:00,conversation,0.5,91395,3.69,local,KEVb+WB,KEVb,WB,kev_b,12480.59965,1731.631634,11991.071454,91657,5728.5625,105448,105710,183052,calib_c1 20261008-130316-m7-c1; i>=80 linear extrap,0,0
20261010-055332-d4-sim2,2026-10-10T05:55:13+00:00,conversation,0.5,91395,3.69,nfs,LRU+WT,LRU,WT,deferred,12581.434901,1832.466885,12073.066954,2479,154.9375,104759,105710,183741,calib_c1 20261008-130316-m7-c1; i>=80 linear extrap,0,0
20261010-055332-d4-sim2,2026-10-10T05:55:13+00:00,conversation,0.5,91395,3.69,nfs,LRU+WB,LRU,WB,deferred,12581.434901,1832.466885,12073.066954,1261,78.8125,104759,105710,183741,calib_c1 20261008-130316-m7-c1; i>=80 linear extrap,0,0
20261010-055332-d4-sim2,2026-10-10T05:55:13+00:00,conversation,0.5,91395,3.69,nfs,LRU+WB2,LRU,WB2,deferred,12581.434901,1832.466885,12073.066954,233,14.5625,104759,105710,183741,calib_c1 20261008-130316-m7-c1; i>=80 linear extrap,0,0
20261010-055332-d4-sim2,2026-10-10T05:55:14+00:00,conversation,0.5,91395,3.69,nfs,LRU+H2,LRU,H2,deferred,12581.434901,1832.466885,12073.066954,475,29.6875,104759,105710,183741,calib_c1 20261008-130316-m7-c1; i>=80 linear extrap,0,0
20261010-055332-d4-sim2,2026-10-10T05:55:14+00:00,conversation,0.5,91395,3.69,nfs,LRU+NONE,LRU,NONE,deferred,12581.434901,1832.466885,12073.066954,0,0.0,104759,105710,183741,calib_c1 20261008-130316-m7-c1; i>=80 linear extrap,0,0
20261010-055332-d4-sim2,2026-10-10T05:55:14+00:00,conversation,0.5,91395,3.69,nfs,2HIT+WT,2HIT,WT,deferred,14220.417323,3471.449307,13727.8259,2479,154.9375,61566,105710,44144,calib_c1 20261008-130316-m7-c1; i>=80 linear extrap,0,0
20261010-055332-d4-sim2,2026-10-10T05:55:15+00:00,conversation,0.5,91395,3.69,nfs,2HIT+WB,2HIT,WB,deferred,14220.417323,3471.449307,13727.8259,2479,154.9375,61566,105710,44144,calib_c1 20261008-130316-m7-c1; i>=80 linear extrap,0,0
20261010-055332-d4-sim2,2026-10-10T05:55:15+00:00,conversation,0.5,91395,3.69,nfs,2HIT+WB2,2HIT,WB2,deferred,14230.233383,3481.265367,13823.786853,0,0.0,61566,105710,44144,calib_c1 20261008-130316-m7-c1; i>=80 linear extrap,0,0
20261010-055332-d4-sim2,2026-10-10T05:55:15+00:00,conversation,0.5,91395,3.69,nfs,2HIT+H2,2HIT,H2,deferred,14230.233383,3481.265367,13823.786853,475,29.6875,61566,105710,44144,calib_c1 20261008-130316-m7-c1; i>=80 linear extrap,0,0
20261010-055332-d4-sim2,2026-10-10T05:55:15+00:00,conversation,0.5,91395,3.69,nfs,2HIT+NONE,2HIT,NONE,deferred,14230.233383,3481.265367,13823.786853,0,0.0,61566,105710,44144,calib_c1 20261008-130316-m7-c1; i>=80 linear extrap,0,0
20261010-055332-d4-sim2,2026-10-10T05:55:16+00:00,conversation,0.5,91395,3.69,nfs,SLRU+WT,SLRU,WT,deferred,12588.7906,1839.822584,12080.669264,2479,154.9375,104633,105710,183867,calib_c1 20261008-130316-m7-c1; i>=80 linear extrap,0,0
20261010-055332-d4-sim2,2026-10-10T05:55:16+00:00,conversation,0.5,91395,3.69,nfs,SLRU+WB,SLRU,WB,deferred,12588.7906,1839.822584,12080.669264,1409,88.0625,104633,105710,183867,calib_c1 20261008-130316-m7-c1; i>=80 linear extrap,0,0
20261010-055332-d4-sim2,2026-10-10T05:55:16+00:00,conversation,0.5,91395,3.69,nfs,SLRU+WB2,SLRU,WB2,deferred,12588.7906,1839.822584,12080.669264,0,0.0,104633,105710,183867,calib_c1 20261008-130316-m7-c1; i>=80 linear extrap,0,0
20261010-055332-d4-sim2,2026-10-10T05:55:17+00:00,conversation,0.5,91395,3.69,nfs,SLRU+H2,SLRU,H2,deferred,12588.7906,1839.822584,12080.669264,475,29.6875,104633,105710,183867,calib_c1 20261008-130316-m7-c1; i>=80 linear extrap,0,0
20261010-055332-d4-sim2,2026-10-10T05:55:17+00:00,conversation,0.5,91395,3.69,nfs,SLRU+NONE,SLRU,NONE,deferred,12588.7906,1839.822584,12080.669264,0,0.0,104633,105710,183867,calib_c1 20261008-130316-m7-c1; i>=80 linear extrap,0,0
20261010-055332-d4-sim2,2026-10-10T05:55:17+00:00,conversation,0.5,91395,3.69,nfs,ARC+WT,ARC,WT,deferred,12588.7906,1839.822584,12080.669264,2479,154.9375,104633,105710,183867,calib_c1 20261008-130316-m7-c1; i>=80 linear extrap,0,0
20261010-055332-d4-sim2,2026-10-10T05:55:18+00:00,conversation,0.5,91395,3.69,nfs,ARC+WB,ARC,WB,deferred,12588.7906,1839.822584,12080.669264,1409,88.0625,104633,105710,183867,calib_c1 20261008-130316-m7-c1; i>=80 linear extrap,0,0
20261010-055332-d4-sim2,2026-10-10T05:55:18+00:00,conversation,0.5,91395,3.69,nfs,ARC+WB2,ARC,WB2,deferred,12588.7906,1839.822584,12080.669264,0,0.0,104633,105710,183867,calib_c1 20261008-130316-m7-c1; i>=80 linear extrap,0,0
20261010-055332-d4-sim2,2026-10-10T05:55:18+00:00,conversation,0.5,91395,3.69,nfs,ARC+H2,ARC,H2,deferred,12588.7906,1839.822584,12080.669264,475,29.6875,104633,105710,183867,calib_c1 20261008-130316-m7-c1; i>=80 linear extrap,0,0
20261010-055332-d4-sim2,2026-10-10T05:55:19+00:00,conversation,0.5,91395,3.69,nfs,ARC+NONE,ARC,NONE,deferred,12588.7906,1839.822584,12080.669264,0,0.0,104633,105710,183867,calib_c1 20261008-130316-m7-c1; i>=80 linear extrap,0,0
20261010-055332-d4-sim2,2026-10-10T05:55:19+00:00,conversation,0.5,91395,3.69,nfs,S3FIFO+WT,S3FIFO,WT,deferred,12588.7906,1839.822584,12080.669264,2479,154.9375,104633,105710,183867,calib_c1 20261008-130316-m7-c1; i>=80 linear extrap,0,0
20261010-055332-d4-sim2,2026-10-10T05:55:20+00:00,conversation,0.5,91395,3.69,nfs,S3FIFO+WB,S3FIFO,WB,deferred,12588.7906,1839.822584,12080.669264,1409,88.0625,104633,105710,183867,calib_c1 20261008-130316-m7-c1; i>=80 linear extrap,0,0
20261010-055332-d4-sim2,2026-10-10T05:55:20+00:00,conversation,0.5,91395,3.69,nfs,S3FIFO+WB2,S3FIFO,WB2,deferred,12588.7906,1839.822584,12080.669264,0,0.0,104633,105710,183867,calib_c1 20261008-130316-m7-c1; i>=80 linear extrap,0,0
20261010-055332-d4-sim2,2026-10-10T05:55:20+00:00,conversation,0.5,91395,3.69,nfs,S3FIFO+H2,S3FIFO,H2,deferred,12588.7906,1839.822584,12080.669264,475,29.6875,104633,105710,183867,calib_c1 20261008-130316-m7-c1; i>=80 linear extrap,0,0
20261010-055332-d4-sim2,2026-10-10T05:55:21+00:00,conversation,0.5,91395,3.69,nfs,S3FIFO+NONE,S3FIFO,NONE,deferred,12588.7906,1839.822584,12080.669264,0,0.0,104633,105710,183867,calib_c1 20261008-130316-m7-c1; i>=80 linear extrap,0,0
20261010-055332-d4-sim2,2026-10-10T05:55:21+00:00,conversation,0.5,91395,3.69,nfs,WTPa+WBR,WTPa,WBR,wtp_a,12539.449046,1790.48103,12026.610045,0,0.0,105710,105710,44144,calib_c1 20261008-130316-m7-c1; i>=80 linear extrap,0,0
20261010-055332-d4-sim2,2026-10-10T05:55:21+00:00,conversation,0.5,91395,3.69,nfs,WTPa+WTR,WTPa,WTR,wtp_a,12539.449046,1790.48103,12026.610045,475,29.6875,105710,105710,44144,calib_c1 20261008-130316-m7-c1; i>=80 linear extrap,0,0
20261010-055332-d4-sim2,2026-10-10T05:55:22+00:00,conversation,0.5,91395,3.69,nfs,WTPb+WB,WTPb,WB,wtp_b,12660.619655,1911.651639,12161.924604,1979,123.6875,100990,105710,46710,calib_c1 20261008-130316-m7-c1; i>=80 linear extrap,0,0
20261010-055332-d4-sim2,2026-10-10T05:55:22+00:00,conversation,0.5,91395,3.69,nfs,OPT-BELADY,BELADY,NEED,opt,12539.449046,1790.48103,12026.610045,0,0.0,105710,105710,44144,calib_c1 20261008-130316-m7-c1; i>=80 linear extrap,0,0
20261010-055332-d4-sim2,2026-10-10T05:55:22+00:00,conversation,0.5,91395,3.69,nfs,OPT-COST,COSTBELADY,NEED,opt,12539.449046,1790.48103,12026.610045,0,0.0,105710,105710,44144,calib_c1 20261008-130316-m7-c1; i>=80 linear extrap,0,0
20261010-055332-d4-sim2,2026-10-10T05:55:23+00:00,conversation,0.5,91395,3.69,nfs,KEVa+WBR,KEVa,WBR,kev_a,12539.449046,1790.48103,12026.610045,0,0.0,105710,105710,182790,calib_c1 20261008-130316-m7-c1; i>=80 linear extrap,0,0
20261010-055332-d4-sim2,2026-10-10T05:55:23+00:00,conversation,0.5,91395,3.69,nfs,KEVa+WB,KEVa,WB,kev_a,12539.449046,1790.48103,12026.610045,1319,82.4375,105710,105710,182790,calib_c1 20261008-130316-m7-c1; i>=80 linear extrap,0,0
20261010-055332-d4-sim2,2026-10-10T05:55:23+00:00,conversation,0.5,91395,3.69,nfs,KEVb+WB,KEVb,WB,kev_b,12553.182043,1804.214027,12040.946181,1304,81.5,105448,105710,183052,calib_c1 20261008-130316-m7-c1; i>=80 linear extrap,0,0
20261010-055332-d4-sim2,2026-10-10T05:55:24+00:00,conversation,0.5,91395,11.6,local,LRU+WT,LRU,WT,deferred,11321.916279,572.948263,11254.847157,182790,11424.375,104759,105710,183741,calib_c1 20261008-130316-m7-c1; i>=80 linear extrap,0,0
20261010-055332-d4-sim2,2026-10-10T05:55:24+00:00,conversation,0.5,91395,11.6,local,LRU+WB,LRU,WB,deferred,11321.916279,572.948263,11254.847157,92346,5771.625,104759,105710,183741,calib_c1 20261008-130316-m7-c1; i>=80 linear extrap,0,0
20261010-055332-d4-sim2,2026-10-10T05:55:25+00:00,conversation,0.5,91395,11.6,local,LRU+WB2,LRU,WB2,deferred,11366.101372,617.133356,11299.957335,19753,1234.5625,104759,105710,183741,calib_c1 20261008-130316-m7-c1; i>=80 linear extrap,0,0
20261010-055332-d4-sim2,2026-10-10T05:55:25+00:00,conversation,0.5,91395,11.6,local,LRU+H2,LRU,H2,deferred,11366.101372,617.133356,11299.957335,44144,2759.0,104759,105710,183741,calib_c1 20261008-130316-m7-c1; i>=80 linear extrap,0,0
20261010-055332-d4-sim2,2026-10-10T05:55:25+00:00,conversation,0.5,91395,11.6,local,LRU+NONE,LRU,NONE,deferred,11371.495862,622.527846,11305.821706,0,0.0,104759,105710,183741,calib_c1 20261008-130316-m7-c1; i>=80 linear extrap,0,0
20261010-055332-d4-sim2,2026-10-10T05:55:26+00:00,conversation,0.5,91395,11.6,local,2HIT+WT,2HIT,WT,deferred,11475.888339,726.920323,11369.043785,182790,11424.375,61566,105710,44144,calib_c1 20261008-130316-m7-c1; i>=80 linear extrap,0,0
20261010-055332-d4-sim2,2026-10-10T05:55:26+00:00,conversation,0.5,91395,11.6,local,2HIT+WB,2HIT,WB,deferred,11475.888339,726.920323,11369.043785,182790,11424.375,61566,105710,44144,calib_c1 20261008-130316-m7-c1; i>=80 linear extrap,0,0
20261010-055332-d4-sim2,2026-10-10T05:55:26+00:00,conversation,0.5,91395,11.6,local,2HIT+WB2,2HIT,WB2,deferred,13519.162192,2770.194176,13383.998705,0,0.0,61566,105710,44144,calib_c1 20261008-130316-m7-c1; i>=80 linear extrap,0,0
20261010-055332-d4-sim2,2026-10-10T05:55:27+00:00,conversation,0.5,91395,11.6,local,2HIT+H2,2HIT,H2,deferred,13519.162192,2770.194176,13383.998705,44144,2759.0,61566,105710,44144,calib_c1 20261008-130316-m7-c1; i>=80 linear extrap,0,0
20261010-055332-d4-sim2,2026-10-10T05:55:27+00:00,conversation,0.5,91395,11.6,local,2HIT+NONE,2HIT,NONE,deferred,13519.162192,2770.194176,13383.998705,0,0.0,61566,105710,44144,calib_c1 20261008-130316-m7-c1; i>=80 linear extrap,0,0
20261010-055332-d4-sim2,2026-10-10T05:55:28+00:00,conversation,0.5,91395,11.6,local,SLRU+WT,SLRU,WT,deferred,11322.365437,573.397421,11255.16044,182790,11424.375,104633,105710,183867,calib_c1 20261008-130316-m7-c1; i>=80 linear extrap,0,0
20261010-055332-d4-sim2,2026-10-10T05:55:28+00:00,conversation,0.5,91395,11.6,local,SLRU+WB,SLRU,WB,deferred,11322.365437,573.397421,11255.16044,92452,5778.25,104633,105710,183867,calib_c1 20261008-130316-m7-c1; i>=80 linear extrap,0,0
20261010-055332-d4-sim2,2026-10-10T05:55:28+00:00,conversation,0.5,91395,11.6,local,SLRU+WB2,SLRU,WB2,deferred,11380.306828,631.338812,11314.300308,20,1.25,104633,105710,183867,calib_c1 20261008-130316-m7-c1; i>=80 linear extrap,0,0
20261010-055332-d4-sim2,2026-10-10T05:55:29+00:00,conversation,0.5,91395,11.6,local,SLRU+H2,SLRU,H2,deferred,11380.306828,631.338812,11314.300308,44144,2759.0,104633,105710,183867,calib_c1 20261008-130316-m7-c1; i>=80 linear extrap,0,0
20261010-055332-d4-sim2,2026-10-10T05:55:29+00:00,conversation,0.5,91395,11.6,local,SLRU+NONE,SLRU,NONE,deferred,11380.306828,631.338812,11314.300308,0,0.0,104633,105710,183867,calib_c1 20261008-130316-m7-c1; i>=80 linear extrap,0,0
20261010-055332-d4-sim2,2026-10-10T05:55:29+00:00,conversation,0.5,91395,11.6,local,ARC+WT,ARC,WT,deferred,11322.365437,573.397421,11255.16044,182790,11424.375,104633,105710,183867,calib_c1 20261008-130316-m7-c1; i>=80 linear extrap,0,0
20261010-055332-d4-sim2,2026-10-10T05:55:30+00:00,conversation,0.5,91395,11.6,local,ARC+WB,ARC,WB,deferred,11322.365437,573.397421,11255.16044,92472,5779.5,104633,105710,183867,calib_c1 20261008-130316-m7-c1; i>=80 linear extrap,0,0
20261010-055332-d4-sim2,2026-10-10T05:55:30+00:00,conversation,0.5,91395,11.6,local,ARC+WB2,ARC,WB2,deferred,11380.306828,631.338812,11314.300308,0,0.0,104633,105710,183867,calib_c1 20261008-130316-m7-c1; i>=80 linear extrap,0,0
20261010-055332-d4-sim2,2026-10-10T05:55:30+00:00,conversation,0.5,91395,11.6,local,ARC+H2,ARC,H2,deferred,11380.306828,631.338812,11314.300308,44144,2759.0,104633,105710,183867,calib_c1 20261008-130316-m7-c1; i>=80 linear extrap,0,0
20261010-055332-d4-sim2,2026-10-10T05:55:31+00:00,conversation,0.5,91395,11.6,local,ARC+NONE,ARC,NONE,deferred,11380.306828,631.338812,11314.300308,0,0.0,104633,105710,183867,calib_c1 20261008-130316-m7-c1; i>=80 linear extrap,0,0
20261010-055332-d4-sim2,2026-10-10T05:55:31+00:00,conversation,0.5,91395,11.6,local,S3FIFO+WT,S3FIFO,WT,deferred,11322.365437,573.397421,11255.16044,182790,11424.375,104633,105710,183867,calib_c1 20261008-130316-m7-c1; i>=80 linear extrap,0,0
20261010-055332-d4-sim2,2026-10-10T05:55:31+00:00,conversation,0.5,91395,11.6,local,S3FIFO+WB,S3FIFO,WB,deferred,11322.365437,573.397421,11255.16044,92472,5779.5,104633,105710,183867,calib_c1 20261008-130316-m7-c1; i>=80 linear extrap,0,0
20261010-055332-d4-sim2,2026-10-10T05:55:32+00:00,conversation,0.5,91395,11.6,local,S3FIFO+WB2,S3FIFO,WB2,deferred,11380.306828,631.338812,11314.300308,0,0.0,104633,105710,183867,calib_c1 20261008-130316-m7-c1; i>=80 linear extrap,0,0
20261010-055332-d4-sim2,2026-10-10T05:55:32+00:00,conversation,0.5,91395,11.6,local,S3FIFO+H2,S3FIFO,H2,deferred,11380.306828,631.338812,11314.300308,44144,2759.0,104633,105710,183867,calib_c1 20261008-130316-m7-c1; i>=80 linear extrap,0,0
20261010-055332-d4-sim2,2026-10-10T05:55:32+00:00,conversation,0.5,91395,11.6,local,S3FIFO+NONE,S3FIFO,NONE,deferred,11380.306828,631.338812,11314.300308,0,0.0,104633,105710,183867,calib_c1 20261008-130316-m7-c1; i>=80 linear extrap,0,0
20261010-055332-d4-sim2,2026-10-10T05:55:33+00:00,conversation,0.5,91395,11.6,local,WTPa+WBR,WTPa,WBR,wtp_a,11318.526206,569.55819,11252.359085,0,0.0,105710,105710,44144,calib_c1 20261008-130316-m7-c1; i>=80 linear extrap,0,0
20261010-055332-d4-sim2,2026-10-10T05:55:33+00:00,conversation,0.5,91395,11.6,local,WTPa+WTR,WTPa,WTR,wtp_a,11318.526206,569.55819,11252.359085,44144,2759.0,105710,105710,44144,calib_c1 20261008-130316-m7-c1; i>=80 linear extrap,0,0
20261010-055332-d4-sim2,2026-10-10T05:55:33+00:00,conversation,0.5,91395,11.6,local,WTPb+WB,WTPb,WB,wtp_b,11335.351805,586.383789,11264.971406,137057,8566.0625,100990,105710,46710,calib_c1 20261008-130316-m7-c1; i>=80 linear extrap,0,0
20261010-055332-d4-sim2,2026-10-10T05:55:34+00:00,conversation,0.5,91395,11.6,local,OPT-BELADY,BELADY,NEED,opt,11318.526206,569.55819,11252.359085,0,0.0,105710,105710,44144,calib_c1 20261008-130316-m7-c1; i>=80 linear extrap,0,0
20261010-055332-d4-sim2,2026-10-10T05:55:34+00:00,conversation,0.5,91395,11.6,local,OPT-COST,COSTBELADY,NEED,opt,11318.526206,569.55819,11252.359085,0,0.0,105710,105710,44144,calib_c1 20261008-130316-m7-c1; i>=80 linear extrap,0,0
20261010-055332-d4-sim2,2026-10-10T05:55:34+00:00,conversation,0.5,91395,11.6,local,KEVa+WBR,KEVa,WBR,kev_a,11318.526206,569.55819,11252.359085,0,0.0,105710,105710,182790,calib_c1 20261008-130316-m7-c1; i>=80 linear extrap,0,0
20261010-055332-d4-sim2,2026-10-10T05:55:35+00:00,conversation,0.5,91395,11.6,local,KEVa+WB,KEVa,WB,kev_a,11318.526206,569.55819,11252.359085,91395,5712.1875,105710,105710,182790,calib_c1 20261008-130316-m7-c1; i>=80 linear extrap,0,0
20261010-055332-d4-sim2,2026-10-10T05:55:35+00:00,conversation,0.5,91395,11.6,local,KEVb+WB,KEVb,WB,kev_b,11319.460169,570.492153,11253.045536,91657,5728.5625,105448,105710,183052,calib_c1 20261008-130316-m7-c1; i>=80 linear extrap,0,0
20261010-055332-d4-sim2,2026-10-10T05:55:35+00:00,conversation,0.5,91395,11.6,nfs,LRU+WT,LRU,WT,deferred,11371.495862,622.527846,11305.821706,2479,154.9375,104759,105710,183741,calib_c1 20261008-130316-m7-c1; i>=80 linear extrap,0,0
20261010-055332-d4-sim2,2026-10-10T05:55:36+00:00,conversation,0.5,91395,11.6,nfs,LRU+WB,LRU,WB,deferred,11371.495862,622.527846,11305.821706,1261,78.8125,104759,105710,183741,calib_c1 20261008-130316-m7-c1; i>=80 linear extrap,0,0
20261010-055332-d4-sim2,2026-10-10T05:55:36+00:00,conversation,0.5,91395,11.6,nfs,LRU+WB2,LRU,WB2,deferred,11371.495862,622.527846,11305.821706,233,14.5625,104759,105710,183741,calib_c1 20261008-130316-m7-c1; i>=80 linear extrap,0,0
20261010-055332-d4-sim2,2026-10-10T05:55:36+00:00,conversation,0.5,91395,11.6,nfs,LRU+H2,LRU,H2,deferred,11371.495862,622.527846,11305.821706,475,29.6875,104759,105710,183741,calib_c1 20261008-130316-m7-c1; i>=80 linear extrap,0,0
20261010-055332-d4-sim2,2026-10-10T05:55:37+00:00,conversation,0.5,91395,11.6,nfs,LRU+NONE,LRU,NONE,deferred,11371.495862,622.527846,11305.821706,0,0.0,104759,105710,183741,calib_c1 20261008-130316-m7-c1; i>=80 linear extrap,0,0
20261010-055332-d4-sim2,2026-10-10T05:55:37+00:00,conversation,0.5,91395,11.6,nfs,2HIT+WT,2HIT,WT,deferred,13509.346132,2760.378116,13288.432382,2479,154.9375,61566,105710,44144,calib_c1 20261008-130316-m7-c1; i>=80 linear extrap,0,0
20261010-055332-d4-sim2,2026-10-10T05:55:37+00:00,conversation,0.5,91395,11.6,nfs,2HIT+WB,2HIT,WB,deferred,13509.346132,2760.378116,13288.432382,2479,154.9375,61566,105710,44144,calib_c1 20261008-130316-m7-c1; i>=80 linear extrap,0,0
20261010-055332-d4-sim2,2026-10-10T05:55:38+00:00,conversation,0.5,91395,11.6,nfs,2HIT+WB2,2HIT,WB2,deferred,13519.162192,2770.194176,13383.998705,0,0.0,61566,105710,44144,calib_c1 20261008-130316-m7-c1; i>=80 linear extrap,0,0
20261010-055332-d4-sim2,2026-10-10T05:55:38+00:00,conversation,0.5,91395,11.6,nfs,2HIT+H2,2HIT,H2,deferred,13519.162192,2770.194176,13383.998705,475,29.6875,61566,105710,44144,calib_c1 20261008-130316-m7-c1; i>=80 linear extrap,0,0
20261010-055332-d4-sim2,2026-10-10T05:55:38+00:00,conversation,0.5,91395,11.6,nfs,2HIT+NONE,2HIT,NONE,deferred,13519.162192,2770.194176,13383.998705,0,0.0,61566,105710,44144,calib_c1 20261008-130316-m7-c1; i>=80 linear extrap,0,0
20261010-055332-d4-sim2,2026-10-10T05:55:39+00:00,conversation,0.5,91395,11.6,nfs,SLRU+WT,SLRU,WT,deferred,11380.306828,631.338812,11314.300308,2479,154.9375,104633,105710,183867,calib_c1 20261008-130316-m7-c1; i>=80 linear extrap,0,0
20261010-055332-d4-sim2,2026-10-10T05:55:39+00:00,conversation,0.5,91395,11.6,nfs,SLRU+WB,SLRU,WB,deferred,11380.306828,631.338812,11314.300308,1409,88.0625,104633,105710,183867,calib_c1 20261008-130316-m7-c1; i>=80 linear extrap,0,0
20261010-055332-d4-sim2,2026-10-10T05:55:39+00:00,conversation,0.5,91395,11.6,nfs,SLRU+WB2,SLRU,WB2,deferred,11380.306828,631.338812,11314.300308,0,0.0,104633,105710,183867,calib_c1 20261008-130316-m7-c1; i>=80 linear extrap,0,0
20261010-055332-d4-sim2,2026-10-10T05:55:40+00:00,conversation,0.5,91395,11.6,nfs,SLRU+H2,SLRU,H2,deferred,11380.306828,631.338812,11314.300308,475,29.6875,104633,105710,183867,calib_c1 20261008-130316-m7-c1; i>=80 linear extrap,0,0
20261010-055332-d4-sim2,2026-10-10T05:55:40+00:00,conversation,0.5,91395,11.6,nfs,SLRU+NONE,SLRU,NONE,deferred,11380.306828,631.338812,11314.300308,0,0.0,104633,105710,183867,calib_c1 20261008-130316-m7-c1; i>=80 linear extrap,0,0
20261010-055332-d4-sim2,2026-10-10T05:55:40+00:00,conversation,0.5,91395,11.6,nfs,ARC+WT,ARC,WT,deferred,11380.306828,631.338812,11314.300308,2479,154.9375,104633,105710,183867,calib_c1 20261008-130316-m7-c1; i>=80 linear extrap,0,0
20261010-055332-d4-sim2,2026-10-10T05:55:41+00:00,conversation,0.5,91395,11.6,nfs,ARC+WB,ARC,WB,deferred,11380.306828,631.338812,11314.300308,1409,88.0625,104633,105710,183867,calib_c1 20261008-130316-m7-c1; i>=80 linear extrap,0,0
20261010-055332-d4-sim2,2026-10-10T05:55:41+00:00,conversation,0.5,91395,11.6,nfs,ARC+WB2,ARC,WB2,deferred,11380.306828,631.338812,11314.300308,0,0.0,104633,105710,183867,calib_c1 20261008-130316-m7-c1; i>=80 linear extrap,0,0
20261010-055332-d4-sim2,2026-10-10T05:55:42+00:00,conversation,0.5,91395,11.6,nfs,ARC+H2,ARC,H2,deferred,11380.306828,631.338812,11314.300308,475,29.6875,104633,105710,183867,calib_c1 20261008-130316-m7-c1; i>=80 linear extrap,0,0
20261010-055332-d4-sim2,2026-10-10T05:55:42+00:00,conversation,0.5,91395,11.6,nfs,ARC+NONE,ARC,NONE,deferred,11380.306828,631.338812,11314.300308,0,0.0,104633,105710,183867,calib_c1 20261008-130316-m7-c1; i>=80 linear extrap,0,0
20261010-055332-d4-sim2,2026-10-10T05:55:42+00:00,conversation,0.5,91395,11.6,nfs,S3FIFO+WT,S3FIFO,WT,deferred,11380.306828,631.338812,11314.300308,2479,154.9375,104633,105710,183867,calib_c1 20261008-130316-m7-c1; i>=80 linear extrap,0,0
20261010-055332-d4-sim2,2026-10-10T05:55:43+00:00,conversation,0.5,91395,11.6,nfs,S3FIFO+WB,S3FIFO,WB,deferred,11380.306828,631.338812,11314.300308,1409,88.0625,104633,105710,183867,calib_c1 20261008-130316-m7-c1; i>=80 linear extrap,0,0
20261010-055332-d4-sim2,2026-10-10T05:55:43+00:00,conversation,0.5,91395,11.6,nfs,S3FIFO+WB2,S3FIFO,WB2,deferred,11380.306828,631.338812,11314.300308,0,0.0,104633,105710,183867,calib_c1 20261008-130316-m7-c1; i>=80 linear extrap,0,0
20261010-055332-d4-sim2,2026-10-10T05:55:43+00:00,conversation,0.5,91395,11.6,nfs,S3FIFO+H2,S3FIFO,H2,deferred,11380.306828,631.338812,11314.300308,475,29.6875,104633,105710,183867,calib_c1 20261008-130316-m7-c1; i>=80 linear extrap,0,0
20261010-055332-d4-sim2,2026-10-10T05:55:44+00:00,conversation,0.5,91395,11.6,nfs,S3FIFO+NONE,S3FIFO,NONE,deferred,11380.306828,631.338812,11314.300308,0,0.0,104633,105710,183867,calib_c1 20261008-130316-m7-c1; i>=80 linear extrap,0,0
20261010-055332-d4-sim2,2026-10-10T05:55:44+00:00,conversation,0.5,91395,11.6,nfs,WTPa+WBR,WTPa,WBR,wtp_a,11318.526206,569.55819,11252.359085,0,0.0,105710,105710,44144,calib_c1 20261008-130316-m7-c1; i>=80 linear extrap,0,0
20261010-055332-d4-sim2,2026-10-10T05:55:44+00:00,conversation,0.5,91395,11.6,nfs,WTPa+WTR,WTPa,WTR,wtp_a,11318.526206,569.55819,11252.359085,475,29.6875,105710,105710,44144,calib_c1 20261008-130316-m7-c1; i>=80 linear extrap,0,0
20261010-055332-d4-sim2,2026-10-10T05:55:45+00:00,conversation,0.5,91395,11.6,nfs,WTPb+WB,WTPb,WB,wtp_b,11494.211579,745.243563,11424.736599,1979,123.6875,100990,105710,46710,calib_c1 20261008-130316-m7-c1; i>=80 linear extrap,0,0
20261010-055332-d4-sim2,2026-10-10T05:55:45+00:00,conversation,0.5,91395,11.6,nfs,OPT-BELADY,BELADY,NEED,opt,11318.526206,569.55819,11252.359085,0,0.0,105710,105710,44144,calib_c1 20261008-130316-m7-c1; i>=80 linear extrap,0,0
20261010-055332-d4-sim2,2026-10-10T05:55:45+00:00,conversation,0.5,91395,11.6,nfs,OPT-COST,COSTBELADY,NEED,opt,11318.526206,569.55819,11252.359085,0,0.0,105710,105710,44144,calib_c1 20261008-130316-m7-c1; i>=80 linear extrap,0,0
20261010-055332-d4-sim2,2026-10-10T05:55:45+00:00,conversation,0.5,91395,11.6,nfs,KEVa+WBR,KEVa,WBR,kev_a,11318.526206,569.55819,11252.359085,0,0.0,105710,105710,182790,calib_c1 20261008-130316-m7-c1; i>=80 linear extrap,0,0
20261010-055332-d4-sim2,2026-10-10T05:55:46+00:00,conversation,0.5,91395,11.6,nfs,KEVa+WB,KEVa,WB,kev_a,11318.526206,569.55819,11252.359085,1319,82.4375,105710,105710,182790,calib_c1 20261008-130316-m7-c1; i>=80 linear extrap,0,0
20261010-055332-d4-sim2,2026-10-10T05:55:46+00:00,conversation,0.5,91395,11.6,nfs,KEVb+WB,KEVb,WB,kev_b,11335.285234,586.317218,11268.869631,1304,81.5,105448,105710,183052,calib_c1 20261008-130316-m7-c1; i>=80 linear extrap,0,0
20261010-055332-d4-sim2,2026-10-10T05:55:49+00:00,conversation,0.1,18279,3.69,local,LRU+WT,LRU,WT,deferred,11547.725832,798.757816,nan,182790,11424.375,63835,89220,208175,calib_c1 20261008-130316-m7-c1; i>=80 linear extrap,2400,16490
20261010-055332-d4-sim2,2026-10-10T05:55:49+00:00,conversation,0.1,18279,3.69,local,LRU+WB,LRU,WB,deferred,11949.003654,1200.035638,nan,167728,10483.0,63835,89220,208175,calib_c1 20261008-130316-m7-c1; i>=80 linear extrap,2400,16490
20261010-055332-d4-sim2,2026-10-10T05:55:49+00:00,conversation,0.1,18279,3.69,local,LRU+WB2,LRU,WB2,deferred,12723.544791,1974.576775,nan,38871,2429.4375,63835,89220,208175,calib_c1 20261008-130316-m7-c1; i>=80 linear extrap,2400,16490
20261010-055332-d4-sim2,2026-10-10T05:55:49+00:00,conversation,0.1,18279,3.69,local,LRU+H2,LRU,H2,deferred,12512.477479,1763.509463,nan,43436,2714.75,63835,89220,208175,calib_c1 20261008-130316-m7-c1; i>=80 linear extrap,2400,16490
20261010-055332-d4-sim2,2026-10-10T05:55:49+00:00,conversation,0.1,18279,3.69,local,LRU+NONE,LRU,NONE,deferred,13382.933564,2633.965548,nan,0,0.0,63835,89220,208175,calib_c1 20261008-130316-m7-c1; i>=80 linear extrap,2400,16490
20261010-055332-d4-sim2,2026-10-10T05:55:49+00:00,conversation,0.1,18279,3.69,local,2HIT+WT,2HIT,WT,deferred,11547.725832,798.757816,nan,182790,11424.375,45504,89220,43716,calib_c1 20261008-130316-m7-c1; i>=80 linear extrap,2400,16490
20261010-055332-d4-sim2,2026-10-10T05:55:49+00:00,conversation,0.1,18279,3.69,local,2HIT+WB,2HIT,WB,deferred,11547.725832,798.757816,nan,182790,11424.375,45504,89220,43716,calib_c1 20261008-130316-m7-c1; i>=80 linear extrap,2400,16490
20261010-055332-d4-sim2,2026-10-10T05:55:49+00:00,conversation,0.1,18279,3.69,local,2HIT+WB2,2HIT,WB2,deferred,13929.144449,3180.176433,nan,25435,1589.6875,45504,89220,43716,calib_c1 20261008-130316-m7-c1; i>=80 linear extrap,2400,16490
20261010-055332-d4-sim2,2026-10-10T05:55:49+00:00,conversation,0.1,18279,3.69,local,2HIT+H2,2HIT,H2,deferred,13566.298398,2817.330382,nan,43436,2714.75,45504,89220,43716,calib_c1 20261008-130316-m7-c1; i>=80 linear extrap,2400,16490
20261010-055332-d4-sim2,2026-10-10T05:55:49+00:00,conversation,0.1,18279,3.69,local,2HIT+NONE,2HIT,NONE,deferred,13939.236756,3190.26874,nan,0,0.0,45504,89220,43716,calib_c1 20261008-130316-m7-c1; i>=80 linear extrap,2400,16490
20261010-055332-d4-sim2,2026-10-10T05:55:49+00:00,conversation,0.1,18279,3.69,local,SLRU+WT,SLRU,WT,deferred,11547.725832,798.757816,nan,182790,11424.375,43988,89220,228022,calib_c1 20261008-130316-m7-c1; i>=80 linear extrap,2400,16490
20261010-055332-d4-sim2,2026-10-10T05:55:49+00:00,conversation,0.1,18279,3.69,local,SLRU+WB,SLRU,WB,deferred,11824.733213,1075.765197,nan,168664,10541.5,43988,89220,228022,calib_c1 20261008-130316-m7-c1; i>=80 linear extrap,2400,16490
20261010-055332-d4-sim2,2026-10-10T05:55:49+00:00,conversation,0.1,18279,3.69,local,SLRU+WB2,SLRU,WB2,deferred,13229.237731,2480.269714,nan,29277,1829.8125,43988,89220,228022,calib_c1 20261008-130316-m7-c1; i>=80 linear extrap,2400,16490
20261010-055332-d4-sim2,2026-10-10T05:55:49+00:00,conversation,0.1,18279,3.69,local,SLRU+H2,SLRU,H2,deferred,13016.357826,2267.38981,nan,43436,2714.75,43988,89220,228022,calib_c1 20261008-130316-m7-c1; i>=80 linear extrap,2400,16490
20261010-055332-d4-sim2,2026-10-10T05:55:49+00:00,conversation,0.1,18279,3.69,local,SLRU+NONE,SLRU,NONE,deferred,13980.531921,3231.563905,nan,0,0.0,43988,89220,228022,calib_c1 20261008-130316-m7-c1; i>=80 linear extrap,2400,16490
20261010-055332-d4-sim2,2026-10-10T05:55:49+00:00,conversation,0.1,18279,3.69,local,ARC+WT,ARC,WT,deferred,11547.725832,798.757816,nan,182790,11424.375,65144,89220,206866,calib_c1 20261008-130316-m7-c1; i>=80 linear extrap,2400,16490
20261010-055332-d4-sim2,2026-10-10T05:55:49+00:00,conversation,0.1,18279,3.69,local,ARC+WB,ARC,WB,deferred,11946.440471,1197.472455,nan,168248,10515.5,65144,89220,206866,calib_c1 20261008-130316-m7-c1; i>=80 linear extrap,2400,16490
20261010-055332-d4-sim2,2026-10-10T05:55:49+00:00,conversation,0.1,18279,3.69,local,ARC+WB2,ARC,WB2,deferred,13018.262608,2269.294592,nan,35934,2245.875,65144,89220,206866,calib_c1 20261008-130316-m7-c1; i>=80 linear extrap,2400,16490
20261010-055332-d4-sim2,2026-10-10T05:55:49+00:00,conversation,0.1,18279,3.69,local,ARC+H2,ARC,H2,deferred,12706.768044,1957.800028,nan,43436,2714.75,65144,89220,206866,calib_c1 20261008-130316-m7-c1; i>=80 linear extrap,2400,16490
20261010-055332-d4-sim2,2026-10-10T05:55:49+00:00,conversation,0.1,18279,3.69,local,ARC+NONE,ARC,NONE,deferred,13232.509808,2483.541791,nan,0,0.0,65144,89220,206866,calib_c1 20261008-130316-m7-c1; i>=80 linear extrap,2400,16490
20261010-055332-d4-sim2,2026-10-10T05:55:49+00:00,conversation,0.1,18279,3.69,local,S3FIFO+WT,S3FIFO,WT,deferred,11547.725832,798.757816,nan,182790,11424.375,53279,89220,218731,calib_c1 20261008-130316-m7-c1; i>=80 linear extrap,2400,16490
20261010-055332-d4-sim2,2026-10-10T05:55:49+00:00,conversation,0.1,18279,3.69,local,S3FIFO+WB,S3FIFO,WB,deferred,11762.665865,1013.697849,nan,178772,11173.25,53279,89220,218731,calib_c1 20261008-130316-m7-c1; i>=80 linear extrap,2400,16490
20261010-055332-d4-sim2,2026-10-10T05:55:49+00:00,conversation,0.1,18279,3.69,local,S3FIFO+WB2,S3FIFO,WB2,deferred,13440.980609,2692.012593,nan,27822,1738.875,53279,89220,218731,calib_c1 20261008-130316-m7-c1; i>=80 linear extrap,2400,16490
20261010-055332-d4-sim2,2026-10-10T05:55:49+00:00,conversation,0.1,18279,3.69,local,S3FIFO+H2,S3FIFO,H2,deferred,13121.908287,2372.940271,nan,43436,2714.75,53279,89220,218731,calib_c1 20261008-130316-m7-c1; i>=80 linear extrap,2400,16490
20261010-055332-d4-sim2,2026-10-10T05:55:49+00:00,conversation,0.1,18279,3.69,local,S3FIFO+NONE,S3FIFO,NONE,deferred,13624.837864,2875.869848,nan,0,0.0,53279,89220,218731,calib_c1 20261008-130316-m7-c1; i>=80 linear extrap,2400,16490
20261010-055332-d4-sim2,2026-10-10T05:55:49+00:00,conversation,0.1,18279,3.69,local,WTPa+WBR,WTPa,WBR,wtp_a,12260.146878,1511.178862,nan,0,0.0,89220,89220,43436,calib_c1 20261008-130316-m7-c1; i>=80 linear extrap,2400,16490
20261010-055332-d4-sim2,2026-10-10T05:55:49+00:00,conversation,0.1,18279,3.69,local,WTPa+WTR,WTPa,WTR,wtp_a,11547.725832,798.757816,nan,43436,2714.75,89220,89220,43436,calib_c1 20261008-130316-m7-c1; i>=80 linear extrap,2400,16490
20261010-055332-d4-sim2,2026-10-10T05:55:49+00:00,conversation,0.1,18279,3.69,local,WTPb+WB,WTPb,WB,wtp_b,12188.066349,1439.098333,nan,165383,10336.4375,82566,89220,47079,calib_c1 20261008-130316-m7-c1; i>=80 linear extrap,2400,16490
20261010-055332-d4-sim2,2026-10-10T05:55:49+00:00,conversation,0.1,18279,3.69,local,OPT-BELADY,BELADY,NEED,opt,12260.146878,1511.178862,nan,0,0.0,89220,89220,43436,calib_c1 20261008-130316-m7-c1; i>=80 linear extrap,2400,16490
20261010-055332-d4-sim2,2026-10-10T05:55:49+00:00,conversation,0.1,18279,3.69,local,OPT-COST,COSTBELADY,NEED,opt,11547.725832,798.757816,nan,43436,2714.75,0,89220,0,calib_c1 20261008-130316-m7-c1; i>=80 linear extrap,2400,16490
20261010-055332-d4-sim2,2026-10-10T05:55:49+00:00,conversation,0.1,18279,3.69,local,KEVa+WBR,KEVa,WBR,kev_a,12260.146878,1511.178862,nan,0,0.0,89220,89220,182790,calib_c1 20261008-130316-m7-c1; i>=80 linear extrap,2400,16490
20261010-055332-d4-sim2,2026-10-10T05:55:49+00:00,conversation,0.1,18279,3.69,local,KEVa+WB,KEVa,WB,kev_a,12260.146878,1511.178862,nan,164511,10281.9375,89220,89220,182790,calib_c1 20261008-130316-m7-c1; i>=80 linear extrap,2400,16490
20261010-055332-d4-sim2,2026-10-10T05:55:49+00:00,conversation,0.1,18279,3.69,local,KEVb+WB,KEVb,WB,kev_b,12200.243463,1451.275447,nan,164849,10303.0625,86125,89220,185885,calib_c1 20261008-130316-m7-c1; i>=80 linear extrap,2400,16490
20261010-055332-d4-sim2,2026-10-10T05:55:50+00:00,conversation,0.1,18279,3.69,nfs,LRU+WT,LRU,WT,deferred,13376.66774,2627.699724,nan,2479,154.9375,63835,89220,208175,calib_c1 20261008-130316-m7-c1; i>=80 linear extrap,2400,16490
20261010-055332-d4-sim2,2026-10-10T05:55:50+00:00,conversation,0.1,18279,3.69,nfs,LRU+WB,LRU,WB,deferred,13376.66774,2627.699724,nan,2305,144.0625,63835,89220,208175,calib_c1 20261008-130316-m7-c1; i>=80 linear extrap,2400,16490
20261010-055332-d4-sim2,2026-10-10T05:55:50+00:00,conversation,0.1,18279,3.69,nfs,LRU+WB2,LRU,WB2,deferred,13381.460428,2632.492412,nan,377,23.5625,63835,89220,208175,calib_c1 20261008-130316-m7-c1; i>=80 linear extrap,2400,16490
20261010-055332-d4-sim2,2026-10-10T05:55:50+00:00,conversation,0.1,18279,3.69,nfs,LRU+H2,LRU,H2,deferred,13381.460428,2632.492412,nan,475,29.6875,63835,89220,208175,calib_c1 20261008-130316-m7-c1; i>=80 linear extrap,2400,16490
20261010-055332-d4-sim2,2026-10-10T05:55:50+00:00,conversation,0.1,18279,3.69,nfs,LRU+NONE,LRU,NONE,deferred,13382.933564,2633.965548,nan,0,0.0,63835,89220,208175,calib_c1 20261008-130316-m7-c1; i>=80 linear extrap,2400,16490
20261010-055332-d4-sim2,2026-10-10T05:55:50+00:00,conversation,0.1,18279,3.69,nfs,2HIT+WT,2HIT,WT,deferred,13929.420697,3180.452681,nan,2479,154.9375,45504,89220,43716,calib_c1 20261008-130316-m7-c1; i>=80 linear extrap,2400,16490
20261010-055332-d4-sim2,2026-10-10T05:55:50+00:00,conversation,0.1,18279,3.69,nfs,2HIT+WB,2HIT,WB,deferred,13929.420697,3180.452681,nan,2479,154.9375,45504,89220,43716,calib_c1 20261008-130316-m7-c1; i>=80 linear extrap,2400,16490
20261010-055332-d4-sim2,2026-10-10T05:55:50+00:00,conversation,0.1,18279,3.69,nfs,2HIT+WB2,2HIT,WB2,deferred,13939.236756,3190.26874,nan,303,18.9375,45504,89220,43716,calib_c1 20261008-130316-m7-c1; i>=80 linear extrap,2400,16490
20261010-055332-d4-sim2,2026-10-10T05:55:50+00:00,conversation,0.1,18279,3.69,nfs,2HIT+H2,2HIT,H2,deferred,13939.236756,3190.26874,nan,475,29.6875,45504,89220,43716,calib_c1 20261008-130316-m7-c1; i>=80 linear extrap,2400,16490
20261010-055332-d4-sim2,2026-10-10T05:55:50+00:00,conversation,0.1,18279,3.69,nfs,2HIT+NONE,2HIT,NONE,deferred,13939.236756,3190.26874,nan,0,0.0,45504,89220,43716,calib_c1 20261008-130316-m7-c1; i>=80 linear extrap,2400,16490
20261010-055332-d4-sim2,2026-10-10T05:55:50+00:00,conversation,0.1,18279,3.69,nfs,SLRU+WT,SLRU,WT,deferred,13973.206948,3224.238932,nan,2479,154.9375,43988,89220,228022,calib_c1 20261008-130316-m7-c1; i>=80 linear extrap,2400,16490
20261010-055332-d4-sim2,2026-10-10T05:55:50+00:00,conversation,0.1,18279,3.69,nfs,SLRU+WB,SLRU,WB,deferred,13973.206948,3224.238932,nan,2285,142.8125,43988,89220,228022,calib_c1 20261008-130316-m7-c1; i>=80 linear extrap,2400,16490
20261010-055332-d4-sim2,2026-10-10T05:55:50+00:00,conversation,0.1,18279,3.69,nfs,SLRU+WB2,SLRU,WB2,deferred,13979.166696,3230.19868,nan,286,17.875,43988,89220,228022,calib_c1 20261008-130316-m7-c1; i>=80 linear extrap,2400,16490
20261010-055332-d4-sim2,2026-10-10T05:55:50+00:00,conversation,0.1,18279,3.69,nfs,SLRU+H2,SLRU,H2,deferred,13979.166696,3230.19868,nan,475,29.6875,43988,89220,228022,calib_c1 20261008-130316-m7-c1; i>=80 linear extrap,2400,16490
20261010-055332-d4-sim2,2026-10-10T05:55:50+00:00,conversation,0.1,18279,3.69,nfs,SLRU+NONE,SLRU,NONE,deferred,13980.531921,3231.563905,nan,0,0.0,43988,89220,228022,calib_c1 20261008-130316-m7-c1; i>=80 linear extrap,2400,16490
20261010-055332-d4-sim2,2026-10-10T05:55:50+00:00,conversation,0.1,18279,3.69,nfs,ARC+WT,ARC,WT,deferred,13226.400853,2477.432837,nan,2479,154.9375,65144,89220,206866,calib_c1 20261008-130316-m7-c1; i>=80 linear extrap,2400,16490
20261010-055332-d4-sim2,2026-10-10T05:55:50+00:00,conversation,0.1,18279,3.69,nfs,ARC+WB,ARC,WB,deferred,13226.400853,2477.432837,nan,2367,147.9375,65144,89220,206866,calib_c1 20261008-130316-m7-c1; i>=80 linear extrap,2400,16490
20261010-055332-d4-sim2,2026-10-10T05:55:50+00:00,conversation,0.1,18279,3.69,nfs,ARC+WB2,ARC,WB2,deferred,13231.193541,2482.225525,nan,367,22.9375,65144,89220,206866,calib_c1 20261008-130316-m7-c1; i>=80 linear extrap,2400,16490
20261010-055332-d4-sim2,2026-10-10T05:55:50+00:00,conversation,0.1,18279,3.69,nfs,ARC+H2,ARC,H2,deferred,13231.193541,2482.225525,nan,475,29.6875,65144,89220,206866,calib_c1 20261008-130316-m7-c1; i>=80 linear extrap,2400,16490
20261010-055332-d4-sim2,2026-10-10T05:55:50+00:00,conversation,0.1,18279,3.69,nfs,ARC+NONE,ARC,NONE,deferred,13232.509808,2483.541791,nan,0,0.0,65144,89220,206866,calib_c1 20261008-130316-m7-c1; i>=80 linear extrap,2400,16490
20261010-055332-d4-sim2,2026-10-10T05:55:50+00:00,conversation,0.1,18279,3.69,nfs,S3FIFO+WT,S3FIFO,WT,deferred,13617.561849,2868.593833,nan,2479,154.9375,53279,89220,218731,calib_c1 20261008-130316-m7-c1; i>=80 linear extrap,2400,16490
20261010-055332-d4-sim2,2026-10-10T05:55:50+00:00,conversation,0.1,18279,3.69,nfs,S3FIFO+WB,S3FIFO,WB,deferred,13617.561849,2868.593833,nan,2414,150.875,53279,89220,218731,calib_c1 20261008-130316-m7-c1; i>=80 linear extrap,2400,16490
20261010-055332-d4-sim2,2026-10-10T05:55:50+00:00,conversation,0.1,18279,3.69,nfs,S3FIFO+WB2,S3FIFO,WB2,deferred,13623.521597,2874.553581,nan,391,24.4375,53279,89220,218731,calib_c1 20261008-130316-m7-c1; i>=80 linear extrap,2400,16490
20261010-055332-d4-sim2,2026-10-10T05:55:50+00:00,conversation,0.1,18279,3.69,nfs,S3FIFO+H2,S3FIFO,H2,deferred,13623.521597,2874.553581,nan,475,29.6875,53279,89220,218731,calib_c1 20261008-130316-m7-c1; i>=80 linear extrap,2400,16490
20261010-055332-d4-sim2,2026-10-10T05:55:50+00:00,conversation,0.1,18279,3.69,nfs,S3FIFO+NONE,S3FIFO,NONE,deferred,13624.837864,2875.869848,nan,0,0.0,53279,89220,218731,calib_c1 20261008-130316-m7-c1; i>=80 linear extrap,2400,16490
20261010-055332-d4-sim2,2026-10-10T05:55:50+00:00,conversation,0.1,18279,3.69,nfs,WTPa+WBR,WTPa,WBR,wtp_a,12260.146878,1511.178862,nan,0,0.0,89220,89220,43436,calib_c1 20261008-130316-m7-c1; i>=80 linear extrap,2400,16490
20261010-055332-d4-sim2,2026-10-10T05:55:50+00:00,conversation,0.1,18279,3.69,nfs,WTPa+WTR,WTPa,WTR,wtp_a,12260.146878,1511.178862,nan,475,29.6875,89220,89220,43436,calib_c1 20261008-130316-m7-c1; i>=80 linear extrap,2400,16490
20261010-055332-d4-sim2,2026-10-10T05:55:50+00:00,conversation,0.1,18279,3.69,nfs,WTPb+WB,WTPb,WB,wtp_b,12461.799069,1712.831053,nan,2302,143.875,82566,89220,47079,calib_c1 20261008-130316-m7-c1; i>=80 linear extrap,2400,16490
20261010-055332-d4-sim2,2026-10-10T05:55:50+00:00,conversation,0.1,18279,3.69,nfs,OPT-BELADY,BELADY,NEED,opt,12260.146878,1511.178862,nan,0,0.0,89220,89220,43436,calib_c1 20261008-130316-m7-c1; i>=80 linear extrap,2400,16490
20261010-055332-d4-sim2,2026-10-10T05:55:50+00:00,conversation,0.1,18279,3.69,nfs,OPT-COST,COSTBELADY,NEED,opt,12260.146878,1511.178862,nan,0,0.0,89220,89220,43436,calib_c1 20261008-130316-m7-c1; i>=80 linear extrap,2400,16490
20261010-055332-d4-sim2,2026-10-10T05:55:50+00:00,conversation,0.1,18279,3.69,nfs,KEVa+WBR,KEVa,WBR,kev_a,12260.146878,1511.178862,nan,0,0.0,89220,89220,182790,calib_c1 20261008-130316-m7-c1; i>=80 linear extrap,2400,16490
20261010-055332-d4-sim2,2026-10-10T05:55:50+00:00,conversation,0.1,18279,3.69,nfs,KEVa+WB,KEVa,WB,kev_a,12260.146878,1511.178862,nan,2260,141.25,89220,89220,182790,calib_c1 20261008-130316-m7-c1; i>=80 linear extrap,2400,16490
20261010-055332-d4-sim2,2026-10-10T05:55:50+00:00,conversation,0.1,18279,3.69,nfs,KEVb+WB,KEVb,WB,kev_b,12352.209266,1603.24125,nan,2243,140.1875,86125,89220,185885,calib_c1 20261008-130316-m7-c1; i>=80 linear extrap,2400,16490
20261010-055332-d4-sim2,2026-10-10T05:55:51+00:00,conversation,0.1,18279,11.6,local,LRU+WT,LRU,WT,deferred,11320.170292,571.202276,nan,182790,11424.375,63835,89220,208175,calib_c1 20261008-130316-m7-c1; i>=80 linear extrap,2400,16490
20261010-055332-d4-sim2,2026-10-10T05:55:51+00:00,conversation,0.1,18279,11.6,local,LRU+WB,LRU,WB,deferred,11320.170292,571.202276,nan,167728,10483.0,63835,89220,208175,calib_c1 20261008-130316-m7-c1; i>=80 linear extrap,2400,16490
20261010-055332-d4-sim2,2026-10-10T05:55:51+00:00,conversation,0.1,18279,11.6,local,LRU+WB2,LRU,WB2,deferred,12052.159403,1303.191387,nan,38871,2429.4375,63835,89220,208175,calib_c1 20261008-130316-m7-c1; i>=80 linear extrap,2400,16490
20261010-055332-d4-sim2,2026-10-10T05:55:51+00:00,conversation,0.1,18279,11.6,local,LRU+H2,LRU,H2,deferred,12052.159403,1303.191387,nan,43436,2714.75,63835,89220,208175,calib_c1 20261008-130316-m7-c1; i>=80 linear extrap,2400,16490
20261010-055332-d4-sim2,2026-10-10T05:55:51+00:00,conversation,0.1,18279,11.6,local,LRU+NONE,LRU,NONE,deferred,12645.656017,1896.688001,nan,0,0.0,63835,89220,208175,calib_c1 20261008-130316-m7-c1; i>=80 linear extrap,2400,16490
20261010-055332-d4-sim2,2026-10-10T05:55:51+00:00,conversation,0.1,18279,11.6,local,2HIT+WT,2HIT,WT,deferred,11385.515645,636.547629,nan,182790,11424.375,45504,89220,43716,calib_c1 20261008-130316-m7-c1; i>=80 linear extrap,2400,16490
20261010-055332-d4-sim2,2026-10-10T05:55:51+00:00,conversation,0.1,18279,11.6,local,2HIT+WB,2HIT,WB,deferred,11385.515645,636.547629,nan,182790,11424.375,45504,89220,43716,calib_c1 20261008-130316-m7-c1; i>=80 linear extrap,2400,16490
20261010-055332-d4-sim2,2026-10-10T05:55:51+00:00,conversation,0.1,18279,11.6,local,2HIT+WB2,2HIT,WB2,deferred,13404.08821,2655.120194,nan,25435,1589.6875,45504,89220,43716,calib_c1 20261008-130316-m7-c1; i>=80 linear extrap,2400,16490
20261010-055332-d4-sim2,2026-10-10T05:55:51+00:00,conversation,0.1,18279,11.6,local,2HIT+H2,2HIT,H2,deferred,13404.08821,2655.120194,nan,43436,2714.75,45504,89220,43716,calib_c1 20261008-130316-m7-c1; i>=80 linear extrap,2400,16490
20261010-055332-d4-sim2,2026-10-10T05:55:51+00:00,conversation,0.1,18279,11.6,local,2HIT+NONE,2HIT,NONE,deferred,13413.677463,2664.709447,nan,0,0.0,45504,89220,43716,calib_c1 20261008-130316-m7-c1; i>=80 linear extrap,2400,16490
20261010-055332-d4-sim2,2026-10-10T05:55:51+00:00,conversation,0.1,18279,11.6,local,SLRU+WT,SLRU,WT,deferred,11390.919799,641.951783,nan,182790,11424.375,43988,89220,228022,calib_c1 20261008-130316-m7-c1; i>=80 linear extrap,2400,16490
20261010-055332-d4-sim2,2026-10-10T05:55:51+00:00,conversation,0.1,18279,11.6,local,SLRU+WB,SLRU,WB,deferred,11390.919799,641.951783,nan,168664,10541.5,43988,89220,228022,calib_c1 20261008-130316-m7-c1; i>=80 linear extrap,2400,16490
20261010-055332-d4-sim2,2026-10-10T05:55:51+00:00,conversation,0.1,18279,11.6,local,SLRU+WB2,SLRU,WB2,deferred,12748.033386,1999.06537,nan,29277,1829.8125,43988,89220,228022,calib_c1 20261008-130316-m7-c1; i>=80 linear extrap,2400,16490
20261010-055332-d4-sim2,2026-10-10T05:55:51+00:00,conversation,0.1,18279,11.6,local,SLRU+H2,SLRU,H2,deferred,12748.033386,1999.06537,nan,43436,2714.75,43988,89220,228022,calib_c1 20261008-130316-m7-c1; i>=80 linear extrap,2400,16490
20261010-055332-d4-sim2,2026-10-10T05:55:51+00:00,conversation,0.1,18279,11.6,local,SLRU+NONE,SLRU,NONE,deferred,13472.482031,2723.514015,nan,0,0.0,43988,89220,228022,calib_c1 20261008-130316-m7-c1; i>=80 linear extrap,2400,16490
20261010-055332-d4-sim2,2026-10-10T05:55:51+00:00,conversation,0.1,18279,11.6,local,ARC+WT,ARC,WT,deferred,11315.50404,566.536024,nan,182790,11424.375,65144,89220,206866,calib_c1 20261008-130316-m7-c1; i>=80 linear extrap,2400,16490
20261010-055332-d4-sim2,2026-10-10T05:55:51+00:00,conversation,0.1,18279,11.6,local,ARC+WB,ARC,WB,deferred,11315.50404,566.536024,nan,168248,10515.5,65144,89220,206866,calib_c1 20261008-130316-m7-c1; i>=80 linear extrap,2400,16490
20261010-055332-d4-sim2,2026-10-10T05:55:51+00:00,conversation,0.1,18279,11.6,local,ARC+WB2,ARC,WB2,deferred,12292.177004,1543.208988,nan,35934,2245.875,65144,89220,206866,calib_c1 20261008-130316-m7-c1; i>=80 linear extrap,2400,16490
20261010-055332-d4-sim2,2026-10-10T05:55:51+00:00,conversation,0.1,18279,11.6,local,ARC+H2,ARC,H2,deferred,12292.177004,1543.208988,nan,43436,2714.75,65144,89220,206866,calib_c1 20261008-130316-m7-c1; i>=80 linear extrap,2400,16490
20261010-055332-d4-sim2,2026-10-10T05:55:51+00:00,conversation,0.1,18279,11.6,local,ARC+NONE,ARC,NONE,deferred,12480.113653,1731.145637,nan,0,0.0,65144,89220,206866,calib_c1 20261008-130316-m7-c1; i>=80 linear extrap,2400,16490
20261010-055332-d4-sim2,2026-10-10T05:55:51+00:00,conversation,0.1,18279,11.6,local,S3FIFO+WT,S3FIFO,WT,deferred,11357.799747,608.831731,nan,182790,11424.375,53279,89220,218731,calib_c1 20261008-130316-m7-c1; i>=80 linear extrap,2400,16490
20261010-055332-d4-sim2,2026-10-10T05:55:51+00:00,conversation,0.1,18279,11.6,local,S3FIFO+WB,S3FIFO,WB,deferred,11357.799747,608.831731,nan,178772,11173.25,53279,89220,218731,calib_c1 20261008-130316-m7-c1; i>=80 linear extrap,2400,16490
20261010-055332-d4-sim2,2026-10-10T05:55:51+00:00,conversation,0.1,18279,11.6,local,S3FIFO+WB2,S3FIFO,WB2,deferred,12848.147764,2099.179748,nan,27822,1738.875,53279,89220,218731,calib_c1 20261008-130316-m7-c1; i>=80 linear extrap,2400,16490
20261010-055332-d4-sim2,2026-10-10T05:55:51+00:00,conversation,0.1,18279,11.6,local,S3FIFO+H2,S3FIFO,H2,deferred,12848.147764,2099.179748,nan,43436,2714.75,53279,89220,218731,calib_c1 20261008-130316-m7-c1; i>=80 linear extrap,2400,16490
20261010-055332-d4-sim2,2026-10-10T05:55:51+00:00,conversation,0.1,18279,11.6,local,S3FIFO+NONE,S3FIFO,NONE,deferred,13009.479355,2260.511339,nan,0,0.0,53279,89220,218731,calib_c1 20261008-130316-m7-c1; i>=80 linear extrap,2400,16490
20261010-055332-d4-sim2,2026-10-10T05:55:51+00:00,conversation,0.1,18279,11.6,local,WTPa+WBR,WTPa,WBR,wtp_a,11229.679223,480.711207,nan,0,0.0,89220,89220,43436,calib_c1 20261008-130316-m7-c1; i>=80 linear extrap,2400,16490
20261010-055332-d4-sim2,2026-10-10T05:55:51+00:00,conversation,0.1,18279,11.6,local,WTPa+WTR,WTPa,WTR,wtp_a,11229.679223,480.711207,nan,43436,2714.75,89220,89220,43436,calib_c1 20261008-130316-m7-c1; i>=80 linear extrap,2400,16490
20261010-055332-d4-sim2,2026-10-10T05:55:51+00:00,conversation,0.1,18279,11.6,local,WTPb+WB,WTPb,WB,wtp_b,11253.399041,504.431025,nan,165383,10336.4375,82566,89220,47079,calib_c1 20261008-130316-m7-c1; i>=80 linear extrap,2400,16490
20261010-055332-d4-sim2,2026-10-10T05:55:51+00:00,conversation,0.1,18279,11.6,local,OPT-BELADY,BELADY,NEED,opt,11229.679223,480.711207,nan,0,0.0,89220,89220,43436,calib_c1 20261008-130316-m7-c1; i>=80 linear extrap,2400,16490
20261010-055332-d4-sim2,2026-10-10T05:55:51+00:00,conversation,0.1,18279,11.6,local,OPT-COST,COSTBELADY,NEED,opt,11229.679223,480.711207,nan,0,0.0,89220,89220,43436,calib_c1 20261008-130316-m7-c1; i>=80 linear extrap,2400,16490
20261010-055332-d4-sim2,2026-10-10T05:55:51+00:00,conversation,0.1,18279,11.6,local,KEVa+WBR,KEVa,WBR,kev_a,11229.679223,480.711207,nan,0,0.0,89220,89220,182790,calib_c1 20261008-130316-m7-c1; i>=80 linear extrap,2400,16490
20261010-055332-d4-sim2,2026-10-10T05:55:51+00:00,conversation,0.1,18279,11.6,local,KEVa+WB,KEVa,WB,kev_a,11229.679223,480.711207,nan,164511,10281.9375,89220,89220,182790,calib_c1 20261008-130316-m7-c1; i>=80 linear extrap,2400,16490
20261010-055332-d4-sim2,2026-10-10T05:55:51+00:00,conversation,0.1,18279,11.6,local,KEVb+WB,KEVb,WB,kev_b,11240.712111,491.744095,nan,164849,10303.0625,86125,89220,185885,calib_c1 20261008-130316-m7-c1; i>=80 linear extrap,2400,16490
20261010-055332-d4-sim2,2026-10-10T05:55:52+00:00,conversation,0.1,18279,11.6,nfs,LRU+WT,LRU,WT,deferred,12639.390193,1890.422177,nan,2479,154.9375,63835,89220,208175,calib_c1 20261008-130316-m7-c1; i>=80 linear extrap,2400,16490
20261010-055332-d4-sim2,2026-10-10T05:55:52+00:00,conversation,0.1,18279,11.6,nfs,LRU+WB,LRU,WB,deferred,12639.390193,1890.422177,nan,2305,144.0625,63835,89220,208175,calib_c1 20261008-130316-m7-c1; i>=80 linear extrap,2400,16490
20261010-055332-d4-sim2,2026-10-10T05:55:52+00:00,conversation,0.1,18279,11.6,nfs,LRU+WB2,LRU,WB2,deferred,12644.182881,1895.214864,nan,377,23.5625,63835,89220,208175,calib_c1 20261008-130316-m7-c1; i>=80 linear extrap,2400,16490
20261010-055332-d4-sim2,2026-10-10T05:55:52+00:00,conversation,0.1,18279,11.6,nfs,LRU+H2,LRU,H2,deferred,12644.182881,1895.214864,nan,475,29.6875,63835,89220,208175,calib_c1 20261008-130316-m7-c1; i>=80 linear extrap,2400,16490
20261010-055332-d4-sim2,2026-10-10T05:55:52+00:00,conversation,0.1,18279,11.6,nfs,LRU+NONE,LRU,NONE,deferred,12645.656017,1896.688001,nan,0,0.0,63835,89220,208175,calib_c1 20261008-130316-m7-c1; i>=80 linear extrap,2400,16490
20261010-055332-d4-sim2,2026-10-10T05:55:52+00:00,conversation,0.1,18279,11.6,nfs,2HIT+WT,2HIT,WT,deferred,13403.861403,2654.893387,nan,2479,154.9375,45504,89220,43716,calib_c1 20261008-130316-m7-c1; i>=80 linear extrap,2400,16490
20261010-055332-d4-sim2,2026-10-10T05:55:52+00:00,conversation,0.1,18279,11.6,nfs,2HIT+WB,2HIT,WB,deferred,13403.861403,2654.893387,nan,2479,154.9375,45504,89220,43716,calib_c1 20261008-130316-m7-c1; i>=80 linear extrap,2400,16490
20261010-055332-d4-sim2,2026-10-10T05:55:52+00:00,conversation,0.1,18279,11.6,nfs,2HIT+WB2,2HIT,WB2,deferred,13413.677463,2664.709447,nan,303,18.9375,45504,89220,43716,calib_c1 20261008-130316-m7-c1; i>=80 linear extrap,2400,16490
20261010-055332-d4-sim2,2026-10-10T05:55:52+00:00,conversation,0.1,18279,11.6,nfs,2HIT+H2,2HIT,H2,deferred,13413.677463,2664.709447,nan,475,29.6875,45504,89220,43716,calib_c1 20261008-130316-m7-c1; i>=80 linear extrap,2400,16490
20261010-055332-d4-sim2,2026-10-10T05:55:52+00:00,conversation,0.1,18279,11.6,nfs,2HIT+NONE,2HIT,NONE,deferred,13413.677463,2664.709447,nan,0,0.0,45504,89220,43716,calib_c1 20261008-130316-m7-c1; i>=80 linear extrap,2400,16490
20261010-055332-d4-sim2,2026-10-10T05:55:52+00:00,conversation,0.1,18279,11.6,nfs,SLRU+WT,SLRU,WT,deferred,13465.157058,2716.189042,nan,2479,154.9375,43988,89220,228022,calib_c1 20261008-130316-m7-c1; i>=80 linear extrap,2400,16490
20261010-055332-d4-sim2,2026-10-10T05:55:52+00:00,conversation,0.1,18279,11.6,nfs,SLRU+WB,SLRU,WB,deferred,13465.157058,2716.189042,nan,2285,142.8125,43988,89220,228022,calib_c1 20261008-130316-m7-c1; i>=80 linear extrap,2400,16490
20261010-055332-d4-sim2,2026-10-10T05:55:52+00:00,conversation,0.1,18279,11.6,nfs,SLRU+WB2,SLRU,WB2,deferred,13471.116806,2722.14879,nan,286,17.875,43988,89220,228022,calib_c1 20261008-130316-m7-c1; i>=80 linear extrap,2400,16490
20261010-055332-d4-sim2,2026-10-10T05:55:52+00:00,conversation,0.1,18279,11.6,nfs,SLRU+H2,SLRU,H2,deferred,13471.116806,2722.14879,nan,475,29.6875,43988,89220,228022,calib_c1 20261008-130316-m7-c1; i>=80 linear extrap,2400,16490
20261010-055332-d4-sim2,2026-10-10T05:55:52+00:00,conversation,0.1,18279,11.6,nfs,SLRU+NONE,SLRU,NONE,deferred,13472.482031,2723.514015,nan,0,0.0,43988,89220,228022,calib_c1 20261008-130316-m7-c1; i>=80 linear extrap,2400,16490
20261010-055332-d4-sim2,2026-10-10T05:55:52+00:00,conversation,0.1,18279,11.6,nfs,ARC+WT,ARC,WT,deferred,12474.004699,1725.036682,nan,2479,154.9375,65144,89220,206866,calib_c1 20261008-130316-m7-c1; i>=80 linear extrap,2400,16490
20261010-055332-d4-sim2,2026-10-10T05:55:52+00:00,conversation,0.1,18279,11.6,nfs,ARC+WB,ARC,WB,deferred,12474.004699,1725.036682,nan,2367,147.9375,65144,89220,206866,calib_c1 20261008-130316-m7-c1; i>=80 linear extrap,2400,16490
20261010-055332-d4-sim2,2026-10-10T05:55:52+00:00,conversation,0.1,18279,11.6,nfs,ARC+WB2,ARC,WB2,deferred,12478.797386,1729.82937,nan,367,22.9375,65144,89220,206866,calib_c1 20261008-130316-m7-c1; i>=80 linear extrap,2400,16490
20261010-055332-d4-sim2,2026-10-10T05:55:52+00:00,conversation,0.1,18279,11.6,nfs,ARC+H2,ARC,H2,deferred,12478.797386,1729.82937,nan,475,29.6875,65144,89220,206866,calib_c1 20261008-130316-m7-c1; i>=80 linear extrap,2400,16490
20261010-055332-d4-sim2,2026-10-10T05:55:52+00:00,conversation,0.1,18279,11.6,nfs,ARC+NONE,ARC,NONE,deferred,12480.113653,1731.145637,nan,0,0.0,65144,89220,206866,calib_c1 20261008-130316-m7-c1; i>=80 linear extrap,2400,16490
20261010-055332-d4-sim2,2026-10-10T05:55:52+00:00,conversation,0.1,18279,11.6,nfs,S3FIFO+WT,S3FIFO,WT,deferred,13002.20334,2253.235324,nan,2479,154.9375,53279,89220,218731,calib_c1 20261008-130316-m7-c1; i>=80 linear extrap,2400,16490
20261010-055332-d4-sim2,2026-10-10T05:55:52+00:00,conversation,0.1,18279,11.6,nfs,S3FIFO+WB,S3FIFO,WB,deferred,13002.20334,2253.235324,nan,2414,150.875,53279,89220,218731,calib_c1 20261008-130316-m7-c1; i>=80 linear extrap,2400,16490
20261010-055332-d4-sim2,2026-10-10T05:55:52+00:00,conversation,0.1,18279,11.6,nfs,S3FIFO+WB2,S3FIFO,WB2,deferred,13008.163088,2259.195072,nan,391,24.4375,53279,89220,218731,calib_c1 20261008-130316-m7-c1; i>=80 linear extrap,2400,16490
20261010-055332-d4-sim2,2026-10-10T05:55:52+00:00,conversation,0.1,18279,11.6,nfs,S3FIFO+H2,S3FIFO,H2,deferred,13008.163088,2259.195072,nan,475,29.6875,53279,89220,218731,calib_c1 20261008-130316-m7-c1; i>=80 linear extrap,2400,16490
20261010-055332-d4-sim2,2026-10-10T05:55:52+00:00,conversation,0.1,18279,11.6,nfs,S3FIFO+NONE,S3FIFO,NONE,deferred,13009.479355,2260.511339,nan,0,0.0,53279,89220,218731,calib_c1 20261008-130316-m7-c1; i>=80 linear extrap,2400,16490
20261010-055332-d4-sim2,2026-10-10T05:55:52+00:00,conversation,0.1,18279,11.6,nfs,WTPa+WBR,WTPa,WBR,wtp_a,11229.679223,480.711207,nan,0,0.0,89220,89220,43436,calib_c1 20261008-130316-m7-c1; i>=80 linear extrap,2400,16490
20261010-055332-d4-sim2,2026-10-10T05:55:52+00:00,conversation,0.1,18279,11.6,nfs,WTPa+WTR,WTPa,WTR,wtp_a,11229.679223,480.711207,nan,475,29.6875,89220,89220,43436,calib_c1 20261008-130316-m7-c1; i>=80 linear extrap,2400,16490
20261010-055332-d4-sim2,2026-10-10T05:55:52+00:00,conversation,0.1,18279,11.6,nfs,WTPb+WB,WTPb,WB,wtp_b,11508.183373,759.215357,nan,2302,143.875,82566,89220,47079,calib_c1 20261008-130316-m7-c1; i>=80 linear extrap,2400,16490
20261010-055332-d4-sim2,2026-10-10T05:55:52+00:00,conversation,0.1,18279,11.6,nfs,OPT-BELADY,BELADY,NEED,opt,11229.679223,480.711207,nan,0,0.0,89220,89220,43436,calib_c1 20261008-130316-m7-c1; i>=80 linear extrap,2400,16490
20261010-055332-d4-sim2,2026-10-10T05:55:52+00:00,conversation,0.1,18279,11.6,nfs,OPT-COST,COSTBELADY,NEED,opt,11229.679223,480.711207,nan,0,0.0,89220,89220,43436,calib_c1 20261008-130316-m7-c1; i>=80 linear extrap,2400,16490
20261010-055332-d4-sim2,2026-10-10T05:55:52+00:00,conversation,0.1,18279,11.6,nfs,KEVa+WBR,KEVa,WBR,kev_a,11229.679223,480.711207,nan,0,0.0,89220,89220,182790,calib_c1 20261008-130316-m7-c1; i>=80 linear extrap,2400,16490
20261010-055332-d4-sim2,2026-10-10T05:55:52+00:00,conversation,0.1,18279,11.6,nfs,KEVa+WB,KEVa,WB,kev_a,11229.679223,480.711207,nan,2260,141.25,89220,89220,182790,calib_c1 20261008-130316-m7-c1; i>=80 linear extrap,2400,16490
20261010-055332-d4-sim2,2026-10-10T05:55:52+00:00,conversation,0.1,18279,11.6,nfs,KEVb+WB,KEVb,WB,kev_b,11357.488052,608.520036,nan,2243,140.1875,86125,89220,185885,calib_c1 20261008-130316-m7-c1; i>=80 linear extrap,2400,16490
20261010-055332-d4-sim2,2026-10-10T05:55:54+00:00,conversation,0.25,45697,3.69,local,LRU+WT,LRU,WT,deferred,11547.725832,798.757816,nan,182790,11424.375,85488,89220,186522,calib_c1 20261008-130316-m7-c1; i>=80 linear extrap,2400,16490
20261010-055332-d4-sim2,2026-10-10T05:55:54+00:00,conversation,0.25,45697,3.69,local,LRU+WB,LRU,WB,deferred,12223.599566,1474.63155,nan,139085,8692.8125,85488,89220,186522,calib_c1 20261008-130316-m7-c1; i>=80 linear extrap,2400,16490
20261010-055332-d4-sim2,2026-10-10T05:55:54+00:00,conversation,0.25,45697,3.69,local,LRU+WB2,LRU,WB2,deferred,12400.637093,1651.669077,nan,30063,1878.9375,85488,89220,186522,calib_c1 20261008-130316-m7-c1; i>=80 linear extrap,2400,16490
20261010-055332-d4-sim2,2026-10-10T05:55:54+00:00,conversation,0.25,45697,3.69,local,LRU+H2,LRU,H2,deferred,12044.65015,1295.682134,nan,43436,2714.75,85488,89220,186522,calib_c1 20261008-130316-m7-c1; i>=80 linear extrap,2400,16490
20261010-055332-d4-sim2,2026-10-10T05:55:54+00:00,conversation,0.25,45697,3.69,local,LRU+NONE,LRU,NONE,deferred,12444.462183,1695.494167,nan,0,0.0,85488,89220,186522,calib_c1 20261008-130316-m7-c1; i>=80 linear extrap,2400,16490
20261010-055332-d4-sim2,2026-10-10T05:55:54+00:00,conversation,0.25,45697,3.69,local,2HIT+WT,2HIT,WT,deferred,11547.725832,798.757816,nan,182790,11424.375,45784,89220,43436,calib_c1 20261008-130316-m7-c1; i>=80 linear extrap,2400,16490
20261010-055332-d4-sim2,2026-10-10T05:55:54+00:00,conversation,0.25,45697,3.69,local,2HIT+WB,2HIT,WB,deferred,11547.725832,798.757816,nan,182790,11424.375,45784,89220,43436,calib_c1 20261008-130316-m7-c1; i>=80 linear extrap,2400,16490
20261010-055332-d4-sim2,2026-10-10T05:55:54+00:00,conversation,0.25,45697,3.69,local,2HIT+WB2,2HIT,WB2,deferred,13931.883302,3182.915286,nan,0,0.0,45784,89220,43436,calib_c1 20261008-130316-m7-c1; i>=80 linear extrap,2400,16490
20261010-055332-d4-sim2,2026-10-10T05:55:54+00:00,conversation,0.25,45697,3.69,local,2HIT+H2,2HIT,H2,deferred,13566.298398,2817.330382,nan,43436,2714.75,45784,89220,43436,calib_c1 20261008-130316-m7-c1; i>=80 linear extrap,2400,16490
20261010-055332-d4-sim2,2026-10-10T05:55:54+00:00,conversation,0.25,45697,3.69,local,2HIT+NONE,2HIT,NONE,deferred,13931.883302,3182.915286,nan,0,0.0,45784,89220,43436,calib_c1 20261008-130316-m7-c1; i>=80 linear extrap,2400,16490
20261010-055332-d4-sim2,2026-10-10T05:55:54+00:00,conversation,0.25,45697,3.69,local,SLRU+WT,SLRU,WT,deferred,11547.725832,798.757816,nan,182790,11424.375,80750,89220,191260,calib_c1 20261008-130316-m7-c1; i>=80 linear extrap,2400,16490
20261010-055332-d4-sim2,2026-10-10T05:55:54+00:00,conversation,0.25,45697,3.69,local,SLRU+WB,SLRU,WB,deferred,12177.973318,1429.005302,nan,139511,8719.4375,80750,89220,191260,calib_c1 20261008-130316-m7-c1; i>=80 linear extrap,2400,16490
20261010-055332-d4-sim2,2026-10-10T05:55:54+00:00,conversation,0.25,45697,3.69,local,SLRU+WB2,SLRU,WB2,deferred,12616.137667,1867.169651,nan,5495,343.4375,80750,89220,191260,calib_c1 20261008-130316-m7-c1; i>=80 linear extrap,2400,16490
20261010-055332-d4-sim2,2026-10-10T05:55:54+00:00,conversation,0.25,45697,3.69,local,SLRU+H2,SLRU,H2,deferred,12256.972697,1508.004681,nan,43436,2714.75,80750,89220,191260,calib_c1 20261008-130316-m7-c1; i>=80 linear extrap,2400,16490
20261010-055332-d4-sim2,2026-10-10T05:55:54+00:00,conversation,0.25,45697,3.69,local,SLRU+NONE,SLRU,NONE,deferred,12670.534148,1921.566132,nan,0,0.0,80750,89220,191260,calib_c1 20261008-130316-m7-c1; i>=80 linear extrap,2400,16490
20261010-055332-d4-sim2,2026-10-10T05:55:54+00:00,conversation,0.25,45697,3.69,local,ARC+WT,ARC,WT,deferred,11547.725832,798.757816,nan,182790,11424.375,80296,89220,191714,calib_c1 20261008-130316-m7-c1; i>=80 linear extrap,2400,16490
20261010-055332-d4-sim2,2026-10-10T05:55:54+00:00,conversation,0.25,45697,3.69,local,ARC+WB,ARC,WB,deferred,12166.658584,1417.690568,nan,144557,9034.8125,80296,89220,191714,calib_c1 20261008-130316-m7-c1; i>=80 linear extrap,2400,16490
20261010-055332-d4-sim2,2026-10-10T05:55:54+00:00,conversation,0.25,45697,3.69,local,ARC+WB2,ARC,WB2,deferred,12659.644691,1910.676675,nan,4819,301.1875,80296,89220,191714,calib_c1 20261008-130316-m7-c1; i>=80 linear extrap,2400,16490
20261010-055332-d4-sim2,2026-10-10T05:55:54+00:00,conversation,0.25,45697,3.69,local,ARC+H2,ARC,H2,deferred,12295.361341,1546.393325,nan,43436,2714.75,80296,89220,191714,calib_c1 20261008-130316-m7-c1; i>=80 linear extrap,2400,16490
20261010-055332-d4-sim2,2026-10-10T05:55:54+00:00,conversation,0.25,45697,3.69,local,ARC+NONE,ARC,NONE,deferred,12670.729526,1921.76151,nan,0,0.0,80296,89220,191714,calib_c1 20261008-130316-m7-c1; i>=80 linear extrap,2400,16490
20261010-055332-d4-sim2,2026-10-10T05:55:54+00:00,conversation,0.25,45697,3.69,local,S3FIFO+WT,S3FIFO,WT,deferred,11547.725832,798.757816,nan,182790,11424.375,80070,89220,191940,calib_c1 20261008-130316-m7-c1; i>=80 linear extrap,2400,16490
20261010-055332-d4-sim2,2026-10-10T05:55:54+00:00,conversation,0.25,45697,3.69,local,S3FIFO+WB,S3FIFO,WB,deferred,12162.506388,1413.538371,nan,145158,9072.375,80070,89220,191940,calib_c1 20261008-130316-m7-c1; i>=80 linear extrap,2400,16490
20261010-055332-d4-sim2,2026-10-10T05:55:54+00:00,conversation,0.25,45697,3.69,local,S3FIFO+WB2,S3FIFO,WB2,deferred,12671.699288,1922.731272,nan,2179,136.1875,80070,89220,191940,calib_c1 20261008-130316-m7-c1; i>=80 linear extrap,2400,16490
20261010-055332-d4-sim2,2026-10-10T05:55:54+00:00,conversation,0.25,45697,3.69,local,S3FIFO+H2,S3FIFO,H2,deferred,12306.321994,1557.353977,nan,43436,2714.75,80070,89220,191940,calib_c1 20261008-130316-m7-c1; i>=80 linear extrap,2400,16490
20261010-055332-d4-sim2,2026-10-10T05:55:54+00:00,conversation,0.25,45697,3.69,local,S3FIFO+NONE,S3FIFO,NONE,deferred,12672.173455,1923.205439,nan,0,0.0,80070,89220,191940,calib_c1 20261008-130316-m7-c1; i>=80 linear extrap,2400,16490
20261010-055332-d4-sim2,2026-10-10T05:55:54+00:00,conversation,0.25,45697,3.69,local,WTPa+WBR,WTPa,WBR,wtp_a,12260.146878,1511.178862,nan,0,0.0,89220,89220,43436,calib_c1 20261008-130316-m7-c1; i>=80 linear extrap,2400,16490
20261010-055332-d4-sim2,2026-10-10T05:55:54+00:00,conversation,0.25,45697,3.69,local,WTPa+WTR,WTPa,WTR,wtp_a,11547.725832,798.757816,nan,43436,2714.75,89220,89220,43436,calib_c1 20261008-130316-m7-c1; i>=80 linear extrap,2400,16490
20261010-055332-d4-sim2,2026-10-10T05:55:54+00:00,conversation,0.25,45697,3.69,local,WTPb+WB,WTPb,WB,wtp_b,12208.963075,1459.995059,nan,138033,8627.0625,84695,89220,46677,calib_c1 20261008-130316-m7-c1; i>=80 linear extrap,2400,16490
20261010-055332-d4-sim2,2026-10-10T05:55:54+00:00,conversation,0.25,45697,3.69,local,OPT-BELADY,BELADY,NEED,opt,12260.146878,1511.178862,nan,0,0.0,89220,89220,43436,calib_c1 20261008-130316-m7-c1; i>=80 linear extrap,2400,16490
20261010-055332-d4-sim2,2026-10-10T05:55:54+00:00,conversation,0.25,45697,3.69,local,OPT-COST,COSTBELADY,NEED,opt,11547.725832,798.757816,nan,43436,2714.75,0,89220,0,calib_c1 20261008-130316-m7-c1; i>=80 linear extrap,2400,16490
20261010-055332-d4-sim2,2026-10-10T05:55:54+00:00,conversation,0.25,45697,3.69,local,KEVa+WBR,KEVa,WBR,kev_a,12260.146878,1511.178862,nan,0,0.0,89220,89220,182790,calib_c1 20261008-130316-m7-c1; i>=80 linear extrap,2400,16490
20261010-055332-d4-sim2,2026-10-10T05:55:54+00:00,conversation,0.25,45697,3.69,local,KEVa+WB,KEVa,WB,kev_a,12260.146878,1511.178862,nan,137093,8568.3125,89220,89220,182790,calib_c1 20261008-130316-m7-c1; i>=80 linear extrap,2400,16490
20261010-055332-d4-sim2,2026-10-10T05:55:54+00:00,conversation,0.25,45697,3.69,local,KEVb+WB,KEVb,WB,kev_b,12242.500044,1493.532028,nan,137782,8611.375,88531,89220,183479,calib_c1 20261008-130316-m7-c1; i>=80 linear extrap,2400,16490
20261010-055332-d4-sim2,2026-10-10T05:55:54+00:00,conversation,0.25,45697,3.69,nfs,LRU+WT,LRU,WT,deferred,12443.102383,1694.134367,nan,2479,154.9375,85488,89220,186522,calib_c1 20261008-130316-m7-c1; i>=80 linear extrap,2400,16490
20261010-055332-d4-sim2,2026-10-10T05:55:54+00:00,conversation,0.25,45697,3.69,nfs,LRU+WB,LRU,WB,deferred,12443.102383,1694.134367,nan,1938,121.125,85488,89220,186522,calib_c1 20261008-130316-m7-c1; i>=80 linear extrap,2400,16490
20261010-055332-d4-sim2,2026-10-10T05:55:54+00:00,conversation,0.25,45697,3.69,nfs,LRU+WB2,LRU,WB2,deferred,12444.462183,1695.494167,nan,353,22.0625,85488,89220,186522,calib_c1 20261008-130316-m7-c1; i>=80 linear extrap,2400,16490
20261010-055332-d4-sim2,2026-10-10T05:55:54+00:00,conversation,0.25,45697,3.69,nfs,LRU+H2,LRU,H2,deferred,12444.462183,1695.494167,nan,475,29.6875,85488,89220,186522,calib_c1 20261008-130316-m7-c1; i>=80 linear extrap,2400,16490
20261010-055332-d4-sim2,2026-10-10T05:55:54+00:00,conversation,0.25,45697,3.69,nfs,LRU+NONE,LRU,NONE,deferred,12444.462183,1695.494167,nan,0,0.0,85488,89220,186522,calib_c1 20261008-130316-m7-c1; i>=80 linear extrap,2400,16490
20261010-055332-d4-sim2,2026-10-10T05:55:54+00:00,conversation,0.25,45697,3.69,nfs,2HIT+WT,2HIT,WT,deferred,13922.067242,3173.099226,nan,2479,154.9375,45784,89220,43436,calib_c1 20261008-130316-m7-c1; i>=80 linear extrap,2400,16490
20261010-055332-d4-sim2,2026-10-10T05:55:54+00:00,conversation,0.25,45697,3.69,nfs,2HIT+WB,2HIT,WB,deferred,13922.067242,3173.099226,nan,2479,154.9375,45784,89220,43436,calib_c1 20261008-130316-m7-c1; i>=80 linear extrap,2400,16490
20261010-055332-d4-sim2,2026-10-10T05:55:54+00:00,conversation,0.25,45697,3.69,nfs,2HIT+WB2,2HIT,WB2,deferred,13931.883302,3182.915286,nan,0,0.0,45784,89220,43436,calib_c1 20261008-130316-m7-c1; i>=80 linear extrap,2400,16490
20261010-055332-d4-sim2,2026-10-10T05:55:54+00:00,conversation,0.25,45697,3.69,nfs,2HIT+H2,2HIT,H2,deferred,13931.883302,3182.915286,nan,475,29.6875,45784,89220,43436,calib_c1 20261008-130316-m7-c1; i>=80 linear extrap,2400,16490
20261010-055332-d4-sim2,2026-10-10T05:55:54+00:00,conversation,0.25,45697,3.69,nfs,2HIT+NONE,2HIT,NONE,deferred,13931.883302,3182.915286,nan,0,0.0,45784,89220,43436,calib_c1 20261008-130316-m7-c1; i>=80 linear extrap,2400,16490
20261010-055332-d4-sim2,2026-10-10T05:55:54+00:00,conversation,0.25,45697,3.69,nfs,SLRU+WT,SLRU,WT,deferred,12664.449524,1915.481508,nan,2479,154.9375,80750,89220,191260,calib_c1 20261008-130316-m7-c1; i>=80 linear extrap,2400,16490
20261010-055332-d4-sim2,2026-10-10T05:55:54+00:00,conversation,0.25,45697,3.69,nfs,SLRU+WB,SLRU,WB,deferred,12664.449524,1915.481508,nan,2118,132.375,80750,89220,191260,calib_c1 20261008-130316-m7-c1; i>=80 linear extrap,2400,16490
20261010-055332-d4-sim2,2026-10-10T05:55:54+00:00,conversation,0.25,45697,3.69,nfs,SLRU+WB2,SLRU,WB2,deferred,12669.230046,1920.26203,nan,118,7.375,80750,89220,191260,calib_c1 20261008-130316-m7-c1; i>=80 linear extrap,2400,16490
20261010-055332-d4-sim2,2026-10-10T05:55:54+00:00,conversation,0.25,45697,3.69,nfs,SLRU+H2,SLRU,H2,deferred,12669.230046,1920.26203,nan,475,29.6875,80750,89220,191260,calib_c1 20261008-130316-m7-c1; i>=80 linear extrap,2400,16490
20261010-055332-d4-sim2,2026-10-10T05:55:54+00:00,conversation,0.25,45697,3.69,nfs,SLRU+NONE,SLRU,NONE,deferred,12670.534148,1921.566132,nan,0,0.0,80750,89220,191260,calib_c1 20261008-130316-m7-c1; i>=80 linear extrap,2400,16490
20261010-055332-d4-sim2,2026-10-10T05:55:54+00:00,conversation,0.25,45697,3.69,nfs,ARC+WT,ARC,WT,deferred,12665.949004,1916.980988,nan,2479,154.9375,80296,89220,191714,calib_c1 20261008-130316-m7-c1; i>=80 linear extrap,2400,16490
20261010-055332-d4-sim2,2026-10-10T05:55:54+00:00,conversation,0.25,45697,3.69,nfs,ARC+WB,ARC,WB,deferred,12665.949004,1916.980988,nan,2279,142.4375,80296,89220,191714,calib_c1 20261008-130316-m7-c1; i>=80 linear extrap,2400,16490
20261010-055332-d4-sim2,2026-10-10T05:55:54+00:00,conversation,0.25,45697,3.69,nfs,ARC+WB2,ARC,WB2,deferred,12670.729526,1921.76151,nan,125,7.8125,80296,89220,191714,calib_c1 20261008-130316-m7-c1; i>=80 linear extrap,2400,16490
20261010-055332-d4-sim2,2026-10-10T05:55:54+00:00,conversation,0.25,45697,3.69,nfs,ARC+H2,ARC,H2,deferred,12670.729526,1921.76151,nan,475,29.6875,80296,89220,191714,calib_c1 20261008-130316-m7-c1; i>=80 linear extrap,2400,16490
20261010-055332-d4-sim2,2026-10-10T05:55:54+00:00,conversation,0.25,45697,3.69,nfs,ARC+NONE,ARC,NONE,deferred,12670.729526,1921.76151,nan,0,0.0,80296,89220,191714,calib_c1 20261008-130316-m7-c1; i>=80 linear extrap,2400,16490
20261010-055332-d4-sim2,2026-10-10T05:55:54+00:00,conversation,0.25,45697,3.69,nfs,S3FIFO+WT,S3FIFO,WT,deferred,12667.392933,1918.424917,nan,2479,154.9375,80070,89220,191940,calib_c1 20261008-130316-m7-c1; i>=80 linear extrap,2400,16490
20261010-055332-d4-sim2,2026-10-10T05:55:54+00:00,conversation,0.25,45697,3.69,nfs,S3FIFO+WB,S3FIFO,WB,deferred,12667.392933,1918.424917,nan,2210,138.125,80070,89220,191940,calib_c1 20261008-130316-m7-c1; i>=80 linear extrap,2400,16490
20261010-055332-d4-sim2,2026-10-10T05:55:54+00:00,conversation,0.25,45697,3.69,nfs,S3FIFO+WB2,S3FIFO,WB2,deferred,12672.173455,1923.205439,nan,54,3.375,80070,89220,191940,calib_c1 20261008-130316-m7-c1; i>=80 linear extrap,2400,16490
20261010-055332-d4-sim2,2026-10-10T05:55:54+00:00,conversation,0.25,45697,3.69,nfs,S3FIFO+H2,S3FIFO,H2,deferred,12672.173455,1923.205439,nan,475,29.6875,80070,89220,191940,calib_c1 20261008-130316-m7-c1; i>=80 linear extrap,2400,16490
20261010-055332-d4-sim2,2026-10-10T05:55:54+00:00,conversation,0.25,45697,3.69,nfs,S3FIFO+NONE,S3FIFO,NONE,deferred,12672.173455,1923.205439,nan,0,0.0,80070,89220,191940,calib_c1 20261008-130316-m7-c1; i>=80 linear extrap,2400,16490
20261010-055332-d4-sim2,2026-10-10T05:55:54+00:00,conversation,0.25,45697,3.69,nfs,WTPa+WBR,WTPa,WBR,wtp_a,12260.146878,1511.178862,nan,0,0.0,89220,89220,43436,calib_c1 20261008-130316-m7-c1; i>=80 linear extrap,2400,16490
20261010-055332-d4-sim2,2026-10-10T05:55:54+00:00,conversation,0.25,45697,3.69,nfs,WTPa+WTR,WTPa,WTR,wtp_a,12260.146878,1511.178862,nan,475,29.6875,89220,89220,43436,calib_c1 20261008-130316-m7-c1; i>=80 linear extrap,2400,16490
20261010-055332-d4-sim2,2026-10-10T05:55:54+00:00,conversation,0.25,45697,3.69,nfs,WTPb+WB,WTPb,WB,wtp_b,12374.443713,1625.475697,nan,1981,123.8125,84695,89220,46677,calib_c1 20261008-130316-m7-c1; i>=80 linear extrap,2400,16490
20261010-055332-d4-sim2,2026-10-10T05:55:54+00:00,conversation,0.25,45697,3.69,nfs,OPT-BELADY,BELADY,NEED,opt,12260.146878,1511.178862,nan,0,0.0,89220,89220,43436,calib_c1 20261008-130316-m7-c1; i>=80 linear extrap,2400,16490
20261010-055332-d4-sim2,2026-10-10T05:55:54+00:00,conversation,0.25,45697,3.69,nfs,OPT-COST,COSTBELADY,NEED,opt,12260.146878,1511.178862,nan,0,0.0,89220,89220,43436,calib_c1 20261008-130316-m7-c1; i>=80 linear extrap,2400,16490
20261010-055332-d4-sim2,2026-10-10T05:55:54+00:00,conversation,0.25,45697,3.69,nfs,KEVa+WBR,KEVa,WBR,kev_a,12260.146878,1511.178862,nan,0,0.0,89220,89220,182790,calib_c1 20261008-130316-m7-c1; i>=80 linear extrap,2400,16490
20261010-055332-d4-sim2,2026-10-10T05:55:54+00:00,conversation,0.25,45697,3.69,nfs,KEVa+WB,KEVa,WB,kev_a,12260.146878,1511.178862,nan,1862,116.375,89220,89220,182790,calib_c1 20261008-130316-m7-c1; i>=80 linear extrap,2400,16490
20261010-055332-d4-sim2,2026-10-10T05:55:54+00:00,conversation,0.25,45697,3.69,nfs,KEVb+WB,KEVb,WB,kev_b,12282.928045,1533.960029,nan,1944,121.5,88531,89220,183479,calib_c1 20261008-130316-m7-c1; i>=80 linear extrap,2400,16490
20261010-055332-d4-sim2,2026-10-10T05:55:55+00:00,conversation,0.25,45697,11.6,local,LRU+WT,LRU,WT,deferred,11242.982854,494.014838,nan,182790,11424.375,85488,89220,186522,calib_c1 20261008-130316-m7-c1; i>=80 linear extrap,2400,16490
20261010-055332-d4-sim2,2026-10-10T05:55:55+00:00,conversation,0.25,45697,11.6,local,LRU+WB,LRU,WB,deferred,11242.982854,494.014838,nan,139085,8692.8125,85488,89220,186522,calib_c1 20261008-130316-m7-c1; i>=80 linear extrap,2400,16490
20261010-055332-d4-sim2,2026-10-10T05:55:55+00:00,conversation,0.25,45697,11.6,local,LRU+WB2,LRU,WB2,deferred,11415.756394,666.788378,nan,30063,1878.9375,85488,89220,186522,calib_c1 20261008-130316-m7-c1; i>=80 linear extrap,2400,16490
20261010-055332-d4-sim2,2026-10-10T05:55:55+00:00,conversation,0.25,45697,11.6,local,LRU+H2,LRU,H2,deferred,11415.756394,666.788378,nan,43436,2714.75,85488,89220,186522,calib_c1 20261008-130316-m7-c1; i>=80 linear extrap,2400,16490
20261010-055332-d4-sim2,2026-10-10T05:55:55+00:00,conversation,0.25,45697,11.6,local,LRU+NONE,LRU,NONE,deferred,11457.098152,708.130136,nan,0,0.0,85488,89220,186522,calib_c1 20261008-130316-m7-c1; i>=80 linear extrap,2400,16490
20261010-055332-d4-sim2,2026-10-10T05:55:55+00:00,conversation,0.25,45697,11.6,local,2HIT+WT,2HIT,WT,deferred,11384.517516,635.5495,nan,182790,11424.375,45784,89220,43436,calib_c1 20261008-130316-m7-c1; i>=80 linear extrap,2400,16490
20261010-055332-d4-sim2,2026-10-10T05:55:55+00:00,conversation,0.25,45697,11.6,local,2HIT+WB,2HIT,WB,deferred,11384.517516,635.5495,nan,182790,11424.375,45784,89220,43436,calib_c1 20261008-130316-m7-c1; i>=80 linear extrap,2400,16490
20261010-055332-d4-sim2,2026-10-10T05:55:55+00:00,conversation,0.25,45697,11.6,local,2HIT+WB2,2HIT,WB2,deferred,13403.090082,2654.122066,nan,0,0.0,45784,89220,43436,calib_c1 20261008-130316-m7-c1; i>=80 linear extrap,2400,16490
20261010-055332-d4-sim2,2026-10-10T05:55:55+00:00,conversation,0.25,45697,11.6,local,2HIT+H2,2HIT,H2,deferred,13403.090082,2654.122066,nan,43436,2714.75,45784,89220,43436,calib_c1 20261008-130316-m7-c1; i>=80 linear extrap,2400,16490
20261010-055332-d4-sim2,2026-10-10T05:55:55+00:00,conversation,0.25,45697,11.6,local,2HIT+NONE,2HIT,NONE,deferred,13403.090082,2654.122066,nan,0,0.0,45784,89220,43436,calib_c1 20261008-130316-m7-c1; i>=80 linear extrap,2400,16490
20261010-055332-d4-sim2,2026-10-10T05:55:55+00:00,conversation,0.25,45697,11.6,local,SLRU+WT,SLRU,WT,deferred,11259.872619,510.904603,nan,182790,11424.375,80750,89220,191260,calib_c1 20261008-130316-m7-c1; i>=80 linear extrap,2400,16490
20261010-055332-d4-sim2,2026-10-10T05:55:55+00:00,conversation,0.25,45697,11.6,local,SLRU+WB,SLRU,WB,deferred,11259.872619,510.904603,nan,139511,8719.4375,80750,89220,191260,calib_c1 20261008-130316-m7-c1; i>=80 linear extrap,2400,16490
20261010-055332-d4-sim2,2026-10-10T05:55:55+00:00,conversation,0.25,45697,11.6,local,SLRU+WB2,SLRU,WB2,deferred,11683.703906,934.73589,nan,5495,343.4375,80750,89220,191260,calib_c1 20261008-130316-m7-c1; i>=80 linear extrap,2400,16490
20261010-055332-d4-sim2,2026-10-10T05:55:55+00:00,conversation,0.25,45697,11.6,local,SLRU+H2,SLRU,H2,deferred,11683.703906,934.73589,nan,43436,2714.75,80750,89220,191260,calib_c1 20261008-130316-m7-c1; i>=80 linear extrap,2400,16490
20261010-055332-d4-sim2,2026-10-10T05:55:55+00:00,conversation,0.25,45697,11.6,local,SLRU+NONE,SLRU,NONE,deferred,11737.892776,988.92476,nan,0,0.0,80750,89220,191260,calib_c1 20261008-130316-m7-c1; i>=80 linear extrap,2400,16490
20261010-055332-d4-sim2,2026-10-10T05:55:55+00:00,conversation,0.25,45697,11.6,local,ARC+WT,ARC,WT,deferred,11261.491013,512.522997,nan,182790,11424.375,80296,89220,191714,calib_c1 20261008-130316-m7-c1; i>=80 linear extrap,2400,16490
20261010-055332-d4-sim2,2026-10-10T05:55:55+00:00,conversation,0.25,45697,11.6,local,ARC+WB,ARC,WB,deferred,11261.491013,512.522997,nan,144557,9034.8125,80296,89220,191714,calib_c1 20261008-130316-m7-c1; i>=80 linear extrap,2400,16490
20261010-055332-d4-sim2,2026-10-10T05:55:55+00:00,conversation,0.25,45697,11.6,local,ARC+WB2,ARC,WB2,deferred,11732.342721,983.374705,nan,4819,301.1875,80296,89220,191714,calib_c1 20261008-130316-m7-c1; i>=80 linear extrap,2400,16490
20261010-055332-d4-sim2,2026-10-10T05:55:55+00:00,conversation,0.25,45697,11.6,local,ARC+H2,ARC,H2,deferred,11732.342721,983.374705,nan,43436,2714.75,80296,89220,191714,calib_c1 20261008-130316-m7-c1; i>=80 linear extrap,2400,16490
20261010-055332-d4-sim2,2026-10-10T05:55:55+00:00,conversation,0.25,45697,11.6,local,ARC+NONE,ARC,NONE,deferred,11743.331736,994.36372,nan,0,0.0,80296,89220,191714,calib_c1 20261008-130316-m7-c1; i>=80 linear extrap,2400,16490
20261010-055332-d4-sim2,2026-10-10T05:55:55+00:00,conversation,0.25,45697,11.6,local,S3FIFO+WT,S3FIFO,WT,deferred,11262.296646,513.32863,nan,182790,11424.375,80070,89220,191940,calib_c1 20261008-130316-m7-c1; i>=80 linear extrap,2400,16490
20261010-055332-d4-sim2,2026-10-10T05:55:55+00:00,conversation,0.25,45697,11.6,local,S3FIFO+WB,S3FIFO,WB,deferred,11262.296646,513.32863,nan,145158,9072.375,80070,89220,191940,calib_c1 20261008-130316-m7-c1; i>=80 linear extrap,2400,16490
20261010-055332-d4-sim2,2026-10-10T05:55:55+00:00,conversation,0.25,45697,11.6,local,S3FIFO+WB2,S3FIFO,WB2,deferred,11746.999574,998.031558,nan,2179,136.1875,80070,89220,191940,calib_c1 20261008-130316-m7-c1; i>=80 linear extrap,2400,16490
20261010-055332-d4-sim2,2026-10-10T05:55:55+00:00,conversation,0.25,45697,11.6,local,S3FIFO+H2,S3FIFO,H2,deferred,11746.999574,998.031558,nan,43436,2714.75,80070,89220,191940,calib_c1 20261008-130316-m7-c1; i>=80 linear extrap,2400,16490
20261010-055332-d4-sim2,2026-10-10T05:55:55+00:00,conversation,0.25,45697,11.6,local,S3FIFO+NONE,S3FIFO,NONE,deferred,11747.385906,998.41789,nan,0,0.0,80070,89220,191940,calib_c1 20261008-130316-m7-c1; i>=80 linear extrap,2400,16490
20261010-055332-d4-sim2,2026-10-10T05:55:55+00:00,conversation,0.25,45697,11.6,local,WTPa+WBR,WTPa,WBR,wtp_a,11229.679223,480.711207,nan,0,0.0,89220,89220,43436,calib_c1 20261008-130316-m7-c1; i>=80 linear extrap,2400,16490
20261010-055332-d4-sim2,2026-10-10T05:55:55+00:00,conversation,0.25,45697,11.6,local,WTPa+WTR,WTPa,WTR,wtp_a,11229.679223,480.711207,nan,43436,2714.75,89220,89220,43436,calib_c1 20261008-130316-m7-c1; i>=80 linear extrap,2400,16490
20261010-055332-d4-sim2,2026-10-10T05:55:55+00:00,conversation,0.25,45697,11.6,local,WTPb+WB,WTPb,WB,wtp_b,11245.809697,496.841681,nan,138033,8627.0625,84695,89220,46677,calib_c1 20261008-130316-m7-c1; i>=80 linear extrap,2400,16490
20261010-055332-d4-sim2,2026-10-10T05:55:55+00:00,conversation,0.25,45697,11.6,local,OPT-BELADY,BELADY,NEED,opt,11229.679223,480.711207,nan,0,0.0,89220,89220,43436,calib_c1 20261008-130316-m7-c1; i>=80 linear extrap,2400,16490
20261010-055332-d4-sim2,2026-10-10T05:55:55+00:00,conversation,0.25,45697,11.6,local,OPT-COST,COSTBELADY,NEED,opt,11229.679223,480.711207,nan,0,0.0,89220,89220,43436,calib_c1 20261008-130316-m7-c1; i>=80 linear extrap,2400,16490
20261010-055332-d4-sim2,2026-10-10T05:55:55+00:00,conversation,0.25,45697,11.6,local,KEVa+WBR,KEVa,WBR,kev_a,11229.679223,480.711207,nan,0,0.0,89220,89220,182790,calib_c1 20261008-130316-m7-c1; i>=80 linear extrap,2400,16490
20261010-055332-d4-sim2,2026-10-10T05:55:55+00:00,conversation,0.25,45697,11.6,local,KEVa+WB,KEVa,WB,kev_a,11229.679223,480.711207,nan,137093,8568.3125,89220,89220,182790,calib_c1 20261008-130316-m7-c1; i>=80 linear extrap,2400,16490
20261010-055332-d4-sim2,2026-10-10T05:55:55+00:00,conversation,0.25,45697,11.6,local,KEVb+WB,KEVb,WB,kev_b,11232.135333,483.167317,nan,137782,8611.375,88531,89220,183479,calib_c1 20261008-130316-m7-c1; i>=80 linear extrap,2400,16490
20261010-055332-d4-sim2,2026-10-10T05:55:55+00:00,conversation,0.25,45697,11.6,nfs,LRU+WT,LRU,WT,deferred,11455.738352,706.770336,nan,2479,154.9375,85488,89220,186522,calib_c1 20261008-130316-m7-c1; i>=80 linear extrap,2400,16490
20261010-055332-d4-sim2,2026-10-10T05:55:55+00:00,conversation,0.25,45697,11.6,nfs,LRU+WB,LRU,WB,deferred,11455.738352,706.770336,nan,1938,121.125,85488,89220,186522,calib_c1 20261008-130316-m7-c1; i>=80 linear extrap,2400,16490
20261010-055332-d4-sim2,2026-10-10T05:55:55+00:00,conversation,0.25,45697,11.6,nfs,LRU+WB2,LRU,WB2,deferred,11457.098152,708.130136,nan,353,22.0625,85488,89220,186522,calib_c1 20261008-130316-m7-c1; i>=80 linear extrap,2400,16490
20261010-055332-d4-sim2,2026-10-10T05:55:55+00:00,conversation,0.25,45697,11.6,nfs,LRU+H2,LRU,H2,deferred,11457.098152,708.130136,nan,475,29.6875,85488,89220,186522,calib_c1 20261008-130316-m7-c1; i>=80 linear extrap,2400,16490
20261010-055332-d4-sim2,2026-10-10T05:55:55+00:00,conversation,0.25,45697,11.6,nfs,LRU+NONE,LRU,NONE,deferred,11457.098152,708.130136,nan,0,0.0,85488,89220,186522,calib_c1 20261008-130316-m7-c1; i>=80 linear extrap,2400,16490
20261010-055332-d4-sim2,2026-10-10T05:55:55+00:00,conversation,0.25,45697,11.6,nfs,2HIT+WT,2HIT,WT,deferred,13393.274022,2644.306006,nan,2479,154.9375,45784,89220,43436,calib_c1 20261008-130316-m7-c1; i>=80 linear extrap,2400,16490
20261010-055332-d4-sim2,2026-10-10T05:55:55+00:00,conversation,0.25,45697,11.6,nfs,2HIT+WB,2HIT,WB,deferred,13393.274022,2644.306006,nan,2479,154.9375,45784,89220,43436,calib_c1 20261008-130316-m7-c1; i>=80 linear extrap,2400,16490
20261010-055332-d4-sim2,2026-10-10T05:55:55+00:00,conversation,0.25,45697,11.6,nfs,2HIT+WB2,2HIT,WB2,deferred,13403.090082,2654.122066,nan,0,0.0,45784,89220,43436,calib_c1 20261008-130316-m7-c1; i>=80 linear extrap,2400,16490
20261010-055332-d4-sim2,2026-10-10T05:55:55+00:00,conversation,0.25,45697,11.6,nfs,2HIT+H2,2HIT,H2,deferred,13403.090082,2654.122066,nan,475,29.6875,45784,89220,43436,calib_c1 20261008-130316-m7-c1; i>=80 linear extrap,2400,16490
20261010-055332-d4-sim2,2026-10-10T05:55:55+00:00,conversation,0.25,45697,11.6,nfs,2HIT+NONE,2HIT,NONE,deferred,13403.090082,2654.122066,nan,0,0.0,45784,89220,43436,calib_c1 20261008-130316-m7-c1; i>=80 linear extrap,2400,16490
20261010-055332-d4-sim2,2026-10-10T05:55:55+00:00,conversation,0.25,45697,11.6,nfs,SLRU+WT,SLRU,WT,deferred,11731.808153,982.840137,nan,2479,154.9375,80750,89220,191260,calib_c1 20261008-130316-m7-c1; i>=80 linear extrap,2400,16490
20261010-055332-d4-sim2,2026-10-10T05:55:55+00:00,conversation,0.25,45697,11.6,nfs,SLRU+WB,SLRU,WB,deferred,11731.808153,982.840137,nan,2118,132.375,80750,89220,191260,calib_c1 20261008-130316-m7-c1; i>=80 linear extrap,2400,16490
20261010-055332-d4-sim2,2026-10-10T05:55:55+00:00,conversation,0.25,45697,11.6,nfs,SLRU+WB2,SLRU,WB2,deferred,11736.588675,987.620659,nan,118,7.375,80750,89220,191260,calib_c1 20261008-130316-m7-c1; i>=80 linear extrap,2400,16490
20261010-055332-d4-sim2,2026-10-10T05:55:55+00:00,conversation,0.25,45697,11.6,nfs,SLRU+H2,SLRU,H2,deferred,11736.588675,987.620659,nan,475,29.6875,80750,89220,191260,calib_c1 20261008-130316-m7-c1; i>=80 linear extrap,2400,16490
20261010-055332-d4-sim2,2026-10-10T05:55:55+00:00,conversation,0.25,45697,11.6,nfs,SLRU+NONE,SLRU,NONE,deferred,11737.892776,988.92476,nan,0,0.0,80750,89220,191260,calib_c1 20261008-130316-m7-c1; i>=80 linear extrap,2400,16490
20261010-055332-d4-sim2,2026-10-10T05:55:55+00:00,conversation,0.25,45697,11.6,nfs,ARC+WT,ARC,WT,deferred,11738.551214,989.583198,nan,2479,154.9375,80296,89220,191714,calib_c1 20261008-130316-m7-c1; i>=80 linear extrap,2400,16490
20261010-055332-d4-sim2,2026-10-10T05:55:55+00:00,conversation,0.25,45697,11.6,nfs,ARC+WB,ARC,WB,deferred,11738.551214,989.583198,nan,2279,142.4375,80296,89220,191714,calib_c1 20261008-130316-m7-c1; i>=80 linear extrap,2400,16490
20261010-055332-d4-sim2,2026-10-10T05:55:55+00:00,conversation,0.25,45697,11.6,nfs,ARC+WB2,ARC,WB2,deferred,11743.331736,994.36372,nan,125,7.8125,80296,89220,191714,calib_c1 20261008-130316-m7-c1; i>=80 linear extrap,2400,16490
20261010-055332-d4-sim2,2026-10-10T05:55:55+00:00,conversation,0.25,45697,11.6,nfs,ARC+H2,ARC,H2,deferred,11743.331736,994.36372,nan,475,29.6875,80296,89220,191714,calib_c1 20261008-130316-m7-c1; i>=80 linear extrap,2400,16490
20261010-055332-d4-sim2,2026-10-10T05:55:55+00:00,conversation,0.25,45697,11.6,nfs,ARC+NONE,ARC,NONE,deferred,11743.331736,994.36372,nan,0,0.0,80296,89220,191714,calib_c1 20261008-130316-m7-c1; i>=80 linear extrap,2400,16490
20261010-055332-d4-sim2,2026-10-10T05:55:55+00:00,conversation,0.25,45697,11.6,nfs,S3FIFO+WT,S3FIFO,WT,deferred,11742.605384,993.637367,nan,2479,154.9375,80070,89220,191940,calib_c1 20261008-130316-m7-c1; i>=80 linear extrap,2400,16490
20261010-055332-d4-sim2,2026-10-10T05:55:55+00:00,conversation,0.25,45697,11.6,nfs,S3FIFO+WB,S3FIFO,WB,deferred,11742.605384,993.637367,nan,2210,138.125,80070,89220,191940,calib_c1 20261008-130316-m7-c1; i>=80 linear extrap,2400,16490
20261010-055332-d4-sim2,2026-10-10T05:55:55+00:00,conversation,0.25,45697,11.6,nfs,S3FIFO+WB2,S3FIFO,WB2,deferred,11747.385906,998.41789,nan,54,3.375,80070,89220,191940,calib_c1 20261008-130316-m7-c1; i>=80 linear extrap,2400,16490
20261010-055332-d4-sim2,2026-10-10T05:55:55+00:00,conversation,0.25,45697,11.6,nfs,S3FIFO+H2,S3FIFO,H2,deferred,11747.385906,998.41789,nan,475,29.6875,80070,89220,191940,calib_c1 20261008-130316-m7-c1; i>=80 linear extrap,2400,16490
20261010-055332-d4-sim2,2026-10-10T05:55:55+00:00,conversation,0.25,45697,11.6,nfs,S3FIFO+NONE,S3FIFO,NONE,deferred,11747.385906,998.41789,nan,0,0.0,80070,89220,191940,calib_c1 20261008-130316-m7-c1; i>=80 linear extrap,2400,16490
20261010-055332-d4-sim2,2026-10-10T05:55:55+00:00,conversation,0.25,45697,11.6,nfs,WTPa+WBR,WTPa,WBR,wtp_a,11229.679223,480.711207,nan,0,0.0,89220,89220,43436,calib_c1 20261008-130316-m7-c1; i>=80 linear extrap,2400,16490
20261010-055332-d4-sim2,2026-10-10T05:55:55+00:00,conversation,0.25,45697,11.6,nfs,WTPa+WTR,WTPa,WTR,wtp_a,11229.679223,480.711207,nan,475,29.6875,89220,89220,43436,calib_c1 20261008-130316-m7-c1; i>=80 linear extrap,2400,16490
20261010-055332-d4-sim2,2026-10-10T05:55:55+00:00,conversation,0.25,45697,11.6,nfs,WTPb+WB,WTPb,WB,wtp_b,11396.238624,647.270608,nan,1981,123.8125,84695,89220,46677,calib_c1 20261008-130316-m7-c1; i>=80 linear extrap,2400,16490
20261010-055332-d4-sim2,2026-10-10T05:55:55+00:00,conversation,0.25,45697,11.6,nfs,OPT-BELADY,BELADY,NEED,opt,11229.679223,480.711207,nan,0,0.0,89220,89220,43436,calib_c1 20261008-130316-m7-c1; i>=80 linear extrap,2400,16490
20261010-055332-d4-sim2,2026-10-10T05:55:55+00:00,conversation,0.25,45697,11.6,nfs,OPT-COST,COSTBELADY,NEED,opt,11229.679223,480.711207,nan,0,0.0,89220,89220,43436,calib_c1 20261008-130316-m7-c1; i>=80 linear extrap,2400,16490
20261010-055332-d4-sim2,2026-10-10T05:55:55+00:00,conversation,0.25,45697,11.6,nfs,KEVa+WBR,KEVa,WBR,kev_a,11229.679223,480.711207,nan,0,0.0,89220,89220,182790,calib_c1 20261008-130316-m7-c1; i>=80 linear extrap,2400,16490
20261010-055332-d4-sim2,2026-10-10T05:55:55+00:00,conversation,0.25,45697,11.6,nfs,KEVa+WB,KEVa,WB,kev_a,11229.679223,480.711207,nan,1862,116.375,89220,89220,182790,calib_c1 20261008-130316-m7-c1; i>=80 linear extrap,2400,16490
20261010-055332-d4-sim2,2026-10-10T05:55:55+00:00,conversation,0.25,45697,11.6,nfs,KEVb+WB,KEVb,WB,kev_b,11260.41816,511.450144,nan,1944,121.5,88531,89220,183479,calib_c1 20261008-130316-m7-c1; i>=80 linear extrap,2400,16490
20261010-055332-d4-sim2,2026-10-10T05:55:57+00:00,conversation,0.5,91395,3.69,local,LRU+WT,LRU,WT,deferred,11547.725832,798.757816,nan,182790,11424.375,88269,89220,183741,calib_c1 20261008-130316-m7-c1; i>=80 linear extrap,2400,16490
20261010-055332-d4-sim2,2026-10-10T05:55:57+00:00,conversation,0.5,91395,3.69,local,LRU+WB,LRU,WB,deferred,12251.419281,1502.451265,nan,92346,5771.625,88269,89220,183741,calib_c1 20261008-130316-m7-c1; i>=80 linear extrap,2400,16490
20261010-055332-d4-sim2,2026-10-10T05:55:57+00:00,conversation,0.5,91395,3.69,local,LRU+WB2,LRU,WB2,deferred,12296.682348,1547.714332,nan,19412,1213.25,88269,89220,183741,calib_c1 20261008-130316-m7-c1; i>=80 linear extrap,2400,16490
20261010-055332-d4-sim2,2026-10-10T05:55:57+00:00,conversation,0.5,91395,3.69,local,LRU+H2,LRU,H2,deferred,11932.327133,1183.359117,nan,43436,2714.75,88269,89220,183741,calib_c1 20261008-130316-m7-c1; i>=80 linear extrap,2400,16490
20261010-055332-d4-sim2,2026-10-10T05:55:57+00:00,conversation,0.5,91395,3.69,local,LRU+NONE,LRU,NONE,deferred,12302.132733,1553.164717,nan,0,0.0,88269,89220,183741,calib_c1 20261008-130316-m7-c1; i>=80 linear extrap,2400,16490
20261010-055332-d4-sim2,2026-10-10T05:55:57+00:00,conversation,0.5,91395,3.69,local,2HIT+WT,2HIT,WT,deferred,11547.725832,798.757816,nan,182790,11424.375,45784,89220,43436,calib_c1 20261008-130316-m7-c1; i>=80 linear extrap,2400,16490
20261010-055332-d4-sim2,2026-10-10T05:55:57+00:00,conversation,0.5,91395,3.69,local,2HIT+WB,2HIT,WB,deferred,11547.725832,798.757816,nan,182790,11424.375,45784,89220,43436,calib_c1 20261008-130316-m7-c1; i>=80 linear extrap,2400,16490
20261010-055332-d4-sim2,2026-10-10T05:55:57+00:00,conversation,0.5,91395,3.69,local,2HIT+WB2,2HIT,WB2,deferred,13931.883302,3182.915286,nan,0,0.0,45784,89220,43436,calib_c1 20261008-130316-m7-c1; i>=80 linear extrap,2400,16490
20261010-055332-d4-sim2,2026-10-10T05:55:57+00:00,conversation,0.5,91395,3.69,local,2HIT+H2,2HIT,H2,deferred,13566.298398,2817.330382,nan,43436,2714.75,45784,89220,43436,calib_c1 20261008-130316-m7-c1; i>=80 linear extrap,2400,16490
20261010-055332-d4-sim2,2026-10-10T05:55:57+00:00,conversation,0.5,91395,3.69,local,2HIT+NONE,2HIT,NONE,deferred,13931.883302,3182.915286,nan,0,0.0,45784,89220,43436,calib_c1 20261008-130316-m7-c1; i>=80 linear extrap,2400,16490
20261010-055332-d4-sim2,2026-10-10T05:55:57+00:00,conversation,0.5,91395,3.69,local,SLRU+WT,SLRU,WT,deferred,11547.725832,798.757816,nan,182790,11424.375,88143,89220,183867,calib_c1 20261008-130316-m7-c1; i>=80 linear extrap,2400,16490
20261010-055332-d4-sim2,2026-10-10T05:55:57+00:00,conversation,0.5,91395,3.69,local,SLRU+WB,SLRU,WB,deferred,12249.702507,1500.734491,nan,92452,5778.25,88143,89220,183867,calib_c1 20261008-130316-m7-c1; i>=80 linear extrap,2400,16490
20261010-055332-d4-sim2,2026-10-10T05:55:57+00:00,conversation,0.5,91395,3.69,local,SLRU+WB2,SLRU,WB2,deferred,12309.488432,1560.520416,nan,20,1.25,88143,89220,183867,calib_c1 20261008-130316-m7-c1; i>=80 linear extrap,2400,16490
20261010-055332-d4-sim2,2026-10-10T05:55:57+00:00,conversation,0.5,91395,3.69,local,SLRU+H2,SLRU,H2,deferred,11943.903528,1194.935511,nan,43436,2714.75,88143,89220,183867,calib_c1 20261008-130316-m7-c1; i>=80 linear extrap,2400,16490
20261010-055332-d4-sim2,2026-10-10T05:55:57+00:00,conversation,0.5,91395,3.69,local,SLRU+NONE,SLRU,NONE,deferred,12309.488432,1560.520416,nan,0,0.0,88143,89220,183867,calib_c1 20261008-130316-m7-c1; i>=80 linear extrap,2400,16490
20261010-055332-d4-sim2,2026-10-10T05:55:57+00:00,conversation,0.5,91395,3.69,local,ARC+WT,ARC,WT,deferred,11547.725832,798.757816,nan,182790,11424.375,88143,89220,183867,calib_c1 20261008-130316-m7-c1; i>=80 linear extrap,2400,16490
20261010-055332-d4-sim2,2026-10-10T05:55:57+00:00,conversation,0.5,91395,3.69,local,ARC+WB,ARC,WB,deferred,12249.702507,1500.734491,nan,92472,5779.5,88143,89220,183867,calib_c1 20261008-130316-m7-c1; i>=80 linear extrap,2400,16490
20261010-055332-d4-sim2,2026-10-10T05:55:57+00:00,conversation,0.5,91395,3.69,local,ARC+WB2,ARC,WB2,deferred,12309.488432,1560.520416,nan,0,0.0,88143,89220,183867,calib_c1 20261008-130316-m7-c1; i>=80 linear extrap,2400,16490
20261010-055332-d4-sim2,2026-10-10T05:55:57+00:00,conversation,0.5,91395,3.69,local,ARC+H2,ARC,H2,deferred,11943.903528,1194.935511,nan,43436,2714.75,88143,89220,183867,calib_c1 20261008-130316-m7-c1; i>=80 linear extrap,2400,16490
20261010-055332-d4-sim2,2026-10-10T05:55:57+00:00,conversation,0.5,91395,3.69,local,ARC+NONE,ARC,NONE,deferred,12309.488432,1560.520416,nan,0,0.0,88143,89220,183867,calib_c1 20261008-130316-m7-c1; i>=80 linear extrap,2400,16490
20261010-055332-d4-sim2,2026-10-10T05:55:57+00:00,conversation,0.5,91395,3.69,local,S3FIFO+WT,S3FIFO,WT,deferred,11547.725832,798.757816,nan,182790,11424.375,88143,89220,183867,calib_c1 20261008-130316-m7-c1; i>=80 linear extrap,2400,16490
20261010-055332-d4-sim2,2026-10-10T05:55:57+00:00,conversation,0.5,91395,3.69,local,S3FIFO+WB,S3FIFO,WB,deferred,12249.702507,1500.734491,nan,92472,5779.5,88143,89220,183867,calib_c1 20261008-130316-m7-c1; i>=80 linear extrap,2400,16490
20261010-055332-d4-sim2,2026-10-10T05:55:57+00:00,conversation,0.5,91395,3.69,local,S3FIFO+WB2,S3FIFO,WB2,deferred,12309.488432,1560.520416,nan,0,0.0,88143,89220,183867,calib_c1 20261008-130316-m7-c1; i>=80 linear extrap,2400,16490
20261010-055332-d4-sim2,2026-10-10T05:55:57+00:00,conversation,0.5,91395,3.69,local,S3FIFO+H2,S3FIFO,H2,deferred,11943.903528,1194.935511,nan,43436,2714.75,88143,89220,183867,calib_c1 20261008-130316-m7-c1; i>=80 linear extrap,2400,16490
20261010-055332-d4-sim2,2026-10-10T05:55:57+00:00,conversation,0.5,91395,3.69,local,S3FIFO+NONE,S3FIFO,NONE,deferred,12309.488432,1560.520416,nan,0,0.0,88143,89220,183867,calib_c1 20261008-130316-m7-c1; i>=80 linear extrap,2400,16490
20261010-055332-d4-sim2,2026-10-10T05:55:57+00:00,conversation,0.5,91395,3.69,local,WTPa+WBR,WTPa,WBR,wtp_a,12260.146878,1511.178862,nan,0,0.0,89220,89220,43436,calib_c1 20261008-130316-m7-c1; i>=80 linear extrap,2400,16490
20261010-055332-d4-sim2,2026-10-10T05:55:57+00:00,conversation,0.5,91395,3.69,local,WTPa+WTR,WTPa,WTR,wtp_a,11547.725832,798.757816,nan,43436,2714.75,89220,89220,43436,calib_c1 20261008-130316-m7-c1; i>=80 linear extrap,2400,16490
20261010-055332-d4-sim2,2026-10-10T05:55:57+00:00,conversation,0.5,91395,3.69,local,WTPb+WB,WTPb,WB,wtp_b,12208.963075,1459.995059,nan,137057,8566.0625,84695,89220,46677,calib_c1 20261008-130316-m7-c1; i>=80 linear extrap,2400,16490
20261010-055332-d4-sim2,2026-10-10T05:55:57+00:00,conversation,0.5,91395,3.69,local,OPT-BELADY,BELADY,NEED,opt,12260.146878,1511.178862,nan,0,0.0,89220,89220,43436,calib_c1 20261008-130316-m7-c1; i>=80 linear extrap,2400,16490
20261010-055332-d4-sim2,2026-10-10T05:55:57+00:00,conversation,0.5,91395,3.69,local,OPT-COST,COSTBELADY,NEED,opt,11547.725832,798.757816,nan,43436,2714.75,0,89220,0,calib_c1 20261008-130316-m7-c1; i>=80 linear extrap,2400,16490
20261010-055332-d4-sim2,2026-10-10T05:55:57+00:00,conversation,0.5,91395,3.69,local,KEVa+WBR,KEVa,WBR,kev_a,12260.146878,1511.178862,nan,0,0.0,89220,89220,182790,calib_c1 20261008-130316-m7-c1; i>=80 linear extrap,2400,16490
20261010-055332-d4-sim2,2026-10-10T05:55:57+00:00,conversation,0.5,91395,3.69,local,KEVa+WB,KEVa,WB,kev_a,12260.146878,1511.178862,nan,91395,5712.1875,89220,89220,182790,calib_c1 20261008-130316-m7-c1; i>=80 linear extrap,2400,16490
20261010-055332-d4-sim2,2026-10-10T05:55:57+00:00,conversation,0.5,91395,3.69,local,KEVb+WB,KEVb,WB,kev_b,12259.044949,1510.076933,nan,91512,5719.5,89103,89220,182907,calib_c1 20261008-130316-m7-c1; i>=80 linear extrap,2400,16490
20261010-055332-d4-sim2,2026-10-10T05:55:57+00:00,conversation,0.5,91395,3.69,nfs,LRU+WT,LRU,WT,deferred,12302.132733,1553.164717,nan,2479,154.9375,88269,89220,183741,calib_c1 20261008-130316-m7-c1; i>=80 linear extrap,2400,16490
20261010-055332-d4-sim2,2026-10-10T05:55:57+00:00,conversation,0.5,91395,3.69,nfs,LRU+WB,LRU,WB,deferred,12302.132733,1553.164717,nan,1261,78.8125,88269,89220,183741,calib_c1 20261008-130316-m7-c1; i>=80 linear extrap,2400,16490
20261010-055332-d4-sim2,2026-10-10T05:55:57+00:00,conversation,0.5,91395,3.69,nfs,LRU+WB2,LRU,WB2,deferred,12302.132733,1553.164717,nan,233,14.5625,88269,89220,183741,calib_c1 20261008-130316-m7-c1; i>=80 linear extrap,2400,16490
20261010-055332-d4-sim2,2026-10-10T05:55:57+00:00,conversation,0.5,91395,3.69,nfs,LRU+H2,LRU,H2,deferred,12302.132733,1553.164717,nan,475,29.6875,88269,89220,183741,calib_c1 20261008-130316-m7-c1; i>=80 linear extrap,2400,16490
20261010-055332-d4-sim2,2026-10-10T05:55:57+00:00,conversation,0.5,91395,3.69,nfs,LRU+NONE,LRU,NONE,deferred,12302.132733,1553.164717,nan,0,0.0,88269,89220,183741,calib_c1 20261008-130316-m7-c1; i>=80 linear extrap,2400,16490
20261010-055332-d4-sim2,2026-10-10T05:55:57+00:00,conversation,0.5,91395,3.69,nfs,2HIT+WT,2HIT,WT,deferred,13922.067242,3173.099226,nan,2479,154.9375,45784,89220,43436,calib_c1 20261008-130316-m7-c1; i>=80 linear extrap,2400,16490
20261010-055332-d4-sim2,2026-10-10T05:55:57+00:00,conversation,0.5,91395,3.69,nfs,2HIT+WB,2HIT,WB,deferred,13922.067242,3173.099226,nan,2479,154.9375,45784,89220,43436,calib_c1 20261008-130316-m7-c1; i>=80 linear extrap,2400,16490
20261010-055332-d4-sim2,2026-10-10T05:55:57+00:00,conversation,0.5,91395,3.69,nfs,2HIT+WB2,2HIT,WB2,deferred,13931.883302,3182.915286,nan,0,0.0,45784,89220,43436,calib_c1 20261008-130316-m7-c1; i>=80 linear extrap,2400,16490
20261010-055332-d4-sim2,2026-10-10T05:55:57+00:00,conversation,0.5,91395,3.69,nfs,2HIT+H2,2HIT,H2,deferred,13931.883302,3182.915286,nan,475,29.6875,45784,89220,43436,calib_c1 20261008-130316-m7-c1; i>=80 linear extrap,2400,16490
20261010-055332-d4-sim2,2026-10-10T05:55:57+00:00,conversation,0.5,91395,3.69,nfs,2HIT+NONE,2HIT,NONE,deferred,13931.883302,3182.915286,nan,0,0.0,45784,89220,43436,calib_c1 20261008-130316-m7-c1; i>=80 linear extrap,2400,16490
20261010-055332-d4-sim2,2026-10-10T05:55:57+00:00,conversation,0.5,91395,3.69,nfs,SLRU+WT,SLRU,WT,deferred,12309.488432,1560.520416,nan,2479,154.9375,88143,89220,183867,calib_c1 20261008-130316-m7-c1; i>=80 linear extrap,2400,16490
20261010-055332-d4-sim2,2026-10-10T05:55:57+00:00,conversation,0.5,91395,3.69,nfs,SLRU+WB,SLRU,WB,deferred,12309.488432,1560.520416,nan,1409,88.0625,88143,89220,183867,calib_c1 20261008-130316-m7-c1; i>=80 linear extrap,2400,16490
20261010-055332-d4-sim2,2026-10-10T05:55:57+00:00,conversation,0.5,91395,3.69,nfs,SLRU+WB2,SLRU,WB2,deferred,12309.488432,1560.520416,nan,0,0.0,88143,89220,183867,calib_c1 20261008-130316-m7-c1; i>=80 linear extrap,2400,16490
20261010-055332-d4-sim2,2026-10-10T05:55:57+00:00,conversation,0.5,91395,3.69,nfs,SLRU+H2,SLRU,H2,deferred,12309.488432,1560.520416,nan,475,29.6875,88143,89220,183867,calib_c1 20261008-130316-m7-c1; i>=80 linear extrap,2400,16490
20261010-055332-d4-sim2,2026-10-10T05:55:57+00:00,conversation,0.5,91395,3.69,nfs,SLRU+NONE,SLRU,NONE,deferred,12309.488432,1560.520416,nan,0,0.0,88143,89220,183867,calib_c1 20261008-130316-m7-c1; i>=80 linear extrap,2400,16490
20261010-055332-d4-sim2,2026-10-10T05:55:57+00:00,conversation,0.5,91395,3.69,nfs,ARC+WT,ARC,WT,deferred,12309.488432,1560.520416,nan,2479,154.9375,88143,89220,183867,calib_c1 20261008-130316-m7-c1; i>=80 linear extrap,2400,16490
20261010-055332-d4-sim2,2026-10-10T05:55:57+00:00,conversation,0.5,91395,3.69,nfs,ARC+WB,ARC,WB,deferred,12309.488432,1560.520416,nan,1409,88.0625,88143,89220,183867,calib_c1 20261008-130316-m7-c1; i>=80 linear extrap,2400,16490
20261010-055332-d4-sim2,2026-10-10T05:55:57+00:00,conversation,0.5,91395,3.69,nfs,ARC+WB2,ARC,WB2,deferred,12309.488432,1560.520416,nan,0,0.0,88143,89220,183867,calib_c1 20261008-130316-m7-c1; i>=80 linear extrap,2400,16490
20261010-055332-d4-sim2,2026-10-10T05:55:57+00:00,conversation,0.5,91395,3.69,nfs,ARC+H2,ARC,H2,deferred,12309.488432,1560.520416,nan,475,29.6875,88143,89220,183867,calib_c1 20261008-130316-m7-c1; i>=80 linear extrap,2400,16490
20261010-055332-d4-sim2,2026-10-10T05:55:57+00:00,conversation,0.5,91395,3.69,nfs,ARC+NONE,ARC,NONE,deferred,12309.488432,1560.520416,nan,0,0.0,88143,89220,183867,calib_c1 20261008-130316-m7-c1; i>=80 linear extrap,2400,16490
20261010-055332-d4-sim2,2026-10-10T05:55:57+00:00,conversation,0.5,91395,3.69,nfs,S3FIFO+WT,S3FIFO,WT,deferred,12309.488432,1560.520416,nan,2479,154.9375,88143,89220,183867,calib_c1 20261008-130316-m7-c1; i>=80 linear extrap,2400,16490
20261010-055332-d4-sim2,2026-10-10T05:55:57+00:00,conversation,0.5,91395,3.69,nfs,S3FIFO+WB,S3FIFO,WB,deferred,12309.488432,1560.520416,nan,1409,88.0625,88143,89220,183867,calib_c1 20261008-130316-m7-c1; i>=80 linear extrap,2400,16490
20261010-055332-d4-sim2,2026-10-10T05:55:57+00:00,conversation,0.5,91395,3.69,nfs,S3FIFO+WB2,S3FIFO,WB2,deferred,12309.488432,1560.520416,nan,0,0.0,88143,89220,183867,calib_c1 20261008-130316-m7-c1; i>=80 linear extrap,2400,16490
20261010-055332-d4-sim2,2026-10-10T05:55:57+00:00,conversation,0.5,91395,3.69,nfs,S3FIFO+H2,S3FIFO,H2,deferred,12309.488432,1560.520416,nan,475,29.6875,88143,89220,183867,calib_c1 20261008-130316-m7-c1; i>=80 linear extrap,2400,16490
20261010-055332-d4-sim2,2026-10-10T05:55:57+00:00,conversation,0.5,91395,3.69,nfs,S3FIFO+NONE,S3FIFO,NONE,deferred,12309.488432,1560.520416,nan,0,0.0,88143,89220,183867,calib_c1 20261008-130316-m7-c1; i>=80 linear extrap,2400,16490
20261010-055332-d4-sim2,2026-10-10T05:55:57+00:00,conversation,0.5,91395,3.69,nfs,WTPa+WBR,WTPa,WBR,wtp_a,12260.146878,1511.178862,nan,0,0.0,89220,89220,43436,calib_c1 20261008-130316-m7-c1; i>=80 linear extrap,2400,16490
20261010-055332-d4-sim2,2026-10-10T05:55:57+00:00,conversation,0.5,91395,3.69,nfs,WTPa+WTR,WTPa,WTR,wtp_a,12260.146878,1511.178862,nan,475,29.6875,89220,89220,43436,calib_c1 20261008-130316-m7-c1; i>=80 linear extrap,2400,16490
20261010-055332-d4-sim2,2026-10-10T05:55:57+00:00,conversation,0.5,91395,3.69,nfs,WTPb+WB,WTPb,WB,wtp_b,12374.443713,1625.475697,nan,1979,123.6875,84695,89220,46677,calib_c1 20261008-130316-m7-c1; i>=80 linear extrap,2400,16490
20261010-055332-d4-sim2,2026-10-10T05:55:57+00:00,conversation,0.5,91395,3.69,nfs,OPT-BELADY,BELADY,NEED,opt,12260.146878,1511.178862,nan,0,0.0,89220,89220,43436,calib_c1 20261008-130316-m7-c1; i>=80 linear extrap,2400,16490
20261010-055332-d4-sim2,2026-10-10T05:55:57+00:00,conversation,0.5,91395,3.69,nfs,OPT-COST,COSTBELADY,NEED,opt,12260.146878,1511.178862,nan,0,0.0,89220,89220,43436,calib_c1 20261008-130316-m7-c1; i>=80 linear extrap,2400,16490
20261010-055332-d4-sim2,2026-10-10T05:55:57+00:00,conversation,0.5,91395,3.69,nfs,KEVa+WBR,KEVa,WBR,kev_a,12260.146878,1511.178862,nan,0,0.0,89220,89220,182790,calib_c1 20261008-130316-m7-c1; i>=80 linear extrap,2400,16490
20261010-055332-d4-sim2,2026-10-10T05:55:57+00:00,conversation,0.5,91395,3.69,nfs,KEVa+WB,KEVa,WB,kev_a,12260.146878,1511.178862,nan,1319,82.4375,89220,89220,182790,calib_c1 20261008-130316-m7-c1; i>=80 linear extrap,2400,16490
20261010-055332-d4-sim2,2026-10-10T05:55:57+00:00,conversation,0.5,91395,3.69,nfs,KEVb+WB,KEVb,WB,kev_b,12262.903859,1513.935842,nan,1304,81.5,89103,89220,182907,calib_c1 20261008-130316-m7-c1; i>=80 linear extrap,2400,16490
20261010-055332-d4-sim2,2026-10-10T05:55:58+00:00,conversation,0.5,91395,11.6,local,LRU+WT,LRU,WT,deferred,11233.069296,484.10128,nan,182790,11424.375,88269,89220,183741,calib_c1 20261008-130316-m7-c1; i>=80 linear extrap,2400,16490
20261010-055332-d4-sim2,2026-10-10T05:55:58+00:00,conversation,0.5,91395,11.6,local,LRU+WB,LRU,WB,deferred,11233.069296,484.10128,nan,92346,5771.625,88269,89220,183741,calib_c1 20261008-130316-m7-c1; i>=80 linear extrap,2400,16490
20261010-055332-d4-sim2,2026-10-10T05:55:58+00:00,conversation,0.5,91395,11.6,local,LRU+WB2,LRU,WB2,deferred,11277.25439,528.286373,nan,19412,1213.25,88269,89220,183741,calib_c1 20261008-130316-m7-c1; i>=80 linear extrap,2400,16490
20261010-055332-d4-sim2,2026-10-10T05:55:58+00:00,conversation,0.5,91395,11.6,local,LRU+H2,LRU,H2,deferred,11277.25439,528.286373,nan,43436,2714.75,88269,89220,183741,calib_c1 20261008-130316-m7-c1; i>=80 linear extrap,2400,16490
20261010-055332-d4-sim2,2026-10-10T05:55:58+00:00,conversation,0.5,91395,11.6,local,LRU+NONE,LRU,NONE,deferred,11282.648879,533.680863,nan,0,0.0,88269,89220,183741,calib_c1 20261008-130316-m7-c1; i>=80 linear extrap,2400,16490
20261010-055332-d4-sim2,2026-10-10T05:55:58+00:00,conversation,0.5,91395,11.6,local,2HIT+WT,2HIT,WT,deferred,11384.517516,635.5495,nan,182790,11424.375,45784,89220,43436,calib_c1 20261008-130316-m7-c1; i>=80 linear extrap,2400,16490
20261010-055332-d4-sim2,2026-10-10T05:55:58+00:00,conversation,0.5,91395,11.6,local,2HIT+WB,2HIT,WB,deferred,11384.517516,635.5495,nan,182790,11424.375,45784,89220,43436,calib_c1 20261008-130316-m7-c1; i>=80 linear extrap,2400,16490
20261010-055332-d4-sim2,2026-10-10T05:55:58+00:00,conversation,0.5,91395,11.6,local,2HIT+WB2,2HIT,WB2,deferred,13403.090082,2654.122066,nan,0,0.0,45784,89220,43436,calib_c1 20261008-130316-m7-c1; i>=80 linear extrap,2400,16490
20261010-055332-d4-sim2,2026-10-10T05:55:58+00:00,conversation,0.5,91395,11.6,local,2HIT+H2,2HIT,H2,deferred,13403.090082,2654.122066,nan,43436,2714.75,45784,89220,43436,calib_c1 20261008-130316-m7-c1; i>=80 linear extrap,2400,16490
20261010-055332-d4-sim2,2026-10-10T05:55:58+00:00,conversation,0.5,91395,11.6,local,2HIT+NONE,2HIT,NONE,deferred,13403.090082,2654.122066,nan,0,0.0,45784,89220,43436,calib_c1 20261008-130316-m7-c1; i>=80 linear extrap,2400,16490
20261010-055332-d4-sim2,2026-10-10T05:55:58+00:00,conversation,0.5,91395,11.6,local,SLRU+WT,SLRU,WT,deferred,11233.518454,484.550438,nan,182790,11424.375,88143,89220,183867,calib_c1 20261008-130316-m7-c1; i>=80 linear extrap,2400,16490
20261010-055332-d4-sim2,2026-10-10T05:55:58+00:00,conversation,0.5,91395,11.6,local,SLRU+WB,SLRU,WB,deferred,11233.518454,484.550438,nan,92452,5778.25,88143,89220,183867,calib_c1 20261008-130316-m7-c1; i>=80 linear extrap,2400,16490
20261010-055332-d4-sim2,2026-10-10T05:55:58+00:00,conversation,0.5,91395,11.6,local,SLRU+WB2,SLRU,WB2,deferred,11291.459845,542.491829,nan,20,1.25,88143,89220,183867,calib_c1 20261008-130316-m7-c1; i>=80 linear extrap,2400,16490
20261010-055332-d4-sim2,2026-10-10T05:55:58+00:00,conversation,0.5,91395,11.6,local,SLRU+H2,SLRU,H2,deferred,11291.459845,542.491829,nan,43436,2714.75,88143,89220,183867,calib_c1 20261008-130316-m7-c1; i>=80 linear extrap,2400,16490
20261010-055332-d4-sim2,2026-10-10T05:55:58+00:00,conversation,0.5,91395,11.6,local,SLRU+NONE,SLRU,NONE,deferred,11291.459845,542.491829,nan,0,0.0,88143,89220,183867,calib_c1 20261008-130316-m7-c1; i>=80 linear extrap,2400,16490
20261010-055332-d4-sim2,2026-10-10T05:55:58+00:00,conversation,0.5,91395,11.6,local,ARC+WT,ARC,WT,deferred,11233.518454,484.550438,nan,182790,11424.375,88143,89220,183867,calib_c1 20261008-130316-m7-c1; i>=80 linear extrap,2400,16490
20261010-055332-d4-sim2,2026-10-10T05:55:58+00:00,conversation,0.5,91395,11.6,local,ARC+WB,ARC,WB,deferred,11233.518454,484.550438,nan,92472,5779.5,88143,89220,183867,calib_c1 20261008-130316-m7-c1; i>=80 linear extrap,2400,16490
20261010-055332-d4-sim2,2026-10-10T05:55:58+00:00,conversation,0.5,91395,11.6,local,ARC+WB2,ARC,WB2,deferred,11291.459845,542.491829,nan,0,0.0,88143,89220,183867,calib_c1 20261008-130316-m7-c1; i>=80 linear extrap,2400,16490
20261010-055332-d4-sim2,2026-10-10T05:55:58+00:00,conversation,0.5,91395,11.6,local,ARC+H2,ARC,H2,deferred,11291.459845,542.491829,nan,43436,2714.75,88143,89220,183867,calib_c1 20261008-130316-m7-c1; i>=80 linear extrap,2400,16490
20261010-055332-d4-sim2,2026-10-10T05:55:58+00:00,conversation,0.5,91395,11.6,local,ARC+NONE,ARC,NONE,deferred,11291.459845,542.491829,nan,0,0.0,88143,89220,183867,calib_c1 20261008-130316-m7-c1; i>=80 linear extrap,2400,16490
20261010-055332-d4-sim2,2026-10-10T05:55:58+00:00,conversation,0.5,91395,11.6,local,S3FIFO+WT,S3FIFO,WT,deferred,11233.518454,484.550438,nan,182790,11424.375,88143,89220,183867,calib_c1 20261008-130316-m7-c1; i>=80 linear extrap,2400,16490
20261010-055332-d4-sim2,2026-10-10T05:55:58+00:00,conversation,0.5,91395,11.6,local,S3FIFO+WB,S3FIFO,WB,deferred,11233.518454,484.550438,nan,92472,5779.5,88143,89220,183867,calib_c1 20261008-130316-m7-c1; i>=80 linear extrap,2400,16490
20261010-055332-d4-sim2,2026-10-10T05:55:58+00:00,conversation,0.5,91395,11.6,local,S3FIFO+WB2,S3FIFO,WB2,deferred,11291.459845,542.491829,nan,0,0.0,88143,89220,183867,calib_c1 20261008-130316-m7-c1; i>=80 linear extrap,2400,16490
20261010-055332-d4-sim2,2026-10-10T05:55:58+00:00,conversation,0.5,91395,11.6,local,S3FIFO+H2,S3FIFO,H2,deferred,11291.459845,542.491829,nan,43436,2714.75,88143,89220,183867,calib_c1 20261008-130316-m7-c1; i>=80 linear extrap,2400,16490
20261010-055332-d4-sim2,2026-10-10T05:55:58+00:00,conversation,0.5,91395,11.6,local,S3FIFO+NONE,S3FIFO,NONE,deferred,11291.459845,542.491829,nan,0,0.0,88143,89220,183867,calib_c1 20261008-130316-m7-c1; i>=80 linear extrap,2400,16490
20261010-055332-d4-sim2,2026-10-10T05:55:58+00:00,conversation,0.5,91395,11.6,local,WTPa+WBR,WTPa,WBR,wtp_a,11229.679223,480.711207,nan,0,0.0,89220,89220,43436,calib_c1 20261008-130316-m7-c1; i>=80 linear extrap,2400,16490
20261010-055332-d4-sim2,2026-10-10T05:55:58+00:00,conversation,0.5,91395,11.6,local,WTPa+WTR,WTPa,WTR,wtp_a,11229.679223,480.711207,nan,43436,2714.75,89220,89220,43436,calib_c1 20261008-130316-m7-c1; i>=80 linear extrap,2400,16490
20261010-055332-d4-sim2,2026-10-10T05:55:58+00:00,conversation,0.5,91395,11.6,local,WTPb+WB,WTPb,WB,wtp_b,11245.809697,496.841681,nan,137057,8566.0625,84695,89220,46677,calib_c1 20261008-130316-m7-c1; i>=80 linear extrap,2400,16490
20261010-055332-d4-sim2,2026-10-10T05:55:58+00:00,conversation,0.5,91395,11.6,local,OPT-BELADY,BELADY,NEED,opt,11229.679223,480.711207,nan,0,0.0,89220,89220,43436,calib_c1 20261008-130316-m7-c1; i>=80 linear extrap,2400,16490
20261010-055332-d4-sim2,2026-10-10T05:55:58+00:00,conversation,0.5,91395,11.6,local,OPT-COST,COSTBELADY,NEED,opt,11229.679223,480.711207,nan,0,0.0,89220,89220,43436,calib_c1 20261008-130316-m7-c1; i>=80 linear extrap,2400,16490
20261010-055332-d4-sim2,2026-10-10T05:55:58+00:00,conversation,0.5,91395,11.6,local,KEVa+WBR,KEVa,WBR,kev_a,11229.679223,480.711207,nan,0,0.0,89220,89220,182790,calib_c1 20261008-130316-m7-c1; i>=80 linear extrap,2400,16490
20261010-055332-d4-sim2,2026-10-10T05:55:58+00:00,conversation,0.5,91395,11.6,local,KEVa+WB,KEVa,WB,kev_a,11229.679223,480.711207,nan,91395,5712.1875,89220,89220,182790,calib_c1 20261008-130316-m7-c1; i>=80 linear extrap,2400,16490
20261010-055332-d4-sim2,2026-10-10T05:55:58+00:00,conversation,0.5,91395,11.6,local,KEVb+WB,KEVb,WB,kev_b,11230.096298,481.128282,nan,91512,5719.5,89103,89220,182907,calib_c1 20261008-130316-m7-c1; i>=80 linear extrap,2400,16490
20261010-055332-d4-sim2,2026-10-10T05:55:58+00:00,conversation,0.5,91395,11.6,nfs,LRU+WT,LRU,WT,deferred,11282.648879,533.680863,nan,2479,154.9375,88269,89220,183741,calib_c1 20261008-130316-m7-c1; i>=80 linear extrap,2400,16490
20261010-055332-d4-sim2,2026-10-10T05:55:58+00:00,conversation,0.5,91395,11.6,nfs,LRU+WB,LRU,WB,deferred,11282.648879,533.680863,nan,1261,78.8125,88269,89220,183741,calib_c1 20261008-130316-m7-c1; i>=80 linear extrap,2400,16490
20261010-055332-d4-sim2,2026-10-10T05:55:58+00:00,conversation,0.5,91395,11.6,nfs,LRU+WB2,LRU,WB2,deferred,11282.648879,533.680863,nan,233,14.5625,88269,89220,183741,calib_c1 20261008-130316-m7-c1; i>=80 linear extrap,2400,16490
20261010-055332-d4-sim2,2026-10-10T05:55:58+00:00,conversation,0.5,91395,11.6,nfs,LRU+H2,LRU,H2,deferred,11282.648879,533.680863,nan,475,29.6875,88269,89220,183741,calib_c1 20261008-130316-m7-c1; i>=80 linear extrap,2400,16490
20261010-055332-d4-sim2,2026-10-10T05:55:58+00:00,conversation,0.5,91395,11.6,nfs,LRU+NONE,LRU,NONE,deferred,11282.648879,533.680863,nan,0,0.0,88269,89220,183741,calib_c1 20261008-130316-m7-c1; i>=80 linear extrap,2400,16490
20261010-055332-d4-sim2,2026-10-10T05:55:58+00:00,conversation,0.5,91395,11.6,nfs,2HIT+WT,2HIT,WT,deferred,13393.274022,2644.306006,nan,2479,154.9375,45784,89220,43436,calib_c1 20261008-130316-m7-c1; i>=80 linear extrap,2400,16490
20261010-055332-d4-sim2,2026-10-10T05:55:58+00:00,conversation,0.5,91395,11.6,nfs,2HIT+WB,2HIT,WB,deferred,13393.274022,2644.306006,nan,2479,154.9375,45784,89220,43436,calib_c1 20261008-130316-m7-c1; i>=80 linear extrap,2400,16490
20261010-055332-d4-sim2,2026-10-10T05:55:58+00:00,conversation,0.5,91395,11.6,nfs,2HIT+WB2,2HIT,WB2,deferred,13403.090082,2654.122066,nan,0,0.0,45784,89220,43436,calib_c1 20261008-130316-m7-c1; i>=80 linear extrap,2400,16490
20261010-055332-d4-sim2,2026-10-10T05:55:58+00:00,conversation,0.5,91395,11.6,nfs,2HIT+H2,2HIT,H2,deferred,13403.090082,2654.122066,nan,475,29.6875,45784,89220,43436,calib_c1 20261008-130316-m7-c1; i>=80 linear extrap,2400,16490
20261010-055332-d4-sim2,2026-10-10T05:55:58+00:00,conversation,0.5,91395,11.6,nfs,2HIT+NONE,2HIT,NONE,deferred,13403.090082,2654.122066,nan,0,0.0,45784,89220,43436,calib_c1 20261008-130316-m7-c1; i>=80 linear extrap,2400,16490
20261010-055332-d4-sim2,2026-10-10T05:55:58+00:00,conversation,0.5,91395,11.6,nfs,SLRU+WT,SLRU,WT,deferred,11291.459845,542.491829,nan,2479,154.9375,88143,89220,183867,calib_c1 20261008-130316-m7-c1; i>=80 linear extrap,2400,16490
20261010-055332-d4-sim2,2026-10-10T05:55:58+00:00,conversation,0.5,91395,11.6,nfs,SLRU+WB,SLRU,WB,deferred,11291.459845,542.491829,nan,1409,88.0625,88143,89220,183867,calib_c1 20261008-130316-m7-c1; i>=80 linear extrap,2400,16490
20261010-055332-d4-sim2,2026-10-10T05:55:58+00:00,conversation,0.5,91395,11.6,nfs,SLRU+WB2,SLRU,WB2,deferred,11291.459845,542.491829,nan,0,0.0,88143,89220,183867,calib_c1 20261008-130316-m7-c1; i>=80 linear extrap,2400,16490
20261010-055332-d4-sim2,2026-10-10T05:55:58+00:00,conversation,0.5,91395,11.6,nfs,SLRU+H2,SLRU,H2,deferred,11291.459845,542.491829,nan,475,29.6875,88143,89220,183867,calib_c1 20261008-130316-m7-c1; i>=80 linear extrap,2400,16490
20261010-055332-d4-sim2,2026-10-10T05:55:58+00:00,conversation,0.5,91395,11.6,nfs,SLRU+NONE,SLRU,NONE,deferred,11291.459845,542.491829,nan,0,0.0,88143,89220,183867,calib_c1 20261008-130316-m7-c1; i>=80 linear extrap,2400,16490
20261010-055332-d4-sim2,2026-10-10T05:55:58+00:00,conversation,0.5,91395,11.6,nfs,ARC+WT,ARC,WT,deferred,11291.459845,542.491829,nan,2479,154.9375,88143,89220,183867,calib_c1 20261008-130316-m7-c1; i>=80 linear extrap,2400,16490
20261010-055332-d4-sim2,2026-10-10T05:55:58+00:00,conversation,0.5,91395,11.6,nfs,ARC+WB,ARC,WB,deferred,11291.459845,542.491829,nan,1409,88.0625,88143,89220,183867,calib_c1 20261008-130316-m7-c1; i>=80 linear extrap,2400,16490
20261010-055332-d4-sim2,2026-10-10T05:55:58+00:00,conversation,0.5,91395,11.6,nfs,ARC+WB2,ARC,WB2,deferred,11291.459845,542.491829,nan,0,0.0,88143,89220,183867,calib_c1 20261008-130316-m7-c1; i>=80 linear extrap,2400,16490
20261010-055332-d4-sim2,2026-10-10T05:55:58+00:00,conversation,0.5,91395,11.6,nfs,ARC+H2,ARC,H2,deferred,11291.459845,542.491829,nan,475,29.6875,88143,89220,183867,calib_c1 20261008-130316-m7-c1; i>=80 linear extrap,2400,16490
20261010-055332-d4-sim2,2026-10-10T05:55:58+00:00,conversation,0.5,91395,11.6,nfs,ARC+NONE,ARC,NONE,deferred,11291.459845,542.491829,nan,0,0.0,88143,89220,183867,calib_c1 20261008-130316-m7-c1; i>=80 linear extrap,2400,16490
20261010-055332-d4-sim2,2026-10-10T05:55:58+00:00,conversation,0.5,91395,11.6,nfs,S3FIFO+WT,S3FIFO,WT,deferred,11291.459845,542.491829,nan,2479,154.9375,88143,89220,183867,calib_c1 20261008-130316-m7-c1; i>=80 linear extrap,2400,16490
20261010-055332-d4-sim2,2026-10-10T05:55:58+00:00,conversation,0.5,91395,11.6,nfs,S3FIFO+WB,S3FIFO,WB,deferred,11291.459845,542.491829,nan,1409,88.0625,88143,89220,183867,calib_c1 20261008-130316-m7-c1; i>=80 linear extrap,2400,16490
20261010-055332-d4-sim2,2026-10-10T05:55:58+00:00,conversation,0.5,91395,11.6,nfs,S3FIFO+WB2,S3FIFO,WB2,deferred,11291.459845,542.491829,nan,0,0.0,88143,89220,183867,calib_c1 20261008-130316-m7-c1; i>=80 linear extrap,2400,16490
20261010-055332-d4-sim2,2026-10-10T05:55:58+00:00,conversation,0.5,91395,11.6,nfs,S3FIFO+H2,S3FIFO,H2,deferred,11291.459845,542.491829,nan,475,29.6875,88143,89220,183867,calib_c1 20261008-130316-m7-c1; i>=80 linear extrap,2400,16490
20261010-055332-d4-sim2,2026-10-10T05:55:58+00:00,conversation,0.5,91395,11.6,nfs,S3FIFO+NONE,S3FIFO,NONE,deferred,11291.459845,542.491829,nan,0,0.0,88143,89220,183867,calib_c1 20261008-130316-m7-c1; i>=80 linear extrap,2400,16490
20261010-055332-d4-sim2,2026-10-10T05:55:58+00:00,conversation,0.5,91395,11.6,nfs,WTPa+WBR,WTPa,WBR,wtp_a,11229.679223,480.711207,nan,0,0.0,89220,89220,43436,calib_c1 20261008-130316-m7-c1; i>=80 linear extrap,2400,16490
20261010-055332-d4-sim2,2026-10-10T05:55:58+00:00,conversation,0.5,91395,11.6,nfs,WTPa+WTR,WTPa,WTR,wtp_a,11229.679223,480.711207,nan,475,29.6875,89220,89220,43436,calib_c1 20261008-130316-m7-c1; i>=80 linear extrap,2400,16490
20261010-055332-d4-sim2,2026-10-10T05:55:58+00:00,conversation,0.5,91395,11.6,nfs,WTPb+WB,WTPb,WB,wtp_b,11396.238624,647.270608,nan,1979,123.6875,84695,89220,46677,calib_c1 20261008-130316-m7-c1; i>=80 linear extrap,2400,16490
20261010-055332-d4-sim2,2026-10-10T05:55:58+00:00,conversation,0.5,91395,11.6,nfs,OPT-BELADY,BELADY,NEED,opt,11229.679223,480.711207,nan,0,0.0,89220,89220,43436,calib_c1 20261008-130316-m7-c1; i>=80 linear extrap,2400,16490
20261010-055332-d4-sim2,2026-10-10T05:55:58+00:00,conversation,0.5,91395,11.6,nfs,OPT-COST,COSTBELADY,NEED,opt,11229.679223,480.711207,nan,0,0.0,89220,89220,43436,calib_c1 20261008-130316-m7-c1; i>=80 linear extrap,2400,16490
20261010-055332-d4-sim2,2026-10-10T05:55:58+00:00,conversation,0.5,91395,11.6,nfs,KEVa+WBR,KEVa,WBR,kev_a,11229.679223,480.711207,nan,0,0.0,89220,89220,182790,calib_c1 20261008-130316-m7-c1; i>=80 linear extrap,2400,16490
20261010-055332-d4-sim2,2026-10-10T05:55:58+00:00,conversation,0.5,91395,11.6,nfs,KEVa+WB,KEVa,WB,kev_a,11229.679223,480.711207,nan,1319,82.4375,89220,89220,182790,calib_c1 20261008-130316-m7-c1; i>=80 linear extrap,2400,16490
20261010-055332-d4-sim2,2026-10-10T05:55:58+00:00,conversation,0.5,91395,11.6,nfs,KEVb+WB,KEVb,WB,kev_b,11233.787523,484.819507,nan,1304,81.5,89103,89220,182907,calib_c1 20261008-130316-m7-c1; i>=80 linear extrap,2400,16490
20261010-055332-d4-sim2,2026-10-10T05:55:59+00:00,synthetic,0.1,4392,3.69,local,LRU+WT,LRU,WT,deferred,3150.307037,697.888008,3013.309437,43924,2745.25,31668,77953,90209,calib_c1 20261008-130316-m7-c1; i>=80 linear extrap,0,0
20261010-055332-d4-sim2,2026-10-10T05:55:59+00:00,synthetic,0.1,4392,3.69,local,LRU+WB,LRU,WB,deferred,3185.568764,733.149735,3033.834768,43536,2721.0,31668,77953,90209,calib_c1 20261008-130316-m7-c1; i>=80 linear extrap,0,0
20261010-055332-d4-sim2,2026-10-10T05:55:59+00:00,synthetic,0.1,4392,3.69,local,LRU+WB2,LRU,WB2,deferred,3948.177271,1495.758242,3803.26082,17800,1112.5,31668,77953,90209,calib_c1 20261008-130316-m7-c1; i>=80 linear extrap,0,0
20261010-055332-d4-sim2,2026-10-10T05:56:00+00:00,synthetic,0.1,4392,3.69,local,LRU+H2,LRU,H2,deferred,3907.262168,1454.843139,3780.099467,18251,1140.6875,31668,77953,90209,calib_c1 20261008-130316-m7-c1; i>=80 linear extrap,0,0
20261010-055332-d4-sim2,2026-10-10T05:56:00+00:00,synthetic,0.1,4392,3.69,local,LRU+NONE,LRU,NONE,deferred,5863.054781,3410.635752,5699.434797,0,0.0,31668,77953,90209,calib_c1 20261008-130316-m7-c1; i>=80 linear extrap,0,0
20261010-055332-d4-sim2,2026-10-10T05:56:00+00:00,synthetic,0.1,4392,3.69,local,2HIT+WT,2HIT,WT,deferred,3150.307037,697.888008,3013.309437,43924,2745.25,32998,77953,44955,calib_c1 20261008-130316-m7-c1; i>=80 linear extrap,0,0
20261010-055332-d4-sim2,2026-10-10T05:56:00+00:00,synthetic,0.1,4392,3.69,local,2HIT+WB,2HIT,WB,deferred,3150.307037,697.888008,3013.309437,43924,2745.25,32998,77953,44955,calib_c1 20261008-130316-m7-c1; i>=80 linear extrap,0,0
20261010-055332-d4-sim2,2026-10-10T05:56:00+00:00,synthetic,0.1,4392,3.69,local,2HIT+WB2,2HIT,WB2,deferred,4149.347328,1696.928298,4008.151181,17790,1111.875,32998,77953,44955,calib_c1 20261008-130316-m7-c1; i>=80 linear extrap,0,0
20261010-055332-d4-sim2,2026-10-10T05:56:00+00:00,synthetic,0.1,4392,3.69,local,2HIT+H2,2HIT,H2,deferred,4082.808384,1630.389355,3970.279998,18251,1140.6875,32998,77953,44955,calib_c1 20261008-130316-m7-c1; i>=80 linear extrap,0,0
20261010-055332-d4-sim2,2026-10-10T05:56:00+00:00,synthetic,0.1,4392,3.69,local,2HIT+NONE,2HIT,NONE,deferred,5849.820576,3397.401547,5676.082085,0,0.0,32998,77953,44955,calib_c1 20261008-130316-m7-c1; i>=80 linear extrap,0,0
20261010-055332-d4-sim2,2026-10-10T05:56:00+00:00,synthetic,0.1,4392,3.69,local,SLRU+WT,SLRU,WT,deferred,3150.307037,697.888008,3013.309437,43924,2745.25,27803,77953,94074,calib_c1 20261008-130316-m7-c1; i>=80 linear extrap,0,0
20261010-055332-d4-sim2,2026-10-10T05:56:00+00:00,synthetic,0.1,4392,3.69,local,SLRU+WB,SLRU,WB,deferred,3206.88071,754.461681,3045.130078,43425,2714.0625,27803,77953,94074,calib_c1 20261008-130316-m7-c1; i>=80 linear extrap,0,0
20261010-055332-d4-sim2,2026-10-10T05:56:00+00:00,synthetic,0.1,4392,3.69,local,SLRU+WB2,SLRU,WB2,deferred,4087.50907,1635.090041,3933.309255,17576,1098.5,27803,77953,94074,calib_c1 20261008-130316-m7-c1; i>=80 linear extrap,0,0
20261010-055332-d4-sim2,2026-10-10T05:56:00+00:00,synthetic,0.1,4392,3.69,local,SLRU+H2,SLRU,H2,deferred,4012.969164,1560.550135,3891.389951,18251,1140.6875,27803,77953,94074,calib_c1 20261008-130316-m7-c1; i>=80 linear extrap,0,0
20261010-055332-d4-sim2,2026-10-10T05:56:00+00:00,synthetic,0.1,4392,3.69,local,SLRU+NONE,SLRU,NONE,deferred,5967.991758,3515.572729,5822.361505,0,0.0,27803,77953,94074,calib_c1 20261008-130316-m7-c1; i>=80 linear extrap,0,0
20261010-055332-d4-sim2,2026-10-10T05:56:00+00:00,synthetic,0.1,4392,3.69,local,ARC+WT,ARC,WT,deferred,3150.307037,697.888008,3013.309437,43924,2745.25,32320,77953,89557,calib_c1 20261008-130316-m7-c1; i>=80 linear extrap,0,0
20261010-055332-d4-sim2,2026-10-10T05:56:00+00:00,synthetic,0.1,4392,3.69,local,ARC+WB,ARC,WB,deferred,3186.694648,734.275619,3033.950824,43657,2728.5625,32320,77953,89557,calib_c1 20261008-130316-m7-c1; i>=80 linear extrap,0,0
20261010-055332-d4-sim2,2026-10-10T05:56:00+00:00,synthetic,0.1,4392,3.69,local,ARC+WB2,ARC,WB2,deferred,4078.538825,1626.119796,3928.345651,17914,1119.625,32320,77953,89557,calib_c1 20261008-130316-m7-c1; i>=80 linear extrap,0,0
20261010-055332-d4-sim2,2026-10-10T05:56:00+00:00,synthetic,0.1,4392,3.69,local,ARC+H2,ARC,H2,deferred,4010.362958,1557.943929,3888.837204,18251,1140.6875,32320,77953,89557,calib_c1 20261008-130316-m7-c1; i>=80 linear extrap,0,0
20261010-055332-d4-sim2,2026-10-10T05:56:00+00:00,synthetic,0.1,4392,3.69,local,ARC+NONE,ARC,NONE,deferred,5863.745945,3411.326916,5692.047812,0,0.0,32320,77953,89557,calib_c1 20261008-130316-m7-c1; i>=80 linear extrap,0,0
20261010-055332-d4-sim2,2026-10-10T05:56:00+00:00,synthetic,0.1,4392,3.69,local,S3FIFO+WT,S3FIFO,WT,deferred,3150.307037,697.888008,3013.309437,43924,2745.25,32828,77953,89049,calib_c1 20261008-130316-m7-c1; i>=80 linear extrap,0,0
20261010-055332-d4-sim2,2026-10-10T05:56:01+00:00,synthetic,0.1,4392,3.69,local,S3FIFO+WB,S3FIFO,WB,deferred,3181.488433,729.069404,3031.053489,43687,2730.4375,32828,77953,89049,calib_c1 20261008-130316-m7-c1; i>=80 linear extrap,0,0
20261010-055332-d4-sim2,2026-10-10T05:56:01+00:00,synthetic,0.1,4392,3.69,local,S3FIFO+WB2,S3FIFO,WB2,deferred,4126.741263,1674.322234,3968.203272,17406,1087.875,32828,77953,89049,calib_c1 20261008-130316-m7-c1; i>=80 linear extrap,0,0
20261010-055332-d4-sim2,2026-10-10T05:56:01+00:00,synthetic,0.1,4392,3.69,local,S3FIFO+H2,S3FIFO,H2,deferred,4028.342198,1575.923169,3908.993605,18251,1140.6875,32828,77953,89049,calib_c1 20261008-130316-m7-c1; i>=80 linear extrap,0,0
20261010-055332-d4-sim2,2026-10-10T05:56:01+00:00,synthetic,0.1,4392,3.69,local,S3FIFO+NONE,S3FIFO,NONE,deferred,5677.900765,3225.481736,5502.898508,0,0.0,32828,77953,89049,calib_c1 20261008-130316-m7-c1; i>=80 linear extrap,0,0
20261010-055332-d4-sim2,2026-10-10T05:56:01+00:00,synthetic,0.1,4392,3.69,local,WTPa+WBR,WTPa,WBR,wtp_a,3225.046568,772.627539,3056.191688,16558,1034.875,44645,77953,43573,calib_c1 20261008-130316-m7-c1; i>=80 linear extrap,0,0
20261010-055332-d4-sim2,2026-10-10T05:56:01+00:00,synthetic,0.1,4392,3.69,local,WTPa+WTR,WTPa,WTR,wtp_a,3150.307037,697.888008,3013.309437,18251,1140.6875,44645,77953,43573,calib_c1 20261008-130316-m7-c1; i>=80 linear extrap,0,0
20261010-055332-d4-sim2,2026-10-10T05:56:01+00:00,synthetic,0.1,4392,3.69,local,WTPb+WB,WTPb,WB,wtp_b,3243.428021,791.008992,3069.094204,43498,2718.625,40020,77953,26792,calib_c1 20261008-130316-m7-c1; i>=80 linear extrap,0,0
20261010-055332-d4-sim2,2026-10-10T05:56:01+00:00,synthetic,0.1,4392,3.69,local,OPT-BELADY,BELADY,NEED,opt,3643.036979,1190.61795,3298.996214,11836,739.75,61707,77953,27372,calib_c1 20261008-130316-m7-c1; i>=80 linear extrap,0,0
20261010-055332-d4-sim2,2026-10-10T05:56:01+00:00,synthetic,0.1,4392,3.69,local,OPT-COST,COSTBELADY,NEED,opt,3150.307037,697.888008,3013.309437,18251,1140.6875,0,77953,0,calib_c1 20261008-130316-m7-c1; i>=80 linear extrap,0,0
20261010-055332-d4-sim2,2026-10-10T05:56:01+00:00,synthetic,0.1,4392,3.69,local,KEVa+WBR,KEVa,WBR,kev_a,3225.046568,772.627539,3056.191688,16558,1034.875,44645,77953,77232,calib_c1 20261008-130316-m7-c1; i>=80 linear extrap,0,0
20261010-055332-d4-sim2,2026-10-10T05:56:01+00:00,synthetic,0.1,4392,3.69,local,KEVa+WB,KEVa,WB,kev_a,3225.046568,772.627539,3056.191688,43364,2710.25,44645,77953,77232,calib_c1 20261008-130316-m7-c1; i>=80 linear extrap,0,0
20261010-055332-d4-sim2,2026-10-10T05:56:01+00:00,synthetic,0.1,4392,3.69,local,KEVb+WB,KEVb,WB,kev_b,3265.003471,812.584442,3082.559127,42578,2661.125,43964,77953,77913,calib_c1 20261008-130316-m7-c1; i>=80 linear extrap,0,0
20261010-055332-d4-sim2,2026-10-10T05:56:02+00:00,synthetic,0.1,4392,3.69,nfs,LRU+WT,LRU,WT,deferred,5797.464141,3345.045112,5523.742202,352,22.0,31668,77953,90209,calib_c1 20261008-130316-m7-c1; i>=80 linear extrap,0,0
20261010-055332-d4-sim2,2026-10-10T05:56:02+00:00,synthetic,0.1,4392,3.69,nfs,LRU+WB,LRU,WB,deferred,5797.464141,3345.045112,5523.742202,351,21.9375,31668,77953,90209,calib_c1 20261008-130316-m7-c1; i>=80 linear extrap,0,0
20261010-055332-d4-sim2,2026-10-10T05:56:02+00:00,synthetic,0.1,4392,3.69,nfs,LRU+WB2,LRU,WB2,deferred,5797.464141,3345.045112,5523.742202,192,12.0,31668,77953,90209,calib_c1 20261008-130316-m7-c1; i>=80 linear extrap,0,0
20261010-055332-d4-sim2,2026-10-10T05:56:02+00:00,synthetic,0.1,4392,3.69,nfs,LRU+H2,LRU,H2,deferred,5797.464141,3345.045112,5523.742202,192,12.0,31668,77953,90209,calib_c1 20261008-130316-m7-c1; i>=80 linear extrap,0,0
20261010-055332-d4-sim2,2026-10-10T05:56:02+00:00,synthetic,0.1,4392,3.69,nfs,LRU+NONE,LRU,NONE,deferred,5863.054781,3410.635752,5699.434797,0,0.0,31668,77953,90209,calib_c1 20261008-130316-m7-c1; i>=80 linear extrap,0,0
20261010-055332-d4-sim2,2026-10-10T05:56:02+00:00,synthetic,0.1,4392,3.69,nfs,2HIT+WT,2HIT,WT,deferred,5767.832277,3315.413248,5456.46634,352,22.0,32998,77953,44955,calib_c1 20261008-130316-m7-c1; i>=80 linear extrap,0,0
20261010-055332-d4-sim2,2026-10-10T05:56:02+00:00,synthetic,0.1,4392,3.69,nfs,2HIT+WB,2HIT,WB,deferred,5767.832277,3315.413248,5456.46634,352,22.0,32998,77953,44955,calib_c1 20261008-130316-m7-c1; i>=80 linear extrap,0,0
20261010-055332-d4-sim2,2026-10-10T05:56:02+00:00,synthetic,0.1,4392,3.69,nfs,2HIT+WB2,2HIT,WB2,deferred,5784.229937,3331.810908,5500.389489,192,12.0,32998,77953,44955,calib_c1 20261008-130316-m7-c1; i>=80 linear extrap,0,0
20261010-055332-d4-sim2,2026-10-10T05:56:02+00:00,synthetic,0.1,4392,3.69,nfs,2HIT+H2,2HIT,H2,deferred,5784.229937,3331.810908,5500.389489,192,12.0,32998,77953,44955,calib_c1 20261008-130316-m7-c1; i>=80 linear extrap,0,0
20261010-055332-d4-sim2,2026-10-10T05:56:02+00:00,synthetic,0.1,4392,3.69,nfs,2HIT+NONE,2HIT,NONE,deferred,5849.820576,3397.401547,5676.082085,0,0.0,32998,77953,44955,calib_c1 20261008-130316-m7-c1; i>=80 linear extrap,0,0
20261010-055332-d4-sim2,2026-10-10T05:56:02+00:00,synthetic,0.1,4392,3.69,nfs,SLRU+WT,SLRU,WT,deferred,5935.196438,3482.777409,5734.515207,352,22.0,27803,77953,94074,calib_c1 20261008-130316-m7-c1; i>=80 linear extrap,0,0
20261010-055332-d4-sim2,2026-10-10T05:56:02+00:00,synthetic,0.1,4392,3.69,nfs,SLRU+WB,SLRU,WB,deferred,5935.196438,3482.777409,5734.515207,352,22.0,27803,77953,94074,calib_c1 20261008-130316-m7-c1; i>=80 linear extrap,0,0
20261010-055332-d4-sim2,2026-10-10T05:56:03+00:00,synthetic,0.1,4392,3.69,nfs,SLRU+WB2,SLRU,WB2,deferred,5951.594098,3499.175069,5778.438356,192,12.0,27803,77953,94074,calib_c1 20261008-130316-m7-c1; i>=80 linear extrap,0,0
20261010-055332-d4-sim2,2026-10-10T05:56:03+00:00,synthetic,0.1,4392,3.69,nfs,SLRU+H2,SLRU,H2,deferred,5951.594098,3499.175069,5778.438356,192,12.0,27803,77953,94074,calib_c1 20261008-130316-m7-c1; i>=80 linear extrap,0,0
20261010-055332-d4-sim2,2026-10-10T05:56:03+00:00,synthetic,0.1,4392,3.69,nfs,SLRU+NONE,SLRU,NONE,deferred,5967.991758,3515.572729,5822.361505,0,0.0,27803,77953,94074,calib_c1 20261008-130316-m7-c1; i>=80 linear extrap,0,0
20261010-055332-d4-sim2,2026-10-10T05:56:03+00:00,synthetic,0.1,4392,3.69,nfs,ARC+WT,ARC,WT,deferred,5798.155305,3345.736276,5516.355216,352,22.0,32320,77953,89557,calib_c1 20261008-130316-m7-c1; i>=80 linear extrap,0,0
20261010-055332-d4-sim2,2026-10-10T05:56:03+00:00,synthetic,0.1,4392,3.69,nfs,ARC+WB,ARC,WB,deferred,5798.155305,3345.736276,5516.355216,351,21.9375,32320,77953,89557,calib_c1 20261008-130316-m7-c1; i>=80 linear extrap,0,0
20261010-055332-d4-sim2,2026-10-10T05:56:03+00:00,synthetic,0.1,4392,3.69,nfs,ARC+WB2,ARC,WB2,deferred,5814.552965,3362.133936,5560.278365,192,12.0,32320,77953,89557,calib_c1 20261008-130316-m7-c1; i>=80 linear extrap,0,0
20261010-055332-d4-sim2,2026-10-10T05:56:03+00:00,synthetic,0.1,4392,3.69,nfs,ARC+H2,ARC,H2,deferred,5814.552965,3362.133936,5560.278365,192,12.0,32320,77953,89557,calib_c1 20261008-130316-m7-c1; i>=80 linear extrap,0,0
20261010-055332-d4-sim2,2026-10-10T05:56:03+00:00,synthetic,0.1,4392,3.69,nfs,ARC+NONE,ARC,NONE,deferred,5863.745945,3411.326916,5692.047812,0,0.0,32320,77953,89557,calib_c1 20261008-130316-m7-c1; i>=80 linear extrap,0,0
20261010-055332-d4-sim2,2026-10-10T05:56:03+00:00,synthetic,0.1,4392,3.69,nfs,S3FIFO+WT,S3FIFO,WT,deferred,5661.503105,3209.084076,5458.975359,352,22.0,32828,77953,89049,calib_c1 20261008-130316-m7-c1; i>=80 linear extrap,0,0
20261010-055332-d4-sim2,2026-10-10T05:56:03+00:00,synthetic,0.1,4392,3.69,nfs,S3FIFO+WB,S3FIFO,WB,deferred,5661.503105,3209.084076,5458.975359,352,22.0,32828,77953,89049,calib_c1 20261008-130316-m7-c1; i>=80 linear extrap,0,0
20261010-055332-d4-sim2,2026-10-10T05:56:03+00:00,synthetic,0.1,4392,3.69,nfs,S3FIFO+WB2,S3FIFO,WB2,deferred,5677.900765,3225.481736,5502.898508,0,0.0,32828,77953,89049,calib_c1 20261008-130316-m7-c1; i>=80 linear extrap,0,0
20261010-055332-d4-sim2,2026-10-10T05:56:03+00:00,synthetic,0.1,4392,3.69,nfs,S3FIFO+H2,S3FIFO,H2,deferred,5677.900765,3225.481736,5502.898508,192,12.0,32828,77953,89049,calib_c1 20261008-130316-m7-c1; i>=80 linear extrap,0,0
20261010-055332-d4-sim2,2026-10-10T05:56:03+00:00,synthetic,0.1,4392,3.69,nfs,S3FIFO+NONE,S3FIFO,NONE,deferred,5677.900765,3225.481736,5502.898508,0,0.0,32828,77953,89049,calib_c1 20261008-130316-m7-c1; i>=80 linear extrap,0,0
20261010-055332-d4-sim2,2026-10-10T05:56:03+00:00,synthetic,0.1,4392,3.69,nfs,WTPa+WBR,WTPa,WBR,wtp_a,5207.945097,2755.526067,4922.928073,192,12.0,44645,77953,43573,calib_c1 20261008-130316-m7-c1; i>=80 linear extrap,0,0
20261010-055332-d4-sim2,2026-10-10T05:56:03+00:00,synthetic,0.1,4392,3.69,nfs,WTPa+WTR,WTPa,WTR,wtp_a,5207.945097,2755.526067,4922.928073,192,12.0,44645,77953,43573,calib_c1 20261008-130316-m7-c1; i>=80 linear extrap,0,0
20261010-055332-d4-sim2,2026-10-10T05:56:03+00:00,synthetic,0.1,4392,3.69,nfs,WTPb+WB,WTPb,WB,wtp_b,5353.589466,2901.170437,5120.582874,351,21.9375,40020,77953,26792,calib_c1 20261008-130316-m7-c1; i>=80 linear extrap,0,0
20261010-055332-d4-sim2,2026-10-10T05:56:03+00:00,synthetic,0.1,4392,3.69,nfs,OPT-BELADY,BELADY,NEED,opt,4462.749889,2010.33086,4139.837132,108,6.75,61707,77953,27372,calib_c1 20261008-130316-m7-c1; i>=80 linear extrap,0,0
20261010-055332-d4-sim2,2026-10-10T05:56:04+00:00,synthetic,0.1,4392,3.69,nfs,OPT-COST,COSTBELADY,NEED,opt,4323.129998,1870.710969,3900.42443,0,0.0,59397,77953,27441,calib_c1 20261008-130316-m7-c1; i>=80 linear extrap,0,0
20261010-055332-d4-sim2,2026-10-10T05:56:04+00:00,synthetic,0.1,4392,3.69,nfs,KEVa+WBR,KEVa,WBR,kev_a,5207.945097,2755.526067,4922.928073,192,12.0,44645,77953,77232,calib_c1 20261008-130316-m7-c1; i>=80 linear extrap,0,0
20261010-055332-d4-sim2,2026-10-10T05:56:04+00:00,synthetic,0.1,4392,3.69,nfs,KEVa+WB,KEVa,WB,kev_a,5207.945097,2755.526067,4922.928073,351,21.9375,44645,77953,77232,calib_c1 20261008-130316-m7-c1; i>=80 linear extrap,0,0
20261010-055332-d4-sim2,2026-10-10T05:56:04+00:00,synthetic,0.1,4392,3.69,nfs,KEVb+WB,KEVb,WB,kev_b,5161.736286,2709.317257,4935.621831,156,9.75,43964,77953,77913,calib_c1 20261008-130316-m7-c1; i>=80 linear extrap,0,0
20261010-055332-d4-sim2,2026-10-10T05:56:04+00:00,synthetic,0.1,4392,11.6,local,LRU+WT,LRU,WT,deferred,3037.418671,584.999642,2933.648339,43924,2745.25,31668,77953,90209,calib_c1 20261008-130316-m7-c1; i>=80 linear extrap,0,0
20261010-055332-d4-sim2,2026-10-10T05:56:04+00:00,synthetic,0.1,4392,11.6,local,LRU+WB,LRU,WB,deferred,3037.418671,584.999642,2933.648339,43536,2721.0,31668,77953,90209,calib_c1 20261008-130316-m7-c1; i>=80 linear extrap,0,0
20261010-055332-d4-sim2,2026-10-10T05:56:04+00:00,synthetic,0.1,4392,11.6,local,LRU+WB2,LRU,WB2,deferred,3767.304677,1314.885648,3684.3065,17800,1112.5,31668,77953,90209,calib_c1 20261008-130316-m7-c1; i>=80 linear extrap,0,0
20261010-055332-d4-sim2,2026-10-10T05:56:04+00:00,synthetic,0.1,4392,11.6,local,LRU+H2,LRU,H2,deferred,3767.304677,1314.885648,3684.3065,18251,1140.6875,31668,77953,90209,calib_c1 20261008-130316-m7-c1; i>=80 linear extrap,0,0
20261010-055332-d4-sim2,2026-10-10T05:56:04+00:00,synthetic,0.1,4392,11.6,local,LRU+NONE,LRU,NONE,deferred,5497.297667,3044.878638,5471.981521,0,0.0,31668,77953,90209,calib_c1 20261008-130316-m7-c1; i>=80 linear extrap,0,0
20261010-055332-d4-sim2,2026-10-10T05:56:05+00:00,synthetic,0.1,4392,11.6,local,2HIT+WT,2HIT,WT,deferred,3032.677559,580.25853,2930.385515,43924,2745.25,32998,77953,44955,calib_c1 20261008-130316-m7-c1; i>=80 linear extrap,0,0
20261010-055332-d4-sim2,2026-10-10T05:56:05+00:00,synthetic,0.1,4392,11.6,local,2HIT+WB,2HIT,WB,deferred,3032.677559,580.25853,2930.385515,43924,2745.25,32998,77953,44955,calib_c1 20261008-130316-m7-c1; i>=80 linear extrap,0,0
20261010-055332-d4-sim2,2026-10-10T05:56:05+00:00,synthetic,0.1,4392,11.6,local,2HIT+WB2,2HIT,WB2,deferred,3965.178906,1512.759877,3886.914544,17790,1111.875,32998,77953,44955,calib_c1 20261008-130316-m7-c1; i>=80 linear extrap,0,0
20261010-055332-d4-sim2,2026-10-10T05:56:05+00:00,synthetic,0.1,4392,11.6,local,2HIT+H2,2HIT,H2,deferred,3965.178906,1512.759877,3886.914544,18251,1140.6875,32998,77953,44955,calib_c1 20261008-130316-m7-c1; i>=80 linear extrap,0,0
20261010-055332-d4-sim2,2026-10-10T05:56:05+00:00,synthetic,0.1,4392,11.6,local,2HIT+NONE,2HIT,NONE,deferred,5468.70231,3016.283281,5438.92381,0,0.0,32998,77953,44955,calib_c1 20261008-130316-m7-c1; i>=80 linear extrap,0,0
20261010-055332-d4-sim2,2026-10-10T05:56:05+00:00,synthetic,0.1,4392,11.6,local,SLRU+WT,SLRU,WT,deferred,3051.196413,598.777384,2943.365612,43924,2745.25,27803,77953,94074,calib_c1 20261008-130316-m7-c1; i>=80 linear extrap,0,0
20261010-055332-d4-sim2,2026-10-10T05:56:05+00:00,synthetic,0.1,4392,11.6,local,SLRU+WB,SLRU,WB,deferred,3051.196413,598.777384,2943.365612,43425,2714.0625,27803,77953,94074,calib_c1 20261008-130316-m7-c1; i>=80 linear extrap,0,0
20261010-055332-d4-sim2,2026-10-10T05:56:05+00:00,synthetic,0.1,4392,11.6,local,SLRU+WB2,SLRU,WB2,deferred,3898.894663,1446.475634,3812.517531,17576,1098.5,27803,77953,94074,calib_c1 20261008-130316-m7-c1; i>=80 linear extrap,0,0
20261010-055332-d4-sim2,2026-10-10T05:56:05+00:00,synthetic,0.1,4392,11.6,local,SLRU+H2,SLRU,H2,deferred,3898.894663,1446.475634,3812.517531,18251,1140.6875,27803,77953,94074,calib_c1 20261008-130316-m7-c1; i>=80 linear extrap,0,0
20261010-055332-d4-sim2,2026-10-10T05:56:05+00:00,synthetic,0.1,4392,11.6,local,SLRU+NONE,SLRU,NONE,deferred,5646.874383,3194.455354,5621.585268,0,0.0,27803,77953,94074,calib_c1 20261008-130316-m7-c1; i>=80 linear extrap,0,0
20261010-055332-d4-sim2,2026-10-10T05:56:05+00:00,synthetic,0.1,4392,11.6,local,ARC+WT,ARC,WT,deferred,3035.094456,582.675427,2931.972646,43924,2745.25,32320,77953,89557,calib_c1 20261008-130316-m7-c1; i>=80 linear extrap,0,0
20261010-055332-d4-sim2,2026-10-10T05:56:05+00:00,synthetic,0.1,4392,11.6,local,ARC+WB,ARC,WB,deferred,3035.094456,582.675427,2931.972646,43657,2728.5625,32320,77953,89557,calib_c1 20261008-130316-m7-c1; i>=80 linear extrap,0,0
20261010-055332-d4-sim2,2026-10-10T05:56:05+00:00,synthetic,0.1,4392,11.6,local,ARC+WB2,ARC,WB2,deferred,3879.348077,1426.929048,3798.140262,17914,1119.625,32320,77953,89557,calib_c1 20261008-130316-m7-c1; i>=80 linear extrap,0,0
20261010-055332-d4-sim2,2026-10-10T05:56:05+00:00,synthetic,0.1,4392,11.6,local,ARC+H2,ARC,H2,deferred,3879.348077,1426.929048,3798.140262,18251,1140.6875,32320,77953,89557,calib_c1 20261008-130316-m7-c1; i>=80 linear extrap,0,0
20261010-055332-d4-sim2,2026-10-10T05:56:05+00:00,synthetic,0.1,4392,11.6,local,ARC+NONE,ARC,NONE,deferred,5490.458402,3038.039373,5460.918984,0,0.0,32320,77953,89557,calib_c1 20261008-130316-m7-c1; i>=80 linear extrap,0,0
20261010-055332-d4-sim2,2026-10-10T05:56:05+00:00,synthetic,0.1,4392,11.6,local,S3FIFO+WT,S3FIFO,WT,deferred,3033.283566,580.864537,2930.244858,43924,2745.25,32828,77953,89049,calib_c1 20261008-130316-m7-c1; i>=80 linear extrap,0,0
20261010-055332-d4-sim2,2026-10-10T05:56:06+00:00,synthetic,0.1,4392,11.6,local,S3FIFO+WB,S3FIFO,WB,deferred,3033.283566,580.864537,2930.244858,43687,2730.4375,32828,77953,89049,calib_c1 20261008-130316-m7-c1; i>=80 linear extrap,0,0
20261010-055332-d4-sim2,2026-10-10T05:56:06+00:00,synthetic,0.1,4392,11.6,local,S3FIFO+WB2,S3FIFO,WB2,deferred,3899.540863,1447.121834,3818.749728,17406,1087.875,32828,77953,89049,calib_c1 20261008-130316-m7-c1; i>=80 linear extrap,0,0
20261010-055332-d4-sim2,2026-10-10T05:56:06+00:00,synthetic,0.1,4392,11.6,local,S3FIFO+H2,S3FIFO,H2,deferred,3899.540863,1447.121834,3818.749728,18251,1140.6875,32828,77953,89049,calib_c1 20261008-130316-m7-c1; i>=80 linear extrap,0,0
20261010-055332-d4-sim2,2026-10-10T05:56:06+00:00,synthetic,0.1,4392,11.6,local,S3FIFO+NONE,S3FIFO,NONE,deferred,5298.745955,2846.326926,5267.269211,0,0.0,32828,77953,89049,calib_c1 20261008-130316-m7-c1; i>=80 linear extrap,0,0
20261010-055332-d4-sim2,2026-10-10T05:56:06+00:00,synthetic,0.1,4392,11.6,local,WTPa+WBR,WTPa,WBR,wtp_a,2991.158966,538.739937,2900.884267,16558,1034.875,44645,77953,43573,calib_c1 20261008-130316-m7-c1; i>=80 linear extrap,0,0
20261010-055332-d4-sim2,2026-10-10T05:56:06+00:00,synthetic,0.1,4392,11.6,local,WTPa+WTR,WTPa,WTR,wtp_a,2991.158966,538.739937,2900.884267,18251,1140.6875,44645,77953,43573,calib_c1 20261008-130316-m7-c1; i>=80 linear extrap,0,0
20261010-055332-d4-sim2,2026-10-10T05:56:06+00:00,synthetic,0.1,4392,11.6,local,WTPb+WB,WTPb,WB,wtp_b,3007.645915,555.226886,2912.339577,43498,2718.625,40020,77953,26792,calib_c1 20261008-130316-m7-c1; i>=80 linear extrap,0,0
20261010-055332-d4-sim2,2026-10-10T05:56:06+00:00,synthetic,0.1,4392,11.6,local,OPT-BELADY,BELADY,NEED,opt,2930.337275,477.918246,2858.34918,11836,739.75,61707,77953,27372,calib_c1 20261008-130316-m7-c1; i>=80 linear extrap,0,0
20261010-055332-d4-sim2,2026-10-10T05:56:06+00:00,synthetic,0.1,4392,11.6,local,OPT-COST,COSTBELADY,NEED,opt,2932.247979,479.82895,2859.901071,12099,756.1875,61171,77953,27294,calib_c1 20261008-130316-m7-c1; i>=80 linear extrap,0,0
20261010-055332-d4-sim2,2026-10-10T05:56:06+00:00,synthetic,0.1,4392,11.6,local,KEVa+WBR,KEVa,WBR,kev_a,2991.158966,538.739937,2900.884267,16558,1034.875,44645,77953,77232,calib_c1 20261008-130316-m7-c1; i>=80 linear extrap,0,0
20261010-055332-d4-sim2,2026-10-10T05:56:06+00:00,synthetic,0.1,4392,11.6,local,KEVa+WB,KEVa,WB,kev_a,2991.158966,538.739937,2900.884267,43364,2710.25,44645,77953,77232,calib_c1 20261008-130316-m7-c1; i>=80 linear extrap,0,0
20261010-055332-d4-sim2,2026-10-10T05:56:06+00:00,synthetic,0.1,4392,11.6,local,KEVb+WB,KEVb,WB,kev_b,2993.586558,541.167529,2902.334911,42578,2661.125,43964,77953,77913,calib_c1 20261008-130316-m7-c1; i>=80 linear extrap,0,0
20261010-055332-d4-sim2,2026-10-10T05:56:07+00:00,synthetic,0.1,4392,11.6,nfs,LRU+WT,LRU,WT,deferred,5431.707027,2979.287998,5296.288925,352,22.0,31668,77953,90209,calib_c1 20261008-130316-m7-c1; i>=80 linear extrap,0,0
20261010-055332-d4-sim2,2026-10-10T05:56:07+00:00,synthetic,0.1,4392,11.6,nfs,LRU+WB,LRU,WB,deferred,5431.707027,2979.287998,5296.288925,351,21.9375,31668,77953,90209,calib_c1 20261008-130316-m7-c1; i>=80 linear extrap,0,0
20261010-055332-d4-sim2,2026-10-10T05:56:07+00:00,synthetic,0.1,4392,11.6,nfs,LRU+WB2,LRU,WB2,deferred,5431.707027,2979.287998,5296.288925,192,12.0,31668,77953,90209,calib_c1 20261008-130316-m7-c1; i>=80 linear extrap,0,0
20261010-055332-d4-sim2,2026-10-10T05:56:07+00:00,synthetic,0.1,4392,11.6,nfs,LRU+H2,LRU,H2,deferred,5431.707027,2979.287998,5296.288925,192,12.0,31668,77953,90209,calib_c1 20261008-130316-m7-c1; i>=80 linear extrap,0,0
20261010-055332-d4-sim2,2026-10-10T05:56:07+00:00,synthetic,0.1,4392,11.6,nfs,LRU+NONE,LRU,NONE,deferred,5497.297667,3044.878638,5471.981521,0,0.0,31668,77953,90209,calib_c1 20261008-130316-m7-c1; i>=80 linear extrap,0,0
20261010-055332-d4-sim2,2026-10-10T05:56:07+00:00,synthetic,0.1,4392,11.6,nfs,2HIT+WT,2HIT,WT,deferred,5386.714011,2934.294982,5219.308065,352,22.0,32998,77953,44955,calib_c1 20261008-130316-m7-c1; i>=80 linear extrap,0,0
20261010-055332-d4-sim2,2026-10-10T05:56:07+00:00,synthetic,0.1,4392,11.6,nfs,2HIT+WB,2HIT,WB,deferred,5386.714011,2934.294982,5219.308065,352,22.0,32998,77953,44955,calib_c1 20261008-130316-m7-c1; i>=80 linear extrap,0,0
20261010-055332-d4-sim2,2026-10-10T05:56:07+00:00,synthetic,0.1,4392,11.6,nfs,2HIT+WB2,2HIT,WB2,deferred,5403.111671,2950.692642,5263.231214,192,12.0,32998,77953,44955,calib_c1 20261008-130316-m7-c1; i>=80 linear extrap,0,0
20261010-055332-d4-sim2,2026-10-10T05:56:07+00:00,synthetic,0.1,4392,11.6,nfs,2HIT+H2,2HIT,H2,deferred,5403.111671,2950.692642,5263.231214,192,12.0,32998,77953,44955,calib_c1 20261008-130316-m7-c1; i>=80 linear extrap,0,0
20261010-055332-d4-sim2,2026-10-10T05:56:07+00:00,synthetic,0.1,4392,11.6,nfs,2HIT+NONE,2HIT,NONE,deferred,5468.70231,3016.283281,5438.92381,0,0.0,32998,77953,44955,calib_c1 20261008-130316-m7-c1; i>=80 linear extrap,0,0
20261010-055332-d4-sim2,2026-10-10T05:56:07+00:00,synthetic,0.1,4392,11.6,nfs,SLRU+WT,SLRU,WT,deferred,5614.079063,3161.660034,5533.73897,352,22.0,27803,77953,94074,calib_c1 20261008-130316-m7-c1; i>=80 linear extrap,0,0
20261010-055332-d4-sim2,2026-10-10T05:56:07+00:00,synthetic,0.1,4392,11.6,nfs,SLRU+WB,SLRU,WB,deferred,5614.079063,3161.660034,5533.73897,352,22.0,27803,77953,94074,calib_c1 20261008-130316-m7-c1; i>=80 linear extrap,0,0
20261010-055332-d4-sim2,2026-10-10T05:56:07+00:00,synthetic,0.1,4392,11.6,nfs,SLRU+WB2,SLRU,WB2,deferred,5630.476723,3178.057694,5577.662119,192,12.0,27803,77953,94074,calib_c1 20261008-130316-m7-c1; i>=80 linear extrap,0,0
20261010-055332-d4-sim2,2026-10-10T05:56:07+00:00,synthetic,0.1,4392,11.6,nfs,SLRU+H2,SLRU,H2,deferred,5630.476723,3178.057694,5577.662119,192,12.0,27803,77953,94074,calib_c1 20261008-130316-m7-c1; i>=80 linear extrap,0,0
20261010-055332-d4-sim2,2026-10-10T05:56:08+00:00,synthetic,0.1,4392,11.6,nfs,SLRU+NONE,SLRU,NONE,deferred,5646.874383,3194.455354,5621.585268,0,0.0,27803,77953,94074,calib_c1 20261008-130316-m7-c1; i>=80 linear extrap,0,0
20261010-055332-d4-sim2,2026-10-10T05:56:08+00:00,synthetic,0.1,4392,11.6,nfs,ARC+WT,ARC,WT,deferred,5424.867762,2972.448733,5285.226388,352,22.0,32320,77953,89557,calib_c1 20261008-130316-m7-c1; i>=80 linear extrap,0,0
20261010-055332-d4-sim2,2026-10-10T05:56:08+00:00,synthetic,0.1,4392,11.6,nfs,ARC+WB,ARC,WB,deferred,5424.867762,2972.448733,5285.226388,351,21.9375,32320,77953,89557,calib_c1 20261008-130316-m7-c1; i>=80 linear extrap,0,0
20261010-055332-d4-sim2,2026-10-10T05:56:08+00:00,synthetic,0.1,4392,11.6,nfs,ARC+WB2,ARC,WB2,deferred,5441.265422,2988.846393,5329.149537,192,12.0,32320,77953,89557,calib_c1 20261008-130316-m7-c1; i>=80 linear extrap,0,0
20261010-055332-d4-sim2,2026-10-10T05:56:08+00:00,synthetic,0.1,4392,11.6,nfs,ARC+H2,ARC,H2,deferred,5441.265422,2988.846393,5329.149537,192,12.0,32320,77953,89557,calib_c1 20261008-130316-m7-c1; i>=80 linear extrap,0,0
20261010-055332-d4-sim2,2026-10-10T05:56:08+00:00,synthetic,0.1,4392,11.6,nfs,ARC+NONE,ARC,NONE,deferred,5490.458402,3038.039373,5460.918984,0,0.0,32320,77953,89557,calib_c1 20261008-130316-m7-c1; i>=80 linear extrap,0,0
20261010-055332-d4-sim2,2026-10-10T05:56:08+00:00,synthetic,0.1,4392,11.6,nfs,S3FIFO+WT,S3FIFO,WT,deferred,5282.348295,2829.929266,5223.346062,352,22.0,32828,77953,89049,calib_c1 20261008-130316-m7-c1; i>=80 linear extrap,0,0
20261010-055332-d4-sim2,2026-10-10T05:56:08+00:00,synthetic,0.1,4392,11.6,nfs,S3FIFO+WB,S3FIFO,WB,deferred,5282.348295,2829.929266,5223.346062,352,22.0,32828,77953,89049,calib_c1 20261008-130316-m7-c1; i>=80 linear extrap,0,0
20261010-055332-d4-sim2,2026-10-10T05:56:08+00:00,synthetic,0.1,4392,11.6,nfs,S3FIFO+WB2,S3FIFO,WB2,deferred,5298.745955,2846.326926,5267.269211,0,0.0,32828,77953,89049,calib_c1 20261008-130316-m7-c1; i>=80 linear extrap,0,0
20261010-055332-d4-sim2,2026-10-10T05:56:08+00:00,synthetic,0.1,4392,11.6,nfs,S3FIFO+H2,S3FIFO,H2,deferred,5298.745955,2846.326926,5267.269211,192,12.0,32828,77953,89049,calib_c1 20261008-130316-m7-c1; i>=80 linear extrap,0,0
20261010-055332-d4-sim2,2026-10-10T05:56:08+00:00,synthetic,0.1,4392,11.6,nfs,S3FIFO+NONE,S3FIFO,NONE,deferred,5298.745955,2846.326926,5267.269211,0,0.0,32828,77953,89049,calib_c1 20261008-130316-m7-c1; i>=80 linear extrap,0,0
20261010-055332-d4-sim2,2026-10-10T05:56:08+00:00,synthetic,0.1,4392,11.6,nfs,WTPa+WBR,WTPa,WBR,wtp_a,4692.307028,2239.887999,4603.045286,192,12.0,44645,77953,43573,calib_c1 20261008-130316-m7-c1; i>=80 linear extrap,0,0
20261010-055332-d4-sim2,2026-10-10T05:56:08+00:00,synthetic,0.1,4392,11.6,nfs,WTPa+WTR,WTPa,WTR,wtp_a,4692.307028,2239.887999,4603.045286,192,12.0,44645,77953,43573,calib_c1 20261008-130316-m7-c1; i>=80 linear extrap,0,0
20261010-055332-d4-sim2,2026-10-10T05:56:08+00:00,synthetic,0.1,4392,11.6,nfs,WTPb+WB,WTPb,WB,wtp_b,4891.368937,2438.949908,4832.266849,351,21.9375,40020,77953,26792,calib_c1 20261008-130316-m7-c1; i>=80 linear extrap,0,0
20261010-055332-d4-sim2,2026-10-10T05:56:08+00:00,synthetic,0.1,4392,11.6,nfs,OPT-BELADY,BELADY,NEED,opt,3750.050185,1297.631156,3701.084983,108,6.75,61707,77953,27372,calib_c1 20261008-130316-m7-c1; i>=80 linear extrap,0,0
20261010-055332-d4-sim2,2026-10-10T05:56:08+00:00,synthetic,0.1,4392,11.6,nfs,OPT-COST,COSTBELADY,NEED,opt,3640.955201,1188.536172,3542.185895,0,0.0,60185,77953,27455,calib_c1 20261008-130316-m7-c1; i>=80 linear extrap,0,0
20261010-055332-d4-sim2,2026-10-10T05:56:08+00:00,synthetic,0.1,4392,11.6,nfs,KEVa+WBR,KEVa,WBR,kev_a,4692.307028,2239.887999,4603.045286,192,12.0,44645,77953,77232,calib_c1 20261008-130316-m7-c1; i>=80 linear extrap,0,0
20261010-055332-d4-sim2,2026-10-10T05:56:09+00:00,synthetic,0.1,4392,11.6,nfs,KEVa+WB,KEVa,WB,kev_a,4692.307028,2239.887999,4603.045286,351,21.9375,44645,77953,77232,calib_c1 20261008-130316-m7-c1; i>=80 linear extrap,0,0
20261010-055332-d4-sim2,2026-10-10T05:56:09+00:00,synthetic,0.1,4392,11.6,nfs,KEVb+WB,KEVb,WB,kev_b,4653.96359,2201.544561,4619.922973,156,9.75,43964,77953,77913,calib_c1 20261008-130316-m7-c1; i>=80 linear extrap,0,0
20261010-055332-d4-sim2,2026-10-10T05:56:10+00:00,synthetic,0.25,10981,3.69,local,LRU+WT,LRU,WT,deferred,3150.307037,697.888008,3013.309437,43924,2745.25,54044,77953,67833,calib_c1 20261008-130316-m7-c1; i>=80 linear extrap,0,0
20261010-055332-d4-sim2,2026-10-10T05:56:10+00:00,synthetic,0.25,10981,3.69,local,LRU+WB,LRU,WB,deferred,3295.817558,843.398529,3099.909222,41086,2567.875,54044,77953,67833,calib_c1 20261008-130316-m7-c1; i>=80 linear extrap,0,0
20261010-055332-d4-sim2,2026-10-10T05:56:10+00:00,synthetic,0.25,10981,3.69,local,LRU+WB2,LRU,WB2,deferred,3885.131875,1432.712846,3663.261689,15123,945.1875,54044,77953,67833,calib_c1 20261008-130316-m7-c1; i>=80 linear extrap,0,0
20261010-055332-d4-sim2,2026-10-10T05:56:10+00:00,synthetic,0.25,10981,3.69,local,LRU+H2,LRU,H2,deferred,3710.180686,1257.761657,3560.432528,18251,1140.6875,54044,77953,67833,calib_c1 20261008-130316-m7-c1; i>=80 linear extrap,0,0
20261010-055332-d4-sim2,2026-10-10T05:56:10+00:00,synthetic,0.25,10981,3.69,local,LRU+NONE,LRU,NONE,deferred,4760.0579,2307.638871,4482.990606,0,0.0,54044,77953,67833,calib_c1 20261008-130316-m7-c1; i>=80 linear extrap,0,0
20261010-055332-d4-sim2,2026-10-10T05:56:10+00:00,synthetic,0.25,10981,3.69,local,2HIT+WT,2HIT,WT,deferred,3150.307037,697.888008,3013.309437,43924,2745.25,53202,77953,24751,calib_c1 20261008-130316-m7-c1; i>=80 linear extrap,0,0
20261010-055332-d4-sim2,2026-10-10T05:56:10+00:00,synthetic,0.25,10981,3.69,local,2HIT+WB,2HIT,WB,deferred,3150.307037,697.888008,3013.309437,43924,2745.25,53202,77953,24751,calib_c1 20261008-130316-m7-c1; i>=80 linear extrap,0,0
20261010-055332-d4-sim2,2026-10-10T05:56:10+00:00,synthetic,0.25,10981,3.69,local,2HIT+WB2,2HIT,WB2,deferred,4388.098608,1935.679579,4148.51884,12653,790.8125,53202,77953,24751,calib_c1 20261008-130316-m7-c1; i>=80 linear extrap,0,0
20261010-055332-d4-sim2,2026-10-10T05:56:10+00:00,synthetic,0.25,10981,3.69,local,2HIT+H2,2HIT,H2,deferred,4082.808384,1630.389355,3970.279998,18251,1140.6875,53202,77953,24751,calib_c1 20261008-130316-m7-c1; i>=80 linear extrap,0,0
20261010-055332-d4-sim2,2026-10-10T05:56:10+00:00,synthetic,0.25,10981,3.69,local,2HIT+NONE,2HIT,NONE,deferred,4831.715915,2379.296885,4554.235056,0,0.0,53202,77953,24751,calib_c1 20261008-130316-m7-c1; i>=80 linear extrap,0,0
20261010-055332-d4-sim2,2026-10-10T05:56:10+00:00,synthetic,0.25,10981,3.69,local,SLRU+WT,SLRU,WT,deferred,3150.307037,697.888008,3013.309437,43924,2745.25,53186,77953,68691,calib_c1 20261008-130316-m7-c1; i>=80 linear extrap,0,0
20261010-055332-d4-sim2,2026-10-10T05:56:10+00:00,synthetic,0.25,10981,3.69,local,SLRU+WB,SLRU,WB,deferred,3344.294448,891.875419,3126.878053,39862,2491.375,53186,77953,68691,calib_c1 20261008-130316-m7-c1; i>=80 linear extrap,0,0
20261010-055332-d4-sim2,2026-10-10T05:56:10+00:00,synthetic,0.25,10981,3.69,local,SLRU+WB2,SLRU,WB2,deferred,4067.954497,1615.535468,3816.213305,11905,744.0625,53186,77953,68691,calib_c1 20261008-130316-m7-c1; i>=80 linear extrap,0,0
20261010-055332-d4-sim2,2026-10-10T05:56:10+00:00,synthetic,0.25,10981,3.69,local,SLRU+H2,SLRU,H2,deferred,3800.401347,1347.982318,3659.168023,18251,1140.6875,53186,77953,68691,calib_c1 20261008-130316-m7-c1; i>=80 linear extrap,0,0
20261010-055332-d4-sim2,2026-10-10T05:56:11+00:00,synthetic,0.25,10981,3.69,local,SLRU+NONE,SLRU,NONE,deferred,4833.153286,2380.734256,4557.950324,0,0.0,53186,77953,68691,calib_c1 20261008-130316-m7-c1; i>=80 linear extrap,0,0
20261010-055332-d4-sim2,2026-10-10T05:56:11+00:00,synthetic,0.25,10981,3.69,local,ARC+WT,ARC,WT,deferred,3150.307037,697.888008,3013.309437,43924,2745.25,56056,77953,65821,calib_c1 20261008-130316-m7-c1; i>=80 linear extrap,0,0
20261010-055332-d4-sim2,2026-10-10T05:56:11+00:00,synthetic,0.25,10981,3.69,local,ARC+WB,ARC,WB,deferred,3297.941566,845.522537,3100.627959,42150,2634.375,56056,77953,65821,calib_c1 20261008-130316-m7-c1; i>=80 linear extrap,0,0
20261010-055332-d4-sim2,2026-10-10T05:56:11+00:00,synthetic,0.25,10981,3.69,local,ARC+WB2,ARC,WB2,deferred,4073.740674,1621.321645,3825.277129,12698,793.625,56056,77953,65821,calib_c1 20261008-130316-m7-c1; i>=80 linear extrap,0,0
20261010-055332-d4-sim2,2026-10-10T05:56:11+00:00,synthetic,0.25,10981,3.69,local,ARC+H2,ARC,H2,deferred,3812.703279,1360.28425,3672.294285,18251,1140.6875,56056,77953,65821,calib_c1 20261008-130316-m7-c1; i>=80 linear extrap,0,0
20261010-055332-d4-sim2,2026-10-10T05:56:11+00:00,synthetic,0.25,10981,3.69,local,ARC+NONE,ARC,NONE,deferred,4678.279122,2225.860093,4387.283418,0,0.0,56056,77953,65821,calib_c1 20261008-130316-m7-c1; i>=80 linear extrap,0,0
20261010-055332-d4-sim2,2026-10-10T05:56:11+00:00,synthetic,0.25,10981,3.69,local,S3FIFO+WT,S3FIFO,WT,deferred,3150.307037,697.888008,3013.309437,43924,2745.25,55062,77953,66815,calib_c1 20261008-130316-m7-c1; i>=80 linear extrap,0,0
20261010-055332-d4-sim2,2026-10-10T05:56:11+00:00,synthetic,0.25,10981,3.69,local,S3FIFO+WB,S3FIFO,WB,deferred,3276.90111,824.482081,3085.091947,41807,2612.9375,55062,77953,66815,calib_c1 20261008-130316-m7-c1; i>=80 linear extrap,0,0
20261010-055332-d4-sim2,2026-10-10T05:56:11+00:00,synthetic,0.25,10981,3.69,local,S3FIFO+WB2,S3FIFO,WB2,deferred,4142.181276,1689.762247,3897.436997,12494,780.875,55062,77953,66815,calib_c1 20261008-130316-m7-c1; i>=80 linear extrap,0,0
20261010-055332-d4-sim2,2026-10-10T05:56:11+00:00,synthetic,0.25,10981,3.69,local,S3FIFO+H2,S3FIFO,H2,deferred,3883.754973,1431.335944,3746.794397,18251,1140.6875,55062,77953,66815,calib_c1 20261008-130316-m7-c1; i>=80 linear extrap,0,0
20261010-055332-d4-sim2,2026-10-10T05:56:11+00:00,synthetic,0.25,10981,3.69,local,S3FIFO+NONE,S3FIFO,NONE,deferred,4802.622134,2350.203105,4515.643269,0,0.0,55062,77953,66815,calib_c1 20261008-130316-m7-c1; i>=80 linear extrap,0,0
20261010-055332-d4-sim2,2026-10-10T05:56:11+00:00,synthetic,0.25,10981,3.69,local,WTPa+WBR,WTPa,WBR,wtp_a,3677.683862,1225.264833,3320.301815,2848,178.0,75105,77953,20728,calib_c1 20261008-130316-m7-c1; i>=80 linear extrap,0,0
20261010-055332-d4-sim2,2026-10-10T05:56:11+00:00,synthetic,0.25,10981,3.69,local,WTPa+WTR,WTPa,WTR,wtp_a,3150.307037,697.888008,3013.309437,18251,1140.6875,75105,77953,20728,calib_c1 20261008-130316-m7-c1; i>=80 linear extrap,0,0
20261010-055332-d4-sim2,2026-10-10T05:56:11+00:00,synthetic,0.25,10981,3.69,local,WTPb+WB,WTPb,WB,wtp_b,3553.094022,1100.674993,3248.315701,35747,2234.1875,59897,77953,14532,calib_c1 20261008-130316-m7-c1; i>=80 linear extrap,0,0
20261010-055332-d4-sim2,2026-10-10T05:56:11+00:00,synthetic,0.25,10981,3.69,local,OPT-BELADY,BELADY,NEED,opt,3759.538022,1307.118993,3366.671493,1656,103.5,76297,77953,19161,calib_c1 20261008-130316-m7-c1; i>=80 linear extrap,0,0
20261010-055332-d4-sim2,2026-10-10T05:56:11+00:00,synthetic,0.25,10981,3.69,local,OPT-COST,COSTBELADY,NEED,opt,3150.307037,697.888008,3013.309437,18251,1140.6875,0,77953,0,calib_c1 20261008-130316-m7-c1; i>=80 linear extrap,0,0
20261010-055332-d4-sim2,2026-10-10T05:56:11+00:00,synthetic,0.25,10981,3.69,local,KEVa+WBR,KEVa,WBR,kev_a,3677.683862,1225.264833,3320.301815,2848,178.0,75105,77953,46772,calib_c1 20261008-130316-m7-c1; i>=80 linear extrap,0,0
20261010-055332-d4-sim2,2026-10-10T05:56:11+00:00,synthetic,0.25,10981,3.69,local,KEVa+WB,KEVa,WB,kev_a,3677.683862,1225.264833,3320.301815,34675,2167.1875,75105,77953,46772,calib_c1 20261008-130316-m7-c1; i>=80 linear extrap,0,0
20261010-055332-d4-sim2,2026-10-10T05:56:12+00:00,synthetic,0.25,10981,3.69,local,KEVb+WB,KEVb,WB,kev_b,3575.635656,1123.216627,3260.864349,36062,2253.875,63694,77953,58183,calib_c1 20261008-130316-m7-c1; i>=80 linear extrap,0,0
20261010-055332-d4-sim2,2026-10-10T05:56:12+00:00,synthetic,0.25,10981,3.69,nfs,LRU+WT,LRU,WT,deferred,4760.0579,2307.638871,4482.990606,352,22.0,54044,77953,67833,calib_c1 20261008-130316-m7-c1; i>=80 linear extrap,0,0
20261010-055332-d4-sim2,2026-10-10T05:56:12+00:00,synthetic,0.25,10981,3.69,nfs,LRU+WB,LRU,WB,deferred,4760.0579,2307.638871,4482.990606,157,9.8125,54044,77953,67833,calib_c1 20261008-130316-m7-c1; i>=80 linear extrap,0,0
20261010-055332-d4-sim2,2026-10-10T05:56:12+00:00,synthetic,0.25,10981,3.69,nfs,LRU+WB2,LRU,WB2,deferred,4760.0579,2307.638871,4482.990606,0,0.0,54044,77953,67833,calib_c1 20261008-130316-m7-c1; i>=80 linear extrap,0,0
20261010-055332-d4-sim2,2026-10-10T05:56:12+00:00,synthetic,0.25,10981,3.69,nfs,LRU+H2,LRU,H2,deferred,4760.0579,2307.638871,4482.990606,192,12.0,54044,77953,67833,calib_c1 20261008-130316-m7-c1; i>=80 linear extrap,0,0
20261010-055332-d4-sim2,2026-10-10T05:56:12+00:00,synthetic,0.25,10981,3.69,nfs,LRU+NONE,LRU,NONE,deferred,4760.0579,2307.638871,4482.990606,0,0.0,54044,77953,67833,calib_c1 20261008-130316-m7-c1; i>=80 linear extrap,0,0
20261010-055332-d4-sim2,2026-10-10T05:56:12+00:00,synthetic,0.25,10981,3.69,nfs,2HIT+WT,2HIT,WT,deferred,4815.318255,2362.899226,4510.311907,352,22.0,53202,77953,24751,calib_c1 20261008-130316-m7-c1; i>=80 linear extrap,0,0
20261010-055332-d4-sim2,2026-10-10T05:56:12+00:00,synthetic,0.25,10981,3.69,nfs,2HIT+WB,2HIT,WB,deferred,4815.318255,2362.899226,4510.311907,352,22.0,53202,77953,24751,calib_c1 20261008-130316-m7-c1; i>=80 linear extrap,0,0
20261010-055332-d4-sim2,2026-10-10T05:56:12+00:00,synthetic,0.25,10981,3.69,nfs,2HIT+WB2,2HIT,WB2,deferred,4831.715915,2379.296885,4554.235056,0,0.0,53202,77953,24751,calib_c1 20261008-130316-m7-c1; i>=80 linear extrap,0,0
20261010-055332-d4-sim2,2026-10-10T05:56:12+00:00,synthetic,0.25,10981,3.69,nfs,2HIT+H2,2HIT,H2,deferred,4831.715915,2379.296885,4554.235056,192,12.0,53202,77953,24751,calib_c1 20261008-130316-m7-c1; i>=80 linear extrap,0,0
20261010-055332-d4-sim2,2026-10-10T05:56:12+00:00,synthetic,0.25,10981,3.69,nfs,2HIT+NONE,2HIT,NONE,deferred,4831.715915,2379.296885,4554.235056,0,0.0,53202,77953,24751,calib_c1 20261008-130316-m7-c1; i>=80 linear extrap,0,0
20261010-055332-d4-sim2,2026-10-10T05:56:12+00:00,synthetic,0.25,10981,3.69,nfs,SLRU+WT,SLRU,WT,deferred,4833.153286,2380.734256,4557.950324,352,22.0,53186,77953,68691,calib_c1 20261008-130316-m7-c1; i>=80 linear extrap,0,0
20261010-055332-d4-sim2,2026-10-10T05:56:12+00:00,synthetic,0.25,10981,3.69,nfs,SLRU+WB,SLRU,WB,deferred,4833.153286,2380.734256,4557.950324,158,9.875,53186,77953,68691,calib_c1 20261008-130316-m7-c1; i>=80 linear extrap,0,0
20261010-055332-d4-sim2,2026-10-10T05:56:12+00:00,synthetic,0.25,10981,3.69,nfs,SLRU+WB2,SLRU,WB2,deferred,4833.153286,2380.734256,4557.950324,0,0.0,53186,77953,68691,calib_c1 20261008-130316-m7-c1; i>=80 linear extrap,0,0
20261010-055332-d4-sim2,2026-10-10T05:56:13+00:00,synthetic,0.25,10981,3.69,nfs,SLRU+H2,SLRU,H2,deferred,4833.153286,2380.734256,4557.950324,192,12.0,53186,77953,68691,calib_c1 20261008-130316-m7-c1; i>=80 linear extrap,0,0
20261010-055332-d4-sim2,2026-10-10T05:56:13+00:00,synthetic,0.25,10981,3.69,nfs,SLRU+NONE,SLRU,NONE,deferred,4833.153286,2380.734256,4557.950324,0,0.0,53186,77953,68691,calib_c1 20261008-130316-m7-c1; i>=80 linear extrap,0,0
20261010-055332-d4-sim2,2026-10-10T05:56:13+00:00,synthetic,0.25,10981,3.69,nfs,ARC+WT,ARC,WT,deferred,4678.279122,2225.860093,4387.283418,352,22.0,56056,77953,65821,calib_c1 20261008-130316-m7-c1; i>=80 linear extrap,0,0
20261010-055332-d4-sim2,2026-10-10T05:56:13+00:00,synthetic,0.25,10981,3.69,nfs,ARC+WB,ARC,WB,deferred,4678.279122,2225.860093,4387.283418,160,10.0,56056,77953,65821,calib_c1 20261008-130316-m7-c1; i>=80 linear extrap,0,0
20261010-055332-d4-sim2,2026-10-10T05:56:13+00:00,synthetic,0.25,10981,3.69,nfs,ARC+WB2,ARC,WB2,deferred,4678.279122,2225.860093,4387.283418,0,0.0,56056,77953,65821,calib_c1 20261008-130316-m7-c1; i>=80 linear extrap,0,0
20261010-055332-d4-sim2,2026-10-10T05:56:13+00:00,synthetic,0.25,10981,3.69,nfs,ARC+H2,ARC,H2,deferred,4678.279122,2225.860093,4387.283418,192,12.0,56056,77953,65821,calib_c1 20261008-130316-m7-c1; i>=80 linear extrap,0,0
20261010-055332-d4-sim2,2026-10-10T05:56:13+00:00,synthetic,0.25,10981,3.69,nfs,ARC+NONE,ARC,NONE,deferred,4678.279122,2225.860093,4387.283418,0,0.0,56056,77953,65821,calib_c1 20261008-130316-m7-c1; i>=80 linear extrap,0,0
20261010-055332-d4-sim2,2026-10-10T05:56:13+00:00,synthetic,0.25,10981,3.69,nfs,S3FIFO+WT,S3FIFO,WT,deferred,4786.224474,2333.805445,4471.72012,352,22.0,55062,77953,66815,calib_c1 20261008-130316-m7-c1; i>=80 linear extrap,0,0
20261010-055332-d4-sim2,2026-10-10T05:56:13+00:00,synthetic,0.25,10981,3.69,nfs,S3FIFO+WB,S3FIFO,WB,deferred,4786.224474,2333.805445,4471.72012,350,21.875,55062,77953,66815,calib_c1 20261008-130316-m7-c1; i>=80 linear extrap,0,0
20261010-055332-d4-sim2,2026-10-10T05:56:13+00:00,synthetic,0.25,10981,3.69,nfs,S3FIFO+WB2,S3FIFO,WB2,deferred,4802.622134,2350.203105,4515.643269,0,0.0,55062,77953,66815,calib_c1 20261008-130316-m7-c1; i>=80 linear extrap,0,0
20261010-055332-d4-sim2,2026-10-10T05:56:13+00:00,synthetic,0.25,10981,3.69,nfs,S3FIFO+H2,S3FIFO,H2,deferred,4802.622134,2350.203105,4515.643269,192,12.0,55062,77953,66815,calib_c1 20261008-130316-m7-c1; i>=80 linear extrap,0,0
20261010-055332-d4-sim2,2026-10-10T05:56:13+00:00,synthetic,0.25,10981,3.69,nfs,S3FIFO+NONE,S3FIFO,NONE,deferred,4802.622134,2350.203105,4515.643269,0,0.0,55062,77953,66815,calib_c1 20261008-130316-m7-c1; i>=80 linear extrap,0,0
20261010-055332-d4-sim2,2026-10-10T05:56:13+00:00,synthetic,0.25,10981,3.69,nfs,WTPa+WBR,WTPa,WBR,wtp_a,3895.121525,1442.702496,3510.465541,0,0.0,75105,77953,20728,calib_c1 20261008-130316-m7-c1; i>=80 linear extrap,0,0
20261010-055332-d4-sim2,2026-10-10T05:56:13+00:00,synthetic,0.25,10981,3.69,nfs,WTPa+WTR,WTPa,WTR,wtp_a,3895.121525,1442.702496,3510.465541,192,12.0,75105,77953,20728,calib_c1 20261008-130316-m7-c1; i>=80 linear extrap,0,0
20261010-055332-d4-sim2,2026-10-10T05:56:13+00:00,synthetic,0.25,10981,3.69,nfs,WTPb+WB,WTPb,WB,wtp_b,4518.886842,2066.467813,4212.233863,154,9.625,59897,77953,14532,calib_c1 20261008-130316-m7-c1; i>=80 linear extrap,0,0
20261010-055332-d4-sim2,2026-10-10T05:56:13+00:00,synthetic,0.25,10981,3.69,nfs,OPT-BELADY,BELADY,NEED,opt,3838.124009,1385.70498,3446.534307,0,0.0,76297,77953,19161,calib_c1 20261008-130316-m7-c1; i>=80 linear extrap,0,0
20261010-055332-d4-sim2,2026-10-10T05:56:13+00:00,synthetic,0.25,10981,3.69,nfs,OPT-COST,COSTBELADY,NEED,opt,3817.108596,1364.689567,3396.70245,0,0.0,75827,77953,19684,calib_c1 20261008-130316-m7-c1; i>=80 linear extrap,0,0
20261010-055332-d4-sim2,2026-10-10T05:56:14+00:00,synthetic,0.25,10981,3.69,nfs,KEVa+WBR,KEVa,WBR,kev_a,3895.121525,1442.702496,3510.465541,0,0.0,75105,77953,46772,calib_c1 20261008-130316-m7-c1; i>=80 linear extrap,0,0
20261010-055332-d4-sim2,2026-10-10T05:56:14+00:00,synthetic,0.25,10981,3.69,nfs,KEVa+WB,KEVa,WB,kev_a,3895.121525,1442.702496,3510.465541,157,9.8125,75105,77953,46772,calib_c1 20261008-130316-m7-c1; i>=80 linear extrap,0,0
20261010-055332-d4-sim2,2026-10-10T05:56:14+00:00,synthetic,0.25,10981,3.69,nfs,KEVb+WB,KEVb,WB,kev_b,4381.017972,1928.598943,4048.933805,151,9.4375,63694,77953,58183,calib_c1 20261008-130316-m7-c1; i>=80 linear extrap,0,0
20261010-055332-d4-sim2,2026-10-10T05:56:14+00:00,synthetic,0.25,10981,11.6,local,LRU+WT,LRU,WT,deferred,2957.653921,505.234892,2877.194223,43924,2745.25,54044,77953,67833,calib_c1 20261008-130316-m7-c1; i>=80 linear extrap,0,0
20261010-055332-d4-sim2,2026-10-10T05:56:14+00:00,synthetic,0.25,10981,11.6,local,LRU+WB,LRU,WB,deferred,2957.653921,505.234892,2877.194223,41086,2567.875,54044,77953,67833,calib_c1 20261008-130316-m7-c1; i>=80 linear extrap,0,0
20261010-055332-d4-sim2,2026-10-10T05:56:14+00:00,synthetic,0.25,10981,11.6,local,LRU+WB2,LRU,WB2,deferred,3451.763171,999.344142,3385.834938,15123,945.1875,54044,77953,67833,calib_c1 20261008-130316-m7-c1; i>=80 linear extrap,0,0
20261010-055332-d4-sim2,2026-10-10T05:56:14+00:00,synthetic,0.25,10981,11.6,local,LRU+H2,LRU,H2,deferred,3451.763171,999.344142,3385.834938,18251,1140.6875,54044,77953,67833,calib_c1 20261008-130316-m7-c1; i>=80 linear extrap,0,0
20261010-055332-d4-sim2,2026-10-10T05:56:14+00:00,synthetic,0.25,10981,11.6,local,LRU+NONE,LRU,NONE,deferred,4135.863841,1683.444812,4095.12712,0,0.0,54044,77953,67833,calib_c1 20261008-130316-m7-c1; i>=80 linear extrap,0,0
20261010-055332-d4-sim2,2026-10-10T05:56:14+00:00,synthetic,0.25,10981,11.6,local,2HIT+WT,2HIT,WT,deferred,2960.655437,508.236408,2879.347849,43924,2745.25,53202,77953,24751,calib_c1 20261008-130316-m7-c1; i>=80 linear extrap,0,0
20261010-055332-d4-sim2,2026-10-10T05:56:14+00:00,synthetic,0.25,10981,11.6,local,2HIT+WB,2HIT,WB,deferred,2960.655437,508.236408,2879.347849,43924,2745.25,53202,77953,24751,calib_c1 20261008-130316-m7-c1; i>=80 linear extrap,0,0
20261010-055332-d4-sim2,2026-10-10T05:56:14+00:00,synthetic,0.25,10981,11.6,local,2HIT+WB2,2HIT,WB2,deferred,3893.156784,1440.737755,3835.806447,12653,790.8125,53202,77953,24751,calib_c1 20261008-130316-m7-c1; i>=80 linear extrap,0,0
20261010-055332-d4-sim2,2026-10-10T05:56:14+00:00,synthetic,0.25,10981,11.6,local,2HIT+H2,2HIT,H2,deferred,3893.156784,1440.737755,3835.806447,18251,1140.6875,53202,77953,24751,calib_c1 20261008-130316-m7-c1; i>=80 linear extrap,0,0
20261010-055332-d4-sim2,2026-10-10T05:56:14+00:00,synthetic,0.25,10981,11.6,local,2HIT+NONE,2HIT,NONE,deferred,4217.246735,1764.827706,4171.659853,0,0.0,53202,77953,24751,calib_c1 20261008-130316-m7-c1; i>=80 linear extrap,0,0
20261010-055332-d4-sim2,2026-10-10T05:56:14+00:00,synthetic,0.25,10981,11.6,local,SLRU+WT,SLRU,WT,deferred,2960.712473,508.293444,2879.628487,43924,2745.25,53186,77953,68691,calib_c1 20261008-130316-m7-c1; i>=80 linear extrap,0,0
20261010-055332-d4-sim2,2026-10-10T05:56:15+00:00,synthetic,0.25,10981,11.6,local,SLRU+WB,SLRU,WB,deferred,2960.712473,508.293444,2879.628487,39862,2491.375,53186,77953,68691,calib_c1 20261008-130316-m7-c1; i>=80 linear extrap,0,0
20261010-055332-d4-sim2,2026-10-10T05:56:15+00:00,synthetic,0.25,10981,11.6,local,SLRU+WB2,SLRU,WB2,deferred,3561.842809,1109.42378,3496.702381,11905,744.0625,53186,77953,68691,calib_c1 20261008-130316-m7-c1; i>=80 linear extrap,0,0
20261010-055332-d4-sim2,2026-10-10T05:56:15+00:00,synthetic,0.25,10981,11.6,local,SLRU+H2,SLRU,H2,deferred,3561.842809,1109.42378,3496.702381,18251,1140.6875,53186,77953,68691,calib_c1 20261008-130316-m7-c1; i>=80 linear extrap,0,0
20261010-055332-d4-sim2,2026-10-10T05:56:15+00:00,synthetic,0.25,10981,11.6,local,SLRU+NONE,SLRU,NONE,deferred,4218.868902,1766.449873,4176.278745,0,0.0,53186,77953,68691,calib_c1 20261008-130316-m7-c1; i>=80 linear extrap,0,0
20261010-055332-d4-sim2,2026-10-10T05:56:15+00:00,synthetic,0.25,10981,11.6,local,ARC+WT,ARC,WT,deferred,2950.481653,498.062624,2872.178416,43924,2745.25,56056,77953,65821,calib_c1 20261008-130316-m7-c1; i>=80 linear extrap,0,0
20261010-055332-d4-sim2,2026-10-10T05:56:15+00:00,synthetic,0.25,10981,11.6,local,ARC+WB,ARC,WB,deferred,2950.481653,498.062624,2872.178416,42150,2634.375,56056,77953,65821,calib_c1 20261008-130316-m7-c1; i>=80 linear extrap,0,0
20261010-055332-d4-sim2,2026-10-10T05:56:15+00:00,synthetic,0.25,10981,11.6,local,ARC+WB2,ARC,WB2,deferred,3567.219707,1114.800678,3504.1793,12698,793.625,56056,77953,65821,calib_c1 20261008-130316-m7-c1; i>=80 linear extrap,0,0
20261010-055332-d4-sim2,2026-10-10T05:56:15+00:00,synthetic,0.25,10981,11.6,local,ARC+H2,ARC,H2,deferred,3567.219707,1114.800678,3504.1793,18251,1140.6875,56056,77953,65821,calib_c1 20261008-130316-m7-c1; i>=80 linear extrap,0,0
20261010-055332-d4-sim2,2026-10-10T05:56:15+00:00,synthetic,0.25,10981,11.6,local,ARC+NONE,ARC,NONE,deferred,4030.84699,1578.427961,3984.571909,0,0.0,56056,77953,65821,calib_c1 20261008-130316-m7-c1; i>=80 linear extrap,0,0
20261010-055332-d4-sim2,2026-10-10T05:56:15+00:00,synthetic,0.25,10981,11.6,local,S3FIFO+WT,S3FIFO,WT,deferred,2954.02501,501.605981,2874.855577,43924,2745.25,55062,77953,66815,calib_c1 20261008-130316-m7-c1; i>=80 linear extrap,0,0
20261010-055332-d4-sim2,2026-10-10T05:56:15+00:00,synthetic,0.25,10981,11.6,local,S3FIFO+WB,S3FIFO,WB,deferred,2954.02501,501.605981,2874.855577,41807,2612.9375,55062,77953,66815,calib_c1 20261008-130316-m7-c1; i>=80 linear extrap,0,0
20261010-055332-d4-sim2,2026-10-10T05:56:15+00:00,synthetic,0.25,10981,11.6,local,S3FIFO+WB2,S3FIFO,WB2,deferred,3645.76733,1193.348301,3584.101454,12494,780.875,55062,77953,66815,calib_c1 20261008-130316-m7-c1; i>=80 linear extrap,0,0
20261010-055332-d4-sim2,2026-10-10T05:56:15+00:00,synthetic,0.25,10981,11.6,local,S3FIFO+H2,S3FIFO,H2,deferred,3645.76733,1193.348301,3584.101454,18251,1140.6875,55062,77953,66815,calib_c1 20261008-130316-m7-c1; i>=80 linear extrap,0,0
20261010-055332-d4-sim2,2026-10-10T05:56:15+00:00,synthetic,0.25,10981,11.6,local,S3FIFO+NONE,S3FIFO,NONE,deferred,4166.670441,1714.251412,4122.061388,0,0.0,55062,77953,66815,calib_c1 20261008-130316-m7-c1; i>=80 linear extrap,0,0
20261010-055332-d4-sim2,2026-10-10T05:56:15+00:00,synthetic,0.25,10981,11.6,local,WTPa+WBR,WTPa,WBR,wtp_a,2882.576813,430.157784,2824.364594,2848,178.0,75105,77953,20728,calib_c1 20261008-130316-m7-c1; i>=80 linear extrap,0,0
20261010-055332-d4-sim2,2026-10-10T05:56:15+00:00,synthetic,0.25,10981,11.6,local,WTPa+WTR,WTPa,WTR,wtp_a,2882.576813,430.157784,2824.364594,18251,1140.6875,75105,77953,20728,calib_c1 20261008-130316-m7-c1; i>=80 linear extrap,0,0
20261010-055332-d4-sim2,2026-10-10T05:56:15+00:00,synthetic,0.25,10981,11.6,local,WTPb+WB,WTPb,WB,wtp_b,2936.789465,484.370436,2862.480858,35747,2234.1875,59897,77953,14532,calib_c1 20261008-130316-m7-c1; i>=80 linear extrap,0,0
20261010-055332-d4-sim2,2026-10-10T05:56:15+00:00,synthetic,0.25,10981,11.6,local,OPT-BELADY,BELADY,NEED,opt,2878.327636,425.908607,2821.420763,1656,103.5,76297,77953,19161,calib_c1 20261008-130316-m7-c1; i>=80 linear extrap,0,0
20261010-055332-d4-sim2,2026-10-10T05:56:16+00:00,synthetic,0.25,10981,11.6,local,OPT-COST,COSTBELADY,NEED,opt,2879.771358,427.352329,2822.542492,2061,128.8125,75892,77953,19523,calib_c1 20261008-130316-m7-c1; i>=80 linear extrap,0,0
20261010-055332-d4-sim2,2026-10-10T05:56:16+00:00,synthetic,0.25,10981,11.6,local,KEVa+WBR,KEVa,WBR,kev_a,2882.576813,430.157784,2824.364594,2848,178.0,75105,77953,46772,calib_c1 20261008-130316-m7-c1; i>=80 linear extrap,0,0
20261010-055332-d4-sim2,2026-10-10T05:56:16+00:00,synthetic,0.25,10981,11.6,local,KEVa+WB,KEVa,WB,kev_a,2882.576813,430.157784,2824.364594,34675,2167.1875,75105,77953,46772,calib_c1 20261008-130316-m7-c1; i>=80 linear extrap,0,0
20261010-055332-d4-sim2,2026-10-10T05:56:16+00:00,synthetic,0.25,10981,11.6,local,KEVb+WB,KEVb,WB,kev_b,2923.254126,470.835097,2853.105399,36062,2253.875,63694,77953,58183,calib_c1 20261008-130316-m7-c1; i>=80 linear extrap,0,0
20261010-055332-d4-sim2,2026-10-10T05:56:16+00:00,synthetic,0.25,10981,11.6,nfs,LRU+WT,LRU,WT,deferred,4135.863841,1683.444812,4095.12712,352,22.0,54044,77953,67833,calib_c1 20261008-130316-m7-c1; i>=80 linear extrap,0,0
20261010-055332-d4-sim2,2026-10-10T05:56:16+00:00,synthetic,0.25,10981,11.6,nfs,LRU+WB,LRU,WB,deferred,4135.863841,1683.444812,4095.12712,157,9.8125,54044,77953,67833,calib_c1 20261008-130316-m7-c1; i>=80 linear extrap,0,0
20261010-055332-d4-sim2,2026-10-10T05:56:16+00:00,synthetic,0.25,10981,11.6,nfs,LRU+WB2,LRU,WB2,deferred,4135.863841,1683.444812,4095.12712,0,0.0,54044,77953,67833,calib_c1 20261008-130316-m7-c1; i>=80 linear extrap,0,0
20261010-055332-d4-sim2,2026-10-10T05:56:16+00:00,synthetic,0.25,10981,11.6,nfs,LRU+H2,LRU,H2,deferred,4135.863841,1683.444812,4095.12712,192,12.0,54044,77953,67833,calib_c1 20261008-130316-m7-c1; i>=80 linear extrap,0,0
20261010-055332-d4-sim2,2026-10-10T05:56:16+00:00,synthetic,0.25,10981,11.6,nfs,LRU+NONE,LRU,NONE,deferred,4135.863841,1683.444812,4095.12712,0,0.0,54044,77953,67833,calib_c1 20261008-130316-m7-c1; i>=80 linear extrap,0,0
20261010-055332-d4-sim2,2026-10-10T05:56:16+00:00,synthetic,0.25,10981,11.6,nfs,2HIT+WT,2HIT,WT,deferred,4200.849075,1748.430046,4127.736704,352,22.0,53202,77953,24751,calib_c1 20261008-130316-m7-c1; i>=80 linear extrap,0,0
20261010-055332-d4-sim2,2026-10-10T05:56:16+00:00,synthetic,0.25,10981,11.6,nfs,2HIT+WB,2HIT,WB,deferred,4200.849075,1748.430046,4127.736704,352,22.0,53202,77953,24751,calib_c1 20261008-130316-m7-c1; i>=80 linear extrap,0,0
20261010-055332-d4-sim2,2026-10-10T05:56:16+00:00,synthetic,0.25,10981,11.6,nfs,2HIT+WB2,2HIT,WB2,deferred,4217.246735,1764.827706,4171.659853,0,0.0,53202,77953,24751,calib_c1 20261008-130316-m7-c1; i>=80 linear extrap,0,0
20261010-055332-d4-sim2,2026-10-10T05:56:16+00:00,synthetic,0.25,10981,11.6,nfs,2HIT+H2,2HIT,H2,deferred,4217.246735,1764.827706,4171.659853,192,12.0,53202,77953,24751,calib_c1 20261008-130316-m7-c1; i>=80 linear extrap,0,0
20261010-055332-d4-sim2,2026-10-10T05:56:16+00:00,synthetic,0.25,10981,11.6,nfs,2HIT+NONE,2HIT,NONE,deferred,4217.246735,1764.827706,4171.659853,0,0.0,53202,77953,24751,calib_c1 20261008-130316-m7-c1; i>=80 linear extrap,0,0
20261010-055332-d4-sim2,2026-10-10T05:56:17+00:00,synthetic,0.25,10981,11.6,nfs,SLRU+WT,SLRU,WT,deferred,4218.868902,1766.449873,4176.278745,352,22.0,53186,77953,68691,calib_c1 20261008-130316-m7-c1; i>=80 linear extrap,0,0
20261010-055332-d4-sim2,2026-10-10T05:56:17+00:00,synthetic,0.25,10981,11.6,nfs,SLRU+WB,SLRU,WB,deferred,4218.868902,1766.449873,4176.278745,158,9.875,53186,77953,68691,calib_c1 20261008-130316-m7-c1; i>=80 linear extrap,0,0
20261010-055332-d4-sim2,2026-10-10T05:56:17+00:00,synthetic,0.25,10981,11.6,nfs,SLRU+WB2,SLRU,WB2,deferred,4218.868902,1766.449873,4176.278745,0,0.0,53186,77953,68691,calib_c1 20261008-130316-m7-c1; i>=80 linear extrap,0,0
20261010-055332-d4-sim2,2026-10-10T05:56:17+00:00,synthetic,0.25,10981,11.6,nfs,SLRU+H2,SLRU,H2,deferred,4218.868902,1766.449873,4176.278745,192,12.0,53186,77953,68691,calib_c1 20261008-130316-m7-c1; i>=80 linear extrap,0,0
20261010-055332-d4-sim2,2026-10-10T05:56:17+00:00,synthetic,0.25,10981,11.6,nfs,SLRU+NONE,SLRU,NONE,deferred,4218.868902,1766.449873,4176.278745,0,0.0,53186,77953,68691,calib_c1 20261008-130316-m7-c1; i>=80 linear extrap,0,0
20261010-055332-d4-sim2,2026-10-10T05:56:17+00:00,synthetic,0.25,10981,11.6,nfs,ARC+WT,ARC,WT,deferred,4030.84699,1578.427961,3984.571909,352,22.0,56056,77953,65821,calib_c1 20261008-130316-m7-c1; i>=80 linear extrap,0,0
20261010-055332-d4-sim2,2026-10-10T05:56:17+00:00,synthetic,0.25,10981,11.6,nfs,ARC+WB,ARC,WB,deferred,4030.84699,1578.427961,3984.571909,160,10.0,56056,77953,65821,calib_c1 20261008-130316-m7-c1; i>=80 linear extrap,0,0
20261010-055332-d4-sim2,2026-10-10T05:56:17+00:00,synthetic,0.25,10981,11.6,nfs,ARC+WB2,ARC,WB2,deferred,4030.84699,1578.427961,3984.571909,0,0.0,56056,77953,65821,calib_c1 20261008-130316-m7-c1; i>=80 linear extrap,0,0
20261010-055332-d4-sim2,2026-10-10T05:56:17+00:00,synthetic,0.25,10981,11.6,nfs,ARC+H2,ARC,H2,deferred,4030.84699,1578.427961,3984.571909,192,12.0,56056,77953,65821,calib_c1 20261008-130316-m7-c1; i>=80 linear extrap,0,0
20261010-055332-d4-sim2,2026-10-10T05:56:17+00:00,synthetic,0.25,10981,11.6,nfs,ARC+NONE,ARC,NONE,deferred,4030.84699,1578.427961,3984.571909,0,0.0,56056,77953,65821,calib_c1 20261008-130316-m7-c1; i>=80 linear extrap,0,0
20261010-055332-d4-sim2,2026-10-10T05:56:17+00:00,synthetic,0.25,10981,11.6,nfs,S3FIFO+WT,S3FIFO,WT,deferred,4150.272782,1697.853753,4078.138239,352,22.0,55062,77953,66815,calib_c1 20261008-130316-m7-c1; i>=80 linear extrap,0,0
20261010-055332-d4-sim2,2026-10-10T05:56:17+00:00,synthetic,0.25,10981,11.6,nfs,S3FIFO+WB,S3FIFO,WB,deferred,4150.272782,1697.853753,4078.138239,350,21.875,55062,77953,66815,calib_c1 20261008-130316-m7-c1; i>=80 linear extrap,0,0
20261010-055332-d4-sim2,2026-10-10T05:56:17+00:00,synthetic,0.25,10981,11.6,nfs,S3FIFO+WB2,S3FIFO,WB2,deferred,4166.670441,1714.251412,4122.061388,0,0.0,55062,77953,66815,calib_c1 20261008-130316-m7-c1; i>=80 linear extrap,0,0
20261010-055332-d4-sim2,2026-10-10T05:56:17+00:00,synthetic,0.25,10981,11.6,nfs,S3FIFO+H2,S3FIFO,H2,deferred,4166.670441,1714.251412,4122.061388,192,12.0,55062,77953,66815,calib_c1 20261008-130316-m7-c1; i>=80 linear extrap,0,0
20261010-055332-d4-sim2,2026-10-10T05:56:17+00:00,synthetic,0.25,10981,11.6,nfs,S3FIFO+NONE,S3FIFO,NONE,deferred,4166.670441,1714.251412,4122.061388,0,0.0,55062,77953,66815,calib_c1 20261008-130316-m7-c1; i>=80 linear extrap,0,0
20261010-055332-d4-sim2,2026-10-10T05:56:17+00:00,synthetic,0.25,10981,11.6,nfs,WTPa+WBR,WTPa,WBR,wtp_a,3027.678427,575.259397,2973.463376,0,0.0,75105,77953,20728,calib_c1 20261008-130316-m7-c1; i>=80 linear extrap,0,0
20261010-055332-d4-sim2,2026-10-10T05:56:17+00:00,synthetic,0.25,10981,11.6,nfs,WTPa+WTR,WTPa,WTR,wtp_a,3027.678427,575.259397,2973.463376,192,12.0,75105,77953,20728,calib_c1 20261008-130316-m7-c1; i>=80 linear extrap,0,0
20261010-055332-d4-sim2,2026-10-10T05:56:18+00:00,synthetic,0.25,10981,11.6,nfs,WTPb+WB,WTPb,WB,wtp_b,3827.092165,1374.673136,3783.642991,154,9.625,59897,77953,14532,calib_c1 20261008-130316-m7-c1; i>=80 linear extrap,0,0
20261010-055332-d4-sim2,2026-10-10T05:56:18+00:00,synthetic,0.25,10981,11.6,nfs,OPT-BELADY,BELADY,NEED,opt,2956.913623,504.494594,2901.821341,0,0.0,76297,77953,19161,calib_c1 20261008-130316-m7-c1; i>=80 linear extrap,0,0
20261010-055332-d4-sim2,2026-10-10T05:56:18+00:00,synthetic,0.25,10981,11.6,nfs,OPT-COST,COSTBELADY,NEED,opt,2945.839111,493.420082,2871.922224,0,0.0,75869,77953,19640,calib_c1 20261008-130316-m7-c1; i>=80 linear extrap,0,0
20261010-055332-d4-sim2,2026-10-10T05:56:18+00:00,synthetic,0.25,10981,11.6,nfs,KEVa+WBR,KEVa,WBR,kev_a,3027.678427,575.259397,2973.463376,0,0.0,75105,77953,46772,calib_c1 20261008-130316-m7-c1; i>=80 linear extrap,0,0
20261010-055332-d4-sim2,2026-10-10T05:56:18+00:00,synthetic,0.25,10981,11.6,nfs,KEVa+WB,KEVa,WB,kev_a,3027.678427,575.259397,2973.463376,157,9.8125,75105,77953,46772,calib_c1 20261008-130316-m7-c1; i>=80 linear extrap,0,0
20261010-055332-d4-sim2,2026-10-10T05:56:18+00:00,synthetic,0.25,10981,11.6,nfs,KEVb+WB,KEVb,WB,kev_b,3645.368938,1192.949909,3596.503331,151,9.4375,63694,77953,58183,calib_c1 20261008-130316-m7-c1; i>=80 linear extrap,0,0
20261010-055332-d4-sim2,2026-10-10T05:56:19+00:00,synthetic,0.5,21962,3.69,local,LRU+WT,LRU,WT,deferred,3150.307037,697.888008,3013.309437,43924,2745.25,71763,77953,50114,calib_c1 20261008-130316-m7-c1; i>=80 linear extrap,0,0
20261010-055332-d4-sim2,2026-10-10T05:56:19+00:00,synthetic,0.5,21962,3.69,local,LRU+WB,LRU,WB,deferred,3568.864382,1116.445353,3257.063217,27961,1747.5625,71763,77953,50114,calib_c1 20261008-130316-m7-c1; i>=80 linear extrap,0,0
20261010-055332-d4-sim2,2026-10-10T05:56:19+00:00,synthetic,0.5,21962,3.69,local,LRU+WB2,LRU,WB2,deferred,3863.440417,1411.021388,3513.130492,5369,335.5625,71763,77953,50114,calib_c1 20261008-130316-m7-c1; i>=80 linear extrap,0,0
20261010-055332-d4-sim2,2026-10-10T05:56:19+00:00,synthetic,0.5,21962,3.69,local,LRU+H2,LRU,H2,deferred,3456.66892,1004.249891,3276.239966,18251,1140.6875,71763,77953,50114,calib_c1 20261008-130316-m7-c1; i>=80 linear extrap,0,0
20261010-055332-d4-sim2,2026-10-10T05:56:19+00:00,synthetic,0.5,21962,3.69,local,LRU+NONE,LRU,NONE,deferred,4030.459097,1578.040068,3663.061781,0,0.0,71763,77953,50114,calib_c1 20261008-130316-m7-c1; i>=80 linear extrap,0,0
20261010-055332-d4-sim2,2026-10-10T05:56:19+00:00,synthetic,0.5,21962,3.69,local,2HIT+WT,2HIT,WT,deferred,3150.307037,697.888008,3013.309437,43924,2745.25,59702,77953,18251,calib_c1 20261008-130316-m7-c1; i>=80 linear extrap,0,0
20261010-055332-d4-sim2,2026-10-10T05:56:19+00:00,synthetic,0.5,21962,3.69,local,2HIT+WB,2HIT,WB,deferred,3150.307037,697.888008,3013.309437,43924,2745.25,59702,77953,18251,calib_c1 20261008-130316-m7-c1; i>=80 linear extrap,0,0
20261010-055332-d4-sim2,2026-10-10T05:56:19+00:00,synthetic,0.5,21962,3.69,local,2HIT+WB2,2HIT,WB2,deferred,4559.528416,2107.109387,4248.316521,0,0.0,59702,77953,18251,calib_c1 20261008-130316-m7-c1; i>=80 linear extrap,0,0
20261010-055332-d4-sim2,2026-10-10T05:56:19+00:00,synthetic,0.5,21962,3.69,local,2HIT+H2,2HIT,H2,deferred,4082.808384,1630.389355,3970.279998,18251,1140.6875,59702,77953,18251,calib_c1 20261008-130316-m7-c1; i>=80 linear extrap,0,0
20261010-055332-d4-sim2,2026-10-10T05:56:19+00:00,synthetic,0.5,21962,3.69,local,2HIT+NONE,2HIT,NONE,deferred,4559.528416,2107.109387,4248.316521,0,0.0,59702,77953,18251,calib_c1 20261008-130316-m7-c1; i>=80 linear extrap,0,0
20261010-055332-d4-sim2,2026-10-10T05:56:19+00:00,synthetic,0.5,21962,3.69,local,SLRU+WT,SLRU,WT,deferred,3150.307037,697.888008,3013.309437,43924,2745.25,73487,77953,48390,calib_c1 20261008-130316-m7-c1; i>=80 linear extrap,0,0
20261010-055332-d4-sim2,2026-10-10T05:56:19+00:00,synthetic,0.5,21962,3.69,local,SLRU+WB,SLRU,WB,deferred,3612.582217,1160.163188,3281.925253,25994,1624.625,73487,77953,48390,calib_c1 20261008-130316-m7-c1; i>=80 linear extrap,0,0
20261010-055332-d4-sim2,2026-10-10T05:56:19+00:00,synthetic,0.5,21962,3.69,local,SLRU+WB2,SLRU,WB2,deferred,3954.056236,1501.637207,3577.672668,434,27.125,73487,77953,48390,calib_c1 20261008-130316-m7-c1; i>=80 linear extrap,0,0
20261010-055332-d4-sim2,2026-10-10T05:56:19+00:00,synthetic,0.5,21962,3.69,local,SLRU+H2,SLRU,H2,deferred,3479.340437,1026.921408,3301.861708,18251,1140.6875,73487,77953,48390,calib_c1 20261008-130316-m7-c1; i>=80 linear extrap,0,0
20261010-055332-d4-sim2,2026-10-10T05:56:20+00:00,synthetic,0.5,21962,3.69,local,SLRU+NONE,SLRU,NONE,deferred,3962.474412,1510.055383,3585.852019,0,0.0,73487,77953,48390,calib_c1 20261008-130316-m7-c1; i>=80 linear extrap,0,0
20261010-055332-d4-sim2,2026-10-10T05:56:20+00:00,synthetic,0.5,21962,3.69,local,ARC+WT,ARC,WT,deferred,3150.307037,697.888008,3013.309437,43924,2745.25,73549,77953,48328,calib_c1 20261008-130316-m7-c1; i>=80 linear extrap,0,0
20261010-055332-d4-sim2,2026-10-10T05:56:20+00:00,synthetic,0.5,21962,3.69,local,ARC+WB,ARC,WB,deferred,3610.945294,1158.526265,3280.988453,26307,1644.1875,73549,77953,48328,calib_c1 20261008-130316-m7-c1; i>=80 linear extrap,0,0
20261010-055332-d4-sim2,2026-10-10T05:56:20+00:00,synthetic,0.5,21962,3.69,local,ARC+WB2,ARC,WB2,deferred,3958.900671,1506.481642,3581.959864,59,3.6875,73549,77953,48328,calib_c1 20261008-130316-m7-c1; i>=80 linear extrap,0,0
20261010-055332-d4-sim2,2026-10-10T05:56:20+00:00,synthetic,0.5,21962,3.69,local,ARC+H2,ARC,H2,deferred,3482.180639,1029.76161,3305.040439,18251,1140.6875,73549,77953,48328,calib_c1 20261008-130316-m7-c1; i>=80 linear extrap,0,0
20261010-055332-d4-sim2,2026-10-10T05:56:20+00:00,synthetic,0.5,21962,3.69,local,ARC+NONE,ARC,NONE,deferred,3958.900671,1506.481642,3581.959864,0,0.0,73549,77953,48328,calib_c1 20261008-130316-m7-c1; i>=80 linear extrap,0,0
20261010-055332-d4-sim2,2026-10-10T05:56:20+00:00,synthetic,0.5,21962,3.69,local,S3FIFO+WT,S3FIFO,WT,deferred,3150.307037,697.888008,3013.309437,43924,2745.25,73549,77953,48328,calib_c1 20261008-130316-m7-c1; i>=80 linear extrap,0,0
20261010-055332-d4-sim2,2026-10-10T05:56:20+00:00,synthetic,0.5,21962,3.69,local,S3FIFO+WB,S3FIFO,WB,deferred,3610.945294,1158.526265,3280.988453,26366,1647.875,73549,77953,48328,calib_c1 20261008-130316-m7-c1; i>=80 linear extrap,0,0
20261010-055332-d4-sim2,2026-10-10T05:56:20+00:00,synthetic,0.5,21962,3.69,local,S3FIFO+WB2,S3FIFO,WB2,deferred,3958.900671,1506.481642,3581.959864,0,0.0,73549,77953,48328,calib_c1 20261008-130316-m7-c1; i>=80 linear extrap,0,0
20261010-055332-d4-sim2,2026-10-10T05:56:20+00:00,synthetic,0.5,21962,3.69,local,S3FIFO+H2,S3FIFO,H2,deferred,3482.180639,1029.76161,3305.040439,18251,1140.6875,73549,77953,48328,calib_c1 20261008-130316-m7-c1; i>=80 linear extrap,0,0
20261010-055332-d4-sim2,2026-10-10T05:56:20+00:00,synthetic,0.5,21962,3.69,local,S3FIFO+NONE,S3FIFO,NONE,deferred,3958.900671,1506.481642,3581.959864,0,0.0,73549,77953,48328,calib_c1 20261008-130316-m7-c1; i>=80 linear extrap,0,0
20261010-055332-d4-sim2,2026-10-10T05:56:20+00:00,synthetic,0.5,21962,3.69,local,WTPa+WBR,WTPa,WBR,wtp_a,3772.76117,1320.342141,3374.373845,0,0.0,77953,77953,18251,calib_c1 20261008-130316-m7-c1; i>=80 linear extrap,0,0
20261010-055332-d4-sim2,2026-10-10T05:56:20+00:00,synthetic,0.5,21962,3.69,local,WTPa+WTR,WTPa,WTR,wtp_a,3150.307037,697.888008,3013.309437,18251,1140.6875,77953,77953,18251,calib_c1 20261008-130316-m7-c1; i>=80 linear extrap,0,0
20261010-055332-d4-sim2,2026-10-10T05:56:20+00:00,synthetic,0.5,21962,3.69,local,WTPb+WB,WTPb,WB,wtp_b,3589.234099,1136.815069,3268.783072,32693,2043.3125,61399,77953,13622,calib_c1 20261008-130316-m7-c1; i>=80 linear extrap,0,0
20261010-055332-d4-sim2,2026-10-10T05:56:20+00:00,synthetic,0.5,21962,3.69,local,OPT-BELADY,BELADY,NEED,opt,3772.76117,1320.342141,3374.373845,0,0.0,77953,77953,18251,calib_c1 20261008-130316-m7-c1; i>=80 linear extrap,0,0
20261010-055332-d4-sim2,2026-10-10T05:56:20+00:00,synthetic,0.5,21962,3.69,local,OPT-COST,COSTBELADY,NEED,opt,3150.307037,697.888008,3013.309437,18251,1140.6875,0,77953,0,calib_c1 20261008-130316-m7-c1; i>=80 linear extrap,0,0
20261010-055332-d4-sim2,2026-10-10T05:56:20+00:00,synthetic,0.5,21962,3.69,local,KEVa+WBR,KEVa,WBR,kev_a,3772.76117,1320.342141,3374.373845,0,0.0,77953,77953,43924,calib_c1 20261008-130316-m7-c1; i>=80 linear extrap,0,0
20261010-055332-d4-sim2,2026-10-10T05:56:20+00:00,synthetic,0.5,21962,3.69,local,KEVa+WB,KEVa,WB,kev_a,3772.76117,1320.342141,3374.373845,21962,1372.625,77953,77953,43924,calib_c1 20261008-130316-m7-c1; i>=80 linear extrap,0,0
20261010-055332-d4-sim2,2026-10-10T05:56:21+00:00,synthetic,0.5,21962,3.69,local,KEVb+WB,KEVb,WB,kev_b,3674.441955,1222.022926,3317.603959,27096,1693.5,72810,77953,49067,calib_c1 20261008-130316-m7-c1; i>=80 linear extrap,0,0
20261010-055332-d4-sim2,2026-10-10T05:56:21+00:00,synthetic,0.5,21962,3.69,nfs,LRU+WT,LRU,WT,deferred,4030.459097,1578.040068,3663.061781,352,22.0,71763,77953,50114,calib_c1 20261008-130316-m7-c1; i>=80 linear extrap,0,0
20261010-055332-d4-sim2,2026-10-10T05:56:21+00:00,synthetic,0.5,21962,3.69,nfs,LRU+WB,LRU,WB,deferred,4030.459097,1578.040068,3663.061781,152,9.5,71763,77953,50114,calib_c1 20261008-130316-m7-c1; i>=80 linear extrap,0,0
20261010-055332-d4-sim2,2026-10-10T05:56:21+00:00,synthetic,0.5,21962,3.69,nfs,LRU+WB2,LRU,WB2,deferred,4030.459097,1578.040068,3663.061781,0,0.0,71763,77953,50114,calib_c1 20261008-130316-m7-c1; i>=80 linear extrap,0,0
20261010-055332-d4-sim2,2026-10-10T05:56:21+00:00,synthetic,0.5,21962,3.69,nfs,LRU+H2,LRU,H2,deferred,4030.459097,1578.040068,3663.061781,192,12.0,71763,77953,50114,calib_c1 20261008-130316-m7-c1; i>=80 linear extrap,0,0
20261010-055332-d4-sim2,2026-10-10T05:56:21+00:00,synthetic,0.5,21962,3.69,nfs,LRU+NONE,LRU,NONE,deferred,4030.459097,1578.040068,3663.061781,0,0.0,71763,77953,50114,calib_c1 20261008-130316-m7-c1; i>=80 linear extrap,0,0
20261010-055332-d4-sim2,2026-10-10T05:56:21+00:00,synthetic,0.5,21962,3.69,nfs,2HIT+WT,2HIT,WT,deferred,4543.130756,2090.711727,4204.393372,352,22.0,59702,77953,18251,calib_c1 20261008-130316-m7-c1; i>=80 linear extrap,0,0
20261010-055332-d4-sim2,2026-10-10T05:56:21+00:00,synthetic,0.5,21962,3.69,nfs,2HIT+WB,2HIT,WB,deferred,4543.130756,2090.711727,4204.393372,352,22.0,59702,77953,18251,calib_c1 20261008-130316-m7-c1; i>=80 linear extrap,0,0
20261010-055332-d4-sim2,2026-10-10T05:56:21+00:00,synthetic,0.5,21962,3.69,nfs,2HIT+WB2,2HIT,WB2,deferred,4559.528416,2107.109387,4248.316521,0,0.0,59702,77953,18251,calib_c1 20261008-130316-m7-c1; i>=80 linear extrap,0,0
20261010-055332-d4-sim2,2026-10-10T05:56:21+00:00,synthetic,0.5,21962,3.69,nfs,2HIT+H2,2HIT,H2,deferred,4559.528416,2107.109387,4248.316521,192,12.0,59702,77953,18251,calib_c1 20261008-130316-m7-c1; i>=80 linear extrap,0,0
20261010-055332-d4-sim2,2026-10-10T05:56:21+00:00,synthetic,0.5,21962,3.69,nfs,2HIT+NONE,2HIT,NONE,deferred,4559.528416,2107.109387,4248.316521,0,0.0,59702,77953,18251,calib_c1 20261008-130316-m7-c1; i>=80 linear extrap,0,0
20261010-055332-d4-sim2,2026-10-10T05:56:21+00:00,synthetic,0.5,21962,3.69,nfs,SLRU+WT,SLRU,WT,deferred,3962.474412,1510.055383,3585.852019,352,22.0,73487,77953,48390,calib_c1 20261008-130316-m7-c1; i>=80 linear extrap,0,0
20261010-055332-d4-sim2,2026-10-10T05:56:21+00:00,synthetic,0.5,21962,3.69,nfs,SLRU+WB,SLRU,WB,deferred,3962.474412,1510.055383,3585.852019,153,9.5625,73487,77953,48390,calib_c1 20261008-130316-m7-c1; i>=80 linear extrap,0,0
20261010-055332-d4-sim2,2026-10-10T05:56:21+00:00,synthetic,0.5,21962,3.69,nfs,SLRU+WB2,SLRU,WB2,deferred,3962.474412,1510.055383,3585.852019,0,0.0,73487,77953,48390,calib_c1 20261008-130316-m7-c1; i>=80 linear extrap,0,0
20261010-055332-d4-sim2,2026-10-10T05:56:21+00:00,synthetic,0.5,21962,3.69,nfs,SLRU+H2,SLRU,H2,deferred,3962.474412,1510.055383,3585.852019,192,12.0,73487,77953,48390,calib_c1 20261008-130316-m7-c1; i>=80 linear extrap,0,0
20261010-055332-d4-sim2,2026-10-10T05:56:21+00:00,synthetic,0.5,21962,3.69,nfs,SLRU+NONE,SLRU,NONE,deferred,3962.474412,1510.055383,3585.852019,0,0.0,73487,77953,48390,calib_c1 20261008-130316-m7-c1; i>=80 linear extrap,0,0
20261010-055332-d4-sim2,2026-10-10T05:56:22+00:00,synthetic,0.5,21962,3.69,nfs,ARC+WT,ARC,WT,deferred,3958.900671,1506.481642,3581.959864,352,22.0,73549,77953,48328,calib_c1 20261008-130316-m7-c1; i>=80 linear extrap,0,0
20261010-055332-d4-sim2,2026-10-10T05:56:22+00:00,synthetic,0.5,21962,3.69,nfs,ARC+WB,ARC,WB,deferred,3958.900671,1506.481642,3581.959864,153,9.5625,73549,77953,48328,calib_c1 20261008-130316-m7-c1; i>=80 linear extrap,0,0
20261010-055332-d4-sim2,2026-10-10T05:56:22+00:00,synthetic,0.5,21962,3.69,nfs,ARC+WB2,ARC,WB2,deferred,3958.900671,1506.481642,3581.959864,0,0.0,73549,77953,48328,calib_c1 20261008-130316-m7-c1; i>=80 linear extrap,0,0
20261010-055332-d4-sim2,2026-10-10T05:56:22+00:00,synthetic,0.5,21962,3.69,nfs,ARC+H2,ARC,H2,deferred,3958.900671,1506.481642,3581.959864,192,12.0,73549,77953,48328,calib_c1 20261008-130316-m7-c1; i>=80 linear extrap,0,0
20261010-055332-d4-sim2,2026-10-10T05:56:22+00:00,synthetic,0.5,21962,3.69,nfs,ARC+NONE,ARC,NONE,deferred,3958.900671,1506.481642,3581.959864,0,0.0,73549,77953,48328,calib_c1 20261008-130316-m7-c1; i>=80 linear extrap,0,0
20261010-055332-d4-sim2,2026-10-10T05:56:22+00:00,synthetic,0.5,21962,3.69,nfs,S3FIFO+WT,S3FIFO,WT,deferred,3958.900671,1506.481642,3581.959864,352,22.0,73549,77953,48328,calib_c1 20261008-130316-m7-c1; i>=80 linear extrap,0,0
20261010-055332-d4-sim2,2026-10-10T05:56:22+00:00,synthetic,0.5,21962,3.69,nfs,S3FIFO+WB,S3FIFO,WB,deferred,3958.900671,1506.481642,3581.959864,154,9.625,73549,77953,48328,calib_c1 20261008-130316-m7-c1; i>=80 linear extrap,0,0
20261010-055332-d4-sim2,2026-10-10T05:56:22+00:00,synthetic,0.5,21962,3.69,nfs,S3FIFO+WB2,S3FIFO,WB2,deferred,3958.900671,1506.481642,3581.959864,0,0.0,73549,77953,48328,calib_c1 20261008-130316-m7-c1; i>=80 linear extrap,0,0
20261010-055332-d4-sim2,2026-10-10T05:56:22+00:00,synthetic,0.5,21962,3.69,nfs,S3FIFO+H2,S3FIFO,H2,deferred,3958.900671,1506.481642,3581.959864,192,12.0,73549,77953,48328,calib_c1 20261008-130316-m7-c1; i>=80 linear extrap,0,0
20261010-055332-d4-sim2,2026-10-10T05:56:22+00:00,synthetic,0.5,21962,3.69,nfs,S3FIFO+NONE,S3FIFO,NONE,deferred,3958.900671,1506.481642,3581.959864,0,0.0,73549,77953,48328,calib_c1 20261008-130316-m7-c1; i>=80 linear extrap,0,0
20261010-055332-d4-sim2,2026-10-10T05:56:22+00:00,synthetic,0.5,21962,3.69,nfs,WTPa+WBR,WTPa,WBR,wtp_a,3772.76117,1320.342141,3374.373845,0,0.0,77953,77953,18251,calib_c1 20261008-130316-m7-c1; i>=80 linear extrap,0,0
20261010-055332-d4-sim2,2026-10-10T05:56:22+00:00,synthetic,0.5,21962,3.69,nfs,WTPa+WTR,WTPa,WTR,wtp_a,3772.76117,1320.342141,3374.373845,192,12.0,77953,77953,18251,calib_c1 20261008-130316-m7-c1; i>=80 linear extrap,0,0
20261010-055332-d4-sim2,2026-10-10T05:56:22+00:00,synthetic,0.5,21962,3.69,nfs,WTPb+WB,WTPb,WB,wtp_b,4457.833627,2005.414597,4145.099454,152,9.5,61399,77953,13622,calib_c1 20261008-130316-m7-c1; i>=80 linear extrap,0,0
20261010-055332-d4-sim2,2026-10-10T05:56:22+00:00,synthetic,0.5,21962,3.69,nfs,OPT-BELADY,BELADY,NEED,opt,3772.76117,1320.342141,3374.373845,0,0.0,77953,77953,18251,calib_c1 20261008-130316-m7-c1; i>=80 linear extrap,0,0
20261010-055332-d4-sim2,2026-10-10T05:56:22+00:00,synthetic,0.5,21962,3.69,nfs,OPT-COST,COSTBELADY,NEED,opt,3772.76117,1320.342141,3374.373845,0,0.0,77953,77953,18251,calib_c1 20261008-130316-m7-c1; i>=80 linear extrap,0,0
20261010-055332-d4-sim2,2026-10-10T05:56:22+00:00,synthetic,0.5,21962,3.69,nfs,KEVa+WBR,KEVa,WBR,kev_a,3772.76117,1320.342141,3374.373845,0,0.0,77953,77953,43924,calib_c1 20261008-130316-m7-c1; i>=80 linear extrap,0,0
20261010-055332-d4-sim2,2026-10-10T05:56:22+00:00,synthetic,0.5,21962,3.69,nfs,KEVa+WB,KEVa,WB,kev_a,3772.76117,1320.342141,3374.373845,151,9.4375,77953,77953,43924,calib_c1 20261008-130316-m7-c1; i>=80 linear extrap,0,0
20261010-055332-d4-sim2,2026-10-10T05:56:22+00:00,synthetic,0.5,21962,3.69,nfs,KEVb+WB,KEVb,WB,kev_b,3993.938952,1541.519923,3620.764595,151,9.4375,72810,77953,49067,calib_c1 20261008-130316-m7-c1; i>=80 linear extrap,0,0
20261010-055332-d4-sim2,2026-10-10T05:56:23+00:00,synthetic,0.5,21962,11.6,local,LRU+WT,LRU,WT,deferred,2894.490193,442.071164,2832.786918,43924,2745.25,71763,77953,50114,calib_c1 20261008-130316-m7-c1; i>=80 linear extrap,0,0
20261010-055332-d4-sim2,2026-10-10T05:56:23+00:00,synthetic,0.5,21962,11.6,local,LRU+WB,LRU,WB,deferred,2894.490193,442.071164,2832.786918,27961,1747.5625,71763,77953,50114,calib_c1 20261008-130316-m7-c1; i>=80 linear extrap,0,0
20261010-055332-d4-sim2,2026-10-10T05:56:23+00:00,synthetic,0.5,21962,11.6,local,LRU+WB2,LRU,WB2,deferred,3084.957893,632.538864,3028.5123,5369,335.5625,71763,77953,50114,calib_c1 20261008-130316-m7-c1; i>=80 linear extrap,0,0
20261010-055332-d4-sim2,2026-10-10T05:56:23+00:00,synthetic,0.5,21962,11.6,local,LRU+H2,LRU,H2,deferred,3084.957893,632.538864,3028.5123,18251,1140.6875,71763,77953,50114,calib_c1 20261008-130316-m7-c1; i>=80 linear extrap,0,0
20261010-055332-d4-sim2,2026-10-10T05:56:23+00:00,synthetic,0.5,21962,11.6,local,LRU+NONE,LRU,NONE,deferred,3201.615225,749.196196,3149.678677,0,0.0,71763,77953,50114,calib_c1 20261008-130316-m7-c1; i>=80 linear extrap,0,0
20261010-055332-d4-sim2,2026-10-10T05:56:23+00:00,synthetic,0.5,21962,11.6,local,2HIT+WT,2HIT,WT,deferred,2937.48459,485.065561,2863.084316,43924,2745.25,59702,77953,18251,calib_c1 20261008-130316-m7-c1; i>=80 linear extrap,0,0
20261010-055332-d4-sim2,2026-10-10T05:56:23+00:00,synthetic,0.5,21962,11.6,local,2HIT+WB,2HIT,WB,deferred,2937.48459,485.065561,2863.084316,43924,2745.25,59702,77953,18251,calib_c1 20261008-130316-m7-c1; i>=80 linear extrap,0,0
20261010-055332-d4-sim2,2026-10-10T05:56:23+00:00,synthetic,0.5,21962,11.6,local,2HIT+WB2,2HIT,WB2,deferred,3869.985937,1417.566908,3819.515099,0,0.0,59702,77953,18251,calib_c1 20261008-130316-m7-c1; i>=80 linear extrap,0,0
20261010-055332-d4-sim2,2026-10-10T05:56:23+00:00,synthetic,0.5,21962,11.6,local,2HIT+H2,2HIT,H2,deferred,3869.985937,1417.566908,3819.515099,18251,1140.6875,59702,77953,18251,calib_c1 20261008-130316-m7-c1; i>=80 linear extrap,0,0
20261010-055332-d4-sim2,2026-10-10T05:56:23+00:00,synthetic,0.5,21962,11.6,local,2HIT+NONE,2HIT,NONE,deferred,3869.985937,1417.566908,3819.515099,0,0.0,59702,77953,18251,calib_c1 20261008-130316-m7-c1; i>=80 linear extrap,0,0
20261010-055332-d4-sim2,2026-10-10T05:56:23+00:00,synthetic,0.5,21962,11.6,local,SLRU+WT,SLRU,WT,deferred,2888.344571,435.925542,2828.50082,43924,2745.25,73487,77953,48390,calib_c1 20261008-130316-m7-c1; i>=80 linear extrap,0,0
20261010-055332-d4-sim2,2026-10-10T05:56:23+00:00,synthetic,0.5,21962,11.6,local,SLRU+WB,SLRU,WB,deferred,2888.344571,435.925542,2828.50082,25994,1624.625,73487,77953,48390,calib_c1 20261008-130316-m7-c1; i>=80 linear extrap,0,0
20261010-055332-d4-sim2,2026-10-10T05:56:23+00:00,synthetic,0.5,21962,11.6,local,SLRU+WB2,SLRU,WB2,deferred,3106.258814,653.839784,3052.554645,434,27.125,73487,77953,48390,calib_c1 20261008-130316-m7-c1; i>=80 linear extrap,0,0
20261010-055332-d4-sim2,2026-10-10T05:56:23+00:00,synthetic,0.5,21962,11.6,local,SLRU+H2,SLRU,H2,deferred,3106.258814,653.839784,3052.554645,18251,1140.6875,73487,77953,48390,calib_c1 20261008-130316-m7-c1; i>=80 linear extrap,0,0
20261010-055332-d4-sim2,2026-10-10T05:56:23+00:00,synthetic,0.5,21962,11.6,local,SLRU+NONE,SLRU,NONE,deferred,3113.718791,661.299762,3060.238439,0,0.0,73487,77953,48390,calib_c1 20261008-130316-m7-c1; i>=80 linear extrap,0,0
20261010-055332-d4-sim2,2026-10-10T05:56:23+00:00,synthetic,0.5,21962,11.6,local,ARC+WT,ARC,WT,deferred,2888.123557,435.704528,2828.335542,43924,2745.25,73549,77953,48328,calib_c1 20261008-130316-m7-c1; i>=80 linear extrap,0,0
20261010-055332-d4-sim2,2026-10-10T05:56:23+00:00,synthetic,0.5,21962,11.6,local,ARC+WB,ARC,WB,deferred,2888.123557,435.704528,2828.335542,26307,1644.1875,73549,77953,48328,calib_c1 20261008-130316-m7-c1; i>=80 linear extrap,0,0
20261010-055332-d4-sim2,2026-10-10T05:56:24+00:00,synthetic,0.5,21962,11.6,local,ARC+WB2,ARC,WB2,deferred,3109.428966,657.009937,3055.875831,59,3.6875,73549,77953,48328,calib_c1 20261008-130316-m7-c1; i>=80 linear extrap,0,0
20261010-055332-d4-sim2,2026-10-10T05:56:24+00:00,synthetic,0.5,21962,11.6,local,ARC+H2,ARC,H2,deferred,3109.428966,657.009937,3055.875831,18251,1140.6875,73549,77953,48328,calib_c1 20261008-130316-m7-c1; i>=80 linear extrap,0,0
20261010-055332-d4-sim2,2026-10-10T05:56:24+00:00,synthetic,0.5,21962,11.6,local,ARC+NONE,ARC,NONE,deferred,3109.428966,657.009937,3055.875831,0,0.0,73549,77953,48328,calib_c1 20261008-130316-m7-c1; i>=80 linear extrap,0,0
20261010-055332-d4-sim2,2026-10-10T05:56:24+00:00,synthetic,0.5,21962,11.6,local,S3FIFO+WT,S3FIFO,WT,deferred,2888.123557,435.704528,2828.335542,43924,2745.25,73549,77953,48328,calib_c1 20261008-130316-m7-c1; i>=80 linear extrap,0,0
20261010-055332-d4-sim2,2026-10-10T05:56:24+00:00,synthetic,0.5,21962,11.6,local,S3FIFO+WB,S3FIFO,WB,deferred,2888.123557,435.704528,2828.335542,26366,1647.875,73549,77953,48328,calib_c1 20261008-130316-m7-c1; i>=80 linear extrap,0,0
20261010-055332-d4-sim2,2026-10-10T05:56:24+00:00,synthetic,0.5,21962,11.6,local,S3FIFO+WB2,S3FIFO,WB2,deferred,3109.428966,657.009937,3055.875831,0,0.0,73549,77953,48328,calib_c1 20261008-130316-m7-c1; i>=80 linear extrap,0,0
20261010-055332-d4-sim2,2026-10-10T05:56:24+00:00,synthetic,0.5,21962,11.6,local,S3FIFO+H2,S3FIFO,H2,deferred,3109.428966,657.009937,3055.875831,18251,1140.6875,73549,77953,48328,calib_c1 20261008-130316-m7-c1; i>=80 linear extrap,0,0
20261010-055332-d4-sim2,2026-10-10T05:56:24+00:00,synthetic,0.5,21962,11.6,local,S3FIFO+NONE,S3FIFO,NONE,deferred,3109.428966,657.009937,3055.875831,0,0.0,73549,77953,48328,calib_c1 20261008-130316-m7-c1; i>=80 linear extrap,0,0
20261010-055332-d4-sim2,2026-10-10T05:56:24+00:00,synthetic,0.5,21962,11.6,local,WTPa+WBR,WTPa,WBR,wtp_a,2872.424417,420.005388,2817.219278,0,0.0,77953,77953,18251,calib_c1 20261008-130316-m7-c1; i>=80 linear extrap,0,0
20261010-055332-d4-sim2,2026-10-10T05:56:24+00:00,synthetic,0.5,21962,11.6,local,WTPa+WTR,WTPa,WTR,wtp_a,2872.424417,420.005388,2817.219278,18251,1140.6875,77953,77953,18251,calib_c1 20261008-130316-m7-c1; i>=80 linear extrap,0,0
20261010-055332-d4-sim2,2026-10-10T05:56:24+00:00,synthetic,0.5,21962,11.6,local,WTPb+WB,WTPb,WB,wtp_b,2931.435217,479.016188,2858.748891,32693,2043.3125,61399,77953,13622,calib_c1 20261008-130316-m7-c1; i>=80 linear extrap,0,0
20261010-055332-d4-sim2,2026-10-10T05:56:24+00:00,synthetic,0.5,21962,11.6,local,OPT-BELADY,BELADY,NEED,opt,2872.424417,420.005388,2817.219278,0,0.0,77953,77953,18251,calib_c1 20261008-130316-m7-c1; i>=80 linear extrap,0,0
20261010-055332-d4-sim2,2026-10-10T05:56:24+00:00,synthetic,0.5,21962,11.6,local,OPT-COST,COSTBELADY,NEED,opt,2872.424417,420.005388,2817.219278,0,0.0,77953,77953,18251,calib_c1 20261008-130316-m7-c1; i>=80 linear extrap,0,0
20261010-055332-d4-sim2,2026-10-10T05:56:24+00:00,synthetic,0.5,21962,11.6,local,KEVa+WBR,KEVa,WBR,kev_a,2872.424417,420.005388,2817.219278,0,0.0,77953,77953,43924,calib_c1 20261008-130316-m7-c1; i>=80 linear extrap,0,0
20261010-055332-d4-sim2,2026-10-10T05:56:24+00:00,synthetic,0.5,21962,11.6,local,KEVa+WB,KEVa,WB,kev_a,2872.424417,420.005388,2817.219278,21962,1372.625,77953,77953,43924,calib_c1 20261008-130316-m7-c1; i>=80 linear extrap,0,0
20261010-055332-d4-sim2,2026-10-10T05:56:24+00:00,synthetic,0.5,21962,11.6,local,KEVb+WB,KEVb,WB,kev_b,2890.757904,438.338875,2830.166458,27096,1693.5,72810,77953,49067,calib_c1 20261008-130316-m7-c1; i>=80 linear extrap,0,0
20261010-055332-d4-sim2,2026-10-10T05:56:25+00:00,synthetic,0.5,21962,11.6,nfs,LRU+WT,LRU,WT,deferred,3201.615225,749.196196,3149.678677,352,22.0,71763,77953,50114,calib_c1 20261008-130316-m7-c1; i>=80 linear extrap,0,0
20261010-055332-d4-sim2,2026-10-10T05:56:25+00:00,synthetic,0.5,21962,11.6,nfs,LRU+WB,LRU,WB,deferred,3201.615225,749.196196,3149.678677,152,9.5,71763,77953,50114,calib_c1 20261008-130316-m7-c1; i>=80 linear extrap,0,0
20261010-055332-d4-sim2,2026-10-10T05:56:25+00:00,synthetic,0.5,21962,11.6,nfs,LRU+WB2,LRU,WB2,deferred,3201.615225,749.196196,3149.678677,0,0.0,71763,77953,50114,calib_c1 20261008-130316-m7-c1; i>=80 linear extrap,0,0
20261010-055332-d4-sim2,2026-10-10T05:56:25+00:00,synthetic,0.5,21962,11.6,nfs,LRU+H2,LRU,H2,deferred,3201.615225,749.196196,3149.678677,192,12.0,71763,77953,50114,calib_c1 20261008-130316-m7-c1; i>=80 linear extrap,0,0
20261010-055332-d4-sim2,2026-10-10T05:56:25+00:00,synthetic,0.5,21962,11.6,nfs,LRU+NONE,LRU,NONE,deferred,3201.615225,749.196196,3149.678677,0,0.0,71763,77953,50114,calib_c1 20261008-130316-m7-c1; i>=80 linear extrap,0,0
20261010-055332-d4-sim2,2026-10-10T05:56:25+00:00,synthetic,0.5,21962,11.6,nfs,2HIT+WT,2HIT,WT,deferred,3853.588277,1401.169248,3775.59195,352,22.0,59702,77953,18251,calib_c1 20261008-130316-m7-c1; i>=80 linear extrap,0,0
20261010-055332-d4-sim2,2026-10-10T05:56:25+00:00,synthetic,0.5,21962,11.6,nfs,2HIT+WB,2HIT,WB,deferred,3853.588277,1401.169248,3775.59195,352,22.0,59702,77953,18251,calib_c1 20261008-130316-m7-c1; i>=80 linear extrap,0,0
20261010-055332-d4-sim2,2026-10-10T05:56:25+00:00,synthetic,0.5,21962,11.6,nfs,2HIT+WB2,2HIT,WB2,deferred,3869.985937,1417.566908,3819.515099,0,0.0,59702,77953,18251,calib_c1 20261008-130316-m7-c1; i>=80 linear extrap,0,0
20261010-055332-d4-sim2,2026-10-10T05:56:25+00:00,synthetic,0.5,21962,11.6,nfs,2HIT+H2,2HIT,H2,deferred,3869.985937,1417.566908,3819.515099,192,12.0,59702,77953,18251,calib_c1 20261008-130316-m7-c1; i>=80 linear extrap,0,0
20261010-055332-d4-sim2,2026-10-10T05:56:25+00:00,synthetic,0.5,21962,11.6,nfs,2HIT+NONE,2HIT,NONE,deferred,3869.985937,1417.566908,3819.515099,0,0.0,59702,77953,18251,calib_c1 20261008-130316-m7-c1; i>=80 linear extrap,0,0
20261010-055332-d4-sim2,2026-10-10T05:56:25+00:00,synthetic,0.5,21962,11.6,nfs,SLRU+WT,SLRU,WT,deferred,3113.718791,661.299762,3060.238439,352,22.0,73487,77953,48390,calib_c1 20261008-130316-m7-c1; i>=80 linear extrap,0,0
20261010-055332-d4-sim2,2026-10-10T05:56:25+00:00,synthetic,0.5,21962,11.6,nfs,SLRU+WB,SLRU,WB,deferred,3113.718791,661.299762,3060.238439,153,9.5625,73487,77953,48390,calib_c1 20261008-130316-m7-c1; i>=80 linear extrap,0,0
20261010-055332-d4-sim2,2026-10-10T05:56:25+00:00,synthetic,0.5,21962,11.6,nfs,SLRU+WB2,SLRU,WB2,deferred,3113.718791,661.299762,3060.238439,0,0.0,73487,77953,48390,calib_c1 20261008-130316-m7-c1; i>=80 linear extrap,0,0
20261010-055332-d4-sim2,2026-10-10T05:56:25+00:00,synthetic,0.5,21962,11.6,nfs,SLRU+H2,SLRU,H2,deferred,3113.718791,661.299762,3060.238439,192,12.0,73487,77953,48390,calib_c1 20261008-130316-m7-c1; i>=80 linear extrap,0,0
20261010-055332-d4-sim2,2026-10-10T05:56:25+00:00,synthetic,0.5,21962,11.6,nfs,SLRU+NONE,SLRU,NONE,deferred,3113.718791,661.299762,3060.238439,0,0.0,73487,77953,48390,calib_c1 20261008-130316-m7-c1; i>=80 linear extrap,0,0
20261010-055332-d4-sim2,2026-10-10T05:56:25+00:00,synthetic,0.5,21962,11.6,nfs,ARC+WT,ARC,WT,deferred,3109.428966,657.009937,3055.875831,352,22.0,73549,77953,48328,calib_c1 20261008-130316-m7-c1; i>=80 linear extrap,0,0
20261010-055332-d4-sim2,2026-10-10T05:56:25+00:00,synthetic,0.5,21962,11.6,nfs,ARC+WB,ARC,WB,deferred,3109.428966,657.009937,3055.875831,153,9.5625,73549,77953,48328,calib_c1 20261008-130316-m7-c1; i>=80 linear extrap,0,0
20261010-055332-d4-sim2,2026-10-10T05:56:25+00:00,synthetic,0.5,21962,11.6,nfs,ARC+WB2,ARC,WB2,deferred,3109.428966,657.009937,3055.875831,0,0.0,73549,77953,48328,calib_c1 20261008-130316-m7-c1; i>=80 linear extrap,0,0
20261010-055332-d4-sim2,2026-10-10T05:56:26+00:00,synthetic,0.5,21962,11.6,nfs,ARC+H2,ARC,H2,deferred,3109.428966,657.009937,3055.875831,192,12.0,73549,77953,48328,calib_c1 20261008-130316-m7-c1; i>=80 linear extrap,0,0
20261010-055332-d4-sim2,2026-10-10T05:56:26+00:00,synthetic,0.5,21962,11.6,nfs,ARC+NONE,ARC,NONE,deferred,3109.428966,657.009937,3055.875831,0,0.0,73549,77953,48328,calib_c1 20261008-130316-m7-c1; i>=80 linear extrap,0,0
20261010-055332-d4-sim2,2026-10-10T05:56:26+00:00,synthetic,0.5,21962,11.6,nfs,S3FIFO+WT,S3FIFO,WT,deferred,3109.428966,657.009937,3055.875831,352,22.0,73549,77953,48328,calib_c1 20261008-130316-m7-c1; i>=80 linear extrap,0,0
20261010-055332-d4-sim2,2026-10-10T05:56:26+00:00,synthetic,0.5,21962,11.6,nfs,S3FIFO+WB,S3FIFO,WB,deferred,3109.428966,657.009937,3055.875831,154,9.625,73549,77953,48328,calib_c1 20261008-130316-m7-c1; i>=80 linear extrap,0,0
20261010-055332-d4-sim2,2026-10-10T05:56:26+00:00,synthetic,0.5,21962,11.6,nfs,S3FIFO+WB2,S3FIFO,WB2,deferred,3109.428966,657.009937,3055.875831,0,0.0,73549,77953,48328,calib_c1 20261008-130316-m7-c1; i>=80 linear extrap,0,0
20261010-055332-d4-sim2,2026-10-10T05:56:26+00:00,synthetic,0.5,21962,11.6,nfs,S3FIFO+H2,S3FIFO,H2,deferred,3109.428966,657.009937,3055.875831,192,12.0,73549,77953,48328,calib_c1 20261008-130316-m7-c1; i>=80 linear extrap,0,0
20261010-055332-d4-sim2,2026-10-10T05:56:26+00:00,synthetic,0.5,21962,11.6,nfs,S3FIFO+NONE,S3FIFO,NONE,deferred,3109.428966,657.009937,3055.875831,0,0.0,73549,77953,48328,calib_c1 20261008-130316-m7-c1; i>=80 linear extrap,0,0
20261010-055332-d4-sim2,2026-10-10T05:56:26+00:00,synthetic,0.5,21962,11.6,nfs,WTPa+WBR,WTPa,WBR,wtp_a,2872.424417,420.005388,2817.219278,0,0.0,77953,77953,18251,calib_c1 20261008-130316-m7-c1; i>=80 linear extrap,0,0
20261010-055332-d4-sim2,2026-10-10T05:56:26+00:00,synthetic,0.5,21962,11.6,nfs,WTPa+WTR,WTPa,WTR,wtp_a,2872.424417,420.005388,2817.219278,192,12.0,77953,77953,18251,calib_c1 20261008-130316-m7-c1; i>=80 linear extrap,0,0
20261010-055332-d4-sim2,2026-10-10T05:56:26+00:00,synthetic,0.5,21962,11.6,nfs,WTPb+WB,WTPb,WB,wtp_b,3748.691242,1296.272213,3705.492976,152,9.5,61399,77953,13622,calib_c1 20261008-130316-m7-c1; i>=80 linear extrap,0,0
20261010-055332-d4-sim2,2026-10-10T05:56:26+00:00,synthetic,0.5,21962,11.6,nfs,OPT-BELADY,BELADY,NEED,opt,2872.424417,420.005388,2817.219278,0,0.0,77953,77953,18251,calib_c1 20261008-130316-m7-c1; i>=80 linear extrap,0,0
20261010-055332-d4-sim2,2026-10-10T05:56:26+00:00,synthetic,0.5,21962,11.6,nfs,OPT-COST,COSTBELADY,NEED,opt,2872.424417,420.005388,2817.219278,0,0.0,77953,77953,18251,calib_c1 20261008-130316-m7-c1; i>=80 linear extrap,0,0
20261010-055332-d4-sim2,2026-10-10T05:56:26+00:00,synthetic,0.5,21962,11.6,nfs,KEVa+WBR,KEVa,WBR,kev_a,2872.424417,420.005388,2817.219278,0,0.0,77953,77953,43924,calib_c1 20261008-130316-m7-c1; i>=80 linear extrap,0,0
20261010-055332-d4-sim2,2026-10-10T05:56:26+00:00,synthetic,0.5,21962,11.6,nfs,KEVa+WB,KEVa,WB,kev_a,2872.424417,420.005388,2817.219278,151,9.4375,77953,77953,43924,calib_c1 20261008-130316-m7-c1; i>=80 linear extrap,0,0
20261010-055332-d4-sim2,2026-10-10T05:56:26+00:00,synthetic,0.5,21962,11.6,nfs,KEVb+WB,KEVb,WB,kev_b,3153.002503,700.583474,3100.989162,151,9.4375,72810,77953,49067,calib_c1 20261008-130316-m7-c1; i>=80 linear extrap,0,0
20261010-055332-d4-sim2,2026-10-10T05:56:28+00:00,synthetic,0.1,4392,3.69,local,LRU+WT,LRU,WT,deferred,2970.018033,517.599004,nan,43924,2745.25,11124,57815,90615,calib_c1 20261008-130316-m7-c1; i>=80 linear extrap,2400,20138
20261010-055332-d4-sim2,2026-10-10T05:56:28+00:00,synthetic,0.1,4392,3.69,local,LRU+WB,LRU,WB,deferred,2988.662991,536.243962,nan,43524,2720.25,11124,57815,90615,calib_c1 20261008-130316-m7-c1; i>=80 linear extrap,2400,20138
20261010-055332-d4-sim2,2026-10-10T05:56:28+00:00,synthetic,0.1,4392,3.69,local,LRU+WB2,LRU,WB2,deferred,3783.003241,1330.584212,nan,17692,1105.75,11124,57815,90615,calib_c1 20261008-130316-m7-c1; i>=80 linear extrap,2400,20138
20261010-055332-d4-sim2,2026-10-10T05:56:28+00:00,synthetic,0.1,4392,3.69,local,LRU+H2,LRU,H2,deferred,3767.21691,1314.797881,nan,18042,1127.625,11124,57815,90615,calib_c1 20261008-130316-m7-c1; i>=80 linear extrap,2400,20138
20261010-055332-d4-sim2,2026-10-10T05:56:28+00:00,synthetic,0.1,4392,3.69,local,LRU+NONE,LRU,NONE,deferred,5538.648563,3086.229534,nan,0,0.0,11124,57815,90615,calib_c1 20261008-130316-m7-c1; i>=80 linear extrap,2400,20138
20261010-055332-d4-sim2,2026-10-10T05:56:28+00:00,synthetic,0.1,4392,3.69,local,2HIT+WT,2HIT,WT,deferred,2970.018033,517.599004,nan,43924,2745.25,14244,57815,43571,calib_c1 20261008-130316-m7-c1; i>=80 linear extrap,2400,20138
20261010-055332-d4-sim2,2026-10-10T05:56:28+00:00,synthetic,0.1,4392,3.69,local,2HIT+WB,2HIT,WB,deferred,2970.018033,517.599004,nan,43924,2745.25,14244,57815,43571,calib_c1 20261008-130316-m7-c1; i>=80 linear extrap,2400,20138
20261010-055332-d4-sim2,2026-10-10T05:56:28+00:00,synthetic,0.1,4392,3.69,local,2HIT+WB2,2HIT,WB2,deferred,3940.935503,1488.516474,nan,17531,1095.6875,14244,57815,43571,calib_c1 20261008-130316-m7-c1; i>=80 linear extrap,2400,20138
20261010-055332-d4-sim2,2026-10-10T05:56:28+00:00,synthetic,0.1,4392,3.69,local,2HIT+H2,2HIT,H2,deferred,3893.688301,1441.269272,nan,18042,1127.625,14244,57815,43571,calib_c1 20261008-130316-m7-c1; i>=80 linear extrap,2400,20138
20261010-055332-d4-sim2,2026-10-10T05:56:28+00:00,synthetic,0.1,4392,3.69,local,2HIT+NONE,2HIT,NONE,deferred,5460.677517,3008.258488,nan,0,0.0,14244,57815,43571,calib_c1 20261008-130316-m7-c1; i>=80 linear extrap,2400,20138
20261010-055332-d4-sim2,2026-10-10T05:56:28+00:00,synthetic,0.1,4392,3.69,local,SLRU+WT,SLRU,WT,deferred,2970.018033,517.599004,nan,43924,2745.25,6630,57815,95109,calib_c1 20261008-130316-m7-c1; i>=80 linear extrap,2400,20138
20261010-055332-d4-sim2,2026-10-10T05:56:28+00:00,synthetic,0.1,4392,3.69,local,SLRU+WB,SLRU,WB,deferred,2993.286302,540.867273,nan,42699,2668.6875,6630,57815,95109,calib_c1 20261008-130316-m7-c1; i>=80 linear extrap,2400,20138
20261010-055332-d4-sim2,2026-10-10T05:56:28+00:00,synthetic,0.1,4392,3.69,local,SLRU+WB2,SLRU,WB2,deferred,3888.62639,1436.207361,nan,16434,1027.125,6630,57815,95109,calib_c1 20261008-130316-m7-c1; i>=80 linear extrap,2400,20138
20261010-055332-d4-sim2,2026-10-10T05:56:28+00:00,synthetic,0.1,4392,3.69,local,SLRU+H2,SLRU,H2,deferred,3858.003943,1405.584914,nan,18042,1127.625,6630,57815,95109,calib_c1 20261008-130316-m7-c1; i>=80 linear extrap,2400,20138
20261010-055332-d4-sim2,2026-10-10T05:56:28+00:00,synthetic,0.1,4392,3.69,local,SLRU+NONE,SLRU,NONE,deferred,5908.857384,3456.438355,nan,0,0.0,6630,57815,95109,calib_c1 20261008-130316-m7-c1; i>=80 linear extrap,2400,20138
20261010-055332-d4-sim2,2026-10-10T05:56:28+00:00,synthetic,0.1,4392,3.69,local,ARC+WT,ARC,WT,deferred,2970.018033,517.599004,nan,43924,2745.25,12092,57815,89647,calib_c1 20261008-130316-m7-c1; i>=80 linear extrap,2400,20138
20261010-055332-d4-sim2,2026-10-10T05:56:28+00:00,synthetic,0.1,4392,3.69,local,ARC+WB,ARC,WB,deferred,2987.026067,534.607038,nan,43633,2727.0625,12092,57815,89647,calib_c1 20261008-130316-m7-c1; i>=80 linear extrap,2400,20138
20261010-055332-d4-sim2,2026-10-10T05:56:28+00:00,synthetic,0.1,4392,3.69,local,ARC+WB2,ARC,WB2,deferred,3897.199975,1444.780946,nan,17779,1111.1875,12092,57815,89647,calib_c1 20261008-130316-m7-c1; i>=80 linear extrap,2400,20138
20261010-055332-d4-sim2,2026-10-10T05:56:28+00:00,synthetic,0.1,4392,3.69,local,ARC+H2,ARC,H2,deferred,3861.387283,1408.968254,nan,18042,1127.625,12092,57815,89647,calib_c1 20261008-130316-m7-c1; i>=80 linear extrap,2400,20138
20261010-055332-d4-sim2,2026-10-10T05:56:28+00:00,synthetic,0.1,4392,3.69,local,ARC+NONE,ARC,NONE,deferred,5432.032321,2979.613292,nan,0,0.0,12092,57815,89647,calib_c1 20261008-130316-m7-c1; i>=80 linear extrap,2400,20138
20261010-055332-d4-sim2,2026-10-10T05:56:28+00:00,synthetic,0.1,4392,3.69,local,S3FIFO+WT,S3FIFO,WT,deferred,2970.018033,517.599004,nan,43924,2745.25,15596,57815,86143,calib_c1 20261008-130316-m7-c1; i>=80 linear extrap,2400,20138
20261010-055332-d4-sim2,2026-10-10T05:56:28+00:00,synthetic,0.1,4392,3.69,local,S3FIFO+WB,S3FIFO,WB,deferred,2982.474622,530.055593,nan,43736,2733.5,15596,57815,86143,calib_c1 20261008-130316-m7-c1; i>=80 linear extrap,2400,20138
20261010-055332-d4-sim2,2026-10-10T05:56:28+00:00,synthetic,0.1,4392,3.69,local,S3FIFO+WB2,S3FIFO,WB2,deferred,3937.264551,1484.845522,nan,17050,1065.625,15596,57815,86143,calib_c1 20261008-130316-m7-c1; i>=80 linear extrap,2400,20138
20261010-055332-d4-sim2,2026-10-10T05:56:28+00:00,synthetic,0.1,4392,3.69,local,S3FIFO+H2,S3FIFO,H2,deferred,3871.180751,1418.761722,nan,18042,1127.625,15596,57815,86143,calib_c1 20261008-130316-m7-c1; i>=80 linear extrap,2400,20138
20261010-055332-d4-sim2,2026-10-10T05:56:28+00:00,synthetic,0.1,4392,3.69,local,S3FIFO+NONE,S3FIFO,NONE,deferred,5210.541257,2758.122228,nan,0,0.0,15596,57815,86143,calib_c1 20261008-130316-m7-c1; i>=80 linear extrap,2400,20138
20261010-055332-d4-sim2,2026-10-10T05:56:28+00:00,synthetic,0.1,4392,3.69,local,WTPa+WBR,WTPa,WBR,wtp_a,3027.613785,575.194756,nan,16401,1025.0625,24911,57815,41613,calib_c1 20261008-130316-m7-c1; i>=80 linear extrap,2400,20138
20261010-055332-d4-sim2,2026-10-10T05:56:28+00:00,synthetic,0.1,4392,3.69,local,WTPa+WTR,WTPa,WTR,wtp_a,2970.018033,517.599004,nan,18042,1127.625,24911,57815,41613,calib_c1 20261008-130316-m7-c1; i>=80 linear extrap,2400,20138
20261010-055332-d4-sim2,2026-10-10T05:56:28+00:00,synthetic,0.1,4392,3.69,local,WTPb+WB,WTPb,WB,wtp_b,3042.034682,589.615653,nan,43468,2716.75,22504,57815,26309,calib_c1 20261008-130316-m7-c1; i>=80 linear extrap,2400,20138
20261010-055332-d4-sim2,2026-10-10T05:56:28+00:00,synthetic,0.1,4392,3.69,local,OPT-BELADY,BELADY,NEED,opt,3304.541316,852.122287,nan,11832,739.5,41894,57815,25291,calib_c1 20261008-130316-m7-c1; i>=80 linear extrap,2400,20138
20261010-055332-d4-sim2,2026-10-10T05:56:28+00:00,synthetic,0.1,4392,3.69,local,OPT-COST,COSTBELADY,NEED,opt,2970.018033,517.599004,nan,18042,1127.625,0,57815,0,calib_c1 20261008-130316-m7-c1; i>=80 linear extrap,2400,20138
20261010-055332-d4-sim2,2026-10-10T05:56:28+00:00,synthetic,0.1,4392,3.69,local,KEVa+WBR,KEVa,WBR,kev_a,3027.613785,575.194756,nan,16401,1025.0625,24911,57815,76828,calib_c1 20261008-130316-m7-c1; i>=80 linear extrap,2400,20138
20261010-055332-d4-sim2,2026-10-10T05:56:28+00:00,synthetic,0.1,4392,3.69,local,KEVa+WB,KEVa,WB,kev_a,3027.613785,575.194756,nan,43486,2717.875,24911,57815,76828,calib_c1 20261008-130316-m7-c1; i>=80 linear extrap,2400,20138
20261010-055332-d4-sim2,2026-10-10T05:56:28+00:00,synthetic,0.1,4392,3.69,local,KEVb+WB,KEVb,WB,kev_b,3058.867046,606.448017,nan,43083,2692.6875,25377,57815,76362,calib_c1 20261008-130316-m7-c1; i>=80 linear extrap,2400,20138
20261010-055332-d4-sim2,2026-10-10T05:56:28+00:00,synthetic,0.1,4392,3.69,nfs,LRU+WT,LRU,WT,deferred,5473.057923,3020.638894,nan,352,22.0,11124,57815,90615,calib_c1 20261008-130316-m7-c1; i>=80 linear extrap,2400,20138
20261010-055332-d4-sim2,2026-10-10T05:56:28+00:00,synthetic,0.1,4392,3.69,nfs,LRU+WB,LRU,WB,deferred,5473.057923,3020.638894,nan,351,21.9375,11124,57815,90615,calib_c1 20261008-130316-m7-c1; i>=80 linear extrap,2400,20138
20261010-055332-d4-sim2,2026-10-10T05:56:28+00:00,synthetic,0.1,4392,3.69,nfs,LRU+WB2,LRU,WB2,deferred,5473.057923,3020.638894,nan,192,12.0,11124,57815,90615,calib_c1 20261008-130316-m7-c1; i>=80 linear extrap,2400,20138
20261010-055332-d4-sim2,2026-10-10T05:56:28+00:00,synthetic,0.1,4392,3.69,nfs,LRU+H2,LRU,H2,deferred,5473.057923,3020.638894,nan,192,12.0,11124,57815,90615,calib_c1 20261008-130316-m7-c1; i>=80 linear extrap,2400,20138
20261010-055332-d4-sim2,2026-10-10T05:56:28+00:00,synthetic,0.1,4392,3.69,nfs,LRU+NONE,LRU,NONE,deferred,5538.648563,3086.229534,nan,0,0.0,11124,57815,90615,calib_c1 20261008-130316-m7-c1; i>=80 linear extrap,2400,20138
20261010-055332-d4-sim2,2026-10-10T05:56:28+00:00,synthetic,0.1,4392,3.69,nfs,2HIT+WT,2HIT,WT,deferred,5378.689218,2926.270189,nan,352,22.0,14244,57815,43571,calib_c1 20261008-130316-m7-c1; i>=80 linear extrap,2400,20138
20261010-055332-d4-sim2,2026-10-10T05:56:28+00:00,synthetic,0.1,4392,3.69,nfs,2HIT+WB,2HIT,WB,deferred,5378.689218,2926.270189,nan,352,22.0,14244,57815,43571,calib_c1 20261008-130316-m7-c1; i>=80 linear extrap,2400,20138
20261010-055332-d4-sim2,2026-10-10T05:56:28+00:00,synthetic,0.1,4392,3.69,nfs,2HIT+WB2,2HIT,WB2,deferred,5395.086878,2942.667849,nan,192,12.0,14244,57815,43571,calib_c1 20261008-130316-m7-c1; i>=80 linear extrap,2400,20138
20261010-055332-d4-sim2,2026-10-10T05:56:28+00:00,synthetic,0.1,4392,3.69,nfs,2HIT+H2,2HIT,H2,deferred,5395.086878,2942.667849,nan,192,12.0,14244,57815,43571,calib_c1 20261008-130316-m7-c1; i>=80 linear extrap,2400,20138
20261010-055332-d4-sim2,2026-10-10T05:56:28+00:00,synthetic,0.1,4392,3.69,nfs,2HIT+NONE,2HIT,NONE,deferred,5460.677517,3008.258488,nan,0,0.0,14244,57815,43571,calib_c1 20261008-130316-m7-c1; i>=80 linear extrap,2400,20138
20261010-055332-d4-sim2,2026-10-10T05:56:28+00:00,synthetic,0.1,4392,3.69,nfs,SLRU+WT,SLRU,WT,deferred,5794.073765,3341.654736,nan,352,22.0,6630,57815,95109,calib_c1 20261008-130316-m7-c1; i>=80 linear extrap,2400,20138
20261010-055332-d4-sim2,2026-10-10T05:56:28+00:00,synthetic,0.1,4392,3.69,nfs,SLRU+WB,SLRU,WB,deferred,5794.073765,3341.654736,nan,352,22.0,6630,57815,95109,calib_c1 20261008-130316-m7-c1; i>=80 linear extrap,2400,20138
20261010-055332-d4-sim2,2026-10-10T05:56:28+00:00,synthetic,0.1,4392,3.69,nfs,SLRU+WB2,SLRU,WB2,deferred,5810.471424,3358.052395,nan,192,12.0,6630,57815,95109,calib_c1 20261008-130316-m7-c1; i>=80 linear extrap,2400,20138
20261010-055332-d4-sim2,2026-10-10T05:56:28+00:00,synthetic,0.1,4392,3.69,nfs,SLRU+H2,SLRU,H2,deferred,5810.471424,3358.052395,nan,192,12.0,6630,57815,95109,calib_c1 20261008-130316-m7-c1; i>=80 linear extrap,2400,20138
20261010-055332-d4-sim2,2026-10-10T05:56:28+00:00,synthetic,0.1,4392,3.69,nfs,SLRU+NONE,SLRU,NONE,deferred,5908.857384,3456.438355,nan,0,0.0,6630,57815,95109,calib_c1 20261008-130316-m7-c1; i>=80 linear extrap,2400,20138
20261010-055332-d4-sim2,2026-10-10T05:56:28+00:00,synthetic,0.1,4392,3.69,nfs,ARC+WT,ARC,WT,deferred,5396.08984,2943.670811,nan,352,22.0,12092,57815,89647,calib_c1 20261008-130316-m7-c1; i>=80 linear extrap,2400,20138
20261010-055332-d4-sim2,2026-10-10T05:56:28+00:00,synthetic,0.1,4392,3.69,nfs,ARC+WB,ARC,WB,deferred,5396.08984,2943.670811,nan,351,21.9375,12092,57815,89647,calib_c1 20261008-130316-m7-c1; i>=80 linear extrap,2400,20138
20261010-055332-d4-sim2,2026-10-10T05:56:28+00:00,synthetic,0.1,4392,3.69,nfs,ARC+WB2,ARC,WB2,deferred,5412.4875,2960.068471,nan,192,12.0,12092,57815,89647,calib_c1 20261008-130316-m7-c1; i>=80 linear extrap,2400,20138
20261010-055332-d4-sim2,2026-10-10T05:56:28+00:00,synthetic,0.1,4392,3.69,nfs,ARC+H2,ARC,H2,deferred,5412.4875,2960.068471,nan,192,12.0,12092,57815,89647,calib_c1 20261008-130316-m7-c1; i>=80 linear extrap,2400,20138
20261010-055332-d4-sim2,2026-10-10T05:56:28+00:00,synthetic,0.1,4392,3.69,nfs,ARC+NONE,ARC,NONE,deferred,5432.032321,2979.613292,nan,0,0.0,12092,57815,89647,calib_c1 20261008-130316-m7-c1; i>=80 linear extrap,2400,20138
20261010-055332-d4-sim2,2026-10-10T05:56:28+00:00,synthetic,0.1,4392,3.69,nfs,S3FIFO+WT,S3FIFO,WT,deferred,5194.143597,2741.724568,nan,352,22.0,15596,57815,86143,calib_c1 20261008-130316-m7-c1; i>=80 linear extrap,2400,20138
20261010-055332-d4-sim2,2026-10-10T05:56:28+00:00,synthetic,0.1,4392,3.69,nfs,S3FIFO+WB,S3FIFO,WB,deferred,5194.143597,2741.724568,nan,352,22.0,15596,57815,86143,calib_c1 20261008-130316-m7-c1; i>=80 linear extrap,2400,20138
20261010-055332-d4-sim2,2026-10-10T05:56:28+00:00,synthetic,0.1,4392,3.69,nfs,S3FIFO+WB2,S3FIFO,WB2,deferred,5210.541257,2758.122228,nan,0,0.0,15596,57815,86143,calib_c1 20261008-130316-m7-c1; i>=80 linear extrap,2400,20138
20261010-055332-d4-sim2,2026-10-10T05:56:28+00:00,synthetic,0.1,4392,3.69,nfs,S3FIFO+H2,S3FIFO,H2,deferred,5210.541257,2758.122228,nan,192,12.0,15596,57815,86143,calib_c1 20261008-130316-m7-c1; i>=80 linear extrap,2400,20138
20261010-055332-d4-sim2,2026-10-10T05:56:28+00:00,synthetic,0.1,4392,3.69,nfs,S3FIFO+NONE,S3FIFO,NONE,deferred,5210.541257,2758.122228,nan,0,0.0,15596,57815,86143,calib_c1 20261008-130316-m7-c1; i>=80 linear extrap,2400,20138
20261010-055332-d4-sim2,2026-10-10T05:56:28+00:00,synthetic,0.1,4392,3.69,nfs,WTPa+WBR,WTPa,WBR,wtp_a,4846.947391,2394.528361,nan,192,12.0,24911,57815,41613,calib_c1 20261008-130316-m7-c1; i>=80 linear extrap,2400,20138
20261010-055332-d4-sim2,2026-10-10T05:56:28+00:00,synthetic,0.1,4392,3.69,nfs,WTPa+WTR,WTPa,WTR,wtp_a,4846.947391,2394.528361,nan,192,12.0,24911,57815,41613,calib_c1 20261008-130316-m7-c1; i>=80 linear extrap,2400,20138
20261010-055332-d4-sim2,2026-10-10T05:56:28+00:00,synthetic,0.1,4392,3.69,nfs,WTPb+WB,WTPb,WB,wtp_b,4908.571041,2456.152012,nan,351,21.9375,22504,57815,26309,calib_c1 20261008-130316-m7-c1; i>=80 linear extrap,2400,20138
20261010-055332-d4-sim2,2026-10-10T05:56:28+00:00,synthetic,0.1,4392,3.69,nfs,OPT-BELADY,BELADY,NEED,opt,4095.884839,1643.46581,nan,29,1.8125,41894,57815,25291,calib_c1 20261008-130316-m7-c1; i>=80 linear extrap,2400,20138
20261010-055332-d4-sim2,2026-10-10T05:56:28+00:00,synthetic,0.1,4392,3.69,nfs,OPT-COST,COSTBELADY,NEED,opt,3962.318651,1509.899622,nan,0,0.0,39557,57815,25035,calib_c1 20261008-130316-m7-c1; i>=80 linear extrap,2400,20138
20261010-055332-d4-sim2,2026-10-10T05:56:28+00:00,synthetic,0.1,4392,3.69,nfs,KEVa+WBR,KEVa,WBR,kev_a,4846.947391,2394.528361,nan,192,12.0,24911,57815,76828,calib_c1 20261008-130316-m7-c1; i>=80 linear extrap,2400,20138
20261010-055332-d4-sim2,2026-10-10T05:56:28+00:00,synthetic,0.1,4392,3.69,nfs,KEVa+WB,KEVa,WB,kev_a,4846.947391,2394.528361,nan,351,21.9375,24911,57815,76828,calib_c1 20261008-130316-m7-c1; i>=80 linear extrap,2400,20138
20261010-055332-d4-sim2,2026-10-10T05:56:28+00:00,synthetic,0.1,4392,3.69,nfs,KEVb+WB,KEVb,WB,kev_b,4757.193113,2304.774083,nan,351,21.9375,25377,57815,76362,calib_c1 20261008-130316-m7-c1; i>=80 linear extrap,2400,20138
20261010-055332-d4-sim2,2026-10-10T05:56:29+00:00,synthetic,0.1,4392,11.6,local,LRU+WT,LRU,WT,deferred,2930.363802,477.944773,nan,43924,2745.25,11124,57815,90615,calib_c1 20261008-130316-m7-c1; i>=80 linear extrap,2400,20138
20261010-055332-d4-sim2,2026-10-10T05:56:29+00:00,synthetic,0.1,4392,11.6,local,LRU+WB,LRU,WB,deferred,2930.363802,477.944773,nan,43524,2720.25,11124,57815,90615,calib_c1 20261008-130316-m7-c1; i>=80 linear extrap,2400,20138
20261010-055332-d4-sim2,2026-10-10T05:56:29+00:00,synthetic,0.1,4392,11.6,local,LRU+WB2,LRU,WB2,deferred,3711.496874,1259.077845,nan,17692,1105.75,11124,57815,90615,calib_c1 20261008-130316-m7-c1; i>=80 linear extrap,2400,20138
20261010-055332-d4-sim2,2026-10-10T05:56:29+00:00,synthetic,0.1,4392,11.6,local,LRU+H2,LRU,H2,deferred,3711.496874,1259.077845,nan,18042,1127.625,11124,57815,90615,calib_c1 20261008-130316-m7-c1; i>=80 linear extrap,2400,20138
20261010-055332-d4-sim2,2026-10-10T05:56:29+00:00,synthetic,0.1,4392,11.6,local,LRU+NONE,LRU,NONE,deferred,5410.169274,2957.750245,nan,0,0.0,11124,57815,90615,calib_c1 20261008-130316-m7-c1; i>=80 linear extrap,2400,20138
20261010-055332-d4-sim2,2026-10-10T05:56:29+00:00,synthetic,0.1,4392,11.6,local,2HIT+WT,2HIT,WT,deferred,2919.241796,466.822767,nan,43924,2745.25,14244,57815,43571,calib_c1 20261008-130316-m7-c1; i>=80 linear extrap,2400,20138
20261010-055332-d4-sim2,2026-10-10T05:56:29+00:00,synthetic,0.1,4392,11.6,local,2HIT+WB,2HIT,WB,deferred,2919.241796,466.822767,nan,43924,2745.25,14244,57815,43571,calib_c1 20261008-130316-m7-c1; i>=80 linear extrap,2400,20138
20261010-055332-d4-sim2,2026-10-10T05:56:29+00:00,synthetic,0.1,4392,11.6,local,2HIT+WB2,2HIT,WB2,deferred,3842.912064,1390.493035,nan,17531,1095.6875,14244,57815,43571,calib_c1 20261008-130316-m7-c1; i>=80 linear extrap,2400,20138
20261010-055332-d4-sim2,2026-10-10T05:56:29+00:00,synthetic,0.1,4392,11.6,local,2HIT+H2,2HIT,H2,deferred,3842.912064,1390.493035,nan,18042,1127.625,14244,57815,43571,calib_c1 20261008-130316-m7-c1; i>=80 linear extrap,2400,20138
20261010-055332-d4-sim2,2026-10-10T05:56:29+00:00,synthetic,0.1,4392,11.6,local,2HIT+NONE,2HIT,NONE,deferred,5296.163044,2843.744015,nan,0,0.0,14244,57815,43571,calib_c1 20261008-130316-m7-c1; i>=80 linear extrap,2400,20138
20261010-055332-d4-sim2,2026-10-10T05:56:29+00:00,synthetic,0.1,4392,11.6,local,SLRU+WT,SLRU,WT,deferred,2946.383769,493.96474,nan,43924,2745.25,6630,57815,95109,calib_c1 20261008-130316-m7-c1; i>=80 linear extrap,2400,20138
20261010-055332-d4-sim2,2026-10-10T05:56:29+00:00,synthetic,0.1,4392,11.6,local,SLRU+WB,SLRU,WB,deferred,2946.383769,493.96474,nan,42699,2668.6875,6630,57815,95109,calib_c1 20261008-130316-m7-c1; i>=80 linear extrap,2400,20138
20261010-055332-d4-sim2,2026-10-10T05:56:29+00:00,synthetic,0.1,4392,11.6,local,SLRU+WB2,SLRU,WB2,deferred,3826.360731,1373.941702,nan,16434,1027.125,6630,57815,95109,calib_c1 20261008-130316-m7-c1; i>=80 linear extrap,2400,20138
20261010-055332-d4-sim2,2026-10-10T05:56:29+00:00,synthetic,0.1,4392,11.6,local,SLRU+H2,SLRU,H2,deferred,3826.360731,1373.941702,nan,18042,1127.625,6630,57815,95109,calib_c1 20261008-130316-m7-c1; i>=80 linear extrap,2400,20138
20261010-055332-d4-sim2,2026-10-10T05:56:29+00:00,synthetic,0.1,4392,11.6,local,SLRU+NONE,SLRU,NONE,deferred,5832.282619,3379.863589,nan,0,0.0,6630,57815,95109,calib_c1 20261008-130316-m7-c1; i>=80 linear extrap,2400,20138
20261010-055332-d4-sim2,2026-10-10T05:56:29+00:00,synthetic,0.1,4392,11.6,local,ARC+WT,ARC,WT,deferred,2926.913128,474.494099,nan,43924,2745.25,12092,57815,89647,calib_c1 20261008-130316-m7-c1; i>=80 linear extrap,2400,20138
20261010-055332-d4-sim2,2026-10-10T05:56:29+00:00,synthetic,0.1,4392,11.6,local,ARC+WB,ARC,WB,deferred,2926.913128,474.494099,nan,43633,2727.0625,12092,57815,89647,calib_c1 20261008-130316-m7-c1; i>=80 linear extrap,2400,20138
20261010-055332-d4-sim2,2026-10-10T05:56:29+00:00,synthetic,0.1,4392,11.6,local,ARC+WB2,ARC,WB2,deferred,3811.0879,1358.668871,nan,17779,1111.1875,12092,57815,89647,calib_c1 20261008-130316-m7-c1; i>=80 linear extrap,2400,20138
20261010-055332-d4-sim2,2026-10-10T05:56:29+00:00,synthetic,0.1,4392,11.6,local,ARC+H2,ARC,H2,deferred,3811.0879,1358.668871,nan,18042,1127.625,12092,57815,89647,calib_c1 20261008-130316-m7-c1; i>=80 linear extrap,2400,20138
20261010-055332-d4-sim2,2026-10-10T05:56:29+00:00,synthetic,0.1,4392,11.6,local,ARC+NONE,ARC,NONE,deferred,5292.372885,2839.953856,nan,0,0.0,12092,57815,89647,calib_c1 20261008-130316-m7-c1; i>=80 linear extrap,2400,20138
20261010-055332-d4-sim2,2026-10-10T05:56:29+00:00,synthetic,0.1,4392,11.6,local,S3FIFO+WT,S3FIFO,WT,deferred,2914.42226,462.00323,nan,43924,2745.25,15596,57815,86143,calib_c1 20261008-130316-m7-c1; i>=80 linear extrap,2400,20138
20261010-055332-d4-sim2,2026-10-10T05:56:29+00:00,synthetic,0.1,4392,11.6,local,S3FIFO+WB,S3FIFO,WB,deferred,2914.42226,462.00323,nan,43736,2733.5,15596,57815,86143,calib_c1 20261008-130316-m7-c1; i>=80 linear extrap,2400,20138
20261010-055332-d4-sim2,2026-10-10T05:56:29+00:00,synthetic,0.1,4392,11.6,local,S3FIFO+WB2,S3FIFO,WB2,deferred,3810.849877,1358.430848,nan,17050,1065.625,15596,57815,86143,calib_c1 20261008-130316-m7-c1; i>=80 linear extrap,2400,20138
20261010-055332-d4-sim2,2026-10-10T05:56:29+00:00,synthetic,0.1,4392,11.6,local,S3FIFO+H2,S3FIFO,H2,deferred,3810.849877,1358.430848,nan,18042,1127.625,15596,57815,86143,calib_c1 20261008-130316-m7-c1; i>=80 linear extrap,2400,20138
20261010-055332-d4-sim2,2026-10-10T05:56:29+00:00,synthetic,0.1,4392,11.6,local,S3FIFO+NONE,S3FIFO,NONE,deferred,5030.411538,2577.992509,nan,0,0.0,15596,57815,86143,calib_c1 20261008-130316-m7-c1; i>=80 linear extrap,2400,20138
20261010-055332-d4-sim2,2026-10-10T05:56:29+00:00,synthetic,0.1,4392,11.6,local,WTPa+WBR,WTPa,WBR,wtp_a,2881.216654,428.797624,nan,16401,1025.0625,24911,57815,41613,calib_c1 20261008-130316-m7-c1; i>=80 linear extrap,2400,20138
20261010-055332-d4-sim2,2026-10-10T05:56:29+00:00,synthetic,0.1,4392,11.6,local,WTPa+WTR,WTPa,WTR,wtp_a,2881.216654,428.797624,nan,18042,1127.625,24911,57815,41613,calib_c1 20261008-130316-m7-c1; i>=80 linear extrap,2400,20138
20261010-055332-d4-sim2,2026-10-10T05:56:29+00:00,synthetic,0.1,4392,11.6,local,WTPb+WB,WTPb,WB,wtp_b,2889.796996,437.377967,nan,43468,2716.75,22504,57815,26309,calib_c1 20261008-130316-m7-c1; i>=80 linear extrap,2400,20138
20261010-055332-d4-sim2,2026-10-10T05:56:29+00:00,synthetic,0.1,4392,11.6,local,OPT-BELADY,BELADY,NEED,opt,2820.676578,368.257549,nan,11832,739.5,41894,57815,25291,calib_c1 20261008-130316-m7-c1; i>=80 linear extrap,2400,20138
20261010-055332-d4-sim2,2026-10-10T05:56:29+00:00,synthetic,0.1,4392,11.6,local,OPT-COST,COSTBELADY,NEED,opt,2822.373397,369.954368,nan,12002,750.125,41418,57815,25263,calib_c1 20261008-130316-m7-c1; i>=80 linear extrap,2400,20138
20261010-055332-d4-sim2,2026-10-10T05:56:29+00:00,synthetic,0.1,4392,11.6,local,KEVa+WBR,KEVa,WBR,kev_a,2881.216654,428.797624,nan,16401,1025.0625,24911,57815,76828,calib_c1 20261008-130316-m7-c1; i>=80 linear extrap,2400,20138
20261010-055332-d4-sim2,2026-10-10T05:56:29+00:00,synthetic,0.1,4392,11.6,local,KEVa+WB,KEVa,WB,kev_a,2881.216654,428.797624,nan,43486,2717.875,24911,57815,76828,calib_c1 20261008-130316-m7-c1; i>=80 linear extrap,2400,20138
20261010-055332-d4-sim2,2026-10-10T05:56:29+00:00,synthetic,0.1,4392,11.6,local,KEVb+WB,KEVb,WB,kev_b,2879.555482,427.136453,nan,43083,2692.6875,25377,57815,76362,calib_c1 20261008-130316-m7-c1; i>=80 linear extrap,2400,20138
20261010-055332-d4-sim2,2026-10-10T05:56:29+00:00,synthetic,0.1,4392,11.6,nfs,LRU+WT,LRU,WT,deferred,5344.578634,2892.159605,nan,352,22.0,11124,57815,90615,calib_c1 20261008-130316-m7-c1; i>=80 linear extrap,2400,20138
20261010-055332-d4-sim2,2026-10-10T05:56:29+00:00,synthetic,0.1,4392,11.6,nfs,LRU+WB,LRU,WB,deferred,5344.578634,2892.159605,nan,351,21.9375,11124,57815,90615,calib_c1 20261008-130316-m7-c1; i>=80 linear extrap,2400,20138
20261010-055332-d4-sim2,2026-10-10T05:56:29+00:00,synthetic,0.1,4392,11.6,nfs,LRU+WB2,LRU,WB2,deferred,5344.578634,2892.159605,nan,192,12.0,11124,57815,90615,calib_c1 20261008-130316-m7-c1; i>=80 linear extrap,2400,20138
20261010-055332-d4-sim2,2026-10-10T05:56:29+00:00,synthetic,0.1,4392,11.6,nfs,LRU+H2,LRU,H2,deferred,5344.578634,2892.159605,nan,192,12.0,11124,57815,90615,calib_c1 20261008-130316-m7-c1; i>=80 linear extrap,2400,20138
20261010-055332-d4-sim2,2026-10-10T05:56:29+00:00,synthetic,0.1,4392,11.6,nfs,LRU+NONE,LRU,NONE,deferred,5410.169274,2957.750245,nan,0,0.0,11124,57815,90615,calib_c1 20261008-130316-m7-c1; i>=80 linear extrap,2400,20138
20261010-055332-d4-sim2,2026-10-10T05:56:29+00:00,synthetic,0.1,4392,11.6,nfs,2HIT+WT,2HIT,WT,deferred,5214.174745,2761.755716,nan,352,22.0,14244,57815,43571,calib_c1 20261008-130316-m7-c1; i>=80 linear extrap,2400,20138
20261010-055332-d4-sim2,2026-10-10T05:56:29+00:00,synthetic,0.1,4392,11.6,nfs,2HIT+WB,2HIT,WB,deferred,5214.174745,2761.755716,nan,352,22.0,14244,57815,43571,calib_c1 20261008-130316-m7-c1; i>=80 linear extrap,2400,20138
20261010-055332-d4-sim2,2026-10-10T05:56:29+00:00,synthetic,0.1,4392,11.6,nfs,2HIT+WB2,2HIT,WB2,deferred,5230.572405,2778.153376,nan,192,12.0,14244,57815,43571,calib_c1 20261008-130316-m7-c1; i>=80 linear extrap,2400,20138
20261010-055332-d4-sim2,2026-10-10T05:56:29+00:00,synthetic,0.1,4392,11.6,nfs,2HIT+H2,2HIT,H2,deferred,5230.572405,2778.153376,nan,192,12.0,14244,57815,43571,calib_c1 20261008-130316-m7-c1; i>=80 linear extrap,2400,20138
20261010-055332-d4-sim2,2026-10-10T05:56:29+00:00,synthetic,0.1,4392,11.6,nfs,2HIT+NONE,2HIT,NONE,deferred,5296.163044,2843.744015,nan,0,0.0,14244,57815,43571,calib_c1 20261008-130316-m7-c1; i>=80 linear extrap,2400,20138
20261010-055332-d4-sim2,2026-10-10T05:56:29+00:00,synthetic,0.1,4392,11.6,nfs,SLRU+WT,SLRU,WT,deferred,5717.498999,3265.07997,nan,352,22.0,6630,57815,95109,calib_c1 20261008-130316-m7-c1; i>=80 linear extrap,2400,20138
20261010-055332-d4-sim2,2026-10-10T05:56:29+00:00,synthetic,0.1,4392,11.6,nfs,SLRU+WB,SLRU,WB,deferred,5717.498999,3265.07997,nan,352,22.0,6630,57815,95109,calib_c1 20261008-130316-m7-c1; i>=80 linear extrap,2400,20138
20261010-055332-d4-sim2,2026-10-10T05:56:29+00:00,synthetic,0.1,4392,11.6,nfs,SLRU+WB2,SLRU,WB2,deferred,5733.896659,3281.47763,nan,192,12.0,6630,57815,95109,calib_c1 20261008-130316-m7-c1; i>=80 linear extrap,2400,20138
20261010-055332-d4-sim2,2026-10-10T05:56:29+00:00,synthetic,0.1,4392,11.6,nfs,SLRU+H2,SLRU,H2,deferred,5733.896659,3281.47763,nan,192,12.0,6630,57815,95109,calib_c1 20261008-130316-m7-c1; i>=80 linear extrap,2400,20138
20261010-055332-d4-sim2,2026-10-10T05:56:29+00:00,synthetic,0.1,4392,11.6,nfs,SLRU+NONE,SLRU,NONE,deferred,5832.282619,3379.863589,nan,0,0.0,6630,57815,95109,calib_c1 20261008-130316-m7-c1; i>=80 linear extrap,2400,20138
20261010-055332-d4-sim2,2026-10-10T05:56:29+00:00,synthetic,0.1,4392,11.6,nfs,ARC+WT,ARC,WT,deferred,5256.430404,2804.011375,nan,352,22.0,12092,57815,89647,calib_c1 20261008-130316-m7-c1; i>=80 linear extrap,2400,20138
20261010-055332-d4-sim2,2026-10-10T05:56:29+00:00,synthetic,0.1,4392,11.6,nfs,ARC+WB,ARC,WB,deferred,5256.430404,2804.011375,nan,351,21.9375,12092,57815,89647,calib_c1 20261008-130316-m7-c1; i>=80 linear extrap,2400,20138
20261010-055332-d4-sim2,2026-10-10T05:56:29+00:00,synthetic,0.1,4392,11.6,nfs,ARC+WB2,ARC,WB2,deferred,5272.828064,2820.409035,nan,192,12.0,12092,57815,89647,calib_c1 20261008-130316-m7-c1; i>=80 linear extrap,2400,20138
20261010-055332-d4-sim2,2026-10-10T05:56:29+00:00,synthetic,0.1,4392,11.6,nfs,ARC+H2,ARC,H2,deferred,5272.828064,2820.409035,nan,192,12.0,12092,57815,89647,calib_c1 20261008-130316-m7-c1; i>=80 linear extrap,2400,20138
20261010-055332-d4-sim2,2026-10-10T05:56:29+00:00,synthetic,0.1,4392,11.6,nfs,ARC+NONE,ARC,NONE,deferred,5292.372885,2839.953856,nan,0,0.0,12092,57815,89647,calib_c1 20261008-130316-m7-c1; i>=80 linear extrap,2400,20138
20261010-055332-d4-sim2,2026-10-10T05:56:29+00:00,synthetic,0.1,4392,11.6,nfs,S3FIFO+WT,S3FIFO,WT,deferred,5014.013878,2561.594849,nan,352,22.0,15596,57815,86143,calib_c1 20261008-130316-m7-c1; i>=80 linear extrap,2400,20138
20261010-055332-d4-sim2,2026-10-10T05:56:29+00:00,synthetic,0.1,4392,11.6,nfs,S3FIFO+WB,S3FIFO,WB,deferred,5014.013878,2561.594849,nan,352,22.0,15596,57815,86143,calib_c1 20261008-130316-m7-c1; i>=80 linear extrap,2400,20138
20261010-055332-d4-sim2,2026-10-10T05:56:29+00:00,synthetic,0.1,4392,11.6,nfs,S3FIFO+WB2,S3FIFO,WB2,deferred,5030.411538,2577.992509,nan,0,0.0,15596,57815,86143,calib_c1 20261008-130316-m7-c1; i>=80 linear extrap,2400,20138
20261010-055332-d4-sim2,2026-10-10T05:56:29+00:00,synthetic,0.1,4392,11.6,nfs,S3FIFO+H2,S3FIFO,H2,deferred,5030.411538,2577.992509,nan,192,12.0,15596,57815,86143,calib_c1 20261008-130316-m7-c1; i>=80 linear extrap,2400,20138
20261010-055332-d4-sim2,2026-10-10T05:56:29+00:00,synthetic,0.1,4392,11.6,nfs,S3FIFO+NONE,S3FIFO,NONE,deferred,5030.411538,2577.992509,nan,0,0.0,15596,57815,86143,calib_c1 20261008-130316-m7-c1; i>=80 linear extrap,2400,20138
20261010-055332-d4-sim2,2026-10-10T05:56:29+00:00,synthetic,0.1,4392,11.6,nfs,WTPa+WBR,WTPa,WBR,wtp_a,4559.231859,2106.81283,nan,192,12.0,24911,57815,41613,calib_c1 20261008-130316-m7-c1; i>=80 linear extrap,2400,20138
20261010-055332-d4-sim2,2026-10-10T05:56:29+00:00,synthetic,0.1,4392,11.6,nfs,WTPa+WTR,WTPa,WTR,wtp_a,4559.231859,2106.81283,nan,192,12.0,24911,57815,41613,calib_c1 20261008-130316-m7-c1; i>=80 linear extrap,2400,20138
20261010-055332-d4-sim2,2026-10-10T05:56:29+00:00,synthetic,0.1,4392,11.6,nfs,WTPb+WB,WTPb,WB,wtp_b,4648.65573,2196.236701,nan,351,21.9375,22504,57815,26309,calib_c1 20261008-130316-m7-c1; i>=80 linear extrap,2400,20138
20261010-055332-d4-sim2,2026-10-10T05:56:29+00:00,synthetic,0.1,4392,11.6,nfs,OPT-BELADY,BELADY,NEED,opt,3612.020101,1159.601072,nan,29,1.8125,41894,57815,25291,calib_c1 20261008-130316-m7-c1; i>=80 linear extrap,2400,20138
20261010-055332-d4-sim2,2026-10-10T05:56:29+00:00,synthetic,0.1,4392,11.6,nfs,OPT-COST,COSTBELADY,NEED,opt,3508.156253,1055.737224,nan,0,0.0,40368,57815,25221,calib_c1 20261008-130316-m7-c1; i>=80 linear extrap,2400,20138
20261010-055332-d4-sim2,2026-10-10T05:56:29+00:00,synthetic,0.1,4392,11.6,nfs,KEVa+WBR,KEVa,WBR,kev_a,4559.231859,2106.81283,nan,192,12.0,24911,57815,76828,calib_c1 20261008-130316-m7-c1; i>=80 linear extrap,2400,20138
20261010-055332-d4-sim2,2026-10-10T05:56:29+00:00,synthetic,0.1,4392,11.6,nfs,KEVa+WB,KEVa,WB,kev_a,4559.231859,2106.81283,nan,351,21.9375,24911,57815,76828,calib_c1 20261008-130316-m7-c1; i>=80 linear extrap,2400,20138
20261010-055332-d4-sim2,2026-10-10T05:56:29+00:00,synthetic,0.1,4392,11.6,nfs,KEVb+WB,KEVb,WB,kev_b,4464.095403,2011.676374,nan,351,21.9375,25377,57815,76362,calib_c1 20261008-130316-m7-c1; i>=80 linear extrap,2400,20138
20261010-055332-d4-sim2,2026-10-10T05:56:30+00:00,synthetic,0.25,10981,3.69,local,LRU+WT,LRU,WT,deferred,2970.018033,517.599004,nan,43924,2745.25,33818,57815,67921,calib_c1 20261008-130316-m7-c1; i>=80 linear extrap,2400,20138
20261010-055332-d4-sim2,2026-10-10T05:56:30+00:00,synthetic,0.25,10981,3.69,local,LRU+WB,LRU,WB,deferred,3080.626151,628.207122,nan,41015,2563.4375,33818,57815,67921,calib_c1 20261008-130316-m7-c1; i>=80 linear extrap,2400,20138
20261010-055332-d4-sim2,2026-10-10T05:56:30+00:00,synthetic,0.25,10981,3.69,local,LRU+WB2,LRU,WB2,deferred,3680.233611,1227.814582,nan,14522,907.625,33818,57815,67921,calib_c1 20261008-130316-m7-c1; i>=80 linear extrap,2400,20138
20261010-055332-d4-sim2,2026-10-10T05:56:30+00:00,synthetic,0.25,10981,3.69,local,LRU+H2,LRU,H2,deferred,3559.109257,1106.690228,nan,18042,1127.625,33818,57815,67921,calib_c1 20261008-130316-m7-c1; i>=80 linear extrap,2400,20138
20261010-055332-d4-sim2,2026-10-10T05:56:30+00:00,synthetic,0.25,10981,3.69,local,LRU+NONE,LRU,NONE,deferred,4421.893559,1969.474529,nan,0,0.0,33818,57815,67921,calib_c1 20261008-130316-m7-c1; i>=80 linear extrap,2400,20138
20261010-055332-d4-sim2,2026-10-10T05:56:30+00:00,synthetic,0.25,10981,3.69,local,2HIT+WT,2HIT,WT,deferred,2970.018033,517.599004,nan,43924,2745.25,34158,57815,23657,calib_c1 20261008-130316-m7-c1; i>=80 linear extrap,2400,20138
20261010-055332-d4-sim2,2026-10-10T05:56:30+00:00,synthetic,0.25,10981,3.69,local,2HIT+WB,2HIT,WB,deferred,2970.018033,517.599004,nan,43924,2745.25,34158,57815,23657,calib_c1 20261008-130316-m7-c1; i>=80 linear extrap,2400,20138
20261010-055332-d4-sim2,2026-10-10T05:56:30+00:00,synthetic,0.25,10981,3.69,local,2HIT+WB2,2HIT,WB2,deferred,4113.56306,1661.14403,nan,11722,732.625,34158,57815,23657,calib_c1 20261008-130316-m7-c1; i>=80 linear extrap,2400,20138
20261010-055332-d4-sim2,2026-10-10T05:56:30+00:00,synthetic,0.25,10981,3.69,local,2HIT+H2,2HIT,H2,deferred,3893.688301,1441.269272,nan,18042,1127.625,34158,57815,23657,calib_c1 20261008-130316-m7-c1; i>=80 linear extrap,2400,20138
20261010-055332-d4-sim2,2026-10-10T05:56:30+00:00,synthetic,0.25,10981,3.69,local,2HIT+NONE,2HIT,NONE,deferred,4451.984526,1999.565497,nan,0,0.0,34158,57815,23657,calib_c1 20261008-130316-m7-c1; i>=80 linear extrap,2400,20138
20261010-055332-d4-sim2,2026-10-10T05:56:30+00:00,synthetic,0.25,10981,3.69,local,SLRU+WT,SLRU,WT,deferred,2970.018033,517.599004,nan,43924,2745.25,30919,57815,70820,calib_c1 20261008-130316-m7-c1; i>=80 linear extrap,2400,20138
20261010-055332-d4-sim2,2026-10-10T05:56:30+00:00,synthetic,0.25,10981,3.69,local,SLRU+WB,SLRU,WB,deferred,3104.53322,652.11419,nan,39300,2456.25,30919,57815,70820,calib_c1 20261008-130316-m7-c1; i>=80 linear extrap,2400,20138
20261010-055332-d4-sim2,2026-10-10T05:56:30+00:00,synthetic,0.25,10981,3.69,local,SLRU+WB2,SLRU,WB2,deferred,3800.833295,1348.414266,nan,11028,689.25,30919,57815,70820,calib_c1 20261008-130316-m7-c1; i>=80 linear extrap,2400,20138
20261010-055332-d4-sim2,2026-10-10T05:56:30+00:00,synthetic,0.25,10981,3.69,local,SLRU+H2,SLRU,H2,deferred,3643.297375,1190.878346,nan,18042,1127.625,30919,57815,70820,calib_c1 20261008-130316-m7-c1; i>=80 linear extrap,2400,20138
20261010-055332-d4-sim2,2026-10-10T05:56:30+00:00,synthetic,0.25,10981,3.69,local,SLRU+NONE,SLRU,NONE,deferred,4547.704517,2095.285488,nan,0,0.0,30919,57815,70820,calib_c1 20261008-130316-m7-c1; i>=80 linear extrap,2400,20138
20261010-055332-d4-sim2,2026-10-10T05:56:30+00:00,synthetic,0.25,10981,3.69,local,ARC+WT,ARC,WT,deferred,2970.018033,517.599004,nan,43924,2745.25,34975,57815,66764,calib_c1 20261008-130316-m7-c1; i>=80 linear extrap,2400,20138
20261010-055332-d4-sim2,2026-10-10T05:56:30+00:00,synthetic,0.25,10981,3.69,local,ARC+WB,ARC,WB,deferred,3072.257879,619.83885,nan,42615,2663.4375,34975,57815,66764,calib_c1 20261008-130316-m7-c1; i>=80 linear extrap,2400,20138
20261010-055332-d4-sim2,2026-10-10T05:56:30+00:00,synthetic,0.25,10981,3.69,local,ARC+WB2,ARC,WB2,deferred,3830.372561,1377.953532,nan,12751,796.9375,34975,57815,66764,calib_c1 20261008-130316-m7-c1; i>=80 linear extrap,2400,20138
20261010-055332-d4-sim2,2026-10-10T05:56:30+00:00,synthetic,0.25,10981,3.69,local,ARC+H2,ARC,H2,deferred,3665.618208,1213.199179,nan,18042,1127.625,34975,57815,66764,calib_c1 20261008-130316-m7-c1; i>=80 linear extrap,2400,20138
20261010-055332-d4-sim2,2026-10-10T05:56:30+00:00,synthetic,0.25,10981,3.69,local,ARC+NONE,ARC,NONE,deferred,4371.009365,1918.590336,nan,0,0.0,34975,57815,66764,calib_c1 20261008-130316-m7-c1; i>=80 linear extrap,2400,20138
20261010-055332-d4-sim2,2026-10-10T05:56:30+00:00,synthetic,0.25,10981,3.69,local,S3FIFO+WT,S3FIFO,WT,deferred,2970.018033,517.599004,nan,43924,2745.25,34657,57815,67082,calib_c1 20261008-130316-m7-c1; i>=80 linear extrap,2400,20138
20261010-055332-d4-sim2,2026-10-10T05:56:30+00:00,synthetic,0.25,10981,3.69,local,S3FIFO+WB,S3FIFO,WB,deferred,3059.801291,607.382262,nan,41875,2617.1875,34657,57815,67082,calib_c1 20261008-130316-m7-c1; i>=80 linear extrap,2400,20138
20261010-055332-d4-sim2,2026-10-10T05:56:30+00:00,synthetic,0.25,10981,3.69,local,S3FIFO+WB2,S3FIFO,WB2,deferred,3916.37377,1463.954741,nan,11910,744.375,34657,57815,67082,calib_c1 20261008-130316-m7-c1; i>=80 linear extrap,2400,20138
20261010-055332-d4-sim2,2026-10-10T05:56:30+00:00,synthetic,0.25,10981,3.69,local,S3FIFO+H2,S3FIFO,H2,deferred,3735.010632,1282.591603,nan,18042,1127.625,34657,57815,67082,calib_c1 20261008-130316-m7-c1; i>=80 linear extrap,2400,20138
20261010-055332-d4-sim2,2026-10-10T05:56:30+00:00,synthetic,0.25,10981,3.69,local,S3FIFO+NONE,S3FIFO,NONE,deferred,4455.690556,2003.271527,nan,0,0.0,34657,57815,67082,calib_c1 20261008-130316-m7-c1; i>=80 linear extrap,2400,20138
20261010-055332-d4-sim2,2026-10-10T05:56:30+00:00,synthetic,0.25,10981,3.69,local,WTPa+WBR,WTPa,WBR,wtp_a,3361.043124,908.624095,nan,2775,173.4375,55040,57815,20350,calib_c1 20261008-130316-m7-c1; i>=80 linear extrap,2400,20138
20261010-055332-d4-sim2,2026-10-10T05:56:30+00:00,synthetic,0.25,10981,3.69,local,WTPa+WTR,WTPa,WTR,wtp_a,2970.018033,517.599004,nan,18042,1127.625,55040,57815,20350,calib_c1 20261008-130316-m7-c1; i>=80 linear extrap,2400,20138
20261010-055332-d4-sim2,2026-10-10T05:56:30+00:00,synthetic,0.25,10981,3.69,local,WTPb+WB,WTPb,WB,wtp_b,3250.251351,797.832322,nan,35544,2221.5,41328,57815,14329,calib_c1 20261008-130316-m7-c1; i>=80 linear extrap,2400,20138
20261010-055332-d4-sim2,2026-10-10T05:56:30+00:00,synthetic,0.25,10981,3.69,local,OPT-BELADY,BELADY,NEED,opt,3418.798576,966.379547,nan,1612,100.75,56203,57815,18870,calib_c1 20261008-130316-m7-c1; i>=80 linear extrap,2400,20138
20261010-055332-d4-sim2,2026-10-10T05:56:30+00:00,synthetic,0.25,10981,3.69,local,OPT-COST,COSTBELADY,NEED,opt,2970.018033,517.599004,nan,18042,1127.625,0,57815,0,calib_c1 20261008-130316-m7-c1; i>=80 linear extrap,2400,20138
20261010-055332-d4-sim2,2026-10-10T05:56:30+00:00,synthetic,0.25,10981,3.69,local,KEVa+WBR,KEVa,WBR,kev_a,3361.043124,908.624095,nan,2775,173.4375,55040,57815,46699,calib_c1 20261008-130316-m7-c1; i>=80 linear extrap,2400,20138
20261010-055332-d4-sim2,2026-10-10T05:56:30+00:00,synthetic,0.25,10981,3.69,local,KEVa+WB,KEVa,WB,kev_a,3361.043124,908.624095,nan,34723,2170.1875,55040,57815,46699,calib_c1 20261008-130316-m7-c1; i>=80 linear extrap,2400,20138
20261010-055332-d4-sim2,2026-10-10T05:56:30+00:00,synthetic,0.25,10981,3.69,local,KEVb+WB,KEVb,WB,kev_b,3265.015602,812.596573,nan,36150,2259.375,43591,57815,58148,calib_c1 20261008-130316-m7-c1; i>=80 linear extrap,2400,20138
20261010-055332-d4-sim2,2026-10-10T05:56:30+00:00,synthetic,0.25,10981,3.69,nfs,LRU+WT,LRU,WT,deferred,4421.893559,1969.474529,nan,352,22.0,33818,57815,67921,calib_c1 20261008-130316-m7-c1; i>=80 linear extrap,2400,20138
20261010-055332-d4-sim2,2026-10-10T05:56:30+00:00,synthetic,0.25,10981,3.69,nfs,LRU+WB,LRU,WB,deferred,4421.893559,1969.474529,nan,157,9.8125,33818,57815,67921,calib_c1 20261008-130316-m7-c1; i>=80 linear extrap,2400,20138
20261010-055332-d4-sim2,2026-10-10T05:56:30+00:00,synthetic,0.25,10981,3.69,nfs,LRU+WB2,LRU,WB2,deferred,4421.893559,1969.474529,nan,0,0.0,33818,57815,67921,calib_c1 20261008-130316-m7-c1; i>=80 linear extrap,2400,20138
20261010-055332-d4-sim2,2026-10-10T05:56:30+00:00,synthetic,0.25,10981,3.69,nfs,LRU+H2,LRU,H2,deferred,4421.893559,1969.474529,nan,192,12.0,33818,57815,67921,calib_c1 20261008-130316-m7-c1; i>=80 linear extrap,2400,20138
20261010-055332-d4-sim2,2026-10-10T05:56:30+00:00,synthetic,0.25,10981,3.69,nfs,LRU+NONE,LRU,NONE,deferred,4421.893559,1969.474529,nan,0,0.0,33818,57815,67921,calib_c1 20261008-130316-m7-c1; i>=80 linear extrap,2400,20138
20261010-055332-d4-sim2,2026-10-10T05:56:30+00:00,synthetic,0.25,10981,3.69,nfs,2HIT+WT,2HIT,WT,deferred,4435.586866,1983.167837,nan,352,22.0,34158,57815,23657,calib_c1 20261008-130316-m7-c1; i>=80 linear extrap,2400,20138
20261010-055332-d4-sim2,2026-10-10T05:56:30+00:00,synthetic,0.25,10981,3.69,nfs,2HIT+WB,2HIT,WB,deferred,4435.586866,1983.167837,nan,352,22.0,34158,57815,23657,calib_c1 20261008-130316-m7-c1; i>=80 linear extrap,2400,20138
20261010-055332-d4-sim2,2026-10-10T05:56:30+00:00,synthetic,0.25,10981,3.69,nfs,2HIT+WB2,2HIT,WB2,deferred,4451.984526,1999.565497,nan,0,0.0,34158,57815,23657,calib_c1 20261008-130316-m7-c1; i>=80 linear extrap,2400,20138
20261010-055332-d4-sim2,2026-10-10T05:56:30+00:00,synthetic,0.25,10981,3.69,nfs,2HIT+H2,2HIT,H2,deferred,4451.984526,1999.565497,nan,192,12.0,34158,57815,23657,calib_c1 20261008-130316-m7-c1; i>=80 linear extrap,2400,20138
20261010-055332-d4-sim2,2026-10-10T05:56:30+00:00,synthetic,0.25,10981,3.69,nfs,2HIT+NONE,2HIT,NONE,deferred,4451.984526,1999.565497,nan,0,0.0,34158,57815,23657,calib_c1 20261008-130316-m7-c1; i>=80 linear extrap,2400,20138
20261010-055332-d4-sim2,2026-10-10T05:56:30+00:00,synthetic,0.25,10981,3.69,nfs,SLRU+WT,SLRU,WT,deferred,4547.704517,2095.285488,nan,352,22.0,30919,57815,70820,calib_c1 20261008-130316-m7-c1; i>=80 linear extrap,2400,20138
20261010-055332-d4-sim2,2026-10-10T05:56:30+00:00,synthetic,0.25,10981,3.69,nfs,SLRU+WB,SLRU,WB,deferred,4547.704517,2095.285488,nan,159,9.9375,30919,57815,70820,calib_c1 20261008-130316-m7-c1; i>=80 linear extrap,2400,20138
20261010-055332-d4-sim2,2026-10-10T05:56:30+00:00,synthetic,0.25,10981,3.69,nfs,SLRU+WB2,SLRU,WB2,deferred,4547.704517,2095.285488,nan,0,0.0,30919,57815,70820,calib_c1 20261008-130316-m7-c1; i>=80 linear extrap,2400,20138
20261010-055332-d4-sim2,2026-10-10T05:56:30+00:00,synthetic,0.25,10981,3.69,nfs,SLRU+H2,SLRU,H2,deferred,4547.704517,2095.285488,nan,192,12.0,30919,57815,70820,calib_c1 20261008-130316-m7-c1; i>=80 linear extrap,2400,20138
20261010-055332-d4-sim2,2026-10-10T05:56:30+00:00,synthetic,0.25,10981,3.69,nfs,SLRU+NONE,SLRU,NONE,deferred,4547.704517,2095.285488,nan,0,0.0,30919,57815,70820,calib_c1 20261008-130316-m7-c1; i>=80 linear extrap,2400,20138
20261010-055332-d4-sim2,2026-10-10T05:56:30+00:00,synthetic,0.25,10981,3.69,nfs,ARC+WT,ARC,WT,deferred,4371.009365,1918.590336,nan,352,22.0,34975,57815,66764,calib_c1 20261008-130316-m7-c1; i>=80 linear extrap,2400,20138
20261010-055332-d4-sim2,2026-10-10T05:56:30+00:00,synthetic,0.25,10981,3.69,nfs,ARC+WB,ARC,WB,deferred,4371.009365,1918.590336,nan,160,10.0,34975,57815,66764,calib_c1 20261008-130316-m7-c1; i>=80 linear extrap,2400,20138
20261010-055332-d4-sim2,2026-10-10T05:56:30+00:00,synthetic,0.25,10981,3.69,nfs,ARC+WB2,ARC,WB2,deferred,4371.009365,1918.590336,nan,0,0.0,34975,57815,66764,calib_c1 20261008-130316-m7-c1; i>=80 linear extrap,2400,20138
20261010-055332-d4-sim2,2026-10-10T05:56:30+00:00,synthetic,0.25,10981,3.69,nfs,ARC+H2,ARC,H2,deferred,4371.009365,1918.590336,nan,192,12.0,34975,57815,66764,calib_c1 20261008-130316-m7-c1; i>=80 linear extrap,2400,20138
20261010-055332-d4-sim2,2026-10-10T05:56:30+00:00,synthetic,0.25,10981,3.69,nfs,ARC+NONE,ARC,NONE,deferred,4371.009365,1918.590336,nan,0,0.0,34975,57815,66764,calib_c1 20261008-130316-m7-c1; i>=80 linear extrap,2400,20138
20261010-055332-d4-sim2,2026-10-10T05:56:30+00:00,synthetic,0.25,10981,3.69,nfs,S3FIFO+WT,S3FIFO,WT,deferred,4439.292896,1986.873867,nan,352,22.0,34657,57815,67082,calib_c1 20261008-130316-m7-c1; i>=80 linear extrap,2400,20138
20261010-055332-d4-sim2,2026-10-10T05:56:30+00:00,synthetic,0.25,10981,3.69,nfs,S3FIFO+WB,S3FIFO,WB,deferred,4439.292896,1986.873867,nan,350,21.875,34657,57815,67082,calib_c1 20261008-130316-m7-c1; i>=80 linear extrap,2400,20138
20261010-055332-d4-sim2,2026-10-10T05:56:30+00:00,synthetic,0.25,10981,3.69,nfs,S3FIFO+WB2,S3FIFO,WB2,deferred,4455.690556,2003.271527,nan,0,0.0,34657,57815,67082,calib_c1 20261008-130316-m7-c1; i>=80 linear extrap,2400,20138
20261010-055332-d4-sim2,2026-10-10T05:56:30+00:00,synthetic,0.25,10981,3.69,nfs,S3FIFO+H2,S3FIFO,H2,deferred,4455.690556,2003.271527,nan,192,12.0,34657,57815,67082,calib_c1 20261008-130316-m7-c1; i>=80 linear extrap,2400,20138
20261010-055332-d4-sim2,2026-10-10T05:56:30+00:00,synthetic,0.25,10981,3.69,nfs,S3FIFO+NONE,S3FIFO,NONE,deferred,4455.690556,2003.271527,nan,0,0.0,34657,57815,67082,calib_c1 20261008-130316-m7-c1; i>=80 linear extrap,2400,20138
20261010-055332-d4-sim2,2026-10-10T05:56:30+00:00,synthetic,0.25,10981,3.69,nfs,WTPa+WBR,WTPa,WBR,wtp_a,3551.174319,1098.75529,nan,0,0.0,55040,57815,20350,calib_c1 20261008-130316-m7-c1; i>=80 linear extrap,2400,20138
20261010-055332-d4-sim2,2026-10-10T05:56:30+00:00,synthetic,0.25,10981,3.69,nfs,WTPa+WTR,WTPa,WTR,wtp_a,3551.174319,1098.75529,nan,192,12.0,55040,57815,20350,calib_c1 20261008-130316-m7-c1; i>=80 linear extrap,2400,20138
20261010-055332-d4-sim2,2026-10-10T05:56:30+00:00,synthetic,0.25,10981,3.69,nfs,WTPb+WB,WTPb,WB,wtp_b,4111.567026,1659.147997,nan,154,9.625,41328,57815,14329,calib_c1 20261008-130316-m7-c1; i>=80 linear extrap,2400,20138
20261010-055332-d4-sim2,2026-10-10T05:56:30+00:00,synthetic,0.25,10981,3.69,nfs,OPT-BELADY,BELADY,NEED,opt,3495.176005,1042.756976,nan,0,0.0,56203,57815,18870,calib_c1 20261008-130316-m7-c1; i>=80 linear extrap,2400,20138
20261010-055332-d4-sim2,2026-10-10T05:56:30+00:00,synthetic,0.25,10981,3.69,nfs,OPT-COST,COSTBELADY,NEED,opt,3475.60439,1023.185361,nan,0,0.0,55675,57815,19299,calib_c1 20261008-130316-m7-c1; i>=80 linear extrap,2400,20138
20261010-055332-d4-sim2,2026-10-10T05:56:30+00:00,synthetic,0.25,10981,3.69,nfs,KEVa+WBR,KEVa,WBR,kev_a,3551.174319,1098.75529,nan,0,0.0,55040,57815,46699,calib_c1 20261008-130316-m7-c1; i>=80 linear extrap,2400,20138
20261010-055332-d4-sim2,2026-10-10T05:56:30+00:00,synthetic,0.25,10981,3.69,nfs,KEVa+WB,KEVa,WB,kev_a,3551.174319,1098.75529,nan,157,9.8125,55040,57815,46699,calib_c1 20261008-130316-m7-c1; i>=80 linear extrap,2400,20138
20261010-055332-d4-sim2,2026-10-10T05:56:30+00:00,synthetic,0.25,10981,3.69,nfs,KEVb+WB,KEVb,WB,kev_b,4036.320374,1583.901345,nan,151,9.4375,43591,57815,58148,calib_c1 20261008-130316-m7-c1; i>=80 linear extrap,2400,20138
20261010-055332-d4-sim2,2026-10-10T05:56:31+00:00,synthetic,0.25,10981,11.6,local,LRU+WT,LRU,WT,deferred,2849.465464,397.046435,nan,43924,2745.25,33818,57815,67921,calib_c1 20261008-130316-m7-c1; i>=80 linear extrap,2400,20138
20261010-055332-d4-sim2,2026-10-10T05:56:31+00:00,synthetic,0.25,10981,11.6,local,LRU+WB,LRU,WB,deferred,2849.465464,397.046435,nan,41015,2563.4375,33818,57815,67921,calib_c1 20261008-130316-m7-c1; i>=80 linear extrap,2400,20138
20261010-055332-d4-sim2,2026-10-10T05:56:31+00:00,synthetic,0.25,10981,11.6,local,LRU+WB2,LRU,WB2,deferred,3381.3522,928.933171,nan,14522,907.625,33818,57815,67921,calib_c1 20261008-130316-m7-c1; i>=80 linear extrap,2400,20138
20261010-055332-d4-sim2,2026-10-10T05:56:31+00:00,synthetic,0.25,10981,11.6,local,LRU+H2,LRU,H2,deferred,3381.3522,928.933171,nan,18042,1127.625,33818,57815,67921,calib_c1 20261008-130316-m7-c1; i>=80 linear extrap,2400,20138
20261010-055332-d4-sim2,2026-10-10T05:56:31+00:00,synthetic,0.25,10981,11.6,local,LRU+NONE,LRU,NONE,deferred,4031.304507,1578.885478,nan,0,0.0,33818,57815,67921,calib_c1 20261008-130316-m7-c1; i>=80 linear extrap,2400,20138
20261010-055332-d4-sim2,2026-10-10T05:56:31+00:00,synthetic,0.25,10981,11.6,local,2HIT+WT,2HIT,WT,deferred,2848.25345,395.834421,nan,43924,2745.25,34158,57815,23657,calib_c1 20261008-130316-m7-c1; i>=80 linear extrap,2400,20138
20261010-055332-d4-sim2,2026-10-10T05:56:31+00:00,synthetic,0.25,10981,11.6,local,2HIT+WB,2HIT,WB,deferred,2848.25345,395.834421,nan,43924,2745.25,34158,57815,23657,calib_c1 20261008-130316-m7-c1; i>=80 linear extrap,2400,20138
20261010-055332-d4-sim2,2026-10-10T05:56:31+00:00,synthetic,0.25,10981,11.6,local,2HIT+WB2,2HIT,WB2,deferred,3771.923719,1319.50469,nan,11722,732.625,34158,57815,23657,calib_c1 20261008-130316-m7-c1; i>=80 linear extrap,2400,20138
20261010-055332-d4-sim2,2026-10-10T05:56:31+00:00,synthetic,0.25,10981,11.6,local,2HIT+H2,2HIT,H2,deferred,3771.923719,1319.50469,nan,18042,1127.625,34158,57815,23657,calib_c1 20261008-130316-m7-c1; i>=80 linear extrap,2400,20138
20261010-055332-d4-sim2,2026-10-10T05:56:31+00:00,synthetic,0.25,10981,11.6,local,2HIT+NONE,2HIT,NONE,deferred,4057.468564,1605.049535,nan,0,0.0,34158,57815,23657,calib_c1 20261008-130316-m7-c1; i>=80 linear extrap,2400,20138
20261010-055332-d4-sim2,2026-10-10T05:56:31+00:00,synthetic,0.25,10981,11.6,local,SLRU+WT,SLRU,WT,deferred,2859.799662,407.380632,nan,43924,2745.25,30919,57815,70820,calib_c1 20261008-130316-m7-c1; i>=80 linear extrap,2400,20138
20261010-055332-d4-sim2,2026-10-10T05:56:31+00:00,synthetic,0.25,10981,11.6,local,SLRU+WB,SLRU,WB,deferred,2859.799662,407.380632,nan,39300,2456.25,30919,57815,70820,calib_c1 20261008-130316-m7-c1; i>=80 linear extrap,2400,20138
20261010-055332-d4-sim2,2026-10-10T05:56:31+00:00,synthetic,0.25,10981,11.6,local,SLRU+WB2,SLRU,WB2,deferred,3492.115991,1039.696962,nan,11028,689.25,30919,57815,70820,calib_c1 20261008-130316-m7-c1; i>=80 linear extrap,2400,20138
20261010-055332-d4-sim2,2026-10-10T05:56:31+00:00,synthetic,0.25,10981,11.6,local,SLRU+H2,SLRU,H2,deferred,3492.115991,1039.696962,nan,18042,1127.625,30919,57815,70820,calib_c1 20261008-130316-m7-c1; i>=80 linear extrap,2400,20138
20261010-055332-d4-sim2,2026-10-10T05:56:31+00:00,synthetic,0.25,10981,11.6,local,SLRU+NONE,SLRU,NONE,deferred,4190.598157,1738.179128,nan,0,0.0,30919,57815,70820,calib_c1 20261008-130316-m7-c1; i>=80 linear extrap,2400,20138
20261010-055332-d4-sim2,2026-10-10T05:56:31+00:00,synthetic,0.25,10981,11.6,local,ARC+WT,ARC,WT,deferred,2845.341053,392.922024,nan,43924,2745.25,34975,57815,66764,calib_c1 20261008-130316-m7-c1; i>=80 linear extrap,2400,20138
20261010-055332-d4-sim2,2026-10-10T05:56:31+00:00,synthetic,0.25,10981,11.6,local,ARC+WB,ARC,WB,deferred,2845.341053,392.922024,nan,42615,2663.4375,34975,57815,66764,calib_c1 20261008-130316-m7-c1; i>=80 linear extrap,2400,20138
20261010-055332-d4-sim2,2026-10-10T05:56:31+00:00,synthetic,0.25,10981,11.6,local,ARC+WB2,ARC,WB2,deferred,3504.896971,1052.477942,nan,12751,796.9375,34975,57815,66764,calib_c1 20261008-130316-m7-c1; i>=80 linear extrap,2400,20138
20261010-055332-d4-sim2,2026-10-10T05:56:31+00:00,synthetic,0.25,10981,11.6,local,ARC+H2,ARC,H2,deferred,3504.896971,1052.477942,nan,18042,1127.625,34975,57815,66764,calib_c1 20261008-130316-m7-c1; i>=80 linear extrap,2400,20138
20261010-055332-d4-sim2,2026-10-10T05:56:31+00:00,synthetic,0.25,10981,11.6,local,ARC+NONE,ARC,NONE,deferred,3967.057267,1514.638238,nan,0,0.0,34975,57815,66764,calib_c1 20261008-130316-m7-c1; i>=80 linear extrap,2400,20138
20261010-055332-d4-sim2,2026-10-10T05:56:31+00:00,synthetic,0.25,10981,11.6,local,S3FIFO+WT,S3FIFO,WT,deferred,2846.474642,394.055613,nan,43924,2745.25,34657,57815,67082,calib_c1 20261008-130316-m7-c1; i>=80 linear extrap,2400,20138
20261010-055332-d4-sim2,2026-10-10T05:56:31+00:00,synthetic,0.25,10981,11.6,local,S3FIFO+WB,S3FIFO,WB,deferred,2846.474642,394.055613,nan,41875,2617.1875,34657,57815,67082,calib_c1 20261008-130316-m7-c1; i>=80 linear extrap,2400,20138
20261010-055332-d4-sim2,2026-10-10T05:56:31+00:00,synthetic,0.25,10981,11.6,local,S3FIFO+WB2,S3FIFO,WB2,deferred,3579.08011,1126.661081,nan,11910,744.375,34657,57815,67082,calib_c1 20261008-130316-m7-c1; i>=80 linear extrap,2400,20138
20261010-055332-d4-sim2,2026-10-10T05:56:31+00:00,synthetic,0.25,10981,11.6,local,S3FIFO+H2,S3FIFO,H2,deferred,3579.08011,1126.661081,nan,18042,1127.625,34657,57815,67082,calib_c1 20261008-130316-m7-c1; i>=80 linear extrap,2400,20138
20261010-055332-d4-sim2,2026-10-10T05:56:31+00:00,synthetic,0.25,10981,11.6,local,S3FIFO+NONE,S3FIFO,NONE,deferred,4055.411274,1602.992245,nan,0,0.0,34657,57815,67082,calib_c1 20261008-130316-m7-c1; i>=80 linear extrap,2400,20138
20261010-055332-d4-sim2,2026-10-10T05:56:31+00:00,synthetic,0.25,10981,11.6,local,WTPa+WBR,WTPa,WBR,wtp_a,2773.814431,321.395402,nan,2775,173.4375,55040,57815,20350,calib_c1 20261008-130316-m7-c1; i>=80 linear extrap,2400,20138
20261010-055332-d4-sim2,2026-10-10T05:56:31+00:00,synthetic,0.25,10981,11.6,local,WTPa+WTR,WTPa,WTR,wtp_a,2773.814431,321.395402,nan,18042,1127.625,55040,57815,20350,calib_c1 20261008-130316-m7-c1; i>=80 linear extrap,2400,20138
20261010-055332-d4-sim2,2026-10-10T05:56:31+00:00,synthetic,0.25,10981,11.6,local,WTPb+WB,WTPb,WB,wtp_b,2822.694224,370.275195,nan,35544,2221.5,41328,57815,14329,calib_c1 20261008-130316-m7-c1; i>=80 linear extrap,2400,20138
20261010-055332-d4-sim2,2026-10-10T05:56:31+00:00,synthetic,0.25,10981,11.6,local,OPT-BELADY,BELADY,NEED,opt,2769.668632,317.249603,nan,1612,100.75,56203,57815,18870,calib_c1 20261008-130316-m7-c1; i>=80 linear extrap,2400,20138
20261010-055332-d4-sim2,2026-10-10T05:56:31+00:00,synthetic,0.25,10981,11.6,local,OPT-COST,COSTBELADY,NEED,opt,2771.219296,318.800267,nan,2047,127.9375,55768,57815,19077,calib_c1 20261008-130316-m7-c1; i>=80 linear extrap,2400,20138
20261010-055332-d4-sim2,2026-10-10T05:56:31+00:00,synthetic,0.25,10981,11.6,local,KEVa+WBR,KEVa,WBR,kev_a,2773.814431,321.395402,nan,2775,173.4375,55040,57815,46699,calib_c1 20261008-130316-m7-c1; i>=80 linear extrap,2400,20138
20261010-055332-d4-sim2,2026-10-10T05:56:31+00:00,synthetic,0.25,10981,11.6,local,KEVa+WB,KEVa,WB,kev_a,2773.814431,321.395402,nan,34723,2170.1875,55040,57815,46699,calib_c1 20261008-130316-m7-c1; i>=80 linear extrap,2400,20138
20261010-055332-d4-sim2,2026-10-10T05:56:31+00:00,synthetic,0.25,10981,11.6,local,KEVb+WB,KEVb,WB,kev_b,2814.627204,362.208175,nan,36150,2259.375,43591,57815,58148,calib_c1 20261008-130316-m7-c1; i>=80 linear extrap,2400,20138
20261010-055332-d4-sim2,2026-10-10T05:56:31+00:00,synthetic,0.25,10981,11.6,nfs,LRU+WT,LRU,WT,deferred,4031.304507,1578.885478,nan,352,22.0,33818,57815,67921,calib_c1 20261008-130316-m7-c1; i>=80 linear extrap,2400,20138
20261010-055332-d4-sim2,2026-10-10T05:56:31+00:00,synthetic,0.25,10981,11.6,nfs,LRU+WB,LRU,WB,deferred,4031.304507,1578.885478,nan,157,9.8125,33818,57815,67921,calib_c1 20261008-130316-m7-c1; i>=80 linear extrap,2400,20138
20261010-055332-d4-sim2,2026-10-10T05:56:31+00:00,synthetic,0.25,10981,11.6,nfs,LRU+WB2,LRU,WB2,deferred,4031.304507,1578.885478,nan,0,0.0,33818,57815,67921,calib_c1 20261008-130316-m7-c1; i>=80 linear extrap,2400,20138
20261010-055332-d4-sim2,2026-10-10T05:56:31+00:00,synthetic,0.25,10981,11.6,nfs,LRU+H2,LRU,H2,deferred,4031.304507,1578.885478,nan,192,12.0,33818,57815,67921,calib_c1 20261008-130316-m7-c1; i>=80 linear extrap,2400,20138
20261010-055332-d4-sim2,2026-10-10T05:56:31+00:00,synthetic,0.25,10981,11.6,nfs,LRU+NONE,LRU,NONE,deferred,4031.304507,1578.885478,nan,0,0.0,33818,57815,67921,calib_c1 20261008-130316-m7-c1; i>=80 linear extrap,2400,20138
20261010-055332-d4-sim2,2026-10-10T05:56:31+00:00,synthetic,0.25,10981,11.6,nfs,2HIT+WT,2HIT,WT,deferred,4041.070904,1588.651875,nan,352,22.0,34158,57815,23657,calib_c1 20261008-130316-m7-c1; i>=80 linear extrap,2400,20138
20261010-055332-d4-sim2,2026-10-10T05:56:31+00:00,synthetic,0.25,10981,11.6,nfs,2HIT+WB,2HIT,WB,deferred,4041.070904,1588.651875,nan,352,22.0,34158,57815,23657,calib_c1 20261008-130316-m7-c1; i>=80 linear extrap,2400,20138
20261010-055332-d4-sim2,2026-10-10T05:56:31+00:00,synthetic,0.25,10981,11.6,nfs,2HIT+WB2,2HIT,WB2,deferred,4057.468564,1605.049535,nan,0,0.0,34158,57815,23657,calib_c1 20261008-130316-m7-c1; i>=80 linear extrap,2400,20138
20261010-055332-d4-sim2,2026-10-10T05:56:31+00:00,synthetic,0.25,10981,11.6,nfs,2HIT+H2,2HIT,H2,deferred,4057.468564,1605.049535,nan,192,12.0,34158,57815,23657,calib_c1 20261008-130316-m7-c1; i>=80 linear extrap,2400,20138
20261010-055332-d4-sim2,2026-10-10T05:56:31+00:00,synthetic,0.25,10981,11.6,nfs,2HIT+NONE,2HIT,NONE,deferred,4057.468564,1605.049535,nan,0,0.0,34158,57815,23657,calib_c1 20261008-130316-m7-c1; i>=80 linear extrap,2400,20138
20261010-055332-d4-sim2,2026-10-10T05:56:31+00:00,synthetic,0.25,10981,11.6,nfs,SLRU+WT,SLRU,WT,deferred,4190.598157,1738.179128,nan,352,22.0,30919,57815,70820,calib_c1 20261008-130316-m7-c1; i>=80 linear extrap,2400,20138
20261010-055332-d4-sim2,2026-10-10T05:56:31+00:00,synthetic,0.25,10981,11.6,nfs,SLRU+WB,SLRU,WB,deferred,4190.598157,1738.179128,nan,159,9.9375,30919,57815,70820,calib_c1 20261008-130316-m7-c1; i>=80 linear extrap,2400,20138
20261010-055332-d4-sim2,2026-10-10T05:56:31+00:00,synthetic,0.25,10981,11.6,nfs,SLRU+WB2,SLRU,WB2,deferred,4190.598157,1738.179128,nan,0,0.0,30919,57815,70820,calib_c1 20261008-130316-m7-c1; i>=80 linear extrap,2400,20138
20261010-055332-d4-sim2,2026-10-10T05:56:31+00:00,synthetic,0.25,10981,11.6,nfs,SLRU+H2,SLRU,H2,deferred,4190.598157,1738.179128,nan,192,12.0,30919,57815,70820,calib_c1 20261008-130316-m7-c1; i>=80 linear extrap,2400,20138
20261010-055332-d4-sim2,2026-10-10T05:56:31+00:00,synthetic,0.25,10981,11.6,nfs,SLRU+NONE,SLRU,NONE,deferred,4190.598157,1738.179128,nan,0,0.0,30919,57815,70820,calib_c1 20261008-130316-m7-c1; i>=80 linear extrap,2400,20138
20261010-055332-d4-sim2,2026-10-10T05:56:31+00:00,synthetic,0.25,10981,11.6,nfs,ARC+WT,ARC,WT,deferred,3967.057267,1514.638238,nan,352,22.0,34975,57815,66764,calib_c1 20261008-130316-m7-c1; i>=80 linear extrap,2400,20138
20261010-055332-d4-sim2,2026-10-10T05:56:31+00:00,synthetic,0.25,10981,11.6,nfs,ARC+WB,ARC,WB,deferred,3967.057267,1514.638238,nan,160,10.0,34975,57815,66764,calib_c1 20261008-130316-m7-c1; i>=80 linear extrap,2400,20138
20261010-055332-d4-sim2,2026-10-10T05:56:31+00:00,synthetic,0.25,10981,11.6,nfs,ARC+WB2,ARC,WB2,deferred,3967.057267,1514.638238,nan,0,0.0,34975,57815,66764,calib_c1 20261008-130316-m7-c1; i>=80 linear extrap,2400,20138
20261010-055332-d4-sim2,2026-10-10T05:56:31+00:00,synthetic,0.25,10981,11.6,nfs,ARC+H2,ARC,H2,deferred,3967.057267,1514.638238,nan,192,12.0,34975,57815,66764,calib_c1 20261008-130316-m7-c1; i>=80 linear extrap,2400,20138
20261010-055332-d4-sim2,2026-10-10T05:56:31+00:00,synthetic,0.25,10981,11.6,nfs,ARC+NONE,ARC,NONE,deferred,3967.057267,1514.638238,nan,0,0.0,34975,57815,66764,calib_c1 20261008-130316-m7-c1; i>=80 linear extrap,2400,20138
20261010-055332-d4-sim2,2026-10-10T05:56:31+00:00,synthetic,0.25,10981,11.6,nfs,S3FIFO+WT,S3FIFO,WT,deferred,4039.013615,1586.594586,nan,352,22.0,34657,57815,67082,calib_c1 20261008-130316-m7-c1; i>=80 linear extrap,2400,20138
20261010-055332-d4-sim2,2026-10-10T05:56:31+00:00,synthetic,0.25,10981,11.6,nfs,S3FIFO+WB,S3FIFO,WB,deferred,4039.013615,1586.594586,nan,350,21.875,34657,57815,67082,calib_c1 20261008-130316-m7-c1; i>=80 linear extrap,2400,20138
20261010-055332-d4-sim2,2026-10-10T05:56:31+00:00,synthetic,0.25,10981,11.6,nfs,S3FIFO+WB2,S3FIFO,WB2,deferred,4055.411274,1602.992245,nan,0,0.0,34657,57815,67082,calib_c1 20261008-130316-m7-c1; i>=80 linear extrap,2400,20138
20261010-055332-d4-sim2,2026-10-10T05:56:31+00:00,synthetic,0.25,10981,11.6,nfs,S3FIFO+H2,S3FIFO,H2,deferred,4055.411274,1602.992245,nan,192,12.0,34657,57815,67082,calib_c1 20261008-130316-m7-c1; i>=80 linear extrap,2400,20138
20261010-055332-d4-sim2,2026-10-10T05:56:31+00:00,synthetic,0.25,10981,11.6,nfs,S3FIFO+NONE,S3FIFO,NONE,deferred,4055.411274,1602.992245,nan,0,0.0,34657,57815,67082,calib_c1 20261008-130316-m7-c1; i>=80 linear extrap,2400,20138
20261010-055332-d4-sim2,2026-10-10T05:56:31+00:00,synthetic,0.25,10981,11.6,nfs,WTPa+WBR,WTPa,WBR,wtp_a,2915.47672,463.057691,nan,0,0.0,55040,57815,20350,calib_c1 20261008-130316-m7-c1; i>=80 linear extrap,2400,20138
20261010-055332-d4-sim2,2026-10-10T05:56:31+00:00,synthetic,0.25,10981,11.6,nfs,WTPa+WTR,WTPa,WTR,wtp_a,2915.47672,463.057691,nan,192,12.0,55040,57815,20350,calib_c1 20261008-130316-m7-c1; i>=80 linear extrap,2400,20138
20261010-055332-d4-sim2,2026-10-10T05:56:31+00:00,synthetic,0.25,10981,11.6,nfs,WTPb+WB,WTPb,WB,wtp_b,3634.23944,1181.82041,nan,154,9.625,41328,57815,14329,calib_c1 20261008-130316-m7-c1; i>=80 linear extrap,2400,20138
20261010-055332-d4-sim2,2026-10-10T05:56:31+00:00,synthetic,0.25,10981,11.6,nfs,OPT-BELADY,BELADY,NEED,opt,2846.046061,393.627032,nan,0,0.0,56203,57815,18870,calib_c1 20261008-130316-m7-c1; i>=80 linear extrap,2400,20138
20261010-055332-d4-sim2,2026-10-10T05:56:31+00:00,synthetic,0.25,10981,11.6,nfs,OPT-COST,COSTBELADY,NEED,opt,2836.090151,383.671122,nan,0,0.0,55743,57815,19220,calib_c1 20261008-130316-m7-c1; i>=80 linear extrap,2400,20138
20261010-055332-d4-sim2,2026-10-10T05:56:31+00:00,synthetic,0.25,10981,11.6,nfs,KEVa+WBR,KEVa,WBR,kev_a,2915.47672,463.057691,nan,0,0.0,55040,57815,46699,calib_c1 20261008-130316-m7-c1; i>=80 linear extrap,2400,20138
20261010-055332-d4-sim2,2026-10-10T05:56:31+00:00,synthetic,0.25,10981,11.6,nfs,KEVa+WB,KEVa,WB,kev_a,2915.47672,463.057691,nan,157,9.8125,55040,57815,46699,calib_c1 20261008-130316-m7-c1; i>=80 linear extrap,2400,20138
20261010-055332-d4-sim2,2026-10-10T05:56:31+00:00,synthetic,0.25,10981,11.6,nfs,KEVb+WB,KEVb,WB,kev_b,3532.85573,1080.436701,nan,151,9.4375,43591,57815,58148,calib_c1 20261008-130316-m7-c1; i>=80 linear extrap,2400,20138
20261010-055332-d4-sim2,2026-10-10T05:56:32+00:00,synthetic,0.5,21962,3.69,local,LRU+WT,LRU,WT,deferred,2970.018033,517.599004,nan,43924,2745.25,51563,57815,50176,calib_c1 20261008-130316-m7-c1; i>=80 linear extrap,2400,20138
20261010-055332-d4-sim2,2026-10-10T05:56:32+00:00,synthetic,0.5,21962,3.69,local,LRU+WB,LRU,WB,deferred,3288.98655,836.567521,nan,27960,1747.5,51563,57815,50176,calib_c1 20261008-130316-m7-c1; i>=80 linear extrap,2400,20138
20261010-055332-d4-sim2,2026-10-10T05:56:32+00:00,synthetic,0.5,21962,3.69,local,LRU+WB2,LRU,WB2,deferred,3565.52359,1113.104561,nan,4993,312.0625,51563,57815,50176,calib_c1 20261008-130316-m7-c1; i>=80 linear extrap,2400,20138
20261010-055332-d4-sim2,2026-10-10T05:56:32+00:00,synthetic,0.5,21962,3.69,local,LRU+H2,LRU,H2,deferred,3287.645845,835.226816,nan,18042,1127.625,51563,57815,50176,calib_c1 20261008-130316-m7-c1; i>=80 linear extrap,2400,20138
20261010-055332-d4-sim2,2026-10-10T05:56:32+00:00,synthetic,0.5,21962,3.69,local,LRU+NONE,LRU,NONE,deferred,3691.830578,1239.411549,nan,0,0.0,51563,57815,50176,calib_c1 20261008-130316-m7-c1; i>=80 linear extrap,2400,20138
20261010-055332-d4-sim2,2026-10-10T05:56:32+00:00,synthetic,0.5,21962,3.69,local,2HIT+WT,2HIT,WT,deferred,2970.018033,517.599004,nan,43924,2745.25,39773,57815,18042,calib_c1 20261008-130316-m7-c1; i>=80 linear extrap,2400,20138
20261010-055332-d4-sim2,2026-10-10T05:56:32+00:00,synthetic,0.5,21962,3.69,local,2HIT+WB,2HIT,WB,deferred,2970.018033,517.599004,nan,43924,2745.25,39773,57815,18042,calib_c1 20261008-130316-m7-c1; i>=80 linear extrap,2400,20138
20261010-055332-d4-sim2,2026-10-10T05:56:32+00:00,synthetic,0.5,21962,3.69,local,2HIT+WB2,2HIT,WB2,deferred,4211.275415,1758.856386,nan,0,0.0,39773,57815,18042,calib_c1 20261008-130316-m7-c1; i>=80 linear extrap,2400,20138
20261010-055332-d4-sim2,2026-10-10T05:56:32+00:00,synthetic,0.5,21962,3.69,local,2HIT+H2,2HIT,H2,deferred,3893.688301,1441.269272,nan,18042,1127.625,39773,57815,18042,calib_c1 20261008-130316-m7-c1; i>=80 linear extrap,2400,20138
20261010-055332-d4-sim2,2026-10-10T05:56:32+00:00,synthetic,0.5,21962,3.69,local,2HIT+NONE,2HIT,NONE,deferred,4211.275415,1758.856386,nan,0,0.0,39773,57815,18042,calib_c1 20261008-130316-m7-c1; i>=80 linear extrap,2400,20138
20261010-055332-d4-sim2,2026-10-10T05:56:32+00:00,synthetic,0.5,21962,3.69,local,SLRU+WT,SLRU,WT,deferred,2970.018033,517.599004,nan,43924,2745.25,52881,57815,48858,calib_c1 20261008-130316-m7-c1; i>=80 linear extrap,2400,20138
20261010-055332-d4-sim2,2026-10-10T05:56:32+00:00,synthetic,0.5,21962,3.69,local,SLRU+WB,SLRU,WB,deferred,3312.135044,859.716015,nan,26337,1646.0625,52881,57815,48858,calib_c1 20261008-130316-m7-c1; i>=80 linear extrap,2400,20138
20261010-055332-d4-sim2,2026-10-10T05:56:32+00:00,synthetic,0.5,21962,3.69,local,SLRU+WB2,SLRU,WB2,deferred,3624.830253,1172.411224,nan,559,34.9375,52881,57815,48858,calib_c1 20261008-130316-m7-c1; i>=80 linear extrap,2400,20138
20261010-055332-d4-sim2,2026-10-10T05:56:32+00:00,synthetic,0.5,21962,3.69,local,SLRU+H2,SLRU,H2,deferred,3310.317362,857.898333,nan,18042,1127.625,52881,57815,48858,calib_c1 20261008-130316-m7-c1; i>=80 linear extrap,2400,20138
20261010-055332-d4-sim2,2026-10-10T05:56:32+00:00,synthetic,0.5,21962,3.69,local,SLRU+NONE,SLRU,NONE,deferred,3638.187156,1185.768127,nan,0,0.0,52881,57815,48858,calib_c1 20261008-130316-m7-c1; i>=80 linear extrap,2400,20138
20261010-055332-d4-sim2,2026-10-10T05:56:32+00:00,synthetic,0.5,21962,3.69,local,ARC+WT,ARC,WT,deferred,2970.018033,517.599004,nan,43924,2745.25,53000,57815,48739,calib_c1 20261008-130316-m7-c1; i>=80 linear extrap,2400,20138
20261010-055332-d4-sim2,2026-10-10T05:56:32+00:00,synthetic,0.5,21962,3.69,local,ARC+WB,ARC,WB,deferred,3310.202676,857.783647,nan,26718,1669.875,53000,57815,48739,calib_c1 20261008-130316-m7-c1; i>=80 linear extrap,2400,20138
20261010-055332-d4-sim2,2026-10-10T05:56:32+00:00,synthetic,0.5,21962,3.69,local,ARC+WB2,ARC,WB2,deferred,3633.912338,1181.493309,nan,123,7.6875,53000,57815,48739,calib_c1 20261008-130316-m7-c1; i>=80 linear extrap,2400,20138
20261010-055332-d4-sim2,2026-10-10T05:56:32+00:00,synthetic,0.5,21962,3.69,local,ARC+H2,ARC,H2,deferred,3316.325224,863.906195,nan,18042,1127.625,53000,57815,48739,calib_c1 20261008-130316-m7-c1; i>=80 linear extrap,2400,20138
20261010-055332-d4-sim2,2026-10-10T05:56:32+00:00,synthetic,0.5,21962,3.69,local,ARC+NONE,ARC,NONE,deferred,3633.912338,1181.493309,nan,0,0.0,53000,57815,48739,calib_c1 20261008-130316-m7-c1; i>=80 linear extrap,2400,20138
20261010-055332-d4-sim2,2026-10-10T05:56:32+00:00,synthetic,0.5,21962,3.69,local,S3FIFO+WT,S3FIFO,WT,deferred,2970.018033,517.599004,nan,43924,2745.25,52999,57815,48740,calib_c1 20261008-130316-m7-c1; i>=80 linear extrap,2400,20138
20261010-055332-d4-sim2,2026-10-10T05:56:32+00:00,synthetic,0.5,21962,3.69,local,S3FIFO+WB,S3FIFO,WB,deferred,3310.194691,857.775662,nan,26778,1673.625,52999,57815,48740,calib_c1 20261008-130316-m7-c1; i>=80 linear extrap,2400,20138
20261010-055332-d4-sim2,2026-10-10T05:56:32+00:00,synthetic,0.5,21962,3.69,local,S3FIFO+WB2,S3FIFO,WB2,deferred,3633.930467,1181.511438,nan,0,0.0,52999,57815,48740,calib_c1 20261008-130316-m7-c1; i>=80 linear extrap,2400,20138
20261010-055332-d4-sim2,2026-10-10T05:56:32+00:00,synthetic,0.5,21962,3.69,local,S3FIFO+H2,S3FIFO,H2,deferred,3316.343354,863.924325,nan,18042,1127.625,52999,57815,48740,calib_c1 20261008-130316-m7-c1; i>=80 linear extrap,2400,20138
20261010-055332-d4-sim2,2026-10-10T05:56:32+00:00,synthetic,0.5,21962,3.69,local,S3FIFO+NONE,S3FIFO,NONE,deferred,3633.930467,1181.511438,nan,0,0.0,52999,57815,48740,calib_c1 20261008-130316-m7-c1; i>=80 linear extrap,2400,20138
20261010-055332-d4-sim2,2026-10-10T05:56:32+00:00,synthetic,0.5,21962,3.69,local,WTPa+WBR,WTPa,WBR,wtp_a,3431.670384,979.251355,nan,0,0.0,57815,57815,18042,calib_c1 20261008-130316-m7-c1; i>=80 linear extrap,2400,20138
20261010-055332-d4-sim2,2026-10-10T05:56:32+00:00,synthetic,0.5,21962,3.69,local,WTPa+WTR,WTPa,WTR,wtp_a,2970.018033,517.599004,nan,18042,1127.625,57815,57815,18042,calib_c1 20261008-130316-m7-c1; i>=80 linear extrap,2400,20138
20261010-055332-d4-sim2,2026-10-10T05:56:32+00:00,synthetic,0.5,21962,3.69,local,WTPb+WB,WTPb,WB,wtp_b,3274.701398,822.282369,nan,32693,2043.3125,42716,57815,13432,calib_c1 20261008-130316-m7-c1; i>=80 linear extrap,2400,20138
20261010-055332-d4-sim2,2026-10-10T05:56:32+00:00,synthetic,0.5,21962,3.69,local,OPT-BELADY,BELADY,NEED,opt,3431.670384,979.251355,nan,0,0.0,57815,57815,18042,calib_c1 20261008-130316-m7-c1; i>=80 linear extrap,2400,20138
20261010-055332-d4-sim2,2026-10-10T05:56:32+00:00,synthetic,0.5,21962,3.69,local,OPT-COST,COSTBELADY,NEED,opt,2970.018033,517.599004,nan,18042,1127.625,0,57815,0,calib_c1 20261008-130316-m7-c1; i>=80 linear extrap,2400,20138
20261010-055332-d4-sim2,2026-10-10T05:56:32+00:00,synthetic,0.5,21962,3.69,local,KEVa+WBR,KEVa,WBR,kev_a,3431.670384,979.251355,nan,0,0.0,57815,57815,43924,calib_c1 20261008-130316-m7-c1; i>=80 linear extrap,2400,20138
20261010-055332-d4-sim2,2026-10-10T05:56:32+00:00,synthetic,0.5,21962,3.69,local,KEVa+WB,KEVa,WB,kev_a,3431.670384,979.251355,nan,21962,1372.625,57815,57815,43924,calib_c1 20261008-130316-m7-c1; i>=80 linear extrap,2400,20138
20261010-055332-d4-sim2,2026-10-10T05:56:32+00:00,synthetic,0.5,21962,3.69,local,KEVb+WB,KEVb,WB,kev_b,3345.648058,893.229029,nan,27123,1695.1875,52646,57815,49093,calib_c1 20261008-130316-m7-c1; i>=80 linear extrap,2400,20138
20261010-055332-d4-sim2,2026-10-10T05:56:32+00:00,synthetic,0.5,21962,3.69,nfs,LRU+WT,LRU,WT,deferred,3691.830578,1239.411549,nan,352,22.0,51563,57815,50176,calib_c1 20261008-130316-m7-c1; i>=80 linear extrap,2400,20138
20261010-055332-d4-sim2,2026-10-10T05:56:32+00:00,synthetic,0.5,21962,3.69,nfs,LRU+WB,LRU,WB,deferred,3691.830578,1239.411549,nan,152,9.5,51563,57815,50176,calib_c1 20261008-130316-m7-c1; i>=80 linear extrap,2400,20138
20261010-055332-d4-sim2,2026-10-10T05:56:32+00:00,synthetic,0.5,21962,3.69,nfs,LRU+WB2,LRU,WB2,deferred,3691.830578,1239.411549,nan,0,0.0,51563,57815,50176,calib_c1 20261008-130316-m7-c1; i>=80 linear extrap,2400,20138
20261010-055332-d4-sim2,2026-10-10T05:56:32+00:00,synthetic,0.5,21962,3.69,nfs,LRU+H2,LRU,H2,deferred,3691.830578,1239.411549,nan,192,12.0,51563,57815,50176,calib_c1 20261008-130316-m7-c1; i>=80 linear extrap,2400,20138
20261010-055332-d4-sim2,2026-10-10T05:56:32+00:00,synthetic,0.5,21962,3.69,nfs,LRU+NONE,LRU,NONE,deferred,3691.830578,1239.411549,nan,0,0.0,51563,57815,50176,calib_c1 20261008-130316-m7-c1; i>=80 linear extrap,2400,20138
20261010-055332-d4-sim2,2026-10-10T05:56:32+00:00,synthetic,0.5,21962,3.69,nfs,2HIT+WT,2HIT,WT,deferred,4194.877755,1742.458726,nan,352,22.0,39773,57815,18042,calib_c1 20261008-130316-m7-c1; i>=80 linear extrap,2400,20138
20261010-055332-d4-sim2,2026-10-10T05:56:32+00:00,synthetic,0.5,21962,3.69,nfs,2HIT+WB,2HIT,WB,deferred,4194.877755,1742.458726,nan,352,22.0,39773,57815,18042,calib_c1 20261008-130316-m7-c1; i>=80 linear extrap,2400,20138
20261010-055332-d4-sim2,2026-10-10T05:56:32+00:00,synthetic,0.5,21962,3.69,nfs,2HIT+WB2,2HIT,WB2,deferred,4211.275415,1758.856386,nan,0,0.0,39773,57815,18042,calib_c1 20261008-130316-m7-c1; i>=80 linear extrap,2400,20138
20261010-055332-d4-sim2,2026-10-10T05:56:32+00:00,synthetic,0.5,21962,3.69,nfs,2HIT+H2,2HIT,H2,deferred,4211.275415,1758.856386,nan,192,12.0,39773,57815,18042,calib_c1 20261008-130316-m7-c1; i>=80 linear extrap,2400,20138
20261010-055332-d4-sim2,2026-10-10T05:56:32+00:00,synthetic,0.5,21962,3.69,nfs,2HIT+NONE,2HIT,NONE,deferred,4211.275415,1758.856386,nan,0,0.0,39773,57815,18042,calib_c1 20261008-130316-m7-c1; i>=80 linear extrap,2400,20138
20261010-055332-d4-sim2,2026-10-10T05:56:32+00:00,synthetic,0.5,21962,3.69,nfs,SLRU+WT,SLRU,WT,deferred,3638.187156,1185.768127,nan,352,22.0,52881,57815,48858,calib_c1 20261008-130316-m7-c1; i>=80 linear extrap,2400,20138
20261010-055332-d4-sim2,2026-10-10T05:56:32+00:00,synthetic,0.5,21962,3.69,nfs,SLRU+WB,SLRU,WB,deferred,3638.187156,1185.768127,nan,153,9.5625,52881,57815,48858,calib_c1 20261008-130316-m7-c1; i>=80 linear extrap,2400,20138
20261010-055332-d4-sim2,2026-10-10T05:56:32+00:00,synthetic,0.5,21962,3.69,nfs,SLRU+WB2,SLRU,WB2,deferred,3638.187156,1185.768127,nan,0,0.0,52881,57815,48858,calib_c1 20261008-130316-m7-c1; i>=80 linear extrap,2400,20138
20261010-055332-d4-sim2,2026-10-10T05:56:32+00:00,synthetic,0.5,21962,3.69,nfs,SLRU+H2,SLRU,H2,deferred,3638.187156,1185.768127,nan,192,12.0,52881,57815,48858,calib_c1 20261008-130316-m7-c1; i>=80 linear extrap,2400,20138
20261010-055332-d4-sim2,2026-10-10T05:56:32+00:00,synthetic,0.5,21962,3.69,nfs,SLRU+NONE,SLRU,NONE,deferred,3638.187156,1185.768127,nan,0,0.0,52881,57815,48858,calib_c1 20261008-130316-m7-c1; i>=80 linear extrap,2400,20138
20261010-055332-d4-sim2,2026-10-10T05:56:32+00:00,synthetic,0.5,21962,3.69,nfs,ARC+WT,ARC,WT,deferred,3633.912338,1181.493309,nan,352,22.0,53000,57815,48739,calib_c1 20261008-130316-m7-c1; i>=80 linear extrap,2400,20138
20261010-055332-d4-sim2,2026-10-10T05:56:32+00:00,synthetic,0.5,21962,3.69,nfs,ARC+WB,ARC,WB,deferred,3633.912338,1181.493309,nan,153,9.5625,53000,57815,48739,calib_c1 20261008-130316-m7-c1; i>=80 linear extrap,2400,20138
20261010-055332-d4-sim2,2026-10-10T05:56:32+00:00,synthetic,0.5,21962,3.69,nfs,ARC+WB2,ARC,WB2,deferred,3633.912338,1181.493309,nan,0,0.0,53000,57815,48739,calib_c1 20261008-130316-m7-c1; i>=80 linear extrap,2400,20138
20261010-055332-d4-sim2,2026-10-10T05:56:32+00:00,synthetic,0.5,21962,3.69,nfs,ARC+H2,ARC,H2,deferred,3633.912338,1181.493309,nan,192,12.0,53000,57815,48739,calib_c1 20261008-130316-m7-c1; i>=80 linear extrap,2400,20138
20261010-055332-d4-sim2,2026-10-10T05:56:32+00:00,synthetic,0.5,21962,3.69,nfs,ARC+NONE,ARC,NONE,deferred,3633.912338,1181.493309,nan,0,0.0,53000,57815,48739,calib_c1 20261008-130316-m7-c1; i>=80 linear extrap,2400,20138
20261010-055332-d4-sim2,2026-10-10T05:56:32+00:00,synthetic,0.5,21962,3.69,nfs,S3FIFO+WT,S3FIFO,WT,deferred,3633.930467,1181.511438,nan,352,22.0,52999,57815,48740,calib_c1 20261008-130316-m7-c1; i>=80 linear extrap,2400,20138
20261010-055332-d4-sim2,2026-10-10T05:56:32+00:00,synthetic,0.5,21962,3.69,nfs,S3FIFO+WB,S3FIFO,WB,deferred,3633.930467,1181.511438,nan,153,9.5625,52999,57815,48740,calib_c1 20261008-130316-m7-c1; i>=80 linear extrap,2400,20138
20261010-055332-d4-sim2,2026-10-10T05:56:32+00:00,synthetic,0.5,21962,3.69,nfs,S3FIFO+WB2,S3FIFO,WB2,deferred,3633.930467,1181.511438,nan,0,0.0,52999,57815,48740,calib_c1 20261008-130316-m7-c1; i>=80 linear extrap,2400,20138
20261010-055332-d4-sim2,2026-10-10T05:56:32+00:00,synthetic,0.5,21962,3.69,nfs,S3FIFO+H2,S3FIFO,H2,deferred,3633.930467,1181.511438,nan,192,12.0,52999,57815,48740,calib_c1 20261008-130316-m7-c1; i>=80 linear extrap,2400,20138
20261010-055332-d4-sim2,2026-10-10T05:56:32+00:00,synthetic,0.5,21962,3.69,nfs,S3FIFO+NONE,S3FIFO,NONE,deferred,3633.930467,1181.511438,nan,0,0.0,52999,57815,48740,calib_c1 20261008-130316-m7-c1; i>=80 linear extrap,2400,20138
20261010-055332-d4-sim2,2026-10-10T05:56:32+00:00,synthetic,0.5,21962,3.69,nfs,WTPa+WBR,WTPa,WBR,wtp_a,3431.670384,979.251355,nan,0,0.0,57815,57815,18042,calib_c1 20261008-130316-m7-c1; i>=80 linear extrap,2400,20138
20261010-055332-d4-sim2,2026-10-10T05:56:32+00:00,synthetic,0.5,21962,3.69,nfs,WTPa+WTR,WTPa,WTR,wtp_a,3431.670384,979.251355,nan,192,12.0,57815,57815,18042,calib_c1 20261008-130316-m7-c1; i>=80 linear extrap,2400,20138
20261010-055332-d4-sim2,2026-10-10T05:56:32+00:00,synthetic,0.5,21962,3.69,nfs,WTPb+WB,WTPb,WB,wtp_b,4054.612457,1602.193427,nan,152,9.5,42716,57815,13432,calib_c1 20261008-130316-m7-c1; i>=80 linear extrap,2400,20138
20261010-055332-d4-sim2,2026-10-10T05:56:32+00:00,synthetic,0.5,21962,3.69,nfs,OPT-BELADY,BELADY,NEED,opt,3431.670384,979.251355,nan,0,0.0,57815,57815,18042,calib_c1 20261008-130316-m7-c1; i>=80 linear extrap,2400,20138
20261010-055332-d4-sim2,2026-10-10T05:56:32+00:00,synthetic,0.5,21962,3.69,nfs,OPT-COST,COSTBELADY,NEED,opt,3431.670384,979.251355,nan,0,0.0,57815,57815,18042,calib_c1 20261008-130316-m7-c1; i>=80 linear extrap,2400,20138
20261010-055332-d4-sim2,2026-10-10T05:56:32+00:00,synthetic,0.5,21962,3.69,nfs,KEVa+WBR,KEVa,WBR,kev_a,3431.670384,979.251355,nan,0,0.0,57815,57815,43924,calib_c1 20261008-130316-m7-c1; i>=80 linear extrap,2400,20138
20261010-055332-d4-sim2,2026-10-10T05:56:32+00:00,synthetic,0.5,21962,3.69,nfs,KEVa+WB,KEVa,WB,kev_a,3431.670384,979.251355,nan,151,9.4375,57815,57815,43924,calib_c1 20261008-130316-m7-c1; i>=80 linear extrap,2400,20138
20261010-055332-d4-sim2,2026-10-10T05:56:32+00:00,synthetic,0.5,21962,3.69,nfs,KEVb+WB,KEVb,WB,kev_b,3653.809847,1201.390818,nan,151,9.4375,52646,57815,49093,calib_c1 20261008-130316-m7-c1; i>=80 linear extrap,2400,20138
20261010-055332-d4-sim2,2026-10-10T05:56:32+00:00,synthetic,0.5,21962,11.6,local,LRU+WT,LRU,WT,deferred,2786.209052,333.790023,nan,43924,2745.25,51563,57815,50176,calib_c1 20261008-130316-m7-c1; i>=80 linear extrap,2400,20138
20261010-055332-d4-sim2,2026-10-10T05:56:32+00:00,synthetic,0.5,21962,11.6,local,LRU+WB,LRU,WB,deferred,2786.209052,333.790023,nan,27960,1747.5,51563,57815,50176,calib_c1 20261008-130316-m7-c1; i>=80 linear extrap,2400,20138
20261010-055332-d4-sim2,2026-10-10T05:56:32+00:00,synthetic,0.5,21962,11.6,local,LRU+WB2,LRU,WB2,deferred,2992.478156,540.059127,nan,4993,312.0625,51563,57815,50176,calib_c1 20261008-130316-m7-c1; i>=80 linear extrap,2400,20138
20261010-055332-d4-sim2,2026-10-10T05:56:32+00:00,synthetic,0.5,21962,11.6,local,LRU+H2,LRU,H2,deferred,2992.478156,540.059127,nan,18042,1127.625,51563,57815,50176,calib_c1 20261008-130316-m7-c1; i>=80 linear extrap,2400,20138
20261010-055332-d4-sim2,2026-10-10T05:56:32+00:00,synthetic,0.5,21962,11.6,local,LRU+NONE,LRU,NONE,deferred,3096.29142,643.872391,nan,0,0.0,51563,57815,50176,calib_c1 20261008-130316-m7-c1; i>=80 linear extrap,2400,20138
20261010-055332-d4-sim2,2026-10-10T05:56:32+00:00,synthetic,0.5,21962,11.6,local,2HIT+WT,2HIT,WT,deferred,2828.237403,375.818374,nan,43924,2745.25,39773,57815,18042,calib_c1 20261008-130316-m7-c1; i>=80 linear extrap,2400,20138
20261010-055332-d4-sim2,2026-10-10T05:56:32+00:00,synthetic,0.5,21962,11.6,local,2HIT+WB,2HIT,WB,deferred,2828.237403,375.818374,nan,43924,2745.25,39773,57815,18042,calib_c1 20261008-130316-m7-c1; i>=80 linear extrap,2400,20138
20261010-055332-d4-sim2,2026-10-10T05:56:32+00:00,synthetic,0.5,21962,11.6,local,2HIT+WB2,2HIT,WB2,deferred,3751.907672,1299.488643,nan,0,0.0,39773,57815,18042,calib_c1 20261008-130316-m7-c1; i>=80 linear extrap,2400,20138
20261010-055332-d4-sim2,2026-10-10T05:56:32+00:00,synthetic,0.5,21962,11.6,local,2HIT+H2,2HIT,H2,deferred,3751.907672,1299.488643,nan,18042,1127.625,39773,57815,18042,calib_c1 20261008-130316-m7-c1; i>=80 linear extrap,2400,20138
20261010-055332-d4-sim2,2026-10-10T05:56:32+00:00,synthetic,0.5,21962,11.6,local,2HIT+NONE,2HIT,NONE,deferred,3751.907672,1299.488643,nan,0,0.0,39773,57815,18042,calib_c1 20261008-130316-m7-c1; i>=80 linear extrap,2400,20138
20261010-055332-d4-sim2,2026-10-10T05:56:32+00:00,synthetic,0.5,21962,11.6,local,SLRU+WT,SLRU,WT,deferred,2781.510717,329.091688,nan,43924,2745.25,52881,57815,48858,calib_c1 20261008-130316-m7-c1; i>=80 linear extrap,2400,20138
20261010-055332-d4-sim2,2026-10-10T05:56:32+00:00,synthetic,0.5,21962,11.6,local,SLRU+WB,SLRU,WB,deferred,2781.510717,329.091688,nan,26337,1646.0625,52881,57815,48858,calib_c1 20261008-130316-m7-c1; i>=80 linear extrap,2400,20138
20261010-055332-d4-sim2,2026-10-10T05:56:32+00:00,synthetic,0.5,21962,11.6,local,SLRU+WB2,SLRU,WB2,deferred,3015.226363,562.807334,nan,559,34.9375,52881,57815,48858,calib_c1 20261008-130316-m7-c1; i>=80 linear extrap,2400,20138
20261010-055332-d4-sim2,2026-10-10T05:56:32+00:00,synthetic,0.5,21962,11.6,local,SLRU+H2,SLRU,H2,deferred,3015.226363,562.807334,nan,18042,1127.625,52881,57815,48858,calib_c1 20261008-130316-m7-c1; i>=80 linear extrap,2400,20138
20261010-055332-d4-sim2,2026-10-10T05:56:32+00:00,synthetic,0.5,21962,11.6,local,SLRU+NONE,SLRU,NONE,deferred,3027.425443,575.006414,nan,0,0.0,52881,57815,48858,calib_c1 20261008-130316-m7-c1; i>=80 linear extrap,2400,20138
20261010-055332-d4-sim2,2026-10-10T05:56:32+00:00,synthetic,0.5,21962,11.6,local,ARC+WT,ARC,WT,deferred,2781.086512,328.667483,nan,43924,2745.25,53000,57815,48739,calib_c1 20261008-130316-m7-c1; i>=80 linear extrap,2400,20138
20261010-055332-d4-sim2,2026-10-10T05:56:32+00:00,synthetic,0.5,21962,11.6,local,ARC+WB,ARC,WB,deferred,2781.086512,328.667483,nan,26718,1669.875,53000,57815,48739,calib_c1 20261008-130316-m7-c1; i>=80 linear extrap,2400,20138
20261010-055332-d4-sim2,2026-10-10T05:56:32+00:00,synthetic,0.5,21962,11.6,local,ARC+WB2,ARC,WB2,deferred,3021.776205,569.357176,nan,123,7.6875,53000,57815,48739,calib_c1 20261008-130316-m7-c1; i>=80 linear extrap,2400,20138
20261010-055332-d4-sim2,2026-10-10T05:56:32+00:00,synthetic,0.5,21962,11.6,local,ARC+H2,ARC,H2,deferred,3021.776205,569.357176,nan,18042,1127.625,53000,57815,48739,calib_c1 20261008-130316-m7-c1; i>=80 linear extrap,2400,20138
20261010-055332-d4-sim2,2026-10-10T05:56:32+00:00,synthetic,0.5,21962,11.6,local,ARC+NONE,ARC,NONE,deferred,3021.776205,569.357176,nan,0,0.0,53000,57815,48739,calib_c1 20261008-130316-m7-c1; i>=80 linear extrap,2400,20138
20261010-055332-d4-sim2,2026-10-10T05:56:32+00:00,synthetic,0.5,21962,11.6,local,S3FIFO+WT,S3FIFO,WT,deferred,2781.090077,328.671048,nan,43924,2745.25,52999,57815,48740,calib_c1 20261008-130316-m7-c1; i>=80 linear extrap,2400,20138
20261010-055332-d4-sim2,2026-10-10T05:56:32+00:00,synthetic,0.5,21962,11.6,local,S3FIFO+WB,S3FIFO,WB,deferred,2781.090077,328.671048,nan,26778,1673.625,52999,57815,48740,calib_c1 20261008-130316-m7-c1; i>=80 linear extrap,2400,20138
20261010-055332-d4-sim2,2026-10-10T05:56:32+00:00,synthetic,0.5,21962,11.6,local,S3FIFO+WB2,S3FIFO,WB2,deferred,3021.805885,569.386855,nan,0,0.0,52999,57815,48740,calib_c1 20261008-130316-m7-c1; i>=80 linear extrap,2400,20138
20261010-055332-d4-sim2,2026-10-10T05:56:32+00:00,synthetic,0.5,21962,11.6,local,S3FIFO+H2,S3FIFO,H2,deferred,3021.805885,569.386855,nan,18042,1127.625,52999,57815,48740,calib_c1 20261008-130316-m7-c1; i>=80 linear extrap,2400,20138
20261010-055332-d4-sim2,2026-10-10T05:56:32+00:00,synthetic,0.5,21962,11.6,local,S3FIFO+NONE,S3FIFO,NONE,deferred,3021.805885,569.386855,nan,0,0.0,52999,57815,48740,calib_c1 20261008-130316-m7-c1; i>=80 linear extrap,2400,20138
20261010-055332-d4-sim2,2026-10-10T05:56:32+00:00,synthetic,0.5,21962,11.6,local,WTPa+WBR,WTPa,WBR,wtp_a,2763.922262,311.503233,nan,0,0.0,57815,57815,18042,calib_c1 20261008-130316-m7-c1; i>=80 linear extrap,2400,20138
20261010-055332-d4-sim2,2026-10-10T05:56:32+00:00,synthetic,0.5,21962,11.6,local,WTPa+WTR,WTPa,WTR,wtp_a,2763.922262,311.503233,nan,18042,1127.625,57815,57815,18042,calib_c1 20261008-130316-m7-c1; i>=80 linear extrap,2400,20138
20261010-055332-d4-sim2,2026-10-10T05:56:32+00:00,synthetic,0.5,21962,11.6,local,WTPb+WB,WTPb,WB,wtp_b,2817.746357,365.327328,nan,32693,2043.3125,42716,57815,13432,calib_c1 20261008-130316-m7-c1; i>=80 linear extrap,2400,20138
20261010-055332-d4-sim2,2026-10-10T05:56:32+00:00,synthetic,0.5,21962,11.6,local,OPT-BELADY,BELADY,NEED,opt,2763.922262,311.503233,nan,0,0.0,57815,57815,18042,calib_c1 20261008-130316-m7-c1; i>=80 linear extrap,2400,20138
20261010-055332-d4-sim2,2026-10-10T05:56:32+00:00,synthetic,0.5,21962,11.6,local,OPT-COST,COSTBELADY,NEED,opt,2763.922262,311.503233,nan,0,0.0,57815,57815,18042,calib_c1 20261008-130316-m7-c1; i>=80 linear extrap,2400,20138
20261010-055332-d4-sim2,2026-10-10T05:56:32+00:00,synthetic,0.5,21962,11.6,local,KEVa+WBR,KEVa,WBR,kev_a,2763.922262,311.503233,nan,0,0.0,57815,57815,43924,calib_c1 20261008-130316-m7-c1; i>=80 linear extrap,2400,20138
20261010-055332-d4-sim2,2026-10-10T05:56:32+00:00,synthetic,0.5,21962,11.6,local,KEVa+WB,KEVa,WB,kev_a,2763.922262,311.503233,nan,21962,1372.625,57815,57815,43924,calib_c1 20261008-130316-m7-c1; i>=80 linear extrap,2400,20138
20261010-055332-d4-sim2,2026-10-10T05:56:32+00:00,synthetic,0.5,21962,11.6,local,KEVb+WB,KEVb,WB,kev_b,2782.348432,329.929403,nan,27123,1695.1875,52646,57815,49093,calib_c1 20261008-130316-m7-c1; i>=80 linear extrap,2400,20138
20261010-055332-d4-sim2,2026-10-10T05:56:32+00:00,synthetic,0.5,21962,11.6,nfs,LRU+WT,LRU,WT,deferred,3096.29142,643.872391,nan,352,22.0,51563,57815,50176,calib_c1 20261008-130316-m7-c1; i>=80 linear extrap,2400,20138
20261010-055332-d4-sim2,2026-10-10T05:56:32+00:00,synthetic,0.5,21962,11.6,nfs,LRU+WB,LRU,WB,deferred,3096.29142,643.872391,nan,152,9.5,51563,57815,50176,calib_c1 20261008-130316-m7-c1; i>=80 linear extrap,2400,20138
20261010-055332-d4-sim2,2026-10-10T05:56:32+00:00,synthetic,0.5,21962,11.6,nfs,LRU+WB2,LRU,WB2,deferred,3096.29142,643.872391,nan,0,0.0,51563,57815,50176,calib_c1 20261008-130316-m7-c1; i>=80 linear extrap,2400,20138
20261010-055332-d4-sim2,2026-10-10T05:56:32+00:00,synthetic,0.5,21962,11.6,nfs,LRU+H2,LRU,H2,deferred,3096.29142,643.872391,nan,192,12.0,51563,57815,50176,calib_c1 20261008-130316-m7-c1; i>=80 linear extrap,2400,20138
20261010-055332-d4-sim2,2026-10-10T05:56:32+00:00,synthetic,0.5,21962,11.6,nfs,LRU+NONE,LRU,NONE,deferred,3096.29142,643.872391,nan,0,0.0,51563,57815,50176,calib_c1 20261008-130316-m7-c1; i>=80 linear extrap,2400,20138
20261010-055332-d4-sim2,2026-10-10T05:56:32+00:00,synthetic,0.5,21962,11.6,nfs,2HIT+WT,2HIT,WT,deferred,3735.510012,1283.090983,nan,352,22.0,39773,57815,18042,calib_c1 20261008-130316-m7-c1; i>=80 linear extrap,2400,20138
20261010-055332-d4-sim2,2026-10-10T05:56:32+00:00,synthetic,0.5,21962,11.6,nfs,2HIT+WB,2HIT,WB,deferred,3735.510012,1283.090983,nan,352,22.0,39773,57815,18042,calib_c1 20261008-130316-m7-c1; i>=80 linear extrap,2400,20138
20261010-055332-d4-sim2,2026-10-10T05:56:32+00:00,synthetic,0.5,21962,11.6,nfs,2HIT+WB2,2HIT,WB2,deferred,3751.907672,1299.488643,nan,0,0.0,39773,57815,18042,calib_c1 20261008-130316-m7-c1; i>=80 linear extrap,2400,20138
20261010-055332-d4-sim2,2026-10-10T05:56:32+00:00,synthetic,0.5,21962,11.6,nfs,2HIT+H2,2HIT,H2,deferred,3751.907672,1299.488643,nan,192,12.0,39773,57815,18042,calib_c1 20261008-130316-m7-c1; i>=80 linear extrap,2400,20138
20261010-055332-d4-sim2,2026-10-10T05:56:32+00:00,synthetic,0.5,21962,11.6,nfs,2HIT+NONE,2HIT,NONE,deferred,3751.907672,1299.488643,nan,0,0.0,39773,57815,18042,calib_c1 20261008-130316-m7-c1; i>=80 linear extrap,2400,20138
20261010-055332-d4-sim2,2026-10-10T05:56:32+00:00,synthetic,0.5,21962,11.6,nfs,SLRU+WT,SLRU,WT,deferred,3027.425443,575.006414,nan,352,22.0,52881,57815,48858,calib_c1 20261008-130316-m7-c1; i>=80 linear extrap,2400,20138
20261010-055332-d4-sim2,2026-10-10T05:56:32+00:00,synthetic,0.5,21962,11.6,nfs,SLRU+WB,SLRU,WB,deferred,3027.425443,575.006414,nan,153,9.5625,52881,57815,48858,calib_c1 20261008-130316-m7-c1; i>=80 linear extrap,2400,20138
20261010-055332-d4-sim2,2026-10-10T05:56:32+00:00,synthetic,0.5,21962,11.6,nfs,SLRU+WB2,SLRU,WB2,deferred,3027.425443,575.006414,nan,0,0.0,52881,57815,48858,calib_c1 20261008-130316-m7-c1; i>=80 linear extrap,2400,20138
20261010-055332-d4-sim2,2026-10-10T05:56:32+00:00,synthetic,0.5,21962,11.6,nfs,SLRU+H2,SLRU,H2,deferred,3027.425443,575.006414,nan,192,12.0,52881,57815,48858,calib_c1 20261008-130316-m7-c1; i>=80 linear extrap,2400,20138
20261010-055332-d4-sim2,2026-10-10T05:56:32+00:00,synthetic,0.5,21962,11.6,nfs,SLRU+NONE,SLRU,NONE,deferred,3027.425443,575.006414,nan,0,0.0,52881,57815,48858,calib_c1 20261008-130316-m7-c1; i>=80 linear extrap,2400,20138
20261010-055332-d4-sim2,2026-10-10T05:56:32+00:00,synthetic,0.5,21962,11.6,nfs,ARC+WT,ARC,WT,deferred,3021.776205,569.357176,nan,352,22.0,53000,57815,48739,calib_c1 20261008-130316-m7-c1; i>=80 linear extrap,2400,20138
20261010-055332-d4-sim2,2026-10-10T05:56:32+00:00,synthetic,0.5,21962,11.6,nfs,ARC+WB,ARC,WB,deferred,3021.776205,569.357176,nan,153,9.5625,53000,57815,48739,calib_c1 20261008-130316-m7-c1; i>=80 linear extrap,2400,20138
20261010-055332-d4-sim2,2026-10-10T05:56:32+00:00,synthetic,0.5,21962,11.6,nfs,ARC+WB2,ARC,WB2,deferred,3021.776205,569.357176,nan,0,0.0,53000,57815,48739,calib_c1 20261008-130316-m7-c1; i>=80 linear extrap,2400,20138
20261010-055332-d4-sim2,2026-10-10T05:56:32+00:00,synthetic,0.5,21962,11.6,nfs,ARC+H2,ARC,H2,deferred,3021.776205,569.357176,nan,192,12.0,53000,57815,48739,calib_c1 20261008-130316-m7-c1; i>=80 linear extrap,2400,20138
20261010-055332-d4-sim2,2026-10-10T05:56:32+00:00,synthetic,0.5,21962,11.6,nfs,ARC+NONE,ARC,NONE,deferred,3021.776205,569.357176,nan,0,0.0,53000,57815,48739,calib_c1 20261008-130316-m7-c1; i>=80 linear extrap,2400,20138
20261010-055332-d4-sim2,2026-10-10T05:56:32+00:00,synthetic,0.5,21962,11.6,nfs,S3FIFO+WT,S3FIFO,WT,deferred,3021.805885,569.386855,nan,352,22.0,52999,57815,48740,calib_c1 20261008-130316-m7-c1; i>=80 linear extrap,2400,20138
20261010-055332-d4-sim2,2026-10-10T05:56:32+00:00,synthetic,0.5,21962,11.6,nfs,S3FIFO+WB,S3FIFO,WB,deferred,3021.805885,569.386855,nan,153,9.5625,52999,57815,48740,calib_c1 20261008-130316-m7-c1; i>=80 linear extrap,2400,20138
20261010-055332-d4-sim2,2026-10-10T05:56:32+00:00,synthetic,0.5,21962,11.6,nfs,S3FIFO+WB2,S3FIFO,WB2,deferred,3021.805885,569.386855,nan,0,0.0,52999,57815,48740,calib_c1 20261008-130316-m7-c1; i>=80 linear extrap,2400,20138
20261010-055332-d4-sim2,2026-10-10T05:56:32+00:00,synthetic,0.5,21962,11.6,nfs,S3FIFO+H2,S3FIFO,H2,deferred,3021.805885,569.386855,nan,192,12.0,52999,57815,48740,calib_c1 20261008-130316-m7-c1; i>=80 linear extrap,2400,20138
20261010-055332-d4-sim2,2026-10-10T05:56:32+00:00,synthetic,0.5,21962,11.6,nfs,S3FIFO+NONE,S3FIFO,NONE,deferred,3021.805885,569.386855,nan,0,0.0,52999,57815,48740,calib_c1 20261008-130316-m7-c1; i>=80 linear extrap,2400,20138
20261010-055332-d4-sim2,2026-10-10T05:56:32+00:00,synthetic,0.5,21962,11.6,nfs,WTPa+WBR,WTPa,WBR,wtp_a,2763.922262,311.503233,nan,0,0.0,57815,57815,18042,calib_c1 20261008-130316-m7-c1; i>=80 linear extrap,2400,20138
20261010-055332-d4-sim2,2026-10-10T05:56:32+00:00,synthetic,0.5,21962,11.6,nfs,WTPa+WTR,WTPa,WTR,wtp_a,2763.922262,311.503233,nan,192,12.0,57815,57815,18042,calib_c1 20261008-130316-m7-c1; i>=80 linear extrap,2400,20138
20261010-055332-d4-sim2,2026-10-10T05:56:32+00:00,synthetic,0.5,21962,11.6,nfs,WTPb+WB,WTPb,WB,wtp_b,3561.253833,1108.834804,nan,152,9.5,42716,57815,13432,calib_c1 20261008-130316-m7-c1; i>=80 linear extrap,2400,20138
20261010-055332-d4-sim2,2026-10-10T05:56:32+00:00,synthetic,0.5,21962,11.6,nfs,OPT-BELADY,BELADY,NEED,opt,2763.922262,311.503233,nan,0,0.0,57815,57815,18042,calib_c1 20261008-130316-m7-c1; i>=80 linear extrap,2400,20138
20261010-055332-d4-sim2,2026-10-10T05:56:32+00:00,synthetic,0.5,21962,11.6,nfs,OPT-COST,COSTBELADY,NEED,opt,2763.922262,311.503233,nan,0,0.0,57815,57815,18042,calib_c1 20261008-130316-m7-c1; i>=80 linear extrap,2400,20138
20261010-055332-d4-sim2,2026-10-10T05:56:32+00:00,synthetic,0.5,21962,11.6,nfs,KEVa+WBR,KEVa,WBR,kev_a,2763.922262,311.503233,nan,0,0.0,57815,57815,43924,calib_c1 20261008-130316-m7-c1; i>=80 linear extrap,2400,20138
20261010-055332-d4-sim2,2026-10-10T05:56:32+00:00,synthetic,0.5,21962,11.6,nfs,KEVa+WB,KEVa,WB,kev_a,2763.922262,311.503233,nan,151,9.4375,57815,57815,43924,calib_c1 20261008-130316-m7-c1; i>=80 linear extrap,2400,20138
20261010-055332-d4-sim2,2026-10-10T05:56:32+00:00,synthetic,0.5,21962,11.6,nfs,KEVb+WB,KEVb,WB,kev_b,3045.762323,593.343294,nan,151,9.4375,52646,57815,49093,calib_c1 20261008-130316-m7-c1; i>=80 linear extrap,2400,20138
20261010-055332-d4-sim2,2026-10-10T05:56:37+00:00,toolagent,0.1,18330,3.69,local,LRU+WT,LRU,WT,deferred,12235.310388,2026.133982,11871.754929,183300,11456.25,207948,226316,201668,calib_c1 20261008-130316-m7-c1; i>=80 linear extrap,0,0
20261010-055332-d4-sim2,2026-10-10T05:56:37+00:00,toolagent,0.1,18330,3.69,local,LRU+WB,LRU,WB,deferred,13780.981388,3571.804983,12695.539797,167140,10446.25,207948,226316,201668,calib_c1 20261008-130316-m7-c1; i>=80 linear extrap,0,0
20261010-055332-d4-sim2,2026-10-10T05:56:38+00:00,toolagent,0.1,18330,3.69,local,LRU+WB2,LRU,WB2,deferred,14244.407677,4035.231272,13129.885581,35498,2218.625,207948,226316,201668,calib_c1 20261008-130316-m7-c1; i>=80 linear extrap,0,0
20261010-055332-d4-sim2,2026-10-10T05:56:38+00:00,toolagent,0.1,18330,3.69,local,LRU+H2,LRU,H2,deferred,12897.930303,2688.753898,12428.872907,39481,2467.5625,207948,226316,201668,calib_c1 20261008-130316-m7-c1; i>=80 linear extrap,0,0
20261010-055332-d4-sim2,2026-10-10T05:56:39+00:00,toolagent,0.1,18330,3.69,local,LRU+NONE,LRU,NONE,deferred,14817.150369,4607.973964,13701.119387,0,0.0,207948,226316,201668,calib_c1 20261008-130316-m7-c1; i>=80 linear extrap,0,0
20261010-055332-d4-sim2,2026-10-10T05:56:39+00:00,toolagent,0.1,18330,3.69,local,2HIT+WT,2HIT,WT,deferred,12235.310388,2026.133982,11871.754929,183300,11456.25,186788,226316,39528,calib_c1 20261008-130316-m7-c1; i>=80 linear extrap,0,0
20261010-055332-d4-sim2,2026-10-10T05:56:40+00:00,toolagent,0.1,18330,3.69,local,2HIT+WB,2HIT,WB,deferred,12235.310388,2026.133982,11871.754929,183300,11456.25,186788,226316,39528,calib_c1 20261008-130316-m7-c1; i>=80 linear extrap,0,0
20261010-055332-d4-sim2,2026-10-10T05:56:41+00:00,toolagent,0.1,18330,3.69,local,2HIT+WB2,2HIT,WB2,deferred,15481.799434,5272.623029,14363.032007,21198,1324.875,186788,226316,39528,calib_c1 20261008-130316-m7-c1; i>=80 linear extrap,0,0
20261010-055332-d4-sim2,2026-10-10T05:56:41+00:00,toolagent,0.1,18330,3.69,local,2HIT+H2,2HIT,H2,deferred,13990.394444,3781.218039,13576.478579,39481,2467.5625,186788,226316,39528,calib_c1 20261008-130316-m7-c1; i>=80 linear extrap,0,0
20261010-055332-d4-sim2,2026-10-10T05:56:42+00:00,toolagent,0.1,18330,3.69,local,2HIT+NONE,2HIT,NONE,deferred,15483.558649,5274.382244,14364.723254,0,0.0,186788,226316,39528,calib_c1 20261008-130316-m7-c1; i>=80 linear extrap,0,0
20261010-055332-d4-sim2,2026-10-10T05:56:42+00:00,toolagent,0.1,18330,3.69,local,SLRU+WT,SLRU,WT,deferred,12235.310388,2026.133982,11871.754929,183300,11456.25,186925,226316,222691,calib_c1 20261008-130316-m7-c1; i>=80 linear extrap,0,0
20261010-055332-d4-sim2,2026-10-10T05:56:43+00:00,toolagent,0.1,18330,3.69,local,SLRU+WB,SLRU,WB,deferred,13654.203659,3445.027254,12618.977186,169015,10563.4375,186925,226316,222691,calib_c1 20261008-130316-m7-c1; i>=80 linear extrap,0,0
20261010-055332-d4-sim2,2026-10-10T05:56:43+00:00,toolagent,0.1,18330,3.69,local,SLRU+WB2,SLRU,WB2,deferred,14751.465721,4542.289316,13658.969696,25369,1585.5625,186925,226316,222691,calib_c1 20261008-130316-m7-c1; i>=80 linear extrap,0,0
20261010-055332-d4-sim2,2026-10-10T05:56:44+00:00,toolagent,0.1,18330,3.69,local,SLRU+H2,SLRU,H2,deferred,13401.155551,3191.979146,12953.339404,39481,2467.5625,186925,226316,222691,calib_c1 20261008-130316-m7-c1; i>=80 linear extrap,0,0
20261010-055332-d4-sim2,2026-10-10T05:56:45+00:00,toolagent,0.1,18330,3.69,local,SLRU+NONE,SLRU,NONE,deferred,15512.142774,5302.966369,14436.947888,0,0.0,186925,226316,222691,calib_c1 20261008-130316-m7-c1; i>=80 linear extrap,0,0
20261010-055332-d4-sim2,2026-10-10T05:56:45+00:00,toolagent,0.1,18330,3.69,local,ARC+WT,ARC,WT,deferred,12235.310388,2026.133982,11871.754929,183300,11456.25,208953,226316,200663,calib_c1 20261008-130316-m7-c1; i>=80 linear extrap,0,0
20261010-055332-d4-sim2,2026-10-10T05:56:46+00:00,toolagent,0.1,18330,3.69,local,ARC+WB,ARC,WB,deferred,13777.619706,3568.443301,12692.261223,167687,10480.4375,208953,226316,200663,calib_c1 20261008-130316-m7-c1; i>=80 linear extrap,0,0
20261010-055332-d4-sim2,2026-10-10T05:56:46+00:00,toolagent,0.1,18330,3.69,local,ARC+WB2,ARC,WB2,deferred,14548.951901,4339.775496,13399.200125,32276,2017.25,208953,226316,200663,calib_c1 20261008-130316-m7-c1; i>=80 linear extrap,0,0
20261010-055332-d4-sim2,2026-10-10T05:56:47+00:00,toolagent,0.1,18330,3.69,local,ARC+H2,ARC,H2,deferred,13095.818981,2886.642576,12635.577125,39481,2467.5625,208953,226316,200663,calib_c1 20261008-130316-m7-c1; i>=80 linear extrap,0,0
20261010-055332-d4-sim2,2026-10-10T05:56:48+00:00,toolagent,0.1,18330,3.69,local,ARC+NONE,ARC,NONE,deferred,14676.833516,4467.657111,13521.606873,0,0.0,208953,226316,200663,calib_c1 20261008-130316-m7-c1; i>=80 linear extrap,0,0
20261010-055332-d4-sim2,2026-10-10T05:56:48+00:00,toolagent,0.1,18330,3.69,local,S3FIFO+WT,S3FIFO,WT,deferred,12235.310388,2026.133982,11871.754929,183300,11456.25,196923,226316,212693,calib_c1 20261008-130316-m7-c1; i>=80 linear extrap,0,0
20261010-055332-d4-sim2,2026-10-10T05:56:49+00:00,toolagent,0.1,18330,3.69,local,S3FIFO+WB,S3FIFO,WB,deferred,13595.857318,3386.680913,12585.259863,178439,11152.4375,196923,226316,212693,calib_c1 20261008-130316-m7-c1; i>=80 linear extrap,0,0
20261010-055332-d4-sim2,2026-10-10T05:56:49+00:00,toolagent,0.1,18330,3.69,local,S3FIFO+WB2,S3FIFO,WB2,deferred,14952.54393,4743.367525,13817.57742,24034,1502.125,196923,226316,212693,calib_c1 20261008-130316-m7-c1; i>=80 linear extrap,0,0
20261010-055332-d4-sim2,2026-10-10T05:56:50+00:00,toolagent,0.1,18330,3.69,local,S3FIFO+H2,S3FIFO,H2,deferred,13499.179445,3290.00304,13054.274753,39481,2467.5625,196923,226316,212693,calib_c1 20261008-130316-m7-c1; i>=80 linear extrap,0,0
20261010-055332-d4-sim2,2026-10-10T05:56:51+00:00,toolagent,0.1,18330,3.69,local,S3FIFO+NONE,S3FIFO,NONE,deferred,15074.698685,4865.52228,13934.500113,0,0.0,196923,226316,212693,calib_c1 20261008-130316-m7-c1; i>=80 linear extrap,0,0
20261010-055332-d4-sim2,2026-10-10T05:56:51+00:00,toolagent,0.1,18330,3.69,local,WTPa+WBR,WTPa,WBR,wtp_a,14042.441988,3833.265583,12847.27499,0,0.0,226316,226316,39481,calib_c1 20261008-130316-m7-c1; i>=80 linear extrap,0,0
20261010-055332-d4-sim2,2026-10-10T05:56:52+00:00,toolagent,0.1,18330,3.69,local,WTPa+WTR,WTPa,WTR,wtp_a,12235.310388,2026.133982,11871.754929,39481,2467.5625,226316,226316,39481,calib_c1 20261008-130316-m7-c1; i>=80 linear extrap,0,0
20261010-055332-d4-sim2,2026-10-10T05:56:52+00:00,toolagent,0.1,18330,3.69,local,WTPb+WB,WTPb,WB,wtp_b,12880.07459,2670.898185,12254.727089,165667,10354.1875,221634,226316,47564,calib_c1 20261008-130316-m7-c1; i>=80 linear extrap,0,0
20261010-055332-d4-sim2,2026-10-10T05:56:53+00:00,toolagent,0.1,18330,3.69,local,OPT-BELADY,BELADY,NEED,opt,14042.441988,3833.265583,12847.27499,0,0.0,226316,226316,39481,calib_c1 20261008-130316-m7-c1; i>=80 linear extrap,0,0
20261010-055332-d4-sim2,2026-10-10T05:56:53+00:00,toolagent,0.1,18330,3.69,local,OPT-COST,COSTBELADY,NEED,opt,12235.310388,2026.133982,11871.754929,39481,2467.5625,0,226316,0,calib_c1 20261008-130316-m7-c1; i>=80 linear extrap,0,0
20261010-055332-d4-sim2,2026-10-10T05:56:54+00:00,toolagent,0.1,18330,3.69,local,KEVa+WBR,KEVa,WBR,kev_a,14042.441988,3833.265583,12847.27499,0,0.0,226316,226316,183300,calib_c1 20261008-130316-m7-c1; i>=80 linear extrap,0,0
20261010-055332-d4-sim2,2026-10-10T05:56:55+00:00,toolagent,0.1,18330,3.69,local,KEVa+WB,KEVa,WB,kev_a,14042.441988,3833.265583,12847.27499,164970,10310.625,226316,226316,183300,calib_c1 20261008-130316-m7-c1; i>=80 linear extrap,0,0
20261010-055332-d4-sim2,2026-10-10T05:56:55+00:00,toolagent,0.1,18330,3.69,local,KEVb+WB,KEVb,WB,kev_b,13235.087364,3025.910959,12436.951191,165068,10316.75,223257,226316,186359,calib_c1 20261008-130316-m7-c1; i>=80 linear extrap,0,0
20261010-055332-d4-sim2,2026-10-10T05:56:56+00:00,toolagent,0.1,18330,3.69,nfs,LRU+WT,LRU,WT,deferred,14815.834989,4606.658584,13684.32455,2105,131.5625,207948,226316,201668,calib_c1 20261008-130316-m7-c1; i>=80 linear extrap,0,0
20261010-055332-d4-sim2,2026-10-10T05:56:57+00:00,toolagent,0.1,18330,3.69,nfs,LRU+WB,LRU,WB,deferred,14815.834989,4606.658584,13684.32455,1946,121.625,207948,226316,201668,calib_c1 20261008-130316-m7-c1; i>=80 linear extrap,0,0
20261010-055332-d4-sim2,2026-10-10T05:56:58+00:00,toolagent,0.1,18330,3.69,nfs,LRU+WB2,LRU,WB2,deferred,14816.981334,4607.804929,13695.47591,311,19.4375,207948,226316,201668,calib_c1 20261008-130316-m7-c1; i>=80 linear extrap,0,0
20261010-055332-d4-sim2,2026-10-10T05:56:58+00:00,toolagent,0.1,18330,3.69,nfs,LRU+H2,LRU,H2,deferred,14816.981334,4607.804929,13695.47591,311,19.4375,207948,226316,201668,calib_c1 20261008-130316-m7-c1; i>=80 linear extrap,0,0
20261010-055332-d4-sim2,2026-10-10T05:56:59+00:00,toolagent,0.1,18330,3.69,nfs,LRU+NONE,LRU,NONE,deferred,14817.150369,4607.973964,13701.119387,0,0.0,207948,226316,201668,calib_c1 20261008-130316-m7-c1; i>=80 linear extrap,0,0
20261010-055332-d4-sim2,2026-10-10T05:56:59+00:00,toolagent,0.1,18330,3.69,nfs,2HIT+WT,2HIT,WT,deferred,15477.388932,5268.212526,14303.009195,2105,131.5625,186788,226316,39528,calib_c1 20261008-130316-m7-c1; i>=80 linear extrap,0,0
20261010-055332-d4-sim2,2026-10-10T05:57:00+00:00,toolagent,0.1,18330,3.69,nfs,2HIT+WB,2HIT,WB,deferred,15477.388932,5268.212526,14303.009195,2105,131.5625,186788,226316,39528,calib_c1 20261008-130316-m7-c1; i>=80 linear extrap,0,0
20261010-055332-d4-sim2,2026-10-10T05:57:01+00:00,toolagent,0.1,18330,3.69,nfs,2HIT+WB2,2HIT,WB2,deferred,15483.558649,5274.382244,14364.723254,248,15.5,186788,226316,39528,calib_c1 20261008-130316-m7-c1; i>=80 linear extrap,0,0
20261010-055332-d4-sim2,2026-10-10T05:57:01+00:00,toolagent,0.1,18330,3.69,nfs,2HIT+H2,2HIT,H2,deferred,15483.558649,5274.382244,14364.723254,311,19.4375,186788,226316,39528,calib_c1 20261008-130316-m7-c1; i>=80 linear extrap,0,0
20261010-055332-d4-sim2,2026-10-10T05:57:02+00:00,toolagent,0.1,18330,3.69,nfs,2HIT+NONE,2HIT,NONE,deferred,15483.558649,5274.382244,14364.723254,0,0.0,186788,226316,39528,calib_c1 20261008-130316-m7-c1; i>=80 linear extrap,0,0
20261010-055332-d4-sim2,2026-10-10T05:57:02+00:00,toolagent,0.1,18330,3.69,nfs,SLRU+WT,SLRU,WT,deferred,15509.768245,5300.59184,14411.154431,2105,131.5625,186925,226316,222691,calib_c1 20261008-130316-m7-c1; i>=80 linear extrap,0,0
20261010-055332-d4-sim2,2026-10-10T05:57:03+00:00,toolagent,0.1,18330,3.69,nfs,SLRU+WB,SLRU,WB,deferred,15509.768245,5300.59184,14411.154431,1983,123.9375,186925,226316,222691,calib_c1 20261008-130316-m7-c1; i>=80 linear extrap,0,0
20261010-055332-d4-sim2,2026-10-10T05:57:03+00:00,toolagent,0.1,18330,3.69,nfs,SLRU+WB2,SLRU,WB2,deferred,15512.081651,5302.905245,14434.55586,240,15.0,186925,226316,222691,calib_c1 20261008-130316-m7-c1; i>=80 linear extrap,0,0
20261010-055332-d4-sim2,2026-10-10T05:57:04+00:00,toolagent,0.1,18330,3.69,nfs,SLRU+H2,SLRU,H2,deferred,15512.081651,5302.905245,14434.55586,311,19.4375,186925,226316,222691,calib_c1 20261008-130316-m7-c1; i>=80 linear extrap,0,0
20261010-055332-d4-sim2,2026-10-10T05:57:05+00:00,toolagent,0.1,18330,3.69,nfs,SLRU+NONE,SLRU,NONE,deferred,15512.142774,5302.966369,14436.947888,0,0.0,186925,226316,222691,calib_c1 20261008-130316-m7-c1; i>=80 linear extrap,0,0
20261010-055332-d4-sim2,2026-10-10T05:57:05+00:00,toolagent,0.1,18330,3.69,nfs,ARC+WT,ARC,WT,deferred,14675.675005,4466.4986,13511.482734,2105,131.5625,208953,226316,200663,calib_c1 20261008-130316-m7-c1; i>=80 linear extrap,0,0
20261010-055332-d4-sim2,2026-10-10T05:57:06+00:00,toolagent,0.1,18330,3.69,nfs,ARC+WB,ARC,WB,deferred,14675.675005,4466.4986,13511.482734,1942,121.375,208953,226316,200663,calib_c1 20261008-130316-m7-c1; i>=80 linear extrap,0,0
20261010-055332-d4-sim2,2026-10-10T05:57:06+00:00,toolagent,0.1,18330,3.69,nfs,ARC+WB2,ARC,WB2,deferred,14676.82135,4467.644945,13521.717864,301,18.8125,208953,226316,200663,calib_c1 20261008-130316-m7-c1; i>=80 linear extrap,0,0
20261010-055332-d4-sim2,2026-10-10T05:57:07+00:00,toolagent,0.1,18330,3.69,nfs,ARC+H2,ARC,H2,deferred,14676.82135,4467.644945,13521.717864,311,19.4375,208953,226316,200663,calib_c1 20261008-130316-m7-c1; i>=80 linear extrap,0,0
20261010-055332-d4-sim2,2026-10-10T05:57:08+00:00,toolagent,0.1,18330,3.69,nfs,ARC+NONE,ARC,NONE,deferred,14676.833516,4467.657111,13521.606873,0,0.0,208953,226316,200663,calib_c1 20261008-130316-m7-c1; i>=80 linear extrap,0,0
20261010-055332-d4-sim2,2026-10-10T05:57:08+00:00,toolagent,0.1,18330,3.69,nfs,S3FIFO+WT,S3FIFO,WT,deferred,15072.373114,4863.196709,13912.118058,2105,131.5625,196923,226316,212693,calib_c1 20261008-130316-m7-c1; i>=80 linear extrap,0,0
20261010-055332-d4-sim2,2026-10-10T05:57:09+00:00,toolagent,0.1,18330,3.69,nfs,S3FIFO+WB,S3FIFO,WB,deferred,15072.373114,4863.196709,13912.118058,2041,127.5625,196923,226316,212693,calib_c1 20261008-130316-m7-c1; i>=80 linear extrap,0,0
20261010-055332-d4-sim2,2026-10-10T05:57:09+00:00,toolagent,0.1,18330,3.69,nfs,S3FIFO+WB2,S3FIFO,WB2,deferred,15074.68652,4865.510115,13934.611104,286,17.875,196923,226316,212693,calib_c1 20261008-130316-m7-c1; i>=80 linear extrap,0,0
20261010-055332-d4-sim2,2026-10-10T05:57:10+00:00,toolagent,0.1,18330,3.69,nfs,S3FIFO+H2,S3FIFO,H2,deferred,15074.68652,4865.510115,13934.611104,311,19.4375,196923,226316,212693,calib_c1 20261008-130316-m7-c1; i>=80 linear extrap,0,0
20261010-055332-d4-sim2,2026-10-10T05:57:10+00:00,toolagent,0.1,18330,3.69,nfs,S3FIFO+NONE,S3FIFO,NONE,deferred,15074.698685,4865.52228,13934.500113,0,0.0,196923,226316,212693,calib_c1 20261008-130316-m7-c1; i>=80 linear extrap,0,0
20261010-055332-d4-sim2,2026-10-10T05:57:11+00:00,toolagent,0.1,18330,3.69,nfs,WTPa+WBR,WTPa,WBR,wtp_a,14042.441988,3833.265583,12847.27499,0,0.0,226316,226316,39481,calib_c1 20261008-130316-m7-c1; i>=80 linear extrap,0,0
20261010-055332-d4-sim2,2026-10-10T05:57:12+00:00,toolagent,0.1,18330,3.69,nfs,WTPa+WTR,WTPa,WTR,wtp_a,14042.441988,3833.265583,12847.27499,311,19.4375,226316,226316,39481,calib_c1 20261008-130316-m7-c1; i>=80 linear extrap,0,0
20261010-055332-d4-sim2,2026-10-10T05:57:12+00:00,toolagent,0.1,18330,3.69,nfs,WTPb+WB,WTPb,WB,wtp_b,14158.992463,3949.816057,12976.423275,2039,127.4375,221634,226316,47564,calib_c1 20261008-130316-m7-c1; i>=80 linear extrap,0,0
20261010-055332-d4-sim2,2026-10-10T05:57:13+00:00,toolagent,0.1,18330,3.69,nfs,OPT-BELADY,BELADY,NEED,opt,14042.441988,3833.265583,12847.27499,0,0.0,226316,226316,39481,calib_c1 20261008-130316-m7-c1; i>=80 linear extrap,0,0
20261010-055332-d4-sim2,2026-10-10T05:57:13+00:00,toolagent,0.1,18330,3.69,nfs,OPT-COST,COSTBELADY,NEED,opt,14042.441988,3833.265583,12847.27499,0,0.0,226316,226316,39481,calib_c1 20261008-130316-m7-c1; i>=80 linear extrap,0,0
20261010-055332-d4-sim2,2026-10-10T05:57:14+00:00,toolagent,0.1,18330,3.69,nfs,KEVa+WBR,KEVa,WBR,kev_a,14042.441988,3833.265583,12847.27499,0,0.0,226316,226316,183300,calib_c1 20261008-130316-m7-c1; i>=80 linear extrap,0,0
20261010-055332-d4-sim2,2026-10-10T05:57:15+00:00,toolagent,0.1,18330,3.69,nfs,KEVa+WB,KEVa,WB,kev_a,14042.441988,3833.265583,12847.27499,1946,121.625,226316,226316,183300,calib_c1 20261008-130316-m7-c1; i>=80 linear extrap,0,0
20261010-055332-d4-sim2,2026-10-10T05:57:15+00:00,toolagent,0.1,18330,3.69,nfs,KEVb+WB,KEVb,WB,kev_b,14134.174125,3924.99772,12944.07336,2034,127.125,223257,226316,186359,calib_c1 20261008-130316-m7-c1; i>=80 linear extrap,0,0
20261010-055332-d4-sim2,2026-10-10T05:57:16+00:00,toolagent,0.1,18330,11.6,local,LRU+WT,LRU,WT,deferred,11494.028654,1284.852249,11354.672613,183300,11456.25,207948,226316,201668,calib_c1 20261008-130316-m7-c1; i>=80 linear extrap,0,0
20261010-055332-d4-sim2,2026-10-10T05:57:17+00:00,toolagent,0.1,18330,11.6,local,LRU+WB,LRU,WB,deferred,11494.028654,1284.852249,11354.672613,167140,10446.25,207948,226316,201668,calib_c1 20261008-130316-m7-c1; i>=80 linear extrap,0,0
20261010-055332-d4-sim2,2026-10-10T05:57:18+00:00,toolagent,0.1,18330,11.6,local,LRU+WB2,LRU,WB2,deferred,11913.545468,1704.369063,11764.55733,35498,2218.625,207948,226316,201668,calib_c1 20261008-130316-m7-c1; i>=80 linear extrap,0,0
20261010-055332-d4-sim2,2026-10-10T05:57:18+00:00,toolagent,0.1,18330,11.6,local,LRU+H2,LRU,H2,deferred,11913.545468,1704.369063,11764.55733,39481,2467.5625,207948,226316,201668,calib_c1 20261008-130316-m7-c1; i>=80 linear extrap,0,0
20261010-055332-d4-sim2,2026-10-10T05:57:19+00:00,toolagent,0.1,18330,11.6,local,LRU+NONE,LRU,NONE,deferred,12415.405381,2206.228975,12297.276384,0,0.0,207948,226316,201668,calib_c1 20261008-130316-m7-c1; i>=80 linear extrap,0,0
20261010-055332-d4-sim2,2026-10-10T05:57:19+00:00,toolagent,0.1,18330,11.6,local,2HIT+WT,2HIT,WT,deferred,11569.458672,1360.282267,11411.78981,183300,11456.25,186788,226316,39528,calib_c1 20261008-130316-m7-c1; i>=80 linear extrap,0,0
20261010-055332-d4-sim2,2026-10-10T05:57:20+00:00,toolagent,0.1,18330,11.6,local,2HIT+WB,2HIT,WB,deferred,11569.458672,1360.282267,11411.78981,183300,11456.25,186788,226316,39528,calib_c1 20261008-130316-m7-c1; i>=80 linear extrap,0,0
20261010-055332-d4-sim2,2026-10-10T05:57:20+00:00,toolagent,0.1,18330,11.6,local,2HIT+WB2,2HIT,WB2,deferred,13324.542729,3115.366323,13122.73602,21198,1324.875,186788,226316,39528,calib_c1 20261008-130316-m7-c1; i>=80 linear extrap,0,0
20261010-055332-d4-sim2,2026-10-10T05:57:21+00:00,toolagent,0.1,18330,11.6,local,2HIT+H2,2HIT,H2,deferred,13324.542729,3115.366323,13122.73602,39481,2467.5625,186788,226316,39528,calib_c1 20261008-130316-m7-c1; i>=80 linear extrap,0,0
20261010-055332-d4-sim2,2026-10-10T05:57:22+00:00,toolagent,0.1,18330,11.6,local,2HIT+NONE,2HIT,NONE,deferred,13326.206124,3117.029719,13124.424248,0,0.0,186788,226316,39528,calib_c1 20261008-130316-m7-c1; i>=80 linear extrap,0,0
20261010-055332-d4-sim2,2026-10-10T05:57:22+00:00,toolagent,0.1,18330,11.6,local,SLRU+WT,SLRU,WT,deferred,11568.970302,1359.793897,11410.644221,183300,11456.25,186925,226316,222691,calib_c1 20261008-130316-m7-c1; i>=80 linear extrap,0,0
20261010-055332-d4-sim2,2026-10-10T05:57:23+00:00,toolagent,0.1,18330,11.6,local,SLRU+WB,SLRU,WB,deferred,11568.970302,1359.793897,11410.644221,169015,10563.4375,186925,226316,222691,calib_c1 20261008-130316-m7-c1; i>=80 linear extrap,0,0
20261010-055332-d4-sim2,2026-10-10T05:57:23+00:00,toolagent,0.1,18330,11.6,local,SLRU+WB2,SLRU,WB2,deferred,12613.028357,2403.851952,12418.991548,25369,1585.5625,186925,226316,222691,calib_c1 20261008-130316-m7-c1; i>=80 linear extrap,0,0
20261010-055332-d4-sim2,2026-10-10T05:57:24+00:00,toolagent,0.1,18330,11.6,local,SLRU+H2,SLRU,H2,deferred,12613.028357,2403.851952,12418.991548,39481,2467.5625,186925,226316,222691,calib_c1 20261008-130316-m7-c1; i>=80 linear extrap,0,0
20261010-055332-d4-sim2,2026-10-10T05:57:25+00:00,toolagent,0.1,18330,11.6,local,SLRU+NONE,SLRU,NONE,deferred,13353.207935,3144.031529,13200.404786,0,0.0,186925,226316,222691,calib_c1 20261008-130316-m7-c1; i>=80 linear extrap,0,0
20261010-055332-d4-sim2,2026-10-10T05:57:25+00:00,toolagent,0.1,18330,11.6,local,ARC+WT,ARC,WT,deferred,11490.446084,1281.269679,11352.622337,183300,11456.25,208953,226316,200663,calib_c1 20261008-130316-m7-c1; i>=80 linear extrap,0,0
20261010-055332-d4-sim2,2026-10-10T05:57:26+00:00,toolagent,0.1,18330,11.6,local,ARC+WB,ARC,WB,deferred,11490.446084,1281.269679,11352.622337,167687,10480.4375,208953,226316,200663,calib_c1 20261008-130316-m7-c1; i>=80 linear extrap,0,0
20261010-055332-d4-sim2,2026-10-10T05:57:26+00:00,toolagent,0.1,18330,11.6,local,ARC+WB2,ARC,WB2,deferred,12158.835754,1949.659349,12000.946353,32276,2017.25,208953,226316,200663,calib_c1 20261008-130316-m7-c1; i>=80 linear extrap,0,0
20261010-055332-d4-sim2,2026-10-10T05:57:27+00:00,toolagent,0.1,18330,11.6,local,ARC+H2,ARC,H2,deferred,12158.835754,1949.659349,12000.946353,39481,2467.5625,208953,226316,200663,calib_c1 20261008-130316-m7-c1; i>=80 linear extrap,0,0
20261010-055332-d4-sim2,2026-10-10T05:57:28+00:00,toolagent,0.1,18330,11.6,local,ARC+NONE,ARC,NONE,deferred,12263.48104,2054.304635,12110.295481,0,0.0,208953,226316,200663,calib_c1 20261008-130316-m7-c1; i>=80 linear extrap,0,0
20261010-055332-d4-sim2,2026-10-10T05:57:28+00:00,toolagent,0.1,18330,11.6,local,S3FIFO+WT,S3FIFO,WT,deferred,11533.329975,1324.15357,11384.856643,183300,11456.25,196923,226316,212693,calib_c1 20261008-130316-m7-c1; i>=80 linear extrap,0,0
20261010-055332-d4-sim2,2026-10-10T05:57:29+00:00,toolagent,0.1,18330,11.6,local,S3FIFO+WB,S3FIFO,WB,deferred,11533.329975,1324.15357,11384.856643,178439,11152.4375,196923,226316,212693,calib_c1 20261008-130316-m7-c1; i>=80 linear extrap,0,0
20261010-055332-d4-sim2,2026-10-10T05:57:30+00:00,toolagent,0.1,18330,11.6,local,S3FIFO+WB2,S3FIFO,WB2,deferred,12701.07569,2491.899285,12513.24794,24034,1502.125,196923,226316,212693,calib_c1 20261008-130316-m7-c1; i>=80 linear extrap,0,0
20261010-055332-d4-sim2,2026-10-10T05:57:30+00:00,toolagent,0.1,18330,11.6,local,S3FIFO+H2,S3FIFO,H2,deferred,12701.07569,2491.899285,12513.24794,39481,2467.5625,196923,226316,212693,calib_c1 20261008-130316-m7-c1; i>=80 linear extrap,0,0
20261010-055332-d4-sim2,2026-10-10T05:57:31+00:00,toolagent,0.1,18330,11.6,local,S3FIFO+NONE,S3FIFO,NONE,deferred,12800.289562,2591.113156,12616.953346,0,0.0,196923,226316,212693,calib_c1 20261008-130316-m7-c1; i>=80 linear extrap,0,0
20261010-055332-d4-sim2,2026-10-10T05:57:32+00:00,toolagent,0.1,18330,11.6,local,WTPa+WBR,WTPa,WBR,wtp_a,11428.551405,1219.375,11306.988867,0,0.0,226316,226316,39481,calib_c1 20261008-130316-m7-c1; i>=80 linear extrap,0,0
20261010-055332-d4-sim2,2026-10-10T05:57:32+00:00,toolagent,0.1,18330,11.6,local,WTPa+WTR,WTPa,WTR,wtp_a,11428.551405,1219.375,11306.988867,39481,2467.5625,226316,226316,39481,calib_c1 20261008-130316-m7-c1; i>=80 linear extrap,0,0
20261010-055332-d4-sim2,2026-10-10T05:57:33+00:00,toolagent,0.1,18330,11.6,local,WTPb+WB,WTPb,WB,wtp_b,11445.241544,1236.065139,11319.497113,165667,10354.1875,221634,226316,47564,calib_c1 20261008-130316-m7-c1; i>=80 linear extrap,0,0
20261010-055332-d4-sim2,2026-10-10T05:57:34+00:00,toolagent,0.1,18330,11.6,local,OPT-BELADY,BELADY,NEED,opt,11428.551405,1219.375,11306.988867,0,0.0,226316,226316,39481,calib_c1 20261008-130316-m7-c1; i>=80 linear extrap,0,0
20261010-055332-d4-sim2,2026-10-10T05:57:34+00:00,toolagent,0.1,18330,11.6,local,OPT-COST,COSTBELADY,NEED,opt,11428.551405,1219.375,11306.988867,0,0.0,226316,226316,39481,calib_c1 20261008-130316-m7-c1; i>=80 linear extrap,0,0
20261010-055332-d4-sim2,2026-10-10T05:57:35+00:00,toolagent,0.1,18330,11.6,local,KEVa+WBR,KEVa,WBR,kev_a,11428.551405,1219.375,11306.988867,0,0.0,226316,226316,183300,calib_c1 20261008-130316-m7-c1; i>=80 linear extrap,0,0
20261010-055332-d4-sim2,2026-10-10T05:57:35+00:00,toolagent,0.1,18330,11.6,local,KEVa+WB,KEVa,WB,kev_a,11428.551405,1219.375,11306.988867,164970,10310.625,226316,226316,183300,calib_c1 20261008-130316-m7-c1; i>=80 linear extrap,0,0
20261010-055332-d4-sim2,2026-10-10T05:57:36+00:00,toolagent,0.1,18330,11.6,local,KEVb+WB,KEVb,WB,kev_b,11439.455962,1230.279557,11315.154134,165068,10316.75,223257,226316,186359,calib_c1 20261008-130316-m7-c1; i>=80 linear extrap,0,0
20261010-055332-d4-sim2,2026-10-10T05:57:37+00:00,toolagent,0.1,18330,11.6,nfs,LRU+WT,LRU,WT,deferred,12414.09,2204.913595,12280.481547,2105,131.5625,207948,226316,201668,calib_c1 20261008-130316-m7-c1; i>=80 linear extrap,0,0
20261010-055332-d4-sim2,2026-10-10T05:57:38+00:00,toolagent,0.1,18330,11.6,nfs,LRU+WB,LRU,WB,deferred,12414.09,2204.913595,12280.481547,1946,121.625,207948,226316,201668,calib_c1 20261008-130316-m7-c1; i>=80 linear extrap,0,0
20261010-055332-d4-sim2,2026-10-10T05:57:38+00:00,toolagent,0.1,18330,11.6,nfs,LRU+WB2,LRU,WB2,deferred,12415.236346,2206.05994,12291.632907,311,19.4375,207948,226316,201668,calib_c1 20261008-130316-m7-c1; i>=80 linear extrap,0,0
20261010-055332-d4-sim2,2026-10-10T05:57:39+00:00,toolagent,0.1,18330,11.6,nfs,LRU+H2,LRU,H2,deferred,12415.236346,2206.05994,12291.632907,311,19.4375,207948,226316,201668,calib_c1 20261008-130316-m7-c1; i>=80 linear extrap,0,0
20261010-055332-d4-sim2,2026-10-10T05:57:40+00:00,toolagent,0.1,18330,11.6,nfs,LRU+NONE,LRU,NONE,deferred,12415.405381,2206.228975,12297.276384,0,0.0,207948,226316,201668,calib_c1 20261008-130316-m7-c1; i>=80 linear extrap,0,0
20261010-055332-d4-sim2,2026-10-10T05:57:40+00:00,toolagent,0.1,18330,11.6,nfs,2HIT+WT,2HIT,WT,deferred,13320.036406,3110.860001,13063.074783,2105,131.5625,186788,226316,39528,calib_c1 20261008-130316-m7-c1; i>=80 linear extrap,0,0
20261010-055332-d4-sim2,2026-10-10T05:57:41+00:00,toolagent,0.1,18330,11.6,nfs,2HIT+WB,2HIT,WB,deferred,13320.036406,3110.860001,13063.074783,2105,131.5625,186788,226316,39528,calib_c1 20261008-130316-m7-c1; i>=80 linear extrap,0,0
20261010-055332-d4-sim2,2026-10-10T05:57:41+00:00,toolagent,0.1,18330,11.6,nfs,2HIT+WB2,2HIT,WB2,deferred,13326.206124,3117.029719,13124.424248,248,15.5,186788,226316,39528,calib_c1 20261008-130316-m7-c1; i>=80 linear extrap,0,0
20261010-055332-d4-sim2,2026-10-10T05:57:42+00:00,toolagent,0.1,18330,11.6,nfs,2HIT+H2,2HIT,H2,deferred,13326.206124,3117.029719,13124.424248,311,19.4375,186788,226316,39528,calib_c1 20261008-130316-m7-c1; i>=80 linear extrap,0,0
20261010-055332-d4-sim2,2026-10-10T05:57:42+00:00,toolagent,0.1,18330,11.6,nfs,2HIT+NONE,2HIT,NONE,deferred,13326.206124,3117.029719,13124.424248,0,0.0,186788,226316,39528,calib_c1 20261008-130316-m7-c1; i>=80 linear extrap,0,0
20261010-055332-d4-sim2,2026-10-10T05:57:43+00:00,toolagent,0.1,18330,11.6,nfs,SLRU+WT,SLRU,WT,deferred,13350.833405,3141.657,13174.724977,2105,131.5625,186925,226316,222691,calib_c1 20261008-130316-m7-c1; i>=80 linear extrap,0,0
20261010-055332-d4-sim2,2026-10-10T05:57:44+00:00,toolagent,0.1,18330,11.6,nfs,SLRU+WB,SLRU,WB,deferred,13350.833405,3141.657,13174.724977,1983,123.9375,186925,226316,222691,calib_c1 20261008-130316-m7-c1; i>=80 linear extrap,0,0
20261010-055332-d4-sim2,2026-10-10T05:57:44+00:00,toolagent,0.1,18330,11.6,nfs,SLRU+WB2,SLRU,WB2,deferred,13353.146811,3143.970406,13198.047438,240,15.0,186925,226316,222691,calib_c1 20261008-130316-m7-c1; i>=80 linear extrap,0,0
20261010-055332-d4-sim2,2026-10-10T05:57:45+00:00,toolagent,0.1,18330,11.6,nfs,SLRU+H2,SLRU,H2,deferred,13353.146811,3143.970406,13198.047438,311,19.4375,186925,226316,222691,calib_c1 20261008-130316-m7-c1; i>=80 linear extrap,0,0
20261010-055332-d4-sim2,2026-10-10T05:57:45+00:00,toolagent,0.1,18330,11.6,nfs,SLRU+NONE,SLRU,NONE,deferred,13353.207935,3144.031529,13200.404786,0,0.0,186925,226316,222691,calib_c1 20261008-130316-m7-c1; i>=80 linear extrap,0,0
20261010-055332-d4-sim2,2026-10-10T05:57:46+00:00,toolagent,0.1,18330,11.6,nfs,ARC+WT,ARC,WT,deferred,12262.322529,2053.146124,12100.329184,2105,131.5625,208953,226316,200663,calib_c1 20261008-130316-m7-c1; i>=80 linear extrap,0,0
20261010-055332-d4-sim2,2026-10-10T05:57:47+00:00,toolagent,0.1,18330,11.6,nfs,ARC+WB,ARC,WB,deferred,12262.322529,2053.146124,12100.329184,1942,121.375,208953,226316,200663,calib_c1 20261008-130316-m7-c1; i>=80 linear extrap,0,0
20261010-055332-d4-sim2,2026-10-10T05:57:47+00:00,toolagent,0.1,18330,11.6,nfs,ARC+WB2,ARC,WB2,deferred,12263.468875,2054.292469,12110.441152,301,18.8125,208953,226316,200663,calib_c1 20261008-130316-m7-c1; i>=80 linear extrap,0,0
20261010-055332-d4-sim2,2026-10-10T05:57:48+00:00,toolagent,0.1,18330,11.6,nfs,ARC+H2,ARC,H2,deferred,12263.468875,2054.292469,12110.441152,311,19.4375,208953,226316,200663,calib_c1 20261008-130316-m7-c1; i>=80 linear extrap,0,0
20261010-055332-d4-sim2,2026-10-10T05:57:48+00:00,toolagent,0.1,18330,11.6,nfs,ARC+NONE,ARC,NONE,deferred,12263.48104,2054.304635,12110.295481,0,0.0,208953,226316,200663,calib_c1 20261008-130316-m7-c1; i>=80 linear extrap,0,0
20261010-055332-d4-sim2,2026-10-10T05:57:49+00:00,toolagent,0.1,18330,11.6,nfs,S3FIFO+WT,S3FIFO,WT,deferred,12797.963991,2588.787585,12594.797811,2105,131.5625,196923,226316,212693,calib_c1 20261008-130316-m7-c1; i>=80 linear extrap,0,0
20261010-055332-d4-sim2,2026-10-10T05:57:49+00:00,toolagent,0.1,18330,11.6,nfs,S3FIFO+WB,S3FIFO,WB,deferred,12797.963991,2588.787585,12594.797811,2041,127.5625,196923,226316,212693,calib_c1 20261008-130316-m7-c1; i>=80 linear extrap,0,0
20261010-055332-d4-sim2,2026-10-10T05:57:50+00:00,toolagent,0.1,18330,11.6,nfs,S3FIFO+WB2,S3FIFO,WB2,deferred,12800.277396,2591.100991,12617.099016,286,17.875,196923,226316,212693,calib_c1 20261008-130316-m7-c1; i>=80 linear extrap,0,0
20261010-055332-d4-sim2,2026-10-10T05:57:51+00:00,toolagent,0.1,18330,11.6,nfs,S3FIFO+H2,S3FIFO,H2,deferred,12800.277396,2591.100991,12617.099016,311,19.4375,196923,226316,212693,calib_c1 20261008-130316-m7-c1; i>=80 linear extrap,0,0
20261010-055332-d4-sim2,2026-10-10T05:57:51+00:00,toolagent,0.1,18330,11.6,nfs,S3FIFO+NONE,S3FIFO,NONE,deferred,12800.289562,2591.113156,12616.953346,0,0.0,196923,226316,212693,calib_c1 20261008-130316-m7-c1; i>=80 linear extrap,0,0
20261010-055332-d4-sim2,2026-10-10T05:57:52+00:00,toolagent,0.1,18330,11.6,nfs,WTPa+WBR,WTPa,WBR,wtp_a,11428.551405,1219.375,11306.988867,0,0.0,226316,226316,39481,calib_c1 20261008-130316-m7-c1; i>=80 linear extrap,0,0
20261010-055332-d4-sim2,2026-10-10T05:57:52+00:00,toolagent,0.1,18330,11.6,nfs,WTPa+WTR,WTPa,WTR,wtp_a,11428.551405,1219.375,11306.988867,311,19.4375,226316,226316,39481,calib_c1 20261008-130316-m7-c1; i>=80 linear extrap,0,0
20261010-055332-d4-sim2,2026-10-10T05:57:53+00:00,toolagent,0.1,18330,11.6,nfs,WTPb+WB,WTPb,WB,wtp_b,11599.177755,1390.00135,11472.964709,2039,127.4375,221634,226316,47564,calib_c1 20261008-130316-m7-c1; i>=80 linear extrap,0,0
20261010-055332-d4-sim2,2026-10-10T05:57:53+00:00,toolagent,0.1,18330,11.6,nfs,OPT-BELADY,BELADY,NEED,opt,11428.551405,1219.375,11306.988867,0,0.0,226316,226316,39481,calib_c1 20261008-130316-m7-c1; i>=80 linear extrap,0,0
20261010-055332-d4-sim2,2026-10-10T05:57:54+00:00,toolagent,0.1,18330,11.6,nfs,OPT-COST,COSTBELADY,NEED,opt,11428.551405,1219.375,11306.988867,0,0.0,226316,226316,39481,calib_c1 20261008-130316-m7-c1; i>=80 linear extrap,0,0
20261010-055332-d4-sim2,2026-10-10T05:57:55+00:00,toolagent,0.1,18330,11.6,nfs,KEVa+WBR,KEVa,WBR,kev_a,11428.551405,1219.375,11306.988867,0,0.0,226316,226316,183300,calib_c1 20261008-130316-m7-c1; i>=80 linear extrap,0,0
20261010-055332-d4-sim2,2026-10-10T05:57:55+00:00,toolagent,0.1,18330,11.6,nfs,KEVa+WB,KEVa,WB,kev_a,11428.551405,1219.375,11306.988867,1946,121.625,226316,226316,183300,calib_c1 20261008-130316-m7-c1; i>=80 linear extrap,0,0
20261010-055332-d4-sim2,2026-10-10T05:57:56+00:00,toolagent,0.1,18330,11.6,nfs,KEVb+WB,KEVb,WB,kev_b,11555.614192,1346.437787,11429.389923,2034,127.125,223257,226316,186359,calib_c1 20261008-130316-m7-c1; i>=80 linear extrap,0,0
20261010-055332-d4-sim2,2026-10-10T05:57:59+00:00,toolagent,0.25,45825,3.69,local,LRU+WT,LRU,WT,deferred,12235.310388,2026.133982,11871.754929,183300,11456.25,225646,226316,183970,calib_c1 20261008-130316-m7-c1; i>=80 linear extrap,0,0
20261010-055332-d4-sim2,2026-10-10T05:58:00+00:00,toolagent,0.25,45825,3.69,local,LRU+WB,LRU,WB,deferred,14034.30528,3825.128875,12842.511381,137943,8621.4375,225646,226316,183970,calib_c1 20261008-130316-m7-c1; i>=80 linear extrap,0,0
20261010-055332-d4-sim2,2026-10-10T05:58:01+00:00,toolagent,0.25,45825,3.69,local,LRU+WB2,LRU,WB2,deferred,14048.542928,3839.366522,12855.736166,27541,1721.3125,225646,226316,183970,calib_c1 20261008-130316-m7-c1; i>=80 linear extrap,0,0
20261010-055332-d4-sim2,2026-10-10T05:58:01+00:00,toolagent,0.25,45825,3.69,local,LRU+H2,LRU,H2,deferred,12560.579469,2351.403064,12073.945837,39481,2467.5625,225646,226316,183970,calib_c1 20261008-130316-m7-c1; i>=80 linear extrap,0,0
20261010-055332-d4-sim2,2026-10-10T05:58:02+00:00,toolagent,0.25,45825,3.69,local,LRU+NONE,LRU,NONE,deferred,14067.725982,3858.549577,12875.109584,0,0.0,225646,226316,183970,calib_c1 20261008-130316-m7-c1; i>=80 linear extrap,0,0
20261010-055332-d4-sim2,2026-10-10T05:58:02+00:00,toolagent,0.25,45825,3.69,local,2HIT+WT,2HIT,WT,deferred,12235.310388,2026.133982,11871.754929,183300,11456.25,186835,226316,39481,calib_c1 20261008-130316-m7-c1; i>=80 linear extrap,0,0
20261010-055332-d4-sim2,2026-10-10T05:58:03+00:00,toolagent,0.25,45825,3.69,local,2HIT+WB,2HIT,WB,deferred,12235.310388,2026.133982,11871.754929,183300,11456.25,186835,226316,39481,calib_c1 20261008-130316-m7-c1; i>=80 linear extrap,0,0
20261010-055332-d4-sim2,2026-10-10T05:58:04+00:00,toolagent,0.25,45825,3.69,local,2HIT+WB2,2HIT,WB2,deferred,15482.270549,5273.094144,14363.294086,0,0.0,186835,226316,39481,calib_c1 20261008-130316-m7-c1; i>=80 linear extrap,0,0
20261010-055332-d4-sim2,2026-10-10T05:58:04+00:00,toolagent,0.25,45825,3.69,local,2HIT+H2,2HIT,H2,deferred,13990.394444,3781.218039,13576.478579,39481,2467.5625,186835,226316,39481,calib_c1 20261008-130316-m7-c1; i>=80 linear extrap,0,0
20261010-055332-d4-sim2,2026-10-10T05:58:05+00:00,toolagent,0.25,45825,3.69,local,2HIT+NONE,2HIT,NONE,deferred,15482.270549,5273.094144,14363.294086,0,0.0,186835,226316,39481,calib_c1 20261008-130316-m7-c1; i>=80 linear extrap,0,0
20261010-055332-d4-sim2,2026-10-10T05:58:05+00:00,toolagent,0.25,45825,3.69,local,SLRU+WT,SLRU,WT,deferred,12235.310388,2026.133982,11871.754929,183300,11456.25,222683,226316,186933,calib_c1 20261008-130316-m7-c1; i>=80 linear extrap,0,0
20261010-055332-d4-sim2,2026-10-10T05:58:06+00:00,toolagent,0.25,45825,3.69,local,SLRU+WB,SLRU,WB,deferred,13999.690337,3790.513932,12822.39819,138973,8685.8125,222683,226316,186933,calib_c1 20261008-130316-m7-c1; i>=80 linear extrap,0,0
20261010-055332-d4-sim2,2026-10-10T05:58:06+00:00,toolagent,0.25,45825,3.69,local,SLRU+WB2,SLRU,WB2,deferred,14153.755368,3944.578963,12965.28213,2009,125.5625,222683,226316,186933,calib_c1 20261008-130316-m7-c1; i>=80 linear extrap,0,0
20261010-055332-d4-sim2,2026-10-10T05:58:07+00:00,toolagent,0.25,45825,3.69,local,SLRU+H2,SLRU,H2,deferred,12663.739767,2454.563361,12182.267426,39481,2467.5625,222683,226316,186933,calib_c1 20261008-130316-m7-c1; i>=80 linear extrap,0,0
20261010-055332-d4-sim2,2026-10-10T05:58:08+00:00,toolagent,0.25,45825,3.69,local,SLRU+NONE,SLRU,NONE,deferred,14162.591681,3953.415276,12973.685093,0,0.0,222683,226316,186933,calib_c1 20261008-130316-m7-c1; i>=80 linear extrap,0,0
20261010-055332-d4-sim2,2026-10-10T05:58:08+00:00,toolagent,0.25,45825,3.69,local,ARC+WT,ARC,WT,deferred,12235.310388,2026.133982,11871.754929,183300,11456.25,222598,226316,187018,calib_c1 20261008-130316-m7-c1; i>=80 linear extrap,0,0
20261010-055332-d4-sim2,2026-10-10T05:58:09+00:00,toolagent,0.25,45825,3.69,local,ARC+WB,ARC,WB,deferred,13997.151109,3787.974704,12820.927969,141136,8821.0,222598,226316,187018,calib_c1 20261008-130316-m7-c1; i>=80 linear extrap,0,0
20261010-055332-d4-sim2,2026-10-10T05:58:09+00:00,toolagent,0.25,45825,3.69,local,ARC+WB2,ARC,WB2,deferred,14163.230619,3954.054214,12974.466343,57,3.5625,222598,226316,187018,calib_c1 20261008-130316-m7-c1; i>=80 linear extrap,0,0
20261010-055332-d4-sim2,2026-10-10T05:58:10+00:00,toolagent,0.25,45825,3.69,local,ARC+H2,ARC,H2,deferred,12671.530184,2462.353779,12190.317847,39481,2467.5625,222598,226316,187018,calib_c1 20261008-130316-m7-c1; i>=80 linear extrap,0,0
20261010-055332-d4-sim2,2026-10-10T05:58:11+00:00,toolagent,0.25,45825,3.69,local,ARC+NONE,ARC,NONE,deferred,14163.594967,3954.418562,12974.837109,0,0.0,222598,226316,187018,calib_c1 20261008-130316-m7-c1; i>=80 linear extrap,0,0
20261010-055332-d4-sim2,2026-10-10T05:58:11+00:00,toolagent,0.25,45825,3.69,local,S3FIFO+WT,S3FIFO,WT,deferred,12235.310388,2026.133982,11871.754929,183300,11456.25,222597,226316,187019,calib_c1 20261008-130316-m7-c1; i>=80 linear extrap,0,0
20261010-055332-d4-sim2,2026-10-10T05:58:12+00:00,toolagent,0.25,45825,3.69,local,S3FIFO+WB,S3FIFO,WB,deferred,13997.135139,3787.958734,12820.927969,141157,8822.3125,222597,226316,187019,calib_c1 20261008-130316-m7-c1; i>=80 linear extrap,0,0
20261010-055332-d4-sim2,2026-10-10T05:58:12+00:00,toolagent,0.25,45825,3.69,local,S3FIFO+WB2,S3FIFO,WB2,deferred,14163.267152,3954.090747,12974.477539,37,2.3125,222597,226316,187019,calib_c1 20261008-130316-m7-c1; i>=80 linear extrap,0,0
20261010-055332-d4-sim2,2026-10-10T05:58:13+00:00,toolagent,0.25,45825,3.69,local,S3FIFO+H2,S3FIFO,H2,deferred,12671.566717,2462.390312,12190.309862,39481,2467.5625,222597,226316,187019,calib_c1 20261008-130316-m7-c1; i>=80 linear extrap,0,0
20261010-055332-d4-sim2,2026-10-10T05:58:14+00:00,toolagent,0.25,45825,3.69,local,S3FIFO+NONE,S3FIFO,NONE,deferred,14163.631501,3954.455095,12974.848304,0,0.0,222597,226316,187019,calib_c1 20261008-130316-m7-c1; i>=80 linear extrap,0,0
20261010-055332-d4-sim2,2026-10-10T05:58:14+00:00,toolagent,0.25,45825,3.69,local,WTPa+WBR,WTPa,WBR,wtp_a,14042.441988,3833.265583,12847.27499,0,0.0,226316,226316,39481,calib_c1 20261008-130316-m7-c1; i>=80 linear extrap,0,0
20261010-055332-d4-sim2,2026-10-10T05:58:15+00:00,toolagent,0.25,45825,3.69,local,WTPa+WTR,WTPa,WTR,wtp_a,12235.310388,2026.133982,11871.754929,39481,2467.5625,226316,226316,39481,calib_c1 20261008-130316-m7-c1; i>=80 linear extrap,0,0
20261010-055332-d4-sim2,2026-10-10T05:58:15+00:00,toolagent,0.25,45825,3.69,local,WTPb+WB,WTPb,WB,wtp_b,12885.46446,2676.288055,12257.861595,138431,8651.9375,222010,226316,47357,calib_c1 20261008-130316-m7-c1; i>=80 linear extrap,0,0
20261010-055332-d4-sim2,2026-10-10T05:58:16+00:00,toolagent,0.25,45825,3.69,local,OPT-BELADY,BELADY,NEED,opt,14042.441988,3833.265583,12847.27499,0,0.0,226316,226316,39481,calib_c1 20261008-130316-m7-c1; i>=80 linear extrap,0,0
20261010-055332-d4-sim2,2026-10-10T05:58:16+00:00,toolagent,0.25,45825,3.69,local,OPT-COST,COSTBELADY,NEED,opt,12235.310388,2026.133982,11871.754929,39481,2467.5625,0,226316,0,calib_c1 20261008-130316-m7-c1; i>=80 linear extrap,0,0
20261010-055332-d4-sim2,2026-10-10T05:58:17+00:00,toolagent,0.25,45825,3.69,local,KEVa+WBR,KEVa,WBR,kev_a,14042.441988,3833.265583,12847.27499,0,0.0,226316,226316,183300,calib_c1 20261008-130316-m7-c1; i>=80 linear extrap,0,0
20261010-055332-d4-sim2,2026-10-10T05:58:18+00:00,toolagent,0.25,45825,3.69,local,KEVa+WB,KEVa,WB,kev_a,14042.441988,3833.265583,12847.27499,137475,8592.1875,226316,226316,183300,calib_c1 20261008-130316-m7-c1; i>=80 linear extrap,0,0
20261010-055332-d4-sim2,2026-10-10T05:58:18+00:00,toolagent,0.25,45825,3.69,local,KEVb+WB,KEVb,WB,kev_b,13340.289643,3131.113238,12500.169543,137885,8617.8125,225906,226316,183710,calib_c1 20261008-130316-m7-c1; i>=80 linear extrap,0,0
20261010-055332-d4-sim2,2026-10-10T05:58:19+00:00,toolagent,0.25,45825,3.69,nfs,LRU+WT,LRU,WT,deferred,14067.725982,3858.549577,12875.109584,2105,131.5625,225646,226316,183970,calib_c1 20261008-130316-m7-c1; i>=80 linear extrap,0,0
20261010-055332-d4-sim2,2026-10-10T05:58:20+00:00,toolagent,0.25,45825,3.69,nfs,LRU+WB,LRU,WB,deferred,14067.725982,3858.549577,12875.109584,1757,109.8125,225646,226316,183970,calib_c1 20261008-130316-m7-c1; i>=80 linear extrap,0,0
20261010-055332-d4-sim2,2026-10-10T05:58:20+00:00,toolagent,0.25,45825,3.69,nfs,LRU+WB2,LRU,WB2,deferred,14067.725982,3858.549577,12875.109584,298,18.625,225646,226316,183970,calib_c1 20261008-130316-m7-c1; i>=80 linear extrap,0,0
20261010-055332-d4-sim2,2026-10-10T05:58:21+00:00,toolagent,0.25,45825,3.69,nfs,LRU+H2,LRU,H2,deferred,14067.725982,3858.549577,12875.109584,311,19.4375,225646,226316,183970,calib_c1 20261008-130316-m7-c1; i>=80 linear extrap,0,0
20261010-055332-d4-sim2,2026-10-10T05:58:21+00:00,toolagent,0.25,45825,3.69,nfs,LRU+NONE,LRU,NONE,deferred,14067.725982,3858.549577,12875.109584,0,0.0,225646,226316,183970,calib_c1 20261008-130316-m7-c1; i>=80 linear extrap,0,0
20261010-055332-d4-sim2,2026-10-10T05:58:22+00:00,toolagent,0.25,45825,3.69,nfs,2HIT+WT,2HIT,WT,deferred,15476.100831,5266.924426,14301.580027,2105,131.5625,186835,226316,39481,calib_c1 20261008-130316-m7-c1; i>=80 linear extrap,0,0
20261010-055332-d4-sim2,2026-10-10T05:58:22+00:00,toolagent,0.25,45825,3.69,nfs,2HIT+WB,2HIT,WB,deferred,15476.100831,5266.924426,14301.580027,2105,131.5625,186835,226316,39481,calib_c1 20261008-130316-m7-c1; i>=80 linear extrap,0,0
20261010-055332-d4-sim2,2026-10-10T05:58:23+00:00,toolagent,0.25,45825,3.69,nfs,2HIT+WB2,2HIT,WB2,deferred,15482.270549,5273.094144,14363.294086,0,0.0,186835,226316,39481,calib_c1 20261008-130316-m7-c1; i>=80 linear extrap,0,0
20261010-055332-d4-sim2,2026-10-10T05:58:24+00:00,toolagent,0.25,45825,3.69,nfs,2HIT+H2,2HIT,H2,deferred,15482.270549,5273.094144,14363.294086,311,19.4375,186835,226316,39481,calib_c1 20261008-130316-m7-c1; i>=80 linear extrap,0,0
20261010-055332-d4-sim2,2026-10-10T05:58:24+00:00,toolagent,0.25,45825,3.69,nfs,2HIT+NONE,2HIT,NONE,deferred,15482.270549,5273.094144,14363.294086,0,0.0,186835,226316,39481,calib_c1 20261008-130316-m7-c1; i>=80 linear extrap,0,0
20261010-055332-d4-sim2,2026-10-10T05:58:25+00:00,toolagent,0.25,45825,3.69,nfs,SLRU+WT,SLRU,WT,deferred,14162.576227,3953.399822,12973.90673,2105,131.5625,222683,226316,186933,calib_c1 20261008-130316-m7-c1; i>=80 linear extrap,0,0
20261010-055332-d4-sim2,2026-10-10T05:58:25+00:00,toolagent,0.25,45825,3.69,nfs,SLRU+WB,SLRU,WB,deferred,14162.576227,3953.399822,12973.90673,1709,106.8125,222683,226316,186933,calib_c1 20261008-130316-m7-c1; i>=80 linear extrap,0,0
20261010-055332-d4-sim2,2026-10-10T05:58:26+00:00,toolagent,0.25,45825,3.69,nfs,SLRU+WB2,SLRU,WB2,deferred,14162.591681,3953.415276,12973.685093,2,0.125,222683,226316,186933,calib_c1 20261008-130316-m7-c1; i>=80 linear extrap,0,0
20261010-055332-d4-sim2,2026-10-10T05:58:27+00:00,toolagent,0.25,45825,3.69,nfs,SLRU+H2,SLRU,H2,deferred,14162.591681,3953.415276,12973.685093,311,19.4375,222683,226316,186933,calib_c1 20261008-130316-m7-c1; i>=80 linear extrap,0,0
20261010-055332-d4-sim2,2026-10-10T05:58:27+00:00,toolagent,0.25,45825,3.69,nfs,SLRU+NONE,SLRU,NONE,deferred,14162.591681,3953.415276,12973.685093,0,0.0,222683,226316,186933,calib_c1 20261008-130316-m7-c1; i>=80 linear extrap,0,0
20261010-055332-d4-sim2,2026-10-10T05:58:28+00:00,toolagent,0.25,45825,3.69,nfs,ARC+WT,ARC,WT,deferred,14163.579514,3954.403109,12975.058746,2105,131.5625,222598,226316,187018,calib_c1 20261008-130316-m7-c1; i>=80 linear extrap,0,0
20261010-055332-d4-sim2,2026-10-10T05:58:28+00:00,toolagent,0.25,45825,3.69,nfs,ARC+WB,ARC,WB,deferred,14163.579514,3954.403109,12975.058746,1745,109.0625,222598,226316,187018,calib_c1 20261008-130316-m7-c1; i>=80 linear extrap,0,0
20261010-055332-d4-sim2,2026-10-10T05:58:29+00:00,toolagent,0.25,45825,3.69,nfs,ARC+WB2,ARC,WB2,deferred,14163.594967,3954.418562,12974.837109,0,0.0,222598,226316,187018,calib_c1 20261008-130316-m7-c1; i>=80 linear extrap,0,0
20261010-055332-d4-sim2,2026-10-10T05:58:29+00:00,toolagent,0.25,45825,3.69,nfs,ARC+H2,ARC,H2,deferred,14163.594967,3954.418562,12974.837109,311,19.4375,222598,226316,187018,calib_c1 20261008-130316-m7-c1; i>=80 linear extrap,0,0
20261010-055332-d4-sim2,2026-10-10T05:58:30+00:00,toolagent,0.25,45825,3.69,nfs,ARC+NONE,ARC,NONE,deferred,14163.594967,3954.418562,12974.837109,0,0.0,222598,226316,187018,calib_c1 20261008-130316-m7-c1; i>=80 linear extrap,0,0
20261010-055332-d4-sim2,2026-10-10T05:58:31+00:00,toolagent,0.25,45825,3.69,nfs,S3FIFO+WT,S3FIFO,WT,deferred,14163.616047,3954.439642,12975.069941,2105,131.5625,222597,226316,187019,calib_c1 20261008-130316-m7-c1; i>=80 linear extrap,0,0
20261010-055332-d4-sim2,2026-10-10T05:58:31+00:00,toolagent,0.25,45825,3.69,nfs,S3FIFO+WB,S3FIFO,WB,deferred,14163.616047,3954.439642,12975.069941,1745,109.0625,222597,226316,187019,calib_c1 20261008-130316-m7-c1; i>=80 linear extrap,0,0
20261010-055332-d4-sim2,2026-10-10T05:58:32+00:00,toolagent,0.25,45825,3.69,nfs,S3FIFO+WB2,S3FIFO,WB2,deferred,14163.631501,3954.455095,12974.848304,0,0.0,222597,226316,187019,calib_c1 20261008-130316-m7-c1; i>=80 linear extrap,0,0
20261010-055332-d4-sim2,2026-10-10T05:58:32+00:00,toolagent,0.25,45825,3.69,nfs,S3FIFO+H2,S3FIFO,H2,deferred,14163.631501,3954.455095,12974.848304,311,19.4375,222597,226316,187019,calib_c1 20261008-130316-m7-c1; i>=80 linear extrap,0,0
20261010-055332-d4-sim2,2026-10-10T05:58:33+00:00,toolagent,0.25,45825,3.69,nfs,S3FIFO+NONE,S3FIFO,NONE,deferred,14163.631501,3954.455095,12974.848304,0,0.0,222597,226316,187019,calib_c1 20261008-130316-m7-c1; i>=80 linear extrap,0,0
20261010-055332-d4-sim2,2026-10-10T05:58:33+00:00,toolagent,0.25,45825,3.69,nfs,WTPa+WBR,WTPa,WBR,wtp_a,14042.441988,3833.265583,12847.27499,0,0.0,226316,226316,39481,calib_c1 20261008-130316-m7-c1; i>=80 linear extrap,0,0
20261010-055332-d4-sim2,2026-10-10T05:58:34+00:00,toolagent,0.25,45825,3.69,nfs,WTPa+WTR,WTPa,WTR,wtp_a,14042.441988,3833.265583,12847.27499,311,19.4375,226316,226316,39481,calib_c1 20261008-130316-m7-c1; i>=80 linear extrap,0,0
20261010-055332-d4-sim2,2026-10-10T05:58:35+00:00,toolagent,0.25,45825,3.69,nfs,WTPb+WB,WTPb,WB,wtp_b,14146.282546,3937.106141,12962.224162,1831,114.4375,222010,226316,47357,calib_c1 20261008-130316-m7-c1; i>=80 linear extrap,0,0
20261010-055332-d4-sim2,2026-10-10T05:58:35+00:00,toolagent,0.25,45825,3.69,nfs,OPT-BELADY,BELADY,NEED,opt,14042.441988,3833.265583,12847.27499,0,0.0,226316,226316,39481,calib_c1 20261008-130316-m7-c1; i>=80 linear extrap,0,0
20261010-055332-d4-sim2,2026-10-10T05:58:36+00:00,toolagent,0.25,45825,3.69,nfs,OPT-COST,COSTBELADY,NEED,opt,14042.441988,3833.265583,12847.27499,0,0.0,226316,226316,39481,calib_c1 20261008-130316-m7-c1; i>=80 linear extrap,0,0
20261010-055332-d4-sim2,2026-10-10T05:58:36+00:00,toolagent,0.25,45825,3.69,nfs,KEVa+WBR,KEVa,WBR,kev_a,14042.441988,3833.265583,12847.27499,0,0.0,226316,226316,183300,calib_c1 20261008-130316-m7-c1; i>=80 linear extrap,0,0
20261010-055332-d4-sim2,2026-10-10T05:58:37+00:00,toolagent,0.25,45825,3.69,nfs,KEVa+WB,KEVa,WB,kev_a,14042.441988,3833.265583,12847.27499,1746,109.125,226316,226316,183300,calib_c1 20261008-130316-m7-c1; i>=80 linear extrap,0,0
20261010-055332-d4-sim2,2026-10-10T05:58:38+00:00,toolagent,0.25,45825,3.69,nfs,KEVb+WB,KEVb,WB,kev_b,14058.691238,3849.514833,12863.836047,1821,113.8125,225906,226316,183710,calib_c1 20261008-130316-m7-c1; i>=80 linear extrap,0,0
20261010-055332-d4-sim2,2026-10-10T05:58:38+00:00,toolagent,0.25,45825,11.6,local,LRU+WT,LRU,WT,deferred,11430.939785,1221.76338,11308.706449,183300,11456.25,225646,226316,183970,calib_c1 20261008-130316-m7-c1; i>=80 linear extrap,0,0
20261010-055332-d4-sim2,2026-10-10T05:58:39+00:00,toolagent,0.25,45825,11.6,local,LRU+WB,LRU,WB,deferred,11430.939785,1221.76338,11308.706449,137943,8621.4375,225646,226316,183970,calib_c1 20261008-130316-m7-c1; i>=80 linear extrap,0,0
20261010-055332-d4-sim2,2026-10-10T05:58:40+00:00,toolagent,0.25,45825,11.6,local,LRU+WB2,LRU,WB2,deferred,11443.221109,1234.044704,11320.681735,27541,1721.3125,225646,226316,183970,calib_c1 20261008-130316-m7-c1; i>=80 linear extrap,0,0
20261010-055332-d4-sim2,2026-10-10T05:58:40+00:00,toolagent,0.25,45825,11.6,local,LRU+H2,LRU,H2,deferred,11443.221109,1234.044704,11320.681735,39481,2467.5625,225646,226316,183970,calib_c1 20261008-130316-m7-c1; i>=80 linear extrap,0,0
20261010-055332-d4-sim2,2026-10-10T05:58:41+00:00,toolagent,0.25,45825,11.6,local,LRU+NONE,LRU,NONE,deferred,11461.573724,1252.397319,11339.738782,0,0.0,225646,226316,183970,calib_c1 20261008-130316-m7-c1; i>=80 linear extrap,0,0
20261010-055332-d4-sim2,2026-10-10T05:58:41+00:00,toolagent,0.25,45825,11.6,local,2HIT+WT,2HIT,WT,deferred,11569.291129,1360.114724,11411.664125,183300,11456.25,186835,226316,39481,calib_c1 20261008-130316-m7-c1; i>=80 linear extrap,0,0
20261010-055332-d4-sim2,2026-10-10T05:58:42+00:00,toolagent,0.25,45825,11.6,local,2HIT+WB,2HIT,WB,deferred,11569.291129,1360.114724,11411.664125,183300,11456.25,186835,226316,39481,calib_c1 20261008-130316-m7-c1; i>=80 linear extrap,0,0
20261010-055332-d4-sim2,2026-10-10T05:58:42+00:00,toolagent,0.25,45825,11.6,local,2HIT+WB2,2HIT,WB2,deferred,13324.375186,3115.19878,13122.617229,0,0.0,186835,226316,39481,calib_c1 20261008-130316-m7-c1; i>=80 linear extrap,0,0
20261010-055332-d4-sim2,2026-10-10T05:58:43+00:00,toolagent,0.25,45825,11.6,local,2HIT+H2,2HIT,H2,deferred,13324.375186,3115.19878,13122.617229,39481,2467.5625,186835,226316,39481,calib_c1 20261008-130316-m7-c1; i>=80 linear extrap,0,0
20261010-055332-d4-sim2,2026-10-10T05:58:44+00:00,toolagent,0.25,45825,11.6,local,2HIT+NONE,2HIT,NONE,deferred,13324.375186,3115.19878,13122.617229,0,0.0,186835,226316,39481,calib_c1 20261008-130316-m7-c1; i>=80 linear extrap,0,0
20261010-055332-d4-sim2,2026-10-10T05:58:44+00:00,toolagent,0.25,45825,11.6,local,SLRU+WT,SLRU,WT,deferred,11441.502126,1232.325721,11316.548157,183300,11456.25,222683,226316,186933,calib_c1 20261008-130316-m7-c1; i>=80 linear extrap,0,0
20261010-055332-d4-sim2,2026-10-10T05:58:45+00:00,toolagent,0.25,45825,11.6,local,SLRU+WB,SLRU,WB,deferred,11441.502126,1232.325721,11316.548157,138973,8685.8125,222683,226316,186933,calib_c1 20261008-130316-m7-c1; i>=80 linear extrap,0,0
20261010-055332-d4-sim2,2026-10-10T05:58:45+00:00,toolagent,0.25,45825,11.6,local,SLRU+WB2,SLRU,WB2,deferred,11582.04058,1372.864175,11452.519861,2009,125.5625,222683,226316,186933,calib_c1 20261008-130316-m7-c1; i>=80 linear extrap,0,0
20261010-055332-d4-sim2,2026-10-10T05:58:46+00:00,toolagent,0.25,45825,11.6,local,SLRU+H2,SLRU,H2,deferred,11582.04058,1372.864175,11452.519861,39481,2467.5625,222683,226316,186933,calib_c1 20261008-130316-m7-c1; i>=80 linear extrap,0,0
20261010-055332-d4-sim2,2026-10-10T05:58:47+00:00,toolagent,0.25,45825,11.6,local,SLRU+NONE,SLRU,NONE,deferred,11590.661297,1381.484892,11460.931161,0,0.0,222683,226316,186933,calib_c1 20261008-130316-m7-c1; i>=80 linear extrap,0,0
20261010-055332-d4-sim2,2026-10-10T05:58:47+00:00,toolagent,0.25,45825,11.6,local,ARC+WT,ARC,WT,deferred,11441.80513,1232.628724,11316.791581,183300,11456.25,222598,226316,187018,calib_c1 20261008-130316-m7-c1; i>=80 linear extrap,0,0
20261010-055332-d4-sim2,2026-10-10T05:58:48+00:00,toolagent,0.25,45825,11.6,local,ARC+WB,ARC,WB,deferred,11441.80513,1232.628724,11316.791581,141136,8821.0,222598,226316,187018,calib_c1 20261008-130316-m7-c1; i>=80 linear extrap,0,0
20261010-055332-d4-sim2,2026-10-10T05:58:48+00:00,toolagent,0.25,45825,11.6,local,ARC+WB2,ARC,WB2,deferred,11592.369798,1383.193393,11462.131068,57,3.5625,222598,226316,187018,calib_c1 20261008-130316-m7-c1; i>=80 linear extrap,0,0
20261010-055332-d4-sim2,2026-10-10T05:58:49+00:00,toolagent,0.25,45825,11.6,local,ARC+H2,ARC,H2,deferred,11592.369798,1383.193393,11462.131068,39481,2467.5625,222598,226316,187018,calib_c1 20261008-130316-m7-c1; i>=80 linear extrap,0,0
20261010-055332-d4-sim2,2026-10-10T05:58:49+00:00,toolagent,0.25,45825,11.6,local,ARC+NONE,ARC,NONE,deferred,11592.646312,1383.469907,11462.447736,0,0.0,222598,226316,187018,calib_c1 20261008-130316-m7-c1; i>=80 linear extrap,0,0
20261010-055332-d4-sim2,2026-10-10T05:58:50+00:00,toolagent,0.25,45825,11.6,local,S3FIFO+WT,S3FIFO,WT,deferred,11441.808694,1232.632289,11316.795145,183300,11456.25,222597,226316,187019,calib_c1 20261008-130316-m7-c1; i>=80 linear extrap,0,0
20261010-055332-d4-sim2,2026-10-10T05:58:51+00:00,toolagent,0.25,45825,11.6,local,S3FIFO+WB,S3FIFO,WB,deferred,11441.808694,1232.632289,11316.795145,141157,8822.3125,222597,226316,187019,calib_c1 20261008-130316-m7-c1; i>=80 linear extrap,0,0
20261010-055332-d4-sim2,2026-10-10T05:58:51+00:00,toolagent,0.25,45825,11.6,local,S3FIFO+WB2,S3FIFO,WB2,deferred,11592.417881,1383.241476,11462.136455,37,2.3125,222597,226316,187019,calib_c1 20261008-130316-m7-c1; i>=80 linear extrap,0,0
20261010-055332-d4-sim2,2026-10-10T05:58:52+00:00,toolagent,0.25,45825,11.6,local,S3FIFO+H2,S3FIFO,H2,deferred,11592.417881,1383.241476,11462.136455,39481,2467.5625,222597,226316,187019,calib_c1 20261008-130316-m7-c1; i>=80 linear extrap,0,0
20261010-055332-d4-sim2,2026-10-10T05:58:52+00:00,toolagent,0.25,45825,11.6,local,S3FIFO+NONE,S3FIFO,NONE,deferred,11592.694395,1383.51799,11462.453123,0,0.0,222597,226316,187019,calib_c1 20261008-130316-m7-c1; i>=80 linear extrap,0,0
20261010-055332-d4-sim2,2026-10-10T05:58:53+00:00,toolagent,0.25,45825,11.6,local,WTPa+WBR,WTPa,WBR,wtp_a,11428.551405,1219.375,11306.988867,0,0.0,226316,226316,39481,calib_c1 20261008-130316-m7-c1; i>=80 linear extrap,0,0
20261010-055332-d4-sim2,2026-10-10T05:58:53+00:00,toolagent,0.25,45825,11.6,local,WTPa+WTR,WTPa,WTR,wtp_a,11428.551405,1219.375,11306.988867,39481,2467.5625,226316,226316,39481,calib_c1 20261008-130316-m7-c1; i>=80 linear extrap,0,0
20261010-055332-d4-sim2,2026-10-10T05:58:54+00:00,toolagent,0.25,45825,11.6,local,WTPb+WB,WTPb,WB,wtp_b,11443.9012,1234.724795,11318.534715,138431,8651.9375,222010,226316,47357,calib_c1 20261008-130316-m7-c1; i>=80 linear extrap,0,0
20261010-055332-d4-sim2,2026-10-10T05:58:55+00:00,toolagent,0.25,45825,11.6,local,OPT-BELADY,BELADY,NEED,opt,11428.551405,1219.375,11306.988867,0,0.0,226316,226316,39481,calib_c1 20261008-130316-m7-c1; i>=80 linear extrap,0,0
20261010-055332-d4-sim2,2026-10-10T05:58:55+00:00,toolagent,0.25,45825,11.6,local,OPT-COST,COSTBELADY,NEED,opt,11428.551405,1219.375,11306.988867,0,0.0,226316,226316,39481,calib_c1 20261008-130316-m7-c1; i>=80 linear extrap,0,0
20261010-055332-d4-sim2,2026-10-10T05:58:56+00:00,toolagent,0.25,45825,11.6,local,KEVa+WBR,KEVa,WBR,kev_a,11428.551405,1219.375,11306.988867,0,0.0,226316,226316,183300,calib_c1 20261008-130316-m7-c1; i>=80 linear extrap,0,0
20261010-055332-d4-sim2,2026-10-10T05:58:56+00:00,toolagent,0.25,45825,11.6,local,KEVa+WB,KEVa,WB,kev_a,11428.551405,1219.375,11306.988867,137475,8592.1875,226316,226316,183300,calib_c1 20261008-130316-m7-c1; i>=80 linear extrap,0,0
20261010-055332-d4-sim2,2026-10-10T05:58:57+00:00,toolagent,0.25,45825,11.6,local,KEVb+WB,KEVb,WB,kev_b,11430.012951,1220.836546,11308.074337,137885,8617.8125,225906,226316,183710,calib_c1 20261008-130316-m7-c1; i>=80 linear extrap,0,0
20261010-055332-d4-sim2,2026-10-10T05:58:58+00:00,toolagent,0.25,45825,11.6,nfs,LRU+WT,LRU,WT,deferred,11461.573724,1252.397319,11339.738782,2105,131.5625,225646,226316,183970,calib_c1 20261008-130316-m7-c1; i>=80 linear extrap,0,0
20261010-055332-d4-sim2,2026-10-10T05:58:58+00:00,toolagent,0.25,45825,11.6,nfs,LRU+WB,LRU,WB,deferred,11461.573724,1252.397319,11339.738782,1757,109.8125,225646,226316,183970,calib_c1 20261008-130316-m7-c1; i>=80 linear extrap,0,0
20261010-055332-d4-sim2,2026-10-10T05:58:59+00:00,toolagent,0.25,45825,11.6,nfs,LRU+WB2,LRU,WB2,deferred,11461.573724,1252.397319,11339.738782,298,18.625,225646,226316,183970,calib_c1 20261008-130316-m7-c1; i>=80 linear extrap,0,0
20261010-055332-d4-sim2,2026-10-10T05:59:00+00:00,toolagent,0.25,45825,11.6,nfs,LRU+H2,LRU,H2,deferred,11461.573724,1252.397319,11339.738782,311,19.4375,225646,226316,183970,calib_c1 20261008-130316-m7-c1; i>=80 linear extrap,0,0
20261010-055332-d4-sim2,2026-10-10T05:59:00+00:00,toolagent,0.25,45825,11.6,nfs,LRU+NONE,LRU,NONE,deferred,11461.573724,1252.397319,11339.738782,0,0.0,225646,226316,183970,calib_c1 20261008-130316-m7-c1; i>=80 linear extrap,0,0
20261010-055332-d4-sim2,2026-10-10T05:59:01+00:00,toolagent,0.25,45825,11.6,nfs,2HIT+WT,2HIT,WT,deferred,13318.205468,3109.029063,13061.267764,2105,131.5625,186835,226316,39481,calib_c1 20261008-130316-m7-c1; i>=80 linear extrap,0,0
20261010-055332-d4-sim2,2026-10-10T05:59:01+00:00,toolagent,0.25,45825,11.6,nfs,2HIT+WB,2HIT,WB,deferred,13318.205468,3109.029063,13061.267764,2105,131.5625,186835,226316,39481,calib_c1 20261008-130316-m7-c1; i>=80 linear extrap,0,0
20261010-055332-d4-sim2,2026-10-10T05:59:02+00:00,toolagent,0.25,45825,11.6,nfs,2HIT+WB2,2HIT,WB2,deferred,13324.375186,3115.19878,13122.617229,0,0.0,186835,226316,39481,calib_c1 20261008-130316-m7-c1; i>=80 linear extrap,0,0
20261010-055332-d4-sim2,2026-10-10T05:59:02+00:00,toolagent,0.25,45825,11.6,nfs,2HIT+H2,2HIT,H2,deferred,13324.375186,3115.19878,13122.617229,311,19.4375,186835,226316,39481,calib_c1 20261008-130316-m7-c1; i>=80 linear extrap,0,0
20261010-055332-d4-sim2,2026-10-10T05:59:03+00:00,toolagent,0.25,45825,11.6,nfs,2HIT+NONE,2HIT,NONE,deferred,13324.375186,3115.19878,13122.617229,0,0.0,186835,226316,39481,calib_c1 20261008-130316-m7-c1; i>=80 linear extrap,0,0
20261010-055332-d4-sim2,2026-10-10T05:59:04+00:00,toolagent,0.25,45825,11.6,nfs,SLRU+WT,SLRU,WT,deferred,11590.645844,1381.469439,11461.22681,2105,131.5625,222683,226316,186933,calib_c1 20261008-130316-m7-c1; i>=80 linear extrap,0,0
20261010-055332-d4-sim2,2026-10-10T05:59:04+00:00,toolagent,0.25,45825,11.6,nfs,SLRU+WB,SLRU,WB,deferred,11590.645844,1381.469439,11461.22681,1709,106.8125,222683,226316,186933,calib_c1 20261008-130316-m7-c1; i>=80 linear extrap,0,0
20261010-055332-d4-sim2,2026-10-10T05:59:05+00:00,toolagent,0.25,45825,11.6,nfs,SLRU+WB2,SLRU,WB2,deferred,11590.661297,1381.484892,11460.931161,2,0.125,222683,226316,186933,calib_c1 20261008-130316-m7-c1; i>=80 linear extrap,0,0
20261010-055332-d4-sim2,2026-10-10T05:59:05+00:00,toolagent,0.25,45825,11.6,nfs,SLRU+H2,SLRU,H2,deferred,11590.661297,1381.484892,11460.931161,311,19.4375,222683,226316,186933,calib_c1 20261008-130316-m7-c1; i>=80 linear extrap,0,0
20261010-055332-d4-sim2,2026-10-10T05:59:06+00:00,toolagent,0.25,45825,11.6,nfs,SLRU+NONE,SLRU,NONE,deferred,11590.661297,1381.484892,11460.931161,0,0.0,222683,226316,186933,calib_c1 20261008-130316-m7-c1; i>=80 linear extrap,0,0
20261010-055332-d4-sim2,2026-10-10T05:59:07+00:00,toolagent,0.25,45825,11.6,nfs,ARC+WT,ARC,WT,deferred,11592.630858,1383.454453,11462.743385,2105,131.5625,222598,226316,187018,calib_c1 20261008-130316-m7-c1; i>=80 linear extrap,0,0
20261010-055332-d4-sim2,2026-10-10T05:59:07+00:00,toolagent,0.25,45825,11.6,nfs,ARC+WB,ARC,WB,deferred,11592.630858,1383.454453,11462.743385,1745,109.0625,222598,226316,187018,calib_c1 20261008-130316-m7-c1; i>=80 linear extrap,0,0
20261010-055332-d4-sim2,2026-10-10T05:59:08+00:00,toolagent,0.25,45825,11.6,nfs,ARC+WB2,ARC,WB2,deferred,11592.646312,1383.469907,11462.447736,0,0.0,222598,226316,187018,calib_c1 20261008-130316-m7-c1; i>=80 linear extrap,0,0
20261010-055332-d4-sim2,2026-10-10T05:59:08+00:00,toolagent,0.25,45825,11.6,nfs,ARC+H2,ARC,H2,deferred,11592.646312,1383.469907,11462.447736,311,19.4375,222598,226316,187018,calib_c1 20261008-130316-m7-c1; i>=80 linear extrap,0,0
20261010-055332-d4-sim2,2026-10-10T05:59:09+00:00,toolagent,0.25,45825,11.6,nfs,ARC+NONE,ARC,NONE,deferred,11592.646312,1383.469907,11462.447736,0,0.0,222598,226316,187018,calib_c1 20261008-130316-m7-c1; i>=80 linear extrap,0,0
20261010-055332-d4-sim2,2026-10-10T05:59:09+00:00,toolagent,0.25,45825,11.6,nfs,S3FIFO+WT,S3FIFO,WT,deferred,11592.678941,1383.502536,11462.748773,2105,131.5625,222597,226316,187019,calib_c1 20261008-130316-m7-c1; i>=80 linear extrap,0,0
20261010-055332-d4-sim2,2026-10-10T05:59:10+00:00,toolagent,0.25,45825,11.6,nfs,S3FIFO+WB,S3FIFO,WB,deferred,11592.678941,1383.502536,11462.748773,1745,109.0625,222597,226316,187019,calib_c1 20261008-130316-m7-c1; i>=80 linear extrap,0,0
20261010-055332-d4-sim2,2026-10-10T05:59:11+00:00,toolagent,0.25,45825,11.6,nfs,S3FIFO+WB2,S3FIFO,WB2,deferred,11592.694395,1383.51799,11462.453123,0,0.0,222597,226316,187019,calib_c1 20261008-130316-m7-c1; i>=80 linear extrap,0,0
20261010-055332-d4-sim2,2026-10-10T05:59:11+00:00,toolagent,0.25,45825,11.6,nfs,S3FIFO+H2,S3FIFO,H2,deferred,11592.694395,1383.51799,11462.453123,311,19.4375,222597,226316,187019,calib_c1 20261008-130316-m7-c1; i>=80 linear extrap,0,0
20261010-055332-d4-sim2,2026-10-10T05:59:12+00:00,toolagent,0.25,45825,11.6,nfs,S3FIFO+NONE,S3FIFO,NONE,deferred,11592.694395,1383.51799,11462.453123,0,0.0,222597,226316,187019,calib_c1 20261008-130316-m7-c1; i>=80 linear extrap,0,0
20261010-055332-d4-sim2,2026-10-10T05:59:12+00:00,toolagent,0.25,45825,11.6,nfs,WTPa+WBR,WTPa,WBR,wtp_a,11428.551405,1219.375,11306.988867,0,0.0,226316,226316,39481,calib_c1 20261008-130316-m7-c1; i>=80 linear extrap,0,0
20261010-055332-d4-sim2,2026-10-10T05:59:13+00:00,toolagent,0.25,45825,11.6,nfs,WTPa+WTR,WTPa,WTR,wtp_a,11428.551405,1219.375,11306.988867,311,19.4375,226316,226316,39481,calib_c1 20261008-130316-m7-c1; i>=80 linear extrap,0,0
20261010-055332-d4-sim2,2026-10-10T05:59:14+00:00,toolagent,0.25,45825,11.6,nfs,WTPb+WB,WTPb,WB,wtp_b,11582.125137,1372.948732,11456.027835,1831,114.4375,222010,226316,47357,calib_c1 20261008-130316-m7-c1; i>=80 linear extrap,0,0
20261010-055332-d4-sim2,2026-10-10T05:59:14+00:00,toolagent,0.25,45825,11.6,nfs,OPT-BELADY,BELADY,NEED,opt,11428.551405,1219.375,11306.988867,0,0.0,226316,226316,39481,calib_c1 20261008-130316-m7-c1; i>=80 linear extrap,0,0
20261010-055332-d4-sim2,2026-10-10T05:59:15+00:00,toolagent,0.25,45825,11.6,nfs,OPT-COST,COSTBELADY,NEED,opt,11428.551405,1219.375,11306.988867,0,0.0,226316,226316,39481,calib_c1 20261008-130316-m7-c1; i>=80 linear extrap,0,0
20261010-055332-d4-sim2,2026-10-10T05:59:15+00:00,toolagent,0.25,45825,11.6,nfs,KEVa+WBR,KEVa,WBR,kev_a,11428.551405,1219.375,11306.988867,0,0.0,226316,226316,183300,calib_c1 20261008-130316-m7-c1; i>=80 linear extrap,0,0
20261010-055332-d4-sim2,2026-10-10T05:59:16+00:00,toolagent,0.25,45825,11.6,nfs,KEVa+WB,KEVa,WB,kev_a,11428.551405,1219.375,11306.988867,1746,109.125,226316,226316,183300,calib_c1 20261008-130316-m7-c1; i>=80 linear extrap,0,0
20261010-055332-d4-sim2,2026-10-10T05:59:17+00:00,toolagent,0.25,45825,11.6,nfs,KEVb+WB,KEVb,WB,kev_b,11449.536048,1240.359643,11326.814436,1821,113.8125,225906,226316,183710,calib_c1 20261008-130316-m7-c1; i>=80 linear extrap,0,0
20261010-055332-d4-sim2,2026-10-10T05:59:20+00:00,toolagent,0.5,91650,3.69,local,LRU+WT,LRU,WT,deferred,12235.310388,2026.133982,11871.754929,183300,11456.25,226181,226316,183435,calib_c1 20261008-130316-m7-c1; i>=80 linear extrap,0,0
20261010-055332-d4-sim2,2026-10-10T05:59:21+00:00,toolagent,0.5,91650,3.69,local,LRU+WB,LRU,WB,deferred,14040.214175,3831.03777,12846.026537,91785,5736.5625,226181,226316,183435,calib_c1 20261008-130316-m7-c1; i>=80 linear extrap,0,0
20261010-055332-d4-sim2,2026-10-10T05:59:21+00:00,toolagent,0.5,91650,3.69,local,LRU+WB2,LRU,WB2,deferred,14044.683184,3835.506779,12850.101377,18062,1128.875,226181,226316,183435,calib_c1 20261008-130316-m7-c1; i>=80 linear extrap,0,0
20261010-055332-d4-sim2,2026-10-10T05:59:22+00:00,toolagent,0.5,91650,3.69,local,LRU+H2,LRU,H2,deferred,12553.254239,2344.077834,12066.492988,39481,2467.5625,226181,226316,183435,calib_c1 20261008-130316-m7-c1; i>=80 linear extrap,0,0
20261010-055332-d4-sim2,2026-10-10T05:59:22+00:00,toolagent,0.5,91650,3.69,local,LRU+NONE,LRU,NONE,deferred,14046.377961,3837.201556,12851.712917,0,0.0,226181,226316,183435,calib_c1 20261008-130316-m7-c1; i>=80 linear extrap,0,0
20261010-055332-d4-sim2,2026-10-10T05:59:23+00:00,toolagent,0.5,91650,3.69,local,2HIT+WT,2HIT,WT,deferred,12235.310388,2026.133982,11871.754929,183300,11456.25,186835,226316,39481,calib_c1 20261008-130316-m7-c1; i>=80 linear extrap,0,0
20261010-055332-d4-sim2,2026-10-10T05:59:23+00:00,toolagent,0.5,91650,3.69,local,2HIT+WB,2HIT,WB,deferred,12235.310388,2026.133982,11871.754929,183300,11456.25,186835,226316,39481,calib_c1 20261008-130316-m7-c1; i>=80 linear extrap,0,0
20261010-055332-d4-sim2,2026-10-10T05:59:24+00:00,toolagent,0.5,91650,3.69,local,2HIT+WB2,2HIT,WB2,deferred,15482.270549,5273.094144,14363.294086,0,0.0,186835,226316,39481,calib_c1 20261008-130316-m7-c1; i>=80 linear extrap,0,0
20261010-055332-d4-sim2,2026-10-10T05:59:25+00:00,toolagent,0.5,91650,3.69,local,2HIT+H2,2HIT,H2,deferred,13990.394444,3781.218039,13576.478579,39481,2467.5625,186835,226316,39481,calib_c1 20261008-130316-m7-c1; i>=80 linear extrap,0,0
20261010-055332-d4-sim2,2026-10-10T05:59:25+00:00,toolagent,0.5,91650,3.69,local,2HIT+NONE,2HIT,NONE,deferred,15482.270549,5273.094144,14363.294086,0,0.0,186835,226316,39481,calib_c1 20261008-130316-m7-c1; i>=80 linear extrap,0,0
20261010-055332-d4-sim2,2026-10-10T05:59:26+00:00,toolagent,0.5,91650,3.69,local,SLRU+WT,SLRU,WT,deferred,12235.310388,2026.133982,11871.754929,183300,11456.25,226093,226316,183523,calib_c1 20261008-130316-m7-c1; i>=80 linear extrap,0,0
20261010-055332-d4-sim2,2026-10-10T05:59:26+00:00,toolagent,0.5,91650,3.69,local,SLRU+WB,SLRU,WB,deferred,14038.840756,3829.664351,12845.183669,91873,5742.0625,226093,226316,183523,calib_c1 20261008-130316-m7-c1; i>=80 linear extrap,0,0
20261010-055332-d4-sim2,2026-10-10T05:59:27+00:00,toolagent,0.5,91650,3.69,local,SLRU+WB2,SLRU,WB2,deferred,14051.352483,3842.176078,12857.180087,0,0.0,226093,226316,183523,calib_c1 20261008-130316-m7-c1; i>=80 linear extrap,0,0
20261010-055332-d4-sim2,2026-10-10T05:59:28+00:00,toolagent,0.5,91650,3.69,local,SLRU+H2,SLRU,H2,deferred,12559.476378,2350.299973,12073.320547,39481,2467.5625,226093,226316,183523,calib_c1 20261008-130316-m7-c1; i>=80 linear extrap,0,0
20261010-055332-d4-sim2,2026-10-10T05:59:28+00:00,toolagent,0.5,91650,3.69,local,SLRU+NONE,SLRU,NONE,deferred,14051.352483,3842.176078,12857.180087,0,0.0,226093,226316,183523,calib_c1 20261008-130316-m7-c1; i>=80 linear extrap,0,0
20261010-055332-d4-sim2,2026-10-10T05:59:29+00:00,toolagent,0.5,91650,3.69,local,ARC+WT,ARC,WT,deferred,12235.310388,2026.133982,11871.754929,183300,11456.25,226093,226316,183523,calib_c1 20261008-130316-m7-c1; i>=80 linear extrap,0,0
20261010-055332-d4-sim2,2026-10-10T05:59:29+00:00,toolagent,0.5,91650,3.69,local,ARC+WB,ARC,WB,deferred,14038.840756,3829.664351,12845.183669,91873,5742.0625,226093,226316,183523,calib_c1 20261008-130316-m7-c1; i>=80 linear extrap,0,0
20261010-055332-d4-sim2,2026-10-10T05:59:30+00:00,toolagent,0.5,91650,3.69,local,ARC+WB2,ARC,WB2,deferred,14051.352483,3842.176078,12857.180087,0,0.0,226093,226316,183523,calib_c1 20261008-130316-m7-c1; i>=80 linear extrap,0,0
20261010-055332-d4-sim2,2026-10-10T05:59:30+00:00,toolagent,0.5,91650,3.69,local,ARC+H2,ARC,H2,deferred,12559.476378,2350.299973,12073.320547,39481,2467.5625,226093,226316,183523,calib_c1 20261008-130316-m7-c1; i>=80 linear extrap,0,0
20261010-055332-d4-sim2,2026-10-10T05:59:31+00:00,toolagent,0.5,91650,3.69,local,ARC+NONE,ARC,NONE,deferred,14051.352483,3842.176078,12857.180087,0,0.0,226093,226316,183523,calib_c1 20261008-130316-m7-c1; i>=80 linear extrap,0,0
20261010-055332-d4-sim2,2026-10-10T05:59:32+00:00,toolagent,0.5,91650,3.69,local,S3FIFO+WT,S3FIFO,WT,deferred,12235.310388,2026.133982,11871.754929,183300,11456.25,226093,226316,183523,calib_c1 20261008-130316-m7-c1; i>=80 linear extrap,0,0
20261010-055332-d4-sim2,2026-10-10T05:59:32+00:00,toolagent,0.5,91650,3.69,local,S3FIFO+WB,S3FIFO,WB,deferred,14038.840756,3829.664351,12845.183669,91873,5742.0625,226093,226316,183523,calib_c1 20261008-130316-m7-c1; i>=80 linear extrap,0,0
20261010-055332-d4-sim2,2026-10-10T05:59:33+00:00,toolagent,0.5,91650,3.69,local,S3FIFO+WB2,S3FIFO,WB2,deferred,14051.352483,3842.176078,12857.180087,0,0.0,226093,226316,183523,calib_c1 20261008-130316-m7-c1; i>=80 linear extrap,0,0
20261010-055332-d4-sim2,2026-10-10T05:59:33+00:00,toolagent,0.5,91650,3.69,local,S3FIFO+H2,S3FIFO,H2,deferred,12559.476378,2350.299973,12073.320547,39481,2467.5625,226093,226316,183523,calib_c1 20261008-130316-m7-c1; i>=80 linear extrap,0,0
20261010-055332-d4-sim2,2026-10-10T05:59:34+00:00,toolagent,0.5,91650,3.69,local,S3FIFO+NONE,S3FIFO,NONE,deferred,14051.352483,3842.176078,12857.180087,0,0.0,226093,226316,183523,calib_c1 20261008-130316-m7-c1; i>=80 linear extrap,0,0
20261010-055332-d4-sim2,2026-10-10T05:59:34+00:00,toolagent,0.5,91650,3.69,local,WTPa+WBR,WTPa,WBR,wtp_a,14042.441988,3833.265583,12847.27499,0,0.0,226316,226316,39481,calib_c1 20261008-130316-m7-c1; i>=80 linear extrap,0,0
20261010-055332-d4-sim2,2026-10-10T05:59:35+00:00,toolagent,0.5,91650,3.69,local,WTPa+WTR,WTPa,WTR,wtp_a,12235.310388,2026.133982,11871.754929,39481,2467.5625,226316,226316,39481,calib_c1 20261008-130316-m7-c1; i>=80 linear extrap,0,0
20261010-055332-d4-sim2,2026-10-10T05:59:36+00:00,toolagent,0.5,91650,3.69,local,WTPb+WB,WTPb,WB,wtp_b,12885.46446,2676.288055,12257.861595,136903,8556.4375,222010,226316,47357,calib_c1 20261008-130316-m7-c1; i>=80 linear extrap,0,0
20261010-055332-d4-sim2,2026-10-10T05:59:36+00:00,toolagent,0.5,91650,3.69,local,OPT-BELADY,BELADY,NEED,opt,14042.441988,3833.265583,12847.27499,0,0.0,226316,226316,39481,calib_c1 20261008-130316-m7-c1; i>=80 linear extrap,0,0
20261010-055332-d4-sim2,2026-10-10T05:59:37+00:00,toolagent,0.5,91650,3.69,local,OPT-COST,COSTBELADY,NEED,opt,12235.310388,2026.133982,11871.754929,39481,2467.5625,0,226316,0,calib_c1 20261008-130316-m7-c1; i>=80 linear extrap,0,0
20261010-055332-d4-sim2,2026-10-10T05:59:37+00:00,toolagent,0.5,91650,3.69,local,KEVa+WBR,KEVa,WBR,kev_a,14042.441988,3833.265583,12847.27499,0,0.0,226316,226316,183300,calib_c1 20261008-130316-m7-c1; i>=80 linear extrap,0,0
20261010-055332-d4-sim2,2026-10-10T05:59:38+00:00,toolagent,0.5,91650,3.69,local,KEVa+WB,KEVa,WB,kev_a,14042.441988,3833.265583,12847.27499,91650,5728.125,226316,226316,183300,calib_c1 20261008-130316-m7-c1; i>=80 linear extrap,0,0
20261010-055332-d4-sim2,2026-10-10T05:59:39+00:00,toolagent,0.5,91650,3.69,local,KEVb+WB,KEVb,WB,kev_b,13906.673158,3697.496752,12742.456841,91857,5741.0625,226109,226316,183507,calib_c1 20261008-130316-m7-c1; i>=80 linear extrap,0,0
20261010-055332-d4-sim2,2026-10-10T05:59:39+00:00,toolagent,0.5,91650,3.69,nfs,LRU+WT,LRU,WT,deferred,14046.377961,3837.201556,12851.712917,2105,131.5625,226181,226316,183435,calib_c1 20261008-130316-m7-c1; i>=80 linear extrap,0,0
20261010-055332-d4-sim2,2026-10-10T05:59:40+00:00,toolagent,0.5,91650,3.69,nfs,LRU+WB,LRU,WB,deferred,14046.377961,3837.201556,12851.712917,1142,71.375,226181,226316,183435,calib_c1 20261008-130316-m7-c1; i>=80 linear extrap,0,0
20261010-055332-d4-sim2,2026-10-10T05:59:41+00:00,toolagent,0.5,91650,3.69,nfs,LRU+WB2,LRU,WB2,deferred,14046.377961,3837.201556,12851.712917,233,14.5625,226181,226316,183435,calib_c1 20261008-130316-m7-c1; i>=80 linear extrap,0,0
20261010-055332-d4-sim2,2026-10-10T05:59:41+00:00,toolagent,0.5,91650,3.69,nfs,LRU+H2,LRU,H2,deferred,14046.377961,3837.201556,12851.712917,311,19.4375,226181,226316,183435,calib_c1 20261008-130316-m7-c1; i>=80 linear extrap,0,0
20261010-055332-d4-sim2,2026-10-10T05:59:42+00:00,toolagent,0.5,91650,3.69,nfs,LRU+NONE,LRU,NONE,deferred,14046.377961,3837.201556,12851.712917,0,0.0,226181,226316,183435,calib_c1 20261008-130316-m7-c1; i>=80 linear extrap,0,0
20261010-055332-d4-sim2,2026-10-10T05:59:42+00:00,toolagent,0.5,91650,3.69,nfs,2HIT+WT,2HIT,WT,deferred,15476.100831,5266.924426,14301.580027,2105,131.5625,186835,226316,39481,calib_c1 20261008-130316-m7-c1; i>=80 linear extrap,0,0
20261010-055332-d4-sim2,2026-10-10T05:59:43+00:00,toolagent,0.5,91650,3.69,nfs,2HIT+WB,2HIT,WB,deferred,15476.100831,5266.924426,14301.580027,2105,131.5625,186835,226316,39481,calib_c1 20261008-130316-m7-c1; i>=80 linear extrap,0,0
20261010-055332-d4-sim2,2026-10-10T05:59:43+00:00,toolagent,0.5,91650,3.69,nfs,2HIT+WB2,2HIT,WB2,deferred,15482.270549,5273.094144,14363.294086,0,0.0,186835,226316,39481,calib_c1 20261008-130316-m7-c1; i>=80 linear extrap,0,0
20261010-055332-d4-sim2,2026-10-10T05:59:44+00:00,toolagent,0.5,91650,3.69,nfs,2HIT+H2,2HIT,H2,deferred,15482.270549,5273.094144,14363.294086,311,19.4375,186835,226316,39481,calib_c1 20261008-130316-m7-c1; i>=80 linear extrap,0,0
20261010-055332-d4-sim2,2026-10-10T05:59:45+00:00,toolagent,0.5,91650,3.69,nfs,2HIT+NONE,2HIT,NONE,deferred,15482.270549,5273.094144,14363.294086,0,0.0,186835,226316,39481,calib_c1 20261008-130316-m7-c1; i>=80 linear extrap,0,0
20261010-055332-d4-sim2,2026-10-10T05:59:45+00:00,toolagent,0.5,91650,3.69,nfs,SLRU+WT,SLRU,WT,deferred,14051.352483,3842.176078,12857.180087,2105,131.5625,226093,226316,183523,calib_c1 20261008-130316-m7-c1; i>=80 linear extrap,0,0
20261010-055332-d4-sim2,2026-10-10T05:59:46+00:00,toolagent,0.5,91650,3.69,nfs,SLRU+WB,SLRU,WB,deferred,14051.352483,3842.176078,12857.180087,1264,79.0,226093,226316,183523,calib_c1 20261008-130316-m7-c1; i>=80 linear extrap,0,0
20261010-055332-d4-sim2,2026-10-10T05:59:46+00:00,toolagent,0.5,91650,3.69,nfs,SLRU+WB2,SLRU,WB2,deferred,14051.352483,3842.176078,12857.180087,0,0.0,226093,226316,183523,calib_c1 20261008-130316-m7-c1; i>=80 linear extrap,0,0
20261010-055332-d4-sim2,2026-10-10T05:59:47+00:00,toolagent,0.5,91650,3.69,nfs,SLRU+H2,SLRU,H2,deferred,14051.352483,3842.176078,12857.180087,311,19.4375,226093,226316,183523,calib_c1 20261008-130316-m7-c1; i>=80 linear extrap,0,0
20261010-055332-d4-sim2,2026-10-10T05:59:47+00:00,toolagent,0.5,91650,3.69,nfs,SLRU+NONE,SLRU,NONE,deferred,14051.352483,3842.176078,12857.180087,0,0.0,226093,226316,183523,calib_c1 20261008-130316-m7-c1; i>=80 linear extrap,0,0
20261010-055332-d4-sim2,2026-10-10T05:59:48+00:00,toolagent,0.5,91650,3.69,nfs,ARC+WT,ARC,WT,deferred,14051.352483,3842.176078,12857.180087,2105,131.5625,226093,226316,183523,calib_c1 20261008-130316-m7-c1; i>=80 linear extrap,0,0
20261010-055332-d4-sim2,2026-10-10T05:59:49+00:00,toolagent,0.5,91650,3.69,nfs,ARC+WB,ARC,WB,deferred,14051.352483,3842.176078,12857.180087,1264,79.0,226093,226316,183523,calib_c1 20261008-130316-m7-c1; i>=80 linear extrap,0,0
20261010-055332-d4-sim2,2026-10-10T05:59:49+00:00,toolagent,0.5,91650,3.69,nfs,ARC+WB2,ARC,WB2,deferred,14051.352483,3842.176078,12857.180087,0,0.0,226093,226316,183523,calib_c1 20261008-130316-m7-c1; i>=80 linear extrap,0,0
20261010-055332-d4-sim2,2026-10-10T05:59:50+00:00,toolagent,0.5,91650,3.69,nfs,ARC+H2,ARC,H2,deferred,14051.352483,3842.176078,12857.180087,311,19.4375,226093,226316,183523,calib_c1 20261008-130316-m7-c1; i>=80 linear extrap,0,0
20261010-055332-d4-sim2,2026-10-10T05:59:50+00:00,toolagent,0.5,91650,3.69,nfs,ARC+NONE,ARC,NONE,deferred,14051.352483,3842.176078,12857.180087,0,0.0,226093,226316,183523,calib_c1 20261008-130316-m7-c1; i>=80 linear extrap,0,0
20261010-055332-d4-sim2,2026-10-10T05:59:51+00:00,toolagent,0.5,91650,3.69,nfs,S3FIFO+WT,S3FIFO,WT,deferred,14051.352483,3842.176078,12857.180087,2105,131.5625,226093,226316,183523,calib_c1 20261008-130316-m7-c1; i>=80 linear extrap,0,0
20261010-055332-d4-sim2,2026-10-10T05:59:51+00:00,toolagent,0.5,91650,3.69,nfs,S3FIFO+WB,S3FIFO,WB,deferred,14051.352483,3842.176078,12857.180087,1264,79.0,226093,226316,183523,calib_c1 20261008-130316-m7-c1; i>=80 linear extrap,0,0
20261010-055332-d4-sim2,2026-10-10T05:59:52+00:00,toolagent,0.5,91650,3.69,nfs,S3FIFO+WB2,S3FIFO,WB2,deferred,14051.352483,3842.176078,12857.180087,0,0.0,226093,226316,183523,calib_c1 20261008-130316-m7-c1; i>=80 linear extrap,0,0
20261010-055332-d4-sim2,2026-10-10T05:59:53+00:00,toolagent,0.5,91650,3.69,nfs,S3FIFO+H2,S3FIFO,H2,deferred,14051.352483,3842.176078,12857.180087,311,19.4375,226093,226316,183523,calib_c1 20261008-130316-m7-c1; i>=80 linear extrap,0,0
20261010-055332-d4-sim2,2026-10-10T05:59:53+00:00,toolagent,0.5,91650,3.69,nfs,S3FIFO+NONE,S3FIFO,NONE,deferred,14051.352483,3842.176078,12857.180087,0,0.0,226093,226316,183523,calib_c1 20261008-130316-m7-c1; i>=80 linear extrap,0,0
20261010-055332-d4-sim2,2026-10-10T05:59:54+00:00,toolagent,0.5,91650,3.69,nfs,WTPa+WBR,WTPa,WBR,wtp_a,14042.441988,3833.265583,12847.27499,0,0.0,226316,226316,39481,calib_c1 20261008-130316-m7-c1; i>=80 linear extrap,0,0
20261010-055332-d4-sim2,2026-10-10T05:59:54+00:00,toolagent,0.5,91650,3.69,nfs,WTPa+WTR,WTPa,WTR,wtp_a,14042.441988,3833.265583,12847.27499,311,19.4375,226316,226316,39481,calib_c1 20261008-130316-m7-c1; i>=80 linear extrap,0,0
20261010-055332-d4-sim2,2026-10-10T05:59:55+00:00,toolagent,0.5,91650,3.69,nfs,WTPb+WB,WTPb,WB,wtp_b,14146.282546,3937.106141,12962.224162,1774,110.875,222010,226316,47357,calib_c1 20261008-130316-m7-c1; i>=80 linear extrap,0,0
20261010-055332-d4-sim2,2026-10-10T05:59:56+00:00,toolagent,0.5,91650,3.69,nfs,OPT-BELADY,BELADY,NEED,opt,14042.441988,3833.265583,12847.27499,0,0.0,226316,226316,39481,calib_c1 20261008-130316-m7-c1; i>=80 linear extrap,0,0
20261010-055332-d4-sim2,2026-10-10T05:59:56+00:00,toolagent,0.5,91650,3.69,nfs,OPT-COST,COSTBELADY,NEED,opt,14042.441988,3833.265583,12847.27499,0,0.0,226316,226316,39481,calib_c1 20261008-130316-m7-c1; i>=80 linear extrap,0,0
20261010-055332-d4-sim2,2026-10-10T05:59:57+00:00,toolagent,0.5,91650,3.69,nfs,KEVa+WBR,KEVa,WBR,kev_a,14042.441988,3833.265583,12847.27499,0,0.0,226316,226316,183300,calib_c1 20261008-130316-m7-c1; i>=80 linear extrap,0,0
20261010-055332-d4-sim2,2026-10-10T05:59:57+00:00,toolagent,0.5,91650,3.69,nfs,KEVa+WB,KEVa,WB,kev_a,14042.441988,3833.265583,12847.27499,1157,72.3125,226316,226316,183300,calib_c1 20261008-130316-m7-c1; i>=80 linear extrap,0,0
20261010-055332-d4-sim2,2026-10-10T05:59:58+00:00,toolagent,0.5,91650,3.69,nfs,KEVb+WB,KEVb,WB,kev_b,14055.208558,3846.032153,12860.67749,1156,72.25,226109,226316,183507,calib_c1 20261008-130316-m7-c1; i>=80 linear extrap,0,0
20261010-055332-d4-sim2,2026-10-10T05:59:59+00:00,toolagent,0.5,91650,11.6,local,LRU+WT,LRU,WT,deferred,11429.032646,1219.856241,11307.346819,183300,11456.25,226181,226316,183435,calib_c1 20261008-130316-m7-c1; i>=80 linear extrap,0,0
20261010-055332-d4-sim2,2026-10-10T05:59:59+00:00,toolagent,0.5,91650,11.6,local,LRU+WB,LRU,WB,deferred,11429.032646,1219.856241,11307.346819,91785,5736.5625,226181,226316,183435,calib_c1 20261008-130316-m7-c1; i>=80 linear extrap,0,0
20261010-055332-d4-sim2,2026-10-10T06:00:00+00:00,toolagent,0.5,91650,11.6,local,LRU+WB2,LRU,WB2,deferred,11432.447636,1223.271231,11310.846114,18062,1128.875,226181,226316,183435,calib_c1 20261008-130316-m7-c1; i>=80 linear extrap,0,0
20261010-055332-d4-sim2,2026-10-10T06:00:00+00:00,toolagent,0.5,91650,11.6,local,LRU+H2,LRU,H2,deferred,11432.447636,1223.271231,11310.846114,39481,2467.5625,226181,226316,183435,calib_c1 20261008-130316-m7-c1; i>=80 linear extrap,0,0
20261010-055332-d4-sim2,2026-10-10T06:00:01+00:00,toolagent,0.5,91650,11.6,local,LRU+NONE,LRU,NONE,deferred,11434.046593,1224.870188,11312.443085,0,0.0,226181,226316,183435,calib_c1 20261008-130316-m7-c1; i>=80 linear extrap,0,0
20261010-055332-d4-sim2,2026-10-10T06:00:02+00:00,toolagent,0.5,91650,11.6,local,2HIT+WT,2HIT,WT,deferred,11569.291129,1360.114724,11411.664125,183300,11456.25,186835,226316,39481,calib_c1 20261008-130316-m7-c1; i>=80 linear extrap,0,0
20261010-055332-d4-sim2,2026-10-10T06:00:02+00:00,toolagent,0.5,91650,11.6,local,2HIT+WB,2HIT,WB,deferred,11569.291129,1360.114724,11411.664125,183300,11456.25,186835,226316,39481,calib_c1 20261008-130316-m7-c1; i>=80 linear extrap,0,0
20261010-055332-d4-sim2,2026-10-10T06:00:03+00:00,toolagent,0.5,91650,11.6,local,2HIT+WB2,2HIT,WB2,deferred,13324.375186,3115.19878,13122.617229,0,0.0,186835,226316,39481,calib_c1 20261008-130316-m7-c1; i>=80 linear extrap,0,0
20261010-055332-d4-sim2,2026-10-10T06:00:03+00:00,toolagent,0.5,91650,11.6,local,2HIT+H2,2HIT,H2,deferred,13324.375186,3115.19878,13122.617229,39481,2467.5625,186835,226316,39481,calib_c1 20261008-130316-m7-c1; i>=80 linear extrap,0,0
20261010-055332-d4-sim2,2026-10-10T06:00:04+00:00,toolagent,0.5,91650,11.6,local,2HIT+NONE,2HIT,NONE,deferred,13324.375186,3115.19878,13122.617229,0,0.0,186835,226316,39481,calib_c1 20261008-130316-m7-c1; i>=80 linear extrap,0,0
20261010-055332-d4-sim2,2026-10-10T06:00:05+00:00,toolagent,0.5,91650,11.6,local,SLRU+WT,SLRU,WT,deferred,11429.346343,1220.169938,11307.56791,183300,11456.25,226093,226316,183523,calib_c1 20261008-130316-m7-c1; i>=80 linear extrap,0,0
20261010-055332-d4-sim2,2026-10-10T06:00:05+00:00,toolagent,0.5,91650,11.6,local,SLRU+WB,SLRU,WB,deferred,11429.346343,1220.169938,11307.56791,91873,5742.0625,226093,226316,183523,calib_c1 20261008-130316-m7-c1; i>=80 linear extrap,0,0
20261010-055332-d4-sim2,2026-10-10T06:00:06+00:00,toolagent,0.5,91650,11.6,local,SLRU+WB2,SLRU,WB2,deferred,11440.037492,1230.861087,11318.509544,0,0.0,226093,226316,183523,calib_c1 20261008-130316-m7-c1; i>=80 linear extrap,0,0
20261010-055332-d4-sim2,2026-10-10T06:00:06+00:00,toolagent,0.5,91650,11.6,local,SLRU+H2,SLRU,H2,deferred,11440.037492,1230.861087,11318.509544,39481,2467.5625,226093,226316,183523,calib_c1 20261008-130316-m7-c1; i>=80 linear extrap,0,0
20261010-055332-d4-sim2,2026-10-10T06:00:07+00:00,toolagent,0.5,91650,11.6,local,SLRU+NONE,SLRU,NONE,deferred,11440.037492,1230.861087,11318.509544,0,0.0,226093,226316,183523,calib_c1 20261008-130316-m7-c1; i>=80 linear extrap,0,0
20261010-055332-d4-sim2,2026-10-10T06:00:08+00:00,toolagent,0.5,91650,11.6,local,ARC+WT,ARC,WT,deferred,11429.346343,1220.169938,11307.56791,183300,11456.25,226093,226316,183523,calib_c1 20261008-130316-m7-c1; i>=80 linear extrap,0,0
20261010-055332-d4-sim2,2026-10-10T06:00:08+00:00,toolagent,0.5,91650,11.6,local,ARC+WB,ARC,WB,deferred,11429.346343,1220.169938,11307.56791,91873,5742.0625,226093,226316,183523,calib_c1 20261008-130316-m7-c1; i>=80 linear extrap,0,0
20261010-055332-d4-sim2,2026-10-10T06:00:09+00:00,toolagent,0.5,91650,11.6,local,ARC+WB2,ARC,WB2,deferred,11440.037492,1230.861087,11318.509544,0,0.0,226093,226316,183523,calib_c1 20261008-130316-m7-c1; i>=80 linear extrap,0,0
20261010-055332-d4-sim2,2026-10-10T06:00:09+00:00,toolagent,0.5,91650,11.6,local,ARC+H2,ARC,H2,deferred,11440.037492,1230.861087,11318.509544,39481,2467.5625,226093,226316,183523,calib_c1 20261008-130316-m7-c1; i>=80 linear extrap,0,0
20261010-055332-d4-sim2,2026-10-10T06:00:10+00:00,toolagent,0.5,91650,11.6,local,ARC+NONE,ARC,NONE,deferred,11440.037492,1230.861087,11318.509544,0,0.0,226093,226316,183523,calib_c1 20261008-130316-m7-c1; i>=80 linear extrap,0,0
20261010-055332-d4-sim2,2026-10-10T06:00:10+00:00,toolagent,0.5,91650,11.6,local,S3FIFO+WT,S3FIFO,WT,deferred,11429.346343,1220.169938,11307.56791,183300,11456.25,226093,226316,183523,calib_c1 20261008-130316-m7-c1; i>=80 linear extrap,0,0
20261010-055332-d4-sim2,2026-10-10T06:00:11+00:00,toolagent,0.5,91650,11.6,local,S3FIFO+WB,S3FIFO,WB,deferred,11429.346343,1220.169938,11307.56791,91873,5742.0625,226093,226316,183523,calib_c1 20261008-130316-m7-c1; i>=80 linear extrap,0,0
20261010-055332-d4-sim2,2026-10-10T06:00:12+00:00,toolagent,0.5,91650,11.6,local,S3FIFO+WB2,S3FIFO,WB2,deferred,11440.037492,1230.861087,11318.509544,0,0.0,226093,226316,183523,calib_c1 20261008-130316-m7-c1; i>=80 linear extrap,0,0
20261010-055332-d4-sim2,2026-10-10T06:00:12+00:00,toolagent,0.5,91650,11.6,local,S3FIFO+H2,S3FIFO,H2,deferred,11440.037492,1230.861087,11318.509544,39481,2467.5625,226093,226316,183523,calib_c1 20261008-130316-m7-c1; i>=80 linear extrap,0,0
20261010-055332-d4-sim2,2026-10-10T06:00:13+00:00,toolagent,0.5,91650,11.6,local,S3FIFO+NONE,S3FIFO,NONE,deferred,11440.037492,1230.861087,11318.509544,0,0.0,226093,226316,183523,calib_c1 20261008-130316-m7-c1; i>=80 linear extrap,0,0
20261010-055332-d4-sim2,2026-10-10T06:00:13+00:00,toolagent,0.5,91650,11.6,local,WTPa+WBR,WTPa,WBR,wtp_a,11428.551405,1219.375,11306.988867,0,0.0,226316,226316,39481,calib_c1 20261008-130316-m7-c1; i>=80 linear extrap,0,0
20261010-055332-d4-sim2,2026-10-10T06:00:14+00:00,toolagent,0.5,91650,11.6,local,WTPa+WTR,WTPa,WTR,wtp_a,11428.551405,1219.375,11306.988867,39481,2467.5625,226316,226316,39481,calib_c1 20261008-130316-m7-c1; i>=80 linear extrap,0,0
20261010-055332-d4-sim2,2026-10-10T06:00:15+00:00,toolagent,0.5,91650,11.6,local,WTPb+WB,WTPb,WB,wtp_b,11443.9012,1234.724795,11318.534715,136903,8556.4375,222010,226316,47357,calib_c1 20261008-130316-m7-c1; i>=80 linear extrap,0,0
20261010-055332-d4-sim2,2026-10-10T06:00:15+00:00,toolagent,0.5,91650,11.6,local,OPT-BELADY,BELADY,NEED,opt,11428.551405,1219.375,11306.988867,0,0.0,226316,226316,39481,calib_c1 20261008-130316-m7-c1; i>=80 linear extrap,0,0
20261010-055332-d4-sim2,2026-10-10T06:00:16+00:00,toolagent,0.5,91650,11.6,local,OPT-COST,COSTBELADY,NEED,opt,11428.551405,1219.375,11306.988867,0,0.0,226316,226316,39481,calib_c1 20261008-130316-m7-c1; i>=80 linear extrap,0,0
20261010-055332-d4-sim2,2026-10-10T06:00:16+00:00,toolagent,0.5,91650,11.6,local,KEVa+WBR,KEVa,WBR,kev_a,11428.551405,1219.375,11306.988867,0,0.0,226316,226316,183300,calib_c1 20261008-130316-m7-c1; i>=80 linear extrap,0,0
20261010-055332-d4-sim2,2026-10-10T06:00:17+00:00,toolagent,0.5,91650,11.6,local,KEVa+WB,KEVa,WB,kev_a,11428.551405,1219.375,11306.988867,91650,5728.125,226316,226316,183300,calib_c1 20261008-130316-m7-c1; i>=80 linear extrap,0,0
20261010-055332-d4-sim2,2026-10-10T06:00:18+00:00,toolagent,0.5,91650,11.6,local,KEVb+WB,KEVb,WB,kev_b,11429.289308,1220.112902,11307.520489,91857,5741.0625,226109,226316,183507,calib_c1 20261008-130316-m7-c1; i>=80 linear extrap,0,0
20261010-055332-d4-sim2,2026-10-10T06:00:18+00:00,toolagent,0.5,91650,11.6,nfs,LRU+WT,LRU,WT,deferred,11434.046593,1224.870188,11312.443085,2105,131.5625,226181,226316,183435,calib_c1 20261008-130316-m7-c1; i>=80 linear extrap,0,0
20261010-055332-d4-sim2,2026-10-10T06:00:19+00:00,toolagent,0.5,91650,11.6,nfs,LRU+WB,LRU,WB,deferred,11434.046593,1224.870188,11312.443085,1142,71.375,226181,226316,183435,calib_c1 20261008-130316-m7-c1; i>=80 linear extrap,0,0
20261010-055332-d4-sim2,2026-10-10T06:00:20+00:00,toolagent,0.5,91650,11.6,nfs,LRU+WB2,LRU,WB2,deferred,11434.046593,1224.870188,11312.443085,233,14.5625,226181,226316,183435,calib_c1 20261008-130316-m7-c1; i>=80 linear extrap,0,0
20261010-055332-d4-sim2,2026-10-10T06:00:20+00:00,toolagent,0.5,91650,11.6,nfs,LRU+H2,LRU,H2,deferred,11434.046593,1224.870188,11312.443085,311,19.4375,226181,226316,183435,calib_c1 20261008-130316-m7-c1; i>=80 linear extrap,0,0
20261010-055332-d4-sim2,2026-10-10T06:00:21+00:00,toolagent,0.5,91650,11.6,nfs,LRU+NONE,LRU,NONE,deferred,11434.046593,1224.870188,11312.443085,0,0.0,226181,226316,183435,calib_c1 20261008-130316-m7-c1; i>=80 linear extrap,0,0
20261010-055332-d4-sim2,2026-10-10T06:00:21+00:00,toolagent,0.5,91650,11.6,nfs,2HIT+WT,2HIT,WT,deferred,13318.205468,3109.029063,13061.267764,2105,131.5625,186835,226316,39481,calib_c1 20261008-130316-m7-c1; i>=80 linear extrap,0,0
20261010-055332-d4-sim2,2026-10-10T06:00:22+00:00,toolagent,0.5,91650,11.6,nfs,2HIT+WB,2HIT,WB,deferred,13318.205468,3109.029063,13061.267764,2105,131.5625,186835,226316,39481,calib_c1 20261008-130316-m7-c1; i>=80 linear extrap,0,0
20261010-055332-d4-sim2,2026-10-10T06:00:22+00:00,toolagent,0.5,91650,11.6,nfs,2HIT+WB2,2HIT,WB2,deferred,13324.375186,3115.19878,13122.617229,0,0.0,186835,226316,39481,calib_c1 20261008-130316-m7-c1; i>=80 linear extrap,0,0
20261010-055332-d4-sim2,2026-10-10T06:00:23+00:00,toolagent,0.5,91650,11.6,nfs,2HIT+H2,2HIT,H2,deferred,13324.375186,3115.19878,13122.617229,311,19.4375,186835,226316,39481,calib_c1 20261008-130316-m7-c1; i>=80 linear extrap,0,0
20261010-055332-d4-sim2,2026-10-10T06:00:24+00:00,toolagent,0.5,91650,11.6,nfs,2HIT+NONE,2HIT,NONE,deferred,13324.375186,3115.19878,13122.617229,0,0.0,186835,226316,39481,calib_c1 20261008-130316-m7-c1; i>=80 linear extrap,0,0
20261010-055332-d4-sim2,2026-10-10T06:00:24+00:00,toolagent,0.5,91650,11.6,nfs,SLRU+WT,SLRU,WT,deferred,11440.037492,1230.861087,11318.509544,2105,131.5625,226093,226316,183523,calib_c1 20261008-130316-m7-c1; i>=80 linear extrap,0,0
20261010-055332-d4-sim2,2026-10-10T06:00:25+00:00,toolagent,0.5,91650,11.6,nfs,SLRU+WB,SLRU,WB,deferred,11440.037492,1230.861087,11318.509544,1264,79.0,226093,226316,183523,calib_c1 20261008-130316-m7-c1; i>=80 linear extrap,0,0
20261010-055332-d4-sim2,2026-10-10T06:00:25+00:00,toolagent,0.5,91650,11.6,nfs,SLRU+WB2,SLRU,WB2,deferred,11440.037492,1230.861087,11318.509544,0,0.0,226093,226316,183523,calib_c1 20261008-130316-m7-c1; i>=80 linear extrap,0,0
20261010-055332-d4-sim2,2026-10-10T06:00:26+00:00,toolagent,0.5,91650,11.6,nfs,SLRU+H2,SLRU,H2,deferred,11440.037492,1230.861087,11318.509544,311,19.4375,226093,226316,183523,calib_c1 20261008-130316-m7-c1; i>=80 linear extrap,0,0
20261010-055332-d4-sim2,2026-10-10T06:00:27+00:00,toolagent,0.5,91650,11.6,nfs,SLRU+NONE,SLRU,NONE,deferred,11440.037492,1230.861087,11318.509544,0,0.0,226093,226316,183523,calib_c1 20261008-130316-m7-c1; i>=80 linear extrap,0,0
20261010-055332-d4-sim2,2026-10-10T06:00:27+00:00,toolagent,0.5,91650,11.6,nfs,ARC+WT,ARC,WT,deferred,11440.037492,1230.861087,11318.509544,2105,131.5625,226093,226316,183523,calib_c1 20261008-130316-m7-c1; i>=80 linear extrap,0,0
20261010-055332-d4-sim2,2026-10-10T06:00:28+00:00,toolagent,0.5,91650,11.6,nfs,ARC+WB,ARC,WB,deferred,11440.037492,1230.861087,11318.509544,1264,79.0,226093,226316,183523,calib_c1 20261008-130316-m7-c1; i>=80 linear extrap,0,0
20261010-055332-d4-sim2,2026-10-10T06:00:28+00:00,toolagent,0.5,91650,11.6,nfs,ARC+WB2,ARC,WB2,deferred,11440.037492,1230.861087,11318.509544,0,0.0,226093,226316,183523,calib_c1 20261008-130316-m7-c1; i>=80 linear extrap,0,0
20261010-055332-d4-sim2,2026-10-10T06:00:29+00:00,toolagent,0.5,91650,11.6,nfs,ARC+H2,ARC,H2,deferred,11440.037492,1230.861087,11318.509544,311,19.4375,226093,226316,183523,calib_c1 20261008-130316-m7-c1; i>=80 linear extrap,0,0
20261010-055332-d4-sim2,2026-10-10T06:00:30+00:00,toolagent,0.5,91650,11.6,nfs,ARC+NONE,ARC,NONE,deferred,11440.037492,1230.861087,11318.509544,0,0.0,226093,226316,183523,calib_c1 20261008-130316-m7-c1; i>=80 linear extrap,0,0
20261010-055332-d4-sim2,2026-10-10T06:00:30+00:00,toolagent,0.5,91650,11.6,nfs,S3FIFO+WT,S3FIFO,WT,deferred,11440.037492,1230.861087,11318.509544,2105,131.5625,226093,226316,183523,calib_c1 20261008-130316-m7-c1; i>=80 linear extrap,0,0
20261010-055332-d4-sim2,2026-10-10T06:00:31+00:00,toolagent,0.5,91650,11.6,nfs,S3FIFO+WB,S3FIFO,WB,deferred,11440.037492,1230.861087,11318.509544,1264,79.0,226093,226316,183523,calib_c1 20261008-130316-m7-c1; i>=80 linear extrap,0,0
20261010-055332-d4-sim2,2026-10-10T06:00:31+00:00,toolagent,0.5,91650,11.6,nfs,S3FIFO+WB2,S3FIFO,WB2,deferred,11440.037492,1230.861087,11318.509544,0,0.0,226093,226316,183523,calib_c1 20261008-130316-m7-c1; i>=80 linear extrap,0,0
20261010-055332-d4-sim2,2026-10-10T06:00:32+00:00,toolagent,0.5,91650,11.6,nfs,S3FIFO+H2,S3FIFO,H2,deferred,11440.037492,1230.861087,11318.509544,311,19.4375,226093,226316,183523,calib_c1 20261008-130316-m7-c1; i>=80 linear extrap,0,0
20261010-055332-d4-sim2,2026-10-10T06:00:32+00:00,toolagent,0.5,91650,11.6,nfs,S3FIFO+NONE,S3FIFO,NONE,deferred,11440.037492,1230.861087,11318.509544,0,0.0,226093,226316,183523,calib_c1 20261008-130316-m7-c1; i>=80 linear extrap,0,0
20261010-055332-d4-sim2,2026-10-10T06:00:33+00:00,toolagent,0.5,91650,11.6,nfs,WTPa+WBR,WTPa,WBR,wtp_a,11428.551405,1219.375,11306.988867,0,0.0,226316,226316,39481,calib_c1 20261008-130316-m7-c1; i>=80 linear extrap,0,0
20261010-055332-d4-sim2,2026-10-10T06:00:34+00:00,toolagent,0.5,91650,11.6,nfs,WTPa+WTR,WTPa,WTR,wtp_a,11428.551405,1219.375,11306.988867,311,19.4375,226316,226316,39481,calib_c1 20261008-130316-m7-c1; i>=80 linear extrap,0,0
20261010-055332-d4-sim2,2026-10-10T06:00:34+00:00,toolagent,0.5,91650,11.6,nfs,WTPb+WB,WTPb,WB,wtp_b,11582.125137,1372.948732,11456.027835,1774,110.875,222010,226316,47357,calib_c1 20261008-130316-m7-c1; i>=80 linear extrap,0,0
20261010-055332-d4-sim2,2026-10-10T06:00:35+00:00,toolagent,0.5,91650,11.6,nfs,OPT-BELADY,BELADY,NEED,opt,11428.551405,1219.375,11306.988867,0,0.0,226316,226316,39481,calib_c1 20261008-130316-m7-c1; i>=80 linear extrap,0,0
20261010-055332-d4-sim2,2026-10-10T06:00:35+00:00,toolagent,0.5,91650,11.6,nfs,OPT-COST,COSTBELADY,NEED,opt,11428.551405,1219.375,11306.988867,0,0.0,226316,226316,39481,calib_c1 20261008-130316-m7-c1; i>=80 linear extrap,0,0
20261010-055332-d4-sim2,2026-10-10T06:00:36+00:00,toolagent,0.5,91650,11.6,nfs,KEVa+WBR,KEVa,WBR,kev_a,11428.551405,1219.375,11306.988867,0,0.0,226316,226316,183300,calib_c1 20261008-130316-m7-c1; i>=80 linear extrap,0,0
20261010-055332-d4-sim2,2026-10-10T06:00:37+00:00,toolagent,0.5,91650,11.6,nfs,KEVa+WB,KEVa,WB,kev_a,11428.551405,1219.375,11306.988867,1157,72.3125,226316,226316,183300,calib_c1 20261008-130316-m7-c1; i>=80 linear extrap,0,0
20261010-055332-d4-sim2,2026-10-10T06:00:37+00:00,toolagent,0.5,91650,11.6,nfs,KEVb+WB,KEVb,WB,kev_b,11443.708771,1234.532366,11321.918828,1156,72.25,226109,226316,183507,calib_c1 20261008-130316-m7-c1; i>=80 linear extrap,0,0
20261010-055332-d4-sim2,2026-10-10T06:00:41+00:00,toolagent,0.1,18330,3.69,local,LRU+WT,LRU,WT,deferred,10953.04536,743.868955,nan,183300,11456.25,64733,83089,201656,calib_c1 20261008-130316-m7-c1; i>=80 linear extrap,2400,143227
20261010-055332-d4-sim2,2026-10-10T06:00:41+00:00,toolagent,0.1,18330,3.69,local,LRU+WB,LRU,WB,deferred,11363.186524,1154.010119,nan,167105,10444.0625,64733,83089,201656,calib_c1 20261008-130316-m7-c1; i>=80 linear extrap,2400,143227
20261010-055332-d4-sim2,2026-10-10T06:00:41+00:00,toolagent,0.1,18330,3.69,local,LRU+WB2,LRU,WB2,deferred,11829.904768,1620.728363,nan,34837,2177.3125,64733,83089,201656,calib_c1 20261008-130316-m7-c1; i>=80 linear extrap,2400,143227
20261010-055332-d4-sim2,2026-10-10T06:00:41+00:00,toolagent,0.1,18330,3.69,local,LRU+H2,LRU,H2,deferred,11613.838852,1404.662447,nan,38707,2419.1875,64733,83089,201656,calib_c1 20261008-130316-m7-c1; i>=80 linear extrap,2400,143227
20261010-055332-d4-sim2,2026-10-10T06:00:41+00:00,toolagent,0.1,18330,3.69,local,LRU+NONE,LRU,NONE,deferred,12391.007512,2181.831106,nan,0,0.0,64733,83089,201656,calib_c1 20261008-130316-m7-c1; i>=80 linear extrap,2400,143227
20261010-055332-d4-sim2,2026-10-10T06:00:41+00:00,toolagent,0.1,18330,3.69,local,2HIT+WT,2HIT,WT,deferred,10953.04536,743.868955,nan,183300,11456.25,44338,83089,38751,calib_c1 20261008-130316-m7-c1; i>=80 linear extrap,2400,143227
20261010-055332-d4-sim2,2026-10-10T06:00:41+00:00,toolagent,0.1,18330,3.69,local,2HIT+WB,2HIT,WB,deferred,10953.04536,743.868955,nan,183300,11456.25,44338,83089,38751,calib_c1 20261008-130316-m7-c1; i>=80 linear extrap,2400,143227
20261010-055332-d4-sim2,2026-10-10T06:00:41+00:00,toolagent,0.1,18330,3.69,local,2HIT+WB2,2HIT,WB2,deferred,13035.398822,2826.222416,nan,20421,1276.3125,44338,83089,38751,calib_c1 20261008-130316-m7-c1; i>=80 linear extrap,2400,143227
20261010-055332-d4-sim2,2026-10-10T06:00:41+00:00,toolagent,0.1,18330,3.69,local,2HIT+H2,2HIT,H2,deferred,12681.456037,2472.279632,nan,38707,2419.1875,44338,83089,38751,calib_c1 20261008-130316-m7-c1; i>=80 linear extrap,2400,143227
20261010-055332-d4-sim2,2026-10-10T06:00:41+00:00,toolagent,0.1,18330,3.69,local,2HIT+NONE,2HIT,NONE,deferred,13037.093599,2827.917194,nan,0,0.0,44338,83089,38751,calib_c1 20261008-130316-m7-c1; i>=80 linear extrap,2400,143227
20261010-055332-d4-sim2,2026-10-10T06:00:41+00:00,toolagent,0.1,18330,3.69,local,SLRU+WT,SLRU,WT,deferred,10953.04536,743.868955,nan,183300,11456.25,44200,83089,222189,calib_c1 20261008-130316-m7-c1; i>=80 linear extrap,2400,143227
20261010-055332-d4-sim2,2026-10-10T06:00:41+00:00,toolagent,0.1,18330,3.69,local,SLRU+WB,SLRU,WB,deferred,11230.75542,1021.579015,nan,168932,10558.25,44200,83089,222189,calib_c1 20261008-130316-m7-c1; i>=80 linear extrap,2400,143227
20261010-055332-d4-sim2,2026-10-10T06:00:41+00:00,toolagent,0.1,18330,3.69,local,SLRU+WB2,SLRU,WB2,deferred,12337.971167,2128.794762,nan,24710,1544.375,44200,83089,222189,calib_c1 20261008-130316-m7-c1; i>=80 linear extrap,2400,143227
20261010-055332-d4-sim2,2026-10-10T06:00:41+00:00,toolagent,0.1,18330,3.69,local,SLRU+H2,SLRU,H2,deferred,12125.354768,1916.178362,nan,38707,2419.1875,44200,83089,222189,calib_c1 20261008-130316-m7-c1; i>=80 linear extrap,2400,143227
20261010-055332-d4-sim2,2026-10-10T06:00:41+00:00,toolagent,0.1,18330,3.69,local,SLRU+NONE,SLRU,NONE,deferred,13013.104026,2803.92762,nan,0,0.0,44200,83089,222189,calib_c1 20261008-130316-m7-c1; i>=80 linear extrap,2400,143227
20261010-055332-d4-sim2,2026-10-10T06:00:41+00:00,toolagent,0.1,18330,3.69,local,ARC+WT,ARC,WT,deferred,10953.04536,743.868955,nan,183300,11456.25,65438,83089,200951,calib_c1 20261008-130316-m7-c1; i>=80 linear extrap,2400,143227
20261010-055332-d4-sim2,2026-10-10T06:00:41+00:00,toolagent,0.1,18330,3.69,local,ARC+WB,ARC,WB,deferred,11351.384705,1142.208299,nan,167650,10478.125,65438,83089,200951,calib_c1 20261008-130316-m7-c1; i>=80 linear extrap,2400,143227
20261010-055332-d4-sim2,2026-10-10T06:00:41+00:00,toolagent,0.1,18330,3.69,local,ARC+WB2,ARC,WB2,deferred,12133.649027,1924.472621,nan,31641,1977.5625,65438,83089,200951,calib_c1 20261008-130316-m7-c1; i>=80 linear extrap,2400,143227
20261010-055332-d4-sim2,2026-10-10T06:00:41+00:00,toolagent,0.1,18330,3.69,local,ARC+H2,ARC,H2,deferred,11818.161966,1608.985561,nan,38707,2419.1875,65438,83089,200951,calib_c1 20261008-130316-m7-c1; i>=80 linear extrap,2400,143227
20261010-055332-d4-sim2,2026-10-10T06:00:41+00:00,toolagent,0.1,18330,3.69,local,ARC+NONE,ARC,NONE,deferred,12263.699574,2054.523169,nan,0,0.0,65438,83089,200951,calib_c1 20261008-130316-m7-c1; i>=80 linear extrap,2400,143227
20261010-055332-d4-sim2,2026-10-10T06:00:41+00:00,toolagent,0.1,18330,3.69,local,S3FIFO+WT,S3FIFO,WT,deferred,10953.04536,743.868955,nan,183300,11456.25,53256,83089,213133,calib_c1 20261008-130316-m7-c1; i>=80 linear extrap,2400,143227
20261010-055332-d4-sim2,2026-10-10T06:00:41+00:00,toolagent,0.1,18330,3.69,local,S3FIFO+WB,S3FIFO,WB,deferred,11173.694663,964.518258,nan,178940,11183.75,53256,83089,213133,calib_c1 20261008-130316-m7-c1; i>=80 linear extrap,2400,143227
20261010-055332-d4-sim2,2026-10-10T06:00:41+00:00,toolagent,0.1,18330,3.69,local,S3FIFO+WB2,S3FIFO,WB2,deferred,12544.408716,2335.232311,nan,23270,1454.375,53256,83089,213133,calib_c1 20261008-130316-m7-c1; i>=80 linear extrap,2400,143227
20261010-055332-d4-sim2,2026-10-10T06:00:41+00:00,toolagent,0.1,18330,3.69,local,S3FIFO+H2,S3FIFO,H2,deferred,12227.931517,2018.755112,nan,38707,2419.1875,53256,83089,213133,calib_c1 20261008-130316-m7-c1; i>=80 linear extrap,2400,143227
20261010-055332-d4-sim2,2026-10-10T06:00:41+00:00,toolagent,0.1,18330,3.69,local,S3FIFO+NONE,S3FIFO,NONE,deferred,12666.226616,2457.050211,nan,0,0.0,53256,83089,213133,calib_c1 20261008-130316-m7-c1; i>=80 linear extrap,2400,143227
20261010-055332-d4-sim2,2026-10-10T06:00:41+00:00,toolagent,0.1,18330,3.69,local,WTPa+WBR,WTPa,WBR,wtp_a,11616.510416,1407.334011,nan,0,0.0,83089,83089,38707,calib_c1 20261008-130316-m7-c1; i>=80 linear extrap,2400,143227
20261010-055332-d4-sim2,2026-10-10T06:00:41+00:00,toolagent,0.1,18330,3.69,local,WTPa+WTR,WTPa,WTR,wtp_a,10953.04536,743.868955,nan,38707,2419.1875,83089,83089,38707,calib_c1 20261008-130316-m7-c1; i>=80 linear extrap,2400,143227
20261010-055332-d4-sim2,2026-10-10T06:00:41+00:00,toolagent,0.1,18330,3.69,local,WTPb+WB,WTPb,WB,wtp_b,11564.041029,1354.864624,nan,165579,10348.6875,78644,83089,47469,calib_c1 20261008-130316-m7-c1; i>=80 linear extrap,2400,143227
20261010-055332-d4-sim2,2026-10-10T06:00:41+00:00,toolagent,0.1,18330,3.69,local,OPT-BELADY,BELADY,NEED,opt,11616.510416,1407.334011,nan,0,0.0,83089,83089,38707,calib_c1 20261008-130316-m7-c1; i>=80 linear extrap,2400,143227
20261010-055332-d4-sim2,2026-10-10T06:00:41+00:00,toolagent,0.1,18330,3.69,local,OPT-COST,COSTBELADY,NEED,opt,10953.04536,743.868955,nan,38707,2419.1875,0,83089,0,calib_c1 20261008-130316-m7-c1; i>=80 linear extrap,2400,143227
20261010-055332-d4-sim2,2026-10-10T06:00:41+00:00,toolagent,0.1,18330,3.69,local,KEVa+WBR,KEVa,WBR,kev_a,11616.510416,1407.334011,nan,0,0.0,83089,83089,183300,calib_c1 20261008-130316-m7-c1; i>=80 linear extrap,2400,143227
20261010-055332-d4-sim2,2026-10-10T06:00:41+00:00,toolagent,0.1,18330,3.69,local,KEVa+WB,KEVa,WB,kev_a,11616.510416,1407.334011,nan,164970,10310.625,83089,83089,183300,calib_c1 20261008-130316-m7-c1; i>=80 linear extrap,2400,143227
20261010-055332-d4-sim2,2026-10-10T06:00:41+00:00,toolagent,0.1,18330,3.69,local,KEVb+WB,KEVb,WB,kev_b,11560.447783,1351.271377,nan,165427,10339.1875,80052,83089,186337,calib_c1 20261008-130316-m7-c1; i>=80 linear extrap,2400,143227
20261010-055332-d4-sim2,2026-10-10T06:00:41+00:00,toolagent,0.1,18330,3.69,nfs,LRU+WT,LRU,WT,deferred,12389.692131,2180.515726,nan,2105,131.5625,64733,83089,201656,calib_c1 20261008-130316-m7-c1; i>=80 linear extrap,2400,143227
20261010-055332-d4-sim2,2026-10-10T06:00:41+00:00,toolagent,0.1,18330,3.69,nfs,LRU+WB,LRU,WB,deferred,12389.692131,2180.515726,nan,1946,121.625,64733,83089,201656,calib_c1 20261008-130316-m7-c1; i>=80 linear extrap,2400,143227
20261010-055332-d4-sim2,2026-10-10T06:00:42+00:00,toolagent,0.1,18330,3.69,nfs,LRU+WB2,LRU,WB2,deferred,12390.838477,2181.662071,nan,311,19.4375,64733,83089,201656,calib_c1 20261008-130316-m7-c1; i>=80 linear extrap,2400,143227
20261010-055332-d4-sim2,2026-10-10T06:00:42+00:00,toolagent,0.1,18330,3.69,nfs,LRU+H2,LRU,H2,deferred,12390.838477,2181.662071,nan,311,19.4375,64733,83089,201656,calib_c1 20261008-130316-m7-c1; i>=80 linear extrap,2400,143227
20261010-055332-d4-sim2,2026-10-10T06:00:42+00:00,toolagent,0.1,18330,3.69,nfs,LRU+NONE,LRU,NONE,deferred,12391.007512,2181.831106,nan,0,0.0,64733,83089,201656,calib_c1 20261008-130316-m7-c1; i>=80 linear extrap,2400,143227
20261010-055332-d4-sim2,2026-10-10T06:00:42+00:00,toolagent,0.1,18330,3.69,nfs,2HIT+WT,2HIT,WT,deferred,13030.923881,2821.747476,nan,2105,131.5625,44338,83089,38751,calib_c1 20261008-130316-m7-c1; i>=80 linear extrap,2400,143227
20261010-055332-d4-sim2,2026-10-10T06:00:42+00:00,toolagent,0.1,18330,3.69,nfs,2HIT+WB,2HIT,WB,deferred,13030.923881,2821.747476,nan,2105,131.5625,44338,83089,38751,calib_c1 20261008-130316-m7-c1; i>=80 linear extrap,2400,143227
20261010-055332-d4-sim2,2026-10-10T06:00:42+00:00,toolagent,0.1,18330,3.69,nfs,2HIT+WB2,2HIT,WB2,deferred,13037.093599,2827.917194,nan,248,15.5,44338,83089,38751,calib_c1 20261008-130316-m7-c1; i>=80 linear extrap,2400,143227
20261010-055332-d4-sim2,2026-10-10T06:00:42+00:00,toolagent,0.1,18330,3.69,nfs,2HIT+H2,2HIT,H2,deferred,13037.093599,2827.917194,nan,311,19.4375,44338,83089,38751,calib_c1 20261008-130316-m7-c1; i>=80 linear extrap,2400,143227
20261010-055332-d4-sim2,2026-10-10T06:00:42+00:00,toolagent,0.1,18330,3.69,nfs,2HIT+NONE,2HIT,NONE,deferred,13037.093599,2827.917194,nan,0,0.0,44338,83089,38751,calib_c1 20261008-130316-m7-c1; i>=80 linear extrap,2400,143227
20261010-055332-d4-sim2,2026-10-10T06:00:42+00:00,toolagent,0.1,18330,3.69,nfs,SLRU+WT,SLRU,WT,deferred,13010.729496,2801.553091,nan,2105,131.5625,44200,83089,222189,calib_c1 20261008-130316-m7-c1; i>=80 linear extrap,2400,143227
20261010-055332-d4-sim2,2026-10-10T06:00:42+00:00,toolagent,0.1,18330,3.69,nfs,SLRU+WB,SLRU,WB,deferred,13010.729496,2801.553091,nan,1924,120.25,44200,83089,222189,calib_c1 20261008-130316-m7-c1; i>=80 linear extrap,2400,143227
20261010-055332-d4-sim2,2026-10-10T06:00:42+00:00,toolagent,0.1,18330,3.69,nfs,SLRU+WB2,SLRU,WB2,deferred,13013.042902,2803.866497,nan,181,11.3125,44200,83089,222189,calib_c1 20261008-130316-m7-c1; i>=80 linear extrap,2400,143227
20261010-055332-d4-sim2,2026-10-10T06:00:42+00:00,toolagent,0.1,18330,3.69,nfs,SLRU+H2,SLRU,H2,deferred,13013.042902,2803.866497,nan,311,19.4375,44200,83089,222189,calib_c1 20261008-130316-m7-c1; i>=80 linear extrap,2400,143227
20261010-055332-d4-sim2,2026-10-10T06:00:42+00:00,toolagent,0.1,18330,3.69,nfs,SLRU+NONE,SLRU,NONE,deferred,13013.104026,2803.92762,nan,0,0.0,44200,83089,222189,calib_c1 20261008-130316-m7-c1; i>=80 linear extrap,2400,143227
20261010-055332-d4-sim2,2026-10-10T06:00:42+00:00,toolagent,0.1,18330,3.69,nfs,ARC+WT,ARC,WT,deferred,12262.541063,2053.364658,nan,2105,131.5625,65438,83089,200951,calib_c1 20261008-130316-m7-c1; i>=80 linear extrap,2400,143227
20261010-055332-d4-sim2,2026-10-10T06:00:42+00:00,toolagent,0.1,18330,3.69,nfs,ARC+WB,ARC,WB,deferred,12262.541063,2053.364658,nan,1942,121.375,65438,83089,200951,calib_c1 20261008-130316-m7-c1; i>=80 linear extrap,2400,143227
20261010-055332-d4-sim2,2026-10-10T06:00:42+00:00,toolagent,0.1,18330,3.69,nfs,ARC+WB2,ARC,WB2,deferred,12263.687408,2054.511003,nan,301,18.8125,65438,83089,200951,calib_c1 20261008-130316-m7-c1; i>=80 linear extrap,2400,143227
20261010-055332-d4-sim2,2026-10-10T06:00:42+00:00,toolagent,0.1,18330,3.69,nfs,ARC+H2,ARC,H2,deferred,12263.687408,2054.511003,nan,311,19.4375,65438,83089,200951,calib_c1 20261008-130316-m7-c1; i>=80 linear extrap,2400,143227
20261010-055332-d4-sim2,2026-10-10T06:00:42+00:00,toolagent,0.1,18330,3.69,nfs,ARC+NONE,ARC,NONE,deferred,12263.699574,2054.523169,nan,0,0.0,65438,83089,200951,calib_c1 20261008-130316-m7-c1; i>=80 linear extrap,2400,143227
20261010-055332-d4-sim2,2026-10-10T06:00:42+00:00,toolagent,0.1,18330,3.69,nfs,S3FIFO+WT,S3FIFO,WT,deferred,12663.901045,2454.72464,nan,2105,131.5625,53256,83089,213133,calib_c1 20261008-130316-m7-c1; i>=80 linear extrap,2400,143227
20261010-055332-d4-sim2,2026-10-10T06:00:42+00:00,toolagent,0.1,18330,3.69,nfs,S3FIFO+WB,S3FIFO,WB,deferred,12663.901045,2454.72464,nan,2041,127.5625,53256,83089,213133,calib_c1 20261008-130316-m7-c1; i>=80 linear extrap,2400,143227
20261010-055332-d4-sim2,2026-10-10T06:00:42+00:00,toolagent,0.1,18330,3.69,nfs,S3FIFO+WB2,S3FIFO,WB2,deferred,12666.214451,2457.038046,nan,286,17.875,53256,83089,213133,calib_c1 20261008-130316-m7-c1; i>=80 linear extrap,2400,143227
20261010-055332-d4-sim2,2026-10-10T06:00:42+00:00,toolagent,0.1,18330,3.69,nfs,S3FIFO+H2,S3FIFO,H2,deferred,12666.214451,2457.038046,nan,311,19.4375,53256,83089,213133,calib_c1 20261008-130316-m7-c1; i>=80 linear extrap,2400,143227
20261010-055332-d4-sim2,2026-10-10T06:00:42+00:00,toolagent,0.1,18330,3.69,nfs,S3FIFO+NONE,S3FIFO,NONE,deferred,12666.226616,2457.050211,nan,0,0.0,53256,83089,213133,calib_c1 20261008-130316-m7-c1; i>=80 linear extrap,2400,143227
20261010-055332-d4-sim2,2026-10-10T06:00:42+00:00,toolagent,0.1,18330,3.69,nfs,WTPa+WBR,WTPa,WBR,wtp_a,11616.510416,1407.334011,nan,0,0.0,83089,83089,38707,calib_c1 20261008-130316-m7-c1; i>=80 linear extrap,2400,143227
20261010-055332-d4-sim2,2026-10-10T06:00:42+00:00,toolagent,0.1,18330,3.69,nfs,WTPa+WTR,WTPa,WTR,wtp_a,11616.510416,1407.334011,nan,311,19.4375,83089,83089,38707,calib_c1 20261008-130316-m7-c1; i>=80 linear extrap,2400,143227
20261010-055332-d4-sim2,2026-10-10T06:00:42+00:00,toolagent,0.1,18330,3.69,nfs,WTPb+WB,WTPb,WB,wtp_b,11725.580343,1516.403937,nan,2039,127.4375,78644,83089,47469,calib_c1 20261008-130316-m7-c1; i>=80 linear extrap,2400,143227
20261010-055332-d4-sim2,2026-10-10T06:00:42+00:00,toolagent,0.1,18330,3.69,nfs,OPT-BELADY,BELADY,NEED,opt,11616.510416,1407.334011,nan,0,0.0,83089,83089,38707,calib_c1 20261008-130316-m7-c1; i>=80 linear extrap,2400,143227
20261010-055332-d4-sim2,2026-10-10T06:00:42+00:00,toolagent,0.1,18330,3.69,nfs,OPT-COST,COSTBELADY,NEED,opt,11616.510416,1407.334011,nan,0,0.0,83089,83089,38707,calib_c1 20261008-130316-m7-c1; i>=80 linear extrap,2400,143227
20261010-055332-d4-sim2,2026-10-10T06:00:42+00:00,toolagent,0.1,18330,3.69,nfs,KEVa+WBR,KEVa,WBR,kev_a,11616.510416,1407.334011,nan,0,0.0,83089,83089,183300,calib_c1 20261008-130316-m7-c1; i>=80 linear extrap,2400,143227
20261010-055332-d4-sim2,2026-10-10T06:00:42+00:00,toolagent,0.1,18330,3.69,nfs,KEVa+WB,KEVa,WB,kev_a,11616.510416,1407.334011,nan,1946,121.625,83089,83089,183300,calib_c1 20261008-130316-m7-c1; i>=80 linear extrap,2400,143227
20261010-055332-d4-sim2,2026-10-10T06:00:42+00:00,toolagent,0.1,18330,3.69,nfs,KEVb+WB,KEVb,WB,kev_b,11707.624402,1498.447997,nan,2022,126.375,80052,83089,186337,calib_c1 20261008-130316-m7-c1; i>=80 linear extrap,2400,143227
20261010-055332-d4-sim2,2026-10-10T06:00:42+00:00,toolagent,0.1,18330,11.6,local,LRU+WT,LRU,WT,deferred,10722.288679,513.112273,nan,183300,11456.25,64733,83089,201656,calib_c1 20261008-130316-m7-c1; i>=80 linear extrap,2400,143227
20261010-055332-d4-sim2,2026-10-10T06:00:42+00:00,toolagent,0.1,18330,11.6,local,LRU+WB,LRU,WB,deferred,10722.288679,513.112273,nan,167105,10444.0625,64733,83089,201656,calib_c1 20261008-130316-m7-c1; i>=80 linear extrap,2400,143227
20261010-055332-d4-sim2,2026-10-10T06:00:42+00:00,toolagent,0.1,18330,11.6,local,LRU+WB2,LRU,WB2,deferred,11147.053772,937.877367,nan,34837,2177.3125,64733,83089,201656,calib_c1 20261008-130316-m7-c1; i>=80 linear extrap,2400,143227
20261010-055332-d4-sim2,2026-10-10T06:00:42+00:00,toolagent,0.1,18330,11.6,local,LRU+H2,LRU,H2,deferred,11147.053772,937.877367,nan,38707,2419.1875,64733,83089,201656,calib_c1 20261008-130316-m7-c1; i>=80 linear extrap,2400,143227
20261010-055332-d4-sim2,2026-10-10T06:00:42+00:00,toolagent,0.1,18330,11.6,local,LRU+NONE,LRU,NONE,deferred,11643.358299,1434.181894,nan,0,0.0,64733,83089,201656,calib_c1 20261008-130316-m7-c1; i>=80 linear extrap,2400,143227
20261010-055332-d4-sim2,2026-10-10T06:00:42+00:00,toolagent,0.1,18330,11.6,local,2HIT+WT,2HIT,WT,deferred,10794.991667,585.815261,nan,183300,11456.25,44338,83089,38751,calib_c1 20261008-130316-m7-c1; i>=80 linear extrap,2400,143227
20261010-055332-d4-sim2,2026-10-10T06:00:42+00:00,toolagent,0.1,18330,11.6,local,2HIT+WB,2HIT,WB,deferred,10794.991667,585.815261,nan,183300,11456.25,44338,83089,38751,calib_c1 20261008-130316-m7-c1; i>=80 linear extrap,2400,143227
20261010-055332-d4-sim2,2026-10-10T06:00:42+00:00,toolagent,0.1,18330,11.6,local,2HIT+WB2,2HIT,WB2,deferred,12523.402343,2314.225938,nan,20421,1276.3125,44338,83089,38751,calib_c1 20261008-130316-m7-c1; i>=80 linear extrap,2400,143227
20261010-055332-d4-sim2,2026-10-10T06:00:42+00:00,toolagent,0.1,18330,11.6,local,2HIT+H2,2HIT,H2,deferred,12523.402343,2314.225938,nan,38707,2419.1875,44338,83089,38751,calib_c1 20261008-130316-m7-c1; i>=80 linear extrap,2400,143227
20261010-055332-d4-sim2,2026-10-10T06:00:42+00:00,toolagent,0.1,18330,11.6,local,2HIT+NONE,2HIT,NONE,deferred,12525.0013,2315.824895,nan,0,0.0,44338,83089,38751,calib_c1 20261008-130316-m7-c1; i>=80 linear extrap,2400,143227
20261010-055332-d4-sim2,2026-10-10T06:00:42+00:00,toolagent,0.1,18330,11.6,local,SLRU+WT,SLRU,WT,deferred,10795.483601,586.307196,nan,183300,11456.25,44200,83089,222189,calib_c1 20261008-130316-m7-c1; i>=80 linear extrap,2400,143227
20261010-055332-d4-sim2,2026-10-10T06:00:42+00:00,toolagent,0.1,18330,11.6,local,SLRU+WB,SLRU,WB,deferred,10795.483601,586.307196,nan,168932,10558.25,44200,83089,222189,calib_c1 20261008-130316-m7-c1; i>=80 linear extrap,2400,143227
20261010-055332-d4-sim2,2026-10-10T06:00:42+00:00,toolagent,0.1,18330,11.6,local,SLRU+WB2,SLRU,WB2,deferred,11854.621708,1645.445303,nan,24710,1544.375,44200,83089,222189,calib_c1 20261008-130316-m7-c1; i>=80 linear extrap,2400,143227
20261010-055332-d4-sim2,2026-10-10T06:00:42+00:00,toolagent,0.1,18330,11.6,local,SLRU+H2,SLRU,H2,deferred,11854.621708,1645.445303,nan,38707,2419.1875,44200,83089,222189,calib_c1 20261008-130316-m7-c1; i>=80 linear extrap,2400,143227
20261010-055332-d4-sim2,2026-10-10T06:00:42+00:00,toolagent,0.1,18330,11.6,local,SLRU+NONE,SLRU,NONE,deferred,12502.605591,2293.429186,nan,0,0.0,44200,83089,222189,calib_c1 20261008-130316-m7-c1; i>=80 linear extrap,2400,143227
20261010-055332-d4-sim2,2026-10-10T06:00:42+00:00,toolagent,0.1,18330,11.6,local,ARC+WT,ARC,WT,deferred,10719.775533,510.599128,nan,183300,11456.25,65438,83089,200951,calib_c1 20261008-130316-m7-c1; i>=80 linear extrap,2400,143227
20261010-055332-d4-sim2,2026-10-10T06:00:42+00:00,toolagent,0.1,18330,11.6,local,ARC+WB,ARC,WB,deferred,10719.775533,510.599128,nan,167650,10478.125,65438,83089,200951,calib_c1 20261008-130316-m7-c1; i>=80 linear extrap,2400,143227
20261010-055332-d4-sim2,2026-10-10T06:00:42+00:00,toolagent,0.1,18330,11.6,local,ARC+WB2,ARC,WB2,deferred,11400.702313,1191.525908,nan,31641,1977.5625,65438,83089,200951,calib_c1 20261008-130316-m7-c1; i>=80 linear extrap,2400,143227
20261010-055332-d4-sim2,2026-10-10T06:00:42+00:00,toolagent,0.1,18330,11.6,local,ARC+H2,ARC,H2,deferred,11400.702313,1191.525908,nan,38707,2419.1875,65438,83089,200951,calib_c1 20261008-130316-m7-c1; i>=80 linear extrap,2400,143227
20261010-055332-d4-sim2,2026-10-10T06:00:42+00:00,toolagent,0.1,18330,11.6,local,ARC+NONE,ARC,NONE,deferred,11507.907796,1298.731391,nan,0,0.0,65438,83089,200951,calib_c1 20261008-130316-m7-c1; i>=80 linear extrap,2400,143227
20261010-055332-d4-sim2,2026-10-10T06:00:42+00:00,toolagent,0.1,18330,11.6,local,S3FIFO+WT,S3FIFO,WT,deferred,10763.201265,554.024859,nan,183300,11456.25,53256,83089,213133,calib_c1 20261008-130316-m7-c1; i>=80 linear extrap,2400,143227
20261010-055332-d4-sim2,2026-10-10T06:00:42+00:00,toolagent,0.1,18330,11.6,local,S3FIFO+WB,S3FIFO,WB,deferred,10763.201265,554.024859,nan,178940,11183.75,53256,83089,213133,calib_c1 20261008-130316-m7-c1; i>=80 linear extrap,2400,143227
20261010-055332-d4-sim2,2026-10-10T06:00:42+00:00,toolagent,0.1,18330,11.6,local,S3FIFO+WB2,S3FIFO,WB2,deferred,11951.64189,1742.465485,nan,23270,1454.375,53256,83089,213133,calib_c1 20261008-130316-m7-c1; i>=80 linear extrap,2400,143227
20261010-055332-d4-sim2,2026-10-10T06:00:42+00:00,toolagent,0.1,18330,11.6,local,S3FIFO+H2,S3FIFO,H2,deferred,11951.64189,1742.465485,nan,38707,2419.1875,53256,83089,213133,calib_c1 20261008-130316-m7-c1; i>=80 linear extrap,2400,143227
20261010-055332-d4-sim2,2026-10-10T06:00:42+00:00,toolagent,0.1,18330,11.6,local,S3FIFO+NONE,S3FIFO,NONE,deferred,12051.133751,1841.957346,nan,0,0.0,53256,83089,213133,calib_c1 20261008-130316-m7-c1; i>=80 linear extrap,2400,143227
20261010-055332-d4-sim2,2026-10-10T06:00:42+00:00,toolagent,0.1,18330,11.6,local,WTPa+WBR,WTPa,WBR,wtp_a,10656.854207,447.677802,nan,0,0.0,83089,83089,38707,calib_c1 20261008-130316-m7-c1; i>=80 linear extrap,2400,143227
20261010-055332-d4-sim2,2026-10-10T06:00:42+00:00,toolagent,0.1,18330,11.6,local,WTPa+WTR,WTPa,WTR,wtp_a,10656.854207,447.677802,nan,38707,2419.1875,83089,83089,38707,calib_c1 20261008-130316-m7-c1; i>=80 linear extrap,2400,143227
20261010-055332-d4-sim2,2026-10-10T06:00:42+00:00,toolagent,0.1,18330,11.6,local,WTPb+WB,WTPb,WB,wtp_b,10672.699501,463.523096,nan,165579,10348.6875,78644,83089,47469,calib_c1 20261008-130316-m7-c1; i>=80 linear extrap,2400,143227
20261010-055332-d4-sim2,2026-10-10T06:00:42+00:00,toolagent,0.1,18330,11.6,local,OPT-BELADY,BELADY,NEED,opt,10656.854207,447.677802,nan,0,0.0,83089,83089,38707,calib_c1 20261008-130316-m7-c1; i>=80 linear extrap,2400,143227
20261010-055332-d4-sim2,2026-10-10T06:00:42+00:00,toolagent,0.1,18330,11.6,local,OPT-COST,COSTBELADY,NEED,opt,10656.854207,447.677802,nan,0,0.0,83089,83089,38707,calib_c1 20261008-130316-m7-c1; i>=80 linear extrap,2400,143227
20261010-055332-d4-sim2,2026-10-10T06:00:42+00:00,toolagent,0.1,18330,11.6,local,KEVa+WBR,KEVa,WBR,kev_a,10656.854207,447.677802,nan,0,0.0,83089,83089,183300,calib_c1 20261008-130316-m7-c1; i>=80 linear extrap,2400,143227
20261010-055332-d4-sim2,2026-10-10T06:00:42+00:00,toolagent,0.1,18330,11.6,local,KEVa+WB,KEVa,WB,kev_a,10656.854207,447.677802,nan,164970,10310.625,83089,83089,183300,calib_c1 20261008-130316-m7-c1; i>=80 linear extrap,2400,143227
20261010-055332-d4-sim2,2026-10-10T06:00:42+00:00,toolagent,0.1,18330,11.6,local,KEVb+WB,KEVb,WB,kev_b,10667.68034,458.503934,nan,165427,10339.1875,80052,83089,186337,calib_c1 20261008-130316-m7-c1; i>=80 linear extrap,2400,143227
20261010-055332-d4-sim2,2026-10-10T06:00:43+00:00,toolagent,0.1,18330,11.6,nfs,LRU+WT,LRU,WT,deferred,11642.042919,1432.866514,nan,2105,131.5625,64733,83089,201656,calib_c1 20261008-130316-m7-c1; i>=80 linear extrap,2400,143227
20261010-055332-d4-sim2,2026-10-10T06:00:43+00:00,toolagent,0.1,18330,11.6,nfs,LRU+WB,LRU,WB,deferred,11642.042919,1432.866514,nan,1946,121.625,64733,83089,201656,calib_c1 20261008-130316-m7-c1; i>=80 linear extrap,2400,143227
20261010-055332-d4-sim2,2026-10-10T06:00:43+00:00,toolagent,0.1,18330,11.6,nfs,LRU+WB2,LRU,WB2,deferred,11643.189265,1434.012859,nan,311,19.4375,64733,83089,201656,calib_c1 20261008-130316-m7-c1; i>=80 linear extrap,2400,143227
20261010-055332-d4-sim2,2026-10-10T06:00:43+00:00,toolagent,0.1,18330,11.6,nfs,LRU+H2,LRU,H2,deferred,11643.189265,1434.012859,nan,311,19.4375,64733,83089,201656,calib_c1 20261008-130316-m7-c1; i>=80 linear extrap,2400,143227
20261010-055332-d4-sim2,2026-10-10T06:00:43+00:00,toolagent,0.1,18330,11.6,nfs,LRU+NONE,LRU,NONE,deferred,11643.358299,1434.181894,nan,0,0.0,64733,83089,201656,calib_c1 20261008-130316-m7-c1; i>=80 linear extrap,2400,143227
20261010-055332-d4-sim2,2026-10-10T06:00:43+00:00,toolagent,0.1,18330,11.6,nfs,2HIT+WT,2HIT,WT,deferred,12518.831582,2309.655177,nan,2105,131.5625,44338,83089,38751,calib_c1 20261008-130316-m7-c1; i>=80 linear extrap,2400,143227
20261010-055332-d4-sim2,2026-10-10T06:00:43+00:00,toolagent,0.1,18330,11.6,nfs,2HIT+WB,2HIT,WB,deferred,12518.831582,2309.655177,nan,2105,131.5625,44338,83089,38751,calib_c1 20261008-130316-m7-c1; i>=80 linear extrap,2400,143227
20261010-055332-d4-sim2,2026-10-10T06:00:43+00:00,toolagent,0.1,18330,11.6,nfs,2HIT+WB2,2HIT,WB2,deferred,12525.0013,2315.824895,nan,248,15.5,44338,83089,38751,calib_c1 20261008-130316-m7-c1; i>=80 linear extrap,2400,143227
20261010-055332-d4-sim2,2026-10-10T06:00:43+00:00,toolagent,0.1,18330,11.6,nfs,2HIT+H2,2HIT,H2,deferred,12525.0013,2315.824895,nan,311,19.4375,44338,83089,38751,calib_c1 20261008-130316-m7-c1; i>=80 linear extrap,2400,143227
20261010-055332-d4-sim2,2026-10-10T06:00:43+00:00,toolagent,0.1,18330,11.6,nfs,2HIT+NONE,2HIT,NONE,deferred,12525.0013,2315.824895,nan,0,0.0,44338,83089,38751,calib_c1 20261008-130316-m7-c1; i>=80 linear extrap,2400,143227
20261010-055332-d4-sim2,2026-10-10T06:00:43+00:00,toolagent,0.1,18330,11.6,nfs,SLRU+WT,SLRU,WT,deferred,12500.231061,2291.054656,nan,2105,131.5625,44200,83089,222189,calib_c1 20261008-130316-m7-c1; i>=80 linear extrap,2400,143227
20261010-055332-d4-sim2,2026-10-10T06:00:43+00:00,toolagent,0.1,18330,11.6,nfs,SLRU+WB,SLRU,WB,deferred,12500.231061,2291.054656,nan,1924,120.25,44200,83089,222189,calib_c1 20261008-130316-m7-c1; i>=80 linear extrap,2400,143227
20261010-055332-d4-sim2,2026-10-10T06:00:43+00:00,toolagent,0.1,18330,11.6,nfs,SLRU+WB2,SLRU,WB2,deferred,12502.544467,2293.368062,nan,181,11.3125,44200,83089,222189,calib_c1 20261008-130316-m7-c1; i>=80 linear extrap,2400,143227
20261010-055332-d4-sim2,2026-10-10T06:00:43+00:00,toolagent,0.1,18330,11.6,nfs,SLRU+H2,SLRU,H2,deferred,12502.544467,2293.368062,nan,311,19.4375,44200,83089,222189,calib_c1 20261008-130316-m7-c1; i>=80 linear extrap,2400,143227
20261010-055332-d4-sim2,2026-10-10T06:00:43+00:00,toolagent,0.1,18330,11.6,nfs,SLRU+NONE,SLRU,NONE,deferred,12502.605591,2293.429186,nan,0,0.0,44200,83089,222189,calib_c1 20261008-130316-m7-c1; i>=80 linear extrap,2400,143227
20261010-055332-d4-sim2,2026-10-10T06:00:43+00:00,toolagent,0.1,18330,11.6,nfs,ARC+WT,ARC,WT,deferred,11506.749285,1297.57288,nan,2105,131.5625,65438,83089,200951,calib_c1 20261008-130316-m7-c1; i>=80 linear extrap,2400,143227
20261010-055332-d4-sim2,2026-10-10T06:00:43+00:00,toolagent,0.1,18330,11.6,nfs,ARC+WB,ARC,WB,deferred,11506.749285,1297.57288,nan,1942,121.375,65438,83089,200951,calib_c1 20261008-130316-m7-c1; i>=80 linear extrap,2400,143227
20261010-055332-d4-sim2,2026-10-10T06:00:43+00:00,toolagent,0.1,18330,11.6,nfs,ARC+WB2,ARC,WB2,deferred,11507.895631,1298.719226,nan,301,18.8125,65438,83089,200951,calib_c1 20261008-130316-m7-c1; i>=80 linear extrap,2400,143227
20261010-055332-d4-sim2,2026-10-10T06:00:43+00:00,toolagent,0.1,18330,11.6,nfs,ARC+H2,ARC,H2,deferred,11507.895631,1298.719226,nan,311,19.4375,65438,83089,200951,calib_c1 20261008-130316-m7-c1; i>=80 linear extrap,2400,143227
20261010-055332-d4-sim2,2026-10-10T06:00:43+00:00,toolagent,0.1,18330,11.6,nfs,ARC+NONE,ARC,NONE,deferred,11507.907796,1298.731391,nan,0,0.0,65438,83089,200951,calib_c1 20261008-130316-m7-c1; i>=80 linear extrap,2400,143227
20261010-055332-d4-sim2,2026-10-10T06:00:43+00:00,toolagent,0.1,18330,11.6,nfs,S3FIFO+WT,S3FIFO,WT,deferred,12048.80818,1839.631775,nan,2105,131.5625,53256,83089,213133,calib_c1 20261008-130316-m7-c1; i>=80 linear extrap,2400,143227
20261010-055332-d4-sim2,2026-10-10T06:00:43+00:00,toolagent,0.1,18330,11.6,nfs,S3FIFO+WB,S3FIFO,WB,deferred,12048.80818,1839.631775,nan,2041,127.5625,53256,83089,213133,calib_c1 20261008-130316-m7-c1; i>=80 linear extrap,2400,143227
20261010-055332-d4-sim2,2026-10-10T06:00:43+00:00,toolagent,0.1,18330,11.6,nfs,S3FIFO+WB2,S3FIFO,WB2,deferred,12051.121586,1841.945181,nan,286,17.875,53256,83089,213133,calib_c1 20261008-130316-m7-c1; i>=80 linear extrap,2400,143227
20261010-055332-d4-sim2,2026-10-10T06:00:43+00:00,toolagent,0.1,18330,11.6,nfs,S3FIFO+H2,S3FIFO,H2,deferred,12051.121586,1841.945181,nan,311,19.4375,53256,83089,213133,calib_c1 20261008-130316-m7-c1; i>=80 linear extrap,2400,143227
20261010-055332-d4-sim2,2026-10-10T06:00:43+00:00,toolagent,0.1,18330,11.6,nfs,S3FIFO+NONE,S3FIFO,NONE,deferred,12051.133751,1841.957346,nan,0,0.0,53256,83089,213133,calib_c1 20261008-130316-m7-c1; i>=80 linear extrap,2400,143227
20261010-055332-d4-sim2,2026-10-10T06:00:43+00:00,toolagent,0.1,18330,11.6,nfs,WTPa+WBR,WTPa,WBR,wtp_a,10656.854207,447.677802,nan,0,0.0,83089,83089,38707,calib_c1 20261008-130316-m7-c1; i>=80 linear extrap,2400,143227
20261010-055332-d4-sim2,2026-10-10T06:00:43+00:00,toolagent,0.1,18330,11.6,nfs,WTPa+WTR,WTPa,WTR,wtp_a,10656.854207,447.677802,nan,311,19.4375,83089,83089,38707,calib_c1 20261008-130316-m7-c1; i>=80 linear extrap,2400,143227
20261010-055332-d4-sim2,2026-10-10T06:00:43+00:00,toolagent,0.1,18330,11.6,nfs,WTPb+WB,WTPb,WB,wtp_b,10817.26272,608.086315,nan,2039,127.4375,78644,83089,47469,calib_c1 20261008-130316-m7-c1; i>=80 linear extrap,2400,143227
20261010-055332-d4-sim2,2026-10-10T06:00:43+00:00,toolagent,0.1,18330,11.6,nfs,OPT-BELADY,BELADY,NEED,opt,10656.854207,447.677802,nan,0,0.0,83089,83089,38707,calib_c1 20261008-130316-m7-c1; i>=80 linear extrap,2400,143227
20261010-055332-d4-sim2,2026-10-10T06:00:43+00:00,toolagent,0.1,18330,11.6,nfs,OPT-COST,COSTBELADY,NEED,opt,10656.854207,447.677802,nan,0,0.0,83089,83089,38707,calib_c1 20261008-130316-m7-c1; i>=80 linear extrap,2400,143227
20261010-055332-d4-sim2,2026-10-10T06:00:43+00:00,toolagent,0.1,18330,11.6,nfs,KEVa+WBR,KEVa,WBR,kev_a,10656.854207,447.677802,nan,0,0.0,83089,83089,183300,calib_c1 20261008-130316-m7-c1; i>=80 linear extrap,2400,143227
20261010-055332-d4-sim2,2026-10-10T06:00:43+00:00,toolagent,0.1,18330,11.6,nfs,KEVa+WB,KEVa,WB,kev_a,10656.854207,447.677802,nan,1946,121.625,83089,83089,183300,calib_c1 20261008-130316-m7-c1; i>=80 linear extrap,2400,143227
20261010-055332-d4-sim2,2026-10-10T06:00:43+00:00,toolagent,0.1,18330,11.6,nfs,KEVb+WB,KEVb,WB,kev_b,10783.044748,573.868343,nan,2022,126.375,80052,83089,186337,calib_c1 20261008-130316-m7-c1; i>=80 linear extrap,2400,143227
20261010-055332-d4-sim2,2026-10-10T06:00:45+00:00,toolagent,0.25,45825,3.69,local,LRU+WT,LRU,WT,deferred,10953.04536,743.868955,nan,183300,11456.25,82419,83089,183970,calib_c1 20261008-130316-m7-c1; i>=80 linear extrap,2400,143227
20261010-055332-d4-sim2,2026-10-10T06:00:45+00:00,toolagent,0.25,45825,3.69,local,LRU+WB,LRU,WB,deferred,11608.373708,1399.197303,nan,137943,8621.4375,82419,83089,183970,calib_c1 20261008-130316-m7-c1; i>=80 linear extrap,2400,143227
20261010-055332-d4-sim2,2026-10-10T06:00:45+00:00,toolagent,0.25,45825,3.69,local,LRU+WB2,LRU,WB2,deferred,11622.664619,1413.488214,nan,26913,1682.0625,82419,83089,183970,calib_c1 20261008-130316-m7-c1; i>=80 linear extrap,2400,143227
20261010-055332-d4-sim2,2026-10-10T06:00:45+00:00,toolagent,0.25,45825,3.69,local,LRU+H2,LRU,H2,deferred,11272.179336,1063.002931,nan,38707,2419.1875,82419,83089,183970,calib_c1 20261008-130316-m7-c1; i>=80 linear extrap,2400,143227
20261010-055332-d4-sim2,2026-10-10T06:00:45+00:00,toolagent,0.25,45825,3.69,local,LRU+NONE,LRU,NONE,deferred,11641.794411,1432.618005,nan,0,0.0,82419,83089,183970,calib_c1 20261008-130316-m7-c1; i>=80 linear extrap,2400,143227
20261010-055332-d4-sim2,2026-10-10T06:00:45+00:00,toolagent,0.25,45825,3.69,local,2HIT+WT,2HIT,WT,deferred,10953.04536,743.868955,nan,183300,11456.25,44382,83089,38707,calib_c1 20261008-130316-m7-c1; i>=80 linear extrap,2400,143227
20261010-055332-d4-sim2,2026-10-10T06:00:45+00:00,toolagent,0.25,45825,3.69,local,2HIT+WB,2HIT,WB,deferred,10953.04536,743.868955,nan,183300,11456.25,44382,83089,38707,calib_c1 20261008-130316-m7-c1; i>=80 linear extrap,2400,143227
20261010-055332-d4-sim2,2026-10-10T06:00:45+00:00,toolagent,0.25,45825,3.69,local,2HIT+WB2,2HIT,WB2,deferred,13035.845981,2826.669576,nan,0,0.0,44382,83089,38707,calib_c1 20261008-130316-m7-c1; i>=80 linear extrap,2400,143227
20261010-055332-d4-sim2,2026-10-10T06:00:45+00:00,toolagent,0.25,45825,3.69,local,2HIT+H2,2HIT,H2,deferred,12681.456037,2472.279632,nan,38707,2419.1875,44382,83089,38707,calib_c1 20261008-130316-m7-c1; i>=80 linear extrap,2400,143227
20261010-055332-d4-sim2,2026-10-10T06:00:45+00:00,toolagent,0.25,45825,3.69,local,2HIT+NONE,2HIT,NONE,deferred,13035.845981,2826.669576,nan,0,0.0,44382,83089,38707,calib_c1 20261008-130316-m7-c1; i>=80 linear extrap,2400,143227
20261010-055332-d4-sim2,2026-10-10T06:00:45+00:00,toolagent,0.25,45825,3.69,local,SLRU+WT,SLRU,WT,deferred,10953.04536,743.868955,nan,183300,11456.25,79658,83089,186731,calib_c1 20261008-130316-m7-c1; i>=80 linear extrap,2400,143227
20261010-055332-d4-sim2,2026-10-10T06:00:45+00:00,toolagent,0.25,45825,3.69,local,SLRU+WB,SLRU,WB,deferred,11576.481648,1367.305243,nan,138884,8680.25,79658,83089,186731,calib_c1 20261008-130316-m7-c1; i>=80 linear extrap,2400,143227
20261010-055332-d4-sim2,2026-10-10T06:00:45+00:00,toolagent,0.25,45825,3.69,local,SLRU+WB2,SLRU,WB2,deferred,11724.28956,1515.113155,nan,1898,118.625,79658,83089,186731,calib_c1 20261008-130316-m7-c1; i>=80 linear extrap,2400,143227
20261010-055332-d4-sim2,2026-10-10T06:00:45+00:00,toolagent,0.25,45825,3.69,local,SLRU+H2,SLRU,H2,deferred,11371.552509,1162.376104,nan,38707,2419.1875,79658,83089,186731,calib_c1 20261008-130316-m7-c1; i>=80 linear extrap,2400,143227
20261010-055332-d4-sim2,2026-10-10T06:00:45+00:00,toolagent,0.25,45825,3.69,local,SLRU+NONE,SLRU,NONE,deferred,11732.396136,1523.219731,nan,0,0.0,79658,83089,186731,calib_c1 20261008-130316-m7-c1; i>=80 linear extrap,2400,143227
20261010-055332-d4-sim2,2026-10-10T06:00:45+00:00,toolagent,0.25,45825,3.69,local,ARC+WT,ARC,WT,deferred,10953.04536,743.868955,nan,183300,11456.25,79541,83089,186848,calib_c1 20261008-130316-m7-c1; i>=80 linear extrap,2400,143227
20261010-055332-d4-sim2,2026-10-10T06:00:45+00:00,toolagent,0.25,45825,3.69,local,ARC+WB,ARC,WB,deferred,11573.255711,1364.079306,nan,140963,8810.1875,79541,83089,186848,calib_c1 20261008-130316-m7-c1; i>=80 linear extrap,2400,143227
20261010-055332-d4-sim2,2026-10-10T06:00:45+00:00,toolagent,0.25,45825,3.69,local,ARC+WB2,ARC,WB2,deferred,11733.040226,1523.863821,nan,60,3.75,79541,83089,186848,calib_c1 20261008-130316-m7-c1; i>=80 linear extrap,2400,143227
20261010-055332-d4-sim2,2026-10-10T06:00:45+00:00,toolagent,0.25,45825,3.69,local,ARC+H2,ARC,H2,deferred,11378.833936,1169.657531,nan,38707,2419.1875,79541,83089,186848,calib_c1 20261008-130316-m7-c1; i>=80 linear extrap,2400,143227
20261010-055332-d4-sim2,2026-10-10T06:00:45+00:00,toolagent,0.25,45825,3.69,local,ARC+NONE,ARC,NONE,deferred,11733.428798,1524.252392,nan,0,0.0,79541,83089,186848,calib_c1 20261008-130316-m7-c1; i>=80 linear extrap,2400,143227
20261010-055332-d4-sim2,2026-10-10T06:00:45+00:00,toolagent,0.25,45825,3.69,local,S3FIFO+WT,S3FIFO,WT,deferred,10953.04536,743.868955,nan,183300,11456.25,79542,83089,186847,calib_c1 20261008-130316-m7-c1; i>=80 linear extrap,2400,143227
20261010-055332-d4-sim2,2026-10-10T06:00:45+00:00,toolagent,0.25,45825,3.69,local,S3FIFO+WB,S3FIFO,WB,deferred,11573.255711,1364.079306,nan,140985,8811.5625,79542,83089,186847,calib_c1 20261008-130316-m7-c1; i>=80 linear extrap,2400,143227
20261010-055332-d4-sim2,2026-10-10T06:00:45+00:00,toolagent,0.25,45825,3.69,local,S3FIFO+WB2,S3FIFO,WB2,deferred,11733.048211,1523.871806,nan,37,2.3125,79542,83089,186847,calib_c1 20261008-130316-m7-c1; i>=80 linear extrap,2400,143227
20261010-055332-d4-sim2,2026-10-10T06:00:45+00:00,toolagent,0.25,45825,3.69,local,S3FIFO+H2,S3FIFO,H2,deferred,11378.833936,1169.657531,nan,38707,2419.1875,79542,83089,186847,calib_c1 20261008-130316-m7-c1; i>=80 linear extrap,2400,143227
20261010-055332-d4-sim2,2026-10-10T06:00:45+00:00,toolagent,0.25,45825,3.69,local,S3FIFO+NONE,S3FIFO,NONE,deferred,11733.412559,1524.236154,nan,0,0.0,79542,83089,186847,calib_c1 20261008-130316-m7-c1; i>=80 linear extrap,2400,143227
20261010-055332-d4-sim2,2026-10-10T06:00:45+00:00,toolagent,0.25,45825,3.69,local,WTPa+WBR,WTPa,WBR,wtp_a,11616.510416,1407.334011,nan,0,0.0,83089,83089,38707,calib_c1 20261008-130316-m7-c1; i>=80 linear extrap,2400,143227
20261010-055332-d4-sim2,2026-10-10T06:00:45+00:00,toolagent,0.25,45825,3.69,local,WTPa+WTR,WTPa,WTR,wtp_a,10953.04536,743.868955,nan,38707,2419.1875,83089,83089,38707,calib_c1 20261008-130316-m7-c1; i>=80 linear extrap,2400,143227
20261010-055332-d4-sim2,2026-10-10T06:00:45+00:00,toolagent,0.25,45825,3.69,local,WTPb+WB,WTPb,WB,wtp_b,11569.430899,1360.254494,nan,138336,8646.0,79020,83089,47262,calib_c1 20261008-130316-m7-c1; i>=80 linear extrap,2400,143227
20261010-055332-d4-sim2,2026-10-10T06:00:45+00:00,toolagent,0.25,45825,3.69,local,OPT-BELADY,BELADY,NEED,opt,11616.510416,1407.334011,nan,0,0.0,83089,83089,38707,calib_c1 20261008-130316-m7-c1; i>=80 linear extrap,2400,143227
20261010-055332-d4-sim2,2026-10-10T06:00:45+00:00,toolagent,0.25,45825,3.69,local,OPT-COST,COSTBELADY,NEED,opt,10953.04536,743.868955,nan,38707,2419.1875,0,83089,0,calib_c1 20261008-130316-m7-c1; i>=80 linear extrap,2400,143227
20261010-055332-d4-sim2,2026-10-10T06:00:45+00:00,toolagent,0.25,45825,3.69,local,KEVa+WBR,KEVa,WBR,kev_a,11616.510416,1407.334011,nan,0,0.0,83089,83089,183300,calib_c1 20261008-130316-m7-c1; i>=80 linear extrap,2400,143227
20261010-055332-d4-sim2,2026-10-10T06:00:45+00:00,toolagent,0.25,45825,3.69,local,KEVa+WB,KEVa,WB,kev_a,11616.510416,1407.334011,nan,137475,8592.1875,83089,83089,183300,calib_c1 20261008-130316-m7-c1; i>=80 linear extrap,2400,143227
20261010-055332-d4-sim2,2026-10-10T06:00:45+00:00,toolagent,0.25,45825,3.69,local,KEVb+WB,KEVb,WB,kev_b,11600.963635,1391.78723,nan,137928,8620.5,82636,83089,183753,calib_c1 20261008-130316-m7-c1; i>=80 linear extrap,2400,143227
20261010-055332-d4-sim2,2026-10-10T06:00:45+00:00,toolagent,0.25,45825,3.69,nfs,LRU+WT,LRU,WT,deferred,11641.794411,1432.618005,nan,2105,131.5625,82419,83089,183970,calib_c1 20261008-130316-m7-c1; i>=80 linear extrap,2400,143227
20261010-055332-d4-sim2,2026-10-10T06:00:45+00:00,toolagent,0.25,45825,3.69,nfs,LRU+WB,LRU,WB,deferred,11641.794411,1432.618005,nan,1757,109.8125,82419,83089,183970,calib_c1 20261008-130316-m7-c1; i>=80 linear extrap,2400,143227
20261010-055332-d4-sim2,2026-10-10T06:00:45+00:00,toolagent,0.25,45825,3.69,nfs,LRU+WB2,LRU,WB2,deferred,11641.794411,1432.618005,nan,298,18.625,82419,83089,183970,calib_c1 20261008-130316-m7-c1; i>=80 linear extrap,2400,143227
20261010-055332-d4-sim2,2026-10-10T06:00:45+00:00,toolagent,0.25,45825,3.69,nfs,LRU+H2,LRU,H2,deferred,11641.794411,1432.618005,nan,311,19.4375,82419,83089,183970,calib_c1 20261008-130316-m7-c1; i>=80 linear extrap,2400,143227
20261010-055332-d4-sim2,2026-10-10T06:00:45+00:00,toolagent,0.25,45825,3.69,nfs,LRU+NONE,LRU,NONE,deferred,11641.794411,1432.618005,nan,0,0.0,82419,83089,183970,calib_c1 20261008-130316-m7-c1; i>=80 linear extrap,2400,143227
20261010-055332-d4-sim2,2026-10-10T06:00:45+00:00,toolagent,0.25,45825,3.69,nfs,2HIT+WT,2HIT,WT,deferred,13029.676264,2820.499858,nan,2105,131.5625,44382,83089,38707,calib_c1 20261008-130316-m7-c1; i>=80 linear extrap,2400,143227
20261010-055332-d4-sim2,2026-10-10T06:00:45+00:00,toolagent,0.25,45825,3.69,nfs,2HIT+WB,2HIT,WB,deferred,13029.676264,2820.499858,nan,2105,131.5625,44382,83089,38707,calib_c1 20261008-130316-m7-c1; i>=80 linear extrap,2400,143227
20261010-055332-d4-sim2,2026-10-10T06:00:45+00:00,toolagent,0.25,45825,3.69,nfs,2HIT+WB2,2HIT,WB2,deferred,13035.845981,2826.669576,nan,0,0.0,44382,83089,38707,calib_c1 20261008-130316-m7-c1; i>=80 linear extrap,2400,143227
20261010-055332-d4-sim2,2026-10-10T06:00:45+00:00,toolagent,0.25,45825,3.69,nfs,2HIT+H2,2HIT,H2,deferred,13035.845981,2826.669576,nan,311,19.4375,44382,83089,38707,calib_c1 20261008-130316-m7-c1; i>=80 linear extrap,2400,143227
20261010-055332-d4-sim2,2026-10-10T06:00:45+00:00,toolagent,0.25,45825,3.69,nfs,2HIT+NONE,2HIT,NONE,deferred,13035.845981,2826.669576,nan,0,0.0,44382,83089,38707,calib_c1 20261008-130316-m7-c1; i>=80 linear extrap,2400,143227
20261010-055332-d4-sim2,2026-10-10T06:00:45+00:00,toolagent,0.25,45825,3.69,nfs,SLRU+WT,SLRU,WT,deferred,11732.380683,1523.204277,nan,2105,131.5625,79658,83089,186731,calib_c1 20261008-130316-m7-c1; i>=80 linear extrap,2400,143227
20261010-055332-d4-sim2,2026-10-10T06:00:45+00:00,toolagent,0.25,45825,3.69,nfs,SLRU+WB,SLRU,WB,deferred,11732.380683,1523.204277,nan,1709,106.8125,79658,83089,186731,calib_c1 20261008-130316-m7-c1; i>=80 linear extrap,2400,143227
20261010-055332-d4-sim2,2026-10-10T06:00:45+00:00,toolagent,0.25,45825,3.69,nfs,SLRU+WB2,SLRU,WB2,deferred,11732.396136,1523.219731,nan,2,0.125,79658,83089,186731,calib_c1 20261008-130316-m7-c1; i>=80 linear extrap,2400,143227
20261010-055332-d4-sim2,2026-10-10T06:00:45+00:00,toolagent,0.25,45825,3.69,nfs,SLRU+H2,SLRU,H2,deferred,11732.396136,1523.219731,nan,311,19.4375,79658,83089,186731,calib_c1 20261008-130316-m7-c1; i>=80 linear extrap,2400,143227
20261010-055332-d4-sim2,2026-10-10T06:00:45+00:00,toolagent,0.25,45825,3.69,nfs,SLRU+NONE,SLRU,NONE,deferred,11732.396136,1523.219731,nan,0,0.0,79658,83089,186731,calib_c1 20261008-130316-m7-c1; i>=80 linear extrap,2400,143227
20261010-055332-d4-sim2,2026-10-10T06:00:45+00:00,toolagent,0.25,45825,3.69,nfs,ARC+WT,ARC,WT,deferred,11733.413344,1524.236939,nan,2105,131.5625,79541,83089,186848,calib_c1 20261008-130316-m7-c1; i>=80 linear extrap,2400,143227
20261010-055332-d4-sim2,2026-10-10T06:00:45+00:00,toolagent,0.25,45825,3.69,nfs,ARC+WB,ARC,WB,deferred,11733.413344,1524.236939,nan,1709,106.8125,79541,83089,186848,calib_c1 20261008-130316-m7-c1; i>=80 linear extrap,2400,143227
20261010-055332-d4-sim2,2026-10-10T06:00:45+00:00,toolagent,0.25,45825,3.69,nfs,ARC+WB2,ARC,WB2,deferred,11733.428798,1524.252392,nan,0,0.0,79541,83089,186848,calib_c1 20261008-130316-m7-c1; i>=80 linear extrap,2400,143227
20261010-055332-d4-sim2,2026-10-10T06:00:45+00:00,toolagent,0.25,45825,3.69,nfs,ARC+H2,ARC,H2,deferred,11733.428798,1524.252392,nan,311,19.4375,79541,83089,186848,calib_c1 20261008-130316-m7-c1; i>=80 linear extrap,2400,143227
20261010-055332-d4-sim2,2026-10-10T06:00:45+00:00,toolagent,0.25,45825,3.69,nfs,ARC+NONE,ARC,NONE,deferred,11733.428798,1524.252392,nan,0,0.0,79541,83089,186848,calib_c1 20261008-130316-m7-c1; i>=80 linear extrap,2400,143227
20261010-055332-d4-sim2,2026-10-10T06:00:45+00:00,toolagent,0.25,45825,3.69,nfs,S3FIFO+WT,S3FIFO,WT,deferred,11733.397106,1524.220701,nan,2105,131.5625,79542,83089,186847,calib_c1 20261008-130316-m7-c1; i>=80 linear extrap,2400,143227
20261010-055332-d4-sim2,2026-10-10T06:00:45+00:00,toolagent,0.25,45825,3.69,nfs,S3FIFO+WB,S3FIFO,WB,deferred,11733.397106,1524.220701,nan,1709,106.8125,79542,83089,186847,calib_c1 20261008-130316-m7-c1; i>=80 linear extrap,2400,143227
20261010-055332-d4-sim2,2026-10-10T06:00:45+00:00,toolagent,0.25,45825,3.69,nfs,S3FIFO+WB2,S3FIFO,WB2,deferred,11733.412559,1524.236154,nan,0,0.0,79542,83089,186847,calib_c1 20261008-130316-m7-c1; i>=80 linear extrap,2400,143227
20261010-055332-d4-sim2,2026-10-10T06:00:45+00:00,toolagent,0.25,45825,3.69,nfs,S3FIFO+H2,S3FIFO,H2,deferred,11733.412559,1524.236154,nan,311,19.4375,79542,83089,186847,calib_c1 20261008-130316-m7-c1; i>=80 linear extrap,2400,143227
20261010-055332-d4-sim2,2026-10-10T06:00:45+00:00,toolagent,0.25,45825,3.69,nfs,S3FIFO+NONE,S3FIFO,NONE,deferred,11733.412559,1524.236154,nan,0,0.0,79542,83089,186847,calib_c1 20261008-130316-m7-c1; i>=80 linear extrap,2400,143227
20261010-055332-d4-sim2,2026-10-10T06:00:45+00:00,toolagent,0.25,45825,3.69,nfs,WTPa+WBR,WTPa,WBR,wtp_a,11616.510416,1407.334011,nan,0,0.0,83089,83089,38707,calib_c1 20261008-130316-m7-c1; i>=80 linear extrap,2400,143227
20261010-055332-d4-sim2,2026-10-10T06:00:45+00:00,toolagent,0.25,45825,3.69,nfs,WTPa+WTR,WTPa,WTR,wtp_a,11616.510416,1407.334011,nan,311,19.4375,83089,83089,38707,calib_c1 20261008-130316-m7-c1; i>=80 linear extrap,2400,143227
20261010-055332-d4-sim2,2026-10-10T06:00:45+00:00,toolagent,0.25,45825,3.69,nfs,WTPb+WB,WTPb,WB,wtp_b,11712.870426,1503.694021,nan,1831,114.4375,79020,83089,47262,calib_c1 20261008-130316-m7-c1; i>=80 linear extrap,2400,143227
20261010-055332-d4-sim2,2026-10-10T06:00:45+00:00,toolagent,0.25,45825,3.69,nfs,OPT-BELADY,BELADY,NEED,opt,11616.510416,1407.334011,nan,0,0.0,83089,83089,38707,calib_c1 20261008-130316-m7-c1; i>=80 linear extrap,2400,143227
20261010-055332-d4-sim2,2026-10-10T06:00:45+00:00,toolagent,0.25,45825,3.69,nfs,OPT-COST,COSTBELADY,NEED,opt,11616.510416,1407.334011,nan,0,0.0,83089,83089,38707,calib_c1 20261008-130316-m7-c1; i>=80 linear extrap,2400,143227
20261010-055332-d4-sim2,2026-10-10T06:00:46+00:00,toolagent,0.25,45825,3.69,nfs,KEVa+WBR,KEVa,WBR,kev_a,11616.510416,1407.334011,nan,0,0.0,83089,83089,183300,calib_c1 20261008-130316-m7-c1; i>=80 linear extrap,2400,143227
20261010-055332-d4-sim2,2026-10-10T06:00:46+00:00,toolagent,0.25,45825,3.69,nfs,KEVa+WB,KEVa,WB,kev_a,11616.510416,1407.334011,nan,1746,109.125,83089,83089,183300,calib_c1 20261008-130316-m7-c1; i>=80 linear extrap,2400,143227
20261010-055332-d4-sim2,2026-10-10T06:00:46+00:00,toolagent,0.25,45825,3.69,nfs,KEVb+WB,KEVb,WB,kev_b,11633.962362,1424.785957,nan,1831,114.4375,82636,83089,183753,calib_c1 20261008-130316-m7-c1; i>=80 linear extrap,2400,143227
20261010-055332-d4-sim2,2026-10-10T06:00:46+00:00,toolagent,0.25,45825,11.6,local,LRU+WT,LRU,WT,deferred,10659.242587,450.066181,nan,183300,11456.25,82419,83089,183970,calib_c1 20261008-130316-m7-c1; i>=80 linear extrap,2400,143227
20261010-055332-d4-sim2,2026-10-10T06:00:46+00:00,toolagent,0.25,45825,11.6,local,LRU+WB,LRU,WB,deferred,10659.242587,450.066181,nan,137943,8621.4375,82419,83089,183970,calib_c1 20261008-130316-m7-c1; i>=80 linear extrap,2400,143227
20261010-055332-d4-sim2,2026-10-10T06:00:46+00:00,toolagent,0.25,45825,11.6,local,LRU+WB2,LRU,WB2,deferred,10671.577174,462.400769,nan,26913,1682.0625,82419,83089,183970,calib_c1 20261008-130316-m7-c1; i>=80 linear extrap,2400,143227
20261010-055332-d4-sim2,2026-10-10T06:00:46+00:00,toolagent,0.25,45825,11.6,local,LRU+H2,LRU,H2,deferred,10671.577174,462.400769,nan,38707,2419.1875,82419,83089,183970,calib_c1 20261008-130316-m7-c1; i>=80 linear extrap,2400,143227
20261010-055332-d4-sim2,2026-10-10T06:00:46+00:00,toolagent,0.25,45825,11.6,local,LRU+NONE,LRU,NONE,deferred,10689.876526,480.700121,nan,0,0.0,82419,83089,183970,calib_c1 20261008-130316-m7-c1; i>=80 linear extrap,2400,143227
20261010-055332-d4-sim2,2026-10-10T06:00:46+00:00,toolagent,0.25,45825,11.6,local,2HIT+WT,2HIT,WT,deferred,10794.834818,585.658413,nan,183300,11456.25,44382,83089,38707,calib_c1 20261008-130316-m7-c1; i>=80 linear extrap,2400,143227
20261010-055332-d4-sim2,2026-10-10T06:00:46+00:00,toolagent,0.25,45825,11.6,local,2HIT+WB,2HIT,WB,deferred,10794.834818,585.658413,nan,183300,11456.25,44382,83089,38707,calib_c1 20261008-130316-m7-c1; i>=80 linear extrap,2400,143227
20261010-055332-d4-sim2,2026-10-10T06:00:46+00:00,toolagent,0.25,45825,11.6,local,2HIT+WB2,2HIT,WB2,deferred,12523.245494,2314.069089,nan,0,0.0,44382,83089,38707,calib_c1 20261008-130316-m7-c1; i>=80 linear extrap,2400,143227
20261010-055332-d4-sim2,2026-10-10T06:00:46+00:00,toolagent,0.25,45825,11.6,local,2HIT+H2,2HIT,H2,deferred,12523.245494,2314.069089,nan,38707,2419.1875,44382,83089,38707,calib_c1 20261008-130316-m7-c1; i>=80 linear extrap,2400,143227
20261010-055332-d4-sim2,2026-10-10T06:00:46+00:00,toolagent,0.25,45825,11.6,local,2HIT+NONE,2HIT,NONE,deferred,12523.245494,2314.069089,nan,0,0.0,44382,83089,38707,calib_c1 20261008-130316-m7-c1; i>=80 linear extrap,2400,143227
20261010-055332-d4-sim2,2026-10-10T06:00:46+00:00,toolagent,0.25,45825,11.6,local,SLRU+WT,SLRU,WT,deferred,10669.084849,459.908444,nan,183300,11456.25,79658,83089,186731,calib_c1 20261008-130316-m7-c1; i>=80 linear extrap,2400,143227
20261010-055332-d4-sim2,2026-10-10T06:00:46+00:00,toolagent,0.25,45825,11.6,local,SLRU+WB,SLRU,WB,deferred,10669.084849,459.908444,nan,138884,8680.25,79658,83089,186731,calib_c1 20261008-130316-m7-c1; i>=80 linear extrap,2400,143227
20261010-055332-d4-sim2,2026-10-10T06:00:46+00:00,toolagent,0.25,45825,11.6,local,SLRU+WB2,SLRU,WB2,deferred,10804.460128,595.283723,nan,1898,118.625,79658,83089,186731,calib_c1 20261008-130316-m7-c1; i>=80 linear extrap,2400,143227
20261010-055332-d4-sim2,2026-10-10T06:00:46+00:00,toolagent,0.25,45825,11.6,local,SLRU+H2,SLRU,H2,deferred,10804.460128,595.283723,nan,38707,2419.1875,79658,83089,186731,calib_c1 20261008-130316-m7-c1; i>=80 linear extrap,2400,143227
20261010-055332-d4-sim2,2026-10-10T06:00:46+00:00,toolagent,0.25,45825,11.6,local,SLRU+NONE,SLRU,NONE,deferred,10812.367079,603.190674,nan,0,0.0,79658,83089,186731,calib_c1 20261008-130316-m7-c1; i>=80 linear extrap,2400,143227
20261010-055332-d4-sim2,2026-10-10T06:00:46+00:00,toolagent,0.25,45825,11.6,local,ARC+WT,ARC,WT,deferred,10669.501925,460.325519,nan,183300,11456.25,79541,83089,186848,calib_c1 20261008-130316-m7-c1; i>=80 linear extrap,2400,143227
20261010-055332-d4-sim2,2026-10-10T06:00:46+00:00,toolagent,0.25,45825,11.6,local,ARC+WB,ARC,WB,deferred,10669.501925,460.325519,nan,140963,8810.1875,79541,83089,186848,calib_c1 20261008-130316-m7-c1; i>=80 linear extrap,2400,143227
20261010-055332-d4-sim2,2026-10-10T06:00:46+00:00,toolagent,0.25,45825,11.6,local,ARC+WB2,ARC,WB2,deferred,10814.450323,605.273918,nan,60,3.75,79541,83089,186848,calib_c1 20261008-130316-m7-c1; i>=80 linear extrap,2400,143227
20261010-055332-d4-sim2,2026-10-10T06:00:46+00:00,toolagent,0.25,45825,11.6,local,ARC+H2,ARC,H2,deferred,10814.450323,605.273918,nan,38707,2419.1875,79541,83089,186848,calib_c1 20261008-130316-m7-c1; i>=80 linear extrap,2400,143227
20261010-055332-d4-sim2,2026-10-10T06:00:46+00:00,toolagent,0.25,45825,11.6,local,ARC+NONE,ARC,NONE,deferred,10814.75106,605.574655,nan,0,0.0,79541,83089,186848,calib_c1 20261008-130316-m7-c1; i>=80 linear extrap,2400,143227
20261010-055332-d4-sim2,2026-10-10T06:00:46+00:00,toolagent,0.25,45825,11.6,local,S3FIFO+WT,S3FIFO,WT,deferred,10669.49836,460.321955,nan,183300,11456.25,79542,83089,186847,calib_c1 20261008-130316-m7-c1; i>=80 linear extrap,2400,143227
20261010-055332-d4-sim2,2026-10-10T06:00:46+00:00,toolagent,0.25,45825,11.6,local,S3FIFO+WB,S3FIFO,WB,deferred,10669.49836,460.321955,nan,140985,8811.5625,79542,83089,186847,calib_c1 20261008-130316-m7-c1; i>=80 linear extrap,2400,143227
20261010-055332-d4-sim2,2026-10-10T06:00:46+00:00,toolagent,0.25,45825,11.6,local,S3FIFO+WB2,S3FIFO,WB2,deferred,10814.446759,605.270353,nan,37,2.3125,79542,83089,186847,calib_c1 20261008-130316-m7-c1; i>=80 linear extrap,2400,143227
20261010-055332-d4-sim2,2026-10-10T06:00:46+00:00,toolagent,0.25,45825,11.6,local,S3FIFO+H2,S3FIFO,H2,deferred,10814.446759,605.270353,nan,38707,2419.1875,79542,83089,186847,calib_c1 20261008-130316-m7-c1; i>=80 linear extrap,2400,143227
20261010-055332-d4-sim2,2026-10-10T06:00:46+00:00,toolagent,0.25,45825,11.6,local,S3FIFO+NONE,S3FIFO,NONE,deferred,10814.723272,605.546867,nan,0,0.0,79542,83089,186847,calib_c1 20261008-130316-m7-c1; i>=80 linear extrap,2400,143227
20261010-055332-d4-sim2,2026-10-10T06:00:46+00:00,toolagent,0.25,45825,11.6,local,WTPa+WBR,WTPa,WBR,wtp_a,10656.854207,447.677802,nan,0,0.0,83089,83089,38707,calib_c1 20261008-130316-m7-c1; i>=80 linear extrap,2400,143227
20261010-055332-d4-sim2,2026-10-10T06:00:46+00:00,toolagent,0.25,45825,11.6,local,WTPa+WTR,WTPa,WTR,wtp_a,10656.854207,447.677802,nan,38707,2419.1875,83089,83089,38707,calib_c1 20261008-130316-m7-c1; i>=80 linear extrap,2400,143227
20261010-055332-d4-sim2,2026-10-10T06:00:46+00:00,toolagent,0.25,45825,11.6,local,WTPb+WB,WTPb,WB,wtp_b,10671.359157,462.182752,nan,138336,8646.0,79020,83089,47262,calib_c1 20261008-130316-m7-c1; i>=80 linear extrap,2400,143227
20261010-055332-d4-sim2,2026-10-10T06:00:46+00:00,toolagent,0.25,45825,11.6,local,OPT-BELADY,BELADY,NEED,opt,10656.854207,447.677802,nan,0,0.0,83089,83089,38707,calib_c1 20261008-130316-m7-c1; i>=80 linear extrap,2400,143227
20261010-055332-d4-sim2,2026-10-10T06:00:46+00:00,toolagent,0.25,45825,11.6,local,OPT-COST,COSTBELADY,NEED,opt,10656.854207,447.677802,nan,0,0.0,83089,83089,38707,calib_c1 20261008-130316-m7-c1; i>=80 linear extrap,2400,143227
20261010-055332-d4-sim2,2026-10-10T06:00:46+00:00,toolagent,0.25,45825,11.6,local,KEVa+WBR,KEVa,WBR,kev_a,10656.854207,447.677802,nan,0,0.0,83089,83089,183300,calib_c1 20261008-130316-m7-c1; i>=80 linear extrap,2400,143227
20261010-055332-d4-sim2,2026-10-10T06:00:46+00:00,toolagent,0.25,45825,11.6,local,KEVa+WB,KEVa,WB,kev_a,10656.854207,447.677802,nan,137475,8592.1875,83089,83089,183300,calib_c1 20261008-130316-m7-c1; i>=80 linear extrap,2400,143227
20261010-055332-d4-sim2,2026-10-10T06:00:46+00:00,toolagent,0.25,45825,11.6,local,KEVb+WB,KEVb,WB,kev_b,10658.469037,449.292632,nan,137928,8620.5,82636,83089,183753,calib_c1 20261008-130316-m7-c1; i>=80 linear extrap,2400,143227
20261010-055332-d4-sim2,2026-10-10T06:00:46+00:00,toolagent,0.25,45825,11.6,nfs,LRU+WT,LRU,WT,deferred,10689.876526,480.700121,nan,2105,131.5625,82419,83089,183970,calib_c1 20261008-130316-m7-c1; i>=80 linear extrap,2400,143227
20261010-055332-d4-sim2,2026-10-10T06:00:46+00:00,toolagent,0.25,45825,11.6,nfs,LRU+WB,LRU,WB,deferred,10689.876526,480.700121,nan,1757,109.8125,82419,83089,183970,calib_c1 20261008-130316-m7-c1; i>=80 linear extrap,2400,143227
20261010-055332-d4-sim2,2026-10-10T06:00:46+00:00,toolagent,0.25,45825,11.6,nfs,LRU+WB2,LRU,WB2,deferred,10689.876526,480.700121,nan,298,18.625,82419,83089,183970,calib_c1 20261008-130316-m7-c1; i>=80 linear extrap,2400,143227
20261010-055332-d4-sim2,2026-10-10T06:00:46+00:00,toolagent,0.25,45825,11.6,nfs,LRU+H2,LRU,H2,deferred,10689.876526,480.700121,nan,311,19.4375,82419,83089,183970,calib_c1 20261008-130316-m7-c1; i>=80 linear extrap,2400,143227
20261010-055332-d4-sim2,2026-10-10T06:00:46+00:00,toolagent,0.25,45825,11.6,nfs,LRU+NONE,LRU,NONE,deferred,10689.876526,480.700121,nan,0,0.0,82419,83089,183970,calib_c1 20261008-130316-m7-c1; i>=80 linear extrap,2400,143227
20261010-055332-d4-sim2,2026-10-10T06:00:46+00:00,toolagent,0.25,45825,11.6,nfs,2HIT+WT,2HIT,WT,deferred,12517.075776,2307.899371,nan,2105,131.5625,44382,83089,38707,calib_c1 20261008-130316-m7-c1; i>=80 linear extrap,2400,143227
20261010-055332-d4-sim2,2026-10-10T06:00:46+00:00,toolagent,0.25,45825,11.6,nfs,2HIT+WB,2HIT,WB,deferred,12517.075776,2307.899371,nan,2105,131.5625,44382,83089,38707,calib_c1 20261008-130316-m7-c1; i>=80 linear extrap,2400,143227
20261010-055332-d4-sim2,2026-10-10T06:00:46+00:00,toolagent,0.25,45825,11.6,nfs,2HIT+WB2,2HIT,WB2,deferred,12523.245494,2314.069089,nan,0,0.0,44382,83089,38707,calib_c1 20261008-130316-m7-c1; i>=80 linear extrap,2400,143227
20261010-055332-d4-sim2,2026-10-10T06:00:46+00:00,toolagent,0.25,45825,11.6,nfs,2HIT+H2,2HIT,H2,deferred,12523.245494,2314.069089,nan,311,19.4375,44382,83089,38707,calib_c1 20261008-130316-m7-c1; i>=80 linear extrap,2400,143227
20261010-055332-d4-sim2,2026-10-10T06:00:46+00:00,toolagent,0.25,45825,11.6,nfs,2HIT+NONE,2HIT,NONE,deferred,12523.245494,2314.069089,nan,0,0.0,44382,83089,38707,calib_c1 20261008-130316-m7-c1; i>=80 linear extrap,2400,143227
20261010-055332-d4-sim2,2026-10-10T06:00:46+00:00,toolagent,0.25,45825,11.6,nfs,SLRU+WT,SLRU,WT,deferred,10812.351626,603.175221,nan,2105,131.5625,79658,83089,186731,calib_c1 20261008-130316-m7-c1; i>=80 linear extrap,2400,143227
20261010-055332-d4-sim2,2026-10-10T06:00:46+00:00,toolagent,0.25,45825,11.6,nfs,SLRU+WB,SLRU,WB,deferred,10812.351626,603.175221,nan,1709,106.8125,79658,83089,186731,calib_c1 20261008-130316-m7-c1; i>=80 linear extrap,2400,143227
20261010-055332-d4-sim2,2026-10-10T06:00:46+00:00,toolagent,0.25,45825,11.6,nfs,SLRU+WB2,SLRU,WB2,deferred,10812.367079,603.190674,nan,2,0.125,79658,83089,186731,calib_c1 20261008-130316-m7-c1; i>=80 linear extrap,2400,143227
20261010-055332-d4-sim2,2026-10-10T06:00:46+00:00,toolagent,0.25,45825,11.6,nfs,SLRU+H2,SLRU,H2,deferred,10812.367079,603.190674,nan,311,19.4375,79658,83089,186731,calib_c1 20261008-130316-m7-c1; i>=80 linear extrap,2400,143227
20261010-055332-d4-sim2,2026-10-10T06:00:46+00:00,toolagent,0.25,45825,11.6,nfs,SLRU+NONE,SLRU,NONE,deferred,10812.367079,603.190674,nan,0,0.0,79658,83089,186731,calib_c1 20261008-130316-m7-c1; i>=80 linear extrap,2400,143227
20261010-055332-d4-sim2,2026-10-10T06:00:46+00:00,toolagent,0.25,45825,11.6,nfs,ARC+WT,ARC,WT,deferred,10814.735607,605.559202,nan,2105,131.5625,79541,83089,186848,calib_c1 20261008-130316-m7-c1; i>=80 linear extrap,2400,143227
20261010-055332-d4-sim2,2026-10-10T06:00:46+00:00,toolagent,0.25,45825,11.6,nfs,ARC+WB,ARC,WB,deferred,10814.735607,605.559202,nan,1709,106.8125,79541,83089,186848,calib_c1 20261008-130316-m7-c1; i>=80 linear extrap,2400,143227
20261010-055332-d4-sim2,2026-10-10T06:00:46+00:00,toolagent,0.25,45825,11.6,nfs,ARC+WB2,ARC,WB2,deferred,10814.75106,605.574655,nan,0,0.0,79541,83089,186848,calib_c1 20261008-130316-m7-c1; i>=80 linear extrap,2400,143227
20261010-055332-d4-sim2,2026-10-10T06:00:46+00:00,toolagent,0.25,45825,11.6,nfs,ARC+H2,ARC,H2,deferred,10814.75106,605.574655,nan,311,19.4375,79541,83089,186848,calib_c1 20261008-130316-m7-c1; i>=80 linear extrap,2400,143227
20261010-055332-d4-sim2,2026-10-10T06:00:46+00:00,toolagent,0.25,45825,11.6,nfs,ARC+NONE,ARC,NONE,deferred,10814.75106,605.574655,nan,0,0.0,79541,83089,186848,calib_c1 20261008-130316-m7-c1; i>=80 linear extrap,2400,143227
20261010-055332-d4-sim2,2026-10-10T06:00:46+00:00,toolagent,0.25,45825,11.6,nfs,S3FIFO+WT,S3FIFO,WT,deferred,10814.707819,605.531413,nan,2105,131.5625,79542,83089,186847,calib_c1 20261008-130316-m7-c1; i>=80 linear extrap,2400,143227
20261010-055332-d4-sim2,2026-10-10T06:00:46+00:00,toolagent,0.25,45825,11.6,nfs,S3FIFO+WB,S3FIFO,WB,deferred,10814.707819,605.531413,nan,1709,106.8125,79542,83089,186847,calib_c1 20261008-130316-m7-c1; i>=80 linear extrap,2400,143227
20261010-055332-d4-sim2,2026-10-10T06:00:46+00:00,toolagent,0.25,45825,11.6,nfs,S3FIFO+WB2,S3FIFO,WB2,deferred,10814.723272,605.546867,nan,0,0.0,79542,83089,186847,calib_c1 20261008-130316-m7-c1; i>=80 linear extrap,2400,143227
20261010-055332-d4-sim2,2026-10-10T06:00:46+00:00,toolagent,0.25,45825,11.6,nfs,S3FIFO+H2,S3FIFO,H2,deferred,10814.723272,605.546867,nan,311,19.4375,79542,83089,186847,calib_c1 20261008-130316-m7-c1; i>=80 linear extrap,2400,143227
20261010-055332-d4-sim2,2026-10-10T06:00:46+00:00,toolagent,0.25,45825,11.6,nfs,S3FIFO+NONE,S3FIFO,NONE,deferred,10814.723272,605.546867,nan,0,0.0,79542,83089,186847,calib_c1 20261008-130316-m7-c1; i>=80 linear extrap,2400,143227
20261010-055332-d4-sim2,2026-10-10T06:00:46+00:00,toolagent,0.25,45825,11.6,nfs,WTPa+WBR,WTPa,WBR,wtp_a,10656.854207,447.677802,nan,0,0.0,83089,83089,38707,calib_c1 20261008-130316-m7-c1; i>=80 linear extrap,2400,143227
20261010-055332-d4-sim2,2026-10-10T06:00:46+00:00,toolagent,0.25,45825,11.6,nfs,WTPa+WTR,WTPa,WTR,wtp_a,10656.854207,447.677802,nan,311,19.4375,83089,83089,38707,calib_c1 20261008-130316-m7-c1; i>=80 linear extrap,2400,143227
20261010-055332-d4-sim2,2026-10-10T06:00:46+00:00,toolagent,0.25,45825,11.6,nfs,WTPb+WB,WTPb,WB,wtp_b,10800.210102,591.033697,nan,1831,114.4375,79020,83089,47262,calib_c1 20261008-130316-m7-c1; i>=80 linear extrap,2400,143227
20261010-055332-d4-sim2,2026-10-10T06:00:46+00:00,toolagent,0.25,45825,11.6,nfs,OPT-BELADY,BELADY,NEED,opt,10656.854207,447.677802,nan,0,0.0,83089,83089,38707,calib_c1 20261008-130316-m7-c1; i>=80 linear extrap,2400,143227
20261010-055332-d4-sim2,2026-10-10T06:00:46+00:00,toolagent,0.25,45825,11.6,nfs,OPT-COST,COSTBELADY,NEED,opt,10656.854207,447.677802,nan,0,0.0,83089,83089,38707,calib_c1 20261008-130316-m7-c1; i>=80 linear extrap,2400,143227
20261010-055332-d4-sim2,2026-10-10T06:00:46+00:00,toolagent,0.25,45825,11.6,nfs,KEVa+WBR,KEVa,WBR,kev_a,10656.854207,447.677802,nan,0,0.0,83089,83089,183300,calib_c1 20261008-130316-m7-c1; i>=80 linear extrap,2400,143227
20261010-055332-d4-sim2,2026-10-10T06:00:46+00:00,toolagent,0.25,45825,11.6,nfs,KEVa+WB,KEVa,WB,kev_a,10656.854207,447.677802,nan,1746,109.125,83089,83089,183300,calib_c1 20261008-130316-m7-c1; i>=80 linear extrap,2400,143227
20261010-055332-d4-sim2,2026-10-10T06:00:46+00:00,toolagent,0.25,45825,11.6,nfs,KEVb+WB,KEVb,WB,kev_b,10679.538185,470.36178,nan,1831,114.4375,82636,83089,183753,calib_c1 20261008-130316-m7-c1; i>=80 linear extrap,2400,143227
20261010-055332-d4-sim2,2026-10-10T06:00:48+00:00,toolagent,0.5,91650,3.69,local,LRU+WT,LRU,WT,deferred,10953.04536,743.868955,nan,183300,11456.25,82954,83089,183435,calib_c1 20261008-130316-m7-c1; i>=80 linear extrap,2400,143227
20261010-055332-d4-sim2,2026-10-10T06:00:48+00:00,toolagent,0.5,91650,3.69,local,LRU+WB,LRU,WB,deferred,11614.282603,1405.106198,nan,91785,5736.5625,82954,83089,183435,calib_c1 20261008-130316-m7-c1; i>=80 linear extrap,2400,143227
20261010-055332-d4-sim2,2026-10-10T06:00:48+00:00,toolagent,0.5,91650,3.69,local,LRU+WB2,LRU,WB2,deferred,11618.751613,1409.575207,nan,17729,1108.0625,82954,83089,183435,calib_c1 20261008-130316-m7-c1; i>=80 linear extrap,2400,143227
20261010-055332-d4-sim2,2026-10-10T06:00:48+00:00,toolagent,0.5,91650,3.69,local,LRU+H2,LRU,H2,deferred,11264.808828,1055.632422,nan,38707,2419.1875,82954,83089,183435,calib_c1 20261008-130316-m7-c1; i>=80 linear extrap,2400,143227
20261010-055332-d4-sim2,2026-10-10T06:00:48+00:00,toolagent,0.5,91650,3.69,local,LRU+NONE,LRU,NONE,deferred,11620.44639,1411.269984,nan,0,0.0,82954,83089,183435,calib_c1 20261008-130316-m7-c1; i>=80 linear extrap,2400,143227
20261010-055332-d4-sim2,2026-10-10T06:00:48+00:00,toolagent,0.5,91650,3.69,local,2HIT+WT,2HIT,WT,deferred,10953.04536,743.868955,nan,183300,11456.25,44382,83089,38707,calib_c1 20261008-130316-m7-c1; i>=80 linear extrap,2400,143227
20261010-055332-d4-sim2,2026-10-10T06:00:48+00:00,toolagent,0.5,91650,3.69,local,2HIT+WB,2HIT,WB,deferred,10953.04536,743.868955,nan,183300,11456.25,44382,83089,38707,calib_c1 20261008-130316-m7-c1; i>=80 linear extrap,2400,143227
20261010-055332-d4-sim2,2026-10-10T06:00:48+00:00,toolagent,0.5,91650,3.69,local,2HIT+WB2,2HIT,WB2,deferred,13035.845981,2826.669576,nan,0,0.0,44382,83089,38707,calib_c1 20261008-130316-m7-c1; i>=80 linear extrap,2400,143227
20261010-055332-d4-sim2,2026-10-10T06:00:48+00:00,toolagent,0.5,91650,3.69,local,2HIT+H2,2HIT,H2,deferred,12681.456037,2472.279632,nan,38707,2419.1875,44382,83089,38707,calib_c1 20261008-130316-m7-c1; i>=80 linear extrap,2400,143227
20261010-055332-d4-sim2,2026-10-10T06:00:48+00:00,toolagent,0.5,91650,3.69,local,2HIT+NONE,2HIT,NONE,deferred,13035.845981,2826.669576,nan,0,0.0,44382,83089,38707,calib_c1 20261008-130316-m7-c1; i>=80 linear extrap,2400,143227
20261010-055332-d4-sim2,2026-10-10T06:00:48+00:00,toolagent,0.5,91650,3.69,local,SLRU+WT,SLRU,WT,deferred,10953.04536,743.868955,nan,183300,11456.25,82902,83089,183487,calib_c1 20261008-130316-m7-c1; i>=80 linear extrap,2400,143227
20261010-055332-d4-sim2,2026-10-10T06:00:48+00:00,toolagent,0.5,91650,3.69,local,SLRU+WB,SLRU,WB,deferred,11613.196644,1404.020239,nan,91837,5739.8125,82902,83089,183487,calib_c1 20261008-130316-m7-c1; i>=80 linear extrap,2400,143227
20261010-055332-d4-sim2,2026-10-10T06:00:48+00:00,toolagent,0.5,91650,3.69,local,SLRU+WB2,SLRU,WB2,deferred,11624.404913,1415.228508,nan,0,0.0,82902,83089,183487,calib_c1 20261008-130316-m7-c1; i>=80 linear extrap,2400,143227
20261010-055332-d4-sim2,2026-10-10T06:00:48+00:00,toolagent,0.5,91650,3.69,local,SLRU+H2,SLRU,H2,deferred,11270.014969,1060.838563,nan,38707,2419.1875,82902,83089,183487,calib_c1 20261008-130316-m7-c1; i>=80 linear extrap,2400,143227
20261010-055332-d4-sim2,2026-10-10T06:00:48+00:00,toolagent,0.5,91650,3.69,local,SLRU+NONE,SLRU,NONE,deferred,11624.404913,1415.228508,nan,0,0.0,82902,83089,183487,calib_c1 20261008-130316-m7-c1; i>=80 linear extrap,2400,143227
20261010-055332-d4-sim2,2026-10-10T06:00:48+00:00,toolagent,0.5,91650,3.69,local,ARC+WT,ARC,WT,deferred,10953.04536,743.868955,nan,183300,11456.25,82902,83089,183487,calib_c1 20261008-130316-m7-c1; i>=80 linear extrap,2400,143227
20261010-055332-d4-sim2,2026-10-10T06:00:48+00:00,toolagent,0.5,91650,3.69,local,ARC+WB,ARC,WB,deferred,11613.196644,1404.020239,nan,91837,5739.8125,82902,83089,183487,calib_c1 20261008-130316-m7-c1; i>=80 linear extrap,2400,143227
20261010-055332-d4-sim2,2026-10-10T06:00:48+00:00,toolagent,0.5,91650,3.69,local,ARC+WB2,ARC,WB2,deferred,11624.404913,1415.228508,nan,0,0.0,82902,83089,183487,calib_c1 20261008-130316-m7-c1; i>=80 linear extrap,2400,143227
20261010-055332-d4-sim2,2026-10-10T06:00:48+00:00,toolagent,0.5,91650,3.69,local,ARC+H2,ARC,H2,deferred,11270.014969,1060.838563,nan,38707,2419.1875,82902,83089,183487,calib_c1 20261008-130316-m7-c1; i>=80 linear extrap,2400,143227
20261010-055332-d4-sim2,2026-10-10T06:00:48+00:00,toolagent,0.5,91650,3.69,local,ARC+NONE,ARC,NONE,deferred,11624.404913,1415.228508,nan,0,0.0,82902,83089,183487,calib_c1 20261008-130316-m7-c1; i>=80 linear extrap,2400,143227
20261010-055332-d4-sim2,2026-10-10T06:00:48+00:00,toolagent,0.5,91650,3.69,local,S3FIFO+WT,S3FIFO,WT,deferred,10953.04536,743.868955,nan,183300,11456.25,82902,83089,183487,calib_c1 20261008-130316-m7-c1; i>=80 linear extrap,2400,143227
20261010-055332-d4-sim2,2026-10-10T06:00:48+00:00,toolagent,0.5,91650,3.69,local,S3FIFO+WB,S3FIFO,WB,deferred,11613.196644,1404.020239,nan,91837,5739.8125,82902,83089,183487,calib_c1 20261008-130316-m7-c1; i>=80 linear extrap,2400,143227
20261010-055332-d4-sim2,2026-10-10T06:00:48+00:00,toolagent,0.5,91650,3.69,local,S3FIFO+WB2,S3FIFO,WB2,deferred,11624.404913,1415.228508,nan,0,0.0,82902,83089,183487,calib_c1 20261008-130316-m7-c1; i>=80 linear extrap,2400,143227
20261010-055332-d4-sim2,2026-10-10T06:00:48+00:00,toolagent,0.5,91650,3.69,local,S3FIFO+H2,S3FIFO,H2,deferred,11270.014969,1060.838563,nan,38707,2419.1875,82902,83089,183487,calib_c1 20261008-130316-m7-c1; i>=80 linear extrap,2400,143227
20261010-055332-d4-sim2,2026-10-10T06:00:48+00:00,toolagent,0.5,91650,3.69,local,S3FIFO+NONE,S3FIFO,NONE,deferred,11624.404913,1415.228508,nan,0,0.0,82902,83089,183487,calib_c1 20261008-130316-m7-c1; i>=80 linear extrap,2400,143227
20261010-055332-d4-sim2,2026-10-10T06:00:48+00:00,toolagent,0.5,91650,3.69,local,WTPa+WBR,WTPa,WBR,wtp_a,11616.510416,1407.334011,nan,0,0.0,83089,83089,38707,calib_c1 20261008-130316-m7-c1; i>=80 linear extrap,2400,143227
20261010-055332-d4-sim2,2026-10-10T06:00:48+00:00,toolagent,0.5,91650,3.69,local,WTPa+WTR,WTPa,WTR,wtp_a,10953.04536,743.868955,nan,38707,2419.1875,83089,83089,38707,calib_c1 20261008-130316-m7-c1; i>=80 linear extrap,2400,143227
20261010-055332-d4-sim2,2026-10-10T06:00:48+00:00,toolagent,0.5,91650,3.69,local,WTPb+WB,WTPb,WB,wtp_b,11569.430899,1360.254494,nan,136903,8556.4375,79020,83089,47262,calib_c1 20261008-130316-m7-c1; i>=80 linear extrap,2400,143227
20261010-055332-d4-sim2,2026-10-10T06:00:48+00:00,toolagent,0.5,91650,3.69,local,OPT-BELADY,BELADY,NEED,opt,11616.510416,1407.334011,nan,0,0.0,83089,83089,38707,calib_c1 20261008-130316-m7-c1; i>=80 linear extrap,2400,143227
20261010-055332-d4-sim2,2026-10-10T06:00:48+00:00,toolagent,0.5,91650,3.69,local,OPT-COST,COSTBELADY,NEED,opt,10953.04536,743.868955,nan,38707,2419.1875,0,83089,0,calib_c1 20261008-130316-m7-c1; i>=80 linear extrap,2400,143227
20261010-055332-d4-sim2,2026-10-10T06:00:48+00:00,toolagent,0.5,91650,3.69,local,KEVa+WBR,KEVa,WBR,kev_a,11616.510416,1407.334011,nan,0,0.0,83089,83089,183300,calib_c1 20261008-130316-m7-c1; i>=80 linear extrap,2400,143227
20261010-055332-d4-sim2,2026-10-10T06:00:48+00:00,toolagent,0.5,91650,3.69,local,KEVa+WB,KEVa,WB,kev_a,11616.510416,1407.334011,nan,91650,5728.125,83089,83089,183300,calib_c1 20261008-130316-m7-c1; i>=80 linear extrap,2400,143227
20261010-055332-d4-sim2,2026-10-10T06:00:48+00:00,toolagent,0.5,91650,3.69,local,KEVb+WB,KEVb,WB,kev_b,11612.45404,1403.277635,nan,91854,5740.875,82885,83089,183504,calib_c1 20261008-130316-m7-c1; i>=80 linear extrap,2400,143227
20261010-055332-d4-sim2,2026-10-10T06:00:48+00:00,toolagent,0.5,91650,3.69,nfs,LRU+WT,LRU,WT,deferred,11620.44639,1411.269984,nan,2105,131.5625,82954,83089,183435,calib_c1 20261008-130316-m7-c1; i>=80 linear extrap,2400,143227
20261010-055332-d4-sim2,2026-10-10T06:00:48+00:00,toolagent,0.5,91650,3.69,nfs,LRU+WB,LRU,WB,deferred,11620.44639,1411.269984,nan,1142,71.375,82954,83089,183435,calib_c1 20261008-130316-m7-c1; i>=80 linear extrap,2400,143227
20261010-055332-d4-sim2,2026-10-10T06:00:48+00:00,toolagent,0.5,91650,3.69,nfs,LRU+WB2,LRU,WB2,deferred,11620.44639,1411.269984,nan,233,14.5625,82954,83089,183435,calib_c1 20261008-130316-m7-c1; i>=80 linear extrap,2400,143227
20261010-055332-d4-sim2,2026-10-10T06:00:48+00:00,toolagent,0.5,91650,3.69,nfs,LRU+H2,LRU,H2,deferred,11620.44639,1411.269984,nan,311,19.4375,82954,83089,183435,calib_c1 20261008-130316-m7-c1; i>=80 linear extrap,2400,143227
20261010-055332-d4-sim2,2026-10-10T06:00:48+00:00,toolagent,0.5,91650,3.69,nfs,LRU+NONE,LRU,NONE,deferred,11620.44639,1411.269984,nan,0,0.0,82954,83089,183435,calib_c1 20261008-130316-m7-c1; i>=80 linear extrap,2400,143227
20261010-055332-d4-sim2,2026-10-10T06:00:48+00:00,toolagent,0.5,91650,3.69,nfs,2HIT+WT,2HIT,WT,deferred,13029.676264,2820.499858,nan,2105,131.5625,44382,83089,38707,calib_c1 20261008-130316-m7-c1; i>=80 linear extrap,2400,143227
20261010-055332-d4-sim2,2026-10-10T06:00:48+00:00,toolagent,0.5,91650,3.69,nfs,2HIT+WB,2HIT,WB,deferred,13029.676264,2820.499858,nan,2105,131.5625,44382,83089,38707,calib_c1 20261008-130316-m7-c1; i>=80 linear extrap,2400,143227
20261010-055332-d4-sim2,2026-10-10T06:00:48+00:00,toolagent,0.5,91650,3.69,nfs,2HIT+WB2,2HIT,WB2,deferred,13035.845981,2826.669576,nan,0,0.0,44382,83089,38707,calib_c1 20261008-130316-m7-c1; i>=80 linear extrap,2400,143227
20261010-055332-d4-sim2,2026-10-10T06:00:48+00:00,toolagent,0.5,91650,3.69,nfs,2HIT+H2,2HIT,H2,deferred,13035.845981,2826.669576,nan,311,19.4375,44382,83089,38707,calib_c1 20261008-130316-m7-c1; i>=80 linear extrap,2400,143227
20261010-055332-d4-sim2,2026-10-10T06:00:48+00:00,toolagent,0.5,91650,3.69,nfs,2HIT+NONE,2HIT,NONE,deferred,13035.845981,2826.669576,nan,0,0.0,44382,83089,38707,calib_c1 20261008-130316-m7-c1; i>=80 linear extrap,2400,143227
20261010-055332-d4-sim2,2026-10-10T06:00:48+00:00,toolagent,0.5,91650,3.69,nfs,SLRU+WT,SLRU,WT,deferred,11624.404913,1415.228508,nan,2105,131.5625,82902,83089,183487,calib_c1 20261008-130316-m7-c1; i>=80 linear extrap,2400,143227
20261010-055332-d4-sim2,2026-10-10T06:00:48+00:00,toolagent,0.5,91650,3.69,nfs,SLRU+WB,SLRU,WB,deferred,11624.404913,1415.228508,nan,1264,79.0,82902,83089,183487,calib_c1 20261008-130316-m7-c1; i>=80 linear extrap,2400,143227
20261010-055332-d4-sim2,2026-10-10T06:00:48+00:00,toolagent,0.5,91650,3.69,nfs,SLRU+WB2,SLRU,WB2,deferred,11624.404913,1415.228508,nan,0,0.0,82902,83089,183487,calib_c1 20261008-130316-m7-c1; i>=80 linear extrap,2400,143227
20261010-055332-d4-sim2,2026-10-10T06:00:48+00:00,toolagent,0.5,91650,3.69,nfs,SLRU+H2,SLRU,H2,deferred,11624.404913,1415.228508,nan,311,19.4375,82902,83089,183487,calib_c1 20261008-130316-m7-c1; i>=80 linear extrap,2400,143227
20261010-055332-d4-sim2,2026-10-10T06:00:48+00:00,toolagent,0.5,91650,3.69,nfs,SLRU+NONE,SLRU,NONE,deferred,11624.404913,1415.228508,nan,0,0.0,82902,83089,183487,calib_c1 20261008-130316-m7-c1; i>=80 linear extrap,2400,143227
20261010-055332-d4-sim2,2026-10-10T06:00:48+00:00,toolagent,0.5,91650,3.69,nfs,ARC+WT,ARC,WT,deferred,11624.404913,1415.228508,nan,2105,131.5625,82902,83089,183487,calib_c1 20261008-130316-m7-c1; i>=80 linear extrap,2400,143227
20261010-055332-d4-sim2,2026-10-10T06:00:48+00:00,toolagent,0.5,91650,3.69,nfs,ARC+WB,ARC,WB,deferred,11624.404913,1415.228508,nan,1264,79.0,82902,83089,183487,calib_c1 20261008-130316-m7-c1; i>=80 linear extrap,2400,143227
20261010-055332-d4-sim2,2026-10-10T06:00:48+00:00,toolagent,0.5,91650,3.69,nfs,ARC+WB2,ARC,WB2,deferred,11624.404913,1415.228508,nan,0,0.0,82902,83089,183487,calib_c1 20261008-130316-m7-c1; i>=80 linear extrap,2400,143227
20261010-055332-d4-sim2,2026-10-10T06:00:48+00:00,toolagent,0.5,91650,3.69,nfs,ARC+H2,ARC,H2,deferred,11624.404913,1415.228508,nan,311,19.4375,82902,83089,183487,calib_c1 20261008-130316-m7-c1; i>=80 linear extrap,2400,143227
20261010-055332-d4-sim2,2026-10-10T06:00:48+00:00,toolagent,0.5,91650,3.69,nfs,ARC+NONE,ARC,NONE,deferred,11624.404913,1415.228508,nan,0,0.0,82902,83089,183487,calib_c1 20261008-130316-m7-c1; i>=80 linear extrap,2400,143227
20261010-055332-d4-sim2,2026-10-10T06:00:48+00:00,toolagent,0.5,91650,3.69,nfs,S3FIFO+WT,S3FIFO,WT,deferred,11624.404913,1415.228508,nan,2105,131.5625,82902,83089,183487,calib_c1 20261008-130316-m7-c1; i>=80 linear extrap,2400,143227
20261010-055332-d4-sim2,2026-10-10T06:00:48+00:00,toolagent,0.5,91650,3.69,nfs,S3FIFO+WB,S3FIFO,WB,deferred,11624.404913,1415.228508,nan,1264,79.0,82902,83089,183487,calib_c1 20261008-130316-m7-c1; i>=80 linear extrap,2400,143227
20261010-055332-d4-sim2,2026-10-10T06:00:48+00:00,toolagent,0.5,91650,3.69,nfs,S3FIFO+WB2,S3FIFO,WB2,deferred,11624.404913,1415.228508,nan,0,0.0,82902,83089,183487,calib_c1 20261008-130316-m7-c1; i>=80 linear extrap,2400,143227
20261010-055332-d4-sim2,2026-10-10T06:00:48+00:00,toolagent,0.5,91650,3.69,nfs,S3FIFO+H2,S3FIFO,H2,deferred,11624.404913,1415.228508,nan,311,19.4375,82902,83089,183487,calib_c1 20261008-130316-m7-c1; i>=80 linear extrap,2400,143227
20261010-055332-d4-sim2,2026-10-10T06:00:48+00:00,toolagent,0.5,91650,3.69,nfs,S3FIFO+NONE,S3FIFO,NONE,deferred,11624.404913,1415.228508,nan,0,0.0,82902,83089,183487,calib_c1 20261008-130316-m7-c1; i>=80 linear extrap,2400,143227
20261010-055332-d4-sim2,2026-10-10T06:00:48+00:00,toolagent,0.5,91650,3.69,nfs,WTPa+WBR,WTPa,WBR,wtp_a,11616.510416,1407.334011,nan,0,0.0,83089,83089,38707,calib_c1 20261008-130316-m7-c1; i>=80 linear extrap,2400,143227
20261010-055332-d4-sim2,2026-10-10T06:00:48+00:00,toolagent,0.5,91650,3.69,nfs,WTPa+WTR,WTPa,WTR,wtp_a,11616.510416,1407.334011,nan,311,19.4375,83089,83089,38707,calib_c1 20261008-130316-m7-c1; i>=80 linear extrap,2400,143227
20261010-055332-d4-sim2,2026-10-10T06:00:48+00:00,toolagent,0.5,91650,3.69,nfs,WTPb+WB,WTPb,WB,wtp_b,11712.870426,1503.694021,nan,1774,110.875,79020,83089,47262,calib_c1 20261008-130316-m7-c1; i>=80 linear extrap,2400,143227
20261010-055332-d4-sim2,2026-10-10T06:00:48+00:00,toolagent,0.5,91650,3.69,nfs,OPT-BELADY,BELADY,NEED,opt,11616.510416,1407.334011,nan,0,0.0,83089,83089,38707,calib_c1 20261008-130316-m7-c1; i>=80 linear extrap,2400,143227
20261010-055332-d4-sim2,2026-10-10T06:00:48+00:00,toolagent,0.5,91650,3.69,nfs,OPT-COST,COSTBELADY,NEED,opt,11616.510416,1407.334011,nan,0,0.0,83089,83089,38707,calib_c1 20261008-130316-m7-c1; i>=80 linear extrap,2400,143227
20261010-055332-d4-sim2,2026-10-10T06:00:48+00:00,toolagent,0.5,91650,3.69,nfs,KEVa+WBR,KEVa,WBR,kev_a,11616.510416,1407.334011,nan,0,0.0,83089,83089,183300,calib_c1 20261008-130316-m7-c1; i>=80 linear extrap,2400,143227
20261010-055332-d4-sim2,2026-10-10T06:00:48+00:00,toolagent,0.5,91650,3.69,nfs,KEVa+WB,KEVa,WB,kev_a,11616.510416,1407.334011,nan,1157,72.3125,83089,83089,183300,calib_c1 20261008-130316-m7-c1; i>=80 linear extrap,2400,143227
20261010-055332-d4-sim2,2026-10-10T06:00:48+00:00,toolagent,0.5,91650,3.69,nfs,KEVb+WB,KEVb,WB,kev_b,11629.226342,1420.049937,nan,1156,72.25,82885,83089,183504,calib_c1 20261008-130316-m7-c1; i>=80 linear extrap,2400,143227
20261010-055332-d4-sim2,2026-10-10T06:00:49+00:00,toolagent,0.5,91650,11.6,local,LRU+WT,LRU,WT,deferred,10657.335448,448.159042,nan,183300,11456.25,82954,83089,183435,calib_c1 20261008-130316-m7-c1; i>=80 linear extrap,2400,143227
20261010-055332-d4-sim2,2026-10-10T06:00:49+00:00,toolagent,0.5,91650,11.6,local,LRU+WB,LRU,WB,deferred,10657.335448,448.159042,nan,91785,5736.5625,82954,83089,183435,calib_c1 20261008-130316-m7-c1; i>=80 linear extrap,2400,143227
20261010-055332-d4-sim2,2026-10-10T06:00:49+00:00,toolagent,0.5,91650,11.6,local,LRU+WB2,LRU,WB2,deferred,10660.750438,451.574033,nan,17729,1108.0625,82954,83089,183435,calib_c1 20261008-130316-m7-c1; i>=80 linear extrap,2400,143227
20261010-055332-d4-sim2,2026-10-10T06:00:49+00:00,toolagent,0.5,91650,11.6,local,LRU+H2,LRU,H2,deferred,10660.750438,451.574033,nan,38707,2419.1875,82954,83089,183435,calib_c1 20261008-130316-m7-c1; i>=80 linear extrap,2400,143227
20261010-055332-d4-sim2,2026-10-10T06:00:49+00:00,toolagent,0.5,91650,11.6,local,LRU+NONE,LRU,NONE,deferred,10662.349395,453.17299,nan,0,0.0,82954,83089,183435,calib_c1 20261008-130316-m7-c1; i>=80 linear extrap,2400,143227
20261010-055332-d4-sim2,2026-10-10T06:00:49+00:00,toolagent,0.5,91650,11.6,local,2HIT+WT,2HIT,WT,deferred,10794.834818,585.658413,nan,183300,11456.25,44382,83089,38707,calib_c1 20261008-130316-m7-c1; i>=80 linear extrap,2400,143227
20261010-055332-d4-sim2,2026-10-10T06:00:49+00:00,toolagent,0.5,91650,11.6,local,2HIT+WB,2HIT,WB,deferred,10794.834818,585.658413,nan,183300,11456.25,44382,83089,38707,calib_c1 20261008-130316-m7-c1; i>=80 linear extrap,2400,143227
20261010-055332-d4-sim2,2026-10-10T06:00:49+00:00,toolagent,0.5,91650,11.6,local,2HIT+WB2,2HIT,WB2,deferred,12523.245494,2314.069089,nan,0,0.0,44382,83089,38707,calib_c1 20261008-130316-m7-c1; i>=80 linear extrap,2400,143227
20261010-055332-d4-sim2,2026-10-10T06:00:49+00:00,toolagent,0.5,91650,11.6,local,2HIT+H2,2HIT,H2,deferred,12523.245494,2314.069089,nan,38707,2419.1875,44382,83089,38707,calib_c1 20261008-130316-m7-c1; i>=80 linear extrap,2400,143227
20261010-055332-d4-sim2,2026-10-10T06:00:49+00:00,toolagent,0.5,91650,11.6,local,2HIT+NONE,2HIT,NONE,deferred,12523.245494,2314.069089,nan,0,0.0,44382,83089,38707,calib_c1 20261008-130316-m7-c1; i>=80 linear extrap,2400,143227
20261010-055332-d4-sim2,2026-10-10T06:00:49+00:00,toolagent,0.5,91650,11.6,local,SLRU+WT,SLRU,WT,deferred,10657.520814,448.344409,nan,183300,11456.25,82902,83089,183487,calib_c1 20261008-130316-m7-c1; i>=80 linear extrap,2400,143227
20261010-055332-d4-sim2,2026-10-10T06:00:49+00:00,toolagent,0.5,91650,11.6,local,SLRU+WB,SLRU,WB,deferred,10657.520814,448.344409,nan,91837,5739.8125,82902,83089,183487,calib_c1 20261008-130316-m7-c1; i>=80 linear extrap,2400,143227
20261010-055332-d4-sim2,2026-10-10T06:00:49+00:00,toolagent,0.5,91650,11.6,local,SLRU+WB2,SLRU,WB2,deferred,10666.908505,457.7321,nan,0,0.0,82902,83089,183487,calib_c1 20261008-130316-m7-c1; i>=80 linear extrap,2400,143227
20261010-055332-d4-sim2,2026-10-10T06:00:49+00:00,toolagent,0.5,91650,11.6,local,SLRU+H2,SLRU,H2,deferred,10666.908505,457.7321,nan,38707,2419.1875,82902,83089,183487,calib_c1 20261008-130316-m7-c1; i>=80 linear extrap,2400,143227
20261010-055332-d4-sim2,2026-10-10T06:00:49+00:00,toolagent,0.5,91650,11.6,local,SLRU+NONE,SLRU,NONE,deferred,10666.908505,457.7321,nan,0,0.0,82902,83089,183487,calib_c1 20261008-130316-m7-c1; i>=80 linear extrap,2400,143227
20261010-055332-d4-sim2,2026-10-10T06:00:49+00:00,toolagent,0.5,91650,11.6,local,ARC+WT,ARC,WT,deferred,10657.520814,448.344409,nan,183300,11456.25,82902,83089,183487,calib_c1 20261008-130316-m7-c1; i>=80 linear extrap,2400,143227
20261010-055332-d4-sim2,2026-10-10T06:00:49+00:00,toolagent,0.5,91650,11.6,local,ARC+WB,ARC,WB,deferred,10657.520814,448.344409,nan,91837,5739.8125,82902,83089,183487,calib_c1 20261008-130316-m7-c1; i>=80 linear extrap,2400,143227
20261010-055332-d4-sim2,2026-10-10T06:00:49+00:00,toolagent,0.5,91650,11.6,local,ARC+WB2,ARC,WB2,deferred,10666.908505,457.7321,nan,0,0.0,82902,83089,183487,calib_c1 20261008-130316-m7-c1; i>=80 linear extrap,2400,143227
20261010-055332-d4-sim2,2026-10-10T06:00:49+00:00,toolagent,0.5,91650,11.6,local,ARC+H2,ARC,H2,deferred,10666.908505,457.7321,nan,38707,2419.1875,82902,83089,183487,calib_c1 20261008-130316-m7-c1; i>=80 linear extrap,2400,143227
20261010-055332-d4-sim2,2026-10-10T06:00:49+00:00,toolagent,0.5,91650,11.6,local,ARC+NONE,ARC,NONE,deferred,10666.908505,457.7321,nan,0,0.0,82902,83089,183487,calib_c1 20261008-130316-m7-c1; i>=80 linear extrap,2400,143227
20261010-055332-d4-sim2,2026-10-10T06:00:49+00:00,toolagent,0.5,91650,11.6,local,S3FIFO+WT,S3FIFO,WT,deferred,10657.520814,448.344409,nan,183300,11456.25,82902,83089,183487,calib_c1 20261008-130316-m7-c1; i>=80 linear extrap,2400,143227
20261010-055332-d4-sim2,2026-10-10T06:00:49+00:00,toolagent,0.5,91650,11.6,local,S3FIFO+WB,S3FIFO,WB,deferred,10657.520814,448.344409,nan,91837,5739.8125,82902,83089,183487,calib_c1 20261008-130316-m7-c1; i>=80 linear extrap,2400,143227
20261010-055332-d4-sim2,2026-10-10T06:00:49+00:00,toolagent,0.5,91650,11.6,local,S3FIFO+WB2,S3FIFO,WB2,deferred,10666.908505,457.7321,nan,0,0.0,82902,83089,183487,calib_c1 20261008-130316-m7-c1; i>=80 linear extrap,2400,143227
20261010-055332-d4-sim2,2026-10-10T06:00:49+00:00,toolagent,0.5,91650,11.6,local,S3FIFO+H2,S3FIFO,H2,deferred,10666.908505,457.7321,nan,38707,2419.1875,82902,83089,183487,calib_c1 20261008-130316-m7-c1; i>=80 linear extrap,2400,143227
20261010-055332-d4-sim2,2026-10-10T06:00:49+00:00,toolagent,0.5,91650,11.6,local,S3FIFO+NONE,S3FIFO,NONE,deferred,10666.908505,457.7321,nan,0,0.0,82902,83089,183487,calib_c1 20261008-130316-m7-c1; i>=80 linear extrap,2400,143227
20261010-055332-d4-sim2,2026-10-10T06:00:49+00:00,toolagent,0.5,91650,11.6,local,WTPa+WBR,WTPa,WBR,wtp_a,10656.854207,447.677802,nan,0,0.0,83089,83089,38707,calib_c1 20261008-130316-m7-c1; i>=80 linear extrap,2400,143227
20261010-055332-d4-sim2,2026-10-10T06:00:49+00:00,toolagent,0.5,91650,11.6,local,WTPa+WTR,WTPa,WTR,wtp_a,10656.854207,447.677802,nan,38707,2419.1875,83089,83089,38707,calib_c1 20261008-130316-m7-c1; i>=80 linear extrap,2400,143227
20261010-055332-d4-sim2,2026-10-10T06:00:49+00:00,toolagent,0.5,91650,11.6,local,WTPb+WB,WTPb,WB,wtp_b,10671.359157,462.182752,nan,136903,8556.4375,79020,83089,47262,calib_c1 20261008-130316-m7-c1; i>=80 linear extrap,2400,143227
20261010-055332-d4-sim2,2026-10-10T06:00:49+00:00,toolagent,0.5,91650,11.6,local,OPT-BELADY,BELADY,NEED,opt,10656.854207,447.677802,nan,0,0.0,83089,83089,38707,calib_c1 20261008-130316-m7-c1; i>=80 linear extrap,2400,143227
20261010-055332-d4-sim2,2026-10-10T06:00:49+00:00,toolagent,0.5,91650,11.6,local,OPT-COST,COSTBELADY,NEED,opt,10656.854207,447.677802,nan,0,0.0,83089,83089,38707,calib_c1 20261008-130316-m7-c1; i>=80 linear extrap,2400,143227
20261010-055332-d4-sim2,2026-10-10T06:00:49+00:00,toolagent,0.5,91650,11.6,local,KEVa+WBR,KEVa,WBR,kev_a,10656.854207,447.677802,nan,0,0.0,83089,83089,183300,calib_c1 20261008-130316-m7-c1; i>=80 linear extrap,2400,143227
20261010-055332-d4-sim2,2026-10-10T06:00:49+00:00,toolagent,0.5,91650,11.6,local,KEVa+WB,KEVa,WB,kev_a,10656.854207,447.677802,nan,91650,5728.125,83089,83089,183300,calib_c1 20261008-130316-m7-c1; i>=80 linear extrap,2400,143227
20261010-055332-d4-sim2,2026-10-10T06:00:49+00:00,toolagent,0.5,91650,11.6,local,KEVb+WB,KEVb,WB,kev_b,10657.581415,448.40501,nan,91854,5740.875,82885,83089,183504,calib_c1 20261008-130316-m7-c1; i>=80 linear extrap,2400,143227
20261010-055332-d4-sim2,2026-10-10T06:00:49+00:00,toolagent,0.5,91650,11.6,nfs,LRU+WT,LRU,WT,deferred,10662.349395,453.17299,nan,2105,131.5625,82954,83089,183435,calib_c1 20261008-130316-m7-c1; i>=80 linear extrap,2400,143227
20261010-055332-d4-sim2,2026-10-10T06:00:49+00:00,toolagent,0.5,91650,11.6,nfs,LRU+WB,LRU,WB,deferred,10662.349395,453.17299,nan,1142,71.375,82954,83089,183435,calib_c1 20261008-130316-m7-c1; i>=80 linear extrap,2400,143227
20261010-055332-d4-sim2,2026-10-10T06:00:49+00:00,toolagent,0.5,91650,11.6,nfs,LRU+WB2,LRU,WB2,deferred,10662.349395,453.17299,nan,233,14.5625,82954,83089,183435,calib_c1 20261008-130316-m7-c1; i>=80 linear extrap,2400,143227
20261010-055332-d4-sim2,2026-10-10T06:00:49+00:00,toolagent,0.5,91650,11.6,nfs,LRU+H2,LRU,H2,deferred,10662.349395,453.17299,nan,311,19.4375,82954,83089,183435,calib_c1 20261008-130316-m7-c1; i>=80 linear extrap,2400,143227
20261010-055332-d4-sim2,2026-10-10T06:00:49+00:00,toolagent,0.5,91650,11.6,nfs,LRU+NONE,LRU,NONE,deferred,10662.349395,453.17299,nan,0,0.0,82954,83089,183435,calib_c1 20261008-130316-m7-c1; i>=80 linear extrap,2400,143227
20261010-055332-d4-sim2,2026-10-10T06:00:49+00:00,toolagent,0.5,91650,11.6,nfs,2HIT+WT,2HIT,WT,deferred,12517.075776,2307.899371,nan,2105,131.5625,44382,83089,38707,calib_c1 20261008-130316-m7-c1; i>=80 linear extrap,2400,143227
20261010-055332-d4-sim2,2026-10-10T06:00:49+00:00,toolagent,0.5,91650,11.6,nfs,2HIT+WB,2HIT,WB,deferred,12517.075776,2307.899371,nan,2105,131.5625,44382,83089,38707,calib_c1 20261008-130316-m7-c1; i>=80 linear extrap,2400,143227
20261010-055332-d4-sim2,2026-10-10T06:00:49+00:00,toolagent,0.5,91650,11.6,nfs,2HIT+WB2,2HIT,WB2,deferred,12523.245494,2314.069089,nan,0,0.0,44382,83089,38707,calib_c1 20261008-130316-m7-c1; i>=80 linear extrap,2400,143227
20261010-055332-d4-sim2,2026-10-10T06:00:49+00:00,toolagent,0.5,91650,11.6,nfs,2HIT+H2,2HIT,H2,deferred,12523.245494,2314.069089,nan,311,19.4375,44382,83089,38707,calib_c1 20261008-130316-m7-c1; i>=80 linear extrap,2400,143227
20261010-055332-d4-sim2,2026-10-10T06:00:49+00:00,toolagent,0.5,91650,11.6,nfs,2HIT+NONE,2HIT,NONE,deferred,12523.245494,2314.069089,nan,0,0.0,44382,83089,38707,calib_c1 20261008-130316-m7-c1; i>=80 linear extrap,2400,143227
20261010-055332-d4-sim2,2026-10-10T06:00:49+00:00,toolagent,0.5,91650,11.6,nfs,SLRU+WT,SLRU,WT,deferred,10666.908505,457.7321,nan,2105,131.5625,82902,83089,183487,calib_c1 20261008-130316-m7-c1; i>=80 linear extrap,2400,143227
20261010-055332-d4-sim2,2026-10-10T06:00:49+00:00,toolagent,0.5,91650,11.6,nfs,SLRU+WB,SLRU,WB,deferred,10666.908505,457.7321,nan,1264,79.0,82902,83089,183487,calib_c1 20261008-130316-m7-c1; i>=80 linear extrap,2400,143227
20261010-055332-d4-sim2,2026-10-10T06:00:49+00:00,toolagent,0.5,91650,11.6,nfs,SLRU+WB2,SLRU,WB2,deferred,10666.908505,457.7321,nan,0,0.0,82902,83089,183487,calib_c1 20261008-130316-m7-c1; i>=80 linear extrap,2400,143227
20261010-055332-d4-sim2,2026-10-10T06:00:49+00:00,toolagent,0.5,91650,11.6,nfs,SLRU+H2,SLRU,H2,deferred,10666.908505,457.7321,nan,311,19.4375,82902,83089,183487,calib_c1 20261008-130316-m7-c1; i>=80 linear extrap,2400,143227
20261010-055332-d4-sim2,2026-10-10T06:00:49+00:00,toolagent,0.5,91650,11.6,nfs,SLRU+NONE,SLRU,NONE,deferred,10666.908505,457.7321,nan,0,0.0,82902,83089,183487,calib_c1 20261008-130316-m7-c1; i>=80 linear extrap,2400,143227
20261010-055332-d4-sim2,2026-10-10T06:00:49+00:00,toolagent,0.5,91650,11.6,nfs,ARC+WT,ARC,WT,deferred,10666.908505,457.7321,nan,2105,131.5625,82902,83089,183487,calib_c1 20261008-130316-m7-c1; i>=80 linear extrap,2400,143227
20261010-055332-d4-sim2,2026-10-10T06:00:49+00:00,toolagent,0.5,91650,11.6,nfs,ARC+WB,ARC,WB,deferred,10666.908505,457.7321,nan,1264,79.0,82902,83089,183487,calib_c1 20261008-130316-m7-c1; i>=80 linear extrap,2400,143227
20261010-055332-d4-sim2,2026-10-10T06:00:49+00:00,toolagent,0.5,91650,11.6,nfs,ARC+WB2,ARC,WB2,deferred,10666.908505,457.7321,nan,0,0.0,82902,83089,183487,calib_c1 20261008-130316-m7-c1; i>=80 linear extrap,2400,143227
20261010-055332-d4-sim2,2026-10-10T06:00:49+00:00,toolagent,0.5,91650,11.6,nfs,ARC+H2,ARC,H2,deferred,10666.908505,457.7321,nan,311,19.4375,82902,83089,183487,calib_c1 20261008-130316-m7-c1; i>=80 linear extrap,2400,143227
20261010-055332-d4-sim2,2026-10-10T06:00:49+00:00,toolagent,0.5,91650,11.6,nfs,ARC+NONE,ARC,NONE,deferred,10666.908505,457.7321,nan,0,0.0,82902,83089,183487,calib_c1 20261008-130316-m7-c1; i>=80 linear extrap,2400,143227
20261010-055332-d4-sim2,2026-10-10T06:00:49+00:00,toolagent,0.5,91650,11.6,nfs,S3FIFO+WT,S3FIFO,WT,deferred,10666.908505,457.7321,nan,2105,131.5625,82902,83089,183487,calib_c1 20261008-130316-m7-c1; i>=80 linear extrap,2400,143227
20261010-055332-d4-sim2,2026-10-10T06:00:49+00:00,toolagent,0.5,91650,11.6,nfs,S3FIFO+WB,S3FIFO,WB,deferred,10666.908505,457.7321,nan,1264,79.0,82902,83089,183487,calib_c1 20261008-130316-m7-c1; i>=80 linear extrap,2400,143227
20261010-055332-d4-sim2,2026-10-10T06:00:49+00:00,toolagent,0.5,91650,11.6,nfs,S3FIFO+WB2,S3FIFO,WB2,deferred,10666.908505,457.7321,nan,0,0.0,82902,83089,183487,calib_c1 20261008-130316-m7-c1; i>=80 linear extrap,2400,143227
20261010-055332-d4-sim2,2026-10-10T06:00:49+00:00,toolagent,0.5,91650,11.6,nfs,S3FIFO+H2,S3FIFO,H2,deferred,10666.908505,457.7321,nan,311,19.4375,82902,83089,183487,calib_c1 20261008-130316-m7-c1; i>=80 linear extrap,2400,143227
20261010-055332-d4-sim2,2026-10-10T06:00:49+00:00,toolagent,0.5,91650,11.6,nfs,S3FIFO+NONE,S3FIFO,NONE,deferred,10666.908505,457.7321,nan,0,0.0,82902,83089,183487,calib_c1 20261008-130316-m7-c1; i>=80 linear extrap,2400,143227
20261010-055332-d4-sim2,2026-10-10T06:00:49+00:00,toolagent,0.5,91650,11.6,nfs,WTPa+WBR,WTPa,WBR,wtp_a,10656.854207,447.677802,nan,0,0.0,83089,83089,38707,calib_c1 20261008-130316-m7-c1; i>=80 linear extrap,2400,143227
20261010-055332-d4-sim2,2026-10-10T06:00:49+00:00,toolagent,0.5,91650,11.6,nfs,WTPa+WTR,WTPa,WTR,wtp_a,10656.854207,447.677802,nan,311,19.4375,83089,83089,38707,calib_c1 20261008-130316-m7-c1; i>=80 linear extrap,2400,143227
20261010-055332-d4-sim2,2026-10-10T06:00:49+00:00,toolagent,0.5,91650,11.6,nfs,WTPb+WB,WTPb,WB,wtp_b,10800.210102,591.033697,nan,1774,110.875,79020,83089,47262,calib_c1 20261008-130316-m7-c1; i>=80 linear extrap,2400,143227
20261010-055332-d4-sim2,2026-10-10T06:00:49+00:00,toolagent,0.5,91650,11.6,nfs,OPT-BELADY,BELADY,NEED,opt,10656.854207,447.677802,nan,0,0.0,83089,83089,38707,calib_c1 20261008-130316-m7-c1; i>=80 linear extrap,2400,143227
20261010-055332-d4-sim2,2026-10-10T06:00:49+00:00,toolagent,0.5,91650,11.6,nfs,OPT-COST,COSTBELADY,NEED,opt,10656.854207,447.677802,nan,0,0.0,83089,83089,38707,calib_c1 20261008-130316-m7-c1; i>=80 linear extrap,2400,143227
20261010-055332-d4-sim2,2026-10-10T06:00:49+00:00,toolagent,0.5,91650,11.6,nfs,KEVa+WBR,KEVa,WBR,kev_a,10656.854207,447.677802,nan,0,0.0,83089,83089,183300,calib_c1 20261008-130316-m7-c1; i>=80 linear extrap,2400,143227
20261010-055332-d4-sim2,2026-10-10T06:00:49+00:00,toolagent,0.5,91650,11.6,nfs,KEVa+WB,KEVa,WB,kev_a,10656.854207,447.677802,nan,1157,72.3125,83089,83089,183300,calib_c1 20261008-130316-m7-c1; i>=80 linear extrap,2400,143227
20261010-055332-d4-sim2,2026-10-10T06:00:49+00:00,toolagent,0.5,91650,11.6,nfs,KEVb+WB,KEVb,WB,kev_b,10671.92628,462.749874,nan,1156,72.25,82885,83089,183504,calib_c1 20261008-130316-m7-c1; i>=80 linear extrap,2400,143227
