run_id,ts,trace,cpu_frac,cpu_cap_blocks,cpu_gibps,ssd,policy,cpu_policy,ssd_rule,klass,ttft_total_s,ttft_reuse_s,ttft_cake_s,ssd_write_blocks,ssd_write_GiB,cpu_hits,reuse_accesses,cpu_inserts,f_source,gpu_blocks,gpu_hits
20261010-055444-d4-sim3,2026-10-10T05:54:48+00:00,conversation,0.02,3655,3.69,local,LRU+WT,LRU,WT,deferred,11695.355471,946.387455,11525.023209,182790,11424.375,22703,105710,265797,calib_c1 20261008-130316-m7-c1; i>=80 linear extrap,0,0
20261010-055444-d4-sim3,2026-10-10T05:54:49+00:00,conversation,0.02,3655,3.69,local,LRU+WB,LRU,WB,deferred,11834.278374,1085.310357,11614.460772,180216,11263.5,22703,105710,265797,calib_c1 20261008-130316-m7-c1; i>=80 linear extrap,0,0
20261010-055444-d4-sim3,2026-10-10T05:54:49+00:00,conversation,0.02,3655,3.69,local,LRU+WB2,LRU,WB2,deferred,13700.741762,2951.773746,13444.002837,43577,2723.5625,22703,105710,265797,calib_c1 20261008-130316-m7-c1; i>=80 linear extrap,0,0
20261010-055444-d4-sim3,2026-10-10T05:54:49+00:00,conversation,0.02,3655,3.69,local,LRU+H2,LRU,H2,deferred,13586.716066,2837.74805,13371.534721,44144,2759.0,22703,105710,265797,calib_c1 20261008-130316-m7-c1; i>=80 linear extrap,0,0
20261010-055444-d4-sim3,2026-10-10T05:54:49+00:00,conversation,0.02,3655,3.69,local,LRU+NONE,LRU,NONE,deferred,15834.570213,5085.602197,15705.953778,0,0.0,22703,105710,265797,calib_c1 20261008-130316-m7-c1; i>=80 linear extrap,0,0
20261010-055444-d4-sim3,2026-10-10T05:54:50+00:00,conversation,0.02,3655,3.69,local,2HIT+WT,2HIT,WT,deferred,11695.355471,946.387455,11525.023209,182790,11424.375,41355,105710,64355,calib_c1 20261008-130316-m7-c1; i>=80 linear extrap,0,0
20261010-055444-d4-sim3,2026-10-10T05:54:50+00:00,conversation,0.02,3655,3.69,local,2HIT+WB,2HIT,WB,deferred,11695.355471,946.387455,11525.023209,182790,11424.375,41355,105710,64355,calib_c1 20261008-130316-m7-c1; i>=80 linear extrap,0,0
20261010-055444-d4-sim3,2026-10-10T05:54:50+00:00,conversation,0.02,3655,3.69,local,2HIT+WB2,2HIT,WB2,deferred,13977.939555,3228.971539,13678.026795,41687,2605.4375,41355,105710,64355,calib_c1 20261008-130316-m7-c1; i>=80 linear extrap,0,0
20261010-055444-d4-sim3,2026-10-10T05:54:51+00:00,conversation,0.02,3655,3.69,local,2HIT+H2,2HIT,H2,deferred,13738.629324,2989.661308,13533.46874,44144,2759.0,41355,105710,64355,calib_c1 20261008-130316-m7-c1; i>=80 linear extrap,0,0
20261010-055444-d4-sim3,2026-10-10T05:54:51+00:00,conversation,0.02,3655,3.69,local,2HIT+NONE,2HIT,NONE,deferred,15066.484082,4317.516066,14794.589672,0,0.0,41355,105710,64355,calib_c1 20261008-130316-m7-c1; i>=80 linear extrap,0,0
20261010-055444-d4-sim3,2026-10-10T05:54:51+00:00,conversation,0.02,3655,3.69,local,SLRU+WT,SLRU,WT,deferred,11695.355471,946.387455,11525.023209,182790,11424.375,24017,105710,264483,calib_c1 20261008-130316-m7-c1; i>=80 linear extrap,0,0
20261010-055444-d4-sim3,2026-10-10T05:54:52+00:00,conversation,0.02,3655,3.69,local,SLRU+WB,SLRU,WB,deferred,11851.366258,1102.398242,11624.088851,180556,11284.75,24017,105710,264483,calib_c1 20261008-130316-m7-c1; i>=80 linear extrap,0,0
20261010-055444-d4-sim3,2026-10-10T05:54:52+00:00,conversation,0.02,3655,3.69,local,SLRU+WB2,SLRU,WB2,deferred,13845.734286,3096.766269,13574.700293,41821,2613.8125,24017,105710,264483,calib_c1 20261008-130316-m7-c1; i>=80 linear extrap,0,0
20261010-055444-d4-sim3,2026-10-10T05:54:52+00:00,conversation,0.02,3655,3.69,local,SLRU+H2,SLRU,H2,deferred,13685.922642,2936.954626,13477.264149,44144,2759.0,24017,105710,264483,calib_c1 20261008-130316-m7-c1; i>=80 linear extrap,0,0
20261010-055444-d4-sim3,2026-10-10T05:54:52+00:00,conversation,0.02,3655,3.69,local,SLRU+NONE,SLRU,NONE,deferred,15710.013987,4961.045971,15540.677148,0,0.0,24017,105710,264483,calib_c1 20261008-130316-m7-c1; i>=80 linear extrap,0,0
20261010-055444-d4-sim3,2026-10-10T05:54:53+00:00,conversation,0.02,3655,3.69,local,ARC+WT,ARC,WT,deferred,11695.355471,946.387455,11525.023209,182790,11424.375,26063,105710,262437,calib_c1 20261008-130316-m7-c1; i>=80 linear extrap,0,0
20261010-055444-d4-sim3,2026-10-10T05:54:53+00:00,conversation,0.02,3655,3.69,local,ARC+WB,ARC,WB,deferred,11825.383092,1076.415076,11607.841684,180311,11269.4375,26063,105710,262437,calib_c1 20261008-130316-m7-c1; i>=80 linear extrap,0,0
20261010-055444-d4-sim3,2026-10-10T05:54:53+00:00,conversation,0.02,3655,3.69,local,ARC+WB2,ARC,WB2,deferred,13784.814137,3035.846121,13523.51889,43501,2718.8125,26063,105710,262437,calib_c1 20261008-130316-m7-c1; i>=80 linear extrap,0,0
20261010-055444-d4-sim3,2026-10-10T05:54:54+00:00,conversation,0.02,3655,3.69,local,ARC+H2,ARC,H2,deferred,13652.846163,2903.878147,13442.31435,44144,2759.0,26063,105710,262437,calib_c1 20261008-130316-m7-c1; i>=80 linear extrap,0,0
20261010-055444-d4-sim3,2026-10-10T05:54:54+00:00,conversation,0.02,3655,3.69,local,ARC+NONE,ARC,NONE,deferred,15690.563101,4941.595085,15523.041506,0,0.0,26063,105710,262437,calib_c1 20261008-130316-m7-c1; i>=80 linear extrap,0,0
20261010-055444-d4-sim3,2026-10-10T05:54:54+00:00,conversation,0.02,3655,3.69,local,S3FIFO+WT,S3FIFO,WT,deferred,11695.355471,946.387455,11525.023209,182790,11424.375,31198,105710,257302,calib_c1 20261008-130316-m7-c1; i>=80 linear extrap,0,0
20261010-055444-d4-sim3,2026-10-10T05:54:55+00:00,conversation,0.02,3655,3.69,local,S3FIFO+WB,S3FIFO,WB,deferred,11824.504743,1075.536726,11608.984334,182257,11391.0625,31198,105710,257302,calib_c1 20261008-130316-m7-c1; i>=80 linear extrap,0,0
20261010-055444-d4-sim3,2026-10-10T05:54:55+00:00,conversation,0.02,3655,3.69,local,S3FIFO+WB2,S3FIFO,WB2,deferred,13919.982119,3171.014103,13633.019743,42175,2635.9375,31198,105710,257302,calib_c1 20261008-130316-m7-c1; i>=80 linear extrap,0,0
20261010-055444-d4-sim3,2026-10-10T05:54:55+00:00,conversation,0.02,3655,3.69,local,S3FIFO+H2,S3FIFO,H2,deferred,13718.161429,2969.193413,13510.921787,44144,2759.0,31198,105710,257302,calib_c1 20261008-130316-m7-c1; i>=80 linear extrap,0,0
20261010-055444-d4-sim3,2026-10-10T05:54:55+00:00,conversation,0.02,3655,3.69,local,S3FIFO+NONE,S3FIFO,NONE,deferred,15437.756844,4688.788828,15208.235729,0,0.0,31198,105710,257302,calib_c1 20261008-130316-m7-c1; i>=80 linear extrap,0,0
20261010-055444-d4-sim3,2026-10-10T05:54:56+00:00,conversation,0.02,3655,3.69,local,WTPa+WBR,WTPa,WBR,wtp_a,12123.566673,1374.598657,11785.731022,22704,1419.0,71910,105710,60691,calib_c1 20261008-130316-m7-c1; i>=80 linear extrap,0,0
20261010-055444-d4-sim3,2026-10-10T05:54:56+00:00,conversation,0.02,3655,3.69,local,WTPa+WTR,WTPa,WTR,wtp_a,11695.355471,946.387455,11525.023209,44144,2759.0,71910,105710,60691,calib_c1 20261008-130316-m7-c1; i>=80 linear extrap,0,0
20261010-055444-d4-sim3,2026-10-10T05:54:56+00:00,conversation,0.02,3655,3.69,local,WTPb+WB,WTPb,WB,wtp_b,11918.032962,1169.064946,11658.956984,180215,11263.4375,56446,105710,67868,calib_c1 20261008-130316-m7-c1; i>=80 linear extrap,0,0
20261010-055444-d4-sim3,2026-10-10T05:54:57+00:00,conversation,0.02,3655,3.69,local,OPT-BELADY,BELADY,NEED,opt,12419.258936,1670.29092,11954.857745,12786,799.125,90658,105710,46519,calib_c1 20261008-130316-m7-c1; i>=80 linear extrap,0,0
20261010-055444-d4-sim3,2026-10-10T05:54:57+00:00,conversation,0.02,3655,3.69,local,OPT-COST,COSTBELADY,NEED,opt,11695.355471,946.387455,11525.023209,44144,2759.0,0,105710,0,calib_c1 20261008-130316-m7-c1; i>=80 linear extrap,0,0
20261010-055444-d4-sim3,2026-10-10T05:54:57+00:00,conversation,0.02,3655,3.69,local,KEVa+WBR,KEVa,WBR,kev_a,12123.566673,1374.598657,11785.731022,22704,1419.0,71910,105710,216590,calib_c1 20261008-130316-m7-c1; i>=80 linear extrap,0,0
20261010-055444-d4-sim3,2026-10-10T05:54:57+00:00,conversation,0.02,3655,3.69,local,KEVa+WB,KEVa,WB,kev_a,12123.566673,1374.598657,11785.731022,179589,11224.3125,71910,105710,216590,calib_c1 20261008-130316-m7-c1; i>=80 linear extrap,0,0
20261010-055444-d4-sim3,2026-10-10T05:54:58+00:00,conversation,0.02,3655,3.69,local,KEVb+WB,KEVb,WB,kev_b,11989.594466,1240.62645,11702.808384,179787,11236.6875,64119,105710,224381,calib_c1 20261008-130316-m7-c1; i>=80 linear extrap,0,0
20261010-055444-d4-sim3,2026-10-10T05:54:59+00:00,conversation,0.02,3655,3.69,nfs,LRU+WT,LRU,WT,deferred,15821.247909,5072.279893,15567.663183,2479,154.9375,22703,105710,265797,calib_c1 20261008-130316-m7-c1; i>=80 linear extrap,0,0
20261010-055444-d4-sim3,2026-10-10T05:54:59+00:00,conversation,0.02,3655,3.69,nfs,LRU+WB,LRU,WB,deferred,15821.247909,5072.279893,15567.663183,2415,150.9375,22703,105710,265797,calib_c1 20261008-130316-m7-c1; i>=80 linear extrap,0,0
20261010-055444-d4-sim3,2026-10-10T05:55:00+00:00,conversation,0.02,3655,3.69,nfs,LRU+WB2,LRU,WB2,deferred,15831.008271,5082.040255,15665.014613,416,26.0,22703,105710,265797,calib_c1 20261008-130316-m7-c1; i>=80 linear extrap,0,0
20261010-055444-d4-sim3,2026-10-10T05:55:00+00:00,conversation,0.02,3655,3.69,nfs,LRU+H2,LRU,H2,deferred,15831.008271,5082.040255,15665.014613,475,29.6875,22703,105710,265797,calib_c1 20261008-130316-m7-c1; i>=80 linear extrap,0,0
20261010-055444-d4-sim3,2026-10-10T05:55:00+00:00,conversation,0.02,3655,3.69,nfs,LRU+NONE,LRU,NONE,deferred,15834.570213,5085.602197,15705.953778,0,0.0,22703,105710,265797,calib_c1 20261008-130316-m7-c1; i>=80 linear extrap,0,0
20261010-055444-d4-sim3,2026-10-10T05:55:01+00:00,conversation,0.02,3655,3.69,nfs,2HIT+WT,2HIT,WT,deferred,15055.194886,4306.22687,14680.20933,2479,154.9375,41355,105710,64355,calib_c1 20261008-130316-m7-c1; i>=80 linear extrap,0,0
20261010-055444-d4-sim3,2026-10-10T05:55:01+00:00,conversation,0.02,3655,3.69,nfs,2HIT+WB,2HIT,WB,deferred,15055.194886,4306.22687,14680.20933,2479,154.9375,41355,105710,64355,calib_c1 20261008-130316-m7-c1; i>=80 linear extrap,0,0
20261010-055444-d4-sim3,2026-10-10T05:55:01+00:00,conversation,0.02,3655,3.69,nfs,2HIT+WB2,2HIT,WB2,deferred,15065.010946,4316.04293,14777.448306,377,23.5625,41355,105710,64355,calib_c1 20261008-130316-m7-c1; i>=80 linear extrap,0,0
20261010-055444-d4-sim3,2026-10-10T05:55:02+00:00,conversation,0.02,3655,3.69,nfs,2HIT+H2,2HIT,H2,deferred,15065.010946,4316.04293,14777.448306,475,29.6875,41355,105710,64355,calib_c1 20261008-130316-m7-c1; i>=80 linear extrap,0,0
20261010-055444-d4-sim3,2026-10-10T05:55:02+00:00,conversation,0.02,3655,3.69,nfs,2HIT+NONE,2HIT,NONE,deferred,15066.484082,4317.516066,14794.589672,0,0.0,41355,105710,64355,calib_c1 20261008-130316-m7-c1; i>=80 linear extrap,0,0
20261010-055444-d4-sim3,2026-10-10T05:55:02+00:00,conversation,0.02,3655,3.69,nfs,SLRU+WT,SLRU,WT,deferred,15696.635985,4947.667969,15400.254342,2479,154.9375,24017,105710,264483,calib_c1 20261008-130316-m7-c1; i>=80 linear extrap,0,0
20261010-055444-d4-sim3,2026-10-10T05:55:02+00:00,conversation,0.02,3655,3.69,nfs,SLRU+WB,SLRU,WB,deferred,15696.635985,4947.667969,15400.254342,2427,151.6875,24017,105710,264483,calib_c1 20261008-130316-m7-c1; i>=80 linear extrap,0,0
20261010-055444-d4-sim3,2026-10-10T05:55:03+00:00,conversation,0.02,3655,3.69,nfs,SLRU+WB2,SLRU,WB2,deferred,15706.452045,4957.484029,15499.737983,416,26.0,24017,105710,264483,calib_c1 20261008-130316-m7-c1; i>=80 linear extrap,0,0
20261010-055444-d4-sim3,2026-10-10T05:55:03+00:00,conversation,0.02,3655,3.69,nfs,SLRU+H2,SLRU,H2,deferred,15706.452045,4957.484029,15499.737983,475,29.6875,24017,105710,264483,calib_c1 20261008-130316-m7-c1; i>=80 linear extrap,0,0
20261010-055444-d4-sim3,2026-10-10T05:55:03+00:00,conversation,0.02,3655,3.69,nfs,SLRU+NONE,SLRU,NONE,deferred,15710.013987,4961.045971,15540.677148,0,0.0,24017,105710,264483,calib_c1 20261008-130316-m7-c1; i>=80 linear extrap,0,0
20261010-055444-d4-sim3,2026-10-10T05:55:04+00:00,conversation,0.02,3655,3.69,nfs,ARC+WT,ARC,WT,deferred,15677.240798,4928.272782,15385.689264,2479,154.9375,26063,105710,262437,calib_c1 20261008-130316-m7-c1; i>=80 linear extrap,0,0
20261010-055444-d4-sim3,2026-10-10T05:55:04+00:00,conversation,0.02,3655,3.69,nfs,ARC+WB,ARC,WB,deferred,15677.240798,4928.272782,15385.689264,2415,150.9375,26063,105710,262437,calib_c1 20261008-130316-m7-c1; i>=80 linear extrap,0,0
20261010-055444-d4-sim3,2026-10-10T05:55:04+00:00,conversation,0.02,3655,3.69,nfs,ARC+WB2,ARC,WB2,deferred,15687.056857,4938.088841,15484.234552,416,26.0,26063,105710,262437,calib_c1 20261008-130316-m7-c1; i>=80 linear extrap,0,0
20261010-055444-d4-sim3,2026-10-10T05:55:05+00:00,conversation,0.02,3655,3.69,nfs,ARC+H2,ARC,H2,deferred,15687.056857,4938.088841,15484.234552,475,29.6875,26063,105710,262437,calib_c1 20261008-130316-m7-c1; i>=80 linear extrap,0,0
20261010-055444-d4-sim3,2026-10-10T05:55:05+00:00,conversation,0.02,3655,3.69,nfs,ARC+NONE,ARC,NONE,deferred,15690.563101,4941.595085,15523.041506,0,0.0,26063,105710,262437,calib_c1 20261008-130316-m7-c1; i>=80 linear extrap,0,0
20261010-055444-d4-sim3,2026-10-10T05:55:05+00:00,conversation,0.02,3655,3.69,nfs,S3FIFO+WT,S3FIFO,WT,deferred,15425.116726,4676.14871,15079.26268,2479,154.9375,31198,105710,257302,calib_c1 20261008-130316-m7-c1; i>=80 linear extrap,0,0
20261010-055444-d4-sim3,2026-10-10T05:55:05+00:00,conversation,0.02,3655,3.69,nfs,S3FIFO+WB,S3FIFO,WB,deferred,15425.116726,4676.14871,15079.26268,2462,153.875,31198,105710,257302,calib_c1 20261008-130316-m7-c1; i>=80 linear extrap,0,0
20261010-055444-d4-sim3,2026-10-10T05:55:06+00:00,conversation,0.02,3655,3.69,nfs,S3FIFO+WB2,S3FIFO,WB2,deferred,15434.932785,4685.964769,15177.47314,475,29.6875,31198,105710,257302,calib_c1 20261008-130316-m7-c1; i>=80 linear extrap,0,0
20261010-055444-d4-sim3,2026-10-10T05:55:06+00:00,conversation,0.02,3655,3.69,nfs,S3FIFO+H2,S3FIFO,H2,deferred,15434.932785,4685.964769,15177.47314,475,29.6875,31198,105710,257302,calib_c1 20261008-130316-m7-c1; i>=80 linear extrap,0,0
20261010-055444-d4-sim3,2026-10-10T05:55:06+00:00,conversation,0.02,3655,3.69,nfs,S3FIFO+NONE,S3FIFO,NONE,deferred,15437.756844,4688.788828,15208.235729,0,0.0,31198,105710,257302,calib_c1 20261008-130316-m7-c1; i>=80 linear extrap,0,0
20261010-055444-d4-sim3,2026-10-10T05:55:07+00:00,conversation,0.02,3655,3.69,nfs,WTPa+WBR,WTPa,WBR,wtp_a,13920.273114,3171.305098,13525.480465,134,8.375,71910,105710,60691,calib_c1 20261008-130316-m7-c1; i>=80 linear extrap,0,0
20261010-055444-d4-sim3,2026-10-10T05:55:07+00:00,conversation,0.02,3655,3.69,nfs,WTPa+WTR,WTPa,WTR,wtp_a,13920.273114,3171.305098,13525.480465,475,29.6875,71910,105710,60691,calib_c1 20261008-130316-m7-c1; i>=80 linear extrap,0,0
20261010-055444-d4-sim3,2026-10-10T05:55:07+00:00,conversation,0.02,3655,3.69,nfs,WTPb+WB,WTPb,WB,wtp_b,14506.907091,3757.939075,14150.902044,2479,154.9375,56446,105710,67868,calib_c1 20261008-130316-m7-c1; i>=80 linear extrap,0,0
20261010-055444-d4-sim3,2026-10-10T05:55:08+00:00,conversation,0.02,3655,3.69,nfs,OPT-BELADY,BELADY,NEED,opt,13221.957022,2472.989006,12724.893517,192,12.0,90658,105710,46519,calib_c1 20261008-130316-m7-c1; i>=80 linear extrap,0,0
20261010-055444-d4-sim3,2026-10-10T05:55:08+00:00,conversation,0.02,3655,3.69,nfs,OPT-COST,COSTBELADY,NEED,opt,13015.154662,2266.186646,12458.576497,0,0.0,87073,105710,48009,calib_c1 20261008-130316-m7-c1; i>=80 linear extrap,0,0
20261010-055444-d4-sim3,2026-10-10T05:55:08+00:00,conversation,0.02,3655,3.69,nfs,KEVa+WBR,KEVa,WBR,kev_a,13920.273114,3171.305098,13525.480465,134,8.375,71910,105710,216590,calib_c1 20261008-130316-m7-c1; i>=80 linear extrap,0,0
20261010-055444-d4-sim3,2026-10-10T05:55:08+00:00,conversation,0.02,3655,3.69,nfs,KEVa+WB,KEVa,WB,kev_a,13920.273114,3171.305098,13525.480465,2368,148.0,71910,105710,216590,calib_c1 20261008-130316-m7-c1; i>=80 linear extrap,0,0
20261010-055444-d4-sim3,2026-10-10T05:55:09+00:00,conversation,0.02,3655,3.69,nfs,KEVb+WB,KEVb,WB,kev_b,14109.72762,3360.759604,13732.973019,2365,147.8125,64119,105710,224381,calib_c1 20261008-130316-m7-c1; i>=80 linear extrap,0,0
20261010-055444-d4-sim3,2026-10-10T05:55:10+00:00,conversation,0.02,3655,11.6,local,LRU+WT,LRU,WT,deferred,11614.42505,865.457034,11467.927656,182790,11424.375,22703,105710,265797,calib_c1 20261008-130316-m7-c1; i>=80 linear extrap,0,0
20261010-055444-d4-sim3,2026-10-10T05:55:11+00:00,conversation,0.02,3655,11.6,local,LRU+WB,LRU,WB,deferred,11614.42505,865.457034,11467.927656,180216,11263.5,22703,105710,265797,calib_c1 20261008-130316-m7-c1; i>=80 linear extrap,0,0
20261010-055444-d4-sim3,2026-10-10T05:55:11+00:00,conversation,0.02,3655,11.6,local,LRU+WB2,LRU,WB2,deferred,13470.188548,2721.220532,13294.199944,43577,2723.5625,22703,105710,265797,calib_c1 20261008-130316-m7-c1; i>=80 linear extrap,0,0
20261010-055444-d4-sim3,2026-10-10T05:55:11+00:00,conversation,0.02,3655,11.6,local,LRU+H2,LRU,H2,deferred,13470.188548,2721.220532,13294.199944,44144,2759.0,22703,105710,265797,calib_c1 20261008-130316-m7-c1; i>=80 linear extrap,0,0
20261010-055444-d4-sim3,2026-10-10T05:55:12+00:00,conversation,0.02,3655,11.6,local,LRU+NONE,LRU,NONE,deferred,15572.356503,4823.388487,15542.628065,0,0.0,22703,105710,265797,calib_c1 20261008-130316-m7-c1; i>=80 linear extrap,0,0
20261010-055444-d4-sim3,2026-10-10T05:55:12+00:00,conversation,0.02,3655,11.6,local,2HIT+WT,2HIT,WT,deferred,11547.935414,798.967398,11420.668006,182790,11424.375,41355,105710,64355,calib_c1 20261008-130316-m7-c1; i>=80 linear extrap,0,0
20261010-055444-d4-sim3,2026-10-10T05:55:12+00:00,conversation,0.02,3655,11.6,local,2HIT+WB,2HIT,WB,deferred,11547.935414,798.967398,11420.668006,182790,11424.375,41355,105710,64355,calib_c1 20261008-130316-m7-c1; i>=80 linear extrap,0,0
20261010-055444-d4-sim3,2026-10-10T05:55:13+00:00,conversation,0.02,3655,11.6,local,2HIT+WB2,2HIT,WB2,deferred,13591.209267,2842.241251,13434.041929,41687,2605.4375,41355,105710,64355,calib_c1 20261008-130316-m7-c1; i>=80 linear extrap,0,0
20261010-055444-d4-sim3,2026-10-10T05:55:13+00:00,conversation,0.02,3655,11.6,local,2HIT+H2,2HIT,H2,deferred,13591.209267,2842.241251,13434.041929,44144,2759.0,41355,105710,64355,calib_c1 20261008-130316-m7-c1; i>=80 linear extrap,0,0
20261010-055444-d4-sim3,2026-10-10T05:55:13+00:00,conversation,0.02,3655,11.6,local,2HIT+NONE,2HIT,NONE,deferred,14588.844653,3839.876637,14501.305496,0,0.0,41355,105710,64355,calib_c1 20261008-130316-m7-c1; i>=80 linear extrap,0,0
20261010-055444-d4-sim3,2026-10-10T05:55:14+00:00,conversation,0.02,3655,11.6,local,SLRU+WT,SLRU,WT,deferred,11609.740974,860.772958,11465.130707,182790,11424.375,24017,105710,264483,calib_c1 20261008-130316-m7-c1; i>=80 linear extrap,0,0
20261010-055444-d4-sim3,2026-10-10T05:55:14+00:00,conversation,0.02,3655,11.6,local,SLRU+WB,SLRU,WB,deferred,11609.740974,860.772958,11465.130707,180556,11284.75,24017,105710,264483,calib_c1 20261008-130316-m7-c1; i>=80 linear extrap,0,0
20261010-055444-d4-sim3,2026-10-10T05:55:14+00:00,conversation,0.02,3655,11.6,local,SLRU+WB2,SLRU,WB2,deferred,13588.322671,2839.354655,13412.843414,41821,2613.8125,24017,105710,264483,calib_c1 20261008-130316-m7-c1; i>=80 linear extrap,0,0
20261010-055444-d4-sim3,2026-10-10T05:55:15+00:00,conversation,0.02,3655,11.6,local,SLRU+H2,SLRU,H2,deferred,13588.322671,2839.354655,13412.843414,44144,2759.0,24017,105710,264483,calib_c1 20261008-130316-m7-c1; i>=80 linear extrap,0,0
20261010-055444-d4-sim3,2026-10-10T05:55:15+00:00,conversation,0.02,3655,11.6,local,SLRU+NONE,SLRU,NONE,deferred,15432.623921,4683.655905,15382.030203,0,0.0,24017,105710,264483,calib_c1 20261008-130316-m7-c1; i>=80 linear extrap,0,0
20261010-055444-d4-sim3,2026-10-10T05:55:15+00:00,conversation,0.02,3655,11.6,local,ARC+WT,ARC,WT,deferred,11602.447505,853.479489,11459.510869,182790,11424.375,26063,105710,262437,calib_c1 20261008-130316-m7-c1; i>=80 linear extrap,0,0
20261010-055444-d4-sim3,2026-10-10T05:55:15+00:00,conversation,0.02,3655,11.6,local,ARC+WB,ARC,WB,deferred,11602.447505,853.479489,11459.510869,180311,11269.4375,26063,105710,262437,calib_c1 20261008-130316-m7-c1; i>=80 linear extrap,0,0
20261010-055444-d4-sim3,2026-10-10T05:55:16+00:00,conversation,0.02,3655,11.6,local,ARC+WB2,ARC,WB2,deferred,13537.580217,2788.612201,13365.987085,43501,2718.8125,26063,105710,262437,calib_c1 20261008-130316-m7-c1; i>=80 linear extrap,0,0
20261010-055444-d4-sim3,2026-10-10T05:55:16+00:00,conversation,0.02,3655,11.6,local,ARC+H2,ARC,H2,deferred,13537.580217,2788.612201,13365.987085,44144,2759.0,26063,105710,262437,calib_c1 20261008-130316-m7-c1; i>=80 linear extrap,0,0
20261010-055444-d4-sim3,2026-10-10T05:55:16+00:00,conversation,0.02,3655,11.6,local,ARC+NONE,ARC,NONE,deferred,15389.542271,4640.574255,15342.731731,0,0.0,26063,105710,262437,calib_c1 20261008-130316-m7-c1; i>=80 linear extrap,0,0
20261010-055444-d4-sim3,2026-10-10T05:55:17+00:00,conversation,0.02,3655,11.6,local,S3FIFO+WT,S3FIFO,WT,deferred,11584.142536,835.174519,11446.945202,182790,11424.375,31198,105710,257302,calib_c1 20261008-130316-m7-c1; i>=80 linear extrap,0,0
20261010-055444-d4-sim3,2026-10-10T05:55:17+00:00,conversation,0.02,3655,11.6,local,S3FIFO+WB,S3FIFO,WB,deferred,11584.142536,835.174519,11446.945202,182257,11391.0625,31198,105710,257302,calib_c1 20261008-130316-m7-c1; i>=80 linear extrap,0,0
20261010-055444-d4-sim3,2026-10-10T05:55:17+00:00,conversation,0.02,3655,11.6,local,S3FIFO+WB2,S3FIFO,WB2,deferred,13602.876147,2853.908131,13433.529864,42175,2635.9375,31198,105710,257302,calib_c1 20261008-130316-m7-c1; i>=80 linear extrap,0,0
20261010-055444-d4-sim3,2026-10-10T05:55:18+00:00,conversation,0.02,3655,11.6,local,S3FIFO+H2,S3FIFO,H2,deferred,13602.876147,2853.908131,13433.529864,44144,2759.0,31198,105710,257302,calib_c1 20261008-130316-m7-c1; i>=80 linear extrap,0,0
20261010-055444-d4-sim3,2026-10-10T05:55:18+00:00,conversation,0.02,3655,11.6,local,S3FIFO+NONE,S3FIFO,NONE,deferred,15077.428107,4328.460091,15001.645631,0,0.0,31198,105710,257302,calib_c1 20261008-130316-m7-c1; i>=80 linear extrap,0,0
20261010-055444-d4-sim3,2026-10-10T05:55:18+00:00,conversation,0.02,3655,11.6,local,WTPa+WBR,WTPa,WBR,wtp_a,11439.01461,690.046594,11339.911949,22704,1419.0,71910,105710,60691,calib_c1 20261008-130316-m7-c1; i>=80 linear extrap,0,0
20261010-055444-d4-sim3,2026-10-10T05:55:19+00:00,conversation,0.02,3655,11.6,local,WTPa+WTR,WTPa,WTR,wtp_a,11439.01461,690.046594,11339.911949,44144,2759.0,71910,105710,60691,calib_c1 20261008-130316-m7-c1; i>=80 linear extrap,0,0
20261010-055444-d4-sim3,2026-10-10T05:55:19+00:00,conversation,0.02,3655,11.6,local,WTPb+WB,WTPb,WB,wtp_b,11494.139837,745.171821,11380.332235,180215,11263.4375,56446,105710,67868,calib_c1 20261008-130316-m7-c1; i>=80 linear extrap,0,0
20261010-055444-d4-sim3,2026-10-10T05:55:19+00:00,conversation,0.02,3655,11.6,local,OPT-BELADY,BELADY,NEED,opt,11372.182758,623.214742,11291.839925,12786,799.125,90658,105710,46519,calib_c1 20261008-130316-m7-c1; i>=80 linear extrap,0,0
20261010-055444-d4-sim3,2026-10-10T05:55:20+00:00,conversation,0.02,3655,11.6,local,OPT-COST,COSTBELADY,NEED,opt,11375.558572,626.590556,11294.671671,13483,842.6875,89711,105710,46896,calib_c1 20261008-130316-m7-c1; i>=80 linear extrap,0,0
20261010-055444-d4-sim3,2026-10-10T05:55:20+00:00,conversation,0.02,3655,11.6,local,KEVa+WBR,KEVa,WBR,kev_a,11439.01461,690.046594,11339.911949,22704,1419.0,71910,105710,216590,calib_c1 20261008-130316-m7-c1; i>=80 linear extrap,0,0
20261010-055444-d4-sim3,2026-10-10T05:55:21+00:00,conversation,0.02,3655,11.6,local,KEVa+WB,KEVa,WB,kev_a,11439.01461,690.046594,11339.911949,179589,11224.3125,71910,105710,216590,calib_c1 20261008-130316-m7-c1; i>=80 linear extrap,0,0
20261010-055444-d4-sim3,2026-10-10T05:55:21+00:00,conversation,0.02,3655,11.6,local,KEVb+WB,KEVb,WB,kev_b,11466.787543,717.819527,11359.929374,179787,11236.6875,64119,105710,224381,calib_c1 20261008-130316-m7-c1; i>=80 linear extrap,0,0
20261010-055444-d4-sim3,2026-10-10T05:55:22+00:00,conversation,0.02,3655,11.6,nfs,LRU+WT,LRU,WT,deferred,15559.0342,4810.066184,15404.33747,2479,154.9375,22703,105710,265797,calib_c1 20261008-130316-m7-c1; i>=80 linear extrap,0,0
20261010-055444-d4-sim3,2026-10-10T05:55:23+00:00,conversation,0.02,3655,11.6,nfs,LRU+WB,LRU,WB,deferred,15559.0342,4810.066184,15404.33747,2415,150.9375,22703,105710,265797,calib_c1 20261008-130316-m7-c1; i>=80 linear extrap,0,0
20261010-055444-d4-sim3,2026-10-10T05:55:23+00:00,conversation,0.02,3655,11.6,nfs,LRU+WB2,LRU,WB2,deferred,15568.794561,4819.826545,15501.6889,416,26.0,22703,105710,265797,calib_c1 20261008-130316-m7-c1; i>=80 linear extrap,0,0
20261010-055444-d4-sim3,2026-10-10T05:55:24+00:00,conversation,0.02,3655,11.6,nfs,LRU+H2,LRU,H2,deferred,15568.794561,4819.826545,15501.6889,475,29.6875,22703,105710,265797,calib_c1 20261008-130316-m7-c1; i>=80 linear extrap,0,0
20261010-055444-d4-sim3,2026-10-10T05:55:24+00:00,conversation,0.02,3655,11.6,nfs,LRU+NONE,LRU,NONE,deferred,15572.356503,4823.388487,15542.628065,0,0.0,22703,105710,265797,calib_c1 20261008-130316-m7-c1; i>=80 linear extrap,0,0
20261010-055444-d4-sim3,2026-10-10T05:55:24+00:00,conversation,0.02,3655,11.6,nfs,2HIT+WT,2HIT,WT,deferred,14577.555457,3828.587441,14387.173707,2479,154.9375,41355,105710,64355,calib_c1 20261008-130316-m7-c1; i>=80 linear extrap,0,0
20261010-055444-d4-sim3,2026-10-10T05:55:25+00:00,conversation,0.02,3655,11.6,nfs,2HIT+WB,2HIT,WB,deferred,14577.555457,3828.587441,14387.173707,2479,154.9375,41355,105710,64355,calib_c1 20261008-130316-m7-c1; i>=80 linear extrap,0,0
20261010-055444-d4-sim3,2026-10-10T05:55:25+00:00,conversation,0.02,3655,11.6,nfs,2HIT+WB2,2HIT,WB2,deferred,14587.371517,3838.403501,14484.16413,377,23.5625,41355,105710,64355,calib_c1 20261008-130316-m7-c1; i>=80 linear extrap,0,0
20261010-055444-d4-sim3,2026-10-10T05:55:25+00:00,conversation,0.02,3655,11.6,nfs,2HIT+H2,2HIT,H2,deferred,14587.371517,3838.403501,14484.16413,475,29.6875,41355,105710,64355,calib_c1 20261008-130316-m7-c1; i>=80 linear extrap,0,0
20261010-055444-d4-sim3,2026-10-10T05:55:26+00:00,conversation,0.02,3655,11.6,nfs,2HIT+NONE,2HIT,NONE,deferred,14588.844653,3839.876637,14501.305496,0,0.0,41355,105710,64355,calib_c1 20261008-130316-m7-c1; i>=80 linear extrap,0,0
20261010-055444-d4-sim3,2026-10-10T05:55:26+00:00,conversation,0.02,3655,11.6,nfs,SLRU+WT,SLRU,WT,deferred,15419.245919,4670.277903,15241.607396,2479,154.9375,24017,105710,264483,calib_c1 20261008-130316-m7-c1; i>=80 linear extrap,0,0
20261010-055444-d4-sim3,2026-10-10T05:55:26+00:00,conversation,0.02,3655,11.6,nfs,SLRU+WB,SLRU,WB,deferred,15419.245919,4670.277903,15241.607396,2427,151.6875,24017,105710,264483,calib_c1 20261008-130316-m7-c1; i>=80 linear extrap,0,0
20261010-055444-d4-sim3,2026-10-10T05:55:27+00:00,conversation,0.02,3655,11.6,nfs,SLRU+WB2,SLRU,WB2,deferred,15429.061979,4680.093963,15341.091037,416,26.0,24017,105710,264483,calib_c1 20261008-130316-m7-c1; i>=80 linear extrap,0,0
20261010-055444-d4-sim3,2026-10-10T05:55:27+00:00,conversation,0.02,3655,11.6,nfs,SLRU+H2,SLRU,H2,deferred,15429.061979,4680.093963,15341.091037,475,29.6875,24017,105710,264483,calib_c1 20261008-130316-m7-c1; i>=80 linear extrap,0,0
20261010-055444-d4-sim3,2026-10-10T05:55:27+00:00,conversation,0.02,3655,11.6,nfs,SLRU+NONE,SLRU,NONE,deferred,15432.623921,4683.655905,15382.030203,0,0.0,24017,105710,264483,calib_c1 20261008-130316-m7-c1; i>=80 linear extrap,0,0
20261010-055444-d4-sim3,2026-10-10T05:55:28+00:00,conversation,0.02,3655,11.6,nfs,ARC+WT,ARC,WT,deferred,15376.219967,4627.251951,15205.489077,2479,154.9375,26063,105710,262437,calib_c1 20261008-130316-m7-c1; i>=80 linear extrap,0,0
20261010-055444-d4-sim3,2026-10-10T05:55:28+00:00,conversation,0.02,3655,11.6,nfs,ARC+WB,ARC,WB,deferred,15376.219967,4627.251951,15205.489077,2415,150.9375,26063,105710,262437,calib_c1 20261008-130316-m7-c1; i>=80 linear extrap,0,0
20261010-055444-d4-sim3,2026-10-10T05:55:28+00:00,conversation,0.02,3655,11.6,nfs,ARC+WB2,ARC,WB2,deferred,15386.036027,4637.068011,15303.924776,416,26.0,26063,105710,262437,calib_c1 20261008-130316-m7-c1; i>=80 linear extrap,0,0
20261010-055444-d4-sim3,2026-10-10T05:55:29+00:00,conversation,0.02,3655,11.6,nfs,ARC+H2,ARC,H2,deferred,15386.036027,4637.068011,15303.924776,475,29.6875,26063,105710,262437,calib_c1 20261008-130316-m7-c1; i>=80 linear extrap,0,0
20261010-055444-d4-sim3,2026-10-10T05:55:29+00:00,conversation,0.02,3655,11.6,nfs,ARC+NONE,ARC,NONE,deferred,15389.542271,4640.574255,15342.731731,0,0.0,26063,105710,262437,calib_c1 20261008-130316-m7-c1; i>=80 linear extrap,0,0
20261010-055444-d4-sim3,2026-10-10T05:55:30+00:00,conversation,0.02,3655,11.6,nfs,S3FIFO+WT,S3FIFO,WT,deferred,15064.787989,4315.819973,14872.822422,2479,154.9375,31198,105710,257302,calib_c1 20261008-130316-m7-c1; i>=80 linear extrap,0,0
20261010-055444-d4-sim3,2026-10-10T05:55:30+00:00,conversation,0.02,3655,11.6,nfs,S3FIFO+WB,S3FIFO,WB,deferred,15064.787989,4315.819973,14872.822422,2462,153.875,31198,105710,257302,calib_c1 20261008-130316-m7-c1; i>=80 linear extrap,0,0
20261010-055444-d4-sim3,2026-10-10T05:55:30+00:00,conversation,0.02,3655,11.6,nfs,S3FIFO+WB2,S3FIFO,WB2,deferred,15074.604049,4325.636033,14970.883042,475,29.6875,31198,105710,257302,calib_c1 20261008-130316-m7-c1; i>=80 linear extrap,0,0
20261010-055444-d4-sim3,2026-10-10T05:55:31+00:00,conversation,0.02,3655,11.6,nfs,S3FIFO+H2,S3FIFO,H2,deferred,15074.604049,4325.636033,14970.883042,475,29.6875,31198,105710,257302,calib_c1 20261008-130316-m7-c1; i>=80 linear extrap,0,0
20261010-055444-d4-sim3,2026-10-10T05:55:31+00:00,conversation,0.02,3655,11.6,nfs,S3FIFO+NONE,S3FIFO,NONE,deferred,15077.428107,4328.460091,15001.645631,0,0.0,31198,105710,257302,calib_c1 20261008-130316-m7-c1; i>=80 linear extrap,0,0
20261010-055444-d4-sim3,2026-10-10T05:55:31+00:00,conversation,0.02,3655,11.6,nfs,WTPa+WBR,WTPa,WBR,wtp_a,13089.73143,2340.763413,13000.358871,134,8.375,71910,105710,60691,calib_c1 20261008-130316-m7-c1; i>=80 linear extrap,0,0
20261010-055444-d4-sim3,2026-10-10T05:55:32+00:00,conversation,0.02,3655,11.6,nfs,WTPa+WTR,WTPa,WTR,wtp_a,13089.73143,2340.763413,13000.358871,475,29.6875,71910,105710,60691,calib_c1 20261008-130316-m7-c1; i>=80 linear extrap,0,0
20261010-055444-d4-sim3,2026-10-10T05:55:32+00:00,conversation,0.02,3655,11.6,nfs,WTPb+WB,WTPb,WB,wtp_b,13854.970561,3106.002545,13740.511068,2479,154.9375,56446,105710,67868,calib_c1 20261008-130316-m7-c1; i>=80 linear extrap,0,0
20261010-055444-d4-sim3,2026-10-10T05:55:32+00:00,conversation,0.02,3655,11.6,nfs,OPT-BELADY,BELADY,NEED,opt,12174.880843,1425.912827,12065.696539,192,12.0,90658,105710,46519,calib_c1 20261008-130316-m7-c1; i>=80 linear extrap,0,0
20261010-055444-d4-sim3,2026-10-10T05:55:33+00:00,conversation,0.02,3655,11.6,nfs,OPT-COST,COSTBELADY,NEED,opt,12021.182665,1272.214649,11898.328734,13,0.8125,88108,105710,47723,calib_c1 20261008-130316-m7-c1; i>=80 linear extrap,0,0
20261010-055444-d4-sim3,2026-10-10T05:55:33+00:00,conversation,0.02,3655,11.6,nfs,KEVa+WBR,KEVa,WBR,kev_a,13089.73143,2340.763413,13000.358871,134,8.375,71910,105710,216590,calib_c1 20261008-130316-m7-c1; i>=80 linear extrap,0,0
20261010-055444-d4-sim3,2026-10-10T05:55:33+00:00,conversation,0.02,3655,11.6,nfs,KEVa+WB,KEVa,WB,kev_a,13089.73143,2340.763413,13000.358871,2368,148.0,71910,105710,216590,calib_c1 20261008-130316-m7-c1; i>=80 linear extrap,0,0
20261010-055444-d4-sim3,2026-10-10T05:55:34+00:00,conversation,0.02,3655,11.6,nfs,KEVb+WB,KEVb,WB,kev_b,13369.169948,2620.201932,13268.502716,2365,147.8125,64119,105710,224381,calib_c1 20261008-130316-m7-c1; i>=80 linear extrap,0,0
20261010-055444-d4-sim3,2026-10-10T05:55:37+00:00,conversation,0.05,9139,3.69,local,LRU+WT,LRU,WT,deferred,11695.355471,946.387455,11525.023209,182790,11424.375,56382,105710,232118,calib_c1 20261008-130316-m7-c1; i>=80 linear extrap,0,0
20261010-055444-d4-sim3,2026-10-10T05:55:37+00:00,conversation,0.05,9139,3.69,local,LRU+WB,LRU,WB,deferred,12018.947299,1269.979283,11724.116791,175860,10991.25,56382,105710,232118,calib_c1 20261008-130316-m7-c1; i>=80 linear extrap,0,0
20261010-055444-d4-sim3,2026-10-10T05:55:38+00:00,conversation,0.05,9139,3.69,local,LRU+WB2,LRU,WB2,deferred,13225.590162,2476.622146,12899.120481,42093,2630.8125,56382,105710,232118,calib_c1 20261008-130316-m7-c1; i>=80 linear extrap,0,0
20261010-055444-d4-sim3,2026-10-10T05:55:38+00:00,conversation,0.05,9139,3.69,local,LRU+H2,LRU,H2,deferred,13020.958755,2271.990739,12773.917615,44144,2759.0,56382,105710,232118,calib_c1 20261008-130316-m7-c1; i>=80 linear extrap,0,0
20261010-055444-d4-sim3,2026-10-10T05:55:38+00:00,conversation,0.05,9139,3.69,local,LRU+NONE,LRU,NONE,deferred,14527.288345,3778.320329,14239.810038,0,0.0,56382,105710,232118,calib_c1 20261008-130316-m7-c1; i>=80 linear extrap,0,0
20261010-055444-d4-sim3,2026-10-10T05:55:38+00:00,conversation,0.05,9139,3.69,local,2HIT+WT,2HIT,WT,deferred,11695.355471,946.387455,11525.023209,182790,11424.375,57978,105710,47732,calib_c1 20261008-130316-m7-c1; i>=80 linear extrap,0,0
20261010-055444-d4-sim3,2026-10-10T05:55:39+00:00,conversation,0.05,9139,3.69,local,2HIT+WB,2HIT,WB,deferred,11695.355471,946.387455,11525.023209,182790,11424.375,57978,105710,47732,calib_c1 20261008-130316-m7-c1; i>=80 linear extrap,0,0
20261010-055444-d4-sim3,2026-10-10T05:55:39+00:00,conversation,0.05,9139,3.69,local,2HIT+WB2,2HIT,WB2,deferred,14180.782323,3431.814307,13794.712056,36196,2262.25,57978,105710,47732,calib_c1 20261008-130316-m7-c1; i>=80 linear extrap,0,0
20261010-055444-d4-sim3,2026-10-10T05:55:40+00:00,conversation,0.05,9139,3.69,local,2HIT+H2,2HIT,H2,deferred,13738.629324,2989.661308,13533.46874,44144,2759.0,57978,105710,47732,calib_c1 20261008-130316-m7-c1; i>=80 linear extrap,0,0
20261010-055444-d4-sim3,2026-10-10T05:55:40+00:00,conversation,0.05,9139,3.69,local,2HIT+NONE,2HIT,NONE,deferred,14409.905947,3660.937931,14024.539696,0,0.0,57978,105710,47732,calib_c1 20261008-130316-m7-c1; i>=80 linear extrap,0,0
20261010-055444-d4-sim3,2026-10-10T05:55:40+00:00,conversation,0.05,9139,3.69,local,SLRU+WT,SLRU,WT,deferred,11695.355471,946.387455,11525.023209,182790,11424.375,36618,105710,251882,calib_c1 20261008-130316-m7-c1; i>=80 linear extrap,0,0
20261010-055444-d4-sim3,2026-10-10T05:55:41+00:00,conversation,0.05,9139,3.69,local,SLRU+WB,SLRU,WB,deferred,11940.838101,1191.870085,11676.432295,176096,11006.0,36618,105710,251882,calib_c1 20261008-130316-m7-c1; i>=80 linear extrap,0,0
20261010-055444-d4-sim3,2026-10-10T05:55:41+00:00,conversation,0.05,9139,3.69,local,SLRU+WB2,SLRU,WB2,deferred,13698.254104,2949.286088,13389.292571,37286,2330.375,36618,105710,251882,calib_c1 20261008-130316-m7-c1; i>=80 linear extrap,0,0
20261010-055444-d4-sim3,2026-10-10T05:55:41+00:00,conversation,0.05,9139,3.69,local,SLRU+H2,SLRU,H2,deferred,13479.561125,2730.593109,13257.294807,44144,2759.0,36618,105710,251882,calib_c1 20261008-130316-m7-c1; i>=80 linear extrap,0,0
20261010-055444-d4-sim3,2026-10-10T05:55:42+00:00,conversation,0.05,9139,3.69,local,SLRU+NONE,SLRU,NONE,deferred,15179.707422,4430.739406,14929.006437,0,0.0,36618,105710,251882,calib_c1 20261008-130316-m7-c1; i>=80 linear extrap,0,0
20261010-055444-d4-sim3,2026-10-10T05:55:42+00:00,conversation,0.05,9139,3.69,local,ARC+WT,ARC,WT,deferred,11695.355471,946.387455,11525.023209,182790,11424.375,60619,105710,227881,calib_c1 20261008-130316-m7-c1; i>=80 linear extrap,0,0
20261010-055444-d4-sim3,2026-10-10T05:55:42+00:00,conversation,0.05,9139,3.69,local,ARC+WB,ARC,WB,deferred,12030.924788,1281.956772,11730.56639,175982,10998.875,60619,105710,227881,calib_c1 20261008-130316-m7-c1; i>=80 linear extrap,0,0
20261010-055444-d4-sim3,2026-10-10T05:55:43+00:00,conversation,0.05,9139,3.69,local,ARC+WB2,ARC,WB2,deferred,13415.617951,2666.649935,13067.374752,42006,2625.375,60619,105710,227881,calib_c1 20261008-130316-m7-c1; i>=80 linear extrap,0,0
20261010-055444-d4-sim3,2026-10-10T05:55:43+00:00,conversation,0.05,9139,3.69,local,ARC+H2,ARC,H2,deferred,13142.635007,2393.666991,12903.340424,44144,2759.0,60619,105710,227881,calib_c1 20261008-130316-m7-c1; i>=80 linear extrap,0,0
20261010-055444-d4-sim3,2026-10-10T05:55:43+00:00,conversation,0.05,9139,3.69,local,ARC+NONE,ARC,NONE,deferred,14330.304498,3581.336482,13993.027193,0,0.0,60619,105710,227881,calib_c1 20261008-130316-m7-c1; i>=80 linear extrap,0,0
20261010-055444-d4-sim3,2026-10-10T05:55:44+00:00,conversation,0.05,9139,3.69,local,S3FIFO+WT,S3FIFO,WT,deferred,11695.355471,946.387455,11525.023209,182790,11424.375,55069,105710,233431,calib_c1 20261008-130316-m7-c1; i>=80 linear extrap,0,0
20261010-055444-d4-sim3,2026-10-10T05:55:44+00:00,conversation,0.05,9139,3.69,local,S3FIFO+WB,S3FIFO,WB,deferred,11899.627554,1150.659537,11652.775078,181693,11355.8125,55069,105710,233431,calib_c1 20261008-130316-m7-c1; i>=80 linear extrap,0,0
20261010-055444-d4-sim3,2026-10-10T05:55:44+00:00,conversation,0.05,9139,3.69,local,S3FIFO+WB2,S3FIFO,WB2,deferred,13892.18688,3143.218864,13529.153158,37243,2327.6875,55069,105710,233431,calib_c1 20261008-130316-m7-c1; i>=80 linear extrap,0,0
20261010-055444-d4-sim3,2026-10-10T05:55:45+00:00,conversation,0.05,9139,3.69,local,S3FIFO+H2,S3FIFO,H2,deferred,13540.368103,2791.400087,13321.398425,44144,2759.0,55069,105710,233431,calib_c1 20261008-130316-m7-c1; i>=80 linear extrap,0,0
20261010-055444-d4-sim3,2026-10-10T05:55:45+00:00,conversation,0.05,9139,3.69,local,S3FIFO+NONE,S3FIFO,NONE,deferred,14462.240549,3713.272532,14091.262021,0,0.0,55069,105710,233431,calib_c1 20261008-130316-m7-c1; i>=80 linear extrap,0,0
20261010-055444-d4-sim3,2026-10-10T05:55:45+00:00,conversation,0.05,9139,3.69,local,WTPa+WBR,WTPa,WBR,wtp_a,12539.449046,1790.48103,12026.610045,0,0.0,105710,105710,44144,calib_c1 20261008-130316-m7-c1; i>=80 linear extrap,0,0
20261010-055444-d4-sim3,2026-10-10T05:55:46+00:00,conversation,0.05,9139,3.69,local,WTPa+WTR,WTPa,WTR,wtp_a,11695.355471,946.387455,11525.023209,44144,2759.0,105710,105710,44144,calib_c1 20261008-130316-m7-c1; i>=80 linear extrap,0,0
20261010-055444-d4-sim3,2026-10-10T05:55:46+00:00,conversation,0.05,9139,3.69,local,WTPb+WB,WTPb,WB,wtp_b,12205.021583,1456.053567,11827.062287,175223,10951.4375,86698,105710,52107,calib_c1 20261008-130316-m7-c1; i>=80 linear extrap,0,0
20261010-055444-d4-sim3,2026-10-10T05:55:46+00:00,conversation,0.05,9139,3.69,local,OPT-BELADY,BELADY,NEED,opt,12539.449046,1790.48103,12026.610045,0,0.0,105710,105710,44144,calib_c1 20261008-130316-m7-c1; i>=80 linear extrap,0,0
20261010-055444-d4-sim3,2026-10-10T05:55:47+00:00,conversation,0.05,9139,3.69,local,OPT-COST,COSTBELADY,NEED,opt,11695.355471,946.387455,11525.023209,44144,2759.0,0,105710,0,calib_c1 20261008-130316-m7-c1; i>=80 linear extrap,0,0
20261010-055444-d4-sim3,2026-10-10T05:55:47+00:00,conversation,0.05,9139,3.69,local,KEVa+WBR,KEVa,WBR,kev_a,12539.449046,1790.48103,12026.610045,0,0.0,105710,105710,182790,calib_c1 20261008-130316-m7-c1; i>=80 linear extrap,0,0
20261010-055444-d4-sim3,2026-10-10T05:55:47+00:00,conversation,0.05,9139,3.69,local,KEVa+WB,KEVa,WB,kev_a,12539.449046,1790.48103,12026.610045,173651,10853.1875,105710,105710,182790,calib_c1 20261008-130316-m7-c1; i>=80 linear extrap,0,0
20261010-055444-d4-sim3,2026-10-10T05:55:47+00:00,conversation,0.05,9139,3.69,local,KEVb+WB,KEVb,WB,kev_b,12348.032802,1599.064786,11913.882836,173995,10874.6875,97493,105710,191007,calib_c1 20261008-130316-m7-c1; i>=80 linear extrap,0,0
20261010-055444-d4-sim3,2026-10-10T05:55:49+00:00,conversation,0.05,9139,3.69,nfs,LRU+WT,LRU,WT,deferred,14520.958373,3771.990357,14173.827527,2479,154.9375,56382,105710,232118,calib_c1 20261008-130316-m7-c1; i>=80 linear extrap,0,0
20261010-055444-d4-sim3,2026-10-10T05:55:49+00:00,conversation,0.05,9139,3.69,nfs,LRU+WB,LRU,WB,deferred,14520.958373,3771.990357,14173.827527,2413,150.8125,56382,105710,232118,calib_c1 20261008-130316-m7-c1; i>=80 linear extrap,0,0
20261010-055444-d4-sim3,2026-10-10T05:55:49+00:00,conversation,0.05,9139,3.69,nfs,LRU+WB2,LRU,WB2,deferred,14525.815209,3776.847193,14222.668672,377,23.5625,56382,105710,232118,calib_c1 20261008-130316-m7-c1; i>=80 linear extrap,0,0
20261010-055444-d4-sim3,2026-10-10T05:55:49+00:00,conversation,0.05,9139,3.69,nfs,LRU+H2,LRU,H2,deferred,14525.815209,3776.847193,14222.668672,475,29.6875,56382,105710,232118,calib_c1 20261008-130316-m7-c1; i>=80 linear extrap,0,0
20261010-055444-d4-sim3,2026-10-10T05:55:50+00:00,conversation,0.05,9139,3.69,nfs,LRU+NONE,LRU,NONE,deferred,14527.288345,3778.320329,14239.810038,0,0.0,56382,105710,232118,calib_c1 20261008-130316-m7-c1; i>=80 linear extrap,0,0
20261010-055444-d4-sim3,2026-10-10T05:55:50+00:00,conversation,0.05,9139,3.69,nfs,2HIT+WT,2HIT,WT,deferred,14398.783648,3649.815632,13916.047548,2479,154.9375,57978,105710,47732,calib_c1 20261008-130316-m7-c1; i>=80 linear extrap,0,0
20261010-055444-d4-sim3,2026-10-10T05:55:50+00:00,conversation,0.05,9139,3.69,nfs,2HIT+WB,2HIT,WB,deferred,14398.783648,3649.815632,13916.047548,2479,154.9375,57978,105710,47732,calib_c1 20261008-130316-m7-c1; i>=80 linear extrap,0,0
20261010-055444-d4-sim3,2026-10-10T05:55:51+00:00,conversation,0.05,9139,3.69,nfs,2HIT+WB2,2HIT,WB2,deferred,14408.599708,3659.631692,14012.662121,356,22.25,57978,105710,47732,calib_c1 20261008-130316-m7-c1; i>=80 linear extrap,0,0
20261010-055444-d4-sim3,2026-10-10T05:55:51+00:00,conversation,0.05,9139,3.69,nfs,2HIT+H2,2HIT,H2,deferred,14408.599708,3659.631692,14012.662121,475,29.6875,57978,105710,47732,calib_c1 20261008-130316-m7-c1; i>=80 linear extrap,0,0
20261010-055444-d4-sim3,2026-10-10T05:55:51+00:00,conversation,0.05,9139,3.69,nfs,2HIT+NONE,2HIT,NONE,deferred,14409.905947,3660.937931,14024.539696,0,0.0,57978,105710,47732,calib_c1 20261008-130316-m7-c1; i>=80 linear extrap,0,0
20261010-055444-d4-sim3,2026-10-10T05:55:52+00:00,conversation,0.05,9139,3.69,nfs,SLRU+WT,SLRU,WT,deferred,15172.051581,4423.083565,14845.798334,2479,154.9375,36618,105710,251882,calib_c1 20261008-130316-m7-c1; i>=80 linear extrap,0,0
20261010-055444-d4-sim3,2026-10-10T05:55:52+00:00,conversation,0.05,9139,3.69,nfs,SLRU+WB,SLRU,WB,deferred,15172.051581,4423.083565,14845.798334,2260,141.25,36618,105710,251882,calib_c1 20261008-130316-m7-c1; i>=80 linear extrap,0,0
20261010-055444-d4-sim3,2026-10-10T05:55:52+00:00,conversation,0.05,9139,3.69,nfs,SLRU+WB2,SLRU,WB2,deferred,15178.187465,4429.219449,14909.741738,249,15.5625,36618,105710,251882,calib_c1 20261008-130316-m7-c1; i>=80 linear extrap,0,0
20261010-055444-d4-sim3,2026-10-10T05:55:52+00:00,conversation,0.05,9139,3.69,nfs,SLRU+H2,SLRU,H2,deferred,15178.187465,4429.219449,14909.741738,475,29.6875,36618,105710,251882,calib_c1 20261008-130316-m7-c1; i>=80 linear extrap,0,0
20261010-055444-d4-sim3,2026-10-10T05:55:53+00:00,conversation,0.05,9139,3.69,nfs,SLRU+NONE,SLRU,NONE,deferred,15179.707422,4430.739406,14929.006437,0,0.0,36618,105710,251882,calib_c1 20261008-130316-m7-c1; i>=80 linear extrap,0,0
20261010-055444-d4-sim3,2026-10-10T05:55:53+00:00,conversation,0.05,9139,3.69,nfs,ARC+WT,ARC,WT,deferred,14323.939278,3574.971262,13927.465912,2479,154.9375,60619,105710,227881,calib_c1 20261008-130316-m7-c1; i>=80 linear extrap,0,0
20261010-055444-d4-sim3,2026-10-10T05:55:53+00:00,conversation,0.05,9139,3.69,nfs,ARC+WB,ARC,WB,deferred,14323.939278,3574.971262,13927.465912,2413,150.8125,60619,105710,227881,calib_c1 20261008-130316-m7-c1; i>=80 linear extrap,0,0
20261010-055444-d4-sim3,2026-10-10T05:55:54+00:00,conversation,0.05,9139,3.69,nfs,ARC+WB2,ARC,WB2,deferred,14328.831361,3579.863345,13975.885827,378,23.625,60619,105710,227881,calib_c1 20261008-130316-m7-c1; i>=80 linear extrap,0,0
20261010-055444-d4-sim3,2026-10-10T05:55:54+00:00,conversation,0.05,9139,3.69,nfs,ARC+H2,ARC,H2,deferred,14328.831361,3579.863345,13975.885827,475,29.6875,60619,105710,227881,calib_c1 20261008-130316-m7-c1; i>=80 linear extrap,0,0
20261010-055444-d4-sim3,2026-10-10T05:55:54+00:00,conversation,0.05,9139,3.69,nfs,ARC+NONE,ARC,NONE,deferred,14330.304498,3581.336482,13993.027193,0,0.0,60619,105710,227881,calib_c1 20261008-130316-m7-c1; i>=80 linear extrap,0,0
20261010-055444-d4-sim3,2026-10-10T05:55:55+00:00,conversation,0.05,9139,3.69,nfs,S3FIFO+WT,S3FIFO,WT,deferred,14454.754564,3705.786548,14017.799271,2479,154.9375,55069,105710,233431,calib_c1 20261008-130316-m7-c1; i>=80 linear extrap,0,0
20261010-055444-d4-sim3,2026-10-10T05:55:55+00:00,conversation,0.05,9139,3.69,nfs,S3FIFO+WB,S3FIFO,WB,deferred,14454.754564,3705.786548,14017.799271,2427,151.6875,55069,105710,233431,calib_c1 20261008-130316-m7-c1; i>=80 linear extrap,0,0
20261010-055444-d4-sim3,2026-10-10T05:55:55+00:00,conversation,0.05,9139,3.69,nfs,S3FIFO+WB2,S3FIFO,WB2,deferred,14460.924282,3711.956266,14079.875123,405,25.3125,55069,105710,233431,calib_c1 20261008-130316-m7-c1; i>=80 linear extrap,0,0
20261010-055444-d4-sim3,2026-10-10T05:55:55+00:00,conversation,0.05,9139,3.69,nfs,S3FIFO+H2,S3FIFO,H2,deferred,14460.924282,3711.956266,14079.875123,475,29.6875,55069,105710,233431,calib_c1 20261008-130316-m7-c1; i>=80 linear extrap,0,0
20261010-055444-d4-sim3,2026-10-10T05:55:56+00:00,conversation,0.05,9139,3.69,nfs,S3FIFO+NONE,S3FIFO,NONE,deferred,14462.240549,3713.272532,14091.262021,0,0.0,55069,105710,233431,calib_c1 20261008-130316-m7-c1; i>=80 linear extrap,0,0
20261010-055444-d4-sim3,2026-10-10T05:55:56+00:00,conversation,0.05,9139,3.69,nfs,WTPa+WBR,WTPa,WBR,wtp_a,12539.449046,1790.48103,12026.610045,0,0.0,105710,105710,44144,calib_c1 20261008-130316-m7-c1; i>=80 linear extrap,0,0
20261010-055444-d4-sim3,2026-10-10T05:55:56+00:00,conversation,0.05,9139,3.69,nfs,WTPa+WTR,WTPa,WTR,wtp_a,12539.449046,1790.48103,12026.610045,475,29.6875,105710,105710,44144,calib_c1 20261008-130316-m7-c1; i>=80 linear extrap,0,0
20261010-055444-d4-sim3,2026-10-10T05:55:57+00:00,conversation,0.05,9139,3.69,nfs,WTPb+WB,WTPb,WB,wtp_b,13315.501901,2566.533885,12845.183919,2368,148.0,86698,105710,52107,calib_c1 20261008-130316-m7-c1; i>=80 linear extrap,0,0
20261010-055444-d4-sim3,2026-10-10T05:55:57+00:00,conversation,0.05,9139,3.69,nfs,OPT-BELADY,BELADY,NEED,opt,12539.449046,1790.48103,12026.610045,0,0.0,105710,105710,44144,calib_c1 20261008-130316-m7-c1; i>=80 linear extrap,0,0
20261010-055444-d4-sim3,2026-10-10T05:55:57+00:00,conversation,0.05,9139,3.69,nfs,OPT-COST,COSTBELADY,NEED,opt,12540.323696,1791.35568,12026.633019,0,0.0,105664,105710,44154,calib_c1 20261008-130316-m7-c1; i>=80 linear extrap,0,0
20261010-055444-d4-sim3,2026-10-10T05:55:57+00:00,conversation,0.05,9139,3.69,nfs,KEVa+WBR,KEVa,WBR,kev_a,12539.449046,1790.48103,12026.610045,0,0.0,105710,105710,182790,calib_c1 20261008-130316-m7-c1; i>=80 linear extrap,0,0
20261010-055444-d4-sim3,2026-10-10T05:55:58+00:00,conversation,0.05,9139,3.69,nfs,KEVa+WB,KEVa,WB,kev_a,12539.449046,1790.48103,12026.610045,2315,144.6875,105710,105710,182790,calib_c1 20261008-130316-m7-c1; i>=80 linear extrap,0,0
20261010-055444-d4-sim3,2026-10-10T05:55:58+00:00,conversation,0.05,9139,3.69,nfs,KEVb+WB,KEVb,WB,kev_b,12802.203451,2053.235435,12319.682728,2316,144.75,97493,105710,191007,calib_c1 20261008-130316-m7-c1; i>=80 linear extrap,0,0
20261010-055444-d4-sim3,2026-10-10T05:55:59+00:00,conversation,0.05,9139,11.6,local,LRU+WT,LRU,WT,deferred,11494.36798,745.399964,11380.331288,182790,11424.375,56382,105710,232118,calib_c1 20261008-130316-m7-c1; i>=80 linear extrap,0,0
20261010-055444-d4-sim3,2026-10-10T05:56:00+00:00,conversation,0.05,9139,11.6,local,LRU+WB,LRU,WB,deferred,11494.36798,745.399964,11380.331288,175860,10991.25,56382,105710,232118,calib_c1 20261008-130316-m7-c1; i>=80 linear extrap,0,0
20261010-055444-d4-sim3,2026-10-10T05:56:00+00:00,conversation,0.05,9139,11.6,local,LRU+WB2,LRU,WB2,deferred,12664.327787,1915.359771,12535.756118,42093,2630.8125,56382,105710,232118,calib_c1 20261008-130316-m7-c1; i>=80 linear extrap,0,0
20261010-055444-d4-sim3,2026-10-10T05:56:00+00:00,conversation,0.05,9139,11.6,local,LRU+H2,LRU,H2,deferred,12664.327787,1915.359771,12535.756118,44144,2759.0,56382,105710,232118,calib_c1 20261008-130316-m7-c1; i>=80 linear extrap,0,0
20261010-055444-d4-sim3,2026-10-10T05:56:00+00:00,conversation,0.05,9139,11.6,local,LRU+NONE,LRU,NONE,deferred,13876.090998,3127.122982,13830.346748,0,0.0,56382,105710,232118,calib_c1 20261008-130316-m7-c1; i>=80 linear extrap,0,0
20261010-055444-d4-sim3,2026-10-10T05:56:01+00:00,conversation,0.05,9139,11.6,local,2HIT+WT,2HIT,WT,deferred,11488.678646,739.71063,11378.354853,182790,11424.375,57978,105710,47732,calib_c1 20261008-130316-m7-c1; i>=80 linear extrap,0,0
20261010-055444-d4-sim3,2026-10-10T05:56:01+00:00,conversation,0.05,9139,11.6,local,2HIT+WB,2HIT,WB,deferred,11488.678646,739.71063,11378.354853,182790,11424.375,57978,105710,47732,calib_c1 20261008-130316-m7-c1; i>=80 linear extrap,0,0
20261010-055444-d4-sim3,2026-10-10T05:56:01+00:00,conversation,0.05,9139,11.6,local,2HIT+WB2,2HIT,WB2,deferred,13531.9525,2782.984483,13393.244813,36196,2262.25,57978,105710,47732,calib_c1 20261008-130316-m7-c1; i>=80 linear extrap,0,0
20261010-055444-d4-sim3,2026-10-10T05:56:02+00:00,conversation,0.05,9139,11.6,local,2HIT+H2,2HIT,H2,deferred,13531.9525,2782.984483,13393.244813,44144,2759.0,57978,105710,47732,calib_c1 20261008-130316-m7-c1; i>=80 linear extrap,0,0
20261010-055444-d4-sim3,2026-10-10T05:56:02+00:00,conversation,0.05,9139,11.6,local,2HIT+NONE,2HIT,NONE,deferred,13740.275217,2991.307201,13611.711421,0,0.0,57978,105710,47732,calib_c1 20261008-130316-m7-c1; i>=80 linear extrap,0,0
20261010-055444-d4-sim3,2026-10-10T05:56:02+00:00,conversation,0.05,9139,11.6,local,SLRU+WT,SLRU,WT,deferred,11564.821614,815.853598,11432.862841,182790,11424.375,36618,105710,251882,calib_c1 20261008-130316-m7-c1; i>=80 linear extrap,0,0
20261010-055444-d4-sim3,2026-10-10T05:56:03+00:00,conversation,0.05,9139,11.6,local,SLRU+WB,SLRU,WB,deferred,11564.821614,815.853598,11432.862841,176096,11006.0,36618,105710,251882,calib_c1 20261008-130316-m7-c1; i>=80 linear extrap,0,0
20261010-055444-d4-sim3,2026-10-10T05:56:03+00:00,conversation,0.05,9139,11.6,local,SLRU+WB2,SLRU,WB2,deferred,13301.308952,2552.340936,13138.483888,37286,2330.375,36618,105710,251882,calib_c1 20261008-130316-m7-c1; i>=80 linear extrap,0,0
20261010-055444-d4-sim3,2026-10-10T05:56:03+00:00,conversation,0.05,9139,11.6,local,SLRU+H2,SLRU,H2,deferred,13301.308952,2552.340936,13138.483888,44144,2759.0,36618,105710,251882,calib_c1 20261008-130316-m7-c1; i>=80 linear extrap,0,0
20261010-055444-d4-sim3,2026-10-10T05:56:04+00:00,conversation,0.05,9139,11.6,local,SLRU+NONE,SLRU,NONE,deferred,14756.779104,4007.811088,14685.565171,0,0.0,36618,105710,251882,calib_c1 20261008-130316-m7-c1; i>=80 linear extrap,0,0
20261010-055444-d4-sim3,2026-10-10T05:56:04+00:00,conversation,0.05,9139,11.6,local,ARC+WT,ARC,WT,deferred,11479.264153,730.296137,11369.970234,182790,11424.375,60619,105710,227881,calib_c1 20261008-130316-m7-c1; i>=80 linear extrap,0,0
20261010-055444-d4-sim3,2026-10-10T05:56:04+00:00,conversation,0.05,9139,11.6,local,ARC+WB,ARC,WB,deferred,11479.264153,730.296137,11369.970234,175982,10998.875,60619,105710,227881,calib_c1 20261008-130316-m7-c1; i>=80 linear extrap,0,0
20261010-055444-d4-sim3,2026-10-10T05:56:04+00:00,conversation,0.05,9139,11.6,local,ARC+WB2,ARC,WB2,deferred,12803.151597,2054.183581,12675.186511,42006,2625.375,60619,105710,227881,calib_c1 20261008-130316-m7-c1; i>=80 linear extrap,0,0
20261010-055444-d4-sim3,2026-10-10T05:56:05+00:00,conversation,0.05,9139,11.6,local,ARC+H2,ARC,H2,deferred,12803.151597,2054.183581,12675.186511,44144,2759.0,60619,105710,227881,calib_c1 20261008-130316-m7-c1; i>=80 linear extrap,0,0
20261010-055444-d4-sim3,2026-10-10T05:56:05+00:00,conversation,0.05,9139,11.6,local,ARC+NONE,ARC,NONE,deferred,13630.170909,2881.202893,13555.444854,0,0.0,60619,105710,227881,calib_c1 20261008-130316-m7-c1; i>=80 linear extrap,0,0
20261010-055444-d4-sim3,2026-10-10T05:56:05+00:00,conversation,0.05,9139,11.6,local,S3FIFO+WT,S3FIFO,WT,deferred,11499.048492,750.080475,11385.606497,182790,11424.375,55069,105710,233431,calib_c1 20261008-130316-m7-c1; i>=80 linear extrap,0,0
20261010-055444-d4-sim3,2026-10-10T05:56:06+00:00,conversation,0.05,9139,11.6,local,S3FIFO+WB,S3FIFO,WB,deferred,11499.048492,750.080475,11385.606497,181693,11355.8125,55069,105710,233431,calib_c1 20261008-130316-m7-c1; i>=80 linear extrap,0,0
20261010-055444-d4-sim3,2026-10-10T05:56:06+00:00,conversation,0.05,9139,11.6,local,S3FIFO+WB2,S3FIFO,WB2,deferred,13312.831817,2563.863801,13167.96311,37243,2327.6875,55069,105710,233431,calib_c1 20261008-130316-m7-c1; i>=80 linear extrap,0,0
20261010-055444-d4-sim3,2026-10-10T05:56:06+00:00,conversation,0.05,9139,11.6,local,S3FIFO+H2,S3FIFO,H2,deferred,13312.831817,2563.863801,13167.96311,44144,2759.0,55069,105710,233431,calib_c1 20261008-130316-m7-c1; i>=80 linear extrap,0,0
20261010-055444-d4-sim3,2026-10-10T05:56:07+00:00,conversation,0.05,9139,11.6,local,S3FIFO+NONE,S3FIFO,NONE,deferred,13826.208008,3077.239992,13708.081945,0,0.0,55069,105710,233431,calib_c1 20261008-130316-m7-c1; i>=80 linear extrap,0,0
20261010-055444-d4-sim3,2026-10-10T05:56:07+00:00,conversation,0.05,9139,11.6,local,WTPa+WBR,WTPa,WBR,wtp_a,11318.526206,569.55819,11252.359085,0,0.0,105710,105710,44144,calib_c1 20261008-130316-m7-c1; i>=80 linear extrap,0,0
20261010-055444-d4-sim3,2026-10-10T05:56:07+00:00,conversation,0.05,9139,11.6,local,WTPa+WTR,WTPa,WTR,wtp_a,11318.526206,569.55819,11252.359085,44144,2759.0,105710,105710,44144,calib_c1 20261008-130316-m7-c1; i>=80 linear extrap,0,0
20261010-055444-d4-sim3,2026-10-10T05:56:07+00:00,conversation,0.05,9139,11.6,local,WTPb+WB,WTPb,WB,wtp_b,11386.299151,637.331134,11302.098736,175223,10951.4375,86698,105710,52107,calib_c1 20261008-130316-m7-c1; i>=80 linear extrap,0,0
20261010-055444-d4-sim3,2026-10-10T05:56:08+00:00,conversation,0.05,9139,11.6,local,OPT-BELADY,BELADY,NEED,opt,11318.526206,569.55819,11252.359085,0,0.0,105710,105710,44144,calib_c1 20261008-130316-m7-c1; i>=80 linear extrap,0,0
20261010-055444-d4-sim3,2026-10-10T05:56:08+00:00,conversation,0.05,9139,11.6,local,OPT-COST,COSTBELADY,NEED,opt,11318.690184,569.722168,11252.494701,46,2.875,105664,105710,44154,calib_c1 20261008-130316-m7-c1; i>=80 linear extrap,0,0
20261010-055444-d4-sim3,2026-10-10T05:56:08+00:00,conversation,0.05,9139,11.6,local,KEVa+WBR,KEVa,WBR,kev_a,11318.526206,569.55819,11252.359085,0,0.0,105710,105710,182790,calib_c1 20261008-130316-m7-c1; i>=80 linear extrap,0,0
20261010-055444-d4-sim3,2026-10-10T05:56:09+00:00,conversation,0.05,9139,11.6,local,KEVa+WB,KEVa,WB,kev_a,11318.526206,569.55819,11252.359085,173651,10853.1875,105710,105710,182790,calib_c1 20261008-130316-m7-c1; i>=80 linear extrap,0,0
20261010-055444-d4-sim3,2026-10-10T05:56:09+00:00,conversation,0.05,9139,11.6,local,KEVb+WB,KEVb,WB,kev_b,11347.817721,598.849705,11273.937361,173995,10874.6875,97493,105710,191007,calib_c1 20261008-130316-m7-c1; i>=80 linear extrap,0,0
20261010-055444-d4-sim3,2026-10-10T05:56:10+00:00,conversation,0.05,9139,11.6,nfs,LRU+WT,LRU,WT,deferred,13869.761025,3120.793009,13764.364237,2479,154.9375,56382,105710,232118,calib_c1 20261008-130316-m7-c1; i>=80 linear extrap,0,0
20261010-055444-d4-sim3,2026-10-10T05:56:10+00:00,conversation,0.05,9139,11.6,nfs,LRU+WB,LRU,WB,deferred,13869.761025,3120.793009,13764.364237,2413,150.8125,56382,105710,232118,calib_c1 20261008-130316-m7-c1; i>=80 linear extrap,0,0
20261010-055444-d4-sim3,2026-10-10T05:56:11+00:00,conversation,0.05,9139,11.6,nfs,LRU+WB2,LRU,WB2,deferred,13874.617862,3125.649846,13813.205382,377,23.5625,56382,105710,232118,calib_c1 20261008-130316-m7-c1; i>=80 linear extrap,0,0
20261010-055444-d4-sim3,2026-10-10T05:56:11+00:00,conversation,0.05,9139,11.6,nfs,LRU+H2,LRU,H2,deferred,13874.617862,3125.649846,13813.205382,475,29.6875,56382,105710,232118,calib_c1 20261008-130316-m7-c1; i>=80 linear extrap,0,0
20261010-055444-d4-sim3,2026-10-10T05:56:11+00:00,conversation,0.05,9139,11.6,nfs,LRU+NONE,LRU,NONE,deferred,13876.090998,3127.122982,13830.346748,0,0.0,56382,105710,232118,calib_c1 20261008-130316-m7-c1; i>=80 linear extrap,0,0
20261010-055444-d4-sim3,2026-10-10T05:56:12+00:00,conversation,0.05,9139,11.6,nfs,2HIT+WT,2HIT,WT,deferred,13729.152919,2980.184903,13503.539674,2479,154.9375,57978,105710,47732,calib_c1 20261008-130316-m7-c1; i>=80 linear extrap,0,0
20261010-055444-d4-sim3,2026-10-10T05:56:12+00:00,conversation,0.05,9139,11.6,nfs,2HIT+WB,2HIT,WB,deferred,13729.152919,2980.184903,13503.539674,2479,154.9375,57978,105710,47732,calib_c1 20261008-130316-m7-c1; i>=80 linear extrap,0,0
20261010-055444-d4-sim3,2026-10-10T05:56:12+00:00,conversation,0.05,9139,11.6,nfs,2HIT+WB2,2HIT,WB2,deferred,13738.968978,2990.000962,13599.833847,356,22.25,57978,105710,47732,calib_c1 20261008-130316-m7-c1; i>=80 linear extrap,0,0
20261010-055444-d4-sim3,2026-10-10T05:56:13+00:00,conversation,0.05,9139,11.6,nfs,2HIT+H2,2HIT,H2,deferred,13738.968978,2990.000962,13599.833847,475,29.6875,57978,105710,47732,calib_c1 20261008-130316-m7-c1; i>=80 linear extrap,0,0
20261010-055444-d4-sim3,2026-10-10T05:56:13+00:00,conversation,0.05,9139,11.6,nfs,2HIT+NONE,2HIT,NONE,deferred,13740.275217,2991.307201,13611.711421,0,0.0,57978,105710,47732,calib_c1 20261008-130316-m7-c1; i>=80 linear extrap,0,0
20261010-055444-d4-sim3,2026-10-10T05:56:13+00:00,conversation,0.05,9139,11.6,nfs,SLRU+WT,SLRU,WT,deferred,14749.123262,4000.155246,14602.397319,2479,154.9375,36618,105710,251882,calib_c1 20261008-130316-m7-c1; i>=80 linear extrap,0,0
20261010-055444-d4-sim3,2026-10-10T05:56:13+00:00,conversation,0.05,9139,11.6,nfs,SLRU+WB,SLRU,WB,deferred,14749.123262,4000.155246,14602.397319,2260,141.25,36618,105710,251882,calib_c1 20261008-130316-m7-c1; i>=80 linear extrap,0,0
20261010-055444-d4-sim3,2026-10-10T05:56:14+00:00,conversation,0.05,9139,11.6,nfs,SLRU+WB2,SLRU,WB2,deferred,14755.259147,4006.291131,14666.300472,249,15.5625,36618,105710,251882,calib_c1 20261008-130316-m7-c1; i>=80 linear extrap,0,0
20261010-055444-d4-sim3,2026-10-10T05:56:14+00:00,conversation,0.05,9139,11.6,nfs,SLRU+H2,SLRU,H2,deferred,14755.259147,4006.291131,14666.300472,475,29.6875,36618,105710,251882,calib_c1 20261008-130316-m7-c1; i>=80 linear extrap,0,0
20261010-055444-d4-sim3,2026-10-10T05:56:14+00:00,conversation,0.05,9139,11.6,nfs,SLRU+NONE,SLRU,NONE,deferred,14756.779104,4007.811088,14685.565171,0,0.0,36618,105710,251882,calib_c1 20261008-130316-m7-c1; i>=80 linear extrap,0,0
20261010-055444-d4-sim3,2026-10-10T05:56:15+00:00,conversation,0.05,9139,11.6,nfs,ARC+WT,ARC,WT,deferred,13623.80569,2874.837674,13489.953859,2479,154.9375,60619,105710,227881,calib_c1 20261008-130316-m7-c1; i>=80 linear extrap,0,0
20261010-055444-d4-sim3,2026-10-10T05:56:15+00:00,conversation,0.05,9139,11.6,nfs,ARC+WB,ARC,WB,deferred,13623.80569,2874.837674,13489.953859,2413,150.8125,60619,105710,227881,calib_c1 20261008-130316-m7-c1; i>=80 linear extrap,0,0
20261010-055444-d4-sim3,2026-10-10T05:56:15+00:00,conversation,0.05,9139,11.6,nfs,ARC+WB2,ARC,WB2,deferred,13628.697773,2879.729757,13538.303488,378,23.625,60619,105710,227881,calib_c1 20261008-130316-m7-c1; i>=80 linear extrap,0,0
20261010-055444-d4-sim3,2026-10-10T05:56:16+00:00,conversation,0.05,9139,11.6,nfs,ARC+H2,ARC,H2,deferred,13628.697773,2879.729757,13538.303488,475,29.6875,60619,105710,227881,calib_c1 20261008-130316-m7-c1; i>=80 linear extrap,0,0
20261010-055444-d4-sim3,2026-10-10T05:56:16+00:00,conversation,0.05,9139,11.6,nfs,ARC+NONE,ARC,NONE,deferred,13630.170909,2881.202893,13555.444854,0,0.0,60619,105710,227881,calib_c1 20261008-130316-m7-c1; i>=80 linear extrap,0,0
20261010-055444-d4-sim3,2026-10-10T05:56:16+00:00,conversation,0.05,9139,11.6,nfs,S3FIFO+WT,S3FIFO,WT,deferred,13818.722023,3069.754007,13634.995554,2479,154.9375,55069,105710,233431,calib_c1 20261008-130316-m7-c1; i>=80 linear extrap,0,0
20261010-055444-d4-sim3,2026-10-10T05:56:16+00:00,conversation,0.05,9139,11.6,nfs,S3FIFO+WB,S3FIFO,WB,deferred,13818.722023,3069.754007,13634.995554,2427,151.6875,55069,105710,233431,calib_c1 20261008-130316-m7-c1; i>=80 linear extrap,0,0
20261010-055444-d4-sim3,2026-10-10T05:56:17+00:00,conversation,0.05,9139,11.6,nfs,S3FIFO+WB2,S3FIFO,WB2,deferred,13824.891741,3075.923725,13696.729726,405,25.3125,55069,105710,233431,calib_c1 20261008-130316-m7-c1; i>=80 linear extrap,0,0
20261010-055444-d4-sim3,2026-10-10T05:56:17+00:00,conversation,0.05,9139,11.6,nfs,S3FIFO+H2,S3FIFO,H2,deferred,13824.891741,3075.923725,13696.729726,475,29.6875,55069,105710,233431,calib_c1 20261008-130316-m7-c1; i>=80 linear extrap,0,0
20261010-055444-d4-sim3,2026-10-10T05:56:17+00:00,conversation,0.05,9139,11.6,nfs,S3FIFO+NONE,S3FIFO,NONE,deferred,13826.208008,3077.239992,13708.081945,0,0.0,55069,105710,233431,calib_c1 20261008-130316-m7-c1; i>=80 linear extrap,0,0
20261010-055444-d4-sim3,2026-10-10T05:56:18+00:00,conversation,0.05,9139,11.6,nfs,WTPa+WBR,WTPa,WBR,wtp_a,11318.526206,569.55819,11252.359085,0,0.0,105710,105710,44144,calib_c1 20261008-130316-m7-c1; i>=80 linear extrap,0,0
20261010-055444-d4-sim3,2026-10-10T05:56:18+00:00,conversation,0.05,9139,11.6,nfs,WTPa+WTR,WTPa,WTR,wtp_a,11318.526206,569.55819,11252.359085,475,29.6875,105710,105710,44144,calib_c1 20261008-130316-m7-c1; i>=80 linear extrap,0,0
20261010-055444-d4-sim3,2026-10-10T05:56:18+00:00,conversation,0.05,9139,11.6,nfs,WTPb+WB,WTPb,WB,wtp_b,12314.162686,1565.19467,12213.822625,2368,148.0,86698,105710,52107,calib_c1 20261008-130316-m7-c1; i>=80 linear extrap,0,0
20261010-055444-d4-sim3,2026-10-10T05:56:19+00:00,conversation,0.05,9139,11.6,nfs,OPT-BELADY,BELADY,NEED,opt,11318.526206,569.55819,11252.359085,0,0.0,105710,105710,44144,calib_c1 20261008-130316-m7-c1; i>=80 linear extrap,0,0
20261010-055444-d4-sim3,2026-10-10T05:56:19+00:00,conversation,0.05,9139,11.6,nfs,OPT-COST,COSTBELADY,NEED,opt,11320.00369,571.035674,11252.533361,0,0.0,105665,105710,44154,calib_c1 20261008-130316-m7-c1; i>=80 linear extrap,0,0
20261010-055444-d4-sim3,2026-10-10T05:56:19+00:00,conversation,0.05,9139,11.6,nfs,KEVa+WBR,KEVa,WBR,kev_a,11318.526206,569.55819,11252.359085,0,0.0,105710,105710,182790,calib_c1 20261008-130316-m7-c1; i>=80 linear extrap,0,0
20261010-055444-d4-sim3,2026-10-10T05:56:19+00:00,conversation,0.05,9139,11.6,nfs,KEVa+WB,KEVa,WB,kev_a,11318.526206,569.55819,11252.359085,2315,144.6875,105710,105710,182790,calib_c1 20261008-130316-m7-c1; i>=80 linear extrap,0,0
20261010-055444-d4-sim3,2026-10-10T05:56:20+00:00,conversation,0.05,9139,11.6,nfs,KEVb+WB,KEVb,WB,kev_b,11676.18481,927.216794,11608.199959,2316,144.75,97493,105710,191007,calib_c1 20261008-130316-m7-c1; i>=80 linear extrap,0,0
20261010-055444-d4-sim3,2026-10-10T05:56:21+00:00,synthetic,0.02,878,3.69,local,LRU+WT,LRU,WT,deferred,3150.307037,697.888008,3013.309437,43924,2745.25,9241,77953,112636,calib_c1 20261008-130316-m7-c1; i>=80 linear extrap,0,0
20261010-055444-d4-sim3,2026-10-10T05:56:21+00:00,synthetic,0.02,878,3.69,local,LRU+WB,LRU,WB,deferred,3155.361537,702.942508,3016.170662,43888,2743.0,9241,77953,112636,calib_c1 20261008-130316-m7-c1; i>=80 linear extrap,0,0
20261010-055444-d4-sim3,2026-10-10T05:56:22+00:00,synthetic,0.02,878,3.69,local,LRU+WB2,LRU,WB2,deferred,4068.974611,1616.555582,3951.554578,18244,1140.25,9241,77953,112636,calib_c1 20261008-130316-m7-c1; i>=80 linear extrap,0,0
20261010-055444-d4-sim3,2026-10-10T05:56:22+00:00,synthetic,0.02,878,3.69,local,LRU+H2,LRU,H2,deferred,4063.848245,1611.429216,3948.635178,18251,1140.6875,9241,77953,112636,calib_c1 20261008-130316-m7-c1; i>=80 linear extrap,0,0
20261010-055444-d4-sim3,2026-10-10T05:56:22+00:00,synthetic,0.02,878,3.69,local,LRU+NONE,LRU,NONE,deferred,6981.592043,4529.173014,6932.68353,0,0.0,9241,77953,112636,calib_c1 20261008-130316-m7-c1; i>=80 linear extrap,0,0
20261010-055444-d4-sim3,2026-10-10T05:56:22+00:00,synthetic,0.02,878,3.69,local,2HIT+WT,2HIT,WT,deferred,3150.307037,697.888008,3013.309437,43924,2745.25,9623,77953,68330,calib_c1 20261008-130316-m7-c1; i>=80 linear extrap,0,0
20261010-055444-d4-sim3,2026-10-10T05:56:22+00:00,synthetic,0.02,878,3.69,local,2HIT+WB,2HIT,WB,deferred,3150.307037,697.888008,3013.309437,43924,2745.25,9623,77953,68330,calib_c1 20261008-130316-m7-c1; i>=80 linear extrap,0,0
20261010-055444-d4-sim3,2026-10-10T05:56:22+00:00,synthetic,0.02,878,3.69,local,2HIT+WB2,2HIT,WB2,deferred,4092.198735,1639.779706,3975.589888,18244,1140.25,9623,77953,68330,calib_c1 20261008-130316-m7-c1; i>=80 linear extrap,0,0
20261010-055444-d4-sim3,2026-10-10T05:56:22+00:00,synthetic,0.02,878,3.69,local,2HIT+H2,2HIT,H2,deferred,4082.808384,1630.389355,3970.279998,18251,1140.6875,9623,77953,68330,calib_c1 20261008-130316-m7-c1; i>=80 linear extrap,0,0
20261010-055444-d4-sim3,2026-10-10T05:56:22+00:00,synthetic,0.02,878,3.69,local,2HIT+NONE,2HIT,NONE,deferred,6964.281113,4511.862084,6912.878896,0,0.0,9623,77953,68330,calib_c1 20261008-130316-m7-c1; i>=80 linear extrap,0,0
20261010-055444-d4-sim3,2026-10-10T05:56:22+00:00,synthetic,0.02,878,3.69,local,SLRU+WT,SLRU,WT,deferred,3150.307037,697.888008,3013.309437,43924,2745.25,6083,77953,115794,calib_c1 20261008-130316-m7-c1; i>=80 linear extrap,0,0
20261010-055444-d4-sim3,2026-10-10T05:56:22+00:00,synthetic,0.02,878,3.69,local,SLRU+WB,SLRU,WB,deferred,3160.312232,707.893203,3018.633457,43885,2742.8125,6083,77953,115794,calib_c1 20261008-130316-m7-c1; i>=80 linear extrap,0,0
20261010-055444-d4-sim3,2026-10-10T05:56:22+00:00,synthetic,0.02,878,3.69,local,SLRU+WB2,SLRU,WB2,deferred,4092.185131,1639.766102,3971.303492,18209,1138.0625,6083,77953,115794,calib_c1 20261008-130316-m7-c1; i>=80 linear extrap,0,0
20261010-055444-d4-sim3,2026-10-10T05:56:22+00:00,synthetic,0.02,878,3.69,local,SLRU+H2,SLRU,H2,deferred,4076.470665,1624.051636,3962.780587,18251,1140.6875,6083,77953,115794,calib_c1 20261008-130316-m7-c1; i>=80 linear extrap,0,0
20261010-055444-d4-sim3,2026-10-10T05:56:22+00:00,synthetic,0.02,878,3.69,local,SLRU+NONE,SLRU,NONE,deferred,7137.973889,4685.554859,7103.899684,0,0.0,6083,77953,115794,calib_c1 20261008-130316-m7-c1; i>=80 linear extrap,0,0
20261010-055444-d4-sim3,2026-10-10T05:56:22+00:00,synthetic,0.02,878,3.69,local,ARC+WT,ARC,WT,deferred,3150.307037,697.888008,3013.309437,43924,2745.25,9928,77953,111949,calib_c1 20261008-130316-m7-c1; i>=80 linear extrap,0,0
20261010-055444-d4-sim3,2026-10-10T05:56:22+00:00,synthetic,0.02,878,3.69,local,ARC+WB,ARC,WB,deferred,3156.263841,703.844812,3016.634562,43917,2744.8125,9928,77953,111949,calib_c1 20261008-130316-m7-c1; i>=80 linear extrap,0,0
20261010-055444-d4-sim3,2026-10-10T05:56:22+00:00,synthetic,0.02,878,3.69,local,ARC+WB2,ARC,WB2,deferred,4083.120951,1630.701922,3965.442462,18250,1140.625,9928,77953,111949,calib_c1 20261008-130316-m7-c1; i>=80 linear extrap,0,0
20261010-055444-d4-sim3,2026-10-10T05:56:22+00:00,synthetic,0.02,878,3.69,local,ARC+H2,ARC,H2,deferred,4074.03403,1621.615001,3960.243216,18251,1140.6875,9928,77953,111949,calib_c1 20261008-130316-m7-c1; i>=80 linear extrap,0,0
20261010-055444-d4-sim3,2026-10-10T05:56:23+00:00,synthetic,0.02,878,3.69,local,ARC+NONE,ARC,NONE,deferred,6950.656025,4498.236996,6893.53639,0,0.0,9928,77953,111949,calib_c1 20261008-130316-m7-c1; i>=80 linear extrap,0,0
20261010-055444-d4-sim3,2026-10-10T05:56:23+00:00,synthetic,0.02,878,3.69,local,S3FIFO+WT,S3FIFO,WT,deferred,3150.307037,697.888008,3013.309437,43924,2745.25,9943,77953,111934,calib_c1 20261008-130316-m7-c1; i>=80 linear extrap,0,0
20261010-055444-d4-sim3,2026-10-10T05:56:23+00:00,synthetic,0.02,878,3.69,local,S3FIFO+WB,S3FIFO,WB,deferred,3156.910626,704.491597,3016.872941,43909,2744.3125,9943,77953,111934,calib_c1 20261008-130316-m7-c1; i>=80 linear extrap,0,0
20261010-055444-d4-sim3,2026-10-10T05:56:23+00:00,synthetic,0.02,878,3.69,local,S3FIFO+WB2,S3FIFO,WB2,deferred,4091.684277,1639.265248,3971.988519,18251,1140.6875,9943,77953,111934,calib_c1 20261008-130316-m7-c1; i>=80 linear extrap,0,0
20261010-055444-d4-sim3,2026-10-10T05:56:23+00:00,synthetic,0.02,878,3.69,local,S3FIFO+H2,S3FIFO,H2,deferred,4077.255396,1624.836366,3963.800834,18251,1140.6875,9943,77953,111934,calib_c1 20261008-130316-m7-c1; i>=80 linear extrap,0,0
20261010-055444-d4-sim3,2026-10-10T05:56:23+00:00,synthetic,0.02,878,3.69,local,S3FIFO+NONE,S3FIFO,NONE,deferred,6963.281571,4510.862542,6901.321823,0,0.0,9943,77953,111934,calib_c1 20261008-130316-m7-c1; i>=80 linear extrap,0,0
20261010-055444-d4-sim3,2026-10-10T05:56:23+00:00,synthetic,0.02,878,3.69,local,WTPa+WBR,WTPa,WBR,wtp_a,3159.441868,707.022839,3018.553176,18105,1131.5625,13362,77953,68175,calib_c1 20261008-130316-m7-c1; i>=80 linear extrap,0,0
20261010-055444-d4-sim3,2026-10-10T05:56:23+00:00,synthetic,0.02,878,3.69,local,WTPa+WTR,WTPa,WTR,wtp_a,3150.307037,697.888008,3013.309437,18251,1140.6875,13362,77953,68175,calib_c1 20261008-130316-m7-c1; i>=80 linear extrap,0,0
20261010-055444-d4-sim3,2026-10-10T05:56:23+00:00,synthetic,0.02,878,3.69,local,WTPb+WB,WTPb,WB,wtp_b,3157.68517,705.266141,3017.471953,43892,2743.25,11967,77953,47758,calib_c1 20261008-130316-m7-c1; i>=80 linear extrap,0,0
20261010-055444-d4-sim3,2026-10-10T05:56:23+00:00,synthetic,0.02,878,3.69,local,OPT-BELADY,BELADY,NEED,opt,3404.557188,952.138159,3158.132538,16882,1055.125,31841,77953,31622,calib_c1 20261008-130316-m7-c1; i>=80 linear extrap,0,0
20261010-055444-d4-sim3,2026-10-10T05:56:23+00:00,synthetic,0.02,878,3.69,local,OPT-COST,COSTBELADY,NEED,opt,3150.307037,697.888008,3013.309437,18251,1140.6875,0,77953,0,calib_c1 20261008-130316-m7-c1; i>=80 linear extrap,0,0
20261010-055444-d4-sim3,2026-10-10T05:56:23+00:00,synthetic,0.02,878,3.69,local,KEVa+WBR,KEVa,WBR,kev_a,3159.441868,707.022839,3018.553176,18105,1131.5625,13362,77953,108515,calib_c1 20261008-130316-m7-c1; i>=80 linear extrap,0,0
20261010-055444-d4-sim3,2026-10-10T05:56:23+00:00,synthetic,0.02,878,3.69,local,KEVa+WB,KEVa,WB,kev_a,3159.441868,707.022839,3018.553176,43879,2742.4375,13362,77953,108515,calib_c1 20261008-130316-m7-c1; i>=80 linear extrap,0,0
20261010-055444-d4-sim3,2026-10-10T05:56:23+00:00,synthetic,0.02,878,3.69,local,KEVb+WB,KEVb,WB,kev_b,3157.916735,705.497706,3017.603794,43843,2740.1875,13415,77953,108462,calib_c1 20261008-130316-m7-c1; i>=80 linear extrap,0,0
20261010-055444-d4-sim3,2026-10-10T05:56:24+00:00,synthetic,0.02,878,3.69,nfs,LRU+WT,LRU,WT,deferred,6850.410764,4397.991735,6581.298338,352,22.0,9241,77953,112636,calib_c1 20261008-130316-m7-c1; i>=80 linear extrap,0,0
20261010-055444-d4-sim3,2026-10-10T05:56:24+00:00,synthetic,0.02,878,3.69,nfs,LRU+WB,LRU,WB,deferred,6850.410764,4397.991735,6581.298338,352,22.0,9241,77953,112636,calib_c1 20261008-130316-m7-c1; i>=80 linear extrap,0,0
20261010-055444-d4-sim3,2026-10-10T05:56:24+00:00,synthetic,0.02,878,3.69,nfs,LRU+WB2,LRU,WB2,deferred,6866.808424,4414.389395,6625.221487,192,12.0,9241,77953,112636,calib_c1 20261008-130316-m7-c1; i>=80 linear extrap,0,0
20261010-055444-d4-sim3,2026-10-10T05:56:24+00:00,synthetic,0.02,878,3.69,nfs,LRU+H2,LRU,H2,deferred,6866.808424,4414.389395,6625.221487,192,12.0,9241,77953,112636,calib_c1 20261008-130316-m7-c1; i>=80 linear extrap,0,0
20261010-055444-d4-sim3,2026-10-10T05:56:25+00:00,synthetic,0.02,878,3.69,nfs,LRU+NONE,LRU,NONE,deferred,6981.592043,4529.173014,6932.68353,0,0.0,9241,77953,112636,calib_c1 20261008-130316-m7-c1; i>=80 linear extrap,0,0
20261010-055444-d4-sim3,2026-10-10T05:56:25+00:00,synthetic,0.02,878,3.69,nfs,2HIT+WT,2HIT,WT,deferred,6833.099834,4380.680805,6561.493704,352,22.0,9623,77953,68330,calib_c1 20261008-130316-m7-c1; i>=80 linear extrap,0,0
20261010-055444-d4-sim3,2026-10-10T05:56:25+00:00,synthetic,0.02,878,3.69,nfs,2HIT+WB,2HIT,WB,deferred,6833.099834,4380.680805,6561.493704,352,22.0,9623,77953,68330,calib_c1 20261008-130316-m7-c1; i>=80 linear extrap,0,0
20261010-055444-d4-sim3,2026-10-10T05:56:25+00:00,synthetic,0.02,878,3.69,nfs,2HIT+WB2,2HIT,WB2,deferred,6849.497494,4397.078465,6605.416853,192,12.0,9623,77953,68330,calib_c1 20261008-130316-m7-c1; i>=80 linear extrap,0,0
20261010-055444-d4-sim3,2026-10-10T05:56:25+00:00,synthetic,0.02,878,3.69,nfs,2HIT+H2,2HIT,H2,deferred,6849.497494,4397.078465,6605.416853,192,12.0,9623,77953,68330,calib_c1 20261008-130316-m7-c1; i>=80 linear extrap,0,0
20261010-055444-d4-sim3,2026-10-10T05:56:25+00:00,synthetic,0.02,878,3.69,nfs,2HIT+NONE,2HIT,NONE,deferred,6964.281113,4511.862084,6912.878896,0,0.0,9623,77953,68330,calib_c1 20261008-130316-m7-c1; i>=80 linear extrap,0,0
20261010-055444-d4-sim3,2026-10-10T05:56:25+00:00,synthetic,0.02,878,3.69,nfs,SLRU+WT,SLRU,WT,deferred,7006.79261,4554.37358,6752.514492,352,22.0,6083,77953,115794,calib_c1 20261008-130316-m7-c1; i>=80 linear extrap,0,0
20261010-055444-d4-sim3,2026-10-10T05:56:25+00:00,synthetic,0.02,878,3.69,nfs,SLRU+WB,SLRU,WB,deferred,7006.79261,4554.37358,6752.514492,352,22.0,6083,77953,115794,calib_c1 20261008-130316-m7-c1; i>=80 linear extrap,0,0
20261010-055444-d4-sim3,2026-10-10T05:56:25+00:00,synthetic,0.02,878,3.69,nfs,SLRU+WB2,SLRU,WB2,deferred,7023.190269,4570.77124,6796.437641,192,12.0,6083,77953,115794,calib_c1 20261008-130316-m7-c1; i>=80 linear extrap,0,0
20261010-055444-d4-sim3,2026-10-10T05:56:25+00:00,synthetic,0.02,878,3.69,nfs,SLRU+H2,SLRU,H2,deferred,7023.190269,4570.77124,6796.437641,192,12.0,6083,77953,115794,calib_c1 20261008-130316-m7-c1; i>=80 linear extrap,0,0
20261010-055444-d4-sim3,2026-10-10T05:56:25+00:00,synthetic,0.02,878,3.69,nfs,SLRU+NONE,SLRU,NONE,deferred,7137.973889,4685.554859,7103.899684,0,0.0,6083,77953,115794,calib_c1 20261008-130316-m7-c1; i>=80 linear extrap,0,0
20261010-055444-d4-sim3,2026-10-10T05:56:25+00:00,synthetic,0.02,878,3.69,nfs,ARC+WT,ARC,WT,deferred,6819.474746,4367.055717,6542.151199,352,22.0,9928,77953,111949,calib_c1 20261008-130316-m7-c1; i>=80 linear extrap,0,0
20261010-055444-d4-sim3,2026-10-10T05:56:25+00:00,synthetic,0.02,878,3.69,nfs,ARC+WB,ARC,WB,deferred,6819.474746,4367.055717,6542.151199,352,22.0,9928,77953,111949,calib_c1 20261008-130316-m7-c1; i>=80 linear extrap,0,0
20261010-055444-d4-sim3,2026-10-10T05:56:25+00:00,synthetic,0.02,878,3.69,nfs,ARC+WB2,ARC,WB2,deferred,6835.872406,4383.453377,6586.074348,192,12.0,9928,77953,111949,calib_c1 20261008-130316-m7-c1; i>=80 linear extrap,0,0
20261010-055444-d4-sim3,2026-10-10T05:56:25+00:00,synthetic,0.02,878,3.69,nfs,ARC+H2,ARC,H2,deferred,6835.872406,4383.453377,6586.074348,192,12.0,9928,77953,111949,calib_c1 20261008-130316-m7-c1; i>=80 linear extrap,0,0
20261010-055444-d4-sim3,2026-10-10T05:56:25+00:00,synthetic,0.02,878,3.69,nfs,ARC+NONE,ARC,NONE,deferred,6950.656025,4498.236996,6893.53639,0,0.0,9928,77953,111949,calib_c1 20261008-130316-m7-c1; i>=80 linear extrap,0,0
20261010-055444-d4-sim3,2026-10-10T05:56:25+00:00,synthetic,0.02,878,3.69,nfs,S3FIFO+WT,S3FIFO,WT,deferred,6832.100292,4379.681263,6549.936631,352,22.0,9943,77953,111934,calib_c1 20261008-130316-m7-c1; i>=80 linear extrap,0,0
20261010-055444-d4-sim3,2026-10-10T05:56:25+00:00,synthetic,0.02,878,3.69,nfs,S3FIFO+WB,S3FIFO,WB,deferred,6832.100292,4379.681263,6549.936631,352,22.0,9943,77953,111934,calib_c1 20261008-130316-m7-c1; i>=80 linear extrap,0,0
20261010-055444-d4-sim3,2026-10-10T05:56:26+00:00,synthetic,0.02,878,3.69,nfs,S3FIFO+WB2,S3FIFO,WB2,deferred,6848.497952,4396.078923,6593.85978,192,12.0,9943,77953,111934,calib_c1 20261008-130316-m7-c1; i>=80 linear extrap,0,0
20261010-055444-d4-sim3,2026-10-10T05:56:26+00:00,synthetic,0.02,878,3.69,nfs,S3FIFO+H2,S3FIFO,H2,deferred,6848.497952,4396.078923,6593.85978,192,12.0,9943,77953,111934,calib_c1 20261008-130316-m7-c1; i>=80 linear extrap,0,0
20261010-055444-d4-sim3,2026-10-10T05:56:26+00:00,synthetic,0.02,878,3.69,nfs,S3FIFO+NONE,S3FIFO,NONE,deferred,6963.281571,4510.862542,6901.321823,0,0.0,9943,77953,111934,calib_c1 20261008-130316-m7-c1; i>=80 linear extrap,0,0
20261010-055444-d4-sim3,2026-10-10T05:56:26+00:00,synthetic,0.02,878,3.69,nfs,WTPa+WBR,WTPa,WBR,wtp_a,6670.034535,4217.615506,6376.869126,192,12.0,13362,77953,68175,calib_c1 20261008-130316-m7-c1; i>=80 linear extrap,0,0
20261010-055444-d4-sim3,2026-10-10T05:56:26+00:00,synthetic,0.02,878,3.69,nfs,WTPa+WTR,WTPa,WTR,wtp_a,6670.034535,4217.615506,6376.869126,192,12.0,13362,77953,68175,calib_c1 20261008-130316-m7-c1; i>=80 linear extrap,0,0
20261010-055444-d4-sim3,2026-10-10T05:56:26+00:00,synthetic,0.02,878,3.69,nfs,WTPb+WB,WTPb,WB,wtp_b,6745.450877,4293.031848,6461.276171,352,22.0,11967,77953,47758,calib_c1 20261008-130316-m7-c1; i>=80 linear extrap,0,0
20261010-055444-d4-sim3,2026-10-10T05:56:26+00:00,synthetic,0.02,878,3.69,nfs,OPT-BELADY,BELADY,NEED,opt,5928.893622,3476.474593,5562.477356,192,12.0,31841,77953,31622,calib_c1 20261008-130316-m7-c1; i>=80 linear extrap,0,0
20261010-055444-d4-sim3,2026-10-10T05:56:26+00:00,synthetic,0.02,878,3.69,nfs,OPT-COST,COSTBELADY,NEED,opt,5579.965215,3127.546186,5288.798316,166,10.375,29499,77953,31720,calib_c1 20261008-130316-m7-c1; i>=80 linear extrap,0,0
20261010-055444-d4-sim3,2026-10-10T05:56:26+00:00,synthetic,0.02,878,3.69,nfs,KEVa+WBR,KEVa,WBR,kev_a,6670.034535,4217.615506,6376.869126,192,12.0,13362,77953,108515,calib_c1 20261008-130316-m7-c1; i>=80 linear extrap,0,0
20261010-055444-d4-sim3,2026-10-10T05:56:26+00:00,synthetic,0.02,878,3.69,nfs,KEVa+WB,KEVa,WB,kev_a,6670.034535,4217.615506,6376.869126,352,22.0,13362,77953,108515,calib_c1 20261008-130316-m7-c1; i>=80 linear extrap,0,0
20261010-055444-d4-sim3,2026-10-10T05:56:26+00:00,synthetic,0.02,878,3.69,nfs,KEVb+WB,KEVb,WB,kev_b,6676.388516,4223.969487,6384.550274,352,22.0,13415,77953,108462,calib_c1 20261008-130316-m7-c1; i>=80 linear extrap,0,0
20261010-055444-d4-sim3,2026-10-10T05:56:27+00:00,synthetic,0.02,878,11.6,local,LRU+WT,LRU,WT,deferred,3117.365222,664.946193,2990.230821,43924,2745.25,9241,77953,112636,calib_c1 20261008-130316-m7-c1; i>=80 linear extrap,0,0
20261010-055444-d4-sim3,2026-10-10T05:56:27+00:00,synthetic,0.02,878,11.6,local,LRU+WB,LRU,WB,deferred,3117.365222,664.946193,2990.230821,43888,2743.0,9241,77953,112636,calib_c1 20261008-130316-m7-c1; i>=80 linear extrap,0,0
20261010-055444-d4-sim3,2026-10-10T05:56:27+00:00,synthetic,0.02,878,11.6,local,LRU+WB2,LRU,WB2,deferred,4026.17133,1573.752301,3922.755046,18244,1140.25,9241,77953,112636,calib_c1 20261008-130316-m7-c1; i>=80 linear extrap,0,0
20261010-055444-d4-sim3,2026-10-10T05:56:27+00:00,synthetic,0.02,878,11.6,local,LRU+H2,LRU,H2,deferred,4026.17133,1573.752301,3922.755046,18251,1140.6875,9241,77953,112636,calib_c1 20261008-130316-m7-c1; i>=80 linear extrap,0,0
20261010-055444-d4-sim3,2026-10-10T05:56:27+00:00,synthetic,0.02,878,11.6,local,LRU+NONE,LRU,NONE,deferred,6874.860911,4422.441882,6866.576488,0,0.0,9241,77953,112636,calib_c1 20261008-130316-m7-c1; i>=80 linear extrap,0,0
20261010-055444-d4-sim3,2026-10-10T05:56:27+00:00,synthetic,0.02,878,11.6,local,2HIT+WT,2HIT,WT,deferred,3116.003489,663.58446,2989.274054,43924,2745.25,9623,77953,68330,calib_c1 20261008-130316-m7-c1; i>=80 linear extrap,0,0
20261010-055444-d4-sim3,2026-10-10T05:56:27+00:00,synthetic,0.02,878,11.6,local,2HIT+WB,2HIT,WB,deferred,3116.003489,663.58446,2989.274054,43924,2745.25,9623,77953,68330,calib_c1 20261008-130316-m7-c1; i>=80 linear extrap,0,0
20261010-055444-d4-sim3,2026-10-10T05:56:28+00:00,synthetic,0.02,878,11.6,local,2HIT+WB2,2HIT,WB2,deferred,4048.504836,1596.085807,3946.094335,18244,1140.25,9623,77953,68330,calib_c1 20261008-130316-m7-c1; i>=80 linear extrap,0,0
20261010-055444-d4-sim3,2026-10-10T05:56:28+00:00,synthetic,0.02,878,11.6,local,2HIT+H2,2HIT,H2,deferred,4048.504836,1596.085807,3946.094335,18251,1140.6875,9623,77953,68330,calib_c1 20261008-130316-m7-c1; i>=80 linear extrap,0,0
20261010-055444-d4-sim3,2026-10-10T05:56:28+00:00,synthetic,0.02,878,11.6,local,2HIT+NONE,2HIT,NONE,deferred,6853.137981,4400.718952,6843.948329,0,0.0,9623,77953,68330,calib_c1 20261008-130316-m7-c1; i>=80 linear extrap,0,0
20261010-055444-d4-sim3,2026-10-10T05:56:28+00:00,synthetic,0.02,878,11.6,local,SLRU+WT,SLRU,WT,deferred,3128.622689,676.20366,2998.254825,43924,2745.25,6083,77953,115794,calib_c1 20261008-130316-m7-c1; i>=80 linear extrap,0,0
20261010-055444-d4-sim3,2026-10-10T05:56:28+00:00,synthetic,0.02,878,11.6,local,SLRU+WB,SLRU,WB,deferred,3128.622689,676.20366,2998.254825,43885,2742.8125,6083,77953,115794,calib_c1 20261008-130316-m7-c1; i>=80 linear extrap,0,0
20261010-055444-d4-sim3,2026-10-10T05:56:28+00:00,synthetic,0.02,878,11.6,local,SLRU+WB2,SLRU,WB2,deferred,4052.909844,1600.490815,3946.571036,18209,1138.0625,6083,77953,115794,calib_c1 20261008-130316-m7-c1; i>=80 linear extrap,0,0
20261010-055444-d4-sim3,2026-10-10T05:56:28+00:00,synthetic,0.02,878,11.6,local,SLRU+H2,SLRU,H2,deferred,4052.909844,1600.490815,3946.571036,18251,1140.6875,6083,77953,115794,calib_c1 20261008-130316-m7-c1; i>=80 linear extrap,0,0
20261010-055444-d4-sim3,2026-10-10T05:56:28+00:00,synthetic,0.02,878,11.6,local,SLRU+NONE,SLRU,NONE,deferred,7067.71683,4615.297801,7060.776993,0,0.0,6083,77953,115794,calib_c1 20261008-130316-m7-c1; i>=80 linear extrap,0,0
20261010-055444-d4-sim3,2026-10-10T05:56:28+00:00,synthetic,0.02,878,11.6,local,ARC+WT,ARC,WT,deferred,3114.916242,662.497213,2988.368542,43924,2745.25,9928,77953,111949,calib_c1 20261008-130316-m7-c1; i>=80 linear extrap,0,0
20261010-055444-d4-sim3,2026-10-10T05:56:28+00:00,synthetic,0.02,878,11.6,local,ARC+WB,ARC,WB,deferred,3114.916242,662.497213,2988.368542,43917,2744.8125,9928,77953,111949,calib_c1 20261008-130316-m7-c1; i>=80 linear extrap,0,0
20261010-055444-d4-sim3,2026-10-10T05:56:28+00:00,synthetic,0.02,878,11.6,local,ARC+WB2,ARC,WB2,deferred,4036.319602,1583.900573,3933.895077,18250,1140.625,9928,77953,111949,calib_c1 20261008-130316-m7-c1; i>=80 linear extrap,0,0
20261010-055444-d4-sim3,2026-10-10T05:56:28+00:00,synthetic,0.02,878,11.6,local,ARC+H2,ARC,H2,deferred,4036.319602,1583.900573,3933.895077,18251,1140.6875,9928,77953,111949,calib_c1 20261008-130316-m7-c1; i>=80 linear extrap,0,0
20261010-055444-d4-sim3,2026-10-10T05:56:28+00:00,synthetic,0.02,878,11.6,local,ARC+NONE,ARC,NONE,deferred,6835.990223,4383.571194,6824.853573,0,0.0,9928,77953,111949,calib_c1 20261008-130316-m7-c1; i>=80 linear extrap,0,0
20261010-055444-d4-sim3,2026-10-10T05:56:28+00:00,synthetic,0.02,878,11.6,local,S3FIFO+WT,S3FIFO,WT,deferred,3114.86277,662.443741,2988.28221,43924,2745.25,9943,77953,111934,calib_c1 20261008-130316-m7-c1; i>=80 linear extrap,0,0
20261010-055444-d4-sim3,2026-10-10T05:56:28+00:00,synthetic,0.02,878,11.6,local,S3FIFO+WB,S3FIFO,WB,deferred,3114.86277,662.443741,2988.28221,43909,2744.3125,9943,77953,111934,calib_c1 20261008-130316-m7-c1; i>=80 linear extrap,0,0
20261010-055444-d4-sim3,2026-10-10T05:56:28+00:00,synthetic,0.02,878,11.6,local,S3FIFO+WB2,S3FIFO,WB2,deferred,4040.278011,1587.858982,3937.741451,18251,1140.6875,9943,77953,111934,calib_c1 20261008-130316-m7-c1; i>=80 linear extrap,0,0
20261010-055444-d4-sim3,2026-10-10T05:56:28+00:00,synthetic,0.02,878,11.6,local,S3FIFO+H2,S3FIFO,H2,deferred,4040.278011,1587.858982,3937.741451,18251,1140.6875,9943,77953,111934,calib_c1 20261008-130316-m7-c1; i>=80 linear extrap,0,0
20261010-055444-d4-sim3,2026-10-10T05:56:28+00:00,synthetic,0.02,878,11.6,local,S3FIFO+NONE,S3FIFO,NONE,deferred,6848.442523,4396.023494,6834.276081,0,0.0,9943,77953,111934,calib_c1 20261008-130316-m7-c1; i>=80 linear extrap,0,0
20261010-055444-d4-sim3,2026-10-10T05:56:29+00:00,synthetic,0.02,878,11.6,local,WTPa+WBR,WTPa,WBR,wtp_a,3102.674905,650.255876,2979.79612,18105,1131.5625,13362,77953,68175,calib_c1 20261008-130316-m7-c1; i>=80 linear extrap,0,0
20261010-055444-d4-sim3,2026-10-10T05:56:29+00:00,synthetic,0.02,878,11.6,local,WTPa+WTR,WTPa,WTR,wtp_a,3102.674905,650.255876,2979.79612,18251,1140.6875,13362,77953,68175,calib_c1 20261008-130316-m7-c1; i>=80 linear extrap,0,0
20261010-055444-d4-sim3,2026-10-10T05:56:29+00:00,synthetic,0.02,878,11.6,local,WTPb+WB,WTPb,WB,wtp_b,3107.647725,655.228696,2983.424903,43892,2743.25,11967,77953,47758,calib_c1 20261008-130316-m7-c1; i>=80 linear extrap,0,0
20261010-055444-d4-sim3,2026-10-10T05:56:29+00:00,synthetic,0.02,878,11.6,local,OPT-BELADY,BELADY,NEED,opt,3036.80197,584.382941,2934.396784,16882,1055.125,31841,77953,31622,calib_c1 20261008-130316-m7-c1; i>=80 linear extrap,0,0
20261010-055444-d4-sim3,2026-10-10T05:56:29+00:00,synthetic,0.02,878,11.6,local,OPT-COST,COSTBELADY,NEED,opt,3037.361635,584.942606,2934.896488,16865,1054.0625,31684,77953,31345,calib_c1 20261008-130316-m7-c1; i>=80 linear extrap,0,0
20261010-055444-d4-sim3,2026-10-10T05:56:29+00:00,synthetic,0.02,878,11.6,local,KEVa+WBR,KEVa,WBR,kev_a,3102.674905,650.255876,2979.79612,18105,1131.5625,13362,77953,108515,calib_c1 20261008-130316-m7-c1; i>=80 linear extrap,0,0
20261010-055444-d4-sim3,2026-10-10T05:56:29+00:00,synthetic,0.02,878,11.6,local,KEVa+WB,KEVa,WB,kev_a,3102.674905,650.255876,2979.79612,43879,2742.4375,13362,77953,108515,calib_c1 20261008-130316-m7-c1; i>=80 linear extrap,0,0
20261010-055444-d4-sim3,2026-10-10T05:56:29+00:00,synthetic,0.02,878,11.6,local,KEVb+WB,KEVb,WB,kev_b,3102.485973,650.066944,2979.76207,43843,2740.1875,13415,77953,108462,calib_c1 20261008-130316-m7-c1; i>=80 linear extrap,0,0
20261010-055444-d4-sim3,2026-10-10T05:56:30+00:00,synthetic,0.02,878,11.6,nfs,LRU+WT,LRU,WT,deferred,6743.679632,4291.260603,6515.191296,352,22.0,9241,77953,112636,calib_c1 20261008-130316-m7-c1; i>=80 linear extrap,0,0
20261010-055444-d4-sim3,2026-10-10T05:56:30+00:00,synthetic,0.02,878,11.6,nfs,LRU+WB,LRU,WB,deferred,6743.679632,4291.260603,6515.191296,352,22.0,9241,77953,112636,calib_c1 20261008-130316-m7-c1; i>=80 linear extrap,0,0
20261010-055444-d4-sim3,2026-10-10T05:56:30+00:00,synthetic,0.02,878,11.6,nfs,LRU+WB2,LRU,WB2,deferred,6760.077292,4307.658263,6559.114445,192,12.0,9241,77953,112636,calib_c1 20261008-130316-m7-c1; i>=80 linear extrap,0,0
20261010-055444-d4-sim3,2026-10-10T05:56:30+00:00,synthetic,0.02,878,11.6,nfs,LRU+H2,LRU,H2,deferred,6760.077292,4307.658263,6559.114445,192,12.0,9241,77953,112636,calib_c1 20261008-130316-m7-c1; i>=80 linear extrap,0,0
20261010-055444-d4-sim3,2026-10-10T05:56:30+00:00,synthetic,0.02,878,11.6,nfs,LRU+NONE,LRU,NONE,deferred,6874.860911,4422.441882,6866.576488,0,0.0,9241,77953,112636,calib_c1 20261008-130316-m7-c1; i>=80 linear extrap,0,0
20261010-055444-d4-sim3,2026-10-10T05:56:30+00:00,synthetic,0.02,878,11.6,nfs,2HIT+WT,2HIT,WT,deferred,6721.956702,4269.537673,6492.563137,352,22.0,9623,77953,68330,calib_c1 20261008-130316-m7-c1; i>=80 linear extrap,0,0
20261010-055444-d4-sim3,2026-10-10T05:56:30+00:00,synthetic,0.02,878,11.6,nfs,2HIT+WB,2HIT,WB,deferred,6721.956702,4269.537673,6492.563137,352,22.0,9623,77953,68330,calib_c1 20261008-130316-m7-c1; i>=80 linear extrap,0,0
20261010-055444-d4-sim3,2026-10-10T05:56:30+00:00,synthetic,0.02,878,11.6,nfs,2HIT+WB2,2HIT,WB2,deferred,6738.354362,4285.935333,6536.486286,192,12.0,9623,77953,68330,calib_c1 20261008-130316-m7-c1; i>=80 linear extrap,0,0
20261010-055444-d4-sim3,2026-10-10T05:56:30+00:00,synthetic,0.02,878,11.6,nfs,2HIT+H2,2HIT,H2,deferred,6738.354362,4285.935333,6536.486286,192,12.0,9623,77953,68330,calib_c1 20261008-130316-m7-c1; i>=80 linear extrap,0,0
20261010-055444-d4-sim3,2026-10-10T05:56:30+00:00,synthetic,0.02,878,11.6,nfs,2HIT+NONE,2HIT,NONE,deferred,6853.137981,4400.718952,6843.948329,0,0.0,9623,77953,68330,calib_c1 20261008-130316-m7-c1; i>=80 linear extrap,0,0
20261010-055444-d4-sim3,2026-10-10T05:56:31+00:00,synthetic,0.02,878,11.6,nfs,SLRU+WT,SLRU,WT,deferred,6936.535551,4484.116522,6709.391801,352,22.0,6083,77953,115794,calib_c1 20261008-130316-m7-c1; i>=80 linear extrap,0,0
20261010-055444-d4-sim3,2026-10-10T05:56:31+00:00,synthetic,0.02,878,11.6,nfs,SLRU+WB,SLRU,WB,deferred,6936.535551,4484.116522,6709.391801,352,22.0,6083,77953,115794,calib_c1 20261008-130316-m7-c1; i>=80 linear extrap,0,0
20261010-055444-d4-sim3,2026-10-10T05:56:31+00:00,synthetic,0.02,878,11.6,nfs,SLRU+WB2,SLRU,WB2,deferred,6952.933211,4500.514182,6753.31495,192,12.0,6083,77953,115794,calib_c1 20261008-130316-m7-c1; i>=80 linear extrap,0,0
20261010-055444-d4-sim3,2026-10-10T05:56:31+00:00,synthetic,0.02,878,11.6,nfs,SLRU+H2,SLRU,H2,deferred,6952.933211,4500.514182,6753.31495,192,12.0,6083,77953,115794,calib_c1 20261008-130316-m7-c1; i>=80 linear extrap,0,0
20261010-055444-d4-sim3,2026-10-10T05:56:31+00:00,synthetic,0.02,878,11.6,nfs,SLRU+NONE,SLRU,NONE,deferred,7067.71683,4615.297801,7060.776993,0,0.0,6083,77953,115794,calib_c1 20261008-130316-m7-c1; i>=80 linear extrap,0,0
20261010-055444-d4-sim3,2026-10-10T05:56:31+00:00,synthetic,0.02,878,11.6,nfs,ARC+WT,ARC,WT,deferred,6704.808944,4252.389915,6473.468381,352,22.0,9928,77953,111949,calib_c1 20261008-130316-m7-c1; i>=80 linear extrap,0,0
20261010-055444-d4-sim3,2026-10-10T05:56:31+00:00,synthetic,0.02,878,11.6,nfs,ARC+WB,ARC,WB,deferred,6704.808944,4252.389915,6473.468381,352,22.0,9928,77953,111949,calib_c1 20261008-130316-m7-c1; i>=80 linear extrap,0,0
20261010-055444-d4-sim3,2026-10-10T05:56:31+00:00,synthetic,0.02,878,11.6,nfs,ARC+WB2,ARC,WB2,deferred,6721.206604,4268.787575,6517.39153,192,12.0,9928,77953,111949,calib_c1 20261008-130316-m7-c1; i>=80 linear extrap,0,0
20261010-055444-d4-sim3,2026-10-10T05:56:31+00:00,synthetic,0.02,878,11.6,nfs,ARC+H2,ARC,H2,deferred,6721.206604,4268.787575,6517.39153,192,12.0,9928,77953,111949,calib_c1 20261008-130316-m7-c1; i>=80 linear extrap,0,0
20261010-055444-d4-sim3,2026-10-10T05:56:31+00:00,synthetic,0.02,878,11.6,nfs,ARC+NONE,ARC,NONE,deferred,6835.990223,4383.571194,6824.853573,0,0.0,9928,77953,111949,calib_c1 20261008-130316-m7-c1; i>=80 linear extrap,0,0
20261010-055444-d4-sim3,2026-10-10T05:56:31+00:00,synthetic,0.02,878,11.6,nfs,S3FIFO+WT,S3FIFO,WT,deferred,6717.261244,4264.842215,6482.890889,352,22.0,9943,77953,111934,calib_c1 20261008-130316-m7-c1; i>=80 linear extrap,0,0
20261010-055444-d4-sim3,2026-10-10T05:56:31+00:00,synthetic,0.02,878,11.6,nfs,S3FIFO+WB,S3FIFO,WB,deferred,6717.261244,4264.842215,6482.890889,352,22.0,9943,77953,111934,calib_c1 20261008-130316-m7-c1; i>=80 linear extrap,0,0
20261010-055444-d4-sim3,2026-10-10T05:56:31+00:00,synthetic,0.02,878,11.6,nfs,S3FIFO+WB2,S3FIFO,WB2,deferred,6733.658903,4281.239874,6526.814038,192,12.0,9943,77953,111934,calib_c1 20261008-130316-m7-c1; i>=80 linear extrap,0,0
20261010-055444-d4-sim3,2026-10-10T05:56:31+00:00,synthetic,0.02,878,11.6,nfs,S3FIFO+H2,S3FIFO,H2,deferred,6733.658903,4281.239874,6526.814038,192,12.0,9943,77953,111934,calib_c1 20261008-130316-m7-c1; i>=80 linear extrap,0,0
20261010-055444-d4-sim3,2026-10-10T05:56:31+00:00,synthetic,0.02,878,11.6,nfs,S3FIFO+NONE,S3FIFO,NONE,deferred,6848.442523,4396.023494,6834.276081,0,0.0,9943,77953,111934,calib_c1 20261008-130316-m7-c1; i>=80 linear extrap,0,0
20261010-055444-d4-sim3,2026-10-10T05:56:31+00:00,synthetic,0.02,878,11.6,nfs,WTPa+WBR,WTPa,WBR,wtp_a,6515.706931,4063.287902,6282.73784,192,12.0,13362,77953,68175,calib_c1 20261008-130316-m7-c1; i>=80 linear extrap,0,0
20261010-055444-d4-sim3,2026-10-10T05:56:31+00:00,synthetic,0.02,878,11.6,nfs,WTPa+WTR,WTPa,WTR,wtp_a,6515.706931,4063.287902,6282.73784,192,12.0,13362,77953,68175,calib_c1 20261008-130316-m7-c1; i>=80 linear extrap,0,0
20261010-055444-d4-sim3,2026-10-10T05:56:32+00:00,synthetic,0.02,878,11.6,nfs,WTPb+WB,WTPb,WB,wtp_b,6607.235159,4154.81613,6376.460958,352,22.0,11967,77953,47758,calib_c1 20261008-130316-m7-c1; i>=80 linear extrap,0,0
20261010-055444-d4-sim3,2026-10-10T05:56:32+00:00,synthetic,0.02,878,11.6,nfs,OPT-BELADY,BELADY,NEED,opt,5561.138404,3108.719375,5342.978408,192,12.0,31841,77953,31622,calib_c1 20261008-130316-m7-c1; i>=80 linear extrap,0,0
20261010-055444-d4-sim3,2026-10-10T05:56:32+00:00,synthetic,0.02,878,11.6,nfs,OPT-COST,COSTBELADY,NEED,opt,5245.351332,2792.932303,5143.35898,192,12.0,30328,77953,32684,calib_c1 20261008-130316-m7-c1; i>=80 linear extrap,0,0
20261010-055444-d4-sim3,2026-10-10T05:56:32+00:00,synthetic,0.02,878,11.6,nfs,KEVa+WBR,KEVa,WBR,kev_a,6515.706931,4063.287902,6282.73784,192,12.0,13362,77953,108515,calib_c1 20261008-130316-m7-c1; i>=80 linear extrap,0,0
20261010-055444-d4-sim3,2026-10-10T05:56:32+00:00,synthetic,0.02,878,11.6,nfs,KEVa+WB,KEVa,WB,kev_a,6515.706931,4063.287902,6282.73784,352,22.0,13362,77953,108515,calib_c1 20261008-130316-m7-c1; i>=80 linear extrap,0,0
20261010-055444-d4-sim3,2026-10-10T05:56:32+00:00,synthetic,0.02,878,11.6,nfs,KEVb+WB,KEVb,WB,kev_b,6521.448776,4069.029747,6289.100157,352,22.0,13415,77953,108462,calib_c1 20261008-130316-m7-c1; i>=80 linear extrap,0,0
20261010-055444-d4-sim3,2026-10-10T05:56:33+00:00,synthetic,0.05,2196,3.69,local,LRU+WT,LRU,WT,deferred,3150.307037,697.888008,3013.309437,43924,2745.25,18861,77953,103016,calib_c1 20261008-130316-m7-c1; i>=80 linear extrap,0,0
20261010-055444-d4-sim3,2026-10-10T05:56:33+00:00,synthetic,0.05,2196,3.69,local,LRU+WB,LRU,WB,deferred,3163.769734,711.350705,3021.00094,43736,2733.5,18861,77953,103016,calib_c1 20261008-130316-m7-c1; i>=80 linear extrap,0,0
20261010-055444-d4-sim3,2026-10-10T05:56:33+00:00,synthetic,0.05,2196,3.69,local,LRU+WB2,LRU,WB2,deferred,4043.956494,1591.537465,3918.867464,18098,1131.125,18861,77953,103016,calib_c1 20261008-130316-m7-c1; i>=80 linear extrap,0,0
20261010-055444-d4-sim3,2026-10-10T05:56:33+00:00,synthetic,0.05,2196,3.69,local,LRU+H2,LRU,H2,deferred,4029.958802,1577.539773,3910.980289,18251,1140.6875,18861,77953,103016,calib_c1 20261008-130316-m7-c1; i>=80 linear extrap,0,0
20261010-055444-d4-sim3,2026-10-10T05:56:33+00:00,synthetic,0.05,2196,3.69,local,LRU+NONE,LRU,NONE,deferred,6536.707473,4084.288444,6438.115844,0,0.0,18861,77953,103016,calib_c1 20261008-130316-m7-c1; i>=80 linear extrap,0,0
20261010-055444-d4-sim3,2026-10-10T05:56:34+00:00,synthetic,0.05,2196,3.69,local,2HIT+WT,2HIT,WT,deferred,3150.307037,697.888008,3013.309437,43924,2745.25,19842,77953,58111,calib_c1 20261008-130316-m7-c1; i>=80 linear extrap,0,0
20261010-055444-d4-sim3,2026-10-10T05:56:34+00:00,synthetic,0.05,2196,3.69,local,2HIT+WB,2HIT,WB,deferred,3150.307037,697.888008,3013.309437,43924,2745.25,19842,77953,58111,calib_c1 20261008-130316-m7-c1; i>=80 linear extrap,0,0
20261010-055444-d4-sim3,2026-10-10T05:56:34+00:00,synthetic,0.05,2196,3.69,local,2HIT+WB2,2HIT,WB2,deferred,4108.272525,1655.853496,3984.799971,18096,1131.0,19842,77953,58111,calib_c1 20261008-130316-m7-c1; i>=80 linear extrap,0,0
20261010-055444-d4-sim3,2026-10-10T05:56:34+00:00,synthetic,0.05,2196,3.69,local,2HIT+H2,2HIT,H2,deferred,4082.808384,1630.389355,3970.279998,18251,1140.6875,19842,77953,58111,calib_c1 20261008-130316-m7-c1; i>=80 linear extrap,0,0
20261010-055444-d4-sim3,2026-10-10T05:56:34+00:00,synthetic,0.05,2196,3.69,local,2HIT+NONE,2HIT,NONE,deferred,6496.354158,4043.935129,6391.385866,0,0.0,19842,77953,58111,calib_c1 20261008-130316-m7-c1; i>=80 linear extrap,0,0
20261010-055444-d4-sim3,2026-10-10T05:56:34+00:00,synthetic,0.05,2196,3.69,local,SLRU+WT,SLRU,WT,deferred,3150.307037,697.888008,3013.309437,43924,2745.25,16651,77953,105226,calib_c1 20261008-130316-m7-c1; i>=80 linear extrap,0,0
20261010-055444-d4-sim3,2026-10-10T05:56:34+00:00,synthetic,0.05,2196,3.69,local,SLRU+WB,SLRU,WB,deferred,3175.515659,723.096629,3027.400884,43765,2735.3125,16651,77953,105226,calib_c1 20261008-130316-m7-c1; i>=80 linear extrap,0,0
20261010-055444-d4-sim3,2026-10-10T05:56:34+00:00,synthetic,0.05,2196,3.69,local,SLRU+WB2,SLRU,WB2,deferred,4101.198428,1648.779399,3967.909432,18083,1130.1875,16651,77953,105226,calib_c1 20261008-130316-m7-c1; i>=80 linear extrap,0,0
20261010-055444-d4-sim3,2026-10-10T05:56:34+00:00,synthetic,0.05,2196,3.69,local,SLRU+H2,SLRU,H2,deferred,4061.53697,1609.117941,3945.651031,18251,1140.6875,16651,77953,105226,calib_c1 20261008-130316-m7-c1; i>=80 linear extrap,0,0
20261010-055444-d4-sim3,2026-10-10T05:56:34+00:00,synthetic,0.05,2196,3.69,local,SLRU+NONE,SLRU,NONE,deferred,6701.280375,4248.861346,6610.096279,0,0.0,16651,77953,105226,calib_c1 20261008-130316-m7-c1; i>=80 linear extrap,0,0
20261010-055444-d4-sim3,2026-10-10T05:56:34+00:00,synthetic,0.05,2196,3.69,local,ARC+WT,ARC,WT,deferred,3150.307037,697.888008,3013.309437,43924,2745.25,19901,77953,101976,calib_c1 20261008-130316-m7-c1; i>=80 linear extrap,0,0
20261010-055444-d4-sim3,2026-10-10T05:56:34+00:00,synthetic,0.05,2196,3.69,local,ARC+WB,ARC,WB,deferred,3168.68849,716.269461,3023.965617,43654,2728.375,19901,77953,101976,calib_c1 20261008-130316-m7-c1; i>=80 linear extrap,0,0
20261010-055444-d4-sim3,2026-10-10T05:56:34+00:00,synthetic,0.05,2196,3.69,local,ARC+WB2,ARC,WB2,deferred,4078.112768,1625.693738,3948.646993,18140,1133.75,19901,77953,101976,calib_c1 20261008-130316-m7-c1; i>=80 linear extrap,0,0
20261010-055444-d4-sim3,2026-10-10T05:56:34+00:00,synthetic,0.05,2196,3.69,local,ARC+H2,ARC,H2,deferred,4048.759934,1596.340905,3931.900626,18251,1140.6875,19901,77953,101976,calib_c1 20261008-130316-m7-c1; i>=80 linear extrap,0,0
20261010-055444-d4-sim3,2026-10-10T05:56:34+00:00,synthetic,0.05,2196,3.69,local,ARC+NONE,ARC,NONE,deferred,6427.192221,3974.773192,6319.10532,0,0.0,19901,77953,101976,calib_c1 20261008-130316-m7-c1; i>=80 linear extrap,0,0
20261010-055444-d4-sim3,2026-10-10T05:56:34+00:00,synthetic,0.05,2196,3.69,local,S3FIFO+WT,S3FIFO,WT,deferred,3150.307037,697.888008,3013.309437,43924,2745.25,19140,77953,102737,calib_c1 20261008-130316-m7-c1; i>=80 linear extrap,0,0
20261010-055444-d4-sim3,2026-10-10T05:56:34+00:00,synthetic,0.05,2196,3.69,local,S3FIFO+WB,S3FIFO,WB,deferred,3161.949156,709.530127,3019.77323,43862,2741.375,19140,77953,102737,calib_c1 20261008-130316-m7-c1; i>=80 linear extrap,0,0
20261010-055444-d4-sim3,2026-10-10T05:56:34+00:00,synthetic,0.05,2196,3.69,local,S3FIFO+WB2,S3FIFO,WB2,deferred,4100.012708,1647.593679,3970.871907,18130,1133.125,19140,77953,102737,calib_c1 20261008-130316-m7-c1; i>=80 linear extrap,0,0
20261010-055444-d4-sim3,2026-10-10T05:56:35+00:00,synthetic,0.05,2196,3.69,local,S3FIFO+H2,S3FIFO,H2,deferred,4067.633563,1615.214534,3952.809551,18251,1140.6875,19140,77953,102737,calib_c1 20261008-130316-m7-c1; i>=80 linear extrap,0,0
20261010-055444-d4-sim3,2026-10-10T05:56:35+00:00,synthetic,0.05,2196,3.69,local,S3FIFO+NONE,S3FIFO,NONE,deferred,6538.150079,4085.73105,6427.806355,0,0.0,19140,77953,102737,calib_c1 20261008-130316-m7-c1; i>=80 linear extrap,0,0
20261010-055444-d4-sim3,2026-10-10T05:56:35+00:00,synthetic,0.05,2196,3.69,local,WTPa+WBR,WTPa,WBR,wtp_a,3176.505798,724.086769,3028.399805,17607,1100.4375,25927,77953,58658,calib_c1 20261008-130316-m7-c1; i>=80 linear extrap,0,0
20261010-055444-d4-sim3,2026-10-10T05:56:35+00:00,synthetic,0.05,2196,3.69,local,WTPa+WTR,WTPa,WTR,wtp_a,3150.307037,697.888008,3013.309437,18251,1140.6875,25927,77953,58658,calib_c1 20261008-130316-m7-c1; i>=80 linear extrap,0,0
20261010-055444-d4-sim3,2026-10-10T05:56:35+00:00,synthetic,0.05,2196,3.69,local,WTPb+WB,WTPb,WB,wtp_b,3173.91866,721.499631,3027.202781,43844,2740.25,23846,77953,38869,calib_c1 20261008-130316-m7-c1; i>=80 linear extrap,0,0
20261010-055444-d4-sim3,2026-10-10T05:56:35+00:00,synthetic,0.05,2196,3.69,local,OPT-BELADY,BELADY,NEED,opt,3535.303458,1082.884429,3236.065213,15709,981.8125,48215,77953,31160,calib_c1 20261008-130316-m7-c1; i>=80 linear extrap,0,0
20261010-055444-d4-sim3,2026-10-10T05:56:35+00:00,synthetic,0.05,2196,3.69,local,OPT-COST,COSTBELADY,NEED,opt,3150.307037,697.888008,3013.309437,18251,1140.6875,0,77953,0,calib_c1 20261008-130316-m7-c1; i>=80 linear extrap,0,0
20261010-055444-d4-sim3,2026-10-10T05:56:35+00:00,synthetic,0.05,2196,3.69,local,KEVa+WBR,KEVa,WBR,kev_a,3176.505798,724.086769,3028.399805,17607,1100.4375,25927,77953,95950,calib_c1 20261008-130316-m7-c1; i>=80 linear extrap,0,0
20261010-055444-d4-sim3,2026-10-10T05:56:35+00:00,synthetic,0.05,2196,3.69,local,KEVa+WB,KEVa,WB,kev_a,3176.505798,724.086769,3028.399805,43706,2731.625,25927,77953,95950,calib_c1 20261008-130316-m7-c1; i>=80 linear extrap,0,0
20261010-055444-d4-sim3,2026-10-10T05:56:35+00:00,synthetic,0.05,2196,3.69,local,KEVb+WB,KEVb,WB,kev_b,3178.294436,725.875407,3029.651085,43698,2731.125,26251,77953,95626,calib_c1 20261008-130316-m7-c1; i>=80 linear extrap,0,0
20261010-055444-d4-sim3,2026-10-10T05:56:36+00:00,synthetic,0.05,2196,3.69,nfs,LRU+WT,LRU,WT,deferred,6421.923854,3969.504825,6130.653802,352,22.0,18861,77953,103016,calib_c1 20261008-130316-m7-c1; i>=80 linear extrap,0,0
20261010-055444-d4-sim3,2026-10-10T05:56:36+00:00,synthetic,0.05,2196,3.69,nfs,LRU+WB,LRU,WB,deferred,6421.923854,3969.504825,6130.653802,352,22.0,18861,77953,103016,calib_c1 20261008-130316-m7-c1; i>=80 linear extrap,0,0
20261010-055444-d4-sim3,2026-10-10T05:56:36+00:00,synthetic,0.05,2196,3.69,nfs,LRU+WB2,LRU,WB2,deferred,6438.321514,3985.902485,6174.57695,192,12.0,18861,77953,103016,calib_c1 20261008-130316-m7-c1; i>=80 linear extrap,0,0
20261010-055444-d4-sim3,2026-10-10T05:56:36+00:00,synthetic,0.05,2196,3.69,nfs,LRU+H2,LRU,H2,deferred,6438.321514,3985.902485,6174.57695,192,12.0,18861,77953,103016,calib_c1 20261008-130316-m7-c1; i>=80 linear extrap,0,0
20261010-055444-d4-sim3,2026-10-10T05:56:36+00:00,synthetic,0.05,2196,3.69,nfs,LRU+NONE,LRU,NONE,deferred,6536.707473,4084.288444,6438.115844,0,0.0,18861,77953,103016,calib_c1 20261008-130316-m7-c1; i>=80 linear extrap,0,0
20261010-055444-d4-sim3,2026-10-10T05:56:36+00:00,synthetic,0.05,2196,3.69,nfs,2HIT+WT,2HIT,WT,deferred,6381.570539,3929.15151,6083.923823,352,22.0,19842,77953,58111,calib_c1 20261008-130316-m7-c1; i>=80 linear extrap,0,0
20261010-055444-d4-sim3,2026-10-10T05:56:36+00:00,synthetic,0.05,2196,3.69,nfs,2HIT+WB,2HIT,WB,deferred,6381.570539,3929.15151,6083.923823,352,22.0,19842,77953,58111,calib_c1 20261008-130316-m7-c1; i>=80 linear extrap,0,0
20261010-055444-d4-sim3,2026-10-10T05:56:36+00:00,synthetic,0.05,2196,3.69,nfs,2HIT+WB2,2HIT,WB2,deferred,6397.968199,3945.549169,6127.846972,192,12.0,19842,77953,58111,calib_c1 20261008-130316-m7-c1; i>=80 linear extrap,0,0
20261010-055444-d4-sim3,2026-10-10T05:56:36+00:00,synthetic,0.05,2196,3.69,nfs,2HIT+H2,2HIT,H2,deferred,6397.968199,3945.549169,6127.846972,192,12.0,19842,77953,58111,calib_c1 20261008-130316-m7-c1; i>=80 linear extrap,0,0
20261010-055444-d4-sim3,2026-10-10T05:56:36+00:00,synthetic,0.05,2196,3.69,nfs,2HIT+NONE,2HIT,NONE,deferred,6496.354158,4043.935129,6391.385866,0,0.0,19842,77953,58111,calib_c1 20261008-130316-m7-c1; i>=80 linear extrap,0,0
20261010-055444-d4-sim3,2026-10-10T05:56:36+00:00,synthetic,0.05,2196,3.69,nfs,SLRU+WT,SLRU,WT,deferred,6570.099096,4117.680067,6258.711087,352,22.0,16651,77953,105226,calib_c1 20261008-130316-m7-c1; i>=80 linear extrap,0,0
20261010-055444-d4-sim3,2026-10-10T05:56:37+00:00,synthetic,0.05,2196,3.69,nfs,SLRU+WB,SLRU,WB,deferred,6570.099096,4117.680067,6258.711087,352,22.0,16651,77953,105226,calib_c1 20261008-130316-m7-c1; i>=80 linear extrap,0,0
20261010-055444-d4-sim3,2026-10-10T05:56:37+00:00,synthetic,0.05,2196,3.69,nfs,SLRU+WB2,SLRU,WB2,deferred,6586.496756,4134.077727,6302.634236,192,12.0,16651,77953,105226,calib_c1 20261008-130316-m7-c1; i>=80 linear extrap,0,0
20261010-055444-d4-sim3,2026-10-10T05:56:37+00:00,synthetic,0.05,2196,3.69,nfs,SLRU+H2,SLRU,H2,deferred,6586.496756,4134.077727,6302.634236,192,12.0,16651,77953,105226,calib_c1 20261008-130316-m7-c1; i>=80 linear extrap,0,0
20261010-055444-d4-sim3,2026-10-10T05:56:37+00:00,synthetic,0.05,2196,3.69,nfs,SLRU+NONE,SLRU,NONE,deferred,6701.280375,4248.861346,6610.096279,0,0.0,16651,77953,105226,calib_c1 20261008-130316-m7-c1; i>=80 linear extrap,0,0
20261010-055444-d4-sim3,2026-10-10T05:56:37+00:00,synthetic,0.05,2196,3.69,nfs,ARC+WT,ARC,WT,deferred,6342.419421,3890.000392,6081.79194,352,22.0,19901,77953,101976,calib_c1 20261008-130316-m7-c1; i>=80 linear extrap,0,0
20261010-055444-d4-sim3,2026-10-10T05:56:37+00:00,synthetic,0.05,2196,3.69,nfs,ARC+WB,ARC,WB,deferred,6342.419421,3890.000392,6081.79194,351,21.9375,19901,77953,101976,calib_c1 20261008-130316-m7-c1; i>=80 linear extrap,0,0
20261010-055444-d4-sim3,2026-10-10T05:56:37+00:00,synthetic,0.05,2196,3.69,nfs,ARC+WB2,ARC,WB2,deferred,6358.817081,3906.398052,6125.715089,192,12.0,19901,77953,101976,calib_c1 20261008-130316-m7-c1; i>=80 linear extrap,0,0
20261010-055444-d4-sim3,2026-10-10T05:56:37+00:00,synthetic,0.05,2196,3.69,nfs,ARC+H2,ARC,H2,deferred,6358.817081,3906.398052,6125.715089,192,12.0,19901,77953,101976,calib_c1 20261008-130316-m7-c1; i>=80 linear extrap,0,0
20261010-055444-d4-sim3,2026-10-10T05:56:37+00:00,synthetic,0.05,2196,3.69,nfs,ARC+NONE,ARC,NONE,deferred,6427.192221,3974.773192,6319.10532,0,0.0,19901,77953,101976,calib_c1 20261008-130316-m7-c1; i>=80 linear extrap,0,0
20261010-055444-d4-sim3,2026-10-10T05:56:37+00:00,synthetic,0.05,2196,3.69,nfs,S3FIFO+WT,S3FIFO,WT,deferred,6423.36646,3970.947431,6120.344312,352,22.0,19140,77953,102737,calib_c1 20261008-130316-m7-c1; i>=80 linear extrap,0,0
20261010-055444-d4-sim3,2026-10-10T05:56:37+00:00,synthetic,0.05,2196,3.69,nfs,S3FIFO+WB,S3FIFO,WB,deferred,6423.36646,3970.947431,6120.344312,352,22.0,19140,77953,102737,calib_c1 20261008-130316-m7-c1; i>=80 linear extrap,0,0
20261010-055444-d4-sim3,2026-10-10T05:56:37+00:00,synthetic,0.05,2196,3.69,nfs,S3FIFO+WB2,S3FIFO,WB2,deferred,6439.76412,3987.345091,6164.267461,192,12.0,19140,77953,102737,calib_c1 20261008-130316-m7-c1; i>=80 linear extrap,0,0
20261010-055444-d4-sim3,2026-10-10T05:56:37+00:00,synthetic,0.05,2196,3.69,nfs,S3FIFO+H2,S3FIFO,H2,deferred,6439.76412,3987.345091,6164.267461,192,12.0,19140,77953,102737,calib_c1 20261008-130316-m7-c1; i>=80 linear extrap,0,0
20261010-055444-d4-sim3,2026-10-10T05:56:37+00:00,synthetic,0.05,2196,3.69,nfs,S3FIFO+NONE,S3FIFO,NONE,deferred,6538.150079,4085.73105,6427.806355,0,0.0,19140,77953,102737,calib_c1 20261008-130316-m7-c1; i>=80 linear extrap,0,0
20261010-055444-d4-sim3,2026-10-10T05:56:37+00:00,synthetic,0.05,2196,3.69,nfs,WTPa+WBR,WTPa,WBR,wtp_a,6106.34639,3653.927361,5803.608531,192,12.0,25927,77953,58658,calib_c1 20261008-130316-m7-c1; i>=80 linear extrap,0,0
20261010-055444-d4-sim3,2026-10-10T05:56:37+00:00,synthetic,0.05,2196,3.69,nfs,WTPa+WTR,WTPa,WTR,wtp_a,6106.34639,3653.927361,5803.608531,192,12.0,25927,77953,58658,calib_c1 20261008-130316-m7-c1; i>=80 linear extrap,0,0
20261010-055444-d4-sim3,2026-10-10T05:56:37+00:00,synthetic,0.05,2196,3.69,nfs,WTPb+WB,WTPb,WB,wtp_b,6168.597925,3716.178896,5901.571156,352,22.0,23846,77953,38869,calib_c1 20261008-130316-m7-c1; i>=80 linear extrap,0,0
20261010-055444-d4-sim3,2026-10-10T05:56:37+00:00,synthetic,0.05,2196,3.69,nfs,OPT-BELADY,BELADY,NEED,opt,5053.162637,2600.743608,4755.297261,192,12.0,48215,77953,31160,calib_c1 20261008-130316-m7-c1; i>=80 linear extrap,0,0
20261010-055444-d4-sim3,2026-10-10T05:56:38+00:00,synthetic,0.05,2196,3.69,nfs,OPT-COST,COSTBELADY,NEED,opt,4861.428797,2409.009768,4491.820136,0,0.0,45260,77953,30934,calib_c1 20261008-130316-m7-c1; i>=80 linear extrap,0,0
20261010-055444-d4-sim3,2026-10-10T05:56:38+00:00,synthetic,0.05,2196,3.69,nfs,KEVa+WBR,KEVa,WBR,kev_a,6106.34639,3653.927361,5803.608531,192,12.0,25927,77953,95950,calib_c1 20261008-130316-m7-c1; i>=80 linear extrap,0,0
20261010-055444-d4-sim3,2026-10-10T05:56:38+00:00,synthetic,0.05,2196,3.69,nfs,KEVa+WB,KEVa,WB,kev_a,6106.34639,3653.927361,5803.608531,352,22.0,25927,77953,95950,calib_c1 20261008-130316-m7-c1; i>=80 linear extrap,0,0
20261010-055444-d4-sim3,2026-10-10T05:56:38+00:00,synthetic,0.05,2196,3.69,nfs,KEVb+WB,KEVb,WB,kev_b,6055.803416,3603.384387,5781.005861,351,21.9375,26251,77953,95626,calib_c1 20261008-130316-m7-c1; i>=80 linear extrap,0,0
20261010-055444-d4-sim3,2026-10-10T05:56:38+00:00,synthetic,0.05,2196,11.6,local,LRU+WT,LRU,WT,deferred,3083.072368,630.653339,2966.045856,43924,2745.25,18861,77953,103016,calib_c1 20261008-130316-m7-c1; i>=80 linear extrap,0,0
20261010-055444-d4-sim3,2026-10-10T05:56:39+00:00,synthetic,0.05,2196,11.6,local,LRU+WB,LRU,WB,deferred,3083.072368,630.653339,2966.045856,43736,2733.5,18861,77953,103016,calib_c1 20261008-130316-m7-c1; i>=80 linear extrap,0,0
20261010-055444-d4-sim3,2026-10-10T05:56:39+00:00,synthetic,0.05,2196,11.6,local,LRU+WB2,LRU,WB2,deferred,3951.129925,1498.710896,3856.93687,18098,1131.125,18861,77953,103016,calib_c1 20261008-130316-m7-c1; i>=80 linear extrap,0,0
20261010-055444-d4-sim3,2026-10-10T05:56:39+00:00,synthetic,0.05,2196,11.6,local,LRU+H2,LRU,H2,deferred,3951.129925,1498.710896,3856.93687,18251,1140.6875,18861,77953,103016,calib_c1 20261008-130316-m7-c1; i>=80 linear extrap,0,0
20261010-055444-d4-sim3,2026-10-10T05:56:39+00:00,synthetic,0.05,2196,11.6,local,LRU+NONE,LRU,NONE,deferred,6318.867858,3866.448829,6303.161521,0,0.0,18861,77953,103016,calib_c1 20261008-130316-m7-c1; i>=80 linear extrap,0,0
20261010-055444-d4-sim3,2026-10-10T05:56:39+00:00,synthetic,0.05,2196,11.6,local,2HIT+WT,2HIT,WT,deferred,3079.575353,627.156324,2963.575683,43924,2745.25,19842,77953,58111,calib_c1 20261008-130316-m7-c1; i>=80 linear extrap,0,0
20261010-055444-d4-sim3,2026-10-10T05:56:39+00:00,synthetic,0.05,2196,11.6,local,2HIT+WB,2HIT,WB,deferred,3079.575353,627.156324,2963.575683,43924,2745.25,19842,77953,58111,calib_c1 20261008-130316-m7-c1; i>=80 linear extrap,0,0
20261010-055444-d4-sim3,2026-10-10T05:56:39+00:00,synthetic,0.05,2196,11.6,local,2HIT+WB2,2HIT,WB2,deferred,4012.0767,1559.657671,3920.282599,18096,1131.0,19842,77953,58111,calib_c1 20261008-130316-m7-c1; i>=80 linear extrap,0,0
20261010-055444-d4-sim3,2026-10-10T05:56:39+00:00,synthetic,0.05,2196,11.6,local,2HIT+H2,2HIT,H2,deferred,4012.0767,1559.657671,3920.282599,18251,1140.6875,19842,77953,58111,calib_c1 20261008-130316-m7-c1; i>=80 linear extrap,0,0
20261010-055444-d4-sim3,2026-10-10T05:56:39+00:00,synthetic,0.05,2196,11.6,local,2HIT+NONE,2HIT,NONE,deferred,6267.18425,3814.765221,6249.153064,0,0.0,19842,77953,58111,calib_c1 20261008-130316-m7-c1; i>=80 linear extrap,0,0
20261010-055444-d4-sim3,2026-10-10T05:56:39+00:00,synthetic,0.05,2196,11.6,local,SLRU+WT,SLRU,WT,deferred,3090.950456,638.531427,2972.008891,43924,2745.25,16651,77953,105226,calib_c1 20261008-130316-m7-c1; i>=80 linear extrap,0,0
20261010-055444-d4-sim3,2026-10-10T05:56:39+00:00,synthetic,0.05,2196,11.6,local,SLRU+WB,SLRU,WB,deferred,3090.950456,638.531427,2972.008891,43765,2735.3125,16651,77953,105226,calib_c1 20261008-130316-m7-c1; i>=80 linear extrap,0,0
20261010-055444-d4-sim3,2026-10-10T05:56:39+00:00,synthetic,0.05,2196,11.6,local,SLRU+WB2,SLRU,WB2,deferred,3996.79052,1544.37149,3901.026904,18083,1130.1875,16651,77953,105226,calib_c1 20261008-130316-m7-c1; i>=80 linear extrap,0,0
20261010-055444-d4-sim3,2026-10-10T05:56:39+00:00,synthetic,0.05,2196,11.6,local,SLRU+H2,SLRU,H2,deferred,3996.79052,1544.37149,3901.026904,18251,1140.6875,16651,77953,105226,calib_c1 20261008-130316-m7-c1; i>=80 linear extrap,0,0
20261010-055444-d4-sim3,2026-10-10T05:56:39+00:00,synthetic,0.05,2196,11.6,local,SLRU+NONE,SLRU,NONE,deferred,6508.965682,4056.546653,6491.679168,0,0.0,16651,77953,105226,calib_c1 20261008-130316-m7-c1; i>=80 linear extrap,0,0
20261010-055444-d4-sim3,2026-10-10T05:56:39+00:00,synthetic,0.05,2196,11.6,local,ARC+WT,ARC,WT,deferred,3079.365033,626.946004,2963.231741,43924,2745.25,19901,77953,101976,calib_c1 20261008-130316-m7-c1; i>=80 linear extrap,0,0
20261010-055444-d4-sim3,2026-10-10T05:56:39+00:00,synthetic,0.05,2196,11.6,local,ARC+WB,ARC,WB,deferred,3079.365033,626.946004,2963.231741,43654,2728.375,19901,77953,101976,calib_c1 20261008-130316-m7-c1; i>=80 linear extrap,0,0
20261010-055444-d4-sim3,2026-10-10T05:56:39+00:00,synthetic,0.05,2196,11.6,local,ARC+WB2,ARC,WB2,deferred,3969.721148,1517.302119,3877.153737,18140,1133.75,19901,77953,101976,calib_c1 20261008-130316-m7-c1; i>=80 linear extrap,0,0
20261010-055444-d4-sim3,2026-10-10T05:56:40+00:00,synthetic,0.05,2196,11.6,local,ARC+H2,ARC,H2,deferred,3969.721148,1517.302119,3877.153737,18251,1140.6875,19901,77953,101976,calib_c1 20261008-130316-m7-c1; i>=80 linear extrap,0,0
20261010-055444-d4-sim3,2026-10-10T05:56:40+00:00,synthetic,0.05,2196,11.6,local,ARC+NONE,ARC,NONE,deferred,6197.340879,3744.92185,6178.25902,0,0.0,19901,77953,101976,calib_c1 20261008-130316-m7-c1; i>=80 linear extrap,0,0
20261010-055444-d4-sim3,2026-10-10T05:56:40+00:00,synthetic,0.05,2196,11.6,local,S3FIFO+WT,S3FIFO,WT,deferred,3082.077804,629.658775,2965.233643,43924,2745.25,19140,77953,102737,calib_c1 20261008-130316-m7-c1; i>=80 linear extrap,0,0
20261010-055444-d4-sim3,2026-10-10T05:56:40+00:00,synthetic,0.05,2196,11.6,local,S3FIFO+WB,S3FIFO,WB,deferred,3082.077804,629.658775,2965.233643,43862,2741.375,19140,77953,102737,calib_c1 20261008-130316-m7-c1; i>=80 linear extrap,0,0
20261010-055444-d4-sim3,2026-10-10T05:56:40+00:00,synthetic,0.05,2196,11.6,local,S3FIFO+WB2,S3FIFO,WB2,deferred,3995.539594,1543.120565,3902.19899,18130,1133.125,19140,77953,102737,calib_c1 20261008-130316-m7-c1; i>=80 linear extrap,0,0
20261010-055444-d4-sim3,2026-10-10T05:56:40+00:00,synthetic,0.05,2196,11.6,local,S3FIFO+H2,S3FIFO,H2,deferred,3995.539594,1543.120565,3902.19899,18251,1140.6875,19140,77953,102737,calib_c1 20261008-130316-m7-c1; i>=80 linear extrap,0,0
20261010-055444-d4-sim3,2026-10-10T05:56:40+00:00,synthetic,0.05,2196,11.6,local,S3FIFO+NONE,S3FIFO,NONE,deferred,6317.088087,3864.669058,6295.073714,0,0.0,19140,77953,102737,calib_c1 20261008-130316-m7-c1; i>=80 linear extrap,0,0
20261010-055444-d4-sim3,2026-10-10T05:56:40+00:00,synthetic,0.05,2196,11.6,local,WTPa+WBR,WTPa,WBR,wtp_a,3057.883876,605.464846,2948.160101,17607,1100.4375,25927,77953,58658,calib_c1 20261008-130316-m7-c1; i>=80 linear extrap,0,0
20261010-055444-d4-sim3,2026-10-10T05:56:40+00:00,synthetic,0.05,2196,11.6,local,WTPa+WTR,WTPa,WTR,wtp_a,3057.883876,605.464846,2948.160101,18251,1140.6875,25927,77953,58658,calib_c1 20261008-130316-m7-c1; i>=80 linear extrap,0,0
20261010-055444-d4-sim3,2026-10-10T05:56:40+00:00,synthetic,0.05,2196,11.6,local,WTPb+WB,WTPb,WB,wtp_b,3065.302111,612.883082,2953.367296,43844,2740.25,23846,77953,38869,calib_c1 20261008-130316-m7-c1; i>=80 linear extrap,0,0
20261010-055444-d4-sim3,2026-10-10T05:56:40+00:00,synthetic,0.05,2196,11.6,local,OPT-BELADY,BELADY,NEED,opt,2978.432824,526.013795,2892.456039,15709,981.8125,48215,77953,31160,calib_c1 20261008-130316-m7-c1; i>=80 linear extrap,0,0
20261010-055444-d4-sim3,2026-10-10T05:56:40+00:00,synthetic,0.05,2196,11.6,local,OPT-COST,COSTBELADY,NEED,opt,2980.093995,527.674966,2893.906321,15661,978.8125,47749,77953,30863,calib_c1 20261008-130316-m7-c1; i>=80 linear extrap,0,0
20261010-055444-d4-sim3,2026-10-10T05:56:40+00:00,synthetic,0.05,2196,11.6,local,KEVa+WBR,KEVa,WBR,kev_a,3057.883876,605.464846,2948.160101,17607,1100.4375,25927,77953,95950,calib_c1 20261008-130316-m7-c1; i>=80 linear extrap,0,0
20261010-055444-d4-sim3,2026-10-10T05:56:40+00:00,synthetic,0.05,2196,11.6,local,KEVa+WB,KEVa,WB,kev_a,3057.883876,605.464846,2948.160101,43706,2731.625,25927,77953,95950,calib_c1 20261008-130316-m7-c1; i>=80 linear extrap,0,0
20261010-055444-d4-sim3,2026-10-10T05:56:40+00:00,synthetic,0.05,2196,11.6,local,KEVb+WB,KEVb,WB,kev_b,3056.728898,604.309869,2947.284179,43698,2731.125,26251,77953,95626,calib_c1 20261008-130316-m7-c1; i>=80 linear extrap,0,0
20261010-055444-d4-sim3,2026-10-10T05:56:41+00:00,synthetic,0.05,2196,11.6,nfs,LRU+WT,LRU,WT,deferred,6204.084239,3751.66521,5995.699478,352,22.0,18861,77953,103016,calib_c1 20261008-130316-m7-c1; i>=80 linear extrap,0,0
20261010-055444-d4-sim3,2026-10-10T05:56:41+00:00,synthetic,0.05,2196,11.6,nfs,LRU+WB,LRU,WB,deferred,6204.084239,3751.66521,5995.699478,352,22.0,18861,77953,103016,calib_c1 20261008-130316-m7-c1; i>=80 linear extrap,0,0
20261010-055444-d4-sim3,2026-10-10T05:56:41+00:00,synthetic,0.05,2196,11.6,nfs,LRU+WB2,LRU,WB2,deferred,6220.481899,3768.06287,6039.622627,192,12.0,18861,77953,103016,calib_c1 20261008-130316-m7-c1; i>=80 linear extrap,0,0
20261010-055444-d4-sim3,2026-10-10T05:56:41+00:00,synthetic,0.05,2196,11.6,nfs,LRU+H2,LRU,H2,deferred,6220.481899,3768.06287,6039.622627,192,12.0,18861,77953,103016,calib_c1 20261008-130316-m7-c1; i>=80 linear extrap,0,0
20261010-055444-d4-sim3,2026-10-10T05:56:41+00:00,synthetic,0.05,2196,11.6,nfs,LRU+NONE,LRU,NONE,deferred,6318.867858,3866.448829,6303.161521,0,0.0,18861,77953,103016,calib_c1 20261008-130316-m7-c1; i>=80 linear extrap,0,0
20261010-055444-d4-sim3,2026-10-10T05:56:41+00:00,synthetic,0.05,2196,11.6,nfs,2HIT+WT,2HIT,WT,deferred,6152.40063,3699.981601,5941.691021,352,22.0,19842,77953,58111,calib_c1 20261008-130316-m7-c1; i>=80 linear extrap,0,0
20261010-055444-d4-sim3,2026-10-10T05:56:41+00:00,synthetic,0.05,2196,11.6,nfs,2HIT+WB,2HIT,WB,deferred,6152.40063,3699.981601,5941.691021,352,22.0,19842,77953,58111,calib_c1 20261008-130316-m7-c1; i>=80 linear extrap,0,0
20261010-055444-d4-sim3,2026-10-10T05:56:42+00:00,synthetic,0.05,2196,11.6,nfs,2HIT+WB2,2HIT,WB2,deferred,6168.79829,3716.379261,5985.61417,192,12.0,19842,77953,58111,calib_c1 20261008-130316-m7-c1; i>=80 linear extrap,0,0
20261010-055444-d4-sim3,2026-10-10T05:56:42+00:00,synthetic,0.05,2196,11.6,nfs,2HIT+H2,2HIT,H2,deferred,6168.79829,3716.379261,5985.61417,192,12.0,19842,77953,58111,calib_c1 20261008-130316-m7-c1; i>=80 linear extrap,0,0
20261010-055444-d4-sim3,2026-10-10T05:56:42+00:00,synthetic,0.05,2196,11.6,nfs,2HIT+NONE,2HIT,NONE,deferred,6267.18425,3814.765221,6249.153064,0,0.0,19842,77953,58111,calib_c1 20261008-130316-m7-c1; i>=80 linear extrap,0,0
20261010-055444-d4-sim3,2026-10-10T05:56:42+00:00,synthetic,0.05,2196,11.6,nfs,SLRU+WT,SLRU,WT,deferred,6377.784403,3925.365374,6140.293976,352,22.0,16651,77953,105226,calib_c1 20261008-130316-m7-c1; i>=80 linear extrap,0,0
20261010-055444-d4-sim3,2026-10-10T05:56:42+00:00,synthetic,0.05,2196,11.6,nfs,SLRU+WB,SLRU,WB,deferred,6377.784403,3925.365374,6140.293976,352,22.0,16651,77953,105226,calib_c1 20261008-130316-m7-c1; i>=80 linear extrap,0,0
20261010-055444-d4-sim3,2026-10-10T05:56:42+00:00,synthetic,0.05,2196,11.6,nfs,SLRU+WB2,SLRU,WB2,deferred,6394.182063,3941.763034,6184.217125,192,12.0,16651,77953,105226,calib_c1 20261008-130316-m7-c1; i>=80 linear extrap,0,0
20261010-055444-d4-sim3,2026-10-10T05:56:42+00:00,synthetic,0.05,2196,11.6,nfs,SLRU+H2,SLRU,H2,deferred,6394.182063,3941.763034,6184.217125,192,12.0,16651,77953,105226,calib_c1 20261008-130316-m7-c1; i>=80 linear extrap,0,0
20261010-055444-d4-sim3,2026-10-10T05:56:42+00:00,synthetic,0.05,2196,11.6,nfs,SLRU+NONE,SLRU,NONE,deferred,6508.965682,4056.546653,6491.679168,0,0.0,16651,77953,105226,calib_c1 20261008-130316-m7-c1; i>=80 linear extrap,0,0
20261010-055444-d4-sim3,2026-10-10T05:56:42+00:00,synthetic,0.05,2196,11.6,nfs,ARC+WT,ARC,WT,deferred,6112.568078,3660.149049,5940.945639,352,22.0,19901,77953,101976,calib_c1 20261008-130316-m7-c1; i>=80 linear extrap,0,0
20261010-055444-d4-sim3,2026-10-10T05:56:42+00:00,synthetic,0.05,2196,11.6,nfs,ARC+WB,ARC,WB,deferred,6112.568078,3660.149049,5940.945639,351,21.9375,19901,77953,101976,calib_c1 20261008-130316-m7-c1; i>=80 linear extrap,0,0
20261010-055444-d4-sim3,2026-10-10T05:56:42+00:00,synthetic,0.05,2196,11.6,nfs,ARC+WB2,ARC,WB2,deferred,6128.965738,3676.546709,5984.868788,192,12.0,19901,77953,101976,calib_c1 20261008-130316-m7-c1; i>=80 linear extrap,0,0
20261010-055444-d4-sim3,2026-10-10T05:56:42+00:00,synthetic,0.05,2196,11.6,nfs,ARC+H2,ARC,H2,deferred,6128.965738,3676.546709,5984.868788,192,12.0,19901,77953,101976,calib_c1 20261008-130316-m7-c1; i>=80 linear extrap,0,0
20261010-055444-d4-sim3,2026-10-10T05:56:42+00:00,synthetic,0.05,2196,11.6,nfs,ARC+NONE,ARC,NONE,deferred,6197.340879,3744.92185,6178.25902,0,0.0,19901,77953,101976,calib_c1 20261008-130316-m7-c1; i>=80 linear extrap,0,0
20261010-055444-d4-sim3,2026-10-10T05:56:42+00:00,synthetic,0.05,2196,11.6,nfs,S3FIFO+WT,S3FIFO,WT,deferred,6202.304468,3749.885439,5987.611672,352,22.0,19140,77953,102737,calib_c1 20261008-130316-m7-c1; i>=80 linear extrap,0,0
20261010-055444-d4-sim3,2026-10-10T05:56:42+00:00,synthetic,0.05,2196,11.6,nfs,S3FIFO+WB,S3FIFO,WB,deferred,6202.304468,3749.885439,5987.611672,352,22.0,19140,77953,102737,calib_c1 20261008-130316-m7-c1; i>=80 linear extrap,0,0
20261010-055444-d4-sim3,2026-10-10T05:56:42+00:00,synthetic,0.05,2196,11.6,nfs,S3FIFO+WB2,S3FIFO,WB2,deferred,6218.702128,3766.283099,6031.53482,192,12.0,19140,77953,102737,calib_c1 20261008-130316-m7-c1; i>=80 linear extrap,0,0
20261010-055444-d4-sim3,2026-10-10T05:56:42+00:00,synthetic,0.05,2196,11.6,nfs,S3FIFO+H2,S3FIFO,H2,deferred,6218.702128,3766.283099,6031.53482,192,12.0,19140,77953,102737,calib_c1 20261008-130316-m7-c1; i>=80 linear extrap,0,0
20261010-055444-d4-sim3,2026-10-10T05:56:42+00:00,synthetic,0.05,2196,11.6,nfs,S3FIFO+NONE,S3FIFO,NONE,deferred,6317.088087,3864.669058,6295.073714,0,0.0,19140,77953,102737,calib_c1 20261008-130316-m7-c1; i>=80 linear extrap,0,0
20261010-055444-d4-sim3,2026-10-10T05:56:43+00:00,synthetic,0.05,2196,11.6,nfs,WTPa+WBR,WTPa,WBR,wtp_a,5806.896324,3354.477295,5619.25785,192,12.0,25927,77953,58658,calib_c1 20261008-130316-m7-c1; i>=80 linear extrap,0,0
20261010-055444-d4-sim3,2026-10-10T05:56:43+00:00,synthetic,0.05,2196,11.6,nfs,WTPa+WTR,WTPa,WTR,wtp_a,5806.896324,3354.477295,5619.25785,192,12.0,25927,77953,58658,calib_c1 20261008-130316-m7-c1; i>=80 linear extrap,0,0
20261010-055444-d4-sim3,2026-10-10T05:56:43+00:00,synthetic,0.05,2196,11.6,nfs,WTPb+WB,WTPb,WB,wtp_b,5893.182865,3440.763836,5732.690866,352,22.0,23846,77953,38869,calib_c1 20261008-130316-m7-c1; i>=80 linear extrap,0,0
20261010-055444-d4-sim3,2026-10-10T05:56:43+00:00,synthetic,0.05,2196,11.6,nfs,OPT-BELADY,BELADY,NEED,opt,4496.292003,2043.872974,4416.490682,192,12.0,48215,77953,31160,calib_c1 20261008-130316-m7-c1; i>=80 linear extrap,0,0
20261010-055444-d4-sim3,2026-10-10T05:56:43+00:00,synthetic,0.05,2196,11.6,nfs,OPT-COST,COSTBELADY,NEED,opt,4345.436571,1893.017542,4246.38594,0,0.0,46215,77953,31433,calib_c1 20261008-130316-m7-c1; i>=80 linear extrap,0,0
20261010-055444-d4-sim3,2026-10-10T05:56:43+00:00,synthetic,0.05,2196,11.6,nfs,KEVa+WBR,KEVa,WBR,kev_a,5806.896324,3354.477295,5619.25785,192,12.0,25927,77953,95950,calib_c1 20261008-130316-m7-c1; i>=80 linear extrap,0,0
20261010-055444-d4-sim3,2026-10-10T05:56:43+00:00,synthetic,0.05,2196,11.6,nfs,KEVa+WB,KEVa,WB,kev_a,5806.896324,3354.477295,5619.25785,352,22.0,25927,77953,95950,calib_c1 20261008-130316-m7-c1; i>=80 linear extrap,0,0
20261010-055444-d4-sim3,2026-10-10T05:56:43+00:00,synthetic,0.05,2196,11.6,nfs,KEVb+WB,KEVb,WB,kev_b,5752.611235,3300.192206,5592.962158,351,21.9375,26251,77953,95626,calib_c1 20261008-130316-m7-c1; i>=80 linear extrap,0,0
20261010-055444-d4-sim3,2026-10-10T05:56:48+00:00,toolagent,0.02,3666,3.69,local,LRU+WT,LRU,WT,deferred,12235.310388,2026.133982,11871.754929,183300,11456.25,149707,226316,259909,calib_c1 20261008-130316-m7-c1; i>=80 linear extrap,0,0
20261010-055444-d4-sim3,2026-10-10T05:56:48+00:00,toolagent,0.02,3666,3.69,local,LRU+WB,LRU,WB,deferred,13384.877842,3175.701437,12462.839812,180564,11285.25,149707,226316,259909,calib_c1 20261008-130316-m7-c1; i>=80 linear extrap,0,0
20261010-055444-d4-sim3,2026-10-10T05:56:49+00:00,toolagent,0.02,3666,3.69,local,LRU+WB2,LRU,WB2,deferred,14964.150278,4754.973872,13991.414152,39072,2442.0,149707,226316,259909,calib_c1 20261008-130316-m7-c1; i>=80 linear extrap,0,0
20261010-055444-d4-sim3,2026-10-10T05:56:50+00:00,toolagent,0.02,3666,3.69,local,LRU+H2,LRU,H2,deferred,13837.899002,3628.722597,13415.440297,39481,2467.5625,149707,226316,259909,calib_c1 20261008-130316-m7-c1; i>=80 linear extrap,0,0
20261010-055444-d4-sim3,2026-10-10T05:56:50+00:00,toolagent,0.02,3666,3.69,local,LRU+NONE,LRU,NONE,deferred,17008.949496,6799.77309,16157.146798,0,0.0,149707,226316,259909,calib_c1 20261008-130316-m7-c1; i>=80 linear extrap,0,0
20261010-055444-d4-sim3,2026-10-10T05:56:51+00:00,toolagent,0.02,3666,3.69,local,2HIT+WT,2HIT,WT,deferred,12235.310388,2026.133982,11871.754929,183300,11456.25,169522,226316,56794,calib_c1 20261008-130316-m7-c1; i>=80 linear extrap,0,0
20261010-055444-d4-sim3,2026-10-10T05:56:51+00:00,toolagent,0.02,3666,3.69,local,2HIT+WB,2HIT,WB,deferred,12235.310388,2026.133982,11871.754929,183300,11456.25,169522,226316,56794,calib_c1 20261008-130316-m7-c1; i>=80 linear extrap,0,0
20261010-055444-d4-sim3,2026-10-10T05:56:52+00:00,toolagent,0.02,3666,3.69,local,2HIT+WB2,2HIT,WB2,deferred,15254.219158,5045.042753,14231.827923,37049,2315.5625,169522,226316,56794,calib_c1 20261008-130316-m7-c1; i>=80 linear extrap,0,0
20261010-055444-d4-sim3,2026-10-10T05:56:53+00:00,toolagent,0.02,3666,3.69,local,2HIT+H2,2HIT,H2,deferred,13990.394444,3781.218039,13576.478579,39481,2467.5625,169522,226316,56794,calib_c1 20261008-130316-m7-c1; i>=80 linear extrap,0,0
20261010-055444-d4-sim3,2026-10-10T05:56:53+00:00,toolagent,0.02,3666,3.69,local,2HIT+NONE,2HIT,NONE,deferred,16211.391036,6002.214631,15207.643871,0,0.0,169522,226316,56794,calib_c1 20261008-130316-m7-c1; i>=80 linear extrap,0,0
20261010-055444-d4-sim3,2026-10-10T05:56:54+00:00,toolagent,0.02,3666,3.69,local,SLRU+WT,SLRU,WT,deferred,12235.310388,2026.133982,11871.754929,183300,11456.25,150541,226316,259075,calib_c1 20261008-130316-m7-c1; i>=80 linear extrap,0,0
20261010-055444-d4-sim3,2026-10-10T05:56:54+00:00,toolagent,0.02,3666,3.69,local,SLRU+WB,SLRU,WB,deferred,13401.287002,3192.110597,12472.061621,180868,11304.25,150541,226316,259075,calib_c1 20261008-130316-m7-c1; i>=80 linear extrap,0,0
20261010-055444-d4-sim3,2026-10-10T05:56:55+00:00,toolagent,0.02,3666,3.69,local,SLRU+WB2,SLRU,WB2,deferred,15106.223614,4897.047209,14118.87881,37254,2328.375,150541,226316,259075,calib_c1 20261008-130316-m7-c1; i>=80 linear extrap,0,0
20261010-055444-d4-sim3,2026-10-10T05:56:55+00:00,toolagent,0.02,3666,3.69,local,SLRU+H2,SLRU,H2,deferred,13935.759434,3726.583029,13518.804382,39481,2467.5625,150541,226316,259075,calib_c1 20261008-130316-m7-c1; i>=80 linear extrap,0,0
20261010-055444-d4-sim3,2026-10-10T05:56:56+00:00,toolagent,0.02,3666,3.69,local,SLRU+NONE,SLRU,NONE,deferred,16901.575463,6692.399058,16011.387671,0,0.0,150541,226316,259075,calib_c1 20261008-130316-m7-c1; i>=80 linear extrap,0,0
20261010-055444-d4-sim3,2026-10-10T05:56:57+00:00,toolagent,0.02,3666,3.69,local,ARC+WT,ARC,WT,deferred,12235.310388,2026.133982,11871.754929,183300,11456.25,153278,226316,256338,calib_c1 20261008-130316-m7-c1; i>=80 linear extrap,0,0
20261010-055444-d4-sim3,2026-10-10T05:56:57+00:00,toolagent,0.02,3666,3.69,local,ARC+WB,ARC,WB,deferred,13185.428695,2976.25229,12362.061355,180705,11294.0625,153278,226316,256338,calib_c1 20261008-130316-m7-c1; i>=80 linear extrap,0,0
20261010-055444-d4-sim3,2026-10-10T05:56:58+00:00,toolagent,0.02,3666,3.69,local,ARC+WB2,ARC,WB2,deferred,14841.747472,4632.571067,13959.579253,39083,2442.6875,153278,226316,256338,calib_c1 20261008-130316-m7-c1; i>=80 linear extrap,0,0
20261010-055444-d4-sim3,2026-10-10T05:56:58+00:00,toolagent,0.02,3666,3.69,local,ARC+H2,ARC,H2,deferred,13890.032166,3680.855761,13470.329315,39481,2467.5625,153278,226316,256338,calib_c1 20261008-130316-m7-c1; i>=80 linear extrap,0,0
20261010-055444-d4-sim3,2026-10-10T05:56:59+00:00,toolagent,0.02,3666,3.69,local,ARC+NONE,ARC,NONE,deferred,16855.678124,6646.501718,15962.667032,0,0.0,153278,226316,256338,calib_c1 20261008-130316-m7-c1; i>=80 linear extrap,0,0
20261010-055444-d4-sim3,2026-10-10T05:57:00+00:00,toolagent,0.02,3666,3.69,local,S3FIFO+WT,S3FIFO,WT,deferred,12235.310388,2026.133982,11871.754929,183300,11456.25,157774,226316,251842,calib_c1 20261008-130316-m7-c1; i>=80 linear extrap,0,0
20261010-055444-d4-sim3,2026-10-10T05:57:00+00:00,toolagent,0.02,3666,3.69,local,S3FIFO+WB,S3FIFO,WB,deferred,13375.43958,3166.263175,12457.525137,182738,11421.125,157774,226316,251842,calib_c1 20261008-130316-m7-c1; i>=80 linear extrap,0,0
20261010-055444-d4-sim3,2026-10-10T05:57:01+00:00,toolagent,0.02,3666,3.69,local,S3FIFO+WB2,S3FIFO,WB2,deferred,15182.569485,4973.39308,14178.75267,37520,2345.0,157774,226316,251842,calib_c1 20261008-130316-m7-c1; i>=80 linear extrap,0,0
20261010-055444-d4-sim3,2026-10-10T05:57:01+00:00,toolagent,0.02,3666,3.69,local,S3FIFO+H2,S3FIFO,H2,deferred,13969.561264,3760.384859,13553.647948,39481,2467.5625,157774,226316,251842,calib_c1 20261008-130316-m7-c1; i>=80 linear extrap,0,0
20261010-055444-d4-sim3,2026-10-10T05:57:02+00:00,toolagent,0.02,3666,3.69,local,S3FIFO+NONE,S3FIFO,NONE,deferred,16630.292195,6421.115789,15679.147676,0,0.0,157774,226316,251842,calib_c1 20261008-130316-m7-c1; i>=80 linear extrap,0,0
20261010-055444-d4-sim3,2026-10-10T05:57:03+00:00,toolagent,0.02,3666,3.69,local,WTPa+WBR,WTPa,WBR,wtp_a,13715.408628,3506.232223,12657.950816,15539,971.1875,203418,226316,52502,calib_c1 20261008-130316-m7-c1; i>=80 linear extrap,0,0
20261010-055444-d4-sim3,2026-10-10T05:57:03+00:00,toolagent,0.02,3666,3.69,local,WTPa+WTR,WTPa,WTR,wtp_a,12235.310388,2026.133982,11871.754929,39481,2467.5625,203418,226316,52502,calib_c1 20261008-130316-m7-c1; i>=80 linear extrap,0,0
20261010-055444-d4-sim3,2026-10-10T05:57:04+00:00,toolagent,0.02,3666,3.69,local,WTPb+WB,WTPb,WB,wtp_b,12462.219924,2253.043519,12009.168618,180623,11288.9375,183583,226316,67028,calib_c1 20261008-130316-m7-c1; i>=80 linear extrap,0,0
20261010-055444-d4-sim3,2026-10-10T05:57:04+00:00,toolagent,0.02,3666,3.69,local,OPT-BELADY,BELADY,NEED,opt,13969.25953,3760.083125,12803.601967,8236,514.75,217151,226316,42870,calib_c1 20261008-130316-m7-c1; i>=80 linear extrap,0,0
20261010-055444-d4-sim3,2026-10-10T05:57:05+00:00,toolagent,0.02,3666,3.69,local,OPT-COST,COSTBELADY,NEED,opt,12235.310388,2026.133982,11871.754929,39481,2467.5625,0,226316,0,calib_c1 20261008-130316-m7-c1; i>=80 linear extrap,0,0
20261010-055444-d4-sim3,2026-10-10T05:57:06+00:00,toolagent,0.02,3666,3.69,local,KEVa+WBR,KEVa,WBR,kev_a,13715.408628,3506.232223,12657.950816,15539,971.1875,203418,226316,206198,calib_c1 20261008-130316-m7-c1; i>=80 linear extrap,0,0
20261010-055444-d4-sim3,2026-10-10T05:57:06+00:00,toolagent,0.02,3666,3.69,local,KEVa+WB,KEVa,WB,kev_a,13715.408628,3506.232223,12657.950816,179979,11248.6875,203418,226316,206198,calib_c1 20261008-130316-m7-c1; i>=80 linear extrap,0,0
20261010-055444-d4-sim3,2026-10-10T05:57:07+00:00,toolagent,0.02,3666,3.69,local,KEVb+WB,KEVb,WB,kev_b,12551.635872,2342.459467,12063.593319,180066,11254.125,162486,226316,247130,calib_c1 20261008-130316-m7-c1; i>=80 linear extrap,0,0
20261010-055444-d4-sim3,2026-10-10T05:57:08+00:00,toolagent,0.02,3666,3.69,nfs,LRU+WT,LRU,WT,deferred,17000.577635,6791.40123,16064.959346,2105,131.5625,149707,226316,259909,calib_c1 20261008-130316-m7-c1; i>=80 linear extrap,0,0
20261010-055444-d4-sim3,2026-10-10T05:57:09+00:00,toolagent,0.02,3666,3.69,nfs,LRU+WB,LRU,WB,deferred,17000.577635,6791.40123,16064.959346,2054,128.375,149707,226316,259909,calib_c1 20261008-130316-m7-c1; i>=80 linear extrap,0,0
20261010-055444-d4-sim3,2026-10-10T05:57:09+00:00,toolagent,0.02,3666,3.69,nfs,LRU+WB2,LRU,WB2,deferred,17006.691655,6797.515249,16127.705522,311,19.4375,149707,226316,259909,calib_c1 20261008-130316-m7-c1; i>=80 linear extrap,0,0
20261010-055444-d4-sim3,2026-10-10T05:57:10+00:00,toolagent,0.02,3666,3.69,nfs,LRU+H2,LRU,H2,deferred,17006.691655,6797.515249,16127.705522,311,19.4375,149707,226316,259909,calib_c1 20261008-130316-m7-c1; i>=80 linear extrap,0,0
20261010-055444-d4-sim3,2026-10-10T05:57:11+00:00,toolagent,0.02,3666,3.69,nfs,LRU+NONE,LRU,NONE,deferred,17008.949496,6799.77309,16157.146798,0,0.0,149707,226316,259909,calib_c1 20261008-130316-m7-c1; i>=80 linear extrap,0,0
20261010-055444-d4-sim3,2026-10-10T05:57:11+00:00,toolagent,0.02,3666,3.69,nfs,2HIT+WT,2HIT,WT,deferred,16205.052283,5995.875878,15139.366673,2105,131.5625,169522,226316,56794,calib_c1 20261008-130316-m7-c1; i>=80 linear extrap,0,0
20261010-055444-d4-sim3,2026-10-10T05:57:12+00:00,toolagent,0.02,3666,3.69,nfs,2HIT+WB,2HIT,WB,deferred,16205.052283,5995.875878,15139.366673,2105,131.5625,169522,226316,56794,calib_c1 20261008-130316-m7-c1; i>=80 linear extrap,0,0
20261010-055444-d4-sim3,2026-10-10T05:57:12+00:00,toolagent,0.02,3666,3.69,nfs,2HIT+WB2,2HIT,WB2,deferred,16211.222001,6002.045596,15202.000394,311,19.4375,169522,226316,56794,calib_c1 20261008-130316-m7-c1; i>=80 linear extrap,0,0
20261010-055444-d4-sim3,2026-10-10T05:57:13+00:00,toolagent,0.02,3666,3.69,nfs,2HIT+H2,2HIT,H2,deferred,16211.222001,6002.045596,15202.000394,311,19.4375,169522,226316,56794,calib_c1 20261008-130316-m7-c1; i>=80 linear extrap,0,0
20261010-055444-d4-sim3,2026-10-10T05:57:14+00:00,toolagent,0.02,3666,3.69,nfs,2HIT+NONE,2HIT,NONE,deferred,16211.391036,6002.214631,15207.643871,0,0.0,169522,226316,56794,calib_c1 20261008-130316-m7-c1; i>=80 linear extrap,0,0
20261010-055444-d4-sim3,2026-10-10T05:57:14+00:00,toolagent,0.02,3666,3.69,nfs,SLRU+WT,SLRU,WT,deferred,16893.147904,6683.971499,15917.068008,2105,131.5625,150541,226316,259075,calib_c1 20261008-130316-m7-c1; i>=80 linear extrap,0,0
20261010-055444-d4-sim3,2026-10-10T05:57:15+00:00,toolagent,0.02,3666,3.69,nfs,SLRU+WB,SLRU,WB,deferred,16893.147904,6683.971499,15917.068008,2054,128.375,150541,226316,259075,calib_c1 20261008-130316-m7-c1; i>=80 linear extrap,0,0
20261010-055444-d4-sim3,2026-10-10T05:57:15+00:00,toolagent,0.02,3666,3.69,nfs,SLRU+WB2,SLRU,WB2,deferred,16899.317622,6690.141217,15981.946395,311,19.4375,150541,226316,259075,calib_c1 20261008-130316-m7-c1; i>=80 linear extrap,0,0
20261010-055444-d4-sim3,2026-10-10T05:57:16+00:00,toolagent,0.02,3666,3.69,nfs,SLRU+H2,SLRU,H2,deferred,16899.317622,6690.141217,15981.946395,311,19.4375,150541,226316,259075,calib_c1 20261008-130316-m7-c1; i>=80 linear extrap,0,0
20261010-055444-d4-sim3,2026-10-10T05:57:16+00:00,toolagent,0.02,3666,3.69,nfs,SLRU+NONE,SLRU,NONE,deferred,16901.575463,6692.399058,16011.387671,0,0.0,150541,226316,259075,calib_c1 20261008-130316-m7-c1; i>=80 linear extrap,0,0
20261010-055444-d4-sim3,2026-10-10T05:57:17+00:00,toolagent,0.02,3666,3.69,nfs,ARC+WT,ARC,WT,deferred,16847.306263,6638.129858,15871.417933,2105,131.5625,153278,226316,256338,calib_c1 20261008-130316-m7-c1; i>=80 linear extrap,0,0
20261010-055444-d4-sim3,2026-10-10T05:57:18+00:00,toolagent,0.02,3666,3.69,nfs,ARC+WB,ARC,WB,deferred,16847.306263,6638.129858,15871.417933,2054,128.375,153278,226316,256338,calib_c1 20261008-130316-m7-c1; i>=80 linear extrap,0,0
20261010-055444-d4-sim3,2026-10-10T05:57:18+00:00,toolagent,0.02,3666,3.69,nfs,ARC+WB2,ARC,WB2,deferred,16853.475981,6644.299576,15935.357966,311,19.4375,153278,226316,256338,calib_c1 20261008-130316-m7-c1; i>=80 linear extrap,0,0
20261010-055444-d4-sim3,2026-10-10T05:57:19+00:00,toolagent,0.02,3666,3.69,nfs,ARC+H2,ARC,H2,deferred,16853.475981,6644.299576,15935.357966,311,19.4375,153278,226316,256338,calib_c1 20261008-130316-m7-c1; i>=80 linear extrap,0,0
20261010-055444-d4-sim3,2026-10-10T05:57:19+00:00,toolagent,0.02,3666,3.69,nfs,ARC+NONE,ARC,NONE,deferred,16855.678124,6646.501718,15962.667032,0,0.0,153278,226316,256338,calib_c1 20261008-130316-m7-c1; i>=80 linear extrap,0,0
20261010-055444-d4-sim3,2026-10-10T05:57:20+00:00,toolagent,0.02,3666,3.69,nfs,S3FIFO+WT,S3FIFO,WT,deferred,16622.60252,6413.426115,15596.277771,2105,131.5625,157774,226316,251842,calib_c1 20261008-130316-m7-c1; i>=80 linear extrap,0,0
20261010-055444-d4-sim3,2026-10-10T05:57:21+00:00,toolagent,0.02,3666,3.69,nfs,S3FIFO+WB,S3FIFO,WB,deferred,16622.60252,6413.426115,15596.277771,2096,131.0,157774,226316,251842,calib_c1 20261008-130316-m7-c1; i>=80 linear extrap,0,0
20261010-055444-d4-sim3,2026-10-10T05:57:21+00:00,toolagent,0.02,3666,3.69,nfs,S3FIFO+WB2,S3FIFO,WB2,deferred,16628.772237,6419.595832,15659.882977,311,19.4375,157774,226316,251842,calib_c1 20261008-130316-m7-c1; i>=80 linear extrap,0,0
20261010-055444-d4-sim3,2026-10-10T05:57:22+00:00,toolagent,0.02,3666,3.69,nfs,S3FIFO+H2,S3FIFO,H2,deferred,16628.772237,6419.595832,15659.882977,311,19.4375,157774,226316,251842,calib_c1 20261008-130316-m7-c1; i>=80 linear extrap,0,0
20261010-055444-d4-sim3,2026-10-10T05:57:22+00:00,toolagent,0.02,3666,3.69,nfs,S3FIFO+NONE,S3FIFO,NONE,deferred,16630.292195,6421.115789,15679.147676,0,0.0,157774,226316,251842,calib_c1 20261008-130316-m7-c1; i>=80 linear extrap,0,0
20261010-055444-d4-sim3,2026-10-10T05:57:23+00:00,toolagent,0.02,3666,3.69,nfs,WTPa+WBR,WTPa,WBR,wtp_a,14988.370303,4779.193897,13877.893341,68,4.25,203418,226316,52502,calib_c1 20261008-130316-m7-c1; i>=80 linear extrap,0,0
20261010-055444-d4-sim3,2026-10-10T05:57:24+00:00,toolagent,0.02,3666,3.69,nfs,WTPa+WTR,WTPa,WTR,wtp_a,14988.370303,4779.193897,13877.893341,311,19.4375,203418,226316,52502,calib_c1 20261008-130316-m7-c1; i>=80 linear extrap,0,0
20261010-055444-d4-sim3,2026-10-10T05:57:24+00:00,toolagent,0.02,3666,3.69,nfs,WTPb+WB,WTPb,WB,wtp_b,15677.890673,5468.714268,14643.933295,2105,131.5625,183583,226316,67028,calib_c1 20261008-130316-m7-c1; i>=80 linear extrap,0,0
20261010-055444-d4-sim3,2026-10-10T05:57:25+00:00,toolagent,0.02,3666,3.69,nfs,OPT-BELADY,BELADY,NEED,opt,14427.989338,4218.812933,13256.597586,67,4.1875,217151,226316,42870,calib_c1 20261008-130316-m7-c1; i>=80 linear extrap,0,0
20261010-055444-d4-sim3,2026-10-10T05:57:25+00:00,toolagent,0.02,3666,3.69,nfs,OPT-COST,COSTBELADY,NEED,opt,14295.204572,4086.028167,13048.2815,0,0.0,214765,226316,43341,calib_c1 20261008-130316-m7-c1; i>=80 linear extrap,0,0
20261010-055444-d4-sim3,2026-10-10T05:57:26+00:00,toolagent,0.02,3666,3.69,nfs,KEVa+WBR,KEVa,WBR,kev_a,14988.370303,4779.193897,13877.893341,68,4.25,203418,226316,206198,calib_c1 20261008-130316-m7-c1; i>=80 linear extrap,0,0
20261010-055444-d4-sim3,2026-10-10T05:57:27+00:00,toolagent,0.02,3666,3.69,nfs,KEVa+WB,KEVa,WB,kev_a,14988.370303,4779.193897,13877.893341,2054,128.375,203418,226316,206198,calib_c1 20261008-130316-m7-c1; i>=80 linear extrap,0,0
20261010-055444-d4-sim3,2026-10-10T05:57:27+00:00,toolagent,0.02,3666,3.69,nfs,KEVb+WB,KEVb,WB,kev_b,15755.801004,5546.624599,14818.914522,2077,129.8125,162486,226316,247130,calib_c1 20261008-130316-m7-c1; i>=80 linear extrap,0,0
20261010-055444-d4-sim3,2026-10-10T05:57:29+00:00,toolagent,0.02,3666,11.6,local,LRU+WT,LRU,WT,deferred,11701.643007,1492.466601,11506.092962,183300,11456.25,149707,226316,259909,calib_c1 20261008-130316-m7-c1; i>=80 linear extrap,0,0
20261010-055444-d4-sim3,2026-10-10T05:57:30+00:00,toolagent,0.02,3666,11.6,local,LRU+WB,LRU,WB,deferred,11701.643007,1492.466601,11506.092962,180564,11285.25,149707,226316,259909,calib_c1 20261008-130316-m7-c1; i>=80 linear extrap,0,0
20261010-055444-d4-sim3,2026-10-10T05:57:30+00:00,toolagent,0.02,3666,11.6,local,LRU+WB2,LRU,WB2,deferred,13268.051619,3058.875214,13028.779573,39072,2442.0,149707,226316,259909,calib_c1 20261008-130316-m7-c1; i>=80 linear extrap,0,0
20261010-055444-d4-sim3,2026-10-10T05:57:31+00:00,toolagent,0.02,3666,11.6,local,LRU+H2,LRU,H2,deferred,13268.051619,3058.875214,13028.779573,39481,2467.5625,149707,226316,259909,calib_c1 20261008-130316-m7-c1; i>=80 linear extrap,0,0
20261010-055444-d4-sim3,2026-10-10T05:57:32+00:00,toolagent,0.02,3666,11.6,local,LRU+NONE,LRU,NONE,deferred,15279.872818,5070.696412,15180.143442,0,0.0,149707,226316,259909,calib_c1 20261008-130316-m7-c1; i>=80 linear extrap,0,0
20261010-055444-d4-sim3,2026-10-10T05:57:32+00:00,toolagent,0.02,3666,11.6,local,2HIT+WT,2HIT,WT,deferred,11631.007571,1421.831166,11455.93325,183300,11456.25,169522,226316,56794,calib_c1 20261008-130316-m7-c1; i>=80 linear extrap,0,0
20261010-055444-d4-sim3,2026-10-10T05:57:33+00:00,toolagent,0.02,3666,11.6,local,2HIT+WB,2HIT,WB,deferred,11631.007571,1421.831166,11455.93325,183300,11456.25,169522,226316,56794,calib_c1 20261008-130316-m7-c1; i>=80 linear extrap,0,0
20261010-055444-d4-sim3,2026-10-10T05:57:34+00:00,toolagent,0.02,3666,11.6,local,2HIT+WB2,2HIT,WB2,deferred,13386.091628,3176.915222,13165.315499,37049,2315.5625,169522,226316,56794,calib_c1 20261008-130316-m7-c1; i>=80 linear extrap,0,0
20261010-055444-d4-sim3,2026-10-10T05:57:34+00:00,toolagent,0.02,3666,11.6,local,2HIT+H2,2HIT,H2,deferred,13386.091628,3176.915222,13165.315499,39481,2467.5625,169522,226316,56794,calib_c1 20261008-130316-m7-c1; i>=80 linear extrap,0,0
20261010-055444-d4-sim3,2026-10-10T05:57:35+00:00,toolagent,0.02,3666,11.6,local,2HIT+NONE,2HIT,NONE,deferred,14253.456293,4044.279888,14092.148699,0,0.0,169522,226316,56794,calib_c1 20261008-130316-m7-c1; i>=80 linear extrap,0,0
20261010-055444-d4-sim3,2026-10-10T05:57:35+00:00,toolagent,0.02,3666,11.6,local,SLRU+WT,SLRU,WT,deferred,11698.670009,1489.493604,11504.493413,183300,11456.25,150541,226316,259075,calib_c1 20261008-130316-m7-c1; i>=80 linear extrap,0,0
20261010-055444-d4-sim3,2026-10-10T05:57:36+00:00,toolagent,0.02,3666,11.6,local,SLRU+WB,SLRU,WB,deferred,11698.670009,1489.493604,11504.493413,180868,11304.25,150541,226316,259075,calib_c1 20261008-130316-m7-c1; i>=80 linear extrap,0,0
20261010-055444-d4-sim3,2026-10-10T05:57:37+00:00,toolagent,0.02,3666,11.6,local,SLRU+WB2,SLRU,WB2,deferred,13386.678437,3177.502032,13146.48635,37254,2328.375,150541,226316,259075,calib_c1 20261008-130316-m7-c1; i>=80 linear extrap,0,0
20261010-055444-d4-sim3,2026-10-10T05:57:37+00:00,toolagent,0.02,3666,11.6,local,SLRU+H2,SLRU,H2,deferred,13386.678437,3177.502032,13146.48635,39481,2467.5625,150541,226316,259075,calib_c1 20261008-130316-m7-c1; i>=80 linear extrap,0,0
20261010-055444-d4-sim3,2026-10-10T05:57:38+00:00,toolagent,0.02,3666,11.6,local,SLRU+NONE,SLRU,NONE,deferred,15162.866303,4953.689898,15042.677806,0,0.0,150541,226316,259075,calib_c1 20261008-130316-m7-c1; i>=80 linear extrap,0,0
20261010-055444-d4-sim3,2026-10-10T05:57:38+00:00,toolagent,0.02,3666,11.6,local,ARC+WT,ARC,WT,deferred,11688.9133,1479.736895,11497.117462,183300,11456.25,153278,226316,256338,calib_c1 20261008-130316-m7-c1; i>=80 linear extrap,0,0
20261010-055444-d4-sim3,2026-10-10T05:57:39+00:00,toolagent,0.02,3666,11.6,local,ARC+WB,ARC,WB,deferred,11688.9133,1479.736895,11497.117462,180705,11294.0625,153278,226316,256338,calib_c1 20261008-130316-m7-c1; i>=80 linear extrap,0,0
20261010-055444-d4-sim3,2026-10-10T05:57:39+00:00,toolagent,0.02,3666,11.6,local,ARC+WB2,ARC,WB2,deferred,13318.666006,3109.489601,13083.028279,39083,2442.6875,153278,226316,256338,calib_c1 20261008-130316-m7-c1; i>=80 linear extrap,0,0
20261010-055444-d4-sim3,2026-10-10T05:57:40+00:00,toolagent,0.02,3666,11.6,local,ARC+H2,ARC,H2,deferred,13318.666006,3109.489601,13083.028279,39481,2467.5625,153278,226316,256338,calib_c1 20261008-130316-m7-c1; i>=80 linear extrap,0,0
20261010-055444-d4-sim3,2026-10-10T05:57:41+00:00,toolagent,0.02,3666,11.6,local,ARC+NONE,ARC,NONE,deferred,15085.35733,4876.180925,14967.150675,0,0.0,153278,226316,256338,calib_c1 20261008-130316-m7-c1; i>=80 linear extrap,0,0
20261010-055444-d4-sim3,2026-10-10T05:57:41+00:00,toolagent,0.02,3666,11.6,local,S3FIFO+WT,S3FIFO,WT,deferred,11672.886203,1463.709798,11486.246631,183300,11456.25,157774,226316,251842,calib_c1 20261008-130316-m7-c1; i>=80 linear extrap,0,0
20261010-055444-d4-sim3,2026-10-10T05:57:42+00:00,toolagent,0.02,3666,11.6,local,S3FIFO+WB,S3FIFO,WB,deferred,11672.886203,1463.709798,11486.246631,182738,11421.125,157774,226316,251842,calib_c1 20261008-130316-m7-c1; i>=80 linear extrap,0,0
20261010-055444-d4-sim3,2026-10-10T05:57:42+00:00,toolagent,0.02,3666,11.6,local,S3FIFO+WB2,S3FIFO,WB2,deferred,13402.905034,3193.728629,13168.525236,37520,2345.0,157774,226316,251842,calib_c1 20261008-130316-m7-c1; i>=80 linear extrap,0,0
20261010-055444-d4-sim3,2026-10-10T05:57:43+00:00,toolagent,0.02,3666,11.6,local,S3FIFO+H2,S3FIFO,H2,deferred,13402.905034,3193.728629,13168.525236,39481,2467.5625,157774,226316,251842,calib_c1 20261008-130316-m7-c1; i>=80 linear extrap,0,0
20261010-055444-d4-sim3,2026-10-10T05:57:44+00:00,toolagent,0.02,3666,11.6,local,S3FIFO+NONE,S3FIFO,NONE,deferred,14808.043777,4598.867372,14662.157065,0,0.0,157774,226316,251842,calib_c1 20261008-130316-m7-c1; i>=80 linear extrap,0,0
20261010-055444-d4-sim3,2026-10-10T05:57:44+00:00,toolagent,0.02,3666,11.6,local,WTPa+WBR,WTPa,WBR,wtp_a,11510.176952,1301.000546,11366.339544,15539,971.1875,203418,226316,52502,calib_c1 20261008-130316-m7-c1; i>=80 linear extrap,0,0
20261010-055444-d4-sim3,2026-10-10T05:57:45+00:00,toolagent,0.02,3666,11.6,local,WTPa+WTR,WTPa,WTR,wtp_a,11510.176952,1301.000546,11366.339544,39481,2467.5625,203418,226316,52502,calib_c1 20261008-130316-m7-c1; i>=80 linear extrap,0,0
20261010-055444-d4-sim3,2026-10-10T05:57:45+00:00,toolagent,0.02,3666,11.6,local,WTPb+WB,WTPb,WB,wtp_b,11580.883682,1371.707277,11417.958439,180623,11288.9375,183583,226316,67028,calib_c1 20261008-130316-m7-c1; i>=80 linear extrap,0,0
20261010-055444-d4-sim3,2026-10-10T05:57:46+00:00,toolagent,0.02,3666,11.6,local,OPT-BELADY,BELADY,NEED,opt,11461.222299,1252.045894,11330.934593,8236,514.75,217151,226316,42870,calib_c1 20261008-130316-m7-c1; i>=80 linear extrap,0,0
20261010-055444-d4-sim3,2026-10-10T05:57:46+00:00,toolagent,0.02,3666,11.6,local,OPT-COST,COSTBELADY,NEED,opt,11464.541078,1255.364672,11333.71311,8779,548.6875,216220,226316,43133,calib_c1 20261008-130316-m7-c1; i>=80 linear extrap,0,0
20261010-055444-d4-sim3,2026-10-10T05:57:47+00:00,toolagent,0.02,3666,11.6,local,KEVa+WBR,KEVa,WBR,kev_a,11510.176952,1301.000546,11366.339544,15539,971.1875,203418,226316,206198,calib_c1 20261008-130316-m7-c1; i>=80 linear extrap,0,0
20261010-055444-d4-sim3,2026-10-10T05:57:48+00:00,toolagent,0.02,3666,11.6,local,KEVa+WB,KEVa,WB,kev_a,11510.176952,1301.000546,11366.339544,179979,11248.6875,203418,226316,206198,calib_c1 20261008-130316-m7-c1; i>=80 linear extrap,0,0
20261010-055444-d4-sim3,2026-10-10T05:57:48+00:00,toolagent,0.02,3666,11.6,local,KEVb+WB,KEVb,WB,kev_b,11656.089122,1446.912716,11463.430361,180066,11254.125,162486,226316,247130,calib_c1 20261008-130316-m7-c1; i>=80 linear extrap,0,0
20261010-055444-d4-sim3,2026-10-10T05:57:50+00:00,toolagent,0.02,3666,11.6,nfs,LRU+WT,LRU,WT,deferred,15271.500957,5062.324552,15087.95599,2105,131.5625,149707,226316,259909,calib_c1 20261008-130316-m7-c1; i>=80 linear extrap,0,0
20261010-055444-d4-sim3,2026-10-10T05:57:50+00:00,toolagent,0.02,3666,11.6,nfs,LRU+WB,LRU,WB,deferred,15271.500957,5062.324552,15087.95599,2054,128.375,149707,226316,259909,calib_c1 20261008-130316-m7-c1; i>=80 linear extrap,0,0
20261010-055444-d4-sim3,2026-10-10T05:57:51+00:00,toolagent,0.02,3666,11.6,nfs,LRU+WB2,LRU,WB2,deferred,15277.614977,5068.438571,15150.702166,311,19.4375,149707,226316,259909,calib_c1 20261008-130316-m7-c1; i>=80 linear extrap,0,0
20261010-055444-d4-sim3,2026-10-10T05:57:52+00:00,toolagent,0.02,3666,11.6,nfs,LRU+H2,LRU,H2,deferred,15277.614977,5068.438571,15150.702166,311,19.4375,149707,226316,259909,calib_c1 20261008-130316-m7-c1; i>=80 linear extrap,0,0
20261010-055444-d4-sim3,2026-10-10T05:57:52+00:00,toolagent,0.02,3666,11.6,nfs,LRU+NONE,LRU,NONE,deferred,15279.872818,5070.696412,15180.143442,0,0.0,149707,226316,259909,calib_c1 20261008-130316-m7-c1; i>=80 linear extrap,0,0
20261010-055444-d4-sim3,2026-10-10T05:57:53+00:00,toolagent,0.02,3666,11.6,nfs,2HIT+WT,2HIT,WT,deferred,14247.11754,4037.941135,14024.120053,2105,131.5625,169522,226316,56794,calib_c1 20261008-130316-m7-c1; i>=80 linear extrap,0,0
20261010-055444-d4-sim3,2026-10-10T05:57:53+00:00,toolagent,0.02,3666,11.6,nfs,2HIT+WB,2HIT,WB,deferred,14247.11754,4037.941135,14024.120053,2105,131.5625,169522,226316,56794,calib_c1 20261008-130316-m7-c1; i>=80 linear extrap,0,0
20261010-055444-d4-sim3,2026-10-10T05:57:54+00:00,toolagent,0.02,3666,11.6,nfs,2HIT+WB2,2HIT,WB2,deferred,14253.287258,4044.110853,14086.505222,311,19.4375,169522,226316,56794,calib_c1 20261008-130316-m7-c1; i>=80 linear extrap,0,0
20261010-055444-d4-sim3,2026-10-10T05:57:54+00:00,toolagent,0.02,3666,11.6,nfs,2HIT+H2,2HIT,H2,deferred,14253.287258,4044.110853,14086.505222,311,19.4375,169522,226316,56794,calib_c1 20261008-130316-m7-c1; i>=80 linear extrap,0,0
20261010-055444-d4-sim3,2026-10-10T05:57:55+00:00,toolagent,0.02,3666,11.6,nfs,2HIT+NONE,2HIT,NONE,deferred,14253.456293,4044.279888,14092.148699,0,0.0,169522,226316,56794,calib_c1 20261008-130316-m7-c1; i>=80 linear extrap,0,0
20261010-055444-d4-sim3,2026-10-10T05:57:56+00:00,toolagent,0.02,3666,11.6,nfs,SLRU+WT,SLRU,WT,deferred,15154.438744,4945.262339,14948.358144,2105,131.5625,150541,226316,259075,calib_c1 20261008-130316-m7-c1; i>=80 linear extrap,0,0
20261010-055444-d4-sim3,2026-10-10T05:57:56+00:00,toolagent,0.02,3666,11.6,nfs,SLRU+WB,SLRU,WB,deferred,15154.438744,4945.262339,14948.358144,2054,128.375,150541,226316,259075,calib_c1 20261008-130316-m7-c1; i>=80 linear extrap,0,0
20261010-055444-d4-sim3,2026-10-10T05:57:57+00:00,toolagent,0.02,3666,11.6,nfs,SLRU+WB2,SLRU,WB2,deferred,15160.608462,4951.432057,15013.23653,311,19.4375,150541,226316,259075,calib_c1 20261008-130316-m7-c1; i>=80 linear extrap,0,0
20261010-055444-d4-sim3,2026-10-10T05:57:57+00:00,toolagent,0.02,3666,11.6,nfs,SLRU+H2,SLRU,H2,deferred,15160.608462,4951.432057,15013.23653,311,19.4375,150541,226316,259075,calib_c1 20261008-130316-m7-c1; i>=80 linear extrap,0,0
20261010-055444-d4-sim3,2026-10-10T05:57:58+00:00,toolagent,0.02,3666,11.6,nfs,SLRU+NONE,SLRU,NONE,deferred,15162.866303,4953.689898,15042.677806,0,0.0,150541,226316,259075,calib_c1 20261008-130316-m7-c1; i>=80 linear extrap,0,0
20261010-055444-d4-sim3,2026-10-10T05:57:59+00:00,toolagent,0.02,3666,11.6,nfs,ARC+WT,ARC,WT,deferred,15076.98547,4867.809064,14876.011165,2105,131.5625,153278,226316,256338,calib_c1 20261008-130316-m7-c1; i>=80 linear extrap,0,0
20261010-055444-d4-sim3,2026-10-10T05:57:59+00:00,toolagent,0.02,3666,11.6,nfs,ARC+WB,ARC,WB,deferred,15076.98547,4867.809064,14876.011165,2054,128.375,153278,226316,256338,calib_c1 20261008-130316-m7-c1; i>=80 linear extrap,0,0
20261010-055444-d4-sim3,2026-10-10T05:58:00+00:00,toolagent,0.02,3666,11.6,nfs,ARC+WB2,ARC,WB2,deferred,15083.155187,4873.978782,14939.84161,311,19.4375,153278,226316,256338,calib_c1 20261008-130316-m7-c1; i>=80 linear extrap,0,0
20261010-055444-d4-sim3,2026-10-10T05:58:00+00:00,toolagent,0.02,3666,11.6,nfs,ARC+H2,ARC,H2,deferred,15083.155187,4873.978782,14939.84161,311,19.4375,153278,226316,256338,calib_c1 20261008-130316-m7-c1; i>=80 linear extrap,0,0
20261010-055444-d4-sim3,2026-10-10T05:58:01+00:00,toolagent,0.02,3666,11.6,nfs,ARC+NONE,ARC,NONE,deferred,15085.35733,4876.180925,14967.150675,0,0.0,153278,226316,256338,calib_c1 20261008-130316-m7-c1; i>=80 linear extrap,0,0
20261010-055444-d4-sim3,2026-10-10T05:58:02+00:00,toolagent,0.02,3666,11.6,nfs,S3FIFO+WT,S3FIFO,WT,deferred,14800.354103,4591.177697,14579.437,2105,131.5625,157774,226316,251842,calib_c1 20261008-130316-m7-c1; i>=80 linear extrap,0,0
20261010-055444-d4-sim3,2026-10-10T05:58:02+00:00,toolagent,0.02,3666,11.6,nfs,S3FIFO+WB,S3FIFO,WB,deferred,14800.354103,4591.177697,14579.437,2096,131.0,157774,226316,251842,calib_c1 20261008-130316-m7-c1; i>=80 linear extrap,0,0
20261010-055444-d4-sim3,2026-10-10T05:58:03+00:00,toolagent,0.02,3666,11.6,nfs,S3FIFO+WB2,S3FIFO,WB2,deferred,14806.52382,4597.347415,14642.892366,311,19.4375,157774,226316,251842,calib_c1 20261008-130316-m7-c1; i>=80 linear extrap,0,0
20261010-055444-d4-sim3,2026-10-10T05:58:03+00:00,toolagent,0.02,3666,11.6,nfs,S3FIFO+H2,S3FIFO,H2,deferred,14806.52382,4597.347415,14642.892366,311,19.4375,157774,226316,251842,calib_c1 20261008-130316-m7-c1; i>=80 linear extrap,0,0
20261010-055444-d4-sim3,2026-10-10T05:58:04+00:00,toolagent,0.02,3666,11.6,nfs,S3FIFO+NONE,S3FIFO,NONE,deferred,14808.043777,4598.867372,14662.157065,0,0.0,157774,226316,251842,calib_c1 20261008-130316-m7-c1; i>=80 linear extrap,0,0
20261010-055444-d4-sim3,2026-10-10T05:58:04+00:00,toolagent,0.02,3666,11.6,nfs,WTPa+WBR,WTPa,WBR,wtp_a,12638.945629,2429.769223,12506.9881,68,4.25,203418,226316,52502,calib_c1 20261008-130316-m7-c1; i>=80 linear extrap,0,0
20261010-055444-d4-sim3,2026-10-10T05:58:05+00:00,toolagent,0.02,3666,11.6,nfs,WTPa+WTR,WTPa,WTR,wtp_a,12638.945629,2429.769223,12506.9881,311,19.4375,203418,226316,52502,calib_c1 20261008-130316-m7-c1; i>=80 linear extrap,0,0
20261010-055444-d4-sim3,2026-10-10T05:58:06+00:00,toolagent,0.02,3666,11.6,nfs,WTPb+WB,WTPb,WB,wtp_b,13557.555059,3348.378654,13419.569847,2105,131.5625,183583,226316,67028,calib_c1 20261008-130316-m7-c1; i>=80 linear extrap,0,0
20261010-055444-d4-sim3,2026-10-10T05:58:06+00:00,toolagent,0.02,3666,11.6,nfs,OPT-BELADY,BELADY,NEED,opt,11919.952108,1710.775702,11785.231596,67,4.1875,217151,226316,42870,calib_c1 20261008-130316-m7-c1; i>=80 linear extrap,0,0
20261010-055444-d4-sim3,2026-10-10T05:58:07+00:00,toolagent,0.02,3666,11.6,nfs,OPT-COST,COSTBELADY,NEED,opt,11822.298656,1613.122251,11647.449582,0,0.0,215283,226316,43183,calib_c1 20261008-130316-m7-c1; i>=80 linear extrap,0,0
20261010-055444-d4-sim3,2026-10-10T05:58:07+00:00,toolagent,0.02,3666,11.6,nfs,KEVa+WBR,KEVa,WBR,kev_a,12638.945629,2429.769223,12506.9881,68,4.25,203418,226316,206198,calib_c1 20261008-130316-m7-c1; i>=80 linear extrap,0,0
20261010-055444-d4-sim3,2026-10-10T05:58:08+00:00,toolagent,0.02,3666,11.6,nfs,KEVa+WB,KEVa,WB,kev_a,12638.945629,2429.769223,12506.9881,2054,128.375,203418,226316,206198,calib_c1 20261008-130316-m7-c1; i>=80 linear extrap,0,0
20261010-055444-d4-sim3,2026-10-10T05:58:09+00:00,toolagent,0.02,3666,11.6,nfs,KEVb+WB,KEVb,WB,kev_b,13879.13022,3669.953814,13735.120896,2077,129.8125,162486,226316,247130,calib_c1 20261008-130316-m7-c1; i>=80 linear extrap,0,0
20261010-055444-d4-sim3,2026-10-10T05:58:13+00:00,toolagent,0.05,9165,3.69,local,LRU+WT,LRU,WT,deferred,12235.310388,2026.133982,11871.754929,183300,11456.25,184100,226316,225516,calib_c1 20261008-130316-m7-c1; i>=80 linear extrap,0,0
20261010-055444-d4-sim3,2026-10-10T05:58:13+00:00,toolagent,0.05,9165,3.69,local,LRU+WB,LRU,WB,deferred,13576.477741,3367.301336,12576.96576,175811,10988.1875,184100,226316,225516,calib_c1 20261008-130316-m7-c1; i>=80 linear extrap,0,0
20261010-055444-d4-sim3,2026-10-10T05:58:14+00:00,toolagent,0.05,9165,3.69,local,LRU+WB2,LRU,WB2,deferred,14474.77067,4265.594265,13435.592469,37749,2359.3125,184100,226316,225516,calib_c1 20261008-130316-m7-c1; i>=80 linear extrap,0,0
20261010-055444-d4-sim3,2026-10-10T05:58:14+00:00,toolagent,0.05,9165,3.69,local,LRU+H2,LRU,H2,deferred,13256.029225,3046.85282,12806.137173,39481,2467.5625,184100,226316,225516,calib_c1 20261008-130316-m7-c1; i>=80 linear extrap,0,0
20261010-055444-d4-sim3,2026-10-10T05:58:15+00:00,toolagent,0.05,9165,3.69,local,LRU+NONE,LRU,NONE,deferred,15685.384018,5476.207613,14678.021261,0,0.0,184100,226316,225516,calib_c1 20261008-130316-m7-c1; i>=80 linear extrap,0,0
20261010-055444-d4-sim3,2026-10-10T05:58:16+00:00,toolagent,0.05,9165,3.69,local,2HIT+WT,2HIT,WT,deferred,12235.310388,2026.133982,11871.754929,183300,11456.25,185638,226316,40678,calib_c1 20261008-130316-m7-c1; i>=80 linear extrap,0,0
20261010-055444-d4-sim3,2026-10-10T05:58:16+00:00,toolagent,0.05,9165,3.69,local,2HIT+WB,2HIT,WB,deferred,12235.310388,2026.133982,11871.754929,183300,11456.25,185638,226316,40678,calib_c1 20261008-130316-m7-c1; i>=80 linear extrap,0,0
20261010-055444-d4-sim3,2026-10-10T05:58:17+00:00,toolagent,0.05,9165,3.69,local,2HIT+WB2,2HIT,WB2,deferred,15466.084969,5256.908563,14353.76752,30891,1930.6875,185638,226316,40678,calib_c1 20261008-130316-m7-c1; i>=80 linear extrap,0,0
20261010-055444-d4-sim3,2026-10-10T05:58:17+00:00,toolagent,0.05,9165,3.69,local,2HIT+H2,2HIT,H2,deferred,13990.394444,3781.218039,13576.478579,39481,2467.5625,185638,226316,40678,calib_c1 20261008-130316-m7-c1; i>=80 linear extrap,0,0
20261010-055444-d4-sim3,2026-10-10T05:58:18+00:00,toolagent,0.05,9165,3.69,local,2HIT+NONE,2HIT,NONE,deferred,15534.850356,5325.673951,14422.439245,0,0.0,185638,226316,40678,calib_c1 20261008-130316-m7-c1; i>=80 linear extrap,0,0
20261010-055444-d4-sim3,2026-10-10T05:58:19+00:00,toolagent,0.05,9165,3.69,local,SLRU+WT,SLRU,WT,deferred,12235.310388,2026.133982,11871.754929,183300,11456.25,163534,226316,246082,calib_c1 20261008-130316-m7-c1; i>=80 linear extrap,0,0
20261010-055444-d4-sim3,2026-10-10T05:58:19+00:00,toolagent,0.05,9165,3.69,local,SLRU+WB,SLRU,WB,deferred,13494.847161,3285.670756,12526.841436,176267,11016.6875,163534,226316,246082,calib_c1 20261008-130316-m7-c1; i>=80 linear extrap,0,0
20261010-055444-d4-sim3,2026-10-10T05:58:20+00:00,toolagent,0.05,9165,3.69,local,SLRU+WB2,SLRU,WB2,deferred,14947.33,4738.153595,13921.025838,32761,2047.5625,163534,226316,246082,calib_c1 20261008-130316-m7-c1; i>=80 linear extrap,0,0
20261010-055444-d4-sim3,2026-10-10T05:58:20+00:00,toolagent,0.05,9165,3.69,local,SLRU+H2,SLRU,H2,deferred,13716.34756,3507.171155,13285.342758,39481,2467.5625,163534,226316,246082,calib_c1 20261008-130316-m7-c1; i>=80 linear extrap,0,0
20261010-055444-d4-sim3,2026-10-10T05:58:21+00:00,toolagent,0.05,9165,3.69,local,SLRU+NONE,SLRU,NONE,deferred,16358.566282,6149.389876,15386.232138,0,0.0,163534,226316,246082,calib_c1 20261008-130316-m7-c1; i>=80 linear extrap,0,0
20261010-055444-d4-sim3,2026-10-10T05:58:21+00:00,toolagent,0.05,9165,3.69,local,ARC+WT,ARC,WT,deferred,12235.310388,2026.133982,11871.754929,183300,11456.25,188136,226316,221480,calib_c1 20261008-130316-m7-c1; i>=80 linear extrap,0,0
20261010-055444-d4-sim3,2026-10-10T05:58:22+00:00,toolagent,0.05,9165,3.69,local,ARC+WB,ARC,WB,deferred,13588.998209,3379.821804,12583.486118,176123,11007.6875,188136,226316,221480,calib_c1 20261008-130316-m7-c1; i>=80 linear extrap,0,0
20261010-055444-d4-sim3,2026-10-10T05:58:23+00:00,toolagent,0.05,9165,3.69,local,ARC+WB2,ARC,WB2,deferred,14660.707123,4451.530718,13596.384553,37528,2345.5,188136,226316,221480,calib_c1 20261008-130316-m7-c1; i>=80 linear extrap,0,0
20261010-055444-d4-sim3,2026-10-10T05:58:23+00:00,toolagent,0.05,9165,3.69,local,ARC+H2,ARC,H2,deferred,13371.801547,3162.625142,12926.948663,39481,2467.5625,188136,226316,221480,calib_c1 20261008-130316-m7-c1; i>=80 linear extrap,0,0
20261010-055444-d4-sim3,2026-10-10T05:58:24+00:00,toolagent,0.05,9165,3.69,local,ARC+NONE,ARC,NONE,deferred,15490.250703,5281.074298,14431.96378,0,0.0,188136,226316,221480,calib_c1 20261008-130316-m7-c1; i>=80 linear extrap,0,0
20261010-055444-d4-sim3,2026-10-10T05:58:24+00:00,toolagent,0.05,9165,3.69,local,S3FIFO+WT,S3FIFO,WT,deferred,12235.310388,2026.133982,11871.754929,183300,11456.25,182365,226316,227251,calib_c1 20261008-130316-m7-c1; i>=80 linear extrap,0,0
20261010-055444-d4-sim3,2026-10-10T05:58:25+00:00,toolagent,0.05,9165,3.69,local,S3FIFO+WB,S3FIFO,WB,deferred,13453.037739,3243.861334,12502.661172,182020,11376.25,182365,226316,227251,calib_c1 20261008-130316-m7-c1; i>=80 linear extrap,0,0
20261010-055444-d4-sim3,2026-10-10T05:58:26+00:00,toolagent,0.05,9165,3.69,local,S3FIFO+WB2,S3FIFO,WB2,deferred,15145.350443,4936.174038,14063.58814,32652,2040.75,182365,226316,227251,calib_c1 20261008-130316-m7-c1; i>=80 linear extrap,0,0
20261010-055444-d4-sim3,2026-10-10T05:58:26+00:00,toolagent,0.05,9165,3.69,local,S3FIFO+H2,S3FIFO,H2,deferred,13779.229988,3570.053582,13351.10426,39481,2467.5625,182365,226316,227251,calib_c1 20261008-130316-m7-c1; i>=80 linear extrap,0,0
20261010-055444-d4-sim3,2026-10-10T05:58:27+00:00,toolagent,0.05,9165,3.69,local,S3FIFO+NONE,S3FIFO,NONE,deferred,15618.188182,5409.011776,14521.617524,0,0.0,182365,226316,227251,calib_c1 20261008-130316-m7-c1; i>=80 linear extrap,0,0
20261010-055444-d4-sim3,2026-10-10T05:58:27+00:00,toolagent,0.05,9165,3.69,local,WTPa+WBR,WTPa,WBR,wtp_a,14042.441988,3833.265583,12847.27499,0,0.0,226316,226316,39481,calib_c1 20261008-130316-m7-c1; i>=80 linear extrap,0,0
20261010-055444-d4-sim3,2026-10-10T05:58:28+00:00,toolagent,0.05,9165,3.69,local,WTPa+WTR,WTPa,WTR,wtp_a,12235.310388,2026.133982,11871.754929,39481,2467.5625,226316,226316,39481,calib_c1 20261008-130316-m7-c1; i>=80 linear extrap,0,0
20261010-055444-d4-sim3,2026-10-10T05:58:28+00:00,toolagent,0.05,9165,3.69,local,WTPb+WB,WTPb,WB,wtp_b,12745.295899,2536.119494,12174.613965,175669,10979.3125,212915,226316,51495,calib_c1 20261008-130316-m7-c1; i>=80 linear extrap,0,0
20261010-055444-d4-sim3,2026-10-10T05:58:29+00:00,toolagent,0.05,9165,3.69,local,OPT-BELADY,BELADY,NEED,opt,14042.441988,3833.265583,12847.27499,0,0.0,226316,226316,39481,calib_c1 20261008-130316-m7-c1; i>=80 linear extrap,0,0
20261010-055444-d4-sim3,2026-10-10T05:58:30+00:00,toolagent,0.05,9165,3.69,local,OPT-COST,COSTBELADY,NEED,opt,12235.310388,2026.133982,11871.754929,39481,2467.5625,0,226316,0,calib_c1 20261008-130316-m7-c1; i>=80 linear extrap,0,0
20261010-055444-d4-sim3,2026-10-10T05:58:30+00:00,toolagent,0.05,9165,3.69,local,KEVa+WBR,KEVa,WBR,kev_a,14042.441988,3833.265583,12847.27499,0,0.0,226316,226316,183300,calib_c1 20261008-130316-m7-c1; i>=80 linear extrap,0,0
20261010-055444-d4-sim3,2026-10-10T05:58:31+00:00,toolagent,0.05,9165,3.69,local,KEVa+WB,KEVa,WB,kev_a,14042.441988,3833.265583,12847.27499,174135,10883.4375,226316,226316,183300,calib_c1 20261008-130316-m7-c1; i>=80 linear extrap,0,0
20261010-055444-d4-sim3,2026-10-10T05:58:31+00:00,toolagent,0.05,9165,3.69,local,KEVb+WB,KEVb,WB,kev_b,12905.922012,2696.745606,12272.379849,174309,10894.3125,211794,226316,197822,calib_c1 20261008-130316-m7-c1; i>=80 linear extrap,0,0
20261010-055444-d4-sim3,2026-10-10T05:58:33+00:00,toolagent,0.05,9165,3.69,nfs,LRU+WT,LRU,WT,deferred,15684.012314,5474.835909,14658.904815,2105,131.5625,184100,226316,225516,calib_c1 20261008-130316-m7-c1; i>=80 linear extrap,0,0
20261010-055444-d4-sim3,2026-10-10T05:58:33+00:00,toolagent,0.05,9165,3.69,nfs,LRU+WB,LRU,WB,deferred,15684.012314,5474.835909,14658.904815,2054,128.375,184100,226316,225516,calib_c1 20261008-130316-m7-c1; i>=80 linear extrap,0,0
20261010-055444-d4-sim3,2026-10-10T05:58:34+00:00,toolagent,0.05,9165,3.69,nfs,LRU+WB2,LRU,WB2,deferred,15685.214983,5476.038578,14672.377784,311,19.4375,184100,226316,225516,calib_c1 20261008-130316-m7-c1; i>=80 linear extrap,0,0
20261010-055444-d4-sim3,2026-10-10T05:58:35+00:00,toolagent,0.05,9165,3.69,nfs,LRU+H2,LRU,H2,deferred,15685.214983,5476.038578,14672.377784,311,19.4375,184100,226316,225516,calib_c1 20261008-130316-m7-c1; i>=80 linear extrap,0,0
20261010-055444-d4-sim3,2026-10-10T05:58:35+00:00,toolagent,0.05,9165,3.69,nfs,LRU+NONE,LRU,NONE,deferred,15685.384018,5476.207613,14678.021261,0,0.0,184100,226316,225516,calib_c1 20261008-130316-m7-c1; i>=80 linear extrap,0,0
20261010-055444-d4-sim3,2026-10-10T05:58:36+00:00,toolagent,0.05,9165,3.69,nfs,2HIT+WT,2HIT,WT,deferred,15528.680638,5319.504233,14360.725186,2105,131.5625,185638,226316,40678,calib_c1 20261008-130316-m7-c1; i>=80 linear extrap,0,0
20261010-055444-d4-sim3,2026-10-10T05:58:36+00:00,toolagent,0.05,9165,3.69,nfs,2HIT+WB,2HIT,WB,deferred,15528.680638,5319.504233,14360.725186,2105,131.5625,185638,226316,40678,calib_c1 20261008-130316-m7-c1; i>=80 linear extrap,0,0
20261010-055444-d4-sim3,2026-10-10T05:58:37+00:00,toolagent,0.05,9165,3.69,nfs,2HIT+WB2,2HIT,WB2,deferred,15534.850356,5325.673951,14422.439245,301,18.8125,185638,226316,40678,calib_c1 20261008-130316-m7-c1; i>=80 linear extrap,0,0
20261010-055444-d4-sim3,2026-10-10T05:58:37+00:00,toolagent,0.05,9165,3.69,nfs,2HIT+H2,2HIT,H2,deferred,15534.850356,5325.673951,14422.439245,311,19.4375,185638,226316,40678,calib_c1 20261008-130316-m7-c1; i>=80 linear extrap,0,0
20261010-055444-d4-sim3,2026-10-10T05:58:38+00:00,toolagent,0.05,9165,3.69,nfs,2HIT+NONE,2HIT,NONE,deferred,15534.850356,5325.673951,14422.439245,0,0.0,185638,226316,40678,calib_c1 20261008-130316-m7-c1; i>=80 linear extrap,0,0
20261010-055444-d4-sim3,2026-10-10T05:58:39+00:00,toolagent,0.05,9165,3.69,nfs,SLRU+WT,SLRU,WT,deferred,16355.860883,6146.684478,15349.127179,2105,131.5625,163534,226316,246082,calib_c1 20261008-130316-m7-c1; i>=80 linear extrap,0,0
20261010-055444-d4-sim3,2026-10-10T05:58:39+00:00,toolagent,0.05,9165,3.69,nfs,SLRU+WB,SLRU,WB,deferred,16355.860883,6146.684478,15349.127179,1887,117.9375,163534,226316,246082,calib_c1 20261008-130316-m7-c1; i>=80 linear extrap,0,0
20261010-055444-d4-sim3,2026-10-10T05:58:40+00:00,toolagent,0.05,9165,3.69,nfs,SLRU+WB2,SLRU,WB2,deferred,16358.350426,6149.174021,15378.465328,144,9.0,163534,226316,246082,calib_c1 20261008-130316-m7-c1; i>=80 linear extrap,0,0
20261010-055444-d4-sim3,2026-10-10T05:58:40+00:00,toolagent,0.05,9165,3.69,nfs,SLRU+H2,SLRU,H2,deferred,16358.350426,6149.174021,15378.465328,311,19.4375,163534,226316,246082,calib_c1 20261008-130316-m7-c1; i>=80 linear extrap,0,0
20261010-055444-d4-sim3,2026-10-10T05:58:41+00:00,toolagent,0.05,9165,3.69,nfs,SLRU+NONE,SLRU,NONE,deferred,16358.566282,6149.389876,15386.232138,0,0.0,163534,226316,246082,calib_c1 20261008-130316-m7-c1; i>=80 linear extrap,0,0
20261010-055444-d4-sim3,2026-10-10T05:58:42+00:00,toolagent,0.05,9165,3.69,nfs,ARC+WT,ARC,WT,deferred,15488.802094,5279.625689,14412.843841,2105,131.5625,188136,226316,221480,calib_c1 20261008-130316-m7-c1; i>=80 linear extrap,0,0
20261010-055444-d4-sim3,2026-10-10T05:58:42+00:00,toolagent,0.05,9165,3.69,nfs,ARC+WB,ARC,WB,deferred,15488.802094,5279.625689,14412.843841,2054,128.375,188136,226316,221480,calib_c1 20261008-130316-m7-c1; i>=80 linear extrap,0,0
20261010-055444-d4-sim3,2026-10-10T05:58:43+00:00,toolagent,0.05,9165,3.69,nfs,ARC+WB2,ARC,WB2,deferred,15490.081668,5280.905263,14426.320303,311,19.4375,188136,226316,221480,calib_c1 20261008-130316-m7-c1; i>=80 linear extrap,0,0
20261010-055444-d4-sim3,2026-10-10T05:58:43+00:00,toolagent,0.05,9165,3.69,nfs,ARC+H2,ARC,H2,deferred,15490.081668,5280.905263,14426.320303,311,19.4375,188136,226316,221480,calib_c1 20261008-130316-m7-c1; i>=80 linear extrap,0,0
20261010-055444-d4-sim3,2026-10-10T05:58:44+00:00,toolagent,0.05,9165,3.69,nfs,ARC+NONE,ARC,NONE,deferred,15490.250703,5281.074298,14431.96378,0,0.0,188136,226316,221480,calib_c1 20261008-130316-m7-c1; i>=80 linear extrap,0,0
20261010-055444-d4-sim3,2026-10-10T05:58:44+00:00,toolagent,0.05,9165,3.69,nfs,S3FIFO+WT,S3FIFO,WT,deferred,15615.65264,5406.476235,14494.257916,2105,131.5625,182365,226316,227251,calib_c1 20261008-130316-m7-c1; i>=80 linear extrap,0,0
20261010-055444-d4-sim3,2026-10-10T05:58:45+00:00,toolagent,0.05,9165,3.69,nfs,S3FIFO+WB,S3FIFO,WB,deferred,15615.65264,5406.476235,14494.257916,2054,128.375,182365,226316,227251,calib_c1 20261008-130316-m7-c1; i>=80 linear extrap,0,0
20261010-055444-d4-sim3,2026-10-10T05:58:46+00:00,toolagent,0.05,9165,3.69,nfs,S3FIFO+WB2,S3FIFO,WB2,deferred,15618.176016,5408.999611,14521.728514,300,18.75,182365,226316,227251,calib_c1 20261008-130316-m7-c1; i>=80 linear extrap,0,0
20261010-055444-d4-sim3,2026-10-10T05:58:46+00:00,toolagent,0.05,9165,3.69,nfs,S3FIFO+H2,S3FIFO,H2,deferred,15618.176016,5408.999611,14521.728514,311,19.4375,182365,226316,227251,calib_c1 20261008-130316-m7-c1; i>=80 linear extrap,0,0
20261010-055444-d4-sim3,2026-10-10T05:58:47+00:00,toolagent,0.05,9165,3.69,nfs,S3FIFO+NONE,S3FIFO,NONE,deferred,15618.188182,5409.011776,14521.617524,0,0.0,182365,226316,227251,calib_c1 20261008-130316-m7-c1; i>=80 linear extrap,0,0
20261010-055444-d4-sim3,2026-10-10T05:58:47+00:00,toolagent,0.05,9165,3.69,nfs,WTPa+WBR,WTPa,WBR,wtp_a,14042.441988,3833.265583,12847.27499,0,0.0,226316,226316,39481,calib_c1 20261008-130316-m7-c1; i>=80 linear extrap,0,0
20261010-055444-d4-sim3,2026-10-10T05:58:48+00:00,toolagent,0.05,9165,3.69,nfs,WTPa+WTR,WTPa,WTR,wtp_a,14042.441988,3833.265583,12847.27499,311,19.4375,226316,226316,39481,calib_c1 20261008-130316-m7-c1; i>=80 linear extrap,0,0
20261010-055444-d4-sim3,2026-10-10T05:58:48+00:00,toolagent,0.05,9165,3.69,nfs,WTPb+WB,WTPb,WB,wtp_b,14556.992394,4347.815989,13397.083198,2094,130.875,212915,226316,51495,calib_c1 20261008-130316-m7-c1; i>=80 linear extrap,0,0
20261010-055444-d4-sim3,2026-10-10T05:58:49+00:00,toolagent,0.05,9165,3.69,nfs,OPT-BELADY,BELADY,NEED,opt,14042.441988,3833.265583,12847.27499,0,0.0,226316,226316,39481,calib_c1 20261008-130316-m7-c1; i>=80 linear extrap,0,0
20261010-055444-d4-sim3,2026-10-10T05:58:50+00:00,toolagent,0.05,9165,3.69,nfs,OPT-COST,COSTBELADY,NEED,opt,14042.441988,3833.265583,12847.27499,0,0.0,226316,226316,39481,calib_c1 20261008-130316-m7-c1; i>=80 linear extrap,0,0
20261010-055444-d4-sim3,2026-10-10T05:58:50+00:00,toolagent,0.05,9165,3.69,nfs,KEVa+WBR,KEVa,WBR,kev_a,14042.441988,3833.265583,12847.27499,0,0.0,226316,226316,183300,calib_c1 20261008-130316-m7-c1; i>=80 linear extrap,0,0
20261010-055444-d4-sim3,2026-10-10T05:58:51+00:00,toolagent,0.05,9165,3.69,nfs,KEVa+WB,KEVa,WB,kev_a,14042.441988,3833.265583,12847.27499,2054,128.375,226316,226316,183300,calib_c1 20261008-130316-m7-c1; i>=80 linear extrap,0,0
20261010-055444-d4-sim3,2026-10-10T05:58:51+00:00,toolagent,0.05,9165,3.69,nfs,KEVb+WB,KEVb,WB,kev_b,14379.253431,4170.077026,13235.256829,2047,127.9375,211794,226316,197822,calib_c1 20261008-130316-m7-c1; i>=80 linear extrap,0,0
20261010-055444-d4-sim3,2026-10-10T05:58:53+00:00,toolagent,0.05,9165,11.6,local,LRU+WT,LRU,WT,deferred,11579.040709,1369.864303,11416.484846,183300,11456.25,184100,226316,225516,calib_c1 20261008-130316-m7-c1; i>=80 linear extrap,0,0
20261010-055444-d4-sim3,2026-10-10T05:58:53+00:00,toolagent,0.05,9165,11.6,local,LRU+WB,LRU,WB,deferred,11579.040709,1369.864303,11416.484846,175811,10988.1875,184100,226316,225516,calib_c1 20261008-130316-m7-c1; i>=80 linear extrap,0,0
20261010-055444-d4-sim3,2026-10-10T05:58:54+00:00,toolagent,0.05,9165,11.6,local,LRU+WB2,LRU,WB2,deferred,12440.099617,2230.923212,12253.919457,37749,2359.3125,184100,226316,225516,calib_c1 20261008-130316-m7-c1; i>=80 linear extrap,0,0
20261010-055444-d4-sim3,2026-10-10T05:58:55+00:00,toolagent,0.05,9165,11.6,local,LRU+H2,LRU,H2,deferred,12440.099617,2230.923212,12253.919457,39481,2467.5625,184100,226316,225516,calib_c1 20261008-130316-m7-c1; i>=80 linear extrap,0,0
20261010-055444-d4-sim3,2026-10-10T05:58:55+00:00,toolagent,0.05,9165,11.6,local,LRU+NONE,LRU,NONE,deferred,13559.077189,3349.900784,13448.443477,0,0.0,184100,226316,225516,calib_c1 20261008-130316-m7-c1; i>=80 linear extrap,0,0
20261010-055444-d4-sim3,2026-10-10T05:58:56+00:00,toolagent,0.05,9165,11.6,local,2HIT+WT,2HIT,WT,deferred,11573.55813,1364.381725,11414.751092,183300,11456.25,185638,226316,40678,calib_c1 20261008-130316-m7-c1; i>=80 linear extrap,0,0
20261010-055444-d4-sim3,2026-10-10T05:58:56+00:00,toolagent,0.05,9165,11.6,local,2HIT+WB,2HIT,WB,deferred,11573.55813,1364.381725,11414.751092,183300,11456.25,185638,226316,40678,calib_c1 20261008-130316-m7-c1; i>=80 linear extrap,0,0
20261010-055444-d4-sim3,2026-10-10T05:58:57+00:00,toolagent,0.05,9165,11.6,local,2HIT+WB2,2HIT,WB2,deferred,13328.642186,3119.465781,13125.74705,30891,1930.6875,185638,226316,40678,calib_c1 20261008-130316-m7-c1; i>=80 linear extrap,0,0
20261010-055444-d4-sim3,2026-10-10T05:58:57+00:00,toolagent,0.05,9165,11.6,local,2HIT+H2,2HIT,H2,deferred,13328.642186,3119.465781,13125.74705,39481,2467.5625,185638,226316,40678,calib_c1 20261008-130316-m7-c1; i>=80 linear extrap,0,0
20261010-055444-d4-sim3,2026-10-10T05:58:58+00:00,toolagent,0.05,9165,11.6,local,2HIT+NONE,2HIT,NONE,deferred,13390.78003,3181.603624,13190.771335,0,0.0,185638,226316,40678,calib_c1 20261008-130316-m7-c1; i>=80 linear extrap,0,0
20261010-055444-d4-sim3,2026-10-10T05:58:59+00:00,toolagent,0.05,9165,11.6,local,SLRU+WT,SLRU,WT,deferred,11652.353268,1443.176863,11471.224622,183300,11456.25,163534,226316,246082,calib_c1 20261008-130316-m7-c1; i>=80 linear extrap,0,0
20261010-055444-d4-sim3,2026-10-10T05:58:59+00:00,toolagent,0.05,9165,11.6,local,SLRU+WB,SLRU,WB,deferred,11652.353268,1443.176863,11471.224622,176267,11016.6875,163534,226316,246082,calib_c1 20261008-130316-m7-c1; i>=80 linear extrap,0,0
20261010-055444-d4-sim3,2026-10-10T05:59:00+00:00,toolagent,0.05,9165,11.6,local,SLRU+WB2,SLRU,WB2,deferred,13083.124912,2873.948507,12856.257578,32761,2047.5625,163534,226316,246082,calib_c1 20261008-130316-m7-c1; i>=80 linear extrap,0,0
20261010-055444-d4-sim3,2026-10-10T05:59:00+00:00,toolagent,0.05,9165,11.6,local,SLRU+H2,SLRU,H2,deferred,13083.124912,2873.948507,12856.257578,39481,2467.5625,163534,226316,246082,calib_c1 20261008-130316-m7-c1; i>=80 linear extrap,0,0
20261010-055444-d4-sim3,2026-10-10T05:59:01+00:00,toolagent,0.05,9165,11.6,local,SLRU+NONE,SLRU,NONE,deferred,14469.791372,4260.614966,14329.431128,0,0.0,163534,226316,246082,calib_c1 20261008-130316-m7-c1; i>=80 linear extrap,0,0
20261010-055444-d4-sim3,2026-10-10T05:59:02+00:00,toolagent,0.05,9165,11.6,local,ARC+WT,ARC,WT,deferred,11564.653395,1355.47699,11406.632267,183300,11456.25,188136,226316,221480,calib_c1 20261008-130316-m7-c1; i>=80 linear extrap,0,0
20261010-055444-d4-sim3,2026-10-10T05:59:02+00:00,toolagent,0.05,9165,11.6,local,ARC+WB,ARC,WB,deferred,11564.653395,1355.47699,11406.632267,176123,11007.6875,188136,226316,221480,calib_c1 20261008-130316-m7-c1; i>=80 linear extrap,0,0
20261010-055444-d4-sim3,2026-10-10T05:59:03+00:00,toolagent,0.05,9165,11.6,local,ARC+WB2,ARC,WB2,deferred,12572.969453,2363.793047,12384.66694,37528,2345.5,188136,226316,221480,calib_c1 20261008-130316-m7-c1; i>=80 linear extrap,0,0
20261010-055444-d4-sim3,2026-10-10T05:59:03+00:00,toolagent,0.05,9165,11.6,local,ARC+H2,ARC,H2,deferred,12572.969453,2363.793047,12384.66694,39481,2467.5625,188136,226316,221480,calib_c1 20261008-130316-m7-c1; i>=80 linear extrap,0,0
20261010-055444-d4-sim3,2026-10-10T05:59:04+00:00,toolagent,0.05,9165,11.6,local,ARC+NONE,ARC,NONE,deferred,13317.32913,3108.152725,13176.173982,0,0.0,188136,226316,221480,calib_c1 20261008-130316-m7-c1; i>=80 linear extrap,0,0
20261010-055444-d4-sim3,2026-10-10T05:59:04+00:00,toolagent,0.05,9165,11.6,local,S3FIFO+WT,S3FIFO,WT,deferred,11585.225542,1376.049137,11422.945466,183300,11456.25,182365,226316,227251,calib_c1 20261008-130316-m7-c1; i>=80 linear extrap,0,0
20261010-055444-d4-sim3,2026-10-10T05:59:05+00:00,toolagent,0.05,9165,11.6,local,S3FIFO+WB,S3FIFO,WB,deferred,11585.225542,1376.049137,11422.945466,182020,11376.25,182365,226316,227251,calib_c1 20261008-130316-m7-c1; i>=80 linear extrap,0,0
20261010-055444-d4-sim3,2026-10-10T05:59:06+00:00,toolagent,0.05,9165,11.6,local,S3FIFO+WB2,S3FIFO,WB2,deferred,13095.903618,2886.727213,12886.63091,32652,2040.75,182365,226316,227251,calib_c1 20261008-130316-m7-c1; i>=80 linear extrap,0,0
20261010-055444-d4-sim3,2026-10-10T05:59:06+00:00,toolagent,0.05,9165,11.6,local,S3FIFO+H2,S3FIFO,H2,deferred,13095.903618,2886.727213,12886.63091,39481,2467.5625,182365,226316,227251,calib_c1 20261008-130316-m7-c1; i>=80 linear extrap,0,0
20261010-055444-d4-sim3,2026-10-10T05:59:07+00:00,toolagent,0.05,9165,11.6,local,S3FIFO+NONE,S3FIFO,NONE,deferred,13511.920149,3302.743744,13323.233063,0,0.0,182365,226316,227251,calib_c1 20261008-130316-m7-c1; i>=80 linear extrap,0,0
20261010-055444-d4-sim3,2026-10-10T05:59:07+00:00,toolagent,0.05,9165,11.6,local,WTPa+WBR,WTPa,WBR,wtp_a,11428.551405,1219.375,11306.988867,0,0.0,226316,226316,39481,calib_c1 20261008-130316-m7-c1; i>=80 linear extrap,0,0
20261010-055444-d4-sim3,2026-10-10T05:59:08+00:00,toolagent,0.05,9165,11.6,local,WTPa+WTR,WTPa,WTR,wtp_a,11428.551405,1219.375,11306.988867,39481,2467.5625,226316,226316,39481,calib_c1 20261008-130316-m7-c1; i>=80 linear extrap,0,0
20261010-055444-d4-sim3,2026-10-10T05:59:09+00:00,toolagent,0.05,9165,11.6,local,WTPb+WB,WTPb,WB,wtp_b,11476.322562,1267.146157,11342.09794,175669,10979.3125,212915,226316,51495,calib_c1 20261008-130316-m7-c1; i>=80 linear extrap,0,0
20261010-055444-d4-sim3,2026-10-10T05:59:09+00:00,toolagent,0.05,9165,11.6,local,OPT-BELADY,BELADY,NEED,opt,11428.551405,1219.375,11306.988867,0,0.0,226316,226316,39481,calib_c1 20261008-130316-m7-c1; i>=80 linear extrap,0,0
20261010-055444-d4-sim3,2026-10-10T05:59:10+00:00,toolagent,0.05,9165,11.6,local,OPT-COST,COSTBELADY,NEED,opt,11428.551405,1219.375,11306.988867,0,0.0,226316,226316,39481,calib_c1 20261008-130316-m7-c1; i>=80 linear extrap,0,0
20261010-055444-d4-sim3,2026-10-10T05:59:10+00:00,toolagent,0.05,9165,11.6,local,KEVa+WBR,KEVa,WBR,kev_a,11428.551405,1219.375,11306.988867,0,0.0,226316,226316,183300,calib_c1 20261008-130316-m7-c1; i>=80 linear extrap,0,0
20261010-055444-d4-sim3,2026-10-10T05:59:11+00:00,toolagent,0.05,9165,11.6,local,KEVa+WB,KEVa,WB,kev_a,11428.551405,1219.375,11306.988867,174135,10883.4375,226316,226316,183300,calib_c1 20261008-130316-m7-c1; i>=80 linear extrap,0,0
20261010-055444-d4-sim3,2026-10-10T05:59:12+00:00,toolagent,0.05,9165,11.6,local,KEVb+WB,KEVb,WB,kev_b,11480.318642,1271.142237,11342.467759,174309,10894.3125,211794,226316,197822,calib_c1 20261008-130316-m7-c1; i>=80 linear extrap,0,0
20261010-055444-d4-sim3,2026-10-10T05:59:13+00:00,toolagent,0.05,9165,11.6,nfs,LRU+WT,LRU,WT,deferred,13557.705485,3348.52908,13429.327031,2105,131.5625,184100,226316,225516,calib_c1 20261008-130316-m7-c1; i>=80 linear extrap,0,0
20261010-055444-d4-sim3,2026-10-10T05:59:14+00:00,toolagent,0.05,9165,11.6,nfs,LRU+WB,LRU,WB,deferred,13557.705485,3348.52908,13429.327031,2054,128.375,184100,226316,225516,calib_c1 20261008-130316-m7-c1; i>=80 linear extrap,0,0
20261010-055444-d4-sim3,2026-10-10T05:59:14+00:00,toolagent,0.05,9165,11.6,nfs,LRU+WB2,LRU,WB2,deferred,13558.908154,3349.731749,13442.8,311,19.4375,184100,226316,225516,calib_c1 20261008-130316-m7-c1; i>=80 linear extrap,0,0
20261010-055444-d4-sim3,2026-10-10T05:59:15+00:00,toolagent,0.05,9165,11.6,nfs,LRU+H2,LRU,H2,deferred,13558.908154,3349.731749,13442.8,311,19.4375,184100,226316,225516,calib_c1 20261008-130316-m7-c1; i>=80 linear extrap,0,0
20261010-055444-d4-sim3,2026-10-10T05:59:15+00:00,toolagent,0.05,9165,11.6,nfs,LRU+NONE,LRU,NONE,deferred,13559.077189,3349.900784,13448.443477,0,0.0,184100,226316,225516,calib_c1 20261008-130316-m7-c1; i>=80 linear extrap,0,0
20261010-055444-d4-sim3,2026-10-10T05:59:16+00:00,toolagent,0.05,9165,11.6,nfs,2HIT+WT,2HIT,WT,deferred,13384.610312,3175.433907,13129.421871,2105,131.5625,185638,226316,40678,calib_c1 20261008-130316-m7-c1; i>=80 linear extrap,0,0
20261010-055444-d4-sim3,2026-10-10T05:59:17+00:00,toolagent,0.05,9165,11.6,nfs,2HIT+WB,2HIT,WB,deferred,13384.610312,3175.433907,13129.421871,2105,131.5625,185638,226316,40678,calib_c1 20261008-130316-m7-c1; i>=80 linear extrap,0,0
20261010-055444-d4-sim3,2026-10-10T05:59:17+00:00,toolagent,0.05,9165,11.6,nfs,2HIT+WB2,2HIT,WB2,deferred,13390.78003,3181.603624,13190.771335,301,18.8125,185638,226316,40678,calib_c1 20261008-130316-m7-c1; i>=80 linear extrap,0,0
20261010-055444-d4-sim3,2026-10-10T05:59:18+00:00,toolagent,0.05,9165,11.6,nfs,2HIT+H2,2HIT,H2,deferred,13390.78003,3181.603624,13190.771335,311,19.4375,185638,226316,40678,calib_c1 20261008-130316-m7-c1; i>=80 linear extrap,0,0
20261010-055444-d4-sim3,2026-10-10T05:59:18+00:00,toolagent,0.05,9165,11.6,nfs,2HIT+NONE,2HIT,NONE,deferred,13390.78003,3181.603624,13190.771335,0,0.0,185638,226316,40678,calib_c1 20261008-130316-m7-c1; i>=80 linear extrap,0,0
20261010-055444-d4-sim3,2026-10-10T05:59:19+00:00,toolagent,0.05,9165,11.6,nfs,SLRU+WT,SLRU,WT,deferred,14467.085973,4257.909568,14292.366419,2105,131.5625,163534,226316,246082,calib_c1 20261008-130316-m7-c1; i>=80 linear extrap,0,0
20261010-055444-d4-sim3,2026-10-10T05:59:19+00:00,toolagent,0.05,9165,11.6,nfs,SLRU+WB,SLRU,WB,deferred,14467.085973,4257.909568,14292.366419,1887,117.9375,163534,226316,246082,calib_c1 20261008-130316-m7-c1; i>=80 linear extrap,0,0
20261010-055444-d4-sim3,2026-10-10T05:59:20+00:00,toolagent,0.05,9165,11.6,nfs,SLRU+WB2,SLRU,WB2,deferred,14469.575516,4260.399111,14321.664318,144,9.0,163534,226316,246082,calib_c1 20261008-130316-m7-c1; i>=80 linear extrap,0,0
20261010-055444-d4-sim3,2026-10-10T05:59:21+00:00,toolagent,0.05,9165,11.6,nfs,SLRU+H2,SLRU,H2,deferred,14469.575516,4260.399111,14321.664318,311,19.4375,163534,226316,246082,calib_c1 20261008-130316-m7-c1; i>=80 linear extrap,0,0
20261010-055444-d4-sim3,2026-10-10T05:59:21+00:00,toolagent,0.05,9165,11.6,nfs,SLRU+NONE,SLRU,NONE,deferred,14469.791372,4260.614966,14329.431128,0,0.0,163534,226316,246082,calib_c1 20261008-130316-m7-c1; i>=80 linear extrap,0,0
20261010-055444-d4-sim3,2026-10-10T05:59:22+00:00,toolagent,0.05,9165,11.6,nfs,ARC+WT,ARC,WT,deferred,13315.880521,3106.704116,13157.233918,2105,131.5625,188136,226316,221480,calib_c1 20261008-130316-m7-c1; i>=80 linear extrap,0,0
20261010-055444-d4-sim3,2026-10-10T05:59:22+00:00,toolagent,0.05,9165,11.6,nfs,ARC+WB,ARC,WB,deferred,13315.880521,3106.704116,13157.233918,2054,128.375,188136,226316,221480,calib_c1 20261008-130316-m7-c1; i>=80 linear extrap,0,0
20261010-055444-d4-sim3,2026-10-10T05:59:23+00:00,toolagent,0.05,9165,11.6,nfs,ARC+WB2,ARC,WB2,deferred,13317.160095,3107.98369,13170.530505,311,19.4375,188136,226316,221480,calib_c1 20261008-130316-m7-c1; i>=80 linear extrap,0,0
20261010-055444-d4-sim3,2026-10-10T05:59:23+00:00,toolagent,0.05,9165,11.6,nfs,ARC+H2,ARC,H2,deferred,13317.160095,3107.98369,13170.530505,311,19.4375,188136,226316,221480,calib_c1 20261008-130316-m7-c1; i>=80 linear extrap,0,0
20261010-055444-d4-sim3,2026-10-10T05:59:24+00:00,toolagent,0.05,9165,11.6,nfs,ARC+NONE,ARC,NONE,deferred,13317.32913,3108.152725,13176.173982,0,0.0,188136,226316,221480,calib_c1 20261008-130316-m7-c1; i>=80 linear extrap,0,0
20261010-055444-d4-sim3,2026-10-10T05:59:25+00:00,toolagent,0.05,9165,11.6,nfs,S3FIFO+WT,S3FIFO,WT,deferred,13509.384608,3300.208202,13296.249816,2105,131.5625,182365,226316,227251,calib_c1 20261008-130316-m7-c1; i>=80 linear extrap,0,0
20261010-055444-d4-sim3,2026-10-10T05:59:25+00:00,toolagent,0.05,9165,11.6,nfs,S3FIFO+WB,S3FIFO,WB,deferred,13509.384608,3300.208202,13296.249816,2054,128.375,182365,226316,227251,calib_c1 20261008-130316-m7-c1; i>=80 linear extrap,0,0
20261010-055444-d4-sim3,2026-10-10T05:59:26+00:00,toolagent,0.05,9165,11.6,nfs,S3FIFO+WB2,S3FIFO,WB2,deferred,13511.907983,3302.731578,13323.378733,300,18.75,182365,226316,227251,calib_c1 20261008-130316-m7-c1; i>=80 linear extrap,0,0
20261010-055444-d4-sim3,2026-10-10T05:59:26+00:00,toolagent,0.05,9165,11.6,nfs,S3FIFO+H2,S3FIFO,H2,deferred,13511.907983,3302.731578,13323.378733,311,19.4375,182365,226316,227251,calib_c1 20261008-130316-m7-c1; i>=80 linear extrap,0,0
20261010-055444-d4-sim3,2026-10-10T05:59:27+00:00,toolagent,0.05,9165,11.6,nfs,S3FIFO+NONE,S3FIFO,NONE,deferred,13511.920149,3302.743744,13323.233063,0,0.0,182365,226316,227251,calib_c1 20261008-130316-m7-c1; i>=80 linear extrap,0,0
20261010-055444-d4-sim3,2026-10-10T05:59:28+00:00,toolagent,0.05,9165,11.6,nfs,WTPa+WBR,WTPa,WBR,wtp_a,11428.551405,1219.375,11306.988867,0,0.0,226316,226316,39481,calib_c1 20261008-130316-m7-c1; i>=80 linear extrap,0,0
20261010-055444-d4-sim3,2026-10-10T05:59:28+00:00,toolagent,0.05,9165,11.6,nfs,WTPa+WTR,WTPa,WTR,wtp_a,11428.551405,1219.375,11306.988867,311,19.4375,226316,226316,39481,calib_c1 20261008-130316-m7-c1; i>=80 linear extrap,0,0
20261010-055444-d4-sim3,2026-10-10T05:59:29+00:00,toolagent,0.05,9165,11.6,nfs,WTPb+WB,WTPb,WB,wtp_b,12097.879855,1888.70345,11958.443755,2094,130.875,212915,226316,51495,calib_c1 20261008-130316-m7-c1; i>=80 linear extrap,0,0
20261010-055444-d4-sim3,2026-10-10T05:59:29+00:00,toolagent,0.05,9165,11.6,nfs,OPT-BELADY,BELADY,NEED,opt,11428.551405,1219.375,11306.988867,0,0.0,226316,226316,39481,calib_c1 20261008-130316-m7-c1; i>=80 linear extrap,0,0
20261010-055444-d4-sim3,2026-10-10T05:59:30+00:00,toolagent,0.05,9165,11.6,nfs,OPT-COST,COSTBELADY,NEED,opt,11428.551405,1219.375,11306.988867,0,0.0,226316,226316,39481,calib_c1 20261008-130316-m7-c1; i>=80 linear extrap,0,0
20261010-055444-d4-sim3,2026-10-10T05:59:30+00:00,toolagent,0.05,9165,11.6,nfs,KEVa+WBR,KEVa,WBR,kev_a,11428.551405,1219.375,11306.988867,0,0.0,226316,226316,183300,calib_c1 20261008-130316-m7-c1; i>=80 linear extrap,0,0
20261010-055444-d4-sim3,2026-10-10T05:59:31+00:00,toolagent,0.05,9165,11.6,nfs,KEVa+WB,KEVa,WB,kev_a,11428.551405,1219.375,11306.988867,2054,128.375,226316,226316,183300,calib_c1 20261008-130316-m7-c1; i>=80 linear extrap,0,0
20261010-055444-d4-sim3,2026-10-10T05:59:32+00:00,toolagent,0.05,9165,11.6,nfs,KEVb+WB,KEVb,WB,kev_b,11933.088149,1723.911743,11802.050053,2047,127.9375,211794,226316,197822,calib_c1 20261008-130316-m7-c1; i>=80 linear extrap,0,0
