run_id,ts,strategy,cpu_frac,cpu_cap_chunks,ssd_frac,ssd_dev,gap_s,wl_seed,rep,ev,session,round,hist_chunks,n_missing,cpu_used,ssd_used,w_bytes_cpu,w_bytes_ssd,n_demote,ssd_backlog_s,io_model,contaminated_gpu,kv_bad,mode,n_chunks,meet,n_recompute,n_load_cpu,n_load_ssd,t_recompute,t_load,t_load_cpu,t_load_ssd,t_wait,waiting_line,t_restore,t_new,ttft,first_tok
20261008-175305-m7-b-nfs-fifo,2026-10-08T17:53:49+00:00,S1,0.25,128,1.0,nfs,0.0,0,0,0,7,1,0,0,16,16,1073741824,1073741824,0,0.0,fifo,False,,none,0,,,,,,,,,,,,7.76462,7.764658,11906
20261008-175305-m7-b-nfs-fifo,2026-10-08T17:53:49+00:00,S1,0.25,128,1.0,nfs,0.0,0,0,1,1,1,0,0,32,32,2147483648,2147483648,0,1.663636,fifo,False,,none,0,,,,,,,,,,,,0.556837,0.556862,5809
20261008-175305-m7-b-nfs-fifo,2026-10-08T17:53:50+00:00,S1,0.25,128,1.0,nfs,0.0,0,0,2,5,1,0,0,48,48,3221225472,3221225472,0,2.7461,fifo,False,,none,0,,,,,,,,,,,,0.557752,0.557775,319
20261008-175305-m7-b-nfs-fifo,2026-10-08T17:53:50+00:00,S1,0.25,128,1.0,nfs,0.0,0,0,3,6,1,0,0,64,64,4294967296,4294967296,0,3.827673,fifo,False,,none,0,,,,,,,,,,,,0.609729,0.609768,5809
20261008-175305-m7-b-nfs-fifo,2026-10-08T17:53:51+00:00,S1,0.25,128,1.0,nfs,0.0,0,0,4,5,2,16,0,80,80,5368709120,5368709120,0,4.857172,fifo,False,,cake,16,1,1,15,0,0.075798,0.053524,0.053479,0.0,0.022663,load,0.076845,0.782851,0.859762,319
20261008-175305-m7-b-nfs-fifo,2026-10-08T17:53:52+00:00,S1,0.25,128,1.0,nfs,0.0,0,0,5,3,1,0,0,96,96,6442450944,6442450944,0,5.636285,fifo,False,,none,0,,,,,,,,,,,,0.60638,0.606409,319
20261008-175305-m7-b-nfs-fifo,2026-10-08T17:53:53+00:00,S1,0.25,128,1.0,nfs,0.0,0,0,6,7,2,16,0,112,112,7516192768,7516192768,0,6.668997,fifo,False,,cake,16,2,2,14,0,0.060115,0.051347,0.051301,0.0,0.009039,load,0.060957,0.783202,0.844213,319
20261008-175305-m7-b-nfs-fifo,2026-10-08T17:53:54+00:00,S1,0.25,128,1.0,nfs,0.0,0,0,7,7,3,32,0,128,128,8589934592,8589934592,0,7.463586,fifo,False,,cake,32,3,3,29,0,0.092042,0.077525,0.077417,0.0,0.014868,load,0.093111,1.005761,1.098922,319
20261008-175305-m7-b-nfs-fifo,2026-10-08T17:53:54+00:00,S1,0.25,128,1.0,nfs,0.0,0,0,8,4,1,0,0,128,144,9663676416,9663676416,0,8.003004,fifo,False,,none,0,,,,,,,,,,,,0.558726,0.558749,319
20261008-175305-m7-b-nfs-fifo,2026-10-08T17:53:55+00:00,S1,0.25,128,1.0,nfs,0.0,0,0,9,0,1,0,0,128,160,10737418240,10737418240,0,9.083332,fifo,False,,none,0,,,,,,,,,,,,0.558797,0.558825,5809
20261008-175305-m7-b-nfs-fifo,2026-10-08T17:53:56+00:00,S1,0.25,128,1.0,nfs,0.0,0,0,10,0,2,16,0,112,176,11811160064,11811160064,0,10.163481,fifo,False,,cake,16,2,2,14,0,0.060089,0.051445,0.051406,0.0,0.009025,load,0.061317,0.78503,0.846443,319
20261008-175305-m7-b-nfs-fifo,2026-10-08T17:54:08+00:00,S1,0.25,128,1.0,nfs,0.0,0,0,11,1,2,16,0,128,192,12884901888,12884901888,0,10.955694,fifo,False,,cake,16,15,15,0,1,0.583064,11.143309,0.0,11.143291,10.559908,recompute,11.144356,0.78133,11.925831,5809
20261008-175305-m7-b-nfs-fifo,2026-10-08T17:54:11+00:00,S1,0.25,128,1.0,nfs,0.0,0,0,12,6,2,16,0,128,208,13958643712,13958643712,0,1.663666,fifo,False,,cake,16,15,15,0,1,0.528197,1.85135,0.0,1.851337,1.322889,recompute,1.85222,0.798129,2.650461,25634
20261008-175305-m7-b-nfs-fifo,2026-10-08T17:54:12+00:00,S1,0.25,128,1.0,nfs,0.0,0,0,13,0,3,32,0,96,224,15032385536,15032385536,0,1.663586,fifo,False,,cake,32,3,3,29,0,0.092262,0.077687,0.077598,0.0,0.014918,load,0.093355,1.021814,1.115248,319
20261008-175305-m7-b-nfs-fifo,2026-10-08T17:54:15+00:00,S1,0.25,128,1.0,nfs,0.0,0,0,14,7,4,48,0,112,240,16106127360,16106127360,0,2.186605,fifo,False,,cake,48,47,47,0,1,2.395926,2.373532,0.0,2.373518,0.022757,load,2.397078,1.240112,3.637268,62
20261008-175305-m7-b-nfs-fifo,2026-10-08T17:54:18+00:00,S1,0.25,128,1.0,nfs,0.0,0,0,15,6,3,32,0,128,256,17179869184,17179869184,0,1.663621,fifo,False,,cake,32,15,15,16,1,0.530522,1.850937,0.054582,1.796287,1.320063,recompute,1.851966,1.025757,2.877864,319
20261008-175305-m7-b-nfs-fifo,2026-10-08T17:54:21+00:00,S1,0.25,128,1.0,nfs,0.0,0,0,16,6,4,48,0,128,272,18253611008,18253611008,0,1.663606,fifo,False,,cake,48,15,15,32,1,0.537984,1.850536,0.082329,1.768095,1.312217,recompute,1.851448,1.232755,3.084319,319
20261008-175305-m7-b-nfs-fifo,2026-10-08T17:54:22+00:00,S1,0.25,128,1.0,nfs,0.0,0,0,17,2,1,0,0,128,288,19327352832,19327352832,0,1.66358,fifo,False,,none,0,,,,,,,,,,,,0.55931,0.559442,5809
20261008-175305-m7-b-nfs-fifo,2026-10-08T17:54:26+00:00,S1,0.25,128,1.0,nfs,0.0,0,0,18,1,3,32,0,96,304,20401094656,20401094656,0,2.743219,fifo,False,,cake,32,31,31,0,1,1.368003,2.93046,0.0,2.930445,1.562117,recompute,2.931868,1.006193,3.938183,319
20261008-175305-m7-b-nfs-fifo,2026-10-08T17:54:29+00:00,S1,0.25,128,1.0,nfs,0.0,0,0,19,5,3,32,0,112,320,21474836480,21474836480,0,1.663535,fifo,False,,cake,32,31,31,0,1,1.314725,1.850883,0.0,1.850866,0.535811,recompute,1.851874,1.008084,2.86008,319
20261008-175305-m7-b-nfs-fifo,2026-10-08T17:54:30+00:00,S1,0.25,128,1.0,nfs,0.0,0,0,20,2,2,16,0,128,336,22548578304,22548578304,0,1.663648,fifo,False,,cake,16,2,2,14,0,0.063654,0.051363,0.051318,0.0,0.012563,load,0.064491,0.785821,0.850354,319
20261008-175305-m7-b-nfs-fifo,2026-10-08T17:54:34+00:00,S1,0.25,128,1.0,nfs,0.0,0,0,21,5,4,48,0,128,352,23622320128,23622320128,0,2.451986,fifo,False,,cake,48,31,31,16,1,1.316963,2.638981,0.054323,2.584615,1.32167,recompute,2.64007,1.234473,3.874687,5809
20261008-175305-m7-b-nfs-fifo,2026-10-08T17:54:37+00:00,S1,0.25,128,1.0,nfs,0.0,0,0,22,0,4,48,0,96,368,24696061952,24696061952,0,1.663509,fifo,False,,cake,48,45,45,0,3,2.235826,2.227991,0.0,2.227958,0.008198,load,2.236948,1.235346,3.472376,319
20261008-175305-m7-b-nfs-fifo,2026-10-08T17:54:38+00:00,S1,0.25,128,1.0,nfs,0.0,0,0,23,2,3,32,0,112,384,25769803776,25769803776,0,1.663524,fifo,False,,cake,32,3,3,29,0,0.092276,0.077283,0.077177,0.0,0.015339,load,0.093376,1.008401,1.101872,319
20261008-175305-m7-b-nfs-fifo,2026-10-08T17:54:40+00:00,S1,0.25,128,1.0,nfs,0.0,0,0,24,2,4,48,0,128,400,26843545600,26843545600,0,2.19991,fifo,False,,cake,48,3,3,45,0,0.122281,0.105236,0.105075,0.0,0.017322,load,0.123209,1.235986,1.359267,319
20261008-175305-m7-b-nfs-fifo,2026-10-08T17:54:44+00:00,S1,0.25,128,1.0,nfs,0.0,0,0,25,1,4,48,0,112,416,27917287424,27917287424,0,2.478595,fifo,False,,cake,48,31,31,16,1,1.360587,2.665453,0.05406,2.611326,1.304531,recompute,2.666554,1.242104,3.908785,319
20261008-175305-m7-b-nfs-fifo,2026-10-08T17:54:46+00:00,S1,0.25,128,1.0,nfs,0.0,0,0,26,3,2,16,0,128,432,28991029248,28991029248,0,1.663553,fifo,False,,cake,16,15,15,0,1,0.53116,1.851126,0.0,1.85111,1.31962,recompute,1.852041,0.799181,2.651349,62
20261008-175305-m7-b-nfs-fifo,2026-10-08T17:54:49+00:00,S1,0.25,128,1.0,nfs,0.0,0,0,27,4,2,16,0,128,448,30064771072,30064771072,0,1.663661,fifo,False,,cake,16,15,15,0,1,0.529014,1.851293,0.0,1.851279,1.321893,recompute,1.852314,0.800498,2.652943,319
20261008-175305-m7-b-nfs-fifo,2026-10-08T17:54:52+00:00,S1,0.25,128,1.0,nfs,0.0,0,0,28,3,3,32,0,80,464,31138512896,31138512896,0,1.663531,fifo,False,,cake,32,15,15,16,1,0.583958,1.850815,0.054602,1.796137,1.266496,recompute,1.851849,1.024545,2.876539,319
20261008-175305-m7-b-nfs-fifo,2026-10-08T17:54:55+00:00,S1,0.25,128,1.0,nfs,0.0,0,0,29,3,4,48,0,96,480,32212254720,32212254720,0,1.6635,fifo,False,,cake,48,15,15,32,1,0.531268,1.850511,0.082352,1.768092,1.318882,recompute,1.85154,1.233776,3.085477,5809
20261008-175305-m7-b-nfs-fifo,2026-10-08T17:54:58+00:00,S1,0.25,128,1.0,nfs,0.0,0,0,30,4,3,32,0,112,496,33285996544,33285996544,0,1.663609,fifo,False,,cake,32,15,15,16,1,0.583086,1.850845,0.054536,1.796235,1.267353,recompute,1.851882,1.007444,2.85946,319
20261008-175305-m7-b-nfs-fifo,2026-10-08T17:55:01+00:00,S1,0.25,128,1.0,nfs,0.0,0,0,31,4,4,48,0,128,512,34359738368,34359738368,0,1.66361,fifo,False,,cake,48,15,15,32,1,0.532627,1.850616,0.082214,1.768299,1.317633,recompute,1.851751,1.234572,3.086462,319
20261008-175305-m7-b-nfs-fifo,2026-10-08T17:55:01+00:00,S4,0.25,128,1.0,nfs,0.0,0,0,0,7,1,0,0,16,0,1073741824,0,0,0.0,fifo,False,,none,0,,,,,,,,,,,,0.560039,0.560094,11906
20261008-175305-m7-b-nfs-fifo,2026-10-08T17:55:02+00:00,S4,0.25,128,1.0,nfs,0.0,0,0,1,1,1,0,0,32,0,2147483648,0,0,0.0,fifo,False,,none,0,,,,,,,,,,,,0.564585,0.564612,5809
20261008-175305-m7-b-nfs-fifo,2026-10-08T17:55:03+00:00,S4,0.25,128,1.0,nfs,0.0,0,0,2,5,1,0,0,48,0,3221225472,0,0,0.0,fifo,False,,none,0,,,,,,,,,,,,0.56023,0.560275,319
20261008-175305-m7-b-nfs-fifo,2026-10-08T17:55:03+00:00,S4,0.25,128,1.0,nfs,0.0,0,0,3,6,1,0,0,64,0,4294967296,0,0,0.0,fifo,False,,none,0,,,,,,,,,,,,0.560035,0.560059,5809
20261008-175305-m7-b-nfs-fifo,2026-10-08T17:55:04+00:00,S4,0.25,128,1.0,nfs,0.0,0,0,4,5,2,16,0,80,0,5368709120,0,0,0.0,fifo,False,,cake,16,2,2,14,0,0.060253,0.051265,0.051224,0.0,0.009339,load,0.061327,0.786802,0.848179,319
20261008-175305-m7-b-nfs-fifo,2026-10-08T17:55:05+00:00,S4,0.25,128,1.0,nfs,0.0,0,0,5,3,1,0,0,96,0,6442450944,0,0,0.0,fifo,False,,none,0,,,,,,,,,,,,0.560499,0.560527,319
20261008-175305-m7-b-nfs-fifo,2026-10-08T17:55:06+00:00,S4,0.25,128,1.0,nfs,0.0,0,0,6,7,2,16,0,112,0,7516192768,0,0,0.0,fifo,False,,cake,16,2,2,14,0,0.059982,0.051496,0.051445,0.0,0.008831,load,0.060895,0.786722,0.847676,319
20261008-175305-m7-b-nfs-fifo,2026-10-08T17:55:07+00:00,S4,0.25,128,1.0,nfs,0.0,0,0,7,7,3,32,0,128,0,8589934592,0,0,0.0,fifo,False,,cake,32,2,2,30,0,0.083047,0.079195,0.079084,0.0,0.004212,load,0.084097,1.009696,1.09384,319
20261008-175305-m7-b-nfs-fifo,2026-10-08T17:55:07+00:00,S4,0.25,128,1.0,nfs,0.0,0,0,8,4,1,0,0,128,16,9663676416,1073741824,16,0.0,fifo,False,,none,0,,,,,,,,,,,,0.56083,0.56089,319
20261008-175305-m7-b-nfs-fifo,2026-10-08T17:55:08+00:00,S4,0.25,128,1.0,nfs,0.0,0,0,9,0,1,0,0,128,32,10737418240,2147483648,32,1.663622,fifo,False,,none,0,,,,,,,,,,,,0.5643,0.56433,5809
20261008-175305-m7-b-nfs-fifo,2026-10-08T17:55:09+00:00,S4,0.25,128,1.0,nfs,0.0,0,0,10,0,2,16,0,112,64,11811160064,4294967296,64,2.738178,fifo,False,,cake,16,2,2,14,0,0.060337,0.051318,0.051269,0.0,0.009372,load,0.061347,0.786746,0.848144,319
20261008-175305-m7-b-nfs-fifo,2026-10-08T17:55:15+00:00,S4,0.25,128,1.0,nfs,0.0,0,0,11,1,2,16,0,128,64,12884901888,4294967296,64,5.192615,fifo,False,,cake,16,15,15,0,1,0.529949,5.380302,0.0,5.380288,4.849982,recompute,5.381247,0.783079,6.164461,5809
20261008-175305-m7-b-nfs-fifo,2026-10-08T17:55:16+00:00,S4,0.25,128,1.0,nfs,0.0,0,0,12,6,2,16,0,128,80,13958643712,5368709120,80,0.0,fifo,False,,cake,16,13,13,0,3,0.446062,0.566572,0.0,0.566538,0.120171,recompute,0.567705,0.814005,1.38188,25634
20261008-175305-m7-b-nfs-fifo,2026-10-08T17:55:17+00:00,S4,0.25,128,1.0,nfs,0.0,0,0,13,0,3,32,0,96,128,15032385536,8589934592,128,1.663531,fifo,False,,cake,32,2,2,30,0,0.084516,0.079166,0.079051,0.0,0.005734,load,0.085532,1.025751,1.111338,319
20261008-175305-m7-b-nfs-fifo,2026-10-08T17:55:24+00:00,S4,0.25,128,1.0,nfs,0.0,0,0,14,7,4,48,0,112,128,16106127360,8589934592,128,5.518125,fifo,False,,cake,48,47,47,0,1,2.356087,5.705086,0.0,5.705072,3.348665,recompute,5.706103,1.240807,6.947021,62
20261008-175305-m7-b-nfs-fifo,2026-10-08T17:55:26+00:00,S4,0.25,128,1.0,nfs,0.0,0,0,15,6,3,32,0,128,128,17179869184,8589934592,128,0.0,fifo,False,,cake,32,13,13,16,3,0.448277,0.621192,0.054553,0.566533,0.172529,recompute,0.622219,1.008102,1.630493,319
20261008-175305-m7-b-nfs-fifo,2026-10-08T17:55:28+00:00,S4,0.25,128,1.0,nfs,0.0,0,0,16,6,4,48,0,128,144,18253611008,9663676416,144,0.0,fifo,False,,cake,48,13,13,32,3,0.508499,0.648803,0.082144,0.566504,0.139945,recompute,0.649775,1.236229,1.88612,319
20261008-175305-m7-b-nfs-fifo,2026-10-08T17:55:29+00:00,S4,0.25,128,1.0,nfs,0.0,0,0,17,2,1,0,0,128,160,19327352832,10737418240,160,1.663571,fifo,False,,none,0,,,,,,,,,,,,0.565466,0.56549,5809
20261008-175305-m7-b-nfs-fifo,2026-10-08T17:55:33+00:00,S4,0.25,128,1.0,nfs,0.0,0,0,18,1,3,32,0,96,208,20401094656,13958643712,208,2.737151,fifo,False,,cake,32,31,31,0,1,1.314765,2.924472,0.0,2.924461,1.609362,recompute,2.925401,1.007625,3.933148,319
20261008-175305-m7-b-nfs-fifo,2026-10-08T17:55:39+00:00,S4,0.25,128,1.0,nfs,0.0,0,0,19,5,3,32,0,112,208,21474836480,13958643712,208,4.991305,fifo,False,,cake,32,31,31,0,1,1.360357,5.178568,0.0,5.178552,3.817849,recompute,5.179615,1.007219,6.18694,319
20261008-175305-m7-b-nfs-fifo,2026-10-08T17:55:40+00:00,S4,0.25,128,1.0,nfs,0.0,0,0,20,2,2,16,0,128,208,22548578304,13958643712,208,0.0,fifo,False,,cake,16,2,2,14,0,0.059844,0.051332,0.051284,0.0,0.00886,load,0.060832,0.785057,0.845936,319
20261008-175305-m7-b-nfs-fifo,2026-10-08T17:55:42+00:00,S4,0.25,128,1.0,nfs,0.0,0,0,21,5,4,48,0,128,224,23622320128,15032385536,224,0.0,fifo,False,,cake,48,26,26,16,6,1.045248,1.186983,0.05408,1.132784,0.141369,recompute,1.187914,1.235378,2.42341,5809
20261008-175305-m7-b-nfs-fifo,2026-10-08T17:55:46+00:00,S4,0.25,128,1.0,nfs,0.0,0,0,22,0,4,48,0,96,272,24696061952,18253611008,272,1.663534,fifo,False,,cake,48,45,45,0,3,2.192638,2.228063,0.0,2.228023,0.035073,recompute,2.229047,1.237016,3.466159,319
20261008-175305-m7-b-nfs-fifo,2026-10-08T17:55:47+00:00,S4,0.25,128,1.0,nfs,0.0,0,0,23,2,3,32,0,112,272,25769803776,18253611008,272,4.991289,fifo,False,,cake,32,3,3,29,0,0.092323,0.077396,0.077317,0.0,0.015278,load,0.093268,1.008281,1.101604,319
20261008-175305-m7-b-nfs-fifo,2026-10-08T17:55:48+00:00,S4,0.25,128,1.0,nfs,0.0,0,0,24,2,4,48,0,128,272,26843545600,18253611008,272,3.864213,fifo,False,,cake,48,4,4,44,0,0.124737,0.103568,0.103493,0.0,0.021498,load,0.125678,1.235693,1.361429,319
20261008-175305-m7-b-nfs-fifo,2026-10-08T17:55:52+00:00,S4,0.25,128,1.0,nfs,0.0,0,0,25,1,4,48,0,112,304,27917287424,20401094656,304,2.476989,fifo,False,,cake,48,31,31,16,1,1.330971,2.663994,0.054101,2.60983,1.332689,recompute,2.664896,1.240048,3.905054,319
20261008-175305-m7-b-nfs-fifo,2026-10-08T17:55:56+00:00,S4,0.25,128,1.0,nfs,0.0,0,0,26,3,2,16,0,128,304,28991029248,20401094656,304,3.327432,fifo,False,,cake,16,15,15,0,1,0.529002,3.515074,0.0,3.515058,2.985681,recompute,3.516056,0.800246,4.316407,62
20261008-175305-m7-b-nfs-fifo,2026-10-08T17:55:58+00:00,S4,0.25,128,1.0,nfs,0.0,0,0,27,4,2,16,0,128,320,30064771072,21474836480,320,0.0,fifo,False,,cake,16,13,13,0,3,0.445571,0.566536,0.0,0.566501,0.12064,recompute,0.567441,0.802601,1.370153,319
20261008-175305-m7-b-nfs-fifo,2026-10-08T17:56:01+00:00,S4,0.25,128,1.0,nfs,0.0,0,0,28,3,3,32,0,80,384,31138512896,25769803776,384,1.663528,fifo,False,,cake,32,15,15,16,1,0.529492,1.850885,0.054392,1.796428,1.321031,recompute,1.851944,1.006596,2.858655,319
20261008-175305-m7-b-nfs-fifo,2026-10-08T17:56:09+00:00,S4,0.25,128,1.0,nfs,0.0,0,0,29,3,4,48,0,96,384,32212254720,25769803776,384,6.655177,fifo,False,,cake,48,15,15,32,1,0.531638,6.837572,0.077584,6.759868,6.305598,recompute,6.843286,1.232653,8.076113,5809
20261008-175305-m7-b-nfs-fifo,2026-10-08T17:56:10+00:00,S4,0.25,128,1.0,nfs,0.0,0,0,30,4,3,32,0,112,384,33285996544,25769803776,384,0.0,fifo,False,,cake,32,13,13,16,3,0.547746,0.621012,0.054388,0.566525,0.072897,recompute,0.62196,1.008637,1.630701,319
20261008-175305-m7-b-nfs-fifo,2026-10-08T17:56:12+00:00,S4,0.25,128,1.0,nfs,0.0,0,0,31,4,4,48,0,128,384,34359738368,25769803776,384,0.0,fifo,False,,cake,48,14,14,32,2,0.491124,0.460274,0.082395,0.377764,0.031199,load,0.492152,1.234036,1.726266,319
20261008-175305-m7-b-nfs-fifo,2026-10-08T17:56:13+00:00,S4+,0.25,128,1.0,nfs,0.0,0,0,0,7,1,0,0,16,0,1073741824,0,0,0.0,fifo,False,,none,0,,,,,,,,,,,,0.560035,0.560058,11906
20261008-175305-m7-b-nfs-fifo,2026-10-08T17:56:13+00:00,S4+,0.25,128,1.0,nfs,0.0,0,0,1,1,1,0,0,32,0,2147483648,0,0,0.0,fifo,False,,none,0,,,,,,,,,,,,0.560314,0.560341,5809
20261008-175305-m7-b-nfs-fifo,2026-10-08T17:56:14+00:00,S4+,0.25,128,1.0,nfs,0.0,0,0,2,5,1,0,0,48,0,3221225472,0,0,0.0,fifo,False,,none,0,,,,,,,,,,,,0.560418,0.560453,319
20261008-175305-m7-b-nfs-fifo,2026-10-08T17:56:15+00:00,S4+,0.25,128,1.0,nfs,0.0,0,0,3,6,1,0,0,64,0,4294967296,0,0,0.0,fifo,False,,none,0,,,,,,,,,,,,0.560412,0.560447,5809
20261008-175305-m7-b-nfs-fifo,2026-10-08T17:56:15+00:00,S4+,0.25,128,1.0,nfs,0.0,0,0,4,5,2,16,0,80,0,5368709120,0,0,0.0,fifo,False,,cake,16,2,2,14,0,0.086884,0.051479,0.051419,0.0,0.035799,load,0.08791,0.786342,0.874302,319
20261008-175305-m7-b-nfs-fifo,2026-10-08T17:56:16+00:00,S4+,0.25,128,1.0,nfs,0.0,0,0,5,3,1,0,0,96,0,6442450944,0,0,0.0,fifo,False,,none,0,,,,,,,,,,,,0.659738,0.659774,319
20261008-175305-m7-b-nfs-fifo,2026-10-08T17:56:17+00:00,S4+,0.25,128,1.0,nfs,0.0,0,0,6,7,2,16,0,112,0,7516192768,0,0,0.0,fifo,False,,cake,16,2,2,14,0,0.08621,0.051515,0.051455,0.0,0.035113,load,0.087259,0.785976,0.87328,319
20261008-175305-m7-b-nfs-fifo,2026-10-08T17:56:18+00:00,S4+,0.25,128,1.0,nfs,0.0,0,0,7,7,3,32,0,128,0,8589934592,0,0,0.0,fifo,False,,cake,32,3,3,29,0,0.091749,0.077559,0.077474,0.0,0.014541,load,0.092736,1.008488,1.101275,319
20261008-175305-m7-b-nfs-fifo,2026-10-08T17:56:19+00:00,S4+,0.25,128,1.0,nfs,0.0,0,0,8,4,1,0,0,128,16,9663676416,1073741824,16,0.0,fifo,False,,none,0,,,,,,,,,,,,0.560469,0.560497,319
20261008-175305-m7-b-nfs-fifo,2026-10-08T17:56:19+00:00,S4+,0.25,128,1.0,nfs,0.0,0,0,9,0,1,0,0,128,32,10737418240,2147483648,32,1.663336,fifo,False,,none,0,,,,,,,,,,,,0.560419,0.560441,5809
20261008-175305-m7-b-nfs-fifo,2026-10-08T17:56:23+00:00,S4+,0.25,128,1.0,nfs,0.0,0,0,10,0,2,16,0,128,48,11811160064,3221225472,48,2.741738,fifo,False,,cake,16,3,3,12,1,0.09057,2.929377,0.04737,2.881955,2.838465,recompute,2.930494,0.800123,3.73075,319
20261008-175305-m7-b-nfs-fifo,2026-10-08T17:56:26+00:00,S4+,0.25,128,1.0,nfs,0.0,0,0,11,1,2,16,0,128,64,12884901888,4294967296,64,1.663308,fifo,False,,cake,16,6,6,9,1,0.187214,1.850904,0.04228,1.808585,1.66339,recompute,1.851939,0.798535,2.650602,5809
20261008-175305-m7-b-nfs-fifo,2026-10-08T17:56:28+00:00,S4+,0.25,128,1.0,nfs,0.0,0,0,12,6,2,16,0,128,80,13958643712,5368709120,80,1.663305,fifo,False,,cake,16,9,9,6,1,0.305629,1.85097,0.036907,1.814032,1.545011,recompute,1.851965,0.802257,2.654331,25634
20261008-175305-m7-b-nfs-fifo,2026-10-08T17:56:31+00:00,S4+,0.25,128,1.0,nfs,0.0,0,0,13,0,3,32,0,128,96,15032385536,6442450944,96,1.663274,fifo,False,,cake,32,10,10,21,1,0.330814,1.850585,0.063107,1.7874,1.519419,recompute,1.851626,1.026276,2.878064,319
20261008-175305-m7-b-nfs-fifo,2026-10-08T17:56:34+00:00,S4+,0.25,128,1.0,nfs,0.0,0,0,14,7,4,48,0,128,112,16106127360,7516192768,112,1.663225,fifo,False,,cake,48,13,13,34,1,0.554608,1.850238,0.085626,1.764469,1.295278,recompute,1.851222,1.233287,3.084644,62
20261008-175305-m7-b-nfs-fifo,2026-10-08T17:56:37+00:00,S4+,0.25,128,1.0,nfs,0.0,0,0,15,6,3,32,0,128,128,17179869184,8589934592,128,1.663248,fifo,False,,cake,32,15,15,16,1,0.529116,1.850525,0.053991,1.796469,1.321071,recompute,1.851753,1.007461,2.859347,319
20261008-175305-m7-b-nfs-fifo,2026-10-08T17:56:40+00:00,S4+,0.25,128,1.0,nfs,0.0,0,0,16,6,4,48,0,128,144,18253611008,9663676416,144,1.663228,fifo,False,,cake,48,18,18,29,1,0.755912,1.850169,0.076717,1.773323,1.093863,recompute,1.851101,1.233805,3.085046,319
20261008-175305-m7-b-nfs-fifo,2026-10-08T17:56:41+00:00,S4+,0.25,128,1.0,nfs,0.0,0,0,17,2,1,0,0,128,160,19327352832,10737418240,160,1.663244,fifo,False,,none,0,,,,,,,,,,,,0.559808,0.559835,5809
20261008-175305-m7-b-nfs-fifo,2026-10-08T17:56:45+00:00,S4+,0.25,128,1.0,nfs,0.0,0,0,18,1,3,32,0,128,176,20401094656,11811160064,176,2.742139,fifo,False,,cake,32,22,22,9,1,0.844198,2.929508,0.041787,2.887686,2.084975,recompute,2.930546,1.006837,3.937493,319
20261008-175305-m7-b-nfs-fifo,2026-10-08T17:56:48+00:00,S4+,0.25,128,1.0,nfs,0.0,0,0,19,5,3,32,0,128,192,21474836480,12884901888,192,1.663213,fifo,False,,cake,32,25,25,6,1,0.99293,1.850563,0.036527,1.814002,0.857252,recompute,1.851682,1.008382,2.860209,319
20261008-175305-m7-b-nfs-fifo,2026-10-08T17:56:51+00:00,S4+,0.25,128,1.0,nfs,0.0,0,0,20,2,2,16,0,128,208,22548578304,13958643712,208,1.663189,fifo,False,,cake,16,15,15,0,1,0.621955,1.85078,0.0,1.850763,1.228422,recompute,1.851762,0.784878,2.636771,319
20261008-175305-m7-b-nfs-fifo,2026-10-08T17:56:54+00:00,S4+,0.25,128,1.0,nfs,0.0,0,0,21,5,4,48,0,128,224,23622320128,15032385536,224,1.663202,fifo,False,,cake,48,28,28,19,1,1.149678,1.850242,0.059144,1.791011,0.700188,recompute,1.851178,1.234981,3.086268,5809
20261008-175305-m7-b-nfs-fifo,2026-10-08T17:56:57+00:00,S4+,0.25,128,1.0,nfs,0.0,0,0,22,0,4,48,0,128,240,24696061952,16106127360,240,1.663115,fifo,False,,cake,48,31,31,16,1,1.410878,1.850023,0.053567,1.796379,0.438777,recompute,1.850936,1.243288,3.094351,319
20261008-175305-m7-b-nfs-fifo,2026-10-08T17:57:00+00:00,S4+,0.25,128,1.0,nfs,0.0,0,0,23,2,3,32,0,128,256,25769803776,17179869184,256,1.663177,fifo,False,,cake,32,31,31,0,1,1.325146,1.85052,0.0,1.850503,0.524985,recompute,1.851581,1.024356,2.876047,319
20261008-175305-m7-b-nfs-fifo,2026-10-08T17:57:03+00:00,S4+,0.25,128,1.0,nfs,0.0,0,0,24,2,4,48,0,128,272,26843545600,18253611008,272,1.663159,fifo,False,,cake,48,36,36,11,1,1.625165,1.850246,0.044943,1.805255,0.224806,recompute,1.851058,1.243082,3.094251,319
20261008-175305-m7-b-nfs-fifo,2026-10-08T17:57:06+00:00,S4+,0.25,128,1.0,nfs,0.0,0,0,25,1,4,48,0,128,288,27917287424,19327352832,288,1.663147,fifo,False,,cake,48,39,39,8,1,1.820096,1.850154,0.039562,1.810553,0.029714,recompute,1.85107,1.240774,3.091951,319
20261008-175305-m7-b-nfs-fifo,2026-10-08T17:57:09+00:00,S4+,0.25,128,1.0,nfs,0.0,0,0,26,3,2,16,0,128,304,28991029248,20401094656,304,1.663132,fifo,False,,cake,16,15,15,0,1,0.543386,1.850715,0.0,1.8507,1.30697,recompute,1.851579,0.784186,2.635898,62
20261008-175305-m7-b-nfs-fifo,2026-10-08T17:57:11+00:00,S4+,0.25,128,1.0,nfs,0.0,0,0,27,4,2,16,0,128,320,30064771072,21474836480,320,1.663157,fifo,False,,cake,16,15,15,0,1,0.528186,1.850856,0.0,1.850843,1.322348,recompute,1.851817,0.785751,2.637707,319
20261008-175305-m7-b-nfs-fifo,2026-10-08T17:57:14+00:00,S4+,0.25,128,1.0,nfs,0.0,0,0,28,3,3,32,0,128,336,31138512896,22548578304,336,1.663118,fifo,False,,cake,32,31,31,0,1,1.32436,1.850416,0.0,1.850401,0.5257,recompute,1.851483,1.00833,2.859947,319
20261008-175305-m7-b-nfs-fifo,2026-10-08T17:57:17+00:00,S4+,0.25,128,1.0,nfs,0.0,0,0,29,3,4,48,0,128,352,32212254720,23622320128,352,1.663117,fifo,False,,cake,48,41,41,5,2,1.924784,2.038905,0.03427,2.004592,0.113771,recompute,2.040025,1.237487,3.277651,5809
20261008-175305-m7-b-nfs-fifo,2026-10-08T17:57:20+00:00,S4+,0.25,128,1.0,nfs,0.0,0,0,30,4,3,32,0,128,368,33285996544,24696061952,368,1.663093,fifo,False,,cake,32,31,31,0,1,1.326239,1.850275,0.0,1.850263,0.523684,recompute,1.851354,1.009035,2.86052,319
20261008-175305-m7-b-nfs-fifo,2026-10-08T17:57:24+00:00,S4+,0.25,128,1.0,nfs,0.0,0,0,31,4,4,48,0,128,384,34359738368,25769803776,384,1.663101,fifo,False,,cake,48,43,43,2,3,2.058465,2.227667,0.028876,2.198744,0.168857,recompute,2.228702,1.236651,3.465479,319
20261008-175305-m7-b-nfs-fifo,2026-10-08T17:57:24+00:00,S4+P,0.25,128,1.0,nfs,0.0,0,0,0,7,1,0,0,16,0,1073741824,0,0,0.0,fifo,False,,none,0,,,,,,,,,,,,0.561191,0.56123,11906
20261008-175305-m7-b-nfs-fifo,2026-10-08T17:57:25+00:00,S4+P,0.25,128,1.0,nfs,0.0,0,0,1,1,1,0,0,32,0,2147483648,0,0,0.0,fifo,False,,none,0,,,,,,,,,,,,0.561125,0.561149,5809
20261008-175305-m7-b-nfs-fifo,2026-10-08T17:57:26+00:00,S4+P,0.25,128,1.0,nfs,0.0,0,0,2,5,1,0,0,48,0,3221225472,0,0,0.0,fifo,False,,none,0,,,,,,,,,,,,0.561288,0.561306,319
20261008-175305-m7-b-nfs-fifo,2026-10-08T17:57:26+00:00,S4+P,0.25,128,1.0,nfs,0.0,0,0,3,6,1,0,0,64,0,4294967296,0,0,0.0,fifo,False,,none,0,,,,,,,,,,,,0.560901,0.560925,5809
20261008-175305-m7-b-nfs-fifo,2026-10-08T17:57:27+00:00,S4+P,0.25,128,1.0,nfs,0.0,0,0,4,5,2,16,0,80,0,5368709120,0,0,0.0,fifo,False,,cake,16,2,2,14,0,0.059899,0.051451,0.051405,0.0,0.008832,load,0.060944,0.785957,0.846948,319
20261008-175305-m7-b-nfs-fifo,2026-10-08T17:57:28+00:00,S4+P,0.25,128,1.0,nfs,0.0,0,0,5,3,1,0,0,96,0,6442450944,0,0,0.0,fifo,False,,none,0,,,,,,,,,,,,0.655413,0.655434,319
20261008-175305-m7-b-nfs-fifo,2026-10-08T17:57:29+00:00,S4+P,0.25,128,1.0,nfs,0.0,0,0,6,7,2,16,0,112,0,7516192768,0,0,0.0,fifo,False,,cake,16,2,2,14,0,0.084617,0.051347,0.051292,0.0,0.033626,load,0.085602,0.786267,0.871928,319
20261008-175305-m7-b-nfs-fifo,2026-10-08T17:57:30+00:00,S4+P,0.25,128,1.0,nfs,0.0,0,0,7,7,3,32,0,128,0,8589934592,0,0,0.0,fifo,False,,cake,32,2,2,30,0,0.089697,0.079135,0.079018,0.0,0.010931,load,0.090717,1.030049,1.120822,319
20261008-175305-m7-b-nfs-fifo,2026-10-08T17:57:30+00:00,S4+P,0.25,128,1.0,nfs,0.0,0,0,8,4,1,0,0,128,16,9663676416,1073741824,16,0.0,fifo,False,,none,0,,,,,,,,,,,,0.571993,0.57202,319
20261008-175305-m7-b-nfs-fifo,2026-10-08T17:57:31+00:00,S4+P,0.25,128,1.0,nfs,0.0,0,0,9,0,1,0,0,128,32,10737418240,2147483648,32,1.663007,fifo,False,,none,0,,,,,,,,,,,,0.561954,0.561981,5809
20261008-175305-m7-b-nfs-fifo,2026-10-08T17:57:32+00:00,S4+P,0.25,128,1.0,nfs,0.0,0,0,10,0,2,16,0,128,48,11811160064,3221225472,48,2.739493,fifo,False,,cake,16,2,2,14,0,0.059881,0.050623,0.05058,0.0,0.009609,load,0.060901,0.801613,0.862559,319
20261008-175305-m7-b-nfs-fifo,2026-10-08T17:57:36+00:00,S4+P,0.25,128,1.0,nfs,0.0,0,0,11,1,2,16,0,128,64,12884901888,4294967296,64,3.515182,fifo,False,,cake,16,15,15,0,1,0.528152,3.702839,0.0,3.702821,3.174297,recompute,3.703958,0.800451,4.504533,5809
20261008-175305-m7-b-nfs-fifo,2026-10-08T17:57:39+00:00,S4+P,0.25,128,1.0,nfs,0.0,0,0,12,6,2,16,0,128,80,13958643712,5368709120,80,1.662993,fifo,False,,cake,16,15,15,0,1,0.527989,1.850637,0.0,1.850623,1.322266,recompute,1.851772,0.785771,2.63767,25634
20261008-175305-m7-b-nfs-fifo,2026-10-08T17:57:40+00:00,S4+P,0.25,128,1.0,nfs,0.0,0,0,13,0,3,32,0,128,96,15032385536,6442450944,96,1.662948,fifo,False,,cake,32,2,2,30,0,0.091181,0.078667,0.078547,0.0,0.01292,load,0.092247,1.008348,1.100652,319
20261008-175305-m7-b-nfs-fifo,2026-10-08T17:57:44+00:00,S4+P,0.25,128,1.0,nfs,0.0,0,0,14,7,4,48,0,128,112,16106127360,7516192768,112,2.199929,fifo,False,,cake,48,11,11,36,1,0.386759,2.386877,0.088768,2.29799,1.999777,recompute,2.387951,1.234209,3.622327,62
20261008-175305-m7-b-nfs-fifo,2026-10-08T17:57:47+00:00,S4+P,0.25,128,1.0,nfs,0.0,0,0,15,6,3,32,0,128,128,17179869184,8589934592,128,1.662892,fifo,False,,cake,32,15,15,16,1,0.629348,1.850114,0.053721,1.796315,1.220394,recompute,1.851156,1.007224,2.858513,319
20261008-175305-m7-b-nfs-fifo,2026-10-08T17:57:50+00:00,S4+P,0.25,128,1.0,nfs,0.0,0,0,16,6,4,48,0,128,144,18253611008,9663676416,144,1.662944,fifo,False,,cake,48,15,15,32,1,0.530636,1.849859,0.08163,1.768164,1.318876,recompute,1.850906,1.234475,3.085496,319
20261008-175305-m7-b-nfs-fifo,2026-10-08T17:57:50+00:00,S4+P,0.25,128,1.0,nfs,0.0,0,0,17,2,1,0,0,128,160,19327352832,10737418240,160,1.662898,fifo,False,,none,0,,,,,,,,,,,,0.650528,0.650547,5809
20261008-175305-m7-b-nfs-fifo,2026-10-08T17:57:54+00:00,S4+P,0.25,128,1.0,nfs,0.0,0,0,18,1,3,32,0,128,176,20401094656,11811160064,176,2.650757,fifo,False,,cake,32,31,31,0,1,1.345875,2.837982,0.0,2.837968,1.491725,recompute,2.839009,1.007111,3.846305,319
20261008-175305-m7-b-nfs-fifo,2026-10-08T17:57:57+00:00,S4+P,0.25,128,1.0,nfs,0.0,0,0,19,5,3,32,0,128,192,21474836480,12884901888,192,1.662907,fifo,False,,cake,32,31,31,0,1,1.323894,1.850322,0.0,1.850307,0.52608,recompute,1.851353,1.018589,2.870084,319
20261008-175305-m7-b-nfs-fifo,2026-10-08T17:57:58+00:00,S4+P,0.25,128,1.0,nfs,0.0,0,0,20,2,2,16,0,128,208,22548578304,13958643712,208,1.662892,fifo,False,,cake,16,2,2,14,0,0.06865,0.050708,0.050655,0.0,0.018335,load,0.069683,0.785741,0.855464,319
20261008-175305-m7-b-nfs-fifo,2026-10-08T17:58:02+00:00,S4+P,0.25,128,1.0,nfs,0.0,0,0,21,5,4,48,0,128,224,23622320128,15032385536,224,2.44548,fifo,False,,cake,48,31,31,16,1,1.314573,2.63254,0.053513,2.578951,1.317618,recompute,2.633611,1.235836,3.869612,5809
20261008-175305-m7-b-nfs-fifo,2026-10-08T17:58:05+00:00,S4+P,0.25,128,1.0,nfs,0.0,0,0,22,0,4,48,0,128,240,24696061952,16106127360,240,1.662858,fifo,False,,cake,48,45,45,0,3,2.214942,2.227418,0.0,2.227386,0.012082,recompute,2.228229,1.242169,3.470491,319
20261008-175305-m7-b-nfs-fifo,2026-10-08T17:58:07+00:00,S4+P,0.25,128,1.0,nfs,0.0,0,0,23,2,3,32,0,128,256,25769803776,17179869184,256,1.662872,fifo,False,,cake,32,3,3,29,0,0.091717,0.076835,0.07675,0.0,0.015232,load,0.092729,1.024686,1.117485,319
20261008-175305-m7-b-nfs-fifo,2026-10-08T17:58:08+00:00,S4+P,0.25,128,1.0,nfs,0.0,0,0,24,2,4,48,0,128,272,26843545600,18253611008,272,2.182902,fifo,False,,cake,48,3,3,45,0,0.13535,0.105061,0.104893,0.0,0.030691,load,0.136425,1.242578,1.379054,319
20261008-175305-m7-b-nfs-fifo,2026-10-08T17:58:12+00:00,S4+P,0.25,128,1.0,nfs,0.0,0,0,25,1,4,48,0,128,288,27917287424,19327352832,288,2.441086,fifo,False,,cake,48,37,37,10,1,1.69931,2.628281,0.042811,2.585427,0.928644,recompute,2.629286,1.241813,3.871252,319
20261008-175305-m7-b-nfs-fifo,2026-10-08T17:58:15+00:00,S4+P,0.25,128,1.0,nfs,0.0,0,0,26,3,2,16,0,128,304,28991029248,20401094656,304,1.662796,fifo,False,,cake,16,15,15,0,1,0.620729,1.850348,0.0,1.850332,1.229218,recompute,1.851411,0.794565,2.646134,62
20261008-175305-m7-b-nfs-fifo,2026-10-08T17:58:17+00:00,S4+P,0.25,128,1.0,nfs,0.0,0,0,27,4,2,16,0,128,320,30064771072,21474836480,320,1.662836,fifo,False,,cake,16,15,15,0,1,0.527816,1.850569,0.0,1.850556,1.322403,recompute,1.851558,0.784353,2.636058,319
20261008-175305-m7-b-nfs-fifo,2026-10-08T17:58:20+00:00,S4+P,0.25,128,1.0,nfs,0.0,0,0,28,3,3,32,0,128,336,31138512896,22548578304,336,1.662798,fifo,False,,cake,32,15,15,16,1,0.620097,1.850021,0.05357,1.796377,1.229556,recompute,1.851088,1.00807,2.859293,319
20261008-175305-m7-b-nfs-fifo,2026-10-08T17:58:23+00:00,S4+P,0.25,128,1.0,nfs,0.0,0,0,29,3,4,48,0,128,352,32212254720,23622320128,352,1.662801,fifo,False,,cake,48,15,15,32,1,0.531051,1.849798,0.08152,1.768175,1.318382,recompute,1.85078,1.234044,3.084945,5809
20261008-175305-m7-b-nfs-fifo,2026-10-08T17:58:26+00:00,S4+P,0.25,128,1.0,nfs,0.0,0,0,30,4,3,32,0,128,368,33285996544,24696061952,368,1.662736,fifo,False,,cake,32,15,15,16,1,0.634365,1.849927,0.053398,1.796454,1.215167,recompute,1.850937,1.007354,2.858423,319
20261008-175305-m7-b-nfs-fifo,2026-10-08T17:58:29+00:00,S4+P,0.25,128,1.0,nfs,0.0,0,0,31,4,4,48,0,128,384,34359738368,25769803776,384,1.662801,fifo,False,,cake,48,15,15,32,1,0.531174,1.849799,0.08168,1.768013,1.318278,recompute,1.850903,1.234689,3.085767,319
20261008-175305-m7-b-nfs-fifo,2026-10-08T17:58:30+00:00,S5,0.25,128,1.0,nfs,0.0,0,0,0,7,1,0,0,16,0,1073741824,0,0,0.0,fifo,False,,none,0,,,,,,,,,,,,0.655645,0.655666,11906
20261008-175305-m7-b-nfs-fifo,2026-10-08T17:58:31+00:00,S5,0.25,128,1.0,nfs,0.0,0,0,1,1,1,0,0,32,0,2147483648,0,0,0.0,fifo,False,,none,0,,,,,,,,,,,,0.560756,0.560788,5809
20261008-175305-m7-b-nfs-fifo,2026-10-08T17:58:31+00:00,S5,0.25,128,1.0,nfs,0.0,0,0,2,5,1,0,0,48,0,3221225472,0,0,0.0,fifo,False,,none,0,,,,,,,,,,,,0.572901,0.572928,319
20261008-175305-m7-b-nfs-fifo,2026-10-08T17:58:32+00:00,S5,0.25,128,1.0,nfs,0.0,0,0,3,6,1,0,0,64,0,4294967296,0,0,0.0,fifo,False,,none,0,,,,,,,,,,,,0.561012,0.561075,5809
20261008-175305-m7-b-nfs-fifo,2026-10-08T17:58:33+00:00,S5,0.25,128,1.0,nfs,0.0,0,0,4,5,2,16,0,80,0,5368709120,0,0,0.0,fifo,False,,cake,16,2,2,14,0,0.060117,0.051401,0.051355,0.0,0.009127,load,0.061177,0.786424,0.84767,319
20261008-175305-m7-b-nfs-fifo,2026-10-08T17:58:33+00:00,S5,0.25,128,1.0,nfs,0.0,0,0,5,3,1,0,0,96,0,6442450944,0,0,0.0,fifo,False,,none,0,,,,,,,,,,,,0.561189,0.561242,319
20261008-175305-m7-b-nfs-fifo,2026-10-08T17:58:34+00:00,S5,0.25,128,1.0,nfs,0.0,0,0,6,7,2,16,0,112,0,7516192768,0,0,0.0,fifo,False,,cake,16,2,2,14,0,0.05991,0.051458,0.051412,0.0,0.008798,load,0.060905,0.785965,0.846917,319
20261008-175305-m7-b-nfs-fifo,2026-10-08T17:58:35+00:00,S5,0.25,128,1.0,nfs,0.0,0,0,7,7,3,32,0,128,0,8589934592,0,0,0.0,fifo,False,,cake,32,3,3,29,0,0.105077,0.077561,0.077462,0.0,0.027861,load,0.106166,1.009882,1.116101,319
20261008-175305-m7-b-nfs-fifo,2026-10-08T17:58:36+00:00,S5,0.25,128,1.0,nfs,0.0,0,0,8,4,1,0,0,128,16,9663676416,1073741824,16,0.0,fifo,False,,none,0,,,,,,,,,,,,0.653263,0.653291,319
20261008-175305-m7-b-nfs-fifo,2026-10-08T17:58:37+00:00,S5,0.25,128,1.0,nfs,0.0,0,0,9,0,1,0,0,128,32,10737418240,2147483648,32,1.663322,fifo,False,,none,0,,,,,,,,,,,,0.657986,0.658007,5809
20261008-175305-m7-b-nfs-fifo,2026-10-08T17:58:40+00:00,S5,0.25,128,1.0,nfs,0.0,0,0,10,0,2,16,0,128,48,11811160064,3221225472,48,2.644118,fifo,False,,cake,16,3,3,12,1,0.097864,2.831777,0.047545,2.784171,2.733551,recompute,2.832729,0.799056,3.631979,319
20261008-175305-m7-b-nfs-fifo,2026-10-08T17:58:43+00:00,S5,0.25,128,1.0,nfs,0.0,0,0,11,1,2,16,0,128,64,12884901888,4294967296,64,1.663289,fifo,False,,cake,16,6,6,9,1,0.249299,1.850918,0.042192,1.808676,1.601295,recompute,1.851848,0.810926,2.662906,5809
20261008-175305-m7-b-nfs-fifo,2026-10-08T17:58:46+00:00,S5,0.25,128,1.0,nfs,0.0,0,0,12,6,2,16,0,128,80,13958643712,5368709120,80,1.663282,fifo,False,,cake,16,9,9,6,1,0.292868,1.850937,0.036895,1.81401,1.557716,recompute,1.852032,0.786966,2.639172,25634
20261008-175305-m7-b-nfs-fifo,2026-10-08T17:58:48+00:00,S5,0.25,128,1.0,nfs,0.0,0,0,13,0,3,32,0,128,96,15032385536,6442450944,96,1.663246,fifo,False,,cake,32,10,10,21,1,0.425852,1.850462,0.062792,1.787576,1.424241,recompute,1.851372,1.007571,2.859055,319
20261008-175305-m7-b-nfs-fifo,2026-10-08T17:58:52+00:00,S5,0.25,128,1.0,nfs,0.0,0,0,14,7,4,48,0,128,112,16106127360,7516192768,112,1.66326,fifo,False,,cake,48,13,13,34,1,0.448997,1.85027,0.085614,1.764548,1.400905,recompute,1.851242,1.233949,3.085308,62
20261008-175305-m7-b-nfs-fifo,2026-10-08T17:58:54+00:00,S5,0.25,128,1.0,nfs,0.0,0,0,15,6,3,32,0,128,128,17179869184,8589934592,128,1.663223,fifo,False,,cake,32,15,15,16,1,0.621092,1.850423,0.054264,1.796078,1.228931,recompute,1.851406,1.006855,2.858447,319
20261008-175305-m7-b-nfs-fifo,2026-10-08T17:58:58+00:00,S5,0.25,128,1.0,nfs,0.0,0,0,16,6,4,48,0,128,144,18253611008,9663676416,144,1.663226,fifo,False,,cake,48,18,18,29,1,0.661016,1.850277,0.076589,1.773577,1.18892,recompute,1.851293,1.234437,3.085849,319
20261008-175305-m7-b-nfs-fifo,2026-10-08T17:58:58+00:00,S5,0.25,128,1.0,nfs,0.0,0,0,17,2,1,0,0,128,160,19327352832,10737418240,160,1.663239,fifo,False,,none,0,,,,,,,,,,,,0.56045,0.560475,5809
20261008-175305-m7-b-nfs-fifo,2026-10-08T17:59:02+00:00,S5,0.25,128,1.0,nfs,0.0,0,0,18,1,3,32,0,128,176,20401094656,11811160064,176,2.741392,fifo,False,,cake,32,22,22,9,1,0.858169,2.928707,0.041954,2.886709,2.070188,recompute,2.929769,1.007004,3.936916,319
20261008-175305-m7-b-nfs-fifo,2026-10-08T17:59:05+00:00,S5,0.25,128,1.0,nfs,0.0,0,0,19,5,3,32,0,128,192,21474836480,12884901888,192,1.663175,fifo,False,,cake,32,25,25,6,1,1.089219,1.850382,0.036225,1.814116,0.760797,recompute,1.851301,1.007796,2.859217,319
20261008-175305-m7-b-nfs-fifo,2026-10-08T17:59:08+00:00,S5,0.25,128,1.0,nfs,0.0,0,0,20,2,2,16,0,128,208,22548578304,13958643712,208,1.663208,fifo,False,,cake,16,15,15,0,1,0.530694,1.850822,0.0,1.850809,1.319746,recompute,1.851823,0.784387,2.636347,319
20261008-175305-m7-b-nfs-fifo,2026-10-08T17:59:11+00:00,S5,0.25,128,1.0,nfs,0.0,0,0,21,5,4,48,0,128,224,23622320128,15032385536,224,1.663162,fifo,False,,cake,48,28,28,19,1,1.26516,1.850067,0.059116,1.790861,0.584537,recompute,1.850876,1.243076,3.094082,5809
20261008-175305-m7-b-nfs-fifo,2026-10-08T17:59:14+00:00,S5,0.25,128,1.0,nfs,0.0,0,0,22,0,4,48,0,128,240,24696061952,16106127360,240,1.663165,fifo,False,,cake,48,31,31,16,1,1.327078,1.850196,0.053786,1.796352,0.522771,recompute,1.8511,1.240507,3.091739,319
20261008-175305-m7-b-nfs-fifo,2026-10-08T17:59:17+00:00,S5,0.25,128,1.0,nfs,0.0,0,0,23,2,3,32,0,128,256,25769803776,17179869184,256,1.663093,fifo,False,,cake,32,31,31,0,1,1.423988,1.850251,0.0,1.850238,0.425882,recompute,1.851635,1.028859,2.880612,319
20261008-175305-m7-b-nfs-fifo,2026-10-08T17:59:20+00:00,S5,0.25,128,1.0,nfs,0.0,0,0,24,2,4,48,0,128,272,26843545600,18253611008,272,1.663153,fifo,False,,cake,48,36,36,11,1,1.623609,1.85043,0.044953,1.805429,0.226473,recompute,1.851329,1.235994,3.087471,319
20261008-175305-m7-b-nfs-fifo,2026-10-08T17:59:23+00:00,S5,0.25,128,1.0,nfs,0.0,0,0,25,1,4,48,0,128,288,27917287424,19327352832,288,1.663093,fifo,False,,cake,48,39,39,8,1,1.908955,1.850025,0.039472,1.810512,0.059255,load,1.910019,1.236626,3.146718,319
20261008-175305-m7-b-nfs-fifo,2026-10-08T17:59:26+00:00,S5,0.25,128,1.0,nfs,0.0,0,0,26,3,2,16,0,128,304,28991029248,20401094656,304,1.663141,fifo,False,,cake,16,15,15,0,1,0.529768,1.85079,0.0,1.850776,1.320668,recompute,1.851803,0.785875,2.637873,62
20261008-175305-m7-b-nfs-fifo,2026-10-08T17:59:28+00:00,S5,0.25,128,1.0,nfs,0.0,0,0,27,4,2,16,0,128,320,30064771072,21474836480,320,1.663126,fifo,False,,cake,16,15,15,0,1,0.614227,1.850716,0.0,1.8507,1.236127,recompute,1.851729,0.786181,2.638023,319
20261008-175305-m7-b-nfs-fifo,2026-10-08T17:59:31+00:00,S5,0.25,128,1.0,nfs,0.0,0,0,28,3,3,32,0,128,336,31138512896,22548578304,336,1.663126,fifo,False,,cake,32,31,31,0,1,1.312893,1.850424,0.0,1.85041,0.537186,recompute,1.851358,1.008982,2.860488,319
20261008-175305-m7-b-nfs-fifo,2026-10-08T17:59:35+00:00,S5,0.25,128,1.0,nfs,0.0,0,0,29,3,4,48,0,128,352,32212254720,23622320128,352,1.66304,fifo,False,,cake,48,41,41,5,2,2.032088,2.038717,0.03412,2.004553,0.006261,recompute,2.039594,1.237367,3.27704,5809
20261008-175305-m7-b-nfs-fifo,2026-10-08T17:59:37+00:00,S5,0.25,128,1.0,nfs,0.0,0,0,30,4,3,32,0,128,368,33285996544,24696061952,368,1.663085,fifo,False,,cake,32,31,31,0,1,1.314158,1.850355,0.0,1.85034,0.535844,recompute,1.851286,1.009103,2.86051,319
20261008-175305-m7-b-nfs-fifo,2026-10-08T17:59:41+00:00,S5,0.25,128,1.0,nfs,0.0,0,0,31,4,4,48,0,128,384,34359738368,25769803776,384,1.663045,fifo,False,,cake,48,43,43,2,3,2.156986,2.22752,0.028914,2.198563,0.070166,recompute,2.228579,1.237553,3.466273,319
20261008-175305-m7-b-nfs-fifo,2026-10-08T17:59:42+00:00,S5s,0.25,128,1.0,nfs,0.0,0,0,0,7,1,0,0,2,14,134217728,939524096,0,0.0,fifo,False,,none,0,,,,,,,,,,,,0.56067,0.560692,11906
20261008-175305-m7-b-nfs-fifo,2026-10-08T17:59:42+00:00,S5s,0.25,128,1.0,nfs,0.0,0,0,1,1,1,0,0,4,28,268435456,1879048192,0,1.455725,fifo,False,,none,0,,,,,,,,,,,,0.561866,0.561892,5809
20261008-175305-m7-b-nfs-fifo,2026-10-08T17:59:43+00:00,S5s,0.25,128,1.0,nfs,0.0,0,0,2,5,1,0,0,6,42,402653184,2818572288,0,2.324968,fifo,False,,none,0,,,,,,,,,,,,0.562193,0.562223,319
20261008-175305-m7-b-nfs-fifo,2026-10-08T17:59:43+00:00,S5s,0.25,128,1.0,nfs,0.0,0,0,3,6,1,0,0,8,56,536870912,3758096384,0,3.193909,fifo,False,,none,0,,,,,,,,,,,,0.5621,0.56213,5809
20261008-175305-m7-b-nfs-fifo,2026-10-08T17:59:48+00:00,S5s,0.25,128,1.0,nfs,0.0,0,0,4,5,2,16,0,13,67,872415232,4496293888,0,4.063007,fifo,False,,cake,16,13,13,2,1,0.542725,4.250846,0.005538,4.245284,3.707767,recompute,4.251722,0.800135,5.051997,319
20261008-175305-m7-b-nfs-fifo,2026-10-08T17:59:49+00:00,S5s,0.25,128,1.0,nfs,0.0,0,0,5,3,1,0,0,15,81,1006632960,5435817984,0,1.143684,fifo,False,,none,0,,,,,,,,,,,,0.661386,0.661441,319
20261008-175305-m7-b-nfs-fifo,2026-10-08T17:59:52+00:00,S5s,0.25,128,1.0,nfs,0.0,0,0,6,7,2,16,0,20,92,1342177280,6174015488,0,1.913365,fifo,False,,cake,16,13,13,2,1,0.53142,2.101057,0.005726,2.095308,1.569317,recompute,2.101945,0.792059,2.894158,319
20261008-175305-m7-b-nfs-fifo,2026-10-08T17:59:54+00:00,S5s,0.25,128,1.0,nfs,0.0,0,0,7,7,3,32,0,29,99,1946157056,6643777536,0,1.143694,fifo,False,,cake,32,26,26,5,1,1.043117,1.331021,0.015898,1.315097,0.287571,recompute,1.3319,1.008195,2.340279,319
20261008-175305-m7-b-nfs-fifo,2026-10-08T17:59:55+00:00,S5s,0.25,128,1.0,nfs,0.0,0,0,8,4,1,0,0,31,113,2080374784,7583301632,0,0.727726,fifo,False,,none,0,,,,,,,,,,,,0.660101,0.660169,319
20261008-175305-m7-b-nfs-fifo,2026-10-08T17:59:56+00:00,S5s,0.25,128,1.0,nfs,0.0,0,0,9,0,1,0,0,33,127,2214592512,8522825728,0,1.498753,fifo,False,,none,0,,,,,,,,,,,,0.659525,0.659547,5809
20261008-175305-m7-b-nfs-fifo,2026-10-08T17:59:59+00:00,S5s,0.25,128,1.0,nfs,0.0,0,0,10,0,2,16,0,38,138,2550136832,9261023232,0,2.270392,fifo,False,,cake,16,13,13,2,1,0.53784,2.457892,0.00563,2.452243,1.919667,recompute,2.45898,0.784623,3.243745,319
20261008-175305-m7-b-nfs-fifo,2026-10-08T18:00:01+00:00,S5s,0.25,128,1.0,nfs,0.0,0,0,11,1,2,16,0,43,149,2885681152,9999220736,0,1.143688,fifo,False,,cake,16,13,13,2,1,0.446125,1.331405,0.010998,1.320384,0.884895,recompute,1.332441,0.81622,2.148804,5809
20261008-175305-m7-b-nfs-fifo,2026-10-08T18:00:03+00:00,S5s,0.25,128,1.0,nfs,0.0,0,0,12,6,2,16,0,48,160,3221225472,10737418240,0,1.143686,fifo,False,,cake,16,13,13,2,1,0.545749,1.331258,0.0108,1.320435,0.785118,recompute,1.332098,0.785991,2.118226,25634
20261008-175305-m7-b-nfs-fifo,2026-10-08T18:00:06+00:00,S5s,0.25,128,1.0,nfs,0.0,0,0,13,0,3,32,0,57,167,3825205248,11207180288,0,1.143683,fifo,False,,cake,32,26,26,5,1,1.044586,1.331011,0.015818,1.315166,0.286076,recompute,1.33188,1.008977,2.34097,319
20261008-175305-m7-b-nfs-fifo,2026-10-08T18:00:09+00:00,S5s,0.25,128,1.0,nfs,0.0,0,0,14,7,4,48,0,70,170,4697620480,11408506880,0,0.727683,fifo,False,,cake,48,34,34,9,5,1.587628,1.669703,0.029616,1.63997,0.081712,recompute,1.670731,1.237292,2.908165,62
20261008-175305-m7-b-nfs-fifo,2026-10-08T18:00:11+00:00,S5s,0.25,128,1.0,nfs,0.0,0,0,15,6,3,32,0,79,177,5301600256,11878268928,0,0.311722,fifo,False,,cake,32,23,23,5,4,0.895379,1.06532,0.029749,1.035516,0.16959,recompute,1.066396,1.009499,2.076006,319
20261008-175305-m7-b-nfs-fifo,2026-10-08T18:00:14+00:00,S5s,0.25,128,1.0,nfs,0.0,0,0,16,6,4,48,0,92,180,6174015488,12079595520,0,0.72769,fifo,False,,cake,48,34,34,9,5,1.490941,1.669831,0.029571,1.640171,0.178529,recompute,1.670779,1.236438,2.907327,319
20261008-175305-m7-b-nfs-fifo,2026-10-08T18:00:14+00:00,S5s,0.25,128,1.0,nfs,0.0,0,0,17,2,1,0,0,94,194,6308233216,13019119616,0,0.311744,fifo,False,,none,0,,,,,,,,,,,,0.571144,0.571189,5809
20261008-175305-m7-b-nfs-fifo,2026-10-08T18:00:17+00:00,S5s,0.25,128,1.0,nfs,0.0,0,0,18,1,3,32,0,103,201,6912212992,13488881664,0,1.455671,fifo,False,,cake,32,26,26,5,1,1.055969,1.642928,0.010502,1.632399,0.586615,recompute,1.643839,1.028156,2.672112,319
20261008-175305-m7-b-nfs-fifo,2026-10-08T18:00:19+00:00,S5s,0.25,128,1.0,nfs,0.0,0,0,19,5,3,32,0,112,208,7516192768,13958643712,0,0.727705,fifo,False,,cake,32,25,25,5,2,1.001189,1.103832,0.022845,1.080944,0.102297,recompute,1.104701,1.025326,2.130185,319
20261008-175305-m7-b-nfs-fifo,2026-10-08T18:00:21+00:00,S5s,0.25,128,1.0,nfs,0.0,0,0,20,2,2,16,0,117,219,7851737088,14696841216,0,0.727705,fifo,False,,cake,16,13,13,2,1,0.53519,0.91533,0.017793,0.897517,0.379796,recompute,0.916385,0.801297,1.71781,319
20261008-175305-m7-b-nfs-fifo,2026-10-08T18:00:24+00:00,S5s,0.25,128,1.0,nfs,0.0,0,0,21,5,4,48,0,128,224,8724152320,15032385536,2,1.14366,fifo,False,,cake,48,36,36,9,3,1.624422,1.708423,0.02258,1.685788,0.083675,recompute,1.709325,1.245038,2.954509,5809
20261008-175305-m7-b-nfs-fifo,2026-10-08T18:00:27+00:00,S5s,0.25,128,1.0,nfs,0.0,0,0,22,0,4,48,0,128,240,9596567552,16106127360,15,0.519571,fifo,False,,cake,48,33,33,9,6,1.546514,1.650392,0.036546,1.613733,0.103459,recompute,1.651407,1.237354,2.888878,319
20261008-175305-m7-b-nfs-fifo,2026-10-08T18:00:30+00:00,S5s,0.25,128,1.0,nfs,0.0,0,0,23,2,3,32,0,128,256,10200547328,17179869184,24,1.663242,fifo,False,,cake,32,26,26,5,1,1.045306,1.850484,0.02942,1.82104,0.804827,recompute,1.851607,1.008485,2.860227,319
20261008-175305-m7-b-nfs-fifo,2026-10-08T18:00:33+00:00,S5s,0.25,128,1.0,nfs,0.0,0,0,24,2,4,48,0,128,272,11072962560,18253611008,37,1.663307,fifo,False,,cake,48,38,38,9,1,1.837681,1.850336,0.029148,1.821137,0.012259,recompute,1.851186,1.236912,3.088179,319
20261008-175305-m7-b-nfs-fifo,2026-10-08T18:00:36+00:00,S5s,0.25,128,1.0,nfs,0.0,0,0,25,1,4,48,0,128,288,11945377792,19327352832,50,1.663222,fifo,False,,cake,48,38,38,9,1,1.729218,1.850183,0.036275,1.813873,0.120624,recompute,1.851094,1.236917,3.088127,319
20261008-175305-m7-b-nfs-fifo,2026-10-08T18:00:39+00:00,S5s,0.25,128,1.0,nfs,0.0,0,0,26,3,2,16,0,128,304,12280922112,20401094656,55,1.663162,fifo,False,,cake,16,15,15,0,1,0.614261,1.850641,0.0,1.850625,1.236005,recompute,1.851663,0.785645,2.637421,62
20261008-175305-m7-b-nfs-fifo,2026-10-08T18:00:41+00:00,S5s,0.25,128,1.0,nfs,0.0,0,0,27,4,2,16,0,128,320,12616466432,21474836480,60,1.663435,fifo,False,,cake,16,15,15,0,1,0.528399,1.851158,0.0,1.851145,1.322414,recompute,1.852176,0.78523,2.637557,319
20261008-175305-m7-b-nfs-fifo,2026-10-08T18:00:44+00:00,S5s,0.25,128,1.0,nfs,0.0,0,0,28,3,3,32,0,128,336,13220446208,22548578304,69,1.663409,fifo,False,,cake,32,31,31,0,1,1.411847,1.850636,0.0,1.850618,0.438391,recompute,1.851718,1.008697,2.860528,319
20261008-175305-m7-b-nfs-fifo,2026-10-08T18:00:47+00:00,S5s,0.25,128,1.0,nfs,0.0,0,0,29,3,4,48,0,128,352,14092861440,23622320128,82,1.663305,fifo,False,,cake,48,39,39,8,1,1.791796,1.850339,0.027549,1.822758,0.058197,recompute,1.851224,1.236681,3.088057,5809
20261008-175305-m7-b-nfs-fifo,2026-10-08T18:00:50+00:00,S5s,0.25,128,1.0,nfs,0.0,0,0,30,4,3,32,0,128,368,14696841216,24696061952,91,1.663163,fifo,False,,cake,32,31,31,0,1,1.422652,1.850456,0.0,1.850441,0.427442,recompute,1.85147,1.029514,2.881121,319
20261008-175305-m7-b-nfs-fifo,2026-10-08T18:00:53+00:00,S5s,0.25,128,1.0,nfs,0.0,0,0,31,4,4,48,0,128,384,15569256448,25769803776,104,1.663291,fifo,False,,cake,48,41,41,5,2,1.942475,2.039046,0.022263,2.016747,0.096243,recompute,2.040081,1.24219,3.282433,319
20261008-175305-m7-b-nfs-fifo,2026-10-08T18:00:54+00:00,S1,0.5,256,1.0,nfs,0.0,0,0,0,7,1,0,0,16,16,1073741824,1073741824,0,0.0,fifo,False,,none,0,,,,,,,,,,,,0.673568,0.67362,11906
20261008-175305-m7-b-nfs-fifo,2026-10-08T18:00:55+00:00,S1,0.5,256,1.0,nfs,0.0,0,0,1,1,1,0,0,32,32,2147483648,2147483648,0,1.663687,fifo,False,,none,0,,,,,,,,,,,,0.675014,0.675054,5809
20261008-175305-m7-b-nfs-fifo,2026-10-08T18:00:55+00:00,S1,0.5,256,1.0,nfs,0.0,0,0,2,5,1,0,0,48,48,3221225472,3221225472,0,2.627784,fifo,False,,none,0,,,,,,,,,,,,0.602609,0.602661,319
20261008-175305-m7-b-nfs-fifo,2026-10-08T18:00:56+00:00,S1,0.5,256,1.0,nfs,0.0,0,0,3,6,1,0,0,64,64,4294967296,4294967296,0,3.664063,fifo,False,,none,0,,,,,,,,,,,,0.575945,0.575973,5809
20261008-175305-m7-b-nfs-fifo,2026-10-08T18:00:57+00:00,S1,0.5,256,1.0,nfs,0.0,0,0,4,5,2,16,0,80,80,5368709120,5368709120,0,4.727156,fifo,False,,cake,16,2,2,14,0,0.060344,0.051384,0.051341,0.0,0.009312,load,0.061392,0.803612,0.865051,319
20261008-175305-m7-b-nfs-fifo,2026-10-08T18:00:58+00:00,S1,0.5,256,1.0,nfs,0.0,0,0,5,3,1,0,0,96,96,6442450944,6442450944,0,5.500905,fifo,False,,none,0,,,,,,,,,,,,0.562077,0.562122,319
20261008-175305-m7-b-nfs-fifo,2026-10-08T18:00:58+00:00,S1,0.5,256,1.0,nfs,0.0,0,0,6,7,2,16,0,112,112,7516192768,7516192768,0,6.577893,fifo,False,,cake,16,2,2,14,0,0.06026,0.051474,0.051427,0.0,0.00913,load,0.061263,0.801798,0.863113,319
20261008-175305-m7-b-nfs-fifo,2026-10-08T18:01:00+00:00,S1,0.5,256,1.0,nfs,0.0,0,0,7,7,3,32,0,128,128,8589934592,8589934592,0,7.353629,fifo,False,,cake,32,3,3,29,0,0.091762,0.077487,0.077433,0.0,0.014645,load,0.09279,1.009919,1.102789,319
20261008-175305-m7-b-nfs-fifo,2026-10-08T18:01:00+00:00,S1,0.5,256,1.0,nfs,0.0,0,0,8,4,1,0,0,144,144,9663676416,9663676416,0,7.889154,fifo,False,,none,0,,,,,,,,,,,,0.651341,0.651379,319
20261008-175305-m7-b-nfs-fifo,2026-10-08T18:01:01+00:00,S1,0.5,256,1.0,nfs,0.0,0,0,9,0,1,0,0,160,160,10737418240,10737418240,0,8.876936,fifo,False,,none,0,,,,,,,,,,,,0.651481,0.651499,5809
20261008-175305-m7-b-nfs-fifo,2026-10-08T18:01:02+00:00,S1,0.5,256,1.0,nfs,0.0,0,0,10,0,2,16,0,176,176,11811160064,11811160064,0,9.864622,fifo,False,,cake,16,2,2,14,0,0.085343,0.051589,0.051535,0.0,0.034103,load,0.08638,0.786987,0.873423,319
20261008-175305-m7-b-nfs-fifo,2026-10-08T18:01:03+00:00,S1,0.5,256,1.0,nfs,0.0,0,0,11,1,2,16,0,192,192,12884901888,12884901888,0,10.629943,fifo,False,,cake,16,2,2,14,0,0.06901,0.051563,0.051509,0.0,0.017812,load,0.07,0.786643,0.85669,5809
20261008-175305-m7-b-nfs-fifo,2026-10-08T18:01:04+00:00,S1,0.5,256,1.0,nfs,0.0,0,0,12,6,2,16,0,208,208,13958643712,13958643712,0,11.412023,fifo,False,,cake,16,2,2,14,0,0.060178,0.051291,0.051247,0.0,0.009238,load,0.061207,0.786636,0.847889,25634
20261008-175305-m7-b-nfs-fifo,2026-10-08T18:01:05+00:00,S1,0.5,256,1.0,nfs,0.0,0,0,13,0,3,32,0,224,224,15032385536,15032385536,0,12.20287,fifo,False,,cake,32,3,3,29,0,0.091998,0.077631,0.077545,0.0,0.014749,load,0.093036,1.010583,1.103672,319
20261008-175305-m7-b-nfs-fifo,2026-10-08T18:01:06+00:00,S1,0.5,256,1.0,nfs,0.0,0,0,14,7,4,48,0,240,240,16106127360,16106127360,0,12.73761,fifo,False,,cake,48,4,4,44,0,0.125035,0.103701,0.103573,0.0,0.021687,load,0.126045,1.236294,1.362422,62
20261008-175305-m7-b-nfs-fifo,2026-10-08T18:01:07+00:00,S1,0.5,256,1.0,nfs,0.0,0,0,15,6,3,32,0,256,256,17179869184,17179869184,0,13.013276,fifo,False,,cake,32,2,2,30,0,0.090811,0.079166,0.07905,0.0,0.012021,load,0.09185,1.010265,1.102208,319
20261008-175305-m7-b-nfs-fifo,2026-10-08T18:01:09+00:00,S1,0.5,256,1.0,nfs,0.0,0,0,16,6,4,48,0,240,272,18253611008,18253611008,0,13.549331,fifo,False,,cake,48,3,3,45,0,0.136327,0.105377,0.105205,0.0,0.03133,load,0.137337,1.237163,1.374555,319
20261008-175305-m7-b-nfs-fifo,2026-10-08T18:01:09+00:00,S1,0.5,256,1.0,nfs,0.0,0,0,17,2,1,0,0,256,288,19327352832,19327352832,0,13.812822,fifo,False,,none,0,,,,,,,,,,,,0.560554,0.560593,5809
20261008-175305-m7-b-nfs-fifo,2026-10-08T18:01:10+00:00,S1,0.5,256,1.0,nfs,0.0,0,0,18,1,3,32,0,256,304,20401094656,20401094656,0,14.8913,fifo,False,,cake,32,3,3,29,0,0.092425,0.077616,0.077522,0.0,0.015196,load,0.093461,1.010109,1.103622,319
20261008-175305-m7-b-nfs-fifo,2026-10-08T18:01:27+00:00,S1,0.5,256,1.0,nfs,0.0,0,0,19,5,3,32,0,256,320,21474836480,21474836480,0,15.42608,fifo,False,,cake,32,31,31,0,1,1.316304,15.613378,0.0,15.613362,14.296728,recompute,15.614482,1.019067,16.633684,319
20261008-175305-m7-b-nfs-fifo,2026-10-08T18:01:28+00:00,S1,0.5,256,1.0,nfs,0.0,0,0,20,2,2,16,0,224,336,22548578304,22548578304,0,1.663562,fifo,False,,cake,16,2,2,14,0,0.078089,0.051306,0.051249,0.0,0.02715,load,0.079089,0.799306,0.878475,319
20261008-175305-m7-b-nfs-fifo,2026-10-08T18:01:32+00:00,S1,0.5,256,1.0,nfs,0.0,0,0,21,5,4,48,0,240,352,23622320128,23622320128,0,2.423732,fifo,False,,cake,48,31,31,16,1,1.327446,2.610737,0.054005,2.556665,1.282927,recompute,2.611799,1.240545,3.852501,5809
20261008-175305-m7-b-nfs-fifo,2026-10-08T18:01:35+00:00,S1,0.5,256,1.0,nfs,0.0,0,0,22,0,4,48,0,256,368,24696061952,24696061952,0,1.663611,fifo,False,,cake,48,45,45,0,3,2.236696,2.228161,0.0,2.22813,0.008896,load,2.237707,1.23533,3.47311,319
20261008-175305-m7-b-nfs-fifo,2026-10-08T18:01:36+00:00,S1,0.5,256,1.0,nfs,0.0,0,0,23,2,3,32,0,208,384,25769803776,25769803776,0,1.663636,fifo,False,,cake,32,3,3,29,0,0.092114,0.077662,0.077579,0.0,0.014797,load,0.093076,1.00839,1.101524,319
20261008-175305-m7-b-nfs-fifo,2026-10-08T18:01:38+00:00,S1,0.5,256,1.0,nfs,0.0,0,0,24,2,4,48,0,224,400,26843545600,26843545600,0,2.200432,fifo,False,,cake,48,4,4,44,0,0.124919,0.103571,0.103444,0.0,0.021723,load,0.12591,1.234997,1.360988,319
20261008-175305-m7-b-nfs-fifo,2026-10-08T18:01:39+00:00,S1,0.5,256,1.0,nfs,0.0,0,0,25,1,4,48,0,240,416,27917287424,27917287424,0,2.477537,fifo,False,,cake,48,3,3,45,0,0.12247,0.105225,0.105046,0.0,0.017628,load,0.123504,1.235726,1.359273,319
20261008-175305-m7-b-nfs-fifo,2026-10-08T18:01:43+00:00,S1,0.5,256,1.0,nfs,0.0,0,0,26,3,2,16,0,256,432,28991029248,28991029248,0,2.756474,fifo,False,,cake,16,15,15,0,1,0.529686,2.944132,0.0,2.944119,2.414067,recompute,2.945058,0.784302,3.729465,62
20261008-175305-m7-b-nfs-fifo,2026-10-08T18:01:46+00:00,S1,0.5,256,1.0,nfs,0.0,0,0,27,4,2,16,0,208,448,30064771072,30064771072,0,1.663664,fifo,False,,cake,16,15,15,0,1,0.584767,1.851347,0.0,1.851333,1.266259,recompute,1.852328,0.785492,2.637975,319
20261008-175305-m7-b-nfs-fifo,2026-10-08T18:01:48+00:00,S1,0.5,256,1.0,nfs,0.0,0,0,28,3,3,32,0,224,464,31138512896,31138512896,0,1.663516,fifo,False,,cake,32,15,15,16,1,0.529543,1.850878,0.054407,1.796417,1.320964,recompute,1.851929,1.006648,2.858694,319
20261008-175305-m7-b-nfs-fifo,2026-10-08T18:01:52+00:00,S1,0.5,256,1.0,nfs,0.0,0,0,29,3,4,48,0,240,480,32212254720,32212254720,0,1.663616,fifo,False,,cake,48,15,15,32,1,0.623567,1.850577,0.082358,1.768089,1.226643,recompute,1.851483,1.234094,3.085723,5809
20261008-175305-m7-b-nfs-fifo,2026-10-08T18:01:54+00:00,S1,0.5,256,1.0,nfs,0.0,0,0,30,4,3,32,0,256,496,33285996544,33285996544,0,1.663626,fifo,False,,cake,32,15,15,16,1,0.529272,1.850956,0.054471,1.796443,1.321332,recompute,1.852002,1.007183,2.859342,319
20261008-175305-m7-b-nfs-fifo,2026-10-08T18:01:58+00:00,S1,0.5,256,1.0,nfs,0.0,0,0,31,4,4,48,0,240,512,34359738368,34359738368,0,1.663608,fifo,False,,cake,48,15,15,32,1,0.633768,1.85058,0.082319,1.768126,1.216453,recompute,1.85158,1.241445,3.093162,319
20261008-175305-m7-b-nfs-fifo,2026-10-08T18:01:58+00:00,S4,0.5,256,1.0,nfs,0.0,0,0,0,7,1,0,0,16,0,1073741824,0,0,0.0,fifo,False,,none,0,,,,,,,,,,,,0.560904,0.560929,11906
20261008-175305-m7-b-nfs-fifo,2026-10-08T18:01:59+00:00,S4,0.5,256,1.0,nfs,0.0,0,0,1,1,1,0,0,32,0,2147483648,0,0,0.0,fifo,False,,none,0,,,,,,,,,,,,0.561707,0.561732,5809
20261008-175305-m7-b-nfs-fifo,2026-10-08T18:01:59+00:00,S4,0.5,256,1.0,nfs,0.0,0,0,2,5,1,0,0,48,0,3221225472,0,0,0.0,fifo,False,,none,0,,,,,,,,,,,,0.561417,0.56146,319
20261008-175305-m7-b-nfs-fifo,2026-10-08T18:02:00+00:00,S4,0.5,256,1.0,nfs,0.0,0,0,3,6,1,0,0,64,0,4294967296,0,0,0.0,fifo,False,,none,0,,,,,,,,,,,,0.663248,0.663268,5809
20261008-175305-m7-b-nfs-fifo,2026-10-08T18:02:01+00:00,S4,0.5,256,1.0,nfs,0.0,0,0,4,5,2,16,0,80,0,5368709120,0,0,0.0,fifo,False,,cake,16,2,2,14,0,0.087751,0.051312,0.051253,0.0,0.036812,load,0.088783,0.80127,0.890128,319
20261008-175305-m7-b-nfs-fifo,2026-10-08T18:02:02+00:00,S4,0.5,256,1.0,nfs,0.0,0,0,5,3,1,0,0,96,0,6442450944,0,0,0.0,fifo,False,,none,0,,,,,,,,,,,,0.664285,0.664304,319
20261008-175305-m7-b-nfs-fifo,2026-10-08T18:02:02+00:00,S4,0.5,256,1.0,nfs,0.0,0,0,6,7,2,16,0,112,0,7516192768,0,0,0.0,fifo,False,,cake,16,2,2,14,0,0.060126,0.051478,0.051426,0.0,0.008995,load,0.061147,0.802476,0.863669,319
20261008-175305-m7-b-nfs-fifo,2026-10-08T18:02:04+00:00,S4,0.5,256,1.0,nfs,0.0,0,0,7,7,3,32,0,128,0,8589934592,0,0,0.0,fifo,False,,cake,32,3,3,29,0,0.095992,0.077509,0.077454,0.0,0.018852,load,0.096992,1.029913,1.126959,319
20261008-175305-m7-b-nfs-fifo,2026-10-08T18:02:04+00:00,S4,0.5,256,1.0,nfs,0.0,0,0,8,4,1,0,0,144,0,9663676416,0,0,0.0,fifo,False,,none,0,,,,,,,,,,,,0.561715,0.561739,319
20261008-175305-m7-b-nfs-fifo,2026-10-08T18:02:05+00:00,S4,0.5,256,1.0,nfs,0.0,0,0,9,0,1,0,0,160,0,10737418240,0,0,0.0,fifo,False,,none,0,,,,,,,,,,,,0.562116,0.562137,5809
20261008-175305-m7-b-nfs-fifo,2026-10-08T18:02:06+00:00,S4,0.5,256,1.0,nfs,0.0,0,0,10,0,2,16,0,176,0,11811160064,0,0,0.0,fifo,False,,cake,16,2,2,14,0,0.059977,0.051444,0.051414,0.0,0.008878,load,0.06096,0.787164,0.848191,319
20261008-175305-m7-b-nfs-fifo,2026-10-08T18:02:07+00:00,S4,0.5,256,1.0,nfs,0.0,0,0,11,1,2,16,0,192,0,12884901888,0,0,0.0,fifo,False,,cake,16,2,2,14,0,0.08623,0.051272,0.051214,0.0,0.035324,load,0.087223,0.786269,0.873556,5809
20261008-175305-m7-b-nfs-fifo,2026-10-08T18:02:07+00:00,S4,0.5,256,1.0,nfs,0.0,0,0,12,6,2,16,0,208,0,13958643712,0,0,0.0,fifo,False,,cake,16,2,2,14,0,0.086184,0.051388,0.051331,0.0,0.035146,load,0.087171,0.786425,0.873672,25634
20261008-175305-m7-b-nfs-fifo,2026-10-08T18:02:09+00:00,S4,0.5,256,1.0,nfs,0.0,0,0,13,0,3,32,0,224,0,15032385536,0,0,0.0,fifo,False,,cake,32,2,2,30,0,0.089075,0.079345,0.079223,0.0,0.010083,load,0.090104,1.010367,1.100548,319
20261008-175305-m7-b-nfs-fifo,2026-10-08T18:02:10+00:00,S4,0.5,256,1.0,nfs,0.0,0,0,14,7,4,48,0,240,0,16106127360,0,0,0.0,fifo,False,,cake,48,3,3,45,0,0.107374,0.105463,0.105313,0.0,0.002286,load,0.10838,1.236414,1.344849,62
20261008-175305-m7-b-nfs-fifo,2026-10-08T18:02:11+00:00,S4,0.5,256,1.0,nfs,0.0,0,0,15,6,3,32,0,256,0,17179869184,0,0,0.0,fifo,False,,cake,32,3,3,29,0,0.092295,0.077613,0.07756,0.0,0.015036,load,0.09332,1.010203,1.10358,319
20261008-175305-m7-b-nfs-fifo,2026-10-08T18:02:12+00:00,S4,0.5,256,1.0,nfs,0.0,0,0,16,6,4,48,0,240,32,18253611008,2147483648,32,0.0,fifo,False,,cake,48,4,4,44,0,0.124856,0.103617,0.10354,0.0,0.021582,load,0.125814,1.237036,1.362936,319
20261008-175305-m7-b-nfs-fifo,2026-10-08T18:02:13+00:00,S4,0.5,256,1.0,nfs,0.0,0,0,17,2,1,0,0,256,32,19327352832,2147483648,32,3.327435,fifo,False,,none,0,,,,,,,,,,,,0.66334,0.663378,5809
20261008-175305-m7-b-nfs-fifo,2026-10-08T18:02:14+00:00,S4,0.5,256,1.0,nfs,0.0,0,0,18,1,3,32,0,256,48,20401094656,3221225472,48,2.639345,fifo,False,,cake,32,2,2,30,0,0.090941,0.079208,0.079087,0.0,0.012109,load,0.091972,1.010633,1.102682,319
20261008-175305-m7-b-nfs-fifo,2026-10-08T18:02:19+00:00,S4,0.5,256,1.0,nfs,0.0,0,0,19,5,3,32,0,256,64,21474836480,4294967296,64,3.174997,fifo,False,,cake,32,31,31,0,1,1.325887,3.36225,0.0,3.362238,2.036021,recompute,3.363292,1.007142,4.370575,319
20261008-175305-m7-b-nfs-fifo,2026-10-08T18:02:20+00:00,S4,0.5,256,1.0,nfs,0.0,0,0,20,2,2,16,0,224,112,22548578304,7516192768,112,1.663517,fifo,False,,cake,16,2,2,14,0,0.086712,0.051358,0.0513,0.0,0.035731,load,0.087682,0.786457,0.874209,319
20261008-175305-m7-b-nfs-fifo,2026-10-08T18:02:27+00:00,S4,0.5,256,1.0,nfs,0.0,0,0,21,5,4,48,0,240,112,23622320128,7516192768,112,5.755693,fifo,False,,cake,48,31,31,16,1,1.365577,5.94256,0.05391,5.888568,4.576574,recompute,5.943589,1.233364,7.177066,5809
20261008-175305-m7-b-nfs-fifo,2026-10-08T18:02:30+00:00,S4,0.5,256,1.0,nfs,0.0,0,0,22,0,4,48,0,256,112,24696061952,7516192768,112,0.0,fifo,False,,cake,48,38,38,0,10,1.726265,1.887958,0.0,1.887856,0.16135,recompute,1.888859,1.244998,3.133998,319
20261008-175305-m7-b-nfs-fifo,2026-10-08T18:02:31+00:00,S4,0.5,256,1.0,nfs,0.0,0,0,23,2,3,32,0,208,176,25769803776,11811160064,176,0.0,fifo,False,,cake,32,2,2,30,0,0.081169,0.079215,0.079112,0.0,0.002316,load,0.082201,1.027362,1.109615,319
20261008-175305-m7-b-nfs-fifo,2026-10-08T18:02:32+00:00,S4,0.5,256,1.0,nfs,0.0,0,0,24,2,4,48,0,224,176,26843545600,11811160064,176,6.655173,fifo,False,,cake,48,4,4,44,0,0.126211,0.103588,0.103484,0.0,0.023016,load,0.127224,1.241064,1.36834,319
20261008-175305-m7-b-nfs-fifo,2026-10-08T18:02:34+00:00,S4,0.5,256,1.0,nfs,0.0,0,0,25,1,4,48,0,240,176,27917287424,11811160064,176,5.260989,fifo,False,,cake,48,4,4,44,0,0.125098,0.103773,0.103674,0.0,0.021707,load,0.126123,1.240648,1.366822,319
20261008-175305-m7-b-nfs-fifo,2026-10-08T18:02:39+00:00,S4,0.5,256,1.0,nfs,0.0,0,0,26,3,2,16,0,256,176,28991029248,11811160064,176,3.868403,fifo,False,,cake,16,15,15,0,1,0.530264,4.056058,0.0,4.056041,3.525411,recompute,4.057003,0.789434,4.846561,62
20261008-175305-m7-b-nfs-fifo,2026-10-08T18:02:40+00:00,S4,0.5,256,1.0,nfs,0.0,0,0,27,4,2,16,0,208,240,30064771072,16106127360,240,0.0,fifo,False,,cake,16,13,13,0,3,0.446973,0.566542,0.0,0.566509,0.119224,recompute,0.567413,0.785826,1.353352,319
20261008-175305-m7-b-nfs-fifo,2026-10-08T18:02:48+00:00,S4,0.5,256,1.0,nfs,0.0,0,0,28,3,3,32,0,224,240,31138512896,16106127360,240,6.655138,fifo,False,,cake,32,15,15,16,1,0.58299,6.842401,0.054269,6.78805,6.259044,recompute,6.843431,1.00653,7.850098,319
20261008-175305-m7-b-nfs-fifo,2026-10-08T18:02:50+00:00,S4,0.5,256,1.0,nfs,0.0,0,0,29,3,4,48,0,240,240,32212254720,16106127360,240,0.0,fifo,False,,cake,48,14,14,32,2,0.489166,0.460385,0.082531,0.377777,0.029124,load,0.490131,1.234664,1.72488,5809
20261008-175305-m7-b-nfs-fifo,2026-10-08T18:02:51+00:00,S4,0.5,256,1.0,nfs,0.0,0,0,30,4,3,32,0,256,240,33285996544,16106127360,240,0.0,fifo,False,,cake,32,13,13,16,3,0.499188,0.621271,0.054638,0.566535,0.12169,recompute,0.62218,1.009612,1.631905,319
20261008-175305-m7-b-nfs-fifo,2026-10-08T18:02:53+00:00,S4,0.5,256,1.0,nfs,0.0,0,0,31,4,4,48,0,240,272,34359738368,18253611008,272,0.0,fifo,False,,cake,48,14,14,32,2,0.496044,0.46029,0.082389,0.377769,0.036122,load,0.497118,1.235049,1.732224,319
20261008-175305-m7-b-nfs-fifo,2026-10-08T18:02:54+00:00,S4+,0.5,256,1.0,nfs,0.0,0,0,0,7,1,0,0,16,0,1073741824,0,0,0.0,fifo,False,,none,0,,,,,,,,,,,,0.560806,0.560835,11906
20261008-175305-m7-b-nfs-fifo,2026-10-08T18:02:54+00:00,S4+,0.5,256,1.0,nfs,0.0,0,0,1,1,1,0,0,32,0,2147483648,0,0,0.0,fifo,False,,none,0,,,,,,,,,,,,0.560699,0.560735,5809
20261008-175305-m7-b-nfs-fifo,2026-10-08T18:02:55+00:00,S4+,0.5,256,1.0,nfs,0.0,0,0,2,5,1,0,0,48,0,3221225472,0,0,0.0,fifo,False,,none,0,,,,,,,,,,,,0.56094,0.560979,319
20261008-175305-m7-b-nfs-fifo,2026-10-08T18:02:56+00:00,S4+,0.5,256,1.0,nfs,0.0,0,0,3,6,1,0,0,64,0,4294967296,0,0,0.0,fifo,False,,none,0,,,,,,,,,,,,0.595738,0.595804,5809
20261008-175305-m7-b-nfs-fifo,2026-10-08T18:02:56+00:00,S4+,0.5,256,1.0,nfs,0.0,0,0,4,5,2,16,0,80,0,5368709120,0,0,0.0,fifo,False,,cake,16,2,2,14,0,0.077322,0.051494,0.051438,0.0,0.026239,load,0.078353,0.787252,0.865696,319
20261008-175305-m7-b-nfs-fifo,2026-10-08T18:02:57+00:00,S4+,0.5,256,1.0,nfs,0.0,0,0,5,3,1,0,0,96,0,6442450944,0,0,0.0,fifo,False,,none,0,,,,,,,,,,,,0.601634,0.601655,319
20261008-175305-m7-b-nfs-fifo,2026-10-08T18:02:58+00:00,S4+,0.5,256,1.0,nfs,0.0,0,0,6,7,2,16,0,112,0,7516192768,0,0,0.0,fifo,False,,cake,16,2,2,14,0,0.076564,0.051551,0.0515,0.0,0.025411,load,0.077551,0.787311,0.86492,319
20261008-175305-m7-b-nfs-fifo,2026-10-08T18:02:59+00:00,S4+,0.5,256,1.0,nfs,0.0,0,0,7,7,3,32,0,128,0,8589934592,0,0,0.0,fifo,False,,cake,32,3,3,29,0,0.097035,0.077535,0.07744,0.0,0.019861,load,0.098029,1.009277,1.10735,319
20261008-175305-m7-b-nfs-fifo,2026-10-08T18:03:00+00:00,S4+,0.5,256,1.0,nfs,0.0,0,0,8,4,1,0,0,144,0,9663676416,0,0,0.0,fifo,False,,none,0,,,,,,,,,,,,0.560955,0.560981,319
20261008-175305-m7-b-nfs-fifo,2026-10-08T18:03:00+00:00,S4+,0.5,256,1.0,nfs,0.0,0,0,9,0,1,0,0,160,0,10737418240,0,0,0.0,fifo,False,,none,0,,,,,,,,,,,,0.561526,0.561549,5809
20261008-175305-m7-b-nfs-fifo,2026-10-08T18:03:01+00:00,S4+,0.5,256,1.0,nfs,0.0,0,0,10,0,2,16,0,176,0,11811160064,0,0,0.0,fifo,False,,cake,16,2,2,14,0,0.060246,0.051494,0.051465,0.0,0.009138,load,0.061287,0.786014,0.847348,319
20261008-175305-m7-b-nfs-fifo,2026-10-08T18:03:02+00:00,S4+,0.5,256,1.0,nfs,0.0,0,0,11,1,2,16,0,192,0,12884901888,0,0,0.0,fifo,False,,cake,16,2,2,14,0,0.066384,0.051288,0.051237,0.0,0.015437,load,0.067323,0.788369,0.855777,5809
20261008-175305-m7-b-nfs-fifo,2026-10-08T18:03:03+00:00,S4+,0.5,256,1.0,nfs,0.0,0,0,12,6,2,16,0,208,0,13958643712,0,0,0.0,fifo,False,,cake,16,2,2,14,0,0.077694,0.051373,0.051317,0.0,0.026682,load,0.078675,0.803111,0.881866,25634
20261008-175305-m7-b-nfs-fifo,2026-10-08T18:03:04+00:00,S4+,0.5,256,1.0,nfs,0.0,0,0,13,0,3,32,0,224,0,15032385536,0,0,0.0,fifo,False,,cake,32,2,2,30,0,0.082343,0.079165,0.079061,0.0,0.003554,load,0.083355,1.027918,1.11133,319
20261008-175305-m7-b-nfs-fifo,2026-10-08T18:03:05+00:00,S4+,0.5,256,1.0,nfs,0.0,0,0,14,7,4,48,0,240,0,16106127360,0,0,0.0,fifo,False,,cake,48,4,4,44,0,0.12482,0.103588,0.103513,0.0,0.021621,load,0.125845,1.242042,1.367939,62
20261008-175305-m7-b-nfs-fifo,2026-10-08T18:03:07+00:00,S4+,0.5,256,1.0,nfs,0.0,0,0,15,6,3,32,0,256,0,17179869184,0,0,0.0,fifo,False,,cake,32,3,3,29,0,0.0922,0.077541,0.077488,0.0,0.015007,load,0.093205,1.024347,1.117602,319
20261008-175305-m7-b-nfs-fifo,2026-10-08T18:03:08+00:00,S4+,0.5,256,1.0,nfs,0.0,0,0,16,6,4,48,0,256,16,18253611008,1073741824,16,0.0,fifo,False,,cake,48,4,4,44,0,0.124441,0.103826,0.103752,0.0,0.020958,load,0.125404,1.241866,1.367341,319
20261008-175305-m7-b-nfs-fifo,2026-10-08T18:03:09+00:00,S4+,0.5,256,1.0,nfs,0.0,0,0,17,2,1,0,0,256,32,19327352832,2147483648,32,1.663035,fifo,False,,none,0,,,,,,,,,,,,0.605934,0.605973,5809
20261008-175305-m7-b-nfs-fifo,2026-10-08T18:03:13+00:00,S4+,0.5,256,1.0,nfs,0.0,0,0,18,1,3,32,0,256,48,20401094656,3221225472,48,2.695537,fifo,False,,cake,32,3,3,28,1,0.109463,2.882798,0.074923,2.807769,2.772995,recompute,2.883836,1.009118,3.893119,319
20261008-175305-m7-b-nfs-fifo,2026-10-08T18:03:15+00:00,S4+,0.5,256,1.0,nfs,0.0,0,0,19,5,3,32,0,256,64,21474836480,4294967296,64,1.662975,fifo,False,,cake,32,5,5,26,1,0.194889,1.85026,0.071362,1.778794,1.65502,recompute,1.851228,1.007129,2.858491,319
20261008-175305-m7-b-nfs-fifo,2026-10-08T18:03:18+00:00,S4+,0.5,256,1.0,nfs,0.0,0,0,20,2,2,16,0,256,80,22548578304,5368709120,80,1.66301,fifo,False,,cake,16,7,7,8,1,0.221815,1.850674,0.040106,1.810537,1.628531,recompute,1.851633,0.784254,2.636005,319
20261008-175305-m7-b-nfs-fifo,2026-10-08T18:03:21+00:00,S4+,0.5,256,1.0,nfs,0.0,0,0,21,5,4,48,0,256,96,23622320128,6442450944,96,1.662988,fifo,False,,cake,48,9,9,38,1,0.346793,1.849969,0.092194,1.757618,1.502814,recompute,1.850932,1.233937,3.084986,5809
20261008-175305-m7-b-nfs-fifo,2026-10-08T18:03:24+00:00,S4+,0.5,256,1.0,nfs,0.0,0,0,22,0,4,48,0,256,112,24696061952,7516192768,112,1.662978,fifo,False,,cake,48,11,11,36,1,0.370314,1.849953,0.088807,1.761035,1.479274,recompute,1.851062,1.234574,3.085778,319
20261008-175305-m7-b-nfs-fifo,2026-10-08T18:03:27+00:00,S4+,0.5,256,1.0,nfs,0.0,0,0,23,2,3,32,0,256,128,25769803776,8589934592,128,1.662958,fifo,False,,cake,32,13,13,18,1,0.452481,1.850255,0.057262,1.792922,1.39738,recompute,1.851275,1.007152,2.858563,319
20261008-175305-m7-b-nfs-fifo,2026-10-08T18:03:30+00:00,S4+,0.5,256,1.0,nfs,0.0,0,0,24,2,4,48,0,256,144,26843545600,9663676416,144,1.662971,fifo,False,,cake,48,15,15,32,1,0.531426,1.850012,0.081745,1.768159,1.318217,recompute,1.851051,1.234228,3.085411,319
20261008-175305-m7-b-nfs-fifo,2026-10-08T18:03:33+00:00,S4+,0.5,256,1.0,nfs,0.0,0,0,25,1,4,48,0,256,160,27917287424,10737418240,160,1.662953,fifo,False,,cake,48,18,18,29,1,0.660547,1.849977,0.076457,1.773419,1.189049,recompute,1.850909,1.234744,3.085776,319
20261008-175305-m7-b-nfs-fifo,2026-10-08T18:03:36+00:00,S4+,0.5,256,1.0,nfs,0.0,0,0,26,3,2,16,0,256,176,28991029248,11811160064,176,1.662923,fifo,False,,cake,16,15,15,0,1,0.574933,1.850477,0.0,1.850464,1.27518,recompute,1.851334,0.800985,2.65243,62
20261008-175305-m7-b-nfs-fifo,2026-10-08T18:03:39+00:00,S4+,0.5,256,1.0,nfs,0.0,0,0,27,4,2,16,0,256,192,30064771072,12884901888,192,1.662938,fifo,False,,cake,16,15,15,0,1,0.528208,1.850594,0.0,1.85058,1.322034,recompute,1.851564,0.799884,2.651575,319
20261008-175305-m7-b-nfs-fifo,2026-10-08T18:03:42+00:00,S4+,0.5,256,1.0,nfs,0.0,0,0,28,3,3,32,0,256,208,31138512896,13958643712,208,1.6629,fifo,False,,cake,32,23,23,8,1,0.942023,1.850208,0.039811,1.810352,0.907848,recompute,1.851113,1.02401,2.875252,319
20261008-175305-m7-b-nfs-fifo,2026-10-08T18:03:45+00:00,S4+,0.5,256,1.0,nfs,0.0,0,0,29,3,4,48,0,256,224,32212254720,15032385536,224,1.662909,fifo,False,,cake,48,25,25,22,1,1.001148,1.849943,0.064047,1.785841,0.84852,recompute,1.850953,1.24281,3.093909,5809
20261008-175305-m7-b-nfs-fifo,2026-10-08T18:03:48+00:00,S4+,0.5,256,1.0,nfs,0.0,0,0,30,4,3,32,0,256,240,33285996544,16106127360,240,1.662907,fifo,False,,cake,32,27,27,4,1,1.14864,1.850135,0.032606,1.817497,0.701133,recompute,1.85104,1.008368,2.859552,319
20261008-175305-m7-b-nfs-fifo,2026-10-08T18:03:51+00:00,S4+,0.5,256,1.0,nfs,0.0,0,0,31,4,4,48,0,256,256,34359738368,17179869184,256,1.66289,fifo,False,,cake,48,29,29,18,1,1.204671,1.84989,0.056996,1.792846,0.644881,recompute,1.850967,1.236466,3.087595,319
20261008-175305-m7-b-nfs-fifo,2026-10-08T18:03:51+00:00,S4+P,0.5,256,1.0,nfs,0.0,0,0,0,7,1,0,0,16,0,1073741824,0,0,0.0,fifo,False,,none,0,,,,,,,,,,,,0.560525,0.560567,11906
20261008-175305-m7-b-nfs-fifo,2026-10-08T18:03:52+00:00,S4+P,0.5,256,1.0,nfs,0.0,0,0,1,1,1,0,0,32,0,2147483648,0,0,0.0,fifo,False,,none,0,,,,,,,,,,,,0.573288,0.573314,5809
20261008-175305-m7-b-nfs-fifo,2026-10-08T18:03:53+00:00,S4+P,0.5,256,1.0,nfs,0.0,0,0,2,5,1,0,0,48,0,3221225472,0,0,0.0,fifo,False,,none,0,,,,,,,,,,,,0.560808,0.560852,319
20261008-175305-m7-b-nfs-fifo,2026-10-08T18:03:53+00:00,S4+P,0.5,256,1.0,nfs,0.0,0,0,3,6,1,0,0,64,0,4294967296,0,0,0.0,fifo,False,,none,0,,,,,,,,,,,,0.561479,0.561507,5809
20261008-175305-m7-b-nfs-fifo,2026-10-08T18:03:54+00:00,S4+P,0.5,256,1.0,nfs,0.0,0,0,4,5,2,16,0,80,0,5368709120,0,0,0.0,fifo,False,,cake,16,2,2,14,0,0.059962,0.051434,0.051403,0.0,0.008871,load,0.060932,0.787293,0.848272,319
20261008-175305-m7-b-nfs-fifo,2026-10-08T18:03:55+00:00,S4+P,0.5,256,1.0,nfs,0.0,0,0,5,3,1,0,0,96,0,6442450944,0,0,0.0,fifo,False,,none,0,,,,,,,,,,,,0.561348,0.561393,319
20261008-175305-m7-b-nfs-fifo,2026-10-08T18:03:55+00:00,S4+P,0.5,256,1.0,nfs,0.0,0,0,6,7,2,16,0,112,0,7516192768,0,0,0.0,fifo,False,,cake,16,2,2,14,0,0.060118,0.051485,0.051454,0.0,0.009014,load,0.06111,0.788257,0.849489,319
20261008-175305-m7-b-nfs-fifo,2026-10-08T18:03:57+00:00,S4+P,0.5,256,1.0,nfs,0.0,0,0,7,7,3,32,0,128,0,8589934592,0,0,0.0,fifo,False,,cake,32,2,2,30,0,0.091159,0.079147,0.079034,0.0,0.012401,load,0.092204,1.01081,1.103065,319
20261008-175305-m7-b-nfs-fifo,2026-10-08T18:03:57+00:00,S4+P,0.5,256,1.0,nfs,0.0,0,0,8,4,1,0,0,144,0,9663676416,0,0,0.0,fifo,False,,none,0,,,,,,,,,,,,0.61065,0.61068,319
20261008-175305-m7-b-nfs-fifo,2026-10-08T18:03:58+00:00,S4+P,0.5,256,1.0,nfs,0.0,0,0,9,0,1,0,0,160,0,10737418240,0,0,0.0,fifo,False,,none,0,,,,,,,,,,,,0.575272,0.575296,5809
20261008-175305-m7-b-nfs-fifo,2026-10-08T18:03:59+00:00,S4+P,0.5,256,1.0,nfs,0.0,0,0,10,0,2,16,0,176,0,11811160064,0,0,0.0,fifo,False,,cake,16,2,2,14,0,0.060154,0.051559,0.05151,0.0,0.008978,load,0.061161,0.787271,0.848479,319
20261008-175305-m7-b-nfs-fifo,2026-10-08T18:04:00+00:00,S4+P,0.5,256,1.0,nfs,0.0,0,0,11,1,2,16,0,192,0,12884901888,0,0,0.0,fifo,False,,cake,16,2,2,14,0,0.060172,0.051373,0.051326,0.0,0.009117,load,0.061197,0.787878,0.849127,5809
20261008-175305-m7-b-nfs-fifo,2026-10-08T18:04:00+00:00,S4+P,0.5,256,1.0,nfs,0.0,0,0,12,6,2,16,0,208,0,13958643712,0,0,0.0,fifo,False,,cake,16,2,2,14,0,0.060272,0.051376,0.051345,0.0,0.009237,load,0.061238,0.78744,0.848731,25634
20261008-175305-m7-b-nfs-fifo,2026-10-08T18:04:02+00:00,S4+P,0.5,256,1.0,nfs,0.0,0,0,13,0,3,32,0,224,0,15032385536,0,0,0.0,fifo,False,,cake,32,3,3,29,0,0.091863,0.077599,0.077547,0.0,0.014609,load,0.092854,1.010657,1.103586,319
20261008-175305-m7-b-nfs-fifo,2026-10-08T18:04:03+00:00,S4+P,0.5,256,1.0,nfs,0.0,0,0,14,7,4,48,0,240,0,16106127360,0,0,0.0,fifo,False,,cake,48,3,3,45,0,0.134819,0.105329,0.105173,0.0,0.029823,load,0.13579,1.23685,1.372685,62
20261008-175305-m7-b-nfs-fifo,2026-10-08T18:04:04+00:00,S4+P,0.5,256,1.0,nfs,0.0,0,0,15,6,3,32,0,256,0,17179869184,0,0,0.0,fifo,False,,cake,32,3,3,29,0,0.103425,0.07758,0.077479,0.0,0.026169,load,0.104357,1.009292,1.113698,319
20261008-175305-m7-b-nfs-fifo,2026-10-08T18:04:06+00:00,S4+P,0.5,256,1.0,nfs,0.0,0,0,16,6,4,48,0,256,16,18253611008,1073741824,16,0.0,fifo,False,,cake,48,4,4,44,0,0.125153,0.103625,0.103551,0.0,0.021908,load,0.126156,1.236288,1.362499,319
20261008-175305-m7-b-nfs-fifo,2026-10-08T18:04:06+00:00,S4+P,0.5,256,1.0,nfs,0.0,0,0,17,2,1,0,0,256,32,19327352832,2147483648,32,1.662424,fifo,False,,none,0,,,,,,,,,,,,0.560868,0.560893,5809
20261008-175305-m7-b-nfs-fifo,2026-10-08T18:04:07+00:00,S4+P,0.5,256,1.0,nfs,0.0,0,0,18,1,3,32,0,256,48,20401094656,3221225472,48,2.7394,fifo,False,,cake,32,3,3,29,0,0.092375,0.076397,0.076339,0.0,0.016362,load,0.093413,1.009437,1.102924,319
20261008-175305-m7-b-nfs-fifo,2026-10-08T18:04:12+00:00,S4+P,0.5,256,1.0,nfs,0.0,0,0,19,5,3,32,0,256,64,21474836480,4294967296,64,3.273613,fifo,False,,cake,32,22,22,9,1,0.94868,3.460794,0.040801,3.419943,2.511728,recompute,3.461745,1.022832,4.484773,319
20261008-175305-m7-b-nfs-fifo,2026-10-08T18:04:13+00:00,S4+P,0.5,256,1.0,nfs,0.0,0,0,20,2,2,16,0,256,80,22548578304,5368709120,80,1.662394,fifo,False,,cake,16,2,2,14,0,0.059789,0.050045,0.049999,0.0,0.010135,load,0.060807,0.799864,0.860718,319
20261008-175305-m7-b-nfs-fifo,2026-10-08T18:04:17+00:00,S4+P,0.5,256,1.0,nfs,0.0,0,0,21,5,4,48,0,256,96,23622320128,6442450944,96,2.439143,fifo,False,,cake,48,22,22,25,1,0.95132,2.626096,0.068913,2.557071,1.674381,recompute,2.627082,1.24162,3.868837,5809
20261008-175305-m7-b-nfs-fifo,2026-10-08T18:04:20+00:00,S4+P,0.5,256,1.0,nfs,0.0,0,0,22,0,4,48,0,256,112,24696061952,7516192768,112,1.662384,fifo,False,,cake,48,21,21,26,1,0.801847,1.849375,0.070487,1.778821,1.04716,recompute,1.850414,1.235011,3.08554,319
20261008-175305-m7-b-nfs-fifo,2026-10-08T18:04:21+00:00,S4+P,0.5,256,1.0,nfs,0.0,0,0,23,2,3,32,0,256,128,25769803776,8589934592,128,1.662361,fifo,False,,cake,32,3,3,29,0,0.105724,0.076162,0.07607,0.0,0.029981,load,0.106747,1.009726,1.116515,319
20261008-175305-m7-b-nfs-fifo,2026-10-08T18:04:22+00:00,S4+P,0.5,256,1.0,nfs,0.0,0,0,24,2,4,48,0,256,144,26843545600,9663676416,144,2.182937,fifo,False,,cake,48,4,4,44,0,0.12535,0.102481,0.102355,0.0,0.023245,load,0.126354,1.236026,1.362431,319
20261008-175305-m7-b-nfs-fifo,2026-10-08T18:04:26+00:00,S4+P,0.5,256,1.0,nfs,0.0,0,0,25,1,4,48,0,256,160,27917287424,10737418240,160,2.457442,fifo,False,,cake,48,9,9,38,1,0.296801,2.644447,0.091784,2.552544,2.347252,recompute,2.645484,1.234427,3.880075,319
20261008-175305-m7-b-nfs-fifo,2026-10-08T18:04:29+00:00,S4+P,0.5,256,1.0,nfs,0.0,0,0,26,3,2,16,0,256,176,28991029248,11811160064,176,1.662331,fifo,False,,cake,16,15,15,0,1,0.528351,1.849941,0.0,1.849927,1.321217,recompute,1.850961,0.785943,2.637129,62
20261008-175305-m7-b-nfs-fifo,2026-10-08T18:04:31+00:00,S4+P,0.5,256,1.0,nfs,0.0,0,0,27,4,2,16,0,256,192,30064771072,12884901888,192,1.662335,fifo,False,,cake,16,15,15,0,1,0.624888,1.849961,0.0,1.849946,1.224682,recompute,1.850932,0.78513,2.636213,319
20261008-175305-m7-b-nfs-fifo,2026-10-08T18:04:34+00:00,S4+P,0.5,256,1.0,nfs,0.0,0,0,28,3,3,32,0,256,208,31138512896,13958643712,208,1.662336,fifo,False,,cake,32,15,15,16,1,0.529691,1.849618,0.053278,1.79628,1.319543,recompute,1.850721,1.007469,2.858339,319
20261008-175305-m7-b-nfs-fifo,2026-10-08T18:04:37+00:00,S4+P,0.5,256,1.0,nfs,0.0,0,0,29,3,4,48,0,256,224,32212254720,15032385536,224,1.662284,fifo,False,,cake,48,15,15,32,1,0.640931,1.849214,0.081025,1.768038,1.207892,recompute,1.85022,1.233803,3.084177,5809
20261008-175305-m7-b-nfs-fifo,2026-10-08T18:04:40+00:00,S4+P,0.5,256,1.0,nfs,0.0,0,0,30,4,3,32,0,256,240,33285996544,16106127360,240,1.662317,fifo,False,,cake,32,15,15,16,1,0.530366,1.849665,0.05332,1.796281,1.318925,recompute,1.850677,1.008193,2.859005,319
20261008-175305-m7-b-nfs-fifo,2026-10-08T18:04:43+00:00,S4+P,0.5,256,1.0,nfs,0.0,0,0,31,4,4,48,0,256,256,34359738368,17179869184,256,1.662254,fifo,False,,cake,48,15,15,32,1,0.627098,1.849162,0.081345,1.767681,1.221636,recompute,1.850105,1.242701,3.09293,319
20261008-175305-m7-b-nfs-fifo,2026-10-08T18:04:44+00:00,S5,0.5,256,1.0,nfs,0.0,0,0,0,7,1,0,0,16,0,1073741824,0,0,0.0,fifo,False,,none,0,,,,,,,,,,,,0.562222,0.562283,11906
20261008-175305-m7-b-nfs-fifo,2026-10-08T18:04:45+00:00,S5,0.5,256,1.0,nfs,0.0,0,0,1,1,1,0,0,32,0,2147483648,0,0,0.0,fifo,False,,none,0,,,,,,,,,,,,0.56157,0.561595,5809
20261008-175305-m7-b-nfs-fifo,2026-10-08T18:04:45+00:00,S5,0.5,256,1.0,nfs,0.0,0,0,2,5,1,0,0,48,0,3221225472,0,0,0.0,fifo,False,,none,0,,,,,,,,,,,,0.567366,0.567408,319
20261008-175305-m7-b-nfs-fifo,2026-10-08T18:04:46+00:00,S5,0.5,256,1.0,nfs,0.0,0,0,3,6,1,0,0,64,0,4294967296,0,0,0.0,fifo,False,,none,0,,,,,,,,,,,,0.668224,0.668245,5809
20261008-175305-m7-b-nfs-fifo,2026-10-08T18:04:47+00:00,S5,0.5,256,1.0,nfs,0.0,0,0,4,5,2,16,0,80,0,5368709120,0,0,0.0,fifo,False,,cake,16,2,2,14,0,0.085264,0.051319,0.051268,0.0,0.03434,load,0.086339,0.801853,0.888286,319
20261008-175305-m7-b-nfs-fifo,2026-10-08T18:04:47+00:00,S5,0.5,256,1.0,nfs,0.0,0,0,5,3,1,0,0,96,0,6442450944,0,0,0.0,fifo,False,,none,0,,,,,,,,,,,,0.649424,0.649462,319
20261008-175305-m7-b-nfs-fifo,2026-10-08T18:04:48+00:00,S5,0.5,256,1.0,nfs,0.0,0,0,6,7,2,16,0,112,0,7516192768,0,0,0.0,fifo,False,,cake,16,2,2,14,0,0.068496,0.051516,0.051462,0.0,0.017272,load,0.069287,0.802465,0.871795,319
20261008-175305-m7-b-nfs-fifo,2026-10-08T18:04:50+00:00,S5,0.5,256,1.0,nfs,0.0,0,0,7,7,3,32,0,128,0,8589934592,0,0,0.0,fifo,False,,cake,32,3,3,29,0,0.091835,0.077434,0.077356,0.0,0.014784,load,0.092853,1.029454,1.122375,319
20261008-175305-m7-b-nfs-fifo,2026-10-08T18:04:50+00:00,S5,0.5,256,1.0,nfs,0.0,0,0,8,4,1,0,0,144,0,9663676416,0,0,0.0,fifo,False,,none,0,,,,,,,,,,,,0.561818,0.561842,319
20261008-175305-m7-b-nfs-fifo,2026-10-08T18:04:51+00:00,S5,0.5,256,1.0,nfs,0.0,0,0,9,0,1,0,0,160,0,10737418240,0,0,0.0,fifo,False,,none,0,,,,,,,,,,,,0.561662,0.561691,5809
20261008-175305-m7-b-nfs-fifo,2026-10-08T18:04:52+00:00,S5,0.5,256,1.0,nfs,0.0,0,0,10,0,2,16,0,176,0,11811160064,0,0,0.0,fifo,False,,cake,16,2,2,14,0,0.060313,0.051466,0.05142,0.0,0.009213,load,0.06133,0.803462,0.864854,319
20261008-175305-m7-b-nfs-fifo,2026-10-08T18:04:52+00:00,S5,0.5,256,1.0,nfs,0.0,0,0,11,1,2,16,0,192,0,12884901888,0,0,0.0,fifo,False,,cake,16,2,2,14,0,0.08701,0.051568,0.051512,0.0,0.035831,load,0.087998,0.78661,0.87467,5809
20261008-175305-m7-b-nfs-fifo,2026-10-08T18:04:53+00:00,S5,0.5,256,1.0,nfs,0.0,0,0,12,6,2,16,0,208,0,13958643712,0,0,0.0,fifo,False,,cake,16,2,2,14,0,0.085879,0.051552,0.051495,0.0,0.034717,load,0.086927,0.787262,0.874243,25634
20261008-175305-m7-b-nfs-fifo,2026-10-08T18:04:55+00:00,S5,0.5,256,1.0,nfs,0.0,0,0,13,0,3,32,0,224,0,15032385536,0,0,0.0,fifo,False,,cake,32,2,2,30,0,0.091032,0.079464,0.079352,0.0,0.011972,load,0.092053,1.010124,1.102226,319
20261008-175305-m7-b-nfs-fifo,2026-10-08T18:04:56+00:00,S5,0.5,256,1.0,nfs,0.0,0,0,14,7,4,48,0,240,0,16106127360,0,0,0.0,fifo,False,,cake,48,4,4,44,0,0.125154,0.103667,0.103559,0.0,0.021857,load,0.126196,1.236679,1.362924,62
20261008-175305-m7-b-nfs-fifo,2026-10-08T18:04:57+00:00,S5,0.5,256,1.0,nfs,0.0,0,0,15,6,3,32,0,256,0,17179869184,0,0,0.0,fifo,False,,cake,32,3,3,29,0,0.092013,0.077407,0.077312,0.0,0.014957,load,0.093048,1.010545,1.103642,319
20261008-175305-m7-b-nfs-fifo,2026-10-08T18:04:58+00:00,S5,0.5,256,1.0,nfs,0.0,0,0,16,6,4,48,0,256,16,18253611008,1073741824,16,0.0,fifo,False,,cake,48,4,4,44,0,0.125063,0.103658,0.103532,0.0,0.021759,load,0.126042,1.236063,1.362156,319
20261008-175305-m7-b-nfs-fifo,2026-10-08T18:04:59+00:00,S5,0.5,256,1.0,nfs,0.0,0,0,17,2,1,0,0,256,32,19327352832,2147483648,32,1.663021,fifo,False,,none,0,,,,,,,,,,,,0.664598,0.664621,5809
20261008-175305-m7-b-nfs-fifo,2026-10-08T18:05:03+00:00,S5,0.5,256,1.0,nfs,0.0,0,0,18,1,3,32,0,256,48,20401094656,3221225472,48,2.63692,fifo,False,,cake,32,3,3,28,1,0.132473,2.824392,0.075617,2.748662,2.691553,recompute,2.825347,1.007899,3.833358,319
20261008-175305-m7-b-nfs-fifo,2026-10-08T18:05:06+00:00,S5,0.5,256,1.0,nfs,0.0,0,0,19,5,3,32,0,256,64,21474836480,4294967296,64,1.663012,fifo,False,,cake,32,5,5,26,1,0.178266,1.850339,0.071597,1.778651,1.671714,recompute,1.851298,1.00738,2.858814,319
20261008-175305-m7-b-nfs-fifo,2026-10-08T18:05:09+00:00,S5,0.5,256,1.0,nfs,0.0,0,0,20,2,2,16,0,256,80,22548578304,5368709120,80,1.663003,fifo,False,,cake,16,7,7,8,1,0.221913,1.850658,0.040129,1.810495,1.628383,recompute,1.851748,0.785083,2.636981,319
20261008-175305-m7-b-nfs-fifo,2026-10-08T18:05:12+00:00,S5,0.5,256,1.0,nfs,0.0,0,0,21,5,4,48,0,256,96,23622320128,6442450944,96,1.662983,fifo,False,,cake,48,9,9,38,1,0.383386,1.849905,0.092253,1.757496,1.466137,recompute,1.850917,1.23366,3.084688,5809
20261008-175305-m7-b-nfs-fifo,2026-10-08T18:05:15+00:00,S5,0.5,256,1.0,nfs,0.0,0,0,22,0,4,48,0,256,112,24696061952,7516192768,112,1.662974,fifo,False,,cake,48,11,11,36,1,0.370751,1.850085,0.088874,1.761101,1.478956,recompute,1.851143,1.235011,3.086325,319
20261008-175305-m7-b-nfs-fifo,2026-10-08T18:05:18+00:00,S5,0.5,256,1.0,nfs,0.0,0,0,23,2,3,32,0,256,128,25769803776,8589934592,128,1.662922,fifo,False,,cake,32,13,13,18,1,0.475295,1.850167,0.057353,1.792733,1.374501,recompute,1.851056,1.024682,2.875884,319
20261008-175305-m7-b-nfs-fifo,2026-10-08T18:05:21+00:00,S5,0.5,256,1.0,nfs,0.0,0,0,24,2,4,48,0,256,144,26843545600,9663676416,144,1.662953,fifo,False,,cake,48,15,15,32,1,0.531252,1.849995,0.081668,1.768221,1.318403,recompute,1.851011,1.239482,3.090611,319
20261008-175305-m7-b-nfs-fifo,2026-10-08T18:05:24+00:00,S5,0.5,256,1.0,nfs,0.0,0,0,25,1,4,48,0,256,160,27917287424,10737418240,160,1.662933,fifo,False,,cake,48,18,18,29,1,0.668434,1.849895,0.077167,1.772628,1.181082,recompute,1.850955,1.242253,3.093339,319
20261008-175305-m7-b-nfs-fifo,2026-10-08T18:05:27+00:00,S5,0.5,256,1.0,nfs,0.0,0,0,26,3,2,16,0,256,176,28991029248,11811160064,176,1.662898,fifo,False,,cake,16,15,15,0,1,0.624887,1.850506,0.0,1.85049,1.225213,recompute,1.851558,0.784766,2.636451,62
20261008-175305-m7-b-nfs-fifo,2026-10-08T18:05:29+00:00,S5,0.5,256,1.0,nfs,0.0,0,0,27,4,2,16,0,256,192,30064771072,12884901888,192,1.662948,fifo,False,,cake,16,15,15,0,1,0.528016,1.850658,0.0,1.850644,1.322272,recompute,1.85159,0.784524,2.636226,319
20261008-175305-m7-b-nfs-fifo,2026-10-08T18:05:32+00:00,S5,0.5,256,1.0,nfs,0.0,0,0,28,3,3,32,0,256,208,31138512896,13958643712,208,1.662894,fifo,False,,cake,32,23,23,8,1,0.973592,1.850127,0.039555,1.810531,0.876171,recompute,1.851142,1.007367,2.85862,319
20261008-175305-m7-b-nfs-fifo,2026-10-08T18:05:35+00:00,S5,0.5,256,1.0,nfs,0.0,0,0,29,3,4,48,0,256,224,32212254720,15032385536,224,1.662911,fifo,False,,cake,48,25,25,22,1,0.994407,1.849835,0.064132,1.785629,0.855082,recompute,1.850731,1.234693,3.08559,5809
20261008-175305-m7-b-nfs-fifo,2026-10-08T18:05:38+00:00,S5,0.5,256,1.0,nfs,0.0,0,0,30,4,3,32,0,256,240,33285996544,16106127360,240,1.662872,fifo,False,,cake,32,27,27,4,1,1.191052,1.850214,0.032756,1.817426,0.658841,recompute,1.851065,1.009266,2.860442,319
20261008-175305-m7-b-nfs-fifo,2026-10-08T18:05:41+00:00,S5,0.5,256,1.0,nfs,0.0,0,0,31,4,4,48,0,256,256,34359738368,17179869184,256,1.662888,fifo,False,,cake,48,29,29,18,1,1.205489,1.850105,0.05702,1.793022,0.644273,recompute,1.851075,1.235475,3.086668,319
20261008-175305-m7-b-nfs-fifo,2026-10-08T18:05:42+00:00,S5s,0.5,256,1.0,nfs,0.0,0,0,0,7,1,0,0,2,14,134217728,939524096,0,0.0,fifo,False,,none,0,,,,,,,,,,,,0.667386,0.667406,11906
20261008-175305-m7-b-nfs-fifo,2026-10-08T18:05:43+00:00,S5s,0.5,256,1.0,nfs,0.0,0,0,1,1,1,0,0,4,28,268435456,1879048192,0,1.455712,fifo,False,,none,0,,,,,,,,,,,,0.664497,0.664519,5809
20261008-175305-m7-b-nfs-fifo,2026-10-08T18:05:43+00:00,S5s,0.5,256,1.0,nfs,0.0,0,0,2,5,1,0,0,6,42,402653184,2818572288,0,2.222463,fifo,False,,none,0,,,,,,,,,,,,0.60418,0.604224,319
20261008-175305-m7-b-nfs-fifo,2026-10-08T18:05:44+00:00,S5s,0.5,256,1.0,nfs,0.0,0,0,3,6,1,0,0,8,56,536870912,3758096384,0,3.049314,fifo,False,,none,0,,,,,,,,,,,,0.573839,0.573867,5809
20261008-175305-m7-b-nfs-fifo,2026-10-08T18:05:49+00:00,S5s,0.5,256,1.0,nfs,0.0,0,0,4,5,2,16,0,13,67,872415232,4496293888,0,3.906579,fifo,False,,cake,16,13,13,2,1,0.449749,4.09418,0.005447,4.088711,3.64407,recompute,4.095305,0.807539,4.902952,319
20261008-175305-m7-b-nfs-fifo,2026-10-08T18:05:49+00:00,S5s,0.5,256,1.0,nfs,0.0,0,0,5,3,1,0,0,15,81,1006632960,5435817984,0,1.143702,fifo,False,,none,0,,,,,,,,,,,,0.575694,0.575812,319
20261008-175305-m7-b-nfs-fifo,2026-10-08T18:05:52+00:00,S5s,0.5,256,1.0,nfs,0.0,0,0,6,7,2,16,0,20,92,1342177280,6174015488,0,1.99899,fifo,False,,cake,16,13,13,2,1,0.446274,2.186806,0.005742,2.181045,1.740187,recompute,2.187773,0.79977,2.987672,319
20261008-175305-m7-b-nfs-fifo,2026-10-08T18:05:55+00:00,S5s,0.5,256,1.0,nfs,0.0,0,0,7,7,3,32,0,29,99,1946157056,6643777536,0,1.143684,fifo,False,,cake,32,26,26,5,1,1.150701,1.330907,0.01582,1.315059,0.179861,recompute,1.332119,1.026581,2.358859,319
20261008-175305-m7-b-nfs-fifo,2026-10-08T18:05:55+00:00,S5s,0.5,256,1.0,nfs,0.0,0,0,8,4,1,0,0,31,113,2080374784,7583301632,0,0.727737,fifo,False,,none,0,,,,,,,,,,,,0.574696,0.574718,319
20261008-175305-m7-b-nfs-fifo,2026-10-08T18:05:56+00:00,S5s,0.5,256,1.0,nfs,0.0,0,0,9,0,1,0,0,33,127,2214592512,8522825728,0,1.584176,fifo,False,,none,0,,,,,,,,,,,,0.562005,0.562048,5809
20261008-175305-m7-b-nfs-fifo,2026-10-08T18:05:59+00:00,S5s,0.5,256,1.0,nfs,0.0,0,0,10,0,2,16,0,38,138,2550136832,9261023232,0,2.453326,fifo,False,,cake,16,13,13,2,1,0.446883,2.640978,0.005762,2.635191,2.193756,recompute,2.642159,0.802628,3.444937,319
20261008-175305-m7-b-nfs-fifo,2026-10-08T18:06:02+00:00,S5s,0.5,256,1.0,nfs,0.0,0,0,11,1,2,16,0,43,149,2885681152,9999220736,0,1.143655,fifo,False,,cake,16,13,13,2,1,0.529739,1.331466,0.010828,1.320618,0.801356,recompute,1.332536,0.7849,2.11757,5809
20261008-175305-m7-b-nfs-fifo,2026-10-08T18:06:04+00:00,S5s,0.5,256,1.0,nfs,0.0,0,0,12,6,2,16,0,48,160,3221225472,10737418240,0,1.143716,fifo,False,,cake,16,13,13,2,1,0.446766,1.331335,0.010784,1.320532,0.884228,recompute,1.332271,0.785346,2.117764,25634
20261008-175305-m7-b-nfs-fifo,2026-10-08T18:06:06+00:00,S5s,0.5,256,1.0,nfs,0.0,0,0,13,0,3,32,0,57,167,3825205248,11207180288,0,1.143674,fifo,False,,cake,32,26,26,5,1,1.149853,1.330972,0.015832,1.31511,0.180761,recompute,1.331858,1.010569,2.342556,319
20261008-175305-m7-b-nfs-fifo,2026-10-08T18:06:09+00:00,S5s,0.5,256,1.0,nfs,0.0,0,0,14,7,4,48,0,70,170,4697620480,11408506880,0,0.727675,fifo,False,,cake,48,34,34,9,5,1.50245,1.669999,0.029451,1.640465,0.167178,recompute,1.67091,1.237087,2.908133,62
20261008-175305-m7-b-nfs-fifo,2026-10-08T18:06:11+00:00,S5s,0.5,256,1.0,nfs,0.0,0,0,15,6,3,32,0,79,177,5301600256,11878268928,0,0.311729,fifo,False,,cake,32,23,23,5,4,0.895965,1.065409,0.029974,1.035376,0.169114,recompute,1.066259,1.015664,2.082053,319
20261008-175305-m7-b-nfs-fifo,2026-10-08T18:06:14+00:00,S5s,0.5,256,1.0,nfs,0.0,0,0,16,6,4,48,0,92,180,6174015488,12079595520,0,0.72768,fifo,False,,cake,48,34,34,9,5,1.582454,1.669781,0.029615,1.640081,0.086973,recompute,1.670608,1.236357,2.907077,319
20261008-175305-m7-b-nfs-fifo,2026-10-08T18:06:15+00:00,S5s,0.5,256,1.0,nfs,0.0,0,0,17,2,1,0,0,94,194,6308233216,13019119616,0,0.311758,fifo,False,,none,0,,,,,,,,,,,,0.561348,0.56139,5809
20261008-175305-m7-b-nfs-fifo,2026-10-08T18:06:17+00:00,S5s,0.5,256,1.0,nfs,0.0,0,0,18,1,3,32,0,103,201,6912212992,13488881664,0,1.455685,fifo,False,,cake,32,26,26,5,1,1.045855,1.643056,0.010647,1.632381,0.596854,recompute,1.644028,1.013444,2.65761,319
20261008-175305-m7-b-nfs-fifo,2026-10-08T18:06:19+00:00,S5s,0.5,256,1.0,nfs,0.0,0,0,19,5,3,32,0,112,208,7516192768,13958643712,0,0.727704,fifo,False,,cake,32,25,25,5,2,0.997085,1.103861,0.022853,1.080971,0.106428,recompute,1.104712,1.009826,2.114644,319
20261008-175305-m7-b-nfs-fifo,2026-10-08T18:06:21+00:00,S5s,0.5,256,1.0,nfs,0.0,0,0,20,2,2,16,0,117,219,7851737088,14696841216,0,0.727737,fifo,False,,cake,16,13,13,2,1,0.446524,0.91533,0.017877,0.897433,0.468486,recompute,0.916232,0.78545,1.701794,319
20261008-175305-m7-b-nfs-fifo,2026-10-08T18:06:24+00:00,S5s,0.5,256,1.0,nfs,0.0,0,0,21,5,4,48,0,130,222,8724152320,14898167808,0,1.143661,fifo,False,,cake,48,36,36,9,3,1.645882,1.708307,0.02266,1.685586,0.062074,recompute,1.709234,1.245109,2.954462,5809
20261008-175305-m7-b-nfs-fifo,2026-10-08T18:06:27+00:00,S5s,0.5,256,1.0,nfs,0.0,0,0,22,0,4,48,0,143,225,9596567552,15099494400,0,0.311693,fifo,False,,cake,48,33,33,9,6,1.454257,1.44252,0.036678,1.405748,0.012125,load,1.455334,1.242385,2.697787,319
20261008-175305-m7-b-nfs-fifo,2026-10-08T18:06:29+00:00,S5s,0.5,256,1.0,nfs,0.0,0,0,23,2,3,32,0,152,232,10200547328,15569256448,0,0.311718,fifo,False,,cake,32,23,23,5,4,0.900306,1.065353,0.029813,1.035479,0.164696,recompute,1.066416,1.028308,2.094879,319
20261008-175305-m7-b-nfs-fifo,2026-10-08T18:06:32+00:00,S5s,0.5,256,1.0,nfs,0.0,0,0,24,2,4,48,0,165,235,11072962560,15770583040,0,0.727642,fifo,False,,cake,48,34,34,9,5,1.560735,1.669634,0.029542,1.64001,0.108492,recompute,1.670523,1.244464,2.915101,319
20261008-175305-m7-b-nfs-fifo,2026-10-08T18:06:35+00:00,S5s,0.5,256,1.0,nfs,0.0,0,0,25,1,4,48,0,178,238,11945377792,15971909632,0,0.311709,fifo,False,,cake,48,33,33,9,6,1.430641,1.442611,0.03647,1.406059,0.011585,recompute,1.443486,1.237682,2.681266,319
20261008-175305-m7-b-nfs-fifo,2026-10-08T18:06:36+00:00,S5s,0.5,256,1.0,nfs,0.0,0,0,26,3,2,16,0,183,249,12280922112,16710107136,0,0.311726,fifo,False,,cake,16,13,13,2,1,0.524524,0.499338,0.025007,0.474308,0.025522,load,0.525546,0.786913,1.312516,62
20261008-175305-m7-b-nfs-fifo,2026-10-08T18:06:38+00:00,S5s,0.5,256,1.0,nfs,0.0,0,0,27,4,2,16,0,188,260,12616466432,17448304640,0,1.143706,fifo,False,,cake,16,13,13,2,1,0.446416,1.33139,0.010771,1.3206,0.884597,recompute,1.332336,0.785596,2.118066,319
20261008-175305-m7-b-nfs-fifo,2026-10-08T18:06:40+00:00,S5s,0.5,256,1.0,nfs,0.0,0,0,28,3,3,32,0,197,267,13220446208,17918066688,0,1.143683,fifo,False,,cake,32,26,26,5,1,1.046008,1.330989,0.015823,1.315139,0.284648,recompute,1.331907,1.010269,2.342311,319
20261008-175305-m7-b-nfs-fifo,2026-10-08T18:06:43+00:00,S5s,0.5,256,1.0,nfs,0.0,0,0,29,3,4,48,0,210,270,14092861440,18119393280,0,0.727672,fifo,False,,cake,48,34,34,9,5,1.541732,1.669622,0.029415,1.640125,0.127517,recompute,1.670504,1.237062,2.907676,5809
20261008-175305-m7-b-nfs-fifo,2026-10-08T18:06:46+00:00,S5s,0.5,256,1.0,nfs,0.0,0,0,30,4,3,32,0,219,277,14696841216,18589155328,0,0.311715,fifo,False,,cake,32,23,23,5,4,0.89516,1.065315,0.029824,1.035441,0.169808,recompute,1.066392,1.010964,2.077504,319
20261008-175305-m7-b-nfs-fifo,2026-10-08T18:06:48+00:00,S5s,0.5,256,1.0,nfs,0.0,0,0,31,4,4,48,0,232,280,15569256448,18790481920,0,0.727638,fifo,False,,cake,48,34,34,9,5,1.588918,1.669544,0.029273,1.640182,0.080281,recompute,1.670553,1.237588,2.908259,319
20261008-175305-m7-b-nfs-fifo,2026-10-08T18:06:49+00:00,S1,0.25,128,1.0,nfs,0.0,0,1,0,7,1,0,0,16,16,1073741824,1073741824,0,0.0,fifo,False,,none,0,,,,,,,,,,,,0.561371,0.561398,11906
20261008-175305-m7-b-nfs-fifo,2026-10-08T18:06:50+00:00,S1,0.25,128,1.0,nfs,0.0,0,1,1,1,1,0,0,32,32,2147483648,2147483648,0,1.663698,fifo,False,,none,0,,,,,,,,,,,,0.561632,0.561661,5809
20261008-175305-m7-b-nfs-fifo,2026-10-08T18:06:50+00:00,S1,0.25,128,1.0,nfs,0.0,0,1,2,5,1,0,0,48,48,3221225472,3221225472,0,2.741085,fifo,False,,none,0,,,,,,,,,,,,0.560953,0.560978,319
20261008-175305-m7-b-nfs-fifo,2026-10-08T18:06:51+00:00,S1,0.25,128,1.0,nfs,0.0,0,1,3,6,1,0,0,64,64,4294967296,4294967296,0,3.819247,fifo,False,,none,0,,,,,,,,,,,,0.561246,0.56128,5809
20261008-175305-m7-b-nfs-fifo,2026-10-08T18:06:52+00:00,S1,0.25,128,1.0,nfs,0.0,0,1,4,5,2,16,0,80,80,5368709120,5368709120,0,4.897039,fifo,False,,cake,16,2,2,14,0,0.085582,0.051463,0.051403,0.0,0.034479,load,0.086548,0.786971,0.873582,319
20261008-175305-m7-b-nfs-fifo,2026-10-08T18:06:52+00:00,S1,0.25,128,1.0,nfs,0.0,0,1,5,3,1,0,0,96,96,6442450944,6442450944,0,5.662113,fifo,False,,none,0,,,,,,,,,,,,0.650074,0.650115,319
20261008-175305-m7-b-nfs-fifo,2026-10-08T18:06:53+00:00,S1,0.25,128,1.0,nfs,0.0,0,1,6,7,2,16,0,112,112,7516192768,7516192768,0,6.651139,fifo,False,,cake,16,2,2,14,0,0.085887,0.051336,0.051277,0.0,0.034959,load,0.086899,0.786831,0.873774,319
20261008-175305-m7-b-nfs-fifo,2026-10-08T18:06:54+00:00,S1,0.25,128,1.0,nfs,0.0,0,1,7,7,3,32,0,128,128,8589934592,8589934592,0,7.416157,fifo,False,,cake,32,3,3,29,0,0.092207,0.077433,0.077343,0.0,0.015125,load,0.093233,1.010171,1.103474,319
20261008-175305-m7-b-nfs-fifo,2026-10-08T18:06:55+00:00,S1,0.25,128,1.0,nfs,0.0,0,1,8,4,1,0,0,128,144,9663676416,9663676416,0,7.951151,fifo,False,,none,0,,,,,,,,,,,,0.560869,0.560893,319
20261008-175305-m7-b-nfs-fifo,2026-10-08T18:06:56+00:00,S1,0.25,128,1.0,nfs,0.0,0,1,9,0,1,0,0,128,160,10737418240,10737418240,0,9.029372,fifo,False,,none,0,,,,,,,,,,,,0.561878,0.561905,5809
20261008-175305-m7-b-nfs-fifo,2026-10-08T18:06:56+00:00,S1,0.25,128,1.0,nfs,0.0,0,1,10,0,2,16,0,112,176,11811160064,11811160064,0,10.106574,fifo,False,,cake,16,2,2,14,0,0.059912,0.051446,0.051401,0.0,0.008812,load,0.060942,0.803186,0.864173,319
20261008-175305-m7-b-nfs-fifo,2026-10-08T18:07:08+00:00,S1,0.25,128,1.0,nfs,0.0,0,1,11,1,2,16,0,128,192,12884901888,12884901888,0,10.881165,fifo,False,,cake,16,15,15,0,1,0.529336,11.068852,0.0,11.068836,10.539168,recompute,11.069895,0.783032,11.853034,5809
20261008-175305-m7-b-nfs-fifo,2026-10-08T18:07:11+00:00,S1,0.25,128,1.0,nfs,0.0,0,1,12,6,2,16,0,128,208,13958643712,13958643712,0,1.663653,fifo,False,,cake,16,15,15,0,1,0.541488,1.851283,0.0,1.851268,1.309445,recompute,1.852297,0.783595,2.636023,25634
20261008-175305-m7-b-nfs-fifo,2026-10-08T18:07:12+00:00,S1,0.25,128,1.0,nfs,0.0,0,1,13,0,3,32,0,96,224,15032385536,15032385536,0,1.663578,fifo,False,,cake,32,3,3,29,0,0.091437,0.077411,0.077355,0.0,0.014414,load,0.092477,1.007486,1.100034,319
20261008-175305-m7-b-nfs-fifo,2026-10-08T18:07:16+00:00,S1,0.25,128,1.0,nfs,0.0,0,1,14,7,4,48,0,112,240,16106127360,16106127360,0,2.201899,fifo,False,,cake,48,47,47,0,1,2.43102,2.388851,0.0,2.388841,0.042549,load,2.432102,1.236035,3.668217,62
20261008-175305-m7-b-nfs-fifo,2026-10-08T18:07:19+00:00,S1,0.25,128,1.0,nfs,0.0,0,1,15,6,3,32,0,128,256,17179869184,17179869184,0,1.663626,fifo,False,,cake,32,15,15,16,1,0.529701,1.850981,0.054477,1.796442,1.320939,recompute,1.851909,1.007708,2.859734,319
20261008-175305-m7-b-nfs-fifo,2026-10-08T18:07:22+00:00,S1,0.25,128,1.0,nfs,0.0,0,1,16,6,4,48,0,128,272,18253611008,18253611008,0,1.663613,fifo,False,,cake,48,15,15,32,1,0.634414,1.850534,0.082406,1.767993,1.215725,recompute,1.851629,1.234414,3.086185,319
20261008-175305-m7-b-nfs-fifo,2026-10-08T18:07:22+00:00,S1,0.25,128,1.0,nfs,0.0,0,1,17,2,1,0,0,128,288,19327352832,19327352832,0,1.663586,fifo,False,,none,0,,,,,,,,,,,,0.560209,0.560232,5809
20261008-175305-m7-b-nfs-fifo,2026-10-08T18:07:26+00:00,S1,0.25,128,1.0,nfs,0.0,0,1,18,1,3,32,0,96,304,20401094656,20401094656,0,2.742285,fifo,False,,cake,32,31,31,0,1,1.316605,2.929644,0.0,2.929626,1.612693,recompute,2.930795,1.007651,3.938563,319
20261008-175305-m7-b-nfs-fifo,2026-10-08T18:07:29+00:00,S1,0.25,128,1.0,nfs,0.0,0,1,19,5,3,32,0,112,320,21474836480,21474836480,0,1.663482,fifo,False,,cake,32,31,31,0,1,1.316606,1.850739,0.0,1.850722,0.533815,recompute,1.852006,1.017874,2.870002,319
20261008-175305-m7-b-nfs-fifo,2026-10-08T18:07:30+00:00,S1,0.25,128,1.0,nfs,0.0,0,1,20,2,2,16,0,128,336,22548578304,22548578304,0,1.663631,fifo,False,,cake,16,2,2,14,0,0.078445,0.051243,0.051187,0.0,0.027528,load,0.079417,0.802623,0.882112,319
20261008-175305-m7-b-nfs-fifo,2026-10-08T18:07:34+00:00,S1,0.25,128,1.0,nfs,0.0,0,1,21,5,4,48,0,128,352,23622320128,23622320128,0,2.420098,fifo,False,,cake,48,31,31,16,1,1.380855,2.607076,0.054321,2.552674,1.225873,recompute,2.608155,1.240075,3.84833,5809
20261008-175305-m7-b-nfs-fifo,2026-10-08T18:07:38+00:00,S1,0.25,128,1.0,nfs,0.0,0,1,22,0,4,48,0,96,368,24696061952,24696061952,0,1.663457,fifo,False,,cake,48,45,45,0,3,2.224329,2.22794,0.0,2.227917,0.003254,recompute,2.228813,1.245171,3.474057,319
20261008-175305-m7-b-nfs-fifo,2026-10-08T18:07:39+00:00,S1,0.25,128,1.0,nfs,0.0,0,1,23,2,3,32,0,112,384,25769803776,25769803776,0,1.663441,fifo,False,,cake,32,3,3,29,0,0.092183,0.077477,0.077382,0.0,0.015032,load,0.093208,1.024922,1.118183,319
20261008-175305-m7-b-nfs-fifo,2026-10-08T18:07:40+00:00,S1,0.25,128,1.0,nfs,0.0,0,1,24,2,4,48,0,128,400,26843545600,26843545600,0,2.183604,fifo,False,,cake,48,4,4,44,0,0.125106,0.103616,0.103493,0.0,0.021798,load,0.12611,1.236443,1.362607,319
20261008-175305-m7-b-nfs-fifo,2026-10-08T18:07:44+00:00,S1,0.25,128,1.0,nfs,0.0,0,1,25,1,4,48,0,112,416,27917287424,27917287424,0,2.459021,fifo,False,,cake,48,31,31,16,1,1.383221,2.645966,0.054062,2.591829,1.262387,recompute,2.64706,1.234972,3.882128,319
20261008-175305-m7-b-nfs-fifo,2026-10-08T18:07:47+00:00,S1,0.25,128,1.0,nfs,0.0,0,1,26,3,2,16,0,128,432,28991029248,28991029248,0,1.663468,fifo,False,,cake,16,15,15,0,1,0.530721,1.851159,0.0,1.851142,1.320076,recompute,1.852228,0.785338,2.637687,62
20261008-175305-m7-b-nfs-fifo,2026-10-08T18:07:49+00:00,S1,0.25,128,1.0,nfs,0.0,0,1,27,4,2,16,0,128,448,30064771072,30064771072,0,1.66357,fifo,False,,cake,16,15,15,0,1,0.586501,1.851138,0.0,1.851122,1.264288,recompute,1.852159,0.785847,2.638102,319
20261008-175305-m7-b-nfs-fifo,2026-10-08T18:07:52+00:00,S1,0.25,128,1.0,nfs,0.0,0,1,28,3,3,32,0,80,464,31138512896,31138512896,0,1.663449,fifo,False,,cake,32,15,15,16,1,0.531352,1.850842,0.054319,1.796434,1.319149,recompute,1.852004,1.008132,2.860259,319
20261008-175305-m7-b-nfs-fifo,2026-10-08T18:07:55+00:00,S1,0.25,128,1.0,nfs,0.0,0,1,29,3,4,48,0,96,480,32212254720,32212254720,0,1.663385,fifo,False,,cake,48,15,15,32,1,0.594464,1.850329,0.08204,1.768164,1.255542,recompute,1.851501,1.23467,3.086294,5809
20261008-175305-m7-b-nfs-fifo,2026-10-08T18:07:58+00:00,S1,0.25,128,1.0,nfs,0.0,0,1,30,4,3,32,0,112,496,33285996544,33285996544,0,1.663582,fifo,False,,cake,32,15,15,16,1,0.532332,1.850989,0.054436,1.796485,1.318313,recompute,1.852018,1.014538,2.866716,319
20261008-175305-m7-b-nfs-fifo,2026-10-08T18:08:01+00:00,S1,0.25,128,1.0,nfs,0.0,0,1,31,4,4,48,0,128,512,34359738368,34359738368,0,1.663574,fifo,False,,cake,48,15,15,32,1,0.54031,1.850533,0.082238,1.768167,1.309842,recompute,1.851588,1.234864,3.086547,319
20261008-175305-m7-b-nfs-fifo,2026-10-08T18:08:02+00:00,S4,0.25,128,1.0,nfs,0.0,0,1,0,7,1,0,0,16,0,1073741824,0,0,0.0,fifo,False,,none,0,,,,,,,,,,,,0.560643,0.560701,11906
20261008-175305-m7-b-nfs-fifo,2026-10-08T18:08:03+00:00,S4,0.25,128,1.0,nfs,0.0,0,1,1,1,1,0,0,32,0,2147483648,0,0,0.0,fifo,False,,none,0,,,,,,,,,,,,0.627422,0.627457,5809
20261008-175305-m7-b-nfs-fifo,2026-10-08T18:08:03+00:00,S4,0.25,128,1.0,nfs,0.0,0,1,2,5,1,0,0,48,0,3221225472,0,0,0.0,fifo,False,,none,0,,,,,,,,,,,,0.625207,0.625235,319
20261008-175305-m7-b-nfs-fifo,2026-10-08T18:08:04+00:00,S4,0.25,128,1.0,nfs,0.0,0,1,3,6,1,0,0,64,0,4294967296,0,0,0.0,fifo,False,,none,0,,,,,,,,,,,,0.625043,0.625068,5809
20261008-175305-m7-b-nfs-fifo,2026-10-08T18:08:05+00:00,S4,0.25,128,1.0,nfs,0.0,0,1,4,5,2,16,0,80,0,5368709120,0,0,0.0,fifo,False,,cake,16,2,2,14,0,0.080365,0.051444,0.051388,0.0,0.029282,load,0.081388,0.802307,0.883747,319
20261008-175305-m7-b-nfs-fifo,2026-10-08T18:08:05+00:00,S4,0.25,128,1.0,nfs,0.0,0,1,5,3,1,0,0,96,0,6442450944,0,0,0.0,fifo,False,,none,0,,,,,,,,,,,,0.565877,0.565905,319
20261008-175305-m7-b-nfs-fifo,2026-10-08T18:08:06+00:00,S4,0.25,128,1.0,nfs,0.0,0,1,6,7,2,16,0,112,0,7516192768,0,0,0.0,fifo,False,,cake,16,2,2,14,0,0.060215,0.051264,0.051208,0.0,0.00928,load,0.061329,0.802113,0.863491,319
20261008-175305-m7-b-nfs-fifo,2026-10-08T18:08:07+00:00,S4,0.25,128,1.0,nfs,0.0,0,1,7,7,3,32,0,128,0,8589934592,0,0,0.0,fifo,False,,cake,32,3,3,29,0,0.091981,0.077429,0.077365,0.0,0.014789,load,0.092902,1.02476,1.117714,319
20261008-175305-m7-b-nfs-fifo,2026-10-08T18:08:08+00:00,S4,0.25,128,1.0,nfs,0.0,0,1,8,4,1,0,0,128,16,9663676416,1073741824,16,0.0,fifo,False,,none,0,,,,,,,,,,,,0.562302,0.562347,319
20261008-175305-m7-b-nfs-fifo,2026-10-08T18:08:09+00:00,S4,0.25,128,1.0,nfs,0.0,0,1,9,0,1,0,0,128,32,10737418240,2147483648,32,1.663583,fifo,False,,none,0,,,,,,,,,,,,0.622464,0.622577,5809
20261008-175305-m7-b-nfs-fifo,2026-10-08T18:08:10+00:00,S4,0.25,128,1.0,nfs,0.0,0,1,10,0,2,16,0,112,64,11811160064,4294967296,64,2.680046,fifo,False,,cake,16,2,2,14,0,0.080156,0.05121,0.051148,0.0,0.029226,load,0.081112,0.803838,0.885029,319
20261008-175305-m7-b-nfs-fifo,2026-10-08T18:08:16+00:00,S4,0.25,128,1.0,nfs,0.0,0,1,11,1,2,16,0,128,64,12884901888,4294967296,64,5.097389,fifo,False,,cake,16,15,15,0,1,0.58705,5.284945,0.0,5.284926,4.697554,recompute,5.286086,0.78455,6.070739,5809
20261008-175305-m7-b-nfs-fifo,2026-10-08T18:08:17+00:00,S4,0.25,128,1.0,nfs,0.0,0,1,12,6,2,16,0,128,80,13958643712,5368709120,80,0.0,fifo,False,,cake,16,13,13,0,3,0.450466,0.566521,0.0,0.566477,0.115745,recompute,0.567483,0.786712,1.354289,25634
20261008-175305-m7-b-nfs-fifo,2026-10-08T18:08:18+00:00,S4,0.25,128,1.0,nfs,0.0,0,1,13,0,3,32,0,96,128,15032385536,8589934592,128,1.663533,fifo,False,,cake,32,3,3,29,0,0.092359,0.076985,0.076912,0.0,0.015698,load,0.093779,1.009154,1.102981,319
20261008-175305-m7-b-nfs-fifo,2026-10-08T18:08:25+00:00,S4,0.25,128,1.0,nfs,0.0,0,1,14,7,4,48,0,112,128,16106127360,8589934592,128,5.526568,fifo,False,,cake,48,47,47,0,1,2.337902,5.713596,0.0,5.713581,3.375455,recompute,5.714649,1.234228,6.948983,62
20261008-175305-m7-b-nfs-fifo,2026-10-08T18:08:27+00:00,S4,0.25,128,1.0,nfs,0.0,0,1,15,6,3,32,0,128,128,17179869184,8589934592,128,0.0,fifo,False,,cake,32,13,13,16,3,0.506412,0.621167,0.054556,0.566507,0.114368,recompute,0.622168,1.009266,1.631535,319
20261008-175305-m7-b-nfs-fifo,2026-10-08T18:08:29+00:00,S4,0.25,128,1.0,nfs,0.0,0,1,16,6,4,48,0,128,144,18253611008,9663676416,144,0.0,fifo,False,,cake,48,14,14,32,2,0.491399,0.460021,0.082176,0.377747,0.031697,load,0.492551,1.235903,1.728516,319
20261008-175305-m7-b-nfs-fifo,2026-10-08T18:08:29+00:00,S4,0.25,128,1.0,nfs,0.0,0,1,17,2,1,0,0,128,160,19327352832,10737418240,160,1.663533,fifo,False,,none,0,,,,,,,,,,,,0.561291,0.561321,5809
20261008-175305-m7-b-nfs-fifo,2026-10-08T18:08:33+00:00,S4,0.25,128,1.0,nfs,0.0,0,1,18,1,3,32,0,96,208,20401094656,13958643712,208,2.741089,fifo,False,,cake,32,31,31,0,1,1.320771,2.928335,0.0,2.928317,1.607238,recompute,2.929456,1.007209,3.936767,319
20261008-175305-m7-b-nfs-fifo,2026-10-08T18:08:39+00:00,S4,0.25,128,1.0,nfs,0.0,0,1,19,5,3,32,0,112,208,21474836480,13958643712,208,4.991245,fifo,False,,cake,32,31,31,0,1,1.316568,5.178414,0.0,5.178397,3.861553,recompute,5.179611,1.022397,6.202116,319
20261008-175305-m7-b-nfs-fifo,2026-10-08T18:08:40+00:00,S4,0.25,128,1.0,nfs,0.0,0,1,20,2,2,16,0,128,208,22548578304,13958643712,208,0.0,fifo,False,,cake,16,2,2,14,0,0.060026,0.051388,0.051338,0.0,0.008877,load,0.060999,0.800813,0.861898,319
20261008-175305-m7-b-nfs-fifo,2026-10-08T18:08:43+00:00,S4,0.25,128,1.0,nfs,0.0,0,1,21,5,4,48,0,128,224,23622320128,15032385536,224,0.0,fifo,False,,cake,48,26,26,16,6,1.118254,1.18719,0.054257,1.132789,0.068567,recompute,1.188257,1.243977,2.432334,5809
20261008-175305-m7-b-nfs-fifo,2026-10-08T18:08:46+00:00,S4,0.25,128,1.0,nfs,0.0,0,1,22,0,4,48,0,96,272,24696061952,18253611008,272,1.663447,fifo,False,,cake,48,45,45,0,3,2.220166,2.227902,0.0,2.227868,0.007447,recompute,2.228863,1.238234,3.467203,319
20261008-175305-m7-b-nfs-fifo,2026-10-08T18:08:47+00:00,S4,0.25,128,1.0,nfs,0.0,0,1,23,2,3,32,0,112,272,25769803776,18253611008,272,4.991199,fifo,False,,cake,32,2,2,30,0,0.084792,0.079004,0.078879,0.0,0.006153,load,0.08581,1.009784,1.095673,319
20261008-175305-m7-b-nfs-fifo,2026-10-08T18:08:49+00:00,S4,0.25,128,1.0,nfs,0.0,0,1,24,2,4,48,0,128,272,26843545600,18253611008,272,3.869883,fifo,False,,cake,48,3,3,45,0,0.111349,0.10551,0.105345,0.0,0.006175,load,0.112353,1.236524,1.348932,319
20261008-175305-m7-b-nfs-fifo,2026-10-08T18:08:53+00:00,S4,0.25,128,1.0,nfs,0.0,0,1,25,1,4,48,0,112,304,27917287424,20401094656,304,2.495141,fifo,False,,cake,48,31,31,16,1,1.318512,2.682079,0.054134,2.627866,1.363229,recompute,2.683327,1.237272,3.920718,319
20261008-175305-m7-b-nfs-fifo,2026-10-08T18:08:57+00:00,S4,0.25,128,1.0,nfs,0.0,0,1,26,3,2,16,0,128,304,28991029248,20401094656,304,3.327359,fifo,False,,cake,16,15,15,0,1,0.532419,3.514939,0.0,3.514922,2.982214,recompute,3.515953,0.785644,4.301713,62
20261008-175305-m7-b-nfs-fifo,2026-10-08T18:08:58+00:00,S4,0.25,128,1.0,nfs,0.0,0,1,27,4,2,16,0,128,320,30064771072,21474836480,320,0.0,fifo,False,,cake,16,13,13,0,3,0.549883,0.566519,0.0,0.566478,0.016256,recompute,0.56742,0.787403,1.354914,319
20261008-175305-m7-b-nfs-fifo,2026-10-08T18:09:01+00:00,S4,0.25,128,1.0,nfs,0.0,0,1,28,3,3,32,0,80,384,31138512896,25769803776,384,1.66343,fifo,False,,cake,32,15,15,16,1,0.618516,1.850613,0.054285,1.796247,1.2317,recompute,1.851534,1.007676,2.859307,319
20261008-175305-m7-b-nfs-fifo,2026-10-08T18:09:09+00:00,S4,0.25,128,1.0,nfs,0.0,0,1,29,3,4,48,0,96,384,32212254720,25769803776,384,6.65507,fifo,False,,cake,48,15,15,32,1,0.532891,6.842053,0.082066,6.759871,6.308836,recompute,6.84324,1.236017,8.079395,5809
20261008-175305-m7-b-nfs-fifo,2026-10-08T18:09:11+00:00,S4,0.25,128,1.0,nfs,0.0,0,1,30,4,3,32,0,112,384,33285996544,25769803776,384,0.0,fifo,False,,cake,32,13,13,16,3,0.449088,0.621118,0.054507,0.566516,0.171701,recompute,0.622319,1.026217,1.648658,319
20261008-175305-m7-b-nfs-fifo,2026-10-08T18:09:13+00:00,S4,0.25,128,1.0,nfs,0.0,0,1,31,4,4,48,0,128,384,34359738368,25769803776,384,0.0,fifo,False,,cake,48,14,14,32,2,0.491236,0.460195,0.082297,0.377767,0.031417,load,0.492413,1.241188,1.733713,319
20261008-175305-m7-b-nfs-fifo,2026-10-08T18:09:13+00:00,S4+,0.25,128,1.0,nfs,0.0,0,1,0,7,1,0,0,16,0,1073741824,0,0,0.0,fifo,False,,none,0,,,,,,,,,,,,0.676164,0.676228,11906
20261008-175305-m7-b-nfs-fifo,2026-10-08T18:09:14+00:00,S4+,0.25,128,1.0,nfs,0.0,0,1,1,1,1,0,0,32,0,2147483648,0,0,0.0,fifo,False,,none,0,,,,,,,,,,,,0.669029,0.669049,5809
20261008-175305-m7-b-nfs-fifo,2026-10-08T18:09:15+00:00,S4+,0.25,128,1.0,nfs,0.0,0,1,2,5,1,0,0,48,0,3221225472,0,0,0.0,fifo,False,,none,0,,,,,,,,,,,,0.650826,0.650885,319
20261008-175305-m7-b-nfs-fifo,2026-10-08T18:09:15+00:00,S4+,0.25,128,1.0,nfs,0.0,0,1,3,6,1,0,0,64,0,4294967296,0,0,0.0,fifo,False,,none,0,,,,,,,,,,,,0.576408,0.576441,5809
20261008-175305-m7-b-nfs-fifo,2026-10-08T18:09:16+00:00,S4+,0.25,128,1.0,nfs,0.0,0,1,4,5,2,16,0,80,0,5368709120,0,0,0.0,fifo,False,,cake,16,2,2,14,0,0.069413,0.051482,0.051418,0.0,0.018299,load,0.070439,0.803664,0.874152,319
20261008-175305-m7-b-nfs-fifo,2026-10-08T18:09:17+00:00,S4+,0.25,128,1.0,nfs,0.0,0,1,5,3,1,0,0,96,0,6442450944,0,0,0.0,fifo,False,,none,0,,,,,,,,,,,,0.562427,0.562457,319
20261008-175305-m7-b-nfs-fifo,2026-10-08T18:09:18+00:00,S4+,0.25,128,1.0,nfs,0.0,0,1,6,7,2,16,0,112,0,7516192768,0,0,0.0,fifo,False,,cake,16,2,2,14,0,0.06003,0.051543,0.051492,0.0,0.008737,load,0.060939,0.803375,0.864363,319
20261008-175305-m7-b-nfs-fifo,2026-10-08T18:09:19+00:00,S4+,0.25,128,1.0,nfs,0.0,0,1,7,7,3,32,0,128,0,8589934592,0,0,0.0,fifo,False,,cake,32,3,3,29,0,0.091824,0.077546,0.077476,0.0,0.014618,load,0.092972,1.021798,1.114863,319
20261008-175305-m7-b-nfs-fifo,2026-10-08T18:09:20+00:00,S4+,0.25,128,1.0,nfs,0.0,0,1,8,4,1,0,0,128,16,9663676416,1073741824,16,0.0,fifo,False,,none,0,,,,,,,,,,,,0.673858,0.673916,319
20261008-175305-m7-b-nfs-fifo,2026-10-08T18:09:20+00:00,S4+,0.25,128,1.0,nfs,0.0,0,1,9,0,1,0,0,128,32,10737418240,2147483648,32,1.663291,fifo,False,,none,0,,,,,,,,,,,,0.675106,0.675147,5809
20261008-175305-m7-b-nfs-fifo,2026-10-08T18:09:24+00:00,S4+,0.25,128,1.0,nfs,0.0,0,1,10,0,2,16,0,128,48,11811160064,3221225472,48,2.626868,fifo,False,,cake,16,3,3,12,1,0.129962,2.814434,0.047408,2.766961,2.684091,recompute,2.815514,0.785425,3.601057,319
20261008-175305-m7-b-nfs-fifo,2026-10-08T18:09:27+00:00,S4+,0.25,128,1.0,nfs,0.0,0,1,11,1,2,16,0,128,64,12884901888,4294967296,64,1.663249,fifo,False,,cake,16,6,6,9,1,0.188248,1.850904,0.042057,1.808794,1.66231,recompute,1.852136,0.785735,2.637968,5809
20261008-175305-m7-b-nfs-fifo,2026-10-08T18:09:29+00:00,S4+,0.25,128,1.0,nfs,0.0,0,1,12,6,2,16,0,128,80,13958643712,5368709120,80,1.66323,fifo,False,,cake,16,9,9,6,1,0.294002,1.850861,0.036912,1.813911,1.556477,recompute,1.852058,0.785533,2.63771,25634
20261008-175305-m7-b-nfs-fifo,2026-10-08T18:09:32+00:00,S4+,0.25,128,1.0,nfs,0.0,0,1,13,0,3,32,0,128,96,15032385536,6442450944,96,1.6632,fifo,False,,cake,32,10,10,21,1,0.343913,1.850513,0.062977,1.787454,1.506261,recompute,1.851615,1.007225,2.858938,319
20261008-175305-m7-b-nfs-fifo,2026-10-08T18:09:35+00:00,S4+,0.25,128,1.0,nfs,0.0,0,1,14,7,4,48,0,128,112,16106127360,7516192768,112,1.663185,fifo,False,,cake,48,13,13,34,1,0.450709,1.850142,0.085447,1.764572,1.399095,recompute,1.851305,1.234803,3.08626,62
20261008-175305-m7-b-nfs-fifo,2026-10-08T18:09:38+00:00,S4+,0.25,128,1.0,nfs,0.0,0,1,15,6,3,32,0,128,128,17179869184,8589934592,128,1.663164,fifo,False,,cake,32,15,15,16,1,0.64388,1.85044,0.054143,1.796216,1.206199,recompute,1.851467,1.007349,2.85894,319
20261008-175305-m7-b-nfs-fifo,2026-10-08T18:09:41+00:00,S4+,0.25,128,1.0,nfs,0.0,0,1,16,6,4,48,0,128,144,18253611008,9663676416,144,1.663175,fifo,False,,cake,48,18,18,29,1,0.663356,1.850257,0.076631,1.77351,1.186561,recompute,1.851343,1.235518,3.086974,319
20261008-175305-m7-b-nfs-fifo,2026-10-08T18:09:42+00:00,S4+,0.25,128,1.0,nfs,0.0,0,1,17,2,1,0,0,128,160,19327352832,10737418240,160,1.663155,fifo,False,,none,0,,,,,,,,,,,,0.636893,0.63694,5809
20261008-175305-m7-b-nfs-fifo,2026-10-08T18:09:46+00:00,S4+,0.25,128,1.0,nfs,0.0,0,1,18,1,3,32,0,128,176,20401094656,11811160064,176,2.664688,fifo,False,,cake,32,22,22,9,1,0.867384,2.851988,0.041768,2.810173,1.984267,recompute,2.852936,1.022697,3.875756,319
20261008-175305-m7-b-nfs-fifo,2026-10-08T18:09:49+00:00,S4+,0.25,128,1.0,nfs,0.0,0,1,19,5,3,32,0,128,192,21474836480,12884901888,192,1.663092,fifo,False,,cake,32,25,25,6,1,1.105429,1.850266,0.036122,1.814098,0.744459,recompute,1.851207,1.02572,2.877053,319
20261008-175305-m7-b-nfs-fifo,2026-10-08T18:09:51+00:00,S4+,0.25,128,1.0,nfs,0.0,0,1,20,2,2,16,0,128,208,22548578304,13958643712,208,1.663132,fifo,False,,cake,16,15,15,0,1,0.530736,1.850933,0.0,1.850916,1.319799,recompute,1.852164,0.80176,2.654035,319
20261008-175305-m7-b-nfs-fifo,2026-10-08T18:09:54+00:00,S4+,0.25,128,1.0,nfs,0.0,0,1,21,5,4,48,0,128,224,23622320128,15032385536,224,1.663117,fifo,False,,cake,48,28,28,19,1,1.222924,1.850212,0.059119,1.791003,0.62702,recompute,1.851225,1.2353,3.086658,5809
20261008-175305-m7-b-nfs-fifo,2026-10-08T18:09:58+00:00,S4+,0.25,128,1.0,nfs,0.0,0,1,22,0,4,48,0,128,240,24696061952,16106127360,240,1.663082,fifo,False,,cake,48,31,31,16,1,1.318801,1.850132,0.053624,1.796436,0.530981,recompute,1.851114,1.235869,3.087098,319
20261008-175305-m7-b-nfs-fifo,2026-10-08T18:10:00+00:00,S4+,0.25,128,1.0,nfs,0.0,0,1,23,2,3,32,0,128,256,25769803776,17179869184,256,1.663066,fifo,False,,cake,32,31,31,0,1,1.378821,1.850356,0.0,1.850339,0.471165,recompute,1.851379,1.010221,2.861713,319
20261008-175305-m7-b-nfs-fifo,2026-10-08T18:10:04+00:00,S4+,0.25,128,1.0,nfs,0.0,0,1,24,2,4,48,0,128,272,26843545600,18253611008,272,1.66308,fifo,False,,cake,48,36,36,11,1,1.611463,1.85007,0.044781,1.805231,0.238277,recompute,1.851123,1.237288,3.088544,319
20261008-175305-m7-b-nfs-fifo,2026-10-08T18:10:07+00:00,S4+,0.25,128,1.0,nfs,0.0,0,1,25,1,4,48,0,128,288,27917287424,19327352832,288,1.66305,fifo,False,,cake,48,39,39,8,1,1.857402,1.850087,0.039624,1.810417,0.007667,load,1.858445,1.236694,3.095217,319
20261008-175305-m7-b-nfs-fifo,2026-10-08T18:10:09+00:00,S4+,0.25,128,1.0,nfs,0.0,0,1,26,3,2,16,0,128,304,28991029248,20401094656,304,1.663055,fifo,False,,cake,16,15,15,0,1,0.531466,1.85075,0.0,1.850732,1.318905,recompute,1.851942,0.786591,2.638673,62
20261008-175305-m7-b-nfs-fifo,2026-10-08T18:10:12+00:00,S4+,0.25,128,1.0,nfs,0.0,0,1,27,4,2,16,0,128,320,30064771072,21474836480,320,1.663057,fifo,False,,cake,16,15,15,0,1,0.530844,1.850712,0.0,1.850695,1.319534,recompute,1.851842,0.785443,2.637382,319
20261008-175305-m7-b-nfs-fifo,2026-10-08T18:10:15+00:00,S4+,0.25,128,1.0,nfs,0.0,0,1,28,3,3,32,0,128,336,31138512896,22548578304,336,1.663054,fifo,False,,cake,32,31,31,0,1,1.317717,1.850296,0.0,1.850278,0.532248,recompute,1.85143,1.009723,2.861254,319
20261008-175305-m7-b-nfs-fifo,2026-10-08T18:10:18+00:00,S4+,0.25,128,1.0,nfs,0.0,0,1,29,3,4,48,0,128,352,32212254720,23622320128,352,1.663018,fifo,False,,cake,48,41,41,5,2,1.954461,2.038754,0.034297,2.004403,0.083909,recompute,2.040026,1.243223,3.28335,5809
20261008-175305-m7-b-nfs-fifo,2026-10-08T18:10:21+00:00,S4+,0.25,128,1.0,nfs,0.0,0,1,30,4,3,32,0,128,368,33285996544,24696061952,368,1.662991,fifo,False,,cake,32,31,31,0,1,1.333195,1.85029,0.0,1.850271,0.516757,recompute,1.851379,1.025503,2.876979,319
20261008-175305-m7-b-nfs-fifo,2026-10-08T18:10:25+00:00,S4+,0.25,128,1.0,nfs,0.0,0,1,31,4,4,48,0,128,384,34359738368,25769803776,384,1.663,fifo,False,,cake,48,43,43,2,3,2.083575,2.227533,0.028894,2.198591,0.143598,recompute,2.228524,1.24584,3.474508,319
20261008-175305-m7-b-nfs-fifo,2026-10-08T18:10:25+00:00,S4+P,0.25,128,1.0,nfs,0.0,0,1,0,7,1,0,0,16,0,1073741824,0,0,0.0,fifo,False,,none,0,,,,,,,,,,,,0.622457,0.622511,11906
20261008-175305-m7-b-nfs-fifo,2026-10-08T18:10:26+00:00,S4+P,0.25,128,1.0,nfs,0.0,0,1,1,1,1,0,0,32,0,2147483648,0,0,0.0,fifo,False,,none,0,,,,,,,,,,,,0.624737,0.624766,5809
20261008-175305-m7-b-nfs-fifo,2026-10-08T18:10:27+00:00,S4+P,0.25,128,1.0,nfs,0.0,0,1,2,5,1,0,0,48,0,3221225472,0,0,0.0,fifo,False,,none,0,,,,,,,,,,,,0.561019,0.561048,319
20261008-175305-m7-b-nfs-fifo,2026-10-08T18:10:27+00:00,S4+P,0.25,128,1.0,nfs,0.0,0,1,3,6,1,0,0,64,0,4294967296,0,0,0.0,fifo,False,,none,0,,,,,,,,,,,,0.564448,0.564477,5809
20261008-175305-m7-b-nfs-fifo,2026-10-08T18:10:28+00:00,S4+P,0.25,128,1.0,nfs,0.0,0,1,4,5,2,16,0,80,0,5368709120,0,0,0.0,fifo,False,,cake,16,2,2,14,0,0.060128,0.051445,0.051394,0.0,0.009015,load,0.061183,0.78749,0.848729,319
20261008-175305-m7-b-nfs-fifo,2026-10-08T18:10:29+00:00,S4+P,0.25,128,1.0,nfs,0.0,0,1,5,3,1,0,0,96,0,6442450944,0,0,0.0,fifo,False,,none,0,,,,,,,,,,,,0.561096,0.561125,319
20261008-175305-m7-b-nfs-fifo,2026-10-08T18:10:29+00:00,S4+P,0.25,128,1.0,nfs,0.0,0,1,6,7,2,16,0,112,0,7516192768,0,0,0.0,fifo,False,,cake,16,2,2,14,0,0.060266,0.051391,0.051339,0.0,0.009217,load,0.061365,0.787835,0.849251,319
20261008-175305-m7-b-nfs-fifo,2026-10-08T18:10:31+00:00,S4+P,0.25,128,1.0,nfs,0.0,0,1,7,7,3,32,0,128,0,8589934592,0,0,0.0,fifo,False,,cake,32,3,3,29,0,0.092748,0.077623,0.077531,0.0,0.015507,load,0.093876,1.010678,1.104648,319
20261008-175305-m7-b-nfs-fifo,2026-10-08T18:10:31+00:00,S4+P,0.25,128,1.0,nfs,0.0,0,1,8,4,1,0,0,128,16,9663676416,1073741824,16,0.0,fifo,False,,none,0,,,,,,,,,,,,0.619516,0.619568,319
20261008-175305-m7-b-nfs-fifo,2026-10-08T18:10:32+00:00,S4+P,0.25,128,1.0,nfs,0.0,0,1,9,0,1,0,0,128,32,10737418240,2147483648,32,1.662972,fifo,False,,none,0,,,,,,,,,,,,0.619788,0.619835,5809
20261008-175305-m7-b-nfs-fifo,2026-10-08T18:10:33+00:00,S4+P,0.25,128,1.0,nfs,0.0,0,1,10,0,2,16,0,128,48,11811160064,3221225472,48,2.681217,fifo,False,,cake,16,2,2,14,0,0.060205,0.050447,0.050397,0.0,0.010107,load,0.061308,0.787725,0.84909,319
20261008-175305-m7-b-nfs-fifo,2026-10-08T18:10:37+00:00,S4+P,0.25,128,1.0,nfs,0.0,0,1,11,1,2,16,0,128,64,12884901888,4294967296,64,3.470111,fifo,False,,cake,16,15,15,0,1,0.534134,3.657736,0.0,3.657717,3.123256,recompute,3.659098,0.78583,4.44507,5809
20261008-175305-m7-b-nfs-fifo,2026-10-08T18:10:40+00:00,S4+P,0.25,128,1.0,nfs,0.0,0,1,12,6,2,16,0,128,80,13958643712,5368709120,80,1.662922,fifo,False,,cake,16,15,15,0,1,0.550845,1.850487,0.0,1.850471,1.2993,recompute,1.851396,0.785736,2.637226,25634
20261008-175305-m7-b-nfs-fifo,2026-10-08T18:10:41+00:00,S4+P,0.25,128,1.0,nfs,0.0,0,1,13,0,3,32,0,128,96,15032385536,6442450944,96,1.662908,fifo,False,,cake,32,3,3,29,0,0.092245,0.076694,0.076597,0.0,0.015919,load,0.09339,1.008854,1.1023,319
20261008-175305-m7-b-nfs-fifo,2026-10-08T18:10:45+00:00,S4+P,0.25,128,1.0,nfs,0.0,0,1,14,7,4,48,0,128,112,16106127360,7516192768,112,2.19829,fifo,False,,cake,48,11,11,36,1,0.410481,2.385281,0.088565,2.296589,1.974414,recompute,2.386279,1.234865,3.621253,62
20261008-175305-m7-b-nfs-fifo,2026-10-08T18:10:48+00:00,S4+P,0.25,128,1.0,nfs,0.0,0,1,15,6,3,32,0,128,128,17179869184,8589934592,128,1.662883,fifo,False,,cake,32,15,15,16,1,0.53165,1.850193,0.053719,1.796404,1.318214,recompute,1.851422,1.00748,2.859005,319
20261008-175305-m7-b-nfs-fifo,2026-10-08T18:10:51+00:00,S4+P,0.25,128,1.0,nfs,0.0,0,1,16,6,4,48,0,128,144,18253611008,9663676416,144,1.662844,fifo,False,,cake,48,15,15,32,1,0.58739,1.849779,0.081621,1.768018,1.262031,recompute,1.850834,1.243022,3.093957,319
20261008-175305-m7-b-nfs-fifo,2026-10-08T18:10:51+00:00,S4+P,0.25,128,1.0,nfs,0.0,0,1,17,2,1,0,0,128,160,19327352832,10737418240,160,1.662856,fifo,False,,none,0,,,,,,,,,,,,0.561771,0.561825,5809
20261008-175305-m7-b-nfs-fifo,2026-10-08T18:10:55+00:00,S4+P,0.25,128,1.0,nfs,0.0,0,1,18,1,3,32,0,128,176,20401094656,11811160064,176,2.73926,fifo,False,,cake,32,31,31,0,1,1.347384,2.92654,0.0,2.92652,1.578784,recompute,2.927747,1.025204,3.953067,319
20261008-175305-m7-b-nfs-fifo,2026-10-08T18:10:58+00:00,S4+P,0.25,128,1.0,nfs,0.0,0,1,19,5,3,32,0,128,192,21474836480,12884901888,192,1.662833,fifo,False,,cake,32,31,31,0,1,1.329035,1.850191,0.0,1.850173,0.52085,recompute,1.851383,1.030932,2.882488,319
20261008-175305-m7-b-nfs-fifo,2026-10-08T18:10:59+00:00,S4+P,0.25,128,1.0,nfs,0.0,0,1,20,2,2,16,0,128,208,22548578304,13958643712,208,1.662812,fifo,False,,cake,16,2,2,14,0,0.088663,0.050483,0.050419,0.0,0.038556,load,0.089812,0.787511,0.877376,319
20261008-175305-m7-b-nfs-fifo,2026-10-08T18:11:03+00:00,S4+P,0.25,128,1.0,nfs,0.0,0,1,21,5,4,48,0,128,224,23622320128,15032385536,224,2.423306,fifo,False,,cake,48,31,31,16,1,1.336679,2.610278,0.053293,2.556906,1.273216,recompute,2.611488,1.235211,3.846847,5809
20261008-175305-m7-b-nfs-fifo,2026-10-08T18:11:07+00:00,S4+P,0.25,128,1.0,nfs,0.0,0,1,22,0,4,48,0,128,240,24696061952,16106127360,240,1.662785,fifo,False,,cake,48,44,44,0,4,2.242477,2.416011,0.0,2.415957,0.173186,recompute,2.417073,1.23781,3.654983,319
20261008-175305-m7-b-nfs-fifo,2026-10-08T18:11:08+00:00,S4+P,0.25,128,1.0,nfs,0.0,0,1,23,2,3,32,0,128,256,25769803776,17179869184,256,1.66277,fifo,False,,cake,32,3,3,29,0,0.092333,0.076533,0.076436,0.0,0.016166,load,0.09346,1.010493,1.104005,319
20261008-175305-m7-b-nfs-fifo,2026-10-08T18:11:09+00:00,S4+P,0.25,128,1.0,nfs,0.0,0,1,24,2,4,48,0,128,272,26843545600,18253611008,272,2.196274,fifo,False,,cake,48,4,4,44,0,0.125457,0.10276,0.10262,0.0,0.023023,load,0.126491,1.236205,1.362793,319
20261008-175305-m7-b-nfs-fifo,2026-10-08T18:11:13+00:00,S4+P,0.25,128,1.0,nfs,0.0,0,1,25,1,4,48,0,128,288,27917287424,19327352832,288,2.470698,fifo,False,,cake,48,37,37,10,1,1.792138,2.657543,0.042691,2.614788,0.865045,recompute,2.658609,1.234989,3.893696,319
20261008-175305-m7-b-nfs-fifo,2026-10-08T18:11:16+00:00,S4+P,0.25,128,1.0,nfs,0.0,0,1,26,3,2,16,0,128,304,28991029248,20401094656,304,1.662766,fifo,False,,cake,16,15,15,0,1,0.530702,1.850502,0.0,1.850484,1.319409,recompute,1.851552,0.81604,2.667692,62
20261008-175305-m7-b-nfs-fifo,2026-10-08T18:11:18+00:00,S4+P,0.25,128,1.0,nfs,0.0,0,1,27,4,2,16,0,128,320,30064771072,21474836480,320,1.662755,fifo,False,,cake,16,15,15,0,1,0.631636,1.850296,0.0,1.850278,1.218313,recompute,1.851422,0.785358,2.636871,319
20261008-175305-m7-b-nfs-fifo,2026-10-08T18:11:21+00:00,S4+P,0.25,128,1.0,nfs,0.0,0,1,28,3,3,32,0,128,336,31138512896,22548578304,336,1.662749,fifo,False,,cake,32,15,15,16,1,0.531205,1.850058,0.053669,1.796325,1.318481,recompute,1.851259,1.007415,2.858812,319
20261008-175305-m7-b-nfs-fifo,2026-10-08T18:11:24+00:00,S4+P,0.25,128,1.0,nfs,0.0,0,1,29,3,4,48,0,128,352,32212254720,23622320128,352,1.662681,fifo,False,,cake,48,15,15,32,1,0.640829,1.849539,0.08142,1.767979,1.208357,recompute,1.850519,1.241742,3.092365,5809
20261008-175305-m7-b-nfs-fifo,2026-10-08T18:11:27+00:00,S4+P,0.25,128,1.0,nfs,0.0,0,1,30,4,3,32,0,128,368,33285996544,24696061952,368,1.662717,fifo,False,,cake,32,15,15,16,1,0.532314,1.850065,0.053574,1.796421,1.317425,recompute,1.851276,1.024035,2.875477,319
20261008-175305-m7-b-nfs-fifo,2026-10-08T18:11:30+00:00,S4+P,0.25,128,1.0,nfs,0.0,0,1,31,4,4,48,0,128,384,34359738368,25769803776,384,1.662684,fifo,False,,cake,48,15,15,32,1,0.568176,1.849623,0.081539,1.767934,1.281084,recompute,1.850669,1.242845,3.093642,319
20261008-175305-m7-b-nfs-fifo,2026-10-08T18:11:31+00:00,S5,0.25,128,1.0,nfs,0.0,0,1,0,7,1,0,0,16,0,1073741824,0,0,0.0,fifo,False,,none,0,,,,,,,,,,,,0.561937,0.561966,11906
20261008-175305-m7-b-nfs-fifo,2026-10-08T18:11:32+00:00,S5,0.25,128,1.0,nfs,0.0,0,1,1,1,1,0,0,32,0,2147483648,0,0,0.0,fifo,False,,none,0,,,,,,,,,,,,0.561961,0.562004,5809
20261008-175305-m7-b-nfs-fifo,2026-10-08T18:11:32+00:00,S5,0.25,128,1.0,nfs,0.0,0,1,2,5,1,0,0,48,0,3221225472,0,0,0.0,fifo,False,,none,0,,,,,,,,,,,,0.671407,0.671429,319
20261008-175305-m7-b-nfs-fifo,2026-10-08T18:11:33+00:00,S5,0.25,128,1.0,nfs,0.0,0,1,3,6,1,0,0,64,0,4294967296,0,0,0.0,fifo,False,,none,0,,,,,,,,,,,,0.666995,0.667021,5809
20261008-175305-m7-b-nfs-fifo,2026-10-08T18:11:34+00:00,S5,0.25,128,1.0,nfs,0.0,0,1,4,5,2,16,0,80,0,5368709120,0,0,0.0,fifo,False,,cake,16,2,2,14,0,0.087312,0.05143,0.051371,0.0,0.036245,load,0.088353,0.787492,0.87589,319
20261008-175305-m7-b-nfs-fifo,2026-10-08T18:11:34+00:00,S5,0.25,128,1.0,nfs,0.0,0,1,5,3,1,0,0,96,0,6442450944,0,0,0.0,fifo,False,,none,0,,,,,,,,,,,,0.561876,0.561909,319
20261008-175305-m7-b-nfs-fifo,2026-10-08T18:11:35+00:00,S5,0.25,128,1.0,nfs,0.0,0,1,6,7,2,16,0,112,0,7516192768,0,0,0.0,fifo,False,,cake,16,2,2,14,0,0.069239,0.051424,0.051369,0.0,0.018164,load,0.070247,0.787447,0.857743,319
20261008-175305-m7-b-nfs-fifo,2026-10-08T18:11:37+00:00,S5,0.25,128,1.0,nfs,0.0,0,1,7,7,3,32,0,128,0,8589934592,0,0,0.0,fifo,False,,cake,32,3,3,29,0,0.092141,0.077333,0.077224,0.0,0.015136,load,0.093261,1.010153,1.103466,319
20261008-175305-m7-b-nfs-fifo,2026-10-08T18:11:37+00:00,S5,0.25,128,1.0,nfs,0.0,0,1,8,4,1,0,0,128,16,9663676416,1073741824,16,0.0,fifo,False,,none,0,,,,,,,,,,,,0.56119,0.56122,319
20261008-175305-m7-b-nfs-fifo,2026-10-08T18:11:38+00:00,S5,0.25,128,1.0,nfs,0.0,0,1,9,0,1,0,0,128,32,10737418240,2147483648,32,1.663296,fifo,False,,none,0,,,,,,,,,,,,0.561688,0.56171,5809
20261008-175305-m7-b-nfs-fifo,2026-10-08T18:11:41+00:00,S5,0.25,128,1.0,nfs,0.0,0,1,10,0,2,16,0,128,48,11811160064,3221225472,48,2.740459,fifo,False,,cake,16,3,3,12,1,0.091144,2.928129,0.04755,2.880535,2.836665,recompute,2.929164,0.785706,3.714961,319
20261008-175305-m7-b-nfs-fifo,2026-10-08T18:11:44+00:00,S5,0.25,128,1.0,nfs,0.0,0,1,11,1,2,16,0,128,64,12884901888,4294967296,64,1.663234,fifo,False,,cake,16,6,6,9,1,0.188124,1.850919,0.042006,1.80886,1.662489,recompute,1.85219,0.786282,2.638628,5809
20261008-175305-m7-b-nfs-fifo,2026-10-08T18:11:47+00:00,S5,0.25,128,1.0,nfs,0.0,0,1,12,6,2,16,0,128,80,13958643712,5368709120,80,1.663218,fifo,False,,cake,16,9,9,6,1,0.381527,1.85085,0.036817,1.813989,1.46895,recompute,1.851873,0.785245,2.637231,25634
20261008-175305-m7-b-nfs-fifo,2026-10-08T18:11:50+00:00,S5,0.25,128,1.0,nfs,0.0,0,1,13,0,3,32,0,128,96,15032385536,6442450944,96,1.663212,fifo,False,,cake,32,10,10,21,1,0.332199,1.850521,0.062816,1.787641,1.517961,recompute,1.851724,1.008428,2.860295,319
20261008-175305-m7-b-nfs-fifo,2026-10-08T18:11:53+00:00,S5,0.25,128,1.0,nfs,0.0,0,1,14,7,4,48,0,128,112,16106127360,7516192768,112,1.663178,fifo,False,,cake,48,13,13,34,1,0.472154,1.850058,0.086043,1.763874,1.377571,recompute,1.851111,1.234279,3.085515,62
20261008-175305-m7-b-nfs-fifo,2026-10-08T18:11:56+00:00,S5,0.25,128,1.0,nfs,0.0,0,1,15,6,3,32,0,128,128,17179869184,8589934592,128,1.663182,fifo,False,,cake,32,15,15,16,1,0.531698,1.850417,0.053947,1.796416,1.318393,recompute,1.85164,1.013785,2.865545,319
20261008-175305-m7-b-nfs-fifo,2026-10-08T18:11:59+00:00,S5,0.25,128,1.0,nfs,0.0,0,1,16,6,4,48,0,128,144,18253611008,9663676416,144,1.663184,fifo,False,,cake,48,18,18,29,1,0.664539,1.850241,0.076626,1.77352,1.185349,recompute,1.851315,1.240265,3.091723,319
20261008-175305-m7-b-nfs-fifo,2026-10-08T18:11:59+00:00,S5,0.25,128,1.0,nfs,0.0,0,1,17,2,1,0,0,128,160,19327352832,10737418240,160,1.663143,fifo,False,,none,0,,,,,,,,,,,,0.624461,0.624501,5809
20261008-175305-m7-b-nfs-fifo,2026-10-08T18:12:03+00:00,S5,0.25,128,1.0,nfs,0.0,0,1,18,1,3,32,0,128,176,20401094656,11811160064,176,2.677282,fifo,False,,cake,32,22,22,9,1,0.914266,2.864554,0.04162,2.822876,1.949947,recompute,2.865622,1.026899,3.89263,319
20261008-175305-m7-b-nfs-fifo,2026-10-08T18:12:06+00:00,S5,0.25,128,1.0,nfs,0.0,0,1,19,5,3,32,0,128,192,21474836480,12884901888,192,1.66313,fifo,False,,cake,32,25,25,6,1,1.003108,1.850433,0.036437,1.813959,0.847022,recompute,1.851662,1.00877,2.860558,319
20261008-175305-m7-b-nfs-fifo,2026-10-08T18:12:09+00:00,S5,0.25,128,1.0,nfs,0.0,0,1,20,2,2,16,0,128,208,22548578304,13958643712,208,1.663141,fifo,False,,cake,16,15,15,0,1,0.532382,1.850741,0.0,1.850726,1.318027,recompute,1.851857,0.785337,2.63729,319
20261008-175305-m7-b-nfs-fifo,2026-10-08T18:12:12+00:00,S5,0.25,128,1.0,nfs,0.0,0,1,21,5,4,48,0,128,224,23622320128,15032385536,224,1.663129,fifo,False,,cake,48,28,28,19,1,1.157236,1.850121,0.059079,1.790969,0.692553,recompute,1.851144,1.235042,3.086282,5809
20261008-175305-m7-b-nfs-fifo,2026-10-08T18:12:15+00:00,S5,0.25,128,1.0,nfs,0.0,0,1,22,0,4,48,0,128,240,24696061952,16106127360,240,1.663093,fifo,False,,cake,48,31,31,16,1,1.318762,1.850054,0.053552,1.796429,0.53096,recompute,1.851149,1.236185,3.087473,319
20261008-175305-m7-b-nfs-fifo,2026-10-08T18:12:18+00:00,S5,0.25,128,1.0,nfs,0.0,0,1,23,2,3,32,0,128,256,25769803776,17179869184,256,1.663064,fifo,False,,cake,32,31,31,0,1,1.378496,1.850274,0.0,1.850258,0.4714,recompute,1.851376,1.010737,2.862228,319
20261008-175305-m7-b-nfs-fifo,2026-10-08T18:12:21+00:00,S5,0.25,128,1.0,nfs,0.0,0,1,24,2,4,48,0,128,272,26843545600,18253611008,272,1.66309,fifo,False,,cake,48,36,36,11,1,1.611799,1.850009,0.044752,1.805199,0.237887,recompute,1.851078,1.237089,3.088282,319
20261008-175305-m7-b-nfs-fifo,2026-10-08T18:12:24+00:00,S5,0.25,128,1.0,nfs,0.0,0,1,25,1,4,48,0,128,288,27917287424,19327352832,288,1.663052,fifo,False,,cake,48,39,39,8,1,1.860846,1.850058,0.039735,1.810274,0.011118,load,1.86194,1.237451,3.099461,319
20261008-175305-m7-b-nfs-fifo,2026-10-08T18:12:27+00:00,S5,0.25,128,1.0,nfs,0.0,0,1,26,3,2,16,0,128,304,28991029248,20401094656,304,1.663067,fifo,False,,cake,16,15,15,0,1,0.531691,1.850734,0.0,1.850715,1.318738,recompute,1.851898,0.786394,2.638446,62
20261008-175305-m7-b-nfs-fifo,2026-10-08T18:12:30+00:00,S5,0.25,128,1.0,nfs,0.0,0,1,27,4,2,16,0,128,320,30064771072,21474836480,320,1.663035,fifo,False,,cake,16,15,15,0,1,0.585658,1.850642,0.0,1.850623,1.264635,recompute,1.851544,0.801939,2.653583,319
20261008-175305-m7-b-nfs-fifo,2026-10-08T18:12:32+00:00,S5,0.25,128,1.0,nfs,0.0,0,1,28,3,3,32,0,128,336,31138512896,22548578304,336,1.663048,fifo,False,,cake,32,31,31,0,1,1.327161,1.850308,0.0,1.850292,0.522825,recompute,1.851406,1.024778,2.876306,319
20261008-175305-m7-b-nfs-fifo,2026-10-08T18:12:36+00:00,S5,0.25,128,1.0,nfs,0.0,0,1,29,3,4,48,0,128,352,32212254720,23622320128,352,1.663013,fifo,False,,cake,48,41,41,5,2,2.007272,2.03864,0.034043,2.004548,0.031036,recompute,2.039719,1.243819,3.283633,5809
20261008-175305-m7-b-nfs-fifo,2026-10-08T18:12:39+00:00,S5,0.25,128,1.0,nfs,0.0,0,1,30,4,3,32,0,128,368,33285996544,24696061952,368,1.663003,fifo,False,,cake,32,31,31,0,1,1.32962,1.850363,0.0,1.850343,0.520372,recompute,1.851423,1.029565,2.881091,319
20261008-175305-m7-b-nfs-fifo,2026-10-08T18:12:42+00:00,S5,0.25,128,1.0,nfs,0.0,0,1,31,4,4,48,0,128,384,34359738368,25769803776,384,1.662984,fifo,False,,cake,48,43,43,2,3,2.059962,2.227508,0.028901,2.198558,0.167211,recompute,2.228673,1.237186,3.465977,319
20261008-175305-m7-b-nfs-fifo,2026-10-08T18:12:43+00:00,S5s,0.25,128,1.0,nfs,0.0,0,1,0,7,1,0,0,2,14,134217728,939524096,0,0.0,fifo,False,,none,0,,,,,,,,,,,,0.561183,0.561238,11906
20261008-175305-m7-b-nfs-fifo,2026-10-08T18:12:43+00:00,S5s,0.25,128,1.0,nfs,0.0,0,1,1,1,1,0,0,4,28,268435456,1879048192,0,1.455692,fifo,False,,none,0,,,,,,,,,,,,0.615501,0.615524,5809
20261008-175305-m7-b-nfs-fifo,2026-10-08T18:12:44+00:00,S5s,0.25,128,1.0,nfs,0.0,0,1,2,5,1,0,0,6,42,402653184,2818572288,0,2.271144,fifo,False,,none,0,,,,,,,,,,,,0.611586,0.611635,319
20261008-175305-m7-b-nfs-fifo,2026-10-08T18:12:45+00:00,S5s,0.25,128,1.0,nfs,0.0,0,1,3,6,1,0,0,8,56,536870912,3758096384,0,3.090597,fifo,False,,none,0,,,,,,,,,,,,0.611268,0.611287,5809
20261008-175305-m7-b-nfs-fifo,2026-10-08T18:12:50+00:00,S5s,0.25,128,1.0,nfs,0.0,0,1,4,5,2,16,0,13,67,872415232,4496293888,0,3.910432,fifo,False,,cake,16,13,13,2,1,0.450004,4.098095,0.005478,4.092594,3.647767,recompute,4.099238,0.811074,4.910431,319
20261008-175305-m7-b-nfs-fifo,2026-10-08T18:12:50+00:00,S5s,0.25,128,1.0,nfs,0.0,0,1,5,3,1,0,0,15,81,1006632960,5435817984,0,1.143693,fifo,False,,none,0,,,,,,,,,,,,0.608806,0.608848,319
20261008-175305-m7-b-nfs-fifo,2026-10-08T18:12:53+00:00,S5s,0.25,128,1.0,nfs,0.0,0,1,6,7,2,16,0,20,92,1342177280,6174015488,0,1.965807,fifo,False,,cake,16,13,13,2,1,0.452888,2.153377,0.005411,2.147943,1.700141,recompute,2.154592,0.785359,2.94004,319
20261008-175305-m7-b-nfs-fifo,2026-10-08T18:12:56+00:00,S5s,0.25,128,1.0,nfs,0.0,0,1,7,7,3,32,0,29,99,1946157056,6643777536,0,1.143651,fifo,False,,cake,32,26,26,5,1,1.048203,1.330957,0.015814,1.315112,0.282435,recompute,1.332091,1.015611,2.347818,319
20261008-175305-m7-b-nfs-fifo,2026-10-08T18:12:56+00:00,S5s,0.25,128,1.0,nfs,0.0,0,1,8,4,1,0,0,31,113,2080374784,7583301632,0,0.727689,fifo,False,,none,0,,,,,,,,,,,,0.560922,0.560973,319
20261008-175305-m7-b-nfs-fifo,2026-10-08T18:12:57+00:00,S5s,0.25,128,1.0,nfs,0.0,0,1,9,0,1,0,0,33,127,2214592512,8522825728,0,1.597793,fifo,False,,none,0,,,,,,,,,,,,0.564699,0.564727,5809
20261008-175305-m7-b-nfs-fifo,2026-10-08T18:13:00+00:00,S5s,0.25,128,1.0,nfs,0.0,0,1,10,0,2,16,0,38,138,2550136832,9261023232,0,2.464106,fifo,False,,cake,16,13,13,2,1,0.448344,2.651748,0.00552,2.646206,2.203093,recompute,2.65281,0.784517,3.437453,319
20261008-175305-m7-b-nfs-fifo,2026-10-08T18:13:02+00:00,S5s,0.25,128,1.0,nfs,0.0,0,1,11,1,2,16,0,43,149,2885681152,9999220736,0,1.143645,fifo,False,,cake,16,13,13,2,1,0.503975,1.331282,0.010851,1.320406,0.826948,recompute,1.332295,0.795549,2.127952,5809
20261008-175305-m7-b-nfs-fifo,2026-10-08T18:13:05+00:00,S5s,0.25,128,1.0,nfs,0.0,0,1,12,6,2,16,0,48,160,3221225472,10737418240,0,1.143687,fifo,False,,cake,16,13,13,2,1,0.448361,1.331436,0.010723,1.320688,0.882707,recompute,1.332647,0.80132,2.134084,25634
20261008-175305-m7-b-nfs-fifo,2026-10-08T18:13:07+00:00,S5s,0.25,128,1.0,nfs,0.0,0,1,13,0,3,32,0,57,167,3825205248,11207180288,0,1.143647,fifo,False,,cake,32,26,26,5,1,1.05628,1.331048,0.015758,1.315257,0.274523,recompute,1.332226,1.02537,2.35769,319
20261008-175305-m7-b-nfs-fifo,2026-10-08T18:13:10+00:00,S5s,0.25,128,1.0,nfs,0.0,0,1,14,7,4,48,0,70,170,4697620480,11408506880,0,0.727639,fifo,False,,cake,48,34,34,9,5,1.509007,1.669734,0.029515,1.64013,0.160358,recompute,1.670762,1.245076,2.915934,62
20261008-175305-m7-b-nfs-fifo,2026-10-08T18:13:12+00:00,S5s,0.25,128,1.0,nfs,0.0,0,1,15,6,3,32,0,79,177,5301600256,11878268928,0,0.311681,fifo,False,,cake,32,23,23,5,4,0.902561,1.065303,0.029734,1.035507,0.162414,recompute,1.066481,1.026921,2.093501,319
20261008-175305-m7-b-nfs-fifo,2026-10-08T18:13:15+00:00,S5s,0.25,128,1.0,nfs,0.0,0,1,16,6,4,48,0,92,180,6174015488,12079595520,0,0.727644,fifo,False,,cake,48,34,34,9,5,1.549091,1.669678,0.029385,1.640202,0.120201,recompute,1.670823,1.23704,2.907959,319
20261008-175305-m7-b-nfs-fifo,2026-10-08T18:13:16+00:00,S5s,0.25,128,1.0,nfs,0.0,0,1,17,2,1,0,0,94,194,6308233216,13019119616,0,0.311731,fifo,False,,none,0,,,,,,,,,,,,0.561253,0.561282,5809
20261008-175305-m7-b-nfs-fifo,2026-10-08T18:13:18+00:00,S5s,0.25,128,1.0,nfs,0.0,0,1,18,1,3,32,0,103,201,6912212992,13488881664,0,1.455638,fifo,False,,cake,32,26,26,5,1,1.049532,1.642977,0.010646,1.632299,0.593109,recompute,1.644165,1.009565,2.65383,319
20261008-175305-m7-b-nfs-fifo,2026-10-08T18:13:20+00:00,S5s,0.25,128,1.0,nfs,0.0,0,1,19,5,3,32,0,112,208,7516192768,13958643712,0,0.72765,fifo,False,,cake,32,25,25,5,2,1.001036,1.103651,0.022689,1.080921,0.102294,recompute,1.104701,1.011907,2.116702,319
20261008-175305-m7-b-nfs-fifo,2026-10-08T18:13:22+00:00,S5s,0.25,128,1.0,nfs,0.0,0,1,20,2,2,16,0,117,219,7851737088,14696841216,0,0.727696,fifo,False,,cake,16,13,13,2,1,0.448395,0.915326,0.017885,0.897418,0.466659,recompute,0.916258,0.787596,1.70399,319
20261008-175305-m7-b-nfs-fifo,2026-10-08T18:13:25+00:00,S5s,0.25,128,1.0,nfs,0.0,0,1,21,5,4,48,0,128,224,8724152320,15032385536,2,1.14362,fifo,False,,cake,48,36,36,9,3,1.679617,1.708158,0.022639,1.685448,0.028186,recompute,1.709146,1.237581,2.946813,5809
20261008-175305-m7-b-nfs-fifo,2026-10-08T18:13:28+00:00,S5s,0.25,128,1.0,nfs,0.0,0,1,22,0,4,48,0,128,240,9596567552,16106127360,15,0.519508,fifo,False,,cake,48,34,34,9,5,1.492587,1.461597,0.036308,1.4252,0.031379,load,1.4938,1.236701,2.730576,319
20261008-175305-m7-b-nfs-fifo,2026-10-08T18:13:31+00:00,S5s,0.25,128,1.0,nfs,0.0,0,1,23,2,3,32,0,128,256,10200547328,17179869184,24,1.663146,fifo,False,,cake,32,26,26,5,1,1.114638,1.850456,0.029491,1.820925,0.735467,recompute,1.851667,1.008623,2.86039,319
20261008-175305-m7-b-nfs-fifo,2026-10-08T18:13:34+00:00,S5s,0.25,128,1.0,nfs,0.0,0,1,24,2,4,48,0,128,272,11072962560,18253611008,37,1.663263,fifo,False,,cake,48,38,38,9,1,1.734079,1.850357,0.029277,1.821041,0.115921,recompute,1.851322,1.236745,3.088203,319
20261008-175305-m7-b-nfs-fifo,2026-10-08T18:13:37+00:00,S5s,0.25,128,1.0,nfs,0.0,0,1,25,1,4,48,0,128,288,11945377792,19327352832,50,1.663122,fifo,False,,cake,48,38,38,9,1,1.803544,1.850124,0.036226,1.813845,0.04623,recompute,1.851139,1.246506,3.09775,319
20261008-175305-m7-b-nfs-fifo,2026-10-08T18:13:40+00:00,S5s,0.25,128,1.0,nfs,0.0,0,1,26,3,2,16,0,128,304,12280922112,20401094656,55,1.663137,fifo,False,,cake,16,15,15,0,1,0.53175,1.8508,0.0,1.850785,1.318682,recompute,1.851952,0.800835,2.652935,62
20261008-175305-m7-b-nfs-fifo,2026-10-08T18:13:42+00:00,S5s,0.25,128,1.0,nfs,0.0,0,1,27,4,2,16,0,128,320,12616466432,21474836480,60,1.663355,fifo,False,,cake,16,15,15,0,1,0.591185,1.842097,0.0,1.84208,1.250567,recompute,1.85204,0.801726,2.653881,319
20261008-175305-m7-b-nfs-fifo,2026-10-08T18:13:45+00:00,S5s,0.25,128,1.0,nfs,0.0,0,1,28,3,3,32,0,128,336,13220446208,22548578304,69,1.663325,fifo,False,,cake,32,31,31,0,1,1.329309,1.850659,0.0,1.850642,0.52099,recompute,1.851703,1.026631,2.87847,319
20261008-175305-m7-b-nfs-fifo,2026-10-08T18:13:48+00:00,S5s,0.25,128,1.0,nfs,0.0,0,1,29,3,4,48,0,128,352,14092861440,23622320128,82,1.663192,fifo,False,,cake,48,39,39,8,1,1.861004,1.850106,0.027194,1.822868,0.011276,load,1.862221,1.23734,3.09964,5809
20261008-175305-m7-b-nfs-fifo,2026-10-08T18:13:51+00:00,S5s,0.25,128,1.0,nfs,0.0,0,1,30,4,3,32,0,128,368,14696841216,24696061952,91,1.663082,fifo,False,,cake,32,31,31,0,1,1.318662,1.850439,0.0,1.850421,0.531464,recompute,1.85163,1.020802,2.872532,319
20261008-175305-m7-b-nfs-fifo,2026-10-08T18:13:54+00:00,S5s,0.25,128,1.0,nfs,0.0,0,1,31,4,4,48,0,128,384,15569256448,25769803776,104,1.663188,fifo,False,,cake,48,41,41,5,2,1.989992,2.039071,0.022062,2.016965,0.048756,recompute,2.040125,1.23741,3.277629,319
20261008-175305-m7-b-nfs-fifo,2026-10-08T18:13:55+00:00,S1,0.5,256,1.0,nfs,0.0,0,1,0,7,1,0,0,16,16,1073741824,1073741824,0,0.0,fifo,False,,none,0,,,,,,,,,,,,0.561191,0.561221,11906
20261008-175305-m7-b-nfs-fifo,2026-10-08T18:13:56+00:00,S1,0.5,256,1.0,nfs,0.0,0,1,1,1,1,0,0,32,32,2147483648,2147483648,0,1.663679,fifo,False,,none,0,,,,,,,,,,,,0.56151,0.561554,5809
20261008-175305-m7-b-nfs-fifo,2026-10-08T18:13:56+00:00,S1,0.5,256,1.0,nfs,0.0,0,1,2,5,1,0,0,48,48,3221225472,3221225472,0,2.741132,fifo,False,,none,0,,,,,,,,,,,,0.621217,0.621238,319
20261008-175305-m7-b-nfs-fifo,2026-10-08T18:13:57+00:00,S1,0.5,256,1.0,nfs,0.0,0,1,3,6,1,0,0,64,64,4294967296,4294967296,0,3.758955,fifo,False,,none,0,,,,,,,,,,,,0.620481,0.620501,5809
20261008-175305-m7-b-nfs-fifo,2026-10-08T18:13:58+00:00,S1,0.5,256,1.0,nfs,0.0,0,1,4,5,2,16,0,80,80,5368709120,5368709120,0,4.777465,fifo,False,,cake,16,2,2,14,0,0.079523,0.051342,0.05128,0.0,0.028567,load,0.080555,0.788249,0.868855,319
20261008-175305-m7-b-nfs-fifo,2026-10-08T18:13:58+00:00,S1,0.5,256,1.0,nfs,0.0,0,1,5,3,1,0,0,96,96,6442450944,6442450944,0,5.54733,fifo,False,,none,0,,,,,,,,,,,,0.561799,0.561849,319
20261008-175305-m7-b-nfs-fifo,2026-10-08T18:13:59+00:00,S1,0.5,256,1.0,nfs,0.0,0,1,6,7,2,16,0,112,112,7516192768,7516192768,0,6.6245,fifo,False,,cake,16,2,2,14,0,0.063473,0.051569,0.051519,0.0,0.012164,load,0.064324,0.787534,0.851903,319
20261008-175305-m7-b-nfs-fifo,2026-10-08T18:14:00+00:00,S1,0.5,256,1.0,nfs,0.0,0,1,7,7,3,32,0,128,128,8589934592,8589934592,0,7.411472,fifo,False,,cake,32,3,3,29,0,0.09247,0.077325,0.07723,0.0,0.015513,load,0.093576,1.010698,1.104325,319
20261008-175305-m7-b-nfs-fifo,2026-10-08T18:14:01+00:00,S1,0.5,256,1.0,nfs,0.0,0,1,8,4,1,0,0,144,144,9663676416,9663676416,0,7.945554,fifo,False,,none,0,,,,,,,,,,,,0.561591,0.561624,319
20261008-175305-m7-b-nfs-fifo,2026-10-08T18:14:02+00:00,S1,0.5,256,1.0,nfs,0.0,0,1,9,0,1,0,0,160,160,10737418240,10737418240,0,9.023022,fifo,False,,none,0,,,,,,,,,,,,0.561508,0.561539,5809
20261008-175305-m7-b-nfs-fifo,2026-10-08T18:14:02+00:00,S1,0.5,256,1.0,nfs,0.0,0,1,10,0,2,16,0,176,176,11811160064,11811160064,0,10.100555,fifo,False,,cake,16,2,2,14,0,0.060432,0.051311,0.051263,0.0,0.00949,load,0.061535,0.787689,0.84931,319
20261008-175305-m7-b-nfs-fifo,2026-10-08T18:14:03+00:00,S1,0.5,256,1.0,nfs,0.0,0,1,11,1,2,16,0,192,192,12884901888,12884901888,0,10.889951,fifo,False,,cake,16,2,2,14,0,0.078506,0.051338,0.051286,0.0,0.027452,load,0.079412,0.788284,0.867773,5809
20261008-175305-m7-b-nfs-fifo,2026-10-08T18:14:04+00:00,S1,0.5,256,1.0,nfs,0.0,0,1,12,6,2,16,0,208,208,13958643712,13958643712,0,11.660991,fifo,False,,cake,16,2,2,14,0,0.078659,0.051216,0.051157,0.0,0.027765,load,0.079612,0.787594,0.867258,25634
20261008-175305-m7-b-nfs-fifo,2026-10-08T18:14:05+00:00,S1,0.5,256,1.0,nfs,0.0,0,1,13,0,3,32,0,224,224,15032385536,15032385536,0,12.432422,fifo,False,,cake,32,3,3,29,0,0.096526,0.077322,0.077211,0.0,0.019533,load,0.097504,1.010712,1.108265,319
20261008-175305-m7-b-nfs-fifo,2026-10-08T18:14:07+00:00,S1,0.5,256,1.0,nfs,0.0,0,1,14,7,4,48,0,240,240,16106127360,16106127360,0,12.962435,fifo,False,,cake,48,4,4,44,0,0.125508,0.103679,0.103563,0.0,0.022159,load,0.126576,1.236553,1.363184,62
20261008-175305-m7-b-nfs-fifo,2026-10-08T18:14:08+00:00,S1,0.5,256,1.0,nfs,0.0,0,1,15,6,3,32,0,256,256,17179869184,17179869184,0,13.237334,fifo,False,,cake,32,3,3,29,0,0.0926,0.077319,0.077221,0.0,0.015612,load,0.093759,1.00958,1.103421,319
20261008-175305-m7-b-nfs-fifo,2026-10-08T18:14:09+00:00,S1,0.5,256,1.0,nfs,0.0,0,1,16,6,4,48,0,240,272,18253611008,18253611008,0,13.772196,fifo,False,,cake,48,3,3,45,0,0.12648,0.105356,0.105185,0.0,0.021395,load,0.127315,1.240751,1.368119,319
20261008-175305-m7-b-nfs-fifo,2026-10-08T18:14:10+00:00,S1,0.5,256,1.0,nfs,0.0,0,1,17,2,1,0,0,256,288,19327352832,19327352832,0,14.041984,fifo,False,,none,0,,,,,,,,,,,,0.562343,0.562443,5809
20261008-175305-m7-b-nfs-fifo,2026-10-08T18:14:11+00:00,S1,0.5,256,1.0,nfs,0.0,0,1,18,1,3,32,0,256,304,20401094656,20401094656,0,15.118634,fifo,False,,cake,32,3,3,29,0,0.097521,0.07749,0.077383,0.0,0.020407,load,0.098547,1.02781,1.1264,319
20261008-175305-m7-b-nfs-fifo,2026-10-08T18:14:28+00:00,S1,0.5,256,1.0,nfs,0.0,0,1,19,5,3,32,0,256,320,21474836480,21474836480,0,15.630533,fifo,False,,cake,32,31,31,0,1,1.32824,15.81782,0.0,15.817802,14.489278,recompute,15.818849,1.005785,16.824766,319
20261008-175305-m7-b-nfs-fifo,2026-10-08T18:14:29+00:00,S1,0.5,256,1.0,nfs,0.0,0,1,20,2,2,16,0,224,336,22548578304,22548578304,0,1.663471,fifo,False,,cake,16,2,2,14,0,0.080659,0.051183,0.051125,0.0,0.029811,load,0.081691,0.7847,0.866441,319
20261008-175305-m7-b-nfs-fifo,2026-10-08T18:14:33+00:00,S1,0.5,256,1.0,nfs,0.0,0,1,21,5,4,48,0,240,352,23622320128,23622320128,0,2.435495,fifo,False,,cake,48,31,31,16,1,1.373275,2.622329,0.054045,2.568204,1.248716,recompute,2.623575,1.23384,3.857537,5809
20261008-175305-m7-b-nfs-fifo,2026-10-08T18:14:36+00:00,S1,0.5,256,1.0,nfs,0.0,0,1,22,0,4,48,0,256,368,24696061952,24696061952,0,1.663562,fifo,False,,cake,48,45,45,0,3,2.196591,2.228201,0.0,2.228156,0.031291,recompute,2.229226,1.235193,3.464506,319
20261008-175305-m7-b-nfs-fifo,2026-10-08T18:14:37+00:00,S1,0.5,256,1.0,nfs,0.0,0,1,23,2,3,32,0,208,384,25769803776,25769803776,0,1.66359,fifo,False,,cake,32,3,3,29,0,0.092446,0.077502,0.077438,0.0,0.015264,load,0.093478,1.008594,1.102132,319
20261008-175305-m7-b-nfs-fifo,2026-10-08T18:14:39+00:00,S1,0.5,256,1.0,nfs,0.0,0,1,24,2,4,48,0,224,400,26843545600,26843545600,0,2.199644,fifo,False,,cake,48,4,4,44,0,0.124809,0.103408,0.103278,0.0,0.021733,load,0.125896,1.235725,1.361674,319
20261008-175305-m7-b-nfs-fifo,2026-10-08T18:14:40+00:00,S1,0.5,256,1.0,nfs,0.0,0,1,25,1,4,48,0,240,416,27917287424,27917287424,0,2.476103,fifo,False,,cake,48,4,4,44,0,0.12532,0.103573,0.103432,0.0,0.022082,load,0.126461,1.236446,1.36298,319
20261008-175305-m7-b-nfs-fifo,2026-10-08T18:14:44+00:00,S1,0.5,256,1.0,nfs,0.0,0,1,26,3,2,16,0,256,432,28991029248,28991029248,0,2.751142,fifo,False,,cake,16,15,15,0,1,0.630188,2.938669,0.0,2.938652,2.308132,recompute,2.939721,0.800193,3.740031,62
20261008-175305-m7-b-nfs-fifo,2026-10-08T18:14:47+00:00,S1,0.5,256,1.0,nfs,0.0,0,1,27,4,2,16,0,208,448,30064771072,30064771072,0,1.66363,fifo,False,,cake,16,15,15,0,1,0.529776,1.851324,0.0,1.851305,1.321221,recompute,1.852464,0.800748,2.653333,319
20261008-175305-m7-b-nfs-fifo,2026-10-08T18:14:49+00:00,S1,0.5,256,1.0,nfs,0.0,0,1,28,3,3,32,0,224,464,31138512896,31138512896,0,1.663411,fifo,False,,cake,32,15,15,16,1,0.536172,1.850749,0.05449,1.79618,1.314242,recompute,1.851826,1.025389,2.877313,319
20261008-175305-m7-b-nfs-fifo,2026-10-08T18:14:53+00:00,S1,0.5,256,1.0,nfs,0.0,0,1,29,3,4,48,0,240,480,32212254720,32212254720,0,1.663588,fifo,False,,cake,48,15,15,32,1,0.536248,1.850593,0.082271,1.768204,1.313982,recompute,1.851571,1.237652,3.089357,5809
20261008-175305-m7-b-nfs-fifo,2026-10-08T18:14:55+00:00,S1,0.5,256,1.0,nfs,0.0,0,1,30,4,3,32,0,256,496,33285996544,33285996544,0,1.663584,fifo,False,,cake,32,15,15,16,1,0.532046,1.850851,0.054524,1.796245,1.318478,recompute,1.851945,1.007545,2.859597,319
20261008-175305-m7-b-nfs-fifo,2026-10-08T18:14:59+00:00,S1,0.5,256,1.0,nfs,0.0,0,1,31,4,4,48,0,240,512,34359738368,34359738368,0,1.663561,fifo,False,,cake,48,15,15,32,1,0.588894,1.850494,0.082143,1.768206,1.261227,recompute,1.851451,1.233797,3.085351,319
20261008-175305-m7-b-nfs-fifo,2026-10-08T18:14:59+00:00,S4,0.5,256,1.0,nfs,0.0,0,1,0,7,1,0,0,16,0,1073741824,0,0,0.0,fifo,False,,none,0,,,,,,,,,,,,0.560043,0.560071,11906
20261008-175305-m7-b-nfs-fifo,2026-10-08T18:15:00+00:00,S4,0.5,256,1.0,nfs,0.0,0,1,1,1,1,0,0,32,0,2147483648,0,0,0.0,fifo,False,,none,0,,,,,,,,,,,,0.560437,0.560463,5809
20261008-175305-m7-b-nfs-fifo,2026-10-08T18:15:00+00:00,S4,0.5,256,1.0,nfs,0.0,0,1,2,5,1,0,0,48,0,3221225472,0,0,0.0,fifo,False,,none,0,,,,,,,,,,,,0.560435,0.560479,319
20261008-175305-m7-b-nfs-fifo,2026-10-08T18:15:01+00:00,S4,0.5,256,1.0,nfs,0.0,0,1,3,6,1,0,0,64,0,4294967296,0,0,0.0,fifo,False,,none,0,,,,,,,,,,,,0.618291,0.618409,5809
20261008-175305-m7-b-nfs-fifo,2026-10-08T18:15:02+00:00,S4,0.5,256,1.0,nfs,0.0,0,1,4,5,2,16,0,80,0,5368709120,0,0,0.0,fifo,False,,cake,16,2,2,14,0,0.078572,0.051442,0.051383,0.0,0.027507,load,0.079646,0.787596,0.8673,319
20261008-175305-m7-b-nfs-fifo,2026-10-08T18:15:02+00:00,S4,0.5,256,1.0,nfs,0.0,0,1,5,3,1,0,0,96,0,6442450944,0,0,0.0,fifo,False,,none,0,,,,,,,,,,,,0.583502,0.583539,319
20261008-175305-m7-b-nfs-fifo,2026-10-08T18:15:03+00:00,S4,0.5,256,1.0,nfs,0.0,0,1,6,7,2,16,0,112,0,7516192768,0,0,0.0,fifo,False,,cake,16,2,2,14,0,0.06354,0.051372,0.051313,0.0,0.01249,load,0.064521,0.786838,0.851405,319
20261008-175305-m7-b-nfs-fifo,2026-10-08T18:15:04+00:00,S4,0.5,256,1.0,nfs,0.0,0,1,7,7,3,32,0,128,0,8589934592,0,0,0.0,fifo,False,,cake,32,3,3,29,0,0.092763,0.07756,0.07746,0.0,0.015531,load,0.093831,1.010096,1.103979,319
20261008-175305-m7-b-nfs-fifo,2026-10-08T18:15:05+00:00,S4,0.5,256,1.0,nfs,0.0,0,1,8,4,1,0,0,144,0,9663676416,0,0,0.0,fifo,False,,none,0,,,,,,,,,,,,0.561414,0.561438,319
20261008-175305-m7-b-nfs-fifo,2026-10-08T18:15:06+00:00,S4,0.5,256,1.0,nfs,0.0,0,1,9,0,1,0,0,160,0,10737418240,0,0,0.0,fifo,False,,none,0,,,,,,,,,,,,0.561333,0.561356,5809
20261008-175305-m7-b-nfs-fifo,2026-10-08T18:15:06+00:00,S4,0.5,256,1.0,nfs,0.0,0,1,10,0,2,16,0,176,0,11811160064,0,0,0.0,fifo,False,,cake,16,2,2,14,0,0.060214,0.051465,0.051428,0.0,0.009103,load,0.061331,0.787306,0.848714,319
20261008-175305-m7-b-nfs-fifo,2026-10-08T18:15:07+00:00,S4,0.5,256,1.0,nfs,0.0,0,1,11,1,2,16,0,192,0,12884901888,0,0,0.0,fifo,False,,cake,16,2,2,14,0,0.077991,0.051329,0.051274,0.0,0.027046,load,0.079055,0.78798,0.867094,5809
20261008-175305-m7-b-nfs-fifo,2026-10-08T18:15:08+00:00,S4,0.5,256,1.0,nfs,0.0,0,1,12,6,2,16,0,208,0,13958643712,0,0,0.0,fifo,False,,cake,16,2,2,14,0,0.077308,0.051309,0.051249,0.0,0.026372,load,0.078393,0.787702,0.866147,25634
20261008-175305-m7-b-nfs-fifo,2026-10-08T18:15:09+00:00,S4,0.5,256,1.0,nfs,0.0,0,1,13,0,3,32,0,224,0,15032385536,0,0,0.0,fifo,False,,cake,32,3,3,29,0,0.094967,0.077621,0.077521,0.0,0.017687,load,0.095915,1.010017,1.10598,319
20261008-175305-m7-b-nfs-fifo,2026-10-08T18:15:11+00:00,S4,0.5,256,1.0,nfs,0.0,0,1,14,7,4,48,0,240,0,16106127360,0,0,0.0,fifo,False,,cake,48,4,4,44,0,0.125292,0.103587,0.103444,0.0,0.022026,load,0.126379,1.236704,1.363135,62
20261008-175305-m7-b-nfs-fifo,2026-10-08T18:15:12+00:00,S4,0.5,256,1.0,nfs,0.0,0,1,15,6,3,32,0,256,0,17179869184,0,0,0.0,fifo,False,,cake,32,3,3,29,0,0.091896,0.077352,0.077288,0.0,0.014857,load,0.093008,1.009318,1.102529,319
20261008-175305-m7-b-nfs-fifo,2026-10-08T18:15:13+00:00,S4,0.5,256,1.0,nfs,0.0,0,1,16,6,4,48,0,240,32,18253611008,2147483648,32,0.0,fifo,False,,cake,48,3,3,45,0,0.125204,0.105239,0.105042,0.0,0.020296,load,0.126249,1.236839,1.363133,319
20261008-175305-m7-b-nfs-fifo,2026-10-08T18:15:14+00:00,S4,0.5,256,1.0,nfs,0.0,0,1,17,2,1,0,0,256,32,19327352832,2147483648,32,3.327385,fifo,False,,none,0,,,,,,,,,,,,0.561349,0.56138,5809
20261008-175305-m7-b-nfs-fifo,2026-10-08T18:15:15+00:00,S4,0.5,256,1.0,nfs,0.0,0,1,18,1,3,32,0,256,48,20401094656,3221225472,48,2.741158,fifo,False,,cake,32,3,3,29,0,0.096947,0.077507,0.077404,0.0,0.019781,load,0.097956,1.010503,1.108517,319
20261008-175305-m7-b-nfs-fifo,2026-10-08T18:15:20+00:00,S4,0.5,256,1.0,nfs,0.0,0,1,19,5,3,32,0,256,64,21474836480,4294967296,64,3.271006,fifo,False,,cake,32,31,31,0,1,1.329481,3.458354,0.0,3.458326,2.128571,recompute,3.459468,1.022683,4.482297,319
20261008-175305-m7-b-nfs-fifo,2026-10-08T18:15:20+00:00,S4,0.5,256,1.0,nfs,0.0,0,1,20,2,2,16,0,224,112,22548578304,7516192768,112,1.663505,fifo,False,,cake,16,2,2,14,0,0.060143,0.05125,0.051212,0.0,0.009194,load,0.061162,0.799772,0.860986,319
20261008-175305-m7-b-nfs-fifo,2026-10-08T18:15:28+00:00,S4,0.5,256,1.0,nfs,0.0,0,1,21,5,4,48,0,240,112,23622320128,7516192768,112,5.768897,fifo,False,,cake,48,31,31,16,1,1.329676,5.956053,0.054017,5.901982,4.62614,recompute,5.957123,1.233319,7.190588,5809
20261008-175305-m7-b-nfs-fifo,2026-10-08T18:15:31+00:00,S4,0.5,256,1.0,nfs,0.0,0,1,22,0,4,48,0,256,112,24696061952,7516192768,112,0.0,fifo,False,,cake,48,38,38,0,10,1.790403,1.887958,0.0,1.887832,0.097169,recompute,1.889008,1.235987,3.125097,319
20261008-175305-m7-b-nfs-fifo,2026-10-08T18:15:32+00:00,S4,0.5,256,1.0,nfs,0.0,0,1,23,2,3,32,0,208,176,25769803776,11811160064,176,0.0,fifo,False,,cake,32,3,3,29,0,0.09228,0.07748,0.077413,0.0,0.015115,load,0.093366,1.009235,1.102669,319
20261008-175305-m7-b-nfs-fifo,2026-10-08T18:15:33+00:00,S4,0.5,256,1.0,nfs,0.0,0,1,24,2,4,48,0,224,176,26843545600,11811160064,176,6.655096,fifo,False,,cake,48,4,4,44,0,0.125246,0.103503,0.103359,0.0,0.022057,load,0.126327,1.235308,1.361707,319
20261008-175305-m7-b-nfs-fifo,2026-10-08T18:15:35+00:00,S4,0.5,256,1.0,nfs,0.0,0,1,25,1,4,48,0,240,176,27917287424,11811160064,176,5.267551,fifo,False,,cake,48,3,3,45,0,0.124954,0.105208,0.105046,0.0,0.02011,load,0.126005,1.236561,1.362632,319
20261008-175305-m7-b-nfs-fifo,2026-10-08T18:15:40+00:00,S4,0.5,256,1.0,nfs,0.0,0,1,26,3,2,16,0,256,176,28991029248,11811160064,176,3.879214,fifo,False,,cake,16,15,15,0,1,0.532308,4.066886,0.0,4.066868,3.534229,recompute,4.06802,0.810553,4.878708,62
20261008-175305-m7-b-nfs-fifo,2026-10-08T18:15:41+00:00,S4,0.5,256,1.0,nfs,0.0,0,1,27,4,2,16,0,208,240,30064771072,16106127360,240,0.0,fifo,False,,cake,16,13,13,0,3,0.448998,0.566564,0.0,0.566531,0.117243,recompute,0.567622,0.78644,1.35417,319
20261008-175305-m7-b-nfs-fifo,2026-10-08T18:15:49+00:00,S4,0.5,256,1.0,nfs,0.0,0,1,28,3,3,32,0,224,240,31138512896,16106127360,240,6.655094,fifo,False,,cake,32,15,15,16,1,0.531174,6.842377,0.054309,6.788002,6.310939,recompute,6.843606,1.008602,7.852315,319
20261008-175305-m7-b-nfs-fifo,2026-10-08T18:15:51+00:00,S4,0.5,256,1.0,nfs,0.0,0,1,29,3,4,48,0,240,240,32212254720,16106127360,240,0.0,fifo,False,,cake,48,13,13,32,3,0.507195,0.648978,0.0823,0.566521,0.141463,recompute,0.649992,1.242691,1.892796,5809
20261008-175305-m7-b-nfs-fifo,2026-10-08T18:15:52+00:00,S4,0.5,256,1.0,nfs,0.0,0,1,30,4,3,32,0,256,240,33285996544,16106127360,240,0.0,fifo,False,,cake,32,13,13,16,3,0.448783,0.621012,0.05443,0.566503,0.171905,recompute,0.62206,1.02371,1.645863,319
20261008-175305-m7-b-nfs-fifo,2026-10-08T18:15:54+00:00,S4,0.5,256,1.0,nfs,0.0,0,1,31,4,4,48,0,240,272,34359738368,18253611008,272,0.0,fifo,False,,cake,48,14,14,32,2,0.491408,0.460287,0.082411,0.377789,0.031438,load,0.492518,1.240497,1.733106,319
20261008-175305-m7-b-nfs-fifo,2026-10-08T18:15:55+00:00,S4+,0.5,256,1.0,nfs,0.0,0,1,0,7,1,0,0,16,0,1073741824,0,0,0.0,fifo,False,,none,0,,,,,,,,,,,,0.618607,0.618664,11906
20261008-175305-m7-b-nfs-fifo,2026-10-08T18:15:56+00:00,S4+,0.5,256,1.0,nfs,0.0,0,1,1,1,1,0,0,32,0,2147483648,0,0,0.0,fifo,False,,none,0,,,,,,,,,,,,0.624254,0.624277,5809
20261008-175305-m7-b-nfs-fifo,2026-10-08T18:15:56+00:00,S4+,0.5,256,1.0,nfs,0.0,0,1,2,5,1,0,0,48,0,3221225472,0,0,0.0,fifo,False,,none,0,,,,,,,,,,,,0.595595,0.595624,319
20261008-175305-m7-b-nfs-fifo,2026-10-08T18:15:57+00:00,S4+,0.5,256,1.0,nfs,0.0,0,1,3,6,1,0,0,64,0,4294967296,0,0,0.0,fifo,False,,none,0,,,,,,,,,,,,0.563991,0.56404,5809
20261008-175305-m7-b-nfs-fifo,2026-10-08T18:15:58+00:00,S4+,0.5,256,1.0,nfs,0.0,0,1,4,5,2,16,0,80,0,5368709120,0,0,0.0,fifo,False,,cake,16,2,2,14,0,0.060452,0.051422,0.051365,0.0,0.009327,load,0.061584,0.803222,0.86485,319
20261008-175305-m7-b-nfs-fifo,2026-10-08T18:15:58+00:00,S4+,0.5,256,1.0,nfs,0.0,0,1,5,3,1,0,0,96,0,6442450944,0,0,0.0,fifo,False,,none,0,,,,,,,,,,,,0.561707,0.561734,319
20261008-175305-m7-b-nfs-fifo,2026-10-08T18:15:59+00:00,S4+,0.5,256,1.0,nfs,0.0,0,1,6,7,2,16,0,112,0,7516192768,0,0,0.0,fifo,False,,cake,16,2,2,14,0,0.059957,0.051413,0.051376,0.0,0.008867,load,0.060993,0.786662,0.84771,319
20261008-175305-m7-b-nfs-fifo,2026-10-08T18:16:00+00:00,S4+,0.5,256,1.0,nfs,0.0,0,1,7,7,3,32,0,128,0,8589934592,0,0,0.0,fifo,False,,cake,32,3,3,29,0,0.092364,0.077638,0.077546,0.0,0.015036,load,0.093417,1.009426,1.10293,319
20261008-175305-m7-b-nfs-fifo,2026-10-08T18:16:01+00:00,S4+,0.5,256,1.0,nfs,0.0,0,1,8,4,1,0,0,144,0,9663676416,0,0,0.0,fifo,False,,none,0,,,,,,,,,,,,0.613963,0.614008,319
20261008-175305-m7-b-nfs-fifo,2026-10-08T18:16:01+00:00,S4+,0.5,256,1.0,nfs,0.0,0,1,9,0,1,0,0,160,0,10737418240,0,0,0.0,fifo,False,,none,0,,,,,,,,,,,,0.615838,0.615863,5809
20261008-175305-m7-b-nfs-fifo,2026-10-08T18:16:02+00:00,S4+,0.5,256,1.0,nfs,0.0,0,1,10,0,2,16,0,176,0,11811160064,0,0,0.0,fifo,False,,cake,16,2,2,14,0,0.078671,0.051387,0.05133,0.0,0.02757,load,0.079582,0.786393,0.866021,319
20261008-175305-m7-b-nfs-fifo,2026-10-08T18:16:03+00:00,S4+,0.5,256,1.0,nfs,0.0,0,1,11,1,2,16,0,192,0,12884901888,0,0,0.0,fifo,False,,cake,16,2,2,14,0,0.063819,0.051296,0.05124,0.0,0.012853,load,0.064819,0.786893,0.851754,5809
20261008-175305-m7-b-nfs-fifo,2026-10-08T18:16:04+00:00,S4+,0.5,256,1.0,nfs,0.0,0,1,12,6,2,16,0,208,0,13958643712,0,0,0.0,fifo,False,,cake,16,2,2,14,0,0.060229,0.051272,0.051233,0.0,0.00928,load,0.061316,0.786526,0.847889,25634
20261008-175305-m7-b-nfs-fifo,2026-10-08T18:16:05+00:00,S4+,0.5,256,1.0,nfs,0.0,0,1,13,0,3,32,0,224,0,15032385536,0,0,0.0,fifo,False,,cake,32,3,3,29,0,0.092373,0.077385,0.077302,0.0,0.01529,load,0.093413,1.009731,1.10322,319
20261008-175305-m7-b-nfs-fifo,2026-10-08T18:16:07+00:00,S4+,0.5,256,1.0,nfs,0.0,0,1,14,7,4,48,0,240,0,16106127360,0,0,0.0,fifo,False,,cake,48,4,4,44,0,0.125515,0.103597,0.103455,0.0,0.022244,load,0.126617,1.236055,1.362753,62
20261008-175305-m7-b-nfs-fifo,2026-10-08T18:16:08+00:00,S4+,0.5,256,1.0,nfs,0.0,0,1,15,6,3,32,0,256,0,17179869184,0,0,0.0,fifo,False,,cake,32,2,2,30,0,0.084029,0.079016,0.0789,0.0,0.005409,load,0.08517,1.010735,1.09596,319
20261008-175305-m7-b-nfs-fifo,2026-10-08T18:16:09+00:00,S4+,0.5,256,1.0,nfs,0.0,0,1,16,6,4,48,0,256,16,18253611008,1073741824,16,0.0,fifo,False,,cake,48,4,4,44,0,0.13335,0.103683,0.103518,0.0,0.030029,load,0.134338,1.236313,1.370698,319
20261008-175305-m7-b-nfs-fifo,2026-10-08T18:16:10+00:00,S4+,0.5,256,1.0,nfs,0.0,0,1,17,2,1,0,0,256,32,19327352832,2147483648,32,1.66298,fifo,False,,none,0,,,,,,,,,,,,0.561289,0.561321,5809
20261008-175305-m7-b-nfs-fifo,2026-10-08T18:16:14+00:00,S4+,0.5,256,1.0,nfs,0.0,0,1,18,1,3,32,0,256,48,20401094656,3221225472,48,2.740067,fifo,False,,cake,32,3,3,28,1,0.091998,2.927311,0.074896,2.852309,2.835017,recompute,2.928597,1.007261,3.935977,319
20261008-175305-m7-b-nfs-fifo,2026-10-08T18:16:17+00:00,S4+,0.5,256,1.0,nfs,0.0,0,1,19,5,3,32,0,256,64,21474836480,4294967296,64,1.662943,fifo,False,,cake,32,5,5,26,1,0.156096,1.850151,0.07138,1.778699,1.693716,recompute,1.851256,1.006263,2.85765,319
20261008-175305-m7-b-nfs-fifo,2026-10-08T18:16:19+00:00,S4+,0.5,256,1.0,nfs,0.0,0,1,20,2,2,16,0,256,80,22548578304,5368709120,80,1.66291,fifo,False,,cake,16,7,7,8,1,0.267243,1.850449,0.039882,1.810524,1.582835,recompute,1.851477,0.784158,2.635754,319
20261008-175305-m7-b-nfs-fifo,2026-10-08T18:16:22+00:00,S4+,0.5,256,1.0,nfs,0.0,0,1,21,5,4,48,0,256,96,23622320128,6442450944,96,1.662926,fifo,False,,cake,48,9,9,38,1,0.296487,1.849871,0.092275,1.757457,1.553071,recompute,1.851081,1.235238,3.086477,5809
20261008-175305-m7-b-nfs-fifo,2026-10-08T18:16:25+00:00,S4+,0.5,256,1.0,nfs,0.0,0,1,22,0,4,48,0,256,112,24696061952,7516192768,112,1.66287,fifo,False,,cake,48,11,11,36,1,0.434792,1.850033,0.088789,1.761098,1.414892,recompute,1.851033,1.238526,3.089691,319
20261008-175305-m7-b-nfs-fifo,2026-10-08T18:16:28+00:00,S4+,0.5,256,1.0,nfs,0.0,0,1,23,2,3,32,0,256,128,25769803776,8589934592,128,1.662889,fifo,False,,cake,32,13,13,18,1,0.44919,1.850166,0.057154,1.792941,1.400674,recompute,1.85145,1.023922,2.875489,319
20261008-175305-m7-b-nfs-fifo,2026-10-08T18:16:31+00:00,S4+,0.5,256,1.0,nfs,0.0,0,1,24,2,4,48,0,256,144,26843545600,9663676416,144,1.662885,fifo,False,,cake,48,15,15,32,1,0.539538,1.849904,0.081531,1.768256,1.310052,recompute,1.850977,1.241896,3.092966,319
20261008-175305-m7-b-nfs-fifo,2026-10-08T18:16:35+00:00,S4+,0.5,256,1.0,nfs,0.0,0,1,25,1,4,48,0,256,160,27917287424,10737418240,160,1.662859,fifo,False,,cake,48,18,18,29,1,0.684549,1.849839,0.076413,1.773319,1.164904,recompute,1.850966,1.234585,3.085703,319
20261008-175305-m7-b-nfs-fifo,2026-10-08T18:16:37+00:00,S4+,0.5,256,1.0,nfs,0.0,0,1,26,3,2,16,0,256,176,28991029248,11811160064,176,1.66284,fifo,False,,cake,16,15,15,0,1,0.529789,1.850494,0.0,1.850476,1.320379,recompute,1.851488,0.784541,2.636149,62
20261008-175305-m7-b-nfs-fifo,2026-10-08T18:16:40+00:00,S4+,0.5,256,1.0,nfs,0.0,0,1,27,4,2,16,0,256,192,30064771072,12884901888,192,1.662811,fifo,False,,cake,16,15,15,0,1,0.588034,1.8504,0.0,1.850381,1.262017,recompute,1.851295,0.784684,2.636071,319
20261008-175305-m7-b-nfs-fifo,2026-10-08T18:16:43+00:00,S4+,0.5,256,1.0,nfs,0.0,0,1,28,3,3,32,0,256,208,31138512896,13958643712,208,1.662852,fifo,False,,cake,32,23,23,8,1,0.895704,1.850221,0.03977,1.810408,0.954164,recompute,1.851282,1.007656,2.859045,319
20261008-175305-m7-b-nfs-fifo,2026-10-08T18:16:46+00:00,S4+,0.5,256,1.0,nfs,0.0,0,1,29,3,4,48,0,256,224,32212254720,15032385536,224,1.662815,fifo,False,,cake,48,25,25,22,1,1.06177,1.849716,0.063752,1.785848,0.787594,recompute,1.850867,1.234743,3.085755,5809
20261008-175305-m7-b-nfs-fifo,2026-10-08T18:16:49+00:00,S4+,0.5,256,1.0,nfs,0.0,0,1,30,4,3,32,0,256,240,33285996544,16106127360,240,1.662811,fifo,False,,cake,32,27,27,4,1,1.09971,1.850142,0.03255,1.817565,0.750106,recompute,1.85131,1.018516,2.869939,319
20261008-175305-m7-b-nfs-fifo,2026-10-08T18:16:52+00:00,S4+,0.5,256,1.0,nfs,0.0,0,1,31,4,4,48,0,256,256,34359738368,17179869184,256,1.66278,fifo,False,,cake,48,29,29,18,1,1.27138,1.849728,0.056915,1.79273,0.578001,recompute,1.85074,1.234503,3.085344,319
20261008-175305-m7-b-nfs-fifo,2026-10-08T18:16:53+00:00,S4+P,0.5,256,1.0,nfs,0.0,0,1,0,7,1,0,0,16,0,1073741824,0,0,0.0,fifo,False,,none,0,,,,,,,,,,,,0.560874,0.560901,11906
20261008-175305-m7-b-nfs-fifo,2026-10-08T18:16:53+00:00,S4+P,0.5,256,1.0,nfs,0.0,0,1,1,1,1,0,0,32,0,2147483648,0,0,0.0,fifo,False,,none,0,,,,,,,,,,,,0.561062,0.561085,5809
20261008-175305-m7-b-nfs-fifo,2026-10-08T18:16:54+00:00,S4+P,0.5,256,1.0,nfs,0.0,0,1,2,5,1,0,0,48,0,3221225472,0,0,0.0,fifo,False,,none,0,,,,,,,,,,,,0.561188,0.561212,319
20261008-175305-m7-b-nfs-fifo,2026-10-08T18:16:54+00:00,S4+P,0.5,256,1.0,nfs,0.0,0,1,3,6,1,0,0,64,0,4294967296,0,0,0.0,fifo,False,,none,0,,,,,,,,,,,,0.619087,0.619122,5809
20261008-175305-m7-b-nfs-fifo,2026-10-08T18:16:55+00:00,S4+P,0.5,256,1.0,nfs,0.0,0,1,4,5,2,16,0,80,0,5368709120,0,0,0.0,fifo,False,,cake,16,2,2,14,0,0.079371,0.051433,0.051374,0.0,0.028276,load,0.080364,0.786618,0.867051,319
20261008-175305-m7-b-nfs-fifo,2026-10-08T18:16:56+00:00,S4+P,0.5,256,1.0,nfs,0.0,0,1,5,3,1,0,0,96,0,6442450944,0,0,0.0,fifo,False,,none,0,,,,,,,,,,,,0.599438,0.59947,319
20261008-175305-m7-b-nfs-fifo,2026-10-08T18:16:57+00:00,S4+P,0.5,256,1.0,nfs,0.0,0,1,6,7,2,16,0,112,0,7516192768,0,0,0.0,fifo,False,,cake,16,2,2,14,0,0.063903,0.051414,0.051362,0.0,0.012864,load,0.064902,0.803128,0.868075,319
20261008-175305-m7-b-nfs-fifo,2026-10-08T18:16:58+00:00,S4+P,0.5,256,1.0,nfs,0.0,0,1,7,7,3,32,0,128,0,8589934592,0,0,0.0,fifo,False,,cake,32,3,3,29,0,0.09256,0.077618,0.077544,0.0,0.015267,load,0.093563,1.026627,1.120263,319
20261008-175305-m7-b-nfs-fifo,2026-10-08T18:16:58+00:00,S4+P,0.5,256,1.0,nfs,0.0,0,1,8,4,1,0,0,144,0,9663676416,0,0,0.0,fifo,False,,none,0,,,,,,,,,,,,0.562194,0.562223,319
20261008-175305-m7-b-nfs-fifo,2026-10-08T18:16:59+00:00,S4+P,0.5,256,1.0,nfs,0.0,0,1,9,0,1,0,0,160,0,10737418240,0,0,0.0,fifo,False,,none,0,,,,,,,,,,,,0.562305,0.56233,5809
20261008-175305-m7-b-nfs-fifo,2026-10-08T18:17:00+00:00,S4+P,0.5,256,1.0,nfs,0.0,0,1,10,0,2,16,0,176,0,11811160064,0,0,0.0,fifo,False,,cake,16,2,2,14,0,0.060234,0.051428,0.05137,0.0,0.009164,load,0.061304,0.802113,0.863477,319
20261008-175305-m7-b-nfs-fifo,2026-10-08T18:17:01+00:00,S4+P,0.5,256,1.0,nfs,0.0,0,1,11,1,2,16,0,192,0,12884901888,0,0,0.0,fifo,False,,cake,16,2,2,14,0,0.080811,0.051183,0.051117,0.0,0.029959,load,0.081833,0.802157,0.88409,5809
20261008-175305-m7-b-nfs-fifo,2026-10-08T18:17:02+00:00,S4+P,0.5,256,1.0,nfs,0.0,0,1,12,6,2,16,0,208,0,13958643712,0,0,0.0,fifo,False,,cake,16,2,2,14,0,0.081363,0.05114,0.05108,0.0,0.0306,load,0.082475,0.802465,0.884991,25634
20261008-175305-m7-b-nfs-fifo,2026-10-08T18:17:03+00:00,S4+P,0.5,256,1.0,nfs,0.0,0,1,13,0,3,32,0,224,0,15032385536,0,0,0.0,fifo,False,,cake,32,3,3,29,0,0.09723,0.077291,0.077171,0.0,0.020276,load,0.098239,1.028775,1.127063,319
20261008-175305-m7-b-nfs-fifo,2026-10-08T18:17:04+00:00,S4+P,0.5,256,1.0,nfs,0.0,0,1,14,7,4,48,0,240,0,16106127360,0,0,0.0,fifo,False,,cake,48,4,4,44,0,0.125045,0.103687,0.103538,0.0,0.021685,load,0.126111,1.245517,1.37168,62
20261008-175305-m7-b-nfs-fifo,2026-10-08T18:17:05+00:00,S4+P,0.5,256,1.0,nfs,0.0,0,1,15,6,3,32,0,256,0,17179869184,0,0,0.0,fifo,False,,cake,32,3,3,29,0,0.092394,0.077525,0.077459,0.0,0.015204,load,0.093484,1.022049,1.115609,319
20261008-175305-m7-b-nfs-fifo,2026-10-08T18:17:07+00:00,S4+P,0.5,256,1.0,nfs,0.0,0,1,16,6,4,48,0,256,16,18253611008,1073741824,16,0.0,fifo,False,,cake,48,3,3,45,0,0.125526,0.105491,0.10532,0.0,0.020403,load,0.126545,1.236446,1.36304,319
20261008-175305-m7-b-nfs-fifo,2026-10-08T18:17:07+00:00,S4+P,0.5,256,1.0,nfs,0.0,0,1,17,2,1,0,0,256,32,19327352832,2147483648,32,1.66239,fifo,False,,none,0,,,,,,,,,,,,0.561171,0.561195,5809
20261008-175305-m7-b-nfs-fifo,2026-10-08T18:17:09+00:00,S4+P,0.5,256,1.0,nfs,0.0,0,1,18,1,3,32,0,256,48,20401094656,3221225472,48,2.739052,fifo,False,,cake,32,3,3,29,0,0.095622,0.076424,0.076324,0.0,0.019566,load,0.096635,1.010602,1.10729,319
20261008-175305-m7-b-nfs-fifo,2026-10-08T18:17:13+00:00,S4+P,0.5,256,1.0,nfs,0.0,0,1,19,5,3,32,0,256,64,21474836480,4294967296,64,3.268849,fifo,False,,cake,32,22,22,9,1,0.848033,3.456077,0.040975,3.41506,2.607672,recompute,3.457262,1.006793,4.464173,319
20261008-175305-m7-b-nfs-fifo,2026-10-08T18:17:14+00:00,S4+P,0.5,256,1.0,nfs,0.0,0,1,20,2,2,16,0,256,80,22548578304,5368709120,80,1.662336,fifo,False,,cake,16,2,2,14,0,0.060262,0.050148,0.050107,0.0,0.01042,load,0.061305,0.785872,0.847231,319
20261008-175305-m7-b-nfs-fifo,2026-10-08T18:17:18+00:00,S4+P,0.5,256,1.0,nfs,0.0,0,1,21,5,4,48,0,256,96,23622320128,6442450944,96,2.452526,fifo,False,,cake,48,22,22,25,1,0.848452,2.639582,0.068701,2.570814,1.790783,recompute,2.640728,1.234014,3.874858,5809
20261008-175305-m7-b-nfs-fifo,2026-10-08T18:17:21+00:00,S4+P,0.5,256,1.0,nfs,0.0,0,1,22,0,4,48,0,256,112,24696061952,7516192768,112,1.662318,fifo,False,,cake,48,21,21,26,1,0.800668,1.849205,0.070522,1.778584,1.048209,recompute,1.850344,1.234285,3.084744,319
20261008-175305-m7-b-nfs-fifo,2026-10-08T18:17:22+00:00,S4+P,0.5,256,1.0,nfs,0.0,0,1,23,2,3,32,0,256,128,25769803776,8589934592,128,1.662301,fifo,False,,cake,32,2,2,30,0,0.083243,0.078078,0.077961,0.0,0.005515,load,0.084197,1.009199,1.093469,319
20261008-175305-m7-b-nfs-fifo,2026-10-08T18:17:23+00:00,S4+P,0.5,256,1.0,nfs,0.0,0,1,24,2,4,48,0,256,144,26843545600,9663676416,144,2.205788,fifo,False,,cake,48,3,3,45,0,0.125124,0.104035,0.103861,0.0,0.021433,load,0.126141,1.235677,1.36187,319
20261008-175305-m7-b-nfs-fifo,2026-10-08T18:17:27+00:00,S4+P,0.5,256,1.0,nfs,0.0,0,1,25,1,4,48,0,256,160,27917287424,10737418240,160,2.480646,fifo,False,,cake,48,9,9,38,1,0.296664,2.66766,0.091581,2.575941,2.370657,recompute,2.66881,1.234254,3.903219,319
20261008-175305-m7-b-nfs-fifo,2026-10-08T18:17:30+00:00,S4+P,0.5,256,1.0,nfs,0.0,0,1,26,3,2,16,0,256,176,28991029248,11811160064,176,1.662254,fifo,False,,cake,16,15,15,0,1,0.589749,1.849771,0.0,1.849752,1.259685,recompute,1.851023,0.801218,2.652373,62
20261008-175305-m7-b-nfs-fifo,2026-10-08T18:17:33+00:00,S4+P,0.5,256,1.0,nfs,0.0,0,1,27,4,2,16,0,256,192,30064771072,12884901888,192,1.662251,fifo,False,,cake,16,15,15,0,1,0.529924,1.849909,0.0,1.849892,1.319627,recompute,1.851055,0.799896,2.651084,319
20261008-175305-m7-b-nfs-fifo,2026-10-08T18:17:36+00:00,S4+P,0.5,256,1.0,nfs,0.0,0,1,28,3,3,32,0,256,208,31138512896,13958643712,208,1.662214,fifo,False,,cake,32,15,15,16,1,0.593102,1.849445,0.052928,1.796439,1.256015,recompute,1.850525,1.024639,2.875263,319
20261008-175305-m7-b-nfs-fifo,2026-10-08T18:17:39+00:00,S4+P,0.5,256,1.0,nfs,0.0,0,1,29,3,4,48,0,256,224,32212254720,15032385536,224,1.662236,fifo,False,,cake,48,15,15,32,1,0.532799,1.849298,0.080984,1.768198,1.316178,recompute,1.85055,1.240748,3.091416,5809
20261008-175305-m7-b-nfs-fifo,2026-10-08T18:17:42+00:00,S4+P,0.5,256,1.0,nfs,0.0,0,1,30,4,3,32,0,256,240,33285996544,16106127360,240,1.662224,fifo,False,,cake,32,15,15,16,1,0.532588,1.849737,0.053204,1.796462,1.316793,recompute,1.850854,1.007759,2.858707,319
20261008-175305-m7-b-nfs-fifo,2026-10-08T18:17:45+00:00,S4+P,0.5,256,1.0,nfs,0.0,0,1,31,4,4,48,0,256,256,34359738368,17179869184,256,1.66221,fifo,False,,cake,48,15,15,32,1,0.532564,1.849259,0.081109,1.768029,1.31639,recompute,1.850477,1.234462,3.085052,319
20261008-175305-m7-b-nfs-fifo,2026-10-08T18:17:45+00:00,S5,0.5,256,1.0,nfs,0.0,0,1,0,7,1,0,0,16,0,1073741824,0,0,0.0,fifo,False,,none,0,,,,,,,,,,,,0.560055,0.560082,11906
20261008-175305-m7-b-nfs-fifo,2026-10-08T18:17:46+00:00,S5,0.5,256,1.0,nfs,0.0,0,1,1,1,1,0,0,32,0,2147483648,0,0,0.0,fifo,False,,none,0,,,,,,,,,,,,0.560388,0.560415,5809
20261008-175305-m7-b-nfs-fifo,2026-10-08T18:17:47+00:00,S5,0.5,256,1.0,nfs,0.0,0,1,2,5,1,0,0,48,0,3221225472,0,0,0.0,fifo,False,,none,0,,,,,,,,,,,,0.560279,0.560308,319
20261008-175305-m7-b-nfs-fifo,2026-10-08T18:17:47+00:00,S5,0.5,256,1.0,nfs,0.0,0,1,3,6,1,0,0,64,0,4294967296,0,0,0.0,fifo,False,,none,0,,,,,,,,,,,,0.56043,0.560455,5809
20261008-175305-m7-b-nfs-fifo,2026-10-08T18:17:48+00:00,S5,0.5,256,1.0,nfs,0.0,0,1,4,5,2,16,0,80,0,5368709120,0,0,0.0,fifo,False,,cake,16,2,2,14,0,0.060541,0.051424,0.051367,0.0,0.009471,load,0.061616,0.787197,0.848875,319
20261008-175305-m7-b-nfs-fifo,2026-10-08T18:17:49+00:00,S5,0.5,256,1.0,nfs,0.0,0,1,5,3,1,0,0,96,0,6442450944,0,0,0.0,fifo,False,,none,0,,,,,,,,,,,,0.622192,0.622231,319
20261008-175305-m7-b-nfs-fifo,2026-10-08T18:17:50+00:00,S5,0.5,256,1.0,nfs,0.0,0,1,6,7,2,16,0,112,0,7516192768,0,0,0.0,fifo,False,,cake,16,2,2,14,0,0.079191,0.051445,0.051388,0.0,0.028112,load,0.080218,0.787181,0.867482,319
20261008-175305-m7-b-nfs-fifo,2026-10-08T18:17:51+00:00,S5,0.5,256,1.0,nfs,0.0,0,1,7,7,3,32,0,128,0,8589934592,0,0,0.0,fifo,False,,cake,32,3,3,29,0,0.092368,0.077546,0.077456,0.0,0.015178,load,0.093406,1.010064,1.103525,319
20261008-175305-m7-b-nfs-fifo,2026-10-08T18:17:51+00:00,S5,0.5,256,1.0,nfs,0.0,0,1,8,4,1,0,0,144,0,9663676416,0,0,0.0,fifo,False,,none,0,,,,,,,,,,,,0.560921,0.560948,319
20261008-175305-m7-b-nfs-fifo,2026-10-08T18:17:52+00:00,S5,0.5,256,1.0,nfs,0.0,0,1,9,0,1,0,0,160,0,10737418240,0,0,0.0,fifo,False,,none,0,,,,,,,,,,,,0.561096,0.561118,5809
20261008-175305-m7-b-nfs-fifo,2026-10-08T18:17:53+00:00,S5,0.5,256,1.0,nfs,0.0,0,1,10,0,2,16,0,176,0,11811160064,0,0,0.0,fifo,False,,cake,16,2,2,14,0,0.059943,0.051425,0.051377,0.0,0.008773,load,0.060928,0.787045,0.848027,319
20261008-175305-m7-b-nfs-fifo,2026-10-08T18:17:54+00:00,S5,0.5,256,1.0,nfs,0.0,0,1,11,1,2,16,0,192,0,12884901888,0,0,0.0,fifo,False,,cake,16,2,2,14,0,0.060127,0.051483,0.051427,0.0,0.008986,load,0.061185,0.787047,0.848287,5809
20261008-175305-m7-b-nfs-fifo,2026-10-08T18:17:54+00:00,S5,0.5,256,1.0,nfs,0.0,0,1,12,6,2,16,0,208,0,13958643712,0,0,0.0,fifo,False,,cake,16,2,2,14,0,0.062215,0.051441,0.051375,0.0,0.011114,load,0.063217,0.788109,0.851391,25634
20261008-175305-m7-b-nfs-fifo,2026-10-08T18:17:56+00:00,S5,0.5,256,1.0,nfs,0.0,0,1,13,0,3,32,0,224,0,15032385536,0,0,0.0,fifo,False,,cake,32,2,2,30,0,0.083867,0.079756,0.079636,0.0,0.004462,load,0.084891,1.010102,1.095064,319
20261008-175305-m7-b-nfs-fifo,2026-10-08T18:17:57+00:00,S5,0.5,256,1.0,nfs,0.0,0,1,14,7,4,48,0,240,0,16106127360,0,0,0.0,fifo,False,,cake,48,4,4,44,0,0.132403,0.103626,0.103461,0.0,0.029131,load,0.133359,1.236352,1.369802,62
20261008-175305-m7-b-nfs-fifo,2026-10-08T18:17:58+00:00,S5,0.5,256,1.0,nfs,0.0,0,1,15,6,3,32,0,256,0,17179869184,0,0,0.0,fifo,False,,cake,32,3,3,29,0,0.092321,0.077422,0.077323,0.0,0.015308,load,0.093441,1.009322,1.102817,319
20261008-175305-m7-b-nfs-fifo,2026-10-08T18:17:59+00:00,S5,0.5,256,1.0,nfs,0.0,0,1,16,6,4,48,0,256,16,18253611008,1073741824,16,0.0,fifo,False,,cake,48,4,4,44,0,0.1254,0.103679,0.103539,0.0,0.022018,load,0.126436,1.235837,1.362357,319
20261008-175305-m7-b-nfs-fifo,2026-10-08T18:18:00+00:00,S5,0.5,256,1.0,nfs,0.0,0,1,17,2,1,0,0,256,32,19327352832,2147483648,32,1.662968,fifo,False,,none,0,,,,,,,,,,,,0.624653,0.624688,5809
20261008-175305-m7-b-nfs-fifo,2026-10-08T18:18:04+00:00,S5,0.5,256,1.0,nfs,0.0,0,1,18,1,3,32,0,256,48,20401094656,3221225472,48,2.676627,fifo,False,,cake,32,3,3,28,1,0.122261,2.863803,0.074893,2.788798,2.741207,recompute,2.864839,1.024658,3.88961,319
20261008-175305-m7-b-nfs-fifo,2026-10-08T18:18:07+00:00,S5,0.5,256,1.0,nfs,0.0,0,1,19,5,3,32,0,256,64,21474836480,4294967296,64,1.662951,fifo,False,,cake,32,5,5,26,1,0.15581,1.850196,0.071466,1.77866,1.694055,recompute,1.851415,1.022273,2.873807,319
20261008-175305-m7-b-nfs-fifo,2026-10-08T18:18:10+00:00,S5,0.5,256,1.0,nfs,0.0,0,1,20,2,2,16,0,256,80,22548578304,5368709120,80,1.662946,fifo,False,,cake,16,7,7,8,1,0.221921,1.850558,0.040174,1.810334,1.628313,recompute,1.85165,0.800242,2.652023,319
20261008-175305-m7-b-nfs-fifo,2026-10-08T18:18:13+00:00,S5,0.5,256,1.0,nfs,0.0,0,1,21,5,4,48,0,256,96,23622320128,6442450944,96,1.662904,fifo,False,,cake,48,9,9,38,1,0.353763,1.849822,0.09207,1.757594,1.495713,recompute,1.850896,1.235838,3.086844,5809
20261008-175305-m7-b-nfs-fifo,2026-10-08T18:18:16+00:00,S5,0.5,256,1.0,nfs,0.0,0,1,22,0,4,48,0,256,112,24696061952,7516192768,112,1.662903,fifo,False,,cake,48,11,11,36,1,0.371246,1.849947,0.088696,1.761133,1.478392,recompute,1.851314,1.234306,3.085754,319
20261008-175305-m7-b-nfs-fifo,2026-10-08T18:18:19+00:00,S5,0.5,256,1.0,nfs,0.0,0,1,23,2,3,32,0,256,128,25769803776,8589934592,128,1.662885,fifo,False,,cake,32,13,13,18,1,0.498983,1.850372,0.057258,1.793027,1.351024,recompute,1.851515,1.007246,2.858872,319
20261008-175305-m7-b-nfs-fifo,2026-10-08T18:18:22+00:00,S5,0.5,256,1.0,nfs,0.0,0,1,24,2,4,48,0,256,144,26843545600,9663676416,144,1.662876,fifo,False,,cake,48,15,15,32,1,0.532107,1.849984,0.081522,1.768335,1.317589,recompute,1.851205,1.233757,3.085108,319
20261008-175305-m7-b-nfs-fifo,2026-10-08T18:18:25+00:00,S5,0.5,256,1.0,nfs,0.0,0,1,25,1,4,48,0,256,160,27917287424,10737418240,160,1.662854,fifo,False,,cake,48,18,18,29,1,0.662462,1.849773,0.076398,1.773267,1.186923,recompute,1.850924,1.233665,3.084703,319
20261008-175305-m7-b-nfs-fifo,2026-10-08T18:18:28+00:00,S5,0.5,256,1.0,nfs,0.0,0,1,26,3,2,16,0,256,176,28991029248,11811160064,176,1.66286,fifo,False,,cake,16,15,15,0,1,0.583742,1.850499,0.0,1.850483,1.266379,recompute,1.851445,0.785393,2.636937,62
20261008-175305-m7-b-nfs-fifo,2026-10-08T18:18:30+00:00,S5,0.5,256,1.0,nfs,0.0,0,1,27,4,2,16,0,256,192,30064771072,12884901888,192,1.662867,fifo,False,,cake,16,15,15,0,1,0.529724,1.850491,0.0,1.850476,1.320438,recompute,1.851638,0.784994,2.636748,319
20261008-175305-m7-b-nfs-fifo,2026-10-08T18:18:33+00:00,S5,0.5,256,1.0,nfs,0.0,0,1,28,3,3,32,0,256,208,31138512896,13958643712,208,1.66283,fifo,False,,cake,32,23,23,8,1,1.005941,1.850036,0.039512,1.810475,0.843749,recompute,1.851147,1.007464,2.858722,319
20261008-175305-m7-b-nfs-fifo,2026-10-08T18:18:36+00:00,S5,0.5,256,1.0,nfs,0.0,0,1,29,3,4,48,0,256,224,32212254720,15032385536,224,1.662825,fifo,False,,cake,48,25,25,22,1,0.995882,1.849813,0.064123,1.785603,0.853605,recompute,1.850957,1.240308,3.091408,5809
20261008-175305-m7-b-nfs-fifo,2026-10-08T18:18:39+00:00,S5,0.5,256,1.0,nfs,0.0,0,1,30,4,3,32,0,256,240,33285996544,16106127360,240,1.662781,fifo,False,,cake,32,27,27,4,1,1.207297,1.849981,0.032402,1.817542,0.642333,recompute,1.851153,1.023936,2.875207,319
20261008-175305-m7-b-nfs-fifo,2026-10-08T18:18:42+00:00,S5,0.5,256,1.0,nfs,0.0,0,1,31,4,4,48,0,256,256,34359738368,17179869184,256,1.662807,fifo,False,,cake,48,29,29,18,1,1.216111,1.849742,0.05674,1.792926,0.633333,recompute,1.850867,1.242302,3.093301,319
20261008-175305-m7-b-nfs-fifo,2026-10-08T18:18:43+00:00,S5s,0.5,256,1.0,nfs,0.0,0,1,0,7,1,0,0,2,14,134217728,939524096,0,0.0,fifo,False,,none,0,,,,,,,,,,,,0.674321,0.674357,11906
20261008-175305-m7-b-nfs-fifo,2026-10-08T18:18:44+00:00,S5s,0.5,256,1.0,nfs,0.0,0,1,1,1,1,0,0,4,28,268435456,1879048192,0,1.455701,fifo,False,,none,0,,,,,,,,,,,,0.672035,0.672067,5809
20261008-175305-m7-b-nfs-fifo,2026-10-08T18:18:44+00:00,S5s,0.5,256,1.0,nfs,0.0,0,1,2,5,1,0,0,6,42,402653184,2818572288,0,2.214574,fifo,False,,none,0,,,,,,,,,,,,0.561355,0.561389,319
20261008-175305-m7-b-nfs-fifo,2026-10-08T18:18:45+00:00,S5s,0.5,256,1.0,nfs,0.0,0,1,3,6,1,0,0,8,56,536870912,3758096384,0,3.084246,fifo,False,,none,0,,,,,,,,,,,,0.577356,0.577388,5809
20261008-175305-m7-b-nfs-fifo,2026-10-08T18:18:50+00:00,S5s,0.5,256,1.0,nfs,0.0,0,1,4,5,2,16,0,13,67,872415232,4496293888,0,3.937865,fifo,False,,cake,16,13,13,2,1,0.447726,4.125547,0.005494,4.120028,3.67749,recompute,4.126647,0.783886,4.910626,319
20261008-175305-m7-b-nfs-fifo,2026-10-08T18:18:50+00:00,S5s,0.5,256,1.0,nfs,0.0,0,1,5,3,1,0,0,15,81,1006632960,5435817984,0,1.143696,fifo,False,,none,0,,,,,,,,,,,,0.559816,0.559846,319
20261008-175305-m7-b-nfs-fifo,2026-10-08T18:18:53+00:00,S5s,0.5,256,1.0,nfs,0.0,0,1,6,7,2,16,0,20,92,1342177280,6174015488,0,2.01487,fifo,False,,cake,16,13,13,2,1,0.447248,2.202449,0.005627,2.196801,1.754896,recompute,2.203698,0.785142,2.988971,319
20261008-175305-m7-b-nfs-fifo,2026-10-08T18:18:56+00:00,S5s,0.5,256,1.0,nfs,0.0,0,1,7,7,3,32,0,29,99,1946157056,6643777536,0,1.143626,fifo,False,,cake,32,26,26,5,1,1.155652,1.330841,0.015676,1.31513,0.174843,recompute,1.331821,1.009912,2.341842,319
20261008-175305-m7-b-nfs-fifo,2026-10-08T18:18:56+00:00,S5s,0.5,256,1.0,nfs,0.0,0,1,8,4,1,0,0,31,113,2080374784,7583301632,0,0.727716,fifo,False,,none,0,,,,,,,,,,,,0.560565,0.560595,319
20261008-175305-m7-b-nfs-fifo,2026-10-08T18:18:57+00:00,S5s,0.5,256,1.0,nfs,0.0,0,1,9,0,1,0,0,33,127,2214592512,8522825728,0,1.598231,fifo,False,,none,0,,,,,,,,,,,,0.560719,0.560747,5809
20261008-175305-m7-b-nfs-fifo,2026-10-08T18:19:00+00:00,S5s,0.5,256,1.0,nfs,0.0,0,1,10,0,2,16,0,38,138,2550136832,9261023232,0,2.468508,fifo,False,,cake,16,13,13,2,1,0.447895,2.656081,0.005637,2.650422,2.207829,recompute,2.65738,0.785204,3.442712,319
20261008-175305-m7-b-nfs-fifo,2026-10-08T18:19:03+00:00,S5s,0.5,256,1.0,nfs,0.0,0,1,11,1,2,16,0,43,149,2885681152,9999220736,0,1.143637,fifo,False,,cake,16,13,13,2,1,0.463587,1.331206,0.010733,1.320452,0.867305,recompute,1.332274,0.784797,2.117186,5809
20261008-175305-m7-b-nfs-fifo,2026-10-08T18:19:05+00:00,S5s,0.5,256,1.0,nfs,0.0,0,1,12,6,2,16,0,48,160,3221225472,10737418240,0,1.143691,fifo,False,,cake,16,13,13,2,1,0.447919,1.331318,0.010752,1.320545,0.883022,recompute,1.332374,0.785286,2.117789,25634
20261008-175305-m7-b-nfs-fifo,2026-10-08T18:19:07+00:00,S5s,0.5,256,1.0,nfs,0.0,0,1,13,0,3,32,0,57,167,3825205248,11207180288,0,1.143633,fifo,False,,cake,32,26,26,5,1,1.144086,1.330953,0.01572,1.315196,0.186524,recompute,1.331948,1.024495,2.35657,319
20261008-175305-m7-b-nfs-fifo,2026-10-08T18:19:10+00:00,S5s,0.5,256,1.0,nfs,0.0,0,1,14,7,4,48,0,70,170,4697620480,11408506880,0,0.727638,fifo,False,,cake,48,34,34,9,5,1.489483,1.669683,0.029592,1.640012,0.179894,recompute,1.670675,1.244315,2.915088,62
20261008-175305-m7-b-nfs-fifo,2026-10-08T18:19:12+00:00,S5s,0.5,256,1.0,nfs,0.0,0,1,15,6,3,32,0,79,177,5301600256,11878268928,0,0.311687,fifo,False,,cake,32,23,23,5,4,0.970677,1.065345,0.029774,1.035498,0.094347,recompute,1.06634,1.025901,2.092338,319
20261008-175305-m7-b-nfs-fifo,2026-10-08T18:19:15+00:00,S5s,0.5,256,1.0,nfs,0.0,0,1,16,6,4,48,0,92,180,6174015488,12079595520,0,0.727651,fifo,False,,cake,48,34,34,9,5,1.507401,1.669739,0.029568,1.640085,0.162014,recompute,1.670757,1.242007,2.912874,319
20261008-175305-m7-b-nfs-fifo,2026-10-08T18:19:16+00:00,S5s,0.5,256,1.0,nfs,0.0,0,1,17,2,1,0,0,94,194,6308233216,13019119616,0,0.311721,fifo,False,,none,0,,,,,,,,,,,,0.562192,0.56222,5809
20261008-175305-m7-b-nfs-fifo,2026-10-08T18:19:18+00:00,S5s,0.5,256,1.0,nfs,0.0,0,1,18,1,3,32,0,103,201,6912212992,13488881664,0,1.455636,fifo,False,,cake,32,26,26,5,1,1.057707,1.642978,0.010607,1.63234,0.584924,recompute,1.643993,1.028217,2.672316,319
20261008-175305-m7-b-nfs-fifo,2026-10-08T18:19:21+00:00,S5s,0.5,256,1.0,nfs,0.0,0,1,19,5,3,32,0,112,208,7516192768,13958643712,0,0.727653,fifo,False,,cake,32,25,25,5,2,1.009219,1.103713,0.022748,1.080919,0.094161,recompute,1.104648,1.009231,2.113974,319
20261008-175305-m7-b-nfs-fifo,2026-10-08T18:19:22+00:00,S5s,0.5,256,1.0,nfs,0.0,0,1,20,2,2,16,0,117,219,7851737088,14696841216,0,0.727701,fifo,False,,cake,16,13,13,2,1,0.448649,0.915363,0.017843,0.897498,0.466396,recompute,0.916422,0.785733,1.702269,319
20261008-175305-m7-b-nfs-fifo,2026-10-08T18:19:25+00:00,S5s,0.5,256,1.0,nfs,0.0,0,1,21,5,4,48,0,130,222,8724152320,14898167808,0,1.143592,fifo,False,,cake,48,36,36,9,3,1.723669,1.708128,0.022537,1.685517,0.015862,load,1.724826,1.236522,2.961415,5809
20261008-175305-m7-b-nfs-fifo,2026-10-08T18:19:28+00:00,S5s,0.5,256,1.0,nfs,0.0,0,1,22,0,4,48,0,143,225,9596567552,15099494400,0,0.311661,fifo,False,,cake,48,33,33,9,6,1.432248,1.442534,0.036644,1.405784,0.009945,recompute,1.443466,1.236709,2.680252,319
20261008-175305-m7-b-nfs-fifo,2026-10-08T18:19:30+00:00,S5s,0.5,256,1.0,nfs,0.0,0,1,23,2,3,32,0,152,232,10200547328,15569256448,0,0.311658,fifo,False,,cake,32,23,23,5,4,1.005542,1.065262,0.029952,1.035231,0.05938,recompute,1.06623,1.010549,2.076867,319
20261008-175305-m7-b-nfs-fifo,2026-10-08T18:19:33+00:00,S5s,0.5,256,1.0,nfs,0.0,0,1,24,2,4,48,0,165,235,11072962560,15770583040,0,0.727648,fifo,False,,cake,48,34,34,9,5,1.495404,1.669709,0.029388,1.640207,0.173955,recompute,1.670785,1.236788,2.907675,319
20261008-175305-m7-b-nfs-fifo,2026-10-08T18:19:36+00:00,S5s,0.5,256,1.0,nfs,0.0,0,1,25,1,4,48,0,178,238,11945377792,15971909632,0,0.311664,fifo,False,,cake,48,33,33,9,6,1.435421,1.442542,0.036636,1.4058,0.006792,recompute,1.44353,1.237483,2.681118,319
20261008-175305-m7-b-nfs-fifo,2026-10-08T18:19:37+00:00,S5s,0.5,256,1.0,nfs,0.0,0,1,26,3,2,16,0,183,249,12280922112,16710107136,0,0.311688,fifo,False,,cake,16,13,13,2,1,0.490143,0.499233,0.024737,0.47447,0.008712,recompute,0.500097,0.787865,1.288029,62
20261008-175305-m7-b-nfs-fifo,2026-10-08T18:19:39+00:00,S5s,0.5,256,1.0,nfs,0.0,0,1,27,4,2,16,0,188,260,12616466432,17448304640,0,1.14367,fifo,False,,cake,16,13,13,2,1,0.44855,1.331226,0.010655,1.320548,0.882351,recompute,1.33238,0.78541,2.117915,319
20261008-175305-m7-b-nfs-fifo,2026-10-08T18:19:42+00:00,S5s,0.5,256,1.0,nfs,0.0,0,1,28,3,3,32,0,197,267,13220446208,17918066688,0,1.143642,fifo,False,,cake,32,26,26,5,1,1.047981,1.330957,0.015793,1.315132,0.282646,recompute,1.331956,1.00957,2.341659,319
20261008-175305-m7-b-nfs-fifo,2026-10-08T18:19:44+00:00,S5s,0.5,256,1.0,nfs,0.0,0,1,29,3,4,48,0,210,270,14092861440,18119393280,0,0.727631,fifo,False,,cake,48,34,34,9,5,1.543495,1.66964,0.029296,1.640254,0.125791,recompute,1.6707,1.24392,2.914717,5809
20261008-175305-m7-b-nfs-fifo,2026-10-08T18:19:47+00:00,S5s,0.5,256,1.0,nfs,0.0,0,1,30,4,3,32,0,219,277,14696841216,18589155328,0,0.311665,fifo,False,,cake,32,23,23,5,4,0.902183,1.065334,0.029776,1.035501,0.162804,recompute,1.066288,1.024589,2.090976,319
20261008-175305-m7-b-nfs-fifo,2026-10-08T18:19:50+00:00,S5s,0.5,256,1.0,nfs,0.0,0,1,31,4,4,48,0,232,280,15569256448,18790481920,0,0.727605,fifo,False,,cake,48,34,34,9,5,1.611413,1.670063,0.029221,1.64075,0.058305,recompute,1.671172,1.243488,2.914756,319
20261008-175305-m7-b-nfs-fifo,2026-10-08T18:19:50+00:00,S1,0.25,128,1.0,nfs,0.0,0,2,0,7,1,0,0,16,16,1073741824,1073741824,0,0.0,fifo,False,,none,0,,,,,,,,,,,,0.561101,0.561292,11906
20261008-175305-m7-b-nfs-fifo,2026-10-08T18:19:51+00:00,S1,0.25,128,1.0,nfs,0.0,0,2,1,1,1,0,0,32,32,2147483648,2147483648,0,1.663678,fifo,False,,none,0,,,,,,,,,,,,0.561817,0.561842,5809
20261008-175305-m7-b-nfs-fifo,2026-10-08T18:19:51+00:00,S1,0.25,128,1.0,nfs,0.0,0,2,2,5,1,0,0,48,48,3221225472,3221225472,0,2.740907,fifo,False,,none,0,,,,,,,,,,,,0.56216,0.562193,319
20261008-175305-m7-b-nfs-fifo,2026-10-08T18:19:52+00:00,S1,0.25,128,1.0,nfs,0.0,0,2,3,6,1,0,0,64,64,4294967296,4294967296,0,3.817822,fifo,False,,none,0,,,,,,,,,,,,0.560338,0.560407,5809
20261008-175305-m7-b-nfs-fifo,2026-10-08T18:19:53+00:00,S1,0.25,128,1.0,nfs,0.0,0,2,4,5,2,16,0,80,80,5368709120,5368709120,0,4.896343,fifo,False,,cake,16,2,2,14,0,0.087985,0.051134,0.051069,0.0,0.037208,load,0.089038,0.78645,0.875567,319
20261008-175305-m7-b-nfs-fifo,2026-10-08T18:19:53+00:00,S1,0.25,128,1.0,nfs,0.0,0,2,5,3,1,0,0,96,96,6442450944,6442450944,0,5.659358,fifo,False,,none,0,,,,,,,,,,,,0.669488,0.66953,319
20261008-175305-m7-b-nfs-fifo,2026-10-08T18:19:54+00:00,S1,0.25,128,1.0,nfs,0.0,0,2,6,7,2,16,0,112,112,7516192768,7516192768,0,6.62886,fifo,False,,cake,16,2,2,14,0,0.087556,0.051326,0.05126,0.0,0.036595,load,0.088659,0.786639,0.875356,319
20261008-175305-m7-b-nfs-fifo,2026-10-08T18:19:56+00:00,S1,0.25,128,1.0,nfs,0.0,0,2,7,7,3,32,0,128,128,8589934592,8589934592,0,7.3922,fifo,False,,cake,32,3,3,29,0,0.106669,0.077429,0.077318,0.0,0.029584,load,0.107761,1.010146,1.117953,319
20261008-175305-m7-b-nfs-fifo,2026-10-08T18:19:56+00:00,S1,0.25,128,1.0,nfs,0.0,0,2,8,4,1,0,0,128,144,9663676416,9663676416,0,7.912693,fifo,False,,none,0,,,,,,,,,,,,0.561125,0.561155,319
20261008-175305-m7-b-nfs-fifo,2026-10-08T18:19:57+00:00,S1,0.25,128,1.0,nfs,0.0,0,2,9,0,1,0,0,128,160,10737418240,10737418240,0,8.990649,fifo,False,,none,0,,,,,,,,,,,,0.560684,0.560714,5809
20261008-175305-m7-b-nfs-fifo,2026-10-08T18:19:58+00:00,S1,0.25,128,1.0,nfs,0.0,0,2,10,0,2,16,0,112,176,11811160064,11811160064,0,10.068964,fifo,False,,cake,16,2,2,14,0,0.06017,0.051205,0.051152,0.0,0.009316,load,0.061277,0.786794,0.848118,319
20261008-175305-m7-b-nfs-fifo,2026-10-08T18:20:09+00:00,S1,0.25,128,1.0,nfs,0.0,0,2,11,1,2,16,0,128,192,12884901888,12884901888,0,10.859555,fifo,False,,cake,16,15,15,0,1,0.531026,11.047229,0.0,11.04721,10.515894,recompute,11.048414,0.78334,11.831857,5809
20261008-175305-m7-b-nfs-fifo,2026-10-08T18:20:12+00:00,S1,0.25,128,1.0,nfs,0.0,0,2,12,6,2,16,0,128,208,13958643712,13958643712,0,1.663632,fifo,False,,cake,16,15,15,0,1,0.540193,1.85126,0.0,1.851242,1.310735,recompute,1.852397,0.783065,2.635556,25634
20261008-175305-m7-b-nfs-fifo,2026-10-08T18:20:13+00:00,S1,0.25,128,1.0,nfs,0.0,0,2,13,0,3,32,0,96,224,15032385536,15032385536,0,1.663513,fifo,False,,cake,32,3,3,29,0,0.091936,0.077266,0.077168,0.0,0.015001,load,0.093063,1.006448,1.099569,319
20261008-175305-m7-b-nfs-fifo,2026-10-08T18:20:17+00:00,S1,0.25,128,1.0,nfs,0.0,0,2,14,7,4,48,0,112,240,16106127360,16106127360,0,2.202063,fifo,False,,cake,48,47,47,0,1,2.43852,2.389021,0.0,2.389006,0.049878,load,2.43978,1.244129,3.683983,62
20261008-175305-m7-b-nfs-fifo,2026-10-08T18:20:20+00:00,S1,0.25,128,1.0,nfs,0.0,0,2,15,6,3,32,0,128,256,17179869184,17179869184,0,1.663588,fifo,False,,cake,32,15,15,16,1,0.531773,1.851022,0.054389,1.796564,1.318923,recompute,1.852302,1.022101,2.874515,319
20261008-175305-m7-b-nfs-fifo,2026-10-08T18:20:23+00:00,S1,0.25,128,1.0,nfs,0.0,0,2,16,6,4,48,0,128,272,18253611008,18253611008,0,1.663556,fifo,False,,cake,48,15,15,32,1,0.637648,1.850488,0.082268,1.768073,1.212476,recompute,1.851465,1.241103,3.092691,319
20261008-175305-m7-b-nfs-fifo,2026-10-08T18:20:24+00:00,S1,0.25,128,1.0,nfs,0.0,0,2,17,2,1,0,0,128,288,19327352832,19327352832,0,1.663534,fifo,False,,none,0,,,,,,,,,,,,0.560685,0.560712,5809
20261008-175305-m7-b-nfs-fifo,2026-10-08T18:20:27+00:00,S1,0.25,128,1.0,nfs,0.0,0,2,18,1,3,32,0,96,304,20401094656,20401094656,0,2.741668,fifo,False,,cake,32,31,31,0,1,1.329759,2.929035,0.0,2.929015,1.59893,recompute,2.930098,1.00744,3.937655,319
20261008-175305-m7-b-nfs-fifo,2026-10-08T18:20:30+00:00,S1,0.25,128,1.0,nfs,0.0,0,2,19,5,3,32,0,112,320,21474836480,21474836480,0,1.663479,fifo,False,,cake,32,31,31,0,1,1.314979,1.850874,0.0,1.850857,0.535567,recompute,1.851979,1.008486,2.860603,319
20261008-175305-m7-b-nfs-fifo,2026-10-08T18:20:31+00:00,S1,0.25,128,1.0,nfs,0.0,0,2,20,2,2,16,0,128,336,22548578304,22548578304,0,1.663624,fifo,False,,cake,16,2,2,14,0,0.087438,0.051206,0.051147,0.0,0.036575,load,0.088538,0.786098,0.874711,319
20261008-175305-m7-b-nfs-fifo,2026-10-08T18:20:35+00:00,S1,0.25,128,1.0,nfs,0.0,0,2,21,5,4,48,0,128,352,23622320128,23622320128,0,2.42742,fifo,False,,cake,48,31,31,16,1,1.320804,2.614396,0.054132,2.560197,1.293234,recompute,2.615558,1.234369,3.850045,5809
20261008-175305-m7-b-nfs-fifo,2026-10-08T18:20:39+00:00,S1,0.25,128,1.0,nfs,0.0,0,2,22,0,4,48,0,96,368,24696061952,24696061952,0,1.663452,fifo,False,,cake,48,45,45,0,3,2.227794,2.228091,0.0,2.228048,8.6e-05,load,2.228994,1.236022,3.465082,319
20261008-175305-m7-b-nfs-fifo,2026-10-08T18:20:40+00:00,S1,0.25,128,1.0,nfs,0.0,0,2,23,2,3,32,0,112,384,25769803776,25769803776,0,1.663453,fifo,False,,cake,32,3,3,29,0,0.092359,0.07728,0.077185,0.0,0.015383,load,0.093386,1.009451,1.102914,319
20261008-175305-m7-b-nfs-fifo,2026-10-08T18:20:41+00:00,S1,0.25,128,1.0,nfs,0.0,0,2,24,2,4,48,0,128,400,26843545600,26843545600,0,2.198884,fifo,False,,cake,48,4,4,44,0,0.125448,0.103655,0.103518,0.0,0.022098,load,0.126545,1.235745,1.362342,319
20261008-175305-m7-b-nfs-fifo,2026-10-08T18:20:45+00:00,S1,0.25,128,1.0,nfs,0.0,0,2,25,1,4,48,0,112,416,27917287424,27917287424,0,2.474643,fifo,False,,cake,48,31,31,16,1,1.354662,2.661701,0.054284,2.607282,1.306792,recompute,2.662817,1.234976,3.89791,319
20261008-175305-m7-b-nfs-fifo,2026-10-08T18:20:48+00:00,S1,0.25,128,1.0,nfs,0.0,0,2,26,3,2,16,0,128,432,28991029248,28991029248,0,1.663475,fifo,False,,cake,16,15,15,0,1,0.530476,1.851077,0.0,1.851058,1.320272,recompute,1.852213,0.784925,2.637246,62
20261008-175305-m7-b-nfs-fifo,2026-10-08T18:20:50+00:00,S1,0.25,128,1.0,nfs,0.0,0,2,27,4,2,16,0,128,448,30064771072,30064771072,0,1.663625,fifo,False,,cake,16,15,15,0,1,0.62734,1.851114,0.0,1.851097,1.22345,recompute,1.852265,0.800506,2.652889,319
20261008-175305-m7-b-nfs-fifo,2026-10-08T18:20:53+00:00,S1,0.25,128,1.0,nfs,0.0,0,2,28,3,3,32,0,80,464,31138512896,31138512896,0,1.663448,fifo,False,,cake,32,15,15,16,1,0.530747,1.850782,0.054442,1.796264,1.319693,recompute,1.851771,1.022673,2.874579,319
20261008-175305-m7-b-nfs-fifo,2026-10-08T18:20:56+00:00,S1,0.25,128,1.0,nfs,0.0,0,2,29,3,4,48,0,96,480,32212254720,32212254720,0,1.663383,fifo,False,,cake,48,15,15,32,1,0.643223,1.850331,0.082091,1.768105,1.206779,recompute,1.851422,1.240975,3.092503,5809
20261008-175305-m7-b-nfs-fifo,2026-10-08T18:20:59+00:00,S1,0.25,128,1.0,nfs,0.0,0,2,30,4,3,32,0,112,496,33285996544,33285996544,0,1.663582,fifo,False,,cake,32,15,15,16,1,0.532164,1.850933,0.054329,1.796531,1.318446,recompute,1.85216,1.009023,2.861317,319
20261008-175305-m7-b-nfs-fifo,2026-10-08T18:21:02+00:00,S1,0.25,128,1.0,nfs,0.0,0,2,31,4,4,48,0,128,512,34359738368,34359738368,0,1.663572,fifo,False,,cake,48,15,15,32,1,0.56831,1.850422,0.082209,1.76807,1.281724,recompute,1.851472,1.233837,3.085466,319
20261008-175305-m7-b-nfs-fifo,2026-10-08T18:21:03+00:00,S4,0.25,128,1.0,nfs,0.0,0,2,0,7,1,0,0,16,0,1073741824,0,0,0.0,fifo,False,,none,0,,,,,,,,,,,,0.560255,0.560283,11906
20261008-175305-m7-b-nfs-fifo,2026-10-08T18:21:04+00:00,S4,0.25,128,1.0,nfs,0.0,0,2,1,1,1,0,0,32,0,2147483648,0,0,0.0,fifo,False,,none,0,,,,,,,,,,,,0.560117,0.560144,5809
20261008-175305-m7-b-nfs-fifo,2026-10-08T18:21:04+00:00,S4,0.25,128,1.0,nfs,0.0,0,2,2,5,1,0,0,48,0,3221225472,0,0,0.0,fifo,False,,none,0,,,,,,,,,,,,0.67356,0.67358,319
20261008-175305-m7-b-nfs-fifo,2026-10-08T18:21:05+00:00,S4,0.25,128,1.0,nfs,0.0,0,2,3,6,1,0,0,64,0,4294967296,0,0,0.0,fifo,False,,none,0,,,,,,,,,,,,0.670009,0.670049,5809
20261008-175305-m7-b-nfs-fifo,2026-10-08T18:21:06+00:00,S4,0.25,128,1.0,nfs,0.0,0,2,4,5,2,16,0,80,0,5368709120,0,0,0.0,fifo,False,,cake,16,2,2,14,0,0.088276,0.051295,0.051236,0.0,0.037313,load,0.089356,0.786822,0.876226,319
20261008-175305-m7-b-nfs-fifo,2026-10-08T18:21:06+00:00,S4,0.25,128,1.0,nfs,0.0,0,2,5,3,1,0,0,96,0,6442450944,0,0,0.0,fifo,False,,none,0,,,,,,,,,,,,0.560427,0.560465,319
20261008-175305-m7-b-nfs-fifo,2026-10-08T18:21:07+00:00,S4,0.25,128,1.0,nfs,0.0,0,2,6,7,2,16,0,112,0,7516192768,0,0,0.0,fifo,False,,cake,16,2,2,14,0,0.069863,0.05134,0.051284,0.0,0.018853,load,0.070845,0.787356,0.858247,319
20261008-175305-m7-b-nfs-fifo,2026-10-08T18:21:08+00:00,S4,0.25,128,1.0,nfs,0.0,0,2,7,7,3,32,0,128,0,8589934592,0,0,0.0,fifo,False,,cake,32,3,3,29,0,0.092157,0.077397,0.077331,0.0,0.015131,load,0.093263,1.010336,1.103653,319
20261008-175305-m7-b-nfs-fifo,2026-10-08T18:21:09+00:00,S4,0.25,128,1.0,nfs,0.0,0,2,8,4,1,0,0,128,16,9663676416,1073741824,16,0.0,fifo,False,,none,0,,,,,,,,,,,,0.560672,0.560706,319
20261008-175305-m7-b-nfs-fifo,2026-10-08T18:21:10+00:00,S4,0.25,128,1.0,nfs,0.0,0,2,9,0,1,0,0,128,32,10737418240,2147483648,32,1.663589,fifo,False,,none,0,,,,,,,,,,,,0.560742,0.560773,5809
20261008-175305-m7-b-nfs-fifo,2026-10-08T18:21:11+00:00,S4,0.25,128,1.0,nfs,0.0,0,2,10,0,2,16,0,112,64,11811160064,4294967296,64,2.741788,fifo,False,,cake,16,2,2,14,0,0.060134,0.051191,0.051151,0.0,0.009265,load,0.061261,0.787675,0.849027,319
20261008-175305-m7-b-nfs-fifo,2026-10-08T18:21:17+00:00,S4,0.25,128,1.0,nfs,0.0,0,2,11,1,2,16,0,128,64,12884901888,4294967296,64,5.195205,fifo,False,,cake,16,15,15,0,1,0.637142,5.382826,0.0,5.38281,4.745336,recompute,5.383923,0.819766,6.203821,5809
20261008-175305-m7-b-nfs-fifo,2026-10-08T18:21:18+00:00,S4,0.25,128,1.0,nfs,0.0,0,2,12,6,2,16,0,128,80,13958643712,5368709120,80,0.0,fifo,False,,cake,16,13,13,0,3,0.515338,0.566557,0.0,0.566515,0.050845,recompute,0.567646,0.785747,1.353493,25634
20261008-175305-m7-b-nfs-fifo,2026-10-08T18:21:19+00:00,S4,0.25,128,1.0,nfs,0.0,0,2,13,0,3,32,0,96,128,15032385536,8589934592,128,1.663513,fifo,False,,cake,32,3,3,29,0,0.092221,0.077368,0.077283,0.0,0.015211,load,0.093381,1.008383,1.101816,319
20261008-175305-m7-b-nfs-fifo,2026-10-08T18:21:26+00:00,S4,0.25,128,1.0,nfs,0.0,0,2,14,7,4,48,0,112,128,16106127360,8589934592,128,5.52768,fifo,False,,cake,48,47,47,0,1,2.330423,5.714643,0.0,5.714625,3.383857,recompute,5.715898,1.237489,6.953521,62
20261008-175305-m7-b-nfs-fifo,2026-10-08T18:21:28+00:00,S4,0.25,128,1.0,nfs,0.0,0,2,15,6,3,32,0,128,128,17179869184,8589934592,128,0.0,fifo,False,,cake,32,13,13,16,3,0.5584,0.621114,0.05452,0.566476,0.062323,recompute,0.622079,1.024144,1.64633,319
20261008-175305-m7-b-nfs-fifo,2026-10-08T18:21:30+00:00,S4,0.25,128,1.0,nfs,0.0,0,2,16,6,4,48,0,128,144,18253611008,9663676416,144,0.0,fifo,False,,cake,48,13,13,32,3,0.461997,0.650219,0.083538,0.566528,0.187955,recompute,0.651246,1.243547,1.894939,319
20261008-175305-m7-b-nfs-fifo,2026-10-08T18:21:30+00:00,S4,0.25,128,1.0,nfs,0.0,0,2,17,2,1,0,0,128,160,19327352832,10737418240,160,1.663527,fifo,False,,none,0,,,,,,,,,,,,0.561464,0.561485,5809
20261008-175305-m7-b-nfs-fifo,2026-10-08T18:21:34+00:00,S4,0.25,128,1.0,nfs,0.0,0,2,18,1,3,32,0,96,208,20401094656,13958643712,208,2.740996,fifo,False,,cake,32,31,31,0,1,1.328123,2.928364,0.0,2.928345,1.599902,recompute,2.929646,1.008235,3.937998,319
20261008-175305-m7-b-nfs-fifo,2026-10-08T18:21:41+00:00,S4,0.25,128,1.0,nfs,0.0,0,2,19,5,3,32,0,112,208,21474836480,13958643712,208,4.99125,fifo,False,,cake,32,31,31,0,1,1.315085,5.178824,0.0,5.178806,3.863375,recompute,5.18005,1.006646,6.186813,319
20261008-175305-m7-b-nfs-fifo,2026-10-08T18:21:41+00:00,S4,0.25,128,1.0,nfs,0.0,0,2,20,2,2,16,0,128,208,22548578304,13958643712,208,0.0,fifo,False,,cake,16,2,2,14,0,0.059855,0.051336,0.051284,0.0,0.008887,load,0.060955,0.786008,0.847011,319
20261008-175305-m7-b-nfs-fifo,2026-10-08T18:21:44+00:00,S4,0.25,128,1.0,nfs,0.0,0,2,21,5,4,48,0,128,224,23622320128,15032385536,224,0.0,fifo,False,,cake,48,26,26,16,6,1.077407,1.186927,0.054025,1.132765,0.109193,recompute,1.187852,1.23605,2.424014,5809
20261008-175305-m7-b-nfs-fifo,2026-10-08T18:21:47+00:00,S4,0.25,128,1.0,nfs,0.0,0,2,22,0,4,48,0,96,272,24696061952,18253611008,272,1.663447,fifo,False,,cake,48,45,45,0,3,2.206443,2.227935,0.0,2.227895,0.021155,recompute,2.228884,1.236127,3.465106,319
20261008-175305-m7-b-nfs-fifo,2026-10-08T18:21:49+00:00,S4,0.25,128,1.0,nfs,0.0,0,2,23,2,3,32,0,112,272,25769803776,18253611008,272,4.991221,fifo,False,,cake,32,3,3,29,0,0.09242,0.077449,0.077355,0.0,0.015279,load,0.093428,1.008852,1.102348,319
20261008-175305-m7-b-nfs-fifo,2026-10-08T18:21:50+00:00,S4,0.25,128,1.0,nfs,0.0,0,2,24,2,4,48,0,128,272,26843545600,18253611008,272,3.863175,fifo,False,,cake,48,3,3,45,0,0.13806,0.105338,0.10517,0.0,0.033099,load,0.139163,1.236035,1.375258,319
20261008-175305-m7-b-nfs-fifo,2026-10-08T18:21:54+00:00,S4,0.25,128,1.0,nfs,0.0,0,2,25,1,4,48,0,112,304,27917287424,20401094656,304,2.462009,fifo,False,,cake,48,31,31,16,1,1.334458,2.649117,0.054008,2.595033,1.314308,recompute,2.650279,1.234824,3.88521,319
20261008-175305-m7-b-nfs-fifo,2026-10-08T18:21:58+00:00,S4,0.25,128,1.0,nfs,0.0,0,2,26,3,2,16,0,128,304,28991029248,20401094656,304,3.327304,fifo,False,,cake,16,15,15,0,1,0.632223,3.514861,0.0,3.514841,2.88228,recompute,3.515859,0.799194,4.315154,62
20261008-175305-m7-b-nfs-fifo,2026-10-08T18:22:00+00:00,S4,0.25,128,1.0,nfs,0.0,0,2,27,4,2,16,0,128,320,30064771072,21474836480,320,0.0,fifo,False,,cake,16,13,13,0,3,0.447855,0.566539,0.0,0.566499,0.118309,recompute,0.567596,0.800772,1.36848,319
20261008-175305-m7-b-nfs-fifo,2026-10-08T18:22:02+00:00,S4,0.25,128,1.0,nfs,0.0,0,2,28,3,3,32,0,80,384,31138512896,25769803776,384,1.66342,fifo,False,,cake,32,15,15,16,1,0.635587,1.850604,0.054209,1.7963,1.214664,recompute,1.851542,1.02579,2.877439,319
20261008-175305-m7-b-nfs-fifo,2026-10-08T18:22:11+00:00,S4,0.25,128,1.0,nfs,0.0,0,2,29,3,4,48,0,96,384,32212254720,25769803776,384,6.655068,fifo,False,,cake,48,15,15,32,1,0.533294,6.842121,0.082013,6.759983,6.308436,recompute,6.843407,1.233812,8.077342,5809
20261008-175305-m7-b-nfs-fifo,2026-10-08T18:22:12+00:00,S4,0.25,128,1.0,nfs,0.0,0,2,30,4,3,32,0,112,384,33285996544,25769803776,384,0.0,fifo,False,,cake,32,13,13,16,3,0.500096,0.620995,0.054306,0.566586,0.120498,recompute,0.62215,1.008355,1.630641,319
20261008-175305-m7-b-nfs-fifo,2026-10-08T18:22:14+00:00,S4,0.25,128,1.0,nfs,0.0,0,2,31,4,4,48,0,128,384,34359738368,25769803776,384,0.0,fifo,False,,cake,48,14,14,32,2,0.491559,0.4602,0.082354,0.377713,0.031707,load,0.492671,1.234752,1.72749,319
20261008-175305-m7-b-nfs-fifo,2026-10-08T18:22:15+00:00,S4+,0.25,128,1.0,nfs,0.0,0,2,0,7,1,0,0,16,0,1073741824,0,0,0.0,fifo,False,,none,0,,,,,,,,,,,,0.560327,0.560351,11906
20261008-175305-m7-b-nfs-fifo,2026-10-08T18:22:15+00:00,S4+,0.25,128,1.0,nfs,0.0,0,2,1,1,1,0,0,32,0,2147483648,0,0,0.0,fifo,False,,none,0,,,,,,,,,,,,0.561219,0.561262,5809
20261008-175305-m7-b-nfs-fifo,2026-10-08T18:22:16+00:00,S4+,0.25,128,1.0,nfs,0.0,0,2,2,5,1,0,0,48,0,3221225472,0,0,0.0,fifo,False,,none,0,,,,,,,,,,,,0.673153,0.673186,319
20261008-175305-m7-b-nfs-fifo,2026-10-08T18:22:17+00:00,S4+,0.25,128,1.0,nfs,0.0,0,2,3,6,1,0,0,64,0,4294967296,0,0,0.0,fifo,False,,none,0,,,,,,,,,,,,0.671232,0.671251,5809
20261008-175305-m7-b-nfs-fifo,2026-10-08T18:22:17+00:00,S4+,0.25,128,1.0,nfs,0.0,0,2,4,5,2,16,0,80,0,5368709120,0,0,0.0,fifo,False,,cake,16,2,2,14,0,0.087476,0.051364,0.051304,0.0,0.036405,load,0.088373,0.786699,0.875117,319
20261008-175305-m7-b-nfs-fifo,2026-10-08T18:22:18+00:00,S4+,0.25,128,1.0,nfs,0.0,0,2,5,3,1,0,0,96,0,6442450944,0,0,0.0,fifo,False,,none,0,,,,,,,,,,,,0.560848,0.560913,319
20261008-175305-m7-b-nfs-fifo,2026-10-08T18:22:19+00:00,S4+,0.25,128,1.0,nfs,0.0,0,2,6,7,2,16,0,112,0,7516192768,0,0,0.0,fifo,False,,cake,16,2,2,14,0,0.069177,0.051751,0.051697,0.0,0.017761,load,0.070062,0.786807,0.856916,319
20261008-175305-m7-b-nfs-fifo,2026-10-08T18:22:20+00:00,S4+,0.25,128,1.0,nfs,0.0,0,2,7,7,3,32,0,128,0,8589934592,0,0,0.0,fifo,False,,cake,32,3,3,29,0,0.092074,0.077491,0.077399,0.0,0.014945,load,0.093133,1.009,1.102184,319
20261008-175305-m7-b-nfs-fifo,2026-10-08T18:22:21+00:00,S4+,0.25,128,1.0,nfs,0.0,0,2,8,4,1,0,0,128,16,9663676416,1073741824,16,0.0,fifo,False,,none,0,,,,,,,,,,,,0.561204,0.561234,319
20261008-175305-m7-b-nfs-fifo,2026-10-08T18:22:21+00:00,S4+,0.25,128,1.0,nfs,0.0,0,2,9,0,1,0,0,128,32,10737418240,2147483648,32,1.663289,fifo,False,,none,0,,,,,,,,,,,,0.560538,0.560565,5809
20261008-175305-m7-b-nfs-fifo,2026-10-08T18:22:25+00:00,S4+,0.25,128,1.0,nfs,0.0,0,2,10,0,2,16,0,128,48,11811160064,3221225472,48,2.741422,fifo,False,,cake,16,3,3,12,1,0.091171,2.929075,0.047299,2.881705,2.837556,recompute,2.930214,0.783677,3.713989,319
20261008-175305-m7-b-nfs-fifo,2026-10-08T18:22:28+00:00,S4+,0.25,128,1.0,nfs,0.0,0,2,11,1,2,16,0,128,64,12884901888,4294967296,64,1.663208,fifo,False,,cake,16,6,6,9,1,0.187904,1.850901,0.042115,1.808739,1.662618,recompute,1.852132,0.813049,2.665304,5809
20261008-175305-m7-b-nfs-fifo,2026-10-08T18:22:30+00:00,S4+,0.25,128,1.0,nfs,0.0,0,2,12,6,2,16,0,128,80,13958643712,5368709120,80,1.663217,fifo,False,,cake,16,9,9,6,1,0.328273,1.850775,0.036889,1.813846,1.522093,recompute,1.851874,0.799654,2.651622,25634
20261008-175305-m7-b-nfs-fifo,2026-10-08T18:22:33+00:00,S4+,0.25,128,1.0,nfs,0.0,0,2,13,0,3,32,0,128,96,15032385536,6442450944,96,1.663216,fifo,False,,cake,32,10,10,21,1,0.331975,1.850594,0.063012,1.787496,1.518282,recompute,1.851668,1.022491,2.874262,319
20261008-175305-m7-b-nfs-fifo,2026-10-08T18:22:36+00:00,S4+,0.25,128,1.0,nfs,0.0,0,2,14,7,4,48,0,128,112,16106127360,7516192768,112,1.663173,fifo,False,,cake,48,13,13,34,1,0.468623,1.850147,0.085681,1.764322,1.381139,recompute,1.851203,1.240162,3.091481,62
20261008-175305-m7-b-nfs-fifo,2026-10-08T18:22:39+00:00,S4+,0.25,128,1.0,nfs,0.0,0,2,15,6,3,32,0,128,128,17179869184,8589934592,128,1.663184,fifo,False,,cake,32,15,15,16,1,0.532149,1.850431,0.053924,1.796449,1.317925,recompute,1.851539,1.010474,2.86211,319
20261008-175305-m7-b-nfs-fifo,2026-10-08T18:22:42+00:00,S4+,0.25,128,1.0,nfs,0.0,0,2,16,6,4,48,0,128,144,18253611008,9663676416,144,1.663161,fifo,False,,cake,48,18,18,29,1,0.662457,1.850174,0.076599,1.773466,1.187372,recompute,1.851275,1.233771,3.085149,319
20261008-175305-m7-b-nfs-fifo,2026-10-08T18:22:43+00:00,S4+,0.25,128,1.0,nfs,0.0,0,2,17,2,1,0,0,128,160,19327352832,10737418240,160,1.663147,fifo,False,,none,0,,,,,,,,,,,,0.672703,0.672749,5809
20261008-175305-m7-b-nfs-fifo,2026-10-08T18:22:47+00:00,S4+,0.25,128,1.0,nfs,0.0,0,2,18,1,3,32,0,128,176,20401094656,11811160064,176,2.629052,fifo,False,,cake,32,22,22,9,1,0.956508,2.816274,0.041544,2.774673,1.85939,recompute,2.817347,1.007162,3.82463,319
20261008-175305-m7-b-nfs-fifo,2026-10-08T18:22:50+00:00,S4+,0.25,128,1.0,nfs,0.0,0,2,19,5,3,32,0,128,192,21474836480,12884901888,192,1.663131,fifo,False,,cake,32,25,25,6,1,0.995856,1.850479,0.036367,1.814076,0.854281,recompute,1.851441,1.01975,2.871291,319
20261008-175305-m7-b-nfs-fifo,2026-10-08T18:22:52+00:00,S4+,0.25,128,1.0,nfs,0.0,0,2,20,2,2,16,0,128,208,22548578304,13958643712,208,1.663129,fifo,False,,cake,16,15,15,0,1,0.543649,1.850802,0.0,1.850785,1.306806,recompute,1.851921,0.784982,2.637014,319
20261008-175305-m7-b-nfs-fifo,2026-10-08T18:22:56+00:00,S4+,0.25,128,1.0,nfs,0.0,0,2,21,5,4,48,0,128,224,23622320128,15032385536,224,1.66312,fifo,False,,cake,48,28,28,19,1,1.157002,1.850172,0.059005,1.791097,0.692861,recompute,1.851237,1.234454,3.08579,5809
20261008-175305-m7-b-nfs-fifo,2026-10-08T18:22:59+00:00,S4+,0.25,128,1.0,nfs,0.0,0,2,22,0,4,48,0,128,240,24696061952,16106127360,240,1.663083,fifo,False,,cake,48,31,31,16,1,1.319086,1.850102,0.053689,1.796344,0.53064,recompute,1.851231,1.235037,3.086385,319
20261008-175305-m7-b-nfs-fifo,2026-10-08T18:23:02+00:00,S4+,0.25,128,1.0,nfs,0.0,0,2,23,2,3,32,0,128,256,25769803776,17179869184,256,1.663056,fifo,False,,cake,32,31,31,0,1,1.416738,1.85031,0.0,1.850292,0.433205,recompute,1.851393,1.008743,2.860269,319
20261008-175305-m7-b-nfs-fifo,2026-10-08T18:23:05+00:00,S4+,0.25,128,1.0,nfs,0.0,0,2,24,2,4,48,0,128,272,26843545600,18253611008,272,1.663088,fifo,False,,cake,48,36,36,11,1,1.628757,1.850116,0.044797,1.805269,0.221012,recompute,1.85108,1.243036,3.09424,319
20261008-175305-m7-b-nfs-fifo,2026-10-08T18:23:08+00:00,S4+,0.25,128,1.0,nfs,0.0,0,2,25,1,4,48,0,128,288,27917287424,19327352832,288,1.663034,fifo,False,,cake,48,38,38,8,2,1.85915,2.038741,0.039388,1.999292,0.179184,recompute,2.039813,1.242124,3.282044,319
20261008-175305-m7-b-nfs-fifo,2026-10-08T18:23:11+00:00,S4+,0.25,128,1.0,nfs,0.0,0,2,26,3,2,16,0,128,304,28991029248,20401094656,304,1.663053,fifo,False,,cake,16,15,15,0,1,0.531992,1.850792,0.0,1.850777,1.31854,recompute,1.851909,0.802277,2.654312,62
20261008-175305-m7-b-nfs-fifo,2026-10-08T18:23:13+00:00,S4+,0.25,128,1.0,nfs,0.0,0,2,27,4,2,16,0,128,320,30064771072,21474836480,320,1.663049,fifo,False,,cake,16,15,15,0,1,0.629667,1.85065,0.0,1.850633,1.220622,recompute,1.851739,0.78466,2.636553,319
20261008-175305-m7-b-nfs-fifo,2026-10-08T18:23:16+00:00,S4+,0.25,128,1.0,nfs,0.0,0,2,28,3,3,32,0,128,336,31138512896,22548578304,336,1.663038,fifo,False,,cake,32,31,31,0,1,1.316653,1.850302,0.0,1.850284,0.533383,recompute,1.851374,1.008101,2.859615,319
20261008-175305-m7-b-nfs-fifo,2026-10-08T18:23:20+00:00,S4+,0.25,128,1.0,nfs,0.0,0,2,29,3,4,48,0,128,352,32212254720,23622320128,352,1.662995,fifo,False,,cake,48,41,41,5,2,2.036606,2.038768,0.034114,2.004602,0.001828,recompute,2.039632,1.236996,3.276704,5809
20261008-175305-m7-b-nfs-fifo,2026-10-08T18:23:22+00:00,S4+,0.25,128,1.0,nfs,0.0,0,2,30,4,3,32,0,128,368,33285996544,24696061952,368,1.662999,fifo,False,,cake,32,31,31,0,1,1.318559,1.85022,0.0,1.850204,0.531369,recompute,1.851398,1.009214,2.860735,319
20261008-175305-m7-b-nfs-fifo,2026-10-08T18:23:26+00:00,S4+,0.25,128,1.0,nfs,0.0,0,2,31,4,4,48,0,128,384,34359738368,25769803776,384,1.662984,fifo,False,,cake,48,43,43,2,3,2.168601,2.227395,0.028869,2.198479,0.058446,recompute,2.228381,1.236214,3.464696,319
20261008-175305-m7-b-nfs-fifo,2026-10-08T18:23:27+00:00,S4+P,0.25,128,1.0,nfs,0.0,0,2,0,7,1,0,0,16,0,1073741824,0,0,0.0,fifo,False,,none,0,,,,,,,,,,,,0.561422,0.561452,11906
20261008-175305-m7-b-nfs-fifo,2026-10-08T18:23:27+00:00,S4+P,0.25,128,1.0,nfs,0.0,0,2,1,1,1,0,0,32,0,2147483648,0,0,0.0,fifo,False,,none,0,,,,,,,,,,,,0.560833,0.560861,5809
20261008-175305-m7-b-nfs-fifo,2026-10-08T18:23:28+00:00,S4+P,0.25,128,1.0,nfs,0.0,0,2,2,5,1,0,0,48,0,3221225472,0,0,0.0,fifo,False,,none,0,,,,,,,,,,,,0.561176,0.561203,319
20261008-175305-m7-b-nfs-fifo,2026-10-08T18:23:28+00:00,S4+P,0.25,128,1.0,nfs,0.0,0,2,3,6,1,0,0,64,0,4294967296,0,0,0.0,fifo,False,,none,0,,,,,,,,,,,,0.620345,0.620367,5809
20261008-175305-m7-b-nfs-fifo,2026-10-08T18:23:29+00:00,S4+P,0.25,128,1.0,nfs,0.0,0,2,4,5,2,16,0,80,0,5368709120,0,0,0.0,fifo,False,,cake,16,2,2,14,0,0.088007,0.051244,0.051186,0.0,0.037104,load,0.089023,0.78744,0.876541,319
20261008-175305-m7-b-nfs-fifo,2026-10-08T18:23:30+00:00,S4+P,0.25,128,1.0,nfs,0.0,0,2,5,3,1,0,0,96,0,6442450944,0,0,0.0,fifo,False,,none,0,,,,,,,,,,,,0.672292,0.672362,319
20261008-175305-m7-b-nfs-fifo,2026-10-08T18:23:31+00:00,S4+P,0.25,128,1.0,nfs,0.0,0,2,6,7,2,16,0,112,0,7516192768,0,0,0.0,fifo,False,,cake,16,2,2,14,0,0.086692,0.051526,0.051463,0.0,0.035542,load,0.087708,0.786313,0.874089,319
20261008-175305-m7-b-nfs-fifo,2026-10-08T18:23:32+00:00,S4+P,0.25,128,1.0,nfs,0.0,0,2,7,7,3,32,0,128,0,8589934592,0,0,0.0,fifo,False,,cake,32,3,3,29,0,0.105587,0.077293,0.077178,0.0,0.028628,load,0.106605,1.00912,1.115787,319
20261008-175305-m7-b-nfs-fifo,2026-10-08T18:23:33+00:00,S4+P,0.25,128,1.0,nfs,0.0,0,2,8,4,1,0,0,128,16,9663676416,1073741824,16,0.0,fifo,False,,none,0,,,,,,,,,,,,0.561355,0.561381,319
20261008-175305-m7-b-nfs-fifo,2026-10-08T18:23:33+00:00,S4+P,0.25,128,1.0,nfs,0.0,0,2,9,0,1,0,0,128,32,10737418240,2147483648,32,1.662972,fifo,False,,none,0,,,,,,,,,,,,0.560726,0.560755,5809
20261008-175305-m7-b-nfs-fifo,2026-10-08T18:23:34+00:00,S4+P,0.25,128,1.0,nfs,0.0,0,2,10,0,2,16,0,128,48,11811160064,3221225472,48,2.740582,fifo,False,,cake,16,2,2,14,0,0.060069,0.050678,0.050631,0.0,0.009746,load,0.061117,0.786062,0.847228,319
20261008-175305-m7-b-nfs-fifo,2026-10-08T18:23:39+00:00,S4+P,0.25,128,1.0,nfs,0.0,0,2,11,1,2,16,0,128,64,12884901888,4294967296,64,3.531461,fifo,False,,cake,16,15,15,0,1,0.559285,3.719132,0.0,3.719114,3.159518,recompute,3.720122,0.799414,4.519653,5809
20261008-175305-m7-b-nfs-fifo,2026-10-08T18:23:41+00:00,S4+P,0.25,128,1.0,nfs,0.0,0,2,12,6,2,16,0,128,80,13958643712,5368709120,80,1.662931,fifo,False,,cake,16,15,15,0,1,0.529842,1.850639,0.0,1.850621,1.320432,recompute,1.851696,0.799651,2.651441,25634
20261008-175305-m7-b-nfs-fifo,2026-10-08T18:23:42+00:00,S4+P,0.25,128,1.0,nfs,0.0,0,2,13,0,3,32,0,128,96,15032385536,6442450944,96,1.662892,fifo,False,,cake,32,3,3,29,0,0.091978,0.076861,0.076762,0.0,0.015445,load,0.093059,1.026811,1.119921,319
20261008-175305-m7-b-nfs-fifo,2026-10-08T18:23:46+00:00,S4+P,0.25,128,1.0,nfs,0.0,0,2,14,7,4,48,0,128,112,16106127360,7516192768,112,2.180645,fifo,False,,cake,48,11,11,36,1,0.371484,2.36767,0.088814,2.278727,1.9958,recompute,2.368991,1.236847,3.605959,62
20261008-175305-m7-b-nfs-fifo,2026-10-08T18:23:49+00:00,S4+P,0.25,128,1.0,nfs,0.0,0,2,15,6,3,32,0,128,128,17179869184,8589934592,128,1.662892,fifo,False,,cake,32,15,15,16,1,0.547361,1.85017,0.05386,1.796236,1.302409,recompute,1.851133,1.006456,2.857687,319
20261008-175305-m7-b-nfs-fifo,2026-10-08T18:23:52+00:00,S4+P,0.25,128,1.0,nfs,0.0,0,2,16,6,4,48,0,128,144,18253611008,9663676416,144,1.662876,fifo,False,,cake,48,15,15,32,1,0.532324,1.849925,0.081774,1.768032,1.317277,recompute,1.850962,1.234135,3.085191,319
20261008-175305-m7-b-nfs-fifo,2026-10-08T18:23:53+00:00,S4+P,0.25,128,1.0,nfs,0.0,0,2,17,2,1,0,0,128,160,19327352832,10737418240,160,1.662882,fifo,False,,none,0,,,,,,,,,,,,0.560107,0.56016,5809
20261008-175305-m7-b-nfs-fifo,2026-10-08T18:23:57+00:00,S4+P,0.25,128,1.0,nfs,0.0,0,2,18,1,3,32,0,128,176,20401094656,11811160064,176,2.740963,fifo,False,,cake,32,31,31,0,1,1.316185,2.928317,0.0,2.928298,1.611785,recompute,2.929536,1.008223,3.937886,319
20261008-175305-m7-b-nfs-fifo,2026-10-08T18:23:59+00:00,S4+P,0.25,128,1.0,nfs,0.0,0,2,19,5,3,32,0,128,192,21474836480,12884901888,192,1.662833,fifo,False,,cake,32,31,31,0,1,1.329457,1.850084,0.0,1.850068,0.520266,recompute,1.851264,1.008531,2.859907,319
20261008-175305-m7-b-nfs-fifo,2026-10-08T18:24:00+00:00,S4+P,0.25,128,1.0,nfs,0.0,0,2,20,2,2,16,0,128,208,22548578304,13958643712,208,1.662846,fifo,False,,cake,16,2,2,14,0,0.060053,0.050578,0.050523,0.0,0.009809,load,0.061122,0.786797,0.848005,319
20261008-175305-m7-b-nfs-fifo,2026-10-08T18:24:04+00:00,S4+P,0.25,128,1.0,nfs,0.0,0,2,21,5,4,48,0,128,224,23622320128,15032385536,224,2.45277,fifo,False,,cake,48,31,31,16,1,1.427986,2.639645,0.053348,2.586215,1.211296,recompute,2.640791,1.234343,3.875229,5809
20261008-175305-m7-b-nfs-fifo,2026-10-08T18:24:08+00:00,S4+P,0.25,128,1.0,nfs,0.0,0,2,22,0,4,48,0,128,240,24696061952,16106127360,240,1.662764,fifo,False,,cake,48,45,45,0,3,2.19389,2.227312,0.0,2.22727,0.033077,recompute,2.228363,1.236649,3.465114,319
20261008-175305-m7-b-nfs-fifo,2026-10-08T18:24:09+00:00,S4+P,0.25,128,1.0,nfs,0.0,0,2,23,2,3,32,0,128,256,25769803776,17179869184,256,1.662773,fifo,False,,cake,32,3,3,29,0,0.106477,0.076613,0.076504,0.0,0.030201,load,0.107407,1.01221,1.119663,319
20261008-175305-m7-b-nfs-fifo,2026-10-08T18:24:10+00:00,S4+P,0.25,128,1.0,nfs,0.0,0,2,24,2,4,48,0,128,272,26843545600,18253611008,272,2.180597,fifo,False,,cake,48,4,4,44,0,0.125738,0.102744,0.102607,0.0,0.023383,load,0.12684,1.244733,1.371623,319
20261008-175305-m7-b-nfs-fifo,2026-10-08T18:24:14+00:00,S4+P,0.25,128,1.0,nfs,0.0,0,2,25,1,4,48,0,128,288,27917287424,19327352832,288,2.446253,fifo,False,,cake,48,37,37,10,1,1.690856,2.633196,0.042679,2.590466,0.941981,recompute,2.634292,1.239555,3.873944,319
20261008-175305-m7-b-nfs-fifo,2026-10-08T18:24:17+00:00,S4+P,0.25,128,1.0,nfs,0.0,0,2,26,3,2,16,0,128,304,28991029248,20401094656,304,1.662747,fifo,False,,cake,16,15,15,0,1,0.530856,1.85037,0.0,1.850353,1.319179,recompute,1.851423,0.800935,2.652491,62
20261008-175305-m7-b-nfs-fifo,2026-10-08T18:24:19+00:00,S4+P,0.25,128,1.0,nfs,0.0,0,2,27,4,2,16,0,128,320,30064771072,21474836480,320,1.662758,fifo,False,,cake,16,15,15,0,1,0.62478,1.850402,0.0,1.850383,1.225349,recompute,1.851551,0.784138,2.635784,319
20261008-175305-m7-b-nfs-fifo,2026-10-08T18:24:22+00:00,S4+P,0.25,128,1.0,nfs,0.0,0,2,28,3,3,32,0,128,336,31138512896,22548578304,336,1.662732,fifo,False,,cake,32,15,15,16,1,0.531504,1.850035,0.053558,1.796413,1.318176,recompute,1.851188,1.007122,2.858442,319
20261008-175305-m7-b-nfs-fifo,2026-10-08T18:24:25+00:00,S4+P,0.25,128,1.0,nfs,0.0,0,2,29,3,4,48,0,128,352,32212254720,23622320128,352,1.662706,fifo,False,,cake,48,15,15,32,1,0.648735,1.849633,0.081309,1.768179,1.200482,recompute,1.850585,1.234526,3.085208,5809
20261008-175305-m7-b-nfs-fifo,2026-10-08T18:24:28+00:00,S4+P,0.25,128,1.0,nfs,0.0,0,2,30,4,3,32,0,128,368,33285996544,24696061952,368,1.662716,fifo,False,,cake,32,15,15,16,1,0.531501,1.850008,0.053583,1.796362,1.318153,recompute,1.851181,1.007403,2.858749,319
20261008-175305-m7-b-nfs-fifo,2026-10-08T18:24:31+00:00,S4+P,0.25,128,1.0,nfs,0.0,0,2,31,4,4,48,0,128,384,34359738368,25769803776,384,1.66269,fifo,False,,cake,48,15,15,32,1,0.644503,1.849661,0.081967,1.76756,1.204784,recompute,1.850698,1.234386,3.085197,319
20261008-175305-m7-b-nfs-fifo,2026-10-08T18:24:32+00:00,S5,0.25,128,1.0,nfs,0.0,0,2,0,7,1,0,0,16,0,1073741824,0,0,0.0,fifo,False,,none,0,,,,,,,,,,,,0.560477,0.560504,11906
20261008-175305-m7-b-nfs-fifo,2026-10-08T18:24:33+00:00,S5,0.25,128,1.0,nfs,0.0,0,2,1,1,1,0,0,32,0,2147483648,0,0,0.0,fifo,False,,none,0,,,,,,,,,,,,0.560398,0.560427,5809
20261008-175305-m7-b-nfs-fifo,2026-10-08T18:24:33+00:00,S5,0.25,128,1.0,nfs,0.0,0,2,2,5,1,0,0,48,0,3221225472,0,0,0.0,fifo,False,,none,0,,,,,,,,,,,,0.560903,0.560948,319
20261008-175305-m7-b-nfs-fifo,2026-10-08T18:24:34+00:00,S5,0.25,128,1.0,nfs,0.0,0,2,3,6,1,0,0,64,0,4294967296,0,0,0.0,fifo,False,,none,0,,,,,,,,,,,,0.671072,0.671137,5809
20261008-175305-m7-b-nfs-fifo,2026-10-08T18:24:35+00:00,S5,0.25,128,1.0,nfs,0.0,0,2,4,5,2,16,0,80,0,5368709120,0,0,0.0,fifo,False,,cake,16,2,2,14,0,0.087437,0.051358,0.051296,0.0,0.036475,load,0.088489,0.787116,0.87568,319
20261008-175305-m7-b-nfs-fifo,2026-10-08T18:24:36+00:00,S5,0.25,128,1.0,nfs,0.0,0,2,5,3,1,0,0,96,0,6442450944,0,0,0.0,fifo,False,,none,0,,,,,,,,,,,,0.659434,0.659468,319
20261008-175305-m7-b-nfs-fifo,2026-10-08T18:24:36+00:00,S5,0.25,128,1.0,nfs,0.0,0,2,6,7,2,16,0,112,0,7516192768,0,0,0.0,fifo,False,,cake,16,2,2,14,0,0.070953,0.051344,0.051285,0.0,0.019947,load,0.071984,0.786634,0.858668,319
20261008-175305-m7-b-nfs-fifo,2026-10-08T18:24:38+00:00,S5,0.25,128,1.0,nfs,0.0,0,2,7,7,3,32,0,128,0,8589934592,0,0,0.0,fifo,False,,cake,32,3,3,29,0,0.092178,0.077423,0.077325,0.0,0.015063,load,0.093233,1.008858,1.102143,319
20261008-175305-m7-b-nfs-fifo,2026-10-08T18:24:38+00:00,S5,0.25,128,1.0,nfs,0.0,0,2,8,4,1,0,0,128,16,9663676416,1073741824,16,0.0,fifo,False,,none,0,,,,,,,,,,,,0.560975,0.561005,319
20261008-175305-m7-b-nfs-fifo,2026-10-08T18:24:39+00:00,S5,0.25,128,1.0,nfs,0.0,0,2,9,0,1,0,0,128,32,10737418240,2147483648,32,1.663291,fifo,False,,none,0,,,,,,,,,,,,0.561085,0.561114,5809
20261008-175305-m7-b-nfs-fifo,2026-10-08T18:24:42+00:00,S5,0.25,128,1.0,nfs,0.0,0,2,10,0,2,16,0,128,48,11811160064,3221225472,48,2.740953,fifo,False,,cake,16,3,3,12,1,0.090906,2.928574,0.047566,2.880939,2.83734,recompute,2.92977,0.795974,3.725855,319
20261008-175305-m7-b-nfs-fifo,2026-10-08T18:24:45+00:00,S5,0.25,128,1.0,nfs,0.0,0,2,11,1,2,16,0,128,64,12884901888,4294967296,64,1.66323,fifo,False,,cake,16,6,6,9,1,0.188292,1.850874,0.042171,1.808643,1.662276,recompute,1.85211,0.799632,2.651875,5809
20261008-175305-m7-b-nfs-fifo,2026-10-08T18:24:48+00:00,S5,0.25,128,1.0,nfs,0.0,0,2,12,6,2,16,0,128,80,13958643712,5368709120,80,1.663223,fifo,False,,cake,16,9,9,6,1,0.374779,1.850746,0.036809,1.813899,1.475618,recompute,1.851822,0.799408,2.651347,25634
20261008-175305-m7-b-nfs-fifo,2026-10-08T18:24:51+00:00,S5,0.25,128,1.0,nfs,0.0,0,2,13,0,3,32,0,128,96,15032385536,6442450944,96,1.663162,fifo,False,,cake,32,10,10,21,1,0.331932,1.850373,0.062698,1.787591,1.518135,recompute,1.85144,1.025961,2.877547,319
20261008-175305-m7-b-nfs-fifo,2026-10-08T18:24:54+00:00,S5,0.25,128,1.0,nfs,0.0,0,2,14,7,4,48,0,128,112,16106127360,7516192768,112,1.66317,fifo,False,,cake,48,13,13,34,1,0.565314,1.850225,0.085423,1.764646,1.284564,recompute,1.851211,1.233135,3.084464,62
20261008-175305-m7-b-nfs-fifo,2026-10-08T18:24:57+00:00,S5,0.25,128,1.0,nfs,0.0,0,2,15,6,3,32,0,128,128,17179869184,8589934592,128,1.663172,fifo,False,,cake,32,15,15,16,1,0.530956,1.850493,0.053986,1.796434,1.319161,recompute,1.851781,1.021304,2.873182,319
20261008-175305-m7-b-nfs-fifo,2026-10-08T18:25:00+00:00,S5,0.25,128,1.0,nfs,0.0,0,2,16,6,4,48,0,128,144,18253611008,9663676416,144,1.663165,fifo,False,,cake,48,18,18,29,1,0.664128,1.850164,0.076722,1.773333,1.185731,recompute,1.851264,1.234268,3.085665,319
20261008-175305-m7-b-nfs-fifo,2026-10-08T18:25:00+00:00,S5,0.25,128,1.0,nfs,0.0,0,2,17,2,1,0,0,128,160,19327352832,10737418240,160,1.663172,fifo,False,,none,0,,,,,,,,,,,,0.560339,0.560367,5809
20261008-175305-m7-b-nfs-fifo,2026-10-08T18:25:04+00:00,S5,0.25,128,1.0,nfs,0.0,0,2,18,1,3,32,0,128,176,20401094656,11811160064,176,2.741491,fifo,False,,cake,32,22,22,9,1,0.877488,2.928781,0.041649,2.887083,2.050997,recompute,2.9298,1.00763,3.937581,319
20261008-175305-m7-b-nfs-fifo,2026-10-08T18:25:07+00:00,S5,0.25,128,1.0,nfs,0.0,0,2,19,5,3,32,0,128,192,21474836480,12884901888,192,1.663136,fifo,False,,cake,32,25,25,6,1,0.996043,1.850453,0.036497,1.813917,0.854085,recompute,1.851667,1.008749,2.860541,319
20261008-175305-m7-b-nfs-fifo,2026-10-08T18:25:10+00:00,S5,0.25,128,1.0,nfs,0.0,0,2,20,2,2,16,0,128,208,22548578304,13958643712,208,1.663111,fifo,False,,cake,16,15,15,0,1,0.531487,1.850758,0.0,1.850743,1.318944,recompute,1.851835,0.78451,2.636531,319
20261008-175305-m7-b-nfs-fifo,2026-10-08T18:25:13+00:00,S5,0.25,128,1.0,nfs,0.0,0,2,21,5,4,48,0,128,224,23622320128,15032385536,224,1.663122,fifo,False,,cake,48,28,28,19,1,1.153449,1.850154,0.058911,1.791161,0.69638,recompute,1.851324,1.234893,3.086332,5809
20261008-175305-m7-b-nfs-fifo,2026-10-08T18:25:16+00:00,S5,0.25,128,1.0,nfs,0.0,0,2,22,0,4,48,0,128,240,24696061952,16106127360,240,1.663087,fifo,False,,cake,48,31,31,16,1,1.337304,1.850001,0.053691,1.796235,0.512352,recompute,1.851146,1.23898,3.090241,319
20261008-175305-m7-b-nfs-fifo,2026-10-08T18:25:19+00:00,S5,0.25,128,1.0,nfs,0.0,0,2,23,2,3,32,0,128,256,25769803776,17179869184,256,1.663104,fifo,False,,cake,32,31,31,0,1,1.344493,1.850448,0.0,1.850431,0.505625,recompute,1.851543,1.026171,2.877837,319
20261008-175305-m7-b-nfs-fifo,2026-10-08T18:25:22+00:00,S5,0.25,128,1.0,nfs,0.0,0,2,24,2,4,48,0,128,272,26843545600,18253611008,272,1.663071,fifo,False,,cake,48,36,36,11,1,1.625982,1.850078,0.044778,1.805242,0.223771,recompute,1.851157,1.242493,3.093781,319
20261008-175305-m7-b-nfs-fifo,2026-10-08T18:25:26+00:00,S5,0.25,128,1.0,nfs,0.0,0,2,25,1,4,48,0,128,288,27917287424,19327352832,288,1.663032,fifo,False,,cake,48,38,38,8,2,1.853258,2.038747,0.039676,1.999004,0.185133,recompute,2.039864,1.24271,3.282672,319
20261008-175305-m7-b-nfs-fifo,2026-10-08T18:25:28+00:00,S5,0.25,128,1.0,nfs,0.0,0,2,26,3,2,16,0,128,304,28991029248,20401094656,304,1.663064,fifo,False,,cake,16,15,15,0,1,0.530422,1.85074,0.0,1.850723,1.319992,recompute,1.851904,0.784869,2.636905,62
20261008-175305-m7-b-nfs-fifo,2026-10-08T18:25:31+00:00,S5,0.25,128,1.0,nfs,0.0,0,2,27,4,2,16,0,128,320,30064771072,21474836480,320,1.663021,fifo,False,,cake,16,15,15,0,1,0.634713,1.850627,0.0,1.850609,1.215562,recompute,1.851691,0.785558,2.637343,319
20261008-175305-m7-b-nfs-fifo,2026-10-08T18:25:34+00:00,S5,0.25,128,1.0,nfs,0.0,0,2,28,3,3,32,0,128,336,31138512896,22548578304,336,1.663052,fifo,False,,cake,32,31,31,0,1,1.316379,1.850538,0.0,1.850522,0.533839,recompute,1.851554,1.00886,2.86053,319
20261008-175305-m7-b-nfs-fifo,2026-10-08T18:25:37+00:00,S5,0.25,128,1.0,nfs,0.0,0,2,29,3,4,48,0,128,352,32212254720,23622320128,352,1.662995,fifo,False,,cake,48,41,41,5,2,2.036515,2.038663,0.033959,2.004655,0.001831,recompute,2.039562,1.23692,3.27656,5809
20261008-175305-m7-b-nfs-fifo,2026-10-08T18:25:40+00:00,S5,0.25,128,1.0,nfs,0.0,0,2,30,4,3,32,0,128,368,33285996544,24696061952,368,1.663011,fifo,False,,cake,32,31,31,0,1,1.31878,1.850245,0.0,1.85023,0.531151,recompute,1.851452,1.009792,2.861394,319
20261008-175305-m7-b-nfs-fifo,2026-10-08T18:25:43+00:00,S5,0.25,128,1.0,nfs,0.0,0,2,31,4,4,48,0,128,384,34359738368,25769803776,384,1.662992,fifo,False,,cake,48,43,43,2,3,2.16483,2.227407,0.028735,2.198623,0.062284,recompute,2.228537,1.237226,3.46586,319
20261008-175305-m7-b-nfs-fifo,2026-10-08T18:25:44+00:00,S5s,0.25,128,1.0,nfs,0.0,0,2,0,7,1,0,0,2,14,134217728,939524096,0,0.0,fifo,False,,none,0,,,,,,,,,,,,0.561367,0.561396,11906
20261008-175305-m7-b-nfs-fifo,2026-10-08T18:25:45+00:00,S5s,0.25,128,1.0,nfs,0.0,0,2,1,1,1,0,0,4,28,268435456,1879048192,0,1.4557,fifo,False,,none,0,,,,,,,,,,,,0.561384,0.561411,5809
20261008-175305-m7-b-nfs-fifo,2026-10-08T18:25:45+00:00,S5s,0.25,128,1.0,nfs,0.0,0,2,2,5,1,0,0,6,42,402653184,2818572288,0,2.325473,fifo,False,,none,0,,,,,,,,,,,,0.561084,0.561112,319
20261008-175305-m7-b-nfs-fifo,2026-10-08T18:25:46+00:00,S5s,0.25,128,1.0,nfs,0.0,0,2,3,6,1,0,0,8,56,536870912,3758096384,0,3.195456,fifo,False,,none,0,,,,,,,,,,,,0.561177,0.561231,5809
20261008-175305-m7-b-nfs-fifo,2026-10-08T18:25:51+00:00,S5s,0.25,128,1.0,nfs,0.0,0,2,4,5,2,16,0,13,67,872415232,4496293888,0,4.065456,fifo,False,,cake,16,13,13,2,1,0.545812,4.252997,0.005624,4.247347,3.706865,recompute,4.254004,0.800215,5.054343,319
20261008-175305-m7-b-nfs-fifo,2026-10-08T18:25:52+00:00,S5s,0.25,128,1.0,nfs,0.0,0,2,5,3,1,0,0,15,81,1006632960,5435817984,0,1.143674,fifo,False,,none,0,,,,,,,,,,,,0.659982,0.660006,319
20261008-175305-m7-b-nfs-fifo,2026-10-08T18:25:54+00:00,S5s,0.25,128,1.0,nfs,0.0,0,2,6,7,2,16,0,20,92,1342177280,6174015488,0,1.914802,fifo,False,,cake,16,13,13,2,1,0.542821,2.102443,0.005709,2.096708,1.559353,recompute,2.103519,0.799742,2.903374,319
20261008-175305-m7-b-nfs-fifo,2026-10-08T18:25:57+00:00,S5s,0.25,128,1.0,nfs,0.0,0,2,7,7,3,32,0,29,99,1946157056,6643777536,0,1.14366,fifo,False,,cake,32,26,26,5,1,1.052828,1.330931,0.015748,1.315153,0.277823,recompute,1.331985,1.027534,2.359623,319
20261008-175305-m7-b-nfs-fifo,2026-10-08T18:25:58+00:00,S5s,0.25,128,1.0,nfs,0.0,0,2,8,4,1,0,0,31,113,2080374784,7583301632,0,0.727717,fifo,False,,none,0,,,,,,,,,,,,0.670976,0.671026,319
20261008-175305-m7-b-nfs-fifo,2026-10-08T18:25:58+00:00,S5s,0.25,128,1.0,nfs,0.0,0,2,9,0,1,0,0,33,127,2214592512,8522825728,0,1.487869,fifo,False,,none,0,,,,,,,,,,,,0.67639,0.676426,5809
20261008-175305-m7-b-nfs-fifo,2026-10-08T18:26:01+00:00,S5s,0.25,128,1.0,nfs,0.0,0,2,10,0,2,16,0,38,138,2550136832,9261023232,0,2.24258,fifo,False,,cake,16,13,13,2,1,0.501248,2.430108,0.00543,2.424653,1.928542,recompute,2.431126,0.784205,3.215469,319
20261008-175305-m7-b-nfs-fifo,2026-10-08T18:26:04+00:00,S5s,0.25,128,1.0,nfs,0.0,0,2,11,1,2,16,0,43,149,2885681152,9999220736,0,1.143634,fifo,False,,cake,16,13,13,2,1,0.447359,1.331312,0.0107,1.320589,0.883649,recompute,1.332447,0.785496,2.118046,5809
20261008-175305-m7-b-nfs-fifo,2026-10-08T18:26:06+00:00,S5s,0.25,128,1.0,nfs,0.0,0,2,12,6,2,16,0,48,160,3221225472,10737418240,0,1.143673,fifo,False,,cake,16,13,13,2,1,0.494968,1.331195,0.010826,1.320345,0.835875,recompute,1.332161,0.785439,2.117696,25634
20261008-175305-m7-b-nfs-fifo,2026-10-08T18:26:08+00:00,S5s,0.25,128,1.0,nfs,0.0,0,2,13,0,3,32,0,57,167,3825205248,11207180288,0,1.143642,fifo,False,,cake,32,26,26,5,1,1.046833,1.330915,0.015663,1.315223,0.283769,recompute,1.332068,1.009736,2.341944,319
20261008-175305-m7-b-nfs-fifo,2026-10-08T18:26:11+00:00,S5s,0.25,128,1.0,nfs,0.0,0,2,14,7,4,48,0,70,170,4697620480,11408506880,0,0.72762,fifo,False,,cake,48,34,34,9,5,1.602623,1.669645,0.029369,1.64013,0.066634,recompute,1.670682,1.236304,2.907083,62
20261008-175305-m7-b-nfs-fifo,2026-10-08T18:26:13+00:00,S5s,0.25,128,1.0,nfs,0.0,0,2,15,6,3,32,0,79,177,5301600256,11878268928,0,0.311681,fifo,False,,cake,32,23,23,5,4,0.896437,1.065238,0.029728,1.035445,0.168472,recompute,1.066468,1.009841,2.076451,319
20261008-175305-m7-b-nfs-fifo,2026-10-08T18:26:16+00:00,S5s,0.25,128,1.0,nfs,0.0,0,2,16,6,4,48,0,92,180,6174015488,12079595520,0,0.727651,fifo,False,,cake,48,34,34,9,5,1.500298,1.669784,0.02942,1.640268,0.169126,recompute,1.670869,1.236639,2.90764,319
20261008-175305-m7-b-nfs-fifo,2026-10-08T18:26:17+00:00,S5s,0.25,128,1.0,nfs,0.0,0,2,17,2,1,0,0,94,194,6308233216,13019119616,0,0.311718,fifo,False,,none,0,,,,,,,,,,,,0.575768,0.575799,5809
20261008-175305-m7-b-nfs-fifo,2026-10-08T18:26:19+00:00,S5s,0.25,128,1.0,nfs,0.0,0,2,18,1,3,32,0,103,201,6912212992,13488881664,0,1.455638,fifo,False,,cake,32,26,26,5,1,1.04753,1.642888,0.010485,1.632375,0.594997,recompute,1.64389,1.009419,2.653406,319
20261008-175305-m7-b-nfs-fifo,2026-10-08T18:26:22+00:00,S5s,0.25,128,1.0,nfs,0.0,0,2,19,5,3,32,0,112,208,7516192768,13958643712,0,0.727659,fifo,False,,cake,32,25,25,5,2,1.038022,1.103785,0.022677,1.081062,0.065447,recompute,1.104747,1.010081,2.114936,319
20261008-175305-m7-b-nfs-fifo,2026-10-08T18:26:23+00:00,S5s,0.25,128,1.0,nfs,0.0,0,2,20,2,2,16,0,117,219,7851737088,14696841216,0,0.727677,fifo,False,,cake,16,13,13,2,1,0.449421,0.915273,0.017804,0.897446,0.465548,recompute,0.916322,0.80235,1.718791,319
20261008-175305-m7-b-nfs-fifo,2026-10-08T18:26:26+00:00,S5s,0.25,128,1.0,nfs,0.0,0,2,21,5,4,48,0,128,224,8724152320,15032385536,2,1.143616,fifo,False,,cake,48,36,36,9,3,1.627406,1.70812,0.022538,1.685519,0.080395,recompute,1.709146,1.241687,2.950955,5809
20261008-175305-m7-b-nfs-fifo,2026-10-08T18:26:29+00:00,S5s,0.25,128,1.0,nfs,0.0,0,2,22,0,4,48,0,128,240,9596567552,16106127360,15,0.519492,fifo,False,,cake,48,33,33,9,6,1.556567,1.651748,0.036185,1.615453,0.094828,recompute,1.653178,1.243826,2.897135,319
20261008-175305-m7-b-nfs-fifo,2026-10-08T18:26:32+00:00,S5s,0.25,128,1.0,nfs,0.0,0,2,23,2,3,32,0,128,256,10200547328,17179869184,24,1.663166,fifo,False,,cake,32,26,26,5,1,1.055511,1.850447,0.029383,1.821037,0.794634,recompute,1.8516,1.022938,2.874664,319
20261008-175305-m7-b-nfs-fifo,2026-10-08T18:26:35+00:00,S5s,0.25,128,1.0,nfs,0.0,0,2,24,2,4,48,0,128,272,11072962560,18253611008,37,1.663214,fifo,False,,cake,48,38,38,9,1,1.842902,1.850074,0.029014,1.821008,0.006821,recompute,1.851122,1.236941,3.088131,319
20261008-175305-m7-b-nfs-fifo,2026-10-08T18:26:38+00:00,S5s,0.25,128,1.0,nfs,0.0,0,2,25,1,4,48,0,128,288,11945377792,19327352832,50,1.663134,fifo,False,,cake,48,38,38,9,1,1.734279,1.850243,0.036163,1.813975,0.115621,recompute,1.851191,1.237111,3.088448,319
20261008-175305-m7-b-nfs-fifo,2026-10-08T18:26:41+00:00,S5s,0.25,128,1.0,nfs,0.0,0,2,26,3,2,16,0,128,304,12280922112,20401094656,55,1.663116,fifo,False,,cake,16,15,15,0,1,0.641745,1.850666,0.0,1.850647,1.208559,recompute,1.8518,0.786268,2.63819,62
20261008-175305-m7-b-nfs-fifo,2026-10-08T18:26:44+00:00,S5s,0.25,128,1.0,nfs,0.0,0,2,27,4,2,16,0,128,320,12616466432,21474836480,60,1.663349,fifo,False,,cake,16,15,15,0,1,0.530502,1.851093,0.0,1.851074,1.320262,recompute,1.8522,0.786023,2.638316,319
20261008-175305-m7-b-nfs-fifo,2026-10-08T18:26:46+00:00,S5s,0.25,128,1.0,nfs,0.0,0,2,28,3,3,32,0,128,336,13220446208,22548578304,69,1.663316,fifo,False,,cake,32,31,31,0,1,1.429301,1.850559,0.0,1.850541,0.420901,recompute,1.851614,1.008789,2.860505,319
20261008-175305-m7-b-nfs-fifo,2026-10-08T18:26:50+00:00,S5s,0.25,128,1.0,nfs,0.0,0,2,29,3,4,48,0,128,352,14092861440,23622320128,82,1.663222,fifo,False,,cake,48,39,39,8,1,1.796829,1.850219,0.027437,1.822744,0.053072,recompute,1.851218,1.236975,3.088333,5809
20261008-175305-m7-b-nfs-fifo,2026-10-08T18:26:52+00:00,S5s,0.25,128,1.0,nfs,0.0,0,2,30,4,3,32,0,128,368,14696841216,24696061952,91,1.66308,fifo,False,,cake,32,31,31,0,1,1.432017,1.850238,0.0,1.850222,0.41788,recompute,1.851303,1.010209,2.861609,319
20261008-175305-m7-b-nfs-fifo,2026-10-08T18:26:56+00:00,S5s,0.25,128,1.0,nfs,0.0,0,2,31,4,4,48,0,128,384,15569256448,25769803776,104,1.663206,fifo,False,,cake,48,41,41,5,2,1.925133,2.038926,0.022171,2.016713,0.113447,recompute,2.040012,1.238265,3.278376,319
20261008-175305-m7-b-nfs-fifo,2026-10-08T18:26:56+00:00,S1,0.5,256,1.0,nfs,0.0,0,2,0,7,1,0,0,16,16,1073741824,1073741824,0,0.0,fifo,False,,none,0,,,,,,,,,,,,0.668706,0.668728,11906
20261008-175305-m7-b-nfs-fifo,2026-10-08T18:26:57+00:00,S1,0.5,256,1.0,nfs,0.0,0,2,1,1,1,0,0,32,32,2147483648,2147483648,0,1.663679,fifo,False,,none,0,,,,,,,,,,,,0.578922,0.57895,5809
20261008-175305-m7-b-nfs-fifo,2026-10-08T18:26:58+00:00,S1,0.5,256,1.0,nfs,0.0,0,2,2,5,1,0,0,48,48,3221225472,3221225472,0,2.723705,fifo,False,,none,0,,,,,,,,,,,,0.577244,0.577272,319
20261008-175305-m7-b-nfs-fifo,2026-10-08T18:26:58+00:00,S1,0.5,256,1.0,nfs,0.0,0,2,3,6,1,0,0,64,64,4294967296,4294967296,0,3.785334,fifo,False,,none,0,,,,,,,,,,,,0.561723,0.561755,5809
20261008-175305-m7-b-nfs-fifo,2026-10-08T18:26:59+00:00,S1,0.5,256,1.0,nfs,0.0,0,2,4,5,2,16,0,80,80,5368709120,5368709120,0,4.862665,fifo,False,,cake,16,2,2,14,0,0.060018,0.051324,0.05127,0.0,0.008998,load,0.061066,0.801689,0.862804,319
20261008-175305-m7-b-nfs-fifo,2026-10-08T18:27:00+00:00,S1,0.5,256,1.0,nfs,0.0,0,2,5,3,1,0,0,96,96,6442450944,6442450944,0,5.638622,fifo,False,,none,0,,,,,,,,,,,,0.561734,0.561763,319
20261008-175305-m7-b-nfs-fifo,2026-10-08T18:27:01+00:00,S1,0.5,256,1.0,nfs,0.0,0,2,6,7,2,16,0,112,112,7516192768,7516192768,0,6.716017,fifo,False,,cake,16,2,2,14,0,0.060475,0.051414,0.051359,0.0,0.009417,load,0.061588,0.801753,0.863389,319
20261008-175305-m7-b-nfs-fifo,2026-10-08T18:27:02+00:00,S1,0.5,256,1.0,nfs,0.0,0,2,7,7,3,32,0,128,128,8589934592,8589934592,0,7.491348,fifo,False,,cake,32,3,3,29,0,0.092593,0.077619,0.077515,0.0,0.015329,load,0.093606,1.026701,1.120385,319
20261008-175305-m7-b-nfs-fifo,2026-10-08T18:27:02+00:00,S1,0.5,256,1.0,nfs,0.0,0,2,8,4,1,0,0,144,144,9663676416,9663676416,0,8.009243,fifo,False,,none,0,,,,,,,,,,,,0.674814,0.674853,319
20261008-175305-m7-b-nfs-fifo,2026-10-08T18:27:03+00:00,S1,0.5,256,1.0,nfs,0.0,0,2,9,0,1,0,0,160,160,10737418240,10737418240,0,8.973471,fifo,False,,none,0,,,,,,,,,,,,0.645862,0.645898,5809
20261008-175305-m7-b-nfs-fifo,2026-10-08T18:27:04+00:00,S1,0.5,256,1.0,nfs,0.0,0,2,10,0,2,16,0,176,176,11811160064,11811160064,0,9.966521,fifo,False,,cake,16,2,2,14,0,0.069685,0.051233,0.051171,0.0,0.018799,load,0.070754,0.80343,0.874234,319
20261008-175305-m7-b-nfs-fifo,2026-10-08T18:27:05+00:00,S1,0.5,256,1.0,nfs,0.0,0,2,11,1,2,16,0,192,192,12884901888,12884901888,0,10.730997,fifo,False,,cake,16,2,2,14,0,0.060105,0.051341,0.051287,0.0,0.009093,load,0.061242,0.802946,0.864254,5809
20261008-175305-m7-b-nfs-fifo,2026-10-08T18:27:06+00:00,S1,0.5,256,1.0,nfs,0.0,0,2,12,6,2,16,0,208,208,13958643712,13958643712,0,11.505584,fifo,False,,cake,16,2,2,14,0,0.060226,0.051423,0.05137,0.0,0.009162,load,0.061303,0.785973,0.847322,25634
20261008-175305-m7-b-nfs-fifo,2026-10-08T18:27:07+00:00,S1,0.5,256,1.0,nfs,0.0,0,2,13,0,3,32,0,224,224,15032385536,15032385536,0,12.297006,fifo,False,,cake,32,3,3,29,0,0.092451,0.077504,0.077407,0.0,0.015276,load,0.093488,1.009788,1.103331,319
20261008-175305-m7-b-nfs-fifo,2026-10-08T18:27:08+00:00,S1,0.5,256,1.0,nfs,0.0,0,2,14,7,4,48,0,240,240,16106127360,16106127360,0,12.831882,fifo,False,,cake,48,3,3,45,0,0.137425,0.105216,0.105034,0.0,0.032584,load,0.13849,1.236258,1.37483,62
20261008-175305-m7-b-nfs-fifo,2026-10-08T18:27:09+00:00,S1,0.5,256,1.0,nfs,0.0,0,2,15,6,3,32,0,256,256,17179869184,17179869184,0,13.094948,fifo,False,,cake,32,2,2,30,0,0.091525,0.079104,0.078972,0.0,0.012769,load,0.092675,1.009745,1.102481,319
20261008-175305-m7-b-nfs-fifo,2026-10-08T18:27:11+00:00,S1,0.5,256,1.0,nfs,0.0,0,2,16,6,4,48,0,240,272,18253611008,18253611008,0,13.630668,fifo,False,,cake,48,4,4,44,0,0.124947,0.103592,0.103451,0.0,0.021722,load,0.126074,1.235722,1.361853,319
20261008-175305-m7-b-nfs-fifo,2026-10-08T18:27:11+00:00,S1,0.5,256,1.0,nfs,0.0,0,2,17,2,1,0,0,256,288,19327352832,19327352832,0,13.906834,fifo,False,,none,0,,,,,,,,,,,,0.561302,0.561331,5809
20261008-175305-m7-b-nfs-fifo,2026-10-08T18:27:13+00:00,S1,0.5,256,1.0,nfs,0.0,0,2,18,1,3,32,0,256,304,20401094656,20401094656,0,14.984485,fifo,False,,cake,32,3,3,29,0,0.092117,0.07752,0.077431,0.0,0.014882,load,0.093123,1.010269,1.103459,319
20261008-175305-m7-b-nfs-fifo,2026-10-08T18:27:29+00:00,S1,0.5,256,1.0,nfs,0.0,0,2,19,5,3,32,0,256,320,21474836480,21474836480,0,15.519063,fifo,False,,cake,32,31,31,0,1,1.430374,15.706148,0.0,15.706131,14.275451,recompute,15.707465,1.030646,16.73821,319
20261008-175305-m7-b-nfs-fifo,2026-10-08T18:27:30+00:00,S1,0.5,256,1.0,nfs,0.0,0,2,20,2,2,16,0,224,336,22548578304,22548578304,0,1.663502,fifo,False,,cake,16,2,2,14,0,0.059961,0.051162,0.051108,0.0,0.009127,load,0.06088,0.799514,0.860436,319
20261008-175305-m7-b-nfs-fifo,2026-10-08T18:27:34+00:00,S1,0.5,256,1.0,nfs,0.0,0,2,21,5,4,48,0,240,352,23622320128,23622320128,0,2.441738,fifo,False,,cake,48,31,31,16,1,1.325839,2.628732,0.054093,2.574567,1.302537,recompute,2.629875,1.237293,3.867273,5809
20261008-175305-m7-b-nfs-fifo,2026-10-08T18:27:38+00:00,S1,0.5,256,1.0,nfs,0.0,0,2,22,0,4,48,0,256,368,24696061952,24696061952,0,1.663549,fifo,False,,cake,48,44,44,0,4,2.249437,2.41771,0.0,2.417659,0.167911,recompute,2.418735,1.242677,3.661517,319
20261008-175305-m7-b-nfs-fifo,2026-10-08T18:27:39+00:00,S1,0.5,256,1.0,nfs,0.0,0,2,23,2,3,32,0,208,384,25769803776,25769803776,0,1.663587,fifo,False,,cake,32,3,3,29,0,0.092216,0.077313,0.077211,0.0,0.015279,load,0.093371,1.019116,1.112543,319
20261008-175305-m7-b-nfs-fifo,2026-10-08T18:27:40+00:00,S1,0.5,256,1.0,nfs,0.0,0,2,24,2,4,48,0,224,400,26843545600,26843545600,0,2.189243,fifo,False,,cake,48,4,4,44,0,0.125909,0.103303,0.103167,0.0,0.022931,load,0.127041,1.235327,1.362457,319
20261008-175305-m7-b-nfs-fifo,2026-10-08T18:27:42+00:00,S1,0.5,256,1.0,nfs,0.0,0,2,25,1,4,48,0,240,416,27917287424,27917287424,0,2.464773,fifo,False,,cake,48,3,3,45,0,0.138799,0.105364,0.10519,0.0,0.033832,load,0.139895,1.23619,1.376133,319
20261008-175305-m7-b-nfs-fifo,2026-10-08T18:27:45+00:00,S1,0.5,256,1.0,nfs,0.0,0,2,26,3,2,16,0,256,432,28991029248,28991029248,0,2.726729,fifo,False,,cake,16,15,15,0,1,0.530233,2.914394,0.0,2.914376,2.383816,recompute,2.915575,0.784548,3.700246,62
20261008-175305-m7-b-nfs-fifo,2026-10-08T18:27:48+00:00,S1,0.5,256,1.0,nfs,0.0,0,2,27,4,2,16,0,208,448,30064771072,30064771072,0,1.663603,fifo,False,,cake,16,15,15,0,1,0.638707,1.851186,0.0,1.851169,1.212083,recompute,1.852125,0.785174,2.63739,319
20261008-175305-m7-b-nfs-fifo,2026-10-08T18:27:51+00:00,S1,0.5,256,1.0,nfs,0.0,0,2,28,3,3,32,0,224,464,31138512896,31138512896,0,1.663422,fifo,False,,cake,32,15,15,16,1,0.531003,1.850819,0.054377,1.796375,1.319468,recompute,1.851863,1.007696,2.859664,319
20261008-175305-m7-b-nfs-fifo,2026-10-08T18:27:54+00:00,S1,0.5,256,1.0,nfs,0.0,0,2,29,3,4,48,0,240,480,32212254720,32212254720,0,1.663577,fifo,False,,cake,48,15,15,32,1,0.647979,1.850164,0.08194,1.768077,1.201797,recompute,1.851626,1.234877,3.086633,5809
20261008-175305-m7-b-nfs-fifo,2026-10-08T18:27:57+00:00,S1,0.5,256,1.0,nfs,0.0,0,2,30,4,3,32,0,256,496,33285996544,33285996544,0,1.663573,fifo,False,,cake,32,15,15,16,1,0.531802,1.850929,0.054398,1.79646,1.318798,recompute,1.852143,1.008186,2.860429,319
20261008-175305-m7-b-nfs-fifo,2026-10-08T18:28:00+00:00,S1,0.5,256,1.0,nfs,0.0,0,2,31,4,4,48,0,240,512,34359738368,34359738368,0,1.663572,fifo,False,,cake,48,15,15,32,1,0.636306,1.850514,0.082388,1.767984,1.21382,recompute,1.851719,1.234297,3.086122,319
20261008-175305-m7-b-nfs-fifo,2026-10-08T18:28:01+00:00,S4,0.5,256,1.0,nfs,0.0,0,2,0,7,1,0,0,16,0,1073741824,0,0,0.0,fifo,False,,none,0,,,,,,,,,,,,0.560658,0.560686,11906
20261008-175305-m7-b-nfs-fifo,2026-10-08T18:28:01+00:00,S4,0.5,256,1.0,nfs,0.0,0,2,1,1,1,0,0,32,0,2147483648,0,0,0.0,fifo,False,,none,0,,,,,,,,,,,,0.560264,0.560321,5809
20261008-175305-m7-b-nfs-fifo,2026-10-08T18:28:02+00:00,S4,0.5,256,1.0,nfs,0.0,0,2,2,5,1,0,0,48,0,3221225472,0,0,0.0,fifo,False,,none,0,,,,,,,,,,,,0.670253,0.670275,319
20261008-175305-m7-b-nfs-fifo,2026-10-08T18:28:03+00:00,S4,0.5,256,1.0,nfs,0.0,0,2,3,6,1,0,0,64,0,4294967296,0,0,0.0,fifo,False,,none,0,,,,,,,,,,,,0.672478,0.67253,5809
20261008-175305-m7-b-nfs-fifo,2026-10-08T18:28:04+00:00,S4,0.5,256,1.0,nfs,0.0,0,2,4,5,2,16,0,80,0,5368709120,0,0,0.0,fifo,False,,cake,16,2,2,14,0,0.088628,0.050896,0.050832,0.0,0.038092,load,0.090159,0.802608,0.892815,319
20261008-175305-m7-b-nfs-fifo,2026-10-08T18:28:04+00:00,S4,0.5,256,1.0,nfs,0.0,0,2,5,3,1,0,0,96,0,6442450944,0,0,0.0,fifo,False,,none,0,,,,,,,,,,,,0.561948,0.561981,319
20261008-175305-m7-b-nfs-fifo,2026-10-08T18:28:05+00:00,S4,0.5,256,1.0,nfs,0.0,0,2,6,7,2,16,0,112,0,7516192768,0,0,0.0,fifo,False,,cake,16,2,2,14,0,0.070166,0.051472,0.051419,0.0,0.019056,load,0.071183,0.802314,0.873587,319
20261008-175305-m7-b-nfs-fifo,2026-10-08T18:28:06+00:00,S4,0.5,256,1.0,nfs,0.0,0,2,7,7,3,32,0,128,0,8589934592,0,0,0.0,fifo,False,,cake,32,3,3,29,0,0.092322,0.077476,0.077373,0.0,0.015197,load,0.093414,1.025042,1.11851,319
20261008-175305-m7-b-nfs-fifo,2026-10-08T18:28:07+00:00,S4,0.5,256,1.0,nfs,0.0,0,2,8,4,1,0,0,144,0,9663676416,0,0,0.0,fifo,False,,none,0,,,,,,,,,,,,0.561821,0.561848,319
20261008-175305-m7-b-nfs-fifo,2026-10-08T18:28:07+00:00,S4,0.5,256,1.0,nfs,0.0,0,2,9,0,1,0,0,160,0,10737418240,0,0,0.0,fifo,False,,none,0,,,,,,,,,,,,0.562291,0.562319,5809
20261008-175305-m7-b-nfs-fifo,2026-10-08T18:28:08+00:00,S4,0.5,256,1.0,nfs,0.0,0,2,10,0,2,16,0,176,0,11811160064,0,0,0.0,fifo,False,,cake,16,2,2,14,0,0.060305,0.051204,0.051151,0.0,0.009398,load,0.061405,0.802938,0.864419,319
20261008-175305-m7-b-nfs-fifo,2026-10-08T18:28:09+00:00,S4,0.5,256,1.0,nfs,0.0,0,2,11,1,2,16,0,192,0,12884901888,0,0,0.0,fifo,False,,cake,16,2,2,14,0,0.087835,0.051423,0.05136,0.0,0.036747,load,0.088925,0.803696,0.892703,5809
20261008-175305-m7-b-nfs-fifo,2026-10-08T18:28:10+00:00,S4,0.5,256,1.0,nfs,0.0,0,2,12,6,2,16,0,208,0,13958643712,0,0,0.0,fifo,False,,cake,16,2,2,14,0,0.088468,0.051393,0.051331,0.0,0.037395,load,0.089528,0.803661,0.893235,25634
20261008-175305-m7-b-nfs-fifo,2026-10-08T18:28:11+00:00,S4,0.5,256,1.0,nfs,0.0,0,2,13,0,3,32,0,224,0,15032385536,0,0,0.0,fifo,False,,cake,32,3,3,29,0,0.107558,0.077479,0.077368,0.0,0.030441,load,0.108563,1.031697,1.140306,319
20261008-175305-m7-b-nfs-fifo,2026-10-08T18:28:13+00:00,S4,0.5,256,1.0,nfs,0.0,0,2,14,7,4,48,0,240,0,16106127360,0,0,0.0,fifo,False,,cake,48,4,4,44,0,0.12555,0.10352,0.103381,0.0,0.022385,load,0.126661,1.239647,1.366361,62
20261008-175305-m7-b-nfs-fifo,2026-10-08T18:28:14+00:00,S4,0.5,256,1.0,nfs,0.0,0,2,15,6,3,32,0,256,0,17179869184,0,0,0.0,fifo,False,,cake,32,3,3,29,0,0.092522,0.077524,0.077418,0.0,0.015364,load,0.093647,1.009934,1.103634,319
20261008-175305-m7-b-nfs-fifo,2026-10-08T18:28:15+00:00,S4,0.5,256,1.0,nfs,0.0,0,2,16,6,4,48,0,240,32,18253611008,2147483648,32,0.0,fifo,False,,cake,48,4,4,44,0,0.136086,0.103734,0.103586,0.0,0.032677,load,0.137084,1.237015,1.374191,319
20261008-175305-m7-b-nfs-fifo,2026-10-08T18:28:16+00:00,S4,0.5,256,1.0,nfs,0.0,0,2,17,2,1,0,0,256,32,19327352832,2147483648,32,3.327352,fifo,False,,none,0,,,,,,,,,,,,0.66728,0.667312,5809
20261008-175305-m7-b-nfs-fifo,2026-10-08T18:28:17+00:00,S4,0.5,256,1.0,nfs,0.0,0,2,18,1,3,32,0,256,48,20401094656,3221225472,48,2.634956,fifo,False,,cake,32,3,3,29,0,0.092664,0.077601,0.077497,0.0,0.015429,load,0.093825,1.011173,1.105077,319
20261008-175305-m7-b-nfs-fifo,2026-10-08T18:28:21+00:00,S4,0.5,256,1.0,nfs,0.0,0,2,19,5,3,32,0,256,64,21474836480,4294967296,64,3.168188,fifo,False,,cake,32,31,31,0,1,1.318478,3.355431,0.0,3.355411,2.036628,recompute,3.356697,1.008613,4.365442,319
20261008-175305-m7-b-nfs-fifo,2026-10-08T18:28:22+00:00,S4,0.5,256,1.0,nfs,0.0,0,2,20,2,2,16,0,224,112,22548578304,7516192768,112,1.663498,fifo,False,,cake,16,2,2,14,0,0.069783,0.051421,0.05137,0.0,0.018646,load,0.070613,0.786836,0.857518,319
20261008-175305-m7-b-nfs-fifo,2026-10-08T18:28:30+00:00,S4,0.5,256,1.0,nfs,0.0,0,2,21,5,4,48,0,240,112,23622320128,7516192768,112,5.772401,fifo,False,,cake,48,31,31,16,1,1.319083,5.959464,0.053974,5.905417,4.640008,recompute,5.960625,1.233753,7.194497,5809
20261008-175305-m7-b-nfs-fifo,2026-10-08T18:28:33+00:00,S4,0.5,256,1.0,nfs,0.0,0,2,22,0,4,48,0,256,112,24696061952,7516192768,112,0.0,fifo,False,,cake,48,38,38,0,10,1.738788,1.887981,0.0,1.887851,0.148821,recompute,1.889164,1.235926,3.125194,319
20261008-175305-m7-b-nfs-fifo,2026-10-08T18:28:34+00:00,S4,0.5,256,1.0,nfs,0.0,0,2,23,2,3,32,0,208,176,25769803776,11811160064,176,0.0,fifo,False,,cake,32,3,3,29,0,0.105794,0.077374,0.077271,0.0,0.028751,load,0.106802,1.009122,1.115975,319
20261008-175305-m7-b-nfs-fifo,2026-10-08T18:28:35+00:00,S4,0.5,256,1.0,nfs,0.0,0,2,24,2,4,48,0,224,176,26843545600,11811160064,176,6.65509,fifo,False,,cake,48,4,4,44,0,0.125721,0.103514,0.103401,0.0,0.022568,load,0.126839,1.23625,1.363146,319
20261008-175305-m7-b-nfs-fifo,2026-10-08T18:28:37+00:00,S4,0.5,256,1.0,nfs,0.0,0,2,25,1,4,48,0,240,176,27917287424,11811160064,176,5.266128,fifo,False,,cake,48,4,4,44,0,0.124994,0.103508,0.103412,0.0,0.021858,load,0.12615,1.244869,1.371092,319
20261008-175305-m7-b-nfs-fifo,2026-10-08T18:28:42+00:00,S4,0.5,256,1.0,nfs,0.0,0,2,26,3,2,16,0,256,176,28991029248,11811160064,176,3.869107,fifo,False,,cake,16,15,15,0,1,0.633362,4.056554,0.0,4.056535,3.422832,recompute,4.057663,0.799732,4.857547,62
20261008-175305-m7-b-nfs-fifo,2026-10-08T18:28:43+00:00,S4,0.5,256,1.0,nfs,0.0,0,2,27,4,2,16,0,208,240,30064771072,16106127360,240,0.0,fifo,False,,cake,16,13,13,0,3,0.55287,0.566609,0.0,0.566529,0.013339,recompute,0.567544,0.801719,1.369353,319
20261008-175305-m7-b-nfs-fifo,2026-10-08T18:28:51+00:00,S4,0.5,256,1.0,nfs,0.0,0,2,28,3,3,32,0,224,240,31138512896,16106127360,240,6.655058,fifo,False,,cake,32,15,15,16,1,0.644253,6.842277,0.054255,6.787936,6.197689,recompute,6.84339,1.005503,7.849015,319
20261008-175305-m7-b-nfs-fifo,2026-10-08T18:28:53+00:00,S4,0.5,256,1.0,nfs,0.0,0,2,29,3,4,48,0,240,240,32212254720,16106127360,240,0.0,fifo,False,,cake,48,14,14,32,2,0.490798,0.460278,0.082352,0.377797,0.030844,load,0.491934,1.234202,1.726213,5809
20261008-175305-m7-b-nfs-fifo,2026-10-08T18:28:54+00:00,S4,0.5,256,1.0,nfs,0.0,0,2,30,4,3,32,0,256,240,33285996544,16106127360,240,0.0,fifo,False,,cake,32,13,13,16,3,0.550287,0.620888,0.054278,0.566503,0.070224,recompute,0.621874,1.00945,1.631416,319
20261008-175305-m7-b-nfs-fifo,2026-10-08T18:28:56+00:00,S4,0.5,256,1.0,nfs,0.0,0,2,31,4,4,48,0,240,272,34359738368,18253611008,272,0.0,fifo,False,,cake,48,13,13,32,3,0.462651,0.648899,0.082211,0.566539,0.185923,recompute,0.649943,1.236141,1.886177,319
20261008-175305-m7-b-nfs-fifo,2026-10-08T18:28:57+00:00,S4+,0.5,256,1.0,nfs,0.0,0,2,0,7,1,0,0,16,0,1073741824,0,0,0.0,fifo,False,,none,0,,,,,,,,,,,,0.560786,0.560816,11906
20261008-175305-m7-b-nfs-fifo,2026-10-08T18:28:57+00:00,S4+,0.5,256,1.0,nfs,0.0,0,2,1,1,1,0,0,32,0,2147483648,0,0,0.0,fifo,False,,none,0,,,,,,,,,,,,0.560569,0.560596,5809
20261008-175305-m7-b-nfs-fifo,2026-10-08T18:28:58+00:00,S4+,0.5,256,1.0,nfs,0.0,0,2,2,5,1,0,0,48,0,3221225472,0,0,0.0,fifo,False,,none,0,,,,,,,,,,,,0.560531,0.56056,319
20261008-175305-m7-b-nfs-fifo,2026-10-08T18:28:58+00:00,S4+,0.5,256,1.0,nfs,0.0,0,2,3,6,1,0,0,64,0,4294967296,0,0,0.0,fifo,False,,none,0,,,,,,,,,,,,0.56109,0.561123,5809
20261008-175305-m7-b-nfs-fifo,2026-10-08T18:28:59+00:00,S4+,0.5,256,1.0,nfs,0.0,0,2,4,5,2,16,0,80,0,5368709120,0,0,0.0,fifo,False,,cake,16,2,2,14,0,0.088051,0.051428,0.051371,0.0,0.036984,load,0.089189,0.787507,0.876773,319
20261008-175305-m7-b-nfs-fifo,2026-10-08T18:29:00+00:00,S4+,0.5,256,1.0,nfs,0.0,0,2,5,3,1,0,0,96,0,6442450944,0,0,0.0,fifo,False,,none,0,,,,,,,,,,,,0.67443,0.674477,319
20261008-175305-m7-b-nfs-fifo,2026-10-08T18:29:01+00:00,S4+,0.5,256,1.0,nfs,0.0,0,2,6,7,2,16,0,112,0,7516192768,0,0,0.0,fifo,False,,cake,16,2,2,14,0,0.088097,0.051412,0.05135,0.0,0.037035,load,0.089169,0.787286,0.876545,319
20261008-175305-m7-b-nfs-fifo,2026-10-08T18:29:02+00:00,S4+,0.5,256,1.0,nfs,0.0,0,2,7,7,3,32,0,128,0,8589934592,0,0,0.0,fifo,False,,cake,32,3,3,29,0,0.107675,0.077621,0.077511,0.0,0.030389,load,0.108707,1.009714,1.118472,319
20261008-175305-m7-b-nfs-fifo,2026-10-08T18:29:03+00:00,S4+,0.5,256,1.0,nfs,0.0,0,2,8,4,1,0,0,144,0,9663676416,0,0,0.0,fifo,False,,none,0,,,,,,,,,,,,0.561715,0.561741,319
20261008-175305-m7-b-nfs-fifo,2026-10-08T18:29:03+00:00,S4+,0.5,256,1.0,nfs,0.0,0,2,9,0,1,0,0,160,0,10737418240,0,0,0.0,fifo,False,,none,0,,,,,,,,,,,,0.56082,0.560849,5809
20261008-175305-m7-b-nfs-fifo,2026-10-08T18:29:04+00:00,S4+,0.5,256,1.0,nfs,0.0,0,2,10,0,2,16,0,176,0,11811160064,0,0,0.0,fifo,False,,cake,16,2,2,14,0,0.060377,0.05133,0.05128,0.0,0.009377,load,0.061461,0.787618,0.849124,319
20261008-175305-m7-b-nfs-fifo,2026-10-08T18:29:05+00:00,S4+,0.5,256,1.0,nfs,0.0,0,2,11,1,2,16,0,192,0,12884901888,0,0,0.0,fifo,False,,cake,16,2,2,14,0,0.060105,0.051344,0.051305,0.0,0.009086,load,0.061183,0.786914,0.84818,5809
20261008-175305-m7-b-nfs-fifo,2026-10-08T18:29:06+00:00,S4+,0.5,256,1.0,nfs,0.0,0,2,12,6,2,16,0,208,0,13958643712,0,0,0.0,fifo,False,,cake,16,2,2,14,0,0.088209,0.051433,0.051369,0.0,0.037126,load,0.089303,0.787146,0.876536,25634
20261008-175305-m7-b-nfs-fifo,2026-10-08T18:29:07+00:00,S4+,0.5,256,1.0,nfs,0.0,0,2,13,0,3,32,0,224,0,15032385536,0,0,0.0,fifo,False,,cake,32,2,2,30,0,0.091781,0.079134,0.079011,0.0,0.012977,load,0.092824,1.010191,1.103077,319
20261008-175305-m7-b-nfs-fifo,2026-10-08T18:29:08+00:00,S4+,0.5,256,1.0,nfs,0.0,0,2,14,7,4,48,0,240,0,16106127360,0,0,0.0,fifo,False,,cake,48,3,3,45,0,0.109493,0.105381,0.105224,0.0,0.004453,load,0.110535,1.236213,1.3468,62
20261008-175305-m7-b-nfs-fifo,2026-10-08T18:29:10+00:00,S4+,0.5,256,1.0,nfs,0.0,0,2,15,6,3,32,0,256,0,17179869184,0,0,0.0,fifo,False,,cake,32,3,3,29,0,0.092169,0.07743,0.077327,0.0,0.015104,load,0.093336,1.025469,1.11886,319
20261008-175305-m7-b-nfs-fifo,2026-10-08T18:29:11+00:00,S4+,0.5,256,1.0,nfs,0.0,0,2,16,6,4,48,0,256,16,18253611008,1073741824,16,0.0,fifo,False,,cake,48,4,4,44,0,0.125666,0.10362,0.103483,0.0,0.022373,load,0.126738,1.244063,1.370884,319
20261008-175305-m7-b-nfs-fifo,2026-10-08T18:29:12+00:00,S4+,0.5,256,1.0,nfs,0.0,0,2,17,2,1,0,0,256,32,19327352832,2147483648,32,1.662926,fifo,False,,none,0,,,,,,,,,,,,0.672675,0.672707,5809
20261008-175305-m7-b-nfs-fifo,2026-10-08T18:29:16+00:00,S4+,0.5,256,1.0,nfs,0.0,0,2,18,1,3,32,0,256,48,20401094656,3221225472,48,2.628689,fifo,False,,cake,32,3,3,28,1,0.133326,2.81587,0.074836,2.740902,2.682159,recompute,2.816961,1.024871,3.841951,319
20261008-175305-m7-b-nfs-fifo,2026-10-08T18:29:18+00:00,S4+,0.5,256,1.0,nfs,0.0,0,2,19,5,3,32,0,256,64,21474836480,4294967296,64,1.662949,fifo,False,,cake,32,5,5,26,1,0.155978,1.850236,0.071301,1.77883,1.693889,recompute,1.851391,1.026279,2.877769,319
20261008-175305-m7-b-nfs-fifo,2026-10-08T18:29:21+00:00,S4+,0.5,256,1.0,nfs,0.0,0,2,20,2,2,16,0,256,80,22548578304,5368709120,80,1.662938,fifo,False,,cake,16,7,7,8,1,0.221679,1.850621,0.040167,1.810416,1.628634,recompute,1.85168,0.784179,2.635984,319
20261008-175305-m7-b-nfs-fifo,2026-10-08T18:29:24+00:00,S4+,0.5,256,1.0,nfs,0.0,0,2,21,5,4,48,0,256,96,23622320128,6442450944,96,1.662882,fifo,False,,cake,48,9,9,38,1,0.357042,1.849754,0.092293,1.75731,1.492354,recompute,1.850918,1.233767,3.084804,5809
20261008-175305-m7-b-nfs-fifo,2026-10-08T18:29:27+00:00,S4+,0.5,256,1.0,nfs,0.0,0,2,22,0,4,48,0,256,112,24696061952,7516192768,112,1.662867,fifo,False,,cake,48,11,11,36,1,0.371425,1.849863,0.088664,1.761073,1.478108,recompute,1.851042,1.234318,3.085467,319
20261008-175305-m7-b-nfs-fifo,2026-10-08T18:29:30+00:00,S4+,0.5,256,1.0,nfs,0.0,0,2,23,2,3,32,0,256,128,25769803776,8589934592,128,1.662885,fifo,False,,cake,32,13,13,18,1,0.4513,1.850072,0.057171,1.792844,1.398404,recompute,1.851388,1.007478,2.858961,319
20261008-175305-m7-b-nfs-fifo,2026-10-08T18:29:33+00:00,S4+,0.5,256,1.0,nfs,0.0,0,2,24,2,4,48,0,256,144,26843545600,9663676416,144,1.662881,fifo,False,,cake,48,15,15,32,1,0.532676,1.849918,0.081747,1.768068,1.316898,recompute,1.85096,1.234786,3.085839,319
20261008-175305-m7-b-nfs-fifo,2026-10-08T18:29:36+00:00,S4+,0.5,256,1.0,nfs,0.0,0,2,25,1,4,48,0,256,160,27917287424,10737418240,160,1.662861,fifo,False,,cake,48,18,18,29,1,0.662957,1.849878,0.07625,1.773502,1.186519,recompute,1.850949,1.234737,3.085808,319
20261008-175305-m7-b-nfs-fifo,2026-10-08T18:29:39+00:00,S4+,0.5,256,1.0,nfs,0.0,0,2,26,3,2,16,0,256,176,28991029248,11811160064,176,1.662835,fifo,False,,cake,16,15,15,0,1,0.591939,1.850456,0.0,1.850437,1.25808,recompute,1.851529,0.78518,2.636833,62
20261008-175305-m7-b-nfs-fifo,2026-10-08T18:29:42+00:00,S4+,0.5,256,1.0,nfs,0.0,0,2,27,4,2,16,0,256,192,30064771072,12884901888,192,1.662862,fifo,False,,cake,16,15,15,0,1,0.530142,1.850528,0.0,1.850512,1.320058,recompute,1.851708,0.784563,2.636411,319
20261008-175305-m7-b-nfs-fifo,2026-10-08T18:29:45+00:00,S4+,0.5,256,1.0,nfs,0.0,0,2,28,3,3,32,0,256,208,31138512896,13958643712,208,1.662831,fifo,False,,cake,32,23,23,8,1,0.96423,1.850104,0.039529,1.810521,0.885532,recompute,1.851117,1.025757,2.876991,319
20261008-175305-m7-b-nfs-fifo,2026-10-08T18:29:48+00:00,S4+,0.5,256,1.0,nfs,0.0,0,2,29,3,4,48,0,256,224,32212254720,15032385536,224,1.662817,fifo,False,,cake,48,25,25,22,1,1.003166,1.849779,0.064066,1.785628,0.846229,recompute,1.850887,1.239664,3.090677,5809
20261008-175305-m7-b-nfs-fifo,2026-10-08T18:29:51+00:00,S4+,0.5,256,1.0,nfs,0.0,0,2,30,4,3,32,0,256,240,33285996544,16106127360,240,1.662755,fifo,False,,cake,32,27,27,4,1,1.167809,1.850197,0.032422,1.817741,0.682023,recompute,1.851203,1.02916,2.880458,319
20261008-175305-m7-b-nfs-fifo,2026-10-08T18:29:54+00:00,S4+,0.5,256,1.0,nfs,0.0,0,2,31,4,4,48,0,256,256,34359738368,17179869184,256,1.662785,fifo,False,,cake,48,29,29,18,1,1.215795,1.849749,0.056749,1.792926,0.633621,recompute,1.851002,1.236145,3.087266,319
20261008-175305-m7-b-nfs-fifo,2026-10-08T18:29:54+00:00,S4+P,0.5,256,1.0,nfs,0.0,0,2,0,7,1,0,0,16,0,1073741824,0,0,0.0,fifo,False,,none,0,,,,,,,,,,,,0.579227,0.579277,11906
20261008-175305-m7-b-nfs-fifo,2026-10-08T18:29:55+00:00,S4+P,0.5,256,1.0,nfs,0.0,0,2,1,1,1,0,0,32,0,2147483648,0,0,0.0,fifo,False,,none,0,,,,,,,,,,,,0.564955,0.564983,5809
20261008-175305-m7-b-nfs-fifo,2026-10-08T18:29:56+00:00,S4+P,0.5,256,1.0,nfs,0.0,0,2,2,5,1,0,0,48,0,3221225472,0,0,0.0,fifo,False,,none,0,,,,,,,,,,,,0.561226,0.561256,319
20261008-175305-m7-b-nfs-fifo,2026-10-08T18:29:56+00:00,S4+P,0.5,256,1.0,nfs,0.0,0,2,3,6,1,0,0,64,0,4294967296,0,0,0.0,fifo,False,,none,0,,,,,,,,,,,,0.561168,0.561199,5809
20261008-175305-m7-b-nfs-fifo,2026-10-08T18:29:57+00:00,S4+P,0.5,256,1.0,nfs,0.0,0,2,4,5,2,16,0,80,0,5368709120,0,0,0.0,fifo,False,,cake,16,2,2,14,0,0.060186,0.051323,0.051272,0.0,0.009189,load,0.061313,0.786939,0.8483,319
20261008-175305-m7-b-nfs-fifo,2026-10-08T18:29:58+00:00,S4+P,0.5,256,1.0,nfs,0.0,0,2,5,3,1,0,0,96,0,6442450944,0,0,0.0,fifo,False,,none,0,,,,,,,,,,,,0.561262,0.561307,319
20261008-175305-m7-b-nfs-fifo,2026-10-08T18:29:58+00:00,S4+P,0.5,256,1.0,nfs,0.0,0,2,6,7,2,16,0,112,0,7516192768,0,0,0.0,fifo,False,,cake,16,2,2,14,0,0.060257,0.051314,0.051261,0.0,0.009269,load,0.061365,0.787158,0.848585,319
20261008-175305-m7-b-nfs-fifo,2026-10-08T18:30:00+00:00,S4+P,0.5,256,1.0,nfs,0.0,0,2,7,7,3,32,0,128,0,8589934592,0,0,0.0,fifo,False,,cake,32,2,2,30,0,0.082879,0.079265,0.079156,0.0,0.003957,load,0.083912,1.011395,1.095352,319
20261008-175305-m7-b-nfs-fifo,2026-10-08T18:30:00+00:00,S4+P,0.5,256,1.0,nfs,0.0,0,2,8,4,1,0,0,144,0,9663676416,0,0,0.0,fifo,False,,none,0,,,,,,,,,,,,0.561292,0.561319,319
20261008-175305-m7-b-nfs-fifo,2026-10-08T18:30:01+00:00,S4+P,0.5,256,1.0,nfs,0.0,0,2,9,0,1,0,0,160,0,10737418240,0,0,0.0,fifo,False,,none,0,,,,,,,,,,,,0.564001,0.56403,5809
20261008-175305-m7-b-nfs-fifo,2026-10-08T18:30:02+00:00,S4+P,0.5,256,1.0,nfs,0.0,0,2,10,0,2,16,0,176,0,11811160064,0,0,0.0,fifo,False,,cake,16,2,2,14,0,0.060101,0.051387,0.051332,0.0,0.009068,load,0.061236,0.787179,0.848464,319
20261008-175305-m7-b-nfs-fifo,2026-10-08T18:30:03+00:00,S4+P,0.5,256,1.0,nfs,0.0,0,2,11,1,2,16,0,192,0,12884901888,0,0,0.0,fifo,False,,cake,16,2,2,14,0,0.060453,0.051435,0.051382,0.0,0.009342,load,0.061528,0.788455,0.850031,5809
20261008-175305-m7-b-nfs-fifo,2026-10-08T18:30:03+00:00,S4+P,0.5,256,1.0,nfs,0.0,0,2,12,6,2,16,0,208,0,13958643712,0,0,0.0,fifo,False,,cake,16,2,2,14,0,0.060413,0.051286,0.051234,0.0,0.009451,load,0.061485,0.787872,0.849408,25634
20261008-175305-m7-b-nfs-fifo,2026-10-08T18:30:05+00:00,S4+P,0.5,256,1.0,nfs,0.0,0,2,13,0,3,32,0,224,0,15032385536,0,0,0.0,fifo,False,,cake,32,3,3,29,0,0.092494,0.077484,0.077385,0.0,0.015332,load,0.09358,1.010374,1.104016,319
20261008-175305-m7-b-nfs-fifo,2026-10-08T18:30:06+00:00,S4+P,0.5,256,1.0,nfs,0.0,0,2,14,7,4,48,0,240,0,16106127360,0,0,0.0,fifo,False,,cake,48,3,3,45,0,0.125739,0.105364,0.10519,0.0,0.020711,load,0.126754,1.236882,1.363684,62
20261008-175305-m7-b-nfs-fifo,2026-10-08T18:30:07+00:00,S4+P,0.5,256,1.0,nfs,0.0,0,2,15,6,3,32,0,256,0,17179869184,0,0,0.0,fifo,False,,cake,32,3,3,29,0,0.092387,0.077454,0.077347,0.0,0.015335,load,0.093553,1.010506,1.104111,319
20261008-175305-m7-b-nfs-fifo,2026-10-08T18:30:08+00:00,S4+P,0.5,256,1.0,nfs,0.0,0,2,16,6,4,48,0,256,16,18253611008,1073741824,16,0.0,fifo,False,,cake,48,4,4,44,0,0.125462,0.103507,0.103356,0.0,0.022333,load,0.126623,1.236299,1.362974,319
20261008-175305-m7-b-nfs-fifo,2026-10-08T18:30:09+00:00,S4+P,0.5,256,1.0,nfs,0.0,0,2,17,2,1,0,0,256,32,19327352832,2147483648,32,1.662352,fifo,False,,none,0,,,,,,,,,,,,0.560881,0.560918,5809
20261008-175305-m7-b-nfs-fifo,2026-10-08T18:30:10+00:00,S4+P,0.5,256,1.0,nfs,0.0,0,2,18,1,3,32,0,256,48,20401094656,3221225472,48,2.739187,fifo,False,,cake,32,2,2,30,0,0.083397,0.078035,0.077913,0.0,0.005707,load,0.084489,1.010814,1.095371,319
20261008-175305-m7-b-nfs-fifo,2026-10-08T18:30:15+00:00,S4+P,0.5,256,1.0,nfs,0.0,0,2,19,5,3,32,0,256,64,21474836480,4294967296,64,3.280749,fifo,False,,cake,32,22,22,9,1,0.901019,3.468017,0.040894,3.427065,2.566612,recompute,3.469099,1.006969,4.476171,319
20261008-175305-m7-b-nfs-fifo,2026-10-08T18:30:16+00:00,S4+P,0.5,256,1.0,nfs,0.0,0,2,20,2,2,16,0,256,80,22548578304,5368709120,80,1.662293,fifo,False,,cake,16,2,2,14,0,0.080102,0.049942,0.049882,0.0,0.030497,load,0.081092,0.790225,0.871394,319
20261008-175305-m7-b-nfs-fifo,2026-10-08T18:30:19+00:00,S4+P,0.5,256,1.0,nfs,0.0,0,2,21,5,4,48,0,256,96,23622320128,6442450944,96,2.428128,fifo,False,,cake,48,22,22,25,1,0.917871,2.615158,0.068725,2.546316,1.696948,recompute,2.616332,1.238923,3.855355,5809
20261008-175305-m7-b-nfs-fifo,2026-10-08T18:30:23+00:00,S4+P,0.5,256,1.0,nfs,0.0,0,2,22,0,4,48,0,256,112,24696061952,7516192768,112,1.662293,fifo,False,,cake,48,21,21,26,1,0.804104,1.849251,0.070509,1.778639,1.044819,recompute,1.850294,1.242033,3.092424,319
20261008-175305-m7-b-nfs-fifo,2026-10-08T18:30:24+00:00,S4+P,0.5,256,1.0,nfs,0.0,0,2,23,2,3,32,0,256,128,25769803776,8589934592,128,1.662265,fifo,False,,cake,32,3,3,29,0,0.092227,0.075981,0.075881,0.0,0.0166,load,0.09336,1.028433,1.121846,319
20261008-175305-m7-b-nfs-fifo,2026-10-08T18:30:25+00:00,S4+P,0.5,256,1.0,nfs,0.0,0,2,24,2,4,48,0,256,144,26843545600,9663676416,144,2.177557,fifo,False,,cake,48,4,4,44,0,0.125116,0.102289,0.102148,0.0,0.023184,load,0.126242,1.244204,1.370505,319
20261008-175305-m7-b-nfs-fifo,2026-10-08T18:30:29+00:00,S4+P,0.5,256,1.0,nfs,0.0,0,2,25,1,4,48,0,256,160,27917287424,10737418240,160,2.443707,fifo,False,,cake,48,9,9,38,1,0.352594,2.630769,0.091507,2.539107,2.27783,recompute,2.631913,1.234295,3.866388,319
20261008-175305-m7-b-nfs-fifo,2026-10-08T18:30:32+00:00,S4+P,0.5,256,1.0,nfs,0.0,0,2,26,3,2,16,0,256,176,28991029248,11811160064,176,1.662235,fifo,False,,cake,16,15,15,0,1,0.530066,1.849882,0.0,1.849868,1.319504,recompute,1.851023,0.785821,2.637,62
20261008-175305-m7-b-nfs-fifo,2026-10-08T18:30:34+00:00,S4+P,0.5,256,1.0,nfs,0.0,0,2,27,4,2,16,0,256,192,30064771072,12884901888,192,1.662252,fifo,False,,cake,16,15,15,0,1,0.533378,1.849397,0.0,1.849382,1.315683,recompute,1.850986,0.785935,2.637011,319
20261008-175305-m7-b-nfs-fifo,2026-10-08T18:30:37+00:00,S4+P,0.5,256,1.0,nfs,0.0,0,2,28,3,3,32,0,256,208,31138512896,13958643712,208,1.662243,fifo,False,,cake,32,15,15,16,1,0.531862,1.849534,0.053153,1.79633,1.317348,recompute,1.850654,1.008576,2.859339,319
20261008-175305-m7-b-nfs-fifo,2026-10-08T18:30:40+00:00,S4+P,0.5,256,1.0,nfs,0.0,0,2,29,3,4,48,0,256,224,32212254720,15032385536,224,1.662207,fifo,False,,cake,48,15,15,32,1,0.536319,1.84913,0.081475,1.767533,1.312464,recompute,1.850229,1.235148,3.08548,5809
20261008-175305-m7-b-nfs-fifo,2026-10-08T18:30:43+00:00,S4+P,0.5,256,1.0,nfs,0.0,0,2,30,4,3,32,0,256,240,33285996544,16106127360,240,1.662191,fifo,False,,cake,32,15,15,16,1,0.594319,1.849525,0.052989,1.796461,1.25489,recompute,1.850601,1.007769,2.858491,319
20261008-175305-m7-b-nfs-fifo,2026-10-08T18:30:46+00:00,S4+P,0.5,256,1.0,nfs,0.0,0,2,31,4,4,48,0,256,256,34359738368,17179869184,256,1.662174,fifo,False,,cake,48,15,15,32,1,0.533036,1.849182,0.080907,1.768153,1.315812,recompute,1.850258,1.234159,3.084549,319
20261008-175305-m7-b-nfs-fifo,2026-10-08T18:30:47+00:00,S5,0.5,256,1.0,nfs,0.0,0,2,0,7,1,0,0,16,0,1073741824,0,0,0.0,fifo,False,,none,0,,,,,,,,,,,,0.621658,0.621682,11906
20261008-175305-m7-b-nfs-fifo,2026-10-08T18:30:48+00:00,S5,0.5,256,1.0,nfs,0.0,0,2,1,1,1,0,0,32,0,2147483648,0,0,0.0,fifo,False,,none,0,,,,,,,,,,,,0.61689,0.616942,5809
20261008-175305-m7-b-nfs-fifo,2026-10-08T18:30:48+00:00,S5,0.5,256,1.0,nfs,0.0,0,2,2,5,1,0,0,48,0,3221225472,0,0,0.0,fifo,False,,none,0,,,,,,,,,,,,0.563873,0.563905,319
20261008-175305-m7-b-nfs-fifo,2026-10-08T18:30:49+00:00,S5,0.5,256,1.0,nfs,0.0,0,2,3,6,1,0,0,64,0,4294967296,0,0,0.0,fifo,False,,none,0,,,,,,,,,,,,0.565371,0.565393,5809
20261008-175305-m7-b-nfs-fifo,2026-10-08T18:30:50+00:00,S5,0.5,256,1.0,nfs,0.0,0,2,4,5,2,16,0,80,0,5368709120,0,0,0.0,fifo,False,,cake,16,2,2,14,0,0.060478,0.051325,0.05127,0.0,0.009417,load,0.061568,0.804153,0.865776,319
20261008-175305-m7-b-nfs-fifo,2026-10-08T18:30:50+00:00,S5,0.5,256,1.0,nfs,0.0,0,2,5,3,1,0,0,96,0,6442450944,0,0,0.0,fifo,False,,none,0,,,,,,,,,,,,0.561562,0.561594,319
20261008-175305-m7-b-nfs-fifo,2026-10-08T18:30:51+00:00,S5,0.5,256,1.0,nfs,0.0,0,2,6,7,2,16,0,112,0,7516192768,0,0,0.0,fifo,False,,cake,16,2,2,14,0,0.060246,0.051453,0.051398,0.0,0.009117,load,0.061327,0.803092,0.864476,319
20261008-175305-m7-b-nfs-fifo,2026-10-08T18:30:52+00:00,S5,0.5,256,1.0,nfs,0.0,0,2,7,7,3,32,0,128,0,8589934592,0,0,0.0,fifo,False,,cake,32,3,3,29,0,0.092124,0.077523,0.077437,0.0,0.014924,load,0.093209,1.024853,1.118147,319
20261008-175305-m7-b-nfs-fifo,2026-10-08T18:30:53+00:00,S5,0.5,256,1.0,nfs,0.0,0,2,8,4,1,0,0,144,0,9663676416,0,0,0.0,fifo,False,,none,0,,,,,,,,,,,,0.622231,0.622283,319
20261008-175305-m7-b-nfs-fifo,2026-10-08T18:30:54+00:00,S5,0.5,256,1.0,nfs,0.0,0,2,9,0,1,0,0,160,0,10737418240,0,0,0.0,fifo,False,,none,0,,,,,,,,,,,,0.617996,0.618046,5809
20261008-175305-m7-b-nfs-fifo,2026-10-08T18:30:54+00:00,S5,0.5,256,1.0,nfs,0.0,0,2,10,0,2,16,0,176,0,11811160064,0,0,0.0,fifo,False,,cake,16,2,2,14,0,0.063692,0.051315,0.051265,0.0,0.012741,load,0.06469,0.802789,0.867549,319
20261008-175305-m7-b-nfs-fifo,2026-10-08T18:30:55+00:00,S5,0.5,256,1.0,nfs,0.0,0,2,11,1,2,16,0,192,0,12884901888,0,0,0.0,fifo,False,,cake,16,2,2,14,0,0.060283,0.051408,0.051354,0.0,0.009198,load,0.061383,0.802972,0.864402,5809
20261008-175305-m7-b-nfs-fifo,2026-10-08T18:30:56+00:00,S5,0.5,256,1.0,nfs,0.0,0,2,12,6,2,16,0,208,0,13958643712,0,0,0.0,fifo,False,,cake,16,2,2,14,0,0.060294,0.05142,0.051358,0.0,0.009256,load,0.061414,0.803817,0.865299,25634
20261008-175305-m7-b-nfs-fifo,2026-10-08T18:30:57+00:00,S5,0.5,256,1.0,nfs,0.0,0,2,13,0,3,32,0,224,0,15032385536,0,0,0.0,fifo,False,,cake,32,3,3,29,0,0.092425,0.0775,0.077415,0.0,0.015239,load,0.093479,1.030923,1.124464,319
20261008-175305-m7-b-nfs-fifo,2026-10-08T18:30:59+00:00,S5,0.5,256,1.0,nfs,0.0,0,2,14,7,4,48,0,240,0,16106127360,0,0,0.0,fifo,False,,cake,48,3,3,45,0,0.12724,0.105394,0.105225,0.0,0.022191,load,0.128335,1.244447,1.37287,62
20261008-175305-m7-b-nfs-fifo,2026-10-08T18:31:00+00:00,S5,0.5,256,1.0,nfs,0.0,0,2,15,6,3,32,0,256,0,17179869184,0,0,0.0,fifo,False,,cake,32,3,3,29,0,0.092769,0.077476,0.077383,0.0,0.01563,load,0.093788,1.009183,1.103024,319
20261008-175305-m7-b-nfs-fifo,2026-10-08T18:31:01+00:00,S5,0.5,256,1.0,nfs,0.0,0,2,16,6,4,48,0,256,16,18253611008,1073741824,16,0.0,fifo,False,,cake,48,4,4,44,0,0.125694,0.103516,0.103419,0.0,0.022507,load,0.126773,1.236833,1.363657,319
20261008-175305-m7-b-nfs-fifo,2026-10-08T18:31:02+00:00,S5,0.5,256,1.0,nfs,0.0,0,2,17,2,1,0,0,256,32,19327352832,2147483648,32,1.662981,fifo,False,,none,0,,,,,,,,,,,,0.561373,0.561403,5809
20261008-175305-m7-b-nfs-fifo,2026-10-08T18:31:06+00:00,S5,0.5,256,1.0,nfs,0.0,0,2,18,1,3,32,0,256,48,20401094656,3221225472,48,2.739995,fifo,False,,cake,32,3,3,28,1,0.092058,2.927218,0.075035,2.852082,2.834838,recompute,2.928245,1.008318,3.93666,319
20261008-175305-m7-b-nfs-fifo,2026-10-08T18:31:09+00:00,S5,0.5,256,1.0,nfs,0.0,0,2,19,5,3,32,0,256,64,21474836480,4294967296,64,1.662943,fifo,False,,cake,32,5,5,26,1,0.15605,1.850299,0.071424,1.778779,1.693863,recompute,1.851442,1.015714,2.867261,319
20261008-175305-m7-b-nfs-fifo,2026-10-08T18:31:11+00:00,S5,0.5,256,1.0,nfs,0.0,0,2,20,2,2,16,0,256,80,22548578304,5368709120,80,1.6629,fifo,False,,cake,16,7,7,8,1,0.268018,1.850426,0.039908,1.81047,1.58206,recompute,1.851683,0.785121,2.636956,319
20261008-175305-m7-b-nfs-fifo,2026-10-08T18:31:15+00:00,S5,0.5,256,1.0,nfs,0.0,0,2,21,5,4,48,0,256,96,23622320128,6442450944,96,1.662912,fifo,False,,cake,48,9,9,38,1,0.297232,1.849887,0.092267,1.757486,1.552335,recompute,1.851113,1.234616,3.085859,5809
20261008-175305-m7-b-nfs-fifo,2026-10-08T18:31:18+00:00,S5,0.5,256,1.0,nfs,0.0,0,2,22,0,4,48,0,256,112,24696061952,7516192768,112,1.662876,fifo,False,,cake,48,11,11,36,1,0.380396,1.849857,0.088813,1.760904,1.469105,recompute,1.85089,1.234429,3.085434,319
20261008-175305-m7-b-nfs-fifo,2026-10-08T18:31:21+00:00,S5,0.5,256,1.0,nfs,0.0,0,2,23,2,3,32,0,256,128,25769803776,8589934592,128,1.662898,fifo,False,,cake,32,13,13,18,1,0.449202,1.850124,0.057242,1.792808,1.400591,recompute,1.851279,1.007691,2.859091,319
20261008-175305-m7-b-nfs-fifo,2026-10-08T18:31:24+00:00,S5,0.5,256,1.0,nfs,0.0,0,2,24,2,4,48,0,256,144,26843545600,9663676416,144,1.662877,fifo,False,,cake,48,15,15,32,1,0.532924,1.849863,0.081467,1.768305,1.316608,recompute,1.851039,1.242074,3.09324,319
20261008-175305-m7-b-nfs-fifo,2026-10-08T18:31:27+00:00,S5,0.5,256,1.0,nfs,0.0,0,2,25,1,4,48,0,256,160,27917287424,10737418240,160,1.662842,fifo,False,,cake,48,18,18,29,1,0.723413,1.849796,0.076146,1.773525,1.126133,recompute,1.850882,1.239663,3.090665,319
20261008-175305-m7-b-nfs-fifo,2026-10-08T18:31:29+00:00,S5,0.5,256,1.0,nfs,0.0,0,2,26,3,2,16,0,256,176,28991029248,11811160064,176,1.662856,fifo,False,,cake,16,15,15,0,1,0.53011,1.85054,0.0,1.850521,1.320102,recompute,1.85166,0.802244,2.654025,62
20261008-175305-m7-b-nfs-fifo,2026-10-08T18:31:32+00:00,S5,0.5,256,1.0,nfs,0.0,0,2,27,4,2,16,0,256,192,30064771072,12884901888,192,1.662816,fifo,False,,cake,16,15,15,0,1,0.584585,1.850402,0.0,1.850325,1.26547,recompute,1.85147,0.791195,2.642762,319
20261008-175305-m7-b-nfs-fifo,2026-10-08T18:31:35+00:00,S5,0.5,256,1.0,nfs,0.0,0,2,28,3,3,32,0,256,208,31138512896,13958643712,208,1.662838,fifo,False,,cake,32,23,23,8,1,0.894678,1.850209,0.039707,1.810463,0.955228,recompute,1.851345,1.008484,2.859999,319
20261008-175305-m7-b-nfs-fifo,2026-10-08T18:31:38+00:00,S5,0.5,256,1.0,nfs,0.0,0,2,29,3,4,48,0,256,224,32212254720,15032385536,224,1.662782,fifo,False,,cake,48,25,25,22,1,1.062762,1.849806,0.063892,1.785813,0.786669,recompute,1.850795,1.235132,3.086025,5809
20261008-175305-m7-b-nfs-fifo,2026-10-08T18:31:41+00:00,S5,0.5,256,1.0,nfs,0.0,0,2,30,4,3,32,0,256,240,33285996544,16106127360,240,1.662791,fifo,False,,cake,32,27,27,4,1,1.099532,1.850129,0.032537,1.817563,0.750357,recompute,1.851354,1.009495,2.860995,319
20261008-175305-m7-b-nfs-fifo,2026-10-08T18:31:44+00:00,S5,0.5,256,1.0,nfs,0.0,0,2,31,4,4,48,0,256,256,34359738368,17179869184,256,1.66279,fifo,False,,cake,48,29,29,18,1,1.215033,1.849739,0.056931,1.792731,0.634398,recompute,1.850802,1.235137,3.086039,319
20261008-175305-m7-b-nfs-fifo,2026-10-08T18:31:45+00:00,S5s,0.5,256,1.0,nfs,0.0,0,2,0,7,1,0,0,2,14,134217728,939524096,0,0.0,fifo,False,,none,0,,,,,,,,,,,,0.561108,0.561137,11906
20261008-175305-m7-b-nfs-fifo,2026-10-08T18:31:45+00:00,S5s,0.5,256,1.0,nfs,0.0,0,2,1,1,1,0,0,4,28,268435456,1879048192,0,1.455696,fifo,False,,none,0,,,,,,,,,,,,0.561024,0.561057,5809
20261008-175305-m7-b-nfs-fifo,2026-10-08T18:31:46+00:00,S5s,0.5,256,1.0,nfs,0.0,0,2,2,5,1,0,0,6,42,402653184,2818572288,0,2.3256,fifo,False,,none,0,,,,,,,,,,,,0.62423,0.624256,319
20261008-175305-m7-b-nfs-fifo,2026-10-08T18:31:47+00:00,S5s,0.5,256,1.0,nfs,0.0,0,2,3,6,1,0,0,8,56,536870912,3758096384,0,3.132404,fifo,False,,none,0,,,,,,,,,,,,0.623056,0.623103,5809
20261008-175305-m7-b-nfs-fifo,2026-10-08T18:31:52+00:00,S5s,0.5,256,1.0,nfs,0.0,0,2,4,5,2,16,0,13,67,872415232,4496293888,0,3.940461,fifo,False,,cake,16,13,13,2,1,0.505021,4.127984,0.005546,4.122414,3.622635,recompute,4.129166,0.784671,4.913982,319
20261008-175305-m7-b-nfs-fifo,2026-10-08T18:31:52+00:00,S5s,0.5,256,1.0,nfs,0.0,0,2,5,3,1,0,0,15,81,1006632960,5435817984,0,1.14369,fifo,False,,none,0,,,,,,,,,,,,0.622437,0.622467,319
20261008-175305-m7-b-nfs-fifo,2026-10-08T18:31:55+00:00,S5s,0.5,256,1.0,nfs,0.0,0,2,6,7,2,16,0,20,92,1342177280,6174015488,0,1.952248,fifo,False,,cake,16,13,13,2,1,0.503127,2.13979,0.005564,2.134203,1.636317,recompute,2.14092,0.784708,2.925742,319
20261008-175305-m7-b-nfs-fifo,2026-10-08T18:31:58+00:00,S5s,0.5,256,1.0,nfs,0.0,0,2,7,7,3,32,0,29,99,1946157056,6643777536,0,1.143653,fifo,False,,cake,32,26,26,5,1,1.054841,1.331006,0.015764,1.315208,0.275846,recompute,1.332031,1.027043,2.359181,319
20261008-175305-m7-b-nfs-fifo,2026-10-08T18:31:58+00:00,S5s,0.5,256,1.0,nfs,0.0,0,2,8,4,1,0,0,31,113,2080374784,7583301632,0,0.727691,fifo,False,,none,0,,,,,,,,,,,,0.615207,0.615245,319
20261008-175305-m7-b-nfs-fifo,2026-10-08T18:31:59+00:00,S5s,0.5,256,1.0,nfs,0.0,0,2,9,0,1,0,0,33,127,2214592512,8522825728,0,1.543592,fifo,False,,none,0,,,,,,,,,,,,0.596732,0.596763,5809
20261008-175305-m7-b-nfs-fifo,2026-10-08T18:32:02+00:00,S5s,0.5,256,1.0,nfs,0.0,0,2,10,0,2,16,0,38,138,2550136832,9261023232,0,2.377886,fifo,False,,cake,16,13,13,2,1,0.451917,2.565411,0.00543,2.559959,2.113177,recompute,2.566652,0.801209,3.367985,319
20261008-175305-m7-b-nfs-fifo,2026-10-08T18:32:04+00:00,S5s,0.5,256,1.0,nfs,0.0,0,2,11,1,2,16,0,43,149,2885681152,9999220736,0,1.143642,fifo,False,,cake,16,13,13,2,1,0.458476,1.331324,0.010748,1.32055,0.872523,recompute,1.332436,0.802732,2.135291,5809
20261008-175305-m7-b-nfs-fifo,2026-10-08T18:32:06+00:00,S5s,0.5,256,1.0,nfs,0.0,0,2,12,6,2,16,0,48,160,3221225472,10737418240,0,1.143682,fifo,False,,cake,16,13,13,2,1,0.451434,1.331284,0.010801,1.32046,0.879487,recompute,1.332415,0.784737,2.117328,25634
20261008-175305-m7-b-nfs-fifo,2026-10-08T18:32:09+00:00,S5s,0.5,256,1.0,nfs,0.0,0,2,13,0,3,32,0,57,167,3825205248,11207180288,0,1.143636,fifo,False,,cake,32,26,26,5,1,1.047914,1.330899,0.015714,1.315159,0.282616,recompute,1.331967,1.010158,2.342221,319
20261008-175305-m7-b-nfs-fifo,2026-10-08T18:32:12+00:00,S5s,0.5,256,1.0,nfs,0.0,0,2,14,7,4,48,0,70,170,4697620480,11408506880,0,0.727639,fifo,False,,cake,48,34,34,9,5,1.533736,1.669685,0.029442,1.640152,0.135591,recompute,1.670737,1.236652,2.907485,62
20261008-175305-m7-b-nfs-fifo,2026-10-08T18:32:14+00:00,S5s,0.5,256,1.0,nfs,0.0,0,2,15,6,3,32,0,79,177,5301600256,11878268928,0,0.311677,fifo,False,,cake,32,23,23,5,4,0.897148,1.065502,0.029806,1.035633,0.168001,recompute,1.066533,1.010681,2.07735,319
20261008-175305-m7-b-nfs-fifo,2026-10-08T18:32:17+00:00,S5s,0.5,256,1.0,nfs,0.0,0,2,16,6,4,48,0,92,180,6174015488,12079595520,0,0.727612,fifo,False,,cake,48,34,34,9,5,1.59942,1.669701,0.029556,1.640045,0.06992,recompute,1.670808,1.237291,2.908212,319
20261008-175305-m7-b-nfs-fifo,2026-10-08T18:32:17+00:00,S5s,0.5,256,1.0,nfs,0.0,0,2,17,2,1,0,0,94,194,6308233216,13019119616,0,0.311716,fifo,False,,none,0,,,,,,,,,,,,0.561041,0.561065,5809
20261008-175305-m7-b-nfs-fifo,2026-10-08T18:32:20+00:00,S5s,0.5,256,1.0,nfs,0.0,0,2,18,1,3,32,0,103,201,6912212992,13488881664,0,1.455632,fifo,False,,cake,32,26,26,5,1,1.048213,1.642844,0.0105,1.632313,0.594252,recompute,1.644008,1.00952,2.653627,319
20261008-175305-m7-b-nfs-fifo,2026-10-08T18:32:22+00:00,S5s,0.5,256,1.0,nfs,0.0,0,2,19,5,3,32,0,112,208,7516192768,13958643712,0,0.727643,fifo,False,,cake,32,25,25,5,2,1.105056,1.103908,0.022894,1.080965,0.001501,load,1.106088,1.010452,2.116591,319
20261008-175305-m7-b-nfs-fifo,2026-10-08T18:32:24+00:00,S5s,0.5,256,1.0,nfs,0.0,0,2,20,2,2,16,0,117,219,7851737088,14696841216,0,0.727691,fifo,False,,cake,16,13,13,2,1,0.448551,0.915365,0.017802,0.897536,0.46646,recompute,0.916441,0.787119,1.703718,319
20261008-175305-m7-b-nfs-fifo,2026-10-08T18:32:27+00:00,S5s,0.5,256,1.0,nfs,0.0,0,2,21,5,4,48,0,130,222,8724152320,14898167808,0,1.143625,fifo,False,,cake,48,36,36,9,3,1.613678,1.708223,0.02252,1.685644,0.094303,recompute,1.709249,1.236273,2.945615,5809
20261008-175305-m7-b-nfs-fifo,2026-10-08T18:32:30+00:00,S5s,0.5,256,1.0,nfs,0.0,0,2,22,0,4,48,0,143,225,9596567552,15099494400,0,0.311658,fifo,False,,cake,48,33,33,9,6,1.437094,1.442561,0.036564,1.405898,0.005115,recompute,1.443497,1.24206,2.685636,319
20261008-175305-m7-b-nfs-fifo,2026-10-08T18:32:32+00:00,S5s,0.5,256,1.0,nfs,0.0,0,2,23,2,3,32,0,152,232,10200547328,15569256448,0,0.311665,fifo,False,,cake,32,23,23,5,4,0.901547,1.06529,0.029736,1.035487,0.163388,recompute,1.066302,1.027,2.093434,319
20261008-175305-m7-b-nfs-fifo,2026-10-08T18:32:35+00:00,S5s,0.5,256,1.0,nfs,0.0,0,2,24,2,4,48,0,165,235,11072962560,15770583040,0,0.727631,fifo,False,,cake,48,34,34,9,5,1.608473,1.669625,0.029346,1.640178,0.060805,recompute,1.670692,1.242224,2.913083,319
20261008-175305-m7-b-nfs-fifo,2026-10-08T18:32:37+00:00,S5s,0.5,256,1.0,nfs,0.0,0,2,25,1,4,48,0,178,238,11945377792,15971909632,0,0.311653,fifo,False,,cake,48,33,33,9,6,1.446908,1.442484,0.036481,1.405904,0.004744,load,1.448041,1.245381,2.693544,319
20261008-175305-m7-b-nfs-fifo,2026-10-08T18:32:39+00:00,S5s,0.5,256,1.0,nfs,0.0,0,2,26,3,2,16,0,183,249,12280922112,16710107136,0,0.311692,fifo,False,,cake,16,12,12,2,2,0.507823,0.687993,0.02479,0.663165,0.179822,recompute,0.68921,0.791602,1.480928,62
20261008-175305-m7-b-nfs-fifo,2026-10-08T18:32:41+00:00,S5s,0.5,256,1.0,nfs,0.0,0,2,27,4,2,16,0,188,260,12616466432,17448304640,0,1.143676,fifo,False,,cake,16,13,13,2,1,0.44887,1.331293,0.010955,1.320315,0.882064,recompute,1.332331,0.785662,2.11811,319
20261008-175305-m7-b-nfs-fifo,2026-10-08T18:32:43+00:00,S5s,0.5,256,1.0,nfs,0.0,0,2,28,3,3,32,0,197,267,13220446208,17918066688,0,1.143642,fifo,False,,cake,32,26,26,5,1,1.047705,1.330896,0.015857,1.315008,0.282871,recompute,1.331931,1.008688,2.340804,319
20261008-175305-m7-b-nfs-fifo,2026-10-08T18:32:46+00:00,S5s,0.5,256,1.0,nfs,0.0,0,2,29,3,4,48,0,210,270,14092861440,18119393280,0,0.727629,fifo,False,,cake,48,34,34,9,5,1.596167,1.669743,0.029638,1.640006,0.073252,recompute,1.6708,1.237225,2.908131,5809
20261008-175305-m7-b-nfs-fifo,2026-10-08T18:32:48+00:00,S5s,0.5,256,1.0,nfs,0.0,0,2,30,4,3,32,0,219,277,14696841216,18589155328,0,0.311665,fifo,False,,cake,32,23,23,5,4,0.897355,1.065206,0.029662,1.035479,0.167544,recompute,1.06629,1.011105,2.077492,319
20261008-175305-m7-b-nfs-fifo,2026-10-08T18:32:51+00:00,S5s,0.5,256,1.0,nfs,0.0,0,2,31,4,4,48,0,232,280,15569256448,18790481920,0,0.727643,fifo,False,,cake,48,34,34,9,5,1.504614,1.669772,0.029537,1.640142,0.164854,recompute,1.670775,1.236777,2.907653,319
