run_id,ts,cfg_id,ssd_dev,io_model,gap,ssd_frac,wl_seed,cpu_gibps,release,workload,f_scale,cpu_frac,strategy,median,mean,p90,t_gate_mean,w_ssd_GiB,n_demote,ld_ssd,recompute
20261009-065112-m7-sim-sweep2,2026-10-09T06:52:10+00:00,0,nfs,share,0.0,1.0,0,35.4159,free,chat,1.0,0.125,S0,2.2813436364628217,2.3616421886066816,3.330932809515332,0.0,32.0,0,104,664
20261009-065112-m7-sim-sweep2,2026-10-09T06:52:10+00:00,0,nfs,share,0.0,1.0,0,35.4159,free,chat,1.0,0.125,S1,1.8092062904220256,1.9462170530054432,2.5413146559823474,0.0,32.0,0,69,464
20261009-065112-m7-sim-sweep2,2026-10-09T06:52:10+00:00,0,nfs,share,0.0,1.0,0,35.4159,free,chat,1.0,0.125,S2b,2.2813436364628217,2.162837609285988,3.330932809515332,0.0,32.0,0,87,570
20261009-065112-m7-sim-sweep2,2026-10-09T06:52:10+00:00,0,nfs,share,0.0,1.0,0,35.4159,free,chat,1.0,0.125,S4,1.8092062904220256,1.943495563265106,2.5413146559823474,0.0,29.0,464,70,463
20261009-065112-m7-sim-sweep2,2026-10-09T06:52:10+00:00,0,nfs,share,0.0,1.0,0,35.4159,free,chat,1.0,0.125,S4+,2.2813436364628217,2.152250542261438,3.330932809515332,0.0,28.0,448,87,570
20261009-065112-m7-sim-sweep2,2026-10-09T06:52:10+00:00,0,nfs,share,0.0,1.0,0,35.4159,free,chat,1.0,0.125,S4+P,1.8092062904220256,1.928747141890555,2.541314655982262,0.0,28.0,448,68,451
20261009-065112-m7-sim-sweep2,2026-10-09T06:52:10+00:00,0,nfs,share,0.0,1.0,0,35.4159,free,chat,1.0,0.125,S4L,1.6804993377509447,1.8907466148431216,2.541314655982262,0.0,28.0,448,65,436
20261009-065112-m7-sim-sweep2,2026-10-09T06:52:10+00:00,0,nfs,share,0.0,1.0,0,35.4159,free,chat,1.0,0.125,S4B,1.6804993377509447,1.8910644158402252,2.544844144150005,0.0,28.0,448,65,432
20261009-065112-m7-sim-sweep2,2026-10-09T06:52:10+00:00,0,nfs,share,0.0,1.0,0,35.4159,free,chat,1.0,0.125,S5,2.2813436364628217,2.152250542261438,3.330932809515332,0.0,28.0,448,87,570
20261009-065112-m7-sim-sweep2,2026-10-09T06:52:10+00:00,0,nfs,share,0.0,1.0,0,35.4159,free,chat,1.0,0.125,S5s,2.2813436364628217,2.232103989927674,3.1524032941010773,0.0,28.0,168,93,615
20261009-065112-m7-sim-sweep2,2026-10-09T06:52:10+00:00,0,nfs,share,0.0,1.0,0,35.4159,free,chat,1.0,0.125,S5L,1.6804993377509447,1.8907466148431216,2.541314655982262,0.0,28.0,448,65,436
20261009-065112-m7-sim-sweep2,2026-10-09T06:52:10+00:00,0,nfs,share,0.0,1.0,0,35.4159,free,chat,1.0,0.125,S5P,1.8092062904220256,1.928747141890555,2.541314655982262,0.0,28.0,448,68,451
20261009-065112-m7-sim-sweep2,2026-10-09T06:52:10+00:00,0,nfs,share,0.0,1.0,0,35.4159,free,chat,1.0,0.125,S5c,2.2813436364628217,2.1468075627807637,3.2003013019791524,0.0,28.0,168,89,568
20261009-065112-m7-sim-sweep2,2026-10-09T06:52:10+00:00,0,nfs,share,0.0,1.0,0,35.4159,free,chat,1.0,0.25,S0,2.2813436364628217,2.3616421886066816,3.330932809515332,0.0,32.0,0,104,664
20261009-065112-m7-sim-sweep2,2026-10-09T06:52:10+00:00,0,nfs,share,0.0,1.0,0,35.4159,free,chat,1.0,0.25,S1,1.5527538279911326,1.7071402887379061,2.541314655982262,0.0,32.0,0,50,347
20261009-065112-m7-sim-sweep2,2026-10-09T06:52:10+00:00,0,nfs,share,0.0,1.0,0,35.4159,free,chat,1.0,0.25,S2b,1.9370308710508581,1.8829065528170652,2.842731238629483,0.0,32.0,0,64,441
20261009-065112-m7-sim-sweep2,2026-10-09T06:52:10+00:00,0,nfs,share,0.0,1.0,0,35.4159,free,chat,1.0,0.25,S4,1.5527538279911326,1.7071402887379061,2.541314655982262,0.0,24.0,384,50,347
20261009-065112-m7-sim-sweep2,2026-10-09T06:52:10+00:00,0,nfs,share,0.0,1.0,0,35.4159,free,chat,1.0,0.25,S4+,1.9370308710508581,1.8829065528170652,2.842731238629483,0.0,24.0,384,64,441
20261009-065112-m7-sim-sweep2,2026-10-09T06:52:10+00:00,0,nfs,share,0.0,1.0,0,35.4159,free,chat,1.0,0.25,S4+P,1.5270809392719968,1.643657211284366,2.2813436364628217,0.0,24.0,384,45,322
20261009-065112-m7-sim-sweep2,2026-10-09T06:52:10+00:00,0,nfs,share,0.0,1.0,0,35.4159,free,chat,1.0,0.25,S4L,1.5527538279911326,1.6438042732913587,2.2813436364628217,0.0,24.0,384,45,320
20261009-065112-m7-sim-sweep2,2026-10-09T06:52:10+00:00,0,nfs,share,0.0,1.0,0,35.4159,free,chat,1.0,0.25,S4B,1.5527538279911326,1.643951335298348,2.2813436364628217,0.0,24.0,384,45,318
20261009-065112-m7-sim-sweep2,2026-10-09T06:52:10+00:00,0,nfs,share,0.0,1.0,0,35.4159,free,chat,1.0,0.25,S5,1.9370308710508581,1.8829065528170652,2.842731238629483,0.0,24.0,384,64,441
20261009-065112-m7-sim-sweep2,2026-10-09T06:52:10+00:00,0,nfs,share,0.0,1.0,0,35.4159,free,chat,1.0,0.25,S5s,1.9747748834627217,2.102416787502096,2.843075363725873,0.0,24.0,104,86,573
20261009-065112-m7-sim-sweep2,2026-10-09T06:52:10+00:00,0,nfs,share,0.0,1.0,0,35.4159,free,chat,1.0,0.25,S5L,1.5527538279911326,1.6438042732913587,2.2813436364628217,0.0,24.0,384,45,320
20261009-065112-m7-sim-sweep2,2026-10-09T06:52:10+00:00,0,nfs,share,0.0,1.0,0,35.4159,free,chat,1.0,0.25,S5P,1.5270809392719968,1.643657211284366,2.2813436364628217,0.0,24.0,384,45,322
20261009-065112-m7-sim-sweep2,2026-10-09T06:52:10+00:00,0,nfs,share,0.0,1.0,0,35.4159,free,chat,1.0,0.25,S5c,1.9370308710508581,1.8629063451125027,2.6078930000000184,0.0,25.5,128,66,439
20261009-065112-m7-sim-sweep2,2026-10-09T06:52:10+00:00,0,nfs,share,0.0,1.0,0,35.4159,free,chat,1.0,0.5,S0,2.2813436364628217,2.3616421886066816,3.330932809515332,0.0,32.0,0,104,664
20261009-065112-m7-sim-sweep2,2026-10-09T06:52:10+00:00,0,nfs,share,0.0,1.0,0,35.4159,free,chat,1.0,0.5,S1,1.3360449999999986,1.417834306542474,1.9379132430931065,0.0,32.0,0,27,209
20261009-065112-m7-sim-sweep2,2026-10-09T06:52:10+00:00,0,nfs,share,0.0,1.0,0,35.4159,free,chat,1.0,0.5,S2b,1.3840928635577257,1.4308639398952667,1.9819159203980803,0.0,32.0,0,28,218
20261009-065112-m7-sim-sweep2,2026-10-09T06:52:10+00:00,0,nfs,share,0.0,1.0,0,35.4159,free,chat,1.0,0.5,S4,1.3360449999999986,1.417834306542474,1.9379132430931065,0.0,17.0,272,27,209
20261009-065112-m7-sim-sweep2,2026-10-09T06:52:10+00:00,0,nfs,share,0.0,1.0,0,35.4159,free,chat,1.0,0.5,S4+,1.3840928635577257,1.4308639398952667,1.9819159203980803,0.0,16.0,256,28,218
20261009-065112-m7-sim-sweep2,2026-10-09T06:52:10+00:00,0,nfs,share,0.0,1.0,0,35.4159,free,chat,1.0,0.5,S4+P,1.3360450000000128,1.3546880174521168,1.9379132430931065,0.0,16.0,256,22,177
20261009-065112-m7-sim-sweep2,2026-10-09T06:52:10+00:00,0,nfs,share,0.0,1.0,0,35.4159,free,chat,1.0,0.5,S4L,1.3360450000000057,1.3796400166329879,1.9379132430931065,0.0,16.0,256,24,196
20261009-065112-m7-sim-sweep2,2026-10-09T06:52:10+00:00,0,nfs,share,0.0,1.0,0,35.4159,free,chat,1.0,0.5,S4B,1.3360450000000128,1.3671426848679527,1.9379132430931065,0.0,16.0,256,23,188
20261009-065112-m7-sim-sweep2,2026-10-09T06:52:10+00:00,0,nfs,share,0.0,1.0,0,35.4159,free,chat,1.0,0.5,S5,1.3840928635577257,1.4308639398952667,1.9819159203980803,0.0,16.0,256,28,218
20261009-065112-m7-sim-sweep2,2026-10-09T06:52:10+00:00,0,nfs,share,0.0,1.0,0,35.4159,free,chat,1.0,0.5,S5s,1.974348697766473,2.0421027998994945,2.7777596099578545,0.0,17.5,0,91,549
20261009-065112-m7-sim-sweep2,2026-10-09T06:52:10+00:00,0,nfs,share,0.0,1.0,0,35.4159,free,chat,1.0,0.5,S5L,1.3360450000000057,1.3796400166329879,1.9379132430931065,0.0,16.0,256,24,196
20261009-065112-m7-sim-sweep2,2026-10-09T06:52:10+00:00,0,nfs,share,0.0,1.0,0,35.4159,free,chat,1.0,0.5,S5P,1.3360450000000128,1.3546880174521168,1.9379132430931065,0.0,16.0,256,22,177
20261009-065112-m7-sim-sweep2,2026-10-09T06:52:10+00:00,0,nfs,share,0.0,1.0,0,35.4159,free,chat,1.0,0.5,S5c,1.3591865597369335,1.4255704063829917,1.9819159203980803,0.0,21.0,56,28,218
20261009-065112-m7-sim-sweep2,2026-10-09T06:52:10+00:00,1,nfs,share,0.0,1.0,0,11.6,free,chat,1.0,0.125,S0,2.2813436364628217,2.3616421886066816,3.330932809515332,0.0,32.0,0,104,664
20261009-065112-m7-sim-sweep2,2026-10-09T06:52:10+00:00,1,nfs,share,0.0,1.0,0,11.6,free,chat,1.0,0.125,S1,1.7597755772192443,1.9606660390562058,2.6080054726698734,0.0,32.0,0,67,475
20261009-065112-m7-sim-sweep2,2026-10-09T06:52:10+00:00,1,nfs,share,0.0,1.0,0,11.6,free,chat,1.0,0.125,S2b,2.2813436364628217,2.18174420517218,3.330932809515332,0.0,32.0,0,87,572
20261009-065112-m7-sim-sweep2,2026-10-09T06:52:10+00:00,1,nfs,share,0.0,1.0,0,11.6,free,chat,1.0,0.125,S4,1.7597755772192443,1.9526510158035937,2.6080054726698165,0.0,29.0,464,68,474
20261009-065112-m7-sim-sweep2,2026-10-09T06:52:10+00:00,1,nfs,share,0.0,1.0,0,11.6,free,chat,1.0,0.125,S4+,2.2813436364628217,2.17115713814763,3.330932809515332,0.0,28.0,448,87,572
20261009-065112-m7-sim-sweep2,2026-10-09T06:52:10+00:00,1,nfs,share,0.0,1.0,0,11.6,free,chat,1.0,0.125,S4+P,1.7597755772192443,1.9199574691314787,2.608005472669774,0.0,28.0,448,64,459
20261009-065112-m7-sim-sweep2,2026-10-09T06:52:10+00:00,1,nfs,share,0.0,1.0,0,11.6,free,chat,1.0,0.125,S4L,1.7471901544384707,1.8982975907650055,2.6080054726698165,0.0,28.0,448,62,448
20261009-065112-m7-sim-sweep2,2026-10-09T06:52:10+00:00,1,nfs,share,0.0,1.0,0,11.6,free,chat,1.0,0.125,S4B,1.7471901544384707,1.8753753372036321,2.6080054726696886,0.0,28.0,448,60,436
20261009-065112-m7-sim-sweep2,2026-10-09T06:52:10+00:00,1,nfs,share,0.0,1.0,0,11.6,free,chat,1.0,0.125,S5,2.2813436364628217,2.17115713814763,3.330932809515332,0.0,28.0,432,87,572
20261009-065112-m7-sim-sweep2,2026-10-09T06:52:10+00:00,1,nfs,share,0.0,1.0,0,11.6,free,chat,1.0,0.125,S5s,2.2813436364628217,2.2425030580623955,3.173435894349467,0.0,28.0,168,93,615
20261009-065112-m7-sim-sweep2,2026-10-09T06:52:10+00:00,1,nfs,share,0.0,1.0,0,11.6,free,chat,1.0,0.125,S5L,1.7471901544384707,1.8874956867313486,2.608005472669703,0.0,28.0,432,61,445
20261009-065112-m7-sim-sweep2,2026-10-09T06:52:10+00:00,1,nfs,share,0.0,1.0,0,11.6,free,chat,1.0,0.125,S5P,1.7597755772192443,1.9146639356192037,2.608005472669774,0.0,28.0,432,64,459
20261009-065112-m7-sim-sweep2,2026-10-09T06:52:10+00:00,1,nfs,share,0.0,1.0,0,11.6,free,chat,1.0,0.125,S5c,2.2813436364628217,2.165714158666956,3.2003013019791524,0.0,28.0,168,89,570
20261009-065112-m7-sim-sweep2,2026-10-09T06:52:10+00:00,1,nfs,share,0.0,1.0,0,11.6,free,chat,1.0,0.25,S0,2.2813436364628217,2.3616421886066816,3.330932809515332,0.0,32.0,0,104,664
20261009-065112-m7-sim-sweep2,2026-10-09T06:52:10+00:00,1,nfs,share,0.0,1.0,0,11.6,free,chat,1.0,0.25,S1,1.624555077219135,1.729516517286856,2.608005472669703,0.0,32.0,0,47,372
20261009-065112-m7-sim-sweep2,2026-10-09T06:52:10+00:00,1,nfs,share,0.0,1.0,0,11.6,free,chat,1.0,0.25,S2b,1.8802947794382447,1.9002082770690158,2.8763833990269063,0.0,32.0,0,62,450
20261009-065112-m7-sim-sweep2,2026-10-09T06:52:10+00:00,1,nfs,share,0.0,1.0,0,11.6,free,chat,1.0,0.25,S4,1.624555077219135,1.724222983774581,2.608005472669703,0.0,24.0,384,47,372
20261009-065112-m7-sim-sweep2,2026-10-09T06:52:10+00:00,1,nfs,share,0.0,1.0,0,11.6,free,chat,1.0,0.25,S4+,1.8802947794382447,1.9002082770690158,2.8763833990269063,0.0,24.0,384,62,450
20261009-065112-m7-sim-sweep2,2026-10-09T06:52:10+00:00,1,nfs,share,0.0,1.0,0,11.6,free,chat,1.0,0.25,S4+P,1.624555077219135,1.6708173174710776,2.2813436364628217,0.0,24.0,384,42,347
20261009-065112-m7-sim-sweep2,2026-10-09T06:52:10+00:00,1,nfs,share,0.0,1.0,0,11.6,free,chat,1.0,0.25,S4L,1.624555077219135,1.6592824917114417,2.2813436364628217,0.0,24.0,384,41,346
20261009-065112-m7-sim-sweep2,2026-10-09T06:52:10+00:00,1,nfs,share,0.0,1.0,0,11.6,free,chat,1.0,0.25,S4B,1.5019199999999913,1.6480141167114415,2.2813436364628217,0.0,24.0,384,40,339
20261009-065112-m7-sim-sweep2,2026-10-09T06:52:10+00:00,1,nfs,share,0.0,1.0,0,11.6,free,chat,1.0,0.25,S5,1.8802947794382447,1.9001721330316599,2.8763833990269063,0.0,24.0,368,62,450
20261009-065112-m7-sim-sweep2,2026-10-09T06:52:10+00:00,1,nfs,share,0.0,1.0,0,11.6,free,chat,1.0,0.25,S5s,1.9959344601057296,2.120559423153169,2.8809038731647263,0.0,24.0,104,86,573
20261009-065112-m7-sim-sweep2,2026-10-09T06:52:10+00:00,1,nfs,share,0.0,1.0,0,11.6,free,chat,1.0,0.25,S5L,1.624555077219135,1.6591136215452806,2.2813436364628217,0.0,24.0,368,41,342
20261009-065112-m7-sim-sweep2,2026-10-09T06:52:10+00:00,1,nfs,share,0.0,1.0,0,11.6,free,chat,1.0,0.25,S5P,1.624555077219135,1.6713024557613079,2.2813436364628217,0.0,24.0,368,42,345
20261009-065112-m7-sim-sweep2,2026-10-09T06:52:10+00:00,1,nfs,share,0.0,1.0,0,11.6,free,chat,1.0,0.25,S5c,1.8802947794382447,1.8796383604515121,2.6410599542308546,0.0,25.5,128,64,448
20261009-065112-m7-sim-sweep2,2026-10-09T06:52:10+00:00,1,nfs,share,0.0,1.0,0,11.6,free,chat,1.0,0.5,S0,2.2813436364628217,2.3616421886066816,3.330932809515332,0.0,32.0,0,104,664
20261009-065112-m7-sim-sweep2,2026-10-09T06:52:10+00:00,1,nfs,share,0.0,1.0,0,11.6,free,chat,1.0,0.5,S1,1.42500831823142,1.4754683356755376,1.7723610000000178,0.0,32.0,0,25,258
20261009-065112-m7-sim-sweep2,2026-10-09T06:52:10+00:00,1,nfs,share,0.0,1.0,0,11.6,free,chat,1.0,0.5,S2b,1.443246659115708,1.4632036394822865,2.0155680807955036,0.0,32.0,0,24,252
20261009-065112-m7-sim-sweep2,2026-10-09T06:52:10+00:00,1,nfs,share,0.0,1.0,0,11.6,free,chat,1.0,0.5,S4,1.42500831823142,1.4754683356755376,1.7723610000000178,0.0,17.0,272,25,258
20261009-065112-m7-sim-sweep2,2026-10-09T06:52:10+00:00,1,nfs,share,0.0,1.0,0,11.6,free,chat,1.0,0.5,S4+,1.443246659115708,1.4632036394822865,2.0155680807955036,0.0,16.0,256,24,252
20261009-065112-m7-sim-sweep2,2026-10-09T06:52:10+00:00,1,nfs,share,0.0,1.0,0,11.6,free,chat,1.0,0.5,S4+P,1.42500831823142,1.392987926869207,1.7790839780810757,0.0,16.0,256,18,223
20261009-065112-m7-sim-sweep2,2026-10-09T06:52:10+00:00,1,nfs,share,0.0,1.0,0,11.6,free,chat,1.0,0.5,S4L,1.42500831823142,1.4400528297946937,1.7723610000000178,0.0,16.0,256,22,245
20261009-065112-m7-sim-sweep2,2026-10-09T06:52:10+00:00,1,nfs,share,0.0,1.0,0,11.6,free,chat,1.0,0.5,S4B,1.42500831823142,1.3598582801531787,1.7723610000000178,0.0,16.0,256,15,201
20261009-065112-m7-sim-sweep2,2026-10-09T06:52:10+00:00,1,nfs,share,0.0,1.0,0,11.6,free,chat,1.0,0.5,S5,1.443246659115708,1.4631313514075732,2.0155680807955036,0.0,16.0,240,24,252
20261009-065112-m7-sim-sweep2,2026-10-09T06:52:10+00:00,1,nfs,share,0.0,1.0,0,11.6,free,chat,1.0,0.5,S5s,1.9941995463126148,2.0640816347663034,2.815588119396722,0.0,17.5,0,91,549
20261009-065112-m7-sim-sweep2,2026-10-09T06:52:10+00:00,1,nfs,share,0.0,1.0,0,11.6,free,chat,1.0,0.5,S5L,1.42500831823142,1.4286174079349852,1.7723610000000178,0.0,16.0,240,21,238
20261009-065112-m7-sim-sweep2,2026-10-09T06:52:10+00:00,1,nfs,share,0.0,1.0,0,11.6,free,chat,1.0,0.5,S5P,1.42500831823142,1.3813506421915527,1.7723610000000178,0.0,16.0,240,17,215
20261009-065112-m7-sim-sweep2,2026-10-09T06:52:10+00:00,1,nfs,share,0.0,1.0,0,11.6,free,chat,1.0,0.5,S5c,1.443246659115708,1.4526165724577365,2.0155680807955036,0.0,21.0,56,24,252
20261009-065112-m7-sim-sweep2,2026-10-09T06:52:10+00:00,2,nfs,share,0.0,1.0,0,3.69,free,chat,1.0,0.125,S0,2.2813436364628217,2.3616421886066816,3.330932809515332,0.0,32.0,0,104,664
20261009-065112-m7-sim-sweep2,2026-10-09T06:52:10+00:00,2,nfs,share,0.0,1.0,0,3.69,free,chat,1.0,0.125,S1,1.7352489013736516,1.963002252778697,2.5038831941494095,0.0,32.0,0,59,499
20261009-065112-m7-sim-sweep2,2026-10-09T06:52:10+00:00,2,nfs,share,0.0,1.0,0,3.69,free,chat,1.0,0.125,S2b,2.2813436364628217,2.1610575135371497,3.330932809515332,0.0,32.0,0,81,584
20261009-065112-m7-sim-sweep2,2026-10-09T06:52:10+00:00,2,nfs,share,0.0,1.0,0,3.69,free,chat,1.0,0.125,S4,1.7352489013736516,1.9602807630383599,2.5038831941494095,0.0,29.0,464,60,498
20261009-065112-m7-sim-sweep2,2026-10-09T06:52:10+00:00,2,nfs,share,0.0,1.0,0,3.69,free,chat,1.0,0.125,S4+,2.2813436364628217,2.1504704465125997,3.330932809515332,0.0,28.0,448,81,584
20261009-065112-m7-sim-sweep2,2026-10-09T06:52:10+00:00,2,nfs,share,0.0,1.0,0,3.69,free,chat,1.0,0.125,S4+P,1.7352489013736516,1.92128021420152,2.5038831941494095,0.0,28.0,448,55,481
20261009-065112-m7-sim-sweep2,2026-10-09T06:52:10+00:00,2,nfs,share,0.0,1.0,0,3.69,free,chat,1.0,0.125,S4L,1.6430678759180068,1.9029283431053834,2.5038831941494095,0.0,28.0,448,53,473
20261009-065112-m7-sim-sweep2,2026-10-09T06:52:10+00:00,2,nfs,share,0.0,1.0,0,3.69,free,chat,1.0,0.125,S4B,1.6430678759180068,1.837850853276456,2.5038831941492106,0.0,28.0,448,45,437
20261009-065112-m7-sim-sweep2,2026-10-09T06:52:10+00:00,2,nfs,share,0.0,1.0,0,3.69,free,chat,1.0,0.125,S5,2.2813436364628217,2.1503568229805303,3.330932809515332,0.0,28.0,400,81,584
20261009-065112-m7-sim-sweep2,2026-10-09T06:52:10+00:00,2,nfs,share,0.0,1.0,0,3.69,free,chat,1.0,0.125,S5s,2.2813436364628217,2.2641843787530838,3.1814882229869283,0.0,28.0,168,92,616
20261009-065112-m7-sim-sweep2,2026-10-09T06:52:10+00:00,2,nfs,share,0.0,1.0,0,3.69,free,chat,1.0,0.125,S5L,1.6430678759180068,1.8644220225724588,2.5038831941492106,0.0,28.0,400,49,453
20261009-065112-m7-sim-sweep2,2026-10-09T06:52:10+00:00,2,nfs,share,0.0,1.0,0,3.69,free,chat,1.0,0.125,S5P,1.7352489013736516,1.8999415393808217,2.503883194149381,0.0,28.0,400,53,471
20261009-065112-m7-sim-sweep2,2026-10-09T06:52:10+00:00,2,nfs,share,0.0,1.0,0,3.69,free,chat,1.0,0.125,S5c,2.2813436364628217,2.1450274670319254,3.2011528571332803,0.0,28.0,168,83,582
20261009-065112-m7-sim-sweep2,2026-10-09T06:52:10+00:00,2,nfs,share,0.0,1.0,0,3.69,free,chat,1.0,0.25,S0,2.2813436364628217,2.3616421886066816,3.330932809515332,0.0,32.0,0,104,664
20261009-065112-m7-sim-sweep2,2026-10-09T06:52:10+00:00,2,nfs,share,0.0,1.0,0,3.69,free,chat,1.0,0.25,S1,1.6430678759179074,1.7771356192789203,2.5038831941492106,0.0,32.0,0,39,421
20261009-065112-m7-sim-sweep2,2026-10-09T06:52:10+00:00,2,nfs,share,0.0,1.0,0,3.69,free,chat,1.0,0.25,S2b,1.8270589761887805,1.9097240211446664,2.726832612072684,0.0,32.0,0,53,477
20261009-065112-m7-sim-sweep2,2026-10-09T06:52:10+00:00,2,nfs,share,0.0,1.0,0,3.69,free,chat,1.0,0.25,S4,1.6430678759179074,1.7718420857666455,2.5038831941492106,0.0,24.0,384,39,421
20261009-065112-m7-sim-sweep2,2026-10-09T06:52:10+00:00,2,nfs,share,0.0,1.0,0,3.69,free,chat,1.0,0.25,S4+,1.8270589761887805,1.9097240211446664,2.726832612072684,0.0,24.0,384,53,477
20261009-065112-m7-sim-sweep2,2026-10-09T06:52:10+00:00,2,nfs,share,0.0,1.0,0,3.69,free,chat,1.0,0.25,S4+P,1.6430678759179074,1.7183194158984954,2.2813436364628217,0.0,24.0,384,33,401
20261009-065112-m7-sim-sweep2,2026-10-09T06:52:10+00:00,2,nfs,share,0.0,1.0,0,3.69,free,chat,1.0,0.25,S4L,1.6430678759179074,1.709196132321387,2.2813436364628217,0.0,24.0,384,32,396
20261009-065112-m7-sim-sweep2,2026-10-09T06:52:10+00:00,2,nfs,share,0.0,1.0,0,3.69,free,chat,1.0,0.25,S4B,1.5340380970747134,1.6637332227608077,2.2813436364628217,0.0,24.0,384,27,377
20261009-065112-m7-sim-sweep2,2026-10-09T06:52:10+00:00,2,nfs,share,0.0,1.0,0,3.69,free,chat,1.0,0.25,S5,1.8270589761887805,1.9093831505484598,2.726832612072684,0.0,24.0,336,53,477
20261009-065112-m7-sim-sweep2,2026-10-09T06:52:10+00:00,2,nfs,share,0.0,1.0,0,3.69,free,chat,1.0,0.25,S5s,2.0611211833091545,2.159449597452363,2.983657368749334,0.0,24.0,104,85,574
20261009-065112-m7-sim-sweep2,2026-10-09T06:52:10+00:00,2,nfs,share,0.0,1.0,0,3.69,free,chat,1.0,0.25,S5L,1.6430678759179074,1.693680056440807,2.2813436364628217,0.0,24.0,336,31,393
20261009-065112-m7-sim-sweep2,2026-10-09T06:52:10+00:00,2,nfs,share,0.0,1.0,0,3.69,free,chat,1.0,0.25,S5P,1.6430678759179074,1.7046083350331394,2.2813436364628217,0.0,24.0,336,32,395
20261009-065112-m7-sim-sweep2,2026-10-09T06:52:10+00:00,2,nfs,share,0.0,1.0,0,3.69,free,chat,1.0,0.25,S5c,1.8270589761887805,1.8913276145204907,2.6615168583045943,0.0,25.5,128,55,475
20261009-065112-m7-sim-sweep2,2026-10-09T06:52:10+00:00,2,nfs,share,0.0,1.0,0,3.69,free,chat,1.0,0.5,S0,2.2813436364628217,2.3616421886066816,3.330932809515332,0.0,32.0,0,104,664
20261009-065112-m7-sim-sweep2,2026-10-09T06:52:10+00:00,2,nfs,share,0.0,1.0,0,3.69,free,chat,1.0,0.5,S1,1.42500831823142,1.5997391851031857,1.8274299268292964,0.0,32.0,0,20,348
20261009-065112-m7-sim-sweep2,2026-10-09T06:52:10+00:00,2,nfs,share,0.0,1.0,0,3.69,free,chat,1.0,0.5,S2b,1.42500831823142,1.586554714639367,2.092435577814939,0.0,32.0,0,18,333
20261009-065112-m7-sim-sweep2,2026-10-09T06:52:10+00:00,2,nfs,share,0.0,1.0,0,3.69,free,chat,1.0,0.5,S4,1.42500831823142,1.5997391851031857,1.8274299268292964,0.0,17.0,272,20,348
20261009-065112-m7-sim-sweep2,2026-10-09T06:52:10+00:00,2,nfs,share,0.0,1.0,0,3.69,free,chat,1.0,0.5,S4+,1.42500831823142,1.586554714639367,2.092435577814939,0.0,16.0,256,18,333
20261009-065112-m7-sim-sweep2,2026-10-09T06:52:10+00:00,2,nfs,share,0.0,1.0,0,3.69,free,chat,1.0,0.5,S4+P,1.42500831823142,1.5149729230296376,1.8274299268292964,0.0,16.0,256,11,313
20261009-065112-m7-sim-sweep2,2026-10-09T06:52:10+00:00,2,nfs,share,0.0,1.0,0,3.69,free,chat,1.0,0.5,S4L,1.42500831823142,1.5599852509506569,1.8274299268292964,0.0,16.0,256,16,336
20261009-065112-m7-sim-sweep2,2026-10-09T06:52:10+00:00,2,nfs,share,0.0,1.0,0,3.69,free,chat,1.0,0.5,S4B,1.423474159115706,1.4678056604880194,1.8274299268291117,0.0,16.0,256,6,294
20261009-065112-m7-sim-sweep2,2026-10-09T06:52:10+00:00,2,nfs,share,0.0,1.0,0,3.69,free,chat,1.0,0.5,S5,1.42500831823142,1.5852289582030477,2.092435577814939,0.0,16.0,208,18,332
20261009-065112-m7-sim-sweep2,2026-10-09T06:52:10+00:00,2,nfs,share,0.0,1.0,0,3.69,free,chat,1.0,0.5,S5s,2.02709982404032,2.0933628120306893,2.8082344800633336,0.0,17.5,0,89,551
20261009-065112-m7-sim-sweep2,2026-10-09T06:52:10+00:00,2,nfs,share,0.0,1.0,0,3.69,free,chat,1.0,0.5,S5L,1.423474159115706,1.5064130952051442,1.8274299268292964,0.0,16.0,208,10,307
20261009-065112-m7-sim-sweep2,2026-10-09T06:52:10+00:00,2,nfs,share,0.0,1.0,0,3.69,free,chat,1.0,0.5,S5P,1.423474159115706,1.4878579720764762,1.8274299268292964,0.0,16.0,208,8,298
20261009-065112-m7-sim-sweep2,2026-10-09T06:52:10+00:00,2,nfs,share,0.0,1.0,0,3.69,free,chat,1.0,0.5,S5c,1.423474159115706,1.5715469163109077,2.092435577814939,0.0,21.0,56,18,333
20261009-065112-m7-sim-sweep2,2026-10-09T06:52:10+00:00,3,nfs,share,0.0,1.0,0,1.0,free,chat,1.0,0.125,S0,2.2813436364628217,2.3616421886066816,3.330932809515332,0.0,32.0,0,104,664
20261009-065112-m7-sim-sweep2,2026-10-09T06:52:10+00:00,3,nfs,share,0.0,1.0,0,1.0,free,chat,1.0,0.125,S1,2.0488000682314293,2.099016922978793,2.7039406591157586,0.0,32.0,0,50,575
20261009-065112-m7-sim-sweep2,2026-10-09T06:52:10+00:00,3,nfs,share,0.0,1.0,0,1.0,free,chat,1.0,0.125,S2b,2.2813436364628217,2.208754975291015,3.330932809515332,0.0,32.0,0,73,614
20261009-065112-m7-sim-sweep2,2026-10-09T06:52:10+00:00,3,nfs,share,0.0,1.0,0,1.0,free,chat,1.0,0.125,S4,2.0488000682314293,2.0910018997261814,2.7039406591157586,0.0,29.0,464,51,574
20261009-065112-m7-sim-sweep2,2026-10-09T06:52:10+00:00,3,nfs,share,0.0,1.0,0,1.0,free,chat,1.0,0.125,S4+,2.2813436364628217,2.20346144177874,3.330932809515332,0.0,28.0,448,73,614
20261009-065112-m7-sim-sweep2,2026-10-09T06:52:10+00:00,3,nfs,share,0.0,1.0,0,1.0,free,chat,1.0,0.125,S4+P,1.9378845795578883,2.0714987104840805,2.7039406591157444,0.0,28.0,448,45,565
20261009-065112-m7-sim-sweep2,2026-10-09T06:52:10+00:00,3,nfs,share,0.0,1.0,0,1.0,free,chat,1.0,0.125,S4L,1.816256500000037,2.0663939813174146,2.7039406591157586,0.0,28.0,448,45,567
20261009-065112-m7-sim-sweep2,2026-10-09T06:52:10+00:00,3,nfs,share,0.0,1.0,0,1.0,free,chat,1.0,0.125,S4B,1.816256500000037,1.990745040382374,2.7039406591157444,0.0,28.0,448,30,543
20261009-065112-m7-sim-sweep2,2026-10-09T06:52:10+00:00,3,nfs,share,0.0,1.0,0,1.0,free,chat,1.0,0.125,S5,2.2813436364628217,2.20950831677874,3.330932809515332,0.0,28.0,328,73,612
20261009-065112-m7-sim-sweep2,2026-10-09T06:52:10+00:00,3,nfs,share,0.0,1.0,0,1.0,free,chat,1.0,0.125,S5s,2.1959968069049722,2.2044151557980194,3.1891527955785364,0.0,28.0,168,78,630
20261009-065112-m7-sim-sweep2,2026-10-09T06:52:10+00:00,3,nfs,share,0.0,1.0,0,1.0,free,chat,1.0,0.125,S5L,1.816256500000037,2.0195970949455115,2.6737531591157335,0.0,28.0,328,37,555
20261009-065112-m7-sim-sweep2,2026-10-09T06:52:10+00:00,3,nfs,share,0.0,1.0,0,1.0,free,chat,1.0,0.125,S5P,1.816256500000037,2.023582289075333,2.6737531591157335,0.0,28.0,328,38,557
20261009-065112-m7-sim-sweep2,2026-10-09T06:52:10+00:00,3,nfs,share,0.0,1.0,0,1.0,free,chat,1.0,0.125,S5c,2.2813436364628217,2.198018462298066,3.2003013019791524,0.0,28.0,168,75,612
20261009-065112-m7-sim-sweep2,2026-10-09T06:52:10+00:00,3,nfs,share,0.0,1.0,0,1.0,free,chat,1.0,0.25,S0,2.2813436364628217,2.3616421886066816,3.330932809515332,0.0,32.0,0,104,664
20261009-065112-m7-sim-sweep2,2026-10-09T06:52:10+00:00,3,nfs,share,0.0,1.0,0,1.0,free,chat,1.0,0.25,S1,1.816256500000037,2.0071360038209582,2.7039406591157444,0.0,32.0,0,32,546
20261009-065112-m7-sim-sweep2,2026-10-09T06:52:10+00:00,3,nfs,share,0.0,1.0,0,1.0,free,chat,1.0,0.25,S2b,2.0360157386735835,2.0462423983472484,2.992890477347146,0.0,32.0,0,40,559
20261009-065112-m7-sim-sweep2,2026-10-09T06:52:10+00:00,3,nfs,share,0.0,1.0,0,1.0,free,chat,1.0,0.25,S4,1.816256500000037,1.9965489367964082,2.576895854821146,0.0,24.0,384,32,546
20261009-065112-m7-sim-sweep2,2026-10-09T06:52:10+00:00,3,nfs,share,0.0,1.0,0,1.0,free,chat,1.0,0.25,S4+,2.0360157386735835,2.0462423983472484,2.992890477347146,0.0,24.0,384,40,559
20261009-065112-m7-sim-sweep2,2026-10-09T06:52:10+00:00,3,nfs,share,0.0,1.0,0,1.0,free,chat,1.0,0.25,S4+P,1.816256500000037,1.9714896246595792,2.5131220000000525,0.0,24.0,384,27,539
20261009-065112-m7-sim-sweep2,2026-10-09T06:52:10+00:00,3,nfs,share,0.0,1.0,0,1.0,free,chat,1.0,0.25,S4L,1.816256500000037,1.9624734863999376,2.5131220000000525,0.0,24.0,384,25,535
20261009-065112-m7-sim-sweep2,2026-10-09T06:52:10+00:00,3,nfs,share,0.0,1.0,0,1.0,free,chat,1.0,0.25,S4B,1.816256500000037,1.8594951373157957,2.5131220000000383,0.0,24.0,384,5,503
20261009-065112-m7-sim-sweep2,2026-10-09T06:52:10+00:00,3,nfs,share,0.0,1.0,0,1.0,free,chat,1.0,0.25,S5,2.0360157386735835,2.0455509816805786,2.992890477347146,0.0,24.0,264,40,559
20261009-065112-m7-sim-sweep2,2026-10-09T06:52:10+00:00,3,nfs,share,0.0,1.0,0,1.0,free,chat,1.0,0.25,S5s,2.0125188182314275,2.099220376473563,2.8477654773471386,0.0,24.0,104,62,597
20261009-065112-m7-sim-sweep2,2026-10-09T06:52:10+00:00,3,nfs,share,0.0,1.0,0,1.0,free,chat,1.0,0.25,S5L,1.816256500000037,1.9390208140473189,2.5131220000000525,0.0,24.0,264,21,529
20261009-065112-m7-sim-sweep2,2026-10-09T06:52:10+00:00,3,nfs,share,0.0,1.0,0,1.0,free,chat,1.0,0.25,S5P,1.816256500000037,1.9390208140473189,2.5131220000000525,0.0,24.0,264,21,529
20261009-065112-m7-sim-sweep2,2026-10-09T06:52:10+00:00,3,nfs,share,0.0,1.0,0,1.0,free,chat,1.0,0.25,S5c,1.9724933365262842,2.015270746877127,2.8005299192844575,0.0,25.5,128,42,557
20261009-065112-m7-sim-sweep2,2026-10-09T06:52:10+00:00,3,nfs,share,0.0,1.0,0,1.0,free,chat,1.0,0.5,S0,2.2813436364628217,2.3616421886066816,3.330932809515332,0.0,32.0,0,104,664
20261009-065112-m7-sim-sweep2,2026-10-09T06:52:10+00:00,3,nfs,share,0.0,1.0,0,1.0,free,chat,1.0,0.5,S1,1.816256500000037,1.9182427519104905,2.5131220000000525,0.0,32.0,0,16,521
20261009-065112-m7-sim-sweep2,2026-10-09T06:52:10+00:00,3,nfs,share,0.0,1.0,0,1.0,free,chat,1.0,0.5,S2b,1.816256500000037,1.8739464280385907,2.5131220000000383,0.0,32.0,0,8,508
20261009-065112-m7-sim-sweep2,2026-10-09T06:52:10+00:00,3,nfs,share,0.0,1.0,0,1.0,free,chat,1.0,0.5,S4,1.816256500000037,1.9129492183982155,2.5131220000000525,0.0,17.0,272,16,521
20261009-065112-m7-sim-sweep2,2026-10-09T06:52:10+00:00,3,nfs,share,0.0,1.0,0,1.0,free,chat,1.0,0.5,S4+,1.816256500000037,1.8739464280385907,2.5131220000000383,0.0,16.0,256,8,508
20261009-065112-m7-sim-sweep2,2026-10-09T06:52:10+00:00,3,nfs,share,0.0,1.0,0,1.0,free,chat,1.0,0.5,S4+P,1.816256500000037,1.8586565956491288,2.5131220000000383,0.0,16.0,256,5,503
20261009-065112-m7-sim-sweep2,2026-10-09T06:52:10+00:00,3,nfs,share,0.0,1.0,0,1.0,free,chat,1.0,0.5,S4L,1.816256500000037,1.8868245454648995,2.5131220000000525,0.0,16.0,256,10,511
20261009-065112-m7-sim-sweep2,2026-10-09T06:52:10+00:00,3,nfs,share,0.0,1.0,0,1.0,free,chat,1.0,0.5,S4B,1.816256500000037,1.8293495000000253,2.5131220000000383,0.0,16.0,256,0,496
20261009-065112-m7-sim-sweep2,2026-10-09T06:52:10+00:00,3,nfs,share,0.0,1.0,0,1.0,free,chat,1.0,0.5,S5,1.816256500000037,1.8729686572052522,2.5131220000000383,0.0,16.0,136,8,508
20261009-065112-m7-sim-sweep2,2026-10-09T06:52:10+00:00,3,nfs,share,0.0,1.0,0,1.0,free,chat,1.0,0.5,S5s,2.0125188182314275,2.0252541378718973,2.8413799999999867,0.0,17.5,0,60,580
20261009-065112-m7-sim-sweep2,2026-10-09T06:52:10+00:00,3,nfs,share,0.0,1.0,0,1.0,free,chat,1.0,0.5,S5L,1.816256500000037,1.8505665890193026,2.5131220000000383,0.0,16.0,136,4,502
20261009-065112-m7-sim-sweep2,2026-10-09T06:52:10+00:00,3,nfs,share,0.0,1.0,0,1.0,free,chat,1.0,0.5,S5P,1.816256500000037,1.8505665890193026,2.5131220000000383,0.0,16.0,136,4,502
20261009-065112-m7-sim-sweep2,2026-10-09T06:52:10+00:00,3,nfs,share,0.0,1.0,0,1.0,free,chat,1.0,0.5,S5c,1.816256500000037,1.8686528945263159,2.5131220000000383,0.0,21.0,56,8,508
20261009-065112-m7-sim-sweep2,2026-10-09T06:52:10+00:00,4,nfs,share,0.0,1.0,0,35.4159,hold,chat,1.0,0.125,S0,2.2813436364628217,2.4265166398037974,3.330932809515332,0.07016798470939101,32.0,0,104,664
20261009-065112-m7-sim-sweep2,2026-10-09T06:52:10+00:00,4,nfs,share,0.0,1.0,0,35.4159,hold,chat,1.0,0.125,S1,2.086127729127206,2.2463094231172014,3.330932809515332,0.31079224503684344,32.0,0,69,464
20261009-065112-m7-sim-sweep2,2026-10-09T06:52:10+00:00,4,nfs,share,0.0,1.0,0,35.4159,hold,chat,1.0,0.125,S2b,2.770243884592041,2.983595740820903,4.788889873712407,0.8883370881593239,32.0,0,104,553
20261009-065112-m7-sim-sweep2,2026-10-09T06:52:10+00:00,4,nfs,share,0.0,1.0,0,35.4159,hold,chat,1.0,0.125,S4,3.148186287465734,3.087482689493816,4.192661867306327,1.2203923025502526,29.0,464,92,441
20261009-065112-m7-sim-sweep2,2026-10-09T06:52:10+00:00,4,nfs,share,0.0,1.0,0,35.4159,hold,chat,1.0,0.125,S4+,3.7722398899646663,3.598940553699043,4.788889873712407,1.5849916452721178,28.0,448,125,532
20261009-065112-m7-sim-sweep2,2026-10-09T06:52:10+00:00,4,nfs,share,0.0,1.0,0,35.4159,hold,chat,1.0,0.125,S4+P,3.3556234904657316,3.403628523104014,4.062030359770148,1.5849916452721164,28.0,448,99,420
20261009-065112-m7-sim-sweep2,2026-10-09T06:52:10+00:00,4,nfs,share,0.0,1.0,0,35.4159,hold,chat,1.0,0.125,S4L,3.266530795306835,3.379813570370766,4.062030359770148,1.5849916452721164,28.0,448,96,405
20261009-065112-m7-sim-sweep2,2026-10-09T06:52:10+00:00,4,nfs,share,0.0,1.0,0,35.4159,hold,chat,1.0,0.125,S4B,3.266530795306835,3.366447813570957,4.062030359770148,1.5849916452721164,28.0,448,94,403
20261009-065112-m7-sim-sweep2,2026-10-09T06:52:10+00:00,4,nfs,share,0.0,1.0,0,35.4159,hold,chat,1.0,0.125,S5,3.7722398899646663,3.598940553699043,4.788889873712407,1.5849916452721178,28.0,448,125,532
20261009-065112-m7-sim-sweep2,2026-10-09T06:52:10+00:00,4,nfs,share,0.0,1.0,0,35.4159,hold,chat,1.0,0.125,S5s,3.335971107733016,3.2687545038614823,4.6036455070590705,1.1419980930890332,28.0,168,127,581
20261009-065112-m7-sim-sweep2,2026-10-09T06:52:10+00:00,4,nfs,share,0.0,1.0,0,35.4159,hold,chat,1.0,0.125,S5L,3.266530795306835,3.379813570370766,4.062030359770148,1.5849916452721164,28.0,448,96,405
20261009-065112-m7-sim-sweep2,2026-10-09T06:52:10+00:00,4,nfs,share,0.0,1.0,0,35.4159,hold,chat,1.0,0.125,S5P,3.3556234904657316,3.403628523104014,4.062030359770148,1.5849916452721164,28.0,448,99,420
20261009-065112-m7-sim-sweep2,2026-10-09T06:52:10+00:00,4,nfs,share,0.0,1.0,0,35.4159,hold,chat,1.0,0.125,S5c,3.43713805308451,3.4068493503937685,4.788889873712407,1.3662696726036199,28.0,168,122,535
20261009-065112-m7-sim-sweep2,2026-10-09T06:52:10+00:00,4,nfs,share,0.0,1.0,0,35.4159,hold,chat,1.0,0.25,S0,2.2813436364628217,2.3616421886066816,3.330932809515332,0.0,32.0,0,104,664
20261009-065112-m7-sim-sweep2,2026-10-09T06:52:10+00:00,4,nfs,share,0.0,1.0,0,35.4159,hold,chat,1.0,0.25,S1,1.5527538279911326,1.7442265371911791,2.5413146559823474,0.03709250992975477,32.0,0,50,347
20261009-065112-m7-sim-sweep2,2026-10-09T06:52:10+00:00,4,nfs,share,0.0,1.0,0,35.4159,hold,chat,1.0,0.25,S2b,2.1295809105490804,2.3725870944731846,3.9001880591623035,0.5354486932035899,32.0,0,73,432
20261009-065112-m7-sim-sweep2,2026-10-09T06:52:10+00:00,4,nfs,share,0.0,1.0,0,35.4159,hold,chat,1.0,0.25,S4,2.5218511208657546,2.4806570522604185,3.804616454427986,0.8173436005722076,24.0,384,64,333
20261009-065112-m7-sim-sweep2,2026-10-09T06:52:10+00:00,4,nfs,share,0.0,1.0,0,35.4159,hold,chat,1.0,0.25,S4+,3.39082588776796,3.218647932283386,4.241980494171827,1.4471662848136713,24.0,384,93,412
20261009-065112-m7-sim-sweep2,2026-10-09T06:52:10+00:00,4,nfs,share,0.0,1.0,0,35.4159,hold,chat,1.0,0.25,S4+P,3.1400638426356338,3.0246857475288773,3.804616454427986,1.4471662848136713,24.0,384,67,300
20261009-065112-m7-sim-sweep2,2026-10-09T06:52:10+00:00,4,nfs,share,0.0,1.0,0,35.4159,hold,chat,1.0,0.25,S4L,3.1400638426356338,3.02483280953587,3.804616454427986,1.4471662848136713,24.0,384,67,298
20261009-065112-m7-sim-sweep2,2026-10-09T06:52:10+00:00,4,nfs,share,0.0,1.0,0,35.4159,hold,chat,1.0,0.25,S4B,3.1400638426356338,3.0171142942586466,3.804616454427986,1.4471662848136713,24.0,384,66,297
20261009-065112-m7-sim-sweep2,2026-10-09T06:52:10+00:00,4,nfs,share,0.0,1.0,0,35.4159,hold,chat,1.0,0.25,S5,3.39082588776796,3.218647932283386,4.241980494171827,1.4471662848136713,24.0,384,93,412
20261009-065112-m7-sim-sweep2,2026-10-09T06:52:10+00:00,4,nfs,share,0.0,1.0,0,35.4159,hold,chat,1.0,0.25,S5s,2.750300804978899,2.6869924995372507,4.261797325501362,0.6414628763013029,24.0,104,104,555
20261009-065112-m7-sim-sweep2,2026-10-09T06:52:10+00:00,4,nfs,share,0.0,1.0,0,35.4159,hold,chat,1.0,0.25,S5L,3.1400638426356338,3.02483280953587,3.804616454427986,1.4471662848136713,24.0,384,67,298
20261009-065112-m7-sim-sweep2,2026-10-09T06:52:10+00:00,4,nfs,share,0.0,1.0,0,35.4159,hold,chat,1.0,0.25,S5P,3.1400638426356338,3.0246857475288773,3.804616454427986,1.4471662848136713,24.0,384,67,300
20261009-065112-m7-sim-sweep2,2026-10-09T06:52:10+00:00,4,nfs,share,0.0,1.0,0,35.4159,hold,chat,1.0,0.25,S5c,3.013596889964674,2.6931663217827975,4.116598515459486,0.9055463319040283,25.5,128,86,419
20261009-065112-m7-sim-sweep2,2026-10-09T06:52:10+00:00,4,nfs,share,0.0,1.0,0,35.4159,hold,chat,1.0,0.5,S0,2.2813436364628217,2.3616421886066816,3.330932809515332,0.0,32.0,0,104,664
20261009-065112-m7-sim-sweep2,2026-10-09T06:52:10+00:00,4,nfs,share,0.0,1.0,0,35.4159,hold,chat,1.0,0.5,S1,1.3360449999999986,1.417834306542474,1.9379132430931065,0.0,32.0,0,27,209
20261009-065112-m7-sim-sweep2,2026-10-09T06:52:10+00:00,4,nfs,share,0.0,1.0,0,35.4159,hold,chat,1.0,0.5,S2b,1.4036682188527578,2.0414498083663357,2.3423208872147256,0.6107871228275368,32.0,0,28,218
20261009-065112-m7-sim-sweep2,2026-10-09T06:52:10+00:00,4,nfs,share,0.0,1.0,0,35.4159,hold,chat,1.0,0.5,S4,1.5989250200458827,1.8155654321997599,3.1385722514526435,0.42214499570812397,17.0,272,32,204
20261009-065112-m7-sim-sweep2,2026-10-09T06:52:10+00:00,4,nfs,share,0.0,1.0,0,35.4159,hold,chat,1.0,0.5,S4+,2.908395270586965,2.3280632788978752,3.523944700648997,0.9647775232091149,16.0,256,38,208
20261009-065112-m7-sim-sweep2,2026-10-09T06:52:10+00:00,4,nfs,share,0.0,1.0,0,35.4159,hold,chat,1.0,0.5,S4+P,2.7302983255013373,2.27438990232981,3.523944700648997,0.9647775232091149,16.0,256,31,168
20261009-065112-m7-sim-sweep2,2026-10-09T06:52:10+00:00,4,nfs,share,0.0,1.0,0,35.4159,hold,chat,1.0,0.5,S4L,2.7302983255013373,2.3111141229372305,3.523944700648997,0.9647775232091149,16.0,256,36,184
20261009-065112-m7-sim-sweep2,2026-10-09T06:52:10+00:00,4,nfs,share,0.0,1.0,0,35.4159,hold,chat,1.0,0.5,S4B,2.7302983255013373,2.2960447474002623,3.523944700648997,0.9647775232091149,16.0,256,34,177
20261009-065112-m7-sim-sweep2,2026-10-09T06:52:10+00:00,4,nfs,share,0.0,1.0,0,35.4159,hold,chat,1.0,0.5,S5,2.908395270586965,2.3280632788978752,3.523944700648997,0.9647775232091149,16.0,256,38,208
20261009-065112-m7-sim-sweep2,2026-10-09T06:52:10+00:00,4,nfs,share,0.0,1.0,0,35.4159,hold,chat,1.0,0.5,S5s,1.974348697766473,2.0421027998994945,2.7777596099578545,0.0,17.5,0,91,549
20261009-065112-m7-sim-sweep2,2026-10-09T06:52:10+00:00,4,nfs,share,0.0,1.0,0,35.4159,hold,chat,1.0,0.5,S5L,2.7302983255013373,2.3111141229372305,3.523944700648997,0.9647775232091149,16.0,256,36,184
20261009-065112-m7-sim-sweep2,2026-10-09T06:52:10+00:00,4,nfs,share,0.0,1.0,0,35.4159,hold,chat,1.0,0.5,S5P,2.7302983255013373,2.27438990232981,3.523944700648997,0.9647775232091149,16.0,256,31,168
20261009-065112-m7-sim-sweep2,2026-10-09T06:52:10+00:00,4,nfs,share,0.0,1.0,0,35.4159,hold,chat,1.0,0.5,S5c,1.3591865597369335,1.8995209960095707,3.1029314742232543,0.4968673968660564,21.0,56,34,212
20261009-065112-m7-sim-sweep2,2026-10-09T06:52:10+00:00,5,nfs,share,0.0,1.0,0,35.4159,free,doc,1.0,0.125,S0,2.8572437717901096,2.9437704215088973,3.244701591157053,0.0,33.5,0,287,1273
20261009-065112-m7-sim-sweep2,2026-10-09T06:52:10+00:00,5,nfs,share,0.0,1.0,0,35.4159,free,doc,1.0,0.125,S1,2.8581261438320524,2.588729583570515,3.244701591157053,0.0,33.5,0,243,1126
20261009-065112-m7-sim-sweep2,2026-10-09T06:52:10+00:00,5,nfs,share,0.0,1.0,0,35.4159,free,doc,1.0,0.125,S2b,2.4938140148189802,2.4877578639010802,2.630711713764498,0.0,33.5,0,230,1112
20261009-065112-m7-sim-sweep2,2026-10-09T06:52:10+00:00,5,nfs,share,0.0,1.0,0,35.4159,free,doc,1.0,0.125,S4,2.8568187717901026,2.590623694440813,3.244701591157053,0.0,32.75,524,249,1120
20261009-065112-m7-sim-sweep2,2026-10-09T06:52:10+00:00,5,nfs,share,0.0,1.0,0,35.4159,free,doc,1.0,0.125,S4+,2.4925066427770304,2.469006327655519,2.6294552159766056,0.0,29.3125,469,233,1109
20261009-065112-m7-sim-sweep2,2026-10-09T06:52:10+00:00,5,nfs,share,0.0,1.0,0,35.4159,free,doc,1.0,0.125,S4+P,2.7405416047156876,2.3356422471494693,2.982301000000021,0.0,29.3125,469,217,1028
20261009-065112-m7-sim-sweep2,2026-10-09T06:52:10+00:00,5,nfs,share,0.0,1.0,0,35.4159,free,doc,1.0,0.125,S4L,2.8572437717901096,2.3496981847644474,3.244701591157053,0.0,29.3125,469,219,1025
20261009-065112-m7-sim-sweep2,2026-10-09T06:52:10+00:00,5,nfs,share,0.0,1.0,0,35.4159,free,doc,1.0,0.125,S4B,2.7405416047156876,2.32336331171981,2.982301000000021,0.0,29.3125,469,216,1023
20261009-065112-m7-sim-sweep2,2026-10-09T06:52:10+00:00,5,nfs,share,0.0,1.0,0,35.4159,free,doc,1.0,0.125,S5,2.4925066427770304,2.471578371427457,2.6294552159766056,0.0,29.3125,445,234,1108
20261009-065112-m7-sim-sweep2,2026-10-09T06:52:10+00:00,5,nfs,share,0.0,1.0,0,35.4159,free,doc,1.0,0.125,S5s,2.489881398693143,2.4578285146420864,2.628075969680623,0.0,29.3125,61,239,1107
20261009-065112-m7-sim-sweep2,2026-10-09T06:52:10+00:00,5,nfs,share,0.0,1.0,0,35.4159,free,doc,1.0,0.125,S5L,2.682039000000003,2.3184797213808,2.982301000000021,0.0,29.3125,445,216,1023
20261009-065112-m7-sim-sweep2,2026-10-09T06:52:10+00:00,5,nfs,share,0.0,1.0,0,35.4159,free,doc,1.0,0.125,S5P,2.682039000000003,2.345418951609989,2.982301000000021,0.0,29.3125,445,219,1027
20261009-065112-m7-sim-sweep2,2026-10-09T06:52:10+00:00,5,nfs,share,0.0,1.0,0,35.4159,free,doc,1.0,0.125,S5c,2.489881398693143,2.4501053454415587,2.628075969680623,0.0,29.3125,61,238,1104
20261009-065112-m7-sim-sweep2,2026-10-09T06:52:10+00:00,5,nfs,share,0.0,1.0,0,35.4159,free,doc,1.0,0.25,S0,2.8572437717901096,2.9437704215088973,3.244701591157053,0.0,33.5,0,287,1273
20261009-065112-m7-sim-sweep2,2026-10-09T06:52:10+00:00,5,nfs,share,0.0,1.0,0,35.4159,free,doc,1.0,0.25,S1,2.7696413858950564,2.2194051209692396,2.9831509999999923,0.0,33.5,0,203,979
20261009-065112-m7-sim-sweep2,2026-10-09T06:52:10+00:00,5,nfs,share,0.0,1.0,0,35.4159,free,doc,1.0,0.25,S2b,2.002818174102103,1.993896127665522,2.0704199514052277,0.0,33.5,0,173,944
20261009-065112-m7-sim-sweep2,2026-10-09T06:52:10+00:00,5,nfs,share,0.0,1.0,0,35.4159,free,doc,1.0,0.25,S4,2.7337284556632824,2.2223735665272257,2.9831509999999923,0.0,28.25,452,209,973
20261009-065112-m7-sim-sweep2,2026-10-09T06:52:10+00:00,5,nfs,share,0.0,1.0,0,35.4159,free,doc,1.0,0.25,S4+,1.992890000000017,1.9725725476480231,2.0194844444402804,0.0,25.125,402,175,942
20261009-065112-m7-sim-sweep2,2026-10-09T06:52:10+00:00,5,nfs,share,0.0,1.0,0,35.4159,free,doc,1.0,0.25,S4+P,2.681613999999996,2.0968141631812496,2.982301000000021,0.0,25.125,402,192,939
20261009-065112-m7-sim-sweep2,2026-10-09T06:52:10+00:00,5,nfs,share,0.0,1.0,0,35.4159,free,doc,1.0,0.25,S4L,2.682039000000003,2.1037246096385793,2.982301000000021,0.0,25.125,402,194,928
20261009-065112-m7-sim-sweep2,2026-10-09T06:52:10+00:00,5,nfs,share,0.0,1.0,0,35.4159,free,doc,1.0,0.25,S4B,2.682039000000003,2.075575290579753,2.9823009999999783,0.0,25.125,402,190,928
20261009-065112-m7-sim-sweep2,2026-10-09T06:52:10+00:00,5,nfs,share,0.0,1.0,0,35.4159,free,doc,1.0,0.25,S5,1.99246500000001,1.969851057907686,2.0194844444402804,0.0,25.125,378,176,941
20261009-065112-m7-sim-sweep2,2026-10-09T06:52:10+00:00,5,nfs,share,0.0,1.0,0,35.4159,free,doc,1.0,0.25,S5s,2.0015747094693666,2.117684978008431,2.3213051534828537,0.0,25.5,0,214,1010
20261009-065112-m7-sim-sweep2,2026-10-09T06:52:10+00:00,5,nfs,share,0.0,1.0,0,35.4159,free,doc,1.0,0.25,S5L,2.682039000000003,2.075978365964842,2.982301000000021,0.0,25.125,378,191,927
20261009-065112-m7-sim-sweep2,2026-10-09T06:52:10+00:00,5,nfs,share,0.0,1.0,0,35.4159,free,doc,1.0,0.25,S5P,2.681613999999996,2.0946843866810663,2.9823009999999783,0.0,25.125,378,193,930
20261009-065112-m7-sim-sweep2,2026-10-09T06:52:10+00:00,5,nfs,share,0.0,1.0,0,35.4159,free,doc,1.0,0.25,S5c,2.0033394535532523,1.9657867137663594,2.017571836371957,0.0,25.5,0,194,923
20261009-065112-m7-sim-sweep2,2026-10-09T06:52:10+00:00,5,nfs,share,0.0,1.0,0,35.4159,free,doc,1.0,0.5,S0,2.8572437717901096,2.9437704215088973,3.244701591157053,0.0,33.5,0,287,1273
20261009-065112-m7-sim-sweep2,2026-10-09T06:52:10+00:00,5,nfs,share,0.0,1.0,0,35.4159,free,doc,1.0,0.5,S1,2.681613999999996,1.778809123913085,2.982301000000021,0.0,33.5,0,147,791
20261009-065112-m7-sim-sweep2,2026-10-09T06:52:10+00:00,5,nfs,share,0.0,1.0,0,35.4159,free,doc,1.0,0.5,S2b,1.4045080751052268,1.193715467080451,1.4106409353149445,0.0,33.5,0,79,589
20261009-065112-m7-sim-sweep2,2026-10-09T06:52:10+00:00,5,nfs,share,0.0,1.0,0,35.4159,free,doc,1.0,0.5,S4,2.7324210836213325,1.7877688186394376,2.982301000000021,0.0,20.0625,321,151,787
20261009-065112-m7-sim-sweep2,2026-10-09T06:52:10+00:00,5,nfs,share,0.0,1.0,0,35.4159,free,doc,1.0,0.5,S4+,1.2227296886261456,1.1256335508204842,1.4080261912310448,0.0,16.75,268,88,580
20261009-065112-m7-sim-sweep2,2026-10-09T06:52:10+00:00,5,nfs,share,0.0,1.0,0,35.4159,free,doc,1.0,0.5,S4+P,1.4125616719908152,1.3595972206021727,2.3237167750682204,0.0,16.75,268,110,648
20261009-065112-m7-sim-sweep2,2026-10-09T06:52:10+00:00,5,nfs,share,0.0,1.0,0,35.4159,free,doc,1.0,0.5,S4L,0.6788873460891551,1.4273757873356534,2.981429999999989,0.0,16.75,268,114,647
20261009-065112-m7-sim-sweep2,2026-10-09T06:52:10+00:00,5,nfs,share,0.0,1.0,0,35.4159,free,doc,1.0,0.5,S4B,0.6972550000000126,1.3560050117513025,2.981429999999989,0.0,16.75,268,107,627
20261009-065112-m7-sim-sweep2,2026-10-09T06:52:10+00:00,5,nfs,share,0.0,1.0,0,35.4159,free,doc,1.0,0.5,S5,1.2227296886261456,1.1255896620664323,1.4080261912310448,0.0,16.75,244,88,580
20261009-065112-m7-sim-sweep2,2026-10-09T06:52:10+00:00,5,nfs,share,0.0,1.0,0,35.4159,free,doc,1.0,0.5,S5s,2.0015747094693666,2.117684978008431,2.3213051534828537,0.0,25.5,0,214,1010
20261009-065112-m7-sim-sweep2,2026-10-09T06:52:10+00:00,5,nfs,share,0.0,1.0,0,35.4159,free,doc,1.0,0.5,S5L,0.6972550000000126,1.3559882651925683,2.981429999999989,0.0,16.75,244,107,627
20261009-065112-m7-sim-sweep2,2026-10-09T06:52:10+00:00,5,nfs,share,0.0,1.0,0,35.4159,free,doc,1.0,0.5,S5P,1.2284750000000315,1.328609017661633,2.3237167750682204,0.0,16.75,244,108,636
20261009-065112-m7-sim-sweep2,2026-10-09T06:52:10+00:00,5,nfs,share,0.0,1.0,0,35.4159,free,doc,1.0,0.5,S5c,1.2729941955271045,1.142156607982446,1.4080261912310448,0.0,25.5,0,96,572
20261009-065112-m7-sim-sweep2,2026-10-09T06:52:10+00:00,6,local,share,0.0,1.0,0,35.4159,free,chat,1.0,0.125,S0,1.5431829999999849,1.4975553333333285,1.9014390000000105,0.0,32.0,0,440,328
20261009-065112-m7-sim-sweep2,2026-10-09T06:52:10+00:00,6,local,share,0.0,1.0,0,35.4159,free,chat,1.0,0.125,S1,1.4117682065787207,1.3723821305741464,1.7811983560002176,0.0,32.0,0,287,246
20261009-065112-m7-sim-sweep2,2026-10-09T06:52:10+00:00,6,local,share,0.0,1.0,0,35.4159,free,chat,1.0,0.125,S2b,1.5431829999999849,1.4416768543516092,1.9014389999999821,0.0,32.0,0,366,291
20261009-065112-m7-sim-sweep2,2026-10-09T06:52:10+00:00,6,local,share,0.0,1.0,0,35.4159,free,chat,1.0,0.125,S4,1.28564241315744,1.3304478556977155,1.7811983560002176,0.0,29.0,464,315,218
20261009-065112-m7-sim-sweep2,2026-10-09T06:52:10+00:00,6,local,share,0.0,1.0,0,35.4159,free,chat,1.0,0.125,S4+,1.5431829999999849,1.4416768543516092,1.9014389999999821,0.0,28.0,448,366,291
20261009-065112-m7-sim-sweep2,2026-10-09T06:52:10+00:00,6,local,share,0.0,1.0,0,35.4159,free,chat,1.0,0.125,S4+P,1.3345052065787328,1.362714493623347,1.7811983560002176,0.0,28.0,448,278,241
20261009-065112-m7-sim-sweep2,2026-10-09T06:52:10+00:00,6,local,share,0.0,1.0,0,35.4159,free,chat,1.0,0.125,S4L,1.285642413157447,1.351513591289032,1.7811983560002176,0.0,28.0,448,268,233
20261009-065112-m7-sim-sweep2,2026-10-09T06:52:10+00:00,6,local,share,0.0,1.0,0,35.4159,free,chat,1.0,0.125,S4B,1.285642413157447,1.3487061720791569,1.7811983560002176,0.0,28.0,448,266,231
20261009-065112-m7-sim-sweep2,2026-10-09T06:52:10+00:00,6,local,share,0.0,1.0,0,35.4159,free,chat,1.0,0.125,S5,1.5431829999999849,1.4416768543516092,1.9014389999999821,0.0,28.0,448,366,291
20261009-065112-m7-sim-sweep2,2026-10-09T06:52:10+00:00,6,local,share,0.0,1.0,0,35.4159,free,chat,1.0,0.125,S5s,1.5431829999999849,1.4428975512084616,1.9014389999999821,0.0,28.0,424,367,292
20261009-065112-m7-sim-sweep2,2026-10-09T06:52:10+00:00,6,local,share,0.0,1.0,0,35.4159,free,chat,1.0,0.125,S5L,1.285642413157447,1.351513591289032,1.7811983560002176,0.0,28.0,448,268,233
20261009-065112-m7-sim-sweep2,2026-10-09T06:52:10+00:00,6,local,share,0.0,1.0,0,35.4159,free,chat,1.0,0.125,S5P,1.3345052065787328,1.362714493623347,1.7811983560002176,0.0,28.0,448,278,241
20261009-065112-m7-sim-sweep2,2026-10-09T06:52:10+00:00,6,local,share,0.0,1.0,0,35.4159,free,chat,1.0,0.125,S5c,1.5431829999999849,1.4416768543516092,1.9014389999999821,0.0,28.0,424,366,291
20261009-065112-m7-sim-sweep2,2026-10-09T06:52:10+00:00,6,local,share,0.0,1.0,0,35.4159,free,chat,1.0,0.25,S0,1.5431829999999849,1.4975553333333285,1.9014390000000105,0.0,32.0,0,440,328
20261009-065112-m7-sim-sweep2,2026-10-09T06:52:10+00:00,6,local,share,0.0,1.0,0,35.4159,free,chat,1.0,0.25,S1,1.2856424131574329,1.290385418883955,1.7811983560002176,0.0,32.0,0,205,192
20261009-065112-m7-sim-sweep2,2026-10-09T06:52:10+00:00,6,local,share,0.0,1.0,0,35.4159,free,chat,1.0,0.25,S2b,1.4182036487720495,1.357756383268369,1.8145219999999824,0.0,32.0,0,269,236
20261009-065112-m7-sim-sweep2,2026-10-09T06:52:10+00:00,6,local,share,0.0,1.0,0,35.4159,free,chat,1.0,0.25,S4,1.2280462065787177,1.246048645580771,1.5431829999999849,0.0,24.0,384,235,162
20261009-065112-m7-sim-sweep2,2026-10-09T06:52:10+00:00,6,local,share,0.0,1.0,0,35.4159,free,chat,1.0,0.25,S4+,1.4182036487720495,1.357756383268369,1.8145219999999824,0.0,24.0,384,269,236
20261009-065112-m7-sim-sweep2,2026-10-09T06:52:10+00:00,6,local,share,0.0,1.0,0,35.4159,free,chat,1.0,0.25,S4+P,1.2856424131574329,1.2737016238443317,1.5431829999999849,0.0,24.0,384,185,182
20261009-065112-m7-sim-sweep2,2026-10-09T06:52:10+00:00,6,local,share,0.0,1.0,0,35.4159,free,chat,1.0,0.25,S4L,1.2856424131574329,1.2752377105506223,1.5431829999999849,0.0,24.0,384,182,183
20261009-065112-m7-sim-sweep2,2026-10-09T06:52:10+00:00,6,local,share,0.0,1.0,0,35.4159,free,chat,1.0,0.25,S4B,1.2856424131574329,1.273738793883955,1.5431829999999849,0.0,24.0,384,181,182
20261009-065112-m7-sim-sweep2,2026-10-09T06:52:10+00:00,6,local,share,0.0,1.0,0,35.4159,free,chat,1.0,0.25,S5,1.4182036487720495,1.357756383268369,1.8145219999999824,0.0,24.0,384,269,236
20261009-065112-m7-sim-sweep2,2026-10-09T06:52:10+00:00,6,local,share,0.0,1.0,0,35.4159,free,chat,1.0,0.25,S5s,1.4179195249745504,1.3603321884041648,1.8145219999999824,0.0,24.0,360,272,238
20261009-065112-m7-sim-sweep2,2026-10-09T06:52:10+00:00,6,local,share,0.0,1.0,0,35.4159,free,chat,1.0,0.25,S5L,1.2856424131574329,1.2752377105506223,1.5431829999999849,0.0,24.0,384,182,183
20261009-065112-m7-sim-sweep2,2026-10-09T06:52:10+00:00,6,local,share,0.0,1.0,0,35.4159,free,chat,1.0,0.25,S5P,1.2856424131574329,1.2737016238443317,1.5431829999999849,0.0,24.0,384,185,182
20261009-065112-m7-sim-sweep2,2026-10-09T06:52:10+00:00,6,local,share,0.0,1.0,0,35.4159,free,chat,1.0,0.25,S5c,1.4182036487720495,1.357756383268369,1.8145219999999824,0.0,24.0,360,269,236
20261009-065112-m7-sim-sweep2,2026-10-09T06:52:10+00:00,6,local,share,0.0,1.0,0,35.4159,free,chat,1.0,0.5,S0,1.5431829999999849,1.4975553333333285,1.9014390000000105,0.0,32.0,0,440,328
20261009-065112-m7-sim-sweep2,2026-10-09T06:52:10+00:00,6,local,share,0.0,1.0,0,35.4159,free,chat,1.0,0.5,S1,1.0763940000000076,1.192896951455353,1.5378939999999943,0.0,32.0,0,110,126
20261009-065112-m7-sim-sweep2,2026-10-09T06:52:10+00:00,6,local,share,0.0,1.0,0,35.4159,free,chat,1.0,0.5,S2b,1.1225550000000055,1.2039566858296453,1.5378939999999943,0.0,32.0,0,111,135
20261009-065112-m7-sim-sweep2,2026-10-09T06:52:10+00:00,6,local,share,0.0,1.0,0,35.4159,free,chat,1.0,0.5,S4,1.0763940000000076,1.159304366268658,1.5378939999999943,0.0,17.0,272,132,104
20261009-065112-m7-sim-sweep2,2026-10-09T06:52:10+00:00,6,local,share,0.0,1.0,0,35.4159,free,chat,1.0,0.5,S4+,1.1225550000000055,1.2039566858296453,1.5378939999999943,0.0,16.0,256,111,135
20261009-065112-m7-sim-sweep2,2026-10-09T06:52:10+00:00,6,local,share,0.0,1.0,0,35.4159,free,chat,1.0,0.5,S4+P,1.0763940000000076,1.1736239153379817,1.5378939999999943,0.0,16.0,256,84,115
20261009-065112-m7-sim-sweep2,2026-10-09T06:52:10+00:00,6,local,share,0.0,1.0,0,35.4159,free,chat,1.0,0.5,S4L,1.0763940000000076,1.1878869246220287,1.5378939999999943,0.0,16.0,256,97,123
20261009-065112-m7-sim-sweep2,2026-10-09T06:52:10+00:00,6,local,share,0.0,1.0,0,35.4159,free,chat,1.0,0.5,S4B,1.0763940000000076,1.1824669097886868,1.5378939999999943,0.0,16.0,256,91,120
20261009-065112-m7-sim-sweep2,2026-10-09T06:52:10+00:00,6,local,share,0.0,1.0,0,35.4159,free,chat,1.0,0.5,S5,1.1225550000000055,1.2039566858296453,1.5378939999999943,0.0,16.0,256,111,135
20261009-065112-m7-sim-sweep2,2026-10-09T06:52:10+00:00,6,local,share,0.0,1.0,0,35.4159,free,chat,1.0,0.5,S5s,1.1225550000000055,1.2106054662789312,1.5378939999999943,0.0,16.0,232,119,140
20261009-065112-m7-sim-sweep2,2026-10-09T06:52:10+00:00,6,local,share,0.0,1.0,0,35.4159,free,chat,1.0,0.5,S5L,1.0763940000000076,1.1878869246220287,1.5378939999999943,0.0,16.0,256,97,123
20261009-065112-m7-sim-sweep2,2026-10-09T06:52:10+00:00,6,local,share,0.0,1.0,0,35.4159,free,chat,1.0,0.5,S5P,1.0763940000000076,1.1736239153379817,1.5378939999999943,0.0,16.0,256,84,115
20261009-065112-m7-sim-sweep2,2026-10-09T06:52:10+00:00,6,local,share,0.0,1.0,0,35.4159,free,chat,1.0,0.5,S5c,1.1225550000000055,1.2039566858296453,1.5378939999999943,0.0,16.0,232,111,135
20261009-065112-m7-sim-sweep2,2026-10-09T06:52:10+00:00,7,nfs,share,0.0,1.0,0,35.4159,free,chat,0.25,0.125,S0,0.5806495000000353,0.6794199924490508,0.9434490682314163,0.0,32.0,0,32,736
20261009-065112-m7-sim-sweep2,2026-10-09T06:52:10+00:00,7,nfs,share,0.0,1.0,0,35.4159,free,chat,0.25,0.125,S1,0.5806495000000353,0.5779293954182491,0.6866593339770901,0.0,32.0,0,23,524
20261009-065112-m7-sim-sweep2,2026-10-09T06:52:10+00:00,7,nfs,share,0.0,1.0,0,35.4159,free,chat,0.25,0.125,S2b,0.5806495000000353,0.6476863980198436,0.9434490682314163,0.0,32.0,0,29,631
20261009-065112-m7-sim-sweep2,2026-10-09T06:52:10+00:00,7,nfs,share,0.0,1.0,0,35.4159,free,chat,0.25,0.125,S4,0.5806495000000353,0.5779293954182491,0.6866593339770901,0.0,29.0,464,23,524
20261009-065112-m7-sim-sweep2,2026-10-09T06:52:10+00:00,7,nfs,share,0.0,1.0,0,35.4159,free,chat,0.25,0.125,S4+,0.5806495000000353,0.6476863980198436,0.9434490682314163,0.0,28.0,448,29,631
20261009-065112-m7-sim-sweep2,2026-10-09T06:52:10+00:00,7,nfs,share,0.0,1.0,0,35.4159,free,chat,0.25,0.125,S4+P,0.5865847902679278,0.5915077972929753,0.6866593339770901,0.0,28.0,448,24,503
20261009-065112-m7-sim-sweep2,2026-10-09T06:52:10+00:00,7,nfs,share,0.0,1.0,0,35.4159,free,chat,0.25,0.125,S4L,0.5908892143175919,0.5799592010006265,0.6866593339770901,0.0,28.0,448,23,492
20261009-065112-m7-sim-sweep2,2026-10-09T06:52:10+00:00,7,nfs,share,0.0,1.0,0,35.4159,free,chat,0.25,0.125,S4B,0.5939278904009129,0.5808006720355271,0.6866593339770901,0.0,28.0,448,23,476
20261009-065112-m7-sim-sweep2,2026-10-09T06:52:10+00:00,7,nfs,share,0.0,1.0,0,35.4159,free,chat,0.25,0.125,S5,0.5806495000000353,0.6476627210367187,0.9434490682314163,0.0,28.0,424,29,631
20261009-065112-m7-sim-sweep2,2026-10-09T06:52:10+00:00,7,nfs,share,0.0,1.0,0,35.4159,free,chat,0.25,0.125,S5s,0.572100653199584,0.6777468729048147,0.9469785563991593,0.0,28.5,0,32,712
20261009-065112-m7-sim-sweep2,2026-10-09T06:52:10+00:00,7,nfs,share,0.0,1.0,0,35.4159,free,chat,0.25,0.125,S5L,0.5908892143175919,0.5800061695427683,0.6866593339770901,0.0,28.0,424,23,486
20261009-065112-m7-sim-sweep2,2026-10-09T06:52:10+00:00,7,nfs,share,0.0,1.0,0,35.4159,free,chat,0.25,0.125,S5P,0.5865847902679278,0.5916666977915271,0.6866593339770901,0.0,28.0,424,24,501
20261009-065112-m7-sim-sweep2,2026-10-09T06:52:10+00:00,7,nfs,share,0.0,1.0,0,35.4159,free,chat,0.25,0.125,S5c,0.5806495000000353,0.6476863980198436,0.9434490682314163,0.0,30.0,24,29,631
20261009-065112-m7-sim-sweep2,2026-10-09T06:52:10+00:00,7,nfs,share,0.0,1.0,0,35.4159,free,chat,0.25,0.25,S0,0.5806495000000353,0.6794199924490508,0.9434490682314163,0.0,32.0,0,32,736
20261009-065112-m7-sim-sweep2,2026-10-09T06:52:10+00:00,7,nfs,share,0.0,1.0,0,35.4159,free,chat,0.25,0.25,S1,0.5474054545578682,0.5213053820013668,0.6866593339770901,0.0,32.0,0,18,412
20261009-065112-m7-sim-sweep2,2026-10-09T06:52:10+00:00,7,nfs,share,0.0,1.0,0,35.4159,free,chat,0.25,0.25,S2b,0.5816393082019857,0.593364420065806,0.9475468039941575,0.0,32.0,0,24,492
20261009-065112-m7-sim-sweep2,2026-10-09T06:52:10+00:00,7,nfs,share,0.0,1.0,0,35.4159,free,chat,0.25,0.25,S4,0.5474054545578682,0.5213053820013668,0.6866593339770901,0.0,24.0,384,18,412
20261009-065112-m7-sim-sweep2,2026-10-09T06:52:10+00:00,7,nfs,share,0.0,1.0,0,35.4159,free,chat,0.25,0.25,S4+,0.5816393082019857,0.593364420065806,0.9475468039941575,0.0,24.0,384,24,492
20261009-065112-m7-sim-sweep2,2026-10-09T06:52:10+00:00,7,nfs,share,0.0,1.0,0,35.4159,free,chat,0.25,0.25,S4+P,0.5474054545578682,0.5236178585302683,0.6866593339770901,0.0,24.0,384,18,382
20261009-065112-m7-sim-sweep2,2026-10-09T06:52:10+00:00,7,nfs,share,0.0,1.0,0,35.4159,free,chat,0.25,0.25,S4L,0.5474054545578682,0.5106058097407699,0.6866593339770901,0.0,24.0,384,17,381
20261009-065112-m7-sim-sweep2,2026-10-09T06:52:10+00:00,7,nfs,share,0.0,1.0,0,35.4159,free,chat,0.25,0.25,S4B,0.514161409115701,0.49801473332505886,0.6866593339770901,0.0,24.0,384,16,375
20261009-065112-m7-sim-sweep2,2026-10-09T06:52:10+00:00,7,nfs,share,0.0,1.0,0,35.4159,free,chat,0.25,0.25,S5,0.5816393082019857,0.5933407430826811,0.9475468039941575,0.0,24.0,360,24,492
20261009-065112-m7-sim-sweep2,2026-10-09T06:52:10+00:00,7,nfs,share,0.0,1.0,0,35.4159,free,chat,0.25,0.25,S5s,0.572100653199584,0.6777468729048147,0.9469785563991593,0.0,28.5,0,32,712
20261009-065112-m7-sim-sweep2,2026-10-09T06:52:10+00:00,7,nfs,share,0.0,1.0,0,35.4159,free,chat,0.25,0.25,S5L,0.5474054545578682,0.5110469957617377,0.6866593339770901,0.0,24.0,360,17,375
20261009-065112-m7-sim-sweep2,2026-10-09T06:52:10+00:00,7,nfs,share,0.0,1.0,0,35.4159,free,chat,0.25,0.25,S5P,0.5474054545578682,0.5237649205372575,0.6866593339770901,0.0,24.0,360,18,380
20261009-065112-m7-sim-sweep2,2026-10-09T06:52:10+00:00,7,nfs,share,0.0,1.0,0,35.4159,free,chat,0.25,0.25,S5c,0.5816393082019857,0.593364420065806,0.9475468039941575,0.0,30.0,24,24,492
20261009-065112-m7-sim-sweep2,2026-10-09T06:52:10+00:00,7,nfs,share,0.0,1.0,0,35.4159,free,chat,0.25,0.5,S0,0.5806495000000353,0.6794199924490508,0.9434490682314163,0.0,32.0,0,32,736
20261009-065112-m7-sim-sweep2,2026-10-09T06:52:10+00:00,7,nfs,share,0.0,1.0,0,35.4159,free,chat,0.25,0.5,S1,0.384473500000027,0.42673860793011187,0.658423428635146,0.0,32.0,0,10,293
20261009-065112-m7-sim-sweep2,2026-10-09T06:52:10+00:00,7,nfs,share,0.0,1.0,0,35.4159,free,chat,0.25,0.5,S2b,0.449317454557864,0.45319663226857126,0.6813651017254756,0.0,32.0,0,12,280
20261009-065112-m7-sim-sweep2,2026-10-09T06:52:10+00:00,7,nfs,share,0.0,1.0,0,35.4159,free,chat,0.25,0.5,S4,0.384473500000027,0.42673860793011187,0.658423428635146,0.0,17.0,272,10,293
20261009-065112-m7-sim-sweep2,2026-10-09T06:52:10+00:00,7,nfs,share,0.0,1.0,0,35.4159,free,chat,0.25,0.5,S4+,0.449317454557864,0.45319663226857126,0.6813651017254756,0.0,16.0,256,12,280
20261009-065112-m7-sim-sweep2,2026-10-09T06:52:10+00:00,7,nfs,share,0.0,1.0,0,35.4159,free,chat,0.25,0.5,S4+P,0.384473500000027,0.4296304836186782,0.6760708694738611,0.0,16.0,256,10,250
20261009-065112-m7-sim-sweep2,2026-10-09T06:52:10+00:00,7,nfs,share,0.0,1.0,0,35.4159,free,chat,0.25,0.5,S4L,0.384473500000027,0.4148625396136006,0.658423428635146,0.0,16.0,256,9,278
20261009-065112-m7-sim-sweep2,2026-10-09T06:52:10+00:00,7,nfs,share,0.0,1.0,0,35.4159,free,chat,0.25,0.5,S4B,0.34694612500002364,0.39324964305622306,0.6011289286351484,0.0,16.0,256,7,217
20261009-065112-m7-sim-sweep2,2026-10-09T06:52:10+00:00,7,nfs,share,0.0,1.0,0,35.4159,free,chat,0.25,0.5,S5,0.449317454557864,0.45290374530036875,0.6813651017254756,0.0,16.0,232,12,279
20261009-065112-m7-sim-sweep2,2026-10-09T06:52:10+00:00,7,nfs,share,0.0,1.0,0,35.4159,free,chat,0.25,0.5,S5s,0.572100653199584,0.6777468729048147,0.9469785563991593,0.0,28.5,0,32,712
20261009-065112-m7-sim-sweep2,2026-10-09T06:52:10+00:00,7,nfs,share,0.0,1.0,0,35.4159,free,chat,0.25,0.5,S5L,0.384473500000027,0.4154491392091059,0.6672471490545036,0.0,16.0,232,9,260
20261009-065112-m7-sim-sweep2,2026-10-09T06:52:10+00:00,7,nfs,share,0.0,1.0,0,35.4159,free,chat,0.25,0.5,S5P,0.384473500000027,0.4302934996959061,0.6866593339770901,0.0,16.0,232,10,236
20261009-065112-m7-sim-sweep2,2026-10-09T06:52:10+00:00,7,nfs,share,0.0,1.0,0,35.4159,free,chat,0.25,0.5,S5c,0.449317454557864,0.45319663226857126,0.6813651017254756,0.0,29.0,8,12,280
20261009-065112-m7-sim-sweep2,2026-10-09T06:52:10+00:00,8,nfs,share,0.0,1.0,0,35.4159,free,chat,0.5,0.125,S0,1.1406718182314108,1.246691371269982,1.8868981364628183,0.0,32.0,0,56,712
20261009-065112-m7-sim-sweep2,2026-10-09T06:52:10+00:00,8,nfs,share,0.0,1.0,0,35.4159,free,chat,0.5,0.125,S1,0.9270586313061102,1.0022754247918648,1.286053837750842,0.0,32.0,0,36,502
20261009-065112-m7-sim-sweep2,2026-10-09T06:52:10+00:00,8,nfs,share,0.0,1.0,0,35.4159,free,chat,0.5,0.125,S2b,1.1406718182314108,1.1517392933442412,1.8868981364628183,0.0,32.0,0,48,610
20261009-065112-m7-sim-sweep2,2026-10-09T06:52:10+00:00,8,nfs,share,0.0,1.0,0,35.4159,free,chat,0.5,0.125,S4,0.9270586313061102,1.0022754247918648,1.286053837750842,0.0,29.0,464,36,502
20261009-065112-m7-sim-sweep2,2026-10-09T06:52:10+00:00,8,nfs,share,0.0,1.0,0,35.4159,free,chat,0.5,0.125,S4+,1.1406718182314108,1.1517392933442412,1.8868981364628183,0.0,28.0,448,48,610
20261009-065112-m7-sim-sweep2,2026-10-09T06:52:10+00:00,8,nfs,share,0.0,1.0,0,35.4159,free,chat,0.5,0.125,S4+P,0.9367647237674035,1.029497370221857,1.303701278589557,0.0,28.0,448,38,483
20261009-065112-m7-sim-sweep2,2026-10-09T06:52:10+00:00,8,nfs,share,0.0,1.0,0,35.4159,free,chat,0.5,0.125,S4L,0.8556461786351406,0.9784167417347801,1.286053837750842,0.0,28.0,448,34,472
20261009-065112-m7-sim-sweep2,2026-10-09T06:52:10+00:00,8,nfs,share,0.0,1.0,0,35.4159,free,chat,0.5,0.125,S4B,0.8556461786351406,0.9792112442275389,1.2948775581701994,0.0,28.0,448,34,462
20261009-065112-m7-sim-sweep2,2026-10-09T06:52:10+00:00,8,nfs,share,0.0,1.0,0,35.4159,free,chat,0.5,0.125,S5,1.1406718182314108,1.1517274548526781,1.8868981364628183,0.0,28.0,440,48,610
20261009-065112-m7-sim-sweep2,2026-10-09T06:52:10+00:00,8,nfs,share,0.0,1.0,0,35.4159,free,chat,0.5,0.125,S5s,1.1459660504830254,1.1718637811241983,1.5799031977664697,0.0,28.0,72,50,663
20261009-065112-m7-sim-sweep2,2026-10-09T06:52:10+00:00,8,nfs,share,0.0,1.0,0,35.4159,free,chat,0.5,0.125,S5L,0.8556461786351406,0.9785756422333319,1.2878185818347134,0.0,28.0,440,34,470
20261009-065112-m7-sim-sweep2,2026-10-09T06:52:10+00:00,8,nfs,share,0.0,1.0,0,35.4159,free,chat,0.5,0.125,S5P,0.9367647237674035,1.029497370221857,1.303701278589557,0.0,28.0,440,38,483
20261009-065112-m7-sim-sweep2,2026-10-09T06:52:10+00:00,8,nfs,share,0.0,1.0,0,35.4159,free,chat,0.5,0.125,S5c,1.1406718182314108,1.1517392933442412,1.8868981364628183,0.0,28.0,72,48,610
20261009-065112-m7-sim-sweep2,2026-10-09T06:52:10+00:00,8,nfs,share,0.0,1.0,0,35.4159,free,chat,0.5,0.25,S0,1.1406718182314108,1.246691371269982,1.8868981364628183,0.0,32.0,0,56,712
20261009-065112-m7-sim-sweep2,2026-10-09T06:52:10+00:00,8,nfs,share,0.0,1.0,0,35.4159,free,chat,0.5,0.25,S1,0.7860240893175643,0.881948937882901,1.286053837750842,0.0,32.0,0,26,384
20261009-065112-m7-sim-sweep2,2026-10-09T06:52:10+00:00,8,nfs,share,0.0,1.0,0,35.4159,free,chat,0.5,0.25,S2b,0.9975887119351441,1.0179139966922666,1.5813238167539652,0.0,32.0,0,37,472
20261009-065112-m7-sim-sweep2,2026-10-09T06:52:10+00:00,8,nfs,share,0.0,1.0,0,35.4159,free,chat,0.5,0.25,S4,0.7860240893175643,0.881948937882901,1.286053837750842,0.0,24.0,384,26,384
20261009-065112-m7-sim-sweep2,2026-10-09T06:52:10+00:00,8,nfs,share,0.0,1.0,0,35.4159,free,chat,0.5,0.25,S4+,0.9975887119351441,1.0179139966922666,1.5813238167539652,0.0,24.0,384,37,472
20261009-065112-m7-sim-sweep2,2026-10-09T06:52:10+00:00,8,nfs,share,0.0,1.0,0,35.4159,free,chat,0.5,0.25,S4+P,0.7860240893175643,0.8579431928188269,1.1406718182314108,0.0,24.0,384,24,356
20261009-065112-m7-sim-sweep2,2026-10-09T06:52:10+00:00,8,nfs,share,0.0,1.0,0,35.4159,free,chat,0.5,0.25,S4L,0.7860240893175643,0.8449311440293285,1.1406718182314108,0.0,24.0,384,23,355
20261009-065112-m7-sim-sweep2,2026-10-09T06:52:10+00:00,8,nfs,share,0.0,1.0,0,35.4159,free,chat,0.5,0.25,S4B,0.7860240893175643,0.8453723300502963,1.1406718182314108,0.0,24.0,384,23,349
20261009-065112-m7-sim-sweep2,2026-10-09T06:52:10+00:00,8,nfs,share,0.0,1.0,0,35.4159,free,chat,0.5,0.25,S5,0.9975887119351441,1.0178903197091416,1.5813238167539652,0.0,24.0,376,37,472
20261009-065112-m7-sim-sweep2,2026-10-09T06:52:10+00:00,8,nfs,share,0.0,1.0,0,35.4159,free,chat,0.5,0.25,S5s,1.1459660504830254,1.1468429405568845,1.579903197766484,0.0,24.0,8,48,648
20261009-065112-m7-sim-sweep2,2026-10-09T06:52:10+00:00,8,nfs,share,0.0,1.0,0,35.4159,free,chat,0.5,0.25,S5L,0.7860240893175643,0.8450782060363178,1.1406718182314108,0.0,24.0,376,23,353
20261009-065112-m7-sim-sweep2,2026-10-09T06:52:10+00:00,8,nfs,share,0.0,1.0,0,35.4159,free,chat,0.5,0.25,S5P,0.7860240893175643,0.8579431928188269,1.1406718182314108,0.0,24.0,376,24,356
20261009-065112-m7-sim-sweep2,2026-10-09T06:52:10+00:00,8,nfs,share,0.0,1.0,0,35.4159,free,chat,0.5,0.25,S5c,0.9975887119351441,1.0179139966922666,1.5813238167539652,0.0,28.0,72,37,472
20261009-065112-m7-sim-sweep2,2026-10-09T06:52:10+00:00,8,nfs,share,0.0,1.0,0,35.4159,free,chat,0.5,0.5,S0,1.1406718182314108,1.246691371269982,1.8868981364628183,0.0,32.0,0,56,712
20261009-065112-m7-sim-sweep2,2026-10-09T06:52:10+00:00,8,nfs,share,0.0,1.0,0,35.4159,free,chat,0.5,0.5,S1,0.71250415911571,0.7380487556625361,0.9984710839770798,0.0,32.0,0,14,250
20261009-065112-m7-sim-sweep2,2026-10-09T06:52:10+00:00,8,nfs,share,0.0,1.0,0,35.4159,free,chat,0.5,0.5,S2b,0.716401999999988,0.7759706637659226,1.1488672897568932,0.0,32.0,0,17,246
20261009-065112-m7-sim-sweep2,2026-10-09T06:52:10+00:00,8,nfs,share,0.0,1.0,0,35.4159,free,chat,0.5,0.5,S4,0.71250415911571,0.7380487556625361,0.9984710839770798,0.0,17.0,272,14,250
20261009-065112-m7-sim-sweep2,2026-10-09T06:52:10+00:00,8,nfs,share,0.0,1.0,0,35.4159,free,chat,0.5,0.5,S4+,0.716401999999988,0.7759706637659226,1.1488672897568932,0.0,16.0,256,17,246
20261009-065112-m7-sim-sweep2,2026-10-09T06:52:10+00:00,8,nfs,share,0.0,1.0,0,35.4159,free,chat,0.5,0.5,S4+P,0.71250415911571,0.7273730555914627,1.0090595484803089,0.0,16.0,256,13,211
20261009-065112-m7-sim-sweep2,2026-10-09T06:52:10+00:00,8,nfs,share,0.0,1.0,0,35.4159,free,chat,0.5,0.5,S4L,0.71250415911571,0.7130135765495371,0.9984710839770798,0.0,16.0,256,12,236
20261009-065112-m7-sim-sweep2,2026-10-09T06:52:10+00:00,8,nfs,share,0.0,1.0,0,35.4159,free,chat,0.5,0.5,S4B,0.71250415911571,0.7023580211302178,0.9984710839770798,0.0,16.0,256,11,208
20261009-065112-m7-sim-sweep2,2026-10-09T06:52:10+00:00,8,nfs,share,0.0,1.0,0,35.4159,free,chat,0.5,0.5,S5,0.716401999999988,0.7759706637659226,1.1488672897568932,0.0,16.0,248,17,246
20261009-065112-m7-sim-sweep2,2026-10-09T06:52:10+00:00,8,nfs,share,0.0,1.0,0,35.4159,free,chat,0.5,0.5,S5s,1.1459660504830254,1.1468429405568845,1.579903197766484,0.0,23.5,0,48,648
20261009-065112-m7-sim-sweep2,2026-10-09T06:52:10+00:00,8,nfs,share,0.0,1.0,0,35.4159,free,chat,0.5,0.5,S5L,0.71250415911571,0.7133077005635157,0.9984710839770798,0.0,16.0,248,12,232
20261009-065112-m7-sim-sweep2,2026-10-09T06:52:10+00:00,8,nfs,share,0.0,1.0,0,35.4159,free,chat,0.5,0.5,S5P,0.71250415911571,0.7018376264201418,0.9984710839770798,0.0,16.0,248,11,208
20261009-065112-m7-sim-sweep2,2026-10-09T06:52:10+00:00,8,nfs,share,0.0,1.0,0,35.4159,free,chat,0.5,0.5,S5c,0.716401999999988,0.7759706637659226,1.1488672897568932,0.0,25.5,32,17,246
20261009-065112-m7-sim-sweep2,2026-10-09T06:52:10+00:00,9,nfs,share,0.0,1.0,0,35.4159,free,chat,2.0,0.125,S0,4.1198238095153386,4.12690844194709,5.710822938441993,0.0,32.0,0,184,584
20261009-065112-m7-sim-sweep2,2026-10-09T06:52:10+00:00,9,nfs,share,0.0,1.0,0,35.4159,free,chat,2.0,0.125,S1,3.257682949537738,3.471217667772485,4.608972829034883,0.0,32.0,0,118,414
20261009-065112-m7-sim-sweep2,2026-10-09T06:52:10+00:00,9,nfs,share,0.0,1.0,0,35.4159,free,chat,2.0,0.125,S2b,4.117396294558269,3.8210105514927766,5.710822938441993,0.0,32.0,0,151,506
20261009-065112-m7-sim-sweep2,2026-10-09T06:52:10+00:00,9,nfs,share,0.0,1.0,0,35.4159,free,chat,2.0,0.125,S4,3.2250250726536933,3.4516217822083117,4.736017633329482,0.0,29.0,464,122,410
20261009-065112-m7-sim-sweep2,2026-10-09T06:52:10+00:00,9,nfs,share,0.0,1.0,0,35.4159,free,chat,2.0,0.125,S4+,4.117396294558269,3.8210105514927766,5.710822938441993,0.0,28.0,448,151,506
20261009-065112-m7-sim-sweep2,2026-10-09T06:52:10+00:00,9,nfs,share,0.0,1.0,0,35.4159,free,chat,2.0,0.125,S4+P,3.1794544984333015,3.4142842904013886,4.608972829034883,0.0,28.0,448,112,407
20261009-065112-m7-sim-sweep2,2026-10-09T06:52:10+00:00,9,nfs,share,0.0,1.0,0,35.4159,free,chat,2.0,0.125,S4L,3.014386996866648,3.378991386961037,4.608972829034883,0.0,28.0,448,110,390
20261009-065112-m7-sim-sweep2,2026-10-09T06:52:10+00:00,9,nfs,share,0.0,1.0,0,35.4159,free,chat,2.0,0.125,S4B,3.014386996866648,3.368463193688107,4.608972829034883,0.0,28.0,448,108,390
20261009-065112-m7-sim-sweep2,2026-10-09T06:52:10+00:00,9,nfs,share,0.0,1.0,0,35.4159,free,chat,2.0,0.125,S5,4.117396294558269,3.8210105514927766,5.710822938441993,0.0,28.0,448,151,506
20261009-065112-m7-sim-sweep2,2026-10-09T06:52:10+00:00,9,nfs,share,0.0,1.0,0,35.4159,free,chat,2.0,0.125,S5s,4.117254232659526,3.885419492665916,5.710822938441993,0.0,28.0,288,157,525
20261009-065112-m7-sim-sweep2,2026-10-09T06:52:10+00:00,9,nfs,share,0.0,1.0,0,35.4159,free,chat,2.0,0.125,S5L,3.014386996866648,3.378991386961037,4.608972829034883,0.0,28.0,448,110,390
20261009-065112-m7-sim-sweep2,2026-10-09T06:52:10+00:00,9,nfs,share,0.0,1.0,0,35.4159,free,chat,2.0,0.125,S5P,3.1794544984333015,3.4142842904013886,4.608972829034883,0.0,28.0,448,112,407
20261009-065112-m7-sim-sweep2,2026-10-09T06:52:10+00:00,9,nfs,share,0.0,1.0,0,35.4159,free,chat,2.0,0.125,S5c,4.117396294558269,3.8172513613973993,5.710822938441993,0.0,28.0,288,152,505
20261009-065112-m7-sim-sweep2,2026-10-09T06:52:10+00:00,9,nfs,share,0.0,1.0,0,35.4159,free,chat,2.0,0.25,S0,4.1198238095153386,4.12690844194709,5.710822938441993,0.0,32.0,0,184,584
20261009-065112-m7-sim-sweep2,2026-10-09T06:52:10+00:00,9,nfs,share,0.0,1.0,0,35.4159,free,chat,2.0,0.25,S1,2.812765498433336,3.089999648537246,4.608972829034883,0.0,32.0,0,84,309
20261009-065112-m7-sim-sweep2,2026-10-09T06:52:10+00:00,9,nfs,share,0.0,1.0,0,35.4159,free,chat,2.0,0.25,S2b,3.5660164466214965,3.4045123213495945,4.884505999999959,0.0,32.0,0,110,394
20261009-065112-m7-sim-sweep2,2026-10-09T06:52:10+00:00,9,nfs,share,0.0,1.0,0,35.4159,free,chat,2.0,0.25,S4,2.7275120000000044,3.0632691763106723,4.268579999999957,0.0,24.0,384,89,304
20261009-065112-m7-sim-sweep2,2026-10-09T06:52:10+00:00,9,nfs,share,0.0,1.0,0,35.4159,free,chat,2.0,0.25,S4+,3.5660164466214965,3.4045123213495945,4.884505999999959,0.0,24.0,384,110,394
20261009-065112-m7-sim-sweep2,2026-10-09T06:52:10+00:00,9,nfs,share,0.0,1.0,0,35.4159,free,chat,2.0,0.25,S4+P,2.8127654984332935,3.0003477954591258,4.246868613809937,0.0,24.0,384,75,288
20261009-065112-m7-sim-sweep2,2026-10-09T06:52:10+00:00,9,nfs,share,0.0,1.0,0,35.4159,free,chat,2.0,0.25,S4L,2.8127654984332935,2.997922813694181,4.246868613809937,0.0,24.0,384,74,287
20261009-065112-m7-sim-sweep2,2026-10-09T06:52:10+00:00,9,nfs,share,0.0,1.0,0,35.4159,free,chat,2.0,0.25,S4B,2.8127654984332864,2.997996344697675,4.246868613809937,0.0,24.0,384,74,286
20261009-065112-m7-sim-sweep2,2026-10-09T06:52:10+00:00,9,nfs,share,0.0,1.0,0,35.4159,free,chat,2.0,0.25,S5,3.5660164466214965,3.4045123213495945,4.884505999999959,0.0,24.0,384,110,394
20261009-065112-m7-sim-sweep2,2026-10-09T06:52:10+00:00,9,nfs,share,0.0,1.0,0,35.4159,free,chat,2.0,0.25,S5s,3.6303436815408077,3.5869192286330676,4.884505999999959,0.0,24.0,224,131,466
20261009-065112-m7-sim-sweep2,2026-10-09T06:52:10+00:00,9,nfs,share,0.0,1.0,0,35.4159,free,chat,2.0,0.25,S5L,2.8127654984332935,2.997922813694181,4.246868613809937,0.0,24.0,384,74,287
20261009-065112-m7-sim-sweep2,2026-10-09T06:52:10+00:00,9,nfs,share,0.0,1.0,0,35.4159,free,chat,2.0,0.25,S5P,2.8127654984332935,3.0003477954591258,4.246868613809937,0.0,24.0,384,75,288
20261009-065112-m7-sim-sweep2,2026-10-09T06:52:10+00:00,9,nfs,share,0.0,1.0,0,35.4159,free,chat,2.0,0.25,S5c,3.561825580693217,3.3937758083566454,4.884505999999959,0.0,24.0,224,112,392
20261009-065112-m7-sim-sweep2,2026-10-09T06:52:10+00:00,9,nfs,share,0.0,1.0,0,35.4159,free,chat,2.0,0.5,S0,4.1198238095153386,4.12690844194709,5.710822938441993,0.0,32.0,0,184,584
20261009-065112-m7-sim-sweep2,2026-10-09T06:52:10+00:00,9,nfs,share,0.0,1.0,0,35.4159,free,chat,2.0,0.5,S1,2.5341979773471053,2.6383242220765584,3.5009789022088285,0.0,32.0,0,45,182
20261009-065112-m7-sim-sweep2,2026-10-09T06:52:10+00:00,9,nfs,share,0.0,1.0,0,35.4159,free,chat,2.0,0.5,S2b,2.5341979773471053,2.6942450622194105,3.8115033290728775,0.0,32.0,0,46,195
20261009-065112-m7-sim-sweep2,2026-10-09T06:52:10+00:00,9,nfs,share,0.0,1.0,0,35.4159,free,chat,2.0,0.5,S4,2.4643409886735412,2.616323313880138,3.5009789022088285,0.0,17.0,272,50,177
20261009-065112-m7-sim-sweep2,2026-10-09T06:52:10+00:00,9,nfs,share,0.0,1.0,0,35.4159,free,chat,2.0,0.5,S4+,2.5341979773471053,2.6942450622194105,3.8115033290728775,0.0,16.0,256,46,195
20261009-065112-m7-sim-sweep2,2026-10-09T06:52:10+00:00,9,nfs,share,0.0,1.0,0,35.4159,free,chat,2.0,0.5,S4+P,2.5341979773471053,2.5332168609905676,3.5009789022088285,0.0,16.0,256,33,158
20261009-065112-m7-sim-sweep2,2026-10-09T06:52:10+00:00,9,nfs,share,0.0,1.0,0,35.4159,free,chat,2.0,0.5,S4L,2.5341979773471053,2.592413800851262,3.5009789022088285,0.0,16.0,256,39,172
20261009-065112-m7-sim-sweep2,2026-10-09T06:52:10+00:00,9,nfs,share,0.0,1.0,0,35.4159,free,chat,2.0,0.5,S4B,2.5341979773471053,2.584768816577535,3.5009789022088285,0.0,16.0,256,38,170
20261009-065112-m7-sim-sweep2,2026-10-09T06:52:10+00:00,9,nfs,share,0.0,1.0,0,35.4159,free,chat,2.0,0.5,S5,2.5341979773471053,2.6942450622194105,3.8115033290728775,0.0,16.0,256,46,195
20261009-065112-m7-sim-sweep2,2026-10-09T06:52:10+00:00,9,nfs,share,0.0,1.0,0,35.4159,free,chat,2.0,0.5,S5s,3.3778767551366684,3.23183004664163,3.860821955938377,0.0,16.0,96,110,380
20261009-065112-m7-sim-sweep2,2026-10-09T06:52:10+00:00,9,nfs,share,0.0,1.0,0,35.4159,free,chat,2.0,0.5,S5L,2.5341979773471053,2.592413800851262,3.5009789022088285,0.0,16.0,256,39,172
20261009-065112-m7-sim-sweep2,2026-10-09T06:52:10+00:00,9,nfs,share,0.0,1.0,0,35.4159,free,chat,2.0,0.5,S5P,2.5341979773471053,2.5332168609905676,3.5009789022088285,0.0,16.0,256,33,158
20261009-065112-m7-sim-sweep2,2026-10-09T06:52:10+00:00,9,nfs,share,0.0,1.0,0,35.4159,free,chat,2.0,0.5,S5c,2.4690622924944847,2.6671000664791147,3.6316222386294896,0.0,16.5,104,49,192
20261009-065112-m7-sim-sweep2,2026-10-09T06:52:10+00:00,10,nfs,share,0.0,1.0,1,35.4159,free,chat,1.0,0.125,S0,2.2813436364628217,2.2186957482031793,3.4579776138099447,0.0,20.0,0,47,305
20261009-065112-m7-sim-sweep2,2026-10-09T06:52:10+00:00,10,nfs,share,0.0,1.0,1,35.4159,free,chat,1.0,0.125,S1,1.3805266591157093,1.5136484411571598,1.937913243092794,0.0,20.0,0,19,135
20261009-065112-m7-sim-sweep2,2026-10-09T06:52:10+00:00,10,nfs,share,0.0,1.0,1,35.4159,free,chat,1.0,0.125,S2b,1.5270809392719897,1.688305212291804,2.2813436364628217,0.0,20.0,0,26,186
20261009-065112-m7-sim-sweep2,2026-10-09T06:52:10+00:00,10,nfs,share,0.0,1.0,1,35.4159,free,chat,1.0,0.125,S4,1.3805266591157093,1.5136484411571598,1.937913243092794,0.0,19.0,304,19,135
20261009-065112-m7-sim-sweep2,2026-10-09T06:52:10+00:00,10,nfs,share,0.0,1.0,1,35.4159,free,chat,1.0,0.125,S4+,1.5270809392719897,1.688305212291804,2.2813436364628217,0.0,16.0,256,26,186
20261009-065112-m7-sim-sweep2,2026-10-09T06:52:10+00:00,10,nfs,share,0.0,1.0,1,35.4159,free,chat,1.0,0.125,S4+P,1.5527538279911255,1.4871800846537202,1.9326190108411794,0.0,16.0,256,18,133
20261009-065112-m7-sim-sweep2,2026-10-09T06:52:10+00:00,10,nfs,share,0.0,1.0,1,35.4159,free,chat,1.0,0.125,S4L,1.3805266591157093,1.386976410264064,1.937913243092794,0.0,16.0,256,14,108
20261009-065112-m7-sim-sweep2,2026-10-09T06:52:10+00:00,10,nfs,share,0.0,1.0,1,35.4159,free,chat,1.0,0.125,S4B,1.3805266591157093,1.3874886272344067,1.937913243092794,0.0,16.0,256,14,105
20261009-065112-m7-sim-sweep2,2026-10-09T06:52:10+00:00,10,nfs,share,0.0,1.0,1,35.4159,free,chat,1.0,0.125,S5,1.5270809392719897,1.688305212291804,2.2813436364628217,0.0,16.0,256,26,186
20261009-065112-m7-sim-sweep2,2026-10-09T06:52:10+00:00,10,nfs,share,0.0,1.0,1,35.4159,free,chat,1.0,0.125,S5s,1.942401130376176,1.9862919204459928,2.842222992333376,0.0,16.0,52,39,265
20261009-065112-m7-sim-sweep2,2026-10-09T06:52:10+00:00,10,nfs,share,0.0,1.0,1,35.4159,free,chat,1.0,0.125,S5L,1.3805266591157093,1.386976410264064,1.937913243092794,0.0,16.0,256,14,108
20261009-065112-m7-sim-sweep2,2026-10-09T06:52:10+00:00,10,nfs,share,0.0,1.0,1,35.4159,free,chat,1.0,0.125,S5P,1.5527538279911255,1.4871800846537202,1.9326190108411794,0.0,16.0,256,18,133
20261009-065112-m7-sim-sweep2,2026-10-09T06:52:10+00:00,10,nfs,share,0.0,1.0,1,35.4159,free,chat,1.0,0.125,S5c,1.5270809392719897,1.688305212291804,2.2813436364628217,0.0,16.5625,61,26,186
20261009-065112-m7-sim-sweep2,2026-10-09T06:52:10+00:00,10,nfs,share,0.0,1.0,1,35.4159,free,chat,1.0,0.25,S0,2.2813436364628217,2.2186957482031793,3.4579776138099447,0.0,20.0,0,47,305
20261009-065112-m7-sim-sweep2,2026-10-09T06:52:10+00:00,10,nfs,share,0.0,1.0,1,35.4159,free,chat,1.0,0.25,S1,1.0763940000000076,1.0354756147648214,1.3360450000000128,0.0,20.0,0,0,22
20261009-065112-m7-sim-sweep2,2026-10-09T06:52:10+00:00,10,nfs,share,0.0,1.0,1,35.4159,free,chat,1.0,0.25,S2b,1.3805266591157093,1.3872193786361418,1.6752051054992307,0.0,20.0,0,14,108
20261009-065112-m7-sim-sweep2,2026-10-09T06:52:10+00:00,10,nfs,share,0.0,1.0,1,35.4159,free,chat,1.0,0.25,S4,1.0763940000000076,1.0354756147648214,1.3360450000000128,0.0,12.0,192,0,22
20261009-065112-m7-sim-sweep2,2026-10-09T06:52:10+00:00,10,nfs,share,0.0,1.0,1,35.4159,free,chat,1.0,0.25,S4+,1.3805266591157093,1.3872193786361418,1.6752051054992307,0.0,12.0,192,14,108
20261009-065112-m7-sim-sweep2,2026-10-09T06:52:10+00:00,10,nfs,share,0.0,1.0,1,35.4159,free,chat,1.0,0.25,S4+P,1.100987301083336,1.1368321082272672,1.3360450000000128,0.0,12.0,192,4,39
20261009-065112-m7-sim-sweep2,2026-10-09T06:52:10+00:00,10,nfs,share,0.0,1.0,1,35.4159,free,chat,1.0,0.25,S4L,1.0763940000000076,1.0354756147648214,1.3360450000000128,0.0,12.0,192,0,22
20261009-065112-m7-sim-sweep2,2026-10-09T06:52:10+00:00,10,nfs,share,0.0,1.0,1,35.4159,free,chat,1.0,0.25,S4B,1.0763940000000076,1.0354756147648214,1.3360450000000128,0.0,12.0,192,0,22
20261009-065112-m7-sim-sweep2,2026-10-09T06:52:10+00:00,10,nfs,share,0.0,1.0,1,35.4159,free,chat,1.0,0.25,S5,1.3805266591157093,1.3872193786361418,1.6752051054992307,0.0,12.0,192,14,108
20261009-065112-m7-sim-sweep2,2026-10-09T06:52:10+00:00,10,nfs,share,0.0,1.0,1,35.4159,free,chat,1.0,0.25,S5s,1.9104535629858788,1.9478749290104151,2.7777596099577835,0.0,12.75,0,40,255
20261009-065112-m7-sim-sweep2,2026-10-09T06:52:10+00:00,10,nfs,share,0.0,1.0,1,35.4159,free,chat,1.0,0.25,S5L,1.0763940000000076,1.0354756147648214,1.3360450000000128,0.0,12.0,192,0,22
20261009-065112-m7-sim-sweep2,2026-10-09T06:52:10+00:00,10,nfs,share,0.0,1.0,1,35.4159,free,chat,1.0,0.25,S5P,1.100987301083336,1.1368321082272672,1.3360450000000128,0.0,12.0,192,4,39
20261009-065112-m7-sim-sweep2,2026-10-09T06:52:10+00:00,10,nfs,share,0.0,1.0,1,35.4159,free,chat,1.0,0.25,S5c,1.3805266591157093,1.3872193786361418,1.6752051054992307,0.0,14.3125,25,14,108
20261009-065112-m7-sim-sweep2,2026-10-09T06:52:10+00:00,10,nfs,share,0.0,1.0,1,35.4159,free,chat,1.0,0.5,S0,2.2813436364628217,2.2186957482031793,3.4579776138099447,0.0,20.0,0,47,305
20261009-065112-m7-sim-sweep2,2026-10-09T06:52:10+00:00,10,nfs,share,0.0,1.0,1,35.4159,free,chat,1.0,0.5,S1,1.0763940000000076,1.0354756147648214,1.3360450000000128,0.0,20.0,0,0,22
20261009-065112-m7-sim-sweep2,2026-10-09T06:52:10+00:00,10,nfs,share,0.0,1.0,1,35.4159,free,chat,1.0,0.5,S2b,1.0763940000000076,1.0865723341362699,1.3360450000000128,0.0,20.0,0,2,25
20261009-065112-m7-sim-sweep2,2026-10-09T06:52:10+00:00,10,nfs,share,0.0,1.0,1,35.4159,free,chat,1.0,0.5,S4,1.0763940000000076,1.0354756147648214,1.3360450000000128,0.0,6.0,96,0,22
20261009-065112-m7-sim-sweep2,2026-10-09T06:52:10+00:00,10,nfs,share,0.0,1.0,1,35.4159,free,chat,1.0,0.5,S4+,1.0763940000000076,1.0865723341362699,1.3360450000000128,0.0,4.0,64,2,25
20261009-065112-m7-sim-sweep2,2026-10-09T06:52:10+00:00,10,nfs,share,0.0,1.0,1,35.4159,free,chat,1.0,0.5,S4+P,1.0763940000000076,1.0354756147648214,1.3360450000000128,0.0,4.0,64,0,22
20261009-065112-m7-sim-sweep2,2026-10-09T06:52:10+00:00,10,nfs,share,0.0,1.0,1,35.4159,free,chat,1.0,0.5,S4L,1.0763940000000076,1.0354756147648214,1.3360450000000128,0.0,4.0,64,0,22
20261009-065112-m7-sim-sweep2,2026-10-09T06:52:10+00:00,10,nfs,share,0.0,1.0,1,35.4159,free,chat,1.0,0.5,S4B,1.0763940000000076,1.0354756147648214,1.3360450000000128,0.0,4.0,64,0,22
20261009-065112-m7-sim-sweep2,2026-10-09T06:52:10+00:00,10,nfs,share,0.0,1.0,1,35.4159,free,chat,1.0,0.5,S5,1.0763940000000076,1.0865723341362699,1.3360450000000128,0.0,4.0,64,2,25
20261009-065112-m7-sim-sweep2,2026-10-09T06:52:10+00:00,10,nfs,share,0.0,1.0,1,35.4159,free,chat,1.0,0.5,S5s,1.9104535629858788,1.9478749290104151,2.7777596099577835,0.0,12.75,0,40,255
20261009-065112-m7-sim-sweep2,2026-10-09T06:52:10+00:00,10,nfs,share,0.0,1.0,1,35.4159,free,chat,1.0,0.5,S5L,1.0763940000000076,1.0354756147648214,1.3360450000000128,0.0,4.0,64,0,22
20261009-065112-m7-sim-sweep2,2026-10-09T06:52:10+00:00,10,nfs,share,0.0,1.0,1,35.4159,free,chat,1.0,0.5,S5P,1.0763940000000076,1.0354756147648214,1.3360450000000128,0.0,4.0,64,0,22
20261009-065112-m7-sim-sweep2,2026-10-09T06:52:10+00:00,10,nfs,share,0.0,1.0,1,35.4159,free,chat,1.0,0.5,S5c,1.0763940000000076,1.0865723341362699,1.3360450000000128,0.0,12.75,0,2,25
20261009-065112-m7-sim-sweep2,2026-10-09T06:52:10+00:00,11,nfs,share,0.0,1.0,2,35.4159,free,chat,1.0,0.125,S0,2.2813436364628217,2.1981168057259963,3.4579776138099305,0.0,25.0,0,66,430
20261009-065112-m7-sim-sweep2,2026-10-09T06:52:10+00:00,11,nfs,share,0.0,1.0,2,35.4159,free,chat,1.0,0.125,S1,2.2813436364628217,1.8666918328387196,2.541314655982262,0.0,25.0,0,47,325
20261009-065112-m7-sim-sweep2,2026-10-09T06:52:10+00:00,11,nfs,share,0.0,1.0,2,35.4159,free,chat,1.0,0.125,S2b,1.9839647882794509,1.9210380713894726,2.541314655982262,0.0,25.0,0,50,336
20261009-065112-m7-sim-sweep2,2026-10-09T06:52:10+00:00,11,nfs,share,0.0,1.0,2,35.4159,free,chat,1.0,0.125,S4,2.2813436364628217,1.8666918328387196,2.541314655982262,0.0,21.0,336,47,325
20261009-065112-m7-sim-sweep2,2026-10-09T06:52:10+00:00,11,nfs,share,0.0,1.0,2,35.4159,free,chat,1.0,0.125,S4+,1.9839647882794509,1.9210380713894726,2.541314655982262,0.0,21.0,336,50,336
20261009-065112-m7-sim-sweep2,2026-10-09T06:52:10+00:00,11,nfs,share,0.0,1.0,2,35.4159,free,chat,1.0,0.125,S4+P,1.6804993377508453,1.7958538498033396,2.541314655982262,0.0,21.0,336,43,297
20261009-065112-m7-sim-sweep2,2026-10-09T06:52:10+00:00,11,nfs,share,0.0,1.0,2,35.4159,free,chat,1.0,0.125,S4L,1.6804993377508453,1.7958538498033396,2.541314655982262,0.0,21.0,336,43,297
20261009-065112-m7-sim-sweep2,2026-10-09T06:52:10+00:00,11,nfs,share,0.0,1.0,2,35.4159,free,chat,1.0,0.125,S4B,1.6822640818347168,1.7960614667543833,2.541314655982262,0.0,21.0,336,43,295
20261009-065112-m7-sim-sweep2,2026-10-09T06:52:10+00:00,11,nfs,share,0.0,1.0,2,35.4159,free,chat,1.0,0.125,S5,1.9839647882794509,1.9210380713894726,2.541314655982262,0.0,21.0,336,50,336
20261009-065112-m7-sim-sweep2,2026-10-09T06:52:10+00:00,11,nfs,share,0.0,1.0,2,35.4159,free,chat,1.0,0.125,S5s,1.974348697766473,2.026123444250561,2.843075363725873,0.0,21.0,93,56,383
20261009-065112-m7-sim-sweep2,2026-10-09T06:52:10+00:00,11,nfs,share,0.0,1.0,2,35.4159,free,chat,1.0,0.125,S5L,1.6804993377508453,1.7958538498033396,2.541314655982262,0.0,21.0,336,43,297
20261009-065112-m7-sim-sweep2,2026-10-09T06:52:10+00:00,11,nfs,share,0.0,1.0,2,35.4159,free,chat,1.0,0.125,S5P,1.6804993377508453,1.7958538498033396,2.541314655982262,0.0,21.0,336,43,297
20261009-065112-m7-sim-sweep2,2026-10-09T06:52:10+00:00,11,nfs,share,0.0,1.0,2,35.4159,free,chat,1.0,0.125,S5c,1.9839647882794509,1.9210380713894726,2.541314655982262,0.0,21.75,105,50,336
20261009-065112-m7-sim-sweep2,2026-10-09T06:52:10+00:00,11,nfs,share,0.0,1.0,2,35.4159,free,chat,1.0,0.25,S0,2.2813436364628217,2.1981168057259963,3.4579776138099305,0.0,25.0,0,66,430
20261009-065112-m7-sim-sweep2,2026-10-09T06:52:10+00:00,11,nfs,share,0.0,1.0,2,35.4159,free,chat,1.0,0.25,S1,1.4250083182314057,1.689466636648082,2.541314655982262,0.0,25.0,0,37,261
20261009-065112-m7-sim-sweep2,2026-10-09T06:52:10+00:00,11,nfs,share,0.0,1.0,2,35.4159,free,chat,1.0,0.25,S2b,1.42500831823142,1.5838111129452088,2.2813436364628217,0.0,25.0,0,31,224
20261009-065112-m7-sim-sweep2,2026-10-09T06:52:10+00:00,11,nfs,share,0.0,1.0,2,35.4159,free,chat,1.0,0.25,S4,1.4250083182314057,1.689466636648082,2.541314655982262,0.0,17.0,272,37,261
20261009-065112-m7-sim-sweep2,2026-10-09T06:52:10+00:00,11,nfs,share,0.0,1.0,2,35.4159,free,chat,1.0,0.25,S4+,1.42500831823142,1.5838111129452088,2.2813436364628217,0.0,17.0,272,31,224
20261009-065112-m7-sim-sweep2,2026-10-09T06:52:10+00:00,11,nfs,share,0.0,1.0,2,35.4159,free,chat,1.0,0.25,S4+P,1.42500831823142,1.6895502024708666,2.541314655982262,0.0,17.0,272,37,261
20261009-065112-m7-sim-sweep2,2026-10-09T06:52:10+00:00,11,nfs,share,0.0,1.0,2,35.4159,free,chat,1.0,0.25,S4L,1.4250083182314057,1.689466636648082,2.541314655982262,0.0,17.0,272,37,261
20261009-065112-m7-sim-sweep2,2026-10-09T06:52:10+00:00,11,nfs,share,0.0,1.0,2,35.4159,free,chat,1.0,0.25,S4B,1.4250083182314057,1.673178246267915,2.541314655982262,0.0,17.0,272,36,258
20261009-065112-m7-sim-sweep2,2026-10-09T06:52:10+00:00,11,nfs,share,0.0,1.0,2,35.4159,free,chat,1.0,0.25,S5,1.42500831823142,1.5838111129452088,2.2813436364628217,0.0,17.0,272,31,224
20261009-065112-m7-sim-sweep2,2026-10-09T06:52:10+00:00,11,nfs,share,0.0,1.0,2,35.4159,free,chat,1.0,0.25,S5s,1.974348697766473,1.9375084101108957,2.7777596099577835,0.0,17.0,29,55,364
20261009-065112-m7-sim-sweep2,2026-10-09T06:52:10+00:00,11,nfs,share,0.0,1.0,2,35.4159,free,chat,1.0,0.25,S5L,1.4250083182314057,1.689466636648082,2.541314655982262,0.0,17.0,272,37,261
20261009-065112-m7-sim-sweep2,2026-10-09T06:52:10+00:00,11,nfs,share,0.0,1.0,2,35.4159,free,chat,1.0,0.25,S5P,1.42500831823142,1.6895502024708666,2.541314655982262,0.0,17.0,272,37,261
20261009-065112-m7-sim-sweep2,2026-10-09T06:52:10+00:00,11,nfs,share,0.0,1.0,2,35.4159,free,chat,1.0,0.25,S5c,1.4250083182314057,1.5763378891631736,2.2813436364628217,0.0,18.375,51,31,224
20261009-065112-m7-sim-sweep2,2026-10-09T06:52:10+00:00,11,nfs,share,0.0,1.0,2,35.4159,free,chat,1.0,0.5,S0,2.2813436364628217,2.1981168057259963,3.4579776138099305,0.0,25.0,0,66,430
20261009-065112-m7-sim-sweep2,2026-10-09T06:52:10+00:00,11,nfs,share,0.0,1.0,2,35.4159,free,chat,1.0,0.5,S1,1.0763940000000076,1.3165424845590332,2.2813436364628217,0.0,25.0,0,16,133
20261009-065112-m7-sim-sweep2,2026-10-09T06:52:10+00:00,11,nfs,share,0.0,1.0,2,35.4159,free,chat,1.0,0.5,S2b,1.1329237022996494,1.1928682841644314,1.6291535603125737,0.0,25.0,0,9,78
20261009-065112-m7-sim-sweep2,2026-10-09T06:52:10+00:00,11,nfs,share,0.0,1.0,2,35.4159,free,chat,1.0,0.5,S4,1.0763940000000076,1.3165424845590332,2.2813436364628217,0.0,9.0,144,16,133
20261009-065112-m7-sim-sweep2,2026-10-09T06:52:10+00:00,11,nfs,share,0.0,1.0,2,35.4159,free,chat,1.0,0.5,S4+,1.1329237022996494,1.1928682841644314,1.6291535603125737,0.0,9.0,144,9,78
20261009-065112-m7-sim-sweep2,2026-10-09T06:52:10+00:00,11,nfs,share,0.0,1.0,2,35.4159,free,chat,1.0,0.5,S4+P,1.0763940000000076,1.2988556162023315,1.9857295323633224,0.0,9.0,144,15,123
20261009-065112-m7-sim-sweep2,2026-10-09T06:52:10+00:00,11,nfs,share,0.0,1.0,2,35.4159,free,chat,1.0,0.5,S4L,1.0763940000000076,1.3165424845590332,2.2813436364628217,0.0,9.0,144,16,133
20261009-065112-m7-sim-sweep2,2026-10-09T06:52:10+00:00,11,nfs,share,0.0,1.0,2,35.4159,free,chat,1.0,0.5,S4B,1.0763940000000076,1.3165424845590332,2.2813436364628217,0.0,9.0,144,16,133
20261009-065112-m7-sim-sweep2,2026-10-09T06:52:10+00:00,11,nfs,share,0.0,1.0,2,35.4159,free,chat,1.0,0.5,S5,1.1329237022996494,1.1928682841644314,1.6291535603125737,0.0,9.0,144,9,78
20261009-065112-m7-sim-sweep2,2026-10-09T06:52:10+00:00,11,nfs,share,0.0,1.0,2,35.4159,free,chat,1.0,0.5,S5s,1.974348697766473,1.9313682324999757,2.7777596099577835,0.0,15.1875,0,56,360
20261009-065112-m7-sim-sweep2,2026-10-09T06:52:10+00:00,11,nfs,share,0.0,1.0,2,35.4159,free,chat,1.0,0.5,S5L,1.0763940000000076,1.3165424845590332,2.2813436364628217,0.0,9.0,144,16,133
20261009-065112-m7-sim-sweep2,2026-10-09T06:52:10+00:00,11,nfs,share,0.0,1.0,2,35.4159,free,chat,1.0,0.5,S5P,1.0763940000000076,1.2988556162023315,1.9857295323633224,0.0,9.0,144,15,123
20261009-065112-m7-sim-sweep2,2026-10-09T06:52:10+00:00,11,nfs,share,0.0,1.0,2,35.4159,free,chat,1.0,0.5,S5c,1.1329237022996494,1.1928682841644314,1.6291535603125737,0.0,16.1875,16,9,78
20261009-065112-m7-sim-sweep2,2026-10-09T06:52:10+00:00,12,nfs,share,0.0,1.0,0,11.6,hold,chat,1.0,0.125,S0,2.2813436364628217,2.4265166398037974,3.330932809515332,0.07016798470939101,32.0,0,104,664
20261009-065112-m7-sim-sweep2,2026-10-09T06:52:10+00:00,12,nfs,share,0.0,1.0,0,11.6,hold,chat,1.0,0.125,S1,1.973391607580659,2.248897728192856,3.330932809515332,0.29947071521292123,32.0,0,67,475
20261009-065112-m7-sim-sweep2,2026-10-09T06:52:10+00:00,12,nfs,share,0.0,1.0,0,11.6,hold,chat,1.0,0.125,S2b,2.7756786650179492,3.0018147052729955,4.788889873712407,0.8883370881593239,32.0,0,104,555
20261009-065112-m7-sim-sweep2,2026-10-09T06:52:10+00:00,12,nfs,share,0.0,1.0,0,11.6,hold,chat,1.0,0.125,S4,3.117344984617027,3.079425999622424,4.250632858515786,1.2154801779165247,29.0,464,87,455
20261009-065112-m7-sim-sweep2,2026-10-09T06:52:10+00:00,12,nfs,share,0.0,1.0,0,11.6,hold,chat,1.0,0.125,S4+,3.7896988409861194,3.613002779936622,4.788889873712407,1.5849916452721178,28.0,448,125,534
20261009-065112-m7-sim-sweep2,2026-10-09T06:52:10+00:00,12,nfs,share,0.0,1.0,0,11.6,hold,chat,1.0,0.125,S4+P,3.303445076874084,3.387545752921277,4.1200013509796065,1.5849916452721171,28.0,448,92,431
20261009-065112-m7-sim-sweep2,2026-10-09T06:52:10+00:00,12,nfs,share,0.0,1.0,0,11.6,hold,chat,1.0,0.125,S4L,3.1557773255013615,3.368484329143896,4.1200013509796065,1.5849916452721171,28.0,448,89,421
20261009-065112-m7-sim-sweep2,2026-10-09T06:52:10+00:00,12,nfs,share,0.0,1.0,0,11.6,hold,chat,1.0,0.125,S4B,3.1557773255013615,3.3401649797771564,4.1200013509796065,1.5849916452721171,28.0,448,85,411
20261009-065112-m7-sim-sweep2,2026-10-09T06:52:10+00:00,12,nfs,share,0.0,1.0,0,11.6,hold,chat,1.0,0.125,S5,3.7896988409861123,3.6130027799366213,4.788889873712407,1.5849916452721171,28.0,432,125,534
20261009-065112-m7-sim-sweep2,2026-10-09T06:52:10+00:00,12,nfs,share,0.0,1.0,0,11.6,hold,chat,1.0,0.125,S5s,3.335971107733016,3.269734869921636,4.610891880960253,1.1410922963513819,28.0,168,126,582
20261009-065112-m7-sim-sweep2,2026-10-09T06:52:10+00:00,12,nfs,share,0.0,1.0,0,11.6,hold,chat,1.0,0.125,S5L,3.1557773255013615,3.3549731157406133,4.1200013509796065,1.5849916452721171,28.0,432,87,419
20261009-065112-m7-sim-sweep2,2026-10-09T06:52:10+00:00,12,nfs,share,0.0,1.0,0,11.6,hold,chat,1.0,0.125,S5P,3.303445076874084,3.387545752921277,4.1200013509796065,1.5849916452721171,28.0,432,92,431
20261009-065112-m7-sim-sweep2,2026-10-09T06:52:10+00:00,12,nfs,share,0.0,1.0,0,11.6,hold,chat,1.0,0.125,S5c,3.4534423943622343,3.4192656219972313,4.788889873712407,1.3662696726036199,28.0,168,122,537
20261009-065112-m7-sim-sweep2,2026-10-09T06:52:10+00:00,12,nfs,share,0.0,1.0,0,11.6,hold,chat,1.0,0.25,S0,2.2813436364628217,2.3616421886066816,3.330932809515332,0.0,32.0,0,104,664
20261009-065112-m7-sim-sweep2,2026-10-09T06:52:10+00:00,12,nfs,share,0.0,1.0,0,11.6,hold,chat,1.0,0.25,S1,1.624555077219135,1.7550486031376202,2.6080054726698734,0.02553208585076483,32.0,0,47,372
20261009-065112-m7-sim-sweep2,2026-10-09T06:52:10+00:00,12,nfs,share,0.0,1.0,0,11.6,hold,chat,1.0,0.25,S2b,2.163877447174656,2.3856495431617843,3.804616454427986,0.5276172189532536,32.0,0,71,441
20261009-065112-m7-sim-sweep2,2026-10-09T06:52:10+00:00,12,nfs,share,0.0,1.0,0,11.6,hold,chat,1.0,0.25,S4,2.550911754188313,2.4780675044729357,3.804616454427986,0.8054297298647951,24.0,384,59,359
20261009-065112-m7-sim-sweep2,2026-10-09T06:52:10+00:00,12,nfs,share,0.0,1.0,0,11.6,hold,chat,1.0,0.25,S4+,3.4687244072059116,3.2382531000937544,4.28183555062833,1.4471662848136717,24.0,384,90,422
20261009-065112-m7-sim-sweep2,2026-10-09T06:52:10+00:00,12,nfs,share,0.0,1.0,0,11.6,hold,chat,1.0,0.25,S4+P,3.138916911708101,3.03064959788812,3.804616454427986,1.4471662848136713,24.0,384,60,328
20261009-065112-m7-sim-sweep2,2026-10-09T06:52:10+00:00,12,nfs,share,0.0,1.0,0,11.6,hold,chat,1.0,0.25,S4L,3.138916911708101,3.0310985921409928,3.804616454427986,1.4471662848136713,24.0,384,60,326
20261009-065112-m7-sim-sweep2,2026-10-09T06:52:10+00:00,12,nfs,share,0.0,1.0,0,11.6,hold,chat,1.0,0.25,S4B,3.1220564979148833,3.0173879117104963,3.804616454427986,1.4471662848136713,24.0,384,58,319
20261009-065112-m7-sim-sweep2,2026-10-09T06:52:10+00:00,12,nfs,share,0.0,1.0,0,11.6,hold,chat,1.0,0.25,S5,3.4687244072059116,3.2382531000937544,4.28183555062833,1.4471662848136717,24.0,368,90,422
20261009-065112-m7-sim-sweep2,2026-10-09T06:52:10+00:00,12,nfs,share,0.0,1.0,0,11.6,hold,chat,1.0,0.25,S5s,2.7829886803402815,2.6952796472496607,4.271059688559376,0.6414628763013029,24.0,104,103,556
20261009-065112-m7-sim-sweep2,2026-10-09T06:52:10+00:00,12,nfs,share,0.0,1.0,0,11.6,hold,chat,1.0,0.25,S5L,3.138916911708101,3.0241310033625264,3.804616454427986,1.4471662848136717,24.0,368,59,323
20261009-065112-m7-sim-sweep2,2026-10-09T06:52:10+00:00,12,nfs,share,0.0,1.0,0,11.6,hold,chat,1.0,0.25,S5P,3.138916911708101,3.0310985921409928,3.804616454427986,1.4471662848136717,24.0,368,60,326
20261009-065112-m7-sim-sweep2,2026-10-09T06:52:10+00:00,12,nfs,share,0.0,1.0,0,11.6,hold,chat,1.0,0.25,S5c,3.013596889964674,2.706950580922694,4.116598515459486,0.9055463319040283,25.5,128,83,429
20261009-065112-m7-sim-sweep2,2026-10-09T06:52:10+00:00,12,nfs,share,0.0,1.0,0,11.6,hold,chat,1.0,0.5,S0,2.2813436364628217,2.3616421886066816,3.330932809515332,0.0,32.0,0,104,664
20261009-065112-m7-sim-sweep2,2026-10-09T06:52:10+00:00,12,nfs,share,0.0,1.0,0,11.6,hold,chat,1.0,0.5,S1,1.42500831823142,1.4754683356755376,1.7723610000000178,0.0,32.0,0,25,258
20261009-065112-m7-sim-sweep2,2026-10-09T06:52:10+00:00,12,nfs,share,0.0,1.0,0,11.6,hold,chat,1.0,0.5,S2b,1.4935854028337658,2.0696582861795156,2.3245143997610285,0.6069258855621383,32.0,0,24,252
20261009-065112-m7-sim-sweep2,2026-10-09T06:52:10+00:00,12,nfs,share,0.0,1.0,0,11.6,hold,chat,1.0,0.5,S4,1.577353092954823,1.8627007422937722,3.1385722514526435,0.41113606467366104,17.0,272,30,251
20261009-065112-m7-sim-sweep2,2026-10-09T06:52:10+00:00,12,nfs,share,0.0,1.0,0,11.6,hold,chat,1.0,0.5,S4+,2.9125938563600826,2.3789553010731583,3.6237228899644833,0.9647775232091149,16.0,256,35,241
20261009-065112-m7-sim-sweep2,2026-10-09T06:52:10+00:00,12,nfs,share,0.0,1.0,0,11.6,hold,chat,1.0,0.5,S4+P,2.824354325501332,2.3129434958622466,3.4511128282468064,0.9647775232091144,16.0,256,25,215
20261009-065112-m7-sim-sweep2,2026-10-09T06:52:10+00:00,12,nfs,share,0.0,1.0,0,11.6,hold,chat,1.0,0.5,S4L,2.824354325501332,2.360568060371041,3.4511128282468064,0.9647775232091144,16.0,256,32,233
20261009-065112-m7-sim-sweep2,2026-10-09T06:52:10+00:00,12,nfs,share,0.0,1.0,0,11.6,hold,chat,1.0,0.5,S4B,2.824354325501332,2.2776304864087518,3.29466655963256,0.9647775232091149,16.0,256,20,194
20261009-065112-m7-sim-sweep2,2026-10-09T06:52:10+00:00,12,nfs,share,0.0,1.0,0,11.6,hold,chat,1.0,0.5,S5,2.9125938563600826,2.3789553010731583,3.6237228899644833,0.9647775232091149,16.0,240,35,241
20261009-065112-m7-sim-sweep2,2026-10-09T06:52:10+00:00,12,nfs,share,0.0,1.0,0,11.6,hold,chat,1.0,0.5,S5s,1.9941995463126148,2.0640816347663034,2.815588119396722,0.0,17.5,0,91,549
20261009-065112-m7-sim-sweep2,2026-10-09T06:52:10+00:00,12,nfs,share,0.0,1.0,0,11.6,hold,chat,1.0,0.5,S5L,2.824354325501332,2.3466328828141076,3.4511128282468064,0.9647775232091149,16.0,240,30,227
20261009-065112-m7-sim-sweep2,2026-10-09T06:52:10+00:00,12,nfs,share,0.0,1.0,0,11.6,hold,chat,1.0,0.5,S5P,2.824354325501332,2.2985811570837793,3.4511128282468064,0.9647775232091149,16.0,240,23,208
20261009-065112-m7-sim-sweep2,2026-10-09T06:52:10+00:00,12,nfs,share,0.0,1.0,0,11.6,hold,chat,1.0,0.5,S5c,1.4935854028336735,1.9005756104618463,3.117424222025619,0.45828919455020056,21.0,56,30,246
20261009-065112-m7-sim-sweep2,2026-10-09T06:52:10+00:00,13,nfs,share,0.0,1.0,0,3.69,hold,chat,1.0,0.125,S0,2.2813436364628217,2.4265166398037974,3.330932809515332,0.07016798470939101,32.0,0,104,664
20261009-065112-m7-sim-sweep2,2026-10-09T06:52:10+00:00,13,nfs,share,0.0,1.0,0,3.69,hold,chat,1.0,0.125,S1,1.9525465709953025,2.2362883449645117,3.330932809515332,0.2875331112202956,32.0,0,59,498
20261009-065112-m7-sim-sweep2,2026-10-09T06:52:10+00:00,13,nfs,share,0.0,1.0,0,3.69,hold,chat,1.0,0.125,S2b,2.7172360114978247,2.978133865557895,4.788889873712407,0.8883370881593239,32.0,0,97,568
20261009-065112-m7-sim-sweep2,2026-10-09T06:52:10+00:00,13,nfs,share,0.0,1.0,0,3.69,hold,chat,1.0,0.125,S4,3.0968432623975986,3.115193035764083,4.119610012875455,1.218020026809339,29.0,464,81,476
20261009-065112-m7-sim-sweep2,2026-10-09T06:52:10+00:00,13,nfs,share,0.0,1.0,0,3.69,hold,chat,1.0,0.125,S4+,3.804616454427986,3.6248403167350265,4.788889873712407,1.5849916452721178,28.0,448,120,544
20261009-065112-m7-sim-sweep2,2026-10-09T06:52:10+00:00,13,nfs,share,0.0,1.0,0,3.69,hold,chat,1.0,0.125,S4+P,3.3640976644510516,3.426149977431754,4.116023309633874,1.5849916452721178,28.0,448,83,452
20261009-065112-m7-sim-sweep2,2026-10-09T06:52:10+00:00,13,nfs,share,0.0,1.0,0,3.69,hold,chat,1.0,0.125,S4L,3.3205237451705614,3.4192032636944116,4.116023309633874,1.5849916452721178,28.0,448,81,444
20261009-065112-m7-sim-sweep2,2026-10-09T06:52:10+00:00,13,nfs,share,0.0,1.0,0,3.69,hold,chat,1.0,0.125,S4B,3.3205237451705614,3.3497833994693775,4.116023309633874,1.5849916452721164,28.0,448,68,412
20261009-065112-m7-sim-sweep2,2026-10-09T06:52:10+00:00,13,nfs,share,0.0,1.0,0,3.69,hold,chat,1.0,0.125,S5,3.804616454427986,3.5900620197550133,4.788889873712407,1.5503269718241726,28.0,400,120,544
20261009-065112-m7-sim-sweep2,2026-10-09T06:52:10+00:00,13,nfs,share,0.0,1.0,0,3.69,hold,chat,1.0,0.125,S5s,3.335971107733016,3.2827387180087455,4.633991357644675,1.1382048617658291,28.0,168,125,583
20261009-065112-m7-sim-sweep2,2026-10-09T06:52:10+00:00,13,nfs,share,0.0,1.0,0,3.69,hold,chat,1.0,0.125,S5L,3.3205237451705614,3.339544085003476,4.116023309633874,1.5503269718241726,28.0,400,73,427
20261009-065112-m7-sim-sweep2,2026-10-09T06:52:10+00:00,13,nfs,share,0.0,1.0,0,3.69,hold,chat,1.0,0.125,S5P,3.3640976644510516,3.3694842731893253,4.116023309633874,1.5503269718241726,28.0,400,79,443
20261009-065112-m7-sim-sweep2,2026-10-09T06:52:10+00:00,13,nfs,share,0.0,1.0,0,3.69,hold,chat,1.0,0.125,S5c,3.5054162169021836,3.4173331067043624,4.788889873712407,1.3662696726036199,28.0,168,116,549
20261009-065112-m7-sim-sweep2,2026-10-09T06:52:10+00:00,13,nfs,share,0.0,1.0,0,3.69,hold,chat,1.0,0.25,S0,2.2813436364628217,2.3616421886066816,3.330932809515332,0.0,32.0,0,104,664
20261009-065112-m7-sim-sweep2,2026-10-09T06:52:10+00:00,13,nfs,share,0.0,1.0,0,3.69,hold,chat,1.0,0.25,S1,1.6430678759179074,1.7771356192789203,2.5038831941492106,0.0,32.0,0,39,421
20261009-065112-m7-sim-sweep2,2026-10-09T06:52:10+00:00,13,nfs,share,0.0,1.0,0,3.69,hold,chat,1.0,0.25,S2b,2.1718297577161607,2.4045438228110307,3.8726549806098376,0.5283817845574669,32.0,0,62,468
20261009-065112-m7-sim-sweep2,2026-10-09T06:52:10+00:00,13,nfs,share,0.0,1.0,0,3.69,hold,chat,1.0,0.25,S4,2.5002964909078287,2.530156478462214,3.804616454427986,0.7855963181184015,24.0,384,51,407
20261009-065112-m7-sim-sweep2,2026-10-09T06:52:10+00:00,13,nfs,share,0.0,1.0,0,3.69,hold,chat,1.0,0.25,S4+,3.442574325501333,3.2571208654081634,4.220108817571543,1.4471662848136717,24.0,384,78,451
20261009-065112-m7-sim-sweep2,2026-10-09T06:52:10+00:00,13,nfs,share,0.0,1.0,0,3.69,hold,chat,1.0,0.25,S4+P,3.3205237451705543,3.125265229292806,3.804616454427986,1.4471662848136724,24.0,384,52,380
20261009-065112-m7-sim-sweep2,2026-10-09T06:52:10+00:00,13,nfs,share,0.0,1.0,0,3.69,hold,chat,1.0,0.25,S4L,3.3205237451705543,3.113768492068552,3.804616454427986,1.4471662848136724,24.0,384,50,376
20261009-065112-m7-sim-sweep2,2026-10-09T06:52:10+00:00,13,nfs,share,0.0,1.0,0,3.69,hold,chat,1.0,0.25,S4B,3.178898035335962,3.07023596921039,3.804616454427986,1.4471662848136713,24.0,384,42,359
20261009-065112-m7-sim-sweep2,2026-10-09T06:52:10+00:00,13,nfs,share,0.0,1.0,0,3.69,hold,chat,1.0,0.25,S5,3.442574325501333,3.1449985286671125,4.220108817571543,1.334922762774519,24.0,336,78,451
20261009-065112-m7-sim-sweep2,2026-10-09T06:52:10+00:00,13,nfs,share,0.0,1.0,0,3.69,hold,chat,1.0,0.25,S5s,2.8354384274080005,2.7341243913926605,4.358069664262587,0.6414628763013029,24.0,104,102,557
20261009-065112-m7-sim-sweep2,2026-10-09T06:52:10+00:00,13,nfs,share,0.0,1.0,0,3.69,hold,chat,1.0,0.25,S5L,3.3205237451705543,2.9966035229394006,3.804616454427986,1.334922762774519,24.0,336,49,373
20261009-065112-m7-sim-sweep2,2026-10-09T06:52:10+00:00,13,nfs,share,0.0,1.0,0,3.69,hold,chat,1.0,0.25,S5P,3.3205237451705543,3.0023518915515273,3.804616454427986,1.334922762774519,24.0,336,50,375
20261009-065112-m7-sim-sweep2,2026-10-09T06:52:10+00:00,13,nfs,share,0.0,1.0,0,3.69,hold,chat,1.0,0.25,S5c,3.013596889964674,2.743689679451355,4.116598515459486,0.9055463319040283,25.5,128,76,454
20261009-065112-m7-sim-sweep2,2026-10-09T06:52:10+00:00,13,nfs,share,0.0,1.0,0,3.69,hold,chat,1.0,0.5,S0,2.2813436364628217,2.3616421886066816,3.330932809515332,0.0,32.0,0,104,664
20261009-065112-m7-sim-sweep2,2026-10-09T06:52:10+00:00,13,nfs,share,0.0,1.0,0,3.69,hold,chat,1.0,0.5,S1,1.42500831823142,1.5997391851031857,1.8274299268292964,0.0,32.0,0,20,348
20261009-065112-m7-sim-sweep2,2026-10-09T06:52:10+00:00,13,nfs,share,0.0,1.0,0,3.69,hold,chat,1.0,0.5,S2b,1.752186570750247,2.1233587527045494,2.2896905512938304,0.5393201929883654,32.0,0,18,332
20261009-065112-m7-sim-sweep2,2026-10-09T06:52:10+00:00,13,nfs,share,0.0,1.0,0,3.69,hold,chat,1.0,0.5,S4,1.7352489013735592,1.9622721524856797,3.2587946946440525,0.3900217521759923,17.0,272,24,343
20261009-065112-m7-sim-sweep2,2026-10-09T06:52:10+00:00,13,nfs,share,0.0,1.0,0,3.69,hold,chat,1.0,0.5,S4+,3.013596889964674,2.497644462992796,3.581117592246386,0.9647775232091155,16.0,256,25,324
20261009-065112-m7-sim-sweep2,2026-10-09T06:52:10+00:00,13,nfs,share,0.0,1.0,0,3.69,hold,chat,1.0,0.5,S4+P,3.013596889964674,2.4565846518231016,3.4684263255013548,0.9647775232091155,16.0,256,17,305
20261009-065112-m7-sim-sweep2,2026-10-09T06:52:10+00:00,13,nfs,share,0.0,1.0,0,3.69,hold,chat,1.0,0.5,S4L,3.013596889964674,2.5065313826437783,3.4684263255013548,0.9647775232091155,16.0,256,26,324
20261009-065112-m7-sim-sweep2,2026-10-09T06:52:10+00:00,13,nfs,share,0.0,1.0,0,3.69,hold,chat,1.0,0.5,S4B,3.013596889964674,2.420592295260791,3.4684263255013548,0.9647775232091155,16.0,256,10,287
20261009-065112-m7-sim-sweep2,2026-10-09T06:52:10+00:00,13,nfs,share,0.0,1.0,0,3.69,hold,chat,1.0,0.5,S5,2.2994902310825225,2.361707679431363,3.581117592246386,0.8269521627506696,16.0,208,25,325
20261009-065112-m7-sim-sweep2,2026-10-09T06:52:10+00:00,13,nfs,share,0.0,1.0,0,3.69,hold,chat,1.0,0.5,S5s,2.02709982404032,2.0933628120306893,2.8082344800633336,0.0,17.5,0,89,551
20261009-065112-m7-sim-sweep2,2026-10-09T06:52:10+00:00,13,nfs,share,0.0,1.0,0,3.69,hold,chat,1.0,0.5,S5L,2.230131126165219,2.310810970032693,3.4684263255013548,0.8269521627506702,16.0,208,15,301
20261009-065112-m7-sim-sweep2,2026-10-09T06:52:10+00:00,13,nfs,share,0.0,1.0,0,3.69,hold,chat,1.0,0.5,S5P,2.230131126165219,2.294393613535167,3.4684263255013548,0.8269521627506702,16.0,208,12,293
20261009-065112-m7-sim-sweep2,2026-10-09T06:52:10+00:00,13,nfs,share,0.0,1.0,0,3.69,hold,chat,1.0,0.5,S5c,1.6886641686028412,1.9202076103092278,3.1171118965759064,0.3778049725411723,21.0,56,21,329
20261009-065112-m7-sim-sweep2,2026-10-09T06:52:10+00:00,14,nfs,share,0.0,1.0,0,1.0,hold,chat,1.0,0.125,S0,2.2813436364628217,2.4265166398037974,3.330932809515332,0.07016798470939101,32.0,0,104,664
20261009-065112-m7-sim-sweep2,2026-10-09T06:52:10+00:00,14,nfs,share,0.0,1.0,0,1.0,hold,chat,1.0,0.125,S1,2.2813436364628217,2.3398961136287304,3.330932809515332,0.2460841824955473,32.0,0,50,574
20261009-065112-m7-sim-sweep2,2026-10-09T06:52:10+00:00,14,nfs,share,0.0,1.0,0,1.0,hold,chat,1.0,0.125,S2b,2.799624208820788,3.0324230923944437,4.788889873712407,0.8883370881593239,32.0,0,89,597
20261009-065112-m7-sim-sweep2,2026-10-09T06:52:10+00:00,14,nfs,share,0.0,1.0,0,1.0,hold,chat,1.0,0.125,S4,3.250442984617031,3.222164506795714,4.216969984617037,1.2049577143289725,29.0,464,66,552
20261009-065112-m7-sim-sweep2,2026-10-09T06:52:10+00:00,14,nfs,share,0.0,1.0,0,1.0,hold,chat,1.0,0.125,S4+,3.804616454427986,3.6704073615951534,4.788889873712407,1.5849916452721178,28.0,448,107,577
20261009-065112-m7-sim-sweep2,2026-10-09T06:52:10+00:00,14,nfs,share,0.0,1.0,0,1.0,hold,chat,1.0,0.125,S4+P,3.4538602529118947,3.5620288710301633,4.278699035143546,1.5849916452721178,28.0,448,66,535
20261009-065112-m7-sim-sweep2,2026-10-09T06:52:10+00:00,14,nfs,share,0.0,1.0,0,1.0,hold,chat,1.0,0.125,S4L,3.421973325501341,3.566977531647708,4.278699035143546,1.5849916452721178,28.0,448,67,535
20261009-065112-m7-sim-sweep2,2026-10-09T06:52:10+00:00,14,nfs,share,0.0,1.0,0,1.0,hold,chat,1.0,0.125,S4B,3.421973325501341,3.5220109799143327,4.278699035143546,1.5849916452721178,28.0,448,48,514
20261009-065112-m7-sim-sweep2,2026-10-09T06:52:10+00:00,14,nfs,share,0.0,1.0,0,1.0,hold,chat,1.0,0.125,S5,3.804616454427986,3.5386218217797563,4.788889873712407,1.4555556350251486,28.0,328,106,578
20261009-065112-m7-sim-sweep2,2026-10-09T06:52:10+00:00,14,nfs,share,0.0,1.0,0,1.0,hold,chat,1.0,0.125,S5s,3.3772197447857764,3.2856796459971087,4.725116018891299,1.1663859058407606,28.0,168,112,596
20261009-065112-m7-sim-sweep2,2026-10-09T06:52:10+00:00,14,nfs,share,0.0,1.0,0,1.0,hold,chat,1.0,0.125,S5L,3.421973325501341,3.4152032485586106,4.278699035143546,1.4555556350251482,28.0,328,57,526
20261009-065112-m7-sim-sweep2,2026-10-09T06:52:10+00:00,14,nfs,share,0.0,1.0,0,1.0,hold,chat,1.0,0.125,S5P,3.421973325501341,3.4126521591761567,4.278699035143546,1.4555556350251482,28.0,328,58,529
20261009-065112-m7-sim-sweep2,2026-10-09T06:52:10+00:00,14,nfs,share,0.0,1.0,0,1.0,hold,chat,1.0,0.125,S5c,3.4587873751492353,3.4618831911669967,4.788889873712407,1.3662696726036192,28.0,168,106,580
20261009-065112-m7-sim-sweep2,2026-10-09T06:52:10+00:00,14,nfs,share,0.0,1.0,0,1.0,hold,chat,1.0,0.25,S0,2.2813436364628217,2.3616421886066816,3.330932809515332,0.0,32.0,0,104,664
20261009-065112-m7-sim-sweep2,2026-10-09T06:52:10+00:00,14,nfs,share,0.0,1.0,0,1.0,hold,chat,1.0,0.25,S1,1.816256500000037,2.0071360038209582,2.7039406591157444,0.0,32.0,0,32,546
20261009-065112-m7-sim-sweep2,2026-10-09T06:52:10+00:00,14,nfs,share,0.0,1.0,0,1.0,hold,chat,1.0,0.25,S2b,2.361005287040193,2.519503432225942,3.9907498431683734,0.505967035134726,32.0,0,48,549
20261009-065112-m7-sim-sweep2,2026-10-09T06:52:10+00:00,14,nfs,share,0.0,1.0,0,1.0,hold,chat,1.0,0.25,S4,2.576895854821146,2.738886901681425,3.9352479619641656,0.7752540307463219,24.0,384,39,534
20261009-065112-m7-sim-sweep2,2026-10-09T06:52:10+00:00,14,nfs,share,0.0,1.0,0,1.0,hold,chat,1.0,0.25,S4+,3.6126579625541098,3.4095509010331053,4.343746744785761,1.4471662848136724,24.0,384,60,531
20261009-065112-m7-sim-sweep2,2026-10-09T06:52:10+00:00,14,nfs,share,0.0,1.0,0,1.0,hold,chat,1.0,0.25,S4+P,3.421973325501341,3.3570845992997316,4.096157325501366,1.4471662848136717,24.0,384,41,513
20261009-065112-m7-sim-sweep2,2026-10-09T06:52:10+00:00,14,nfs,share,0.0,1.0,0,1.0,hold,chat,1.0,0.25,S4L,3.421973325501341,3.349112867447093,4.096157325501366,1.4471662848136717,24.0,384,38,510
20261009-065112-m7-sim-sweep2,2026-10-09T06:52:10+00:00,14,nfs,share,0.0,1.0,0,1.0,hold,chat,1.0,0.25,S4B,3.421973325501341,3.2805969474400167,4.096157325501366,1.4471662848136717,24.0,384,11,482
20261009-065112-m7-sim-sweep2,2026-10-09T06:52:10+00:00,14,nfs,share,0.0,1.0,0,1.0,hold,chat,1.0,0.25,S5,3.4650001701505246,3.064402478206004,4.343746744785761,1.0982697994865678,24.0,264,60,536
20261009-065112-m7-sim-sweep2,2026-10-09T06:52:10+00:00,14,nfs,share,0.0,1.0,0,1.0,hold,chat,1.0,0.25,S5s,2.811555999999989,2.6965152456890884,4.407520599606869,0.6414628763013029,24.0,104,78,581
20261009-065112-m7-sim-sweep2,2026-10-09T06:52:10+00:00,14,nfs,share,0.0,1.0,0,1.0,hold,chat,1.0,0.25,S5L,3.369976315329417,2.9932823915322597,4.096157325501366,1.0982697994865678,24.0,264,33,509
20261009-065112-m7-sim-sweep2,2026-10-09T06:52:10+00:00,14,nfs,share,0.0,1.0,0,1.0,hold,chat,1.0,0.25,S5P,3.369976315329417,2.9932823915322597,4.096157325501366,1.0982697994865678,24.0,264,33,509
20261009-065112-m7-sim-sweep2,2026-10-09T06:52:10+00:00,14,nfs,share,0.0,1.0,0,1.0,hold,chat,1.0,0.25,S5c,3.013596889964674,2.8765154614795887,4.116598515459486,0.9055463319040283,25.5,128,58,538
20261009-065112-m7-sim-sweep2,2026-10-09T06:52:10+00:00,14,nfs,share,0.0,1.0,0,1.0,hold,chat,1.0,0.5,S0,2.2813436364628217,2.3616421886066816,3.330932809515332,0.0,32.0,0,104,664
20261009-065112-m7-sim-sweep2,2026-10-09T06:52:10+00:00,14,nfs,share,0.0,1.0,0,1.0,hold,chat,1.0,0.5,S1,1.816256500000037,1.9182427519104905,2.5131220000000525,0.0,32.0,0,16,521
20261009-065112-m7-sim-sweep2,2026-10-09T06:52:10+00:00,14,nfs,share,0.0,1.0,0,1.0,hold,chat,1.0,0.5,S2b,2.030901759496487,2.269305783604422,2.5131220000000525,0.3977536538623199,32.0,0,8,507
20261009-065112-m7-sim-sweep2,2026-10-09T06:52:10+00:00,14,nfs,share,0.0,1.0,0,1.0,hold,chat,1.0,0.5,S4,2.1646892500000376,2.2705237163691083,3.421973325501341,0.38890956351819206,17.0,272,21,512
20261009-065112-m7-sim-sweep2,2026-10-09T06:52:10+00:00,14,nfs,share,0.0,1.0,0,1.0,hold,chat,1.0,0.5,S4+,3.013596889964674,2.804418923737227,4.096157325501366,0.9647775232091161,16.0,256,13,494
20261009-065112-m7-sim-sweep2,2026-10-09T06:52:10+00:00,14,nfs,share,0.0,1.0,0,1.0,hold,chat,1.0,0.5,S4+P,3.013596889964674,2.791445453982831,4.096157325501366,0.9647775232091161,16.0,256,8,489
20261009-065112-m7-sim-sweep2,2026-10-09T06:52:10+00:00,14,nfs,share,0.0,1.0,0,1.0,hold,chat,1.0,0.5,S4L,3.013596889964674,2.8146820722565304,4.096157325501366,0.9647775232091161,16.0,256,16,496
20261009-065112-m7-sim-sweep2,2026-10-09T06:52:10+00:00,14,nfs,share,0.0,1.0,0,1.0,hold,chat,1.0,0.5,S4B,2.948549180322459,2.7781061569442205,4.096157325501366,0.9647775232091161,16.0,256,2,482
20261009-065112-m7-sim-sweep2,2026-10-09T06:52:10+00:00,14,nfs,share,0.0,1.0,0,1.0,hold,chat,1.0,0.5,S5,2.1563922500000103,2.4014900506952253,4.096157325501366,0.5513014418337813,16.0,136,13,500
20261009-065112-m7-sim-sweep2,2026-10-09T06:52:10+00:00,14,nfs,share,0.0,1.0,0,1.0,hold,chat,1.0,0.5,S5s,2.0125188182314275,2.0252541378718973,2.8413799999999867,0.0,17.5,0,60,580
20261009-065112-m7-sim-sweep2,2026-10-09T06:52:10+00:00,14,nfs,share,0.0,1.0,0,1.0,hold,chat,1.0,0.5,S5L,2.1563922500000103,2.380597926372404,4.096157325501366,0.5513014418337813,16.0,136,6,494
20261009-065112-m7-sim-sweep2,2026-10-09T06:52:10+00:00,14,nfs,share,0.0,1.0,0,1.0,hold,chat,1.0,0.5,S5P,2.1563922500000103,2.380597926372404,4.096157325501366,0.5513014418337813,16.0,136,6,494
20261009-065112-m7-sim-sweep2,2026-10-09T06:52:10+00:00,14,nfs,share,0.0,1.0,0,1.0,hold,chat,1.0,0.5,S5c,1.9276144701472333,2.1809607017376655,2.7477563723928995,0.3224813135744811,21.0,56,11,504
20261009-065112-m7-sim-sweep2,2026-10-09T06:52:10+00:00,15,nfs,share,0.0,1.0,0,11.6,free,doc,1.0,0.125,S0,2.8572437717901096,2.9437704215088973,3.244701591157053,0.0,33.5,0,287,1273
20261009-065112-m7-sim-sweep2,2026-10-09T06:52:10+00:00,15,nfs,share,0.0,1.0,0,11.6,free,doc,1.0,0.125,S1,2.859937737307348,2.611376116814363,3.244701591157053,0.0,33.5,0,243,1145
20261009-065112-m7-sim-sweep2,2026-10-09T06:52:10+00:00,15,nfs,share,0.0,1.0,0,11.6,free,doc,1.0,0.125,S2b,2.3957849999999894,2.475251699350355,2.663107376374029,0.0,33.5,0,223,1119
20261009-065112-m7-sim-sweep2,2026-10-09T06:52:10+00:00,15,nfs,share,0.0,1.0,0,11.6,free,doc,1.0,0.125,S4,2.8568187717901026,2.6141760244223096,3.244701591157053,0.0,32.75,524,249,1139
20261009-065112-m7-sim-sweep2,2026-10-09T06:52:10+00:00,15,nfs,share,0.0,1.0,0,11.6,free,doc,1.0,0.125,S4+,2.3957849999999894,2.4536134611072367,2.6606846522359433,0.0,29.3125,469,226,1116
20261009-065112-m7-sim-sweep2,2026-10-09T06:52:10+00:00,15,nfs,share,0.0,1.0,0,11.6,free,doc,1.0,0.125,S4+P,2.682039000000003,2.364758942156952,2.982301000000021,0.0,29.3125,469,216,1048
20261009-065112-m7-sim-sweep2,2026-10-09T06:52:10+00:00,15,nfs,share,0.0,1.0,0,11.6,free,doc,1.0,0.125,S4L,2.8572437717901096,2.390001566891564,3.1176567868624545,0.0,29.3125,469,219,1056
20261009-065112-m7-sim-sweep2,2026-10-09T06:52:10+00:00,15,nfs,share,0.0,1.0,0,11.6,free,doc,1.0,0.125,S4B,2.6860303205534564,2.351298653022592,2.982301000000021,0.0,29.3125,469,214,1045
20261009-065112-m7-sim-sweep2,2026-10-09T06:52:10+00:00,15,nfs,share,0.0,1.0,0,11.6,free,doc,1.0,0.125,S5,2.3957849999999894,2.4510571836241195,2.6606846522359433,0.0,29.3125,397,228,1114
20261009-065112-m7-sim-sweep2,2026-10-09T06:52:10+00:00,15,nfs,share,0.0,1.0,0,11.6,free,doc,1.0,0.125,S5s,2.3953599999999824,2.4442053292957344,2.656167721201456,0.0,29.3125,61,232,1114
20261009-065112-m7-sim-sweep2,2026-10-09T06:52:10+00:00,15,nfs,share,0.0,1.0,0,11.6,free,doc,1.0,0.125,S5L,2.682039000000003,2.345256970663168,2.9959999136023328,0.0,29.3125,397,215,1043
20261009-065112-m7-sim-sweep2,2026-10-09T06:52:10+00:00,15,nfs,share,0.0,1.0,0,11.6,free,doc,1.0,0.125,S5P,2.682039000000003,2.3533876960509232,2.982301000000021,0.0,29.3125,397,216,1042
20261009-065112-m7-sim-sweep2,2026-10-09T06:52:10+00:00,15,nfs,share,0.0,1.0,0,11.6,free,doc,1.0,0.125,S5c,2.3957849999999894,2.4375991808908335,2.656167721201456,0.0,29.3125,61,231,1111
20261009-065112-m7-sim-sweep2,2026-10-09T06:52:10+00:00,15,nfs,share,0.0,1.0,0,11.6,free,doc,1.0,0.25,S0,2.8572437717901096,2.9437704215088973,3.244701591157053,0.0,33.5,0,287,1273
20261009-065112-m7-sim-sweep2,2026-10-09T06:52:10+00:00,15,nfs,share,0.0,1.0,0,11.6,free,doc,1.0,0.25,S1,2.7696413858950564,2.274681389989725,2.9831509999999923,0.0,33.5,0,203,1017
20261009-065112-m7-sim-sweep2,2026-10-09T06:52:10+00:00,15,nfs,share,0.0,1.0,0,11.6,free,doc,1.0,0.25,S2b,2.035866088258274,1.9879324755401733,2.099408325384161,0.0,33.5,0,167,950
20261009-065112-m7-sim-sweep2,2026-10-09T06:52:10+00:00,15,nfs,share,0.0,1.0,0,11.6,free,doc,1.0,0.25,S4,2.7409748295644647,2.278555632285359,2.9831509999999923,0.0,28.25,452,209,1011
20261009-065112-m7-sim-sweep2,2026-10-09T06:52:10+00:00,15,nfs,share,0.0,1.0,0,11.6,free,doc,1.0,0.25,S4+,2.0022753597534404,1.9744767022875618,2.09003557538378,0.0,25.125,402,170,947
20261009-065112-m7-sim-sweep2,2026-10-09T06:52:10+00:00,15,nfs,share,0.0,1.0,0,11.6,free,doc,1.0,0.25,S4+P,2.681613999999996,2.140291608299286,2.9823009999999783,0.0,25.125,402,192,970
20261009-065112-m7-sim-sweep2,2026-10-09T06:52:10+00:00,15,nfs,share,0.0,1.0,0,11.6,free,doc,1.0,0.25,S4L,2.682039000000003,2.160942479231903,2.9831509999999923,0.0,25.125,402,194,970
20261009-065112-m7-sim-sweep2,2026-10-09T06:52:10+00:00,15,nfs,share,0.0,1.0,0,11.6,free,doc,1.0,0.25,S4B,2.681613999999996,2.111545952330781,2.982301000000021,0.0,25.125,402,187,957
20261009-065112-m7-sim-sweep2,2026-10-09T06:52:10+00:00,15,nfs,share,0.0,1.0,0,11.6,free,doc,1.0,0.25,S5,1.999581394236202,1.9663122330665506,2.09003557538378,0.0,25.125,330,173,944
20261009-065112-m7-sim-sweep2,2026-10-09T06:52:10+00:00,15,nfs,share,0.0,1.0,0,11.6,free,doc,1.0,0.25,S5s,2.055922513728234,2.1642303455349894,2.375092286223719,0.0,25.5,0,214,1010
20261009-065112-m7-sim-sweep2,2026-10-09T06:52:10+00:00,15,nfs,share,0.0,1.0,0,11.6,free,doc,1.0,0.25,S5L,2.681613999999996,2.1005108408684126,2.9823009999999783,0.0,25.125,330,190,952
20261009-065112-m7-sim-sweep2,2026-10-09T06:52:10+00:00,15,nfs,share,0.0,1.0,0,11.6,free,doc,1.0,0.25,S5P,2.681188999999989,2.0834205839506357,2.9823009999999783,0.0,25.125,330,188,949
20261009-065112-m7-sim-sweep2,2026-10-09T06:52:10+00:00,15,nfs,share,0.0,1.0,0,11.6,free,doc,1.0,0.25,S5c,2.051943048210987,1.963227517949638,2.09003557538378,0.0,25.5,0,185,932
20261009-065112-m7-sim-sweep2,2026-10-09T06:52:10+00:00,15,nfs,share,0.0,1.0,0,11.6,free,doc,1.0,0.5,S0,2.8572437717901096,2.9437704215088973,3.244701591157053,0.0,33.5,0,287,1273
20261009-065112-m7-sim-sweep2,2026-10-09T06:52:10+00:00,15,nfs,share,0.0,1.0,0,11.6,free,doc,1.0,0.5,S1,2.681613999999996,1.8710704705825705,2.982301000000021,0.0,33.5,0,148,852
20261009-065112-m7-sim-sweep2,2026-10-09T06:52:10+00:00,15,nfs,share,0.0,1.0,0,11.6,free,doc,1.0,0.5,S2b,1.338339812635752,1.2915896051440037,1.5284413606005671,0.0,33.5,0,78,597
20261009-065112-m7-sim-sweep2,2026-10-09T06:52:10+00:00,15,nfs,share,0.0,1.0,0,11.6,free,doc,1.0,0.5,S4,2.7378558640472193,1.8807904055307691,2.9831509999999923,0.0,20.0625,321,153,847
20261009-065112-m7-sim-sweep2,2026-10-09T06:52:10+00:00,15,nfs,share,0.0,1.0,0,11.6,free,doc,1.0,0.5,S4+,1.2306767128114018,1.1967276677349918,1.5213324295660868,0.0,16.75,268,86,589
20261009-065112-m7-sim-sweep2,2026-10-09T06:52:10+00:00,15,nfs,share,0.0,1.0,0,11.6,free,doc,1.0,0.5,S4+P,1.5307103261178057,1.4336639780698928,2.378064579327088,0.0,16.75,268,110,692
20261009-065112-m7-sim-sweep2,2026-10-09T06:52:10+00:00,15,nfs,share,0.0,1.0,0,11.6,free,doc,1.0,0.5,S4L,0.731190295848819,1.5277666528962328,2.981429999999989,0.0,16.75,268,116,707
20261009-065112-m7-sim-sweep2,2026-10-09T06:52:10+00:00,15,nfs,share,0.0,1.0,0,11.6,free,doc,1.0,0.5,S4B,0.6813290858396996,1.3670469081842587,2.981429999999989,0.0,16.75,268,101,641
20261009-065112-m7-sim-sweep2,2026-10-09T06:52:10+00:00,15,nfs,share,0.0,1.0,0,11.6,free,doc,1.0,0.5,S5,1.2306767128114018,1.2067916391636775,1.5213324295660868,0.0,16.75,196,87,587
20261009-065112-m7-sim-sweep2,2026-10-09T06:52:10+00:00,15,nfs,share,0.0,1.0,0,11.6,free,doc,1.0,0.5,S5s,2.055922513728234,2.1642303455349894,2.375092286223719,0.0,25.5,0,214,1010
20261009-065112-m7-sim-sweep2,2026-10-09T06:52:10+00:00,15,nfs,share,0.0,1.0,0,11.6,free,doc,1.0,0.5,S5L,0.6808953573914209,1.3641401219055336,2.981429999999989,0.0,16.75,196,101,639
20261009-065112-m7-sim-sweep2,2026-10-09T06:52:10+00:00,15,nfs,share,0.0,1.0,0,11.6,free,doc,1.0,0.5,S5P,1.3893029565126653,1.3495904310877436,2.1356008328068583,0.0,16.75,196,103,653
20261009-065112-m7-sim-sweep2,2026-10-09T06:52:10+00:00,15,nfs,share,0.0,1.0,0,11.6,free,doc,1.0,0.5,S5c,1.2289000000000385,1.1834191109701049,1.2815210000000263,0.0,25.5,0,87,588
20261009-065112-m7-sim-sweep2,2026-10-09T06:52:10+00:00,16,nfs,share,0.0,1.0,0,3.69,free,doc,1.0,0.125,S0,2.8572437717901096,2.9437704215088973,3.244701591157053,0.0,33.5,0,287,1273
20261009-065112-m7-sim-sweep2,2026-10-09T06:52:10+00:00,16,nfs,share,0.0,1.0,0,3.69,free,doc,1.0,0.125,S1,2.8568187717901026,2.6540624793126444,3.244701591157053,0.0,33.5,0,242,1178
20261009-065112-m7-sim-sweep2,2026-10-09T06:52:10+00:00,16,nfs,share,0.0,1.0,0,3.69,free,doc,1.0,0.125,S2b,2.473091908259761,2.471840023657254,2.7504215927088183,0.0,33.5,0,222,1120
20261009-065112-m7-sim-sweep2,2026-10-09T06:52:10+00:00,16,nfs,share,0.0,1.0,0,3.69,free,doc,1.0,0.125,S4,2.8568187717901026,2.667854035161842,3.244701591157053,0.0,32.75,524,250,1170
20261009-065112-m7-sim-sweep2,2026-10-09T06:52:10+00:00,16,nfs,share,0.0,1.0,0,3.69,free,doc,1.0,0.125,S4+,2.471220590303119,2.463456776222619,2.7504215927088183,0.0,29.3125,469,226,1116
20261009-065112-m7-sim-sweep2,2026-10-09T06:52:10+00:00,16,nfs,share,0.0,1.0,0,3.69,free,doc,1.0,0.125,S4+P,2.705072220492042,2.4433852964506855,3.010276616714208,0.0,29.3125,469,214,1103
20261009-065112-m7-sim-sweep2,2026-10-09T06:52:10+00:00,16,nfs,share,0.0,1.0,0,3.69,free,doc,1.0,0.125,S4L,2.7559830000000147,2.472415639203765,2.987005834480371,0.0,29.3125,469,218,1111
20261009-065112-m7-sim-sweep2,2026-10-09T06:52:10+00:00,16,nfs,share,0.0,1.0,0,3.69,free,doc,1.0,0.125,S4B,2.705072220492042,2.3857464240146093,2.982301000000021,0.0,29.3125,469,205,1086
20261009-065112-m7-sim-sweep2,2026-10-09T06:52:10+00:00,16,nfs,share,0.0,1.0,0,3.69,free,doc,1.0,0.125,S5,2.4668541361732252,2.4499987734893325,2.4930209552734652,0.0,29.3125,309,229,1113
20261009-065112-m7-sim-sweep2,2026-10-09T06:52:10+00:00,16,nfs,share,0.0,1.0,0,3.69,free,doc,1.0,0.125,S5s,2.4643589999999733,2.447586385496384,2.4930209552734652,0.0,29.3125,61,232,1114
20261009-065112-m7-sim-sweep2,2026-10-09T06:52:10+00:00,16,nfs,share,0.0,1.0,0,3.69,free,doc,1.0,0.125,S5L,2.705072220492042,2.376281090681277,2.982301000000021,0.0,29.3125,309,208,1083
20261009-065112-m7-sim-sweep2,2026-10-09T06:52:10+00:00,16,nfs,share,0.0,1.0,0,3.69,free,doc,1.0,0.125,S5P,2.705072220492042,2.376281090681277,2.982301000000021,0.0,29.3125,309,208,1083
20261009-065112-m7-sim-sweep2,2026-10-09T06:52:10+00:00,16,nfs,share,0.0,1.0,0,3.69,free,doc,1.0,0.125,S5c,2.4668541361732252,2.4445557940086586,2.4930209552734652,0.0,29.3125,61,231,1111
20261009-065112-m7-sim-sweep2,2026-10-09T06:52:10+00:00,16,nfs,share,0.0,1.0,0,3.69,free,doc,1.0,0.25,S0,2.8572437717901096,2.9437704215088973,3.244701591157053,0.0,33.5,0,287,1273
20261009-065112-m7-sim-sweep2,2026-10-09T06:52:10+00:00,16,nfs,share,0.0,1.0,0,3.69,free,doc,1.0,0.25,S1,2.7305276102460283,2.3831598714442905,2.9831509999999923,0.0,33.5,0,201,1084
20261009-065112-m7-sim-sweep2,2026-10-09T06:52:10+00:00,16,nfs,share,0.0,1.0,0,3.69,free,doc,1.0,0.25,S2b,2.040318521584581,2.0297971791043445,2.2542856294909086,0.0,33.5,0,159,958
20261009-065112-m7-sim-sweep2,2026-10-09T06:52:10+00:00,16,nfs,share,0.0,1.0,0,3.69,free,doc,1.0,0.25,S4,2.752923300820939,2.392732228468901,2.9831509999999923,0.0,28.25,452,209,1076
20261009-065112-m7-sim-sweep2,2026-10-09T06:52:10+00:00,16,nfs,share,0.0,1.0,0,3.69,free,doc,1.0,0.25,S4+,2.042271698809941,2.024204753655271,2.0769970375633307,0.0,25.125,402,163,954
20261009-065112-m7-sim-sweep2,2026-10-09T06:52:10+00:00,16,nfs,share,0.0,1.0,0,3.69,free,doc,1.0,0.25,S4+P,2.696178385803691,2.2461180958049085,2.9823009999999783,0.0,25.125,402,190,1036
20261009-065112-m7-sim-sweep2,2026-10-09T06:52:10+00:00,16,nfs,share,0.0,1.0,0,3.69,free,doc,1.0,0.25,S4L,2.705072220492042,2.279667765140207,2.982301000000021,0.0,25.125,402,194,1046
20261009-065112-m7-sim-sweep2,2026-10-09T06:52:10+00:00,16,nfs,share,0.0,1.0,0,3.69,free,doc,1.0,0.25,S4B,2.696178385803691,2.101426442720283,2.9823009999999783,0.0,25.125,402,166,982
20261009-065112-m7-sim-sweep2,2026-10-09T06:52:10+00:00,16,nfs,share,0.0,1.0,0,3.69,free,doc,1.0,0.25,S5,2.040318521584581,2.0185159106439166,2.0769970375633307,0.0,25.125,242,167,950
20261009-065112-m7-sim-sweep2,2026-10-09T06:52:10+00:00,16,nfs,share,0.0,1.0,0,3.69,free,doc,1.0,0.25,S5s,2.058150000000012,2.1333083994789988,2.256208000000001,0.0,25.5,0,190,1034
20261009-065112-m7-sim-sweep2,2026-10-09T06:52:10+00:00,16,nfs,share,0.0,1.0,0,3.69,free,doc,1.0,0.25,S5L,2.68728455111534,2.1147689051918888,2.9814300000000173,0.0,25.125,242,171,983
20261009-065112-m7-sim-sweep2,2026-10-09T06:52:10+00:00,16,nfs,share,0.0,1.0,0,3.69,free,doc,1.0,0.25,S5P,2.3260069999999757,2.0957868356821705,2.9814300000000173,0.0,25.125,242,171,984
20261009-065112-m7-sim-sweep2,2026-10-09T06:52:10+00:00,16,nfs,share,0.0,1.0,0,3.69,free,doc,1.0,0.25,S5c,2.040318521584581,2.007420980113397,2.0769970375633307,0.0,25.5,0,170,947
20261009-065112-m7-sim-sweep2,2026-10-09T06:52:10+00:00,16,nfs,share,0.0,1.0,0,3.69,free,doc,1.0,0.5,S0,2.8572437717901096,2.9437704215088973,3.244701591157053,0.0,33.5,0,287,1273
20261009-065112-m7-sim-sweep2,2026-10-09T06:52:10+00:00,16,nfs,share,0.0,1.0,0,3.69,free,doc,1.0,0.5,S1,2.696178385803691,2.0592260590810185,2.982301000000021,0.0,33.5,0,147,961
20261009-065112-m7-sim-sweep2,2026-10-09T06:52:10+00:00,16,nfs,share,0.0,1.0,0,3.69,free,doc,1.0,0.5,S2b,1.3746918168764637,1.353070846155509,1.5787033621707849,0.0,33.5,0,52,655
20261009-065112-m7-sim-sweep2,2026-10-09T06:52:10+00:00,16,nfs,share,0.0,1.0,0,3.69,free,doc,1.0,0.5,S4,2.749438601641856,2.0635664491734254,2.9823009999999783,0.0,20.0625,321,157,951
20261009-065112-m7-sim-sweep2,2026-10-09T06:52:10+00:00,16,nfs,share,0.0,1.0,0,3.69,free,doc,1.0,0.5,S4+,1.3678096898962195,1.308012781818779,1.4041304734847984,0.0,16.75,268,59,648
20261009-065112-m7-sim-sweep2,2026-10-09T06:52:10+00:00,16,nfs,share,0.0,1.0,0,3.69,free,doc,1.0,0.5,S4+P,1.4998857525161355,1.5838935103880605,2.23821896011421,0.0,16.75,268,97,781
20261009-065112-m7-sim-sweep2,2026-10-09T06:52:10+00:00,16,nfs,share,0.0,1.0,0,3.69,free,doc,1.0,0.5,S4L,0.924355999999996,1.7481597631785206,2.981429999999989,0.0,16.75,268,110,835
20261009-065112-m7-sim-sweep2,2026-10-09T06:52:10+00:00,16,nfs,share,0.0,1.0,0,3.69,free,doc,1.0,0.5,S4B,0.9243559999999746,1.374693588301905,2.7559830000000147,0.0,16.75,268,65,682
20261009-065112-m7-sim-sweep2,2026-10-09T06:52:10+00:00,16,nfs,share,0.0,1.0,0,3.69,free,doc,1.0,0.5,S5,1.3568936474997741,1.2921321812819542,1.4041304734847984,0.0,16.75,108,59,648
20261009-065112-m7-sim-sweep2,2026-10-09T06:52:10+00:00,16,nfs,share,0.0,1.0,0,3.69,free,doc,1.0,0.5,S5s,2.058150000000012,2.1333083994789988,2.256208000000001,0.0,25.5,0,190,1034
20261009-065112-m7-sim-sweep2,2026-10-09T06:52:10+00:00,16,nfs,share,0.0,1.0,0,3.69,free,doc,1.0,0.5,S5L,0.9243559999999746,1.3861596465190587,2.7559830000000147,0.0,16.75,108,67,689
20261009-065112-m7-sim-sweep2,2026-10-09T06:52:10+00:00,16,nfs,share,0.0,1.0,0,3.69,free,doc,1.0,0.5,S5P,1.3195695461675,1.3785988758956638,2.060059368186643,0.0,16.75,108,73,701
20261009-065112-m7-sim-sweep2,2026-10-09T06:52:10+00:00,16,nfs,share,0.0,1.0,0,3.69,free,doc,1.0,0.5,S5c,1.3678096898962195,1.306696868999402,1.4041304734847984,0.0,25.5,0,61,646
20261009-065112-m7-sim-sweep2,2026-10-09T06:52:10+00:00,17,nfs,share,0.0,1.0,0,1.0,free,doc,1.0,0.125,S0,2.8572437717901096,2.9437704215088973,3.244701591157053,0.0,33.5,0,287,1273
20261009-065112-m7-sim-sweep2,2026-10-09T06:52:10+00:00,17,nfs,share,0.0,1.0,0,1.0,free,doc,1.0,0.125,S1,2.806188385895055,2.7681774977490856,3.244701591157053,0.0,33.5,0,244,1227
20261009-065112-m7-sim-sweep2,2026-10-09T06:52:10+00:00,17,nfs,share,0.0,1.0,0,1.0,free,doc,1.0,0.125,S2b,2.5474424756216365,2.5691458574824946,2.7061809546942754,0.0,33.5,0,191,1151
20261009-065112-m7-sim-sweep2,2026-10-09T06:52:10+00:00,17,nfs,share,0.0,1.0,0,1.0,free,doc,1.0,0.125,S4,2.8563937717900956,2.76115296266677,3.0606389999999806,0.0,32.75,524,246,1225
20261009-065112-m7-sim-sweep2,2026-10-09T06:52:10+00:00,17,nfs,share,0.0,1.0,0,1.0,free,doc,1.0,0.125,S4+,2.5167398525056797,2.5577415446684864,2.7061809546942754,0.0,29.3125,469,195,1147
20261009-065112-m7-sim-sweep2,2026-10-09T06:52:10+00:00,17,nfs,share,0.0,1.0,0,1.0,free,doc,1.0,0.125,S4+P,2.7401824169689917,2.646753470649102,3.001445432041365,0.0,29.3125,469,216,1186
20261009-065112-m7-sim-sweep2,2026-10-09T06:52:10+00:00,17,nfs,share,0.0,1.0,0,1.0,free,doc,1.0,0.125,S4L,2.7559830000000147,2.6639195678227767,3.001445432041365,0.0,29.3125,469,220,1194
20261009-065112-m7-sim-sweep2,2026-10-09T06:52:10+00:00,17,nfs,share,0.0,1.0,0,1.0,free,doc,1.0,0.125,S4B,2.682039000000003,2.5582111331771262,3.0014454320413506,0.0,29.3125,469,193,1164
20261009-065112-m7-sim-sweep2,2026-10-09T06:52:10+00:00,17,nfs,share,0.0,1.0,0,1.0,free,doc,1.0,0.125,S5,2.5472189030321886,2.5521415796088536,2.7061809546942754,0.0,29.3125,173,200,1142
20261009-065112-m7-sim-sweep2,2026-10-09T06:52:10+00:00,17,nfs,share,0.0,1.0,0,1.0,free,doc,1.0,0.125,S5s,2.5472189030321886,2.562187490589567,2.7061809546942754,0.0,29.3125,61,202,1144
20261009-065112-m7-sim-sweep2,2026-10-09T06:52:10+00:00,17,nfs,share,0.0,1.0,0,1.0,free,doc,1.0,0.125,S5L,2.682039000000003,2.538471609296499,2.9814300000000173,0.0,29.3125,173,198,1159
20261009-065112-m7-sim-sweep2,2026-10-09T06:52:10+00:00,17,nfs,share,0.0,1.0,0,1.0,free,doc,1.0,0.125,S5P,2.682039000000003,2.538471609296499,2.9814300000000173,0.0,29.3125,173,198,1159
20261009-065112-m7-sim-sweep2,2026-10-09T06:52:10+00:00,17,nfs,share,0.0,1.0,0,1.0,free,doc,1.0,0.125,S5c,2.4857134250951276,2.546648117114142,2.7061809546942754,0.0,29.3125,61,199,1143
20261009-065112-m7-sim-sweep2,2026-10-09T06:52:10+00:00,17,nfs,share,0.0,1.0,0,1.0,free,doc,1.0,0.25,S0,2.8572437717901096,2.9437704215088973,3.244701591157053,0.0,33.5,0,287,1273
20261009-065112-m7-sim-sweep2,2026-10-09T06:52:10+00:00,17,nfs,share,0.0,1.0,0,1.0,free,doc,1.0,0.25,S1,2.748082708484503,2.6268796253613207,3.001445432041365,0.0,33.5,0,203,1184
20261009-065112-m7-sim-sweep2,2026-10-09T06:52:10+00:00,17,nfs,share,0.0,1.0,0,1.0,free,doc,1.0,0.25,S2b,2.262029907957995,2.231207347464959,2.2948834773471276,0.0,33.5,0,100,1029
20261009-065112-m7-sim-sweep2,2026-10-09T06:52:10+00:00,17,nfs,share,0.0,1.0,0,1.0,free,doc,1.0,0.25,S4,2.742230483747761,2.622934354964897,3.001445432041365,0.0,28.25,452,208,1179
20261009-065112-m7-sim-sweep2,2026-10-09T06:52:10+00:00,17,nfs,share,0.0,1.0,0,1.0,free,doc,1.0,0.25,S4+,2.231003480547443,2.218671887656217,2.2948834773471276,0.0,25.125,402,101,1028
20261009-065112-m7-sim-sweep2,2026-10-09T06:52:10+00:00,17,nfs,share,0.0,1.0,0,1.0,free,doc,1.0,0.25,S4+P,2.682039000000003,2.525103400866689,2.9814300000000173,0.0,25.125,402,192,1153
20261009-065112-m7-sim-sweep2,2026-10-09T06:52:10+00:00,17,nfs,share,0.0,1.0,0,1.0,free,doc,1.0,0.25,S4L,2.7111107084844974,2.555248313999991,2.9814300000000173,0.0,25.125,402,198,1161
20261009-065112-m7-sim-sweep2,2026-10-09T06:52:10+00:00,17,nfs,share,0.0,1.0,0,1.0,free,doc,1.0,0.25,S4B,1.9188056774105533,2.2527811349929774,2.981429999999989,0.0,25.125,402,107,1052
20261009-065112-m7-sim-sweep2,2026-10-09T06:52:10+00:00,17,nfs,share,0.0,1.0,0,1.0,free,doc,1.0,0.25,S5,2.2296456289266473,2.193726106249208,2.2940334773471136,0.0,25.125,106,103,1024
20261009-065112-m7-sim-sweep2,2026-10-09T06:52:10+00:00,17,nfs,share,0.0,1.0,0,1.0,free,doc,1.0,0.25,S5s,2.356344483747762,2.38093300019664,2.55067079557854,0.0,25.5,0,151,1073
20261009-065112-m7-sim-sweep2,2026-10-09T06:52:10+00:00,17,nfs,share,0.0,1.0,0,1.0,free,doc,1.0,0.25,S5L,2.005548756968416,2.269265888526343,2.981429999999989,0.0,25.125,106,116,1055
20261009-065112-m7-sim-sweep2,2026-10-09T06:52:10+00:00,17,nfs,share,0.0,1.0,0,1.0,free,doc,1.0,0.25,S5P,2.0697754918738838,2.259625750968455,2.682039000000003,0.0,25.125,106,119,1055
20261009-065112-m7-sim-sweep2,2026-10-09T06:52:10+00:00,17,nfs,share,0.0,1.0,0,1.0,free,doc,1.0,0.25,S5c,2.2296456289266473,2.207768126768539,2.2940334773471136,0.0,25.5,0,105,1024
20261009-065112-m7-sim-sweep2,2026-10-09T06:52:10+00:00,17,nfs,share,0.0,1.0,0,1.0,free,doc,1.0,0.5,S0,2.8572437717901096,2.9437704215088973,3.244701591157053,0.0,33.5,0,287,1273
20261009-065112-m7-sim-sweep2,2026-10-09T06:52:10+00:00,17,nfs,share,0.0,1.0,0,1.0,free,doc,1.0,0.5,S1,2.682039000000003,2.460366881699871,3.0014454320413506,0.0,33.5,0,149,1129
20261009-065112-m7-sim-sweep2,2026-10-09T06:52:10+00:00,17,nfs,share,0.0,1.0,0,1.0,free,doc,1.0,0.5,S2b,1.847427500000009,1.8477342500000205,1.899706500000093,0.0,33.5,0,0,920
20261009-065112-m7-sim-sweep2,2026-10-09T06:52:10+00:00,17,nfs,share,0.0,1.0,0,1.0,free,doc,1.0,0.5,S4,2.681613999999996,2.4282675162596252,2.9814300000000173,0.0,20.0625,321,159,1119
20261009-065112-m7-sim-sweep2,2026-10-09T06:52:10+00:00,17,nfs,share,0.0,1.0,0,1.0,free,doc,1.0,0.5,S4+,1.847427500000009,1.8477342500000205,1.899706500000093,0.0,16.75,268,0,920
20261009-065112-m7-sim-sweep2,2026-10-09T06:52:10+00:00,17,nfs,share,0.0,1.0,0,1.0,free,doc,1.0,0.5,S4+P,1.899706500000093,2.036979273615795,2.4382271364628707,0.0,16.75,268,51,981
20261009-065112-m7-sim-sweep2,2026-10-09T06:52:10+00:00,17,nfs,share,0.0,1.0,0,1.0,free,doc,1.0,0.5,S4L,1.899706500000093,2.259970523929796,2.981429999999989,0.0,16.75,268,107,1059
20261009-065112-m7-sim-sweep2,2026-10-09T06:52:10+00:00,17,nfs,share,0.0,1.0,0,1.0,free,doc,1.0,0.5,S4B,1.847427500000009,1.8477342500000205,1.899706500000093,0.0,16.75,268,0,920
20261009-065112-m7-sim-sweep2,2026-10-09T06:52:10+00:00,17,nfs,share,0.0,1.0,0,1.0,free,doc,1.0,0.5,S5,1.8250217500000048,1.8296178125000153,1.8896440000000894,0.0,18.5,0,0,912
20261009-065112-m7-sim-sweep2,2026-10-09T06:52:10+00:00,17,nfs,share,0.0,1.0,0,1.0,free,doc,1.0,0.5,S5s,2.356344483747762,2.38093300019664,2.55067079557854,0.0,25.5,0,151,1073
20261009-065112-m7-sim-sweep2,2026-10-09T06:52:10+00:00,17,nfs,share,0.0,1.0,0,1.0,free,doc,1.0,0.5,S5L,1.8250217500000048,1.8296178125000153,1.8896440000000894,0.0,18.5,0,0,912
20261009-065112-m7-sim-sweep2,2026-10-09T06:52:10+00:00,17,nfs,share,0.0,1.0,0,1.0,free,doc,1.0,0.5,S5P,1.8250217500000048,1.8296178125000153,1.8896440000000894,0.0,18.5,0,0,912
20261009-065112-m7-sim-sweep2,2026-10-09T06:52:10+00:00,17,nfs,share,0.0,1.0,0,1.0,free,doc,1.0,0.5,S5c,1.847427500000009,1.8477342500000205,1.899706500000093,0.0,25.5,0,0,920
20261009-065112-m7-sim-sweep2,2026-10-09T06:52:10+00:00,18,local,share,0.0,1.0,0,11.6,free,chat,1.0,0.125,S0,1.5431829999999849,1.4975553333333285,1.9014390000000105,0.0,32.0,0,440,328
20261009-065112-m7-sim-sweep2,2026-10-09T06:52:10+00:00,18,local,share,0.0,1.0,0,11.6,free,chat,1.0,0.125,S1,1.432959340320103,1.3989775466461072,1.8145219999999824,0.0,32.0,0,277,265
20261009-065112-m7-sim-sweep2,2026-10-09T06:52:10+00:00,18,local,share,0.0,1.0,0,11.6,free,chat,1.0,0.125,S2b,1.5431829999999849,1.451958128017786,1.9014389999999821,0.0,32.0,0,361,298
20261009-065112-m7-sim-sweep2,2026-10-09T06:52:10+00:00,18,local,share,0.0,1.0,0,11.6,free,chat,1.0,0.125,S4,1.3227356806402213,1.3568523598217108,1.8182916234829065,0.0,29.0,464,305,237
20261009-065112-m7-sim-sweep2,2026-10-09T06:52:10+00:00,18,local,share,0.0,1.0,0,11.6,free,chat,1.0,0.125,S4+,1.5431829999999849,1.451958128017786,1.9014389999999821,0.0,28.0,448,361,298
20261009-065112-m7-sim-sweep2,2026-10-09T06:52:10+00:00,18,local,share,0.0,1.0,0,11.6,free,chat,1.0,0.125,S4+P,1.3644658006014083,1.3881874605391609,1.8145219999999824,0.0,28.0,448,264,259
20261009-065112-m7-sim-sweep2,2026-10-09T06:52:10+00:00,18,local,share,0.0,1.0,0,11.6,free,chat,1.0,0.125,S4L,1.3227356806402213,1.381376575006114,1.8145219999999824,0.0,28.0,448,256,254
20261009-065112-m7-sim-sweep2,2026-10-09T06:52:10+00:00,18,local,share,0.0,1.0,0,11.6,free,chat,1.0,0.125,S4B,1.3227356806402213,1.3738753606385739,1.8145219999999824,0.0,28.0,448,247,249
20261009-065112-m7-sim-sweep2,2026-10-09T06:52:10+00:00,18,local,share,0.0,1.0,0,11.6,free,chat,1.0,0.125,S5,1.5431829999999849,1.451958128017786,1.9014389999999821,0.0,28.0,432,361,298
20261009-065112-m7-sim-sweep2,2026-10-09T06:52:10+00:00,18,local,share,0.0,1.0,0,11.6,free,chat,1.0,0.125,S5s,1.5431829999999849,1.451958128017786,1.9014389999999821,0.0,28.0,424,361,298
20261009-065112-m7-sim-sweep2,2026-10-09T06:52:10+00:00,18,local,share,0.0,1.0,0,11.6,free,chat,1.0,0.125,S5L,1.3227356806402213,1.3782624344640695,1.8145219999999824,0.0,28.0,432,254,252
20261009-065112-m7-sim-sweep2,2026-10-09T06:52:10+00:00,18,local,share,0.0,1.0,0,11.6,free,chat,1.0,0.125,S5P,1.3644658006014083,1.3881874605391609,1.8145219999999824,0.0,28.0,432,264,259
20261009-065112-m7-sim-sweep2,2026-10-09T06:52:10+00:00,18,local,share,0.0,1.0,0,11.6,free,chat,1.0,0.125,S5c,1.5431829999999849,1.451958128017786,1.9014389999999821,0.0,28.0,424,361,298
20261009-065112-m7-sim-sweep2,2026-10-09T06:52:10+00:00,18,local,share,0.0,1.0,0,11.6,free,chat,1.0,0.25,S0,1.5431829999999849,1.4975553333333285,1.9014390000000105,0.0,32.0,0,440,328
20261009-065112-m7-sim-sweep2,2026-10-09T06:52:10+00:00,18,local,share,0.0,1.0,0,11.6,free,chat,1.0,0.25,S1,1.3227356806401787,1.3363068864449528,1.8145219999999824,0.0,32.0,0,194,225
20261009-065112-m7-sim-sweep2,2026-10-09T06:52:10+00:00,18,local,share,0.0,1.0,0,11.6,free,chat,1.0,0.25,S2b,1.4417124999999942,1.387076269770919,1.8575619999999873,0.0,32.0,0,256,256
20261009-065112-m7-sim-sweep2,2026-10-09T06:52:10+00:00,18,local,share,0.0,1.0,0,11.6,free,chat,1.0,0.25,S4,1.2639076419757984,1.2970935549484561,1.5748049999999978,0.0,24.0,384,220,199
20261009-065112-m7-sim-sweep2,2026-10-09T06:52:10+00:00,18,local,share,0.0,1.0,0,11.6,free,chat,1.0,0.25,S4+,1.4417124999999942,1.387076269770919,1.8575619999999873,0.0,24.0,384,256,256
20261009-065112-m7-sim-sweep2,2026-10-09T06:52:10+00:00,18,local,share,0.0,1.0,0,11.6,free,chat,1.0,0.25,S4+P,1.3227356806401787,1.3230936824662305,1.612546000000009,0.0,24.0,384,172,217
20261009-065112-m7-sim-sweep2,2026-10-09T06:52:10+00:00,18,local,share,0.0,1.0,0,11.6,free,chat,1.0,0.25,S4L,1.3227356806401787,1.3242696781116194,1.612546000000009,0.0,24.0,384,169,218
20261009-065112-m7-sim-sweep2,2026-10-09T06:52:10+00:00,18,local,share,0.0,1.0,0,11.6,free,chat,1.0,0.25,S4B,1.3227356806401787,1.3196602614449529,1.612546000000009,0.0,24.0,384,164,215
20261009-065112-m7-sim-sweep2,2026-10-09T06:52:10+00:00,18,local,share,0.0,1.0,0,11.6,free,chat,1.0,0.25,S5,1.4417124999999942,1.3870401257335618,1.8575619999999873,0.0,24.0,368,256,256
20261009-065112-m7-sim-sweep2,2026-10-09T06:52:10+00:00,18,local,share,0.0,1.0,0,11.6,free,chat,1.0,0.25,S5s,1.4417124999999942,1.3870039816962059,1.8575619999999873,0.0,24.0,360,256,256
20261009-065112-m7-sim-sweep2,2026-10-09T06:52:10+00:00,18,local,share,0.0,1.0,0,11.6,free,chat,1.0,0.25,S5L,1.3227356806401787,1.3213003491328976,1.612546000000009,0.0,24.0,368,167,216
20261009-065112-m7-sim-sweep2,2026-10-09T06:52:10+00:00,18,local,share,0.0,1.0,0,11.6,free,chat,1.0,0.25,S5P,1.3227356806401787,1.322952511444953,1.612546000000009,0.0,24.0,368,170,217
20261009-065112-m7-sim-sweep2,2026-10-09T06:52:10+00:00,18,local,share,0.0,1.0,0,11.6,free,chat,1.0,0.25,S5c,1.4417124999999942,1.387076269770919,1.8575619999999873,0.0,24.0,360,256,256
20261009-065112-m7-sim-sweep2,2026-10-09T06:52:10+00:00,18,local,share,0.0,1.0,0,11.6,free,chat,1.0,0.5,S0,1.5431829999999849,1.4975553333333285,1.9014390000000105,0.0,32.0,0,440,328
20261009-065112-m7-sim-sweep2,2026-10-09T06:52:10+00:00,18,local,share,0.0,1.0,0,11.6,free,chat,1.0,0.5,S1,1.1748200775861193,1.26669123955046,1.612546000000009,0.0,32.0,0,103,180
20261009-065112-m7-sim-sweep2,2026-10-09T06:52:10+00:00,18,local,share,0.0,1.0,0,11.6,free,chat,1.0,0.5,S2b,1.1869248866712567,1.2671811703504356,1.6125459999999947,0.0,32.0,0,96,180
20261009-065112-m7-sim-sweep2,2026-10-09T06:52:10+00:00,18,local,share,0.0,1.0,0,11.6,free,chat,1.0,0.5,S4,1.1748200775861193,1.2341177267419934,1.5431829999999849,0.0,17.0,272,124,159
20261009-065112-m7-sim-sweep2,2026-10-09T06:52:10+00:00,18,local,share,0.0,1.0,0,11.6,free,chat,1.0,0.5,S4+,1.1869248866712567,1.2671811703504356,1.6125459999999947,0.0,16.0,256,96,180
20261009-065112-m7-sim-sweep2,2026-10-09T06:52:10+00:00,18,local,share,0.0,1.0,0,11.6,free,chat,1.0,0.5,S4+P,1.1748200775861193,1.2485521736077476,1.612546000000009,0.0,16.0,256,72,169
20261009-065112-m7-sim-sweep2,2026-10-09T06:52:10+00:00,18,local,share,0.0,1.0,0,11.6,free,chat,1.0,0.5,S4L,1.1748200775861193,1.2630696978837932,1.612546000000009,0.0,16.0,256,89,178
20261009-065112-m7-sim-sweep2,2026-10-09T06:52:10+00:00,18,local,share,0.0,1.0,0,11.6,free,chat,1.0,0.5,S4B,1.1748200775861193,1.2346930069410813,1.522460417374873,0.0,16.0,256,56,160
20261009-065112-m7-sim-sweep2,2026-10-09T06:52:10+00:00,18,local,share,0.0,1.0,0,11.6,free,chat,1.0,0.5,S5,1.1869248866712567,1.2671088822757224,1.6125459999999947,0.0,16.0,240,96,180
20261009-065112-m7-sim-sweep2,2026-10-09T06:52:10+00:00,18,local,share,0.0,1.0,0,11.6,free,chat,1.0,0.5,S5s,1.1869248866712567,1.2670727382383664,1.6125459999999947,0.0,16.0,232,96,180
20261009-065112-m7-sim-sweep2,2026-10-09T06:52:10+00:00,18,local,share,0.0,1.0,0,11.6,free,chat,1.0,0.5,S5L,1.1748200775861193,1.2587842983813704,1.612546000000009,0.0,16.0,240,84,175
20261009-065112-m7-sim-sweep2,2026-10-09T06:52:10+00:00,18,local,share,0.0,1.0,0,11.6,free,chat,1.0,0.5,S5P,1.1748200775861193,1.2433049812725325,1.612546000000009,0.0,16.0,240,66,166
20261009-065112-m7-sim-sweep2,2026-10-09T06:52:10+00:00,18,local,share,0.0,1.0,0,11.6,free,chat,1.0,0.5,S5c,1.1869248866712567,1.2671811703504356,1.6125459999999947,0.0,16.0,232,96,180
20261009-065112-m7-sim-sweep2,2026-10-09T06:52:10+00:00,19,local,share,0.0,1.0,0,3.69,free,chat,1.0,0.125,S0,1.5431829999999849,1.4975553333333285,1.9014390000000105,0.0,32.0,0,440,328
20261009-065112-m7-sim-sweep2,2026-10-09T06:52:10+00:00,19,local,share,0.0,1.0,0,3.69,free,chat,1.0,0.125,S1,1.494411206810618,1.461405213288008,1.8575620000000157,0.0,32.0,0,255,303
20261009-065112-m7-sim-sweep2,2026-10-09T06:52:10+00:00,19,local,share,0.0,1.0,0,3.69,free,chat,1.0,0.125,S2b,1.5431829999999849,1.480161259186211,1.9014390000000105,0.0,32.0,0,350,315
20261009-065112-m7-sim-sweep2,2026-10-09T06:52:10+00:00,19,local,share,0.0,1.0,0,3.69,free,chat,1.0,0.125,S4,1.445639413621251,1.4368361193833887,1.9014389999999821,0.0,29.0,464,272,286
20261009-065112-m7-sim-sweep2,2026-10-09T06:52:10+00:00,19,local,share,0.0,1.0,0,3.69,free,chat,1.0,0.125,S4+,1.5431829999999849,1.480161259186211,1.9014390000000105,0.0,28.0,448,350,315
20261009-065112-m7-sim-sweep2,2026-10-09T06:52:10+00:00,19,local,share,0.0,1.0,0,3.69,free,chat,1.0,0.125,S4+P,1.463366348963703,1.457983324065636,1.8575619999999873,0.0,28.0,448,235,301
20261009-065112-m7-sim-sweep2,2026-10-09T06:52:10+00:00,19,local,share,0.0,1.0,0,3.69,free,chat,1.0,0.125,S4L,1.445639413621251,1.4560853941401046,1.8575619999999873,0.0,28.0,448,227,299
20261009-065112-m7-sim-sweep2,2026-10-09T06:52:10+00:00,19,local,share,0.0,1.0,0,3.69,free,chat,1.0,0.125,S4B,1.445639413621251,1.4476878467236485,1.8575619999999873,0.0,28.0,448,188,294
20261009-065112-m7-sim-sweep2,2026-10-09T06:52:10+00:00,19,local,share,0.0,1.0,0,3.69,free,chat,1.0,0.125,S5,1.5431829999999849,1.4800476356541428,1.9014390000000105,0.0,28.0,400,350,315
20261009-065112-m7-sim-sweep2,2026-10-09T06:52:10+00:00,19,local,share,0.0,1.0,0,3.69,free,chat,1.0,0.125,S5s,1.5431829999999849,1.480161259186211,1.9014390000000105,0.0,28.0,424,350,315
20261009-065112-m7-sim-sweep2,2026-10-09T06:52:10+00:00,19,local,share,0.0,1.0,0,3.69,free,chat,1.0,0.125,S5L,1.445639413621251,1.4516882965084175,1.8575619999999873,0.0,28.0,400,205,297
20261009-065112-m7-sim-sweep2,2026-10-09T06:52:10+00:00,19,local,share,0.0,1.0,0,3.69,free,chat,1.0,0.125,S5P,1.463366348963703,1.4553074764339502,1.8575619999999873,0.0,28.0,400,224,300
20261009-065112-m7-sim-sweep2,2026-10-09T06:52:10+00:00,19,local,share,0.0,1.0,0,3.69,free,chat,1.0,0.125,S5c,1.5431829999999849,1.480161259186211,1.9014390000000105,0.0,28.0,424,350,315
20261009-065112-m7-sim-sweep2,2026-10-09T06:52:10+00:00,19,local,share,0.0,1.0,0,3.69,free,chat,1.0,0.25,S0,1.5431829999999849,1.4975553333333285,1.9014390000000105,0.0,32.0,0,440,328
20261009-065112-m7-sim-sweep2,2026-10-09T06:52:10+00:00,19,local,share,0.0,1.0,0,3.69,free,chat,1.0,0.25,S1,1.4456394136211799,1.4445446380847418,1.8575619999999873,0.0,32.0,0,168,292
20261009-065112-m7-sim-sweep2,2026-10-09T06:52:10+00:00,19,local,share,0.0,1.0,0,3.69,free,chat,1.0,0.25,S2b,1.496449599682272,1.458412950863611,1.9014389999999963,0.0,32.0,0,229,301
20261009-065112-m7-sim-sweep2,2026-10-09T06:52:10+00:00,19,local,share,0.0,1.0,0,3.69,free,chat,1.0,0.25,S4,1.4219399999999922,1.4236437631383236,1.8274299268292964,0.0,24.0,384,181,279
20261009-065112-m7-sim-sweep2,2026-10-09T06:52:10+00:00,19,local,share,0.0,1.0,0,3.69,free,chat,1.0,0.25,S4+,1.496449599682272,1.458412950863611,1.9014389999999963,0.0,24.0,384,229,301
20261009-065112-m7-sim-sweep2,2026-10-09T06:52:10+00:00,19,local,share,0.0,1.0,0,3.69,free,chat,1.0,0.25,S4+P,1.4456394136211799,1.4415205579451325,1.8274299268292964,0.0,24.0,384,144,290
20261009-065112-m7-sim-sweep2,2026-10-09T06:52:10+00:00,19,local,share,0.0,1.0,0,3.69,free,chat,1.0,0.25,S4L,1.4456394136211799,1.4414609267026215,1.8274299268292964,0.0,24.0,384,138,290
20261009-065112-m7-sim-sweep2,2026-10-09T06:52:10+00:00,19,local,share,0.0,1.0,0,3.69,free,chat,1.0,0.25,S4B,1.4337897068106216,1.435637896257024,1.8274299268292964,0.0,24.0,384,118,286
20261009-065112-m7-sim-sweep2,2026-10-09T06:52:10+00:00,19,local,share,0.0,1.0,0,3.69,free,chat,1.0,0.25,S5,1.496449599682272,1.458072080267404,1.9014389999999821,0.0,24.0,336,229,301
20261009-065112-m7-sim-sweep2,2026-10-09T06:52:10+00:00,19,local,share,0.0,1.0,0,3.69,free,chat,1.0,0.25,S5s,1.496449599682272,1.458412950863611,1.9014389999999963,0.0,24.0,360,229,301
20261009-065112-m7-sim-sweep2,2026-10-09T06:52:10+00:00,19,local,share,0.0,1.0,0,3.69,free,chat,1.0,0.25,S5L,1.4456394136211799,1.4396589311064159,1.8274299268292964,0.0,24.0,336,135,289
20261009-065112-m7-sim-sweep2,2026-10-09T06:52:10+00:00,19,local,share,0.0,1.0,0,3.69,free,chat,1.0,0.25,S5P,1.4456394136211799,1.4396589311064159,1.8274299268292964,0.0,24.0,336,138,289
20261009-065112-m7-sim-sweep2,2026-10-09T06:52:10+00:00,19,local,share,0.0,1.0,0,3.69,free,chat,1.0,0.25,S5c,1.496449599682272,1.458412950863611,1.9014389999999963,0.0,24.0,360,229,301
20261009-065112-m7-sim-sweep2,2026-10-09T06:52:10+00:00,19,local,share,0.0,1.0,0,3.69,free,chat,1.0,0.5,S0,1.5431829999999849,1.4975553333333285,1.9014390000000105,0.0,32.0,0,440,328
20261009-065112-m7-sim-sweep2,2026-10-09T06:52:10+00:00,19,local,share,0.0,1.0,0,3.69,free,chat,1.0,0.5,S1,1.4219399999999922,1.4293306015415783,1.8274299268292964,0.0,32.0,0,86,282
20261009-065112-m7-sim-sweep2,2026-10-09T06:52:10+00:00,19,local,share,0.0,1.0,0,3.69,free,chat,1.0,0.5,S2b,1.4219399999999922,1.4279397319547549,1.8274299268291117,0.0,32.0,0,68,283
20261009-065112-m7-sim-sweep2,2026-10-09T06:52:10+00:00,19,local,share,0.0,1.0,0,3.69,free,chat,1.0,0.5,S4,1.4219399999999922,1.4071870426406932,1.8274299268292964,0.0,17.0,272,100,268
20261009-065112-m7-sim-sweep2,2026-10-09T06:52:10+00:00,19,local,share,0.0,1.0,0,3.69,free,chat,1.0,0.5,S4+,1.4219399999999922,1.4279397319547549,1.8274299268291117,0.0,16.0,256,68,283
20261009-065112-m7-sim-sweep2,2026-10-09T06:52:10+00:00,19,local,share,0.0,1.0,0,3.69,free,chat,1.0,0.5,S4+P,1.4219399999999922,1.4220045146742812,1.8274299268291117,0.0,16.0,256,47,277
20261009-065112-m7-sim-sweep2,2026-10-09T06:52:10+00:00,19,local,share,0.0,1.0,0,3.69,free,chat,1.0,0.5,S4L,1.4219399999999922,1.4275023932082445,1.8274299268292964,0.0,16.0,256,71,281
20261009-065112-m7-sim-sweep2,2026-10-09T06:52:10+00:00,19,local,share,0.0,1.0,0,3.69,free,chat,1.0,0.5,S4B,1.4219399999999922,1.4199395954440053,1.8274299268291117,0.0,16.0,256,24,276
20261009-065112-m7-sim-sweep2,2026-10-09T06:52:10+00:00,19,local,share,0.0,1.0,0,3.69,free,chat,1.0,0.5,S5,1.4219399999999922,1.4266139755184366,1.8274299268291117,0.0,16.0,208,68,282
20261009-065112-m7-sim-sweep2,2026-10-09T06:52:10+00:00,19,local,share,0.0,1.0,0,3.69,free,chat,1.0,0.5,S5s,1.4219399999999922,1.4279397319547549,1.8274299268291117,0.0,16.0,232,68,283
20261009-065112-m7-sim-sweep2,2026-10-09T06:52:10+00:00,19,local,share,0.0,1.0,0,3.69,free,chat,1.0,0.5,S5L,1.4219399999999922,1.4199938934971026,1.8274299268292964,0.0,16.0,208,41,276
20261009-065112-m7-sim-sweep2,2026-10-09T06:52:10+00:00,19,local,share,0.0,1.0,0,3.69,free,chat,1.0,0.5,S5P,1.4219399999999922,1.4180760087231394,1.8274299268291117,0.0,16.0,208,31,275
20261009-065112-m7-sim-sweep2,2026-10-09T06:52:10+00:00,19,local,share,0.0,1.0,0,3.69,free,chat,1.0,0.5,S5c,1.4219399999999922,1.4279397319547549,1.8274299268291117,0.0,16.0,232,68,283
20261009-065112-m7-sim-sweep2,2026-10-09T06:52:10+00:00,20,local,share,0.0,1.0,0,1.0,free,chat,1.0,0.125,S0,1.5431829999999849,1.4975553333333285,1.9014390000000105,0.0,32.0,0,440,328
20261009-065112-m7-sim-sweep2,2026-10-09T06:52:10+00:00,20,local,share,0.0,1.0,0,1.0,free,chat,1.0,0.125,S1,1.6797197500000323,1.6754711666666704,2.4422529999999796,0.0,32.0,0,207,418
20261009-065112-m7-sim-sweep2,2026-10-09T06:52:10+00:00,20,local,share,0.0,1.0,0,1.0,free,chat,1.0,0.125,S2b,1.5431830000000275,1.586178791666666,1.9462789999999615,0.0,32.0,0,313,374
20261009-065112-m7-sim-sweep2,2026-10-09T06:52:10+00:00,20,local,share,0.0,1.0,0,1.0,free,chat,1.0,0.125,S4,1.6797197500000323,1.6600095727620523,2.442253000000022,0.0,29.0,464,219,406
20261009-065112-m7-sim-sweep2,2026-10-09T06:52:10+00:00,20,local,share,0.0,1.0,0,1.0,free,chat,1.0,0.125,S4+,1.5431830000000275,1.586178791666666,1.9462789999999615,0.0,28.0,448,313,374
20261009-065112-m7-sim-sweep2,2026-10-09T06:52:10+00:00,20,local,share,0.0,1.0,0,1.0,free,chat,1.0,0.125,S4+P,1.7895372500000235,1.6894690000000072,2.5131220000000383,0.0,28.0,448,186,424
20261009-065112-m7-sim-sweep2,2026-10-09T06:52:10+00:00,20,local,share,0.0,1.0,0,1.0,free,chat,1.0,0.125,S4L,1.816256500000037,1.6898021041666713,2.4422529999999796,0.0,28.0,448,187,425
20261009-065112-m7-sim-sweep2,2026-10-09T06:52:10+00:00,20,local,share,0.0,1.0,0,1.0,free,chat,1.0,0.125,S4B,1.816256500000037,1.735885791666678,2.5131220000000383,0.0,28.0,448,124,449
20261009-065112-m7-sim-sweep2,2026-10-09T06:52:10+00:00,20,local,share,0.0,1.0,0,1.0,free,chat,1.0,0.125,S5,1.5431830000000275,1.5877161642851156,1.9462789999999615,0.0,28.0,328,311,374
20261009-065112-m7-sim-sweep2,2026-10-09T06:52:10+00:00,20,local,share,0.0,1.0,0,1.0,free,chat,1.0,0.125,S5s,1.5431830000000275,1.5857595208333326,1.9462789999999615,0.0,28.0,424,313,374
20261009-065112-m7-sim-sweep2,2026-10-09T06:52:10+00:00,20,local,share,0.0,1.0,0,1.0,free,chat,1.0,0.125,S5L,1.816256500000037,1.708589633618421,2.5131220000000383,0.0,28.0,328,157,435
20261009-065112-m7-sim-sweep2,2026-10-09T06:52:10+00:00,20,local,share,0.0,1.0,0,1.0,free,chat,1.0,0.125,S5P,1.816256500000037,1.6998852794517514,2.5131220000000383,0.0,28.0,328,165,430
20261009-065112-m7-sim-sweep2,2026-10-09T06:52:10+00:00,20,local,share,0.0,1.0,0,1.0,free,chat,1.0,0.125,S5c,1.5431830000000275,1.586178791666666,1.9462789999999615,0.0,28.0,424,313,374
20261009-065112-m7-sim-sweep2,2026-10-09T06:52:10+00:00,20,local,share,0.0,1.0,0,1.0,free,chat,1.0,0.25,S0,1.5431829999999849,1.4975553333333285,1.9014390000000105,0.0,32.0,0,440,328
20261009-065112-m7-sim-sweep2,2026-10-09T06:52:10+00:00,20,local,share,0.0,1.0,0,1.0,free,chat,1.0,0.25,S1,1.816256500000037,1.7312763750000109,2.5131220000000383,0.0,32.0,0,132,446
20261009-065112-m7-sim-sweep2,2026-10-09T06:52:10+00:00,20,local,share,0.0,1.0,0,1.0,free,chat,1.0,0.25,S2b,1.672742499999977,1.6858388115007112,2.442253000000022,0.0,32.0,0,174,425
20261009-065112-m7-sim-sweep2,2026-10-09T06:52:10+00:00,20,local,share,0.0,1.0,0,1.0,free,chat,1.0,0.25,S4,1.816256500000037,1.726107367855357,2.5131220000000383,0.0,24.0,384,137,441
20261009-065112-m7-sim-sweep2,2026-10-09T06:52:10+00:00,20,local,share,0.0,1.0,0,1.0,free,chat,1.0,0.25,S4+,1.672742499999977,1.6858388115007112,2.442253000000022,0.0,24.0,384,174,425
20261009-065112-m7-sim-sweep2,2026-10-09T06:52:10+00:00,20,local,share,0.0,1.0,0,1.0,free,chat,1.0,0.25,S4+P,1.816256500000037,1.7439313750000143,2.5131220000000383,0.0,24.0,384,114,452
20261009-065112-m7-sim-sweep2,2026-10-09T06:52:10+00:00,20,local,share,0.0,1.0,0,1.0,free,chat,1.0,0.25,S4L,1.816256500000037,1.7567631666666823,2.5131220000000383,0.0,24.0,384,102,458
20261009-065112-m7-sim-sweep2,2026-10-09T06:52:10+00:00,20,local,share,0.0,1.0,0,1.0,free,chat,1.0,0.25,S4B,1.816256500000037,1.8171777916666894,2.5131220000000383,0.0,24.0,384,19,489
20261009-065112-m7-sim-sweep2,2026-10-09T06:52:10+00:00,20,local,share,0.0,1.0,0,1.0,free,chat,1.0,0.25,S5,1.672742499999977,1.685147394834041,2.442253000000022,0.0,24.0,264,174,425
20261009-065112-m7-sim-sweep2,2026-10-09T06:52:10+00:00,20,local,share,0.0,1.0,0,1.0,free,chat,1.0,0.25,S5s,1.672742499999977,1.6858388115007112,2.442253000000022,0.0,24.0,360,174,425
20261009-065112-m7-sim-sweep2,2026-10-09T06:52:10+00:00,20,local,share,0.0,1.0,0,1.0,free,chat,1.0,0.25,S5L,1.816256500000037,1.7639608419517583,2.5131220000000383,0.0,24.0,264,87,463
20261009-065112-m7-sim-sweep2,2026-10-09T06:52:10+00:00,20,local,share,0.0,1.0,0,1.0,free,chat,1.0,0.25,S5P,1.816256500000037,1.7639608419517583,2.5131220000000383,0.0,24.0,264,87,463
20261009-065112-m7-sim-sweep2,2026-10-09T06:52:10+00:00,20,local,share,0.0,1.0,0,1.0,free,chat,1.0,0.25,S5c,1.672742499999977,1.6858388115007112,2.442253000000022,0.0,24.0,360,174,425
20261009-065112-m7-sim-sweep2,2026-10-09T06:52:10+00:00,20,local,share,0.0,1.0,0,1.0,free,chat,1.0,0.5,S0,1.5431829999999849,1.4975553333333285,1.9014390000000105,0.0,32.0,0,440,328
20261009-065112-m7-sim-sweep2,2026-10-09T06:52:10+00:00,20,local,share,0.0,1.0,0,1.0,free,chat,1.0,0.5,S1,1.816256500000037,1.7803129375000175,2.5131220000000383,0.0,32.0,0,66,471
20261009-065112-m7-sim-sweep2,2026-10-09T06:52:10+00:00,20,local,share,0.0,1.0,0,1.0,free,chat,1.0,0.5,S2b,1.816256500000037,1.804509500000022,2.5131220000000383,0.0,32.0,0,34,482
20261009-065112-m7-sim-sweep2,2026-10-09T06:52:10+00:00,20,local,share,0.0,1.0,0,1.0,free,chat,1.0,0.5,S4,1.816256500000037,1.7593289375000165,2.5131220000000383,0.0,17.0,272,80,457
20261009-065112-m7-sim-sweep2,2026-10-09T06:52:10+00:00,20,local,share,0.0,1.0,0,1.0,free,chat,1.0,0.5,S4+,1.816256500000037,1.804509500000022,2.5131220000000383,0.0,16.0,256,34,482
20261009-065112-m7-sim-sweep2,2026-10-09T06:52:10+00:00,20,local,share,0.0,1.0,0,1.0,free,chat,1.0,0.5,S4+P,1.816256500000037,1.8159991875000212,2.5131220000000383,0.0,16.0,256,20,488
20261009-065112-m7-sim-sweep2,2026-10-09T06:52:10+00:00,20,local,share,0.0,1.0,0,1.0,free,chat,1.0,0.5,S4L,1.816256500000037,1.8028468541666847,2.5131220000000383,0.0,16.0,256,39,482
20261009-065112-m7-sim-sweep2,2026-10-09T06:52:10+00:00,20,local,share,0.0,1.0,0,1.0,free,chat,1.0,0.5,S4B,1.816256500000037,1.8293495000000253,2.5131220000000383,0.0,16.0,256,0,496
20261009-065112-m7-sim-sweep2,2026-10-09T06:52:10+00:00,20,local,share,0.0,1.0,0,1.0,free,chat,1.0,0.5,S5,1.816256500000037,1.8035317291666833,2.5131220000000383,0.0,16.0,136,34,482
20261009-065112-m7-sim-sweep2,2026-10-09T06:52:10+00:00,20,local,share,0.0,1.0,0,1.0,free,chat,1.0,0.5,S5s,1.816256500000037,1.804509500000022,2.5131220000000383,0.0,16.0,232,34,482
20261009-065112-m7-sim-sweep2,2026-10-09T06:52:10+00:00,20,local,share,0.0,1.0,0,1.0,free,chat,1.0,0.5,S5L,1.816256500000037,1.8191528958333514,2.5131220000000383,0.0,16.0,136,16,490
20261009-065112-m7-sim-sweep2,2026-10-09T06:52:10+00:00,20,local,share,0.0,1.0,0,1.0,free,chat,1.0,0.5,S5P,1.816256500000037,1.8191528958333514,2.5131220000000383,0.0,16.0,136,16,490
20261009-065112-m7-sim-sweep2,2026-10-09T06:52:10+00:00,20,local,share,0.0,1.0,0,1.0,free,chat,1.0,0.5,S5c,1.816256500000037,1.804509500000022,2.5131220000000383,0.0,16.0,232,34,482
20261009-065112-m7-sim-sweep2,2026-10-09T06:52:10+00:00,21,nfs,share,0.0,1.0,0,11.6,free,chat,0.25,0.125,S0,0.5806495000000353,0.6794199924490508,0.9434490682314163,0.0,32.0,0,32,736
20261009-065112-m7-sim-sweep2,2026-10-09T06:52:10+00:00,21,nfs,share,0.0,1.0,0,11.6,free,chat,0.25,0.125,S1,0.5806495000000353,0.5836575969023627,0.7251142453225867,0.0,32.0,0,21,547
20261009-065112-m7-sim-sweep2,2026-10-09T06:52:10+00:00,21,nfs,share,0.0,1.0,0,11.6,free,chat,0.25,0.125,S2b,0.5806495000000353,0.6380094044767564,0.9434490682314163,0.0,32.0,0,27,640
20261009-065112-m7-sim-sweep2,2026-10-09T06:52:10+00:00,21,nfs,share,0.0,1.0,0,11.6,free,chat,0.25,0.125,S4,0.5806495000000353,0.5836575969023627,0.7251142453225867,0.0,29.0,464,21,547
20261009-065112-m7-sim-sweep2,2026-10-09T06:52:10+00:00,21,nfs,share,0.0,1.0,0,11.6,free,chat,0.25,0.125,S4+,0.5806495000000353,0.6380094044767564,0.9434490682314163,0.0,28.0,448,27,640
20261009-065112-m7-sim-sweep2,2026-10-09T06:52:10+00:00,21,nfs,share,0.0,1.0,0,11.6,free,chat,0.25,0.125,S4+P,0.5806495000000353,0.6013736839613598,0.7789935556673555,0.0,28.0,448,22,523
20261009-065112-m7-sim-sweep2,2026-10-09T06:52:10+00:00,21,nfs,share,0.0,1.0,0,11.6,free,chat,0.25,0.125,S4L,0.5474054545578682,0.5773503364856959,0.7251142453225867,0.0,28.0,448,20,519
20261009-065112-m7-sim-sweep2,2026-10-09T06:52:10+00:00,21,nfs,share,0.0,1.0,0,11.6,free,chat,0.25,0.125,S4B,0.514161409115701,0.547744116329501,0.7251142453225867,0.0,28.0,448,17,481
20261009-065112-m7-sim-sweep2,2026-10-09T06:52:10+00:00,21,nfs,share,0.0,1.0,0,11.6,free,chat,0.25,0.125,S5,0.5806495000000353,0.6379371164020432,0.9434490682314163,0.0,28.0,400,27,640
20261009-065112-m7-sim-sweep2,2026-10-09T06:52:10+00:00,21,nfs,share,0.0,1.0,0,11.6,free,chat,0.25,0.125,S5s,0.5761575685984681,0.6818399323410554,0.9550923871969275,0.0,28.5,0,32,712
20261009-065112-m7-sim-sweep2,2026-10-09T06:52:10+00:00,21,nfs,share,0.0,1.0,0,11.6,free,chat,0.25,0.125,S5L,0.5391829608398382,0.5693586550920138,0.757441831529448,0.0,28.0,400,19,497
20261009-065112-m7-sim-sweep2,2026-10-09T06:52:10+00:00,21,nfs,share,0.0,1.0,0,11.6,free,chat,0.25,0.125,S5P,0.5724270062820054,0.5909009057798134,0.7789935556673555,0.0,28.0,400,21,513
20261009-065112-m7-sim-sweep2,2026-10-09T06:52:10+00:00,21,nfs,share,0.0,1.0,0,11.6,free,chat,0.25,0.125,S5c,0.5806495000000353,0.6380094044767564,0.9434490682314163,0.0,30.0,24,27,640
20261009-065112-m7-sim-sweep2,2026-10-09T06:52:10+00:00,21,nfs,share,0.0,1.0,0,11.6,free,chat,0.25,0.25,S0,0.5806495000000353,0.6794199924490508,0.9434490682314163,0.0,32.0,0,32,736
20261009-065112-m7-sim-sweep2,2026-10-09T06:52:10+00:00,21,nfs,share,0.0,1.0,0,11.6,free,chat,0.25,0.25,S1,0.514161409115701,0.526161212624455,0.7251142453225867,0.0,32.0,0,15,464
20261009-065112-m7-sim-sweep2,2026-10-09T06:52:10+00:00,21,nfs,share,0.0,1.0,0,11.6,free,chat,0.25,0.25,S2b,0.5661716183509711,0.5653082657547888,0.7412780384260174,0.0,32.0,0,19,519
20261009-065112-m7-sim-sweep2,2026-10-09T06:52:10+00:00,21,nfs,share,0.0,1.0,0,11.6,free,chat,0.25,0.25,S4,0.514161409115701,0.526161212624455,0.7251142453225867,0.0,24.0,384,15,464
20261009-065112-m7-sim-sweep2,2026-10-09T06:52:10+00:00,21,nfs,share,0.0,1.0,0,11.6,free,chat,0.25,0.25,S4+,0.5661716183509711,0.5653082657547888,0.7412780384260174,0.0,24.0,384,19,519
20261009-065112-m7-sim-sweep2,2026-10-09T06:52:10+00:00,21,nfs,share,0.0,1.0,0,11.6,free,chat,0.25,0.25,S4+P,0.5003655795578652,0.5188282702906127,0.6678197453225891,0.0,24.0,384,14,442
20261009-065112-m7-sim-sweep2,2026-10-09T06:52:10+00:00,21,nfs,share,0.0,1.0,0,11.6,free,chat,0.25,0.25,S4L,0.5003655795578652,0.507124574364814,0.6678197453225891,0.0,24.0,384,13,437
20261009-065112-m7-sim-sweep2,2026-10-09T06:52:10+00:00,21,nfs,share,0.0,1.0,0,11.6,free,chat,0.25,0.25,S4B,0.48656975000002944,0.4754933710908003,0.6678197453225891,0.0,24.0,384,10,407
20261009-065112-m7-sim-sweep2,2026-10-09T06:52:10+00:00,21,nfs,share,0.0,1.0,0,11.6,free,chat,0.25,0.25,S5,0.5661716183509711,0.5651636896053626,0.7412780384260174,0.0,24.0,336,19,519
20261009-065112-m7-sim-sweep2,2026-10-09T06:52:10+00:00,21,nfs,share,0.0,1.0,0,11.6,free,chat,0.25,0.25,S5s,0.5761575685984681,0.6818399323410554,0.9550923871969275,0.0,28.5,0,32,712
20261009-065112-m7-sim-sweep2,2026-10-09T06:52:10+00:00,21,nfs,share,0.0,1.0,0,11.6,free,chat,0.25,0.25,S5L,0.5003655795578652,0.5080587069079167,0.6678197453225891,0.0,24.0,336,13,433
20261009-065112-m7-sim-sweep2,2026-10-09T06:52:10+00:00,21,nfs,share,0.0,1.0,0,11.6,free,chat,0.25,0.25,S5P,0.5003655795578652,0.507385215528607,0.6678197453225891,0.0,24.0,336,13,436
20261009-065112-m7-sim-sweep2,2026-10-09T06:52:10+00:00,21,nfs,share,0.0,1.0,0,11.6,free,chat,0.25,0.25,S5c,0.5661716183509711,0.5653082657547888,0.7412780384260174,0.0,30.0,24,19,519
20261009-065112-m7-sim-sweep2,2026-10-09T06:52:10+00:00,21,nfs,share,0.0,1.0,0,11.6,free,chat,0.25,0.5,S0,0.5806495000000353,0.6794199924490508,0.9434490682314163,0.0,32.0,0,32,736
20261009-065112-m7-sim-sweep2,2026-10-09T06:52:10+00:00,21,nfs,share,0.0,1.0,0,11.6,free,chat,0.25,0.5,S1,0.48656975000002944,0.45421939446909104,0.6678197453225891,0.0,32.0,0,8,389
20261009-065112-m7-sim-sweep2,2026-10-09T06:52:10+00:00,21,nfs,share,0.0,1.0,0,11.6,free,chat,0.25,0.5,S2b,0.48656975000002944,0.458901685581667,0.620379012563987,0.0,32.0,0,8,368
20261009-065112-m7-sim-sweep2,2026-10-09T06:52:10+00:00,21,nfs,share,0.0,1.0,0,11.6,free,chat,0.25,0.5,S4,0.48656975000002944,0.45421939446909104,0.6678197453225891,0.0,17.0,272,8,389
20261009-065112-m7-sim-sweep2,2026-10-09T06:52:10+00:00,21,nfs,share,0.0,1.0,0,11.6,free,chat,0.25,0.5,S4+,0.48656975000002944,0.458901685581667,0.620379012563987,0.0,16.0,256,8,368
20261009-065112-m7-sim-sweep2,2026-10-09T06:52:10+00:00,21,nfs,share,0.0,1.0,0,11.6,free,chat,0.25,0.5,S4+P,0.48656975000002944,0.45130359310414175,0.6678197453225891,0.0,16.0,256,7,346
20261009-065112-m7-sim-sweep2,2026-10-09T06:52:10+00:00,21,nfs,share,0.0,1.0,0,11.6,free,chat,0.25,0.5,S4L,0.48656975000002944,0.4451221101812231,0.6678197453225891,0.0,16.0,256,7,374
20261009-065112-m7-sim-sweep2,2026-10-09T06:52:10+00:00,21,nfs,share,0.0,1.0,0,11.6,free,chat,0.25,0.5,S4B,0.4273673146551715,0.41638987637560493,0.514161409115701,0.0,16.0,256,4,332
20261009-065112-m7-sim-sweep2,2026-10-09T06:52:10+00:00,21,nfs,share,0.0,1.0,0,11.6,free,chat,0.25,0.5,S5,0.48656975000002944,0.45867685224833465,0.620379012563987,0.0,16.0,208,8,368
20261009-065112-m7-sim-sweep2,2026-10-09T06:52:10+00:00,21,nfs,share,0.0,1.0,0,11.6,free,chat,0.25,0.5,S5s,0.5761575685984681,0.6818399323410554,0.9550923871969275,0.0,28.5,0,32,712
20261009-065112-m7-sim-sweep2,2026-10-09T06:52:10+00:00,21,nfs,share,0.0,1.0,0,11.6,free,chat,0.25,0.5,S5L,0.4273673146551715,0.42565540276117275,0.514161409115701,0.0,16.0,208,5,346
20261009-065112-m7-sim-sweep2,2026-10-09T06:52:10+00:00,21,nfs,share,0.0,1.0,0,11.6,free,chat,0.25,0.5,S5P,0.4273673146551715,0.4281248711519747,0.514161409115701,0.0,16.0,208,5,335
20261009-065112-m7-sim-sweep2,2026-10-09T06:52:10+00:00,21,nfs,share,0.0,1.0,0,11.6,free,chat,0.25,0.5,S5c,0.48656975000002944,0.458901685581667,0.620379012563987,0.0,29.0,8,8,368
20261009-065112-m7-sim-sweep2,2026-10-09T06:52:10+00:00,22,nfs,share,0.0,1.0,0,11.6,free,chat,0.5,0.125,S0,1.1406718182314108,1.246691371269982,1.8868981364628183,0.0,32.0,0,56,712
20261009-065112-m7-sim-sweep2,2026-10-09T06:52:10+00:00,22,nfs,share,0.0,1.0,0,11.6,free,chat,0.5,0.125,S1,1.022734943598394,1.0387666337884862,1.3527446544382826,0.0,32.0,0,36,516
20261009-065112-m7-sim-sweep2,2026-10-09T06:52:10+00:00,22,nfs,share,0.0,1.0,0,11.6,free,chat,0.5,0.125,S2b,1.1406718182314108,1.1444420614984605,1.8868981364628183,0.0,32.0,0,46,615
20261009-065112-m7-sim-sweep2,2026-10-09T06:52:10+00:00,22,nfs,share,0.0,1.0,0,11.6,free,chat,0.5,0.125,S4,1.022734943598394,1.0387666337884862,1.3527446544382826,0.0,29.0,464,36,516
20261009-065112-m7-sim-sweep2,2026-10-09T06:52:10+00:00,22,nfs,share,0.0,1.0,0,11.6,free,chat,0.5,0.125,S4+,1.1406718182314108,1.1444420614984605,1.8868981364628183,0.0,28.0,448,46,615
20261009-065112-m7-sim-sweep2,2026-10-09T06:52:10+00:00,22,nfs,share,0.0,1.0,0,11.6,free,chat,0.5,0.125,S4+P,0.9223369953225813,1.030915338201254,1.385072240645144,0.0,28.0,448,35,496
20261009-065112-m7-sim-sweep2,2026-10-09T06:52:10+00:00,22,nfs,share,0.0,1.0,0,11.6,free,chat,0.5,0.125,S4L,0.9223369953225813,1.0201021927271146,1.3527446544382826,0.0,28.0,448,34,486
20261009-065112-m7-sim-sweep2,2026-10-09T06:52:10+00:00,22,nfs,share,0.0,1.0,0,11.6,free,chat,0.5,0.125,S4B,0.9223369953225813,1.0010610454875835,1.3527446544382826,0.0,28.0,448,32,458
20261009-065112-m7-sim-sweep2,2026-10-09T06:52:10+00:00,22,nfs,share,0.0,1.0,0,11.6,free,chat,0.5,0.125,S5,1.1406718182314108,1.1444420614984605,1.8868981364628183,0.0,28.0,416,46,615
20261009-065112-m7-sim-sweep2,2026-10-09T06:52:10+00:00,22,nfs,share,0.0,1.0,0,11.6,free,chat,0.5,0.125,S5s,1.1572693397831202,1.1689887439085471,1.6006215032091688,0.0,28.0,72,49,664
20261009-065112-m7-sim-sweep2,2026-10-09T06:52:10+00:00,22,nfs,share,0.0,1.0,0,11.6,free,chat,0.5,0.125,S5L,0.9223369953225813,1.022042745888033,1.3742963785761901,0.0,28.0,416,34,478
20261009-065112-m7-sim-sweep2,2026-10-09T06:52:10+00:00,22,nfs,share,0.0,1.0,0,11.6,free,chat,0.5,0.125,S5P,0.9277249263570582,1.0318856147817133,1.385072240645144,0.0,28.0,416,35,492
20261009-065112-m7-sim-sweep2,2026-10-09T06:52:10+00:00,22,nfs,share,0.0,1.0,0,11.6,free,chat,0.5,0.125,S5c,1.1406718182314108,1.1444420614984605,1.8868981364628183,0.0,28.0,72,46,615
20261009-065112-m7-sim-sweep2,2026-10-09T06:52:10+00:00,22,nfs,share,0.0,1.0,0,11.6,free,chat,0.5,0.25,S0,1.1406718182314108,1.246691371269982,1.8868981364628183,0.0,32.0,0,56,712
20261009-065112-m7-sim-sweep2,2026-10-09T06:52:10+00:00,22,nfs,share,0.0,1.0,0,11.6,free,chat,0.5,0.25,S1,0.8756014761094946,0.9346041447172766,1.3527446544382826,0.0,32.0,0,26,417
20261009-065112-m7-sim-sweep2,2026-10-09T06:52:10+00:00,22,nfs,share,0.0,1.0,0,11.6,free,chat,0.5,0.25,S2b,1.120438926356968,1.0468103658287156,1.6023564170022837,0.0,32.0,0,36,485
20261009-065112-m7-sim-sweep2,2026-10-09T06:52:10+00:00,22,nfs,share,0.0,1.0,0,11.6,free,chat,0.5,0.25,S4,0.8756014761094946,0.9346041447172766,1.3527446544382826,0.0,24.0,384,26,417
20261009-065112-m7-sim-sweep2,2026-10-09T06:52:10+00:00,22,nfs,share,0.0,1.0,0,11.6,free,chat,0.5,0.25,S4+,1.120438926356968,1.0468103658287156,1.6023564170022837,0.0,24.0,384,36,485
20261009-065112-m7-sim-sweep2,2026-10-09T06:52:10+00:00,22,nfs,share,0.0,1.0,0,11.6,free,chat,0.5,0.25,S4+P,0.8288659568964079,0.902223166494475,1.1406718182314108,0.0,24.0,384,23,390
20261009-065112-m7-sim-sweep2,2026-10-09T06:52:10+00:00,22,nfs,share,0.0,1.0,0,11.6,free,chat,0.5,0.25,S4L,0.8756014761094946,0.9027805928594178,1.1406718182314108,0.0,24.0,384,23,388
20261009-065112-m7-sim-sweep2,2026-10-09T06:52:10+00:00,22,nfs,share,0.0,1.0,0,11.6,free,chat,0.5,0.25,S4B,0.8288659568964079,0.8923439587152279,1.1406718182314108,0.0,24.0,384,22,378
20261009-065112-m7-sim-sweep2,2026-10-09T06:52:10+00:00,22,nfs,share,0.0,1.0,0,11.6,free,chat,0.5,0.25,S5,1.120438926356968,1.0468103658287156,1.6023564170022837,0.0,24.0,352,36,485
20261009-065112-m7-sim-sweep2,2026-10-09T06:52:10+00:00,22,nfs,share,0.0,1.0,0,11.6,free,chat,0.5,0.25,S5s,1.1585705251279563,1.1592449037199148,1.6006215032091688,0.0,24.0,8,48,648
20261009-065112-m7-sim-sweep2,2026-10-09T06:52:10+00:00,22,nfs,share,0.0,1.0,0,11.6,free,chat,0.5,0.25,S5L,0.8288659568964079,0.8905194705686762,1.1406718182314108,0.0,24.0,352,22,385
20261009-065112-m7-sim-sweep2,2026-10-09T06:52:10+00:00,22,nfs,share,0.0,1.0,0,11.6,free,chat,0.5,0.25,S5P,0.8288659568964079,0.9027444488220612,1.1406718182314108,0.0,24.0,352,23,388
20261009-065112-m7-sim-sweep2,2026-10-09T06:52:10+00:00,22,nfs,share,0.0,1.0,0,11.6,free,chat,0.5,0.25,S5c,1.120438926356968,1.0468103658287156,1.6023564170022837,0.0,28.0,72,36,485
20261009-065112-m7-sim-sweep2,2026-10-09T06:52:10+00:00,22,nfs,share,0.0,1.0,0,11.6,free,chat,0.5,0.5,S0,1.1406718182314108,1.246691371269982,1.8868981364628183,0.0,32.0,0,56,712
20261009-065112-m7-sim-sweep2,2026-10-09T06:52:10+00:00,22,nfs,share,0.0,1.0,0,11.6,free,chat,0.5,0.5,S1,0.71250415911571,0.805032188722631,1.1231328918742065,0.0,32.0,0,14,317
20261009-065112-m7-sim-sweep2,2026-10-09T06:52:10+00:00,22,nfs,share,0.0,1.0,0,11.6,free,chat,0.5,0.5,S2b,0.7375257108398472,0.8086418877168823,1.165693369955548,0.0,32.0,0,14,301
20261009-065112-m7-sim-sweep2,2026-10-09T06:52:10+00:00,22,nfs,share,0.0,1.0,0,11.6,free,chat,0.5,0.5,S4,0.71250415911571,0.805032188722631,1.1231328918742065,0.0,17.0,272,14,317
20261009-065112-m7-sim-sweep2,2026-10-09T06:52:10+00:00,22,nfs,share,0.0,1.0,0,11.6,free,chat,0.5,0.5,S4+,0.7375257108398472,0.8086418877168823,1.165693369955548,0.0,16.0,256,14,301
20261009-065112-m7-sim-sweep2,2026-10-09T06:52:10+00:00,22,nfs,share,0.0,1.0,0,11.6,free,chat,0.5,0.5,S4+P,0.71250415911571,0.7630687879217319,1.0908053056673452,0.0,16.0,256,10,277
20261009-065112-m7-sim-sweep2,2026-10-09T06:52:10+00:00,22,nfs,share,0.0,1.0,0,11.6,free,chat,0.5,0.5,S4L,0.71250415911571,0.7827757936382754,1.1231328918742065,0.0,16.0,256,12,303
20261009-065112-m7-sim-sweep2,2026-10-09T06:52:10+00:00,22,nfs,share,0.0,1.0,0,11.6,free,chat,0.5,0.5,S4B,0.683431079557856,0.7188561597501438,0.9223369953225813,0.0,16.0,256,6,246
20261009-065112-m7-sim-sweep2,2026-10-09T06:52:10+00:00,22,nfs,share,0.0,1.0,0,11.6,free,chat,0.5,0.5,S5,0.7375257108398472,0.8086418877168823,1.165693369955548,0.0,16.0,224,14,301
20261009-065112-m7-sim-sweep2,2026-10-09T06:52:10+00:00,22,nfs,share,0.0,1.0,0,11.6,free,chat,0.5,0.5,S5s,1.1585705251279563,1.1592449037199148,1.6006215032091688,0.0,23.5,0,48,648
20261009-065112-m7-sim-sweep2,2026-10-09T06:52:10+00:00,22,nfs,share,0.0,1.0,0,11.6,free,chat,0.5,0.5,S5L,0.71250415911571,0.7631772200338016,1.101581167736299,0.0,16.0,224,10,277
20261009-065112-m7-sim-sweep2,2026-10-09T06:52:10+00:00,22,nfs,share,0.0,1.0,0,11.6,free,chat,0.5,0.5,S5P,0.71250415911571,0.7540952015505281,1.0908053056673452,0.0,16.0,224,9,260
20261009-065112-m7-sim-sweep2,2026-10-09T06:52:10+00:00,22,nfs,share,0.0,1.0,0,11.6,free,chat,0.5,0.5,S5c,0.7375257108398472,0.8086418877168823,1.165693369955548,0.0,25.5,32,14,301
20261009-065112-m7-sim-sweep2,2026-10-09T06:52:10+00:00,23,nfs,share,0.0,1.0,0,11.6,free,chat,2.0,0.125,S0,4.1198238095153386,4.12690844194709,5.710822938441993,0.0,32.0,0,184,584
20261009-065112-m7-sim-sweep2,2026-10-09T06:52:10+00:00,23,nfs,share,0.0,1.0,0,11.6,free,chat,2.0,0.125,S1,3.3533592618299934,3.494753338732286,4.54861884142781,0.0,32.0,0,118,419
20261009-065112-m7-sim-sweep2,2026-10-09T06:52:10+00:00,23,nfs,share,0.0,1.0,0,11.6,free,chat,2.0,0.125,S2b,4.1198238095153386,3.8207882527994426,5.710822938441993,0.0,32.0,0,150,508
20261009-065112-m7-sim-sweep2,2026-10-09T06:52:10+00:00,23,nfs,share,0.0,1.0,0,11.6,free,chat,2.0,0.125,S4,3.2312019067770876,3.4667042829657784,4.569069999999954,0.0,29.0,464,120,417
20261009-065112-m7-sim-sweep2,2026-10-09T06:52:10+00:00,23,nfs,share,0.0,1.0,0,11.6,free,chat,2.0,0.125,S4+,4.1198238095153386,3.8207882527994426,5.710822938441993,0.0,28.0,448,150,508
20261009-065112-m7-sim-sweep2,2026-10-09T06:52:10+00:00,23,nfs,share,0.0,1.0,0,11.6,free,chat,2.0,0.125,S4+P,3.221522164663739,3.4495931325701146,4.54861884142781,0.0,28.0,448,112,409
20261009-065112-m7-sim-sweep2,2026-10-09T06:52:10+00:00,23,nfs,share,0.0,1.0,0,11.6,free,chat,2.0,0.125,S4L,3.081077813554174,3.413014833428821,4.54861884142781,0.0,28.0,448,110,395
20261009-065112-m7-sim-sweep2,2026-10-09T06:52:10+00:00,23,nfs,share,0.0,1.0,0,11.6,free,chat,2.0,0.125,S4B,3.081077813554174,3.394523535740289,4.54861884142781,0.0,28.0,448,107,390
20261009-065112-m7-sim-sweep2,2026-10-09T06:52:10+00:00,23,nfs,share,0.0,1.0,0,11.6,free,chat,2.0,0.125,S5,4.1198238095153386,3.8207882527994426,5.710822938441993,0.0,28.0,440,150,508
20261009-065112-m7-sim-sweep2,2026-10-09T06:52:10+00:00,23,nfs,share,0.0,1.0,0,11.6,free,chat,2.0,0.125,S5s,4.1198238095153386,3.8825531479256608,5.710822938441993,0.0,28.0,288,156,526
20261009-065112-m7-sim-sweep2,2026-10-09T06:52:10+00:00,23,nfs,share,0.0,1.0,0,11.6,free,chat,2.0,0.125,S5L,3.081077813554174,3.4086167551587825,4.554006772462287,0.0,28.0,440,109,394
20261009-065112-m7-sim-sweep2,2026-10-09T06:52:10+00:00,23,nfs,share,0.0,1.0,0,11.6,free,chat,2.0,0.125,S5P,3.221522164663739,3.4495931325701146,4.54861884142781,0.0,28.0,440,112,409
20261009-065112-m7-sim-sweep2,2026-10-09T06:52:10+00:00,23,nfs,share,0.0,1.0,0,11.6,free,chat,2.0,0.125,S5c,4.1198238095153386,3.8189188946662784,5.710822938441993,0.0,28.0,288,150,508
20261009-065112-m7-sim-sweep2,2026-10-09T06:52:10+00:00,23,nfs,share,0.0,1.0,0,11.6,free,chat,2.0,0.25,S0,4.1198238095153386,4.12690844194709,5.710822938441993,0.0,32.0,0,184,584
20261009-065112-m7-sim-sweep2,2026-10-09T06:52:10+00:00,23,nfs,share,0.0,1.0,0,11.6,free,chat,2.0,0.25,S1,2.940166906777094,3.14152289430972,4.54861884142781,0.0,32.0,0,84,322
20261009-065112-m7-sim-sweep2,2026-10-09T06:52:10+00:00,23,nfs,share,0.0,1.0,0,11.6,free,chat,2.0,0.25,S2b,3.377399956529409,3.3956942199855082,4.884505999999959,0.0,32.0,0,106,402
20261009-065112-m7-sim-sweep2,2026-10-09T06:52:10+00:00,23,nfs,share,0.0,1.0,0,11.6,free,chat,2.0,0.25,S4,2.8439866277457497,3.1120348450712103,4.290942529597032,0.0,24.0,384,89,317
20261009-065112-m7-sim-sweep2,2026-10-09T06:52:10+00:00,23,nfs,share,0.0,1.0,0,11.6,free,chat,2.0,0.25,S4+,3.377399956529409,3.3956942199855082,4.884505999999959,0.0,24.0,384,106,402
20261009-065112-m7-sim-sweep2,2026-10-09T06:52:10+00:00,23,nfs,share,0.0,1.0,0,11.6,free,chat,2.0,0.25,S4+P,2.9401669067770015,3.0619484523816323,4.246868613809937,0.0,24.0,384,75,301
20261009-065112-m7-sim-sweep2,2026-10-09T06:52:10+00:00,23,nfs,share,0.0,1.0,0,11.6,free,chat,2.0,0.25,S4L,2.9401669067770015,3.054640301462364,4.246868613809937,0.0,24.0,384,74,300
20261009-065112-m7-sim-sweep2,2026-10-09T06:52:10+00:00,23,nfs,share,0.0,1.0,0,11.6,free,chat,2.0,0.25,S4B,2.9401669067770015,3.042603676298059,4.246868613809937,0.0,24.0,384,73,296
20261009-065112-m7-sim-sweep2,2026-10-09T06:52:10+00:00,23,nfs,share,0.0,1.0,0,11.6,free,chat,2.0,0.25,S5,3.377399956529409,3.3956942199855082,4.884505999999959,0.0,24.0,376,106,402
20261009-065112-m7-sim-sweep2,2026-10-09T06:52:10+00:00,23,nfs,share,0.0,1.0,0,11.6,free,chat,2.0,0.25,S5s,3.5466105055479034,3.5820560194925495,4.884505999999959,0.0,24.0,224,129,468
20261009-065112-m7-sim-sweep2,2026-10-09T06:52:10+00:00,23,nfs,share,0.0,1.0,0,11.6,free,chat,2.0,0.25,S5L,2.9401669067770015,3.0419301849187494,4.246868613809937,0.0,24.0,376,73,299
20261009-065112-m7-sim-sweep2,2026-10-09T06:52:10+00:00,23,nfs,share,0.0,1.0,0,11.6,free,chat,2.0,0.25,S5P,2.9401669067770015,3.0619484523816323,4.246868613809937,0.0,24.0,376,75,301
20261009-065112-m7-sim-sweep2,2026-10-09T06:52:10+00:00,23,nfs,share,0.0,1.0,0,11.6,free,chat,2.0,0.25,S5c,3.377399956529409,3.392007989151873,4.884505999999959,0.0,24.0,224,109,399
20261009-065112-m7-sim-sweep2,2026-10-09T06:52:10+00:00,23,nfs,share,0.0,1.0,0,11.6,free,chat,2.0,0.5,S0,4.1198238095153386,4.12690844194709,5.710822938441993,0.0,32.0,0,184,584
20261009-065112-m7-sim-sweep2,2026-10-09T06:52:10+00:00,23,nfs,share,0.0,1.0,0,11.6,free,chat,2.0,0.5,S1,2.5341979773471053,2.722797691308305,3.625640710105813,0.0,32.0,0,45,210
20261009-065112-m7-sim-sweep2,2026-10-09T06:52:10+00:00,23,nfs,share,0.0,1.0,0,11.6,free,chat,2.0,0.5,S2b,2.5341979773471053,2.742166658630215,3.665274399026913,0.0,32.0,0,43,215
20261009-065112-m7-sim-sweep2,2026-10-09T06:52:10+00:00,23,nfs,share,0.0,1.0,0,11.6,free,chat,2.0,0.5,S4,2.4643409886735412,2.6907509049190392,3.625640710105813,0.0,17.0,272,48,207
20261009-065112-m7-sim-sweep2,2026-10-09T06:52:10+00:00,23,nfs,share,0.0,1.0,0,11.6,free,chat,2.0,0.5,S4+,2.5341979773471053,2.742166658630215,3.665274399026913,0.0,16.0,256,43,215
20261009-065112-m7-sim-sweep2,2026-10-09T06:52:10+00:00,23,nfs,share,0.0,1.0,0,11.6,free,chat,2.0,0.5,S4+P,2.5341979773471053,2.6038120265420392,3.625640710105813,0.0,16.0,256,31,185
20261009-065112-m7-sim-sweep2,2026-10-09T06:52:10+00:00,23,nfs,share,0.0,1.0,0,11.6,free,chat,2.0,0.5,S4L,2.5341979773471053,2.674372520599381,3.625640710105813,0.0,16.0,256,39,200
20261009-065112-m7-sim-sweep2,2026-10-09T06:52:10+00:00,23,nfs,share,0.0,1.0,0,11.6,free,chat,2.0,0.5,S4B,2.5341979773471053,2.616415479292552,3.625640710105813,0.0,16.0,256,32,186
20261009-065112-m7-sim-sweep2,2026-10-09T06:52:10+00:00,23,nfs,share,0.0,1.0,0,11.6,free,chat,2.0,0.5,S5,2.5341979773471053,2.742130514592858,3.665274399026913,0.0,16.0,248,43,215
20261009-065112-m7-sim-sweep2,2026-10-09T06:52:10+00:00,23,nfs,share,0.0,1.0,0,11.6,free,chat,2.0,0.5,S5s,3.4157052645755215,3.2345730533332637,3.8939017608075517,0.0,16.0,96,106,384
20261009-065112-m7-sim-sweep2,2026-10-09T06:52:10+00:00,23,nfs,share,0.0,1.0,0,11.6,free,chat,2.0,0.5,S5L,2.5341979773471053,2.6627042355398873,3.625640710105813,0.0,16.0,248,37,198
20261009-065112-m7-sim-sweep2,2026-10-09T06:52:10+00:00,23,nfs,share,0.0,1.0,0,11.6,free,chat,2.0,0.5,S5P,2.5341979773471053,2.6128708928295974,3.625640710105813,0.0,16.0,248,32,179
20261009-065112-m7-sim-sweep2,2026-10-09T06:52:10+00:00,23,nfs,share,0.0,1.0,0,11.6,free,chat,2.0,0.5,S5c,2.5241468225417947,2.7225134776715105,3.665274399026913,0.0,16.5,104,46,212
20261009-065112-m7-sim-sweep2,2026-10-09T06:52:10+00:00,24,nfs,share,0.0,1.0,0,3.69,free,chat,0.25,0.125,S0,0.5806495000000353,0.6794199924490508,0.9434490682314163,0.0,32.0,0,32,736
20261009-065112-m7-sim-sweep2,2026-10-09T06:52:10+00:00,24,nfs,share,0.0,1.0,0,3.69,free,chat,0.25,0.125,S1,0.5474054545578682,0.607640949694181,0.9368106259178148,0.0,32.0,0,18,609
20261009-065112-m7-sim-sweep2,2026-10-09T06:52:10+00:00,24,nfs,share,0.0,1.0,0,3.69,free,chat,0.25,0.125,S2b,0.5806495000000353,0.6512871502439269,0.9434490682314163,0.0,32.0,0,25,663
20261009-065112-m7-sim-sweep2,2026-10-09T06:52:10+00:00,24,nfs,share,0.0,1.0,0,3.69,free,chat,0.25,0.125,S4,0.5474054545578682,0.607640949694181,0.9368106259178148,0.0,29.0,464,18,609
20261009-065112-m7-sim-sweep2,2026-10-09T06:52:10+00:00,24,nfs,share,0.0,1.0,0,3.69,free,chat,0.25,0.125,S4+,0.5806495000000353,0.6512871502439269,0.9434490682314163,0.0,28.0,448,25,663
20261009-065112-m7-sim-sweep2,2026-10-09T06:52:10+00:00,24,nfs,share,0.0,1.0,0,3.69,free,chat,0.25,0.125,S4+P,0.5474054545578682,0.6040479997408982,0.9368106259178148,0.0,28.0,448,17,597
20261009-065112-m7-sim-sweep2,2026-10-09T06:52:10+00:00,24,nfs,share,0.0,1.0,0,3.69,free,chat,0.25,0.125,S4L,0.514161409115701,0.5906122871813437,0.9368106259178148,0.0,28.0,448,16,599
20261009-065112-m7-sim-sweep2,2026-10-09T06:52:10+00:00,24,nfs,share,0.0,1.0,0,3.69,free,chat,0.25,0.125,S4B,0.514161409115701,0.5451877020618229,0.6379440000000329,0.0,28.0,448,10,563
20261009-065112-m7-sim-sweep2,2026-10-09T06:52:10+00:00,24,nfs,share,0.0,1.0,0,3.69,free,chat,0.25,0.125,S5,0.5806495000000353,0.6532907353839441,0.9434490682314163,0.0,28.0,320,25,660
20261009-065112-m7-sim-sweep2,2026-10-09T06:52:10+00:00,24,nfs,share,0.0,1.0,0,3.69,free,chat,0.25,0.125,S5s,0.5900005432620503,0.6954195159031435,0.9827783365240919,0.0,28.5,0,32,712
20261009-065112-m7-sim-sweep2,2026-10-09T06:52:10+00:00,24,nfs,share,0.0,1.0,0,3.69,free,chat,0.25,0.125,S5L,0.514161409115701,0.5672546290481678,0.9231758020695651,0.0,28.0,320,13,580
20261009-065112-m7-sim-sweep2,2026-10-09T06:52:10+00:00,24,nfs,share,0.0,1.0,0,3.69,free,chat,0.25,0.125,S5P,0.514161409115701,0.5763169410641685,0.824276750579088,0.0,28.0,320,14,584
20261009-065112-m7-sim-sweep2,2026-10-09T06:52:10+00:00,24,nfs,share,0.0,1.0,0,3.69,free,chat,0.25,0.125,S5c,0.5806495000000353,0.6512871502439269,0.9434490682314163,0.0,30.0,24,25,663
20261009-065112-m7-sim-sweep2,2026-10-09T06:52:10+00:00,24,nfs,share,0.0,1.0,0,3.69,free,chat,0.25,0.25,S0,0.5806495000000353,0.6794199924490508,0.9434490682314163,0.0,32.0,0,32,736
20261009-065112-m7-sim-sweep2,2026-10-09T06:52:10+00:00,24,nfs,share,0.0,1.0,0,3.69,free,chat,0.25,0.25,S1,0.514161409115701,0.564244710889439,0.9368106259178148,0.0,32.0,0,12,570
20261009-065112-m7-sim-sweep2,2026-10-09T06:52:10+00:00,24,nfs,share,0.0,1.0,0,3.69,free,chat,0.25,0.25,S2b,0.5806495000000353,0.5883321002782598,0.8439413847254258,0.0,32.0,0,15,587
20261009-065112-m7-sim-sweep2,2026-10-09T06:52:10+00:00,24,nfs,share,0.0,1.0,0,3.69,free,chat,0.25,0.25,S4,0.514161409115701,0.564244710889439,0.9368106259178148,0.0,24.0,384,12,570
20261009-065112-m7-sim-sweep2,2026-10-09T06:52:10+00:00,24,nfs,share,0.0,1.0,0,3.69,free,chat,0.25,0.25,S4+,0.5806495000000353,0.5883321002782598,0.8439413847254258,0.0,24.0,384,15,587
20261009-065112-m7-sim-sweep2,2026-10-09T06:52:10+00:00,24,nfs,share,0.0,1.0,0,3.69,free,chat,0.25,0.25,S4+P,0.514161409115701,0.5468264215740177,0.6379440000000329,0.0,24.0,384,10,561
20261009-065112-m7-sim-sweep2,2026-10-09T06:52:10+00:00,24,nfs,share,0.0,1.0,0,3.69,free,chat,0.25,0.25,S4L,0.514161409115701,0.5515153330464647,0.6379440000000329,0.0,24.0,384,10,555
20261009-065112-m7-sim-sweep2,2026-10-09T06:52:10+00:00,24,nfs,share,0.0,1.0,0,3.69,free,chat,0.25,0.25,S4B,0.47082822560972204,0.48660400614581434,0.6379440000000329,0.0,24.0,384,2,512
20261009-065112-m7-sim-sweep2,2026-10-09T06:52:10+00:00,24,nfs,share,0.0,1.0,0,3.69,free,chat,0.25,0.25,S5,0.5806495000000353,0.5877639826179161,0.8439413847254258,0.0,24.0,256,15,587
20261009-065112-m7-sim-sweep2,2026-10-09T06:52:10+00:00,24,nfs,share,0.0,1.0,0,3.69,free,chat,0.25,0.25,S5s,0.5900005432620503,0.6954195159031435,0.9827783365240919,0.0,28.5,0,32,712
20261009-065112-m7-sim-sweep2,2026-10-09T06:52:10+00:00,24,nfs,share,0.0,1.0,0,3.69,free,chat,0.25,0.25,S5L,0.4924948173627115,0.5320272266296383,0.6379440000000329,0.0,24.0,256,8,547
20261009-065112-m7-sim-sweep2,2026-10-09T06:52:10+00:00,24,nfs,share,0.0,1.0,0,3.69,free,chat,0.25,0.25,S5P,0.4924948173627115,0.5320272266296383,0.6379440000000329,0.0,24.0,256,8,547
20261009-065112-m7-sim-sweep2,2026-10-09T06:52:10+00:00,24,nfs,share,0.0,1.0,0,3.69,free,chat,0.25,0.25,S5c,0.5806495000000353,0.5883321002782598,0.8439413847254258,0.0,30.0,24,15,587
20261009-065112-m7-sim-sweep2,2026-10-09T06:52:10+00:00,24,nfs,share,0.0,1.0,0,3.69,free,chat,0.25,0.5,S0,0.5806495000000353,0.6794199924490508,0.9434490682314163,0.0,32.0,0,32,736
20261009-065112-m7-sim-sweep2,2026-10-09T06:52:10+00:00,24,nfs,share,0.0,1.0,0,3.69,free,chat,0.25,0.5,S1,0.47082822560972204,0.516362046501626,0.6379440000000329,0.0,32.0,0,6,537
20261009-065112-m7-sim-sweep2,2026-10-09T06:52:10+00:00,24,nfs,share,0.0,1.0,0,3.69,free,chat,0.25,0.5,S2b,0.4924948173627115,0.5047286301778158,0.6379440000000329,0.0,32.0,0,4,520
20261009-065112-m7-sim-sweep2,2026-10-09T06:52:10+00:00,24,nfs,share,0.0,1.0,0,3.69,free,chat,0.25,0.5,S4,0.47082822560972204,0.516362046501626,0.6379440000000329,0.0,17.0,272,6,537
20261009-065112-m7-sim-sweep2,2026-10-09T06:52:10+00:00,24,nfs,share,0.0,1.0,0,3.69,free,chat,0.25,0.5,S4+,0.4924948173627115,0.5047286301778158,0.6379440000000329,0.0,16.0,256,4,520
20261009-065112-m7-sim-sweep2,2026-10-09T06:52:10+00:00,24,nfs,share,0.0,1.0,0,3.69,free,chat,0.25,0.5,S4+P,0.47082822560972204,0.4981243974301073,0.6379440000000329,0.0,16.0,256,3,513
20261009-065112-m7-sim-sweep2,2026-10-09T06:52:10+00:00,24,nfs,share,0.0,1.0,0,3.69,free,chat,0.25,0.5,S4L,0.47082822560972204,0.5160854447385592,0.6379440000000329,0.0,16.0,256,5,522
20261009-065112-m7-sim-sweep2,2026-10-09T06:52:10+00:00,24,nfs,share,0.0,1.0,0,3.69,free,chat,0.25,0.5,S4B,0.47082822560972204,0.4684793821138129,0.6379440000000329,0.0,16.0,256,0,504
20261009-065112-m7-sim-sweep2,2026-10-09T06:52:10+00:00,24,nfs,share,0.0,1.0,0,3.69,free,chat,0.25,0.5,S5,0.4924948173627115,0.5039332654533345,0.6379440000000329,0.0,16.0,128,4,520
20261009-065112-m7-sim-sweep2,2026-10-09T06:52:10+00:00,24,nfs,share,0.0,1.0,0,3.69,free,chat,0.25,0.5,S5s,0.5900005432620503,0.6954195159031435,0.9827783365240919,0.0,28.5,0,32,712
20261009-065112-m7-sim-sweep2,2026-10-09T06:52:10+00:00,24,nfs,share,0.0,1.0,0,3.69,free,chat,0.25,0.5,S5L,0.47082822560972204,0.4855813943571956,0.6379440000000329,0.0,16.0,128,2,512
20261009-065112-m7-sim-sweep2,2026-10-09T06:52:10+00:00,24,nfs,share,0.0,1.0,0,3.69,free,chat,0.25,0.5,S5P,0.47082822560972204,0.4855813943571956,0.6379440000000329,0.0,16.0,128,2,512
20261009-065112-m7-sim-sweep2,2026-10-09T06:52:10+00:00,24,nfs,share,0.0,1.0,0,3.69,free,chat,0.25,0.5,S5c,0.4924948173627115,0.5047286301778158,0.6379440000000329,0.0,29.0,8,4,520
20261009-065112-m7-sim-sweep2,2026-10-09T06:52:10+00:00,25,nfs,share,0.0,1.0,0,3.69,free,chat,0.5,0.125,S0,1.1406718182314108,1.246691371269982,1.8868981364628183,0.0,32.0,0,56,712
20261009-065112-m7-sim-sweep2,2026-10-09T06:52:10+00:00,25,nfs,share,0.0,1.0,0,3.69,free,chat,0.5,0.125,S1,0.9529942500000033,1.0283314365788634,1.275888000000009,0.0,32.0,0,28,563
20261009-065112-m7-sim-sweep2,2026-10-09T06:52:10+00:00,25,nfs,share,0.0,1.0,0,3.69,free,chat,0.5,0.125,S2b,1.1406718182314108,1.1528869751552797,1.8868981364628183,0.0,32.0,0,43,632
20261009-065112-m7-sim-sweep2,2026-10-09T06:52:10+00:00,25,nfs,share,0.0,1.0,0,3.69,free,chat,0.5,0.125,S4,0.9529942500000033,1.0283314365788634,1.275888000000009,0.0,29.0,464,28,563
20261009-065112-m7-sim-sweep2,2026-10-09T06:52:10+00:00,25,nfs,share,0.0,1.0,0,3.69,free,chat,0.5,0.125,S4+,1.1406718182314108,1.1528869751552797,1.8868981364628183,0.0,28.0,448,43,632
20261009-065112-m7-sim-sweep2,2026-10-09T06:52:10+00:00,25,nfs,share,0.0,1.0,0,3.69,free,chat,0.5,0.125,S4+P,0.9178457502895441,1.0308139173505022,1.3502483921779316,0.0,28.0,448,27,541
20261009-065112-m7-sim-sweep2,2026-10-09T06:52:10+00:00,25,nfs,share,0.0,1.0,0,3.69,free,chat,0.5,0.125,S4L,0.8141920000000056,1.0070576316525546,1.275888000000009,0.0,28.0,448,25,543
20261009-065112-m7-sim-sweep2,2026-10-09T06:52:10+00:00,25,nfs,share,0.0,1.0,0,3.69,free,chat,0.5,0.125,S4B,0.8141920000000056,0.9786798617630913,1.275888000000009,0.0,28.0,448,21,517
20261009-065112-m7-sim-sweep2,2026-10-09T06:52:10+00:00,25,nfs,share,0.0,1.0,0,3.69,free,chat,0.5,0.125,S5,1.1406718182314108,1.1528869751552797,1.8868981364628183,0.0,28.0,384,43,632
20261009-065112-m7-sim-sweep2,2026-10-09T06:52:10+00:00,25,nfs,share,0.0,1.0,0,3.69,free,chat,0.5,0.125,S5s,1.1969387559007743,1.198847017555444,1.6666756833091512,0.0,28.0,72,49,664
20261009-065112-m7-sim-sweep2,2026-10-09T06:52:10+00:00,25,nfs,share,0.0,1.0,0,3.69,free,chat,0.5,0.125,S5L,0.8141920000000056,0.9856789547750248,1.275888000000009,0.0,28.0,384,22,523
20261009-065112-m7-sim-sweep2,2026-10-09T06:52:10+00:00,25,nfs,share,0.0,1.0,0,3.69,free,chat,0.5,0.125,S5P,0.8981811161432063,1.0014207322623072,1.275888000000009,0.0,28.0,384,24,533
20261009-065112-m7-sim-sweep2,2026-10-09T06:52:10+00:00,25,nfs,share,0.0,1.0,0,3.69,free,chat,0.5,0.125,S5c,1.1406718182314108,1.1528869751552797,1.8868981364628183,0.0,28.0,72,43,632
20261009-065112-m7-sim-sweep2,2026-10-09T06:52:10+00:00,25,nfs,share,0.0,1.0,0,3.69,free,chat,0.5,0.25,S0,1.1406718182314108,1.246691371269982,1.8868981364628183,0.0,32.0,0,56,712
20261009-065112-m7-sim-sweep2,2026-10-09T06:52:10+00:00,25,nfs,share,0.0,1.0,0,3.69,free,chat,0.5,0.25,S1,0.8141920000000056,0.953221106077141,1.275888000000009,0.0,32.0,0,18,504
20261009-065112-m7-sim-sweep2,2026-10-09T06:52:10+00:00,25,nfs,share,0.0,1.0,0,3.69,free,chat,0.5,0.25,S2b,1.0468156832163729,1.0221375525859557,1.4715717938411217,0.0,32.0,0,26,539
20261009-065112-m7-sim-sweep2,2026-10-09T06:52:10+00:00,25,nfs,share,0.0,1.0,0,3.69,free,chat,0.5,0.25,S4,0.8141920000000056,0.953221106077141,1.275888000000009,0.0,24.0,384,18,504
20261009-065112-m7-sim-sweep2,2026-10-09T06:52:10+00:00,25,nfs,share,0.0,1.0,0,3.69,free,chat,0.5,0.25,S4+,1.0468156832163729,1.0221375525859557,1.4715717938411217,0.0,24.0,384,26,539
20261009-065112-m7-sim-sweep2,2026-10-09T06:52:10+00:00,25,nfs,share,0.0,1.0,0,3.69,free,chat,0.5,0.25,S4+P,0.8141920000000056,0.9274260028784725,1.1406718182314108,0.0,24.0,384,15,489
20261009-065112-m7-sim-sweep2,2026-10-09T06:52:10+00:00,25,nfs,share,0.0,1.0,0,3.69,free,chat,0.5,0.25,S4L,0.8141920000000056,0.9200918712245235,1.1406718182314108,0.0,24.0,384,14,484
20261009-065112-m7-sim-sweep2,2026-10-09T06:52:10+00:00,25,nfs,share,0.0,1.0,0,3.69,free,chat,0.5,0.25,S4B,0.8141920000000056,0.8846101363719061,1.091796500000001,0.0,24.0,384,9,452
20261009-065112-m7-sim-sweep2,2026-10-09T06:52:10+00:00,25,nfs,share,0.0,1.0,0,3.69,free,chat,0.5,0.25,S5,1.044088718446723,1.0219103055218184,1.4715717938411217,0.0,24.0,320,26,539
20261009-065112-m7-sim-sweep2,2026-10-09T06:52:10+00:00,25,nfs,share,0.0,1.0,0,3.69,free,chat,0.5,0.25,S5s,1.1996657206704242,1.1993897755484788,1.6666756833091796,0.0,24.0,8,48,648
20261009-065112-m7-sim-sweep2,2026-10-09T06:52:10+00:00,25,nfs,share,0.0,1.0,0,3.69,free,chat,0.5,0.25,S5L,0.8141920000000056,0.9129879062613693,1.1406718182314108,0.0,24.0,320,13,478
20261009-065112-m7-sim-sweep2,2026-10-09T06:52:10+00:00,25,nfs,share,0.0,1.0,0,3.69,free,chat,0.5,0.25,S5P,0.8141920000000056,0.9244188366958053,1.1406718182314108,0.0,24.0,320,14,478
20261009-065112-m7-sim-sweep2,2026-10-09T06:52:10+00:00,25,nfs,share,0.0,1.0,0,3.69,free,chat,0.5,0.25,S5c,1.0468156832163729,1.0221375525859557,1.4715717938411217,0.0,28.0,72,26,539
20261009-065112-m7-sim-sweep2,2026-10-09T06:52:10+00:00,25,nfs,share,0.0,1.0,0,3.69,free,chat,0.5,0.5,S0,1.1406718182314108,1.246691371269982,1.8868981364628183,0.0,32.0,0,56,712
20261009-065112-m7-sim-sweep2,2026-10-09T06:52:10+00:00,25,nfs,share,0.0,1.0,0,3.69,free,chat,0.5,0.5,S1,0.8141920000000056,0.8846101363719061,1.091796500000001,0.0,32.0,0,9,452
20261009-065112-m7-sim-sweep2,2026-10-09T06:52:10+00:00,25,nfs,share,0.0,1.0,0,3.69,free,chat,0.5,0.5,S2b,0.8141920000000056,0.8728016671743243,1.091796500000001,0.0,32.0,0,7,433
20261009-065112-m7-sim-sweep2,2026-10-09T06:52:10+00:00,25,nfs,share,0.0,1.0,0,3.69,free,chat,0.5,0.5,S4,0.8141920000000056,0.8846101363719061,1.091796500000001,0.0,17.0,272,9,452
20261009-065112-m7-sim-sweep2,2026-10-09T06:52:10+00:00,25,nfs,share,0.0,1.0,0,3.69,free,chat,0.5,0.5,S4+,0.8141920000000056,0.8728016671743243,1.091796500000001,0.0,16.0,256,7,433
20261009-065112-m7-sim-sweep2,2026-10-09T06:52:10+00:00,25,nfs,share,0.0,1.0,0,3.69,free,chat,0.5,0.5,S4+P,0.8141920000000056,0.8380255493610106,1.091796500000001,0.0,16.0,256,3,417
20261009-065112-m7-sim-sweep2,2026-10-09T06:52:10+00:00,25,nfs,share,0.0,1.0,0,3.69,free,chat,0.5,0.5,S4L,0.8141920000000056,0.8591513806859558,1.091796500000001,0.0,16.0,256,6,439
20261009-065112-m7-sim-sweep2,2026-10-09T06:52:10+00:00,25,nfs,share,0.0,1.0,0,3.69,free,chat,0.5,0.5,S4B,0.8141920000000056,0.8159991666666713,1.091796500000001,0.0,16.0,256,0,400
20261009-065112-m7-sim-sweep2,2026-10-09T06:52:10+00:00,25,nfs,share,0.0,1.0,0,3.69,free,chat,0.5,0.5,S5,0.8141920000000056,0.8721739156499305,1.091796500000001,0.0,16.0,192,7,432
20261009-065112-m7-sim-sweep2,2026-10-09T06:52:10+00:00,25,nfs,share,0.0,1.0,0,3.69,free,chat,0.5,0.5,S5s,1.1996657206704242,1.1993897755484788,1.6666756833091796,0.0,23.5,0,48,648
20261009-065112-m7-sim-sweep2,2026-10-09T06:52:10+00:00,25,nfs,share,0.0,1.0,0,3.69,free,chat,0.5,0.5,S5L,0.8141920000000056,0.829579345068586,1.091796500000001,0.0,16.0,192,2,411
20261009-065112-m7-sim-sweep2,2026-10-09T06:52:10+00:00,25,nfs,share,0.0,1.0,0,3.69,free,chat,0.5,0.5,S5P,0.8141920000000056,0.829579345068586,1.091796500000001,0.0,16.0,192,2,411
20261009-065112-m7-sim-sweep2,2026-10-09T06:52:10+00:00,25,nfs,share,0.0,1.0,0,3.69,free,chat,0.5,0.5,S5c,0.8141920000000056,0.8728016671743243,1.091796500000001,0.0,25.5,32,7,433
20261009-065112-m7-sim-sweep2,2026-10-09T06:52:10+00:00,26,nfs,share,0.0,1.0,0,3.69,free,chat,2.0,0.125,S0,4.1198238095153386,4.12690844194709,5.710822938441993,0.0,32.0,0,184,584
20261009-065112-m7-sim-sweep2,2026-10-09T06:52:10+00:00,26,nfs,share,0.0,1.0,0,3.69,free,chat,2.0,0.125,S1,3.3550301225303585,3.523960139006029,4.571541367201945,0.0,32.0,0,110,438
20261009-065112-m7-sim-sweep2,2026-10-09T06:52:10+00:00,26,nfs,share,0.0,1.0,0,3.69,free,chat,2.0,0.125,S2b,4.1198238095153386,3.836436401305505,5.710822938441993,0.0,32.0,0,147,513
20261009-065112-m7-sim-sweep2,2026-10-09T06:52:10+00:00,26,nfs,share,0.0,1.0,0,3.69,free,chat,2.0,0.125,S4,3.23292399999999,3.505150504319639,4.698586171496544,0.0,29.0,464,114,434
20261009-065112-m7-sim-sweep2,2026-10-09T06:52:10+00:00,26,nfs,share,0.0,1.0,0,3.69,free,chat,2.0,0.125,S4+,4.1198238095153386,3.836436401305505,5.710822938441993,0.0,28.0,448,147,513
20261009-065112-m7-sim-sweep2,2026-10-09T06:52:10+00:00,26,nfs,share,0.0,1.0,0,3.69,free,chat,2.0,0.125,S4+P,3.2499024889631656,3.467546830264853,4.571541367201945,0.0,28.0,448,103,425
20261009-065112-m7-sim-sweep2,2026-10-09T06:52:10+00:00,26,nfs,share,0.0,1.0,0,3.69,free,chat,2.0,0.125,S4L,3.0037459999999854,3.4414057668536717,4.571541367201945,0.0,28.0,448,101,415
20261009-065112-m7-sim-sweep2,2026-10-09T06:52:10+00:00,26,nfs,share,0.0,1.0,0,3.69,free,chat,2.0,0.125,S4B,3.0037459999999854,3.3882891289005617,4.571541367201945,0.0,28.0,448,95,401
20261009-065112-m7-sim-sweep2,2026-10-09T06:52:10+00:00,26,nfs,share,0.0,1.0,0,3.69,free,chat,2.0,0.125,S5,4.1198238095153386,3.836436401305505,5.710822938441993,0.0,28.0,424,147,513
20261009-065112-m7-sim-sweep2,2026-10-09T06:52:10+00:00,26,nfs,share,0.0,1.0,0,3.69,free,chat,2.0,0.125,S5s,4.1198238095153386,3.8763603549692154,5.710822938441993,0.0,28.0,288,153,529
20261009-065112-m7-sim-sweep2,2026-10-09T06:52:10+00:00,26,nfs,share,0.0,1.0,0,3.69,free,chat,2.0,0.125,S5L,3.0037459999999854,3.430249900225626,4.571541367201945,0.0,28.0,424,99,411
20261009-065112-m7-sim-sweep2,2026-10-09T06:52:10+00:00,26,nfs,share,0.0,1.0,0,3.69,free,chat,2.0,0.125,S5P,3.2499024889631585,3.4679556568713754,4.571541367201945,0.0,28.0,424,103,423
20261009-065112-m7-sim-sweep2,2026-10-09T06:52:10+00:00,26,nfs,share,0.0,1.0,0,3.69,free,chat,2.0,0.125,S5c,4.1198238095153386,3.8284213780528926,5.710822938441993,0.0,28.0,288,148,512
20261009-065112-m7-sim-sweep2,2026-10-09T06:52:10+00:00,26,nfs,share,0.0,1.0,0,3.69,free,chat,2.0,0.25,S0,4.1198238095153386,4.12690844194709,5.710822938441993,0.0,32.0,0,184,584
20261009-065112-m7-sim-sweep2,2026-10-09T06:52:10+00:00,26,nfs,share,0.0,1.0,0,3.69,free,chat,2.0,0.25,S1,3.0037459999999783,3.223679069965985,4.571541367201945,0.0,32.0,0,76,359
20261009-065112-m7-sim-sweep2,2026-10-09T06:52:10+00:00,26,nfs,share,0.0,1.0,0,3.69,free,chat,2.0,0.25,S2b,3.450382634239091,3.4347392466493223,4.884505999999959,0.0,32.0,0,100,417
20261009-065112-m7-sim-sweep2,2026-10-09T06:52:10+00:00,26,nfs,share,0.0,1.0,0,3.69,free,chat,2.0,0.25,S4,2.9633579999999853,3.198962815449315,4.367185999999947,0.0,24.0,384,79,356
20261009-065112-m7-sim-sweep2,2026-10-09T06:52:10+00:00,26,nfs,share,0.0,1.0,0,3.69,free,chat,2.0,0.25,S4+,3.450382634239091,3.4347392466493223,4.884505999999959,0.0,24.0,384,100,417
20261009-065112-m7-sim-sweep2,2026-10-09T06:52:10+00:00,26,nfs,share,0.0,1.0,0,3.69,free,chat,2.0,0.25,S4+P,3.0037459999999783,3.148729528888241,4.246868613809937,0.0,24.0,384,67,338
20261009-065112-m7-sim-sweep2,2026-10-09T06:52:10+00:00,26,nfs,share,0.0,1.0,0,3.69,free,chat,2.0,0.25,S4L,3.003745999999971,3.1401578744084238,4.246868613809937,0.0,24.0,384,65,338
20261009-065112-m7-sim-sweep2,2026-10-09T06:52:10+00:00,26,nfs,share,0.0,1.0,0,3.69,free,chat,2.0,0.25,S4B,3.0037459999999783,3.1209263072870006,4.246868613809937,0.0,24.0,384,63,334
20261009-065112-m7-sim-sweep2,2026-10-09T06:52:10+00:00,26,nfs,share,0.0,1.0,0,3.69,free,chat,2.0,0.25,S5,3.450382634239091,3.4347392466493223,4.884505999999959,0.0,24.0,360,100,417
20261009-065112-m7-sim-sweep2,2026-10-09T06:52:10+00:00,26,nfs,share,0.0,1.0,0,3.69,free,chat,2.0,0.25,S5s,3.6064581448824953,3.616674361535257,4.884505999999959,0.0,24.0,224,128,469
20261009-065112-m7-sim-sweep2,2026-10-09T06:52:10+00:00,26,nfs,share,0.0,1.0,0,3.69,free,chat,2.0,0.25,S5L,3.0037459999999783,3.120106947530904,4.246868613809937,0.0,24.0,360,63,335
20261009-065112-m7-sim-sweep2,2026-10-09T06:52:10+00:00,26,nfs,share,0.0,1.0,0,3.69,free,chat,2.0,0.25,S5P,3.0037459999999783,3.1331471405641547,4.246868613809937,0.0,24.0,360,65,338
20261009-065112-m7-sim-sweep2,2026-10-09T06:52:10+00:00,26,nfs,share,0.0,1.0,0,3.69,free,chat,2.0,0.25,S5c,3.450382634239091,3.4284310902423183,4.884505999999959,0.0,24.0,224,102,415
20261009-065112-m7-sim-sweep2,2026-10-09T06:52:10+00:00,26,nfs,share,0.0,1.0,0,3.69,free,chat,2.0,0.5,S0,4.1198238095153386,4.12690844194709,5.710822938441993,0.0,32.0,0,184,584
20261009-065112-m7-sim-sweep2,2026-10-09T06:52:10+00:00,26,nfs,share,0.0,1.0,0,3.69,free,chat,2.0,0.5,S1,2.5454839999999876,2.895043023332283,3.7063142450607245,0.0,32.0,0,40,276
20261009-065112-m7-sim-sweep2,2026-10-09T06:52:10+00:00,26,nfs,share,0.0,1.0,0,3.69,free,chat,2.0,0.5,S2b,2.5454839999999876,2.858516281511044,3.7151239999999746,0.0,32.0,0,33,269
20261009-065112-m7-sim-sweep2,2026-10-09T06:52:10+00:00,26,nfs,share,0.0,1.0,0,3.69,free,chat,2.0,0.5,S4,2.5454839999999876,2.8675159615109447,3.7063142450607245,0.0,17.0,272,45,271
20261009-065112-m7-sim-sweep2,2026-10-09T06:52:10+00:00,26,nfs,share,0.0,1.0,0,3.69,free,chat,2.0,0.5,S4+,2.5454839999999876,2.858516281511044,3.7151239999999746,0.0,16.0,256,33,269
20261009-065112-m7-sim-sweep2,2026-10-09T06:52:10+00:00,26,nfs,share,0.0,1.0,0,3.69,free,chat,2.0,0.5,S4+P,2.5454839999999876,2.769155736521323,3.7063142450607245,0.0,16.0,256,24,248
20261009-065112-m7-sim-sweep2,2026-10-09T06:52:10+00:00,26,nfs,share,0.0,1.0,0,3.69,free,chat,2.0,0.5,S4L,2.5454839999999876,2.8475729578639477,3.7063142450607245,0.0,16.0,256,33,267
20261009-065112-m7-sim-sweep2,2026-10-09T06:52:10+00:00,26,nfs,share,0.0,1.0,0,3.69,free,chat,2.0,0.5,S4B,2.5454839999999876,2.6697713518673116,3.2250919999999894,0.0,16.0,256,14,220
20261009-065112-m7-sim-sweep2,2026-10-09T06:52:10+00:00,26,nfs,share,0.0,1.0,0,3.69,free,chat,2.0,0.5,S5,2.5454839999999876,2.8561867959645237,3.7151239999999746,0.0,16.0,232,33,268
20261009-065112-m7-sim-sweep2,2026-10-09T06:52:10+00:00,26,nfs,share,0.0,1.0,0,3.69,free,chat,2.0,0.5,S5s,3.408351625242119,3.267646631572806,3.892557999999994,0.0,16.0,96,98,392
20261009-065112-m7-sim-sweep2,2026-10-09T06:52:10+00:00,26,nfs,share,0.0,1.0,0,3.69,free,chat,2.0,0.5,S5L,2.5454839999999876,2.802600932732108,3.7063142450607245,0.0,16.0,232,28,254
20261009-065112-m7-sim-sweep2,2026-10-09T06:52:10+00:00,26,nfs,share,0.0,1.0,0,3.69,free,chat,2.0,0.5,S5P,2.5454839999999876,2.735562663528168,3.7063142450607245,0.0,16.0,232,21,236
20261009-065112-m7-sim-sweep2,2026-10-09T06:52:10+00:00,26,nfs,share,0.0,1.0,0,3.69,free,chat,2.0,0.5,S5c,2.5454839999999876,2.846386709381243,3.7063142450607245,0.0,16.5,104,36,266
20261009-065112-m7-sim-sweep2,2026-10-09T06:52:10+00:00,27,nfs,share,0.0,1.0,0,1.0,free,chat,0.25,0.125,S0,0.5806495000000353,0.6794199924490508,0.9434490682314163,0.0,32.0,0,32,736
20261009-065112-m7-sim-sweep2,2026-10-09T06:52:10+00:00,27,nfs,share,0.0,1.0,0,1.0,free,chat,0.25,0.125,S1,0.5627083750000281,0.6263321145947138,0.8197492500000294,0.0,32.0,0,15,696
20261009-065112-m7-sim-sweep2,2026-10-09T06:52:10+00:00,27,nfs,share,0.0,1.0,0,1.0,free,chat,0.25,0.125,S2b,0.5806495000000353,0.6441824015306636,0.9434490682314163,0.0,32.0,0,20,707
20261009-065112-m7-sim-sweep2,2026-10-09T06:52:10+00:00,27,nfs,share,0.0,1.0,0,1.0,free,chat,0.25,0.125,S4,0.5627083750000281,0.6263321145947138,0.8197492500000294,0.0,29.0,464,15,696
20261009-065112-m7-sim-sweep2,2026-10-09T06:52:10+00:00,27,nfs,share,0.0,1.0,0,1.0,free,chat,0.25,0.125,S4+,0.5806495000000353,0.6441824015306636,0.9434490682314163,0.0,28.0,448,20,707
20261009-065112-m7-sim-sweep2,2026-10-09T06:52:10+00:00,27,nfs,share,0.0,1.0,0,1.0,free,chat,0.25,0.125,S4+P,0.5447672500000209,0.6304541628912,0.8197492500000294,0.0,28.0,448,14,691
20261009-065112-m7-sim-sweep2,2026-10-09T06:52:10+00:00,27,nfs,share,0.0,1.0,0,1.0,free,chat,0.25,0.125,S4L,0.5447672500000209,0.6248370208447133,0.8197492500000294,0.0,28.0,448,14,693
20261009-065112-m7-sim-sweep2,2026-10-09T06:52:10+00:00,27,nfs,share,0.0,1.0,0,1.0,free,chat,0.25,0.125,S4B,0.5447672500000209,0.5835525549263257,0.8197492500000294,0.0,28.0,448,2,666
20261009-065112-m7-sim-sweep2,2026-10-09T06:52:10+00:00,27,nfs,share,0.0,1.0,0,1.0,free,chat,0.25,0.125,S5,0.5627083750000281,0.6332956108078669,0.9434490682314163,0.0,28.0,128,15,693
20261009-065112-m7-sim-sweep2,2026-10-09T06:52:10+00:00,27,nfs,share,0.0,1.0,0,1.0,free,chat,0.25,0.125,S5s,0.6428984091157162,0.7481253579876134,1.0885740682314236,0.0,28.5,0,32,712
20261009-065112-m7-sim-sweep2,2026-10-09T06:52:10+00:00,27,nfs,share,0.0,1.0,0,1.0,free,chat,0.25,0.125,S5L,0.5447672500000209,0.5926135227324542,0.8197492500000294,0.0,28.0,128,6,676
20261009-065112-m7-sim-sweep2,2026-10-09T06:52:10+00:00,27,nfs,share,0.0,1.0,0,1.0,free,chat,0.25,0.125,S5P,0.5447672500000209,0.5926135227324542,0.8197492500000294,0.0,28.0,128,6,676
20261009-065112-m7-sim-sweep2,2026-10-09T06:52:10+00:00,27,nfs,share,0.0,1.0,0,1.0,free,chat,0.25,0.125,S5c,0.5806495000000353,0.6441824015306636,0.9434490682314163,0.0,30.0,24,20,707
20261009-065112-m7-sim-sweep2,2026-10-09T06:52:10+00:00,27,nfs,share,0.0,1.0,0,1.0,free,chat,0.25,0.25,S0,0.5806495000000353,0.6794199924490508,0.9434490682314163,0.0,32.0,0,32,736
20261009-065112-m7-sim-sweep2,2026-10-09T06:52:10+00:00,27,nfs,share,0.0,1.0,0,1.0,free,chat,0.25,0.25,S1,0.5447672500000209,0.6110755322052507,0.8197492500000294,0.0,32.0,0,10,684
20261009-065112-m7-sim-sweep2,2026-10-09T06:52:10+00:00,27,nfs,share,0.0,1.0,0,1.0,free,chat,0.25,0.25,S2b,0.5447672500000209,0.6134633418622771,0.8197492500000294,0.0,32.0,0,9,680
20261009-065112-m7-sim-sweep2,2026-10-09T06:52:10+00:00,27,nfs,share,0.0,1.0,0,1.0,free,chat,0.25,0.25,S4,0.5447672500000209,0.6110755322052507,0.8197492500000294,0.0,24.0,384,10,684
20261009-065112-m7-sim-sweep2,2026-10-09T06:52:10+00:00,27,nfs,share,0.0,1.0,0,1.0,free,chat,0.25,0.25,S4+,0.5447672500000209,0.6134633418622771,0.8197492500000294,0.0,24.0,384,9,680
20261009-065112-m7-sim-sweep2,2026-10-09T06:52:10+00:00,27,nfs,share,0.0,1.0,0,1.0,free,chat,0.25,0.25,S4+P,0.5447672500000209,0.6059213731122762,0.8197492500000294,0.0,24.0,384,8,679
20261009-065112-m7-sim-sweep2,2026-10-09T06:52:10+00:00,27,nfs,share,0.0,1.0,0,1.0,free,chat,0.25,0.25,S4L,0.5447672500000209,0.6059213731122762,0.8197492500000294,0.0,24.0,384,8,679
20261009-065112-m7-sim-sweep2,2026-10-09T06:52:10+00:00,27,nfs,share,0.0,1.0,0,1.0,free,chat,0.25,0.25,S4B,0.5447672500000209,0.5693280833333508,0.8197492500000294,0.0,24.0,384,0,664
20261009-065112-m7-sim-sweep2,2026-10-09T06:52:10+00:00,27,nfs,share,0.0,1.0,0,1.0,free,chat,0.25,0.25,S5,0.5447672500000209,0.5960999431859667,0.8197492500000294,0.0,24.0,64,4,668
20261009-065112-m7-sim-sweep2,2026-10-09T06:52:10+00:00,27,nfs,share,0.0,1.0,0,1.0,free,chat,0.25,0.25,S5s,0.6428984091157162,0.7481253579876134,1.0885740682314236,0.0,28.5,0,32,712
20261009-065112-m7-sim-sweep2,2026-10-09T06:52:10+00:00,27,nfs,share,0.0,1.0,0,1.0,free,chat,0.25,0.25,S5L,0.5447672500000209,0.5818754715929918,0.8197492500000294,0.0,24.0,64,2,666
20261009-065112-m7-sim-sweep2,2026-10-09T06:52:10+00:00,27,nfs,share,0.0,1.0,0,1.0,free,chat,0.25,0.25,S5P,0.5447672500000209,0.5818754715929918,0.8197492500000294,0.0,24.0,64,2,666
20261009-065112-m7-sim-sweep2,2026-10-09T06:52:10+00:00,27,nfs,share,0.0,1.0,0,1.0,free,chat,0.25,0.25,S5c,0.5447672500000209,0.6134633418622771,0.8197492500000294,0.0,30.0,24,9,680
20261009-065112-m7-sim-sweep2,2026-10-09T06:52:10+00:00,27,nfs,share,0.0,1.0,0,1.0,free,chat,0.25,0.5,S0,0.5806495000000353,0.6794199924490508,0.9434490682314163,0.0,32.0,0,32,736
20261009-065112-m7-sim-sweep2,2026-10-09T06:52:10+00:00,27,nfs,share,0.0,1.0,0,1.0,free,chat,0.25,0.5,S1,0.5447672500000209,0.5902018077693008,0.8197492500000294,0.0,32.0,0,5,674
20261009-065112-m7-sim-sweep2,2026-10-09T06:52:10+00:00,27,nfs,share,0.0,1.0,0,1.0,free,chat,0.25,0.5,S2b,0.5447672500000209,0.5835525549263257,0.8197492500000294,0.0,32.0,0,2,666
20261009-065112-m7-sim-sweep2,2026-10-09T06:52:10+00:00,27,nfs,share,0.0,1.0,0,1.0,free,chat,0.25,0.5,S4,0.5447672500000209,0.5902018077693008,0.8197492500000294,0.0,17.0,272,5,674
20261009-065112-m7-sim-sweep2,2026-10-09T06:52:10+00:00,27,nfs,share,0.0,1.0,0,1.0,free,chat,0.25,0.5,S4+,0.5447672500000209,0.5835525549263257,0.8197492500000294,0.0,16.0,256,2,666
20261009-065112-m7-sim-sweep2,2026-10-09T06:52:10+00:00,27,nfs,share,0.0,1.0,0,1.0,free,chat,0.25,0.5,S4+P,0.5447672500000209,0.5835525549263257,0.8197492500000294,0.0,16.0,256,2,666
20261009-065112-m7-sim-sweep2,2026-10-09T06:52:10+00:00,27,nfs,share,0.0,1.0,0,1.0,free,chat,0.25,0.5,S4L,0.5447672500000209,0.5850476486763263,0.8197492500000294,0.0,16.0,256,3,669
20261009-065112-m7-sim-sweep2,2026-10-09T06:52:10+00:00,27,nfs,share,0.0,1.0,0,1.0,free,chat,0.25,0.5,S4B,0.5447672500000209,0.5693280833333508,0.8197492500000294,0.0,16.0,256,0,664
20261009-065112-m7-sim-sweep2,2026-10-09T06:52:10+00:00,27,nfs,share,0.0,1.0,0,1.0,free,chat,0.25,0.5,S5,0.5447672500000209,0.5676510000000169,0.8197492500000294,0.0,20.0,0,0,664
20261009-065112-m7-sim-sweep2,2026-10-09T06:52:10+00:00,27,nfs,share,0.0,1.0,0,1.0,free,chat,0.25,0.5,S5s,0.6428984091157162,0.7481253579876134,1.0885740682314236,0.0,28.5,0,32,712
20261009-065112-m7-sim-sweep2,2026-10-09T06:52:10+00:00,27,nfs,share,0.0,1.0,0,1.0,free,chat,0.25,0.5,S5L,0.5447672500000209,0.5676510000000169,0.8197492500000294,0.0,20.0,0,0,664
20261009-065112-m7-sim-sweep2,2026-10-09T06:52:10+00:00,27,nfs,share,0.0,1.0,0,1.0,free,chat,0.25,0.5,S5P,0.5447672500000209,0.5676510000000169,0.8197492500000294,0.0,20.0,0,0,664
20261009-065112-m7-sim-sweep2,2026-10-09T06:52:10+00:00,27,nfs,share,0.0,1.0,0,1.0,free,chat,0.25,0.5,S5c,0.5447672500000209,0.5835525549263257,0.8197492500000294,0.0,29.0,8,2,666
20261009-065112-m7-sim-sweep2,2026-10-09T06:52:10+00:00,28,nfs,share,0.0,1.0,0,1.0,free,chat,0.5,0.125,S0,1.1406718182314108,1.246691371269982,1.8868981364628183,0.0,32.0,0,56,712
20261009-065112-m7-sim-sweep2,2026-10-09T06:52:10+00:00,28,nfs,share,0.0,1.0,0,1.0,free,chat,0.5,0.125,S1,1.0788219091157245,1.1234861865788683,1.4509395000000325,0.0,32.0,0,25,651
20261009-065112-m7-sim-sweep2,2026-10-09T06:52:10+00:00,28,nfs,share,0.0,1.0,0,1.0,free,chat,0.5,0.125,S2b,1.1406718182314108,1.1881166894332083,1.8868981364628183,0.0,32.0,0,38,672
20261009-065112-m7-sim-sweep2,2026-10-09T06:52:10+00:00,28,nfs,share,0.0,1.0,0,1.0,free,chat,0.5,0.125,S4,1.0788219091157245,1.1234861865788683,1.4509395000000325,0.0,29.0,464,25,651
20261009-065112-m7-sim-sweep2,2026-10-09T06:52:10+00:00,28,nfs,share,0.0,1.0,0,1.0,free,chat,0.5,0.125,S4+,1.1406718182314108,1.1881166894332083,1.8868981364628183,0.0,28.0,448,38,672
20261009-065112-m7-sim-sweep2,2026-10-09T06:52:10+00:00,28,nfs,share,0.0,1.0,0,1.0,free,chat,0.5,0.125,S4+P,1.016972000000031,1.1272348191525612,1.4509395000000325,0.0,28.0,448,23,643
20261009-065112-m7-sim-sweep2,2026-10-09T06:52:10+00:00,28,nfs,share,0.0,1.0,0,1.0,free,chat,0.5,0.125,S4L,1.016972000000031,1.1183320274858939,1.4509395000000325,0.0,28.0,448,23,646
20261009-065112-m7-sim-sweep2,2026-10-09T06:52:10+00:00,28,nfs,share,0.0,1.0,0,1.0,free,chat,0.5,0.125,S4B,1.016972000000024,1.0599299905385802,1.450939500000004,0.0,28.0,448,8,616
20261009-065112-m7-sim-sweep2,2026-10-09T06:52:10+00:00,28,nfs,share,0.0,1.0,0,1.0,free,chat,0.5,0.125,S5,1.1406718182314108,1.1719040862104109,1.8868981364628183,0.0,28.0,240,35,667
20261009-065112-m7-sim-sweep2,2026-10-09T06:52:10+00:00,28,nfs,share,0.0,1.0,0,1.0,free,chat,0.5,0.125,S5s,1.3583593182314218,1.242386244359519,1.6180733182314242,0.0,28.0,72,43,670
20261009-065112-m7-sim-sweep2,2026-10-09T06:52:10+00:00,28,nfs,share,0.0,1.0,0,1.0,free,chat,0.5,0.125,S5L,1.016972000000024,1.0821239469841721,1.4509395000000183,0.0,28.0,240,14,627
20261009-065112-m7-sim-sweep2,2026-10-09T06:52:10+00:00,28,nfs,share,0.0,1.0,0,1.0,free,chat,0.5,0.125,S5P,1.016972000000024,1.0821239469841721,1.4509395000000183,0.0,28.0,240,14,627
20261009-065112-m7-sim-sweep2,2026-10-09T06:52:10+00:00,28,nfs,share,0.0,1.0,0,1.0,free,chat,0.5,0.125,S5c,1.1406718182314108,1.1881166894332083,1.8868981364628183,0.0,28.0,72,38,672
20261009-065112-m7-sim-sweep2,2026-10-09T06:52:10+00:00,28,nfs,share,0.0,1.0,0,1.0,free,chat,0.5,0.25,S0,1.1406718182314108,1.246691371269982,1.8868981364628183,0.0,32.0,0,56,712
20261009-065112-m7-sim-sweep2,2026-10-09T06:52:10+00:00,28,nfs,share,0.0,1.0,0,1.0,free,chat,0.5,0.25,S1,1.016972000000024,1.091091647743814,1.450939500000004,0.0,32.0,0,16,632
20261009-065112-m7-sim-sweep2,2026-10-09T06:52:10+00:00,28,nfs,share,0.0,1.0,0,1.0,free,chat,0.5,0.25,S2b,1.0788219091157174,1.0870220435771476,1.450939500000004,0.0,32.0,0,16,633
20261009-065112-m7-sim-sweep2,2026-10-09T06:52:10+00:00,28,nfs,share,0.0,1.0,0,1.0,free,chat,0.5,0.25,S4,1.016972000000024,1.091091647743814,1.450939500000004,0.0,24.0,384,16,632
20261009-065112-m7-sim-sweep2,2026-10-09T06:52:10+00:00,28,nfs,share,0.0,1.0,0,1.0,free,chat,0.5,0.25,S4+,1.0788219091157174,1.0870220435771476,1.450939500000004,0.0,24.0,384,16,633
20261009-065112-m7-sim-sweep2,2026-10-09T06:52:10+00:00,28,nfs,share,0.0,1.0,0,1.0,free,chat,0.5,0.25,S4+P,1.016972000000024,1.0818486903543523,1.450939500000004,0.0,24.0,384,13,625
20261009-065112-m7-sim-sweep2,2026-10-09T06:52:10+00:00,28,nfs,share,0.0,1.0,0,1.0,free,chat,0.5,0.25,S4L,1.016972000000024,1.0729267045578617,1.450939500000004,0.0,24.0,384,12,625
20261009-065112-m7-sim-sweep2,2026-10-09T06:52:10+00:00,28,nfs,share,0.0,1.0,0,1.0,free,chat,0.5,0.25,S4B,1.016972000000024,1.0287683333333462,1.450939500000004,0.0,24.0,384,0,600
20261009-065112-m7-sim-sweep2,2026-10-09T06:52:10+00:00,28,nfs,share,0.0,1.0,0,1.0,free,chat,0.5,0.25,S5,1.016972000000024,1.0783653911139943,1.450939500000004,0.0,24.0,176,15,631
20261009-065112-m7-sim-sweep2,2026-10-09T06:52:10+00:00,28,nfs,share,0.0,1.0,0,1.0,free,chat,0.5,0.25,S5s,1.3583593182314218,1.252994556859522,1.6180733182314242,0.0,24.0,8,40,656
20261009-065112-m7-sim-sweep2,2026-10-09T06:52:10+00:00,28,nfs,share,0.0,1.0,0,1.0,free,chat,0.5,0.25,S5L,1.016972000000024,1.0588048447052465,1.450939500000004,0.0,24.0,176,8,615
20261009-065112-m7-sim-sweep2,2026-10-09T06:52:10+00:00,28,nfs,share,0.0,1.0,0,1.0,free,chat,0.5,0.25,S5P,1.016972000000024,1.0607629214087595,1.450939500000004,0.0,24.0,176,7,611
20261009-065112-m7-sim-sweep2,2026-10-09T06:52:10+00:00,28,nfs,share,0.0,1.0,0,1.0,free,chat,0.5,0.25,S5c,1.0788219091157174,1.0870220435771476,1.450939500000004,0.0,28.0,72,16,633
20261009-065112-m7-sim-sweep2,2026-10-09T06:52:10+00:00,28,nfs,share,0.0,1.0,0,1.0,free,chat,0.5,0.5,S0,1.1406718182314108,1.246691371269982,1.8868981364628183,0.0,32.0,0,56,712
20261009-065112-m7-sim-sweep2,2026-10-09T06:52:10+00:00,28,nfs,share,0.0,1.0,0,1.0,free,chat,0.5,0.5,S1,1.016972000000024,1.0599299905385802,1.450939500000004,0.0,32.0,0,8,616
20261009-065112-m7-sim-sweep2,2026-10-09T06:52:10+00:00,28,nfs,share,0.0,1.0,0,1.0,free,chat,0.5,0.5,S2b,1.016972000000024,1.0406996865561418,1.450939500000004,0.0,32.0,0,3,606
20261009-065112-m7-sim-sweep2,2026-10-09T06:52:10+00:00,28,nfs,share,0.0,1.0,0,1.0,free,chat,0.5,0.5,S4,1.016972000000024,1.0599299905385802,1.450939500000004,0.0,17.0,272,8,616
20261009-065112-m7-sim-sweep2,2026-10-09T06:52:10+00:00,28,nfs,share,0.0,1.0,0,1.0,free,chat,0.5,0.5,S4+,1.016972000000024,1.0406996865561418,1.450939500000004,0.0,16.0,256,3,606
20261009-065112-m7-sim-sweep2,2026-10-09T06:52:10+00:00,28,nfs,share,0.0,1.0,0,1.0,free,chat,0.5,0.5,S4+P,1.016972000000024,1.0366108882596545,1.450939500000004,0.0,16.0,256,2,604
20261009-065112-m7-sim-sweep2,2026-10-09T06:52:10+00:00,28,nfs,share,0.0,1.0,0,1.0,free,chat,0.5,0.5,S4L,1.016972000000024,1.041765047352629,1.450939500000004,0.0,16.0,256,4,609
20261009-065112-m7-sim-sweep2,2026-10-09T06:52:10+00:00,28,nfs,share,0.0,1.0,0,1.0,free,chat,0.5,0.5,S4B,1.016972000000024,1.0287683333333462,1.450939500000004,0.0,16.0,256,0,600
20261009-065112-m7-sim-sweep2,2026-10-09T06:52:10+00:00,28,nfs,share,0.0,1.0,0,1.0,free,chat,0.5,0.5,S5,1.016972000000024,1.0280624583333466,1.450939500000004,0.0,16.0,48,0,599
20261009-065112-m7-sim-sweep2,2026-10-09T06:52:10+00:00,28,nfs,share,0.0,1.0,0,1.0,free,chat,0.5,0.5,S5s,1.3583593182314218,1.252994556859522,1.6180733182314242,0.0,23.5,0,40,656
20261009-065112-m7-sim-sweep2,2026-10-09T06:52:10+00:00,28,nfs,share,0.0,1.0,0,1.0,free,chat,0.5,0.5,S5L,1.016972000000024,1.0280624583333466,1.450939500000004,0.0,16.0,48,0,599
20261009-065112-m7-sim-sweep2,2026-10-09T06:52:10+00:00,28,nfs,share,0.0,1.0,0,1.0,free,chat,0.5,0.5,S5P,1.016972000000024,1.0280624583333466,1.450939500000004,0.0,16.0,48,0,599
20261009-065112-m7-sim-sweep2,2026-10-09T06:52:10+00:00,28,nfs,share,0.0,1.0,0,1.0,free,chat,0.5,0.5,S5c,1.016972000000024,1.0406996865561418,1.450939500000004,0.0,25.5,32,3,606
20261009-065112-m7-sim-sweep2,2026-10-09T06:52:10+00:00,29,nfs,share,0.0,1.0,0,1.0,free,chat,2.0,0.125,S0,4.1198238095153386,4.12690844194709,5.710822938441993,0.0,32.0,0,184,584
20261009-065112-m7-sim-sweep2,2026-10-09T06:52:10+00:00,29,nfs,share,0.0,1.0,0,1.0,free,chat,2.0,0.125,S1,3.6484184047576917,3.6940300163542514,4.833327882694789,0.0,32.0,0,97,485
20261009-065112-m7-sim-sweep2,2026-10-09T06:52:10+00:00,29,nfs,share,0.0,1.0,0,1.0,free,chat,2.0,0.125,S2b,4.1198238095153386,3.9089924035243766,5.710822938441993,0.0,32.0,0,139,533
20261009-065112-m7-sim-sweep2,2026-10-09T06:52:10+00:00,29,nfs,share,0.0,1.0,0,1.0,free,chat,2.0,0.125,S4,3.4936184999999966,3.6753641210770307,4.898643636462879,0.0,29.0,464,97,485
20261009-065112-m7-sim-sweep2,2026-10-09T06:52:10+00:00,29,nfs,share,0.0,1.0,0,1.0,free,chat,2.0,0.125,S4+,4.1198238095153386,3.9089924035243766,5.710822938441993,0.0,28.0,448,139,533
20261009-065112-m7-sim-sweep2,2026-10-09T06:52:10+00:00,29,nfs,share,0.0,1.0,0,1.0,free,chat,2.0,0.125,S4+P,3.443115988673597,3.639371713048987,4.833327882694789,0.0,28.0,448,85,474
20261009-065112-m7-sim-sweep2,2026-10-09T06:52:10+00:00,29,nfs,share,0.0,1.0,0,1.0,free,chat,2.0,0.125,S4L,3.177013000000045,3.631215070845496,4.833327882694789,0.0,28.0,448,85,472
20261009-065112-m7-sim-sweep2,2026-10-09T06:52:10+00:00,29,nfs,share,0.0,1.0,0,1.0,free,chat,2.0,0.125,S4B,3.177013000000045,3.553110292947279,4.833327882694789,0.0,28.0,448,70,454
20261009-065112-m7-sim-sweep2,2026-10-09T06:52:10+00:00,29,nfs,share,0.0,1.0,0,1.0,free,chat,2.0,0.125,S5,4.1198238095153386,3.9081538618577096,5.710822938441993,0.0,28.0,384,139,533
20261009-065112-m7-sim-sweep2,2026-10-09T06:52:10+00:00,29,nfs,share,0.0,1.0,0,1.0,free,chat,2.0,0.125,S5s,4.1198238095153386,3.950989695045406,5.710822938441993,0.0,28.0,288,146,536
20261009-065112-m7-sim-sweep2,2026-10-09T06:52:10+00:00,29,nfs,share,0.0,1.0,0,1.0,free,chat,2.0,0.125,S5L,3.177013000000045,3.577867591243766,4.833327882694789,0.0,28.0,384,74,459
20261009-065112-m7-sim-sweep2,2026-10-09T06:52:10+00:00,29,nfs,share,0.0,1.0,0,1.0,free,chat,2.0,0.125,S5P,3.3978904999999884,3.615332672689357,4.833327882694789,0.0,28.0,384,80,467
20261009-065112-m7-sim-sweep2,2026-10-09T06:52:10+00:00,29,nfs,share,0.0,1.0,0,1.0,free,chat,2.0,0.125,S5c,4.1198238095153386,3.890390313247215,5.710822938441993,0.0,28.0,288,140,532
20261009-065112-m7-sim-sweep2,2026-10-09T06:52:10+00:00,29,nfs,share,0.0,1.0,0,1.0,free,chat,2.0,0.25,S0,4.1198238095153386,4.12690844194709,5.710822938441993,0.0,32.0,0,184,584
20261009-065112-m7-sim-sweep2,2026-10-09T06:52:10+00:00,29,nfs,share,0.0,1.0,0,1.0,free,chat,2.0,0.25,S1,3.177013000000045,3.516547998957812,4.833327882694789,0.0,32.0,0,62,446
20261009-065112-m7-sim-sweep2,2026-10-09T06:52:10+00:00,29,nfs,share,0.0,1.0,0,1.0,free,chat,2.0,0.25,S2b,3.685722056904993,3.628457889394624,4.995232896631592,0.0,32.0,0,84,472
20261009-065112-m7-sim-sweep2,2026-10-09T06:52:10+00:00,29,nfs,share,0.0,1.0,0,1.0,free,chat,2.0,0.25,S4,3.177013000000045,3.5191755552384674,4.672497999999962,0.0,24.0,384,60,448
20261009-065112-m7-sim-sweep2,2026-10-09T06:52:10+00:00,29,nfs,share,0.0,1.0,0,1.0,free,chat,2.0,0.25,S4+,3.685722056904993,3.628457889394624,4.995232896631592,0.0,24.0,384,84,472
20261009-065112-m7-sim-sweep2,2026-10-09T06:52:10+00:00,29,nfs,share,0.0,1.0,0,1.0,free,chat,2.0,0.25,S4+P,3.177013000000045,3.468042725220976,4.268580000000014,0.0,24.0,384,52,437
20261009-065112-m7-sim-sweep2,2026-10-09T06:52:10+00:00,29,nfs,share,0.0,1.0,0,1.0,free,chat,2.0,0.25,S4L,3.177013000000045,3.4564545431893965,4.268580000000014,0.0,24.0,384,49,434
20261009-065112-m7-sim-sweep2,2026-10-09T06:52:10+00:00,29,nfs,share,0.0,1.0,0,1.0,free,chat,2.0,0.25,S4B,3.177013000000045,3.357766399389441,4.268579999999957,0.0,24.0,384,31,411
20261009-065112-m7-sim-sweep2,2026-10-09T06:52:10+00:00,29,nfs,share,0.0,1.0,0,1.0,free,chat,2.0,0.25,S5,3.6756595569049892,3.626361535227957,4.995232896631592,0.0,24.0,320,84,472
20261009-065112-m7-sim-sweep2,2026-10-09T06:52:10+00:00,29,nfs,share,0.0,1.0,0,1.0,free,chat,2.0,0.25,S5s,3.6968470569049856,3.7355065612875915,4.995232896631592,0.0,24.0,224,107,490
20261009-065112-m7-sim-sweep2,2026-10-09T06:52:10+00:00,29,nfs,share,0.0,1.0,0,1.0,free,chat,2.0,0.25,S5L,3.177013000000045,3.439906898299933,4.268579999999986,0.0,24.0,320,46,429
20261009-065112-m7-sim-sweep2,2026-10-09T06:52:10+00:00,29,nfs,share,0.0,1.0,0,1.0,free,chat,2.0,0.25,S5P,3.177013000000045,3.445062757354315,4.268579999999986,0.0,24.0,320,46,430
20261009-065112-m7-sim-sweep2,2026-10-09T06:52:10+00:00,29,nfs,share,0.0,1.0,0,1.0,free,chat,2.0,0.25,S5c,3.685722056904993,3.625736399654287,4.995232896631592,0.0,24.0,224,85,471
20261009-065112-m7-sim-sweep2,2026-10-09T06:52:10+00:00,29,nfs,share,0.0,1.0,0,1.0,free,chat,2.0,0.5,S0,4.1198238095153386,4.12690844194709,5.710822938441993,0.0,32.0,0,184,584
20261009-065112-m7-sim-sweep2,2026-10-09T06:52:10+00:00,29,nfs,share,0.0,1.0,0,1.0,free,chat,2.0,0.5,S1,3.177013000000045,3.357766399389441,4.268579999999957,0.0,32.0,0,31,411
20261009-065112-m7-sim-sweep2,2026-10-09T06:52:10+00:00,29,nfs,share,0.0,1.0,0,1.0,free,chat,2.0,0.5,S2b,3.177013000000045,3.310713115175405,4.268579999999957,0.0,32.0,0,19,403
20261009-065112-m7-sim-sweep2,2026-10-09T06:52:10+00:00,29,nfs,share,0.0,1.0,0,1.0,free,chat,2.0,0.5,S4,3.177013000000045,3.338108544691235,4.268579999999957,0.0,17.0,272,34,408
20261009-065112-m7-sim-sweep2,2026-10-09T06:52:10+00:00,29,nfs,share,0.0,1.0,0,1.0,free,chat,2.0,0.5,S4+,3.177013000000045,3.310713115175405,4.268579999999957,0.0,16.0,256,19,403
20261009-065112-m7-sim-sweep2,2026-10-09T06:52:10+00:00,29,nfs,share,0.0,1.0,0,1.0,free,chat,2.0,0.5,S4+P,3.177013000000045,3.2540098096683967,4.268579999999957,0.0,16.0,256,9,390
20261009-065112-m7-sim-sweep2,2026-10-09T06:52:10+00:00,29,nfs,share,0.0,1.0,0,1.0,free,chat,2.0,0.5,S4L,3.177013000000045,3.3212041053999743,4.268579999999957,0.0,16.0,256,23,403
20261009-065112-m7-sim-sweep2,2026-10-09T06:52:10+00:00,29,nfs,share,0.0,1.0,0,1.0,free,chat,2.0,0.5,S4B,3.177013000000045,3.2042783333333436,4.268579999999957,0.0,16.0,256,0,376
20261009-065112-m7-sim-sweep2,2026-10-09T06:52:10+00:00,29,nfs,share,0.0,1.0,0,1.0,free,chat,2.0,0.5,S5,3.177013000000045,3.309191761008734,4.268579999999957,0.0,16.0,192,19,403
20261009-065112-m7-sim-sweep2,2026-10-09T06:52:10+00:00,29,nfs,share,0.0,1.0,0,1.0,free,chat,2.0,0.5,S5s,3.561278223579052,3.4753874175613877,4.324142854821162,0.0,16.0,96,59,431
20261009-065112-m7-sim-sweep2,2026-10-09T06:52:10+00:00,29,nfs,share,0.0,1.0,0,1.0,free,chat,2.0,0.5,S5L,3.177013000000045,3.2409452964087553,4.268579999999957,0.0,16.0,192,7,386
20261009-065112-m7-sim-sweep2,2026-10-09T06:52:10+00:00,29,nfs,share,0.0,1.0,0,1.0,free,chat,2.0,0.5,S5P,3.177013000000045,3.233336643945597,4.268579999999957,0.0,16.0,192,6,386
20261009-065112-m7-sim-sweep2,2026-10-09T06:52:10+00:00,29,nfs,share,0.0,1.0,0,1.0,free,chat,2.0,0.5,S5c,3.177013000000045,3.304891699452608,4.268579999999957,0.0,16.5,104,20,402
20261009-065112-m7-sim-sweep2,2026-10-09T06:52:10+00:00,30,nfs,share,0.0,1.0,0,35.4159,hold,doc,1.0,0.125,S0,2.8572437717901096,3.1413991098426375,3.244701591157053,0.23251231804939643,33.5,0,299,1261
20261009-065112-m7-sim-sweep2,2026-10-09T06:52:10+00:00,30,nfs,share,0.0,1.0,0,35.4159,hold,doc,1.0,0.125,S1,2.8572437717901096,2.8041383861939058,3.244701591157053,0.26395565332363385,33.5,0,255,1114
20261009-065112-m7-sim-sweep2,2026-10-09T06:52:10+00:00,30,nfs,share,0.0,1.0,0,35.4159,hold,doc,1.0,0.125,S2b,2.407497763325594,3.2494665325126673,6.888275560280462,0.8952817587988976,33.5,0,260,1082
20261009-065112-m7-sim-sweep2,2026-10-09T06:52:10+00:00,30,nfs,share,0.0,1.0,0,35.4159,hold,doc,1.0,0.125,S4,2.7337284556632824,3.312704646766921,3.3413103555847954,0.8321185802649964,32.75,524,279,1090
20261009-065112-m7-sim-sweep2,2026-10-09T06:52:10+00:00,30,nfs,share,0.0,1.0,0,35.4159,hold,doc,1.0,0.125,S4+,2.460338230868217,3.4683452949591227,8.460226644821347,1.1859312339540924,29.3125,469,277,1065
20261009-065112-m7-sim-sweep2,2026-10-09T06:52:10+00:00,30,nfs,share,0.0,1.0,0,35.4159,hold,doc,1.0,0.125,S4+P,2.825107731923225,3.3850421009886325,7.021908302005357,1.1859312339540924,29.3125,469,265,980
20261009-065112-m7-sim-sweep2,2026-10-09T06:52:10+00:00,30,nfs,share,0.0,1.0,0,35.4159,hold,doc,1.0,0.125,S4L,2.825107731923225,3.385958840375492,6.851435302005342,1.1859312339540924,29.3125,469,265,979
20261009-065112-m7-sim-sweep2,2026-10-09T06:52:10+00:00,30,nfs,share,0.0,1.0,0,35.4159,hold,doc,1.0,0.125,S4B,2.825107731923225,3.3784609181087553,6.851435302005342,1.1859312339540924,29.3125,469,264,975
20261009-065112-m7-sim-sweep2,2026-10-09T06:52:10+00:00,30,nfs,share,0.0,1.0,0,35.4159,hold,doc,1.0,0.125,S5,2.460338230868217,3.4683452949591227,8.460226644821347,1.1859312339540924,29.3125,445,277,1065
20261009-065112-m7-sim-sweep2,2026-10-09T06:52:10+00:00,30,nfs,share,0.0,1.0,0,35.4159,hold,doc,1.0,0.125,S5s,2.460338230868217,3.306040841618536,5.987785265510183,1.0000252808380576,29.3125,61,276,1070
20261009-065112-m7-sim-sweep2,2026-10-09T06:52:10+00:00,30,nfs,share,0.0,1.0,0,35.4159,hold,doc,1.0,0.125,S5L,2.825107731923225,3.3784609181087553,6.851435302005342,1.1859312339540924,29.3125,445,264,975
20261009-065112-m7-sim-sweep2,2026-10-09T06:52:10+00:00,30,nfs,share,0.0,1.0,0,35.4159,hold,doc,1.0,0.125,S5P,2.825107731923225,3.39865520329579,7.021908302005357,1.1859312339540924,29.3125,445,267,979
20261009-065112-m7-sim-sweep2,2026-10-09T06:52:10+00:00,30,nfs,share,0.0,1.0,0,35.4159,hold,doc,1.0,0.125,S5c,2.460338230868217,3.3381182910866234,6.757644052744283,1.0476892068289814,29.3125,61,276,1066
20261009-065112-m7-sim-sweep2,2026-10-09T06:52:10+00:00,30,nfs,share,0.0,1.0,0,35.4159,hold,doc,1.0,0.25,S0,2.8572437717901096,3.0026218527727333,3.244701591157053,0.0642944107445107,33.5,0,289,1271
20261009-065112-m7-sim-sweep2,2026-10-09T06:52:10+00:00,30,nfs,share,0.0,1.0,0,35.4159,hold,doc,1.0,0.25,S1,2.682039000000003,2.654647379351274,2.9831509999999923,0.4572622983280669,33.5,0,210,972
20261009-065112-m7-sim-sweep2,2026-10-09T06:52:10+00:00,30,nfs,share,0.0,1.0,0,35.4159,hold,doc,1.0,0.25,S2b,1.943375147110629,2.6168143226680267,5.48322374681625,0.7318136023416736,33.5,0,192,925
20261009-065112-m7-sim-sweep2,2026-10-09T06:52:10+00:00,30,nfs,share,0.0,1.0,0,35.4159,hold,doc,1.0,0.25,S4,2.7319637115793967,2.947505267216035,3.5466836521885625,0.7822049034264117,28.25,452,232,950
20261009-065112-m7-sim-sweep2,2026-10-09T06:52:10+00:00,30,nfs,share,0.0,1.0,0,35.4159,hold,doc,1.0,0.25,S4+,2.095601101855138,3.045435898366323,7.735131874962505,1.1859312339540928,25.125,402,221,896
20261009-065112-m7-sim-sweep2,2026-10-09T06:52:10+00:00,30,nfs,share,0.0,1.0,0,35.4159,hold,doc,1.0,0.25,S4+P,2.8242253598812823,3.195156202858856,6.851435302005342,1.1859312339540928,25.125,402,240,891
20261009-065112-m7-sim-sweep2,2026-10-09T06:52:10+00:00,30,nfs,share,0.0,1.0,0,35.4159,hold,doc,1.0,0.25,S4L,2.825107731923225,3.1877969991396014,6.851435302005342,1.1859312339540928,25.125,402,239,883
20261009-065112-m7-sim-sweep2,2026-10-09T06:52:10+00:00,30,nfs,share,0.0,1.0,0,35.4159,hold,doc,1.0,0.25,S4B,2.825107731923225,3.180673873652664,6.851435302005342,1.1859312339540928,25.125,402,238,880
20261009-065112-m7-sim-sweep2,2026-10-09T06:52:10+00:00,30,nfs,share,0.0,1.0,0,35.4159,hold,doc,1.0,0.25,S5,2.095601101855138,3.045435898366323,7.735131874962505,1.1859312339540928,25.125,378,221,896
20261009-065112-m7-sim-sweep2,2026-10-09T06:52:10+00:00,30,nfs,share,0.0,1.0,0,35.4159,hold,doc,1.0,0.25,S5s,2.0015747094693666,2.413214771133678,3.022968518777745,0.3388073228607844,25.5,0,222,1002
20261009-065112-m7-sim-sweep2,2026-10-09T06:52:10+00:00,30,nfs,share,0.0,1.0,0,35.4159,hold,doc,1.0,0.25,S5L,2.825107731923225,3.180673873652664,6.851435302005342,1.1859312339540928,25.125,378,238,880
20261009-065112-m7-sim-sweep2,2026-10-09T06:52:10+00:00,30,nfs,share,0.0,1.0,0,35.4159,hold,doc,1.0,0.25,S5P,2.8242253598812823,3.1644292037569843,6.851435302005342,1.1859312339540928,25.125,378,236,887
20261009-065112-m7-sim-sweep2,2026-10-09T06:52:10+00:00,30,nfs,share,0.0,1.0,0,35.4159,hold,doc,1.0,0.25,S5c,2.0016070815112954,2.575325982430689,4.518740545629456,0.6916268022922237,25.5,0,216,901
20261009-065112-m7-sim-sweep2,2026-10-09T06:52:10+00:00,30,nfs,share,0.0,1.0,0,35.4159,hold,doc,1.0,0.5,S0,2.8572437717901096,2.9437704215088973,3.244701591157053,0.0,33.5,0,287,1273
20261009-065112-m7-sim-sweep2,2026-10-09T06:52:10+00:00,30,nfs,share,0.0,1.0,0,35.4159,hold,doc,1.0,0.5,S1,2.681613999999996,1.778809123913085,2.982301000000021,0.0,33.5,0,147,791
20261009-065112-m7-sim-sweep2,2026-10-09T06:52:10+00:00,30,nfs,share,0.0,1.0,0,35.4159,hold,doc,1.0,0.5,S2b,1.2227296886261456,1.9076237425887712,1.4080261912310448,0.8129225369773133,33.5,0,93,575
20261009-065112-m7-sim-sweep2,2026-10-09T06:52:10+00:00,30,nfs,share,0.0,1.0,0,35.4159,hold,doc,1.0,0.5,S4,2.7311137115793755,2.4438580442012605,2.9831509999999923,0.7392907282831475,20.0625,321,181,757
20261009-065112-m7-sim-sweep2,2026-10-09T06:52:10+00:00,30,nfs,share,0.0,1.0,0,35.4159,hold,doc,1.0,0.5,S4+,1.3696239599548221,1.967109017747201,1.3740034481226076,0.8613665870462791,16.75,268,121,547
20261009-065112-m7-sim-sweep2,2026-10-09T06:52:10+00:00,30,nfs,share,0.0,1.0,0,35.4159,hold,doc,1.0,0.5,S4+P,1.5977505203438653,2.124140181157694,2.6442428534376745,0.8613665870462791,16.75,268,140,618
20261009-065112-m7-sim-sweep2,2026-10-09T06:52:10+00:00,30,nfs,share,0.0,1.0,0,35.4159,hold,doc,1.0,0.5,S4L,1.4716806863631575,2.2021014996867816,2.827722476007125,0.8613665870462791,16.75,268,151,610
20261009-065112-m7-sim-sweep2,2026-10-09T06:52:10+00:00,30,nfs,share,0.0,1.0,0,35.4159,hold,doc,1.0,0.5,S4B,1.2818386368377048,2.1544203942949376,2.827722476007125,0.8613665870462791,16.75,268,145,589
20261009-065112-m7-sim-sweep2,2026-10-09T06:52:10+00:00,30,nfs,share,0.0,1.0,0,35.4159,hold,doc,1.0,0.5,S5,1.3696239599548221,1.9151036342959202,1.3740034481226076,0.8093695768743624,16.75,244,121,547
20261009-065112-m7-sim-sweep2,2026-10-09T06:52:10+00:00,30,nfs,share,0.0,1.0,0,35.4159,hold,doc,1.0,0.5,S5s,2.0015747094693666,2.117684978008431,2.3213051534828537,0.0,25.5,0,214,1010
20261009-065112-m7-sim-sweep2,2026-10-09T06:52:10+00:00,30,nfs,share,0.0,1.0,0,35.4159,hold,doc,1.0,0.5,S5L,1.2818386368377048,2.102415010843657,2.827722476007125,0.8093695768743624,16.75,244,145,589
20261009-065112-m7-sim-sweep2,2026-10-09T06:52:10+00:00,30,nfs,share,0.0,1.0,0,35.4159,hold,doc,1.0,0.5,S5P,1.5977505203438653,2.05698474940362,2.6442428534376745,0.8093695768743624,16.75,244,138,606
20261009-065112-m7-sim-sweep2,2026-10-09T06:52:10+00:00,30,nfs,share,0.0,1.0,0,35.4159,hold,doc,1.0,0.5,S5c,1.2756299396109796,1.6567476670986985,1.342710437462955,0.5430822753352315,25.5,0,112,556
20261009-065112-m7-sim-sweep2,2026-10-09T06:52:10+00:00,31,local,share,0.0,1.0,0,35.4159,hold,chat,1.0,0.125,S0,1.5431829999999849,1.4975553333333285,1.9014390000000105,0.0,32.0,0,440,328
20261009-065112-m7-sim-sweep2,2026-10-09T06:52:10+00:00,31,local,share,0.0,1.0,0,35.4159,hold,chat,1.0,0.125,S1,1.4117682065787207,1.3723821305741464,1.7811983560002176,0.0,32.0,0,287,246
20261009-065112-m7-sim-sweep2,2026-10-09T06:52:10+00:00,31,local,share,0.0,1.0,0,35.4159,hold,chat,1.0,0.125,S2b,1.6066026833367957,1.575859492652756,2.05946678138487,0.22776436954916215,32.0,0,423,234
20261009-065112-m7-sim-sweep2,2026-10-09T06:52:10+00:00,31,local,share,0.0,1.0,0,35.4159,hold,chat,1.0,0.125,S4,1.5755999180633609,1.6132282727197804,2.125926918063314,0.36364481696149237,29.0,464,365,168
20261009-065112-m7-sim-sweep2,2026-10-09T06:52:10+00:00,31,local,share,0.0,1.0,0,35.4159,hold,chat,1.0,0.125,S4+,1.7552668358246137,1.7184602957031245,2.1259269180631577,0.49199004647729555,28.0,448,502,155
20261009-065112-m7-sim-sweep2,2026-10-09T06:52:10+00:00,31,local,share,0.0,1.0,0,35.4159,hold,chat,1.0,0.125,S4+P,1.7004189180632494,1.6872577461530274,2.0153009180632324,0.491990046477295,28.0,448,385,134
20261009-065112-m7-sim-sweep2,2026-10-09T06:52:10+00:00,31,local,share,0.0,1.0,0,35.4159,hold,chat,1.0,0.125,S4L,1.6838309180632507,1.682262829486362,2.0153009180633603,0.49199004647729555,28.0,448,371,130
20261009-065112-m7-sim-sweep2,2026-10-09T06:52:10+00:00,31,local,share,0.0,1.0,0,35.4159,hold,chat,1.0,0.125,S4B,1.6838309180632507,1.6820873745796423,2.0153009180633603,0.491990046477295,28.0,448,367,130
20261009-065112-m7-sim-sweep2,2026-10-09T06:52:10+00:00,31,local,share,0.0,1.0,0,35.4159,hold,chat,1.0,0.125,S5,1.7552668358246137,1.7184602957031245,2.1259269180631577,0.49199004647729555,28.0,448,502,155
20261009-065112-m7-sim-sweep2,2026-10-09T06:52:10+00:00,31,local,share,0.0,1.0,0,35.4159,hold,chat,1.0,0.125,S5s,1.7552668358246137,1.7196809925599699,2.1259269180631577,0.4919900464772997,28.0,424,503,156
20261009-065112-m7-sim-sweep2,2026-10-09T06:52:10+00:00,31,local,share,0.0,1.0,0,35.4159,hold,chat,1.0,0.125,S5L,1.6838309180632507,1.682262829486362,2.0153009180633603,0.49199004647729555,28.0,448,371,130
20261009-065112-m7-sim-sweep2,2026-10-09T06:52:10+00:00,31,local,share,0.0,1.0,0,35.4159,hold,chat,1.0,0.125,S5P,1.7004189180632494,1.6872577461530274,2.0153009180632324,0.491990046477295,28.0,448,385,134
20261009-065112-m7-sim-sweep2,2026-10-09T06:52:10+00:00,31,local,share,0.0,1.0,0,35.4159,hold,chat,1.0,0.125,S5c,1.7552668358246137,1.7184602957031163,2.1259269180631577,0.4919900464772997,28.0,424,502,155
20261009-065112-m7-sim-sweep2,2026-10-09T06:52:10+00:00,31,local,share,0.0,1.0,0,35.4159,hold,chat,1.0,0.25,S0,1.5431829999999849,1.4975553333333285,1.9014390000000105,0.0,32.0,0,440,328
20261009-065112-m7-sim-sweep2,2026-10-09T06:52:10+00:00,31,local,share,0.0,1.0,0,35.4159,hold,chat,1.0,0.25,S1,1.2856424131574329,1.290385418883955,1.7811983560002176,0.0,32.0,0,205,192
20261009-065112-m7-sim-sweep2,2026-10-09T06:52:10+00:00,31,local,share,0.0,1.0,0,35.4159,hold,chat,1.0,0.25,S2b,1.4733239480773719,1.4275117806268967,1.8846075368947908,0.12614892504168532,32.0,0,304,201
20261009-065112-m7-sim-sweep2,2026-10-09T06:52:10+00:00,31,local,share,0.0,1.0,0,35.4159,hold,chat,1.0,0.25,S4,1.4533376843383934,1.4471513503602285,2.051274918063143,0.235299587445675,24.0,384,256,141
20261009-065112-m7-sim-sweep2,2026-10-09T06:52:10+00:00,31,local,share,0.0,1.0,0,35.4159,hold,chat,1.0,0.25,S4+,1.7190494174194768,1.6391279413833086,2.051274918063143,0.44920830330536177,24.0,384,375,130
20261009-065112-m7-sim-sweep2,2026-10-09T06:52:10+00:00,31,local,share,0.0,1.0,0,35.4159,hold,chat,1.0,0.25,S4+P,1.683830918063137,1.605975309550832,1.9155791725625875,0.44920830330536177,24.0,384,261,106
20261009-065112-m7-sim-sweep2,2026-10-09T06:52:10+00:00,31,local,share,0.0,1.0,0,35.4159,hold,chat,1.0,0.25,S4L,1.683830918063137,1.6045834868216164,1.9155791725625875,0.44920830330536177,24.0,384,260,105
20261009-065112-m7-sim-sweep2,2026-10-09T06:52:10+00:00,31,local,share,0.0,1.0,0,35.4159,hold,chat,1.0,0.25,S4B,1.683830918063137,1.604476392884165,1.9155791725625875,0.44920830330536177,24.0,384,258,105
20261009-065112-m7-sim-sweep2,2026-10-09T06:52:10+00:00,31,local,share,0.0,1.0,0,35.4159,hold,chat,1.0,0.25,S5,1.7190494174194768,1.6391279413833086,2.051274918063143,0.44920830330536177,24.0,384,375,130
20261009-065112-m7-sim-sweep2,2026-10-09T06:52:10+00:00,31,local,share,0.0,1.0,0,35.4159,hold,chat,1.0,0.25,S5s,1.7190494174194768,1.639025158203775,2.051274918063143,0.44648236102378175,24.0,360,378,132
20261009-065112-m7-sim-sweep2,2026-10-09T06:52:10+00:00,31,local,share,0.0,1.0,0,35.4159,hold,chat,1.0,0.25,S5L,1.683830918063137,1.6045834868216164,1.9155791725625875,0.44920830330536177,24.0,384,260,105
20261009-065112-m7-sim-sweep2,2026-10-09T06:52:10+00:00,31,local,share,0.0,1.0,0,35.4159,hold,chat,1.0,0.25,S5P,1.683830918063137,1.605975309550832,1.9155791725625875,0.44920830330536177,24.0,384,261,106
20261009-065112-m7-sim-sweep2,2026-10-09T06:52:10+00:00,31,local,share,0.0,1.0,0,35.4159,hold,chat,1.0,0.25,S5c,1.7190494174194768,1.6364019991017287,2.051274918063143,0.44648236102378175,24.0,360,375,130
20261009-065112-m7-sim-sweep2,2026-10-09T06:52:10+00:00,31,local,share,0.0,1.0,0,35.4159,hold,chat,1.0,0.5,S0,1.5431829999999849,1.4975553333333285,1.9014390000000105,0.0,32.0,0,440,328
20261009-065112-m7-sim-sweep2,2026-10-09T06:52:10+00:00,31,local,share,0.0,1.0,0,35.4159,hold,chat,1.0,0.5,S1,1.0763940000000076,1.192896951455353,1.5378939999999943,0.0,32.0,0,110,126
20261009-065112-m7-sim-sweep2,2026-10-09T06:52:10+00:00,31,local,share,0.0,1.0,0,35.4159,hold,chat,1.0,0.5,S2b,1.2310120368947963,1.2240604580305277,1.5748049999999978,0.023283480534215546,32.0,0,113,133
20261009-065112-m7-sim-sweep2,2026-10-09T06:52:10+00:00,31,local,share,0.0,1.0,0,35.4159,hold,chat,1.0,0.5,S4,1.123421999999998,1.2534853247806368,1.7552668358246137,0.10695435792985819,17.0,272,140,96
20261009-065112-m7-sim-sweep2,2026-10-09T06:52:10+00:00,31,local,share,0.0,1.0,0,35.4159,hold,chat,1.0,0.5,S4+,1.426925918063148,1.4281534575260941,1.9155791725622038,0.2994722022035674,16.0,256,160,86
20261009-065112-m7-sim-sweep2,2026-10-09T06:52:10+00:00,31,local,share,0.0,1.0,0,35.4159,hold,chat,1.0,0.5,S4+P,1.426925918063148,1.4149560520025262,1.9155791725625875,0.2994722022035674,16.0,256,123,76
20261009-065112-m7-sim-sweep2,2026-10-09T06:52:10+00:00,31,local,share,0.0,1.0,0,35.4159,hold,chat,1.0,0.5,S4L,1.426925918063148,1.4194100273676469,1.9155791725625875,0.29947220220356563,16.0,256,141,79
20261009-065112-m7-sim-sweep2,2026-10-09T06:52:10+00:00,31,local,share,0.0,1.0,0,35.4159,hold,chat,1.0,0.5,S4B,1.426925918063148,1.4179489023676464,1.9155791725625875,0.299472202203565,16.0,256,133,78
20261009-065112-m7-sim-sweep2,2026-10-09T06:52:10+00:00,31,local,share,0.0,1.0,0,35.4159,hold,chat,1.0,0.5,S5,1.426925918063148,1.4281534575260941,1.9155791725622038,0.2994722022035674,16.0,256,160,86
20261009-065112-m7-sim-sweep2,2026-10-09T06:52:10+00:00,31,local,share,0.0,1.0,0,35.4159,hold,chat,1.0,0.5,S5s,1.426925918063148,1.4279873822714368,1.9155791725622038,0.29265734649962444,16.0,232,168,91
20261009-065112-m7-sim-sweep2,2026-10-09T06:52:10+00:00,31,local,share,0.0,1.0,0,35.4159,hold,chat,1.0,0.5,S5L,1.426925918063148,1.4194100273676469,1.9155791725625875,0.29947220220356563,16.0,256,141,79
20261009-065112-m7-sim-sweep2,2026-10-09T06:52:10+00:00,31,local,share,0.0,1.0,0,35.4159,hold,chat,1.0,0.5,S5P,1.426925918063148,1.4149560520025262,1.9155791725625875,0.2994722022035674,16.0,256,123,76
20261009-065112-m7-sim-sweep2,2026-10-09T06:52:10+00:00,31,local,share,0.0,1.0,0,35.4159,hold,chat,1.0,0.5,S5c,1.426925918063148,1.4213386018221523,1.9155791725622038,0.29265734649962444,16.0,232,160,86
20261009-065112-m7-sim-sweep2,2026-10-09T06:52:10+00:00,32,nfs,share,0.0,1.0,0,35.4159,hold,chat,0.25,0.125,S0,1.6648269423720592,1.670110809373605,2.0039255560456013,0.9906908169245631,32.0,0,32,736
20261009-065112-m7-sim-sweep2,2026-10-09T06:52:10+00:00,32,nfs,share,0.0,1.0,0,35.4159,hold,chat,0.25,0.125,S1,1.631582896929899,1.746145745253204,2.394933540086356,1.169908670795791,32.0,0,23,521
20261009-065112-m7-sim-sweep2,2026-10-09T06:52:10+00:00,32,nfs,share,0.0,1.0,0,35.4159,hold,chat,0.25,0.125,S2b,1.5396860524456883,1.8304192422165186,2.969006914831624,1.194959192797204,32.0,0,35,625
20261009-065112-m7-sim-sweep2,2026-10-09T06:52:10+00:00,32,nfs,share,0.0,1.0,0,35.4159,hold,chat,0.25,0.125,S4,2.1254313356645014,1.9996178318911895,2.338006545301397,1.454413997925282,29.0,464,30,514
20261009-065112-m7-sim-sweep2,2026-10-09T06:52:10+00:00,32,nfs,share,0.0,1.0,0,35.4159,hold,chat,0.25,0.125,S4+,2.285969285143551,2.1864128406620913,2.5320376399646705,1.584991645272116,28.0,448,43,617
20261009-065112-m7-sim-sweep2,2026-10-09T06:52:10+00:00,32,nfs,share,0.0,1.0,0,35.4159,hold,chat,0.25,0.125,S4+P,2.125431335664615,2.1098392553334144,2.382088154988722,1.5849916452721147,28.0,448,32,493
20261009-065112-m7-sim-sweep2,2026-10-09T06:52:10+00:00,32,nfs,share,0.0,1.0,0,35.4159,hold,chat,0.25,0.125,S4L,2.125431335664615,2.102929581094647,2.3714996904857344,1.5849916452721147,28.0,448,31,481
20261009-065112-m7-sim-sweep2,2026-10-09T06:52:10+00:00,32,nfs,share,0.0,1.0,0,35.4159,hold,chat,0.25,0.125,S4B,2.125431335664615,2.0962404998663486,2.3714996904857344,1.5849916452721147,28.0,448,30,466
20261009-065112-m7-sim-sweep2,2026-10-09T06:52:10+00:00,32,nfs,share,0.0,1.0,0,35.4159,hold,chat,0.25,0.125,S5,2.285969285143551,2.18641284066209,2.5320376399646705,1.5849916452721147,28.0,424,43,617
20261009-065112-m7-sim-sweep2,2026-10-09T06:52:10+00:00,32,nfs,share,0.0,1.0,0,35.4159,hold,chat,0.25,0.125,S5s,1.6605525189718549,1.670048731437566,2.006460800129531,0.9923018585327442,28.5,0,32,712
20261009-065112-m7-sim-sweep2,2026-10-09T06:52:10+00:00,32,nfs,share,0.0,1.0,0,35.4159,hold,chat,0.25,0.125,S5L,2.125431335664615,2.103370767115615,2.3767939227371073,1.5849916452721147,28.0,424,31,475
20261009-065112-m7-sim-sweep2,2026-10-09T06:52:10+00:00,32,nfs,share,0.0,1.0,0,35.4159,hold,chat,0.25,0.125,S5P,2.126313707706437,2.109986317340404,2.382088154988722,1.5849916452721147,28.0,424,32,491
20261009-065112-m7-sim-sweep2,2026-10-09T06:52:10+00:00,32,nfs,share,0.0,1.0,0,35.4159,hold,chat,0.25,0.125,S5c,1.8714819080369267,1.8765576497263659,3.1759445508856174,1.236489792140749,30.0,24,37,623
20261009-065112-m7-sim-sweep2,2026-10-09T06:52:10+00:00,32,nfs,share,0.0,1.0,0,35.4159,hold,chat,0.25,0.25,S0,1.631582896929899,1.5230308591216968,1.9943824651613795,0.8436108666726518,32.0,0,32,736
20261009-065112-m7-sim-sweep2,2026-10-09T06:52:10+00:00,32,nfs,share,0.0,1.0,0,35.4159,hold,chat,0.25,0.25,S1,0.9484633914080476,1.5181656740245202,3.2954872224312624,0.998043610681318,32.0,0,18,410
20261009-065112-m7-sim-sweep2,2026-10-09T06:52:10+00:00,32,nfs,share,0.0,1.0,0,35.4159,hold,chat,0.25,0.25,S2b,0.6341880388448757,1.7087699359766646,3.505557288669337,1.1087883861261218,32.0,0,27,489
20261009-065112-m7-sim-sweep2,2026-10-09T06:52:10+00:00,32,nfs,share,0.0,1.0,0,35.4159,hold,chat,0.25,0.25,S4,1.9149997870464972,1.7178944825870335,2.285969285143551,1.215351870481043,24.0,384,22,404
20261009-065112-m7-sim-sweep2,2026-10-09T06:52:10+00:00,32,nfs,share,0.0,1.0,0,35.4159,hold,chat,0.25,0.25,S4+,2.16996128241923,1.9894137040373583,2.3767939227373773,1.4471662848136695,24.0,384,34,482
20261009-065112-m7-sim-sweep2,2026-10-09T06:52:10+00:00,32,nfs,share,0.0,1.0,0,35.4159,hold,chat,0.25,0.25,S4+P,2.083226132993417,1.9039823799404718,2.285969285143551,1.4471662848136695,24.0,384,22,374
20261009-065112-m7-sim-sweep2,2026-10-09T06:52:10+00:00,32,nfs,share,0.0,1.0,0,35.4159,hold,chat,0.25,0.25,S4L,2.083226132993417,1.9039903544675099,2.285969285143551,1.4471662848136695,24.0,384,22,372
20261009-065112-m7-sim-sweep2,2026-10-09T06:52:10+00:00,32,nfs,share,0.0,1.0,0,35.4159,hold,chat,0.25,0.25,S4B,2.0410209303224462,1.8967993579881355,2.285969285143551,1.4471662848136688,24.0,384,21,366
20261009-065112-m7-sim-sweep2,2026-10-09T06:52:10+00:00,32,nfs,share,0.0,1.0,0,35.4159,hold,chat,0.25,0.25,S5,2.16996128241923,1.9825745299302031,2.3767939227371073,1.4403271107065254,24.0,360,34,482
20261009-065112-m7-sim-sweep2,2026-10-09T06:52:10+00:00,32,nfs,share,0.0,1.0,0,35.4159,hold,chat,0.25,0.25,S5s,1.631582896929899,1.5233249831356765,2.006460800129531,0.8455781102308583,28.5,0,32,712
20261009-065112-m7-sim-sweep2,2026-10-09T06:52:10+00:00,32,nfs,share,0.0,1.0,0,35.4159,hold,chat,0.25,0.25,S5L,2.083226132993417,1.8975923663813248,2.285969285143551,1.4403271107065259,24.0,360,22,366
20261009-065112-m7-sim-sweep2,2026-10-09T06:52:10+00:00,32,nfs,share,0.0,1.0,0,35.4159,hold,chat,0.25,0.25,S5P,2.083226132993417,1.8971511803603534,2.285969285143551,1.4403271107065254,24.0,360,22,372
20261009-065112-m7-sim-sweep2,2026-10-09T06:52:10+00:00,32,nfs,share,0.0,1.0,0,35.4159,hold,chat,0.25,0.25,S5c,0.6500707355996695,1.5794063097918112,2.9625364029994046,0.9875463296179371,30.0,24,28,488
20261009-065112-m7-sim-sweep2,2026-10-09T06:52:10+00:00,32,nfs,share,0.0,1.0,0,35.4159,hold,chat,0.25,0.5,S0,0.8478069702745827,0.9970683268170154,1.6980709878142335,0.3176483343679646,32.0,0,32,736
20261009-065112-m7-sim-sweep2,2026-10-09T06:52:10+00:00,32,nfs,share,0.0,1.0,0,35.4159,hold,chat,0.25,0.5,S1,0.449317454557864,1.0926491052841143,2.066164788297229,0.6671288538233439,32.0,0,10,290
20261009-065112-m7-sim-sweep2,2026-10-09T06:52:10+00:00,32,nfs,share,0.0,1.0,0,35.4159,hold,chat,0.25,0.5,S2b,0.5223568806411834,1.4754155028821316,1.4131214616241152,1.0227748020533725,32.0,0,12,279
20261009-065112-m7-sim-sweep2,2026-10-09T06:52:10+00:00,32,nfs,share,0.0,1.0,0,35.4159,hold,chat,0.25,0.5,S4,1.525295292111693,1.1687674938722943,2.0383778255013567,0.7520116378898223,17.0,272,11,289
20261009-065112-m7-sim-sweep2,2026-10-09T06:52:10+00:00,32,nfs,share,0.0,1.0,0,35.4159,hold,chat,0.25,0.5,S4+,1.9979158779118933,1.384222113500913,2.293028261479094,0.9647775232091108,16.0,256,16,274
20261009-065112-m7-sim-sweep2,2026-10-09T06:52:10+00:00,32,nfs,share,0.0,1.0,0,35.4159,hold,chat,0.25,0.5,S4+P,1.9548108255013545,1.3398242637090316,2.2003732765031003,0.9647775232091108,16.0,256,10,247
20261009-065112-m7-sim-sweep2,2026-10-09T06:52:10+00:00,32,nfs,share,0.0,1.0,0,35.4159,hold,chat,0.25,0.5,S4L,1.9548108255013545,1.3535207179458084,2.2109617410067983,0.9647775232091108,16.0,256,12,272
20261009-065112-m7-sim-sweep2,2026-10-09T06:52:10+00:00,32,nfs,share,0.0,1.0,0,35.4159,hold,chat,0.25,0.5,S4B,1.9548108255013545,1.3190797588545842,2.125431335664615,0.9647775232091101,16.0,256,7,213
20261009-065112-m7-sim-sweep2,2026-10-09T06:52:10+00:00,32,nfs,share,0.0,1.0,0,35.4159,hold,chat,0.25,0.5,S5,1.9979158779118933,1.3625566925959423,2.293028261479094,0.9431121023041443,16.0,232,16,274
20261009-065112-m7-sim-sweep2,2026-10-09T06:52:10+00:00,32,nfs,share,0.0,1.0,0,35.4159,hold,chat,0.25,0.5,S5s,0.8596104316238709,0.9972153888240047,1.6895221410137822,0.31946851591918995,28.5,0,32,712
20261009-065112-m7-sim-sweep2,2026-10-09T06:52:10+00:00,32,nfs,share,0.0,1.0,0,35.4159,hold,chat,0.25,0.5,S5L,1.9149997870465043,1.3254365606181082,2.210961741006784,0.9431121023041449,16.0,232,11,256
20261009-065112-m7-sim-sweep2,2026-10-09T06:52:10+00:00,32,nfs,share,0.0,1.0,0,35.4159,hold,chat,0.25,0.5,S5P,1.9149997870465043,1.3189055188318168,2.2109617410063294,0.9431121023041443,16.0,232,10,234
20261009-065112-m7-sim-sweep2,2026-10-09T06:52:10+00:00,32,nfs,share,0.0,1.0,0,35.4159,hold,chat,0.25,0.5,S5c,0.5223568806411905,1.3064252198234,0.9971453802486394,0.8537845189946379,29.0,8,12,279
20261009-065112-m7-sim-sweep2,2026-10-09T06:52:10+00:00,33,nfs,share,0.0,1.0,0,35.4159,hold,chat,0.5,0.125,S0,1.8868981364628326,1.7503480455094873,2.233301975628393,0.5036566742395033,32.0,0,56,712
20261009-065112-m7-sim-sweep2,2026-10-09T06:52:10+00:00,33,nfs,share,0.0,1.0,0,35.4159,hold,chat,0.5,0.125,S1,1.503925277163475,1.7602430160865374,2.0723154221723092,0.7587134162630278,32.0,0,36,502
20261009-065112-m7-sim-sweep2,2026-10-09T06:52:10+00:00,33,nfs,share,0.0,1.0,0,35.4159,hold,chat,0.5,0.125,S2b,2.0000914796436646,2.1976028125024336,3.410170954427997,1.0498131624726674,32.0,0,61,597
20261009-065112-m7-sim-sweep2,2026-10-09T06:52:10+00:00,33,nfs,share,0.0,1.0,0,35.4159,hold,chat,0.5,0.125,S4,2.4675654625513914,2.380737601343873,2.937401049074907,1.369105728181971,29.0,464,54,484
20261009-065112-m7-sim-sweep2,2026-10-09T06:52:10+00:00,33,nfs,share,0.0,1.0,0,35.4159,hold,chat,0.5,0.125,S4+,2.8788522926556013,2.717012459906297,3.410170954427997,1.584991645272116,28.0,448,78,580
20261009-065112-m7-sim-sweep2,2026-10-09T06:52:10+00:00,33,nfs,share,0.0,1.0,0,35.4159,hold,chat,0.5,0.125,S4+P,2.563428208233958,2.5868062887229715,2.9180342447857868,1.5849916452721164,28.0,448,60,461
20261009-065112-m7-sim-sweep2,2026-10-09T06:52:10+00:00,33,nfs,share,0.0,1.0,0,35.4159,hold,chat,0.5,0.125,S4L,2.554403632993427,2.565786984971361,2.9180342447857868,1.5849916452721164,28.0,448,57,449
20261009-065112-m7-sim-sweep2,2026-10-09T06:52:10+00:00,33,nfs,share,0.0,1.0,0,35.4159,hold,chat,0.5,0.125,S4B,2.554403632993427,2.558533987297324,2.9180342447857868,1.5849916452721164,28.0,448,56,440
20261009-065112-m7-sim-sweep2,2026-10-09T06:52:10+00:00,33,nfs,share,0.0,1.0,0,35.4159,hold,chat,0.5,0.125,S5,2.8788522926556013,2.717012459906297,3.410170954427997,1.584991645272116,28.0,440,78,580
20261009-065112-m7-sim-sweep2,2026-10-09T06:52:10+00:00,33,nfs,share,0.0,1.0,0,35.4159,hold,chat,0.5,0.125,S5s,2.246828789678446,2.361004820043886,3.230220820026318,1.1931786955060044,28.0,72,69,644
20261009-065112-m7-sim-sweep2,2026-10-09T06:52:10+00:00,33,nfs,share,0.0,1.0,0,35.4159,hold,chat,0.5,0.125,S5L,2.554403632993427,2.5580574555798985,2.9180342447857868,1.584991645272116,28.0,440,56,448
20261009-065112-m7-sim-sweep2,2026-10-09T06:52:10+00:00,33,nfs,share,0.0,1.0,0,35.4159,hold,chat,0.5,0.125,S5P,2.563428208233958,2.58680628872297,2.9180342447857868,1.584991645272116,28.0,440,60,461
20261009-065112-m7-sim-sweep2,2026-10-09T06:52:10+00:00,33,nfs,share,0.0,1.0,0,35.4159,hold,chat,0.5,0.125,S5c,2.2758509894349004,2.388774476104391,3.4340274789650493,1.2350609440966729,28.0,72,70,588
20261009-065112-m7-sim-sweep2,2026-10-09T06:52:10+00:00,33,nfs,share,0.0,1.0,0,35.4159,hold,chat,0.5,0.25,S0,1.4708275945354572,1.5496496777437774,2.233301975628393,0.30295830647379535,32.0,0,56,712
20261009-065112-m7-sim-sweep2,2026-10-09T06:52:10+00:00,33,nfs,share,0.0,1.0,0,35.4159,hold,chat,0.5,0.25,S1,1.0695714511044159,1.5972838850239839,3.2954872224312624,0.7156545864132173,32.0,0,26,384
20261009-065112-m7-sim-sweep2,2026-10-09T06:52:10+00:00,33,nfs,share,0.0,1.0,0,35.4159,hold,chat,0.5,0.25,S2b,1.140671818231425,1.8831544694807263,3.3913287494896167,0.8789984165409498,32.0,0,42,467
20261009-065112-m7-sim-sweep2,2026-10-09T06:52:10+00:00,33,nfs,share,0.0,1.0,0,35.4159,hold,chat,0.5,0.25,S4,2.1163238612156405,1.9471913375872465,2.7945761437327405,1.0690318984997944,24.0,384,35,374
20261009-065112-m7-sim-sweep2,2026-10-09T06:52:10+00:00,33,nfs,share,0.0,1.0,0,35.4159,hold,chat,0.5,0.25,S4+,2.5636593829934142,2.4188888226710716,3.052035429708525,1.44716628481367,24.0,384,56,453
20261009-065112-m7-sim-sweep2,2026-10-09T06:52:10+00:00,33,nfs,share,0.0,1.0,0,35.4159,hold,chat,0.5,0.25,S4+P,2.478985001242677,2.2966848953545558,2.9180342447857583,1.44716628481367,24.0,384,39,340
20261009-065112-m7-sim-sweep2,2026-10-09T06:52:10+00:00,33,nfs,share,0.0,1.0,0,35.4159,hold,chat,0.5,0.25,S4L,2.4841111803224436,2.289810416106068,2.8750308255013977,1.44716628481367,24.0,384,38,339
20261009-065112-m7-sim-sweep2,2026-10-09T06:52:10+00:00,33,nfs,share,0.0,1.0,0,35.4159,hold,chat,0.5,0.25,S4B,2.4807497453265484,2.289530296523077,2.8750308255013977,1.44716628481367,24.0,384,38,333
20261009-065112-m7-sim-sweep2,2026-10-09T06:52:10+00:00,33,nfs,share,0.0,1.0,0,35.4159,hold,chat,0.5,0.25,S5,2.5636593829934142,2.4188888226710716,3.052035429708525,1.44716628481367,24.0,376,56,453
20261009-065112-m7-sim-sweep2,2026-10-09T06:52:10+00:00,33,nfs,share,0.0,1.0,0,35.4159,hold,chat,0.5,0.25,S5s,1.631582896929899,1.5719979443313683,2.0655200442134003,0.42543467315005934,24.0,8,50,646
20261009-065112-m7-sim-sweep2,2026-10-09T06:52:10+00:00,33,nfs,share,0.0,1.0,0,35.4159,hold,chat,0.5,0.25,S5L,2.4772202571588053,2.289236172509098,2.8750308255013977,1.44716628481367,24.0,376,38,337
20261009-065112-m7-sim-sweep2,2026-10-09T06:52:10+00:00,33,nfs,share,0.0,1.0,0,35.4159,hold,chat,0.5,0.25,S5P,2.478985001242677,2.2966848953545558,2.9180342447857583,1.44716628481367,24.0,376,39,340
20261009-065112-m7-sim-sweep2,2026-10-09T06:52:10+00:00,33,nfs,share,0.0,1.0,0,35.4159,hold,chat,0.5,0.25,S5c,1.3702177229588628,1.8879477429762286,3.2305028255013326,0.8896573451582211,28.0,72,48,461
20261009-065112-m7-sim-sweep2,2026-10-09T06:52:10+00:00,33,nfs,share,0.0,1.0,0,35.4159,hold,chat,0.5,0.5,S0,1.1406718182314108,1.246691371269982,1.8868981364628183,0.0,32.0,0,56,712
20261009-065112-m7-sim-sweep2,2026-10-09T06:52:10+00:00,33,nfs,share,0.0,1.0,0,35.4159,hold,chat,0.5,0.5,S1,0.716401999999988,1.1551372904959898,2.2349843098193674,0.41719508125748206,32.0,0,14,250
20261009-065112-m7-sim-sweep2,2026-10-09T06:52:10+00:00,33,nfs,share,0.0,1.0,0,35.4159,hold,chat,0.5,0.5,S2b,0.7940353844848431,1.6705983314847455,1.29664230225427,0.8947223756512255,32.0,0,17,246
20261009-065112-m7-sim-sweep2,2026-10-09T06:52:10+00:00,33,nfs,share,0.0,1.0,0,35.4159,hold,chat,0.5,0.5,S4,1.56017044425883,1.3618120236806412,2.353718325501319,0.6225344300642117,17.0,272,17,245
20261009-065112-m7-sim-sweep2,2026-10-09T06:52:10+00:00,33,nfs,share,0.0,1.0,0,35.4159,hold,chat,0.5,0.5,S4+,2.319064229247374,1.7054980206223298,2.736319366300222,0.9647775232091119,16.0,256,24,239
20261009-065112-m7-sim-sweep2,2026-10-09T06:52:10+00:00,33,nfs,share,0.0,1.0,0,35.4159,hold,chat,0.5,0.5,S4+P,2.223025825501324,1.6547888209934392,2.568722440485743,0.9647775232091119,16.0,256,17,206
20261009-065112-m7-sim-sweep2,2026-10-09T06:52:10+00:00,33,nfs,share,0.0,1.0,0,35.4159,hold,chat,0.5,0.5,S4L,2.223025825501324,1.676859776064849,2.568722440485743,0.9647775232091119,16.0,256,20,226
20261009-065112-m7-sim-sweep2,2026-10-09T06:52:10+00:00,33,nfs,share,0.0,1.0,0,35.4159,hold,chat,0.5,0.5,S4B,2.223025825501324,1.6473772007465701,2.568722440485743,0.9647775232091126,16.0,256,16,201
20261009-065112-m7-sim-sweep2,2026-10-09T06:52:10+00:00,33,nfs,share,0.0,1.0,0,35.4159,hold,chat,0.5,0.5,S5,2.319064229247374,1.7054980206223131,2.736319366300222,0.9647775232091126,16.0,248,24,239
20261009-065112-m7-sim-sweep2,2026-10-09T06:52:10+00:00,33,nfs,share,0.0,1.0,0,35.4159,hold,chat,0.5,0.5,S5s,1.1459660504830254,1.1468429405568845,1.579903197766484,0.0,23.5,0,48,648
20261009-065112-m7-sim-sweep2,2026-10-09T06:52:10+00:00,33,nfs,share,0.0,1.0,0,35.4159,hold,chat,0.5,0.5,S5L,2.223025825501324,1.677031169654046,2.568722440485743,0.9647775232091119,16.0,248,20,222
20261009-065112-m7-sim-sweep2,2026-10-09T06:52:10+00:00,33,nfs,share,0.0,1.0,0,35.4159,hold,chat,0.5,0.5,S5P,2.223025825501324,1.6550636804441006,2.568722440485743,0.9647775232091126,16.0,248,17,201
20261009-065112-m7-sim-sweep2,2026-10-09T06:52:10+00:00,33,nfs,share,0.0,1.0,0,35.4159,hold,chat,0.5,0.5,S5c,0.7940353844847934,1.4405741373927092,1.9767419336531873,0.672204992056025,25.5,32,18,245
20261009-065112-m7-sim-sweep2,2026-10-09T06:52:10+00:00,34,nfs,share,0.0,1.0,0,35.4159,hold,chat,2.0,0.125,S0,4.1198238095153386,4.12690844194709,5.710822938441993,0.0,32.0,0,184,584
20261009-065112-m7-sim-sweep2,2026-10-09T06:52:10+00:00,34,nfs,share,0.0,1.0,0,35.4159,hold,chat,2.0,0.125,S1,3.257682949537738,3.471217667772485,4.608972829034883,0.0,32.0,0,118,414
20261009-065112-m7-sim-sweep2,2026-10-09T06:52:10+00:00,34,nfs,share,0.0,1.0,0,35.4159,hold,chat,2.0,0.125,S2b,4.223302536317114,4.53403068053999,6.614811646762945,0.8324568973802204,32.0,0,167,490
20261009-065112-m7-sim-sweep2,2026-10-09T06:52:10+00:00,34,nfs,share,0.0,1.0,0,35.4159,hold,chat,2.0,0.125,S4,4.268579999999957,4.498090033035244,6.387364844653462,1.171515563896783,29.0,464,139,393
20261009-065112-m7-sim-sweep2,2026-10-09T06:52:10+00:00,34,nfs,share,0.0,1.0,0,35.4159,hold,chat,2.0,0.125,S4+,5.464128325501292,5.162489484801565,6.983752325501314,1.5849916452721189,28.0,448,190,467
20261009-065112-m7-sim-sweep2,2026-10-09T06:52:10+00:00,34,nfs,share,0.0,1.0,0,35.4159,hold,chat,2.0,0.125,S4+P,4.669058610384084,4.799197041305878,5.922484325501301,1.5849916452721182,28.0,448,143,376
20261009-065112-m7-sim-sweep2,2026-10-09T06:52:10+00:00,34,nfs,share,0.0,1.0,0,35.4159,hold,chat,2.0,0.125,S4L,4.497784325501328,4.762111965684863,5.922484325501301,1.5849916452721182,28.0,448,138,362
20261009-065112-m7-sim-sweep2,2026-10-09T06:52:10+00:00,34,nfs,share,0.0,1.0,0,35.4159,hold,chat,2.0,0.125,S4B,4.497784325501328,4.757175414863611,5.922484325501301,1.5849916452721182,28.0,448,138,360
20261009-065112-m7-sim-sweep2,2026-10-09T06:52:10+00:00,34,nfs,share,0.0,1.0,0,35.4159,hold,chat,2.0,0.125,S5,5.464128325501292,5.162489484801565,6.983752325501314,1.5849916452721189,28.0,448,190,467
20261009-065112-m7-sim-sweep2,2026-10-09T06:52:10+00:00,34,nfs,share,0.0,1.0,0,35.4159,hold,chat,2.0,0.125,S5s,5.464128325501292,5.048347161797369,6.983752325501314,1.4038354430037423,28.0,288,194,488
20261009-065112-m7-sim-sweep2,2026-10-09T06:52:10+00:00,34,nfs,share,0.0,1.0,0,35.4159,hold,chat,2.0,0.125,S5L,4.497784325501328,4.762111965684863,5.922484325501301,1.5849916452721182,28.0,448,138,362
20261009-065112-m7-sim-sweep2,2026-10-09T06:52:10+00:00,34,nfs,share,0.0,1.0,0,35.4159,hold,chat,2.0,0.125,S5P,4.669058610384084,4.799197041305878,5.922484325501301,1.5849916452721182,28.0,448,143,376
20261009-065112-m7-sim-sweep2,2026-10-09T06:52:10+00:00,34,nfs,share,0.0,1.0,0,35.4159,hold,chat,2.0,0.125,S5c,5.40130130515746,4.99819570619213,6.983752325501314,1.4034187763370767,28.0,288,189,468
20261009-065112-m7-sim-sweep2,2026-10-09T06:52:10+00:00,34,nfs,share,0.0,1.0,0,35.4159,hold,chat,2.0,0.25,S0,4.1198238095153386,4.12690844194709,5.710822938441993,0.0,32.0,0,184,584
20261009-065112-m7-sim-sweep2,2026-10-09T06:52:10+00:00,34,nfs,share,0.0,1.0,0,35.4159,hold,chat,2.0,0.25,S1,2.812765498433336,3.089999648537246,4.608972829034883,0.0,32.0,0,84,309
20261009-065112-m7-sim-sweep2,2026-10-09T06:52:10+00:00,34,nfs,share,0.0,1.0,0,35.4159,hold,chat,2.0,0.25,S2b,3.719513915969813,3.775401826543137,5.464128325501292,0.4414795702431835,32.0,0,120,384
20261009-065112-m7-sim-sweep2,2026-10-09T06:52:10+00:00,34,nfs,share,0.0,1.0,0,35.4159,hold,chat,2.0,0.25,S4,3.5282083348237308,3.759647286353411,5.464128325501292,0.7580394825214475,24.0,384,96,297
20261009-065112-m7-sim-sweep2,2026-10-09T06:52:10+00:00,34,nfs,share,0.0,1.0,0,35.4159,hold,chat,2.0,0.25,S4+,4.9370836845696005,4.648564641815547,6.244322913456273,1.4471662848136735,24.0,384,141,363
20261009-065112-m7-sim-sweep2,2026-10-09T06:52:10+00:00,34,nfs,share,0.0,1.0,0,35.4159,hold,chat,2.0,0.25,S4+P,4.381416325501348,4.301928703204893,5.464128325501292,1.447166284813673,24.0,384,96,267
20261009-065112-m7-sim-sweep2,2026-10-09T06:52:10+00:00,34,nfs,share,0.0,1.0,0,35.4159,hold,chat,2.0,0.25,S4L,4.381416325501348,4.292670239808458,5.464128325501292,1.447166284813673,24.0,384,95,266
20261009-065112-m7-sim-sweep2,2026-10-09T06:52:10+00:00,34,nfs,share,0.0,1.0,0,35.4159,hold,chat,2.0,0.25,S4B,4.381416325501348,4.292743770811953,5.464128325501292,1.447166284813673,24.0,384,95,265
20261009-065112-m7-sim-sweep2,2026-10-09T06:52:10+00:00,34,nfs,share,0.0,1.0,0,35.4159,hold,chat,2.0,0.25,S5,4.9370836845696005,4.648564641815547,6.244322913456273,1.4471662848136735,24.0,384,141,363
20261009-065112-m7-sim-sweep2,2026-10-09T06:52:10+00:00,34,nfs,share,0.0,1.0,0,35.4159,hold,chat,2.0,0.25,S5s,4.312305654834589,4.419126064217452,6.244322913456273,0.9946924458094024,24.0,224,159,438
20261009-065112-m7-sim-sweep2,2026-10-09T06:52:10+00:00,34,nfs,share,0.0,1.0,0,35.4159,hold,chat,2.0,0.25,S5L,4.381416325501348,4.292670239808458,5.464128325501292,1.447166284813673,24.0,384,95,266
20261009-065112-m7-sim-sweep2,2026-10-09T06:52:10+00:00,34,nfs,share,0.0,1.0,0,35.4159,hold,chat,2.0,0.25,S5P,4.381416325501348,4.301928703204893,5.464128325501292,1.447166284813673,24.0,384,96,267
20261009-065112-m7-sim-sweep2,2026-10-09T06:52:10+00:00,34,nfs,share,0.0,1.0,0,35.4159,hold,chat,2.0,0.25,S5c,4.574648654053604,4.297303473133955,6.244322913456273,1.0805207960959293,24.0,224,138,366
20261009-065112-m7-sim-sweep2,2026-10-09T06:52:10+00:00,34,nfs,share,0.0,1.0,0,35.4159,hold,chat,2.0,0.5,S0,4.1198238095153386,4.12690844194709,5.710822938441993,0.0,32.0,0,184,584
20261009-065112-m7-sim-sweep2,2026-10-09T06:52:10+00:00,34,nfs,share,0.0,1.0,0,35.4159,hold,chat,2.0,0.5,S1,2.5341979773471053,2.6383242220765584,3.5009789022088285,0.0,32.0,0,45,182
20261009-065112-m7-sim-sweep2,2026-10-09T06:52:10+00:00,34,nfs,share,0.0,1.0,0,35.4159,hold,chat,2.0,0.5,S2b,2.611143999999996,2.7833678918157463,3.9392454262197134,0.0974552192966236,32.0,0,46,195
20261009-065112-m7-sim-sweep2,2026-10-09T06:52:10+00:00,34,nfs,share,0.0,1.0,0,35.4159,hold,chat,2.0,0.5,S4,2.6010354484649696,2.953141507193038,4.665734208190628,0.3652731051848607,17.0,272,53,174
20261009-065112-m7-sim-sweep2,2026-10-09T06:52:10+00:00,34,nfs,share,0.0,1.0,0,35.4159,hold,chat,2.0,0.5,S4+,3.9883086700862833,3.5488341687222014,5.1434451780395705,0.9647775232091172,16.0,256,62,179
20261009-065112-m7-sim-sweep2,2026-10-09T06:52:10+00:00,34,nfs,share,0.0,1.0,0,35.4159,hold,chat,2.0,0.5,S4+P,3.74779832550135,3.4192563955026625,4.95996555547012,0.9647775232091172,16.0,256,44,147
20261009-065112-m7-sim-sweep2,2026-10-09T06:52:10+00:00,34,nfs,share,0.0,1.0,0,35.4159,hold,chat,2.0,0.5,S4L,3.74779832550135,3.473830375706507,4.95996555547012,0.9647775232091172,16.0,256,51,160
20261009-065112-m7-sim-sweep2,2026-10-09T06:52:10+00:00,34,nfs,share,0.0,1.0,0,35.4159,hold,chat,2.0,0.5,S4B,3.74779832550135,3.465853042373173,4.95996555547012,0.9647775232091172,16.0,256,50,158
20261009-065112-m7-sim-sweep2,2026-10-09T06:52:10+00:00,34,nfs,share,0.0,1.0,0,35.4159,hold,chat,2.0,0.5,S5,3.9883086700862833,3.5488341687222014,5.1434451780395705,0.9647775232091172,16.0,256,62,179
20261009-065112-m7-sim-sweep2,2026-10-09T06:52:10+00:00,34,nfs,share,0.0,1.0,0,35.4159,hold,chat,2.0,0.5,S5s,3.653473594019431,3.5916978990490276,4.910672325501309,0.413476081375336,16.0,96,121,369
20261009-065112-m7-sim-sweep2,2026-10-09T06:52:10+00:00,34,nfs,share,0.0,1.0,0,35.4159,hold,chat,2.0,0.5,S5L,3.74779832550135,3.473830375706507,4.95996555547012,0.9647775232091172,16.0,256,51,160
20261009-065112-m7-sim-sweep2,2026-10-09T06:52:10+00:00,34,nfs,share,0.0,1.0,0,35.4159,hold,chat,2.0,0.5,S5P,3.74779832550135,3.4192563955026625,4.95996555547012,0.9647775232091172,16.0,256,44,147
20261009-065112-m7-sim-sweep2,2026-10-09T06:52:10+00:00,34,nfs,share,0.0,1.0,0,35.4159,hold,chat,2.0,0.5,S5c,2.611143999999996,3.0682218963165933,5.0639595758139535,0.4646397582139201,16.5,104,61,180
20261009-065112-m7-sim-sweep2,2026-10-09T06:52:10+00:00,35,local,share,0.0,1.0,0,35.4159,free,doc,1.0,0.125,S0,0.5735490614384275,0.7419879772181055,1.1807533205752918,0.0,33.5,0,1136,424
20261009-065112-m7-sim-sweep2,2026-10-09T06:52:10+00:00,35,local,share,0.0,1.0,0,35.4159,free,doc,1.0,0.125,S1,0.571169000000026,0.6897865460311378,1.1807533205752918,0.0,33.5,0,978,391
20261009-065112-m7-sim-sweep2,2026-10-09T06:52:10+00:00,35,local,share,0.0,1.0,0,35.4159,free,doc,1.0,0.125,S2b,0.5307810000000188,0.6699392097211293,1.0219900000000166,0.0,33.5,0,955,387
20261009-065112-m7-sim-sweep2,2026-10-09T06:52:10+00:00,35,local,share,0.0,1.0,0,35.4159,free,doc,1.0,0.125,S4,0.571169000000026,0.7151604261009883,1.1807533205758176,0.0,32.75,524,965,404
20261009-065112-m7-sim-sweep2,2026-10-09T06:52:10+00:00,35,local,share,0.0,1.0,0,35.4159,free,doc,1.0,0.125,S4+,0.5307810000000188,0.6699392097211293,1.0219900000000166,0.0,29.3125,469,955,387
20261009-065112-m7-sim-sweep2,2026-10-09T06:52:10+00:00,35,local,share,0.0,1.0,0,35.4159,free,doc,1.0,0.125,S4+P,0.571169000000026,0.6542774093944393,1.123802999999981,0.0,29.3125,469,875,370
20261009-065112-m7-sim-sweep2,2026-10-09T06:52:10+00:00,35,local,share,0.0,1.0,0,35.4159,free,doc,1.0,0.125,S4L,0.571169000000026,0.6572736920825774,1.1277048258104259,0.0,29.3125,469,874,370
20261009-065112-m7-sim-sweep2,2026-10-09T06:52:10+00:00,35,local,share,0.0,1.0,0,35.4159,free,doc,1.0,0.125,S4B,0.571169000000026,0.6550633381340193,1.123802999999981,0.0,29.3125,469,870,369
20261009-065112-m7-sim-sweep2,2026-10-09T06:52:10+00:00,35,local,share,0.0,1.0,0,35.4159,free,doc,1.0,0.125,S5,0.5307810000000188,0.6699392097211293,1.0219900000000166,0.0,29.3125,445,955,387
20261009-065112-m7-sim-sweep2,2026-10-09T06:52:10+00:00,35,local,share,0.0,1.0,0,35.4159,free,doc,1.0,0.125,S5s,0.5307810000000188,0.6699392097211293,1.0219900000000166,0.0,29.3125,365,955,387
20261009-065112-m7-sim-sweep2,2026-10-09T06:52:10+00:00,35,local,share,0.0,1.0,0,35.4159,free,doc,1.0,0.125,S5L,0.571169000000026,0.6550549648546493,1.123802999999981,0.0,29.3125,445,870,369
20261009-065112-m7-sim-sweep2,2026-10-09T06:52:10+00:00,35,local,share,0.0,1.0,0,35.4159,free,doc,1.0,0.125,S5P,0.571169000000026,0.6541782401678393,1.123802999999981,0.0,29.3125,445,876,370
20261009-065112-m7-sim-sweep2,2026-10-09T06:52:10+00:00,35,local,share,0.0,1.0,0,35.4159,free,doc,1.0,0.125,S5c,0.5307810000000188,0.6699392097211293,1.0219900000000166,0.0,29.3125,365,955,387
20261009-065112-m7-sim-sweep2,2026-10-09T06:52:10+00:00,35,local,share,0.0,1.0,0,35.4159,free,doc,1.0,0.25,S0,0.5735490614384275,0.7419879772181055,1.1807533205752918,0.0,33.5,0,1136,424
20261009-065112-m7-sim-sweep2,2026-10-09T06:52:10+00:00,35,local,share,0.0,1.0,0,35.4159,free,doc,1.0,0.25,S1,0.571169000000026,0.6186717758333072,1.123802999999981,0.0,33.5,0,834,348
20261009-065112-m7-sim-sweep2,2026-10-09T06:52:10+00:00,35,local,share,0.0,1.0,0,35.4159,free,doc,1.0,0.25,S2b,0.4903860000000009,0.5806575706583281,0.8769590000000278,0.0,33.5,0,780,337
20261009-065112-m7-sim-sweep2,2026-10-09T06:52:10+00:00,35,local,share,0.0,1.0,0,35.4159,free,doc,1.0,0.25,S4,0.571169000000026,0.6652466169306219,1.1807533205752918,0.0,28.25,452,810,372
20261009-065112-m7-sim-sweep2,2026-10-09T06:52:10+00:00,35,local,share,0.0,1.0,0,35.4159,free,doc,1.0,0.25,S4+,0.4903860000000009,0.5806575706583281,0.8769590000000278,0.0,25.125,402,780,337
20261009-065112-m7-sim-sweep2,2026-10-09T06:52:10+00:00,35,local,share,0.0,1.0,0,35.4159,free,doc,1.0,0.25,S4+P,0.570319000000012,0.6108557909678893,1.1238030000000094,0.0,25.125,402,788,343
20261009-065112-m7-sim-sweep2,2026-10-09T06:52:10+00:00,35,local,share,0.0,1.0,0,35.4159,free,doc,1.0,0.25,S4L,0.570744000000019,0.6035720232089593,1.123802999999981,0.0,25.125,402,784,338
20261009-065112-m7-sim-sweep2,2026-10-09T06:52:10+00:00,35,local,share,0.0,1.0,0,35.4159,free,doc,1.0,0.25,S4B,0.570744000000019,0.6036938227923988,1.1238030000000094,0.0,25.125,402,780,338
20261009-065112-m7-sim-sweep2,2026-10-09T06:52:10+00:00,35,local,share,0.0,1.0,0,35.4159,free,doc,1.0,0.25,S5,0.4903860000000009,0.5806575706583281,0.8769590000000278,0.0,25.125,378,780,337
20261009-065112-m7-sim-sweep2,2026-10-09T06:52:10+00:00,35,local,share,0.0,1.0,0,35.4159,free,doc,1.0,0.25,S5s,0.4903860000000009,0.5806575706583281,0.8769590000000278,0.0,25.125,298,780,337
20261009-065112-m7-sim-sweep2,2026-10-09T06:52:10+00:00,35,local,share,0.0,1.0,0,35.4159,free,doc,1.0,0.25,S5L,0.570744000000019,0.6036770762336646,1.1238030000000094,0.0,25.125,378,780,338
20261009-065112-m7-sim-sweep2,2026-10-09T06:52:10+00:00,35,local,share,0.0,1.0,0,35.4159,free,doc,1.0,0.25,S5P,0.570319000000012,0.6090759721811239,1.1238030000000094,0.0,25.125,378,781,342
20261009-065112-m7-sim-sweep2,2026-10-09T06:52:10+00:00,35,local,share,0.0,1.0,0,35.4159,free,doc,1.0,0.25,S5c,0.4903860000000009,0.5806575706583281,0.8769590000000278,0.0,25.125,298,780,337
20261009-065112-m7-sim-sweep2,2026-10-09T06:52:10+00:00,35,local,share,0.0,1.0,0,35.4159,free,doc,1.0,0.5,S0,0.5735490614384275,0.7419879772181055,1.1807533205752918,0.0,33.5,0,1136,424
20261009-065112-m7-sim-sweep2,2026-10-09T06:52:10+00:00,35,local,share,0.0,1.0,0,35.4159,free,doc,1.0,0.5,S1,0.570319000000012,0.5582400727923952,1.1238030000000094,0.0,33.5,0,630,308
20261009-065112-m7-sim-sweep2,2026-10-09T06:52:10+00:00,35,local,share,0.0,1.0,0,35.4159,free,doc,1.0,0.5,S2b,0.37801200000001245,0.42766767432202296,0.5694480000000226,0.0,33.5,0,423,245
20261009-065112-m7-sim-sweep2,2026-10-09T06:52:10+00:00,35,local,share,0.0,1.0,0,35.4159,free,doc,1.0,0.5,S4,0.570744000000019,0.5871970724531383,1.1807533205752918,0.0,20.0625,321,615,323
20261009-065112-m7-sim-sweep2,2026-10-09T06:52:10+00:00,35,local,share,0.0,1.0,0,35.4159,free,doc,1.0,0.5,S4+,0.37801200000001245,0.42766767432202296,0.5694480000000226,0.0,16.75,268,423,245
20261009-065112-m7-sim-sweep2,2026-10-09T06:52:10+00:00,35,local,share,0.0,1.0,0,35.4159,free,doc,1.0,0.5,S4+P,0.4144980000000089,0.47888294185455454,0.7846760000000188,0.0,16.75,268,490,268
20261009-065112-m7-sim-sweep2,2026-10-09T06:52:10+00:00,35,local,share,0.0,1.0,0,35.4159,free,doc,1.0,0.5,S4L,0.2724969999999871,0.5016611020532995,0.9961080228376318,0.0,16.75,268,487,274
20261009-065112-m7-sim-sweep2,2026-10-09T06:52:10+00:00,35,local,share,0.0,1.0,0,35.4159,free,doc,1.0,0.5,S4B,0.3065459999999973,0.48810785110172894,0.9726870000000076,0.0,16.75,268,466,268
20261009-065112-m7-sim-sweep2,2026-10-09T06:52:10+00:00,35,local,share,0.0,1.0,0,35.4159,free,doc,1.0,0.5,S5,0.37801200000001245,0.4276237855679709,0.5694480000000226,0.0,16.75,244,423,245
20261009-065112-m7-sim-sweep2,2026-10-09T06:52:10+00:00,35,local,share,0.0,1.0,0,35.4159,free,doc,1.0,0.5,S5s,0.37801200000001245,0.4330222615869648,0.5694480000000226,0.0,16.75,164,432,249
20261009-065112-m7-sim-sweep2,2026-10-09T06:52:10+00:00,35,local,share,0.0,1.0,0,35.4159,free,doc,1.0,0.5,S5L,0.3065459999999973,0.48622277120966534,0.9726870000000076,0.0,16.75,244,467,267
20261009-065112-m7-sim-sweep2,2026-10-09T06:52:10+00:00,35,local,share,0.0,1.0,0,35.4159,free,doc,1.0,0.5,S5P,0.4144980000000089,0.47041136196249705,0.7846760000000188,0.0,16.75,244,481,263
20261009-065112-m7-sim-sweep2,2026-10-09T06:52:10+00:00,35,local,share,0.0,1.0,0,35.4159,free,doc,1.0,0.5,S5c,0.37801200000001245,0.42486663265535657,0.5694480000000226,0.0,16.75,164,425,243
20261009-065112-m7-sim-sweep2,2026-10-09T06:52:10+00:00,36,nfs,share,0.0,1.0,0,35.4159,free,doc,0.25,0.125,S0,0.9690847273471235,0.9690829773471172,0.9692972273471128,0.0,33.5,0,72,1488
20261009-065112-m7-sim-sweep2,2026-10-09T06:52:10+00:00,36,nfs,share,0.0,1.0,0,35.4159,free,doc,0.25,0.125,S1,0.9690847273471235,0.86441918604701,0.9710619714309843,0.0,33.5,0,63,1331
20261009-065112-m7-sim-sweep2,2026-10-09T06:52:10+00:00,36,nfs,share,0.0,1.0,0,35.4159,free,doc,0.25,0.125,S2b,0.9833089300180902,0.9336707281411272,0.9854756703980883,0.0,33.5,0,68,1274
20261009-065112-m7-sim-sweep2,2026-10-09T06:52:10+00:00,36,nfs,share,0.0,1.0,0,35.4159,free,doc,0.25,0.125,S4,0.9690847273471235,0.86441918604701,0.9710619714309843,0.0,32.75,524,63,1331
20261009-065112-m7-sim-sweep2,2026-10-09T06:52:10+00:00,36,nfs,share,0.0,1.0,0,35.4159,free,doc,0.25,0.125,S4+,0.9833089300180902,0.9336707281411272,0.9854756703980883,0.0,29.3125,469,68,1274
20261009-065112-m7-sim-sweep2,2026-10-09T06:52:10+00:00,36,nfs,share,0.0,1.0,0,35.4159,free,doc,0.25,0.125,S4+P,0.9690847273471235,0.7819027240774995,0.9710619714309843,0.0,29.3125,469,56,1217
20261009-065112-m7-sim-sweep2,2026-10-09T06:52:10+00:00,36,nfs,share,0.0,1.0,0,35.4159,free,doc,0.25,0.125,S4L,0.9690847273471235,0.7940610779164269,0.9710619714309843,0.0,29.3125,469,57,1228
20261009-065112-m7-sim-sweep2,2026-10-09T06:52:10+00:00,36,nfs,share,0.0,1.0,0,35.4159,free,doc,0.25,0.125,S4B,0.9690847273471235,0.7825028105970192,0.9728267155148558,0.0,29.3125,469,56,1209
20261009-065112-m7-sim-sweep2,2026-10-09T06:52:10+00:00,36,nfs,share,0.0,1.0,0,35.4159,free,doc,0.25,0.125,S5,0.9833089300180902,0.9336707281411272,0.9854756703980883,0.0,29.3125,381,68,1274
20261009-065112-m7-sim-sweep2,2026-10-09T06:52:10+00:00,36,nfs,share,0.0,1.0,0,35.4159,free,doc,0.25,0.125,S5s,0.977908447766481,0.9779066977664854,0.9798856918503418,0.0,30.0,0,72,1368
20261009-065112-m7-sim-sweep2,2026-10-09T06:52:10+00:00,36,nfs,share,0.0,1.0,0,35.4159,free,doc,0.25,0.125,S5L,0.9690847273471235,0.7825028105970192,0.9728267155148558,0.0,29.3125,381,56,1209
20261009-065112-m7-sim-sweep2,2026-10-09T06:52:10+00:00,36,nfs,share,0.0,1.0,0,35.4159,free,doc,0.25,0.125,S5P,0.9690847273471235,0.7825028105970192,0.9728267155148558,0.0,29.3125,381,56,1209
20261009-065112-m7-sim-sweep2,2026-10-09T06:52:10+00:00,36,nfs,share,0.0,1.0,0,35.4159,free,doc,0.25,0.125,S5c,0.9833089300180902,0.9336707281411272,0.9854756703980883,0.0,30.0,0,68,1274
20261009-065112-m7-sim-sweep2,2026-10-09T06:52:10+00:00,36,nfs,share,0.0,1.0,0,35.4159,free,doc,0.25,0.25,S0,0.9690847273471235,0.9690829773471172,0.9692972273471128,0.0,33.5,0,72,1488
20261009-065112-m7-sim-sweep2,2026-10-09T06:52:10+00:00,36,nfs,share,0.0,1.0,0,35.4159,free,doc,0.25,0.25,S1,0.9690847273471235,0.7593142087259324,0.9728267155148558,0.0,33.5,0,54,1178
20261009-065112-m7-sim-sweep2,2026-10-09T06:52:10+00:00,36,nfs,share,0.0,1.0,0,35.4159,free,doc,0.25,0.25,S2b,0.6834792176572222,0.6738040986814866,0.6887734499088367,0.0,33.5,0,47,1070
20261009-065112-m7-sim-sweep2,2026-10-09T06:52:10+00:00,36,nfs,share,0.0,1.0,0,35.4159,free,doc,0.25,0.25,S4,0.9690847273471235,0.7593142087259324,0.9728267155148558,0.0,28.25,452,54,1178
20261009-065112-m7-sim-sweep2,2026-10-09T06:52:10+00:00,36,nfs,share,0.0,1.0,0,35.4159,free,doc,0.25,0.25,S4+,0.6834792176572222,0.6738040986814866,0.6887734499088367,0.0,25.125,402,47,1070
20261009-065112-m7-sim-sweep2,2026-10-09T06:52:10+00:00,36,nfs,share,0.0,1.0,0,35.4159,free,doc,0.25,0.25,S4+P,0.9699670993890592,0.7502663702456817,0.9728267155148558,0.0,25.125,402,53,1119
20261009-065112-m7-sim-sweep2,2026-10-09T06:52:10+00:00,36,nfs,share,0.0,1.0,0,35.4159,free,doc,0.25,0.25,S4L,0.9689758523471212,0.7240438659198029,0.9728267155148558,0.0,25.125,402,51,1127
20261009-065112-m7-sim-sweep2,2026-10-09T06:52:10+00:00,36,nfs,share,0.0,1.0,0,35.4159,free,doc,0.25,0.25,S4B,0.968866977347119,0.6889444887394802,0.9728267155148558,0.0,25.125,402,48,1098
20261009-065112-m7-sim-sweep2,2026-10-09T06:52:10+00:00,36,nfs,share,0.0,1.0,0,35.4159,free,doc,0.25,0.25,S5,0.6834792176572222,0.6738040986814866,0.6887734499088367,0.0,25.125,314,47,1070
20261009-065112-m7-sim-sweep2,2026-10-09T06:52:10+00:00,36,nfs,share,0.0,1.0,0,35.4159,free,doc,0.25,0.25,S5s,0.977908447766481,0.9779066977664854,0.9798856918503418,0.0,30.0,0,72,1368
20261009-065112-m7-sim-sweep2,2026-10-09T06:52:10+00:00,36,nfs,share,0.0,1.0,0,35.4159,free,doc,0.25,0.25,S5L,0.968866977347119,0.6889444887394802,0.9728267155148558,0.0,25.125,314,48,1098
20261009-065112-m7-sim-sweep2,2026-10-09T06:52:10+00:00,36,nfs,share,0.0,1.0,0,35.4159,free,doc,0.25,0.25,S5P,0.968866977347119,0.7130709990186723,0.9728267155148558,0.0,25.125,314,50,1090
20261009-065112-m7-sim-sweep2,2026-10-09T06:52:10+00:00,36,nfs,share,0.0,1.0,0,35.4159,free,doc,0.25,0.25,S5c,0.6834792176572222,0.6738040986814866,0.6887734499088367,0.0,30.0,0,47,1070
20261009-065112-m7-sim-sweep2,2026-10-09T06:52:10+00:00,36,nfs,share,0.0,1.0,0,35.4159,free,doc,0.25,0.5,S0,0.9690847273471235,0.9690829773471172,0.9692972273471128,0.0,33.5,0,72,1488
20261009-065112-m7-sim-sweep2,2026-10-09T06:52:10+00:00,36,nfs,share,0.0,1.0,0,35.4159,free,doc,0.25,0.5,S1,0.968866977347119,0.618171144989482,0.9728267155148558,0.0,33.5,0,42,978
20261009-065112-m7-sim-sweep2,2026-10-09T06:52:10+00:00,36,nfs,share,0.0,1.0,0,35.4159,free,doc,0.25,0.5,S2b,0.3958964638834601,0.3655636600774634,0.40627242838669986,0.0,33.5,0,21,659
20261009-065112-m7-sim-sweep2,2026-10-09T06:52:10+00:00,36,nfs,share,0.0,1.0,0,35.4159,free,doc,0.25,0.5,S4,0.968866977347119,0.618171144989482,0.9728267155148558,0.0,20.0625,321,42,978
20261009-065112-m7-sim-sweep2,2026-10-09T06:52:10+00:00,36,nfs,share,0.0,1.0,0,35.4159,free,doc,0.25,0.5,S4+,0.3958964638834601,0.3655636600774634,0.40627242838669986,0.0,16.75,268,21,659
20261009-065112-m7-sim-sweep2,2026-10-09T06:52:10+00:00,36,nfs,share,0.0,1.0,0,35.4159,free,doc,0.25,0.5,S4+P,0.4002273196434487,0.4879060589513582,0.6993619144120657,0.0,16.75,268,31,785
20261009-065112-m7-sim-sweep2,2026-10-09T06:52:10+00:00,36,nfs,share,0.0,1.0,0,35.4159,free,doc,0.25,0.5,S4L,0.4249084912673453,0.5128843588468316,0.9710619714309843,0.0,16.75,268,33,810
20261009-065112-m7-sim-sweep2,2026-10-09T06:52:10+00:00,36,nfs,share,0.0,1.0,0,35.4159,free,doc,0.25,0.5,S4B,0.13226500000000385,0.4421999132738896,0.9710619714309843,0.0,16.75,268,27,721
20261009-065112-m7-sim-sweep2,2026-10-09T06:52:10+00:00,36,nfs,share,0.0,1.0,0,35.4159,free,doc,0.25,0.5,S5,0.3958964638834601,0.3655636600774634,0.40627242838669986,0.0,16.75,180,21,659
20261009-065112-m7-sim-sweep2,2026-10-09T06:52:10+00:00,36,nfs,share,0.0,1.0,0,35.4159,free,doc,0.25,0.5,S5s,0.977908447766481,0.9779066977664854,0.9798856918503418,0.0,30.0,0,72,1368
20261009-065112-m7-sim-sweep2,2026-10-09T06:52:10+00:00,36,nfs,share,0.0,1.0,0,35.4159,free,doc,0.25,0.5,S5L,0.13226500000000385,0.4421999132738896,0.9710619714309843,0.0,16.75,180,27,721
20261009-065112-m7-sim-sweep2,2026-10-09T06:52:10+00:00,36,nfs,share,0.0,1.0,0,35.4159,free,doc,0.25,0.5,S5P,0.3949078418415297,0.45380322131926043,0.6993619144120657,0.0,16.75,180,28,729
20261009-065112-m7-sim-sweep2,2026-10-09T06:52:10+00:00,36,nfs,share,0.0,1.0,0,35.4159,free,doc,0.25,0.5,S5c,0.3958964638834601,0.3655636600774634,0.40627242838669986,0.0,30.0,0,21,659
20261009-065112-m7-sim-sweep2,2026-10-09T06:52:10+00:00,37,nfs,share,0.0,1.0,0,35.4159,free,doc,0.5,0.125,S0,1.9381694546942398,1.8256900899575996,1.9385944546942255,0.0,33.5,0,138,1422
20261009-065112-m7-sim-sweep2,2026-10-09T06:52:10+00:00,37,nfs,share,0.0,1.0,0,35.4159,free,doc,0.5,0.125,S1,1.6490445000000165,1.5833654907997528,1.9385944546942397,0.0,33.5,0,115,1264
20261009-065112-m7-sim-sweep2,2026-10-09T06:52:10+00:00,37,nfs,share,0.0,1.0,0,35.4159,free,doc,0.5,0.125,S2b,1.6353686262076224,1.5488833916973128,1.6386584923334908,0.0,33.5,0,113,1229
20261009-065112-m7-sim-sweep2,2026-10-09T06:52:10+00:00,37,nfs,share,0.0,1.0,0,35.4159,free,doc,0.5,0.125,S4,1.6490445000000165,1.5833654907997528,1.9385944546942397,0.0,32.75,524,115,1264
20261009-065112-m7-sim-sweep2,2026-10-09T06:52:10+00:00,37,nfs,share,0.0,1.0,0,35.4159,free,doc,0.5,0.125,S4+,1.6353686262076224,1.5488833916973128,1.6386584923334908,0.0,29.3125,469,113,1229
20261009-065112-m7-sim-sweep2,2026-10-09T06:52:10+00:00,37,nfs,share,0.0,1.0,0,35.4159,free,doc,0.5,0.125,S4+P,1.6488319999999845,1.422177724338835,1.9385944546942255,0.0,29.3125,469,102,1152
20261009-065112-m7-sim-sweep2,2026-10-09T06:52:10+00:00,37,nfs,share,0.0,1.0,0,35.4159,free,doc,0.5,0.125,S4L,1.6488320000000058,1.4336856052060174,1.9385944546942255,0.0,29.3125,469,103,1157
20261009-065112-m7-sim-sweep2,2026-10-09T06:52:10+00:00,37,nfs,share,0.0,1.0,0,35.4159,free,doc,0.5,0.125,S4B,1.6488319999999845,1.3976517275173823,1.9385944546942397,0.0,29.3125,469,100,1150
20261009-065112-m7-sim-sweep2,2026-10-09T06:52:10+00:00,37,nfs,share,0.0,1.0,0,35.4159,free,doc,0.5,0.125,S5,1.6347040041657408,1.5396554646869116,1.6386584923334908,0.0,29.3125,421,113,1229
20261009-065112-m7-sim-sweep2,2026-10-09T06:52:10+00:00,37,nfs,share,0.0,1.0,0,35.4159,free,doc,0.5,0.125,S5s,1.636601495844502,1.6178060359750994,1.6386584923334908,0.0,29.3125,21,125,1241
20261009-065112-m7-sim-sweep2,2026-10-09T06:52:10+00:00,37,nfs,share,0.0,1.0,0,35.4159,free,doc,0.5,0.125,S5L,1.6488319999999845,1.3976517275173823,1.9385944546942397,0.0,29.3125,421,100,1150
20261009-065112-m7-sim-sweep2,2026-10-09T06:52:10+00:00,37,nfs,share,0.0,1.0,0,35.4159,free,doc,0.5,0.125,S5P,1.6488319999999845,1.4101244971140297,1.938169454694247,0.0,29.3125,421,101,1150
20261009-065112-m7-sim-sweep2,2026-10-09T06:52:10+00:00,37,nfs,share,0.0,1.0,0,35.4159,free,doc,0.5,0.125,S5c,1.6344862541657363,1.5381468787043637,1.6386584923334908,0.0,29.3125,21,115,1227
20261009-065112-m7-sim-sweep2,2026-10-09T06:52:10+00:00,37,nfs,share,0.0,1.0,0,35.4159,free,doc,0.5,0.25,S0,1.9381694546942398,1.8256900899575996,1.9385944546942255,0.0,33.5,0,138,1422
20261009-065112-m7-sim-sweep2,2026-10-09T06:52:10+00:00,37,nfs,share,0.0,1.0,0,35.4159,free,doc,0.5,0.25,S1,1.6488319999999845,1.3367724484016275,1.9381694546942612,0.0,33.5,0,95,1107
20261009-065112-m7-sim-sweep2,2026-10-09T06:52:10+00:00,37,nfs,share,0.0,1.0,0,35.4159,free,doc,0.5,0.25,S2b,1.3349805418049954,1.2613829313045588,1.3393140225647642,0.0,33.5,0,90,1027
20261009-065112-m7-sim-sweep2,2026-10-09T06:52:10+00:00,37,nfs,share,0.0,1.0,0,35.4159,free,doc,0.5,0.25,S4,1.6488319999999845,1.3367724484016275,1.9381694546942612,0.0,28.25,452,95,1107
20261009-065112-m7-sim-sweep2,2026-10-09T06:52:10+00:00,37,nfs,share,0.0,1.0,0,35.4159,free,doc,0.5,0.25,S4+,1.3349805418049954,1.2613829313045588,1.3393140225647642,0.0,25.125,402,90,1027
20261009-065112-m7-sim-sweep2,2026-10-09T06:52:10+00:00,37,nfs,share,0.0,1.0,0,35.4159,free,doc,0.5,0.25,S4+P,1.6483964999999898,1.2601270630965178,1.6492570000000057,0.0,25.125,402,89,1058
20261009-065112-m7-sim-sweep2,2026-10-09T06:52:10+00:00,37,nfs,share,0.0,1.0,0,35.4159,free,doc,0.5,0.25,S4L,1.6486142500000014,1.262392908622702,1.938169454694247,0.0,25.125,402,89,1054
20261009-065112-m7-sim-sweep2,2026-10-09T06:52:10+00:00,37,nfs,share,0.0,1.0,0,35.4159,free,doc,0.5,0.25,S4B,1.6486142500000014,1.2382079230613527,1.6492570000000057,0.0,25.125,402,87,1054
20261009-065112-m7-sim-sweep2,2026-10-09T06:52:10+00:00,37,nfs,share,0.0,1.0,0,35.4159,free,doc,0.5,0.25,S5,1.3349805418049954,1.2613829313045588,1.3393140225647642,0.0,25.125,354,90,1027
20261009-065112-m7-sim-sweep2,2026-10-09T06:52:10+00:00,37,nfs,share,0.0,1.0,0,35.4159,free,doc,0.5,0.25,S5s,1.637417494088936,1.592806604522221,1.6404232364173765,0.0,28.0,0,127,1217
20261009-065112-m7-sim-sweep2,2026-10-09T06:52:10+00:00,37,nfs,share,0.0,1.0,0,35.4159,free,doc,0.5,0.25,S5L,1.6486142500000014,1.2382079230613527,1.6492570000000057,0.0,25.125,354,87,1054
20261009-065112-m7-sim-sweep2,2026-10-09T06:52:10+00:00,37,nfs,share,0.0,1.0,0,35.4159,free,doc,0.5,0.25,S5P,1.6483964999999898,1.2612798821693154,1.6492570000000057,0.0,25.125,354,89,1042
20261009-065112-m7-sim-sweep2,2026-10-09T06:52:10+00:00,37,nfs,share,0.0,1.0,0,35.4159,free,doc,0.5,0.25,S5c,1.3349805418049954,1.2613829313045588,1.3393140225647642,0.0,28.0,0,90,1027
20261009-065112-m7-sim-sweep2,2026-10-09T06:52:10+00:00,37,nfs,share,0.0,1.0,0,35.4159,free,doc,0.5,0.5,S0,1.9381694546942398,1.8256900899575996,1.9385944546942255,0.0,33.5,0,138,1422
20261009-065112-m7-sim-sweep2,2026-10-09T06:52:10+00:00,37,nfs,share,0.0,1.0,0,35.4159,free,doc,0.5,0.5,S1,1.6483964999999898,1.051236485561354,1.6492570000000057,0.0,33.5,0,72,898
20261009-065112-m7-sim-sweep2,2026-10-09T06:52:10+00:00,37,nfs,share,0.0,1.0,0,35.4159,free,doc,0.5,0.5,S2b,0.7335563729996295,0.6901826534237223,0.7437198375023968,0.0,33.5,0,44,628
20261009-065112-m7-sim-sweep2,2026-10-09T06:52:10+00:00,37,nfs,share,0.0,1.0,0,35.4159,free,doc,0.5,0.5,S4,1.6483964999999898,1.051236485561354,1.6492570000000057,0.0,20.0625,321,72,898
20261009-065112-m7-sim-sweep2,2026-10-09T06:52:10+00:00,37,nfs,share,0.0,1.0,0,35.4159,free,doc,0.5,0.5,S4+,0.7335563729996295,0.6901826534237223,0.7437198375023968,0.0,16.75,268,44,628
20261009-065112-m7-sim-sweep2,2026-10-09T06:52:10+00:00,37,nfs,share,0.0,1.0,0,35.4159,free,doc,0.5,0.5,S4+P,0.7376721037591594,0.8022477152241798,1.3351930418047715,0.0,16.75,268,53,728
20261009-065112-m7-sim-sweep2,2026-10-09T06:52:10+00:00,37,nfs,share,0.0,1.0,0,35.4159,free,doc,0.5,0.5,S4L,0.44664349126804836,0.8608159195554647,1.6492569999999915,0.0,16.75,268,57,736
20261009-065112-m7-sim-sweep2,2026-10-09T06:52:10+00:00,37,nfs,share,0.0,1.0,0,35.4159,free,doc,0.5,0.5,S4B,0.43912750000005474,0.7866104084223954,1.6492569999999915,0.0,16.75,268,51,688
20261009-065112-m7-sim-sweep2,2026-10-09T06:52:10+00:00,37,nfs,share,0.0,1.0,0,35.4159,free,doc,0.5,0.5,S5,0.7335563729996295,0.6901116224743475,0.7437198375023968,0.0,16.75,220,44,628
20261009-065112-m7-sim-sweep2,2026-10-09T06:52:10+00:00,37,nfs,share,0.0,1.0,0,35.4159,free,doc,0.5,0.5,S5s,1.637417494088936,1.592806604522221,1.6404232364173765,0.0,28.0,0,127,1217
20261009-065112-m7-sim-sweep2,2026-10-09T06:52:10+00:00,37,nfs,share,0.0,1.0,0,35.4159,free,doc,0.5,0.5,S5L,0.43912750000005474,0.7866104084223954,1.6492569999999915,0.0,16.75,220,51,688
20261009-065112-m7-sim-sweep2,2026-10-09T06:52:10+00:00,37,nfs,share,0.0,1.0,0,35.4159,free,doc,0.5,0.5,S5P,0.7306967568738116,0.7653625757830665,1.3351930418047715,0.0,16.75,220,50,701
20261009-065112-m7-sim-sweep2,2026-10-09T06:52:10+00:00,37,nfs,share,0.0,1.0,0,35.4159,free,doc,0.5,0.5,S5c,0.7335563729996295,0.6901826534237223,0.7437198375023968,0.0,28.0,0,44,628
20261009-065112-m7-sim-sweep2,2026-10-09T06:52:10+00:00,38,nfs,share,0.0,1.0,0,35.4159,free,doc,2.0,0.125,S0,4.454799610358975,4.548481596842405,5.224386545851303,0.0,33.5,0,488,1072
20261009-065112-m7-sim-sweep2,2026-10-09T06:52:10+00:00,38,nfs,share,0.0,1.0,0,35.4159,free,doc,2.0,0.125,S1,4.380831999999998,4.010010060154518,5.224386545851303,0.0,33.5,0,420,944
20261009-065112-m7-sim-sweep2,2026-10-09T06:52:10+00:00,38,nfs,share,0.0,1.0,0,35.4159,free,doc,2.0,0.125,S2b,3.89562451039896,3.8540934825046462,4.035136953428378,0.0,33.5,0,402,940
20261009-065112-m7-sim-sweep2,2026-10-09T06:52:10+00:00,38,nfs,share,0.0,1.0,0,35.4159,free,doc,2.0,0.125,S4,4.3791319999999985,4.033015967743776,5.224386545851303,0.0,32.75,524,417,947
20261009-065112-m7-sim-sweep2,2026-10-09T06:52:10+00:00,38,nfs,share,0.0,1.0,0,35.4159,free,doc,2.0,0.125,S4+,3.89562451039896,3.8540934825046462,4.035136953428378,0.0,29.3125,469,402,940
20261009-065112-m7-sim-sweep2,2026-10-09T06:52:10+00:00,38,nfs,share,0.0,1.0,0,35.4159,free,doc,2.0,0.125,S4+P,4.269555243705639,3.6665192415410126,4.583731117895155,0.0,29.3125,469,381,860
20261009-065112-m7-sim-sweep2,2026-10-09T06:52:10+00:00,38,nfs,share,0.0,1.0,0,35.4159,free,doc,2.0,0.125,S4L,4.379981999999998,3.656319391176538,4.914714490379708,0.0,29.3125,469,377,858
20261009-065112-m7-sim-sweep2,2026-10-09T06:52:10+00:00,38,nfs,share,0.0,1.0,0,35.4159,free,doc,2.0,0.125,S4B,4.269555243705639,3.6359189433826926,4.6494220000000155,0.0,29.3125,469,376,856
20261009-065112-m7-sim-sweep2,2026-10-09T06:52:10+00:00,38,nfs,share,0.0,1.0,0,35.4159,free,doc,2.0,0.125,S5,3.89562451039896,3.8540934825046462,4.035136953428378,0.0,29.3125,461,402,940
20261009-065112-m7-sim-sweep2,2026-10-09T06:52:10+00:00,38,nfs,share,0.0,1.0,0,35.4159,free,doc,2.0,0.125,S5s,3.89562451039896,3.8540934825046462,4.035136953428378,0.0,29.3125,125,402,940
20261009-065112-m7-sim-sweep2,2026-10-09T06:52:10+00:00,38,nfs,share,0.0,1.0,0,35.4159,free,doc,2.0,0.125,S5L,4.269555243705639,3.6359189433826926,4.6494220000000155,0.0,29.3125,461,376,856
20261009-065112-m7-sim-sweep2,2026-10-09T06:52:10+00:00,38,nfs,share,0.0,1.0,0,35.4159,free,doc,2.0,0.125,S5P,4.269555243705639,3.670768909108258,4.583731117895155,0.0,29.3125,461,381,862
20261009-065112-m7-sim-sweep2,2026-10-09T06:52:10+00:00,38,nfs,share,0.0,1.0,0,35.4159,free,doc,2.0,0.125,S5c,3.89562451039896,3.8540934825046462,4.035136953428378,0.0,29.3125,125,402,940
20261009-065112-m7-sim-sweep2,2026-10-09T06:52:10+00:00,38,nfs,share,0.0,1.0,0,35.4159,free,doc,2.0,0.25,S0,4.454799610358975,4.548481596842405,5.224386545851303,0.0,33.5,0,488,1072
20261009-065112-m7-sim-sweep2,2026-10-09T06:52:10+00:00,38,nfs,share,0.0,1.0,0,35.4159,free,doc,2.0,0.25,S1,4.269555243705639,3.4459293610071797,4.583731117895155,0.0,33.5,0,360,812
20261009-065112-m7-sim-sweep2,2026-10-09T06:52:10+00:00,38,nfs,share,0.0,1.0,0,35.4159,free,doc,2.0,0.25,S2b,3.1633832760372798,3.119830558971374,3.3612399846670087,0.0,33.5,0,313,804
20261009-065112-m7-sim-sweep2,2026-10-09T06:52:10+00:00,38,nfs,share,0.0,1.0,0,35.4159,free,doc,2.0,0.25,S4,4.247785999999991,3.4858105975577636,5.224386545851303,0.0,28.25,452,354,818
20261009-065112-m7-sim-sweep2,2026-10-09T06:52:10+00:00,38,nfs,share,0.0,1.0,0,35.4159,free,doc,2.0,0.25,S4+,3.1633832760372798,3.119830558971374,3.3612399846670087,0.0,25.125,402,313,804
20261009-065112-m7-sim-sweep2,2026-10-09T06:52:10+00:00,38,nfs,share,0.0,1.0,0,35.4159,free,doc,2.0,0.25,S4+P,4.266090499621754,3.304419160919996,4.583731117895155,0.0,25.125,402,339,783
20261009-065112-m7-sim-sweep2,2026-10-09T06:52:10+00:00,38,nfs,share,0.0,1.0,0,35.4159,free,doc,2.0,0.25,S4L,4.267822871663697,3.28029154390889,4.583731117895155,0.0,25.125,402,339,773
20261009-065112-m7-sim-sweep2,2026-10-09T06:52:10+00:00,38,nfs,share,0.0,1.0,0,35.4159,free,doc,2.0,0.25,S4B,4.267822871663697,3.2799440957396455,4.583731117895155,0.0,25.125,402,339,772
20261009-065112-m7-sim-sweep2,2026-10-09T06:52:10+00:00,38,nfs,share,0.0,1.0,0,35.4159,free,doc,2.0,0.25,S5,3.1633832760372798,3.119830558971374,3.3612399846670087,0.0,25.125,394,313,804
20261009-065112-m7-sim-sweep2,2026-10-09T06:52:10+00:00,38,nfs,share,0.0,1.0,0,35.4159,free,doc,2.0,0.25,S5s,3.1633832760372798,3.1862509887464583,3.3669824619156827,0.0,25.125,58,321,819
20261009-065112-m7-sim-sweep2,2026-10-09T06:52:10+00:00,38,nfs,share,0.0,1.0,0,35.4159,free,doc,2.0,0.25,S5L,4.267822871663697,3.2799440957396455,4.583731117895155,0.0,25.125,394,339,772
20261009-065112-m7-sim-sweep2,2026-10-09T06:52:10+00:00,38,nfs,share,0.0,1.0,0,35.4159,free,doc,2.0,0.25,S5P,4.266090499621754,3.2977280542578313,4.583731117895155,0.0,25.125,394,338,782
20261009-065112-m7-sim-sweep2,2026-10-09T06:52:10+00:00,38,nfs,share,0.0,1.0,0,35.4159,free,doc,2.0,0.25,S5c,3.1633832760372798,3.1196811130029745,3.368403080903107,0.0,25.125,58,315,802
20261009-065112-m7-sim-sweep2,2026-10-09T06:52:10+00:00,38,nfs,share,0.0,1.0,0,35.4159,free,doc,2.0,0.5,S0,4.454799610358975,4.548481596842405,5.224386545851303,0.0,33.5,0,488,1072
20261009-065112-m7-sim-sweep2,2026-10-09T06:52:10+00:00,38,nfs,share,0.0,1.0,0,35.4159,free,doc,2.0,0.5,S1,4.266090499621754,2.7708510694389674,4.583731117895155,0.0,33.5,0,275,645
20261009-065112-m7-sim-sweep2,2026-10-09T06:52:10+00:00,38,nfs,share,0.0,1.0,0,35.4159,free,doc,2.0,0.5,S2b,2.0537579363269742,1.850636050928794,2.0607407965366917,0.0,33.5,0,165,502
20261009-065112-m7-sim-sweep2,2026-10-09T06:52:10+00:00,38,nfs,share,0.0,1.0,0,35.4159,free,doc,2.0,0.5,S4,4.246935999999991,2.8096935033721273,5.224386545851303,0.0,20.0625,321,271,649
20261009-065112-m7-sim-sweep2,2026-10-09T06:52:10+00:00,38,nfs,share,0.0,1.0,0,35.4159,free,doc,2.0,0.5,S4+,2.0537579363269742,1.850636050928794,2.0607407965366917,0.0,16.75,268,165,502
20261009-065112-m7-sim-sweep2,2026-10-09T06:52:10+00:00,38,nfs,share,0.0,1.0,0,35.4159,free,doc,2.0,0.5,S4+P,2.444789777295995,2.1843728431328806,3.4822939999999676,0.0,16.75,268,202,545
20261009-065112-m7-sim-sweep2,2026-10-09T06:52:10+00:00,38,nfs,share,0.0,1.0,0,35.4159,free,doc,2.0,0.5,S4L,1.1433750557313829,2.2676911446541532,4.454944313600549,0.0,16.75,268,212,531
20261009-065112-m7-sim-sweep2,2026-10-09T06:52:10+00:00,38,nfs,share,0.0,1.0,0,35.4159,free,doc,2.0,0.5,S4B,1.1416103116474972,2.223778857718519,4.454944313600549,0.0,16.75,268,207,527
20261009-065112-m7-sim-sweep2,2026-10-09T06:52:10+00:00,38,nfs,share,0.0,1.0,0,35.4159,free,doc,2.0,0.5,S5,2.0537579363269742,1.850624212437232,2.0607407965366917,0.0,16.75,260,165,502
20261009-065112-m7-sim-sweep2,2026-10-09T06:52:10+00:00,38,nfs,share,0.0,1.0,0,35.4159,free,doc,2.0,0.5,S5s,2.673291999999975,2.7784423182903155,3.1224779999999726,0.0,21.5,0,290,742
20261009-065112-m7-sim-sweep2,2026-10-09T06:52:10+00:00,38,nfs,share,0.0,1.0,0,35.4159,free,doc,2.0,0.5,S5L,1.1416103116474972,2.221433072560844,4.454944313600549,0.0,16.75,260,207,527
20261009-065112-m7-sim-sweep2,2026-10-09T06:52:10+00:00,38,nfs,share,0.0,1.0,0,35.4159,free,doc,2.0,0.5,S5P,2.132784730145545,2.150580376256292,3.4822939999999676,0.0,16.75,260,199,543
20261009-065112-m7-sim-sweep2,2026-10-09T06:52:10+00:00,38,nfs,share,0.0,1.0,0,35.4159,free,doc,2.0,0.5,S5c,1.9479659999999654,1.8281625562684691,2.120705102979315,0.0,21.5,0,180,487
20261009-065112-m7-sim-sweep2,2026-10-09T06:52:10+00:00,39,local,share,0.0,1.0,0,35.4159,free,chat,0.25,0.125,S0,0.49129764363802053,0.5015368267062664,0.696579889661777,0.0,32.0,0,200,568
20261009-065112-m7-sim-sweep2,2026-10-09T06:52:10+00:00,39,local,share,0.0,1.0,0,35.4159,free,chat,0.25,0.125,S1,0.40343283356685333,0.429009207459736,0.5584047500000366,0.0,32.0,0,125,422
20261009-065112-m7-sim-sweep2,2026-10-09T06:52:10+00:00,39,local,share,0.0,1.0,0,35.4159,free,chat,0.25,0.125,S2b,0.49129764363802053,0.4668849670533077,0.696579889661777,0.0,32.0,0,164,496
20261009-065112-m7-sim-sweep2,2026-10-09T06:52:10+00:00,39,local,share,0.0,1.0,0,35.4159,free,chat,0.25,0.125,S4,0.40343283356685333,0.429009207459736,0.5584047500000366,0.0,29.0,464,125,422
20261009-065112-m7-sim-sweep2,2026-10-09T06:52:10+00:00,39,local,share,0.0,1.0,0,35.4159,free,chat,0.25,0.125,S4+,0.49129764363802053,0.4668849670533077,0.696579889661777,0.0,28.0,448,164,496
20261009-065112-m7-sim-sweep2,2026-10-09T06:52:10+00:00,39,local,share,0.0,1.0,0,35.4159,free,chat,0.25,0.125,S4+P,0.39840623408683484,0.422522962471269,0.5584047500000366,0.0,28.0,448,119,408
20261009-065112-m7-sim-sweep2,2026-10-09T06:52:10+00:00,39,local,share,0.0,1.0,0,35.4159,free,chat,0.25,0.125,S4L,0.3741029171336976,0.4188910105220547,0.5584047500000366,0.0,28.0,448,115,400
20261009-065112-m7-sim-sweep2,2026-10-09T06:52:10+00:00,39,local,share,0.0,1.0,0,35.4159,free,chat,0.25,0.125,S4B,0.3741029171336976,0.41406948237939406,0.5584047500000366,0.0,28.0,448,110,389
20261009-065112-m7-sim-sweep2,2026-10-09T06:52:10+00:00,39,local,share,0.0,1.0,0,35.4159,free,chat,0.25,0.125,S5,0.49129764363802053,0.46686129007018273,0.696579889661777,0.0,28.0,424,164,496
20261009-065112-m7-sim-sweep2,2026-10-09T06:52:10+00:00,39,local,share,0.0,1.0,0,35.4159,free,chat,0.25,0.125,S5s,0.49129764363802053,0.4697765342789892,0.696579889661777,0.0,28.0,384,167,498
20261009-065112-m7-sim-sweep2,2026-10-09T06:52:10+00:00,39,local,share,0.0,1.0,0,35.4159,free,chat,0.25,0.125,S5L,0.3741029171336976,0.4168792107070279,0.5584047500000366,0.0,28.0,424,113,396
20261009-065112-m7-sim-sweep2,2026-10-09T06:52:10+00:00,39,local,share,0.0,1.0,0,35.4159,free,chat,0.25,0.125,S5P,0.3992886061287706,0.4226818629698208,0.5584047500000366,0.0,28.0,424,119,406
20261009-065112-m7-sim-sweep2,2026-10-09T06:52:10+00:00,39,local,share,0.0,1.0,0,35.4159,free,chat,0.25,0.125,S5c,0.49129764363802053,0.4668849670533077,0.696579889661777,0.0,28.0,384,164,496
20261009-065112-m7-sim-sweep2,2026-10-09T06:52:10+00:00,39,local,share,0.0,1.0,0,35.4159,free,chat,0.25,0.25,S0,0.49129764363802053,0.5015368267062664,0.696579889661777,0.0,32.0,0,200,568
20261009-065112-m7-sim-sweep2,2026-10-09T06:52:10+00:00,39,local,share,0.0,1.0,0,35.4159,free,chat,0.25,0.25,S1,0.3741029171336976,0.3919320043865368,0.5584047500000366,0.0,32.0,0,87,343
20261009-065112-m7-sim-sweep2,2026-10-09T06:52:10+00:00,39,local,share,0.0,1.0,0,35.4159,free,chat,0.25,0.25,S2b,0.42725503419736555,0.4193564804527015,0.6001589919428483,0.0,32.0,0,115,401
20261009-065112-m7-sim-sweep2,2026-10-09T06:52:10+00:00,39,local,share,0.0,1.0,0,35.4159,free,chat,0.25,0.25,S4,0.3741029171336976,0.3919320043865368,0.5584047500000366,0.0,24.0,384,87,343
20261009-065112-m7-sim-sweep2,2026-10-09T06:52:10+00:00,39,local,share,0.0,1.0,0,35.4159,free,chat,0.25,0.25,S4+,0.42725503419736555,0.4193564804527015,0.6001589919428483,0.0,24.0,384,115,401
20261009-065112-m7-sim-sweep2,2026-10-09T06:52:10+00:00,39,local,share,0.0,1.0,0,35.4159,free,chat,0.25,0.25,S4+P,0.3741029171336976,0.38206016316736324,0.49129764363802053,0.0,24.0,384,77,323
20261009-065112-m7-sim-sweep2,2026-10-09T06:52:10+00:00,39,local,share,0.0,1.0,0,35.4159,free,chat,0.25,0.25,S4L,0.3741029171336976,0.38093962356729644,0.49129764363802053,0.0,24.0,384,76,322
20261009-065112-m7-sim-sweep2,2026-10-09T06:52:10+00:00,39,local,share,0.0,1.0,0,35.4159,free,chat,0.25,0.25,S4B,0.3741029171336976,0.3789275714839639,0.49129764363802053,0.0,24.0,384,74,317
20261009-065112-m7-sim-sweep2,2026-10-09T06:52:10+00:00,39,local,share,0.0,1.0,0,35.4159,free,chat,0.25,0.25,S5,0.42697091039986645,0.41933280346957663,0.6001589919428483,0.0,24.0,360,115,401
20261009-065112-m7-sim-sweep2,2026-10-09T06:52:10+00:00,39,local,share,0.0,1.0,0,35.4159,free,chat,0.25,0.25,S5s,0.4262606009061187,0.42504099454740957,0.6001589919428483,0.0,24.0,320,123,407
20261009-065112-m7-sim-sweep2,2026-10-09T06:52:10+00:00,39,local,share,0.0,1.0,0,35.4159,free,chat,0.25,0.25,S5L,0.3741029171336976,0.3800339543410196,0.49129764363802053,0.0,24.0,360,75,317
20261009-065112-m7-sim-sweep2,2026-10-09T06:52:10+00:00,39,local,share,0.0,1.0,0,35.4159,free,chat,0.25,0.25,S5P,0.3741029171336976,0.38170018341847545,0.49129764363802053,0.0,24.0,360,77,321
20261009-065112-m7-sim-sweep2,2026-10-09T06:52:10+00:00,39,local,share,0.0,1.0,0,35.4159,free,chat,0.25,0.25,S5c,0.42725503419736555,0.4193564804527015,0.6001589919428483,0.0,24.0,320,115,401
20261009-065112-m7-sim-sweep2,2026-10-09T06:52:10+00:00,39,local,share,0.0,1.0,0,35.4159,free,chat,0.25,0.5,S0,0.49129764363802053,0.5015368267062664,0.696579889661777,0.0,32.0,0,200,568
20261009-065112-m7-sim-sweep2,2026-10-09T06:52:10+00:00,39,local,share,0.0,1.0,0,35.4159,free,chat,0.25,0.5,S1,0.3167329468190019,0.3520326983835608,0.4327627500000091,0.0,32.0,0,46,257
20261009-065112-m7-sim-sweep2,2026-10-09T06:52:10+00:00,39,local,share,0.0,1.0,0,35.4159,free,chat,0.25,0.5,S2b,0.3167329468190019,0.3495252430155382,0.45433909022402474,0.0,32.0,0,43,249
20261009-065112-m7-sim-sweep2,2026-10-09T06:52:10+00:00,39,local,share,0.0,1.0,0,35.4159,free,chat,0.25,0.5,S4,0.3167329468190019,0.3520326983835608,0.4327627500000091,0.0,17.0,272,46,257
20261009-065112-m7-sim-sweep2,2026-10-09T06:52:10+00:00,39,local,share,0.0,1.0,0,35.4159,free,chat,0.25,0.5,S4+,0.3167329468190019,0.3495252430155382,0.45433909022402474,0.0,16.0,256,43,249
20261009-065112-m7-sim-sweep2,2026-10-09T06:52:10+00:00,39,local,share,0.0,1.0,0,35.4159,free,chat,0.25,0.5,S4+P,0.3167329468190019,0.3381338596086773,0.4327627500000091,0.0,16.0,256,32,228
20261009-065112-m7-sim-sweep2,2026-10-09T06:52:10+00:00,39,local,share,0.0,1.0,0,35.4159,free,chat,0.25,0.5,S4L,0.3167329468190019,0.34627540089765496,0.4327627500000091,0.0,16.0,256,40,247
20261009-065112-m7-sim-sweep2,2026-10-09T06:52:10+00:00,39,local,share,0.0,1.0,0,35.4159,free,chat,0.25,0.5,S4B,0.3130758484095111,0.32726097109572666,0.384473500000027,0.0,16.0,256,21,203
20261009-065112-m7-sim-sweep2,2026-10-09T06:52:10+00:00,39,local,share,0.0,1.0,0,35.4159,free,chat,0.25,0.5,S5,0.3167329468190019,0.34923235604733566,0.45433909022402474,0.0,16.0,232,43,248
20261009-065112-m7-sim-sweep2,2026-10-09T06:52:10+00:00,39,local,share,0.0,1.0,0,35.4159,free,chat,0.25,0.5,S5s,0.32188492581583716,0.3559793107117623,0.45433909022402474,0.0,16.0,192,60,257
20261009-065112-m7-sim-sweep2,2026-10-09T06:52:10+00:00,39,local,share,0.0,1.0,0,35.4159,free,chat,0.25,0.5,S5L,0.3167329468190019,0.34082411249860023,0.4327627500000091,0.0,16.0,232,35,234
20261009-065112-m7-sim-sweep2,2026-10-09T06:52:10+00:00,39,local,share,0.0,1.0,0,35.4159,free,chat,0.25,0.5,S5P,0.3167329468190019,0.3335737378943791,0.4327627500000091,0.0,16.0,232,28,218
20261009-065112-m7-sim-sweep2,2026-10-09T06:52:10+00:00,39,local,share,0.0,1.0,0,35.4159,free,chat,0.25,0.5,S5c,0.3167329468190019,0.34817786517061516,0.45433909022402474,0.0,16.0,192,44,248
20261009-065112-m7-sim-sweep2,2026-10-09T06:52:10+00:00,40,local,share,0.0,1.0,0,35.4159,free,chat,0.5,0.125,S0,0.881409000000005,0.8833793738928731,1.1943910000000102,0.0,32.0,0,304,464
20261009-065112-m7-sim-sweep2,2026-10-09T06:52:10+00:00,40,local,share,0.0,1.0,0,35.4159,free,chat,0.5,0.125,S1,0.7611620854425709,0.775546067997387,1.0095871099764508,0.0,32.0,0,199,339
20261009-065112-m7-sim-sweep2,2026-10-09T06:52:10+00:00,40,local,share,0.0,1.0,0,35.4159,free,chat,0.5,0.125,S2b,0.881409000000005,0.8316027652310348,1.1943910000000102,0.0,32.0,0,253,405
20261009-065112-m7-sim-sweep2,2026-10-09T06:52:10+00:00,40,local,share,0.0,1.0,0,35.4159,free,chat,0.5,0.125,S4,0.744237717413661,0.764352881634539,1.0095871099764508,0.0,29.0,464,212,326
20261009-065112-m7-sim-sweep2,2026-10-09T06:52:10+00:00,40,local,share,0.0,1.0,0,35.4159,free,chat,0.5,0.125,S4+,0.881409000000005,0.8316027652310348,1.1943910000000102,0.0,28.0,448,253,405
20261009-065112-m7-sim-sweep2,2026-10-09T06:52:10+00:00,40,local,share,0.0,1.0,0,35.4159,free,chat,0.5,0.125,S4+P,0.7288517243271144,0.7666724181547941,1.0095871099764508,0.0,28.0,448,192,329
20261009-065112-m7-sim-sweep2,2026-10-09T06:52:10+00:00,40,local,share,0.0,1.0,0,35.4159,free,chat,0.5,0.125,S4L,0.6916840000000093,0.7601847372019156,1.0095871099764508,0.0,28.0,448,185,321
20261009-065112-m7-sim-sweep2,2026-10-09T06:52:10+00:00,40,local,share,0.0,1.0,0,35.4159,free,chat,0.5,0.125,S4B,0.6916840000000093,0.7549754755968289,1.0095871099764508,0.0,28.0,448,180,316
20261009-065112-m7-sim-sweep2,2026-10-09T06:52:10+00:00,40,local,share,0.0,1.0,0,35.4159,free,chat,0.5,0.125,S5,0.881409000000005,0.8315909267394724,1.1943910000000102,0.0,28.0,440,253,405
20261009-065112-m7-sim-sweep2,2026-10-09T06:52:10+00:00,40,local,share,0.0,1.0,0,35.4159,free,chat,0.5,0.125,S5s,0.881409000000005,0.8335775950414815,1.1943910000000102,0.0,28.0,400,255,407
20261009-065112-m7-sim-sweep2,2026-10-09T06:52:10+00:00,40,local,share,0.0,1.0,0,35.4159,free,chat,0.5,0.125,S5L,0.6916840000000093,0.7589870642169961,1.0095871099764508,0.0,28.0,440,184,320
20261009-065112-m7-sim-sweep2,2026-10-09T06:52:10+00:00,40,local,share,0.0,1.0,0,35.4159,free,chat,0.5,0.125,S5P,0.7288517243271144,0.7666724181547941,1.0095871099764508,0.0,28.0,440,192,329
20261009-065112-m7-sim-sweep2,2026-10-09T06:52:10+00:00,40,local,share,0.0,1.0,0,35.4159,free,chat,0.5,0.125,S5c,0.881409000000005,0.8316027652310348,1.1943910000000102,0.0,28.0,400,253,405
20261009-065112-m7-sim-sweep2,2026-10-09T06:52:10+00:00,40,local,share,0.0,1.0,0,35.4159,free,chat,0.5,0.25,S0,0.881409000000005,0.8833793738928731,1.1943910000000102,0.0,32.0,0,304,464
20261009-065112-m7-sim-sweep2,2026-10-09T06:52:10+00:00,40,local,share,0.0,1.0,0,35.4159,free,chat,0.5,0.25,S1,0.6916840000000093,0.7159654957340589,1.0095871099764508,0.0,32.0,0,142,268
20261009-065112-m7-sim-sweep2,2026-10-09T06:52:10+00:00,40,local,share,0.0,1.0,0,35.4159,free,chat,0.5,0.25,S2b,0.7880818049240688,0.7613068837688944,1.0671449999999965,0.0,32.0,0,184,325
20261009-065112-m7-sim-sweep2,2026-10-09T06:52:10+00:00,40,local,share,0.0,1.0,0,35.4159,free,chat,0.5,0.25,S4,0.6916840000000093,0.7062347134566936,0.9287810000000007,0.0,24.0,384,151,259
20261009-065112-m7-sim-sweep2,2026-10-09T06:52:10+00:00,40,local,share,0.0,1.0,0,35.4159,free,chat,0.5,0.25,S4+,0.7880818049240688,0.7613068837688944,1.0671449999999965,0.0,24.0,384,184,325
20261009-065112-m7-sim-sweep2,2026-10-09T06:52:10+00:00,40,local,share,0.0,1.0,0,35.4159,free,chat,0.5,0.25,S4+P,0.6916840000000093,0.7010127352268553,0.881409000000005,0.0,24.0,384,128,252
20261009-065112-m7-sim-sweep2,2026-10-09T06:52:10+00:00,40,local,share,0.0,1.0,0,35.4159,free,chat,0.5,0.25,S4L,0.6916840000000093,0.6999265660169799,0.881409000000005,0.0,24.0,384,127,251
20261009-065112-m7-sim-sweep2,2026-10-09T06:52:10+00:00,40,local,share,0.0,1.0,0,35.4159,free,chat,0.5,0.25,S4B,0.6916840000000093,0.6966680583873538,0.881409000000005,0.0,24.0,384,124,248
20261009-065112-m7-sim-sweep2,2026-10-09T06:52:10+00:00,40,local,share,0.0,1.0,0,35.4159,free,chat,0.5,0.25,S5,0.7880818049240688,0.761295045277332,1.0671449999999965,0.0,24.0,376,184,325
20261009-065112-m7-sim-sweep2,2026-10-09T06:52:10+00:00,40,local,share,0.0,1.0,0,35.4159,free,chat,0.5,0.25,S5s,0.7880818049240688,0.7666626889649363,1.0671449999999965,0.0,24.0,336,191,330
20261009-065112-m7-sim-sweep2,2026-10-09T06:52:10+00:00,40,local,share,0.0,1.0,0,35.4159,free,chat,0.5,0.25,S5L,0.6916840000000093,0.6988403968071045,0.881409000000005,0.0,24.0,376,126,250
20261009-065112-m7-sim-sweep2,2026-10-09T06:52:10+00:00,40,local,share,0.0,1.0,0,35.4159,free,chat,0.5,0.25,S5P,0.6916840000000093,0.7010127352268553,0.881409000000005,0.0,24.0,376,128,252
20261009-065112-m7-sim-sweep2,2026-10-09T06:52:10+00:00,40,local,share,0.0,1.0,0,35.4159,free,chat,0.5,0.25,S5c,0.7880818049240688,0.7613068837688944,1.0671449999999965,0.0,24.0,336,184,325
20261009-065112-m7-sim-sweep2,2026-10-09T06:52:10+00:00,40,local,share,0.0,1.0,0,35.4159,free,chat,0.5,0.5,S0,0.881409000000005,0.8833793738928731,1.1943910000000102,0.0,32.0,0,304,464
20261009-065112-m7-sim-sweep2,2026-10-09T06:52:10+00:00,40,local,share,0.0,1.0,0,35.4159,free,chat,0.5,0.5,S1,0.5742707952285144,0.6485860010957806,0.8306401708851325,0.0,32.0,0,76,188
20261009-065112-m7-sim-sweep2,2026-10-09T06:52:10+00:00,40,local,share,0.0,1.0,0,35.4159,free,chat,0.5,0.5,S2b,0.5806716523957078,0.6464524483529205,0.8428030127777504,0.0,32.0,0,76,187
20261009-065112-m7-sim-sweep2,2026-10-09T06:52:10+00:00,40,local,share,0.0,1.0,0,35.4159,free,chat,0.5,0.5,S4,0.5716961476142544,0.6418704541137524,0.8306401708851325,0.0,17.0,272,83,181
20261009-065112-m7-sim-sweep2,2026-10-09T06:52:10+00:00,40,local,share,0.0,1.0,0,35.4159,free,chat,0.5,0.5,S4+,0.5806716523957078,0.6464524483529205,0.8428030127777504,0.0,16.0,256,76,187
20261009-065112-m7-sim-sweep2,2026-10-09T06:52:10+00:00,40,local,share,0.0,1.0,0,35.4159,free,chat,0.5,0.5,S4+P,0.5742707952285144,0.6275157929130698,0.8306401708851325,0.0,16.0,256,57,167
20261009-065112-m7-sim-sweep2,2026-10-09T06:52:10+00:00,40,local,share,0.0,1.0,0,35.4159,free,chat,0.5,0.5,S4L,0.5742707952285144,0.6400031938408398,0.8306401708851325,0.0,16.0,256,68,180
20261009-065112-m7-sim-sweep2,2026-10-09T06:52:10+00:00,40,local,share,0.0,1.0,0,35.4159,free,chat,0.5,0.5,S4B,0.5742707952285144,0.6257990037922845,0.8306401708851325,0.0,16.0,256,55,164
20261009-065112-m7-sim-sweep2,2026-10-09T06:52:10+00:00,40,local,share,0.0,1.0,0,35.4159,free,chat,0.5,0.5,S5,0.5806716523957078,0.6464524483529205,0.8428030127777504,0.0,16.0,248,76,187
20261009-065112-m7-sim-sweep2,2026-10-09T06:52:10+00:00,40,local,share,0.0,1.0,0,35.4159,free,chat,0.5,0.5,S5s,0.5805161021772278,0.6550301320920244,0.8428030127777504,0.0,16.0,208,96,195
20261009-065112-m7-sim-sweep2,2026-10-09T06:52:10+00:00,40,local,share,0.0,1.0,0,35.4159,free,chat,0.5,0.5,S5L,0.5742707952285144,0.6378308554210891,0.8306401708851325,0.0,16.0,248,66,178
20261009-065112-m7-sim-sweep2,2026-10-09T06:52:10+00:00,40,local,share,0.0,1.0,0,35.4159,free,chat,0.5,0.5,S5P,0.5742707952285144,0.6256257338641446,0.8306401708851325,0.0,16.0,248,55,164
20261009-065112-m7-sim-sweep2,2026-10-09T06:52:10+00:00,40,local,share,0.0,1.0,0,35.4159,free,chat,0.5,0.5,S5c,0.5748255545037821,0.6459652735285933,0.8428030127777504,0.0,16.0,208,77,186
20261009-065112-m7-sim-sweep2,2026-10-09T06:52:10+00:00,41,local,share,0.0,1.0,0,35.4159,free,chat,2.0,0.125,S0,2.6174319999999796,2.5849463470840615,3.2250919999999894,0.0,32.0,0,568,200
20261009-065112-m7-sim-sweep2,2026-10-09T06:52:10+00:00,41,local,share,0.0,1.0,0,35.4159,free,chat,2.0,0.125,S1,2.5123419999999896,2.455559310627061,3.0821614162628634,0.0,32.0,0,377,155
20261009-065112-m7-sim-sweep2,2026-10-09T06:52:10+00:00,41,local,share,0.0,1.0,0,35.4159,free,chat,2.0,0.125,S2b,2.6174319999999796,2.532346600650459,3.2250919999999894,0.0,32.0,0,475,182
20261009-065112-m7-sim-sweep2,2026-10-09T06:52:10+00:00,41,local,share,0.0,1.0,0,35.4159,free,chat,2.0,0.125,S4,2.4072519999999997,2.4160339655697176,3.1764331020238217,0.0,29.0,464,392,140
20261009-065112-m7-sim-sweep2,2026-10-09T06:52:10+00:00,41,local,share,0.0,1.0,0,35.4159,free,chat,2.0,0.125,S4+,2.6174319999999796,2.532346600650459,3.2250919999999894,0.0,28.0,448,475,182
20261009-065112-m7-sim-sweep2,2026-10-09T06:52:10+00:00,41,local,share,0.0,1.0,0,35.4159,free,chat,2.0,0.125,S4+P,2.453778896543639,2.461694221204976,3.0821614162628634,0.0,28.0,448,362,157
20261009-065112-m7-sim-sweep2,2026-10-09T06:52:10+00:00,41,local,share,0.0,1.0,0,35.4159,free,chat,2.0,0.125,S4L,2.4072519999999997,2.4377787516161096,3.0821614162628634,0.0,28.0,448,351,149
20261009-065112-m7-sim-sweep2,2026-10-09T06:52:10+00:00,41,local,share,0.0,1.0,0,35.4159,free,chat,2.0,0.125,S4B,2.4072519999999997,2.4375131926051563,3.0821614162628634,0.0,28.0,448,349,149
20261009-065112-m7-sim-sweep2,2026-10-09T06:52:10+00:00,41,local,share,0.0,1.0,0,35.4159,free,chat,2.0,0.125,S5,2.6174319999999796,2.532346600650459,3.2250919999999894,0.0,28.0,448,475,182
20261009-065112-m7-sim-sweep2,2026-10-09T06:52:10+00:00,41,local,share,0.0,1.0,0,35.4159,free,chat,2.0,0.125,S5s,2.6174319999999796,2.532346600650459,3.2250919999999894,0.0,28.0,432,476,182
20261009-065112-m7-sim-sweep2,2026-10-09T06:52:10+00:00,41,local,share,0.0,1.0,0,35.4159,free,chat,2.0,0.125,S5L,2.4072519999999997,2.4377787516161096,3.0821614162628634,0.0,28.0,448,351,149
20261009-065112-m7-sim-sweep2,2026-10-09T06:52:10+00:00,41,local,share,0.0,1.0,0,35.4159,free,chat,2.0,0.125,S5P,2.453778896543639,2.461694221204976,3.0821614162628634,0.0,28.0,448,362,157
20261009-065112-m7-sim-sweep2,2026-10-09T06:52:10+00:00,41,local,share,0.0,1.0,0,35.4159,free,chat,2.0,0.125,S5c,2.6174319999999796,2.532346600650459,3.2250919999999894,0.0,28.0,432,475,182
20261009-065112-m7-sim-sweep2,2026-10-09T06:52:10+00:00,41,local,share,0.0,1.0,0,35.4159,free,chat,2.0,0.25,S0,2.6174319999999796,2.5849463470840615,3.2250919999999894,0.0,32.0,0,568,200
20261009-065112-m7-sim-sweep2,2026-10-09T06:52:10+00:00,41,local,share,0.0,1.0,0,35.4159,free,chat,2.0,0.25,S1,2.4072519999999926,2.366167874897268,3.0821614162628634,0.0,32.0,0,270,123
20261009-065112-m7-sim-sweep2,2026-10-09T06:52:10+00:00,41,local,share,0.0,1.0,0,35.4159,free,chat,2.0,0.25,S2b,2.5814579999999836,2.44627474931324,3.1496099999999956,0.0,32.0,0,352,152
20261009-065112-m7-sim-sweep2,2026-10-09T06:52:10+00:00,41,local,share,0.0,1.0,0,35.4159,free,chat,2.0,0.25,S4,2.2137340000000023,2.3100469595998834,2.799256000000014,0.0,24.0,384,291,102
20261009-065112-m7-sim-sweep2,2026-10-09T06:52:10+00:00,41,local,share,0.0,1.0,0,35.4159,free,chat,2.0,0.25,S4+,2.5814579999999836,2.44627474931324,3.1496099999999956,0.0,24.0,384,352,152
20261009-065112-m7-sim-sweep2,2026-10-09T06:52:10+00:00,41,local,share,0.0,1.0,0,35.4159,free,chat,2.0,0.25,S4+P,2.4072519999999926,2.3512350658863146,2.865608000000009,0.0,24.0,384,245,118
20261009-065112-m7-sim-sweep2,2026-10-09T06:52:10+00:00,41,local,share,0.0,1.0,0,35.4159,free,chat,2.0,0.25,S4L,2.4072519999999926,2.351189374897267,2.865608000000009,0.0,24.0,384,243,118
20261009-065112-m7-sim-sweep2,2026-10-09T06:52:10+00:00,41,local,share,0.0,1.0,0,35.4159,free,chat,2.0,0.25,S4B,2.4072519999999926,2.351189374897267,2.865608000000009,0.0,24.0,384,242,118
20261009-065112-m7-sim-sweep2,2026-10-09T06:52:10+00:00,41,local,share,0.0,1.0,0,35.4159,free,chat,2.0,0.25,S5,2.5814579999999836,2.44627474931324,3.1496099999999956,0.0,24.0,384,352,152
20261009-065112-m7-sim-sweep2,2026-10-09T06:52:10+00:00,41,local,share,0.0,1.0,0,35.4159,free,chat,2.0,0.25,S5s,2.5814579999999836,2.44655375403841,3.1496099999999956,0.0,24.0,368,355,152
20261009-065112-m7-sim-sweep2,2026-10-09T06:52:10+00:00,41,local,share,0.0,1.0,0,35.4159,free,chat,2.0,0.25,S5L,2.4072519999999926,2.351189374897267,2.865608000000009,0.0,24.0,384,243,118
20261009-065112-m7-sim-sweep2,2026-10-09T06:52:10+00:00,41,local,share,0.0,1.0,0,35.4159,free,chat,2.0,0.25,S5P,2.4072519999999926,2.3512350658863146,2.865608000000009,0.0,24.0,384,245,118
20261009-065112-m7-sim-sweep2,2026-10-09T06:52:10+00:00,41,local,share,0.0,1.0,0,35.4159,free,chat,2.0,0.25,S5c,2.5814579999999836,2.44627474931324,3.1496099999999956,0.0,24.0,368,352,152
20261009-065112-m7-sim-sweep2,2026-10-09T06:52:10+00:00,41,local,share,0.0,1.0,0,35.4159,free,chat,2.0,0.5,S0,2.6174319999999796,2.5849463470840615,3.2250919999999894,0.0,32.0,0,568,200
20261009-065112-m7-sim-sweep2,2026-10-09T06:52:10+00:00,41,local,share,0.0,1.0,0,35.4159,free,chat,2.0,0.5,S1,2.093894000000006,2.253169562448628,2.865608000000009,0.0,32.0,0,145,82
20261009-065112-m7-sim-sweep2,2026-10-09T06:52:10+00:00,41,local,share,0.0,1.0,0,35.4159,free,chat,2.0,0.5,S2b,2.183261000000016,2.2782336986290677,2.865608000000009,0.0,32.0,0,149,92
20261009-065112-m7-sim-sweep2,2026-10-09T06:52:10+00:00,41,local,share,0.0,1.0,0,35.4159,free,chat,2.0,0.5,S4,2.093894000000006,2.2014471029898464,2.6720900000000256,0.0,17.0,272,164,63
20261009-065112-m7-sim-sweep2,2026-10-09T06:52:10+00:00,41,local,share,0.0,1.0,0,35.4159,free,chat,2.0,0.5,S4+,2.183261000000016,2.2782336986290677,2.865608000000009,0.0,16.0,256,149,92
20261009-065112-m7-sim-sweep2,2026-10-09T06:52:10+00:00,41,local,share,0.0,1.0,0,35.4159,free,chat,2.0,0.5,S4+P,2.093894000000006,2.2431291986290685,2.865608000000009,0.0,16.0,256,112,79
20261009-065112-m7-sim-sweep2,2026-10-09T06:52:10+00:00,41,local,share,0.0,1.0,0,35.4159,free,chat,2.0,0.5,S4L,2.093894000000006,2.247214121459581,2.865608000000009,0.0,16.0,256,131,80
20261009-065112-m7-sim-sweep2,2026-10-09T06:52:10+00:00,41,local,share,0.0,1.0,0,35.4159,free,chat,2.0,0.5,S4B,2.093894000000006,2.246948562448628,2.865608000000009,0.0,16.0,256,128,80
20261009-065112-m7-sim-sweep2,2026-10-09T06:52:10+00:00,41,local,share,0.0,1.0,0,35.4159,free,chat,2.0,0.5,S5,2.183261000000016,2.2782336986290677,2.865608000000009,0.0,16.0,256,149,92
20261009-065112-m7-sim-sweep2,2026-10-09T06:52:10+00:00,41,local,share,0.0,1.0,0,35.4159,free,chat,2.0,0.5,S5s,2.183261000000016,2.2790707128045784,2.865608000000009,0.0,16.0,240,157,92
20261009-065112-m7-sim-sweep2,2026-10-09T06:52:10+00:00,41,local,share,0.0,1.0,0,35.4159,free,chat,2.0,0.5,S5L,2.093894000000006,2.247214121459581,2.865608000000009,0.0,16.0,256,131,80
20261009-065112-m7-sim-sweep2,2026-10-09T06:52:10+00:00,41,local,share,0.0,1.0,0,35.4159,free,chat,2.0,0.5,S5P,2.093894000000006,2.2431291986290685,2.865608000000009,0.0,16.0,256,112,79
20261009-065112-m7-sim-sweep2,2026-10-09T06:52:10+00:00,41,local,share,0.0,1.0,0,35.4159,free,chat,2.0,0.5,S5c,2.183261000000016,2.2782336986290677,2.865608000000009,0.0,16.0,240,149,92
20261009-065112-m7-sim-sweep2,2026-10-09T06:52:10+00:00,42,local,share,0.0,1.0,0,35.4159,free,doc,0.25,0.125,S0,0.5837644348902842,0.519625045272815,0.5989462499999973,0.0,33.5,0,561,999
20261009-065112-m7-sim-sweep2,2026-10-09T06:52:10+00:00,42,local,share,0.0,1.0,0,35.4159,free,doc,0.25,0.125,S1,0.5837644348902842,0.48533074337048926,0.5859594289741494,0.0,33.5,0,460,934
20261009-065112-m7-sim-sweep2,2026-10-09T06:52:10+00:00,42,local,share,0.0,1.0,0,35.4159,free,doc,0.25,0.125,S2b,0.502826872931557,0.4692273081590006,0.514107249999995,0.0,33.5,0,418,924
20261009-065112-m7-sim-sweep2,2026-10-09T06:52:10+00:00,42,local,share,0.0,1.0,0,35.4159,free,doc,0.25,0.125,S4,0.5837644348902842,0.49681640088664264,0.5859594289741494,0.0,32.75,524,444,950
20261009-065112-m7-sim-sweep2,2026-10-09T06:52:10+00:00,42,local,share,0.0,1.0,0,35.4159,free,doc,0.25,0.125,S4+,0.48553979493942023,0.4500244099465866,0.5112847340308662,0.0,29.3125,469,449,893
20261009-065112-m7-sim-sweep2,2026-10-09T06:52:10+00:00,42,local,share,0.0,1.0,0,35.4159,free,doc,0.25,0.125,S4+P,0.5837644348902842,0.43922955377694645,0.5877241730580209,0.0,29.3125,469,421,852
20261009-065112-m7-sim-sweep2,2026-10-09T06:52:10+00:00,42,local,share,0.0,1.0,0,35.4159,free,doc,0.25,0.125,S4L,0.5837644348902842,0.44101336663149066,0.5859594289741494,0.0,29.3125,469,427,858
20261009-065112-m7-sim-sweep2,2026-10-09T06:52:10+00:00,42,local,share,0.0,1.0,0,35.4159,free,doc,0.25,0.125,S4B,0.5596762429371438,0.43682780413668887,0.5859594289741494,0.0,29.3125,469,415,850
20261009-065112-m7-sim-sweep2,2026-10-09T06:52:10+00:00,42,local,share,0.0,1.0,0,35.4159,free,doc,0.25,0.125,S5,0.484228050951927,0.444262868279921,0.5112847340308662,0.0,29.3125,381,458,884
20261009-065112-m7-sim-sweep2,2026-10-09T06:52:10+00:00,42,local,share,0.0,1.0,0,35.4159,free,doc,0.25,0.125,S5s,0.482527214454997,0.43399787936196904,0.5110722340308769,0.0,29.3125,229,474,868
20261009-065112-m7-sim-sweep2,2026-10-09T06:52:10+00:00,42,local,share,0.0,1.0,0,35.4159,free,doc,0.25,0.125,S5L,0.5435077087980673,0.4305451346251002,0.5859594289741494,0.0,29.3125,381,424,841
20261009-065112-m7-sim-sweep2,2026-10-09T06:52:10+00:00,42,local,share,0.0,1.0,0,35.4159,free,doc,0.25,0.125,S5P,0.5435077087980673,0.4305451346251002,0.5859594289741494,0.0,29.3125,381,424,841
20261009-065112-m7-sim-sweep2,2026-10-09T06:52:10+00:00,42,local,share,0.0,1.0,0,35.4159,free,doc,0.25,0.125,S5c,0.482527214454997,0.43399787936196904,0.5110722340308769,0.0,29.3125,229,474,868
20261009-065112-m7-sim-sweep2,2026-10-09T06:52:10+00:00,42,local,share,0.0,1.0,0,35.4159,free,doc,0.25,0.25,S0,0.5837644348902842,0.519625045272815,0.5989462499999973,0.0,33.5,0,561,999
20261009-065112-m7-sim-sweep2,2026-10-09T06:52:10+00:00,42,local,share,0.0,1.0,0,35.4159,free,doc,0.25,0.25,S1,0.5837644348902842,0.4517808107615391,0.5877241730580209,0.0,33.5,0,369,863
20261009-065112-m7-sim-sweep2,2026-10-09T06:52:10+00:00,42,local,share,0.0,1.0,0,35.4159,free,doc,0.25,0.25,S2b,0.4346327950037221,0.4116189917266257,0.4366100390875829,0.0,33.5,0,288,829
20261009-065112-m7-sim-sweep2,2026-10-09T06:52:10+00:00,42,local,share,0.0,1.0,0,35.4159,free,doc,0.25,0.25,S4,0.5837644348902842,0.43948014730078927,0.5859594289741494,0.0,28.25,452,387,845
20261009-065112-m7-sim-sweep2,2026-10-09T06:52:10+00:00,42,local,share,0.0,1.0,0,35.4159,free,doc,0.25,0.25,S4+,0.40933823100864686,0.3781442973501381,0.4366100390875829,0.0,25.125,402,347,770
20261009-065112-m7-sim-sweep2,2026-10-09T06:52:10+00:00,42,local,share,0.0,1.0,0,35.4159,free,doc,0.25,0.25,S4+P,0.41014750759929797,0.39867709178568295,0.5860310527716592,0.0,25.125,402,396,776
20261009-065112-m7-sim-sweep2,2026-10-09T06:52:10+00:00,42,local,share,0.0,1.0,0,35.4159,free,doc,0.25,0.25,S4L,0.43104037500000913,0.3987065827693452,0.5859594289741494,0.0,25.125,402,396,782
20261009-065112-m7-sim-sweep2,2026-10-09T06:52:10+00:00,42,local,share,0.0,1.0,0,35.4159,free,doc,0.25,0.25,S4B,0.43104037500000913,0.39354820553936065,0.5860310527716592,0.0,25.125,402,376,770
20261009-065112-m7-sim-sweep2,2026-10-09T06:52:10+00:00,42,local,share,0.0,1.0,0,35.4159,free,doc,0.25,0.25,S5,0.39943724198336383,0.36594245776947254,0.4366100390875829,0.0,25.125,314,367,750
20261009-065112-m7-sim-sweep2,2026-10-09T06:52:10+00:00,42,local,share,0.0,1.0,0,35.4159,free,doc,0.25,0.25,S5s,0.3655425669804586,0.34970968393338,0.4346327950037221,0.0,25.125,162,393,724
20261009-065112-m7-sim-sweep2,2026-10-09T06:52:10+00:00,42,local,share,0.0,1.0,0,35.4159,free,doc,0.25,0.25,S5L,0.3478672500000286,0.38026533374527816,0.5859594289741494,0.0,25.125,314,395,751
20261009-065112-m7-sim-sweep2,2026-10-09T06:52:10+00:00,42,local,share,0.0,1.0,0,35.4159,free,doc,0.25,0.25,S5P,0.3478672500000286,0.37823494956474296,0.5859594289741494,0.0,25.125,314,394,746
20261009-065112-m7-sim-sweep2,2026-10-09T06:52:10+00:00,42,local,share,0.0,1.0,0,35.4159,free,doc,0.25,0.25,S5c,0.36568462887920816,0.3498280688490046,0.4346327950037221,0.0,25.125,162,393,724
20261009-065112-m7-sim-sweep2,2026-10-09T06:52:10+00:00,42,local,share,0.0,1.0,0,35.4159,free,doc,0.25,0.5,S0,0.5837644348902842,0.519625045272815,0.5989462499999973,0.0,33.5,0,561,999
20261009-065112-m7-sim-sweep2,2026-10-09T06:52:10+00:00,42,local,share,0.0,1.0,0,35.4159,free,doc,0.25,0.5,S1,0.5837644348902842,0.39352799522299503,0.5877241730580209,0.0,33.5,0,266,754
20261009-065112-m7-sim-sweep2,2026-10-09T06:52:10+00:00,42,local,share,0.0,1.0,0,35.4159,free,doc,0.25,0.5,S2b,0.28418328307521534,0.25324208519421987,0.28902539328488785,0.0,33.5,0,133,547
20261009-065112-m7-sim-sweep2,2026-10-09T06:52:10+00:00,42,local,share,0.0,1.0,0,35.4159,free,doc,0.25,0.5,S4,0.5754218677270018,0.3821026808249825,0.5859594289741494,0.0,20.0625,321,281,739
20261009-065112-m7-sim-sweep2,2026-10-09T06:52:10+00:00,42,local,share,0.0,1.0,0,35.4159,free,doc,0.25,0.5,S4+,0.26527831827456083,0.24690881247796703,0.28902539328488785,0.0,16.75,268,146,534
20261009-065112-m7-sim-sweep2,2026-10-09T06:52:10+00:00,42,local,share,0.0,1.0,0,35.4159,free,doc,0.25,0.5,S4+P,0.26470241538232386,0.2810318783678814,0.43549925000000655,0.0,16.75,268,231,585
20261009-065112-m7-sim-sweep2,2026-10-09T06:52:10+00:00,42,local,share,0.0,1.0,0,35.4159,free,doc,0.25,0.5,S4L,0.13594786228298972,0.3122475566321719,0.5857469289741601,0.0,16.75,268,217,626
20261009-065112-m7-sim-sweep2,2026-10-09T06:52:10+00:00,42,local,share,0.0,1.0,0,35.4159,free,doc,0.25,0.5,S4B,0.13226500000000385,0.2762635311714181,0.5857469289741601,0.0,16.75,268,188,560
20261009-065112-m7-sim-sweep2,2026-10-09T06:52:10+00:00,42,local,share,0.0,1.0,0,35.4159,free,doc,0.25,0.5,S5,0.23865401529474184,0.24008836493738706,0.28902539328488785,0.0,16.75,180,160,520
20261009-065112-m7-sim-sweep2,2026-10-09T06:52:10+00:00,42,local,share,0.0,1.0,0,35.4159,free,doc,0.25,0.5,S5s,0.22861509508381772,0.23664662207101608,0.28704814920102706,0.0,16.75,28,237,518
20261009-065112-m7-sim-sweep2,2026-10-09T06:52:10+00:00,42,local,share,0.0,1.0,0,35.4159,free,doc,0.25,0.5,S5L,0.13226500000000385,0.2744815936714187,0.5857469289741601,0.0,16.75,180,191,557
20261009-065112-m7-sim-sweep2,2026-10-09T06:52:10+00:00,42,local,share,0.0,1.0,0,35.4159,free,doc,0.25,0.5,S5P,0.20442665667212623,0.2605085175710891,0.43549925000000655,0.0,16.75,180,210,547
20261009-065112-m7-sim-sweep2,2026-10-09T06:52:10+00:00,42,local,share,0.0,1.0,0,35.4159,free,doc,0.25,0.5,S5c,0.20541527871405663,0.2154707421528196,0.28704814920102706,0.0,16.75,28,207,473
20261009-065112-m7-sim-sweep2,2026-10-09T06:52:10+00:00,43,local,share,0.0,1.0,0,35.4159,free,doc,0.5,0.125,S0,0.46303850000001034,0.6012598180499786,0.8701380000000114,0.0,33.5,0,909,651
20261009-065112-m7-sim-sweep2,2026-10-09T06:52:10+00:00,43,local,share,0.0,1.0,0,35.4159,free,doc,0.5,0.125,S1,0.46303850000001034,0.5552759064777639,0.8701380000000114,0.0,33.5,0,779,600
20261009-065112-m7-sim-sweep2,2026-10-09T06:52:10+00:00,43,local,share,0.0,1.0,0,35.4159,free,doc,0.5,0.125,S2b,0.41864704016238363,0.5320553352863016,0.7394483284641353,0.0,33.5,0,758,584
20261009-065112-m7-sim-sweep2,2026-10-09T06:52:10+00:00,43,local,share,0.0,1.0,0,35.4159,free,doc,0.5,0.125,S4,0.46261350000000334,0.5667902350296193,0.8705735000000061,0.0,32.75,524,770,609
20261009-065112-m7-sim-sweep2,2026-10-09T06:52:10+00:00,43,local,share,0.0,1.0,0,35.4159,free,doc,0.5,0.125,S4+,0.41864704016238363,0.5320553352863016,0.7394483284641353,0.0,29.3125,469,758,584
20261009-065112-m7-sim-sweep2,2026-10-09T06:52:10+00:00,43,local,share,0.0,1.0,0,35.4159,free,doc,0.5,0.125,S4+P,0.46303850000001034,0.52264822493895,0.8701380000000114,0.0,29.3125,469,690,564
20261009-065112-m7-sim-sweep2,2026-10-09T06:52:10+00:00,43,local,share,0.0,1.0,0,35.4159,free,doc,0.5,0.125,S4L,0.46303850000001034,0.5273284432680801,0.8701380000000114,0.0,29.3125,469,692,568
20261009-065112-m7-sim-sweep2,2026-10-09T06:52:10+00:00,43,local,share,0.0,1.0,0,35.4159,free,doc,0.5,0.125,S4B,0.46303850000001034,0.524140966587827,0.8701380000000114,0.0,29.3125,469,685,565
20261009-065112-m7-sim-sweep2,2026-10-09T06:52:10+00:00,43,local,share,0.0,1.0,0,35.4159,free,doc,0.5,0.125,S5,0.41864704016238363,0.5320553352863016,0.7394483284641353,0.0,29.3125,421,758,584
20261009-065112-m7-sim-sweep2,2026-10-09T06:52:10+00:00,43,local,share,0.0,1.0,0,35.4159,free,doc,0.5,0.125,S5s,0.41864704016238363,0.5320553352863016,0.7394483284641353,0.0,29.3125,309,758,584
20261009-065112-m7-sim-sweep2,2026-10-09T06:52:10+00:00,43,local,share,0.0,1.0,0,35.4159,free,doc,0.5,0.125,S5L,0.46303850000001034,0.524140966587827,0.8701380000000114,0.0,29.3125,421,685,565
20261009-065112-m7-sim-sweep2,2026-10-09T06:52:10+00:00,43,local,share,0.0,1.0,0,35.4159,free,doc,0.5,0.125,S5P,0.46303850000001034,0.52264822493895,0.8701380000000114,0.0,29.3125,421,687,564
20261009-065112-m7-sim-sweep2,2026-10-09T06:52:10+00:00,43,local,share,0.0,1.0,0,35.4159,free,doc,0.5,0.125,S5c,0.41864704016238363,0.5320553352863016,0.7394483284641353,0.0,29.3125,309,758,584
20261009-065112-m7-sim-sweep2,2026-10-09T06:52:10+00:00,43,local,share,0.0,1.0,0,35.4159,free,doc,0.5,0.25,S0,0.46303850000001034,0.6012598180499786,0.8701380000000114,0.0,33.5,0,909,651
20261009-065112-m7-sim-sweep2,2026-10-09T06:52:10+00:00,43,local,share,0.0,1.0,0,35.4159,free,doc,0.5,0.25,S1,0.46303850000001034,0.4992195731444262,0.8701380000000114,0.0,33.5,0,662,540
20261009-065112-m7-sim-sweep2,2026-10-09T06:52:10+00:00,43,local,share,0.0,1.0,0,35.4159,free,doc,0.5,0.25,S2b,0.37077850000001433,0.4595437347944061,0.6145063754315743,0.0,33.5,0,600,517
20261009-065112-m7-sim-sweep2,2026-10-09T06:52:10+00:00,43,local,share,0.0,1.0,0,35.4159,free,doc,0.5,0.25,S4,0.43935250967184913,0.5236473630881496,0.8705735000000061,0.0,28.25,452,642,560
20261009-065112-m7-sim-sweep2,2026-10-09T06:52:10+00:00,43,local,share,0.0,1.0,0,35.4159,free,doc,0.5,0.25,S4+,0.37077850000001433,0.4595437347944061,0.6145063754315743,0.0,25.125,402,600,517
20261009-065112-m7-sim-sweep2,2026-10-09T06:52:10+00:00,43,local,share,0.0,1.0,0,35.4159,free,doc,0.5,0.25,S4+P,0.46261350000000334,0.48894501328749723,0.8701380000000114,0.0,25.125,402,618,529
20261009-065112-m7-sim-sweep2,2026-10-09T06:52:10+00:00,43,local,share,0.0,1.0,0,35.4159,free,doc,0.5,0.25,S4L,0.46282600000000684,0.4863215314777592,0.8701380000000114,0.0,25.125,402,618,525
20261009-065112-m7-sim-sweep2,2026-10-09T06:52:10+00:00,43,local,share,0.0,1.0,0,35.4159,free,doc,0.5,0.25,S4B,0.46282600000000684,0.48626255740554925,0.8701380000000114,0.0,25.125,402,616,525
20261009-065112-m7-sim-sweep2,2026-10-09T06:52:10+00:00,43,local,share,0.0,1.0,0,35.4159,free,doc,0.5,0.25,S5,0.37077850000001433,0.4595437347944061,0.6145063754315743,0.0,25.125,354,600,517
20261009-065112-m7-sim-sweep2,2026-10-09T06:52:10+00:00,43,local,share,0.0,1.0,0,35.4159,free,doc,0.5,0.25,S5s,0.37077850000001433,0.4595437347944061,0.6145063754315743,0.0,25.125,242,600,517
20261009-065112-m7-sim-sweep2,2026-10-09T06:52:10+00:00,43,local,share,0.0,1.0,0,35.4159,free,doc,0.5,0.25,S5L,0.46282600000000684,0.48626255740554925,0.8701380000000114,0.0,25.125,354,616,525
20261009-065112-m7-sim-sweep2,2026-10-09T06:52:10+00:00,43,local,share,0.0,1.0,0,35.4159,free,doc,0.5,0.25,S5P,0.46261350000000334,0.4849781824055495,0.8701380000000114,0.0,25.125,354,606,525
20261009-065112-m7-sim-sweep2,2026-10-09T06:52:10+00:00,43,local,share,0.0,1.0,0,35.4159,free,doc,0.5,0.25,S5c,0.37077850000001433,0.4595437347944061,0.6145063754315743,0.0,25.125,242,600,517
20261009-065112-m7-sim-sweep2,2026-10-09T06:52:10+00:00,43,local,share,0.0,1.0,0,35.4159,free,doc,0.5,0.5,S0,0.46303850000001034,0.6012598180499786,0.8701380000000114,0.0,33.5,0,909,651
20261009-065112-m7-sim-sweep2,2026-10-09T06:52:10+00:00,43,local,share,0.0,1.0,0,35.4159,free,doc,0.5,0.5,S1,0.46261350000000334,0.4475684324055482,0.8701380000000114,0.0,33.5,0,490,480
20261009-065112-m7-sim-sweep2,2026-10-09T06:52:10+00:00,43,local,share,0.0,1.0,0,35.4159,free,doc,0.5,0.5,S2b,0.3277512500000128,0.3307735327596575,0.4389150000000086,0.0,33.5,0,291,381
20261009-065112-m7-sim-sweep2,2026-10-09T06:52:10+00:00,43,local,share,0.0,1.0,0,35.4159,free,doc,0.5,0.5,S4,0.4391275000000121,0.47189678657221573,0.8705735000000061,0.0,20.0625,321,469,501
20261009-065112-m7-sim-sweep2,2026-10-09T06:52:10+00:00,43,local,share,0.0,1.0,0,35.4159,free,doc,0.5,0.5,S4+,0.28820571699488085,0.32710442742115714,0.4389150000000086,0.0,16.75,268,295,377
20261009-065112-m7-sim-sweep2,2026-10-09T06:52:10+00:00,43,local,share,0.0,1.0,0,35.4159,free,doc,0.5,0.5,S4+P,0.3298919516119696,0.37188449469595436,0.6198401253749779,0.0,16.75,268,367,414
20261009-065112-m7-sim-sweep2,2026-10-09T06:52:10+00:00,43,local,share,0.0,1.0,0,35.4159,free,doc,0.5,0.5,S4L,0.1934935691247901,0.3977601983264325,0.8701380000000114,0.0,16.75,268,367,426
20261009-065112-m7-sim-sweep2,2026-10-09T06:52:10+00:00,43,local,share,0.0,1.0,0,35.4159,free,doc,0.5,0.5,S4B,0.22611950000001002,0.37035483248200524,0.8701380000000114,0.0,16.75,268,337,402
20261009-065112-m7-sim-sweep2,2026-10-09T06:52:10+00:00,43,local,share,0.0,1.0,0,35.4159,free,doc,0.5,0.5,S5,0.28820571699488085,0.32703339647178237,0.4389150000000086,0.0,16.75,220,295,377
20261009-065112-m7-sim-sweep2,2026-10-09T06:52:10+00:00,43,local,share,0.0,1.0,0,35.4159,free,doc,0.5,0.5,S5s,0.30743212023632793,0.33905454866773194,0.4389150000000086,0.0,16.75,108,311,391
20261009-065112-m7-sim-sweep2,2026-10-09T06:52:10+00:00,43,local,share,0.0,1.0,0,35.4159,free,doc,0.5,0.5,S5L,0.22611950000001002,0.37035483248200524,0.8701380000000114,0.0,16.75,220,337,402
20261009-065112-m7-sim-sweep2,2026-10-09T06:52:10+00:00,43,local,share,0.0,1.0,0,35.4159,free,doc,0.5,0.5,S5P,0.3263919200198728,0.35917121293950416,0.6198401253749779,0.0,16.75,220,352,399
20261009-065112-m7-sim-sweep2,2026-10-09T06:52:10+00:00,43,local,share,0.0,1.0,0,35.4159,free,doc,0.5,0.5,S5c,0.285584500000013,0.32500561566732894,0.4389150000000086,0.0,16.75,108,297,375
20261009-065112-m7-sim-sweep2,2026-10-09T06:52:10+00:00,44,local,share,0.0,1.0,0,35.4159,free,doc,2.0,0.125,S0,0.7560239999999965,0.928630583333323,1.5693519999999523,0.0,33.5,0,1292,268
20261009-065112-m7-sim-sweep2,2026-10-09T06:52:10+00:00,44,local,share,0.0,1.0,0,35.4159,free,doc,2.0,0.125,S1,0.7560239999999965,0.8634346666666607,1.5693519999999523,0.0,33.5,0,1119,245
20261009-065112-m7-sim-sweep2,2026-10-09T06:52:10+00:00,44,local,share,0.0,1.0,0,35.4159,free,doc,2.0,0.125,S2b,0.6840760000000046,0.8443622311914041,1.2215159999999798,0.0,33.5,0,1100,242
20261009-065112-m7-sim-sweep2,2026-10-09T06:52:10+00:00,44,local,share,0.0,1.0,0,35.4159,free,doc,2.0,0.125,S4,0.7543239999999969,0.8736373287115301,1.5693519999999523,0.0,32.75,524,1117,247
20261009-065112-m7-sim-sweep2,2026-10-09T06:52:10+00:00,44,local,share,0.0,1.0,0,35.4159,free,doc,2.0,0.125,S4+,0.6840760000000046,0.8443622311914041,1.2215159999999798,0.0,29.3125,469,1100,242
20261009-065112-m7-sim-sweep2,2026-10-09T06:52:10+00:00,44,local,share,0.0,1.0,0,35.4159,free,doc,2.0,0.125,S4+P,0.7560239999999965,0.8187132651627719,1.3058379999999659,0.0,29.3125,469,1011,230
20261009-065112-m7-sim-sweep2,2026-10-09T06:52:10+00:00,44,local,share,0.0,1.0,0,35.4159,free,doc,2.0,0.125,S4L,0.7560239999999965,0.8209776666666642,1.4796719999999652,0.0,29.3125,469,1005,230
20261009-065112-m7-sim-sweep2,2026-10-09T06:52:10+00:00,44,local,share,0.0,1.0,0,35.4159,free,doc,2.0,0.125,S4B,0.7560239999999965,0.8209776666666642,1.4796719999999652,0.0,29.3125,469,1002,230
20261009-065112-m7-sim-sweep2,2026-10-09T06:52:10+00:00,44,local,share,0.0,1.0,0,35.4159,free,doc,2.0,0.125,S5,0.6840760000000046,0.8443622311914041,1.2215159999999798,0.0,29.3125,461,1100,242
20261009-065112-m7-sim-sweep2,2026-10-09T06:52:10+00:00,44,local,share,0.0,1.0,0,35.4159,free,doc,2.0,0.125,S5s,0.6840760000000046,0.8443622311914041,1.2215159999999798,0.0,29.3125,405,1100,242
20261009-065112-m7-sim-sweep2,2026-10-09T06:52:10+00:00,44,local,share,0.0,1.0,0,35.4159,free,doc,2.0,0.125,S5L,0.7560239999999965,0.8209776666666642,1.4796719999999652,0.0,29.3125,461,1002,230
20261009-065112-m7-sim-sweep2,2026-10-09T06:52:10+00:00,44,local,share,0.0,1.0,0,35.4159,free,doc,2.0,0.125,S5P,0.7560239999999965,0.8214071142724109,1.3058379999999659,0.0,29.3125,461,1012,231
20261009-065112-m7-sim-sweep2,2026-10-09T06:52:10+00:00,44,local,share,0.0,1.0,0,35.4159,free,doc,2.0,0.125,S5c,0.6840760000000046,0.8443622311914041,1.2215159999999798,0.0,29.3125,405,1100,242
20261009-065112-m7-sim-sweep2,2026-10-09T06:52:10+00:00,44,local,share,0.0,1.0,0,35.4159,free,doc,2.0,0.25,S0,0.7560239999999965,0.928630583333323,1.5693519999999523,0.0,33.5,0,1292,268
20261009-065112-m7-sim-sweep2,2026-10-09T06:52:10+00:00,44,local,share,0.0,1.0,0,35.4159,free,doc,2.0,0.25,S1,0.7560239999999965,0.7738615000000001,1.0598620000000096,0.0,33.5,0,957,215
20261009-065112-m7-sim-sweep2,2026-10-09T06:52:10+00:00,44,local,share,0.0,1.0,0,35.4159,free,doc,2.0,0.25,S2b,0.6139420000000086,0.7452051114145798,1.1388959999999884,0.0,33.5,0,907,210
20261009-065112-m7-sim-sweep2,2026-10-09T06:52:10+00:00,44,local,share,0.0,1.0,0,35.4159,free,doc,2.0,0.25,S4,0.6840760000000046,0.7972362763816984,1.5693519999999523,0.0,28.25,452,951,221
20261009-065112-m7-sim-sweep2,2026-10-09T06:52:10+00:00,44,local,share,0.0,1.0,0,35.4159,free,doc,2.0,0.25,S4+,0.6139420000000086,0.7452051114145798,1.1388959999999884,0.0,25.125,402,907,210
20261009-065112-m7-sim-sweep2,2026-10-09T06:52:10+00:00,44,local,share,0.0,1.0,0,35.4159,free,doc,2.0,0.25,S4+P,0.7543239999999969,0.7615625833333345,1.0598620000000096,0.0,25.125,402,911,211
20261009-065112-m7-sim-sweep2,2026-10-09T06:52:10+00:00,44,local,share,0.0,1.0,0,35.4159,free,doc,2.0,0.25,S4L,0.7551739999999967,0.7570407500000016,1.0598620000000096,0.0,25.125,402,903,209
20261009-065112-m7-sim-sweep2,2026-10-09T06:52:10+00:00,44,local,share,0.0,1.0,0,35.4159,free,doc,2.0,0.25,S4B,0.7551739999999967,0.7570407500000016,1.0598620000000096,0.0,25.125,402,902,209
20261009-065112-m7-sim-sweep2,2026-10-09T06:52:10+00:00,44,local,share,0.0,1.0,0,35.4159,free,doc,2.0,0.25,S5,0.6139420000000086,0.7452051114145798,1.1388959999999884,0.0,25.125,394,907,210
20261009-065112-m7-sim-sweep2,2026-10-09T06:52:10+00:00,44,local,share,0.0,1.0,0,35.4159,free,doc,2.0,0.25,S5s,0.6139420000000086,0.7452051114145798,1.1388959999999884,0.0,25.125,338,907,210
20261009-065112-m7-sim-sweep2,2026-10-09T06:52:10+00:00,44,local,share,0.0,1.0,0,35.4159,free,doc,2.0,0.25,S5L,0.7551739999999967,0.7570407500000016,1.0598620000000096,0.0,25.125,394,902,209
20261009-065112-m7-sim-sweep2,2026-10-09T06:52:10+00:00,44,local,share,0.0,1.0,0,35.4159,free,doc,2.0,0.25,S5P,0.7543239999999969,0.7596921312647164,1.0598620000000096,0.0,25.125,394,910,210
20261009-065112-m7-sim-sweep2,2026-10-09T06:52:10+00:00,44,local,share,0.0,1.0,0,35.4159,free,doc,2.0,0.25,S5c,0.6139420000000086,0.7452051114145798,1.1388959999999884,0.0,25.125,338,907,210
20261009-065112-m7-sim-sweep2,2026-10-09T06:52:10+00:00,44,local,share,0.0,1.0,0,35.4159,free,doc,2.0,0.5,S0,0.7560239999999965,0.928630583333323,1.5693519999999523,0.0,33.5,0,1292,268
20261009-065112-m7-sim-sweep2,2026-10-09T06:52:10+00:00,44,local,share,0.0,1.0,0,35.4159,free,doc,2.0,0.5,S1,0.7543239999999969,0.6964208333333394,1.0598620000000096,0.0,33.5,0,733,187
20261009-065112-m7-sim-sweep2,2026-10-09T06:52:10+00:00,44,local,share,0.0,1.0,0,35.4159,free,doc,2.0,0.5,S2b,0.4794920000000218,0.5532221203209874,0.7693394167890517,0.0,33.5,0,522,145
20261009-065112-m7-sim-sweep2,2026-10-09T06:52:10+00:00,44,local,share,0.0,1.0,0,35.4159,free,doc,2.0,0.5,S4,0.682376000000005,0.7058448048575224,1.483113999999972,0.0,20.0625,321,731,189
20261009-065112-m7-sim-sweep2,2026-10-09T06:52:10+00:00,44,local,share,0.0,1.0,0,35.4159,free,doc,2.0,0.5,S4+,0.4794920000000218,0.5532221203209874,0.7693394167890517,0.0,16.75,268,522,145
20261009-065112-m7-sim-sweep2,2026-10-09T06:52:10+00:00,44,local,share,0.0,1.0,0,35.4159,free,doc,2.0,0.5,S4+P,0.5449940000000169,0.6059762173834109,0.9036279999999977,0.0,16.75,268,588,159
20261009-065112-m7-sim-sweep2,2026-10-09T06:52:10+00:00,44,local,share,0.0,1.0,0,35.4159,free,doc,2.0,0.5,S4L,0.4142280000000227,0.6303930000000099,1.0598620000000096,0.0,16.75,268,578,165
20261009-065112-m7-sim-sweep2,2026-10-09T06:52:10+00:00,44,local,share,0.0,1.0,0,35.4159,free,doc,2.0,0.5,S4B,0.4142280000000227,0.6268795833333437,1.0598620000000096,0.0,16.75,268,570,164
20261009-065112-m7-sim-sweep2,2026-10-09T06:52:10+00:00,44,local,share,0.0,1.0,0,35.4159,free,doc,2.0,0.5,S5,0.4794920000000218,0.5532221203209874,0.7693394167890517,0.0,16.75,260,522,145
20261009-065112-m7-sim-sweep2,2026-10-09T06:52:10+00:00,44,local,share,0.0,1.0,0,35.4159,free,doc,2.0,0.5,S5s,0.4794920000000218,0.5558367869876536,0.7693394167890517,0.0,16.75,204,526,146
20261009-065112-m7-sim-sweep2,2026-10-09T06:52:10+00:00,44,local,share,0.0,1.0,0,35.4159,free,doc,2.0,0.5,S5L,0.4142280000000227,0.6237345000000106,1.0598620000000096,0.0,16.75,260,571,163
20261009-065112-m7-sim-sweep2,2026-10-09T06:52:10+00:00,44,local,share,0.0,1.0,0,35.4159,free,doc,2.0,0.5,S5P,0.5449940000000169,0.6023510898028329,0.8329004920613556,0.0,16.75,260,584,158
20261009-065112-m7-sim-sweep2,2026-10-09T06:52:10+00:00,44,local,share,0.0,1.0,0,35.4159,free,doc,2.0,0.5,S5c,0.4794920000000218,0.5532221203209874,0.7693394167890517,0.0,16.75,204,522,145
20261009-065112-m7-sim-sweep2,2026-10-09T06:52:10+00:00,45,local,share,0.0,1.0,0,35.4159,hold,chat,0.25,0.125,S0,0.49129764363802053,0.5494229734510588,0.696579889661777,0.04788614674479241,32.0,0,200,568
20261009-065112-m7-sim-sweep2,2026-10-09T06:52:10+00:00,45,local,share,0.0,1.0,0,35.4159,hold,chat,0.25,0.125,S1,0.49129764363802053,0.5502169965322784,0.696579889661777,0.1219649220345076,32.0,0,125,420
20261009-065112-m7-sim-sweep2,2026-10-09T06:52:10+00:00,45,local,share,0.0,1.0,0,35.4159,hold,chat,0.25,0.125,S2b,0.6753472160064575,0.7148890651705239,1.0490095858246207,0.28399749576336103,32.0,0,229,431
20261009-065112-m7-sim-sweep2,2026-10-09T06:52:10+00:00,45,local,share,0.0,1.0,0,35.4159,hold,chat,0.25,0.125,S4,0.8222006414728753,0.7830418089372859,1.0490095858246207,0.3988744325696351,29.0,464,211,333
20261009-065112-m7-sim-sweep2,2026-10-09T06:52:10+00:00,45,local,share,0.0,1.0,0,35.4159,hold,chat,0.25,0.125,S4+,0.9111409954305714,0.8761961070756689,1.0490095858246207,0.49199004647738853,28.0,448,322,338
20261009-065112-m7-sim-sweep2,2026-10-09T06:52:10+00:00,45,local,share,0.0,1.0,0,35.4159,hold,chat,0.25,0.125,S4+P,0.8624612548372994,0.854578910295201,0.9887406680633859,0.49199004647738853,28.0,448,236,289
20261009-065112-m7-sim-sweep2,2026-10-09T06:52:10+00:00,45,local,share,0.0,1.0,0,35.4159,hold,chat,0.25,0.125,S4L,0.8498501336680135,0.8526893594941699,0.9887406680633859,0.49199004647738853,28.0,448,227,285
20261009-065112-m7-sim-sweep2,2026-10-09T06:52:10+00:00,45,local,share,0.0,1.0,0,35.4159,hold,chat,0.25,0.125,S4B,0.8498501336680135,0.8500679040407828,0.9887406680633859,0.49199004647738853,28.0,448,217,279
20261009-065112-m7-sim-sweep2,2026-10-09T06:52:10+00:00,45,local,share,0.0,1.0,0,35.4159,hold,chat,0.25,0.125,S5,0.9111409954305714,0.8761961070756689,1.0490095858246207,0.49199004647738853,28.0,424,322,338
20261009-065112-m7-sim-sweep2,2026-10-09T06:52:10+00:00,45,local,share,0.0,1.0,0,35.4159,hold,chat,0.25,0.125,S5s,0.9111409954305714,0.8486811015446261,1.0490095858246207,0.4611810576231819,28.0,384,324,341
20261009-065112-m7-sim-sweep2,2026-10-09T06:52:10+00:00,45,local,share,0.0,1.0,0,35.4159,hold,chat,0.25,0.125,S5L,0.8498501336680135,0.8516228014717614,0.9887406680633859,0.49199004647738853,28.0,424,224,282
20261009-065112-m7-sim-sweep2,2026-10-09T06:52:10+00:00,45,local,share,0.0,1.0,0,35.4159,hold,chat,0.25,0.125,S5P,0.8624612548372994,0.8542768103689008,0.9887406680633859,0.49199004647738853,28.0,424,234,289
20261009-065112-m7-sim-sweep2,2026-10-09T06:52:10+00:00,45,local,share,0.0,1.0,0,35.4159,hold,chat,0.25,0.125,S5c,0.9111409954305714,0.8520082098747821,1.0490095858246207,0.4674565659431682,28.0,384,321,339
20261009-065112-m7-sim-sweep2,2026-10-09T06:52:10+00:00,45,local,share,0.0,1.0,0,35.4159,hold,chat,0.25,0.25,S0,0.49129764363802053,0.5015368267062664,0.696579889661777,0.0,32.0,0,200,568
20261009-065112-m7-sim-sweep2,2026-10-09T06:52:10+00:00,45,local,share,0.0,1.0,0,35.4159,hold,chat,0.25,0.25,S1,0.4147871191004313,0.49056356308827515,0.696579889661777,0.09938869166370345,32.0,0,87,341
20261009-065112-m7-sim-sweep2,2026-10-09T06:52:10+00:00,45,local,share,0.0,1.0,0,35.4159,hold,chat,0.25,0.25,S2b,0.47281836693102264,0.6113949237976625,0.9576716244198877,0.20841068055355075,32.0,0,150,366
20261009-065112-m7-sim-sweep2,2026-10-09T06:52:10+00:00,45,local,share,0.0,1.0,0,35.4159,hold,chat,0.25,0.25,S4,0.6583055403228073,0.6475324596924441,0.946143668063371,0.2805344864333392,24.0,384,134,293
20261009-065112-m7-sim-sweep2,2026-10-09T06:52:10+00:00,45,local,share,0.0,1.0,0,35.4159,hold,chat,0.25,0.25,S4+,0.8838006680633725,0.8109917927387608,1.005753033774056,0.4492083033054417,24.0,384,230,286
20261009-065112-m7-sim-sweep2,2026-10-09T06:52:10+00:00,45,local,share,0.0,1.0,0,35.4159,hold,chat,0.25,0.25,S4+P,0.8498501336680135,0.7917440624814785,0.9261604180633753,0.4492083033054417,24.0,384,153,243
20261009-065112-m7-sim-sweep2,2026-10-09T06:52:10+00:00,45,local,share,0.0,1.0,0,35.4159,hold,chat,0.25,0.25,S4L,0.8498501336680135,0.7915956874814777,0.9261604180633753,0.4492083033054417,24.0,384,151,243
20261009-065112-m7-sim-sweep2,2026-10-09T06:52:10+00:00,45,local,share,0.0,1.0,0,35.4159,hold,chat,0.25,0.25,S4B,0.8498501336680135,0.7904162708148116,0.9261604180633753,0.4492083033054417,24.0,384,147,240
20261009-065112-m7-sim-sweep2,2026-10-09T06:52:10+00:00,45,local,share,0.0,1.0,0,35.4159,hold,chat,0.25,0.25,S5,0.8838006680633725,0.8082658504571807,1.005753033774056,0.4464823610238617,24.0,360,230,286
20261009-065112-m7-sim-sweep2,2026-10-09T06:52:10+00:00,45,local,share,0.0,1.0,0,35.4159,hold,chat,0.25,0.25,S5s,0.8838006680633725,0.7634843308269795,1.005753033774056,0.39552279100717475,24.0,320,236,294
20261009-065112-m7-sim-sweep2,2026-10-09T06:52:10+00:00,45,local,share,0.0,1.0,0,35.4159,hold,chat,0.25,0.25,S5L,0.8498501336680135,0.7878299619456293,0.9261604180633753,0.4464823610238617,24.0,360,148,240
20261009-065112-m7-sim-sweep2,2026-10-09T06:52:10+00:00,45,local,share,0.0,1.0,0,35.4159,hold,chat,0.25,0.25,S5P,0.8498501336680135,0.7887836666878426,0.9261604180633753,0.4464823610238617,24.0,360,152,242
20261009-065112-m7-sim-sweep2,2026-10-09T06:52:10+00:00,45,local,share,0.0,1.0,0,35.4159,hold,chat,0.25,0.25,S5c,0.8838006680633725,0.7645403540951801,1.005753033774056,0.40189666164126514,24.0,320,230,286
20261009-065112-m7-sim-sweep2,2026-10-09T06:52:10+00:00,45,local,share,0.0,1.0,0,35.4159,hold,chat,0.25,0.5,S0,0.49129764363802053,0.5015368267062664,0.696579889661777,0.0,32.0,0,200,568
20261009-065112-m7-sim-sweep2,2026-10-09T06:52:10+00:00,45,local,share,0.0,1.0,0,35.4159,hold,chat,0.25,0.5,S1,0.34541793197634973,0.37210753759254384,0.49129764363802053,0.02042951629231619,32.0,0,46,256
20261009-065112-m7-sim-sweep2,2026-10-09T06:52:10+00:00,45,local,share,0.0,1.0,0,35.4159,hold,chat,0.25,0.5,S2b,0.3699792500000214,0.5812466405295099,0.5533171021204453,0.23137002260149409,32.0,0,44,247
20261009-065112-m7-sim-sweep2,2026-10-09T06:52:10+00:00,45,local,share,0.0,1.0,0,35.4159,hold,chat,0.25,0.5,S4,0.4265807393795171,0.49453061752347693,0.8849267210195677,0.15004033183453558,17.0,272,60,241
20261009-065112-m7-sim-sweep2,2026-10-09T06:52:10+00:00,45,local,share,0.0,1.0,0,35.4159,hold,chat,0.25,0.5,S4+,0.7833450817469583,0.625915045923433,0.9261604180633753,0.2994722022036278,16.0,256,85,205
20261009-065112-m7-sim-sweep2,2026-10-09T06:52:10+00:00,45,local,share,0.0,1.0,0,35.4159,hold,chat,0.25,0.5,S4+P,0.7833450817469583,0.6206219657892724,0.9261604180633753,0.2994722022036278,16.0,256,64,193
20261009-065112-m7-sim-sweep2,2026-10-09T06:52:10+00:00,45,local,share,0.0,1.0,0,35.4159,hold,chat,0.25,0.5,S4L,0.7833450817469583,0.6252257129967246,0.9261604180633753,0.2994722022036278,16.0,256,80,204
20261009-065112-m7-sim-sweep2,2026-10-09T06:52:10+00:00,45,local,share,0.0,1.0,0,35.4159,hold,chat,0.25,0.5,S4B,0.7833450817469583,0.6147957097730915,0.897854418063389,0.2994722022036278,16.0,256,41,179
20261009-065112-m7-sim-sweep2,2026-10-09T06:52:10+00:00,45,local,share,0.0,1.0,0,35.4159,hold,chat,0.25,0.5,S5,0.7680223663063188,0.6191001902194829,0.9261604180633753,0.29265734649967773,16.0,232,85,205
20261009-065112-m7-sim-sweep2,2026-10-09T06:52:10+00:00,45,local,share,0.0,1.0,0,35.4159,hold,chat,0.25,0.5,S5s,0.384473500000027,0.5703479388058259,0.9261604180633753,0.23529958744570756,16.0,192,101,216
20261009-065112-m7-sim-sweep2,2026-10-09T06:52:10+00:00,45,local,share,0.0,1.0,0,35.4159,hold,chat,0.25,0.5,S5L,0.7590052114503223,0.6154094798047739,0.9261604180633753,0.29265734649967773,16.0,232,70,197
20261009-065112-m7-sim-sweep2,2026-10-09T06:52:10+00:00,45,local,share,0.0,1.0,0,35.4159,hold,chat,0.25,0.5,S5P,0.7590052114503223,0.6118591755526666,0.9261604180633753,0.29265734649967773,16.0,232,55,189
20261009-065112-m7-sim-sweep2,2026-10-09T06:52:10+00:00,45,local,share,0.0,1.0,0,35.4159,hold,chat,0.25,0.5,S5c,0.40311261475794424,0.5672270340778388,0.9261604180633753,0.24033480534220075,16.0,192,85,206
20261009-065112-m7-sim-sweep2,2026-10-09T06:52:10+00:00,46,local,share,0.0,1.0,0,35.4159,hold,chat,0.5,0.125,S0,0.881409000000005,0.8833793738928731,1.1943910000000102,0.0,32.0,0,304,464
20261009-065112-m7-sim-sweep2,2026-10-09T06:52:10+00:00,46,local,share,0.0,1.0,0,35.4159,hold,chat,0.5,0.125,S1,0.7611620854425709,0.7885982996493119,1.0095871099764508,0.013052231651924965,32.0,0,199,339
20261009-065112-m7-sim-sweep2,2026-10-09T06:52:10+00:00,46,local,share,0.0,1.0,0,35.4159,hold,chat,0.5,0.125,S2b,1.0062160140199055,1.0242613427360414,1.4178436184747483,0.2618218556963547,32.0,0,325,333
20261009-065112-m7-sim-sweep2,2026-10-09T06:52:10+00:00,46,local,share,0.0,1.0,0,35.4159,hold,chat,0.5,0.125,S4,1.0850770656776163,1.055906196598163,1.4234900727977617,0.3663619623570362,29.0,464,293,245
20261009-065112-m7-sim-sweep2,2026-10-09T06:52:10+00:00,46,local,share,0.0,1.0,0,35.4159,hold,chat,0.5,0.125,S4+,1.2104216289828145,1.1704438791186067,1.4234900727977617,0.491990046477353,28.0,448,420,238
20261009-065112-m7-sim-sweep2,2026-10-09T06:52:10+00:00,46,local,share,0.0,1.0,0,35.4159,hold,chat,0.5,0.125,S4+P,1.1499786680632837,1.1417282245743874,1.3442938576143035,0.49199004647735717,28.0,448,318,203
20261009-065112-m7-sim-sweep2,2026-10-09T06:52:10+00:00,46,local,share,0.0,1.0,0,35.4159,hold,chat,0.5,0.125,S4L,1.1322184180633599,1.1381467610259872,1.3442938576143035,0.49199004647735717,28.0,448,309,197
20261009-065112-m7-sim-sweep2,2026-10-09T06:52:10+00:00,46,local,share,0.0,1.0,0,35.4159,hold,chat,0.5,0.125,S4B,1.1322184180633599,1.136110629756389,1.3442938576143035,0.49199004647735833,28.0,448,301,195
20261009-065112-m7-sim-sweep2,2026-10-09T06:52:10+00:00,46,local,share,0.0,1.0,0,35.4159,hold,chat,0.5,0.125,S5,1.2104216289828145,1.1704438791186078,1.4234900727977617,0.4919900464773536,28.0,440,420,238
20261009-065112-m7-sim-sweep2,2026-10-09T06:52:10+00:00,46,local,share,0.0,1.0,0,35.4159,hold,chat,0.5,0.125,S5s,1.2104216289828145,1.1615741322605444,1.4234900727977617,0.48108627735104176,28.0,400,422,240
20261009-065112-m7-sim-sweep2,2026-10-09T06:52:10+00:00,46,local,share,0.0,1.0,0,35.4159,hold,chat,0.5,0.125,S5L,1.1322184180633599,1.1377004839230576,1.3442938576143035,0.4919900464773601,28.0,440,307,197
20261009-065112-m7-sim-sweep2,2026-10-09T06:52:10+00:00,46,local,share,0.0,1.0,0,35.4159,hold,chat,0.5,0.125,S5P,1.1499786680632837,1.1417282245743898,1.3442938576143035,0.4919900464773595,28.0,440,318,203
20261009-065112-m7-sim-sweep2,2026-10-09T06:52:10+00:00,46,local,share,0.0,1.0,0,35.4159,hold,chat,0.5,0.125,S5c,1.2104216289828145,1.1595401099922835,1.4234900727977617,0.48108627735104176,28.0,400,420,238
20261009-065112-m7-sim-sweep2,2026-10-09T06:52:10+00:00,46,local,share,0.0,1.0,0,35.4159,hold,chat,0.5,0.25,S0,0.881409000000005,0.8833793738928731,1.1943910000000102,0.0,32.0,0,304,464
20261009-065112-m7-sim-sweep2,2026-10-09T06:52:10+00:00,46,local,share,0.0,1.0,0,35.4159,hold,chat,0.5,0.25,S1,0.6916840000000093,0.7159654957340589,1.0095871099764508,0.0,32.0,0,142,268
20261009-065112-m7-sim-sweep2,2026-10-09T06:52:10+00:00,46,local,share,0.0,1.0,0,35.4159,hold,chat,0.5,0.25,S2b,0.8361233435870048,0.8645740532931393,1.2807724959264846,0.14112481521779804,32.0,0,225,284
20261009-065112-m7-sim-sweep2,2026-10-09T06:52:10+00:00,46,local,share,0.0,1.0,0,35.4159,hold,chat,0.5,0.25,S4,0.8334700537284334,0.8975185620862843,1.3414639747710027,0.23529958744570756,24.0,384,201,209
20261009-065112-m7-sim-sweep2,2026-10-09T06:52:10+00:00,46,local,share,0.0,1.0,0,35.4159,hold,chat,0.5,0.25,S4+,1.1769666680633648,1.0985609719643772,1.378906418063366,0.44920830330542333,24.0,384,308,201
20261009-065112-m7-sim-sweep2,2026-10-09T06:52:10+00:00,46,local,share,0.0,1.0,0,35.4159,hold,chat,0.5,0.25,S4+P,1.1322184180633599,1.0706309986899012,1.2650976424312148,0.44920830330543104,24.0,384,214,165
20261009-065112-m7-sim-sweep2,2026-10-09T06:52:10+00:00,46,local,share,0.0,1.0,0,35.4159,hold,chat,0.5,0.25,S4L,1.1322184180633599,1.0699509013531703,1.2650976424312148,0.4492083033054322,24.0,384,213,164
20261009-065112-m7-sim-sweep2,2026-10-09T06:52:10+00:00,46,local,share,0.0,1.0,0,35.4159,hold,chat,0.5,0.25,S4B,1.1322184180633599,1.0691888086711916,1.2650976424312148,0.4492083033054322,24.0,384,208,163
20261009-065112-m7-sim-sweep2,2026-10-09T06:52:10+00:00,46,local,share,0.0,1.0,0,35.4159,hold,chat,0.5,0.25,S5,1.1769666680633648,1.09856097196438,1.378906418063366,0.4492083033054263,24.0,376,308,201
20261009-065112-m7-sim-sweep2,2026-10-09T06:52:10+00:00,46,local,share,0.0,1.0,0,35.4159,hold,chat,0.5,0.25,S5s,1.1769666680633648,1.069268385516071,1.378906418063366,0.4141877203115592,24.0,336,315,206
20261009-065112-m7-sim-sweep2,2026-10-09T06:52:10+00:00,46,local,share,0.0,1.0,0,35.4159,hold,chat,0.5,0.25,S5L,1.1322184180633599,1.0699193711711903,1.2650976424312148,0.4492083033054328,24.0,376,211,164
20261009-065112-m7-sim-sweep2,2026-10-09T06:52:10+00:00,46,local,share,0.0,1.0,0,35.4159,hold,chat,0.5,0.25,S5P,1.1322184180633599,1.0706309986899019,1.2650976424312148,0.4492083033054328,24.0,376,214,165
20261009-065112-m7-sim-sweep2,2026-10-09T06:52:10+00:00,46,local,share,0.0,1.0,0,35.4159,hold,chat,0.5,0.25,S5c,1.1769666680633648,1.0688412517924608,1.378906418063366,0.4192229382080524,24.0,336,308,201
20261009-065112-m7-sim-sweep2,2026-10-09T06:52:10+00:00,46,local,share,0.0,1.0,0,35.4159,hold,chat,0.5,0.5,S0,0.881409000000005,0.8833793738928731,1.1943910000000102,0.0,32.0,0,304,464
20261009-065112-m7-sim-sweep2,2026-10-09T06:52:10+00:00,46,local,share,0.0,1.0,0,35.4159,hold,chat,0.5,0.5,S1,0.5742707952285144,0.6485860010957806,0.8306401708851325,0.0,32.0,0,76,188
20261009-065112-m7-sim-sweep2,2026-10-09T06:52:10+00:00,46,local,share,0.0,1.0,0,35.4159,hold,chat,0.5,0.5,S2b,0.6946077499999959,0.7151887343447605,0.9313829268654246,0.06883099392433974,32.0,0,76,187
20261009-065112-m7-sim-sweep2,2026-10-09T06:52:10+00:00,46,local,share,0.0,1.0,0,35.4159,hold,chat,0.5,0.5,S4,0.6684018049567371,0.7327236002446126,1.2050649180633712,0.11559694082536431,17.0,272,108,155
20261009-065112-m7-sim-sweep2,2026-10-09T06:52:10+00:00,46,local,share,0.0,1.0,0,35.4159,hold,chat,0.5,0.5,S4+,1.00284491806336,0.9003023765544734,1.2650976424308453,0.2994722022036278,16.0,256,125,138
20261009-065112-m7-sim-sweep2,2026-10-09T06:52:10+00:00,46,local,share,0.0,1.0,0,35.4159,hold,chat,0.5,0.5,S4+P,1.00284491806336,0.891803012567582,1.2650976424308453,0.2994722022036278,16.0,256,96,127
20261009-065112-m7-sim-sweep2,2026-10-09T06:52:10+00:00,46,local,share,0.0,1.0,0,35.4159,hold,chat,0.5,0.5,S4L,1.00284491806336,0.8958068079851375,1.2650976424308453,0.2994722022036278,16.0,256,115,131
20261009-065112-m7-sim-sweep2,2026-10-09T06:52:10+00:00,46,local,share,0.0,1.0,0,35.4159,hold,chat,0.5,0.5,S4B,1.00284491806336,0.8904024917342485,1.2650976424308453,0.2994722022036278,16.0,256,92,125
20261009-065112-m7-sim-sweep2,2026-10-09T06:52:10+00:00,46,local,share,0.0,1.0,0,35.4159,hold,chat,0.5,0.5,S5,1.00284491806336,0.9003023765544734,1.2650976424308453,0.2994722022036278,16.0,248,125,138
20261009-065112-m7-sim-sweep2,2026-10-09T06:52:10+00:00,46,local,share,0.0,1.0,0,35.4159,hold,chat,0.5,0.5,S5s,0.8432777090316748,0.86669203837002,1.2650976424308453,0.256690459031681,16.0,208,144,147
20261009-065112-m7-sim-sweep2,2026-10-09T06:52:10+00:00,46,local,share,0.0,1.0,0,35.4159,hold,chat,0.5,0.5,S5L,1.00284491806336,0.8949818474103098,1.2650976424308453,0.2994722022036278,16.0,248,112,130
20261009-065112-m7-sim-sweep2,2026-10-09T06:52:10+00:00,46,local,share,0.0,1.0,0,35.4159,hold,chat,0.5,0.5,S5P,1.00284491806336,0.8904446303882155,1.2650976424308453,0.2994722022036278,16.0,248,93,125
20261009-065112-m7-sim-sweep2,2026-10-09T06:52:10+00:00,46,local,share,0.0,1.0,0,35.4159,hold,chat,0.5,0.5,S5c,0.8432777090316748,0.862662397703082,1.2650976424308453,0.26172567692817417,16.0,208,125,138
20261009-065112-m7-sim-sweep2,2026-10-09T06:52:10+00:00,47,local,share,0.0,1.0,0,35.4159,hold,chat,2.0,0.125,S0,2.6174319999999796,2.5849463470840615,3.2250919999999894,0.0,32.0,0,568,200
20261009-065112-m7-sim-sweep2,2026-10-09T06:52:10+00:00,47,local,share,0.0,1.0,0,35.4159,hold,chat,2.0,0.125,S1,2.5123419999999896,2.455559310627061,3.0821614162628634,0.0,32.0,0,377,155
20261009-065112-m7-sim-sweep2,2026-10-09T06:52:10+00:00,47,local,share,0.0,1.0,0,35.4159,hold,chat,2.0,0.125,S2b,2.69432915165266,2.653298339527655,3.3789889180631576,0.2277643695491355,32.0,0,511,146
20261009-065112-m7-sim-sweep2,2026-10-09T06:52:10+00:00,47,local,share,0.0,1.0,0,35.4159,hold,chat,2.0,0.125,S4,2.7271149180632577,2.6777724739848967,3.383887339902273,0.36364481696145035,29.0,464,427,105
20261009-065112-m7-sim-sweep2,2026-10-09T06:52:10+00:00,47,local,share,0.0,1.0,0,35.4159,hold,chat,2.0,0.125,S4+,2.8542809180631536,2.774043340522668,3.3838873399026568,0.4919900464772464,28.0,448,562,95
20261009-065112-m7-sim-sweep2,2026-10-09T06:52:10+00:00,47,local,share,0.0,1.0,0,35.4159,hold,chat,2.0,0.125,S4+P,2.758490918063252,2.734276467693764,3.3126369180631627,0.4919900464772464,28.0,448,439,80
20261009-065112-m7-sim-sweep2,2026-10-09T06:52:10+00:00,47,local,share,0.0,1.0,0,35.4159,hold,chat,2.0,0.125,S4L,2.7271149180632577,2.7291451562793276,3.3126369180631627,0.4919900464772464,28.0,448,422,78
20261009-065112-m7-sim-sweep2,2026-10-09T06:52:10+00:00,47,local,share,0.0,1.0,0,35.4159,hold,chat,2.0,0.125,S4B,2.7271149180632577,2.726592031915428,3.3126369180631627,0.4919900464772464,28.0,448,421,77
20261009-065112-m7-sim-sweep2,2026-10-09T06:52:10+00:00,47,local,share,0.0,1.0,0,35.4159,hold,chat,2.0,0.125,S5,2.8542809180631536,2.774043340522668,3.3838873399026568,0.4919900464772464,28.0,448,562,95
20261009-065112-m7-sim-sweep2,2026-10-09T06:52:10+00:00,47,local,share,0.0,1.0,0,35.4159,hold,chat,2.0,0.125,S5s,2.8542809180631536,2.774043340522668,3.3838873399026568,0.4919900464772464,28.0,432,563,95
20261009-065112-m7-sim-sweep2,2026-10-09T06:52:10+00:00,47,local,share,0.0,1.0,0,35.4159,hold,chat,2.0,0.125,S5L,2.7271149180632577,2.7291451562793276,3.3126369180631627,0.4919900464772464,28.0,448,422,78
20261009-065112-m7-sim-sweep2,2026-10-09T06:52:10+00:00,47,local,share,0.0,1.0,0,35.4159,hold,chat,2.0,0.125,S5P,2.758490918063252,2.734276467693764,3.3126369180631627,0.4919900464772464,28.0,448,439,80
20261009-065112-m7-sim-sweep2,2026-10-09T06:52:10+00:00,47,local,share,0.0,1.0,0,35.4159,hold,chat,2.0,0.125,S5c,2.8542809180631536,2.774043340522668,3.3838873399026568,0.4919900464772464,28.0,432,562,95
20261009-065112-m7-sim-sweep2,2026-10-09T06:52:10+00:00,47,local,share,0.0,1.0,0,35.4159,hold,chat,2.0,0.25,S0,2.6174319999999796,2.5849463470840615,3.2250919999999894,0.0,32.0,0,568,200
20261009-065112-m7-sim-sweep2,2026-10-09T06:52:10+00:00,47,local,share,0.0,1.0,0,35.4159,hold,chat,2.0,0.25,S1,2.4072519999999926,2.366167874897268,3.0821614162628634,0.0,32.0,0,270,123
20261009-065112-m7-sim-sweep2,2026-10-09T06:52:10+00:00,47,local,share,0.0,1.0,0,35.4159,hold,chat,2.0,0.25,S2b,2.6174319999999796,2.50870542125355,3.220069992054107,0.12614892504166697,32.0,0,374,130
20261009-065112-m7-sim-sweep2,2026-10-09T06:52:10+00:00,47,local,share,0.0,1.0,0,35.4159,hold,chat,2.0,0.25,S4,2.607274918063254,2.5109867312888454,3.2046349180631353,0.2352995874456454,24.0,384,303,90
20261009-065112-m7-sim-sweep2,2026-10-09T06:52:10+00:00,47,local,share,0.0,1.0,0,35.4159,hold,chat,2.0,0.25,S4+,2.7898669180631543,2.6957186357074954,3.3137727577207556,0.4492083033053085,24.0,384,422,82
20261009-065112-m7-sim-sweep2,2026-10-09T06:52:10+00:00,47,local,share,0.0,1.0,0,35.4159,hold,chat,2.0,0.25,S4+P,2.7271149180631653,2.6495349737182003,3.185470918063359,0.4492083033053085,24.0,384,299,64
20261009-065112-m7-sim-sweep2,2026-10-09T06:52:10+00:00,47,local,share,0.0,1.0,0,35.4159,hold,chat,2.0,0.25,S4L,2.7271149180631653,2.6491881498730265,3.185470918063359,0.4492083033053085,24.0,384,297,64
20261009-065112-m7-sim-sweep2,2026-10-09T06:52:10+00:00,47,local,share,0.0,1.0,0,35.4159,hold,chat,2.0,0.25,S4B,2.7271149180631653,2.6491881498730265,3.185470918063359,0.4492083033053085,24.0,384,296,64
20261009-065112-m7-sim-sweep2,2026-10-09T06:52:10+00:00,47,local,share,0.0,1.0,0,35.4159,hold,chat,2.0,0.25,S5,2.7898669180631543,2.6957186357074954,3.3137727577207556,0.4492083033053085,24.0,384,422,82
20261009-065112-m7-sim-sweep2,2026-10-09T06:52:10+00:00,47,local,share,0.0,1.0,0,35.4159,hold,chat,2.0,0.25,S5s,2.7898669180631543,2.6959976404326653,3.3137727577207556,0.4492083033053085,24.0,368,425,82
20261009-065112-m7-sim-sweep2,2026-10-09T06:52:10+00:00,47,local,share,0.0,1.0,0,35.4159,hold,chat,2.0,0.25,S5L,2.7271149180631653,2.6491881498730265,3.185470918063359,0.4492083033053085,24.0,384,297,64
20261009-065112-m7-sim-sweep2,2026-10-09T06:52:10+00:00,47,local,share,0.0,1.0,0,35.4159,hold,chat,2.0,0.25,S5P,2.7271149180631653,2.6495349737182003,3.185470918063359,0.4492083033053085,24.0,384,299,64
20261009-065112-m7-sim-sweep2,2026-10-09T06:52:10+00:00,47,local,share,0.0,1.0,0,35.4159,hold,chat,2.0,0.25,S5c,2.7898669180631543,2.6957186357074954,3.3137727577207556,0.4492083033053085,24.0,368,422,82
20261009-065112-m7-sim-sweep2,2026-10-09T06:52:10+00:00,47,local,share,0.0,1.0,0,35.4159,hold,chat,2.0,0.5,S0,2.6174319999999796,2.5849463470840615,3.2250919999999894,0.0,32.0,0,568,200
20261009-065112-m7-sim-sweep2,2026-10-09T06:52:10+00:00,47,local,share,0.0,1.0,0,35.4159,hold,chat,2.0,0.5,S1,2.093894000000006,2.253169562448628,2.865608000000009,0.0,32.0,0,145,82
20261009-065112-m7-sim-sweep2,2026-10-09T06:52:10+00:00,47,local,share,0.0,1.0,0,35.4159,hold,chat,2.0,0.5,S2b,2.243683614757913,2.2957575124966123,2.865608000000009,0.02328348053421081,32.0,0,151,90
20261009-065112-m7-sim-sweep2,2026-10-09T06:52:10+00:00,47,local,share,0.0,1.0,0,35.4159,hold,chat,2.0,0.5,S4,2.1258864590315767,2.2967727478289466,2.870506421839508,0.10695435792982266,17.0,272,168,59
20261009-065112-m7-sim-sweep2,2026-10-09T06:52:10+00:00,47,local,share,0.0,1.0,0,35.4159,hold,chat,2.0,0.5,S4+,2.611143999999996,2.4749514916990503,3.1854709180631744,0.29947220220350346,16.0,256,186,55
20261009-065112-m7-sim-sweep2,2026-10-09T06:52:10+00:00,47,local,share,0.0,1.0,0,35.4159,hold,chat,2.0,0.5,S4+P,2.6072749180631547,2.4571370750323833,3.1854709180631744,0.29947220220350346,16.0,256,143,48
20261009-065112-m7-sim-sweep2,2026-10-09T06:52:10+00:00,47,local,share,0.0,1.0,0,35.4159,hold,chat,2.0,0.5,S4L,2.6072749180631547,2.4626494083657167,3.1854709180631744,0.29947220220350346,16.0,256,161,50
20261009-065112-m7-sim-sweep2,2026-10-09T06:52:10+00:00,47,local,share,0.0,1.0,0,35.4159,hold,chat,2.0,0.5,S4B,2.6072749180631547,2.4626494083657167,3.1854709180631744,0.29947220220350346,16.0,256,158,50
20261009-065112-m7-sim-sweep2,2026-10-09T06:52:10+00:00,47,local,share,0.0,1.0,0,35.4159,hold,chat,2.0,0.5,S5,2.611143999999996,2.4749514916990503,3.1854709180631744,0.29947220220350346,16.0,256,186,55
20261009-065112-m7-sim-sweep2,2026-10-09T06:52:10+00:00,47,local,share,0.0,1.0,0,35.4159,hold,chat,2.0,0.5,S5s,2.611143999999989,2.475788505874561,3.1854709180631744,0.29947220220350346,16.0,240,194,55
20261009-065112-m7-sim-sweep2,2026-10-09T06:52:10+00:00,47,local,share,0.0,1.0,0,35.4159,hold,chat,2.0,0.5,S5L,2.6072749180631547,2.4626494083657167,3.1854709180631744,0.29947220220350346,16.0,256,161,50
20261009-065112-m7-sim-sweep2,2026-10-09T06:52:10+00:00,47,local,share,0.0,1.0,0,35.4159,hold,chat,2.0,0.5,S5P,2.6072749180631547,2.4571370750323833,3.1854709180631744,0.29947220220350346,16.0,256,143,48
20261009-065112-m7-sim-sweep2,2026-10-09T06:52:10+00:00,47,local,share,0.0,1.0,0,35.4159,hold,chat,2.0,0.5,S5c,2.611143999999996,2.4749514916990503,3.1854709180631744,0.29947220220350346,16.0,240,186,55
20261009-065112-m7-sim-sweep2,2026-10-09T06:52:10+00:00,48,nfs,share,0.0,1.0,0,35.4159,hold,doc,0.25,0.125,S0,0.9690847273471093,1.6250450500466076,1.0310262778736217,0.6697189673695784,33.5,0,79,1481
20261009-065112-m7-sim-sweep2,2026-10-09T06:52:10+00:00,48,nfs,share,0.0,1.0,0,35.4159,hold,doc,0.25,0.125,S1,0.9075109617467945,1.857501802665895,5.742440018777742,1.0288739103265978,33.5,0,76,1317
20261009-065112-m7-sim-sweep2,2026-10-09T06:52:10+00:00,48,nfs,share,0.0,1.0,0,35.4159,hold,doc,0.25,0.125,S2b,0.7455752500000017,1.7245488271113796,6.047363103473941,0.9671949403855328,33.5,0,70,1272
20261009-065112-m7-sim-sweep2,2026-10-09T06:52:10+00:00,48,nfs,share,0.0,1.0,0,35.4159,hold,doc,0.25,0.125,S4,0.9709557214309967,1.88527432896312,5.736876071452286,1.0309259989044441,32.75,524,86,1307
20261009-065112-m7-sim-sweep2,2026-10-09T06:52:10+00:00,48,nfs,share,0.0,1.0,0,35.4159,hold,doc,0.25,0.125,S4+,0.8850486422993527,1.955464441848181,7.261707052005306,1.1859312339540917,29.3125,469,93,1249
20261009-065112-m7-sim-sweep2,2026-10-09T06:52:10+00:00,48,nfs,share,0.0,1.0,0,35.4159,hold,doc,0.25,0.125,S4+P,1.0604806664913156,1.9620822597383594,6.767996052005373,1.1859312339540917,29.3125,469,93,1179
20261009-065112-m7-sim-sweep2,2026-10-09T06:52:10+00:00,48,nfs,share,0.0,1.0,0,35.4159,hold,doc,0.25,0.125,S4L,1.0597045444493745,1.9689451143980357,6.767996052005373,1.1859312339540917,29.3125,469,94,1190
20261009-065112-m7-sim-sweep2,2026-10-09T06:52:10+00:00,48,nfs,share,0.0,1.0,0,35.4159,hold,doc,0.25,0.125,S4B,1.0612567885332567,1.9545792841301772,6.767996052005373,1.1859312339540924,29.3125,469,92,1172
20261009-065112-m7-sim-sweep2,2026-10-09T06:52:10+00:00,48,nfs,share,0.0,1.0,0,35.4159,hold,doc,0.25,0.125,S5,0.8850486422993527,1.9554644418481815,7.26170705200532,1.1859312339540924,29.3125,381,93,1249
20261009-065112-m7-sim-sweep2,2026-10-09T06:52:10+00:00,48,nfs,share,0.0,1.0,0,35.4159,hold,doc,0.25,0.125,S5s,0.7875251337877387,1.681068961741385,4.607699159800717,0.8206661230236906,30.0,0,86,1354
20261009-065112-m7-sim-sweep2,2026-10-09T06:52:10+00:00,48,nfs,share,0.0,1.0,0,35.4159,hold,doc,0.25,0.125,S5L,1.0612567885332567,1.9545792841301768,6.767996052005373,1.1859312339540917,29.3125,381,92,1172
20261009-065112-m7-sim-sweep2,2026-10-09T06:52:10+00:00,48,nfs,share,0.0,1.0,0,35.4159,hold,doc,0.25,0.125,S5P,1.0612567885332567,1.9545792841301768,6.767996052005373,1.1859312339540917,29.3125,381,92,1172
20261009-065112-m7-sim-sweep2,2026-10-09T06:52:10+00:00,48,nfs,share,0.0,1.0,0,35.4159,hold,doc,0.25,0.125,S5c,0.7910546219555101,1.7117615727924758,5.865691008513579,0.9361196826425265,30.0,0,87,1255
20261009-065112-m7-sim-sweep2,2026-10-09T06:52:10+00:00,48,nfs,share,0.0,1.0,0,35.4159,hold,doc,0.25,0.25,S0,0.9690847273471164,1.6388019447166926,0.9692972273471128,0.6697189673695784,33.5,0,72,1488
20261009-065112-m7-sim-sweep2,2026-10-09T06:52:10+00:00,48,nfs,share,0.0,1.0,0,35.4159,hold,doc,0.25,0.25,S1,0.970849471430995,1.6844018330565167,2.3758942660062132,0.9259114784972441,33.5,0,54,1176
20261009-065112-m7-sim-sweep2,2026-10-09T06:52:10+00:00,48,nfs,share,0.0,1.0,0,35.4159,hold,doc,0.25,0.25,S2b,0.7414662800161977,1.6719010660910978,5.663214950077588,0.9921032766655907,33.5,0,58,1059
20261009-065112-m7-sim-sweep2,2026-10-09T06:52:10+00:00,48,nfs,share,0.0,1.0,0,35.4159,hold,doc,0.25,0.25,S4,0.9692400122733034,1.6916292632545318,4.860447490237107,0.9317624326705148,28.25,452,71,1159
20261009-065112-m7-sim-sweep2,2026-10-09T06:52:10+00:00,48,nfs,share,0.0,1.0,0,35.4159,hold,doc,0.25,0.25,S4+,0.7121574842332166,1.7828573011131106,7.090459357828209,1.1859312339540917,25.125,402,69,1048
20261009-065112-m7-sim-sweep2,2026-10-09T06:52:10+00:00,48,nfs,share,0.0,1.0,0,35.4159,hold,doc,0.25,0.25,S4+P,1.0603744164913067,1.8984930491815117,6.767996052005373,1.1859312339540917,25.125,402,84,1087
20261009-065112-m7-sim-sweep2,2026-10-09T06:52:10+00:00,48,nfs,share,0.0,1.0,0,35.4159,hold,doc,0.25,0.25,S4L,1.0612567885332567,1.9066106642444491,6.767996052005344,1.1859312339540917,25.125,402,85,1091
20261009-065112-m7-sim-sweep2,2026-10-09T06:52:10+00:00,48,nfs,share,0.0,1.0,0,35.4159,hold,doc,0.25,0.25,S4B,1.0603744164913067,1.8853669245036582,6.767996052005344,1.1859312339540917,25.125,402,82,1062
20261009-065112-m7-sim-sweep2,2026-10-09T06:52:10+00:00,48,nfs,share,0.0,1.0,0,35.4159,hold,doc,0.25,0.25,S5,0.7121574842332166,1.7828573011131106,7.090459357828209,1.1859312339540917,25.125,314,69,1048
20261009-065112-m7-sim-sweep2,2026-10-09T06:52:10+00:00,48,nfs,share,0.0,1.0,0,35.4159,hold,doc,0.25,0.25,S5s,0.9779084477665378,1.6125499583713498,0.9798856918504271,0.6694248433555998,30.0,0,77,1363
20261009-065112-m7-sim-sweep2,2026-10-09T06:52:10+00:00,48,nfs,share,0.0,1.0,0,35.4159,hold,doc,0.25,0.25,S5L,1.0603744164913067,1.8853669245036582,6.767996052005344,1.1859312339540917,25.125,314,82,1062
20261009-065112-m7-sim-sweep2,2026-10-09T06:52:10+00:00,48,nfs,share,0.0,1.0,0,35.4159,hold,doc,0.25,0.25,S5P,1.0603744164913067,1.877705655486002,6.767996052005373,1.1859312339540917,25.125,314,81,1058
20261009-065112-m7-sim-sweep2,2026-10-09T06:52:10+00:00,48,nfs,share,0.0,1.0,0,35.4159,hold,doc,0.25,0.25,S5c,0.618163463889374,1.559615254938303,5.663214950077588,0.935773182312681,30.0,0,63,1054
20261009-065112-m7-sim-sweep2,2026-10-09T06:52:10+00:00,48,nfs,share,0.0,1.0,0,35.4159,hold,doc,0.25,0.5,S0,0.9690847273471235,1.2252561957707446,0.9692972273471128,0.25617321842362867,33.5,0,72,1488
20261009-065112-m7-sim-sweep2,2026-10-09T06:52:10+00:00,48,nfs,share,0.0,1.0,0,35.4159,hold,doc,0.25,0.5,S1,0.9689758523471212,1.1861082396361375,0.9728267155148842,0.5683490217299809,33.5,0,42,977
20261009-065112-m7-sim-sweep2,2026-10-09T06:52:10+00:00,48,nfs,share,0.0,1.0,0,35.4159,hold,doc,0.25,0.5,S2b,0.39677883592587193,1.7789924975161064,0.40648492838724337,1.4146812974224854,33.5,0,21,658
20261009-065112-m7-sim-sweep2,2026-10-09T06:52:10+00:00,48,nfs,share,0.0,1.0,0,35.4159,hold,doc,0.25,0.5,S4,0.9663803961474713,1.3506984524066716,0.9728267155148842,0.7392907282831468,20.0625,321,56,963
20261009-065112-m7-sim-sweep2,2026-10-09T06:52:10+00:00,48,nfs,share,0.0,1.0,0,35.4159,hold,doc,0.25,0.5,S4+,0.5496422906703913,1.2253583049425665,0.5533842788381662,0.8613665870462762,16.75,268,35,644
20261009-065112-m7-sim-sweep2,2026-10-09T06:52:10+00:00,48,nfs,share,0.0,1.0,0,35.4159,hold,doc,0.25,0.5,S4+P,0.5515132847540443,1.2955100041344394,0.8797544100476955,0.861366587046278,16.75,268,45,770
20261009-065112-m7-sim-sweep2,2026-10-09T06:52:10+00:00,48,nfs,share,0.0,1.0,0,35.4159,hold,doc,0.25,0.5,S4L,0.6423707239969758,1.3720530512587346,1.0632340326171459,0.8613665870462773,16.75,268,55,787
20261009-065112-m7-sim-sweep2,2026-10-09T06:52:10+00:00,48,nfs,share,0.0,1.0,0,35.4159,hold,doc,0.25,0.5,S4B,0.3739951414784315,1.2856546393779957,1.0632340326171459,0.8613665870462773,16.75,268,43,703
20261009-065112-m7-sim-sweep2,2026-10-09T06:52:10+00:00,48,nfs,share,0.0,1.0,0,35.4159,hold,doc,0.25,0.5,S5,0.5496422906703913,1.0478266813270511,0.5533842788381662,0.6838349634307566,16.75,180,35,644
20261009-065112-m7-sim-sweep2,2026-10-09T06:52:10+00:00,48,nfs,share,0.0,1.0,0,35.4159,hold,doc,0.25,0.5,S5s,0.9779084477665378,1.2337857921761632,0.9798856918504271,0.25587909440965007,30.0,0,72,1368
20261009-065112-m7-sim-sweep2,2026-10-09T06:52:10+00:00,48,nfs,share,0.0,1.0,0,35.4159,hold,doc,0.25,0.5,S5L,0.3739951414784315,1.1081230157624749,1.0632340326171459,0.6838349634307578,16.75,180,43,703
20261009-065112-m7-sim-sweep2,2026-10-09T06:52:10+00:00,48,nfs,share,0.0,1.0,0,35.4159,hold,doc,0.25,0.5,S5P,0.5486510436284533,1.0761263162176533,0.8797544100476955,0.6838349634307566,16.75,180,39,716
20261009-065112-m7-sim-sweep2,2026-10-09T06:52:10+00:00,48,nfs,share,0.0,1.0,0,35.4159,hold,doc,0.25,0.5,S5c,0.405390056345297,1.671300876014404,0.457625514410438,1.291557413289156,30.0,0,27,652
20261009-065112-m7-sim-sweep2,2026-10-09T06:52:10+00:00,49,nfs,share,0.0,1.0,0,35.4159,hold,doc,0.5,0.125,S0,1.6809181428634474,2.2477380990731333,1.938169454694247,0.5280939247590423,33.5,0,163,1397
20261009-065112-m7-sim-sweep2,2026-10-09T06:52:10+00:00,49,nfs,share,0.0,1.0,0,35.4159,hold,doc,0.5,0.125,S1,1.6824703869473439,2.22152291732921,4.835949518777781,0.7056871082432608,33.5,0,147,1231
20261009-065112-m7-sim-sweep2,2026-10-09T06:52:10+00:00,49,nfs,share,0.0,1.0,0,35.4159,hold,doc,0.5,0.125,S2b,1.421445876272827,2.2987073021047184,6.51873932674502,0.9156815818665004,33.5,0,144,1198
20261009-065112-m7-sim-sweep2,2026-10-09T06:52:10+00:00,49,nfs,share,0.0,1.0,0,35.4159,hold,doc,0.5,0.125,S4,1.6715713316036585,2.4381803893281435,4.464681319999642,0.9527681769316482,32.75,524,161,1217
20261009-065112-m7-sim-sweep2,2026-10-09T06:52:10+00:00,49,nfs,share,0.0,1.0,0,35.4159,hold,doc,0.5,0.125,S4+,1.4732114567626695,2.5356497746798055,7.67383180200531,1.1859312339540928,29.3125,469,164,1178
20261009-065112-m7-sim-sweep2,2026-10-09T06:52:10+00:00,49,nfs,share,0.0,1.0,0,35.4159,hold,doc,0.5,0.125,S4+P,1.6503019750385306,2.473662982143844,6.972509337356286,1.1859312339540928,29.3125,469,155,1099
20261009-065112-m7-sim-sweep2,2026-10-09T06:52:10+00:00,49,nfs,share,0.0,1.0,0,35.4159,hold,doc,0.5,0.125,S4L,1.6513968470804627,2.4752195358401905,6.798242302005377,1.1859312339540928,29.3125,469,155,1104
20261009-065112-m7-sim-sweep2,2026-10-09T06:52:10+00:00,49,nfs,share,0.0,1.0,0,35.4159,hold,doc,0.5,0.125,S4B,1.6503019750385306,2.4522845830190056,6.798242302005377,1.1859312339540928,29.3125,469,152,1097
20261009-065112-m7-sim-sweep2,2026-10-09T06:52:10+00:00,49,nfs,share,0.0,1.0,0,35.4159,hold,doc,0.5,0.125,S5,1.4732114567626695,2.5356497746798063,7.673831802005338,1.1859312339540928,29.3125,421,164,1178
20261009-065112-m7-sim-sweep2,2026-10-09T06:52:10+00:00,49,nfs,share,0.0,1.0,0,35.4159,hold,doc,0.5,0.125,S5s,1.472786456762691,2.268023340730936,4.835949518777866,0.8620218908701401,29.3125,21,160,1206
20261009-065112-m7-sim-sweep2,2026-10-09T06:52:10+00:00,49,nfs,share,0.0,1.0,0,35.4159,hold,doc,0.5,0.125,S5L,1.6503019750385306,2.4522845830190056,6.798242302005377,1.1859312339540928,29.3125,421,152,1097
20261009-065112-m7-sim-sweep2,2026-10-09T06:52:10+00:00,49,nfs,share,0.0,1.0,0,35.4159,hold,doc,0.5,0.125,S5P,1.6503019750385306,2.45873066714204,6.972509337356286,1.1859312339540928,29.3125,421,153,1098
20261009-065112-m7-sim-sweep2,2026-10-09T06:52:10+00:00,49,nfs,share,0.0,1.0,0,35.4159,hold,doc,0.5,0.125,S5c,1.471904084720748,2.33392967834596,6.086771437754209,0.9765267757520958,29.3125,21,161,1181
20261009-065112-m7-sim-sweep2,2026-10-09T06:52:10+00:00,49,nfs,share,0.0,1.0,0,35.4159,hold,doc,0.5,0.25,S0,1.6809181428634474,2.2812668523379553,1.9385944546942255,0.5280939247590423,33.5,0,158,1402
20261009-065112-m7-sim-sweep2,2026-10-09T06:52:10+00:00,49,nfs,share,0.0,1.0,0,35.4159,hold,doc,0.5,0.25,S1,1.6811577649054072,2.0146433206278167,1.9403591987781112,0.6700955170209468,33.5,0,111,1090
20261009-065112-m7-sim-sweep2,2026-10-09T06:52:10+00:00,49,nfs,share,0.0,1.0,0,35.4159,hold,doc,0.5,0.25,S2b,1.144597227826182,1.9992547597405779,5.86560836762969,0.8647407283691031,33.5,0,109,1008
20261009-065112-m7-sim-sweep2,2026-10-09T06:52:10+00:00,49,nfs,share,0.0,1.0,0,35.4159,hold,doc,0.5,0.25,S4,1.5574028267366202,2.114361918954651,3.5686289045300725,0.8375581279599243,28.25,452,130,1070
20261009-065112-m7-sim-sweep2,2026-10-09T06:52:10+00:00,49,nfs,share,0.0,1.0,0,35.4159,hold,doc,0.5,0.25,S4+,1.2979128046126647,2.284284515450128,7.314762165320289,1.1859312339540917,25.125,402,130,987
20261009-065112-m7-sim-sweep2,2026-10-09T06:52:10+00:00,49,nfs,share,0.0,1.0,0,35.4159,hold,doc,0.5,0.25,S4+P,1.6513968470804627,2.348428618446316,6.798242302005377,1.1859312339540924,25.125,402,138,1008
20261009-065112-m7-sim-sweep2,2026-10-09T06:52:10+00:00,49,nfs,share,0.0,1.0,0,35.4159,hold,doc,0.5,0.25,S4L,1.6492071029965985,2.3344191018875082,6.798242302005335,1.1859312339540917,25.125,402,136,1005
20261009-065112-m7-sim-sweep2,2026-10-09T06:52:10+00:00,49,nfs,share,0.0,1.0,0,35.4159,hold,doc,0.5,0.25,S4B,1.6492071029965985,2.3333361397787318,6.798242302005335,1.1859312339540917,25.125,402,136,1003
20261009-065112-m7-sim-sweep2,2026-10-09T06:52:10+00:00,49,nfs,share,0.0,1.0,0,35.4159,hold,doc,0.5,0.25,S5,1.2979128046126647,2.284284515450128,7.314762165320289,1.1859312339540917,25.125,354,130,987
20261009-065112-m7-sim-sweep2,2026-10-09T06:52:10+00:00,49,nfs,share,0.0,1.0,0,35.4159,hold,doc,0.5,0.25,S5s,1.3845402762073888,2.0221439731130424,1.638801739928482,0.5286090602486458,28.0,0,144,1200
20261009-065112-m7-sim-sweep2,2026-10-09T06:52:10+00:00,49,nfs,share,0.0,1.0,0,35.4159,hold,doc,0.5,0.25,S5L,1.6492071029965985,2.3333361397787318,6.798242302005335,1.1859312339540924,25.125,354,136,1003
20261009-065112-m7-sim-sweep2,2026-10-09T06:52:10+00:00,49,nfs,share,0.0,1.0,0,35.4159,hold,doc,0.5,0.25,S5P,1.6492071029965985,2.325511687931394,6.798242302005377,1.1859312339540924,25.125,354,135,995
20261009-065112-m7-sim-sweep2,2026-10-09T06:52:10+00:00,49,nfs,share,0.0,1.0,0,35.4159,hold,doc,0.5,0.25,S5c,1.2039187842688222,1.897892400973743,4.929662184535189,0.7750115584056125,28.0,0,123,994
20261009-065112-m7-sim-sweep2,2026-10-09T06:52:10+00:00,49,nfs,share,0.0,1.0,0,35.4159,hold,doc,0.5,0.5,S0,1.9381694546942398,1.9048056004753295,1.9385944546942255,0.09492323811066328,33.5,0,140,1420
20261009-065112-m7-sim-sweep2,2026-10-09T06:52:10+00:00,49,nfs,share,0.0,1.0,0,35.4159,hold,doc,0.5,0.5,S1,1.6483965000000182,1.4963955260345088,1.6492570000000057,0.44588960297314567,33.5,0,72,897
20261009-065112-m7-sim-sweep2,2026-10-09T06:52:10+00:00,49,nfs,share,0.0,1.0,0,35.4159,hold,doc,0.5,0.5,S2b,0.7675201364306616,1.8987143156453434,0.7970501676100241,1.1921210977566783,33.5,0,53,619
20261009-065112-m7-sim-sweep2,2026-10-09T06:52:10+00:00,49,nfs,share,0.0,1.0,0,35.4159,hold,doc,0.5,0.5,S4,1.556307954694688,1.7506260479427784,1.7497633847993086,0.7392907282831475,20.0625,321,99,870
20261009-065112-m7-sim-sweep2,2026-10-09T06:52:10+00:00,49,nfs,share,0.0,1.0,0,35.4159,hold,doc,0.5,0.5,S4+,0.762317020343886,1.468990872365465,0.7728231040786966,0.861366587046278,16.75,268,63,609
20261009-065112-m7-sim-sweep2,2026-10-09T06:52:10+00:00,49,nfs,share,0.0,1.0,0,35.4159,hold,doc,0.5,0.5,S4+P,0.9353654196834782,1.6023673324882417,1.65669107933212,0.861366587046278,16.75,268,81,699
20261009-065112-m7-sim-sweep2,2026-10-09T06:52:10+00:00,49,nfs,share,0.0,1.0,0,35.4159,hold,doc,0.5,0.5,S4L,0.8530745498515202,1.6349834096599618,1.6635100203438355,0.8613665870462791,16.75,268,85,707
20261009-065112-m7-sim-sweep2,2026-10-09T06:52:10+00:00,49,nfs,share,0.0,1.0,0,35.4159,hold,doc,0.5,0.5,S4B,0.6799884207517692,1.5916545939676627,1.6635100203438355,0.861366587046278,16.75,268,79,659
20261009-065112-m7-sim-sweep2,2026-10-09T06:52:10+00:00,49,nfs,share,0.0,1.0,0,35.4159,hold,doc,0.5,0.5,S5,0.762317020343886,1.3649968520216316,0.7728231040786966,0.7573725667024446,16.75,220,63,609
20261009-065112-m7-sim-sweep2,2026-10-09T06:52:10+00:00,49,nfs,share,0.0,1.0,0,35.4159,hold,doc,0.5,0.5,S5s,1.6382334923333701,1.6824348781821954,1.6404232364173765,0.10840348688865653,28.0,0,130,1214
20261009-065112-m7-sim-sweep2,2026-10-09T06:52:10+00:00,49,nfs,share,0.0,1.0,0,35.4159,hold,doc,0.5,0.5,S5L,0.6799884207517692,1.4876605736238293,1.6635100203438355,0.7573725667024446,16.75,220,79,659
20261009-065112-m7-sim-sweep2,2026-10-09T06:52:10+00:00,49,nfs,share,0.0,1.0,0,35.4159,hold,doc,0.5,0.5,S5P,0.9459538841867925,1.500348351642705,1.6584558234160056,0.7573725667024446,16.75,220,81,669
20261009-065112-m7-sim-sweep2,2026-10-09T06:52:10+00:00,49,nfs,share,0.0,1.0,0,35.4159,hold,doc,0.5,0.5,S5c,0.6700053633154255,1.6682888509101346,0.7970501676100241,1.0144646463359628,28.0,0,57,615
20261009-065112-m7-sim-sweep2,2026-10-09T06:52:10+00:00,50,nfs,share,0.0,1.0,0,35.4159,hold,doc,2.0,0.125,S0,4.454799610358975,4.548481596842405,5.224386545851303,0.0,33.5,0,488,1072
20261009-065112-m7-sim-sweep2,2026-10-09T06:52:10+00:00,50,nfs,share,0.0,1.0,0,35.4159,hold,doc,2.0,0.125,S1,4.380831999999998,4.010010060154518,5.224386545851303,0.0,33.5,0,420,944
20261009-065112-m7-sim-sweep2,2026-10-09T06:52:10+00:00,50,nfs,share,0.0,1.0,0,35.4159,hold,doc,2.0,0.125,S2b,3.8134942551991458,4.622234984685395,8.117976956160163,0.8952817587988982,33.5,0,422,920
20261009-065112-m7-sim-sweep2,2026-10-09T06:52:10+00:00,50,nfs,share,0.0,1.0,0,35.4159,hold,doc,2.0,0.125,S4,4.32778717810632,4.7118380357950125,5.323587310279038,0.8321185802649976,32.75,524,437,926
20261009-065112-m7-sim-sweep2,2026-10-09T06:52:10+00:00,50,nfs,share,0.0,1.0,0,35.4159,hold,doc,2.0,0.125,S4+,3.86696284257323,4.827898148703323,9.678513773748023,1.1859312339540817,29.3125,469,438,904
20261009-065112-m7-sim-sweep2,2026-10-09T06:52:10+00:00,50,nfs,share,0.0,1.0,0,35.4159,hold,doc,2.0,0.125,S4+P,4.3409300203438335,4.646886468428847,7.326251302005346,1.1859312339540828,29.3125,469,407,834
20261009-065112-m7-sim-sweep2,2026-10-09T06:52:10+00:00,50,nfs,share,0.0,1.0,0,35.4159,hold,doc,2.0,0.125,S4L,4.341780020343833,4.630308463891148,6.933555302005374,1.1859312339540828,29.3125,469,406,828
20261009-065112-m7-sim-sweep2,2026-10-09T06:52:10+00:00,50,nfs,share,0.0,1.0,0,35.4159,hold,doc,2.0,0.125,S4B,4.3409300203438335,4.622347368747193,6.933555302005374,1.1859312339540828,29.3125,469,404,827
20261009-065112-m7-sim-sweep2,2026-10-09T06:52:10+00:00,50,nfs,share,0.0,1.0,0,35.4159,hold,doc,2.0,0.125,S5,3.86696284257323,4.827898148703324,9.678513773748023,1.1859312339540817,29.3125,461,438,904
20261009-065112-m7-sim-sweep2,2026-10-09T06:52:10+00:00,50,nfs,share,0.0,1.0,0,35.4159,hold,doc,2.0,0.125,S5s,3.8669628425736136,4.810565811979417,9.262537692372689,1.1685988972301118,29.3125,125,438,904
20261009-065112-m7-sim-sweep2,2026-10-09T06:52:10+00:00,50,nfs,share,0.0,1.0,0,35.4159,hold,doc,2.0,0.125,S5L,4.3409300203438335,4.622347368747192,6.933555302005374,1.1859312339540828,29.3125,461,404,827
20261009-065112-m7-sim-sweep2,2026-10-09T06:52:10+00:00,50,nfs,share,0.0,1.0,0,35.4159,hold,doc,2.0,0.125,S5P,4.3409300203438335,4.6520919395087645,7.326251302005346,1.1859312339540828,29.3125,461,408,835
20261009-065112-m7-sim-sweep2,2026-10-09T06:52:10+00:00,50,nfs,share,0.0,1.0,0,35.4159,hold,doc,2.0,0.125,S5c,3.8669628425735,4.810565811979408,9.262537692372689,1.1685988972301118,29.3125,125,438,904
20261009-065112-m7-sim-sweep2,2026-10-09T06:52:10+00:00,50,nfs,share,0.0,1.0,0,35.4159,hold,doc,2.0,0.25,S0,4.454799610358975,4.548481596842405,5.224386545851303,0.0,33.5,0,488,1072
20261009-065112-m7-sim-sweep2,2026-10-09T06:52:10+00:00,50,nfs,share,0.0,1.0,0,35.4159,hold,doc,2.0,0.25,S1,4.269555243705639,3.4459293610071797,4.583731117895155,0.0,33.5,0,360,812
20261009-065112-m7-sim-sweep2,2026-10-09T06:52:10+00:00,50,nfs,share,0.0,1.0,0,35.4159,hold,doc,2.0,0.25,S2b,3.1633832760372798,3.743388945277476,5.236021863861367,0.6916268022922244,33.5,0,327,790
20261009-065112-m7-sim-sweep2,2026-10-09T06:52:10+00:00,50,nfs,share,0.0,1.0,0,35.4159,hold,doc,2.0,0.25,S4,4.247786000000019,4.165325585482601,5.528110606882819,0.7822049034264124,28.25,452,368,802
20261009-065112-m7-sim-sweep2,2026-10-09T06:52:10+00:00,50,nfs,share,0.0,1.0,0,35.4159,hold,doc,2.0,0.25,S4+,3.219914020343822,4.145414638309727,8.575871294247435,1.1859312339540888,25.125,402,345,772
20261009-065112-m7-sim-sweep2,2026-10-09T06:52:10+00:00,50,nfs,share,0.0,1.0,0,35.4159,hold,doc,2.0,0.25,S4+P,4.3400800203438195,4.311064043546352,6.933555302005374,1.1859312339540888,25.125,402,364,757
20261009-065112-m7-sim-sweep2,2026-10-09T06:52:10+00:00,50,nfs,share,0.0,1.0,0,35.4159,hold,doc,2.0,0.25,S4L,4.340080020343834,4.2993646803051435,6.933555302005374,1.1859312339540888,25.125,402,362,748
20261009-065112-m7-sim-sweep2,2026-10-09T06:52:10+00:00,50,nfs,share,0.0,1.0,0,35.4159,hold,doc,2.0,0.25,S4B,4.340080020343834,4.299017232135898,6.933555302005374,1.1859312339540888,25.125,402,362,747
20261009-065112-m7-sim-sweep2,2026-10-09T06:52:10+00:00,50,nfs,share,0.0,1.0,0,35.4159,hold,doc,2.0,0.25,S5,3.219914020343822,4.145414638309728,8.575871294247435,1.1859312339540888,25.125,394,345,772
20261009-065112-m7-sim-sweep2,2026-10-09T06:52:10+00:00,50,nfs,share,0.0,1.0,0,35.4159,hold,doc,2.0,0.25,S5s,3.219914020343822,3.725859621094967,3.3173416028237455,0.671127549749252,25.125,58,345,795
20261009-065112-m7-sim-sweep2,2026-10-09T06:52:10+00:00,50,nfs,share,0.0,1.0,0,35.4159,hold,doc,2.0,0.25,S5L,4.340080020343834,4.299017232135898,6.933555302005374,1.1859312339540888,25.125,394,362,747
20261009-065112-m7-sim-sweep2,2026-10-09T06:52:10+00:00,50,nfs,share,0.0,1.0,0,35.4159,hold,doc,2.0,0.25,S5P,4.3400800203438195,4.309178038521139,6.933555302005374,1.1859312339540888,25.125,394,364,755
20261009-065112-m7-sim-sweep2,2026-10-09T06:52:10+00:00,50,nfs,share,0.0,1.0,0,35.4159,hold,doc,2.0,0.25,S5c,3.219914020343822,3.8646309985065925,5.15380061031496,0.8960312604942248,25.125,58,341,776
20261009-065112-m7-sim-sweep2,2026-10-09T06:52:10+00:00,50,nfs,share,0.0,1.0,0,35.4159,hold,doc,2.0,0.5,S0,4.454799610358975,4.548481596842405,5.224386545851303,0.0,33.5,0,488,1072
20261009-065112-m7-sim-sweep2,2026-10-09T06:52:10+00:00,50,nfs,share,0.0,1.0,0,35.4159,hold,doc,2.0,0.5,S1,4.266090499621754,2.7708510694389674,4.583731117895155,0.0,33.5,0,275,645
20261009-065112-m7-sim-sweep2,2026-10-09T06:52:10+00:00,50,nfs,share,0.0,1.0,0,35.4159,hold,doc,2.0,0.5,S2b,2.054640308368917,2.108210359063765,2.0607407965366917,0.2890666401265361,33.5,0,171,496
20261009-065112-m7-sim-sweep2,2026-10-09T06:52:10+00:00,50,nfs,share,0.0,1.0,0,35.4159,hold,doc,2.0,0.5,S4,4.246085999999991,3.4083250517534274,5.231358034019081,0.739290728283148,20.0625,321,289,630
20261009-065112-m7-sim-sweep2,2026-10-09T06:52:10+00:00,50,nfs,share,0.0,1.0,0,35.4159,hold,doc,2.0,0.5,S4+,2.0428100203438078,2.62651965250614,2.2146991233231574,0.8613665870462803,16.75,268,193,474
20261009-065112-m7-sim-sweep2,2026-10-09T06:52:10+00:00,50,nfs,share,0.0,1.0,0,35.4159,hold,doc,2.0,0.5,S4+P,2.5746755082523407,2.897497319933398,4.0806240203438335,0.8613665870462803,16.75,268,228,518
20261009-065112-m7-sim-sweep2,2026-10-09T06:52:10+00:00,50,nfs,share,0.0,1.0,0,35.4159,hold,doc,2.0,0.5,S4L,2.30470656256594,2.9589366444335212,4.423513570492105,0.8613665870462803,16.75,268,233,509
20261009-065112-m7-sim-sweep2,2026-10-09T06:52:10+00:00,50,nfs,share,0.0,1.0,0,35.4159,hold,doc,2.0,0.5,S4B,2.186885020343837,2.929701851888481,4.423513570492105,0.8613665870462803,16.75,268,227,506
20261009-065112-m7-sim-sweep2,2026-10-09T06:52:10+00:00,50,nfs,share,0.0,1.0,0,35.4159,hold,doc,2.0,0.5,S5,2.0428100203438078,2.6091873157821674,2.2146991233231574,0.844034250322308,16.75,260,193,474
20261009-065112-m7-sim-sweep2,2026-10-09T06:52:10+00:00,50,nfs,share,0.0,1.0,0,35.4159,hold,doc,2.0,0.5,S5s,2.673291999999975,2.7784423182903155,3.1224779999999726,0.0,21.5,0,290,742
20261009-065112-m7-sim-sweep2,2026-10-09T06:52:10+00:00,50,nfs,share,0.0,1.0,0,35.4159,hold,doc,2.0,0.5,S5L,2.186885020343837,2.912369515164509,4.423513570492105,0.844034250322308,16.75,260,227,506
20261009-065112-m7-sim-sweep2,2026-10-09T06:52:10+00:00,50,nfs,share,0.0,1.0,0,35.4159,hold,doc,2.0,0.5,S5P,2.5746755082523407,2.878422044246682,4.0806240203438335,0.844034250322308,16.75,260,228,513
20261009-065112-m7-sim-sweep2,2026-10-09T06:52:10+00:00,50,nfs,share,0.0,1.0,0,35.4159,hold,doc,2.0,0.5,S5c,1.9479659999999654,2.0782771671823297,2.120705102979315,0.2890666401265361,21.5,0,187,480
20261009-065112-m7-sim-sweep2,2026-10-09T06:52:10+00:00,51,local,share,0.0,1.0,0,35.4159,hold,doc,0.25,0.125,S0,0.35582980736005254,0.5665901244216437,0.5839821848902886,0.1109761429783287,33.5,0,661,899
20261009-065112-m7-sim-sweep2,2026-10-09T06:52:10+00:00,51,local,share,0.0,1.0,0,35.4159,hold,doc,0.25,0.125,S1,0.3522358410467632,0.5542668587963474,1.1090636760609982,0.1522921038898198,33.5,0,586,807
20261009-065112-m7-sim-sweep2,2026-10-09T06:52:10+00:00,51,local,share,0.0,1.0,0,35.4159,hold,doc,0.25,0.125,S2b,0.3203802500000279,0.6138297585607783,1.934013686693973,0.28046835947686627,33.5,0,628,714
20261009-065112-m7-sim-sweep2,2026-10-09T06:52:10+00:00,51,local,share,0.0,1.0,0,35.4159,hold,doc,0.25,0.125,S4,0.357683742244717,0.6410462744929214,0.8580766819526104,0.28068277380109014,32.75,524,646,747
20261009-065112-m7-sim-sweep2,2026-10-09T06:52:10+00:00,51,local,share,0.0,1.0,0,35.4159,hold,doc,0.25,0.125,S4+,0.32972380737896145,0.6653491780972361,2.3408468860196336,0.36618003485803996,29.3125,469,686,656
20261009-065112-m7-sim-sweep2,2026-10-09T06:52:10+00:00,51,local,share,0.0,1.0,0,35.4159,hold,doc,0.25,0.125,S4+P,0.356766557378954,0.6558152139697585,2.205902422253473,0.36618003485803996,29.3125,469,643,629
20261009-065112-m7-sim-sweep2,2026-10-09T06:52:10+00:00,51,local,share,0.0,1.0,0,35.4159,hold,doc,0.25,0.125,S4L,0.35687280737892024,0.6576169270453972,2.205902422253473,0.36618003485803996,29.3125,469,652,632
20261009-065112-m7-sim-sweep2,2026-10-09T06:52:10+00:00,51,local,share,0.0,1.0,0,35.4159,hold,doc,0.25,0.125,S4B,0.3566603073789878,0.6537650791316357,2.205902422253473,0.36618003485803996,29.3125,469,639,625
20261009-065112-m7-sim-sweep2,2026-10-09T06:52:10+00:00,51,local,share,0.0,1.0,0,35.4159,hold,doc,0.25,0.125,S5,0.32972380737896145,0.6653491780972368,2.3408468860196336,0.36618003485803996,29.3125,381,686,656
20261009-065112-m7-sim-sweep2,2026-10-09T06:52:10+00:00,51,local,share,0.0,1.0,0,35.4159,hold,doc,0.25,0.125,S5s,0.32972380737896145,0.6653491780972386,2.3408468860196336,0.36618003485803996,29.3125,229,686,656
20261009-065112-m7-sim-sweep2,2026-10-09T06:52:10+00:00,51,local,share,0.0,1.0,0,35.4159,hold,doc,0.25,0.125,S5L,0.3566603073789878,0.6537650791316375,2.205902422253473,0.36618003485803996,29.3125,381,639,625
20261009-065112-m7-sim-sweep2,2026-10-09T06:52:10+00:00,51,local,share,0.0,1.0,0,35.4159,hold,doc,0.25,0.125,S5P,0.3566603073789878,0.6537650791316375,2.205902422253473,0.36618003485803996,29.3125,381,639,625
20261009-065112-m7-sim-sweep2,2026-10-09T06:52:10+00:00,51,local,share,0.0,1.0,0,35.4159,hold,doc,0.25,0.125,S5c,0.32972380737896145,0.6653491780972386,2.3408468860196336,0.36618003485803996,29.3125,229,686,656
20261009-065112-m7-sim-sweep2,2026-10-09T06:52:10+00:00,51,local,share,0.0,1.0,0,35.4159,hold,doc,0.25,0.25,S0,0.5837644348902842,0.5920005271450712,0.5989462499999973,0.10579711795367312,33.5,0,613,947
20261009-065112-m7-sim-sweep2,2026-10-09T06:52:10+00:00,51,local,share,0.0,1.0,0,35.4159,hold,doc,0.25,0.25,S1,0.40932706042931954,0.5644188701683035,0.5877241730580209,0.16848581065376975,33.5,0,449,782
20261009-065112-m7-sim-sweep2,2026-10-09T06:52:10+00:00,51,local,share,0.0,1.0,0,35.4159,hold,doc,0.25,0.25,S2b,0.2699343349354564,0.5251326565772061,1.5339906620449568,0.23625174160004825,33.5,0,486,631
20261009-065112-m7-sim-sweep2,2026-10-09T06:52:10+00:00,51,local,share,0.0,1.0,0,35.4159,hold,doc,0.25,0.25,S4,0.33416150000002176,0.5847871964720296,0.6721161070271648,0.24461444314965894,28.25,452,529,701
20261009-065112-m7-sim-sweep2,2026-10-09T06:52:10+00:00,51,local,share,0.0,1.0,0,35.4159,hold,doc,0.25,0.25,S4+,0.2911455573789823,0.6242585499962653,2.272368091630497,0.36618003485803996,25.125,402,540,577
20261009-065112-m7-sim-sweep2,2026-10-09T06:52:10+00:00,51,local,share,0.0,1.0,0,35.4159,hold,doc,0.25,0.25,S4+P,0.3566603073789878,0.638058301857806,2.205902422253473,0.36618003485803996,25.125,402,579,592
20261009-065112-m7-sim-sweep2,2026-10-09T06:52:10+00:00,51,local,share,0.0,1.0,0,35.4159,hold,doc,0.25,0.25,S4L,0.3566603073789878,0.6388004401760062,2.205902422253473,0.36618003485803996,25.125,402,582,594
20261009-065112-m7-sim-sweep2,2026-10-09T06:52:10+00:00,51,local,share,0.0,1.0,0,35.4159,hold,doc,0.25,0.25,S4B,0.3566603073789878,0.6336329041837008,2.205902422253473,0.36618003485803996,25.125,402,559,585
20261009-065112-m7-sim-sweep2,2026-10-09T06:52:10+00:00,51,local,share,0.0,1.0,0,35.4159,hold,doc,0.25,0.25,S5,0.2911455573789823,0.6242585499962653,2.272368091630497,0.36618003485803996,25.125,314,540,577
20261009-065112-m7-sim-sweep2,2026-10-09T06:52:10+00:00,51,local,share,0.0,1.0,0,35.4159,hold,doc,0.25,0.25,S5s,0.2911455573789823,0.5806434734909848,1.225606255503763,0.3225649583527594,25.125,162,540,577
20261009-065112-m7-sim-sweep2,2026-10-09T06:52:10+00:00,51,local,share,0.0,1.0,0,35.4159,hold,doc,0.25,0.25,S5L,0.3566603073789878,0.6336329041837008,2.205902422253473,0.36618003485803996,25.125,314,559,585
20261009-065112-m7-sim-sweep2,2026-10-09T06:52:10+00:00,51,local,share,0.0,1.0,0,35.4159,hold,doc,0.25,0.25,S5P,0.3566603073789878,0.6325951376585621,2.205902422253473,0.36618003485803996,25.125,314,557,582
20261009-065112-m7-sim-sweep2,2026-10-09T06:52:10+00:00,51,local,share,0.0,1.0,0,35.4159,hold,doc,0.25,0.25,S5c,0.2911455573789823,0.5806434734909848,1.225606255503763,0.3225649583527594,25.125,162,540,577
20261009-065112-m7-sim-sweep2,2026-10-09T06:52:10+00:00,51,local,share,0.0,1.0,0,35.4159,hold,doc,0.25,0.5,S0,0.5837644348902842,0.519625045272815,0.5989462499999973,0.0,33.5,0,561,999
20261009-065112-m7-sim-sweep2,2026-10-09T06:52:10+00:00,51,local,share,0.0,1.0,0,35.4159,hold,doc,0.25,0.5,S1,0.5837644348902842,0.4222441516883008,0.5877241730580209,0.029128083548638866,33.5,0,266,753
20261009-065112-m7-sim-sweep2,2026-10-09T06:52:10+00:00,51,local,share,0.0,1.0,0,35.4159,hold,doc,0.25,0.5,S2b,0.20541527871405663,0.5004314168938873,0.28902539328488785,0.28658046925508707,33.5,0,206,473
20261009-065112-m7-sim-sweep2,2026-10-09T06:52:10+00:00,51,local,share,0.0,1.0,0,35.4159,hold,doc,0.25,0.5,S4,0.3340552500000271,0.5170503625298958,0.5877241730580209,0.23140139840842563,20.0625,321,419,600
20261009-065112-m7-sim-sweep2,2026-10-09T06:52:10+00:00,51,local,share,0.0,1.0,0,35.4159,hold,doc,0.25,0.5,S4+,0.22093865346643327,0.44864679247445177,0.22812658609301195,0.2643738659654555,16.75,268,257,422
20261009-065112-m7-sim-sweep2,2026-10-09T06:52:10+00:00,51,local,share,0.0,1.0,0,35.4159,hold,doc,0.25,0.5,S4+P,0.2539091823789832,0.4731182560547514,0.3433040573789725,0.2643738659654555,16.75,268,344,471
20261009-065112-m7-sim-sweep2,2026-10-09T06:52:10+00:00,51,local,share,0.0,1.0,0,35.4159,hold,doc,0.25,0.5,S4L,0.2334435246357245,0.47977696742814874,0.3596609863285778,0.2643738659654555,16.75,268,364,478
20261009-065112-m7-sim-sweep2,2026-10-09T06:52:10+00:00,51,local,share,0.0,1.0,0,35.4159,hold,doc,0.25,0.5,S4B,0.19522011221148716,0.46430908361048634,0.3596609863285778,0.2643738659654555,16.75,268,299,447
20261009-065112-m7-sim-sweep2,2026-10-09T06:52:10+00:00,51,local,share,0.0,1.0,0,35.4159,hold,doc,0.25,0.5,S5,0.22093865346643327,0.38772975780556784,0.22812658609301195,0.20345683129657152,16.75,180,257,422
20261009-065112-m7-sim-sweep2,2026-10-09T06:52:10+00:00,51,local,share,0.0,1.0,0,35.4159,hold,doc,0.25,0.5,S5s,0.22515809496721317,0.290327137655425,0.26610068901761963,0.0755282684473979,16.75,28,272,483
20261009-065112-m7-sim-sweep2,2026-10-09T06:52:10+00:00,51,local,share,0.0,1.0,0,35.4159,hold,doc,0.25,0.5,S5L,0.19522011221148716,0.40339204894160235,0.3596609863285778,0.20345683129657152,16.75,180,299,447
20261009-065112-m7-sim-sweep2,2026-10-09T06:52:10+00:00,51,local,share,0.0,1.0,0,35.4159,hold,doc,0.25,0.5,S5P,0.2539091823789832,0.40290960279888804,0.3433040573789725,0.20345683129657152,16.75,180,305,450
20261009-065112-m7-sim-sweep2,2026-10-09T06:52:10+00:00,51,local,share,0.0,1.0,0,35.4159,hold,doc,0.25,0.5,S5c,0.22093865346643327,0.3057629301024652,0.22812658609301195,0.12008964942680163,16.75,28,254,425
20261009-065112-m7-sim-sweep2,2026-10-09T06:52:10+00:00,52,local,share,0.0,1.0,0,35.4159,hold,doc,0.5,0.125,S0,0.46303850000001034,0.6095017344582571,0.8719888777330453,0.010599166408276517,33.5,0,911,649
20261009-065112-m7-sim-sweep2,2026-10-09T06:52:10+00:00,52,local,share,0.0,1.0,0,35.4159,hold,doc,0.5,0.125,S1,0.46303850000001034,0.5668807840542774,0.8705735000000061,0.0174965977418348,33.5,0,784,594
20261009-065112-m7-sim-sweep2,2026-10-09T06:52:10+00:00,52,local,share,0.0,1.0,0,35.4159,hold,doc,0.5,0.125,S2b,0.41605700000003054,0.7214407122346783,2.1419626586329343,0.28046835947683374,33.5,0,838,504
20261009-065112-m7-sim-sweep2,2026-10-09T06:52:10+00:00,52,local,share,0.0,1.0,0,35.4159,hold,doc,0.5,0.125,S4,0.439352509672176,0.7284896918290601,0.8968899291954813,0.25888676350580475,32.75,524,857,521
20261009-065112-m7-sim-sweep2,2026-10-09T06:52:10+00:00,52,local,share,0.0,1.0,0,35.4159,hold,doc,0.5,0.125,S4+,0.43019301325529113,0.7641273786120468,2.4315031722534712,0.36618003485800266,29.3125,469,882,460
20261009-065112-m7-sim-sweep2,2026-10-09T06:52:10+00:00,52,local,share,0.0,1.0,0,35.4159,hold,doc,0.5,0.125,S4+P,0.4616263073790208,0.7450455713270762,2.2536821722534626,0.36618003485800266,29.3125,469,821,433
20261009-065112-m7-sim-sweep2,2026-10-09T06:52:10+00:00,52,local,share,0.0,1.0,0,35.4159,hold,doc,0.5,0.125,S4L,0.4616263073790208,0.7454720929664193,2.2361486722534636,0.36618003485800266,29.3125,469,826,433
20261009-065112-m7-sim-sweep2,2026-10-09T06:52:10+00:00,52,local,share,0.0,1.0,0,35.4159,hold,doc,0.5,0.125,S4B,0.4616263073790208,0.743919618608194,2.2361486722534636,0.36618003485800266,29.3125,469,817,432
20261009-065112-m7-sim-sweep2,2026-10-09T06:52:10+00:00,52,local,share,0.0,1.0,0,35.4159,hold,doc,0.5,0.125,S5,0.43019301325529113,0.7641273786120456,2.4315031722534712,0.36618003485800266,29.3125,421,882,460
20261009-065112-m7-sim-sweep2,2026-10-09T06:52:10+00:00,52,local,share,0.0,1.0,0,35.4159,hold,doc,0.5,0.125,S5s,0.43019301325529113,0.7641273786120433,2.4315031722534712,0.36618003485800266,29.3125,309,882,460
20261009-065112-m7-sim-sweep2,2026-10-09T06:52:10+00:00,52,local,share,0.0,1.0,0,35.4159,hold,doc,0.5,0.125,S5L,0.4616263073790208,0.7439196186081928,2.2361486722534636,0.36618003485800266,29.3125,421,817,432
20261009-065112-m7-sim-sweep2,2026-10-09T06:52:10+00:00,52,local,share,0.0,1.0,0,35.4159,hold,doc,0.5,0.125,S5P,0.4616263073790208,0.7444455344688491,2.2536821722534626,0.36618003485800266,29.3125,421,818,433
20261009-065112-m7-sim-sweep2,2026-10-09T06:52:10+00:00,52,local,share,0.0,1.0,0,35.4159,hold,doc,0.5,0.125,S5c,0.43019301325529113,0.7641273786120433,2.4315031722534712,0.36618003485800266,29.3125,309,882,460
20261009-065112-m7-sim-sweep2,2026-10-09T06:52:10+00:00,52,local,share,0.0,1.0,0,35.4159,hold,doc,0.5,0.25,S0,0.46303850000001034,0.6012598180499786,0.8701380000000114,0.0,33.5,0,909,651
20261009-065112-m7-sim-sweep2,2026-10-09T06:52:10+00:00,52,local,share,0.0,1.0,0,35.4159,hold,doc,0.5,0.25,S1,0.46303850000001034,0.5146328108815315,0.8705735000000061,0.015413237737105234,33.5,0,662,540
20261009-065112-m7-sim-sweep2,2026-10-09T06:52:10+00:00,52,local,share,0.0,1.0,0,35.4159,hold,doc,0.5,0.25,S2b,0.37035350000004996,0.6134072490786178,1.3865357213688156,0.21640871585973542,33.5,0,660,457
20261009-065112-m7-sim-sweep2,2026-10-09T06:52:10+00:00,52,local,share,0.0,1.0,0,35.4159,hold,doc,0.5,0.25,S4,0.4393400000000298,0.6925523067655354,0.9601227998695094,0.24461444314965775,28.25,452,708,492
20261009-065112-m7-sim-sweep2,2026-10-09T06:52:10+00:00,52,local,share,0.0,1.0,0,35.4159,hold,doc,0.5,0.25,S4+,0.3930648073790053,0.7194732591649675,2.348053672253471,0.36618003485800266,25.125,402,704,413
20261009-065112-m7-sim-sweep2,2026-10-09T06:52:10+00:00,52,local,share,0.0,1.0,0,35.4159,hold,doc,0.5,0.25,S4+P,0.46162630737896393,0.7227695957126917,2.2361486722534636,0.36618003485800266,25.125,402,738,408
20261009-065112-m7-sim-sweep2,2026-10-09T06:52:10+00:00,52,local,share,0.0,1.0,0,35.4159,hold,doc,0.5,0.25,S4L,0.4616263073790208,0.721719390636722,2.2361486722534636,0.36618003485800266,25.125,402,735,406
20261009-065112-m7-sim-sweep2,2026-10-09T06:52:10+00:00,52,local,share,0.0,1.0,0,35.4159,hold,doc,0.5,0.25,S4B,0.4616263073790208,0.7217183481640443,2.2361486722534636,0.36618003485800266,25.125,402,733,406
20261009-065112-m7-sim-sweep2,2026-10-09T06:52:10+00:00,52,local,share,0.0,1.0,0,35.4159,hold,doc,0.5,0.25,S5,0.3930648073790053,0.7194732591649675,2.348053672253471,0.36618003485800266,25.125,354,704,413
20261009-065112-m7-sim-sweep2,2026-10-09T06:52:10+00:00,52,local,share,0.0,1.0,0,35.4159,hold,doc,0.5,0.25,S5s,0.3930648073790053,0.716747316883391,2.28263105749555,0.3634540925764262,25.125,242,704,413
20261009-065112-m7-sim-sweep2,2026-10-09T06:52:10+00:00,52,local,share,0.0,1.0,0,35.4159,hold,doc,0.5,0.25,S5L,0.4616263073790208,0.7217183481640443,2.2361486722534636,0.36618003485800266,25.125,354,733,406
20261009-065112-m7-sim-sweep2,2026-10-09T06:52:10+00:00,52,local,share,0.0,1.0,0,35.4159,hold,doc,0.5,0.25,S5P,0.46162630737896393,0.7189107023307114,2.2361486722534636,0.36618003485800266,25.125,354,726,404
20261009-065112-m7-sim-sweep2,2026-10-09T06:52:10+00:00,52,local,share,0.0,1.0,0,35.4159,hold,doc,0.5,0.25,S5c,0.3930648073790053,0.7167473168833904,2.28263105749555,0.3634540925764256,25.125,242,704,413
20261009-065112-m7-sim-sweep2,2026-10-09T06:52:10+00:00,52,local,share,0.0,1.0,0,35.4159,hold,doc,0.5,0.5,S0,0.46303850000001034,0.6012598180499786,0.8701380000000114,0.0,33.5,0,909,651
20261009-065112-m7-sim-sweep2,2026-10-09T06:52:10+00:00,52,local,share,0.0,1.0,0,35.4159,hold,doc,0.5,0.5,S1,0.46261350000000334,0.4475684324055482,0.8701380000000114,0.0,33.5,0,490,480
20261009-065112-m7-sim-sweep2,2026-10-09T06:52:10+00:00,52,local,share,0.0,1.0,0,35.4159,hold,doc,0.5,0.5,S2b,0.285159500000006,0.4086820977184278,0.4389150000000086,0.11407679768144281,33.5,0,332,340
20261009-065112-m7-sim-sweep2,2026-10-09T06:52:10+00:00,52,local,share,0.0,1.0,0,35.4159,hold,doc,0.5,0.5,S4,0.4389150000000086,0.599161419180664,0.8709985000000131,0.23140139840842563,20.0625,321,561,408
20261009-065112-m7-sim-sweep2,2026-10-09T06:52:10+00:00,52,local,share,0.0,1.0,0,35.4159,hold,doc,0.5,0.5,S4+,0.2964959637291429,0.5198413123774343,0.3082958073789541,0.2643738659654555,16.75,268,375,297
20261009-065112-m7-sim-sweep2,2026-10-09T06:52:10+00:00,52,local,share,0.0,1.0,0,35.4159,hold,doc,0.5,0.5,S4+P,0.3328042051950604,0.542646686980012,0.4422772729274129,0.2643738659654555,16.75,268,460,320
20261009-065112-m7-sim-sweep2,2026-10-09T06:52:10+00:00,52,local,share,0.0,1.0,0,35.4159,hold,doc,0.5,0.5,S4L,0.30889458489882315,0.5470055573927919,0.46207632672326326,0.2643738659654555,16.75,268,471,321
20261009-065112-m7-sim-sweep2,2026-10-09T06:52:10+00:00,52,local,share,0.0,1.0,0,35.4159,hold,doc,0.5,0.5,S4B,0.2683600573789633,0.536541241771466,0.46207632672285115,0.2643738659654555,16.75,268,427,311
20261009-065112-m7-sim-sweep2,2026-10-09T06:52:10+00:00,52,local,share,0.0,1.0,0,35.4159,hold,doc,0.5,0.5,S5,0.2964959637291429,0.48713000499847386,0.30829580737896833,0.231662558586495,16.75,220,375,297
20261009-065112-m7-sim-sweep2,2026-10-09T06:52:10+00:00,52,local,share,0.0,1.0,0,35.4159,hold,doc,0.5,0.5,S5s,0.2983761213659335,0.4625532962787921,0.30829580737896833,0.19024378655533822,16.75,108,387,315
20261009-065112-m7-sim-sweep2,2026-10-09T06:52:10+00:00,52,local,share,0.0,1.0,0,35.4159,hold,doc,0.5,0.5,S5L,0.2683600573789633,0.5038299343924937,0.462076326722638,0.231662558586495,16.75,220,427,311
20261009-065112-m7-sim-sweep2,2026-10-09T06:52:10+00:00,52,local,share,0.0,1.0,0,35.4159,hold,doc,0.5,0.5,S5P,0.3328042051950604,0.5040055077755543,0.43876830737896455,0.231662558586495,16.75,220,436,314
20261009-065112-m7-sim-sweep2,2026-10-09T06:52:10+00:00,52,local,share,0.0,1.0,0,35.4159,hold,doc,0.5,0.5,S5c,0.2964959637291429,0.4607316541608301,0.30829580737896833,0.20345683129657152,16.75,108,373,299
20261009-065112-m7-sim-sweep2,2026-10-09T06:52:10+00:00,53,local,share,0.0,1.0,0,35.4159,hold,doc,1.0,0.125,S0,0.5735490614384275,0.7419879772181055,1.1807533205752918,0.0,33.5,0,1136,424
20261009-065112-m7-sim-sweep2,2026-10-09T06:52:10+00:00,53,local,share,0.0,1.0,0,35.4159,hold,doc,1.0,0.125,S1,0.571169000000026,0.6897865460311378,1.1807533205752918,0.0,33.5,0,978,391
20261009-065112-m7-sim-sweep2,2026-10-09T06:52:10+00:00,53,local,share,0.0,1.0,0,35.4159,hold,doc,1.0,0.125,S2b,0.5303560000000118,0.8387177335987429,2.2743114257374373,0.2804683594768023,33.5,0,1014,328
20261009-065112-m7-sim-sweep2,2026-10-09T06:52:10+00:00,53,local,share,0.0,1.0,0,35.4159,hold,doc,1.0,0.125,S4,0.571169000000026,0.862938763505784,1.2516113073789938,0.25888676350576806,32.75,524,1022,347
20261009-065112-m7-sim-sweep2,2026-10-09T06:52:10+00:00,53,local,share,0.0,1.0,0,35.4159,hold,doc,1.0,0.125,S4+,0.5526423073789601,0.8787820640045965,2.5344666722534583,0.36618003485796535,29.3125,469,1041,301
20261009-065112-m7-sim-sweep2,2026-10-09T06:52:10+00:00,53,local,share,0.0,1.0,0,35.4159,hold,doc,1.0,0.125,S4+P,0.5930303073789744,0.8600891598579778,2.321548672252561,0.36618003485796535,29.3125,469,959,286
20261009-065112-m7-sim-sweep2,2026-10-09T06:52:10+00:00,53,local,share,0.0,1.0,0,35.4159,hold,doc,1.0,0.125,S4L,0.5930303073789673,0.8590529515246441,2.2893416722525615,0.36618003485796535,29.3125,469,959,285
20261009-065112-m7-sim-sweep2,2026-10-09T06:52:10+00:00,53,local,share,0.0,1.0,0,35.4159,hold,doc,1.0,0.125,S4B,0.5930303073789673,0.8590529515246441,2.2893416722525615,0.36618003485796535,29.3125,469,954,285
20261009-065112-m7-sim-sweep2,2026-10-09T06:52:10+00:00,53,local,share,0.0,1.0,0,35.4159,hold,doc,1.0,0.125,S5,0.5526423073789601,0.8787820640045959,2.5344666722534583,0.36618003485796535,29.3125,445,1041,301
20261009-065112-m7-sim-sweep2,2026-10-09T06:52:10+00:00,53,local,share,0.0,1.0,0,35.4159,hold,doc,1.0,0.125,S5s,0.5526423073789601,0.8787820640045959,2.5344666722534583,0.36618003485796535,29.3125,365,1041,301
20261009-065112-m7-sim-sweep2,2026-10-09T06:52:10+00:00,53,local,share,0.0,1.0,0,35.4159,hold,doc,1.0,0.125,S5L,0.5930303073789673,0.8590529515246441,2.2893416722525615,0.36618003485796535,29.3125,445,954,285
20261009-065112-m7-sim-sweep2,2026-10-09T06:52:10+00:00,53,local,share,0.0,1.0,0,35.4159,hold,doc,1.0,0.125,S5P,0.5930303073789815,0.8600891598579784,2.321548672252561,0.36618003485796535,29.3125,445,960,286
20261009-065112-m7-sim-sweep2,2026-10-09T06:52:10+00:00,53,local,share,0.0,1.0,0,35.4159,hold,doc,1.0,0.125,S5c,0.5526423073789601,0.8787820640045959,2.5344666722534583,0.36618003485796535,29.3125,365,1041,301
20261009-065112-m7-sim-sweep2,2026-10-09T06:52:10+00:00,53,local,share,0.0,1.0,0,35.4159,hold,doc,1.0,0.25,S0,0.5735490614384275,0.7419879772181055,1.1807533205752918,0.0,33.5,0,1136,424
20261009-065112-m7-sim-sweep2,2026-10-09T06:52:10+00:00,53,local,share,0.0,1.0,0,35.4159,hold,doc,1.0,0.25,S1,0.571169000000026,0.6186717758333072,1.123802999999981,0.0,33.5,0,834,348
20261009-065112-m7-sim-sweep2,2026-10-09T06:52:10+00:00,53,local,share,0.0,1.0,0,35.4159,hold,doc,1.0,0.25,S2b,0.45756736442370993,0.7214585026652133,1.582097221368798,0.21640871585968155,33.5,0,823,294
20261009-065112-m7-sim-sweep2,2026-10-09T06:52:10+00:00,53,local,share,0.0,1.0,0,35.4159,hold,doc,1.0,0.25,S4,0.571169000000026,0.8223276125104325,1.3161839221368723,0.2446144431496228,28.25,452,855,327
20261009-065112-m7-sim-sweep2,2026-10-09T06:52:10+00:00,53,local,share,0.0,1.0,0,35.4159,hold,doc,1.0,0.25,S4+,0.48027867180266526,0.8186795399813421,2.4261278587350006,0.36618003485796535,25.125,402,854,263
20261009-065112-m7-sim-sweep2,2026-10-09T06:52:10+00:00,53,local,share,0.0,1.0,0,35.4159,hold,doc,1.0,0.25,S4+P,0.5930303073789602,0.8308333681913082,2.2893416722525615,0.36618003485796535,25.125,402,864,267
20261009-065112-m7-sim-sweep2,2026-10-09T06:52:10+00:00,53,local,share,0.0,1.0,0,35.4159,hold,doc,1.0,0.25,S4L,0.5930303073789673,0.8305839514602292,2.2893416722525615,0.36618003485796535,25.125,402,856,266
20261009-065112-m7-sim-sweep2,2026-10-09T06:52:10+00:00,53,local,share,0.0,1.0,0,35.4159,hold,doc,1.0,0.25,S4B,0.5930303073789673,0.830433284857976,2.2893416722525615,0.36618003485796535,25.125,402,852,266
20261009-065112-m7-sim-sweep2,2026-10-09T06:52:10+00:00,53,local,share,0.0,1.0,0,35.4159,hold,doc,1.0,0.25,S5,0.48027867180266526,0.8186795399813421,2.4261278587350006,0.36618003485796535,25.125,378,854,263
20261009-065112-m7-sim-sweep2,2026-10-09T06:52:10+00:00,53,local,share,0.0,1.0,0,35.4159,hold,doc,1.0,0.25,S5s,0.48027867180266526,0.8186795399813421,2.4261278587350006,0.36618003485796535,25.125,298,854,263
20261009-065112-m7-sim-sweep2,2026-10-09T06:52:10+00:00,53,local,share,0.0,1.0,0,35.4159,hold,doc,1.0,0.25,S5L,0.5930303073789673,0.830433284857976,2.2893416722525615,0.36618003485796535,25.125,378,852,266
20261009-065112-m7-sim-sweep2,2026-10-09T06:52:10+00:00,53,local,share,0.0,1.0,0,35.4159,hold,doc,1.0,0.25,S5P,0.5930303073789602,0.8308333681913082,2.2893416722525615,0.36618003485796535,25.125,378,856,267
20261009-065112-m7-sim-sweep2,2026-10-09T06:52:10+00:00,53,local,share,0.0,1.0,0,35.4159,hold,doc,1.0,0.25,S5c,0.48027867180266526,0.8186795399813421,2.4261278587350006,0.36618003485796535,25.125,298,854,263
20261009-065112-m7-sim-sweep2,2026-10-09T06:52:10+00:00,53,local,share,0.0,1.0,0,35.4159,hold,doc,1.0,0.5,S0,0.5735490614384275,0.7419879772181055,1.1807533205752918,0.0,33.5,0,1136,424
20261009-065112-m7-sim-sweep2,2026-10-09T06:52:10+00:00,53,local,share,0.0,1.0,0,35.4159,hold,doc,1.0,0.5,S1,0.570319000000012,0.5582400727923952,1.1238030000000094,0.0,33.5,0,630,308
20261009-065112-m7-sim-sweep2,2026-10-09T06:52:10+00:00,53,local,share,0.0,1.0,0,35.4159,hold,doc,1.0,0.5,S2b,0.37758700000000545,0.48581133199765664,0.611629000000022,0.0900690664329004,33.5,0,442,226
20261009-065112-m7-sim-sweep2,2026-10-09T06:52:10+00:00,53,local,share,0.0,1.0,0,35.4159,hold,doc,1.0,0.5,S4,0.570319000000012,0.6935090137186884,1.1860038087430667,0.23140139840835752,20.0625,321,679,259
20261009-065112-m7-sim-sweep2,2026-10-09T06:52:10+00:00,53,local,share,0.0,1.0,0,35.4159,hold,doc,1.0,0.5,S4+,0.39987330737895377,0.612419614244749,0.4007233073789678,0.26437386596538087,16.75,268,472,196
20261009-065112-m7-sim-sweep2,2026-10-09T06:52:10+00:00,53,local,share,0.0,1.0,0,35.4159,hold,doc,1.0,0.5,S4+P,0.43634880737896253,0.634292780911417,0.5534923073789741,0.26437386596538087,16.75,268,550,208
20261009-065112-m7-sim-sweep2,2026-10-09T06:52:10+00:00,53,local,share,0.0,1.0,0,35.4159,hold,doc,1.0,0.5,S4L,0.4043653073789528,0.6359092392447477,0.5938803073789813,0.26437386596538087,16.75,268,555,206
20261009-065112-m7-sim-sweep2,2026-10-09T06:52:10+00:00,53,local,share,0.0,1.0,0,35.4159,hold,doc,1.0,0.5,S4B,0.38323330737895844,0.6306262392447491,0.5938803073789813,0.26437386596538087,16.75,268,531,203
20261009-065112-m7-sim-sweep2,2026-10-09T06:52:10+00:00,53,local,share,0.0,1.0,0,35.4159,hold,doc,1.0,0.5,S5,0.39987330737895377,0.5960555872759047,0.4007233073789678,0.24801821227590062,16.75,244,472,196
20261009-065112-m7-sim-sweep2,2026-10-09T06:52:10+00:00,53,local,share,0.0,1.0,0,35.4159,hold,doc,1.0,0.5,S5s,0.39943780737895906,0.55183906217018,0.4007233073789678,0.19255306217017676,16.75,164,477,204
20261009-065112-m7-sim-sweep2,2026-10-09T06:52:10+00:00,53,local,share,0.0,1.0,0,35.4159,hold,doc,1.0,0.5,S5L,0.38323330737895844,0.6142622122759048,0.5938803073789813,0.24801821227590062,16.75,244,531,203
20261009-065112-m7-sim-sweep2,2026-10-09T06:52:10+00:00,53,local,share,0.0,1.0,0,35.4159,hold,doc,1.0,0.5,S5P,0.43634880737896253,0.6134320039425726,0.5534923073789741,0.24801821227590062,16.75,244,539,205
20261009-065112-m7-sim-sweep2,2026-10-09T06:52:10+00:00,53,local,share,0.0,1.0,0,35.4159,hold,doc,1.0,0.5,S5c,0.39987330737895377,0.5542478840499884,0.4007233073789678,0.20481980243728692,16.75,164,471,197
20261009-065112-m7-sim-sweep2,2026-10-09T06:52:10+00:00,54,local,share,0.0,1.0,0,35.4159,hold,doc,2.0,0.125,S0,0.7560239999999965,0.928630583333323,1.5693519999999523,0.0,33.5,0,1292,268
20261009-065112-m7-sim-sweep2,2026-10-09T06:52:10+00:00,54,local,share,0.0,1.0,0,35.4159,hold,doc,2.0,0.125,S1,0.7560239999999965,0.8634346666666607,1.5693519999999523,0.0,33.5,0,1119,245
20261009-065112-m7-sim-sweep2,2026-10-09T06:52:10+00:00,54,local,share,0.0,1.0,0,35.4159,hold,doc,2.0,0.125,S2b,0.6832260000000048,0.9904932761434146,2.4293174468104723,0.2804683594767461,33.5,0,1141,201
20261009-065112-m7-sim-sweep2,2026-10-09T06:52:10+00:00,54,local,share,0.0,1.0,0,35.4159,hold,doc,2.0,0.125,S4,0.6854366582901861,0.9971723065919385,1.5955053073789145,0.2588867635056964,32.75,524,1157,206
20261009-065112-m7-sim-sweep2,2026-10-09T06:52:10+00:00,54,local,share,0.0,1.0,0,35.4159,hold,doc,2.0,0.125,S4+,0.7059373073789601,1.0316153307661615,2.6940236722525697,0.36618003485789075,29.3125,469,1156,186
20261009-065112-m7-sim-sweep2,2026-10-09T06:52:10+00:00,54,local,share,0.0,1.0,0,35.4159,hold,doc,2.0,0.125,S4+P,0.705565593627199,0.9782901525862281,2.4324076722525945,0.36618003485789075,29.3125,469,1075,166
20261009-065112-m7-sim-sweep2,2026-10-09T06:52:10+00:00,54,local,share,0.0,1.0,0,35.4159,hold,doc,2.0,0.125,S4L,0.7060438798754376,0.9760702161349878,2.371461672252593,0.36618003485789075,29.3125,469,1069,165
20261009-065112-m7-sim-sweep2,2026-10-09T06:52:10+00:00,54,local,share,0.0,1.0,0,35.4159,hold,doc,2.0,0.125,S4B,0.705565593627199,0.9759169707567862,2.371461672252593,0.36618003485789075,29.3125,469,1066,165
20261009-065112-m7-sim-sweep2,2026-10-09T06:52:10+00:00,54,local,share,0.0,1.0,0,35.4159,hold,doc,2.0,0.125,S5,0.7059373073789601,1.0316153307661615,2.6940236722525697,0.36618003485789075,29.3125,461,1156,186
20261009-065112-m7-sim-sweep2,2026-10-09T06:52:10+00:00,54,local,share,0.0,1.0,0,35.4159,hold,doc,2.0,0.125,S5s,0.7059373073789601,1.0316153307661615,2.6940236722525697,0.36618003485789075,29.3125,405,1156,186
20261009-065112-m7-sim-sweep2,2026-10-09T06:52:10+00:00,54,local,share,0.0,1.0,0,35.4159,hold,doc,2.0,0.125,S5L,0.705565593627199,0.9759169707567862,2.371461672252593,0.36618003485789075,29.3125,461,1066,165
20261009-065112-m7-sim-sweep2,2026-10-09T06:52:10+00:00,54,local,share,0.0,1.0,0,35.4159,hold,doc,2.0,0.125,S5P,0.705565593627199,0.9780995565533827,2.4324076722525945,0.36618003485789075,29.3125,461,1077,166
20261009-065112-m7-sim-sweep2,2026-10-09T06:52:10+00:00,54,local,share,0.0,1.0,0,35.4159,hold,doc,2.0,0.125,S5c,0.7059373073789601,1.0316153307661615,2.6940236722525697,0.36618003485789075,29.3125,405,1156,186
20261009-065112-m7-sim-sweep2,2026-10-09T06:52:10+00:00,54,local,share,0.0,1.0,0,35.4159,hold,doc,2.0,0.25,S0,0.7560239999999965,0.928630583333323,1.5693519999999523,0.0,33.5,0,1292,268
20261009-065112-m7-sim-sweep2,2026-10-09T06:52:10+00:00,54,local,share,0.0,1.0,0,35.4159,hold,doc,2.0,0.25,S1,0.7560239999999965,0.7738615000000001,1.0598620000000096,0.0,33.5,0,957,215
20261009-065112-m7-sim-sweep2,2026-10-09T06:52:10+00:00,54,local,share,0.0,1.0,0,35.4159,hold,doc,2.0,0.25,S2b,0.6130920000000089,0.8779671169223242,1.7977432213683926,0.21640871585964305,33.5,0,933,184
20261009-065112-m7-sim-sweep2,2026-10-09T06:52:10+00:00,54,local,share,0.0,1.0,0,35.4159,hold,doc,2.0,0.25,S4,0.6840760000000046,0.9436178028645905,1.6592279221368074,0.24461444314955472,28.25,452,979,191
20261009-065112-m7-sim-sweep2,2026-10-09T06:52:10+00:00,54,local,share,0.0,1.0,0,35.4159,hold,doc,2.0,0.25,S4+,0.6358033073789642,0.9671311181912318,2.559573672252583,0.36618003485789075,25.125,402,953,164
20261009-065112-m7-sim-sweep2,2026-10-09T06:52:10+00:00,54,local,share,0.0,1.0,0,35.4159,hold,doc,2.0,0.25,S4+P,0.7050873073789603,0.9444671135694355,2.371461672252593,0.36618003485789075,25.125,402,967,154
20261009-065112-m7-sim-sweep2,2026-10-09T06:52:10+00:00,54,local,share,0.0,1.0,0,35.4159,hold,doc,2.0,0.25,S4L,0.7050873073789603,0.936851608947638,2.371461672252593,0.36618003485789075,25.125,402,959,151
20261009-065112-m7-sim-sweep2,2026-10-09T06:52:10+00:00,54,local,share,0.0,1.0,0,35.4159,hold,doc,2.0,0.25,S4B,0.7050873073789603,0.936851608947638,2.371461672252593,0.36618003485789075,25.125,402,958,151
20261009-065112-m7-sim-sweep2,2026-10-09T06:52:10+00:00,54,local,share,0.0,1.0,0,35.4159,hold,doc,2.0,0.25,S5,0.6358033073789642,0.9671311181912318,2.559573672252583,0.36618003485789075,25.125,394,953,164
20261009-065112-m7-sim-sweep2,2026-10-09T06:52:10+00:00,54,local,share,0.0,1.0,0,35.4159,hold,doc,2.0,0.25,S5s,0.6358033073789642,0.9671311181912318,2.559573672252583,0.36618003485789075,25.125,338,953,164
20261009-065112-m7-sim-sweep2,2026-10-09T06:52:10+00:00,54,local,share,0.0,1.0,0,35.4159,hold,doc,2.0,0.25,S5L,0.7050873073789603,0.936851608947638,2.371461672252593,0.36618003485789075,25.125,394,958,151
20261009-065112-m7-sim-sweep2,2026-10-09T06:52:10+00:00,54,local,share,0.0,1.0,0,35.4159,hold,doc,2.0,0.25,S5P,0.7050873073789603,0.9444671135694355,2.371461672252593,0.36618003485789075,25.125,394,965,154
20261009-065112-m7-sim-sweep2,2026-10-09T06:52:10+00:00,54,local,share,0.0,1.0,0,35.4159,hold,doc,2.0,0.25,S5c,0.6358033073789642,0.9671311181912318,2.559573672252583,0.36618003485789075,25.125,338,953,164
20261009-065112-m7-sim-sweep2,2026-10-09T06:52:10+00:00,54,local,share,0.0,1.0,0,35.4159,hold,doc,2.0,0.5,S0,0.7560239999999965,0.928630583333323,1.5693519999999523,0.0,33.5,0,1292,268
20261009-065112-m7-sim-sweep2,2026-10-09T06:52:10+00:00,54,local,share,0.0,1.0,0,35.4159,hold,doc,2.0,0.5,S1,0.7543239999999969,0.6964208333333394,1.0598620000000096,0.0,33.5,0,733,187
20261009-065112-m7-sim-sweep2,2026-10-09T06:52:10+00:00,54,local,share,0.0,1.0,0,35.4159,hold,doc,2.0,0.5,S2b,0.4794920000000218,0.6097071520214605,0.7525819999999896,0.0900690664328927,33.5,0,533,134
20261009-065112-m7-sim-sweep2,2026-10-09T06:52:10+00:00,54,local,share,0.0,1.0,0,35.4159,hold,doc,2.0,0.5,S4,0.6815050000000014,0.7982682821547193,1.4041853208362625,0.23140139840832674,20.0625,321,772,147
20261009-065112-m7-sim-sweep2,2026-10-09T06:52:10+00:00,54,local,share,0.0,1.0,0,35.4159,hold,doc,2.0,0.5,S4+,0.5022033073789771,0.7270252015539226,0.5063528100401982,0.26437386596535006,16.75,268,553,114
20261009-065112-m7-sim-sweep2,2026-10-09T06:52:10+00:00,54,local,share,0.0,1.0,0,35.4159,hold,doc,2.0,0.5,S4+P,0.5659843073789688,0.7444020264655755,0.7067873073789599,0.26437386596535006,16.75,268,627,119
20261009-065112-m7-sim-sweep2,2026-10-09T06:52:10+00:00,54,local,share,0.0,1.0,0,35.4159,hold,doc,2.0,0.5,S4L,0.5363713073789711,0.7434136946769018,0.7095086239593229,0.26437386596535006,16.75,268,624,118
20261009-065112-m7-sim-sweep2,2026-10-09T06:52:10+00:00,54,local,share,0.0,1.0,0,35.4159,hold,doc,2.0,0.5,S4B,0.5363713073789711,0.7434136946769018,0.7095086239593229,0.26437386596535006,16.75,268,615,118
20261009-065112-m7-sim-sweep2,2026-10-09T06:52:10+00:00,54,local,share,0.0,1.0,0,35.4159,hold,doc,2.0,0.5,S5,0.5022033073789771,0.7215733169907649,0.5063528100401982,0.25892198140219236,16.75,260,553,114
20261009-065112-m7-sim-sweep2,2026-10-09T06:52:10+00:00,54,local,share,0.0,1.0,0,35.4159,hold,doc,2.0,0.5,S5s,0.5022033073789771,0.6860247917153272,0.5063528100401982,0.22075878946008842,16.75,204,557,115
20261009-065112-m7-sim-sweep2,2026-10-09T06:52:10+00:00,54,local,share,0.0,1.0,0,35.4159,hold,doc,2.0,0.5,S5L,0.5363713073789711,0.7379618101137441,0.7095086239593229,0.25892198140219236,16.75,260,615,118
20261009-065112-m7-sim-sweep2,2026-10-09T06:52:10+00:00,54,local,share,0.0,1.0,0,35.4159,hold,doc,2.0,0.5,S5P,0.5659843073789688,0.7413444938192827,0.7067873073789599,0.25892198140219236,16.75,260,621,120
20261009-065112-m7-sim-sweep2,2026-10-09T06:52:10+00:00,54,local,share,0.0,1.0,0,35.4159,hold,doc,2.0,0.5,S5c,0.5022033073789771,0.6834101250486609,0.5063528100401982,0.22075878946008842,16.75,204,553,114
20261009-065112-m7-sim-sweep2,2026-10-09T06:52:10+00:00,55,local,share,0.0,1.0,0,11.6,free,chat,0.25,0.125,S0,0.49129764363802053,0.5015368267062664,0.696579889661777,0.0,32.0,0,200,568
20261009-065112-m7-sim-sweep2,2026-10-09T06:52:10+00:00,55,local,share,0.0,1.0,0,11.6,free,chat,0.25,0.125,S1,0.4361827500000217,0.44424387397445503,0.5868808814353912,0.0,32.0,0,112,456
20261009-065112-m7-sim-sweep2,2026-10-09T06:52:10+00:00,55,local,share,0.0,1.0,0,11.6,free,chat,0.25,0.125,S2b,0.49129764363802053,0.47431357758393905,0.696579889661777,0.0,32.0,0,157,510
20261009-065112-m7-sim-sweep2,2026-10-09T06:52:10+00:00,55,local,share,0.0,1.0,0,11.6,free,chat,0.25,0.125,S4,0.4361827500000217,0.44424387397445503,0.5868808814353912,0.0,29.0,464,112,456
20261009-065112-m7-sim-sweep2,2026-10-09T06:52:10+00:00,55,local,share,0.0,1.0,0,11.6,free,chat,0.25,0.125,S4+,0.49129764363802053,0.47431357758393905,0.696579889661777,0.0,28.0,448,157,510
20261009-065112-m7-sim-sweep2,2026-10-09T06:52:10+00:00,55,local,share,0.0,1.0,0,11.6,free,chat,0.25,0.125,S4+P,0.41062853806468524,0.4386927635243776,0.5868808814353912,0.0,28.0,448,103,442
20261009-065112-m7-sim-sweep2,2026-10-09T06:52:10+00:00,55,local,share,0.0,1.0,0,11.6,free,chat,0.25,0.125,S4L,0.385795750000014,0.4356683312630647,0.5868808814353912,0.0,28.0,448,99,440
20261009-065112-m7-sim-sweep2,2026-10-09T06:52:10+00:00,55,local,share,0.0,1.0,0,11.6,free,chat,0.25,0.125,S4B,0.385795750000014,0.42377101454628274,0.5868808814353912,0.0,28.0,448,81,417
20261009-065112-m7-sim-sweep2,2026-10-09T06:52:10+00:00,55,local,share,0.0,1.0,0,11.6,free,chat,0.25,0.125,S5,0.49129764363802053,0.4742412895092259,0.696579889661777,0.0,28.0,400,157,510
20261009-065112-m7-sim-sweep2,2026-10-09T06:52:10+00:00,55,local,share,0.0,1.0,0,11.6,free,chat,0.25,0.125,S5s,0.49129764363802053,0.47611418154065593,0.696579889661777,0.0,28.0,384,159,510
20261009-065112-m7-sim-sweep2,2026-10-09T06:52:10+00:00,55,local,share,0.0,1.0,0,11.6,free,chat,0.25,0.125,S5L,0.385795750000014,0.43012306122525423,0.5868808814353912,0.0,28.0,400,90,426
20261009-065112-m7-sim-sweep2,2026-10-09T06:52:10+00:00,55,local,share,0.0,1.0,0,11.6,free,chat,0.25,0.125,S5P,0.41062853806468524,0.4362712914973444,0.5868808814353912,0.0,28.0,400,99,435
20261009-065112-m7-sim-sweep2,2026-10-09T06:52:10+00:00,55,local,share,0.0,1.0,0,11.6,free,chat,0.25,0.125,S5c,0.49129764363802053,0.47431357758393905,0.696579889661777,0.0,28.0,384,157,510
20261009-065112-m7-sim-sweep2,2026-10-09T06:52:10+00:00,55,local,share,0.0,1.0,0,11.6,free,chat,0.25,0.25,S0,0.49129764363802053,0.5015368267062664,0.696579889661777,0.0,32.0,0,200,568
20261009-065112-m7-sim-sweep2,2026-10-09T06:52:10+00:00,55,local,share,0.0,1.0,0,11.6,free,chat,0.25,0.25,S1,0.385795750000014,0.41846560292477913,0.5868808814353912,0.0,32.0,0,73,406
20261009-065112-m7-sim-sweep2,2026-10-09T06:52:10+00:00,55,local,share,0.0,1.0,0,11.6,free,chat,0.25,0.25,S2b,0.44945506140737734,0.4363700840366711,0.6174014108793955,0.0,32.0,0,99,439
20261009-065112-m7-sim-sweep2,2026-10-09T06:52:10+00:00,55,local,share,0.0,1.0,0,11.6,free,chat,0.25,0.25,S4,0.385795750000014,0.41846560292477913,0.5868808814353912,0.0,24.0,384,73,406
20261009-065112-m7-sim-sweep2,2026-10-09T06:52:10+00:00,55,local,share,0.0,1.0,0,11.6,free,chat,0.25,0.25,S4+,0.44945506140737734,0.4363700840366711,0.6174014108793955,0.0,24.0,384,99,439
20261009-065112-m7-sim-sweep2,2026-10-09T06:52:10+00:00,55,local,share,0.0,1.0,0,11.6,free,chat,0.25,0.25,S4+P,0.385795750000014,0.41126731037906633,0.49129764363802053,0.0,24.0,384,62,394
20261009-065112-m7-sim-sweep2,2026-10-09T06:52:10+00:00,55,local,share,0.0,1.0,0,11.6,free,chat,0.25,0.25,S4L,0.385795750000014,0.409715180438873,0.49129764363802053,0.0,24.0,384,60,390
20261009-065112-m7-sim-sweep2,2026-10-09T06:52:10+00:00,55,local,share,0.0,1.0,0,11.6,free,chat,0.25,0.25,S4B,0.3769803146551638,0.40068245402938335,0.49129764363802053,0.0,24.0,384,46,371
20261009-065112-m7-sim-sweep2,2026-10-09T06:52:10+00:00,55,local,share,0.0,1.0,0,11.6,free,chat,0.25,0.25,S5,0.44945506140737734,0.4362616519246014,0.6174014108793955,0.0,24.0,336,99,439
20261009-065112-m7-sim-sweep2,2026-10-09T06:52:10+00:00,55,local,share,0.0,1.0,0,11.6,free,chat,0.25,0.25,S5s,0.44945506140737734,0.4391833770042221,0.6174014108793955,0.0,24.0,320,103,439
20261009-065112-m7-sim-sweep2,2026-10-09T06:52:10+00:00,55,local,share,0.0,1.0,0,11.6,free,chat,0.25,0.25,S5L,0.385795750000014,0.4081828505482464,0.49129764363802053,0.0,24.0,336,58,388
20261009-065112-m7-sim-sweep2,2026-10-09T06:52:10+00:00,55,local,share,0.0,1.0,0,11.6,free,chat,0.25,0.25,S5P,0.385795750000014,0.40874259038580146,0.49129764363802053,0.0,24.0,336,59,390
20261009-065112-m7-sim-sweep2,2026-10-09T06:52:10+00:00,55,local,share,0.0,1.0,0,11.6,free,chat,0.25,0.25,S5c,0.44945506140737734,0.4363700840366711,0.6174014108793955,0.0,24.0,320,99,439
20261009-065112-m7-sim-sweep2,2026-10-09T06:52:10+00:00,55,local,share,0.0,1.0,0,11.6,free,chat,0.25,0.5,S0,0.49129764363802053,0.5015368267062664,0.696579889661777,0.0,32.0,0,200,568
20261009-065112-m7-sim-sweep2,2026-10-09T06:52:10+00:00,55,local,share,0.0,1.0,0,11.6,free,chat,0.25,0.5,S1,0.3681648793103136,0.3944960897166994,0.48656975000002944,0.0,32.0,0,37,360
20261009-065112-m7-sim-sweep2,2026-10-09T06:52:10+00:00,55,local,share,0.0,1.0,0,11.6,free,chat,0.25,0.5,S2b,0.3681648793103136,0.3898186642079822,0.48656975000002944,0.0,32.0,0,29,347
20261009-065112-m7-sim-sweep2,2026-10-09T06:52:10+00:00,55,local,share,0.0,1.0,0,11.6,free,chat,0.25,0.5,S4,0.3681648793103136,0.3944960897166994,0.48656975000002944,0.0,17.0,272,37,360
20261009-065112-m7-sim-sweep2,2026-10-09T06:52:10+00:00,55,local,share,0.0,1.0,0,11.6,free,chat,0.25,0.5,S4+,0.3681648793103136,0.3898186642079822,0.48656975000002944,0.0,16.0,256,29,347
20261009-065112-m7-sim-sweep2,2026-10-09T06:52:10+00:00,55,local,share,0.0,1.0,0,11.6,free,chat,0.25,0.5,S4+P,0.3681648793103136,0.38174062697306077,0.48656975000002944,0.0,16.0,256,18,335
20261009-065112-m7-sim-sweep2,2026-10-09T06:52:10+00:00,55,local,share,0.0,1.0,0,11.6,free,chat,0.25,0.5,S4L,0.3681648793103136,0.3899252977072667,0.48656975000002944,0.0,16.0,256,30,351
20261009-065112-m7-sim-sweep2,2026-10-09T06:52:10+00:00,55,local,share,0.0,1.0,0,11.6,free,chat,0.25,0.5,S4B,0.3681648793103136,0.3764355049073321,0.48656975000002944,0.0,16.0,256,10,326
20261009-065112-m7-sim-sweep2,2026-10-09T06:52:10+00:00,55,local,share,0.0,1.0,0,11.6,free,chat,0.25,0.5,S5,0.3681648793103136,0.3895938308746499,0.48656975000002944,0.0,16.0,208,29,347
20261009-065112-m7-sim-sweep2,2026-10-09T06:52:10+00:00,55,local,share,0.0,1.0,0,11.6,free,chat,0.25,0.5,S5s,0.3681648793103136,0.39176773996615033,0.48656975000002944,0.0,16.0,192,34,347
20261009-065112-m7-sim-sweep2,2026-10-09T06:52:10+00:00,55,local,share,0.0,1.0,0,11.6,free,chat,0.25,0.5,S5L,0.3681648793103136,0.38117453901446474,0.48656975000002944,0.0,16.0,208,17,334
20261009-065112-m7-sim-sweep2,2026-10-09T06:52:10+00:00,55,local,share,0.0,1.0,0,11.6,free,chat,0.25,0.5,S5P,0.3681648793103136,0.37747785132094336,0.48656975000002944,0.0,16.0,208,12,328
20261009-065112-m7-sim-sweep2,2026-10-09T06:52:10+00:00,55,local,share,0.0,1.0,0,11.6,free,chat,0.25,0.5,S5c,0.3681648793103136,0.38895846118738636,0.48656975000002944,0.0,16.0,192,29,347
20261009-065112-m7-sim-sweep2,2026-10-09T06:52:10+00:00,56,local,share,0.0,1.0,0,11.6,free,chat,0.5,0.125,S0,0.881409000000005,0.8833793738928731,1.1943910000000102,0.0,32.0,0,304,464
20261009-065112-m7-sim-sweep2,2026-10-09T06:52:10+00:00,56,local,share,0.0,1.0,0,11.6,free,chat,0.5,0.125,S1,0.795708932096943,0.7967549105845299,1.0466803774591398,0.0,32.0,0,187,365
20261009-065112-m7-sim-sweep2,2026-10-09T06:52:10+00:00,56,local,share,0.0,1.0,0,11.6,free,chat,0.5,0.125,S2b,0.881409000000005,0.8406554702160012,1.1943910000000102,0.0,32.0,0,245,416
20261009-065112-m7-sim-sweep2,2026-10-09T06:52:10+00:00,56,local,share,0.0,1.0,0,11.6,free,chat,0.5,0.125,S4,0.7587902665129462,0.7840427032589545,1.0466803774591398,0.0,29.0,464,201,351
20261009-065112-m7-sim-sweep2,2026-10-09T06:52:10+00:00,56,local,share,0.0,1.0,0,11.6,free,chat,0.5,0.125,S4+,0.881409000000005,0.8406554702160012,1.1943910000000102,0.0,28.0,448,245,416
20261009-065112-m7-sim-sweep2,2026-10-09T06:52:10+00:00,56,local,share,0.0,1.0,0,11.6,free,chat,0.5,0.125,S4+P,0.7518398783847431,0.785925734086773,1.0466803774591398,0.0,28.0,448,175,356
20261009-065112-m7-sim-sweep2,2026-10-09T06:52:10+00:00,56,local,share,0.0,1.0,0,11.6,free,chat,0.5,0.125,S4L,0.7249085330258822,0.782726930865144,1.0466803774591398,0.0,28.0,448,170,350
20261009-065112-m7-sim-sweep2,2026-10-09T06:52:10+00:00,56,local,share,0.0,1.0,0,11.6,free,chat,0.5,0.125,S4B,0.7249085330258822,0.7702289110815516,1.0466803774591398,0.0,28.0,448,154,336
20261009-065112-m7-sim-sweep2,2026-10-09T06:52:10+00:00,56,local,share,0.0,1.0,0,11.6,free,chat,0.5,0.125,S5,0.881409000000005,0.8406554702160012,1.1943910000000102,0.0,28.0,416,245,416
20261009-065112-m7-sim-sweep2,2026-10-09T06:52:10+00:00,56,local,share,0.0,1.0,0,11.6,free,chat,0.5,0.125,S5s,0.881409000000005,0.8412482208294172,1.1943910000000102,0.0,28.0,400,246,416
20261009-065112-m7-sim-sweep2,2026-10-09T06:52:10+00:00,56,local,share,0.0,1.0,0,11.6,free,chat,0.5,0.125,S5L,0.7249085330258822,0.7787285609710134,1.0466803774591398,0.0,28.0,416,165,347
20261009-065112-m7-sim-sweep2,2026-10-09T06:52:10+00:00,56,local,share,0.0,1.0,0,11.6,free,chat,0.5,0.125,S5P,0.7518398783847431,0.784429548233503,1.0466803774591398,0.0,28.0,416,173,354
20261009-065112-m7-sim-sweep2,2026-10-09T06:52:10+00:00,56,local,share,0.0,1.0,0,11.6,free,chat,0.5,0.125,S5c,0.881409000000005,0.8406554702160012,1.1943910000000102,0.0,28.0,400,245,416
20261009-065112-m7-sim-sweep2,2026-10-09T06:52:10+00:00,56,local,share,0.0,1.0,0,11.6,free,chat,0.5,0.25,S0,0.881409000000005,0.8833793738928731,1.1943910000000102,0.0,32.0,0,304,464
20261009-065112-m7-sim-sweep2,2026-10-09T06:52:10+00:00,56,local,share,0.0,1.0,0,11.6,free,chat,0.5,0.25,S1,0.7249085330258822,0.7508718737252273,1.0466803774591398,0.0,32.0,0,128,315
20261009-065112-m7-sim-sweep2,2026-10-09T06:52:10+00:00,56,local,share,0.0,1.0,0,11.6,free,chat,0.5,0.25,S2b,0.8034320000000079,0.7833438850702462,1.091796500000001,0.0,32.0,0,168,353
20261009-065112-m7-sim-sweep2,2026-10-09T06:52:10+00:00,56,local,share,0.0,1.0,0,11.6,free,chat,0.5,0.25,S4,0.7249085330258822,0.7374928284716328,0.8861805000000089,0.0,24.0,384,140,303
20261009-065112-m7-sim-sweep2,2026-10-09T06:52:10+00:00,56,local,share,0.0,1.0,0,11.6,free,chat,0.5,0.25,S4+,0.8034320000000079,0.7833438850702462,1.091796500000001,0.0,24.0,384,168,353
20261009-065112-m7-sim-sweep2,2026-10-09T06:52:10+00:00,56,local,share,0.0,1.0,0,11.6,free,chat,0.5,0.25,S4+P,0.7249085330258822,0.7370032972051899,0.881409000000005,0.0,24.0,384,111,302
20261009-065112-m7-sim-sweep2,2026-10-09T06:52:10+00:00,56,local,share,0.0,1.0,0,11.6,free,chat,0.5,0.25,S4L,0.7249085330258822,0.736327492353268,0.881409000000005,0.0,24.0,384,110,301
20261009-065112-m7-sim-sweep2,2026-10-09T06:52:10+00:00,56,local,share,0.0,1.0,0,11.6,free,chat,0.5,0.25,S4B,0.7249085330258822,0.7319347561240969,0.881409000000005,0.0,24.0,384,104,296
20261009-065112-m7-sim-sweep2,2026-10-09T06:52:10+00:00,56,local,share,0.0,1.0,0,11.6,free,chat,0.5,0.25,S5,0.8034320000000079,0.7833438850702462,1.091796500000001,0.0,24.0,352,168,353
20261009-065112-m7-sim-sweep2,2026-10-09T06:52:10+00:00,56,local,share,0.0,1.0,0,11.6,free,chat,0.5,0.25,S5s,0.8034320000000079,0.7851221369104943,1.091796500000001,0.0,24.0,336,171,353
20261009-065112-m7-sim-sweep2,2026-10-09T06:52:10+00:00,56,local,share,0.0,1.0,0,11.6,free,chat,0.5,0.25,S5L,0.7249085330258822,0.7347590184252848,0.881409000000005,0.0,24.0,352,108,299
20261009-065112-m7-sim-sweep2,2026-10-09T06:52:10+00:00,56,local,share,0.0,1.0,0,11.6,free,chat,0.5,0.25,S5P,0.7249085330258822,0.7362913483159114,0.881409000000005,0.0,24.0,352,110,301
20261009-065112-m7-sim-sweep2,2026-10-09T06:52:10+00:00,56,local,share,0.0,1.0,0,11.6,free,chat,0.5,0.25,S5c,0.8034320000000079,0.7833438850702462,1.091796500000001,0.0,24.0,336,168,353
20261009-065112-m7-sim-sweep2,2026-10-09T06:52:10+00:00,56,local,share,0.0,1.0,0,11.6,free,chat,0.5,0.5,S0,0.881409000000005,0.8833793738928731,1.1943910000000102,0.0,32.0,0,304,464
20261009-065112-m7-sim-sweep2,2026-10-09T06:52:10+00:00,56,local,share,0.0,1.0,0,11.6,free,chat,0.5,0.5,S1,0.654358000000002,0.7032653134953998,0.8665093311680039,0.0,32.0,0,67,264
20261009-065112-m7-sim-sweep2,2026-10-09T06:52:10+00:00,56,local,share,0.0,1.0,0,11.6,free,chat,0.5,0.5,S2b,0.654358000000002,0.6963602054382884,0.8665093311680039,0.0,32.0,0,57,258
20261009-065112-m7-sim-sweep2,2026-10-09T06:52:10+00:00,56,local,share,0.0,1.0,0,11.6,free,chat,0.5,0.5,S4,0.654358000000002,0.6977548498955445,0.8665093311680039,0.0,17.0,272,73,258
20261009-065112-m7-sim-sweep2,2026-10-09T06:52:10+00:00,56,local,share,0.0,1.0,0,11.6,free,chat,0.5,0.5,S4+,0.654358000000002,0.6963602054382884,0.8665093311680039,0.0,16.0,256,57,258
20261009-065112-m7-sim-sweep2,2026-10-09T06:52:10+00:00,56,local,share,0.0,1.0,0,11.6,free,chat,0.5,0.5,S4+P,0.654358000000002,0.6843551732156717,0.8665093311680039,0.0,16.0,256,42,245
20261009-065112-m7-sim-sweep2,2026-10-09T06:52:10+00:00,56,local,share,0.0,1.0,0,11.6,free,chat,0.5,0.5,S4L,0.654358000000002,0.6971107042228635,0.8665093311680039,0.0,16.0,256,58,257
20261009-065112-m7-sim-sweep2,2026-10-09T06:52:10+00:00,56,local,share,0.0,1.0,0,11.6,free,chat,0.5,0.5,S4B,0.654358000000002,0.6694990441759691,0.8288659568964079,0.0,16.0,256,24,228
20261009-065112-m7-sim-sweep2,2026-10-09T06:52:10+00:00,56,local,share,0.0,1.0,0,11.6,free,chat,0.5,0.5,S5,0.654358000000002,0.6963602054382884,0.8665093311680039,0.0,16.0,224,57,258
20261009-065112-m7-sim-sweep2,2026-10-09T06:52:10+00:00,56,local,share,0.0,1.0,0,11.6,free,chat,0.5,0.5,S5s,0.654358000000002,0.6981384572785364,0.8665093311680039,0.0,16.0,208,62,258
20261009-065112-m7-sim-sweep2,2026-10-09T06:52:10+00:00,56,local,share,0.0,1.0,0,11.6,free,chat,0.5,0.5,S5L,0.654358000000002,0.6842012748679736,0.8665093311680039,0.0,16.0,224,42,245
20261009-065112-m7-sim-sweep2,2026-10-09T06:52:10+00:00,56,local,share,0.0,1.0,0,11.6,free,chat,0.5,0.5,S5P,0.654358000000002,0.6766017765146971,0.8476876440322059,0.0,16.0,224,33,236
20261009-065112-m7-sim-sweep2,2026-10-09T06:52:10+00:00,56,local,share,0.0,1.0,0,11.6,free,chat,0.5,0.5,S5c,0.654358000000002,0.6963602054382884,0.8665093311680039,0.0,16.0,208,57,258
20261009-065112-m7-sim-sweep2,2026-10-09T06:52:10+00:00,57,local,share,0.0,1.0,0,11.6,free,chat,2.0,0.125,S0,2.6174319999999796,2.5849463470840615,3.2250919999999894,0.0,32.0,0,568,200
20261009-065112-m7-sim-sweep2,2026-10-09T06:52:10+00:00,57,local,share,0.0,1.0,0,11.6,free,chat,2.0,0.125,S1,2.5235146641272053,2.4857181892594507,3.1496099999999956,0.0,32.0,0,372,165
20261009-065112-m7-sim-sweep2,2026-10-09T06:52:10+00:00,57,local,share,0.0,1.0,0,11.6,free,chat,2.0,0.125,S2b,2.6174319999999796,2.5421772169275267,3.2250919999999894,0.0,32.0,0,472,186
20261009-065112-m7-sim-sweep2,2026-10-09T06:52:10+00:00,57,local,share,0.0,1.0,0,11.6,free,chat,2.0,0.125,S4,2.429597328254431,2.447327363833914,3.225091999999975,0.0,29.0,464,386,151
20261009-065112-m7-sim-sweep2,2026-10-09T06:52:10+00:00,57,local,share,0.0,1.0,0,11.6,free,chat,2.0,0.125,S4+,2.6174319999999796,2.5421772169275267,3.2250919999999894,0.0,28.0,448,472,186
20261009-065112-m7-sim-sweep2,2026-10-09T06:52:10+00:00,57,local,share,0.0,1.0,0,11.6,free,chat,2.0,0.125,S4+P,2.4875406641272093,2.4878883159782883,3.1496099999999956,0.0,28.0,448,355,166
20261009-065112-m7-sim-sweep2,2026-10-09T06:52:10+00:00,57,local,share,0.0,1.0,0,11.6,free,chat,2.0,0.125,S4L,2.429597328254431,2.469348106086775,3.1496099999999956,0.0,28.0,448,346,159
20261009-065112-m7-sim-sweep2,2026-10-09T06:52:10+00:00,57,local,share,0.0,1.0,0,11.6,free,chat,2.0,0.125,S4B,2.429597328254431,2.466272189420108,3.1496099999999956,0.0,28.0,448,339,158
20261009-065112-m7-sim-sweep2,2026-10-09T06:52:10+00:00,57,local,share,0.0,1.0,0,11.6,free,chat,2.0,0.125,S5,2.6174319999999796,2.5421772169275267,3.2250919999999894,0.0,28.0,440,472,186
20261009-065112-m7-sim-sweep2,2026-10-09T06:52:10+00:00,57,local,share,0.0,1.0,0,11.6,free,chat,2.0,0.125,S5s,2.6174319999999796,2.5421772169275267,3.2250919999999894,0.0,28.0,432,472,186
20261009-065112-m7-sim-sweep2,2026-10-09T06:52:10+00:00,57,local,share,0.0,1.0,0,11.6,free,chat,2.0,0.125,S5L,2.429597328254431,2.466587392328091,3.1496099999999956,0.0,28.0,440,345,158
20261009-065112-m7-sim-sweep2,2026-10-09T06:52:10+00:00,57,local,share,0.0,1.0,0,11.6,free,chat,2.0,0.125,S5P,2.4875406641272093,2.4878883159782883,3.1496099999999956,0.0,28.0,440,355,166
20261009-065112-m7-sim-sweep2,2026-10-09T06:52:10+00:00,57,local,share,0.0,1.0,0,11.6,free,chat,2.0,0.125,S5c,2.6174319999999796,2.5421772169275267,3.2250919999999894,0.0,28.0,432,472,186
20261009-065112-m7-sim-sweep2,2026-10-09T06:52:10+00:00,57,local,share,0.0,1.0,0,11.6,free,chat,2.0,0.25,S0,2.6174319999999796,2.5849463470840615,3.2250919999999894,0.0,32.0,0,568,200
20261009-065112-m7-sim-sweep2,2026-10-09T06:52:10+00:00,57,local,share,0.0,1.0,0,11.6,free,chat,2.0,0.25,S1,2.4295973282544097,2.417084757357328,3.1496099999999956,0.0,32.0,0,265,141
20261009-065112-m7-sim-sweep2,2026-10-09T06:52:10+00:00,57,local,share,0.0,1.0,0,11.6,free,chat,2.0,0.25,S2b,2.5814579999999836,2.473682732668001,3.1496099999999956,0.0,32.0,0,346,162
20261009-065112-m7-sim-sweep2,2026-10-09T06:52:10+00:00,57,local,share,0.0,1.0,0,11.6,free,chat,2.0,0.25,S4,2.2764859999999985,2.368257293093871,2.865608000000009,0.0,24.0,384,282,124
20261009-065112-m7-sim-sweep2,2026-10-09T06:52:10+00:00,57,local,share,0.0,1.0,0,11.6,free,chat,2.0,0.25,S4+,2.5814579999999836,2.473682732668001,3.1496099999999956,0.0,24.0,384,346,162
20261009-065112-m7-sim-sweep2,2026-10-09T06:52:10+00:00,57,local,share,0.0,1.0,0,11.6,free,chat,2.0,0.25,S4+P,2.4295973282544097,2.402594330362533,2.9445626756013326,0.0,24.0,384,240,136
20261009-065112-m7-sim-sweep2,2026-10-09T06:52:10+00:00,57,local,share,0.0,1.0,0,11.6,free,chat,2.0,0.25,S4L,2.4295973282544097,2.4053960355073802,2.9445626756013326,0.0,24.0,384,237,137
20261009-065112-m7-sim-sweep2,2026-10-09T06:52:10+00:00,57,local,share,0.0,1.0,0,11.6,free,chat,2.0,0.25,S4B,2.4295973282544097,2.4021062573573277,2.9445626756013326,0.0,24.0,384,233,136
20261009-065112-m7-sim-sweep2,2026-10-09T06:52:10+00:00,57,local,share,0.0,1.0,0,11.6,free,chat,2.0,0.25,S5,2.5814579999999836,2.473682732668001,3.1496099999999956,0.0,24.0,376,346,162
20261009-065112-m7-sim-sweep2,2026-10-09T06:52:10+00:00,57,local,share,0.0,1.0,0,11.6,free,chat,2.0,0.25,S5s,2.5814579999999836,2.473646588630645,3.1496099999999956,0.0,24.0,368,346,162
20261009-065112-m7-sim-sweep2,2026-10-09T06:52:10+00:00,57,local,share,0.0,1.0,0,11.6,free,chat,2.0,0.25,S5L,2.4295973282544097,2.404943674023994,2.9445626756013326,0.0,24.0,376,235,137
20261009-065112-m7-sim-sweep2,2026-10-09T06:52:10+00:00,57,local,share,0.0,1.0,0,11.6,free,chat,2.0,0.25,S5P,2.4295973282544097,2.402594330362533,2.9445626756013326,0.0,24.0,376,240,136
20261009-065112-m7-sim-sweep2,2026-10-09T06:52:10+00:00,57,local,share,0.0,1.0,0,11.6,free,chat,2.0,0.25,S5c,2.5814579999999836,2.473682732668001,3.1496099999999956,0.0,24.0,368,346,162
20261009-065112-m7-sim-sweep2,2026-10-09T06:52:10+00:00,57,local,share,0.0,1.0,0,11.6,free,chat,2.0,0.5,S0,2.6174319999999796,2.5849463470840615,3.2250919999999894,0.0,32.0,0,568,200
20261009-065112-m7-sim-sweep2,2026-10-09T06:52:10+00:00,57,local,share,0.0,1.0,0,11.6,free,chat,2.0,0.5,S1,2.2137340000000165,2.335463753758987,2.9445626756013326,0.0,32.0,0,142,113
20261009-065112-m7-sim-sweep2,2026-10-09T06:52:10+00:00,57,local,share,0.0,1.0,0,11.6,free,chat,2.0,0.5,S2b,2.2521802789127605,2.3459071638486595,2.9445626756013326,0.0,32.0,0,141,117
20261009-065112-m7-sim-sweep2,2026-10-09T06:52:10+00:00,57,local,share,0.0,1.0,0,11.6,free,chat,2.0,0.5,S4,2.2137340000000165,2.288659612416122,2.799256000000014,0.0,17.0,272,158,97
20261009-065112-m7-sim-sweep2,2026-10-09T06:52:10+00:00,57,local,share,0.0,1.0,0,11.6,free,chat,2.0,0.5,S4+,2.2521802789127605,2.3459071638486595,2.9445626756013326,0.0,16.0,256,141,117
20261009-065112-m7-sim-sweep2,2026-10-09T06:52:10+00:00,57,local,share,0.0,1.0,0,11.6,free,chat,2.0,0.5,S4+P,2.2137340000000165,2.3259336704256537,2.9445626756013326,0.0,16.0,256,106,110
20261009-065112-m7-sim-sweep2,2026-10-09T06:52:10+00:00,57,local,share,0.0,1.0,0,11.6,free,chat,2.0,0.5,S4L,2.2137340000000165,2.332318670425654,2.9445626756013326,0.0,16.0,256,127,112
20261009-065112-m7-sim-sweep2,2026-10-09T06:52:10+00:00,57,local,share,0.0,1.0,0,11.6,free,chat,2.0,0.5,S4B,2.2137340000000165,2.32616683709232,2.9445626756013326,0.0,16.0,256,108,110
20261009-065112-m7-sim-sweep2,2026-10-09T06:52:10+00:00,57,local,share,0.0,1.0,0,11.6,free,chat,2.0,0.5,S5,2.2517465504644747,2.345871019811302,2.9445626756013326,0.0,16.0,248,141,117
20261009-065112-m7-sim-sweep2,2026-10-09T06:52:10+00:00,57,local,share,0.0,1.0,0,11.6,free,chat,2.0,0.5,S5s,2.251312822016189,2.3458348757739453,2.9445626756013326,0.0,16.0,240,141,117
20261009-065112-m7-sim-sweep2,2026-10-09T06:52:10+00:00,57,local,share,0.0,1.0,0,11.6,free,chat,2.0,0.5,S5L,2.2137340000000165,2.329242753758987,2.9445626756013326,0.0,16.0,248,124,111
20261009-065112-m7-sim-sweep2,2026-10-09T06:52:10+00:00,57,local,share,0.0,1.0,0,11.6,free,chat,2.0,0.5,S5P,2.2137340000000165,2.321204603505313,2.9445626756013326,0.0,16.0,248,103,108
20261009-065112-m7-sim-sweep2,2026-10-09T06:52:10+00:00,57,local,share,0.0,1.0,0,11.6,free,chat,2.0,0.5,S5c,2.2521802789127605,2.3459071638486595,2.9445626756013326,0.0,16.0,240,141,117
20261009-065112-m7-sim-sweep2,2026-10-09T06:52:10+00:00,58,nfs,share,0.0,1.0,0,11.6,free,doc,0.25,0.125,S0,0.9690847273471235,0.9690829773471172,0.9692972273471128,0.0,33.5,0,72,1488
20261009-065112-m7-sim-sweep2,2026-10-09T06:52:10+00:00,58,nfs,share,0.0,1.0,0,11.6,free,doc,0.25,0.125,S1,0.9690847273471235,0.8818395703367644,0.9746851583815896,0.0,33.5,0,63,1365
20261009-065112-m7-sim-sweep2,2026-10-09T06:52:10+00:00,58,nfs,share,0.0,1.0,0,11.6,free,doc,0.25,0.125,S2b,1.0093853351056978,0.9278984755397381,1.0177886066574047,0.0,33.5,0,65,1277
20261009-065112-m7-sim-sweep2,2026-10-09T06:52:10+00:00,58,nfs,share,0.0,1.0,0,11.6,free,doc,0.25,0.125,S4,0.9690847273471235,0.8818395703367644,0.9746851583815896,0.0,32.75,524,63,1365
20261009-065112-m7-sim-sweep2,2026-10-09T06:52:10+00:00,58,nfs,share,0.0,1.0,0,11.6,free,doc,0.25,0.125,S4+,1.0093853351056978,0.9278984755397381,1.0177886066574047,0.0,29.3125,469,65,1277
20261009-065112-m7-sim-sweep2,2026-10-09T06:52:10+00:00,58,nfs,share,0.0,1.0,0,11.6,free,doc,0.25,0.125,S4+P,0.9690847273471235,0.8125211104940995,0.9746851583815896,0.0,29.3125,469,56,1274
20261009-065112-m7-sim-sweep2,2026-10-09T06:52:10+00:00,58,nfs,share,0.0,1.0,0,11.6,free,doc,0.25,0.125,S4L,0.9690847273471235,0.8226248153997832,0.9746851583815896,0.0,29.3125,469,57,1285
20261009-065112-m7-sim-sweep2,2026-10-09T06:52:10+00:00,58,nfs,share,0.0,1.0,0,11.6,free,doc,0.25,0.125,S4B,0.9689758523471212,0.7938566694327284,0.9746851583815896,0.0,29.3125,469,54,1244
20261009-065112-m7-sim-sweep2,2026-10-09T06:52:10+00:00,58,nfs,share,0.0,1.0,0,11.6,free,doc,0.25,0.125,S5,1.0093853351056978,0.9278984755397381,1.0177886066574047,0.0,29.3125,285,65,1277
20261009-065112-m7-sim-sweep2,2026-10-09T06:52:10+00:00,58,nfs,share,0.0,1.0,0,11.6,free,doc,0.25,0.125,S5s,0.9960243825195079,0.9963117848183541,1.001624813553974,0.0,30.0,0,72,1368
20261009-065112-m7-sim-sweep2,2026-10-09T06:52:10+00:00,58,nfs,share,0.0,1.0,0,11.6,free,doc,0.25,0.125,S5L,0.9689758523471212,0.7938566694327284,0.9746851583815896,0.0,29.3125,285,54,1244
20261009-065112-m7-sim-sweep2,2026-10-09T06:52:10+00:00,58,nfs,share,0.0,1.0,0,11.6,free,doc,0.25,0.125,S5P,0.9689758523471212,0.7938566694327284,0.9746851583815896,0.0,29.3125,285,54,1244
20261009-065112-m7-sim-sweep2,2026-10-09T06:52:10+00:00,58,nfs,share,0.0,1.0,0,11.6,free,doc,0.25,0.125,S5c,1.0093853351056978,0.9278984755397381,1.0177886066574047,0.0,30.0,0,65,1277
20261009-065112-m7-sim-sweep2,2026-10-09T06:52:10+00:00,58,nfs,share,0.0,1.0,0,11.6,free,doc,0.25,0.25,S0,0.9690847273471235,0.9690829773471172,0.9692972273471128,0.0,33.5,0,72,1488
20261009-065112-m7-sim-sweep2,2026-10-09T06:52:10+00:00,58,nfs,share,0.0,1.0,0,11.6,free,doc,0.25,0.25,S1,0.9690847273471235,0.793762753484458,0.9800730894160665,0.0,33.5,0,54,1247
20261009-065112-m7-sim-sweep2,2026-10-09T06:52:10+00:00,58,nfs,share,0.0,1.0,0,11.6,free,doc,0.25,0.25,S2b,0.7423794303002751,0.7166728964022079,0.7610246889209549,0.0,33.5,0,45,1072
20261009-065112-m7-sim-sweep2,2026-10-09T06:52:10+00:00,58,nfs,share,0.0,1.0,0,11.6,free,doc,0.25,0.25,S4,0.9690847273471235,0.793762753484458,0.9800730894160665,0.0,28.25,452,54,1247
20261009-065112-m7-sim-sweep2,2026-10-09T06:52:10+00:00,58,nfs,share,0.0,1.0,0,11.6,free,doc,0.25,0.25,S4+,0.7423794303002751,0.7166728964022079,0.7610246889209549,0.0,25.125,402,45,1072
20261009-065112-m7-sim-sweep2,2026-10-09T06:52:10+00:00,58,nfs,share,0.0,1.0,0,11.6,free,doc,0.25,0.25,S4+P,0.9717786928643619,0.7672181290691308,0.9800730894160665,0.0,25.125,402,51,1194
20261009-065112-m7-sim-sweep2,2026-10-09T06:52:10+00:00,58,nfs,share,0.0,1.0,0,11.6,free,doc,0.25,0.25,S4L,0.9689758523471212,0.7640390252616628,0.9800730894160665,0.0,25.125,402,51,1208
20261009-065112-m7-sim-sweep2,2026-10-09T06:52:10+00:00,58,nfs,share,0.0,1.0,0,11.6,free,doc,0.25,0.25,S4B,0.968866977347119,0.7098151884281118,0.9800730894160665,0.0,25.125,402,45,1104
20261009-065112-m7-sim-sweep2,2026-10-09T06:52:10+00:00,58,nfs,share,0.0,1.0,0,11.6,free,doc,0.25,0.25,S5,0.7423794303002751,0.7166728964022079,0.7610246889209549,0.0,25.125,218,45,1072
20261009-065112-m7-sim-sweep2,2026-10-09T06:52:10+00:00,58,nfs,share,0.0,1.0,0,11.6,free,doc,0.25,0.25,S5s,0.9960243825195079,0.9963117848183541,1.001624813553974,0.0,30.0,0,72,1368
20261009-065112-m7-sim-sweep2,2026-10-09T06:52:10+00:00,58,nfs,share,0.0,1.0,0,11.6,free,doc,0.25,0.25,S5L,0.968866977347119,0.7084682056694925,0.9800730894160665,0.0,25.125,218,45,1110
20261009-065112-m7-sim-sweep2,2026-10-09T06:52:10+00:00,58,nfs,share,0.0,1.0,0,11.6,free,doc,0.25,0.25,S5P,0.9716698178643597,0.7472720466796462,0.9962368825194972,0.0,25.125,218,48,1110
20261009-065112-m7-sim-sweep2,2026-10-09T06:52:10+00:00,58,nfs,share,0.0,1.0,0,11.6,free,doc,0.25,0.25,S5c,0.7423794303002751,0.7166728964022079,0.7610246889209549,0.0,30.0,0,45,1072
20261009-065112-m7-sim-sweep2,2026-10-09T06:52:10+00:00,58,nfs,share,0.0,1.0,0,11.6,free,doc,0.25,0.5,S0,0.9690847273471235,0.9690829773471172,0.9692972273471128,0.0,33.5,0,72,1488
20261009-065112-m7-sim-sweep2,2026-10-09T06:52:10+00:00,58,nfs,share,0.0,1.0,0,11.6,free,doc,0.25,0.5,S1,0.968866977347119,0.6738411897311968,0.9800730894160665,0.0,33.5,0,42,1093
20261009-065112-m7-sim-sweep2,2026-10-09T06:52:10+00:00,58,nfs,share,0.0,1.0,0,11.6,free,doc,0.25,0.5,S2b,0.5154616332534374,0.49359799087838496,0.5475767194603094,0.0,33.5,0,21,695
20261009-065112-m7-sim-sweep2,2026-10-09T06:52:10+00:00,58,nfs,share,0.0,1.0,0,11.6,free,doc,0.25,0.5,S4,0.968866977347119,0.6738411897311968,0.9800730894160665,0.0,20.0625,321,42,1093
20261009-065112-m7-sim-sweep2,2026-10-09T06:52:10+00:00,58,nfs,share,0.0,1.0,0,11.6,free,doc,0.25,0.5,S4+,0.5154616332534374,0.49359799087838496,0.5475767194603094,0.0,16.75,268,21,695
20261009-065112-m7-sim-sweep2,2026-10-09T06:52:10+00:00,58,nfs,share,0.0,1.0,0,11.6,free,doc,0.25,0.5,S4+P,0.5125551677362097,0.5440570541693764,0.7720130509898979,0.0,16.75,268,28,869
20261009-065112-m7-sim-sweep2,2026-10-09T06:52:10+00:00,58,nfs,share,0.0,1.0,0,11.6,free,doc,0.25,0.5,S4L,0.2680040000000332,0.5514868731043657,0.9746851583815896,0.0,16.75,268,30,950
20261009-065112-m7-sim-sweep2,2026-10-09T06:52:10+00:00,58,nfs,share,0.0,1.0,0,11.6,free,doc,0.25,0.5,S4B,0.3888237261095,0.46175640542054514,0.7612371889209442,0.0,16.75,268,19,729
20261009-065112-m7-sim-sweep2,2026-10-09T06:52:10+00:00,58,nfs,share,0.0,1.0,0,11.6,free,doc,0.25,0.5,S5,0.5154616332534374,0.49312868987262526,0.5475767194603094,0.0,16.75,84,21,694
20261009-065112-m7-sim-sweep2,2026-10-09T06:52:10+00:00,58,nfs,share,0.0,1.0,0,11.6,free,doc,0.25,0.5,S5s,0.9960243825195079,0.9963117848183541,1.001624813553974,0.0,30.0,0,72,1368
20261009-065112-m7-sim-sweep2,2026-10-09T06:52:10+00:00,58,nfs,share,0.0,1.0,0,11.6,free,doc,0.25,0.5,S5L,0.3807418295577847,0.45904976605271725,0.7612371889209442,0.0,16.75,84,19,737
20261009-065112-m7-sim-sweep2,2026-10-09T06:52:10+00:00,58,nfs,share,0.0,1.0,0,11.6,free,doc,0.25,0.5,S5P,0.5126614177362043,0.4942057737295187,0.7718005509899086,0.0,16.75,84,22,751
20261009-065112-m7-sim-sweep2,2026-10-09T06:52:10+00:00,58,nfs,share,0.0,1.0,0,11.6,free,doc,0.25,0.5,S5c,0.5154616332534374,0.49359799087838496,0.5475767194603094,0.0,30.0,0,21,695
20261009-065112-m7-sim-sweep2,2026-10-09T06:52:10+00:00,59,nfs,share,0.0,1.0,0,11.6,free,doc,0.5,0.125,S0,1.9381694546942398,1.8256900899575996,1.9385944546942255,0.0,33.5,0,138,1422
20261009-065112-m7-sim-sweep2,2026-10-09T06:52:10+00:00,59,nfs,share,0.0,1.0,0,11.6,free,doc,0.5,0.125,S1,1.6490445000000165,1.6048959358639667,1.9385944546942397,0.0,33.5,0,115,1290
20261009-065112-m7-sim-sweep2,2026-10-09T06:52:10+00:00,59,nfs,share,0.0,1.0,0,11.6,free,doc,0.5,0.125,S2b,1.6569368473026316,1.5310902372018103,1.6658792438543344,0.0,33.5,0,109,1233
20261009-065112-m7-sim-sweep2,2026-10-09T06:52:10+00:00,59,nfs,share,0.0,1.0,0,11.6,free,doc,0.5,0.125,S4,1.6490445000000165,1.6048959358639667,1.9385944546942397,0.0,32.75,524,115,1290
20261009-065112-m7-sim-sweep2,2026-10-09T06:52:10+00:00,59,nfs,share,0.0,1.0,0,11.6,free,doc,0.5,0.125,S4+,1.6569368473026316,1.5310902372018103,1.6658792438543344,0.0,29.3125,469,109,1233
20261009-065112-m7-sim-sweep2,2026-10-09T06:52:10+00:00,59,nfs,share,0.0,1.0,0,11.6,free,doc,0.5,0.125,S4+P,1.6488319999999845,1.4351884566439843,1.9385944546942255,0.0,29.3125,469,100,1192
20261009-065112-m7-sim-sweep2,2026-10-09T06:52:10+00:00,59,nfs,share,0.0,1.0,0,11.6,free,doc,0.5,0.125,S4L,1.6488320000000058,1.4700771074868317,1.9385944546942255,0.0,29.3125,469,103,1201
20261009-065112-m7-sim-sweep2,2026-10-09T06:52:10+00:00,59,nfs,share,0.0,1.0,0,11.6,free,doc,0.5,0.125,S4B,1.6486142500000014,1.400198592347305,1.938169454694247,0.0,29.3125,469,97,1179
20261009-065112-m7-sim-sweep2,2026-10-09T06:52:10+00:00,59,nfs,share,0.0,1.0,0,11.6,free,doc,0.5,0.125,S5,1.6542428817853931,1.5190949145412123,1.6658792438543344,0.0,29.3125,349,110,1232
20261009-065112-m7-sim-sweep2,2026-10-09T06:52:10+00:00,59,nfs,share,0.0,1.0,0,11.6,free,doc,0.5,0.125,S5s,1.5936321951553367,1.5273030396674567,1.6658792438543344,0.0,29.3125,21,111,1255
20261009-065112-m7-sim-sweep2,2026-10-09T06:52:10+00:00,59,nfs,share,0.0,1.0,0,11.6,free,doc,0.5,0.125,S5L,1.6486142500000014,1.400198592347305,1.938169454694247,0.0,29.3125,349,97,1179
20261009-065112-m7-sim-sweep2,2026-10-09T06:52:10+00:00,59,nfs,share,0.0,1.0,0,11.6,free,doc,0.5,0.125,S5P,1.6486142500000014,1.400198592347305,1.938169454694247,0.0,29.3125,349,97,1179
20261009-065112-m7-sim-sweep2,2026-10-09T06:52:10+00:00,59,nfs,share,0.0,1.0,0,11.6,free,doc,0.5,0.125,S5c,1.6542428817853931,1.5190949145412123,1.6658792438543344,0.0,29.3125,21,110,1232
20261009-065112-m7-sim-sweep2,2026-10-09T06:52:10+00:00,59,nfs,share,0.0,1.0,0,11.6,free,doc,0.5,0.25,S0,1.9381694546942398,1.8256900899575996,1.9385944546942255,0.0,33.5,0,138,1422
20261009-065112-m7-sim-sweep2,2026-10-09T06:52:10+00:00,59,nfs,share,0.0,1.0,0,11.6,free,doc,0.5,0.25,S1,1.6488319999999845,1.3800473440095662,1.938169454694247,0.0,33.5,0,95,1160
20261009-065112-m7-sim-sweep2,2026-10-09T06:52:10+00:00,59,nfs,share,0.0,1.0,0,11.6,free,doc,0.5,0.25,S2b,1.384439386462745,1.2392937791437184,1.3985519640489201,0.0,33.5,0,83,1034
20261009-065112-m7-sim-sweep2,2026-10-09T06:52:10+00:00,59,nfs,share,0.0,1.0,0,11.6,free,doc,0.5,0.25,S4,1.6488319999999845,1.3800473440095662,1.938169454694247,0.0,28.25,452,95,1160
20261009-065112-m7-sim-sweep2,2026-10-09T06:52:10+00:00,59,nfs,share,0.0,1.0,0,11.6,free,doc,0.5,0.25,S4+,1.384439386462745,1.2392937791437184,1.3985519640489201,0.0,25.125,402,83,1034
20261009-065112-m7-sim-sweep2,2026-10-09T06:52:10+00:00,59,nfs,share,0.0,1.0,0,11.6,free,doc,0.5,0.25,S4+P,1.6486142500000014,1.2886322630568803,1.6492904507509252,0.0,25.125,402,87,1104
20261009-065112-m7-sim-sweep2,2026-10-09T06:52:10+00:00,59,nfs,share,0.0,1.0,0,11.6,free,doc,0.5,0.25,S4L,1.6486142500000014,1.3129109083973074,1.938169454694247,0.0,25.125,402,89,1116
20261009-065112-m7-sim-sweep2,2026-10-09T06:52:10+00:00,59,nfs,share,0.0,1.0,0,11.6,free,doc,0.5,0.25,S4B,1.6483964999999898,1.2191064775882883,1.6492570000000057,0.0,25.125,402,81,1068
20261009-065112-m7-sim-sweep2,2026-10-09T06:52:10+00:00,59,nfs,share,0.0,1.0,0,11.6,free,doc,0.5,0.25,S5,1.381527670945502,1.2312787558911065,1.3985519640489201,0.0,25.125,282,84,1033
20261009-065112-m7-sim-sweep2,2026-10-09T06:52:10+00:00,59,nfs,share,0.0,1.0,0,11.6,free,doc,0.5,0.25,S5s,1.3775665000000004,1.3775629999999957,1.377991499999979,0.0,28.0,0,96,1248
20261009-065112-m7-sim-sweep2,2026-10-09T06:52:10+00:00,59,nfs,share,0.0,1.0,0,11.6,free,doc,0.5,0.25,S5L,1.6483964999999898,1.2216785213602261,1.6492570000000057,0.0,25.125,282,82,1067
20261009-065112-m7-sim-sweep2,2026-10-09T06:52:10+00:00,59,nfs,share,0.0,1.0,0,11.6,free,doc,0.5,0.25,S5P,1.646149509858219,1.243312085418798,1.6492570000000057,0.0,25.125,282,85,1061
20261009-065112-m7-sim-sweep2,2026-10-09T06:52:10+00:00,59,nfs,share,0.0,1.0,0,11.6,free,doc,0.5,0.25,S5c,1.384439386462745,1.2392937791437184,1.3985519640489201,0.0,28.0,0,83,1034
20261009-065112-m7-sim-sweep2,2026-10-09T06:52:10+00:00,59,nfs,share,0.0,1.0,0,11.6,free,doc,0.5,0.5,S0,1.9381694546942398,1.8256900899575996,1.9385944546942255,0.0,33.5,0,138,1422
20261009-065112-m7-sim-sweep2,2026-10-09T06:52:10+00:00,59,nfs,share,0.0,1.0,0,11.6,free,doc,0.5,0.5,S1,1.6483964999999898,1.1225149617417418,1.6492570000000057,0.0,33.5,0,72,986
20261009-065112-m7-sim-sweep2,2026-10-09T06:52:10+00:00,59,nfs,share,0.0,1.0,0,11.6,free,doc,0.5,0.5,S2b,0.844179145817435,0.7066868664132654,0.8585094734036289,0.0,33.5,0,35,657
20261009-065112-m7-sim-sweep2,2026-10-09T06:52:10+00:00,59,nfs,share,0.0,1.0,0,11.6,free,doc,0.5,0.5,S4,1.6483964999999898,1.1225149617417418,1.6492570000000057,0.0,20.0625,321,72,986
20261009-065112-m7-sim-sweep2,2026-10-09T06:52:10+00:00,59,nfs,share,0.0,1.0,0,11.6,free,doc,0.5,0.5,S4+,0.844179145817435,0.7066868664132654,0.8585094734036289,0.0,16.75,268,35,657
20261009-065112-m7-sim-sweep2,2026-10-09T06:52:10+00:00,59,nfs,share,0.0,1.0,0,11.6,free,doc,0.5,0.5,S4+P,0.86657060271407,0.9101020446275511,1.3931640330144432,0.0,16.75,268,53,790
20261009-065112-m7-sim-sweep2,2026-10-09T06:52:10+00:00,59,nfs,share,0.0,1.0,0,11.6,free,doc,0.5,0.5,S4L,0.4826204243853027,0.9350815784610091,1.6492569999999915,0.0,16.75,268,55,826
20261009-065112-m7-sim-sweep2,2026-10-09T06:52:10+00:00,59,nfs,share,0.0,1.0,0,11.6,free,doc,0.5,0.5,S4B,0.4547227500000304,0.7661534924489904,1.6488319999999845,0.0,16.75,268,40,711
20261009-065112-m7-sim-sweep2,2026-10-09T06:52:10+00:00,59,nfs,share,0.0,1.0,0,11.6,free,doc,0.5,0.5,S5,0.844179145817435,0.7066868664132654,0.8585094734036289,0.0,16.75,148,35,657
20261009-065112-m7-sim-sweep2,2026-10-09T06:52:10+00:00,59,nfs,share,0.0,1.0,0,11.6,free,doc,0.5,0.5,S5s,1.3775665000000004,1.3775629999999957,1.377991499999979,0.0,28.0,0,96,1248
20261009-065112-m7-sim-sweep2,2026-10-09T06:52:10+00:00,59,nfs,share,0.0,1.0,0,11.6,free,doc,0.5,0.5,S5L,0.4547227500000304,0.7712975799928662,1.6488319999999845,0.0,16.75,148,42,709
20261009-065112-m7-sim-sweep2,2026-10-09T06:52:10+00:00,59,nfs,share,0.0,1.0,0,11.6,free,doc,0.5,0.5,S5P,0.8038696223816686,0.7980345976580073,1.4039398950834112,0.0,16.75,148,47,721
20261009-065112-m7-sim-sweep2,2026-10-09T06:52:10+00:00,59,nfs,share,0.0,1.0,0,11.6,free,doc,0.5,0.5,S5c,0.844179145817435,0.7066868664132654,0.8585094734036289,0.0,28.0,0,35,657
20261009-065112-m7-sim-sweep2,2026-10-09T06:52:10+00:00,60,nfs,share,0.0,1.0,0,11.6,free,doc,2.0,0.125,S0,4.454799610358975,4.548481596842405,5.224386545851303,0.0,33.5,0,488,1072
20261009-065112-m7-sim-sweep2,2026-10-09T06:52:10+00:00,60,nfs,share,0.0,1.0,0,11.6,free,doc,2.0,0.125,S1,4.380831999999998,4.040184440225498,5.224386545851303,0.0,33.5,0,420,955
20261009-065112-m7-sim-sweep2,2026-10-09T06:52:10+00:00,60,nfs,share,0.0,1.0,0,11.6,free,doc,2.0,0.125,S2b,3.8545199999999795,3.839239655730811,4.042431952492109,0.0,33.5,0,392,950
20261009-065112-m7-sim-sweep2,2026-10-09T06:52:10+00:00,60,nfs,share,0.0,1.0,0,11.6,free,doc,2.0,0.125,S4,4.3791319999999985,4.062737449445929,5.224386545851303,0.0,32.75,524,417,958
20261009-065112-m7-sim-sweep2,2026-10-09T06:52:10+00:00,60,nfs,share,0.0,1.0,0,11.6,free,doc,2.0,0.125,S4+,3.8545199999999795,3.839239655730811,4.042431952492109,0.0,29.3125,469,392,950
20261009-065112-m7-sim-sweep2,2026-10-09T06:52:10+00:00,60,nfs,share,0.0,1.0,0,11.6,free,doc,2.0,0.125,S4+P,4.2768016176068215,3.683390439813653,4.583731117895155,0.0,29.3125,469,377,874
20261009-065112-m7-sim-sweep2,2026-10-09T06:52:10+00:00,60,nfs,share,0.0,1.0,0,11.6,free,doc,2.0,0.125,S4L,4.379981999999998,3.708224919587059,4.927334050528742,0.0,29.3125,469,377,877
20261009-065112-m7-sim-sweep2,2026-10-09T06:52:10+00:00,60,nfs,share,0.0,1.0,0,11.6,free,doc,2.0,0.125,S4B,4.2768016176068215,3.6712342243888934,4.583731117895155,0.0,29.3125,469,374,872
20261009-065112-m7-sim-sweep2,2026-10-09T06:52:10+00:00,60,nfs,share,0.0,1.0,0,11.6,free,doc,2.0,0.125,S5,3.8545199999999795,3.839239655730811,4.042431952492109,0.0,29.3125,429,392,950
20261009-065112-m7-sim-sweep2,2026-10-09T06:52:10+00:00,60,nfs,share,0.0,1.0,0,11.6,free,doc,2.0,0.125,S5s,3.8545199999999795,3.839239655730811,4.042431952492109,0.0,29.3125,125,392,950
20261009-065112-m7-sim-sweep2,2026-10-09T06:52:10+00:00,60,nfs,share,0.0,1.0,0,11.6,free,doc,2.0,0.125,S5L,4.2768016176068215,3.6712342243888934,4.583731117895155,0.0,29.3125,429,374,872
20261009-065112-m7-sim-sweep2,2026-10-09T06:52:10+00:00,60,nfs,share,0.0,1.0,0,11.6,free,doc,2.0,0.125,S5P,4.2768016176068215,3.6770818961343097,4.583731117895155,0.0,29.3125,429,375,874
20261009-065112-m7-sim-sweep2,2026-10-09T06:52:10+00:00,60,nfs,share,0.0,1.0,0,11.6,free,doc,2.0,0.125,S5c,3.8545199999999795,3.839239655730811,4.042431952492109,0.0,29.3125,125,392,950
20261009-065112-m7-sim-sweep2,2026-10-09T06:52:10+00:00,60,nfs,share,0.0,1.0,0,11.6,free,doc,2.0,0.25,S0,4.454799610358975,4.548481596842405,5.224386545851303,0.0,33.5,0,488,1072
20261009-065112-m7-sim-sweep2,2026-10-09T06:52:10+00:00,60,nfs,share,0.0,1.0,0,11.6,free,doc,2.0,0.25,S1,4.2768016176068215,3.506127155026197,4.583731117895155,0.0,33.5,0,360,834
20261009-065112-m7-sim-sweep2,2026-10-09T06:52:10+00:00,60,nfs,share,0.0,1.0,0,11.6,free,doc,2.0,0.25,S2b,3.2249774541973295,3.146179896393219,3.4264573497776496,0.0,33.5,0,313,804
20261009-065112-m7-sim-sweep2,2026-10-09T06:52:10+00:00,60,nfs,share,0.0,1.0,0,11.6,free,doc,2.0,0.25,S4,4.247785999999991,3.5415692328598936,5.224386545851303,0.0,28.25,452,354,840
20261009-065112-m7-sim-sweep2,2026-10-09T06:52:10+00:00,60,nfs,share,0.0,1.0,0,11.6,free,doc,2.0,0.25,S4+,3.2249774541973295,3.146179896393219,3.4264573497776496,0.0,25.125,402,313,804
20261009-065112-m7-sim-sweep2,2026-10-09T06:52:10+00:00,60,nfs,share,0.0,1.0,0,11.6,free,doc,2.0,0.25,S4+P,4.269713686572345,3.3613347194248733,4.583731117895155,0.0,25.125,402,338,803
20261009-065112-m7-sim-sweep2,2026-10-09T06:52:10+00:00,60,nfs,share,0.0,1.0,0,11.6,free,doc,2.0,0.25,S4L,4.273257652089583,3.3432540045945736,4.583731117895155,0.0,25.125,402,338,796
20261009-065112-m7-sim-sweep2,2026-10-09T06:52:10+00:00,60,nfs,share,0.0,1.0,0,11.6,free,doc,2.0,0.25,S4B,4.273257652089583,3.3391800464919847,4.583731117895155,0.0,25.125,402,338,794
20261009-065112-m7-sim-sweep2,2026-10-09T06:52:10+00:00,60,nfs,share,0.0,1.0,0,11.6,free,doc,2.0,0.25,S5,3.2249774541973295,3.146179896393219,3.4264573497776496,0.0,25.125,362,313,804
20261009-065112-m7-sim-sweep2,2026-10-09T06:52:10+00:00,60,nfs,share,0.0,1.0,0,11.6,free,doc,2.0,0.25,S5s,3.2249774541973295,3.193028576564219,3.3595539999999744,0.0,25.125,58,320,820
20261009-065112-m7-sim-sweep2,2026-10-09T06:52:10+00:00,60,nfs,share,0.0,1.0,0,11.6,free,doc,2.0,0.25,S5L,4.273257652089583,3.3391800464919847,4.583731117895155,0.0,25.125,362,338,794
20261009-065112-m7-sim-sweep2,2026-10-09T06:52:10+00:00,60,nfs,share,0.0,1.0,0,11.6,free,doc,2.0,0.25,S5P,4.269713686572345,3.3165383449687744,4.583731117895155,0.0,25.125,362,334,794
20261009-065112-m7-sim-sweep2,2026-10-09T06:52:10+00:00,60,nfs,share,0.0,1.0,0,11.6,free,doc,2.0,0.25,S5c,3.2249774541973295,3.135377233566537,3.3595539999999744,0.0,25.125,58,314,803
20261009-065112-m7-sim-sweep2,2026-10-09T06:52:10+00:00,60,nfs,share,0.0,1.0,0,11.6,free,doc,2.0,0.5,S0,4.454799610358975,4.548481596842405,5.224386545851303,0.0,33.5,0,488,1072
20261009-065112-m7-sim-sweep2,2026-10-09T06:52:10+00:00,60,nfs,share,0.0,1.0,0,11.6,free,doc,2.0,0.5,S1,4.269713686572345,2.8734838356704437,4.583731117895155,0.0,33.5,0,275,683
20261009-065112-m7-sim-sweep2,2026-10-09T06:52:10+00:00,60,nfs,share,0.0,1.0,0,11.6,free,doc,2.0,0.5,S2b,2.0448509999999516,1.8447537895052217,2.0568843485621926,0.0,33.5,0,160,510
20261009-065112-m7-sim-sweep2,2026-10-09T06:52:10+00:00,60,nfs,share,0.0,1.0,0,11.6,free,doc,2.0,0.5,S4,4.246085999999991,2.9019845536833047,5.224386545851303,0.0,20.0625,321,271,687
20261009-065112-m7-sim-sweep2,2026-10-09T06:52:10+00:00,60,nfs,share,0.0,1.0,0,11.6,free,doc,2.0,0.5,S4+,2.0448509999999516,1.8447537895052217,2.0568843485621926,0.0,16.75,268,160,510
20261009-065112-m7-sim-sweep2,2026-10-09T06:52:10+00:00,60,nfs,share,0.0,1.0,0,11.6,free,doc,2.0,0.5,S4+P,2.256989184243878,2.2252227882269744,3.4822939999999676,0.0,16.75,268,199,573
20261009-065112-m7-sim-sweep2,2026-10-09T06:52:10+00:00,60,nfs,share,0.0,1.0,0,11.6,free,doc,2.0,0.5,S4L,1.0607120000000094,2.3557142927395347,4.454944313600549,0.0,16.75,268,208,573
20261009-065112-m7-sim-sweep2,2026-10-09T06:52:10+00:00,60,nfs,share,0.0,1.0,0,11.6,free,doc,2.0,0.5,S4B,1.35751220513977,2.214916349009332,4.454944313600549,0.0,16.75,268,193,543
20261009-065112-m7-sim-sweep2,2026-10-09T06:52:10+00:00,60,nfs,share,0.0,1.0,0,11.6,free,doc,2.0,0.5,S5,2.0448509999999516,1.8447537895052217,2.0568843485621926,0.0,16.75,228,160,510
20261009-065112-m7-sim-sweep2,2026-10-09T06:52:10+00:00,60,nfs,share,0.0,1.0,0,11.6,free,doc,2.0,0.5,S5s,2.752712526467377,2.8315980325649996,3.141549251007092,0.0,21.5,0,290,742
20261009-065112-m7-sim-sweep2,2026-10-09T06:52:10+00:00,60,nfs,share,0.0,1.0,0,11.6,free,doc,2.0,0.5,S5L,1.35751220513977,2.2020593320546133,4.454944313600549,0.0,16.75,228,193,543
20261009-065112-m7-sim-sweep2,2026-10-09T06:52:10+00:00,60,nfs,share,0.0,1.0,0,11.6,free,doc,2.0,0.5,S5P,2.231338375797108,2.1592722599228864,3.597222708253753,0.0,16.75,228,192,556
20261009-065112-m7-sim-sweep2,2026-10-09T06:52:10+00:00,60,nfs,share,0.0,1.0,0,11.6,free,doc,2.0,0.5,S5c,2.043979999999948,1.828715759215618,2.0568843485621926,0.0,21.5,0,167,503
20261009-065112-m7-sim-sweep2,2026-10-09T06:52:10+00:00,61,local,share,0.0,1.0,0,11.6,free,doc,0.25,0.125,S0,0.5837644348902842,0.519625045272815,0.5989462499999973,0.0,33.5,0,561,999
20261009-065112-m7-sim-sweep2,2026-10-09T06:52:10+00:00,61,local,share,0.0,1.0,0,11.6,free,doc,0.25,0.125,S1,0.5837644348902842,0.4948722518707438,0.5895826159247548,0.0,33.5,0,470,958
20261009-065112-m7-sim-sweep2,2026-10-09T06:52:10+00:00,61,local,share,0.0,1.0,0,11.6,free,doc,0.25,0.125,S2b,0.5112805268643328,0.4754653489861808,0.5272993734828901,0.0,33.5,0,405,937
20261009-065112-m7-sim-sweep2,2026-10-09T06:52:10+00:00,61,local,share,0.0,1.0,0,11.6,free,doc,0.25,0.125,S4,0.5837644348902842,0.5062942669374392,0.5895826159247548,0.0,32.75,524,455,973
20261009-065112-m7-sim-sweep2,2026-10-09T06:52:10+00:00,61,local,share,0.0,1.0,0,11.6,free,doc,0.25,0.125,S4+,0.49822249999999,0.4552004017979486,0.5145374999999888,0.0,29.3125,469,434,908
20261009-065112-m7-sim-sweep2,2026-10-09T06:52:10+00:00,61,local,share,0.0,1.0,0,11.6,free,doc,0.25,0.125,S4+P,0.5237991250000036,0.454873086630806,0.5895826159247548,0.0,29.3125,469,435,895
20261009-065112-m7-sim-sweep2,2026-10-09T06:52:10+00:00,61,local,share,0.0,1.0,0,11.6,free,doc,0.25,0.125,S4L,0.5654690924451415,0.45694766858452,0.5895826159247548,0.0,29.3125,469,443,899
20261009-065112-m7-sim-sweep2,2026-10-09T06:52:10+00:00,61,local,share,0.0,1.0,0,11.6,free,doc,0.25,0.125,S4B,0.47114777493641924,0.4485442670154658,0.5893701159247655,0.0,29.3125,469,413,885
20261009-065112-m7-sim-sweep2,2026-10-09T06:52:10+00:00,61,local,share,0.0,1.0,0,11.6,free,doc,0.25,0.125,S5,0.49800737499999315,0.4423498944179028,0.5145374999999888,0.0,29.3125,285,455,887
20261009-065112-m7-sim-sweep2,2026-10-09T06:52:10+00:00,61,local,share,0.0,1.0,0,11.6,free,doc,0.25,0.125,S5s,0.4820532499999999,0.43922143930135604,0.5145374999999888,0.0,29.3125,229,460,882
20261009-065112-m7-sim-sweep2,2026-10-09T06:52:10+00:00,61,local,share,0.0,1.0,0,11.6,free,doc,0.25,0.125,S5L,0.39856781571770483,0.43585932468526956,0.5893701159247655,0.0,29.3125,285,432,866
20261009-065112-m7-sim-sweep2,2026-10-09T06:52:10+00:00,61,local,share,0.0,1.0,0,11.6,free,doc,0.25,0.125,S5P,0.39856781571770483,0.43585932468526956,0.5893701159247655,0.0,29.3125,285,432,866
20261009-065112-m7-sim-sweep2,2026-10-09T06:52:10+00:00,61,local,share,0.0,1.0,0,11.6,free,doc,0.25,0.125,S5c,0.4820532499999999,0.43922143930135604,0.5145374999999888,0.0,29.3125,229,460,882
20261009-065112-m7-sim-sweep2,2026-10-09T06:52:10+00:00,61,local,share,0.0,1.0,0,11.6,free,doc,0.25,0.25,S0,0.5837644348902842,0.519625045272815,0.5989462499999973,0.0,33.5,0,561,999
20261009-065112-m7-sim-sweep2,2026-10-09T06:52:10+00:00,61,local,share,0.0,1.0,0,11.6,free,doc,0.25,0.25,S1,0.5826862174451435,0.47017827852684313,0.5893701159247655,0.0,33.5,0,386,915
20261009-065112-m7-sim-sweep2,2026-10-09T06:52:10+00:00,61,local,share,0.0,1.0,0,11.6,free,doc,0.25,0.25,S2b,0.44286150000001356,0.4295335184797035,0.4576183059741794,0.0,33.5,0,251,866
20261009-065112-m7-sim-sweep2,2026-10-09T06:52:10+00:00,61,local,share,0.0,1.0,0,11.6,free,doc,0.25,0.25,S4,0.5816080000000028,0.45807724043272974,0.5893701159247655,0.0,28.25,452,404,897
20261009-065112-m7-sim-sweep2,2026-10-09T06:52:10+00:00,61,local,share,0.0,1.0,0,11.6,free,doc,0.25,0.25,S4+,0.4200531250000168,0.3950097628293558,0.4508665000000036,0.0,25.125,402,307,810
20261009-065112-m7-sim-sweep2,2026-10-09T06:52:10+00:00,61,local,share,0.0,1.0,0,11.6,free,doc,0.25,0.25,S4+P,0.34823065800406994,0.4184971798440647,0.5893701159247655,0.0,25.125,402,410,835
20261009-065112-m7-sim-sweep2,2026-10-09T06:52:10+00:00,61,local,share,0.0,1.0,0,11.6,free,doc,0.25,0.25,S4L,0.3487003160081059,0.42040174452525864,0.5839821848902886,0.0,25.125,402,419,840
20261009-065112-m7-sim-sweep2,2026-10-09T06:52:10+00:00,61,local,share,0.0,1.0,0,11.6,free,doc,0.25,0.25,S4B,0.34823065800406994,0.40935924684710656,0.5893701159247655,0.0,25.125,402,331,818
20261009-065112-m7-sim-sweep2,2026-10-09T06:52:10+00:00,61,local,share,0.0,1.0,0,11.6,free,doc,0.25,0.25,S5,0.3971149911820788,0.37710303966826214,0.4506540000000143,0.0,25.125,218,335,782
20261009-065112-m7-sim-sweep2,2026-10-09T06:52:10+00:00,61,local,share,0.0,1.0,0,11.6,free,doc,0.25,0.25,S5s,0.3971149911820788,0.37536393895457226,0.43549925000000655,0.0,25.125,162,337,780
20261009-065112-m7-sim-sweep2,2026-10-09T06:52:10+00:00,61,local,share,0.0,1.0,0,11.6,free,doc,0.25,0.25,S5L,0.34823065800406994,0.4094712129572328,0.5893701159247655,0.0,25.125,218,337,818
20261009-065112-m7-sim-sweep2,2026-10-09T06:52:10+00:00,61,local,share,0.0,1.0,0,11.6,free,doc,0.25,0.25,S5P,0.32048650000002255,0.40397168782771214,0.5837644348902842,0.0,25.125,218,347,811
20261009-065112-m7-sim-sweep2,2026-10-09T06:52:10+00:00,61,local,share,0.0,1.0,0,11.6,free,doc,0.25,0.25,S5c,0.3971149911820788,0.3755808031787116,0.43549925000000655,0.0,25.125,162,337,780
20261009-065112-m7-sim-sweep2,2026-10-09T06:52:10+00:00,61,local,share,0.0,1.0,0,11.6,free,doc,0.25,0.5,S0,0.5837644348902842,0.519625045272815,0.5989462499999973,0.0,33.5,0,561,999
20261009-065112-m7-sim-sweep2,2026-10-09T06:52:10+00:00,61,local,share,0.0,1.0,0,11.6,free,doc,0.25,0.5,S1,0.5816080000000028,0.4462573758881714,0.5893701159247655,0.0,33.5,0,263,872
20261009-065112-m7-sim-sweep2,2026-10-09T06:52:10+00:00,61,local,share,0.0,1.0,0,11.6,free,doc,0.25,0.5,S2b,0.31868812785330647,0.3027351949608719,0.3205927500000172,0.0,33.5,0,67,649
20261009-065112-m7-sim-sweep2,2026-10-09T06:52:10+00:00,61,local,share,0.0,1.0,0,11.6,free,doc,0.25,0.5,S4,0.3940993396068109,0.4207026806085417,0.5893701159247655,0.0,20.0625,321,301,834
20261009-065112-m7-sim-sweep2,2026-10-09T06:52:10+00:00,61,local,share,0.0,1.0,0,11.6,free,doc,0.25,0.5,S4+,0.28737251777255324,0.29210468561264946,0.3205927500000172,0.0,16.75,268,87,629
20261009-065112-m7-sim-sweep2,2026-10-09T06:52:10+00:00,61,local,share,0.0,1.0,0,11.6,free,doc,0.25,0.5,S4+P,0.29398550000002643,0.330455497963003,0.4576183059741794,0.0,16.75,268,197,700
20261009-065112-m7-sim-sweep2,2026-10-09T06:52:10+00:00,61,local,share,0.0,1.0,0,11.6,free,doc,0.25,0.5,S4L,0.2680040000000332,0.3824176807975916,0.5839821848902886,0.0,16.75,268,204,776
20261009-065112-m7-sim-sweep2,2026-10-09T06:52:10+00:00,61,local,share,0.0,1.0,0,11.6,free,doc,0.25,0.5,S4B,0.2672648952919303,0.3041710403957521,0.4230438196336763,0.0,16.75,268,98,650
20261009-065112-m7-sim-sweep2,2026-10-09T06:52:10+00:00,61,local,share,0.0,1.0,0,11.6,free,doc,0.25,0.5,S5,0.2712643878213328,0.2844903420966632,0.3203802500000279,0.0,16.75,84,97,618
20261009-065112-m7-sim-sweep2,2026-10-09T06:52:10+00:00,61,local,share,0.0,1.0,0,11.6,free,doc,0.25,0.5,S5s,0.2712643878213328,0.28728795794852385,0.3176820958900777,0.0,16.75,28,130,625
20261009-065112-m7-sim-sweep2,2026-10-09T06:52:10+00:00,61,local,share,0.0,1.0,0,11.6,free,doc,0.25,0.5,S5L,0.26122677029192687,0.3015664607143715,0.41994425000001456,0.0,16.75,84,110,646
20261009-065112-m7-sim-sweep2,2026-10-09T06:52:10+00:00,61,local,share,0.0,1.0,0,11.6,free,doc,0.25,0.5,S5P,0.2680040000000332,0.29211434291666255,0.39030975000001433,0.0,16.75,84,136,637
20261009-065112-m7-sim-sweep2,2026-10-09T06:52:10+00:00,61,local,share,0.0,1.0,0,11.6,free,doc,0.25,0.5,S5c,0.2683280000000323,0.27783666055457995,0.3122149899222677,0.0,16.75,28,106,610
20261009-065112-m7-sim-sweep2,2026-10-09T06:52:10+00:00,62,local,share,0.0,1.0,0,11.6,free,doc,0.5,0.125,S0,0.46303850000001034,0.6012598180499786,0.8701380000000114,0.0,33.5,0,909,651
20261009-065112-m7-sim-sweep2,2026-10-09T06:52:10+00:00,62,local,share,0.0,1.0,0,11.6,free,doc,0.5,0.125,S1,0.46303850000001034,0.5668643073398224,0.8701380000000114,0.0,33.5,0,788,617
20261009-065112-m7-sim-sweep2,2026-10-09T06:52:10+00:00,62,local,share,0.0,1.0,0,11.6,free,doc,0.5,0.125,S2b,0.4393400000000156,0.5419561713570324,0.751660500000014,0.0,33.5,0,747,595
20261009-065112-m7-sim-sweep2,2026-10-09T06:52:10+00:00,62,local,share,0.0,1.0,0,11.6,free,doc,0.5,0.125,S4,0.46261350000000334,0.5820188226454105,0.8705735000000061,0.0,32.75,524,776,629
20261009-065112-m7-sim-sweep2,2026-10-09T06:52:10+00:00,62,local,share,0.0,1.0,0,11.6,free,doc,0.5,0.125,S4+,0.4393400000000156,0.5419561713570324,0.751660500000014,0.0,29.3125,469,747,595
20261009-065112-m7-sim-sweep2,2026-10-09T06:52:10+00:00,62,local,share,0.0,1.0,0,11.6,free,doc,0.5,0.125,S4+P,0.46303850000001034,0.5491358918064245,0.8701380000000114,0.0,29.3125,469,693,599
20261009-065112-m7-sim-sweep2,2026-10-09T06:52:10+00:00,62,local,share,0.0,1.0,0,11.6,free,doc,0.5,0.125,S4L,0.46303850000001034,0.5539288674696804,0.8701380000000114,0.0,29.3125,469,701,603
20261009-065112-m7-sim-sweep2,2026-10-09T06:52:10+00:00,62,local,share,0.0,1.0,0,11.6,free,doc,0.5,0.125,S4B,0.46303850000001034,0.5449402236381692,0.8701380000000114,0.0,29.3125,469,681,595
20261009-065112-m7-sim-sweep2,2026-10-09T06:52:10+00:00,62,local,share,0.0,1.0,0,11.6,free,doc,0.5,0.125,S5,0.4393400000000156,0.5419561713570324,0.751660500000014,0.0,29.3125,349,747,595
20261009-065112-m7-sim-sweep2,2026-10-09T06:52:10+00:00,62,local,share,0.0,1.0,0,11.6,free,doc,0.5,0.125,S5s,0.4393400000000156,0.5419561713570324,0.751660500000014,0.0,29.3125,309,747,595
20261009-065112-m7-sim-sweep2,2026-10-09T06:52:10+00:00,62,local,share,0.0,1.0,0,11.6,free,doc,0.5,0.125,S5L,0.46303850000001034,0.5449402236381692,0.8701380000000114,0.0,29.3125,349,681,595
20261009-065112-m7-sim-sweep2,2026-10-09T06:52:10+00:00,62,local,share,0.0,1.0,0,11.6,free,doc,0.5,0.125,S5P,0.46303850000001034,0.5449402236381692,0.8701380000000114,0.0,29.3125,349,681,595
20261009-065112-m7-sim-sweep2,2026-10-09T06:52:10+00:00,62,local,share,0.0,1.0,0,11.6,free,doc,0.5,0.125,S5c,0.4393400000000156,0.5419561713570324,0.751660500000014,0.0,29.3125,309,747,595
20261009-065112-m7-sim-sweep2,2026-10-09T06:52:10+00:00,62,local,share,0.0,1.0,0,11.6,free,doc,0.5,0.25,S0,0.46303850000001034,0.6012598180499786,0.8701380000000114,0.0,33.5,0,909,651
20261009-065112-m7-sim-sweep2,2026-10-09T06:52:10+00:00,62,local,share,0.0,1.0,0,11.6,free,doc,0.5,0.25,S1,0.46303850000001034,0.5337978281731518,0.8701380000000114,0.0,33.5,0,670,585
20261009-065112-m7-sim-sweep2,2026-10-09T06:52:10+00:00,62,local,share,0.0,1.0,0,11.6,free,doc,0.5,0.25,S2b,0.4160570000000092,0.491484625476956,0.642963095101365,0.0,33.5,0,567,550
20261009-065112-m7-sim-sweep2,2026-10-09T06:52:10+00:00,62,local,share,0.0,1.0,0,11.6,free,doc,0.5,0.25,S4,0.43942346061863446,0.5593705381781587,0.8705735000000061,0.0,28.25,452,649,606
20261009-065112-m7-sim-sweep2,2026-10-09T06:52:10+00:00,62,local,share,0.0,1.0,0,11.6,free,doc,0.5,0.25,S4+,0.4160570000000092,0.491484625476956,0.642963095101365,0.0,25.125,402,567,550
20261009-065112-m7-sim-sweep2,2026-10-09T06:52:10+00:00,62,local,share,0.0,1.0,0,11.6,free,doc,0.5,0.25,S4+P,0.46261350000000334,0.5251216041009433,0.8701380000000114,0.0,25.125,402,615,576
20261009-065112-m7-sim-sweep2,2026-10-09T06:52:10+00:00,62,local,share,0.0,1.0,0,11.6,free,doc,0.5,0.25,S4L,0.46282600000000684,0.5281428906731532,0.8701380000000114,0.0,25.125,402,626,579
20261009-065112-m7-sim-sweep2,2026-10-09T06:52:10+00:00,62,local,share,0.0,1.0,0,11.6,free,doc,0.5,0.25,S4B,0.46261350000000334,0.5193539166009415,0.8701380000000114,0.0,25.125,402,579,570
20261009-065112-m7-sim-sweep2,2026-10-09T06:52:10+00:00,62,local,share,0.0,1.0,0,11.6,free,doc,0.5,0.25,S5,0.4160570000000092,0.491484625476956,0.642963095101365,0.0,25.125,282,567,550
20261009-065112-m7-sim-sweep2,2026-10-09T06:52:10+00:00,62,local,share,0.0,1.0,0,11.6,free,doc,0.5,0.25,S5s,0.4160570000000092,0.491484625476956,0.642963095101365,0.0,25.125,242,567,550
20261009-065112-m7-sim-sweep2,2026-10-09T06:52:10+00:00,62,local,share,0.0,1.0,0,11.6,free,doc,0.5,0.25,S5L,0.46261350000000334,0.5193539166009415,0.8701380000000114,0.0,25.125,282,579,570
20261009-065112-m7-sim-sweep2,2026-10-09T06:52:10+00:00,62,local,share,0.0,1.0,0,11.6,free,doc,0.5,0.25,S5P,0.44145058252511404,0.5169518957869007,0.8701380000000114,0.0,25.125,282,579,567
20261009-065112-m7-sim-sweep2,2026-10-09T06:52:10+00:00,62,local,share,0.0,1.0,0,11.6,free,doc,0.5,0.25,S5c,0.4160570000000092,0.491484625476956,0.642963095101365,0.0,25.125,242,567,550
20261009-065112-m7-sim-sweep2,2026-10-09T06:52:10+00:00,62,local,share,0.0,1.0,0,11.6,free,doc,0.5,0.5,S0,0.46303850000001034,0.6012598180499786,0.8701380000000114,0.0,33.5,0,909,651
20261009-065112-m7-sim-sweep2,2026-10-09T06:52:10+00:00,62,local,share,0.0,1.0,0,11.6,free,doc,0.5,0.5,S1,0.46261350000000334,0.5103012341296657,0.8701380000000114,0.0,33.5,0,498,560
20261009-065112-m7-sim-sweep2,2026-10-09T06:52:10+00:00,62,local,share,0.0,1.0,0,11.6,free,doc,0.5,0.5,S2b,0.37077850000001433,0.3977983279339554,0.4863435000000038,0.0,33.5,0,235,457
20261009-065112-m7-sim-sweep2,2026-10-09T06:52:10+00:00,62,local,share,0.0,1.0,0,11.6,free,doc,0.5,0.5,S4,0.43916923030916166,0.5234351250056063,0.8705735000000061,0.0,20.0625,321,487,571
20261009-065112-m7-sim-sweep2,2026-10-09T06:52:10+00:00,62,local,share,0.0,1.0,0,11.6,free,doc,0.5,0.5,S4+,0.37077850000001433,0.3977983279339554,0.4863435000000038,0.0,16.75,268,235,457
20261009-065112-m7-sim-sweep2,2026-10-09T06:52:10+00:00,62,local,share,0.0,1.0,0,11.6,free,doc,0.5,0.5,S4+P,0.39255575000000675,0.44538741393343056,0.5864980336939709,0.0,16.75,268,344,499
20261009-065112-m7-sim-sweep2,2026-10-09T06:52:10+00:00,62,local,share,0.0,1.0,0,11.6,free,doc,0.5,0.5,S4L,0.3479795000000081,0.47912324965549874,0.8701380000000114,0.0,16.75,268,352,529
20261009-065112-m7-sim-sweep2,2026-10-09T06:52:10+00:00,62,local,share,0.0,1.0,0,11.6,free,doc,0.5,0.5,S4B,0.3479795000000081,0.4308245191620544,0.642963095101365,0.0,16.75,268,267,484
20261009-065112-m7-sim-sweep2,2026-10-09T06:52:10+00:00,62,local,share,0.0,1.0,0,11.6,free,doc,0.5,0.5,S5,0.37077850000001433,0.3977983279339554,0.4863435000000038,0.0,16.75,148,235,457
20261009-065112-m7-sim-sweep2,2026-10-09T06:52:10+00:00,62,local,share,0.0,1.0,0,11.6,free,doc,0.5,0.5,S5s,0.3709802345495632,0.4006285336922139,0.4863435000000038,0.0,16.75,108,242,460
20261009-065112-m7-sim-sweep2,2026-10-09T06:52:10+00:00,62,local,share,0.0,1.0,0,11.6,free,doc,0.5,0.5,S5L,0.3479795000000081,0.4308245191620544,0.642963095101365,0.0,16.75,148,267,484
20261009-065112-m7-sim-sweep2,2026-10-09T06:52:10+00:00,62,local,share,0.0,1.0,0,11.6,free,doc,0.5,0.5,S5P,0.37035350000000733,0.42024447733793363,0.5623265000000117,0.0,16.75,148,291,477
20261009-065112-m7-sim-sweep2,2026-10-09T06:52:10+00:00,62,local,share,0.0,1.0,0,11.6,free,doc,0.5,0.5,S5c,0.37077850000001433,0.3977983279339554,0.4863435000000038,0.0,16.75,108,235,457
20261009-065112-m7-sim-sweep2,2026-10-09T06:52:10+00:00,63,local,share,0.0,1.0,0,11.6,free,doc,1.0,0.125,S0,0.5735490614384275,0.7419879772181055,1.1807533205752918,0.0,33.5,0,1136,424
20261009-065112-m7-sim-sweep2,2026-10-09T06:52:10+00:00,63,local,share,0.0,1.0,0,11.6,free,doc,1.0,0.125,S1,0.571169000000026,0.7113502814043985,1.1807533205752918,0.0,33.5,0,981,407
20261009-065112-m7-sim-sweep2,2026-10-09T06:52:10+00:00,63,local,share,0.0,1.0,0,11.6,free,doc,1.0,0.125,S2b,0.5307810000000188,0.6753846589694028,1.036124355452614,0.0,33.5,0,954,388
20261009-065112-m7-sim-sweep2,2026-10-09T06:52:10+00:00,63,local,share,0.0,1.0,0,11.6,free,doc,1.0,0.125,S4,0.571169000000026,0.7365350705111323,1.1807533205758176,0.0,32.75,524,968,420
20261009-065112-m7-sim-sweep2,2026-10-09T06:52:10+00:00,63,local,share,0.0,1.0,0,11.6,free,doc,1.0,0.125,S4+,0.5307810000000188,0.6753846589694028,1.036124355452614,0.0,29.3125,469,954,388
20261009-065112-m7-sim-sweep2,2026-10-09T06:52:10+00:00,63,local,share,0.0,1.0,0,11.6,free,doc,1.0,0.125,S4+P,0.571169000000026,0.690619035581926,1.123802999999981,0.0,29.3125,469,869,395
20261009-065112-m7-sim-sweep2,2026-10-09T06:52:10+00:00,63,local,share,0.0,1.0,0,11.6,free,doc,1.0,0.125,S4L,0.571169000000026,0.6966452424620476,1.140324385959417,0.0,29.3125,469,877,398
20261009-065112-m7-sim-sweep2,2026-10-09T06:52:10+00:00,63,local,share,0.0,1.0,0,11.6,free,doc,1.0,0.125,S4B,0.571169000000026,0.6915163045938707,1.123802999999981,0.0,29.3125,469,863,396
20261009-065112-m7-sim-sweep2,2026-10-09T06:52:10+00:00,63,local,share,0.0,1.0,0,11.6,free,doc,1.0,0.125,S5,0.5307810000000188,0.6753846589694028,1.036124355452614,0.0,29.3125,397,954,388
20261009-065112-m7-sim-sweep2,2026-10-09T06:52:10+00:00,63,local,share,0.0,1.0,0,11.6,free,doc,1.0,0.125,S5s,0.5307810000000188,0.6753846589694028,1.036124355452614,0.0,29.3125,365,954,388
20261009-065112-m7-sim-sweep2,2026-10-09T06:52:10+00:00,63,local,share,0.0,1.0,0,11.6,free,doc,1.0,0.125,S5L,0.571169000000026,0.692015749820578,1.123802999999981,0.0,29.3125,397,862,396
20261009-065112-m7-sim-sweep2,2026-10-09T06:52:10+00:00,63,local,share,0.0,1.0,0,11.6,free,doc,1.0,0.125,S5P,0.571169000000026,0.6909201423554331,1.123802999999981,0.0,29.3125,397,863,395
20261009-065112-m7-sim-sweep2,2026-10-09T06:52:10+00:00,63,local,share,0.0,1.0,0,11.6,free,doc,1.0,0.125,S5c,0.5307810000000188,0.6753846589694028,1.036124355452614,0.0,29.3125,365,954,388
20261009-065112-m7-sim-sweep2,2026-10-09T06:52:10+00:00,63,local,share,0.0,1.0,0,11.6,free,doc,1.0,0.25,S0,0.5735490614384275,0.7419879772181055,1.1807533205752918,0.0,33.5,0,1136,424
20261009-065112-m7-sim-sweep2,2026-10-09T06:52:10+00:00,63,local,share,0.0,1.0,0,11.6,free,doc,1.0,0.25,S1,0.571169000000026,0.6677226795938717,1.123802999999981,0.0,33.5,0,837,383
20261009-065112-m7-sim-sweep2,2026-10-09T06:52:10+00:00,63,local,share,0.0,1.0,0,11.6,free,doc,1.0,0.25,S2b,0.5307810000000188,0.6288443353925034,0.9243560000000173,0.0,33.5,0,752,365
20261009-065112-m7-sim-sweep2,2026-10-09T06:52:10+00:00,63,local,share,0.0,1.0,0,11.6,free,doc,1.0,0.25,S4,0.571169000000026,0.7142539121983832,1.1807533205752918,0.0,28.25,452,813,407
20261009-065112-m7-sim-sweep2,2026-10-09T06:52:10+00:00,63,local,share,0.0,1.0,0,11.6,free,doc,1.0,0.25,S4+,0.5307810000000188,0.6288443353925034,0.9243560000000173,0.0,25.125,402,752,365
20261009-065112-m7-sim-sweep2,2026-10-09T06:52:10+00:00,63,local,share,0.0,1.0,0,11.6,free,doc,1.0,0.25,S4+P,0.570744000000019,0.6633121840785421,1.1238030000000094,0.0,25.125,402,782,380
20261009-065112-m7-sim-sweep2,2026-10-09T06:52:10+00:00,63,local,share,0.0,1.0,0,11.6,free,doc,1.0,0.25,S4L,0.570744000000019,0.6611132603672711,1.123802999999981,0.0,25.125,402,785,379
20261009-065112-m7-sim-sweep2,2026-10-09T06:52:10+00:00,63,local,share,0.0,1.0,0,11.6,free,doc,1.0,0.25,S4B,0.570319000000012,0.6566190773986454,1.1238030000000094,0.0,25.125,402,768,376
20261009-065112-m7-sim-sweep2,2026-10-09T06:52:10+00:00,63,local,share,0.0,1.0,0,11.6,free,doc,1.0,0.25,S5,0.5307810000000188,0.6288443353925034,0.9243560000000173,0.0,25.125,330,752,365
20261009-065112-m7-sim-sweep2,2026-10-09T06:52:10+00:00,63,local,share,0.0,1.0,0,11.6,free,doc,1.0,0.25,S5s,0.5307810000000188,0.6288443353925034,0.9243560000000173,0.0,25.125,298,752,365
20261009-065112-m7-sim-sweep2,2026-10-09T06:52:10+00:00,63,local,share,0.0,1.0,0,11.6,free,doc,1.0,0.25,S5L,0.570319000000012,0.6556832015046611,1.1238030000000094,0.0,25.125,330,767,375
20261009-065112-m7-sim-sweep2,2026-10-09T06:52:10+00:00,63,local,share,0.0,1.0,0,11.6,free,doc,1.0,0.25,S5P,0.570319000000012,0.6586191101150737,1.1238030000000094,0.0,25.125,330,760,377
20261009-065112-m7-sim-sweep2,2026-10-09T06:52:10+00:00,63,local,share,0.0,1.0,0,11.6,free,doc,1.0,0.25,S5c,0.5307810000000188,0.6288443353925034,0.9243560000000173,0.0,25.125,298,752,365
20261009-065112-m7-sim-sweep2,2026-10-09T06:52:10+00:00,63,local,share,0.0,1.0,0,11.6,free,doc,1.0,0.5,S0,0.5735490614384275,0.7419879772181055,1.1807533205752918,0.0,33.5,0,1136,424
20261009-065112-m7-sim-sweep2,2026-10-09T06:52:10+00:00,63,local,share,0.0,1.0,0,11.6,free,doc,1.0,0.5,S1,0.570319000000012,0.6420302482216993,1.1238030000000094,0.0,33.5,0,633,367
20261009-065112-m7-sim-sweep2,2026-10-09T06:52:10+00:00,63,local,share,0.0,1.0,0,11.6,free,doc,1.0,0.5,S2b,0.4572242734127201,0.5135230402353587,0.6529189999999829,0.0,33.5,0,377,298
20261009-065112-m7-sim-sweep2,2026-10-09T06:52:10+00:00,63,local,share,0.0,1.0,0,11.6,free,doc,1.0,0.5,S4,0.570319000000012,0.658759181235738,1.1238030000000094,0.0,20.0625,321,624,376
20261009-065112-m7-sim-sweep2,2026-10-09T06:52:10+00:00,63,local,share,0.0,1.0,0,11.6,free,doc,1.0,0.5,S4+,0.4572242734127201,0.5135230402353587,0.6529189999999829,0.0,16.75,268,377,298
20261009-065112-m7-sim-sweep2,2026-10-09T06:52:10+00:00,63,local,share,0.0,1.0,0,11.6,free,doc,1.0,0.5,S4+P,0.4903860000000009,0.576343684820302,0.7398360000000253,0.0,16.75,268,470,332
20261009-065112-m7-sim-sweep2,2026-10-09T06:52:10+00:00,63,local,share,0.0,1.0,0,11.6,free,doc,1.0,0.5,S4L,0.4509430000000094,0.6059275265310374,1.021989999999974,0.0,16.75,268,476,347
20261009-065112-m7-sim-sweep2,2026-10-09T06:52:10+00:00,63,local,share,0.0,1.0,0,11.6,free,doc,1.0,0.5,S4B,0.45137850000001833,0.5672746696843168,0.8305246076630795,0.0,16.75,268,416,326
20261009-065112-m7-sim-sweep2,2026-10-09T06:52:10+00:00,63,local,share,0.0,1.0,0,11.6,free,doc,1.0,0.5,S5,0.4572242734127201,0.5116611320844028,0.6529189999999687,0.0,16.75,196,378,296
20261009-065112-m7-sim-sweep2,2026-10-09T06:52:10+00:00,63,local,share,0.0,1.0,0,11.6,free,doc,1.0,0.5,S5s,0.4577425469058838,0.5140214758786753,0.6529189999999829,0.0,16.75,164,383,298
20261009-065112-m7-sim-sweep2,2026-10-09T06:52:10+00:00,63,local,share,0.0,1.0,0,11.6,free,doc,1.0,0.5,S5L,0.4337191465517094,0.5630450256370315,0.8769590000000278,0.0,16.75,196,417,323
20261009-065112-m7-sim-sweep2,2026-10-09T06:52:10+00:00,63,local,share,0.0,1.0,0,11.6,free,doc,1.0,0.5,S5P,0.4899505000000062,0.5495156331726303,0.7422311923660345,0.0,16.75,196,439,317
20261009-065112-m7-sim-sweep2,2026-10-09T06:52:10+00:00,63,local,share,0.0,1.0,0,11.6,free,doc,1.0,0.5,S5c,0.4572242734127201,0.5135230402353587,0.6529189999999829,0.0,16.75,164,377,298
20261009-065112-m7-sim-sweep2,2026-10-09T06:52:10+00:00,64,local,share,0.0,1.0,0,11.6,free,doc,2.0,0.125,S0,0.7560239999999965,0.928630583333323,1.5693519999999523,0.0,33.5,0,1292,268
20261009-065112-m7-sim-sweep2,2026-10-09T06:52:10+00:00,64,local,share,0.0,1.0,0,11.6,free,doc,2.0,0.125,S1,0.7560239999999965,0.889627333333325,1.5693519999999523,0.0,33.5,0,1120,255
20261009-065112-m7-sim-sweep2,2026-10-09T06:52:10+00:00,64,local,share,0.0,1.0,0,11.6,free,doc,2.0,0.125,S2b,0.6840760000000046,0.8481949267090544,1.2247511693794308,0.0,33.5,0,1099,243
20261009-065112-m7-sim-sweep2,2026-10-09T06:52:10+00:00,64,local,share,0.0,1.0,0,11.6,free,doc,2.0,0.125,S4,0.7534529999999933,0.9002126079890497,1.5693519999999523,0.0,32.75,524,1118,257
20261009-065112-m7-sim-sweep2,2026-10-09T06:52:10+00:00,64,local,share,0.0,1.0,0,11.6,free,doc,2.0,0.125,S4+,0.6840760000000046,0.8481949267090544,1.2247511693794308,0.0,29.3125,469,1099,243
20261009-065112-m7-sim-sweep2,2026-10-09T06:52:10+00:00,64,local,share,0.0,1.0,0,11.6,free,doc,2.0,0.125,S4+P,0.7560239999999965,0.8639699999999936,1.3058379999999659,0.0,29.3125,469,1004,247
20261009-065112-m7-sim-sweep2,2026-10-09T06:52:10+00:00,64,local,share,0.0,1.0,0,11.6,free,doc,2.0,0.125,S4L,0.7560239999999965,0.8683756666666606,1.4796719999999652,0.0,29.3125,469,1006,248
20261009-065112-m7-sim-sweep2,2026-10-09T06:52:10+00:00,64,local,share,0.0,1.0,0,11.6,free,doc,2.0,0.125,S4B,0.7560239999999965,0.8647192499999944,1.3919179999999756,0.0,29.3125,469,999,247
20261009-065112-m7-sim-sweep2,2026-10-09T06:52:10+00:00,64,local,share,0.0,1.0,0,11.6,free,doc,2.0,0.125,S5,0.6840760000000046,0.8481949267090544,1.2247511693794308,0.0,29.3125,429,1099,243
20261009-065112-m7-sim-sweep2,2026-10-09T06:52:10+00:00,64,local,share,0.0,1.0,0,11.6,free,doc,2.0,0.125,S5s,0.6840760000000046,0.8481949267090544,1.2247511693794308,0.0,29.3125,405,1099,243
20261009-065112-m7-sim-sweep2,2026-10-09T06:52:10+00:00,64,local,share,0.0,1.0,0,11.6,free,doc,2.0,0.125,S5L,0.7560239999999965,0.8647192499999944,1.3919179999999756,0.0,29.3125,429,999,247
20261009-065112-m7-sim-sweep2,2026-10-09T06:52:10+00:00,64,local,share,0.0,1.0,0,11.6,free,doc,2.0,0.125,S5P,0.7560239999999965,0.8639699999999936,1.3058379999999659,0.0,29.3125,429,1002,247
20261009-065112-m7-sim-sweep2,2026-10-09T06:52:10+00:00,64,local,share,0.0,1.0,0,11.6,free,doc,2.0,0.125,S5c,0.6840760000000046,0.8481949267090544,1.2247511693794308,0.0,29.3125,405,1099,243
20261009-065112-m7-sim-sweep2,2026-10-09T06:52:10+00:00,64,local,share,0.0,1.0,0,11.6,free,doc,2.0,0.25,S0,0.7560239999999965,0.928630583333323,1.5693519999999523,0.0,33.5,0,1292,268
20261009-065112-m7-sim-sweep2,2026-10-09T06:52:10+00:00,64,local,share,0.0,1.0,0,11.6,free,doc,2.0,0.25,S1,0.7551739999999967,0.8293227499999958,1.0598620000000096,0.0,33.5,0,958,236
20261009-065112-m7-sim-sweep2,2026-10-09T06:52:10+00:00,64,local,share,0.0,1.0,0,11.6,free,doc,2.0,0.25,S2b,0.6840760000000046,0.8084924292642329,1.1388959999999884,0.0,33.5,0,886,231
20261009-065112-m7-sim-sweep2,2026-10-09T06:52:10+00:00,64,local,share,0.0,1.0,0,11.6,free,doc,2.0,0.25,S4,0.6868557578549712,0.8503490950261146,1.5693519999999523,0.0,28.25,452,953,241
20261009-065112-m7-sim-sweep2,2026-10-09T06:52:10+00:00,64,local,share,0.0,1.0,0,11.6,free,doc,2.0,0.25,S4+,0.6840760000000046,0.8084924292642329,1.1388959999999884,0.0,25.125,402,886,231
20261009-065112-m7-sim-sweep2,2026-10-09T06:52:10+00:00,64,local,share,0.0,1.0,0,11.6,free,doc,2.0,0.25,S4+P,0.7534529999999933,0.8203292499999968,1.0598620000000096,0.0,25.125,402,908,233
20261009-065112-m7-sim-sweep2,2026-10-09T06:52:10+00:00,64,local,share,0.0,1.0,0,11.6,free,doc,2.0,0.25,S4L,0.7543239999999969,0.8205652499999966,1.0598620000000096,0.0,25.125,402,901,233
20261009-065112-m7-sim-sweep2,2026-10-09T06:52:10+00:00,64,local,share,0.0,1.0,0,11.6,free,doc,2.0,0.25,S4B,0.7543239999999969,0.8205652499999966,1.0598620000000096,0.0,25.125,402,899,233
20261009-065112-m7-sim-sweep2,2026-10-09T06:52:10+00:00,64,local,share,0.0,1.0,0,11.6,free,doc,2.0,0.25,S5,0.6840760000000046,0.8084924292642329,1.1388959999999884,0.0,25.125,362,886,231
20261009-065112-m7-sim-sweep2,2026-10-09T06:52:10+00:00,64,local,share,0.0,1.0,0,11.6,free,doc,2.0,0.25,S5s,0.6840760000000046,0.8084924292642329,1.1388959999999884,0.0,25.125,338,886,231
20261009-065112-m7-sim-sweep2,2026-10-09T06:52:10+00:00,64,local,share,0.0,1.0,0,11.6,free,doc,2.0,0.25,S5L,0.7543239999999969,0.8205652499999966,1.0598620000000096,0.0,25.125,362,899,233
20261009-065112-m7-sim-sweep2,2026-10-09T06:52:10+00:00,64,local,share,0.0,1.0,0,11.6,free,doc,2.0,0.25,S5P,0.7534529999999933,0.8175127022106032,1.0598620000000096,0.0,25.125,362,896,232
20261009-065112-m7-sim-sweep2,2026-10-09T06:52:10+00:00,64,local,share,0.0,1.0,0,11.6,free,doc,2.0,0.25,S5c,0.6840760000000046,0.8084924292642329,1.1388959999999884,0.0,25.125,338,886,231
20261009-065112-m7-sim-sweep2,2026-10-09T06:52:10+00:00,64,local,share,0.0,1.0,0,11.6,free,doc,2.0,0.5,S0,0.7560239999999965,0.928630583333323,1.5693519999999523,0.0,33.5,0,1292,268
20261009-065112-m7-sim-sweep2,2026-10-09T06:52:10+00:00,64,local,share,0.0,1.0,0,11.6,free,doc,2.0,0.5,S1,0.7534529999999933,0.7942927499999991,1.0598620000000096,0.0,33.5,0,734,224
20261009-065112-m7-sim-sweep2,2026-10-09T06:52:10+00:00,64,local,share,0.0,1.0,0,11.6,free,doc,2.0,0.5,S2b,0.6139420000000086,0.6677522398818603,0.9018859999999904,0.0,33.5,0,484,186
20261009-065112-m7-sim-sweep2,2026-10-09T06:52:10+00:00,64,local,share,0.0,1.0,0,11.6,free,doc,2.0,0.5,S4,0.6815050000000014,0.7803572407123293,1.0598620000000096,0.0,20.0625,321,739,219
20261009-065112-m7-sim-sweep2,2026-10-09T06:52:10+00:00,64,local,share,0.0,1.0,0,11.6,free,doc,2.0,0.5,S4+,0.6139420000000086,0.6677522398818603,0.9018859999999904,0.0,16.75,268,484,186
20261009-065112-m7-sim-sweep2,2026-10-09T06:52:10+00:00,64,local,share,0.0,1.0,0,11.6,free,doc,2.0,0.5,S4+P,0.6130920000000089,0.7200765353298877,0.9807720000000018,0.0,16.75,268,571,201
20261009-065112-m7-sim-sweep2,2026-10-09T06:52:10+00:00,64,local,share,0.0,1.0,0,11.6,free,doc,2.0,0.5,S4L,0.5458440000000166,0.7487566078257046,1.0598620000000096,0.0,16.75,268,572,209
20261009-065112-m7-sim-sweep2,2026-10-09T06:52:10+00:00,64,local,share,0.0,1.0,0,11.6,free,doc,2.0,0.5,S4B,0.5486605236042266,0.7347747384393521,0.9867535591619969,0.0,16.75,268,531,205
20261009-065112-m7-sim-sweep2,2026-10-09T06:52:10+00:00,64,local,share,0.0,1.0,0,11.6,free,doc,2.0,0.5,S5,0.6139420000000086,0.6676438077697888,0.9018859999999904,0.0,16.75,228,484,186
20261009-065112-m7-sim-sweep2,2026-10-09T06:52:10+00:00,64,local,share,0.0,1.0,0,11.6,free,doc,2.0,0.5,S5s,0.6139420000000086,0.664697958991051,0.9018859999999904,0.0,16.75,204,487,185
20261009-065112-m7-sim-sweep2,2026-10-09T06:52:10+00:00,64,local,share,0.0,1.0,0,11.6,free,doc,2.0,0.5,S5L,0.5486605236042266,0.7194193217726857,0.9867535591619969,0.0,16.75,228,536,200
20261009-065112-m7-sim-sweep2,2026-10-09T06:52:10+00:00,64,local,share,0.0,1.0,0,11.6,free,doc,2.0,0.5,S5P,0.6122420000000091,0.6987560855843995,0.8358692061082706,0.0,16.75,228,554,194
20261009-065112-m7-sim-sweep2,2026-10-09T06:52:10+00:00,64,local,share,0.0,1.0,0,11.6,free,doc,2.0,0.5,S5c,0.6139420000000086,0.6649148232151939,0.9018859999999904,0.0,16.75,204,485,185
20261009-065112-m7-sim-sweep2,2026-10-09T06:52:10+00:00,65,nfs,share,0.0,1.0,0,11.6,hold,chat,0.25,0.125,S0,1.6648269423720592,1.670110809373605,2.0039255560456013,0.9906908169245631,32.0,0,32,736
20261009-065112-m7-sim-sweep2,2026-10-09T06:52:10+00:00,65,nfs,share,0.0,1.0,0,11.6,hold,chat,0.25,0.125,S1,1.6025704441597952,1.7409575582860761,2.4529045312958146,1.1608163076481006,32.0,0,21,545
20261009-065112-m7-sim-sweep2,2026-10-09T06:52:10+00:00,65,nfs,share,0.0,1.0,0,11.6,hold,chat,0.25,0.125,S2b,1.5396860524456883,1.8207511040909399,2.969006914831624,1.1955340603934974,32.0,0,33,634
20261009-065112-m7-sim-sweep2,2026-10-09T06:52:10+00:00,65,nfs,share,0.0,1.0,0,11.6,hold,chat,0.25,0.125,S4,2.1415845393125608,2.0047050981008234,2.36774163116867,1.45066688050366,29.0,464,28,538
20261009-065112-m7-sim-sweep2,2026-10-09T06:52:10+00:00,65,nfs,share,0.0,1.0,0,11.6,hold,chat,0.25,0.125,S4+,2.285969285143544,2.1781253857067036,2.5320376399646705,1.5849916452721153,28.0,448,40,627
20261009-065112-m7-sim-sweep2,2026-10-09T06:52:10+00:00,65,nfs,share,0.0,1.0,0,11.6,hold,chat,0.25,0.125,S4+P,2.167238533770643,2.1196008516723004,2.429470681695193,1.5849916452721153,28.0,448,29,514
20261009-065112-m7-sim-sweep2,2026-10-09T06:52:10+00:00,65,nfs,share,0.0,1.0,0,11.6,hold,chat,0.25,0.125,S4L,2.1563332011877065,2.1136534288421185,2.429470681695193,1.584991645272116,28.0,448,28,508
20261009-065112-m7-sim-sweep2,2026-10-09T06:52:10+00:00,65,nfs,share,0.0,1.0,0,11.6,hold,chat,0.25,0.125,S4B,2.1292640755013394,2.0844545675647375,2.429470681695193,1.5849916452721153,28.0,448,23,471
20261009-065112-m7-sim-sweep2,2026-10-09T06:52:10+00:00,65,nfs,share,0.0,1.0,0,11.6,hold,chat,0.25,0.125,S5,2.285969285143544,2.171250067562204,2.5320376399646705,1.5781524711649724,28.0,400,40,627
20261009-065112-m7-sim-sweep2,2026-10-09T06:52:10+00:00,65,nfs,share,0.0,1.0,0,11.6,hold,chat,0.25,0.125,S5s,1.6623641124471575,1.6708035620522743,2.0100839870801224,0.989433502196856,28.5,0,32,712
20261009-065112-m7-sim-sweep2,2026-10-09T06:52:10+00:00,65,nfs,share,0.0,1.0,0,11.6,hold,chat,0.25,0.125,S5L,2.1292640755013394,2.0965638613016053,2.429470681695193,1.578152471164972,28.0,400,26,487
20261009-065112-m7-sim-sweep2,2026-10-09T06:52:10+00:00,65,nfs,share,0.0,1.0,0,11.6,hold,chat,0.25,0.125,S5P,2.140169408084276,2.107682895898762,2.429470681695193,1.578152471164972,28.0,400,28,504
20261009-065112-m7-sim-sweep2,2026-10-09T06:52:10+00:00,65,nfs,share,0.0,1.0,0,11.6,hold,chat,0.25,0.125,S5c,1.8895978427899536,1.8608061285372912,3.1633249907365837,1.2313446027351194,30.0,24,35,632
20261009-065112-m7-sim-sweep2,2026-10-09T06:52:10+00:00,65,nfs,share,0.0,1.0,0,11.6,hold,chat,0.25,0.25,S0,1.631582896929899,1.5230308591216968,1.9943824651613795,0.8436108666726518,32.0,0,32,736
20261009-065112-m7-sim-sweep2,2026-10-09T06:52:10+00:00,65,nfs,share,0.0,1.0,0,11.6,hold,chat,0.25,0.25,S1,0.9452165120128981,1.5026238524499984,3.2954872224312624,0.9794509056301474,32.0,0,15,462
20261009-065112-m7-sim-sweep2,2026-10-09T06:52:10+00:00,65,nfs,share,0.0,1.0,0,11.6,hold,chat,0.25,0.25,S2b,0.6378439910122893,1.7110477162303652,3.4700884598669575,1.1355809443047626,32.0,0,22,516
20261009-065112-m7-sim-sweep2,2026-10-09T06:52:10+00:00,65,nfs,share,0.0,1.0,0,11.6,hold,chat,0.25,0.25,S4,1.9194690393125597,1.7216925462246226,2.234553825501365,1.2114139396673445,24.0,384,19,456
20261009-065112-m7-sim-sweep2,2026-10-09T06:52:10+00:00,65,nfs,share,0.0,1.0,0,11.6,hold,chat,0.25,0.25,S4+,2.1645445682534046,1.9765884881686908,2.4025310265228086,1.4471662848136695,24.0,384,28,509
20261009-065112-m7-sim-sweep2,2026-10-09T06:52:10+00:00,65,nfs,share,0.0,1.0,0,11.6,hold,chat,0.25,0.25,S4+P,2.1292640755013394,1.9175623637886783,2.285969285143551,1.4471662848136695,24.0,384,18,433
20261009-065112-m7-sim-sweep2,2026-10-09T06:52:10+00:00,65,nfs,share,0.0,1.0,0,11.6,hold,chat,0.25,0.25,S4L,2.1292640755013394,1.9189093465472975,2.285969285143551,1.4471662848136695,24.0,384,18,427
20261009-065112-m7-sim-sweep2,2026-10-09T06:52:10+00:00,65,nfs,share,0.0,1.0,0,11.6,hold,chat,0.25,0.25,S4B,2.085142502911893,1.8957430905713675,2.285969285143551,1.4471662848136688,24.0,384,14,398
20261009-065112-m7-sim-sweep2,2026-10-09T06:52:10+00:00,65,nfs,share,0.0,1.0,0,11.6,hold,chat,0.25,0.25,S5,2.1645445682534046,1.9503004018236094,2.4025310265228086,1.4209504865433011,24.0,336,28,509
20261009-065112-m7-sim-sweep2,2026-10-09T06:52:10+00:00,65,nfs,share,0.0,1.0,0,11.6,hold,chat,0.25,0.25,S5s,1.631582896929899,1.5239288476274429,2.0100839870801224,0.842558787772024,28.5,0,32,712
20261009-065112-m7-sim-sweep2,2026-10-09T06:52:10+00:00,65,nfs,share,0.0,1.0,0,11.6,hold,chat,0.25,0.25,S5L,2.1292640755013394,1.8935192487079622,2.285969285143551,1.4209504865433011,24.0,336,18,423
20261009-065112-m7-sim-sweep2,2026-10-09T06:52:10+00:00,65,nfs,share,0.0,1.0,0,11.6,hold,chat,0.25,0.25,S5P,2.1292640755013394,1.8928457573286526,2.285969285143551,1.4209504865433011,24.0,336,18,426
20261009-065112-m7-sim-sweep2,2026-10-09T06:52:10+00:00,65,nfs,share,0.0,1.0,0,11.6,hold,chat,0.25,0.25,S5c,0.6378439910122893,1.5931926537327126,2.9645809806361285,1.0187782991775791,30.0,24,24,514
20261009-065112-m7-sim-sweep2,2026-10-09T06:52:10+00:00,65,nfs,share,0.0,1.0,0,11.6,hold,chat,0.25,0.5,S0,0.8478069702745827,0.9970683268170154,1.6980709878142335,0.3176483343679646,32.0,0,32,736
20261009-065112-m7-sim-sweep2,2026-10-09T06:52:10+00:00,65,nfs,share,0.0,1.0,0,11.6,hold,chat,0.25,0.5,S1,0.48656975000002944,1.105272579243587,2.0921759525972305,0.6522811510101286,32.0,0,8,388
20261009-065112-m7-sim-sweep2,2026-10-09T06:52:10+00:00,65,nfs,share,0.0,1.0,0,11.6,hold,chat,0.25,0.5,S2b,0.48656975000001523,1.5054106924492412,1.9053098456657267,1.0345266162578444,32.0,0,9,367
20261009-065112-m7-sim-sweep2,2026-10-09T06:52:10+00:00,65,nfs,share,0.0,1.0,0,11.6,hold,chat,0.25,0.5,S4,1.4503998412625663,1.1933882232986104,2.1292640755013537,0.7458890127302755,17.0,272,9,384
20261009-065112-m7-sim-sweep2,2026-10-09T06:52:10+00:00,65,nfs,share,0.0,1.0,0,11.6,hold,chat,0.25,0.5,S4+,2.0301482529118857,1.3930658315543614,2.264467575501328,0.9647775232091114,16.0,256,10,363
20261009-065112-m7-sim-sweep2,2026-10-09T06:52:10+00:00,65,nfs,share,0.0,1.0,0,11.6,hold,chat,0.25,0.5,S4+P,2.0192755755013394,1.374662251698578,2.1834023268740737,0.9647775232091114,16.0,256,7,342
20261009-065112-m7-sim-sweep2,2026-10-09T06:52:10+00:00,65,nfs,share,0.0,1.0,0,11.6,hold,chat,0.25,0.5,S4L,2.0192755755013394,1.3919730640109933,2.1834023268740737,0.9647775232091114,16.0,256,10,367
20261009-065112-m7-sim-sweep2,2026-10-09T06:52:10+00:00,65,nfs,share,0.0,1.0,0,11.6,hold,chat,0.25,0.5,S4B,2.0192755755013394,1.3558436089264152,2.1292640755013537,0.9647775232091108,16.0,256,4,326
20261009-065112-m7-sim-sweep2,2026-10-09T06:52:10+00:00,65,nfs,share,0.0,1.0,0,11.6,hold,chat,0.25,0.5,S5,1.3113318119069959,1.264143349129327,2.264467575501328,0.8359634728961467,16.0,208,10,363
20261009-065112-m7-sim-sweep2,2026-10-09T06:52:10+00:00,65,nfs,share,0.0,1.0,0,11.6,hold,chat,0.25,0.5,S5s,0.8388921261811717,0.9975173210698886,1.6931453279643875,0.31593039699032904,28.5,0,32,712
20261009-065112-m7-sim-sweep2,2026-10-09T06:52:10+00:00,65,nfs,share,0.0,1.0,0,11.6,hold,chat,0.25,0.5,S5L,1.244395634496449,1.2389807408399196,2.1292640755013537,0.8359634728961467,16.0,208,6,340
20261009-065112-m7-sim-sweep2,2026-10-09T06:52:10+00:00,65,nfs,share,0.0,1.0,0,11.6,hold,chat,0.25,0.5,S5P,1.244395634496449,1.2335846319465087,2.1292640755013537,0.8359634728961467,16.0,208,5,330
20261009-065112-m7-sim-sweep2,2026-10-09T06:52:10+00:00,65,nfs,share,0.0,1.0,0,11.6,hold,chat,0.25,0.5,S5c,0.48656975000001523,1.3364204093905094,1.489333764290592,0.8655363331991239,29.0,8,9,367
20261009-065112-m7-sim-sweep2,2026-10-09T06:52:10+00:00,66,nfs,share,0.0,1.0,0,11.6,hold,chat,0.5,0.125,S0,1.8868981364628326,1.7503480455094873,2.233301975628393,0.5036566742395033,32.0,0,56,712
20261009-065112-m7-sim-sweep2,2026-10-09T06:52:10+00:00,66,nfs,share,0.0,1.0,0,11.6,hold,chat,0.5,0.125,S1,1.5672435682951402,1.7694488899877292,2.0604495560456115,0.735119217046971,32.0,0,36,514
20261009-065112-m7-sim-sweep2,2026-10-09T06:52:10+00:00,66,nfs,share,0.0,1.0,0,11.6,hold,chat,0.5,0.125,S2b,2.0000914796436646,2.195509434980446,3.410170954427997,1.0432948120518162,32.0,0,60,601
20261009-065112-m7-sim-sweep2,2026-10-09T06:52:10+00:00,66,nfs,share,0.0,1.0,0,11.6,hold,chat,0.5,0.125,S4,2.43791957687408,2.392101469410567,2.99537204028438,1.3652114088643394,29.0,464,52,497
20261009-065112-m7-sim-sweep2,2026-10-09T06:52:10+00:00,66,nfs,share,0.0,1.0,0,11.6,hold,chat,0.5,0.125,S4+,2.8458221313439083,2.7251485911277467,3.410170954427997,1.5849916452721153,28.0,448,77,584
20261009-065112-m7-sim-sweep2,2026-10-09T06:52:10+00:00,66,nfs,share,0.0,1.0,0,11.6,hold,chat,0.5,0.125,S4+P,2.5161427111812174,2.5817395115646886,2.9300562865163045,1.5849916452721164,28.0,448,55,474
20261009-065112-m7-sim-sweep2,2026-10-09T06:52:10+00:00,66,nfs,share,0.0,1.0,0,11.6,hold,chat,0.5,0.125,S4L,2.437919576874094,2.5687023225135017,2.9300562865163045,1.5849916452721164,28.0,448,53,464
20261009-065112-m7-sim-sweep2,2026-10-09T06:52:10+00:00,66,nfs,share,0.0,1.0,0,11.6,hold,chat,0.5,0.125,S4B,2.4486954389430338,2.5439749271697454,2.9300562865163045,1.5849916452721153,28.0,448,49,438
20261009-065112-m7-sim-sweep2,2026-10-09T06:52:10+00:00,66,nfs,share,0.0,1.0,0,11.6,hold,chat,0.5,0.125,S5,2.8458221313439083,2.725148591127747,3.410170954427997,1.584991645272116,28.0,416,77,584
20261009-065112-m7-sim-sweep2,2026-10-09T06:52:10+00:00,66,nfs,share,0.0,1.0,0,11.6,hold,chat,0.5,0.125,S5s,2.2504519766290514,2.36678078252807,3.248336754779274,1.190763237538934,28.0,72,69,644
20261009-065112-m7-sim-sweep2,2026-10-09T06:52:10+00:00,66,nfs,share,0.0,1.0,0,11.6,hold,chat,0.5,0.125,S5L,2.437919576874094,2.5626327222407803,2.9516080106541978,1.584991645272116,28.0,416,52,457
20261009-065112-m7-sim-sweep2,2026-10-09T06:52:10+00:00,66,nfs,share,0.0,1.0,0,11.6,hold,chat,0.5,0.125,S5P,2.52153064221568,2.5826375000704345,2.9300562865163045,1.584991645272116,28.0,416,55,470
20261009-065112-m7-sim-sweep2,2026-10-09T06:52:10+00:00,66,nfs,share,0.0,1.0,0,11.6,hold,chat,0.5,0.125,S5c,2.2758509894349004,2.393166290885724,3.4340274789650493,1.2350609440966729,28.0,72,69,592
20261009-065112-m7-sim-sweep2,2026-10-09T06:52:10+00:00,66,nfs,share,0.0,1.0,0,11.6,hold,chat,0.5,0.25,S0,1.4708275945354572,1.5496496777437774,2.233301975628393,0.30295830647379535,32.0,0,56,712
20261009-065112-m7-sim-sweep2,2026-10-09T06:52:10+00:00,66,nfs,share,0.0,1.0,0,11.6,hold,chat,0.5,0.25,S1,1.1305268439095713,1.6311944639032745,3.2954872224312624,0.6986779176055192,32.0,0,26,415
20261009-065112-m7-sim-sweep2,2026-10-09T06:52:10+00:00,66,nfs,share,0.0,1.0,0,11.6,hold,chat,0.5,0.25,S2b,1.140671818231425,1.8972108718830143,3.3576765890921934,0.8659343548996544,32.0,0,41,479
20261009-065112-m7-sim-sweep2,2026-10-09T06:52:10+00:00,66,nfs,share,0.0,1.0,0,11.6,hold,chat,0.5,0.25,S4,2.0987104279299587,1.9671008878373553,2.7945761437327405,1.0494041981849211,24.0,384,34,405
20261009-065112-m7-sim-sweep2,2026-10-09T06:52:10+00:00,66,nfs,share,0.0,1.0,0,11.6,hold,chat,0.5,0.25,S4+,2.605764797388048,2.431800318376902,3.075726693061597,1.44716628481367,24.0,384,53,467
20261009-065112-m7-sim-sweep2,2026-10-09T06:52:10+00:00,66,nfs,share,0.0,1.0,0,11.6,hold,chat,0.5,0.25,S4+P,2.43791957687408,2.315803273525431,2.9180342447857726,1.4471662848136706,24.0,384,35,374
20261009-065112-m7-sim-sweep2,2026-10-09T06:52:10+00:00,66,nfs,share,0.0,1.0,0,11.6,hold,chat,0.5,0.25,S4L,2.43791957687408,2.315920185163352,2.9180342447857583,1.44716628481367,24.0,384,35,372
20261009-065112-m7-sim-sweep2,2026-10-09T06:52:10+00:00,66,nfs,share,0.0,1.0,0,11.6,hold,chat,0.5,0.25,S4B,2.43791957687408,2.3029905816006804,2.9180342447857726,1.4471662848136706,24.0,384,33,363
20261009-065112-m7-sim-sweep2,2026-10-09T06:52:10+00:00,66,nfs,share,0.0,1.0,0,11.6,hold,chat,0.5,0.25,S5,2.605764797388048,2.401303026295786,3.075726693061597,1.4166689927325546,24.0,352,53,467
20261009-065112-m7-sim-sweep2,2026-10-09T06:52:10+00:00,66,nfs,share,0.0,1.0,0,11.6,hold,chat,0.5,0.25,S5s,1.631582896929899,1.5747153345443146,2.0727664181145826,0.41721021443649065,24.0,8,50,646
20261009-065112-m7-sim-sweep2,2026-10-09T06:52:10+00:00,66,nfs,share,0.0,1.0,0,11.6,hold,chat,0.5,0.25,S5L,2.43791957687408,2.278787386918722,2.9180342447857583,1.4166689927325553,24.0,352,34,369
20261009-065112-m7-sim-sweep2,2026-10-09T06:52:10+00:00,66,nfs,share,0.0,1.0,0,11.6,hold,chat,0.5,0.25,S5P,2.43791957687408,2.285754975697188,2.9180342447857583,1.4166689927325553,24.0,352,35,372
20261009-065112-m7-sim-sweep2,2026-10-09T06:52:10+00:00,66,nfs,share,0.0,1.0,0,11.6,hold,chat,0.5,0.25,S5c,1.3996633633065727,1.9013339782469203,3.2413346953709663,0.8846046549365282,28.0,72,46,474
20261009-065112-m7-sim-sweep2,2026-10-09T06:52:10+00:00,66,nfs,share,0.0,1.0,0,11.6,hold,chat,0.5,0.5,S0,1.1406718182314108,1.246691371269982,1.8868981364628183,0.0,32.0,0,56,712
20261009-065112-m7-sim-sweep2,2026-10-09T06:52:10+00:00,66,nfs,share,0.0,1.0,0,11.6,hold,chat,0.5,0.5,S1,0.8288659568964079,1.183339644987207,2.1770133186096814,0.3799251821984709,32.0,0,14,315
20261009-065112-m7-sim-sweep2,2026-10-09T06:52:10+00:00,66,nfs,share,0.0,1.0,0,11.6,hold,chat,0.5,0.5,S2b,0.8288659568964079,1.7090965030920817,1.3850722406453428,0.9014109824728411,32.0,0,14,300
20261009-065112-m7-sim-sweep2,2026-10-09T06:52:10+00:00,66,nfs,share,0.0,1.0,0,11.6,hold,chat,0.5,0.5,S4,1.4746575282119494,1.4036603811372412,2.479463325501328,0.5999783902288988,17.0,272,17,312
20261009-065112-m7-sim-sweep2,2026-10-09T06:52:10+00:00,66,nfs,share,0.0,1.0,0,11.6,hold,chat,0.5,0.5,S4+,2.2922491703287733,1.7260899983766098,2.638715473425691,0.9647775232091119,16.0,256,18,295
20261009-065112-m7-sim-sweep2,2026-10-09T06:52:10+00:00,66,nfs,share,0.0,1.0,0,11.6,hold,chat,0.5,0.5,S4+P,2.2922491703287733,1.7011381059064206,2.6387154734257194,0.9647775232091131,16.0,256,14,270
20261009-065112-m7-sim-sweep2,2026-10-09T06:52:10+00:00,66,nfs,share,0.0,1.0,0,11.6,hold,chat,0.5,0.5,S4L,2.2922491703287733,1.7263144955030487,2.6387154734257194,0.9647775232091131,16.0,256,18,294
20261009-065112-m7-sim-sweep2,2026-10-09T06:52:10+00:00,66,nfs,share,0.0,1.0,0,11.6,hold,chat,0.5,0.5,S4B,2.2922491703287733,1.6626907039827608,2.479463325501328,0.9647775232091126,16.0,256,8,240
20261009-065112-m7-sim-sweep2,2026-10-09T06:52:10+00:00,66,nfs,share,0.0,1.0,0,11.6,hold,chat,0.5,0.5,S5,2.2873581494635147,1.6740929882046924,2.638715473425691,0.9127805130371952,16.0,224,18,295
20261009-065112-m7-sim-sweep2,2026-10-09T06:52:10+00:00,66,nfs,share,0.0,1.0,0,11.6,hold,chat,0.5,0.5,S5s,1.1585705251279563,1.1592449037199148,1.6006215032091688,0.0,23.5,0,48,648
20261009-065112-m7-sim-sweep2,2026-10-09T06:52:10+00:00,66,nfs,share,0.0,1.0,0,11.6,hold,chat,0.5,0.5,S5L,2.2037470841219147,1.6495527655767315,2.6270438255013318,0.9127805130371947,16.0,224,14,270
20261009-065112-m7-sim-sweep2,2026-10-09T06:52:10+00:00,66,nfs,share,0.0,1.0,0,11.6,hold,chat,0.5,0.5,S5P,2.2037470841219147,1.6374508894419328,2.6387154734257194,0.9127805130371952,16.0,224,12,254
20261009-065112-m7-sim-sweep2,2026-10-09T06:52:10+00:00,66,nfs,share,0.0,1.0,0,11.6,hold,chat,0.5,0.5,S5c,0.8288659568964079,1.4875599368955246,2.0057274292579166,0.6888291845002131,25.5,32,15,299
20261009-065112-m7-sim-sweep2,2026-10-09T06:52:10+00:00,67,nfs,share,0.0,1.0,0,11.6,hold,chat,2.0,0.125,S0,4.1198238095153386,4.12690844194709,5.710822938441993,0.0,32.0,0,184,584
20261009-065112-m7-sim-sweep2,2026-10-09T06:52:10+00:00,67,nfs,share,0.0,1.0,0,11.6,hold,chat,2.0,0.125,S1,3.3533592618299934,3.494753338732286,4.54861884142781,0.0,32.0,0,118,419
20261009-065112-m7-sim-sweep2,2026-10-09T06:52:10+00:00,67,nfs,share,0.0,1.0,0,11.6,hold,chat,2.0,0.125,S2b,4.265089990555673,4.52892193683136,6.538410325501303,0.8324568973802204,32.0,0,165,493
20261009-065112-m7-sim-sweep2,2026-10-09T06:52:10+00:00,67,nfs,share,0.0,1.0,0,11.6,hold,chat,2.0,0.125,S4,4.290942529597032,4.520696364420222,6.222974325501298,1.171515563896783,29.0,464,138,399
20261009-065112-m7-sim-sweep2,2026-10-09T06:52:10+00:00,67,nfs,share,0.0,1.0,0,11.6,hold,chat,2.0,0.125,S4+,5.464128325501292,5.165496164801506,6.983752325501314,1.5849916452721189,28.0,448,188,470
20261009-065112-m7-sim-sweep2,2026-10-09T06:52:10+00:00,67,nfs,share,0.0,1.0,0,11.6,hold,chat,2.0,0.125,S4+P,4.703954703055075,4.82951623679618,5.933569915442945,1.5849916452721189,28.0,448,143,378
20261009-065112-m7-sim-sweep2,2026-10-09T06:52:10+00:00,67,nfs,share,0.0,1.0,0,11.6,hold,chat,2.0,0.125,S4L,4.531344641337398,4.795476981955043,5.933569915442945,1.5849916452721189,28.0,448,138,367
20261009-065112-m7-sim-sweep2,2026-10-09T06:52:10+00:00,67,nfs,share,0.0,1.0,0,11.6,hold,chat,2.0,0.125,S4B,4.531344641337398,4.778411749956027,5.933569915442945,1.5849916452721189,28.0,448,136,361
20261009-065112-m7-sim-sweep2,2026-10-09T06:52:10+00:00,67,nfs,share,0.0,1.0,0,11.6,hold,chat,2.0,0.125,S5,5.464128325501292,5.165496164801506,6.983752325501314,1.5849916452721189,28.0,440,188,470
20261009-065112-m7-sim-sweep2,2026-10-09T06:52:10+00:00,67,nfs,share,0.0,1.0,0,11.6,hold,chat,2.0,0.125,S5s,5.464128325501292,5.046372363318047,6.983752325501314,1.4038354430037423,28.0,288,192,490
20261009-065112-m7-sim-sweep2,2026-10-09T06:52:10+00:00,67,nfs,share,0.0,1.0,0,11.6,hold,chat,2.0,0.125,S5L,4.531344641337398,4.792795921765833,5.938957846477422,1.5849916452721189,28.0,440,138,365
20261009-065112-m7-sim-sweep2,2026-10-09T06:52:10+00:00,67,nfs,share,0.0,1.0,0,11.6,hold,chat,2.0,0.125,S5P,4.703954703055075,4.82951623679618,5.933569915442945,1.5849916452721189,28.0,440,143,378
20261009-065112-m7-sim-sweep2,2026-10-09T06:52:10+00:00,67,nfs,share,0.0,1.0,0,11.6,hold,chat,2.0,0.125,S5c,5.422245038410608,4.990356371511711,6.983752325501314,1.4034187763370767,28.0,288,186,472
20261009-065112-m7-sim-sweep2,2026-10-09T06:52:10+00:00,67,nfs,share,0.0,1.0,0,11.6,hold,chat,2.0,0.25,S0,4.1198238095153386,4.12690844194709,5.710822938441993,0.0,32.0,0,184,584
20261009-065112-m7-sim-sweep2,2026-10-09T06:52:10+00:00,67,nfs,share,0.0,1.0,0,11.6,hold,chat,2.0,0.25,S1,2.940166906777094,3.14152289430972,4.54861884142781,0.0,32.0,0,84,322
20261009-065112-m7-sim-sweep2,2026-10-09T06:52:10+00:00,67,nfs,share,0.0,1.0,0,11.6,hold,chat,2.0,0.25,S2b,3.6409038115823904,3.778572993941543,5.464128325501292,0.4414795702431835,32.0,0,117,391
20261009-065112-m7-sim-sweep2,2026-10-09T06:52:10+00:00,67,nfs,share,0.0,1.0,0,11.6,hold,chat,2.0,0.25,S4,3.6504592387722283,3.8154092465793332,5.464128325501292,0.7580394825214475,24.0,384,96,310
20261009-065112-m7-sim-sweep2,2026-10-09T06:52:10+00:00,67,nfs,share,0.0,1.0,0,11.6,hold,chat,2.0,0.25,S4+,4.904290935319096,4.6731804790356515,6.2841779699127756,1.447166284813673,24.0,384,140,368
20261009-065112-m7-sim-sweep2,2026-10-09T06:52:10+00:00,67,nfs,share,0.0,1.0,0,11.6,hold,chat,2.0,0.25,S4+P,4.460045483419378,4.356462920493555,5.464128325501292,1.447166284813673,24.0,384,96,279
20261009-065112-m7-sim-sweep2,2026-10-09T06:52:10+00:00,67,nfs,share,0.0,1.0,0,11.6,hold,chat,2.0,0.25,S4L,4.460045483419378,4.347062492186256,5.464128325501292,1.447166284813673,24.0,384,95,278
20261009-065112-m7-sim-sweep2,2026-10-09T06:52:10+00:00,67,nfs,share,0.0,1.0,0,11.6,hold,chat,2.0,0.25,S4B,4.460045483419378,4.332636858336769,5.464128325501292,1.447166284813673,24.0,384,93,275
20261009-065112-m7-sim-sweep2,2026-10-09T06:52:10+00:00,67,nfs,share,0.0,1.0,0,11.6,hold,chat,2.0,0.25,S5,4.904290935319096,4.6731804790356515,6.2841779699127756,1.4471662848136735,24.0,376,140,368
20261009-065112-m7-sim-sweep2,2026-10-09T06:52:10+00:00,67,nfs,share,0.0,1.0,0,11.6,hold,chat,2.0,0.25,S5s,4.284612233954064,4.42718150454368,6.2841779699127756,0.9946924458094024,24.0,224,157,440
20261009-065112-m7-sim-sweep2,2026-10-09T06:52:10+00:00,67,nfs,share,0.0,1.0,0,11.6,hold,chat,2.0,0.25,S5L,4.460045483419378,4.339645909154917,5.464128325501292,1.447166284813673,24.0,376,94,277
20261009-065112-m7-sim-sweep2,2026-10-09T06:52:10+00:00,67,nfs,share,0.0,1.0,0,11.6,hold,chat,2.0,0.25,S5P,4.460045483419378,4.356462920493555,5.464128325501292,1.447166284813673,24.0,376,96,279
20261009-065112-m7-sim-sweep2,2026-10-09T06:52:10+00:00,67,nfs,share,0.0,1.0,0,11.6,hold,chat,2.0,0.25,S5c,4.5586360627213764,4.316181365070546,6.2841779699127756,1.0805207960959298,24.0,224,137,371
20261009-065112-m7-sim-sweep2,2026-10-09T06:52:10+00:00,67,nfs,share,0.0,1.0,0,11.6,hold,chat,2.0,0.5,S0,4.1198238095153386,4.12690844194709,5.710822938441993,0.0,32.0,0,184,584
20261009-065112-m7-sim-sweep2,2026-10-09T06:52:10+00:00,67,nfs,share,0.0,1.0,0,11.6,hold,chat,2.0,0.5,S1,2.5341979773471053,2.722797691308305,3.625640710105813,0.0,32.0,0,45,210
20261009-065112-m7-sim-sweep2,2026-10-09T06:52:10+00:00,67,nfs,share,0.0,1.0,0,11.6,hold,chat,2.0,0.5,S2b,2.7992559999999997,2.829523988815072,3.956071506418425,0.0974552192966236,32.0,0,43,215
20261009-065112-m7-sim-sweep2,2026-10-09T06:52:10+00:00,67,nfs,share,0.0,1.0,0,11.6,hold,chat,2.0,0.5,S4,2.755011448464977,3.029322313165652,4.7237051994000865,0.3652731051848607,17.0,272,52,202
20261009-065112-m7-sim-sweep2,2026-10-09T06:52:10+00:00,67,nfs,share,0.0,1.0,0,11.6,hold,chat,2.0,0.5,S4+,4.024290318253321,3.609928617451128,5.221784888208106,0.9647775232091172,16.0,256,59,199
20261009-065112-m7-sim-sweep2,2026-10-09T06:52:10+00:00,67,nfs,share,0.0,1.0,0,11.6,hold,chat,2.0,0.5,S4+P,3.8676383255013604,3.5011458934595905,5.075907537889037,0.9647775232091172,16.0,256,44,171
20261009-065112-m7-sim-sweep2,2026-10-09T06:52:10+00:00,67,nfs,share,0.0,1.0,0,11.6,hold,chat,2.0,0.5,S4L,3.8676383255013604,3.552887033056226,5.075907537889037,0.9647775232091172,16.0,256,51,186
20261009-065112-m7-sim-sweep2,2026-10-09T06:52:10+00:00,67,nfs,share,0.0,1.0,0,11.6,hold,chat,2.0,0.5,S4B,3.8676383255013604,3.5035849211336423,5.075907537889037,0.9647775232091172,16.0,256,44,172
20261009-065112-m7-sim-sweep2,2026-10-09T06:52:10+00:00,67,nfs,share,0.0,1.0,0,11.6,hold,chat,2.0,0.5,S5,4.024290318253321,3.609928617451128,5.221784888208106,0.9647775232091172,16.0,248,59,199
20261009-065112-m7-sim-sweep2,2026-10-09T06:52:10+00:00,67,nfs,share,0.0,1.0,0,11.6,hold,chat,2.0,0.5,S5s,3.6185399999999532,3.601488378798999,4.910672325501309,0.413476081375336,16.0,96,117,373
20261009-065112-m7-sim-sweep2,2026-10-09T06:52:10+00:00,67,nfs,share,0.0,1.0,0,11.6,hold,chat,2.0,0.5,S5L,3.8676383255013604,3.545919444277759,5.075907537889037,0.9647775232091172,16.0,248,50,183
20261009-065112-m7-sim-sweep2,2026-10-09T06:52:10+00:00,67,nfs,share,0.0,1.0,0,11.6,hold,chat,2.0,0.5,S5P,3.8676383255013604,3.486812262181673,5.075907537889037,0.9647775232091172,16.0,248,42,168
20261009-065112-m7-sim-sweep2,2026-10-09T06:52:10+00:00,67,nfs,share,0.0,1.0,0,11.6,hold,chat,2.0,0.5,S5c,2.7992559999999997,3.120283152289048,5.179901558232871,0.4646397582139201,16.5,104,57,201
20261009-065112-m7-sim-sweep2,2026-10-09T06:52:10+00:00,68,local,share,0.0,1.0,0,11.6,hold,chat,0.25,0.125,S0,0.49129764363802053,0.5494229734510588,0.696579889661777,0.04788614674479241,32.0,0,200,568
20261009-065112-m7-sim-sweep2,2026-10-09T06:52:10+00:00,68,local,share,0.0,1.0,0,11.6,hold,chat,0.25,0.125,S1,0.49129764363802053,0.5603287903413635,0.696579889661777,0.1156710466055948,32.0,0,113,455
20261009-065112-m7-sim-sweep2,2026-10-09T06:52:10+00:00,68,local,share,0.0,1.0,0,11.6,hold,chat,0.25,0.125,S2b,0.6816569960809531,0.722500376681556,1.0490095858246207,0.28399749576336103,32.0,0,222,445
20261009-065112-m7-sim-sweep2,2026-10-09T06:52:10+00:00,68,local,share,0.0,1.0,0,11.6,hold,chat,0.25,0.125,S4,0.8544330164728677,0.7978107467507313,1.0490095858246207,0.3956439133740215,29.0,464,192,374
20261009-065112-m7-sim-sweep2,2026-10-09T06:52:10+00:00,68,local,share,0.0,1.0,0,11.6,hold,chat,0.25,0.125,S4+,0.9111409954305714,0.8855852789155362,1.0490095858246207,0.49199004647738853,28.0,448,306,361
20261009-065112-m7-sim-sweep2,2026-10-09T06:52:10+00:00,68,local,share,0.0,1.0,0,11.6,hold,chat,0.25,0.125,S4+P,0.8871809934190438,0.8753135099101055,1.0188316851403982,0.49199004647738853,28.0,448,205,338
20261009-065112-m7-sim-sweep2,2026-10-09T06:52:10+00:00,68,local,share,0.0,1.0,0,11.6,hold,chat,0.25,0.125,S4L,0.8809630947463489,0.8746482771469223,1.0188316851403982,0.49199004647738853,28.0,448,199,337
20261009-065112-m7-sim-sweep2,2026-10-09T06:52:10+00:00,68,local,share,0.0,1.0,0,11.6,hold,chat,0.25,0.125,S4B,0.8809630947463489,0.8713482872249306,1.0188316851403982,0.49199004647738853,28.0,448,163,331
20261009-065112-m7-sim-sweep2,2026-10-09T06:52:10+00:00,68,local,share,0.0,1.0,0,11.6,hold,chat,0.25,0.125,S5,0.9111409954305714,0.8746453657518595,1.0490095858246207,0.4810862773510684,28.0,400,306,361
20261009-065112-m7-sim-sweep2,2026-10-09T06:52:10+00:00,68,local,share,0.0,1.0,0,11.6,hold,chat,0.25,0.125,S5s,0.9111409954305714,0.856286696797716,1.0490095858246207,0.461013372615497,28.0,384,308,361
20261009-065112-m7-sim-sweep2,2026-10-09T06:52:10+00:00,68,local,share,0.0,1.0,0,11.6,hold,chat,0.25,0.125,S5L,0.8809630947463489,0.8619029071049477,1.0188316851403982,0.4810862773510684,28.0,400,179,334
20261009-065112-m7-sim-sweep2,2026-10-09T06:52:10+00:00,68,local,share,0.0,1.0,0,11.6,hold,chat,0.25,0.125,S5P,0.8871809934190438,0.8635848117311552,1.0188316851403982,0.4810862773510684,28.0,400,195,337
20261009-065112-m7-sim-sweep2,2026-10-09T06:52:10+00:00,68,local,share,0.0,1.0,0,11.6,hold,chat,0.25,0.125,S5c,0.9111409954305714,0.8610517983813158,1.0490095858246207,0.4674565659431682,28.0,384,306,361
20261009-065112-m7-sim-sweep2,2026-10-09T06:52:10+00:00,68,local,share,0.0,1.0,0,11.6,hold,chat,0.25,0.25,S0,0.49129764363802053,0.5015368267062664,0.696579889661777,0.0,32.0,0,200,568
20261009-065112-m7-sim-sweep2,2026-10-09T06:52:10+00:00,68,local,share,0.0,1.0,0,11.6,hold,chat,0.25,0.25,S1,0.4575142033872268,0.49671690787457895,0.696579889661777,0.07783743518848614,32.0,0,74,405
20261009-065112-m7-sim-sweep2,2026-10-09T06:52:10+00:00,68,local,share,0.0,1.0,0,11.6,hold,chat,0.25,0.25,S2b,0.488933696819025,0.6186976173823903,0.9576716244198877,0.202137160145341,32.0,0,134,404
20261009-065112-m7-sim-sweep2,2026-10-09T06:52:10+00:00,68,local,share,0.0,1.0,0,11.6,hold,chat,0.25,0.25,S4,0.6713394252677602,0.6655010221924554,0.9887406680633859,0.2705989473323764,24.0,384,114,362
20261009-065112-m7-sim-sweep2,2026-10-09T06:52:10+00:00,68,local,share,0.0,1.0,0,11.6,hold,chat,0.25,0.25,S4+,0.8980701529155439,0.8324972398293026,1.0277027368098146,0.4492083033054417,24.0,384,198,339
20261009-065112-m7-sim-sweep2,2026-10-09T06:52:10+00:00,68,local,share,0.0,1.0,0,11.6,hold,chat,0.25,0.25,S4+P,0.8809630947463489,0.8253985720907568,0.9887406680633859,0.4492083033054417,24.0,384,127,324
20261009-065112-m7-sim-sweep2,2026-10-09T06:52:10+00:00,68,local,share,0.0,1.0,0,11.6,hold,chat,0.25,0.25,S4L,0.8809630947463489,0.8248804138680322,0.9887406680633859,0.4492083033054417,24.0,384,122,323
20261009-065112-m7-sim-sweep2,2026-10-09T06:52:10+00:00,68,local,share,0.0,1.0,0,11.6,hold,chat,0.25,0.25,S4B,0.8798576314048603,0.8223782939195848,0.9887406680633859,0.4492083033054417,24.0,384,93,319
20261009-065112-m7-sim-sweep2,2026-10-09T06:52:10+00:00,68,local,share,0.0,1.0,0,11.6,hold,chat,0.25,0.25,S5,0.8980701529155439,0.7974264326974966,1.0277027368098146,0.4141877203115681,24.0,336,198,339
20261009-065112-m7-sim-sweep2,2026-10-09T06:52:10+00:00,68,local,share,0.0,1.0,0,11.6,hold,chat,0.25,0.25,S5s,0.8980701529155439,0.7817414364468611,1.0277027368098146,0.39552279100717475,24.0,320,202,339
20261009-065112-m7-sim-sweep2,2026-10-09T06:52:10+00:00,68,local,share,0.0,1.0,0,11.6,hold,chat,0.25,0.25,S5L,0.8809630947463489,0.7894782249160771,0.9887406680633859,0.4141877203115681,24.0,336,118,323
20261009-065112-m7-sim-sweep2,2026-10-09T06:52:10+00:00,68,local,share,0.0,1.0,0,11.6,hold,chat,0.25,0.25,S5P,0.8809630947463489,0.7896527971212018,0.9887406680633859,0.4141877203115681,24.0,336,120,324
20261009-065112-m7-sim-sweep2,2026-10-09T06:52:10+00:00,68,local,share,0.0,1.0,0,11.6,hold,chat,0.25,0.25,S5c,0.8980701529155439,0.7852438061392633,1.0277027368098146,0.40189666164126514,24.0,320,198,339
20261009-065112-m7-sim-sweep2,2026-10-09T06:52:10+00:00,68,local,share,0.0,1.0,0,11.6,hold,chat,0.25,0.5,S0,0.49129764363802053,0.5015368267062664,0.696579889661777,0.0,32.0,0,200,568
20261009-065112-m7-sim-sweep2,2026-10-09T06:52:10+00:00,68,local,share,0.0,1.0,0,11.6,hold,chat,0.25,0.5,S1,0.3681648793103136,0.3944960897166994,0.48656975000002944,0.0,32.0,0,37,360
20261009-065112-m7-sim-sweep2,2026-10-09T06:52:10+00:00,68,local,share,0.0,1.0,0,11.6,hold,chat,0.25,0.5,S2b,0.42828487374031,0.6039161225065067,0.5680591942995932,0.21450301181863965,32.0,0,29,347
20261009-065112-m7-sim-sweep2,2026-10-09T06:52:10+00:00,68,local,share,0.0,1.0,0,11.6,hold,chat,0.25,0.5,S4,0.4654302281782776,0.5256412838912888,0.9111409954305714,0.13844854479083737,17.0,272,50,344
20261009-065112-m7-sim-sweep2,2026-10-09T06:52:10+00:00,68,local,share,0.0,1.0,0,11.6,hold,chat,0.25,0.5,S4+,0.7833450817469583,0.670839123692612,0.9887406680633859,0.2994722022036278,16.0,256,58,315
20261009-065112-m7-sim-sweep2,2026-10-09T06:52:10+00:00,68,local,share,0.0,1.0,0,11.6,hold,chat,0.25,0.5,S4+P,0.7833450817469583,0.6689755770063451,0.9887406680633859,0.2994722022036278,16.0,256,38,311
20261009-065112-m7-sim-sweep2,2026-10-09T06:52:10+00:00,68,local,share,0.0,1.0,0,11.6,hold,chat,0.25,0.5,S4L,0.7833450817469583,0.6711397183320482,0.9887406680633859,0.2994722022036278,16.0,256,62,315
20261009-065112-m7-sim-sweep2,2026-10-09T06:52:10+00:00,68,local,share,0.0,1.0,0,11.6,hold,chat,0.25,0.5,S4B,0.7833450817469583,0.6672825991019972,0.9887406680633859,0.2994722022036278,16.0,256,22,308
20261009-065112-m7-sim-sweep2,2026-10-09T06:52:10+00:00,68,local,share,0.0,1.0,0,11.6,hold,chat,0.25,0.5,S5,0.6265974590317,0.6280653496298582,0.9887406680633859,0.256690459031681,16.0,208,58,315
20261009-065112-m7-sim-sweep2,2026-10-09T06:52:10+00:00,68,local,share,0.0,1.0,0,11.6,hold,chat,0.25,0.5,S5s,0.48656975000002944,0.609879185162594,0.9887406680633859,0.23529958744570756,16.0,192,63,315
20261009-065112-m7-sim-sweep2,2026-10-09T06:52:10+00:00,68,local,share,0.0,1.0,0,11.6,hold,chat,0.25,0.5,S5L,0.6265974590317,0.625937189622577,0.9887406680633859,0.256690459031681,16.0,208,35,311
20261009-065112-m7-sim-sweep2,2026-10-09T06:52:10+00:00,68,local,share,0.0,1.0,0,11.6,hold,chat,0.25,0.5,S5P,0.6265974590317,0.6249759083725769,0.9887406680633859,0.256690459031681,16.0,208,26,309
20261009-065112-m7-sim-sweep2,2026-10-09T06:52:10+00:00,68,local,share,0.0,1.0,0,11.6,hold,chat,0.25,0.5,S5c,0.48656975000002944,0.6119887230590605,0.9887406680633859,0.24033480534220075,16.0,192,58,315
20261009-065112-m7-sim-sweep2,2026-10-09T06:52:10+00:00,69,local,share,0.0,1.0,0,11.6,hold,chat,0.5,0.125,S0,0.881409000000005,0.8833793738928731,1.1943910000000102,0.0,32.0,0,304,464
20261009-065112-m7-sim-sweep2,2026-10-09T06:52:10+00:00,69,local,share,0.0,1.0,0,11.6,hold,chat,0.5,0.125,S1,0.795708932096943,0.8009522658603766,1.0466803774591398,0.004197355275846822,32.0,0,187,365
20261009-065112-m7-sim-sweep2,2026-10-09T06:52:10+00:00,69,local,share,0.0,1.0,0,11.6,hold,chat,0.5,0.125,S2b,1.02476264776125,1.0326514499119466,1.4178436184747483,0.2618218556963541,32.0,0,318,343
20261009-065112-m7-sim-sweep2,2026-10-09T06:52:10+00:00,69,local,share,0.0,1.0,0,11.6,hold,chat,0.5,0.125,S4,1.119688738091341,1.0774348812287424,1.4234900727977617,0.36488310100645843,29.0,464,273,276
20261009-065112-m7-sim-sweep2,2026-10-09T06:52:10+00:00,69,local,share,0.0,1.0,0,11.6,hold,chat,0.5,0.125,S4+,1.2104216289828145,1.1816757528562114,1.4234900727977617,0.491990046477353,28.0,448,408,253
20261009-065112-m7-sim-sweep2,2026-10-09T06:52:10+00:00,69,local,share,0.0,1.0,0,11.6,hold,chat,0.5,0.125,S4+P,1.1787427348256685,1.1677197915226738,1.3843594954030891,0.491990046477353,28.0,448,293,236
20261009-065112-m7-sim-sweep2,2026-10-09T06:52:10+00:00,69,local,share,0.0,1.0,0,11.6,hold,chat,0.5,0.125,S4L,1.1712910515881418,1.165815607945292,1.3843594954030891,0.491990046477353,28.0,448,285,232
20261009-065112-m7-sim-sweep2,2026-10-09T06:52:10+00:00,69,local,share,0.0,1.0,0,11.6,hold,chat,0.5,0.125,S4B,1.171291051588092,1.1632329220839221,1.3843594954030891,0.491990046477353,28.0,448,258,229
20261009-065112-m7-sim-sweep2,2026-10-09T06:52:10+00:00,69,local,share,0.0,1.0,0,11.6,hold,chat,0.5,0.125,S5,1.2104216289828145,1.1816757528562156,1.4234900727977617,0.49199004647735656,28.0,416,408,253
20261009-065112-m7-sim-sweep2,2026-10-09T06:52:10+00:00,69,local,share,0.0,1.0,0,11.6,hold,chat,0.5,0.125,S5s,1.2104216289828145,1.1713647343433156,1.4234900727977617,0.48108627735104054,28.0,400,409,253
20261009-065112-m7-sim-sweep2,2026-10-09T06:52:10+00:00,69,local,share,0.0,1.0,0,11.6,hold,chat,0.5,0.125,S5L,1.1712910515881632,1.1653652001011665,1.3843594954030891,0.49199004647735894,28.0,416,277,232
20261009-065112-m7-sim-sweep2,2026-10-09T06:52:10+00:00,69,local,share,0.0,1.0,0,11.6,hold,chat,0.5,0.125,S5P,1.1787427348256827,1.1675717859591466,1.3843594954030891,0.49199004647735833,28.0,416,289,236
20261009-065112-m7-sim-sweep2,2026-10-09T06:52:10+00:00,69,local,share,0.0,1.0,0,11.6,hold,chat,0.5,0.125,S5c,1.2104216289828145,1.1707719837299002,1.4234900727977617,0.48108627735104115,28.0,400,408,253
20261009-065112-m7-sim-sweep2,2026-10-09T06:52:10+00:00,69,local,share,0.0,1.0,0,11.6,hold,chat,0.5,0.25,S0,0.881409000000005,0.8833793738928731,1.1943910000000102,0.0,32.0,0,304,464
20261009-065112-m7-sim-sweep2,2026-10-09T06:52:10+00:00,69,local,share,0.0,1.0,0,11.6,hold,chat,0.5,0.25,S1,0.7249085330258822,0.7508718737252273,1.0466803774591398,0.0,32.0,0,128,315
20261009-065112-m7-sim-sweep2,2026-10-09T06:52:10+00:00,69,local,share,0.0,1.0,0,11.6,hold,chat,0.5,0.25,S2b,0.8645483220161054,0.8826835185170315,1.2807724959264846,0.14112481521779804,32.0,0,212,308
20261009-065112-m7-sim-sweep2,2026-10-09T06:52:10+00:00,69,local,share,0.0,1.0,0,11.6,hold,chat,0.5,0.25,S4,0.8861805000000089,0.9376190426841085,1.378906418063366,0.23529958744570756,24.0,384,176,264
20261009-065112-m7-sim-sweep2,2026-10-09T06:52:10+00:00,69,local,share,0.0,1.0,0,11.6,hold,chat,0.5,0.25,S4+,1.196178256336438,1.1260466794878947,1.3995614180633709,0.44920830330542394,24.0,384,282,238
20261009-065112-m7-sim-sweep2,2026-10-09T06:52:10+00:00,69,local,share,0.0,1.0,0,11.6,hold,chat,0.5,0.25,S4+P,1.171291051588092,1.1133365986723014,1.3452289180084165,0.44920830330542394,24.0,384,188,221
20261009-065112-m7-sim-sweep2,2026-10-09T06:52:10+00:00,69,local,share,0.0,1.0,0,11.6,hold,chat,0.5,0.25,S4L,1.171291051588092,1.112965226892501,1.3452289180084307,0.44920830330542394,24.0,384,187,220
20261009-065112-m7-sim-sweep2,2026-10-09T06:52:10+00:00,69,local,share,0.0,1.0,0,11.6,hold,chat,0.5,0.25,S4B,1.171291051588092,1.112012018561457,1.3452289180084307,0.44920830330542394,24.0,384,177,219
20261009-065112-m7-sim-sweep2,2026-10-09T06:52:10+00:00,69,local,share,0.0,1.0,0,11.6,hold,chat,0.5,0.25,S5,1.196178256336438,1.115142910361575,1.3995614180633709,0.438304534179105,24.0,352,282,238
20261009-065112-m7-sim-sweep2,2026-10-09T06:52:10+00:00,69,local,share,0.0,1.0,0,11.6,hold,chat,0.5,0.25,S5s,1.196178256336438,1.0932849869836965,1.3995614180633709,0.4141877203115592,24.0,336,285,239
20261009-065112-m7-sim-sweep2,2026-10-09T06:52:10+00:00,69,local,share,0.0,1.0,0,11.6,hold,chat,0.5,0.25,S5L,1.1712910515881418,1.101799416101808,1.3452289180084165,0.43830453417910914,24.0,352,183,220
20261009-065112-m7-sim-sweep2,2026-10-09T06:52:10+00:00,69,local,share,0.0,1.0,0,11.6,hold,chat,0.5,0.25,S5P,1.1712910515881418,1.1024328295459866,1.3452289180084165,0.43830453417910914,24.0,352,186,221
20261009-065112-m7-sim-sweep2,2026-10-09T06:52:10+00:00,69,local,share,0.0,1.0,0,11.6,hold,chat,0.5,0.25,S5c,1.196178256336438,1.0960613143905225,1.3995614180633709,0.4192229382080524,24.0,336,282,238
20261009-065112-m7-sim-sweep2,2026-10-09T06:52:10+00:00,69,local,share,0.0,1.0,0,11.6,hold,chat,0.5,0.5,S0,0.881409000000005,0.8833793738928731,1.1943910000000102,0.0,32.0,0,304,464
20261009-065112-m7-sim-sweep2,2026-10-09T06:52:10+00:00,69,local,share,0.0,1.0,0,11.6,hold,chat,0.5,0.5,S1,0.654358000000002,0.7032653134953998,0.8665093311680039,0.0,32.0,0,67,264
20261009-065112-m7-sim-sweep2,2026-10-09T06:52:10+00:00,69,local,share,0.0,1.0,0,11.6,hold,chat,0.5,0.5,S2b,0.7333127426961781,0.7345671757771411,0.973139500000002,0.03900693501630433,32.0,0,57,257
20261009-065112-m7-sim-sweep2,2026-10-09T06:52:10+00:00,69,local,share,0.0,1.0,0,11.6,hold,chat,0.5,0.5,S4,0.7508397284482058,0.7869895081556469,1.2104216289828145,0.11559694082536431,17.0,272,99,230
20261009-065112-m7-sim-sweep2,2026-10-09T06:52:10+00:00,69,local,share,0.0,1.0,0,11.6,hold,chat,0.5,0.5,S4+,1.00284491806336,0.9576615991042482,1.3452289180084165,0.2994722022036278,16.0,256,97,216
20261009-065112-m7-sim-sweep2,2026-10-09T06:52:10+00:00,69,local,share,0.0,1.0,0,11.6,hold,chat,0.5,0.5,S4+P,1.00284491806336,0.9536334214666967,1.3452289180084165,0.2994722022036278,16.0,256,74,210
20261009-065112-m7-sim-sweep2,2026-10-09T06:52:10+00:00,69,local,share,0.0,1.0,0,11.6,hold,chat,0.5,0.5,S4L,1.00284491806336,0.9566295525536278,1.3452289180084165,0.2994722022036278,16.0,256,99,213
20261009-065112-m7-sim-sweep2,2026-10-09T06:52:10+00:00,69,local,share,0.0,1.0,0,11.6,hold,chat,0.5,0.5,S4B,1.00284491806336,0.9503989266881501,1.3389399180633603,0.2994722022036278,16.0,256,42,206
20261009-065112-m7-sim-sweep2,2026-10-09T06:52:10+00:00,69,local,share,0.0,1.0,0,11.6,hold,chat,0.5,0.5,S5,0.9945509180633607,0.941305945414768,1.3452289180084165,0.2831165485141476,16.0,224,97,216
20261009-065112-m7-sim-sweep2,2026-10-09T06:52:10+00:00,69,local,share,0.0,1.0,0,11.6,hold,chat,0.5,0.5,S5s,0.9075614374798846,0.9179925373702625,1.3452289180084165,0.256690459031681,16.0,208,102,218
20261009-065112-m7-sim-sweep2,2026-10-09T06:52:10+00:00,69,local,share,0.0,1.0,0,11.6,hold,chat,0.5,0.5,S5L,0.9887832542702242,0.9379685919641935,1.3452289180084165,0.2831165485141476,16.0,224,73,211
20261009-065112-m7-sim-sweep2,2026-10-09T06:52:10+00:00,69,local,share,0.0,1.0,0,11.6,hold,chat,0.5,0.5,S5P,0.9887832542702242,0.9355343419641932,1.3389399180633603,0.2831165485141476,16.0,224,58,208
20261009-065112-m7-sim-sweep2,2026-10-09T06:52:10+00:00,69,local,share,0.0,1.0,0,11.6,hold,chat,0.5,0.5,S5c,0.9075614374798846,0.9205822886276511,1.3452289180084165,0.26172567692817417,16.0,208,97,217
20261009-065112-m7-sim-sweep2,2026-10-09T06:52:10+00:00,70,local,share,0.0,1.0,0,11.6,hold,chat,1.0,0.125,S0,1.5431829999999849,1.4975553333333285,1.9014390000000105,0.0,32.0,0,440,328
20261009-065112-m7-sim-sweep2,2026-10-09T06:52:10+00:00,70,local,share,0.0,1.0,0,11.6,hold,chat,1.0,0.125,S1,1.432959340320103,1.3989775466461072,1.8145219999999824,0.0,32.0,0,277,265
20261009-065112-m7-sim-sweep2,2026-10-09T06:52:10+00:00,70,local,share,0.0,1.0,0,11.6,hold,chat,1.0,0.125,S2b,1.6066026833367957,1.5855029919944255,2.0881859180633597,0.22776436954916215,32.0,0,418,241
20261009-065112-m7-sim-sweep2,2026-10-09T06:52:10+00:00,70,local,share,0.0,1.0,0,11.6,hold,chat,1.0,0.125,S4,1.629317959031681,1.6426948473382612,2.1259269180631577,0.3636448169614859,29.0,464,353,189
20261009-065112-m7-sim-sweep2,2026-10-09T06:52:10+00:00,70,local,share,0.0,1.0,0,11.6,hold,chat,1.0,0.125,S4+,1.7552668358246137,1.733123073489948,2.1259269180631577,0.49199004647729083,28.0,448,493,166
20261009-065112-m7-sim-sweep2,2026-10-09T06:52:10+00:00,70,local,share,0.0,1.0,0,11.6,hold,chat,1.0,0.125,S4+P,1.7340314180632532,1.718768767161239,2.0527463789554474,0.49199004647729083,28.0,448,366,157
20261009-065112-m7-sim-sweep2,2026-10-09T06:52:10+00:00,70,local,share,0.0,1.0,0,11.6,hold,chat,1.0,0.125,S4L,1.7170069180632481,1.714780574605123,2.0527463789554474,0.49199004647729083,28.0,448,356,154
20261009-065112-m7-sim-sweep2,2026-10-09T06:52:10+00:00,70,local,share,0.0,1.0,0,11.6,hold,chat,1.0,0.125,S4B,1.7170069180632481,1.714543808827905,2.0527463789554474,0.49199004647729083,28.0,448,342,154
20261009-065112-m7-sim-sweep2,2026-10-09T06:52:10+00:00,70,local,share,0.0,1.0,0,11.6,hold,chat,1.0,0.125,S5,1.7552668358246137,1.7331230734899516,2.1259269180631577,0.4919900464772944,28.0,432,493,166
20261009-065112-m7-sim-sweep2,2026-10-09T06:52:10+00:00,70,local,share,0.0,1.0,0,11.6,hold,chat,1.0,0.125,S5s,1.7552668358246137,1.7331230734899539,2.1259269180631577,0.49199004647729677,28.0,424,493,166
20261009-065112-m7-sim-sweep2,2026-10-09T06:52:10+00:00,70,local,share,0.0,1.0,0,11.6,hold,chat,1.0,0.125,S5L,1.7170069180632481,1.7145438088279075,2.0527463789555185,0.4919900464772938,28.0,432,352,154
20261009-065112-m7-sim-sweep2,2026-10-09T06:52:10+00:00,70,local,share,0.0,1.0,0,11.6,hold,chat,1.0,0.125,S5P,1.7340314180632532,1.7187687671612413,2.0527463789555185,0.4919900464772938,28.0,432,366,157
20261009-065112-m7-sim-sweep2,2026-10-09T06:52:10+00:00,70,local,share,0.0,1.0,0,11.6,hold,chat,1.0,0.125,S5c,1.7552668358246137,1.7331230734899539,2.1259269180631577,0.49199004647729677,28.0,424,493,166
20261009-065112-m7-sim-sweep2,2026-10-09T06:52:10+00:00,70,local,share,0.0,1.0,0,11.6,hold,chat,1.0,0.25,S0,1.5431829999999849,1.4975553333333285,1.9014390000000105,0.0,32.0,0,440,328
20261009-065112-m7-sim-sweep2,2026-10-09T06:52:10+00:00,70,local,share,0.0,1.0,0,11.6,hold,chat,1.0,0.25,S1,1.3227356806401787,1.3363068864449528,1.8145219999999824,0.0,32.0,0,194,225
20261009-065112-m7-sim-sweep2,2026-10-09T06:52:10+00:00,70,local,share,0.0,1.0,0,11.6,hold,chat,1.0,0.25,S2b,1.5023339999999905,1.45147625485614,1.8930759400517019,0.12614892504168532,32.0,0,294,218
20261009-065112-m7-sim-sweep2,2026-10-09T06:52:10+00:00,70,local,share,0.0,1.0,0,11.6,hold,chat,1.0,0.25,S4,1.5319920322527736,1.4969349796004583,2.056563918063347,0.23529958744567203,24.0,384,242,177
20261009-065112-m7-sim-sweep2,2026-10-09T06:52:10+00:00,70,local,share,0.0,1.0,0,11.6,hold,chat,1.0,0.25,S4+,1.7510559180633578,1.6711519817388414,2.0881859180631466,0.44920830330535466,24.0,384,359,153
20261009-065112-m7-sim-sweep2,2026-10-09T06:52:10+00:00,70,local,share,0.0,1.0,0,11.6,hold,chat,1.0,0.25,S4+P,1.7170069180631344,1.6573655760726094,2.0153009180633603,0.44920830330535527,24.0,384,244,144
20261009-065112-m7-sim-sweep2,2026-10-09T06:52:10+00:00,70,local,share,0.0,1.0,0,11.6,hold,chat,1.0,0.25,S4L,1.7170069180631344,1.6558889286097884,2.0153009180633603,0.44920830330535527,24.0,384,243,143
20261009-065112-m7-sim-sweep2,2026-10-09T06:52:10+00:00,70,local,share,0.0,1.0,0,11.6,hold,chat,1.0,0.25,S4B,1.7170069180631344,1.6544819357936866,2.0153009180633603,0.44920830330535527,24.0,384,235,142
20261009-065112-m7-sim-sweep2,2026-10-09T06:52:10+00:00,70,local,share,0.0,1.0,0,11.6,hold,chat,1.0,0.25,S5,1.7510559180633578,1.6711519817388474,2.0881859180631466,0.4492083033053606,24.0,368,359,153
20261009-065112-m7-sim-sweep2,2026-10-09T06:52:10+00:00,70,local,share,0.0,1.0,0,11.6,hold,chat,1.0,0.25,S5s,1.7510559180633578,1.6684260394572619,2.0881859180631466,0.44648236102378175,24.0,360,359,153
20261009-065112-m7-sim-sweep2,2026-10-09T06:52:10+00:00,70,local,share,0.0,1.0,0,11.6,hold,chat,1.0,0.25,S5L,1.7170069180631344,1.6558889286097944,2.0153009180633603,0.44920830330536116,24.0,368,239,143
20261009-065112-m7-sim-sweep2,2026-10-09T06:52:10+00:00,70,local,share,0.0,1.0,0,11.6,hold,chat,1.0,0.25,S5P,1.7170069180631344,1.6573655760726151,2.0153009180633603,0.44920830330536116,24.0,368,242,144
20261009-065112-m7-sim-sweep2,2026-10-09T06:52:10+00:00,70,local,share,0.0,1.0,0,11.6,hold,chat,1.0,0.25,S5c,1.7510559180633578,1.6684260394572636,2.0881859180631466,0.44648236102378175,24.0,360,359,153
20261009-065112-m7-sim-sweep2,2026-10-09T06:52:10+00:00,70,local,share,0.0,1.0,0,11.6,hold,chat,1.0,0.5,S0,1.5431829999999849,1.4975553333333285,1.9014390000000105,0.0,32.0,0,440,328
20261009-065112-m7-sim-sweep2,2026-10-09T06:52:10+00:00,70,local,share,0.0,1.0,0,11.6,hold,chat,1.0,0.5,S1,1.1748200775861193,1.26669123955046,1.612546000000009,0.0,32.0,0,103,180
20261009-065112-m7-sim-sweep2,2026-10-09T06:52:10+00:00,70,local,share,0.0,1.0,0,11.6,hold,chat,1.0,0.5,S2b,1.262803536894765,1.2872986563298632,1.6125459999999947,0.023283480534212586,32.0,0,98,178
20261009-065112-m7-sim-sweep2,2026-10-09T06:52:10+00:00,70,local,share,0.0,1.0,0,11.6,hold,chat,1.0,0.5,S4,1.1899498404489108,1.3233736066317021,1.7552668358246137,0.10695435792985819,17.0,272,134,148
20261009-065112-m7-sim-sweep2,2026-10-09T06:52:10+00:00,70,local,share,0.0,1.0,0,11.6,hold,chat,1.0,0.5,S4+,1.5019199999999984,1.4974640637274519,2.0153009180633603,0.29947220220356563,16.0,256,139,137
20261009-065112-m7-sim-sweep2,2026-10-09T06:52:10+00:00,70,local,share,0.0,1.0,0,11.6,hold,chat,1.0,0.5,S4+P,1.5019199999999984,1.4946360107523926,2.015300918063133,0.29947220220356563,16.0,256,105,135
20261009-065112-m7-sim-sweep2,2026-10-09T06:52:10+00:00,70,local,share,0.0,1.0,0,11.6,hold,chat,1.0,0.5,S4L,1.5019199999999984,1.4935270945840085,2.015300918063133,0.29947220220356563,16.0,256,131,134
20261009-065112-m7-sim-sweep2,2026-10-09T06:52:10+00:00,70,local,share,0.0,1.0,0,11.6,hold,chat,1.0,0.5,S4B,1.5019199999999984,1.490311392936291,2.015300918063133,0.29947220220356563,16.0,256,82,132
20261009-065112-m7-sim-sweep2,2026-10-09T06:52:10+00:00,70,local,share,0.0,1.0,0,11.6,hold,chat,1.0,0.5,S5,1.5019199999999984,1.4974640637274519,2.0153009180633603,0.29947220220356563,16.0,240,139,137
20261009-065112-m7-sim-sweep2,2026-10-09T06:52:10+00:00,70,local,share,0.0,1.0,0,11.6,hold,chat,1.0,0.5,S5s,1.5019199999999984,1.4906492080235019,2.0153009180633603,0.29265734649961556,16.0,232,139,137
20261009-065112-m7-sim-sweep2,2026-10-09T06:52:10+00:00,70,local,share,0.0,1.0,0,11.6,hold,chat,1.0,0.5,S5L,1.5019199999999984,1.4934657837135088,2.015300918063133,0.29947220220356563,16.0,240,123,134
20261009-065112-m7-sim-sweep2,2026-10-09T06:52:10+00:00,70,local,share,0.0,1.0,0,11.6,hold,chat,1.0,0.5,S5P,1.5019199999999984,1.491718385752393,2.015300918063133,0.29947220220356563,16.0,240,98,133
20261009-065112-m7-sim-sweep2,2026-10-09T06:52:10+00:00,70,local,share,0.0,1.0,0,11.6,hold,chat,1.0,0.5,S5c,1.5019199999999984,1.4906492080235019,2.0153009180633603,0.29265734649961556,16.0,232,139,137
20261009-065112-m7-sim-sweep2,2026-10-09T06:52:10+00:00,71,local,share,0.0,1.0,0,11.6,hold,chat,2.0,0.125,S0,2.6174319999999796,2.5849463470840615,3.2250919999999894,0.0,32.0,0,568,200
20261009-065112-m7-sim-sweep2,2026-10-09T06:52:10+00:00,71,local,share,0.0,1.0,0,11.6,hold,chat,2.0,0.125,S1,2.5235146641272053,2.4857181892594507,3.1496099999999956,0.0,32.0,0,372,165
20261009-065112-m7-sim-sweep2,2026-10-09T06:52:10+00:00,71,local,share,0.0,1.0,0,11.6,hold,chat,2.0,0.125,S2b,2.69432915165266,2.661246530516701,3.3789889180631576,0.2277643695491355,32.0,0,509,149
20261009-065112-m7-sim-sweep2,2026-10-09T06:52:10+00:00,71,local,share,0.0,1.0,0,11.6,hold,chat,2.0,0.125,S4,2.7945614590316836,2.711617407349586,3.3838873399026568,0.36364481696145035,29.0,464,419,118
20261009-065112-m7-sim-sweep2,2026-10-09T06:52:10+00:00,71,local,share,0.0,1.0,0,11.6,hold,chat,2.0,0.125,S4+,2.8542809180631536,2.7845611391782357,3.3838873399026568,0.4919900464772464,28.0,448,559,99
20261009-065112-m7-sim-sweep2,2026-10-09T06:52:10+00:00,71,local,share,0.0,1.0,0,11.6,hold,chat,2.0,0.125,S4+P,2.7898669180631543,2.768371496597021,3.3789889180631576,0.4919900464772464,28.0,448,428,93
20261009-065112-m7-sim-sweep2,2026-10-09T06:52:10+00:00,71,local,share,0.0,1.0,0,11.6,hold,chat,2.0,0.125,S4L,2.789866918063254,2.7733839896126575,3.3789889180631576,0.4919900464772464,28.0,448,410,95
20261009-065112-m7-sim-sweep2,2026-10-09T06:52:10+00:00,71,local,share,0.0,1.0,0,11.6,hold,chat,2.0,0.125,S4B,2.7898669180631543,2.768306580655583,3.3789889180631576,0.4919900464772464,28.0,448,404,93
20261009-065112-m7-sim-sweep2,2026-10-09T06:52:10+00:00,71,local,share,0.0,1.0,0,11.6,hold,chat,2.0,0.125,S5,2.8542809180631536,2.7845611391782357,3.3838873399026568,0.4919900464772464,28.0,440,559,99
20261009-065112-m7-sim-sweep2,2026-10-09T06:52:10+00:00,71,local,share,0.0,1.0,0,11.6,hold,chat,2.0,0.125,S5s,2.8542809180631536,2.7845611391782357,3.3838873399026568,0.4919900464772464,28.0,432,559,99
20261009-065112-m7-sim-sweep2,2026-10-09T06:52:10+00:00,71,local,share,0.0,1.0,0,11.6,hold,chat,2.0,0.125,S5L,2.789866918063254,2.7709818313716994,3.3789889180631576,0.4919900464772464,28.0,440,409,94
20261009-065112-m7-sim-sweep2,2026-10-09T06:52:10+00:00,71,local,share,0.0,1.0,0,11.6,hold,chat,2.0,0.125,S5P,2.7898669180631543,2.768371496597021,3.3789889180631576,0.4919900464772464,28.0,440,428,93
20261009-065112-m7-sim-sweep2,2026-10-09T06:52:10+00:00,71,local,share,0.0,1.0,0,11.6,hold,chat,2.0,0.125,S5c,2.8542809180631536,2.7845611391782357,3.3838873399026568,0.4919900464772464,28.0,432,559,99
20261009-065112-m7-sim-sweep2,2026-10-09T06:52:10+00:00,71,local,share,0.0,1.0,0,11.6,hold,chat,2.0,0.25,S0,2.6174319999999796,2.5849463470840615,3.2250919999999894,0.0,32.0,0,568,200
20261009-065112-m7-sim-sweep2,2026-10-09T06:52:10+00:00,71,local,share,0.0,1.0,0,11.6,hold,chat,2.0,0.25,S1,2.4295973282544097,2.417084757357328,3.1496099999999956,0.0,32.0,0,265,141
20261009-065112-m7-sim-sweep2,2026-10-09T06:52:10+00:00,71,local,share,0.0,1.0,0,11.6,hold,chat,2.0,0.25,S2b,2.6174319999999796,2.5351128898553412,3.229344536894729,0.12614892504166697,32.0,0,368,140
20261009-065112-m7-sim-sweep2,2026-10-09T06:52:10+00:00,71,local,share,0.0,1.0,0,11.6,hold,chat,2.0,0.25,S4,2.7271149180632577,2.5704283146221756,3.2046349180631353,0.2352995874456454,24.0,384,293,113
20261009-065112-m7-sim-sweep2,2026-10-09T06:52:10+00:00,71,local,share,0.0,1.0,0,11.6,hold,chat,2.0,0.25,S4+,2.7898669180632467,2.7297148194406042,3.3789889180631576,0.4492083033053085,24.0,384,413,95
20261009-065112-m7-sim-sweep2,2026-10-09T06:52:10+00:00,71,local,share,0.0,1.0,0,11.6,hold,chat,2.0,0.25,S4+P,2.7898669180631543,2.7137055665396894,3.3126369180633617,0.4492083033053085,24.0,384,286,89
20261009-065112-m7-sim-sweep2,2026-10-09T06:52:10+00:00,71,local,share,0.0,1.0,0,11.6,hold,chat,2.0,0.25,S4L,2.7898669180631543,2.7137055665396894,3.3126369180633617,0.4492083033053085,24.0,384,284,89
20261009-065112-m7-sim-sweep2,2026-10-09T06:52:10+00:00,71,local,share,0.0,1.0,0,11.6,hold,chat,2.0,0.25,S4B,2.7898669180631543,2.7137055665396894,3.3126369180633617,0.4492083033053085,24.0,384,279,89
20261009-065112-m7-sim-sweep2,2026-10-09T06:52:10+00:00,71,local,share,0.0,1.0,0,11.6,hold,chat,2.0,0.25,S5,2.789866918063254,2.729714819440605,3.3789889180631576,0.4492083033053085,24.0,376,413,95
20261009-065112-m7-sim-sweep2,2026-10-09T06:52:10+00:00,71,local,share,0.0,1.0,0,11.6,hold,chat,2.0,0.25,S5s,2.789866918063261,2.7297148194406056,3.3789889180631576,0.4492083033053085,24.0,368,413,95
20261009-065112-m7-sim-sweep2,2026-10-09T06:52:10+00:00,71,local,share,0.0,1.0,0,11.6,hold,chat,2.0,0.25,S5L,2.7898669180631543,2.7137055665396903,3.3126369180633617,0.4492083033053085,24.0,376,282,89
20261009-065112-m7-sim-sweep2,2026-10-09T06:52:10+00:00,71,local,share,0.0,1.0,0,11.6,hold,chat,2.0,0.25,S5P,2.7898669180631543,2.7137055665396903,3.3126369180633617,0.4492083033053085,24.0,376,286,89
20261009-065112-m7-sim-sweep2,2026-10-09T06:52:10+00:00,71,local,share,0.0,1.0,0,11.6,hold,chat,2.0,0.25,S5c,2.789866918063261,2.7297148194406056,3.3789889180631576,0.4492083033053085,24.0,368,413,95
20261009-065112-m7-sim-sweep2,2026-10-09T06:52:10+00:00,71,local,share,0.0,1.0,0,11.6,hold,chat,2.0,0.5,S0,2.6174319999999796,2.5849463470840615,3.2250919999999894,0.0,32.0,0,568,200
20261009-065112-m7-sim-sweep2,2026-10-09T06:52:10+00:00,71,local,share,0.0,1.0,0,11.6,hold,chat,2.0,0.5,S1,2.2137340000000165,2.335463753758987,2.9445626756013326,0.0,32.0,0,142,113
20261009-065112-m7-sim-sweep2,2026-10-09T06:52:10+00:00,71,local,share,0.0,1.0,0,11.6,hold,chat,2.0,0.5,S2b,2.306964423842942,2.362367026450386,2.9445626756013326,0.02328348053421081,32.0,0,143,115
20261009-065112-m7-sim-sweep2,2026-10-09T06:52:10+00:00,71,local,share,0.0,1.0,0,11.6,hold,chat,2.0,0.5,S4,2.2152534590315867,2.380938014526969,2.870506421839508,0.10695435792982266,17.0,272,162,92
20261009-065112-m7-sim-sweep2,2026-10-09T06:52:10+00:00,71,local,share,0.0,1.0,0,11.6,hold,chat,2.0,0.5,S4+,2.7271149180631653,2.5496729372689733,3.3126369180631627,0.29947220220350346,16.0,256,174,84
20261009-065112-m7-sim-sweep2,2026-10-09T06:52:10+00:00,71,local,share,0.0,1.0,0,11.6,hold,chat,2.0,0.5,S4+P,2.7271149180631653,2.544150241699047,3.3126369180631627,0.29947220220350346,16.0,256,133,82
20261009-065112-m7-sim-sweep2,2026-10-09T06:52:10+00:00,71,local,share,0.0,1.0,0,11.6,hold,chat,2.0,0.5,S4L,2.7271149180631653,2.54967957503238,3.3126369180631627,0.29947220220350346,16.0,256,153,84
20261009-065112-m7-sim-sweep2,2026-10-09T06:52:10+00:00,71,local,share,0.0,1.0,0,11.6,hold,chat,2.0,0.5,S4B,2.7271149180631653,2.5416889683388066,3.3126369180631627,0.29947220220350346,16.0,256,135,81
20261009-065112-m7-sim-sweep2,2026-10-09T06:52:10+00:00,71,local,share,0.0,1.0,0,11.6,hold,chat,2.0,0.5,S5,2.7271149180631653,2.5496729372689733,3.3126369180631627,0.29947220220350346,16.0,248,174,84
20261009-065112-m7-sim-sweep2,2026-10-09T06:52:10+00:00,71,local,share,0.0,1.0,0,11.6,hold,chat,2.0,0.5,S5s,2.7271149180631653,2.5496729372689733,3.3126369180631627,0.29947220220350346,16.0,240,174,84
20261009-065112-m7-sim-sweep2,2026-10-09T06:52:10+00:00,71,local,share,0.0,1.0,0,11.6,hold,chat,2.0,0.5,S5L,2.7271149180631653,2.5472860827419725,3.3126369180631627,0.29947220220350346,16.0,248,150,83
20261009-065112-m7-sim-sweep2,2026-10-09T06:52:10+00:00,71,local,share,0.0,1.0,0,11.6,hold,chat,2.0,0.5,S5P,2.7271149180631653,2.544150241699047,3.3126369180631627,0.29947220220350346,16.0,248,128,82
20261009-065112-m7-sim-sweep2,2026-10-09T06:52:10+00:00,71,local,share,0.0,1.0,0,11.6,hold,chat,2.0,0.5,S5c,2.7271149180631653,2.5496729372689733,3.3126369180631627,0.29947220220350346,16.0,240,174,84
20261009-065112-m7-sim-sweep2,2026-10-09T06:52:10+00:00,72,nfs,share,0.0,1.0,0,11.6,hold,doc,0.25,0.125,S0,0.9690847273471093,1.6250450500466076,1.0310262778736217,0.6697189673695784,33.5,0,79,1481
20261009-065112-m7-sim-sweep2,2026-10-09T06:52:10+00:00,72,nfs,share,0.0,1.0,0,11.6,hold,doc,0.25,0.125,S1,0.9147573356479768,1.8588604977723666,5.605160962018431,1.013434971143326,33.5,0,76,1350
20261009-065112-m7-sim-sweep2,2026-10-09T06:52:10+00:00,72,nfs,share,0.0,1.0,0,11.6,hold,doc,0.25,0.125,S2b,0.7583110670337305,1.726528348550558,6.032870355671335,0.9646285162955207,33.5,0,67,1275
20261009-065112-m7-sim-sweep2,2026-10-09T06:52:10+00:00,72,nfs,share,0.0,1.0,0,11.6,hold,doc,0.25,0.125,S4,0.9755857722780377,1.9019209971299222,5.733252884501695,1.0307750327815028,32.75,524,86,1340
20261009-065112-m7-sim-sweep2,2026-10-09T06:52:10+00:00,72,nfs,share,0.0,1.0,0,11.6,hold,doc,0.25,0.125,S4+,0.914034137904082,1.987997294949044,7.303392969916857,1.1859312339540924,29.3125,469,93,1249
20261009-065112-m7-sim-sweep2,2026-10-09T06:52:10+00:00,72,nfs,share,0.0,1.0,0,11.6,hold,doc,0.25,0.125,S4+P,1.0622922599666111,1.9915362777076904,6.888789052005336,1.1859312339540924,29.3125,469,93,1235
20261009-065112-m7-sim-sweep2,2026-10-09T06:52:10+00:00,72,nfs,share,0.0,1.0,0,11.6,hold,doc,0.25,0.125,S4L,1.0597045444493745,1.9967078894746646,6.888789052005336,1.1859312339540924,29.3125,469,94,1246
20261009-065112-m7-sim-sweep2,2026-10-09T06:52:10+00:00,72,nfs,share,0.0,1.0,0,11.6,hold,doc,0.25,0.125,S4B,1.0648799754838478,1.975123453901021,6.888789052005336,1.1859312339540924,29.3125,469,90,1206
20261009-065112-m7-sim-sweep2,2026-10-09T06:52:10+00:00,72,nfs,share,0.0,1.0,0,11.6,hold,doc,0.25,0.125,S5,0.914034137904082,1.9879972949490436,7.3033929699168425,1.1859312339540917,29.3125,285,93,1249
20261009-065112-m7-sim-sweep2,2026-10-09T06:52:10+00:00,72,nfs,share,0.0,1.0,0,11.6,hold,doc,0.25,0.125,S5s,0.8092642554912857,1.698581032002578,4.625815094553673,0.820062258531923,30.0,0,86,1354
20261009-065112-m7-sim-sweep2,2026-10-09T06:52:10+00:00,72,nfs,share,0.0,1.0,0,11.6,hold,doc,0.25,0.125,S5L,1.0648799754838478,1.9751234539010205,6.888789052005336,1.1859312339540917,29.3125,285,90,1206
20261009-065112-m7-sim-sweep2,2026-10-09T06:52:10+00:00,72,nfs,share,0.0,1.0,0,11.6,hold,doc,0.25,0.125,S5P,1.0648799754838478,1.9751234539010205,6.888789052005336,1.1859312339540917,29.3125,285,90,1206
20261009-065112-m7-sim-sweep2,2026-10-09T06:52:10+00:00,72,nfs,share,0.0,1.0,0,11.6,hold,doc,0.25,0.125,S5c,0.8200401175602394,1.7464996588268893,5.9127924388712785,0.9361196826425271,30.0,0,88,1254
20261009-065112-m7-sim-sweep2,2026-10-09T06:52:10+00:00,72,nfs,share,0.0,1.0,0,11.6,hold,doc,0.25,0.25,S0,0.9690847273471164,1.6388019447166926,0.9692972273471128,0.6697189673695784,33.5,0,72,1488
20261009-065112-m7-sim-sweep2,2026-10-09T06:52:10+00:00,72,nfs,share,0.0,1.0,0,11.6,hold,doc,0.25,0.25,S1,0.9744726583815861,1.7014111080170444,2.1116599778052887,0.9097177086992634,33.5,0,54,1243
20261009-065112-m7-sim-sweep2,2026-10-09T06:52:10+00:00,72,nfs,share,0.0,1.0,0,11.6,hold,doc,0.25,0.25,S2b,0.6180285915229149,1.6281180978667535,5.721185941287047,0.9869704284855665,33.5,0,49,1068
20261009-065112-m7-sim-sweep2,2026-10-09T06:52:10+00:00,72,nfs,share,0.0,1.0,0,11.6,hold,doc,0.25,0.25,S4,0.9708859551400124,1.7216579199038797,4.849577929385333,0.9313095343016909,28.25,452,72,1225
20261009-065112-m7-sim-sweep2,2026-10-09T06:52:10+00:00,72,nfs,share,0.0,1.0,0,11.6,hold,doc,0.25,0.25,S4+,0.7737516623932663,1.8418697162919446,7.038991811998656,1.1859312339540917,25.125,402,68,1049
20261009-065112-m7-sim-sweep2,2026-10-09T06:52:10+00:00,72,nfs,share,0.0,1.0,0,11.6,hold,doc,0.25,0.25,S4+P,1.0621860099666094,1.9249065515037629,6.888789052005336,1.1859312339540917,25.125,402,82,1159
20261009-065112-m7-sim-sweep2,2026-10-09T06:52:10+00:00,72,nfs,share,0.0,1.0,0,11.6,hold,doc,0.25,0.25,S4L,1.0648799754838478,1.94536032358629,6.888789052005336,1.1859312339540917,25.125,402,85,1170
20261009-065112-m7-sim-sweep2,2026-10-09T06:52:10+00:00,72,nfs,share,0.0,1.0,0,11.6,hold,doc,0.25,0.25,S4B,1.0621860099666094,1.875668080083755,6.888789052005336,1.1859312339540917,25.125,402,73,1072
20261009-065112-m7-sim-sweep2,2026-10-09T06:52:10+00:00,72,nfs,share,0.0,1.0,0,11.6,hold,doc,0.25,0.25,S5,0.7737516623932663,1.8003790406967066,6.043215597712944,1.1444405583588537,25.125,218,68,1049
20261009-065112-m7-sim-sweep2,2026-10-09T06:52:10+00:00,72,nfs,share,0.0,1.0,0,11.6,hold,doc,0.25,0.25,S5s,0.9960243825194937,1.6248407831949851,1.001624813553974,0.6688209788638323,30.0,0,77,1363
20261009-065112-m7-sim-sweep2,2026-10-09T06:52:10+00:00,72,nfs,share,0.0,1.0,0,11.6,hold,doc,0.25,0.25,S5L,1.0621860099666094,1.8328304217298979,5.8930128377196525,1.1444405583588537,25.125,218,73,1078
20261009-065112-m7-sim-sweep2,2026-10-09T06:52:10+00:00,72,nfs,share,0.0,1.0,0,11.6,hold,doc,0.25,0.25,S5P,0.8984752703438375,1.7939531294500188,5.8930128377196525,1.1444405583588537,25.125,218,68,1086
20261009-065112-m7-sim-sweep2,2026-10-09T06:52:10+00:00,72,nfs,share,0.0,1.0,0,11.6,hold,doc,0.25,0.25,S5c,0.6797576420494238,1.5976142214002564,5.721185941287047,0.9306403341326567,30.0,0,62,1055
20261009-065112-m7-sim-sweep2,2026-10-09T06:52:10+00:00,72,nfs,share,0.0,1.0,0,11.6,hold,doc,0.25,0.5,S0,0.9690847273471235,1.2252561957707446,0.9692972273471128,0.25617321842362867,33.5,0,72,1488
20261009-065112-m7-sim-sweep2,2026-10-09T06:52:10+00:00,72,nfs,share,0.0,1.0,0,11.6,hold,doc,0.25,0.5,S1,0.9689758523471212,1.2354997427111645,0.9800730894160665,0.5626932300633131,33.5,0,42,1091
20261009-065112-m7-sim-sweep2,2026-10-09T06:52:10+00:00,72,nfs,share,0.0,1.0,0,11.6,hold,doc,0.25,0.5,S2b,0.5181555987706759,1.8348075506360886,0.5477892194602987,1.3768963894233426,33.5,0,21,692
20261009-065112-m7-sim-sweep2,2026-10-09T06:52:10+00:00,72,nfs,share,0.0,1.0,0,11.6,hold,doc,0.25,0.5,S4,0.9671825007263237,1.4057214416025705,0.9800730894160665,0.7392907282831468,20.0625,321,56,1077
20261009-065112-m7-sim-sweep2,2026-10-09T06:52:10+00:00,72,nfs,share,0.0,1.0,0,11.6,hold,doc,0.25,0.5,S4+,0.48510481481991974,1.2398747455749024,0.5147384355095426,0.8613665870462773,16.75,268,21,692
20261009-065112-m7-sim-sweep2,2026-10-09T06:52:10+00:00,72,nfs,share,0.0,1.0,0,11.6,hold,doc,0.25,0.5,S4+P,0.6082101453438611,1.3180763561179958,0.8978703448006513,0.861366587046278,16.75,268,36,859
20261009-065112-m7-sim-sweep2,2026-10-09T06:52:10+00:00,72,nfs,share,0.0,1.0,0,11.6,hold,doc,0.25,0.5,S4L,0.5482606387823523,1.4022274319907033,1.0704804065183282,0.861366587046278,16.75,268,49,929
20261009-065112-m7-sim-sweep2,2026-10-09T06:52:10+00:00,72,nfs,share,0.0,1.0,0,11.6,hold,doc,0.25,0.5,S4B,0.484998564819918,1.2741626406167328,1.0650924754838513,0.8613665870462773,16.75,268,26,717
20261009-065112-m7-sim-sweep2,2026-10-09T06:52:10+00:00,72,nfs,share,0.0,1.0,0,11.6,hold,doc,0.25,0.5,S5,0.48510481481991974,1.0151966546974762,0.5147384355095284,0.6366884961688507,16.75,84,21,692
20261009-065112-m7-sim-sweep2,2026-10-09T06:52:10+00:00,72,nfs,share,0.0,1.0,0,11.6,hold,doc,0.25,0.5,S5s,0.9960243825195079,1.2513701505120967,1.001624813553974,0.2552029418431694,30.0,0,72,1368
20261009-065112-m7-sim-sweep2,2026-10-09T06:52:10+00:00,72,nfs,share,0.0,1.0,0,11.6,hold,doc,0.25,0.5,S5L,0.5196961165440186,1.0637410232160616,1.0650924754838513,0.6366884961688513,16.75,84,28,724
20261009-065112-m7-sim-sweep2,2026-10-09T06:52:10+00:00,72,nfs,share,0.0,1.0,0,11.6,hold,doc,0.25,0.5,S5P,0.5009472329233446,1.0272670201708702,0.7791395934277432,0.6366884961688507,16.75,84,24,745
20261009-065112-m7-sim-sweep2,2026-10-09T06:52:10+00:00,72,nfs,share,0.0,1.0,0,11.6,hold,doc,0.25,0.5,S5c,0.5152491332534339,1.733225715810687,0.5477892194602987,1.2859016216224883,30.0,0,21,692
20261009-065112-m7-sim-sweep2,2026-10-09T06:52:10+00:00,73,nfs,share,0.0,1.0,0,11.6,hold,doc,0.5,0.125,S0,1.6809181428634474,2.2477380990731333,1.938169454694247,0.5280939247590423,33.5,0,163,1397
20261009-065112-m7-sim-sweep2,2026-10-09T06:52:10+00:00,73,nfs,share,0.0,1.0,0,11.6,hold,doc,0.5,0.125,S1,1.686093573897935,2.2227306463127405,4.835949518777781,0.6854425695628746,33.5,0,147,1256
20261009-065112-m7-sim-sweep2,2026-10-09T06:52:10+00:00,73,nfs,share,0.0,1.0,0,11.6,hold,doc,0.5,0.125,S2b,1.3701020873002392,2.27428836062389,6.461662209782631,0.9156815818665004,33.5,0,137,1205
20261009-065112-m7-sim-sweep2,2026-10-09T06:52:10+00:00,73,nfs,share,0.0,1.0,0,11.6,hold,doc,0.5,0.125,S4,1.663085020343857,2.454188157356844,4.46105813304905,0.9526172108087069,32.75,524,161,1242
20261009-065112-m7-sim-sweep2,2026-10-09T06:52:10+00:00,73,nfs,share,0.0,1.0,0,11.6,hold,doc,0.5,0.125,S4+,1.5021969523673988,2.5538421146606787,7.723903403696966,1.1859312339540928,29.3125,469,162,1180
20261009-065112-m7-sim-sweep2,2026-10-09T06:52:10+00:00,73,nfs,share,0.0,1.0,0,11.6,hold,doc,0.5,0.125,S4+P,1.6557367554644173,2.4971927309163697,6.9524479226947165,1.1859312339540928,29.3125,469,153,1137
20261009-065112-m7-sim-sweep2,2026-10-09T06:52:10+00:00,73,nfs,share,0.0,1.0,0,11.6,hold,doc,0.5,0.125,S4L,1.658643220981645,2.5113089779603825,6.9524479226947165,1.1859312339540928,29.3125,469,155,1147
20261009-065112-m7-sim-sweep2,2026-10-09T06:52:10+00:00,73,nfs,share,0.0,1.0,0,11.6,hold,doc,0.5,0.125,S4B,1.6528302899471896,2.4697496562356975,6.9524479226947165,1.1859312339540928,29.3125,469,149,1125
20261009-065112-m7-sim-sweep2,2026-10-09T06:52:10+00:00,73,nfs,share,0.0,1.0,0,11.6,hold,doc,0.5,0.125,S5,1.5021969523673988,2.553842114660679,7.72390340369698,1.1859312339540928,29.3125,349,162,1180
20261009-065112-m7-sim-sweep2,2026-10-09T06:52:10+00:00,73,nfs,share,0.0,1.0,0,11.6,hold,doc,0.5,0.125,S5s,1.4990779868501818,2.2771814306626594,4.835949518777738,0.8728094845472025,29.3125,21,157,1209
20261009-065112-m7-sim-sweep2,2026-10-09T06:52:10+00:00,73,nfs,share,0.0,1.0,0,11.6,hold,doc,0.5,0.125,S5L,1.6528302899471896,2.4697496562356984,6.9524479226947165,1.1859312339540928,29.3125,349,149,1125
20261009-065112-m7-sim-sweep2,2026-10-09T06:52:10+00:00,73,nfs,share,0.0,1.0,0,11.6,hold,doc,0.5,0.125,S5P,1.6528302899471896,2.4697496562356984,6.9524479226947165,1.1859312339540928,29.3125,349,149,1125
20261009-065112-m7-sim-sweep2,2026-10-09T06:52:10+00:00,73,nfs,share,0.0,1.0,0,11.6,hold,doc,0.5,0.125,S5c,1.4990779868501818,2.3530037771104517,5.972066456160164,0.9765267757520965,29.3125,21,159,1183
20261009-065112-m7-sim-sweep2,2026-10-09T06:52:10+00:00,73,nfs,share,0.0,1.0,0,11.6,hold,doc,0.5,0.25,S0,1.6809181428634474,2.2812668523379553,1.9385944546942255,0.5280939247590423,33.5,0,158,1402
20261009-065112-m7-sim-sweep2,2026-10-09T06:52:10+00:00,73,nfs,share,0.0,1.0,0,11.6,hold,doc,0.5,0.25,S1,1.68005764286346,2.0512653586716696,1.9439823857287024,0.6636702828255565,33.5,0,113,1140
20261009-065112-m7-sim-sweep2,2026-10-09T06:52:10+00:00,73,nfs,share,0.0,1.0,0,11.6,hold,doc,0.5,0.25,S2b,1.2001607249517718,1.9914651886292443,5.5461471877809885,0.8596078801890789,33.5,0,106,1011
20261009-065112-m7-sim-sweep2,2026-10-09T06:52:10+00:00,73,nfs,share,0.0,1.0,0,11.6,hold,doc,0.5,0.25,S4,1.5646492006378026,2.1528358912439187,3.5686289045300725,0.8375581279599243,28.25,452,130,1121
20261009-065112-m7-sim-sweep2,2026-10-09T06:52:10+00:00,73,nfs,share,0.0,1.0,0,11.6,hold,doc,0.5,0.25,S4+,1.189253217741367,2.2861483005405394,7.259206802005352,1.1859312339540917,25.125,402,121,996
20261009-065112-m7-sim-sweep2,2026-10-09T06:52:10+00:00,73,nfs,share,0.0,1.0,0,11.6,hold,doc,0.5,0.25,S4+P,1.6528302899471896,2.373285612706607,6.9524479226947165,1.1859312339540917,25.125,402,134,1055
20261009-065112-m7-sim-sweep2,2026-10-09T06:52:10+00:00,73,nfs,share,0.0,1.0,0,11.6,hold,doc,0.5,0.25,S4L,1.6528302899471896,2.3844788146156386,6.952447922694702,1.1859312339540917,25.125,402,136,1065
20261009-065112-m7-sim-sweep2,2026-10-09T06:52:10+00:00,73,nfs,share,0.0,1.0,0,11.6,hold,doc,0.5,0.25,S4B,1.6528302899471896,2.3251814001453437,6.952447922694702,1.1859312339540917,25.125,402,127,1018
20261009-065112-m7-sim-sweep2,2026-10-09T06:52:10+00:00,73,nfs,share,0.0,1.0,0,11.6,hold,doc,0.5,0.25,S5,1.189253217741367,2.2861483005405394,7.259206802005352,1.1859312339540917,25.125,282,121,996
20261009-065112-m7-sim-sweep2,2026-10-09T06:52:10+00:00,73,nfs,share,0.0,1.0,0,11.6,hold,doc,0.5,0.25,S5s,1.4102541475408117,1.9332347261569343,1.41897879409251,0.5393966539257082,28.0,0,129,1215
20261009-065112-m7-sim-sweep2,2026-10-09T06:52:10+00:00,73,nfs,share,0.0,1.0,0,11.6,hold,doc,0.5,0.25,S5L,1.6528302899471825,2.3251814001453437,6.952447922694702,1.1859312339540917,25.125,282,127,1018
20261009-065112-m7-sim-sweep2,2026-10-09T06:52:10+00:00,73,nfs,share,0.0,1.0,0,11.6,hold,doc,0.5,0.25,S5P,1.6557367554644173,2.3258548915246533,6.952447922694702,1.1859312339540917,25.125,282,127,1015
20261009-065112-m7-sim-sweep2,2026-10-09T06:52:10+00:00,73,nfs,share,0.0,1.0,0,11.6,hold,doc,0.5,0.25,S5c,1.0952591973975245,1.8819460047288838,4.677667252721861,0.7726898038937288,28.0,0,114,1003
20261009-065112-m7-sim-sweep2,2026-10-09T06:52:10+00:00,73,nfs,share,0.0,1.0,0,11.6,hold,doc,0.5,0.5,S0,1.9381694546942398,1.9048056004753295,1.9385944546942255,0.09492323811066328,33.5,0,140,1420
20261009-065112-m7-sim-sweep2,2026-10-09T06:52:10+00:00,73,nfs,share,0.0,1.0,0,11.6,hold,doc,0.5,0.5,S1,1.6483965000000182,1.559280819743617,1.6492570000000057,0.438480394639812,33.5,0,72,984
20261009-065112-m7-sim-sweep2,2026-10-09T06:52:10+00:00,73,nfs,share,0.0,1.0,0,11.6,hold,doc,0.5,0.5,S2b,0.7819928575665926,1.8573310513710464,0.8585094734036147,1.1847118894233446,33.5,0,44,646
20261009-065112-m7-sim-sweep2,2026-10-09T06:52:10+00:00,73,nfs,share,0.0,1.0,0,11.6,hold,doc,0.5,0.5,S4,1.5617427351205748,1.8141132557161395,1.6916940049324012,0.7392907282831475,20.0625,321,100,956
20261009-065112-m7-sim-sweep2,2026-10-09T06:52:10+00:00,73,nfs,share,0.0,1.0,0,11.6,hold,doc,0.5,0.5,S4+,0.8759868779104352,1.5433868158240756,0.8871877399793675,0.8613665870462786,16.75,268,56,634
20261009-065112-m7-sim-sweep2,2026-10-09T06:52:10+00:00,73,nfs,share,0.0,1.0,0,11.6,hold,doc,0.5,0.5,S4+P,1.0241334999729617,1.708131797498438,1.6748070140850757,0.861366587046278,16.75,268,81,760
20261009-065112-m7-sim-sweep2,2026-10-09T06:52:10+00:00,73,nfs,share,0.0,1.0,0,11.6,hold,doc,0.5,0.5,S4L,0.9593801932520165,1.7192336048873387,1.6635100203438355,0.8613665870462791,16.75,268,83,796
20261009-065112-m7-sim-sweep2,2026-10-09T06:52:10+00:00,73,nfs,share,0.0,1.0,0,11.6,hold,doc,0.5,0.5,S4B,0.716628893778946,1.5836901026084913,1.6635100203438355,0.8613665870462786,16.75,268,62,685
20261009-065112-m7-sim-sweep2,2026-10-09T06:52:10+00:00,73,nfs,share,0.0,1.0,0,11.6,hold,doc,0.5,0.5,S5,0.8757691279104307,1.3119481400217257,0.8871877399793675,0.6282133746059854,16.75,148,56,636
20261009-065112-m7-sim-sweep2,2026-10-09T06:52:10+00:00,73,nfs,share,0.0,1.0,0,11.6,hold,doc,0.5,0.5,S5s,1.3775665000000004,1.526070557265048,1.4131658630580546,0.1408871528895883,28.0,0,104,1240
20261009-065112-m7-sim-sweep2,2026-10-09T06:52:10+00:00,73,nfs,share,0.0,1.0,0,11.6,hold,doc,0.5,0.5,S5L,0.6489638715407722,1.3522514268061414,1.663085020343857,0.6282133746059859,16.75,148,62,687
20261009-065112-m7-sim-sweep2,2026-10-09T06:52:10+00:00,73,nfs,share,0.0,1.0,0,11.6,hold,doc,0.5,0.5,S5P,0.8752615203438694,1.3425969056296172,1.4959485213329202,0.6282133746059859,16.75,148,61,705
20261009-065112-m7-sim-sweep2,2026-10-09T06:52:10+00:00,73,nfs,share,0.0,1.0,0,11.6,hold,doc,0.5,0.5,S5c,0.7846868230838311,1.6820971977538683,0.8526965423691593,1.007055438002629,28.0,0,47,643
20261009-065112-m7-sim-sweep2,2026-10-09T06:52:10+00:00,74,nfs,share,0.0,1.0,0,11.6,hold,doc,1.0,0.125,S0,2.8572437717901096,3.1413991098426375,3.244701591157053,0.23251231804939643,33.5,0,299,1261
20261009-065112-m7-sim-sweep2,2026-10-09T06:52:10+00:00,74,nfs,share,0.0,1.0,0,11.6,hold,doc,1.0,0.125,S1,2.859937737307348,2.8132322845627304,3.1971158183717705,0.2466736533236323,33.5,0,255,1132
20261009-065112-m7-sim-sweep2,2026-10-09T06:52:10+00:00,74,nfs,share,0.0,1.0,0,11.6,hold,doc,1.0,0.125,S2b,2.372562224353004,3.2456298663707845,6.949869738440512,0.8952817587988976,33.5,0,254,1088
20261009-065112-m7-sim-sweep2,2026-10-09T06:52:10+00:00,74,nfs,share,0.0,1.0,0,11.6,hold,doc,1.0,0.125,S4,2.7409748295644647,3.3421439733086493,3.3449335425353866,0.8321185802649964,32.75,524,280,1107
20261009-065112-m7-sim-sweep2,2026-10-09T06:52:10+00:00,74,nfs,share,0.0,1.0,0,11.6,hold,doc,1.0,0.125,S4+,2.486204760955701,3.482242810598757,8.521820822981397,1.1859312339540924,29.3125,469,274,1068
20261009-065112-m7-sim-sweep2,2026-10-09T06:52:10+00:00,74,nfs,share,0.0,1.0,0,11.6,hold,doc,1.0,0.125,S4+P,2.8287309188738163,3.4164128396271765,7.058819302005361,1.1859312339540924,29.3125,469,263,1000
20261009-065112-m7-sim-sweep2,2026-10-09T06:52:10+00:00,74,nfs,share,0.0,1.0,0,11.6,hold,doc,1.0,0.125,S4L,2.8287309188738163,3.4309754338507914,7.058819302005361,1.1859312339540924,29.3125,469,265,1009
20261009-065112-m7-sim-sweep2,2026-10-09T06:52:10+00:00,74,nfs,share,0.0,1.0,0,11.6,hold,doc,1.0,0.125,S4B,2.8287309188738163,3.4017227126688496,7.058819302005361,1.1859312339540924,29.3125,469,261,997
20261009-065112-m7-sim-sweep2,2026-10-09T06:52:10+00:00,74,nfs,share,0.0,1.0,0,11.6,hold,doc,1.0,0.125,S5,2.486204760955701,3.482242810598757,8.521820822981397,1.1859312339540924,29.3125,397,274,1068
20261009-065112-m7-sim-sweep2,2026-10-09T06:52:10+00:00,74,nfs,share,0.0,1.0,0,11.6,hold,doc,1.0,0.125,S5s,2.486204760955701,3.3193344927664126,6.034886695868053,1.0000252808380576,29.3125,61,273,1073
20261009-065112-m7-sim-sweep2,2026-10-09T06:52:10+00:00,74,nfs,share,0.0,1.0,0,11.6,hold,doc,1.0,0.125,S5L,2.8287309188738163,3.4017227126688496,7.058819302005361,1.1859312339540924,29.3125,397,261,997
20261009-065112-m7-sim-sweep2,2026-10-09T06:52:10+00:00,74,nfs,share,0.0,1.0,0,11.6,hold,doc,1.0,0.125,S5P,2.8287309188738163,3.407521078599771,7.058819302005361,1.1859312339540924,29.3125,397,262,996
20261009-065112-m7-sim-sweep2,2026-10-09T06:52:10+00:00,74,nfs,share,0.0,1.0,0,11.6,hold,doc,1.0,0.125,S5c,2.486204760955701,3.3520158067262575,6.8192382309043325,1.0476892068289814,29.3125,61,273,1069
20261009-065112-m7-sim-sweep2,2026-10-09T06:52:10+00:00,74,nfs,share,0.0,1.0,0,11.6,hold,doc,1.0,0.25,S0,2.8572437717901096,3.0026218527727333,3.244701591157053,0.0642944107445107,33.5,0,289,1271
20261009-065112-m7-sim-sweep2,2026-10-09T06:52:10+00:00,74,nfs,share,0.0,1.0,0,11.6,hold,doc,1.0,0.25,S1,2.682039000000003,2.696637479984457,2.9831509999999923,0.4486212983280673,33.5,0,211,1008
20261009-065112-m7-sim-sweep2,2026-10-09T06:52:10+00:00,74,nfs,share,0.0,1.0,0,11.6,hold,doc,1.0,0.25,S2b,1.9982958942361932,2.6518984116843005,5.290593444021127,0.7318136023416736,33.5,0,196,921
20261009-065112-m7-sim-sweep2,2026-10-09T06:52:10+00:00,74,nfs,share,0.0,1.0,0,11.6,hold,doc,1.0,0.25,S4,2.735586898529988,3.0030185598807058,3.5466836521885625,0.7822049034264117,28.25,452,233,985
20261009-065112-m7-sim-sweep2,2026-10-09T06:52:10+00:00,74,nfs,share,0.0,1.0,0,11.6,hold,doc,1.0,0.25,S4+,2.022975020343864,3.058240185168126,7.858320231283088,1.1859312339540928,25.125,402,212,905
20261009-065112-m7-sim-sweep2,2026-10-09T06:52:10+00:00,74,nfs,share,0.0,1.0,0,11.6,hold,doc,1.0,0.25,S4+P,2.826036953356578,3.2486155956855245,7.058819302005361,1.1859312339540928,25.125,402,239,922
20261009-065112-m7-sim-sweep2,2026-10-09T06:52:10+00:00,74,nfs,share,0.0,1.0,0,11.6,hold,doc,1.0,0.25,S4L,2.8287309188738163,3.243127337366856,7.0588193020053325,1.1859312339540928,25.125,402,238,924
20261009-065112-m7-sim-sweep2,2026-10-09T06:52:10+00:00,74,nfs,share,0.0,1.0,0,11.6,hold,doc,1.0,0.25,S4B,2.826036953356578,3.2004238161903102,7.0588193020053325,1.1859312339540928,25.125,402,232,910
20261009-065112-m7-sim-sweep2,2026-10-09T06:52:10+00:00,74,nfs,share,0.0,1.0,0,11.6,hold,doc,1.0,0.25,S5,2.022975020343864,3.058240185168126,7.858320231283088,1.1859312339540928,25.125,330,212,905
20261009-065112-m7-sim-sweep2,2026-10-09T06:52:10+00:00,74,nfs,share,0.0,1.0,0,11.6,hold,doc,1.0,0.25,S5s,2.055922513728234,2.4619768288437336,3.022968518777745,0.3368447632625398,25.5,0,222,1002
20261009-065112-m7-sim-sweep2,2026-10-09T06:52:10+00:00,74,nfs,share,0.0,1.0,0,11.6,hold,doc,1.0,0.25,S5L,2.826036953356578,3.2004238161903102,7.0588193020053325,1.1859312339540928,25.125,330,232,910
20261009-065112-m7-sim-sweep2,2026-10-09T06:52:10+00:00,74,nfs,share,0.0,1.0,0,11.6,hold,doc,1.0,0.25,S5P,2.826036953356578,3.1910789084462987,7.058819302005361,1.1859312339540928,25.125,330,231,906
20261009-065112-m7-sim-sweep2,2026-10-09T06:52:10+00:00,74,nfs,share,0.0,1.0,0,11.6,hold,doc,1.0,0.25,S5c,1.9289810000000216,2.580324603894112,4.326110242834332,0.6916268022922237,25.5,0,207,910
20261009-065112-m7-sim-sweep2,2026-10-09T06:52:10+00:00,74,nfs,share,0.0,1.0,0,11.6,hold,doc,1.0,0.5,S0,2.8572437717901096,2.9437704215088973,3.244701591157053,0.0,33.5,0,287,1273
20261009-065112-m7-sim-sweep2,2026-10-09T06:52:10+00:00,74,nfs,share,0.0,1.0,0,11.6,hold,doc,1.0,0.5,S1,2.681613999999996,1.8710704705825705,2.982301000000021,0.0,33.5,0,148,852
20261009-065112-m7-sim-sweep2,2026-10-09T06:52:10+00:00,74,nfs,share,0.0,1.0,0,11.6,hold,doc,1.0,0.5,S2b,1.2276145000000298,1.9516183776036649,1.5275913606005531,0.8027173685900113,33.5,0,93,582
20261009-065112-m7-sim-sweep2,2026-10-09T06:52:10+00:00,74,nfs,share,0.0,1.0,0,11.6,hold,doc,1.0,0.5,S4,2.734736898529974,2.535335319810961,2.9897409825678665,0.7392907282831475,20.0625,321,183,816
20261009-065112-m7-sim-sweep2,2026-10-09T06:52:10+00:00,74,nfs,share,0.0,1.0,0,11.6,hold,doc,1.0,0.5,S4+,1.3084179496215995,1.9435753662670994,1.322894020343881,0.8613665870462791,16.75,268,100,575
20261009-065112-m7-sim-sweep2,2026-10-09T06:52:10+00:00,74,nfs,share,0.0,1.0,0,11.6,hold,doc,1.0,0.5,S4+P,1.6334948144362755,2.1865396459365076,2.6623587881906303,0.8613665870462791,16.75,268,134,667
20261009-065112-m7-sim-sweep2,2026-10-09T06:52:10+00:00,74,nfs,share,0.0,1.0,0,11.6,hold,doc,1.0,0.5,S4L,1.574989938749809,2.3162862526520254,2.834968849908307,0.8613665870462791,16.75,268,151,671
20261009-065112-m7-sim-sweep2,2026-10-09T06:52:10+00:00,74,nfs,share,0.0,1.0,0,11.6,hold,doc,1.0,0.5,S4B,1.147992215490106,2.169293396924917,2.834968849908307,0.8613665870462791,16.75,268,130,611
20261009-065112-m7-sim-sweep2,2026-10-09T06:52:10+00:00,74,nfs,share,0.0,1.0,0,11.6,hold,doc,1.0,0.5,S5,1.3084179496215995,1.7861490146306576,1.322894020343881,0.705375556530529,16.75,196,100,574
20261009-065112-m7-sim-sweep2,2026-10-09T06:52:10+00:00,74,nfs,share,0.0,1.0,0,11.6,hold,doc,1.0,0.5,S5s,2.055922513728234,2.1642303455349894,2.375092286223719,0.0,25.5,0,214,1010
20261009-065112-m7-sim-sweep2,2026-10-09T06:52:10+00:00,74,nfs,share,0.0,1.0,0,11.6,hold,doc,1.0,0.5,S5L,1.147992215490106,2.0118670452884753,2.834968849908307,0.705375556530529,16.75,196,130,610
20261009-065112-m7-sim-sweep2,2026-10-09T06:52:10+00:00,74,nfs,share,0.0,1.0,0,11.6,hold,doc,1.0,0.5,S5P,1.6334948144362755,1.9819745792951344,2.65524985715615,0.705375556530529,16.75,196,126,630
20261009-065112-m7-sim-sweep2,2026-10-09T06:52:10+00:00,74,nfs,share,0.0,1.0,0,11.6,hold,doc,1.0,0.5,S5c,1.220801464638896,1.6577330462037476,1.2735017520113558,0.5328771069479293,25.5,0,96,579
20261009-065112-m7-sim-sweep2,2026-10-09T06:52:10+00:00,75,nfs,share,0.0,1.0,0,11.6,hold,doc,2.0,0.125,S0,4.454799610358975,4.548481596842405,5.224386545851303,0.0,33.5,0,488,1072
20261009-065112-m7-sim-sweep2,2026-10-09T06:52:10+00:00,75,nfs,share,0.0,1.0,0,11.6,hold,doc,2.0,0.125,S1,4.380831999999998,4.040184440225498,5.224386545851303,0.0,33.5,0,420,955
20261009-065112-m7-sim-sweep2,2026-10-09T06:52:10+00:00,75,nfs,share,0.0,1.0,0,11.6,hold,doc,2.0,0.125,S2b,3.804051750709675,4.621815073929754,8.168156867367173,0.8952817587988982,33.5,0,414,928
20261009-065112-m7-sim-sweep2,2026-10-09T06:52:10+00:00,75,nfs,share,0.0,1.0,0,11.6,hold,doc,2.0,0.125,S4,4.329598771581615,4.74333894434976,5.327210497229629,0.8321185802649976,32.75,524,437,938
20261009-065112-m7-sim-sweep2,2026-10-09T06:52:10+00:00,75,nfs,share,0.0,1.0,0,11.6,hold,doc,2.0,0.125,S4+,3.8548354342475193,4.832758642898032,9.65225930200532,1.1859312339540817,29.3125,469,431,911
20261009-065112-m7-sim-sweep2,2026-10-09T06:52:10+00:00,75,nfs,share,0.0,1.0,0,11.6,hold,doc,2.0,0.125,S4+P,4.3409300203438335,4.671455529821639,7.485401287509319,1.1859312339540828,29.3125,469,404,847
20261009-065112-m7-sim-sweep2,2026-10-09T06:52:10+00:00,75,nfs,share,0.0,1.0,0,11.6,hold,doc,2.0,0.125,S4L,4.341780020343833,4.683623729470363,7.188019302005358,1.1859312339540828,29.3125,469,406,848
20261009-065112-m7-sim-sweep2,2026-10-09T06:52:10+00:00,75,nfs,share,0.0,1.0,0,11.6,hold,doc,2.0,0.125,S4B,4.3409300203438335,4.659295314011644,7.188019302005358,1.1859312339540828,29.3125,469,402,844
20261009-065112-m7-sim-sweep2,2026-10-09T06:52:10+00:00,75,nfs,share,0.0,1.0,0,11.6,hold,doc,2.0,0.125,S5,3.8548354342475193,4.832758642898035,9.65225930200532,1.1859312339540828,29.3125,429,431,911
20261009-065112-m7-sim-sweep2,2026-10-09T06:52:10+00:00,75,nfs,share,0.0,1.0,0,11.6,hold,doc,2.0,0.125,S5s,3.8548354342475193,4.815426306174081,9.236283220629986,1.1685988972301118,29.3125,125,431,911
20261009-065112-m7-sim-sweep2,2026-10-09T06:52:10+00:00,75,nfs,share,0.0,1.0,0,11.6,hold,doc,2.0,0.125,S5L,4.3409300203438335,4.6592953140116435,7.188019302005358,1.1859312339540828,29.3125,429,402,844
20261009-065112-m7-sim-sweep2,2026-10-09T06:52:10+00:00,75,nfs,share,0.0,1.0,0,11.6,hold,doc,2.0,0.125,S5P,4.3409300203438335,4.6674814245798375,7.485401287509319,1.1859312339540828,29.3125,429,404,845
20261009-065112-m7-sim-sweep2,2026-10-09T06:52:10+00:00,75,nfs,share,0.0,1.0,0,11.6,hold,doc,2.0,0.125,S5c,3.8548354342475193,4.815426306174081,9.236283220629986,1.1685988972301118,29.3125,125,431,911
20261009-065112-m7-sim-sweep2,2026-10-09T06:52:10+00:00,75,nfs,share,0.0,1.0,0,11.6,hold,doc,2.0,0.25,S0,4.454799610358975,4.548481596842405,5.224386545851303,0.0,33.5,0,488,1072
20261009-065112-m7-sim-sweep2,2026-10-09T06:52:10+00:00,75,nfs,share,0.0,1.0,0,11.6,hold,doc,2.0,0.25,S1,4.2768016176068215,3.506127155026197,4.583731117895155,0.0,33.5,0,360,834
20261009-065112-m7-sim-sweep2,2026-10-09T06:52:10+00:00,75,nfs,share,0.0,1.0,0,11.6,hold,doc,2.0,0.25,S2b,3.2249774541973295,3.7495809009465737,5.359210220181467,0.6916268022922244,33.5,0,327,790
20261009-065112-m7-sim-sweep2,2026-10-09T06:52:10+00:00,75,nfs,share,0.0,1.0,0,11.6,hold,doc,2.0,0.25,S4,4.247786000000005,4.228634494037348,5.528110606882819,0.7822049034264124,28.25,452,368,826
20261009-065112-m7-sim-sweep2,2026-10-09T06:52:10+00:00,75,nfs,share,0.0,1.0,0,11.6,hold,doc,2.0,0.25,S4+,3.219914020343822,4.172994515225604,8.510285795746427,1.1859312339540888,25.125,402,344,773
20261009-065112-m7-sim-sweep2,2026-10-09T06:52:10+00:00,75,nfs,share,0.0,1.0,0,11.6,hold,doc,2.0,0.25,S4+P,4.3400800203438195,4.373367649614501,7.188019302005358,1.1859312339540875,25.125,402,363,778
20261009-065112-m7-sim-sweep2,2026-10-09T06:52:10+00:00,75,nfs,share,0.0,1.0,0,11.6,hold,doc,2.0,0.25,S4L,4.340080020343834,4.366047279217692,7.188019302005358,1.1859312339540888,25.125,402,361,773
20261009-065112-m7-sim-sweep2,2026-10-09T06:52:10+00:00,75,nfs,share,0.0,1.0,0,11.6,hold,doc,2.0,0.25,S4B,4.340080020343834,4.359158714919221,7.188019302005358,1.1859312339540888,25.125,402,359,773
20261009-065112-m7-sim-sweep2,2026-10-09T06:52:10+00:00,75,nfs,share,0.0,1.0,0,11.6,hold,doc,2.0,0.25,S5,3.219914020343822,4.172994515225611,8.510285795746427,1.1859312339540888,25.125,362,344,773
20261009-065112-m7-sim-sweep2,2026-10-09T06:52:10+00:00,75,nfs,share,0.0,1.0,0,11.6,hold,doc,2.0,0.25,S5s,3.219914020343822,3.7567910262530546,3.375312594033204,0.671127549749252,25.125,58,345,795
20261009-065112-m7-sim-sweep2,2026-10-09T06:52:10+00:00,75,nfs,share,0.0,1.0,0,11.6,hold,doc,2.0,0.25,S5L,4.340080020343834,4.359158714919221,7.188019302005358,1.1859312339540888,25.125,362,359,773
20261009-065112-m7-sim-sweep2,2026-10-09T06:52:10+00:00,75,nfs,share,0.0,1.0,0,11.6,hold,doc,2.0,0.25,S5P,4.3400800203438195,4.333547471727923,7.188019302005358,1.1859312339540888,25.125,362,356,772
20261009-065112-m7-sim-sweep2,2026-10-09T06:52:10+00:00,75,nfs,share,0.0,1.0,0,11.6,hold,doc,2.0,0.25,S5c,3.219914020343822,3.893335495779578,5.15380061031496,0.8960312604942248,25.125,58,341,776
20261009-065112-m7-sim-sweep2,2026-10-09T06:52:10+00:00,75,nfs,share,0.0,1.0,0,11.6,hold,doc,2.0,0.5,S0,4.454799610358975,4.548481596842405,5.224386545851303,0.0,33.5,0,488,1072
20261009-065112-m7-sim-sweep2,2026-10-09T06:52:10+00:00,75,nfs,share,0.0,1.0,0,11.6,hold,doc,2.0,0.5,S1,4.269713686572345,2.8734838356704437,4.583731117895155,0.0,33.5,0,275,683
20261009-065112-m7-sim-sweep2,2026-10-09T06:52:10+00:00,75,nfs,share,0.0,1.0,0,11.6,hold,doc,2.0,0.5,S2b,2.0448509999999516,2.112494682949459,2.0568843485621926,0.2890666401265361,33.5,0,168,502
20261009-065112-m7-sim-sweep2,2026-10-09T06:52:10+00:00,75,nfs,share,0.0,1.0,0,11.6,hold,doc,2.0,0.5,S4,4.246085999999991,3.506872582911852,5.238604407920263,0.739290728283148,20.0625,321,290,668
20261009-065112-m7-sim-sweep2,2026-10-09T06:52:10+00:00,75,nfs,share,0.0,1.0,0,11.6,hold,doc,2.0,0.5,S4+,2.1397160203437977,2.645233526619574,2.150878368906035,0.8613665870462803,16.75,268,179,491
20261009-065112-m7-sim-sweep2,2026-10-09T06:52:10+00:00,75,nfs,share,0.0,1.0,0,11.6,hold,doc,2.0,0.5,S4+P,2.663443588541824,2.972751940696309,4.0806240203438335,0.8613665870462803,16.75,268,221,551
20261009-065112-m7-sim-sweep2,2026-10-09T06:52:10+00:00,75,nfs,share,0.0,1.0,0,11.6,hold,doc,2.0,0.5,S4L,2.348195372530128,3.0736676560579888,4.427136757442696,0.8613665870462803,16.75,268,230,551
20261009-065112-m7-sim-sweep2,2026-10-09T06:52:10+00:00,75,nfs,share,0.0,1.0,0,11.6,hold,doc,2.0,0.5,S4B,1.7973831056723242,2.935460865361218,4.427136757442696,0.8613665870462803,16.75,268,212,524
20261009-065112-m7-sim-sweep2,2026-10-09T06:52:10+00:00,75,nfs,share,0.0,1.0,0,11.6,hold,doc,2.0,0.5,S5,2.1397160203437977,2.558571842999713,2.150878368906035,0.7747049034264192,16.75,228,179,491
20261009-065112-m7-sim-sweep2,2026-10-09T06:52:10+00:00,75,nfs,share,0.0,1.0,0,11.6,hold,doc,2.0,0.5,S5s,2.752712526467377,2.8315980325649996,3.141549251007092,0.0,21.5,0,290,742
20261009-065112-m7-sim-sweep2,2026-10-09T06:52:10+00:00,75,nfs,share,0.0,1.0,0,11.6,hold,doc,2.0,0.5,S5L,1.7973831056723242,2.848799181741357,4.427136757442696,0.7747049034264192,16.75,228,212,524
20261009-065112-m7-sim-sweep2,2026-10-09T06:52:10+00:00,75,nfs,share,0.0,1.0,0,11.6,hold,doc,2.0,0.5,S5P,2.663443588541824,2.842091870390328,4.076528702972865,0.7747049034264192,16.75,228,215,533
20261009-065112-m7-sim-sweep2,2026-10-09T06:52:10+00:00,75,nfs,share,0.0,1.0,0,11.6,hold,doc,2.0,0.5,S5c,2.0448509999999516,2.0882225705078916,2.0568843485621926,0.2890666401265361,21.5,0,173,497
20261009-065112-m7-sim-sweep2,2026-10-09T06:52:10+00:00,76,local,share,0.0,1.0,0,11.6,hold,doc,0.25,0.125,S0,0.35582980736005254,0.5665901244216437,0.5839821848902886,0.1109761429783287,33.5,0,661,899
20261009-065112-m7-sim-sweep2,2026-10-09T06:52:10+00:00,76,local,share,0.0,1.0,0,11.6,hold,doc,0.25,0.125,S1,0.3540474345220659,0.5546293590429047,0.93209157770454,0.1367021985836002,33.5,0,586,840
20261009-065112-m7-sim-sweep2,2026-10-09T06:52:10+00:00,76,local,share,0.0,1.0,0,11.6,hold,doc,0.25,0.125,S2b,0.32048650000002255,0.6208065929989992,1.9660103156495126,0.28046835947686627,33.5,0,618,724
20261009-065112-m7-sim-sweep2,2026-10-09T06:52:10+00:00,76,local,share,0.0,1.0,0,11.6,hold,doc,0.25,0.125,S4,0.357683742244717,0.6568733981512059,0.8544534950020051,0.2805318076781482,32.75,524,646,780
20261009-065112-m7-sim-sweep2,2026-10-09T06:52:10+00:00,76,local,share,0.0,1.0,0,11.6,hold,doc,0.25,0.125,S4+,0.34319780737897787,0.6839709472497226,2.3771851722534905,0.36618003485803996,29.3125,469,653,689
20261009-065112-m7-sim-sweep2,2026-10-09T06:52:10+00:00,76,local,share,0.0,1.0,0,11.6,hold,doc,0.25,0.125,S4+P,0.3571720248118524,0.6834643912414412,2.3266954222534935,0.36618003485803996,29.3125,469,641,687
20261009-065112-m7-sim-sweep2,2026-10-09T06:52:10+00:00,76,local,share,0.0,1.0,0,11.6,hold,doc,0.25,0.125,S4L,0.357683742244717,0.6843749695072544,2.3266954222534935,0.36618003485803996,29.3125,469,652,688
20261009-065112-m7-sim-sweep2,2026-10-09T06:52:10+00:00,76,local,share,0.0,1.0,0,11.6,hold,doc,0.25,0.125,S4B,0.3566603073789878,0.6803722710706394,2.3266954222534935,0.36618003485803935,29.3125,469,615,681
20261009-065112-m7-sim-sweep2,2026-10-09T06:52:10+00:00,76,local,share,0.0,1.0,0,11.6,hold,doc,0.25,0.125,S5,0.34319780737897787,0.6839709472496912,2.3771851722534905,0.36618003485803996,29.3125,285,653,689
20261009-065112-m7-sim-sweep2,2026-10-09T06:52:10+00:00,76,local,share,0.0,1.0,0,11.6,hold,doc,0.25,0.125,S5s,0.34319780737897787,0.6839709472496894,2.3771851722534905,0.36618003485803996,29.3125,229,653,689
20261009-065112-m7-sim-sweep2,2026-10-09T06:52:10+00:00,76,local,share,0.0,1.0,0,11.6,hold,doc,0.25,0.125,S5L,0.3566603073789878,0.6803722710706209,2.3266954222534935,0.36618003485803996,29.3125,285,615,681
20261009-065112-m7-sim-sweep2,2026-10-09T06:52:10+00:00,76,local,share,0.0,1.0,0,11.6,hold,doc,0.25,0.125,S5P,0.3566603073789878,0.6803722710706209,2.3266954222534935,0.36618003485803996,29.3125,285,615,681
20261009-065112-m7-sim-sweep2,2026-10-09T06:52:10+00:00,76,local,share,0.0,1.0,0,11.6,hold,doc,0.25,0.125,S5c,0.34319780737897787,0.6839709472496894,2.3771851722534905,0.36618003485803996,29.3125,229,653,689
20261009-065112-m7-sim-sweep2,2026-10-09T06:52:10+00:00,76,local,share,0.0,1.0,0,11.6,hold,doc,0.25,0.25,S0,0.5837644348902842,0.5920005271450712,0.5989462499999973,0.10579711795367312,33.5,0,613,947
20261009-065112-m7-sim-sweep2,2026-10-09T06:52:10+00:00,76,local,share,0.0,1.0,0,11.6,hold,doc,0.25,0.25,S1,0.38631978084204377,0.5891846095213662,0.5893701159247655,0.16345276898710223,33.5,0,450,849
20261009-065112-m7-sim-sweep2,2026-10-09T06:52:10+00:00,76,local,share,0.0,1.0,0,11.6,hold,doc,0.25,0.25,S2b,0.3071187500000221,0.5586248701481775,1.568998424351193,0.23625174160004825,33.5,0,427,690
20261009-065112-m7-sim-sweep2,2026-10-09T06:52:10+00:00,76,local,share,0.0,1.0,0,11.6,hold,doc,0.25,0.25,S4,0.3370081202242545,0.6142284134931343,0.6721161070271648,0.24461444314965894,28.25,452,532,765
20261009-065112-m7-sim-sweep2,2026-10-09T06:52:10+00:00,76,local,share,0.0,1.0,0,11.6,hold,doc,0.25,0.25,S4+,0.32972380737898277,0.665179704709549,2.3418403876883787,0.36618003485803996,25.125,402,461,656
20261009-065112-m7-sim-sweep2,2026-10-09T06:52:10+00:00,76,local,share,0.0,1.0,0,11.6,hold,doc,0.25,0.25,S4+P,0.3566603073789878,0.6750246941879515,2.3266954222534935,0.36618003485803996,25.125,402,570,671
20261009-065112-m7-sim-sweep2,2026-10-09T06:52:10+00:00,76,local,share,0.0,1.0,0,11.6,hold,doc,0.25,0.25,S4L,0.3566603073789878,0.6762129427466187,2.3266954222534935,0.36618003485803996,25.125,402,582,673
20261009-065112-m7-sim-sweep2,2026-10-09T06:52:10+00:00,76,local,share,0.0,1.0,0,11.6,hold,doc,0.25,0.25,S4B,0.3566603073789878,0.6664382423509126,2.3266954222534935,0.36618003485803996,25.125,402,490,655
20261009-065112-m7-sim-sweep2,2026-10-09T06:52:10+00:00,76,local,share,0.0,1.0,0,11.6,hold,doc,0.25,0.25,S5,0.32972380737898277,0.65018702216086,1.9820160065198138,0.3511873523093498,25.125,218,461,656
20261009-065112-m7-sim-sweep2,2026-10-09T06:52:10+00:00,76,local,share,0.0,1.0,0,11.6,hold,doc,0.25,0.25,S5s,0.32972380737898277,0.6215646282042696,1.2950785515616445,0.3225649583527594,25.125,162,461,656
20261009-065112-m7-sim-sweep2,2026-10-09T06:52:10+00:00,76,local,share,0.0,1.0,0,11.6,hold,doc,0.25,0.25,S5L,0.3566603073789878,0.6521117939953415,1.9668710410849286,0.3511873523093498,25.125,218,495,656
20261009-065112-m7-sim-sweep2,2026-10-09T06:52:10+00:00,76,local,share,0.0,1.0,0,11.6,hold,doc,0.25,0.25,S5P,0.35160715629788797,0.6530484998656553,1.9668710410849286,0.3511873523093498,25.125,218,495,659
20261009-065112-m7-sim-sweep2,2026-10-09T06:52:10+00:00,76,local,share,0.0,1.0,0,11.6,hold,doc,0.25,0.25,S5c,0.32972380737898277,0.6215646282042696,1.2950785515616445,0.3225649583527594,25.125,162,461,656
20261009-065112-m7-sim-sweep2,2026-10-09T06:52:10+00:00,76,local,share,0.0,1.0,0,11.6,hold,doc,0.25,0.5,S0,0.5837644348902842,0.519625045272815,0.5989462499999973,0.0,33.5,0,561,999
20261009-065112-m7-sim-sweep2,2026-10-09T06:52:10+00:00,76,local,share,0.0,1.0,0,11.6,hold,doc,0.25,0.5,S1,0.5816080000000028,0.4586929076269423,0.5893701159247655,0.023321325759029083,33.5,0,277,856
20261009-065112-m7-sim-sweep2,2026-10-09T06:52:10+00:00,76,local,share,0.0,1.0,0,11.6,hold,doc,0.25,0.5,S2b,0.2694775181299107,0.5542855762906799,0.31782067095674904,0.28092467758841916,33.5,0,109,604
20261009-065112-m7-sim-sweep2,2026-10-09T06:52:10+00:00,76,local,share,0.0,1.0,0,11.6,hold,doc,0.25,0.5,S4,0.33394900000003247,0.5625091861864883,0.5837644348902842,0.23140139840842563,20.0625,321,430,703
20261009-065112-m7-sim-sweep2,2026-10-09T06:52:10+00:00,76,local,share,0.0,1.0,0,11.6,hold,doc,0.25,0.5,S4+,0.290933057378993,0.5276611346264772,0.2939756952002881,0.2643738659654555,16.75,268,124,589
20261009-065112-m7-sim-sweep2,2026-10-09T06:52:10+00:00,76,local,share,0.0,1.0,0,11.6,hold,doc,0.25,0.5,S4+P,0.3039100572830833,0.5440363752657339,0.3568728073789771,0.2643738659654555,16.75,268,276,619
20261009-065112-m7-sim-sweep2,2026-10-09T06:52:10+00:00,76,local,share,0.0,1.0,0,11.6,hold,doc,0.25,0.5,S4L,0.30572560246645963,0.5507742124817666,0.36328417327918316,0.2643738659654555,16.75,268,349,629
20261009-065112-m7-sim-sweep2,2026-10-09T06:52:10+00:00,76,local,share,0.0,1.0,0,11.6,hold,doc,0.25,0.5,S4B,0.27863905737898165,0.5303458001687572,0.36328417327918316,0.2643738659654555,16.75,268,152,591
20261009-065112-m7-sim-sweep2,2026-10-09T06:52:10+00:00,76,local,share,0.0,1.0,0,11.6,hold,doc,0.25,0.5,S5,0.29082418237899077,0.4300322517654731,0.2939756952002881,0.1657103060211179,16.75,84,124,591
20261009-065112-m7-sim-sweep2,2026-10-09T06:52:10+00:00,76,local,share,0.0,1.0,0,11.6,hold,doc,0.25,0.5,S5s,0.2911455573789823,0.3528680114200083,0.3176820958900777,0.0755282684473979,16.75,28,145,610
20261009-065112-m7-sim-sweep2,2026-10-09T06:52:10+00:00,76,local,share,0.0,1.0,0,11.6,hold,doc,0.25,0.5,S5L,0.27863905737898165,0.4334377797302018,0.357683742244717,0.1657103060211179,16.75,84,160,594
20261009-065112-m7-sim-sweep2,2026-10-09T06:52:10+00:00,76,local,share,0.0,1.0,0,11.6,hold,doc,0.25,0.5,S5P,0.28790997545493013,0.435098934563964,0.32394109588452125,0.1657103060211179,16.75,84,173,598
20261009-065112-m7-sim-sweep2,2026-10-09T06:52:10+00:00,76,local,share,0.0,1.0,0,11.6,hold,doc,0.25,0.5,S5c,0.290933057378993,0.38344970113378984,0.2939756952002881,0.12008964942680163,16.75,28,124,589
20261009-065112-m7-sim-sweep2,2026-10-09T06:52:10+00:00,77,local,share,0.0,1.0,0,11.6,hold,doc,0.5,0.125,S0,0.46303850000001034,0.6095017344582571,0.8719888777330453,0.010599166408276517,33.5,0,911,649
20261009-065112-m7-sim-sweep2,2026-10-09T06:52:10+00:00,77,local,share,0.0,1.0,0,11.6,hold,doc,0.5,0.125,S1,0.46303850000001034,0.5774634737481014,0.8705735000000061,0.010599166408276517,33.5,0,788,617
20261009-065112-m7-sim-sweep2,2026-10-09T06:52:10+00:00,77,local,share,0.0,1.0,0,11.6,hold,doc,0.5,0.125,S2b,0.4205164520799869,0.7302392368242968,2.167756446811154,0.28046835947683374,33.5,0,830,512
20261009-065112-m7-sim-sweep2,2026-10-09T06:52:10+00:00,77,local,share,0.0,1.0,0,11.6,hold,doc,0.5,0.125,S4,0.44120583345690534,0.7490431178069036,0.9005131161460724,0.25888676350580475,32.75,524,857,546
20261009-065112-m7-sim-sweep2,2026-10-09T06:52:10+00:00,77,local,share,0.0,1.0,0,11.6,hold,doc,0.5,0.125,S4+,0.4432277594591909,0.7855804606130447,2.4758616722534725,0.36618003485800266,29.3125,469,860,482
20261009-065112-m7-sim-sweep2,2026-10-09T06:52:10+00:00,77,local,share,0.0,1.0,0,11.6,hold,doc,0.5,0.125,S4+P,0.4616263073790208,0.7795519908424288,2.390354292942831,0.36618003485800266,29.3125,469,815,475
20261009-065112-m7-sim-sweep2,2026-10-09T06:52:10+00:00,77,local,share,0.0,1.0,0,11.6,hold,doc,0.5,0.125,S4L,0.4616263073790208,0.7813308861546542,2.390354292942831,0.36618003485800205,29.3125,469,825,477
20261009-065112-m7-sim-sweep2,2026-10-09T06:52:10+00:00,77,local,share,0.0,1.0,0,11.6,hold,doc,0.5,0.125,S4B,0.4616263073790208,0.7779989790129296,2.390354292942831,0.36618003485800266,29.3125,469,800,474
20261009-065112-m7-sim-sweep2,2026-10-09T06:52:10+00:00,77,local,share,0.0,1.0,0,11.6,hold,doc,0.5,0.125,S5,0.4432277594591909,0.7855804606130418,2.4758616722534725,0.36618003485800266,29.3125,349,860,482
20261009-065112-m7-sim-sweep2,2026-10-09T06:52:10+00:00,77,local,share,0.0,1.0,0,11.6,hold,doc,0.5,0.125,S5s,0.4432277594591909,0.7855804606130423,2.4758616722534725,0.36618003485800266,29.3125,309,860,482
20261009-065112-m7-sim-sweep2,2026-10-09T06:52:10+00:00,77,local,share,0.0,1.0,0,11.6,hold,doc,0.5,0.125,S5L,0.4616263073790208,0.7779989790129278,2.390354292942831,0.36618003485800266,29.3125,349,800,474
20261009-065112-m7-sim-sweep2,2026-10-09T06:52:10+00:00,77,local,share,0.0,1.0,0,11.6,hold,doc,0.5,0.125,S5P,0.4616263073790208,0.7779989790129278,2.390354292942831,0.36618003485800266,29.3125,349,800,474
20261009-065112-m7-sim-sweep2,2026-10-09T06:52:10+00:00,77,local,share,0.0,1.0,0,11.6,hold,doc,0.5,0.125,S5c,0.4432277594591909,0.7855804606130423,2.4758616722534725,0.36618003485800266,29.3125,309,860,482
20261009-065112-m7-sim-sweep2,2026-10-09T06:52:10+00:00,77,local,share,0.0,1.0,0,11.6,hold,doc,0.5,0.25,S0,0.46303850000001034,0.6012598180499786,0.8701380000000114,0.0,33.5,0,909,651
20261009-065112-m7-sim-sweep2,2026-10-09T06:52:10+00:00,77,local,share,0.0,1.0,0,11.6,hold,doc,0.5,0.25,S1,0.46303850000001034,0.5418018575769246,0.8705735000000061,0.00800402940377154,33.5,0,670,585
20261009-065112-m7-sim-sweep2,2026-10-09T06:52:10+00:00,77,local,share,0.0,1.0,0,11.6,hold,doc,0.5,0.25,S2b,0.4016094435415596,0.6509213348863643,1.4341312701790372,0.21640871585973542,33.5,0,621,496
20261009-065112-m7-sim-sweep2,2026-10-09T06:52:10+00:00,77,local,share,0.0,1.0,0,11.6,hold,doc,0.5,0.25,S4,0.43942346061861315,0.7306424705519797,0.9601227998695094,0.24461444314965775,28.25,452,711,540
20261009-065112-m7-sim-sweep2,2026-10-09T06:52:10+00:00,77,local,share,0.0,1.0,0,11.6,hold,doc,0.5,0.25,S4+,0.42253837808252115,0.762630618428604,2.4315031722534712,0.36618003485800266,25.125,402,659,458
20261009-065112-m7-sim-sweep2,2026-10-09T06:52:10+00:00,77,local,share,0.0,1.0,0,11.6,hold,doc,0.5,0.25,S4+P,0.4616263073790208,0.7697617929724352,2.390354292942831,0.36618003485800266,25.125,402,724,465
20261009-065112-m7-sim-sweep2,2026-10-09T06:52:10+00:00,77,local,share,0.0,1.0,0,11.6,hold,doc,0.5,0.25,S4L,0.4616263073790208,0.7702833522385385,2.390354292942831,0.36618003485800266,25.125,402,735,466
20261009-065112-m7-sim-sweep2,2026-10-09T06:52:10+00:00,77,local,share,0.0,1.0,0,11.6,hold,doc,0.5,0.25,S4B,0.46162630737896393,0.764363656142919,2.390354292942831,0.36618003485800266,25.125,402,685,460
20261009-065112-m7-sim-sweep2,2026-10-09T06:52:10+00:00,77,local,share,0.0,1.0,0,11.6,hold,doc,0.5,0.25,S5,0.42253837808252115,0.762630618428604,2.4315031722534712,0.36618003485800266,25.125,282,659,458
20261009-065112-m7-sim-sweep2,2026-10-09T06:52:10+00:00,77,local,share,0.0,1.0,0,11.6,hold,doc,0.5,0.25,S5s,0.42253837808252115,0.759904676147024,2.3660805574955504,0.36345409257642264,25.125,242,659,458
20261009-065112-m7-sim-sweep2,2026-10-09T06:52:10+00:00,77,local,share,0.0,1.0,0,11.6,hold,doc,0.5,0.25,S5L,0.46162630737896393,0.764363656142919,2.390354292942831,0.36618003485800266,25.125,282,685,460
20261009-065112-m7-sim-sweep2,2026-10-09T06:52:10+00:00,77,local,share,0.0,1.0,0,11.6,hold,doc,0.5,0.25,S5P,0.46162630737896393,0.7647268800926964,2.390354292942831,0.36618003485800266,25.125,282,682,460
20261009-065112-m7-sim-sweep2,2026-10-09T06:52:10+00:00,77,local,share,0.0,1.0,0,11.6,hold,doc,0.5,0.25,S5c,0.42253837808252115,0.759904676147024,2.3660805574955504,0.36345409257642264,25.125,242,659,458
20261009-065112-m7-sim-sweep2,2026-10-09T06:52:10+00:00,77,local,share,0.0,1.0,0,11.6,hold,doc,0.5,0.5,S0,0.46303850000001034,0.6012598180499786,0.8701380000000114,0.0,33.5,0,909,651
20261009-065112-m7-sim-sweep2,2026-10-09T06:52:10+00:00,77,local,share,0.0,1.0,0,11.6,hold,doc,0.5,0.5,S1,0.46261350000000334,0.5103012341296657,0.8701380000000114,0.0,33.5,0,498,560
20261009-065112-m7-sim-sweep2,2026-10-09T06:52:10+00:00,77,local,share,0.0,1.0,0,11.6,hold,doc,0.5,0.5,S2b,0.37056600000001083,0.48290224879042754,0.48743716698049866,0.10666758934810912,33.5,0,254,436
20261009-065112-m7-sim-sweep2,2026-10-09T06:52:10+00:00,77,local,share,0.0,1.0,0,11.6,hold,doc,0.5,0.5,S4,0.4389150000000086,0.6557245630008796,0.8709985000000131,0.23140139840842563,20.0625,321,573,483
20261009-065112-m7-sim-sweep2,2026-10-09T06:52:10+00:00,77,local,share,0.0,1.0,0,11.6,hold,doc,0.5,0.5,S4+,0.3780606821735546,0.6188441604532043,0.39348980737898387,0.2643738659654555,16.75,268,277,413
20261009-065112-m7-sim-sweep2,2026-10-09T06:52:10+00:00,77,local,share,0.0,1.0,0,11.6,hold,doc,0.5,0.5,S4+P,0.39555788912488055,0.6348192558155782,0.46205130737899935,0.2643738659654555,16.75,268,411,430
20261009-065112-m7-sim-sweep2,2026-10-09T06:52:10+00:00,77,local,share,0.0,1.0,0,11.6,hold,doc,0.5,0.5,S4L,0.3941873073789637,0.6376301724640351,0.4656995136738544,0.2643738659654555,16.75,268,446,433
20261009-065112-m7-sim-sweep2,2026-10-09T06:52:10+00:00,77,local,share,0.0,1.0,0,11.6,hold,doc,0.5,0.5,S4B,0.3709085573789963,0.6234568824382721,0.4656995136738544,0.2643738659654555,16.75,268,329,418
20261009-065112-m7-sim-sweep2,2026-10-09T06:52:10+00:00,77,local,share,0.0,1.0,0,11.6,hold,doc,0.5,0.5,S5,0.37693133949430546,0.5477915888218003,0.39348980737898387,0.19160675769612823,16.75,148,277,415
20261009-065112-m7-sim-sweep2,2026-10-09T06:52:10+00:00,77,local,share,0.0,1.0,0,11.6,hold,doc,0.5,0.5,S5s,0.3769313394941918,0.5492588234392516,0.39348980737898387,0.19024378655533822,16.75,108,284,418
20261009-065112-m7-sim-sweep2,2026-10-09T06:52:10+00:00,77,local,share,0.0,1.0,0,11.6,hold,doc,0.5,0.5,S5L,0.36036105737898083,0.552404310806836,0.46213476799727005,0.19160675769612823,16.75,148,329,420
20261009-065112-m7-sim-sweep2,2026-10-09T06:52:10+00:00,77,local,share,0.0,1.0,0,11.6,hold,doc,0.5,0.5,S5P,0.39306480737898397,0.5543921814622733,0.43790780737896284,0.19160675769612823,16.75,148,344,422
20261009-065112-m7-sim-sweep2,2026-10-09T06:52:10+00:00,77,local,share,0.0,1.0,0,11.6,hold,doc,0.5,0.5,S5c,0.3780606821734409,0.5580355578963534,0.39348980737898387,0.20345683129657152,16.75,108,277,413
20261009-065112-m7-sim-sweep2,2026-10-09T06:52:10+00:00,78,local,share,0.0,1.0,0,11.6,hold,doc,1.0,0.125,S0,0.5735490614384275,0.7419879772181055,1.1807533205752918,0.0,33.5,0,1136,424
20261009-065112-m7-sim-sweep2,2026-10-09T06:52:10+00:00,78,local,share,0.0,1.0,0,11.6,hold,doc,1.0,0.125,S1,0.571169000000026,0.7113502814043985,1.1807533205752918,0.0,33.5,0,981,407
20261009-065112-m7-sim-sweep2,2026-10-09T06:52:10+00:00,78,local,share,0.0,1.0,0,11.6,hold,doc,1.0,0.125,S2b,0.5303560000000118,0.8427151271501092,2.312107446811112,0.2804683594768023,33.5,0,1012,330
20261009-065112-m7-sim-sweep2,2026-10-09T06:52:10+00:00,78,local,share,0.0,1.0,0,11.6,hold,doc,1.0,0.125,S4,0.571169000000026,0.8888617635057864,1.2516113073789938,0.25888676350576806,32.75,524,1022,365
20261009-065112-m7-sim-sweep2,2026-10-09T06:52:10+00:00,78,local,share,0.0,1.0,0,11.6,hold,doc,1.0,0.125,S4+,0.5530673073789671,0.8949271229179215,2.574106184705329,0.36618003485796535,29.3125,469,1031,311
20261009-065112-m7-sim-sweep2,2026-10-09T06:52:10+00:00,78,local,share,0.0,1.0,0,11.6,hold,doc,1.0,0.125,S4+P,0.5930303073789673,0.902257951524648,2.4967256722525804,0.36618003485796535,29.3125,469,948,315
20261009-065112-m7-sim-sweep2,2026-10-09T06:52:10+00:00,78,local,share,0.0,1.0,0,11.6,hold,doc,1.0,0.125,S4L,0.5930303073789673,0.9023611296581914,2.4967256722525804,0.36618003485796535,29.3125,469,959,315
20261009-065112-m7-sim-sweep2,2026-10-09T06:52:10+00:00,78,local,share,0.0,1.0,0,11.6,hold,doc,1.0,0.125,S4B,0.5930303073789673,0.902257951524648,2.4967256722525804,0.36618003485796535,29.3125,469,943,315
20261009-065112-m7-sim-sweep2,2026-10-09T06:52:10+00:00,78,local,share,0.0,1.0,0,11.6,hold,doc,1.0,0.125,S5,0.5530673073789671,0.8949271229179209,2.574106184705329,0.36618003485796535,29.3125,397,1031,311
20261009-065112-m7-sim-sweep2,2026-10-09T06:52:10+00:00,78,local,share,0.0,1.0,0,11.6,hold,doc,1.0,0.125,S5s,0.5530673073789671,0.8949271229179209,2.574106184705329,0.36618003485796535,29.3125,365,1031,311
20261009-065112-m7-sim-sweep2,2026-10-09T06:52:10+00:00,78,local,share,0.0,1.0,0,11.6,hold,doc,1.0,0.125,S5L,0.5930303073789673,0.902257951524648,2.4967256722525804,0.36618003485796535,29.3125,397,943,315
20261009-065112-m7-sim-sweep2,2026-10-09T06:52:10+00:00,78,local,share,0.0,1.0,0,11.6,hold,doc,1.0,0.125,S5P,0.5930303073789673,0.902257951524648,2.4967256722525804,0.36618003485796535,29.3125,397,943,315
20261009-065112-m7-sim-sweep2,2026-10-09T06:52:10+00:00,78,local,share,0.0,1.0,0,11.6,hold,doc,1.0,0.125,S5c,0.5530673073789671,0.8949271229179209,2.574106184705329,0.36618003485796535,29.3125,365,1031,311
20261009-065112-m7-sim-sweep2,2026-10-09T06:52:10+00:00,78,local,share,0.0,1.0,0,11.6,hold,doc,1.0,0.25,S0,0.5735490614384275,0.7419879772181055,1.1807533205752918,0.0,33.5,0,1136,424
20261009-065112-m7-sim-sweep2,2026-10-09T06:52:10+00:00,78,local,share,0.0,1.0,0,11.6,hold,doc,1.0,0.25,S1,0.571169000000026,0.6677226795938717,1.123802999999981,0.0,33.5,0,837,383
20261009-065112-m7-sim-sweep2,2026-10-09T06:52:10+00:00,78,local,share,0.0,1.0,0,11.6,hold,doc,1.0,0.25,S2b,0.5299310000000048,0.7735240010447141,1.667298221368796,0.21640871585968155,33.5,0,791,326
20261009-065112-m7-sim-sweep2,2026-10-09T06:52:10+00:00,78,local,share,0.0,1.0,0,11.6,hold,doc,1.0,0.25,S4,0.571169000000026,0.8743245786333773,1.3161839221368723,0.2446144431496228,28.25,452,855,363
20261009-065112-m7-sim-sweep2,2026-10-09T06:52:10+00:00,78,local,share,0.0,1.0,0,11.6,hold,doc,1.0,0.25,S4+,0.5526423073789601,0.8773754187592177,2.5344666722534583,0.36618003485796535,25.125,402,817,300
20261009-065112-m7-sim-sweep2,2026-10-09T06:52:10+00:00,78,local,share,0.0,1.0,0,11.6,hold,doc,1.0,0.25,S4+P,0.5930303073789673,0.8877337623814879,2.4967256722525804,0.36618003485796535,25.125,402,855,306
20261009-065112-m7-sim-sweep2,2026-10-09T06:52:10+00:00,78,local,share,0.0,1.0,0,11.6,hold,doc,1.0,0.25,S4L,0.5930303073789673,0.8909202848579802,2.4967256722525804,0.36618003485796535,25.125,402,854,308
20261009-065112-m7-sim-sweep2,2026-10-09T06:52:10+00:00,78,local,share,0.0,1.0,0,11.6,hold,doc,1.0,0.25,S4B,0.5930303073789602,0.8859783640349251,2.4967256722525804,0.36618003485796535,25.125,402,837,305
20261009-065112-m7-sim-sweep2,2026-10-09T06:52:10+00:00,78,local,share,0.0,1.0,0,11.6,hold,doc,1.0,0.25,S5,0.5526423073789601,0.8773754187592177,2.5344666722534583,0.36618003485796535,25.125,330,817,300
20261009-065112-m7-sim-sweep2,2026-10-09T06:52:10+00:00,78,local,share,0.0,1.0,0,11.6,hold,doc,1.0,0.25,S5s,0.5526423073789601,0.8773754187592177,2.5344666722534583,0.36618003485796535,25.125,298,817,300
20261009-065112-m7-sim-sweep2,2026-10-09T06:52:10+00:00,78,local,share,0.0,1.0,0,11.6,hold,doc,1.0,0.25,S5L,0.5930303073789602,0.8859783640349251,2.4967256722525804,0.36618003485796535,25.125,330,837,305
20261009-065112-m7-sim-sweep2,2026-10-09T06:52:10+00:00,78,local,share,0.0,1.0,0,11.6,hold,doc,1.0,0.25,S5P,0.5930303073789602,0.8858717848579793,2.4967256722525804,0.36618003485796535,25.125,330,832,305
20261009-065112-m7-sim-sweep2,2026-10-09T06:52:10+00:00,78,local,share,0.0,1.0,0,11.6,hold,doc,1.0,0.25,S5c,0.5526423073789601,0.8773754187592177,2.5344666722534583,0.36618003485796535,25.125,298,817,300
20261009-065112-m7-sim-sweep2,2026-10-09T06:52:10+00:00,78,local,share,0.0,1.0,0,11.6,hold,doc,1.0,0.5,S0,0.5735490614384275,0.7419879772181055,1.1807533205752918,0.0,33.5,0,1136,424
20261009-065112-m7-sim-sweep2,2026-10-09T06:52:10+00:00,78,local,share,0.0,1.0,0,11.6,hold,doc,1.0,0.5,S1,0.570319000000012,0.6420302482216993,1.1238030000000094,0.0,33.5,0,633,367
20261009-065112-m7-sim-sweep2,2026-10-09T06:52:10+00:00,78,local,share,0.0,1.0,0,11.6,hold,doc,1.0,0.5,S2b,0.4558876807334684,0.5767553296122353,0.6401680387324973,0.09006906643289803,33.5,0,392,283
20261009-065112-m7-sim-sweep2,2026-10-09T06:52:10+00:00,78,local,share,0.0,1.0,0,11.6,hold,doc,1.0,0.5,S4,0.5698835000000102,0.7677923809010494,1.02371100000002,0.23140139840835752,20.0625,321,686,313
20261009-065112-m7-sim-sweep2,2026-10-09T06:52:10+00:00,78,local,share,0.0,1.0,0,11.6,hold,doc,1.0,0.5,S4+,0.47537530737898237,0.7189974811701957,0.5139473073789702,0.26437386596538087,16.75,268,410,265
20261009-065112-m7-sim-sweep2,2026-10-09T06:52:10+00:00,78,local,share,0.0,1.0,0,11.6,hold,doc,1.0,0.5,S4+P,0.5126618073789615,0.7368683701663011,0.5938803073789813,0.26437386596538087,16.75,268,525,276
20261009-065112-m7-sim-sweep2,2026-10-09T06:52:10+00:00,78,local,share,0.0,1.0,0,11.6,hold,doc,1.0,0.5,S4L,0.5017926536894777,0.74657665763206,0.5938803073789813,0.26437386596538087,16.75,268,540,282
20261009-065112-m7-sim-sweep2,2026-10-09T06:52:10+00:00,78,local,share,0.0,1.0,0,11.6,hold,doc,1.0,0.5,S4B,0.47408980737897366,0.7368120326320611,0.5938803073789813,0.26437386596538087,16.75,268,465,276
20261009-065112-m7-sim-sweep2,2026-10-09T06:52:10+00:00,78,local,share,0.0,1.0,0,11.6,hold,doc,1.0,0.5,S5,0.47537530737898237,0.6684951989810634,0.5139473073789702,0.21530690489694018,16.75,196,410,264
20261009-065112-m7-sim-sweep2,2026-10-09T06:52:10+00:00,78,local,share,0.0,1.0,0,11.6,hold,doc,1.0,0.5,S5s,0.47537530737898237,0.6491030785355486,0.5139473073789702,0.19255306217017676,16.75,164,415,266
20261009-065112-m7-sim-sweep2,2026-10-09T06:52:10+00:00,78,local,share,0.0,1.0,0,11.6,hold,doc,1.0,0.5,S5L,0.47408980737897366,0.6863097504429287,0.5938803073789813,0.21530690489694018,16.75,196,465,275
20261009-065112-m7-sim-sweep2,2026-10-09T06:52:10+00:00,78,local,share,0.0,1.0,0,11.6,hold,doc,1.0,0.5,S5P,0.5126618073789615,0.6815206781728396,0.5938803073789813,0.21530690489694018,16.75,196,484,272
20261009-065112-m7-sim-sweep2,2026-10-09T06:52:10+00:00,78,local,share,0.0,1.0,0,11.6,hold,doc,1.0,0.5,S5c,0.47537530737898237,0.6594434176421018,0.5139473073789702,0.20481980243728692,16.75,164,410,265
20261009-065112-m7-sim-sweep2,2026-10-09T06:52:10+00:00,79,local,share,0.0,1.0,0,11.6,hold,doc,2.0,0.125,S0,0.7560239999999965,0.928630583333323,1.5693519999999523,0.0,33.5,0,1292,268
20261009-065112-m7-sim-sweep2,2026-10-09T06:52:10+00:00,79,local,share,0.0,1.0,0,11.6,hold,doc,2.0,0.125,S1,0.7560239999999965,0.889627333333325,1.5693519999999523,0.0,33.5,0,1120,255
20261009-065112-m7-sim-sweep2,2026-10-09T06:52:10+00:00,79,local,share,0.0,1.0,0,11.6,hold,doc,2.0,0.125,S2b,0.6832260000000048,0.996629859476748,2.5064614468104764,0.2804683594767461,33.5,0,1139,203
20261009-065112-m7-sim-sweep2,2026-10-09T06:52:10+00:00,79,local,share,0.0,1.0,0,11.6,hold,doc,2.0,0.125,S4,0.688638130692965,1.0293629192027918,1.5955053073789145,0.2588867635056964,32.75,524,1157,218
20261009-065112-m7-sim-sweep2,2026-10-09T06:52:10+00:00,79,local,share,0.0,1.0,0,11.6,hold,doc,2.0,0.125,S4+,0.7059373073789601,1.048542034857893,2.7641576722525656,0.36618003485789075,29.3125,469,1150,192
20261009-065112-m7-sim-sweep2,2026-10-09T06:52:10+00:00,79,local,share,0.0,1.0,0,11.6,hold,doc,2.0,0.125,S4+P,0.705565593627199,1.0294287399449285,2.6259256722525777,0.36618003485789075,29.3125,469,1066,185
20261009-065112-m7-sim-sweep2,2026-10-09T06:52:10+00:00,79,local,share,0.0,1.0,0,11.6,hold,doc,2.0,0.125,S4L,0.7060438798754376,1.0296171282021145,2.6259256722525777,0.36618003485789075,29.3125,469,1069,185
20261009-065112-m7-sim-sweep2,2026-10-09T06:52:10+00:00,79,local,share,0.0,1.0,0,11.6,hold,doc,2.0,0.125,S4B,0.705565593627199,1.0266952609253852,2.6259256722525777,0.36618003485789075,29.3125,469,1062,184
20261009-065112-m7-sim-sweep2,2026-10-09T06:52:10+00:00,79,local,share,0.0,1.0,0,11.6,hold,doc,2.0,0.125,S5,0.7059373073789601,1.048542034857893,2.7641576722525656,0.36618003485789075,29.3125,429,1150,192
20261009-065112-m7-sim-sweep2,2026-10-09T06:52:10+00:00,79,local,share,0.0,1.0,0,11.6,hold,doc,2.0,0.125,S5s,0.7059373073789601,1.048542034857893,2.7641576722525656,0.36618003485789075,29.3125,405,1150,192
20261009-065112-m7-sim-sweep2,2026-10-09T06:52:10+00:00,79,local,share,0.0,1.0,0,11.6,hold,doc,2.0,0.125,S5L,0.705565593627199,1.0266952609253852,2.6259256722525777,0.36618003485789075,29.3125,429,1062,184
20261009-065112-m7-sim-sweep2,2026-10-09T06:52:10+00:00,79,local,share,0.0,1.0,0,11.6,hold,doc,2.0,0.125,S5P,0.705565593627199,1.023961781905842,2.6259256722525777,0.36618003485789075,29.3125,429,1066,183
20261009-065112-m7-sim-sweep2,2026-10-09T06:52:10+00:00,79,local,share,0.0,1.0,0,11.6,hold,doc,2.0,0.125,S5c,0.7059373073789601,1.048542034857893,2.7641576722525656,0.36618003485789075,29.3125,405,1150,192
20261009-065112-m7-sim-sweep2,2026-10-09T06:52:10+00:00,79,local,share,0.0,1.0,0,11.6,hold,doc,2.0,0.25,S0,0.7560239999999965,0.928630583333323,1.5693519999999523,0.0,33.5,0,1292,268
20261009-065112-m7-sim-sweep2,2026-10-09T06:52:10+00:00,79,local,share,0.0,1.0,0,11.6,hold,doc,2.0,0.25,S1,0.7551739999999967,0.8293227499999958,1.0598620000000096,0.0,33.5,0,958,236
20261009-065112-m7-sim-sweep2,2026-10-09T06:52:10+00:00,79,local,share,0.0,1.0,0,11.6,hold,doc,2.0,0.25,S2b,0.6832260000000048,0.9354739419167378,1.8881703114306276,0.21640871585964305,33.5,0,914,203
20261009-065112-m7-sim-sweep2,2026-10-09T06:52:10+00:00,79,local,share,0.0,1.0,0,11.6,hold,doc,2.0,0.25,S4,0.6868557578549712,1.004587788175673,1.6592279221368074,0.24461444314955472,28.25,452,980,214
20261009-065112-m7-sim-sweep2,2026-10-09T06:52:10+00:00,79,local,share,0.0,1.0,0,11.6,hold,doc,2.0,0.25,S4+,0.7059373073789601,1.029167911566115,2.6940236722525697,0.36618003485789075,25.125,402,932,185
20261009-065112-m7-sim-sweep2,2026-10-09T06:52:10+00:00,79,local,share,0.0,1.0,0,11.6,hold,doc,2.0,0.25,S4+P,0.7050873073789603,1.0089918726682008,2.6259256722525777,0.36618003485789075,25.125,402,963,178
20261009-065112-m7-sim-sweep2,2026-10-09T06:52:10+00:00,79,local,share,0.0,1.0,0,11.6,hold,doc,2.0,0.25,S4L,0.7050873073789603,1.0092960841693437,2.6259256722525777,0.36618003485789075,25.125,402,956,178
20261009-065112-m7-sim-sweep2,2026-10-09T06:52:10+00:00,79,local,share,0.0,1.0,0,11.6,hold,doc,2.0,0.25,S4B,0.7050873073789603,1.0091076959121577,2.6259256722525777,0.36618003485789075,25.125,402,954,178
20261009-065112-m7-sim-sweep2,2026-10-09T06:52:10+00:00,79,local,share,0.0,1.0,0,11.6,hold,doc,2.0,0.25,S5,0.7059373073789601,1.029167911566115,2.6940236722525697,0.36618003485789075,25.125,362,932,185
20261009-065112-m7-sim-sweep2,2026-10-09T06:52:10+00:00,79,local,share,0.0,1.0,0,11.6,hold,doc,2.0,0.25,S5s,0.7059373073789601,1.029167911566115,2.6940236722525697,0.36618003485789075,25.125,338,932,185
20261009-065112-m7-sim-sweep2,2026-10-09T06:52:10+00:00,79,local,share,0.0,1.0,0,11.6,hold,doc,2.0,0.25,S5L,0.7050873073789603,1.0091076959121577,2.6259256722525777,0.36618003485789075,25.125,362,954,178
20261009-065112-m7-sim-sweep2,2026-10-09T06:52:10+00:00,79,local,share,0.0,1.0,0,11.6,hold,doc,2.0,0.25,S5P,0.7050873073789603,1.0089918726682008,2.6259256722525777,0.36618003485789075,25.125,362,950,178
20261009-065112-m7-sim-sweep2,2026-10-09T06:52:10+00:00,79,local,share,0.0,1.0,0,11.6,hold,doc,2.0,0.25,S5c,0.7059373073789601,1.029167911566115,2.6940236722525697,0.36618003485789075,25.125,338,932,185
20261009-065112-m7-sim-sweep2,2026-10-09T06:52:10+00:00,79,local,share,0.0,1.0,0,11.6,hold,doc,2.0,0.5,S0,0.7560239999999965,0.928630583333323,1.5693519999999523,0.0,33.5,0,1292,268
20261009-065112-m7-sim-sweep2,2026-10-09T06:52:10+00:00,79,local,share,0.0,1.0,0,11.6,hold,doc,2.0,0.5,S1,0.7534529999999933,0.7942927499999991,1.0598620000000096,0.0,33.5,0,734,224
20261009-065112-m7-sim-sweep2,2026-10-09T06:52:10+00:00,79,local,share,0.0,1.0,0,11.6,hold,doc,2.0,0.5,S2b,0.6130920000000089,0.7306972400406456,0.7525819999999896,0.0900690664328927,33.5,0,493,177
20261009-065112-m7-sim-sweep2,2026-10-09T06:52:10+00:00,79,local,share,0.0,1.0,0,11.6,hold,doc,2.0,0.5,S4,0.6815050000000014,0.8846825796413474,0.9824720000000013,0.23140139840832674,20.0625,321,777,181
20261009-065112-m7-sim-sweep2,2026-10-09T06:52:10+00:00,79,local,share,0.0,1.0,0,11.6,hold,doc,2.0,0.5,S4+,0.6349533073789644,0.8680896159653576,0.636653307378964,0.26437386596535006,16.75,268,505,165
20261009-065112-m7-sim-sweep2,2026-10-09T06:52:10+00:00,79,local,share,0.0,1.0,0,11.6,hold,doc,2.0,0.5,S4+P,0.6358033073789642,0.8744894322158245,0.7067873073789599,0.26437386596535006,16.75,268,605,167
20261009-065112-m7-sim-sweep2,2026-10-09T06:52:10+00:00,79,local,share,0.0,1.0,0,11.6,hold,doc,2.0,0.5,S4L,0.6359503073789625,0.8723960572877493,0.7131318109099141,0.26437386596535006,16.75,268,615,166
20261009-065112-m7-sim-sweep2,2026-10-09T06:52:10+00:00,79,local,share,0.0,1.0,0,11.6,hold,doc,2.0,0.5,S4B,0.6045708309831781,0.8638742307620149,0.7131318109099141,0.26437386596535006,16.75,268,573,163
20261009-065112-m7-sim-sweep2,2026-10-09T06:52:10+00:00,79,local,share,0.0,1.0,0,11.6,hold,doc,2.0,0.5,S5,0.6349533073789644,0.8408301931495691,0.636653307378964,0.23711444314956154,16.75,228,505,165
20261009-065112-m7-sim-sweep2,2026-10-09T06:52:10+00:00,79,local,share,0.0,1.0,0,11.6,hold,doc,2.0,0.5,S5s,0.6349533073789644,0.824474539460096,0.636653307378964,0.22075878946008842,16.75,204,507,165
20261009-065112-m7-sim-sweep2,2026-10-09T06:52:10+00:00,79,local,share,0.0,1.0,0,11.6,hold,doc,2.0,0.5,S5L,0.6045708309831781,0.8366148079462263,0.7131318109099141,0.23711444314956154,16.75,228,573,163
20261009-065112-m7-sim-sweep2,2026-10-09T06:52:10+00:00,79,local,share,0.0,1.0,0,11.6,hold,doc,2.0,0.5,S5P,0.6358033073789642,0.8446239019903459,0.7067873073789599,0.23711444314956154,16.75,228,582,166
20261009-065112-m7-sim-sweep2,2026-10-09T06:52:10+00:00,79,local,share,0.0,1.0,0,11.6,hold,doc,2.0,0.5,S5c,0.6349533073789644,0.824474539460096,0.636653307378964,0.22075878946008842,16.75,204,505,165
20261009-065112-m7-sim-sweep2,2026-10-09T06:52:10+00:00,80,local,share,0.0,1.0,0,3.69,free,chat,0.25,0.125,S0,0.49129764363802053,0.5015368267062664,0.696579889661777,0.0,32.0,0,200,568
20261009-065112-m7-sim-sweep2,2026-10-09T06:52:10+00:00,80,local,share,0.0,1.0,0,3.69,free,chat,0.25,0.125,S1,0.4810629346238713,0.48498175792862536,0.6505895160068604,0.0,32.0,0,94,533
20261009-065112-m7-sim-sweep2,2026-10-09T06:52:10+00:00,80,local,share,0.0,1.0,0,3.69,free,chat,0.25,0.125,S2b,0.49129764363802053,0.4937574462312521,0.696579889661777,0.0,32.0,0,141,547
20261009-065112-m7-sim-sweep2,2026-10-09T06:52:10+00:00,80,local,share,0.0,1.0,0,3.69,free,chat,0.25,0.125,S4,0.4810629346238713,0.48498175792862536,0.6505895160068604,0.0,29.0,464,94,533
20261009-065112-m7-sim-sweep2,2026-10-09T06:52:10+00:00,80,local,share,0.0,1.0,0,3.69,free,chat,0.25,0.125,S4+,0.49129764363802053,0.4937574462312521,0.696579889661777,0.0,28.0,448,141,547
20261009-065112-m7-sim-sweep2,2026-10-09T06:52:10+00:00,80,local,share,0.0,1.0,0,3.69,free,chat,0.25,0.125,S4+P,0.47579468313892903,0.4843083037270753,0.6505895160068604,0.0,28.0,448,85,529
20261009-065112-m7-sim-sweep2,2026-10-09T06:52:10+00:00,80,local,share,0.0,1.0,0,3.69,free,chat,0.25,0.125,S4L,0.47082822560972204,0.4836019690104951,0.6505895160068604,0.0,28.0,448,85,530
20261009-065112-m7-sim-sweep2,2026-10-09T06:52:10+00:00,80,local,share,0.0,1.0,0,3.69,free,chat,0.25,0.125,S4B,0.47082822560972204,0.47809838268374527,0.6379440000000329,0.0,28.0,448,53,520
20261009-065112-m7-sim-sweep2,2026-10-09T06:52:10+00:00,80,local,share,0.0,1.0,0,3.69,free,chat,0.25,0.125,S5,0.49129764363802053,0.492163145358085,0.696579889661777,0.0,28.0,320,138,547
20261009-065112-m7-sim-sweep2,2026-10-09T06:52:10+00:00,80,local,share,0.0,1.0,0,3.69,free,chat,0.25,0.125,S5s,0.49129764363802053,0.4937574462312521,0.696579889661777,0.0,28.0,384,141,547
20261009-065112-m7-sim-sweep2,2026-10-09T06:52:10+00:00,80,local,share,0.0,1.0,0,3.69,free,chat,0.25,0.125,S5L,0.47082822560972204,0.4794025682113876,0.6379440000000329,0.0,28.0,320,68,525
20261009-065112-m7-sim-sweep2,2026-10-09T06:52:10+00:00,80,local,share,0.0,1.0,0,3.69,free,chat,0.25,0.125,S5P,0.47082822560972204,0.48047150788533105,0.6379440000000329,0.0,28.0,320,72,526
20261009-065112-m7-sim-sweep2,2026-10-09T06:52:10+00:00,80,local,share,0.0,1.0,0,3.69,free,chat,0.25,0.125,S5c,0.49129764363802053,0.4937574462312521,0.696579889661777,0.0,28.0,384,141,547
20261009-065112-m7-sim-sweep2,2026-10-09T06:52:10+00:00,80,local,share,0.0,1.0,0,3.69,free,chat,0.25,0.25,S0,0.49129764363802053,0.5015368267062664,0.696579889661777,0.0,32.0,0,200,568
20261009-065112-m7-sim-sweep2,2026-10-09T06:52:10+00:00,80,local,share,0.0,1.0,0,3.69,free,chat,0.25,0.25,S1,0.47082822560972204,0.47946978843643845,0.6505895160068604,0.0,32.0,0,60,522
20261009-065112-m7-sim-sweep2,2026-10-09T06:52:10+00:00,80,local,share,0.0,1.0,0,3.69,free,chat,0.25,0.25,S2b,0.4808617386533811,0.482452596564577,0.6761104716334785,0.0,32.0,0,75,527
20261009-065112-m7-sim-sweep2,2026-10-09T06:52:10+00:00,80,local,share,0.0,1.0,0,3.69,free,chat,0.25,0.25,S4,0.47082822560972204,0.47946978843643845,0.6505895160068604,0.0,24.0,384,60,522
20261009-065112-m7-sim-sweep2,2026-10-09T06:52:10+00:00,80,local,share,0.0,1.0,0,3.69,free,chat,0.25,0.25,S4+,0.4808617386533811,0.482452596564577,0.6761104716334785,0.0,24.0,384,75,527
20261009-065112-m7-sim-sweep2,2026-10-09T06:52:10+00:00,80,local,share,0.0,1.0,0,3.69,free,chat,0.25,0.25,S4+P,0.47082822560972204,0.4776783548669143,0.6379440000000329,0.0,24.0,384,51,520
20261009-065112-m7-sim-sweep2,2026-10-09T06:52:10+00:00,80,local,share,0.0,1.0,0,3.69,free,chat,0.25,0.25,S4L,0.47082822560972204,0.4770266263671991,0.6379440000000329,0.0,24.0,384,47,518
20261009-065112-m7-sim-sweep2,2026-10-09T06:52:10+00:00,80,local,share,0.0,1.0,0,3.69,free,chat,0.25,0.25,S4B,0.47082822560972204,0.4701516342877561,0.6379440000000329,0.0,24.0,384,8,506
20261009-065112-m7-sim-sweep2,2026-10-09T06:52:10+00:00,80,local,share,0.0,1.0,0,3.69,free,chat,0.25,0.25,S5,0.4808617386533811,0.4818844789042333,0.6761104716334785,0.0,24.0,256,75,527
20261009-065112-m7-sim-sweep2,2026-10-09T06:52:10+00:00,80,local,share,0.0,1.0,0,3.69,free,chat,0.25,0.25,S5s,0.4808617386533811,0.482452596564577,0.6761104716334785,0.0,24.0,320,75,527
20261009-065112-m7-sim-sweep2,2026-10-09T06:52:10+00:00,80,local,share,0.0,1.0,0,3.69,free,chat,0.25,0.25,S5L,0.47082822560972204,0.4740321129684902,0.6379440000000329,0.0,24.0,256,39,516
20261009-065112-m7-sim-sweep2,2026-10-09T06:52:10+00:00,80,local,share,0.0,1.0,0,3.69,free,chat,0.25,0.25,S5P,0.47082822560972204,0.4740321129684902,0.6379440000000329,0.0,24.0,256,39,516
20261009-065112-m7-sim-sweep2,2026-10-09T06:52:10+00:00,80,local,share,0.0,1.0,0,3.69,free,chat,0.25,0.25,S5c,0.4808617386533811,0.482452596564577,0.6761104716334785,0.0,24.0,320,75,527
20261009-065112-m7-sim-sweep2,2026-10-09T06:52:10+00:00,80,local,share,0.0,1.0,0,3.69,free,chat,0.25,0.5,S0,0.49129764363802053,0.5015368267062664,0.696579889661777,0.0,32.0,0,200,568
20261009-065112-m7-sim-sweep2,2026-10-09T06:52:10+00:00,80,local,share,0.0,1.0,0,3.69,free,chat,0.25,0.5,S1,0.47082822560972204,0.47397458527512565,0.6379440000000329,0.0,32.0,0,30,513
20261009-065112-m7-sim-sweep2,2026-10-09T06:52:10+00:00,80,local,share,0.0,1.0,0,3.69,free,chat,0.25,0.5,S2b,0.47082822560972204,0.4705906552448346,0.6379440000000329,0.0,32.0,0,15,509
20261009-065112-m7-sim-sweep2,2026-10-09T06:52:10+00:00,80,local,share,0.0,1.0,0,3.69,free,chat,0.25,0.5,S4,0.47082822560972204,0.47397458527512565,0.6379440000000329,0.0,17.0,272,30,513
20261009-065112-m7-sim-sweep2,2026-10-09T06:52:10+00:00,80,local,share,0.0,1.0,0,3.69,free,chat,0.25,0.5,S4+,0.47082822560972204,0.4705906552448346,0.6379440000000329,0.0,16.0,256,15,509
20261009-065112-m7-sim-sweep2,2026-10-09T06:52:10+00:00,80,local,share,0.0,1.0,0,3.69,free,chat,0.25,0.5,S4+P,0.47082822560972204,0.469875260304019,0.6379440000000329,0.0,16.0,256,9,507
20261009-065112-m7-sim-sweep2,2026-10-09T06:52:10+00:00,80,local,share,0.0,1.0,0,3.69,free,chat,0.25,0.5,S4L,0.47082822560972204,0.4720583197061708,0.6379440000000329,0.0,16.0,256,18,509
20261009-065112-m7-sim-sweep2,2026-10-09T06:52:10+00:00,80,local,share,0.0,1.0,0,3.69,free,chat,0.25,0.5,S4B,0.47082822560972204,0.4684793821138129,0.6379440000000329,0.0,16.0,256,0,504
20261009-065112-m7-sim-sweep2,2026-10-09T06:52:10+00:00,80,local,share,0.0,1.0,0,3.69,free,chat,0.25,0.5,S5,0.47082822560972204,0.46979529052035335,0.6379440000000329,0.0,16.0,128,15,509
20261009-065112-m7-sim-sweep2,2026-10-09T06:52:10+00:00,80,local,share,0.0,1.0,0,3.69,free,chat,0.25,0.5,S5s,0.47082822560972204,0.4705906552448346,0.6379440000000329,0.0,16.0,192,15,509
20261009-065112-m7-sim-sweep2,2026-10-09T06:52:10+00:00,80,local,share,0.0,1.0,0,3.69,free,chat,0.25,0.5,S5L,0.4681012608400721,0.46912902249913735,0.6379440000000329,0.0,16.0,128,8,506
20261009-065112-m7-sim-sweep2,2026-10-09T06:52:10+00:00,80,local,share,0.0,1.0,0,3.69,free,chat,0.25,0.5,S5P,0.4681012608400721,0.46912902249913735,0.6379440000000329,0.0,16.0,128,8,506
20261009-065112-m7-sim-sweep2,2026-10-09T06:52:10+00:00,80,local,share,0.0,1.0,0,3.69,free,chat,0.25,0.5,S5c,0.47082822560972204,0.4705906552448346,0.6379440000000329,0.0,16.0,192,15,509
20261009-065112-m7-sim-sweep2,2026-10-09T06:52:10+00:00,81,local,share,0.0,1.0,0,3.69,free,chat,0.5,0.125,S0,0.881409000000005,0.8833793738928731,1.1943910000000102,0.0,32.0,0,304,464
20261009-065112-m7-sim-sweep2,2026-10-09T06:52:10+00:00,81,local,share,0.0,1.0,0,3.69,free,chat,0.5,0.125,S1,0.8478005000000053,0.8536539226643237,1.1399865612353608,0.0,32.0,0,159,432
20261009-065112-m7-sim-sweep2,2026-10-09T06:52:10+00:00,81,local,share,0.0,1.0,0,3.69,free,chat,0.5,0.125,S2b,0.881409000000005,0.8662746377696765,1.1943910000000102,0.0,32.0,0,228,447
20261009-065112-m7-sim-sweep2,2026-10-09T06:52:10+00:00,81,local,share,0.0,1.0,0,3.69,free,chat,0.5,0.125,S4,0.8141920000000056,0.8397817881243999,1.1399865612353608,0.0,29.0,464,172,419
20261009-065112-m7-sim-sweep2,2026-10-09T06:52:10+00:00,81,local,share,0.0,1.0,0,3.69,free,chat,0.5,0.125,S4+,0.881409000000005,0.8662746377696765,1.1943910000000102,0.0,28.0,448,228,447
20261009-065112-m7-sim-sweep2,2026-10-09T06:52:10+00:00,81,local,share,0.0,1.0,0,3.69,free,chat,0.5,0.125,S4+P,0.8251612500000078,0.8475556609414294,1.1399865612353608,0.0,28.0,448,141,427
20261009-065112-m7-sim-sweep2,2026-10-09T06:52:10+00:00,81,local,share,0.0,1.0,0,3.69,free,chat,0.5,0.125,S4L,0.8141920000000056,0.8479626499422247,1.1399865612353608,0.0,28.0,448,140,428
20261009-065112-m7-sim-sweep2,2026-10-09T06:52:10+00:00,81,local,share,0.0,1.0,0,3.69,free,chat,0.5,0.125,S4B,0.8141920000000056,0.8418097809228969,1.1399865612353608,0.0,28.0,448,115,423
20261009-065112-m7-sim-sweep2,2026-10-09T06:52:10+00:00,81,local,share,0.0,1.0,0,3.69,free,chat,0.5,0.125,S5,0.881409000000005,0.8662746377696765,1.1943910000000102,0.0,28.0,384,228,447
20261009-065112-m7-sim-sweep2,2026-10-09T06:52:10+00:00,81,local,share,0.0,1.0,0,3.69,free,chat,0.5,0.125,S5s,0.881409000000005,0.8662746377696765,1.1943910000000102,0.0,28.0,400,228,447
20261009-065112-m7-sim-sweep2,2026-10-09T06:52:10+00:00,81,local,share,0.0,1.0,0,3.69,free,chat,0.5,0.125,S5L,0.8141920000000056,0.8430491504395304,1.1399865612353608,0.0,28.0,384,121,424
20261009-065112-m7-sim-sweep2,2026-10-09T06:52:10+00:00,81,local,share,0.0,1.0,0,3.69,free,chat,0.5,0.125,S5P,0.8251612500000078,0.8453074960740518,1.1399865612353608,0.0,28.0,384,131,426
20261009-065112-m7-sim-sweep2,2026-10-09T06:52:10+00:00,81,local,share,0.0,1.0,0,3.69,free,chat,0.5,0.125,S5c,0.881409000000005,0.8662746377696765,1.1943910000000102,0.0,28.0,400,228,447
20261009-065112-m7-sim-sweep2,2026-10-09T06:52:10+00:00,81,local,share,0.0,1.0,0,3.69,free,chat,0.5,0.25,S0,0.881409000000005,0.8833793738928731,1.1943910000000102,0.0,32.0,0,304,464
20261009-065112-m7-sim-sweep2,2026-10-09T06:52:10+00:00,81,local,share,0.0,1.0,0,3.69,free,chat,0.5,0.25,S1,0.8141920000000056,0.840425574478329,1.1399865612353608,0.0,32.0,0,102,420
20261009-065112-m7-sim-sweep2,2026-10-09T06:52:10+00:00,81,local,share,0.0,1.0,0,3.69,free,chat,0.5,0.25,S2b,0.8499665992580248,0.8485470875789668,1.1655075168619788,0.0,32.0,0,137,428
20261009-065112-m7-sim-sweep2,2026-10-09T06:52:10+00:00,81,local,share,0.0,1.0,0,3.69,free,chat,0.5,0.25,S4,0.8141920000000056,0.8323416527087156,1.091796500000001,0.0,24.0,384,108,414
20261009-065112-m7-sim-sweep2,2026-10-09T06:52:10+00:00,81,local,share,0.0,1.0,0,3.69,free,chat,0.5,0.25,S4+,0.8499665992580248,0.8485470875789668,1.1655075168619788,0.0,24.0,384,137,428
20261009-065112-m7-sim-sweep2,2026-10-09T06:52:10+00:00,81,local,share,0.0,1.0,0,3.69,free,chat,0.5,0.25,S4+P,0.8141920000000056,0.836440572589563,1.091796500000001,0.0,24.0,384,86,418
20261009-065112-m7-sim-sweep2,2026-10-09T06:52:10+00:00,81,local,share,0.0,1.0,0,3.69,free,chat,0.5,0.25,S4L,0.8141920000000056,0.8352681584743694,1.091796500000001,0.0,24.0,384,82,416
20261009-065112-m7-sim-sweep2,2026-10-09T06:52:10+00:00,81,local,share,0.0,1.0,0,3.69,free,chat,0.5,0.25,S4B,0.8141920000000056,0.8277710479871873,1.091796500000001,0.0,24.0,384,51,410
20261009-065112-m7-sim-sweep2,2026-10-09T06:52:10+00:00,81,local,share,0.0,1.0,0,3.69,free,chat,0.5,0.25,S5,0.8499665992580248,0.8485470875789668,1.1655075168619788,0.0,24.0,320,137,428
20261009-065112-m7-sim-sweep2,2026-10-09T06:52:10+00:00,81,local,share,0.0,1.0,0,3.69,free,chat,0.5,0.25,S5s,0.8499665992580248,0.8485470875789668,1.1655075168619788,0.0,24.0,336,137,428
20261009-065112-m7-sim-sweep2,2026-10-09T06:52:10+00:00,81,local,share,0.0,1.0,0,3.69,free,chat,0.5,0.25,S5L,0.8141920000000056,0.833923917006515,1.091796500000001,0.0,24.0,320,76,415
20261009-065112-m7-sim-sweep2,2026-10-09T06:52:10+00:00,81,local,share,0.0,1.0,0,3.69,free,chat,0.5,0.25,S5P,0.8141920000000056,0.8336050846609412,1.091796500000001,0.0,24.0,320,76,416
20261009-065112-m7-sim-sweep2,2026-10-09T06:52:10+00:00,81,local,share,0.0,1.0,0,3.69,free,chat,0.5,0.25,S5c,0.8499665992580248,0.8485470875789668,1.1655075168619788,0.0,24.0,336,137,428
20261009-065112-m7-sim-sweep2,2026-10-09T06:52:10+00:00,81,local,share,0.0,1.0,0,3.69,free,chat,0.5,0.5,S0,0.881409000000005,0.8833793738928731,1.1943910000000102,0.0,32.0,0,304,464
20261009-065112-m7-sim-sweep2,2026-10-09T06:52:10+00:00,81,local,share,0.0,1.0,0,3.69,free,chat,0.5,0.5,S1,0.8141920000000056,0.8277710479871873,1.091796500000001,0.0,32.0,0,51,410
20261009-065112-m7-sim-sweep2,2026-10-09T06:52:10+00:00,81,local,share,0.0,1.0,0,3.69,free,chat,0.5,0.5,S2b,0.8141920000000056,0.8228936787636693,1.091796500000001,0.0,32.0,0,34,406
20261009-065112-m7-sim-sweep2,2026-10-09T06:52:10+00:00,81,local,share,0.0,1.0,0,3.69,free,chat,0.5,0.5,S4,0.8141920000000056,0.8175443266873342,1.091796500000001,0.0,17.0,272,62,399
20261009-065112-m7-sim-sweep2,2026-10-09T06:52:10+00:00,81,local,share,0.0,1.0,0,3.69,free,chat,0.5,0.5,S4+,0.8141920000000056,0.8228936787636693,1.091796500000001,0.0,16.0,256,34,406
20261009-065112-m7-sim-sweep2,2026-10-09T06:52:10+00:00,81,local,share,0.0,1.0,0,3.69,free,chat,0.5,0.5,S4+P,0.8141920000000056,0.8196017537690471,1.091796500000001,0.0,16.0,256,17,403
20261009-065112-m7-sim-sweep2,2026-10-09T06:52:10+00:00,81,local,share,0.0,1.0,0,3.69,free,chat,0.5,0.5,S4L,0.8141920000000056,0.8255041963719935,1.091796500000001,0.0,16.0,256,38,407
20261009-065112-m7-sim-sweep2,2026-10-09T06:52:10+00:00,81,local,share,0.0,1.0,0,3.69,free,chat,0.5,0.5,S4B,0.8141920000000056,0.8159991666666713,1.091796500000001,0.0,16.0,256,0,400
20261009-065112-m7-sim-sweep2,2026-10-09T06:52:10+00:00,81,local,share,0.0,1.0,0,3.69,free,chat,0.5,0.5,S5,0.8141920000000056,0.8222659272392754,1.091796500000001,0.0,16.0,192,34,405
20261009-065112-m7-sim-sweep2,2026-10-09T06:52:10+00:00,81,local,share,0.0,1.0,0,3.69,free,chat,0.5,0.5,S5s,0.8141920000000056,0.8224931743034128,1.091796500000001,0.0,16.0,208,34,405
20261009-065112-m7-sim-sweep2,2026-10-09T06:52:10+00:00,81,local,share,0.0,1.0,0,3.69,free,chat,0.5,0.5,S5L,0.8141920000000056,0.8180598980779864,1.091796500000001,0.0,16.0,192,12,401
20261009-065112-m7-sim-sweep2,2026-10-09T06:52:10+00:00,81,local,share,0.0,1.0,0,3.69,free,chat,0.5,0.5,S5P,0.8141920000000056,0.8180598980779864,1.091796500000001,0.0,16.0,192,12,401
20261009-065112-m7-sim-sweep2,2026-10-09T06:52:10+00:00,81,local,share,0.0,1.0,0,3.69,free,chat,0.5,0.5,S5c,0.8141920000000056,0.8228936787636693,1.091796500000001,0.0,16.0,208,34,406
20261009-065112-m7-sim-sweep2,2026-10-09T06:52:10+00:00,82,local,share,0.0,1.0,0,3.69,free,chat,2.0,0.125,S0,2.6174319999999796,2.5849463470840615,3.2250919999999894,0.0,32.0,0,568,200
20261009-065112-m7-sim-sweep2,2026-10-09T06:52:10+00:00,82,local,share,0.0,1.0,0,3.69,free,chat,2.0,0.125,S1,2.6174319999999796,2.555569966927535,3.1496099999999956,0.0,32.0,0,357,191
20261009-065112-m7-sim-sweep2,2026-10-09T06:52:10+00:00,82,local,share,0.0,1.0,0,3.69,free,chat,2.0,0.125,S2b,2.6174319999999796,2.568748565049665,3.2250919999999894,0.0,32.0,0,465,195
20261009-065112-m7-sim-sweep2,2026-10-09T06:52:10+00:00,82,local,share,0.0,1.0,0,3.69,free,chat,2.0,0.125,S4,2.6174319999999796,2.5504034196520533,3.2250919999999894,0.0,29.0,464,360,188
20261009-065112-m7-sim-sweep2,2026-10-09T06:52:10+00:00,82,local,share,0.0,1.0,0,3.69,free,chat,2.0,0.125,S4+,2.6174319999999796,2.568748565049665,3.2250919999999894,0.0,28.0,448,465,195
20261009-065112-m7-sim-sweep2,2026-10-09T06:52:10+00:00,82,local,share,0.0,1.0,0,3.69,free,chat,2.0,0.125,S4+P,2.6174319999999796,2.559121010313039,3.1496099999999956,0.0,28.0,448,336,192
20261009-065112-m7-sim-sweep2,2026-10-09T06:52:10+00:00,82,local,share,0.0,1.0,0,3.69,free,chat,2.0,0.125,S4L,2.6174319999999796,2.555569966927535,3.1496099999999956,0.0,28.0,448,325,191
20261009-065112-m7-sim-sweep2,2026-10-09T06:52:10+00:00,82,local,share,0.0,1.0,0,3.69,free,chat,2.0,0.125,S4B,2.6174319999999796,2.555569966927535,3.1496099999999956,0.0,28.0,448,305,191
20261009-065112-m7-sim-sweep2,2026-10-09T06:52:10+00:00,82,local,share,0.0,1.0,0,3.69,free,chat,2.0,0.125,S5,2.6174319999999796,2.568748565049665,3.2250919999999894,0.0,28.0,424,465,195
20261009-065112-m7-sim-sweep2,2026-10-09T06:52:10+00:00,82,local,share,0.0,1.0,0,3.69,free,chat,2.0,0.125,S5s,2.6174319999999796,2.568748565049665,3.2250919999999894,0.0,28.0,432,465,195
20261009-065112-m7-sim-sweep2,2026-10-09T06:52:10+00:00,82,local,share,0.0,1.0,0,3.69,free,chat,2.0,0.125,S5L,2.6174319999999796,2.555569966927535,3.1496099999999956,0.0,28.0,424,319,191
20261009-065112-m7-sim-sweep2,2026-10-09T06:52:10+00:00,82,local,share,0.0,1.0,0,3.69,free,chat,2.0,0.125,S5P,2.6174319999999796,2.556707419294441,3.1496099999999956,0.0,28.0,424,335,191
20261009-065112-m7-sim-sweep2,2026-10-09T06:52:10+00:00,82,local,share,0.0,1.0,0,3.69,free,chat,2.0,0.125,S5c,2.6174319999999796,2.568748565049665,3.2250919999999894,0.0,28.0,432,465,195
20261009-065112-m7-sim-sweep2,2026-10-09T06:52:10+00:00,82,local,share,0.0,1.0,0,3.69,free,chat,2.0,0.25,S0,2.6174319999999796,2.5849463470840615,3.2250919999999894,0.0,32.0,0,568,200
20261009-065112-m7-sim-sweep2,2026-10-09T06:52:10+00:00,82,local,share,0.0,1.0,0,3.69,free,chat,2.0,0.25,S1,2.6174319999999796,2.546023256875358,3.1496099999999956,0.0,32.0,0,247,188
20261009-065112-m7-sim-sweep2,2026-10-09T06:52:10+00:00,82,local,share,0.0,1.0,0,3.69,free,chat,2.0,0.25,S2b,2.6174319999999796,2.552358478278642,3.2250919999999894,0.0,32.0,0,327,190
20261009-065112-m7-sim-sweep2,2026-10-09T06:52:10+00:00,82,local,share,0.0,1.0,0,3.69,free,chat,2.0,0.25,S4,2.5454839999999876,2.5308838762665413,3.2250919999999894,0.0,24.0,384,253,182
20261009-065112-m7-sim-sweep2,2026-10-09T06:52:10+00:00,82,local,share,0.0,1.0,0,3.69,free,chat,2.0,0.25,S4+,2.6174319999999796,2.552358478278642,3.2250919999999894,0.0,24.0,384,327,190
20261009-065112-m7-sim-sweep2,2026-10-09T06:52:10+00:00,82,local,share,0.0,1.0,0,3.69,free,chat,2.0,0.25,S4+P,2.6174319999999796,2.549168340208691,3.2250919999999894,0.0,24.0,384,216,189
20261009-065112-m7-sim-sweep2,2026-10-09T06:52:10+00:00,82,local,share,0.0,1.0,0,3.69,free,chat,2.0,0.25,S4L,2.6174319999999796,2.5428781735420247,3.1496099999999956,0.0,24.0,384,216,187
20261009-065112-m7-sim-sweep2,2026-10-09T06:52:10+00:00,82,local,share,0.0,1.0,0,3.69,free,chat,2.0,0.25,S4B,2.6174319999999796,2.5456093854145903,3.1496099999999956,0.0,24.0,384,209,188
20261009-065112-m7-sim-sweep2,2026-10-09T06:52:10+00:00,82,local,share,0.0,1.0,0,3.69,free,chat,2.0,0.25,S5,2.6174319999999796,2.552358478278642,3.2250919999999894,0.0,24.0,360,327,190
20261009-065112-m7-sim-sweep2,2026-10-09T06:52:10+00:00,82,local,share,0.0,1.0,0,3.69,free,chat,2.0,0.25,S5s,2.6174319999999796,2.552358478278642,3.2250919999999894,0.0,24.0,368,327,190
20261009-065112-m7-sim-sweep2,2026-10-09T06:52:10+00:00,82,local,share,0.0,1.0,0,3.69,free,chat,2.0,0.25,S5L,2.6174319999999796,2.546023256875358,3.1496099999999956,0.0,24.0,360,210,188
20261009-065112-m7-sim-sweep2,2026-10-09T06:52:10+00:00,82,local,share,0.0,1.0,0,3.69,free,chat,2.0,0.25,S5P,2.6174319999999796,2.549168340208691,3.2250919999999894,0.0,24.0,360,214,189
20261009-065112-m7-sim-sweep2,2026-10-09T06:52:10+00:00,82,local,share,0.0,1.0,0,3.69,free,chat,2.0,0.25,S5c,2.6174319999999796,2.552358478278642,3.2250919999999894,0.0,24.0,368,327,190
20261009-065112-m7-sim-sweep2,2026-10-09T06:52:10+00:00,82,local,share,0.0,1.0,0,3.69,free,chat,2.0,0.5,S0,2.6174319999999796,2.5849463470840615,3.2250919999999894,0.0,32.0,0,568,200
20261009-065112-m7-sim-sweep2,2026-10-09T06:52:10+00:00,82,local,share,0.0,1.0,0,3.69,free,chat,2.0,0.5,S1,2.5454839999999876,2.539215670104334,3.2250919999999894,0.0,32.0,0,130,186
20261009-065112-m7-sim-sweep2,2026-10-09T06:52:10+00:00,82,local,share,0.0,1.0,0,3.69,free,chat,2.0,0.5,S2b,2.5454839999999876,2.5362272888870057,3.2250919999999894,0.0,32.0,0,117,185
20261009-065112-m7-sim-sweep2,2026-10-09T06:52:10+00:00,82,local,share,0.0,1.0,0,3.69,free,chat,2.0,0.5,S4,2.5454839999999876,2.511489723738847,3.2250919999999894,0.0,17.0,272,140,176
20261009-065112-m7-sim-sweep2,2026-10-09T06:52:10+00:00,82,local,share,0.0,1.0,0,3.69,free,chat,2.0,0.5,S4+,2.5454839999999876,2.5362272888870057,3.2250919999999894,0.0,16.0,256,117,185
20261009-065112-m7-sim-sweep2,2026-10-09T06:52:10+00:00,82,local,share,0.0,1.0,0,3.69,free,chat,2.0,0.5,S4+P,2.5454839999999876,2.5360705867710007,3.2250919999999894,0.0,16.0,256,87,185
20261009-065112-m7-sim-sweep2,2026-10-09T06:52:10+00:00,82,local,share,0.0,1.0,0,3.69,free,chat,2.0,0.5,S4L,2.5454839999999876,2.5360705867710007,3.2250919999999894,0.0,16.0,256,115,185
20261009-065112-m7-sim-sweep2,2026-10-09T06:52:10+00:00,82,local,share,0.0,1.0,0,3.69,free,chat,2.0,0.5,S4B,2.5454839999999876,2.539362920104334,3.2250919999999894,0.0,16.0,256,48,186
20261009-065112-m7-sim-sweep2,2026-10-09T06:52:10+00:00,82,local,share,0.0,1.0,0,3.69,free,chat,2.0,0.5,S5,2.5454839999999876,2.5338978033404853,3.2250919999999894,0.0,16.0,232,117,184
20261009-065112-m7-sim-sweep2,2026-10-09T06:52:10+00:00,82,local,share,0.0,1.0,0,3.69,free,chat,2.0,0.5,S5s,2.5454839999999876,2.5362272888870057,3.2250919999999894,0.0,16.0,240,117,185
20261009-065112-m7-sim-sweep2,2026-10-09T06:52:10+00:00,82,local,share,0.0,1.0,0,3.69,free,chat,2.0,0.5,S5L,2.5454839999999876,2.5337411012244804,3.2250919999999894,0.0,16.0,232,98,184
20261009-065112-m7-sim-sweep2,2026-10-09T06:52:10+00:00,82,local,share,0.0,1.0,0,3.69,free,chat,2.0,0.5,S5P,2.5454839999999876,2.5337411012244804,3.2250919999999894,0.0,16.0,232,73,184
20261009-065112-m7-sim-sweep2,2026-10-09T06:52:10+00:00,82,local,share,0.0,1.0,0,3.69,free,chat,2.0,0.5,S5c,2.5454839999999876,2.5362272888870057,3.2250919999999894,0.0,16.0,240,117,185
20261009-065112-m7-sim-sweep2,2026-10-09T06:52:10+00:00,83,nfs,share,0.0,1.0,0,3.69,free,doc,0.25,0.125,S0,0.9690847273471235,0.9690829773471172,0.9692972273471128,0.0,33.5,0,72,1488
20261009-065112-m7-sim-sweep2,2026-10-09T06:52:10+00:00,83,nfs,share,0.0,1.0,0,3.69,free,doc,0.25,0.125,S1,0.9690847273471235,0.9152688655953843,0.9889618614934506,0.0,33.5,0,63,1411
20261009-065112-m7-sim-sweep2,2026-10-09T06:52:10+00:00,83,nfs,share,0.0,1.0,0,3.69,free,doc,0.25,0.125,S2b,0.8000694727029085,0.8049061290863294,0.8425198961446227,0.0,33.5,0,47,1295
20261009-065112-m7-sim-sweep2,2026-10-09T06:52:10+00:00,83,nfs,share,0.0,1.0,0,3.69,free,doc,0.25,0.125,S4,0.9690847273471235,0.9152688655953843,0.9889618614934506,0.0,32.75,524,63,1411
20261009-065112-m7-sim-sweep2,2026-10-09T06:52:10+00:00,83,nfs,share,0.0,1.0,0,3.69,free,doc,0.25,0.125,S4+,0.8000694727029085,0.8049061290863294,0.8425198961446227,0.0,29.3125,469,47,1295
20261009-065112-m7-sim-sweep2,2026-10-09T06:52:10+00:00,83,nfs,share,0.0,1.0,0,3.69,free,doc,0.25,0.125,S4+P,0.9690847273471235,0.8722051400707743,0.9889618614934506,0.0,29.3125,469,56,1351
20261009-065112-m7-sim-sweep2,2026-10-09T06:52:10+00:00,83,nfs,share,0.0,1.0,0,3.69,free,doc,0.25,0.125,S4L,0.9690847273471235,0.8756455573261613,0.9889618614934506,0.0,29.3125,469,57,1362
20261009-065112-m7-sim-sweep2,2026-10-09T06:52:10+00:00,83,nfs,share,0.0,1.0,0,3.69,free,doc,0.25,0.125,S4B,0.9788081694202901,0.8406914289067539,1.0058995308701384,0.0,29.3125,469,51,1310
20261009-065112-m7-sim-sweep2,2026-10-09T06:52:10+00:00,83,nfs,share,0.0,1.0,0,3.69,free,doc,0.25,0.125,S5,0.7917068880145592,0.8022927878487481,0.8425198961446227,0.0,29.3125,165,47,1295
20261009-065112-m7-sim-sweep2,2026-10-09T06:52:10+00:00,83,nfs,share,0.0,1.0,0,3.69,free,doc,0.25,0.125,S5s,1.0565000390002126,1.05740727725676,1.0736502083768897,0.0,30.0,0,72,1368
20261009-065112-m7-sim-sweep2,2026-10-09T06:52:10+00:00,83,nfs,share,0.0,1.0,0,3.69,free,doc,0.25,0.125,S5L,0.9689758523471212,0.8380061025743236,1.0058995308701384,0.0,29.3125,165,51,1313
20261009-065112-m7-sim-sweep2,2026-10-09T06:52:10+00:00,83,nfs,share,0.0,1.0,0,3.69,free,doc,0.25,0.125,S5P,0.9689758523471212,0.8380061025743236,1.0058995308701384,0.0,29.3125,165,51,1313
20261009-065112-m7-sim-sweep2,2026-10-09T06:52:10+00:00,83,nfs,share,0.0,1.0,0,3.69,free,doc,0.25,0.125,S5c,0.8000694727029085,0.8049061290863294,0.8425198961446227,0.0,30.0,0,47,1295
20261009-065112-m7-sim-sweep2,2026-10-09T06:52:10+00:00,83,nfs,share,0.0,1.0,0,3.69,free,doc,0.25,0.25,S0,0.9690847273471235,0.9690829773471172,0.9692972273471128,0.0,33.5,0,72,1488
20261009-065112-m7-sim-sweep2,2026-10-09T06:52:10+00:00,83,nfs,share,0.0,1.0,0,3.69,free,doc,0.25,0.25,S1,0.9690847273471235,0.8572443315310933,1.0058995308701384,0.0,33.5,0,54,1339
20261009-065112-m7-sim-sweep2,2026-10-09T06:52:10+00:00,83,nfs,share,0.0,1.0,0,3.69,free,doc,0.25,0.25,S2b,0.6570358237497729,0.697333392480278,0.9100580736513848,0.0,33.5,0,27,1105
20261009-065112-m7-sim-sweep2,2026-10-09T06:52:10+00:00,83,nfs,share,0.0,1.0,0,3.69,free,doc,0.25,0.25,S4,0.9690847273471235,0.8572443315310933,1.0058995308701384,0.0,28.25,452,54,1339
20261009-065112-m7-sim-sweep2,2026-10-09T06:52:10+00:00,83,nfs,share,0.0,1.0,0,3.69,free,doc,0.25,0.25,S4+,0.6570358237497729,0.697333392480278,0.9100580736513848,0.0,25.125,402,27,1105
20261009-065112-m7-sim-sweep2,2026-10-09T06:52:10+00:00,83,nfs,share,0.0,1.0,0,3.69,free,doc,0.25,0.25,S4+P,0.9789170444202924,0.8470430549230118,1.0058995308701384,0.0,25.125,402,51,1301
20261009-065112-m7-sim-sweep2,2026-10-09T06:52:10+00:00,83,nfs,share,0.0,1.0,0,3.69,free,doc,0.25,0.25,S4L,0.9689758523471212,0.8369355007224731,1.0058995308701384,0.0,25.125,402,51,1315
20261009-065112-m7-sim-sweep2,2026-10-09T06:52:10+00:00,83,nfs,share,0.0,1.0,0,3.69,free,doc,0.25,0.25,S4B,0.5630066266445226,0.6857027964355122,1.0054692808701446,0.0,25.125,402,28,1132
20261009-065112-m7-sim-sweep2,2026-10-09T06:52:10+00:00,83,nfs,share,0.0,1.0,0,3.69,free,doc,0.25,0.25,S5,0.6484581140614267,0.6921272022461219,0.9100580736513848,0.0,25.125,98,27,1103
20261009-065112-m7-sim-sweep2,2026-10-09T06:52:10+00:00,83,nfs,share,0.0,1.0,0,3.69,free,doc,0.25,0.25,S5s,1.0565000390002126,1.05740727725676,1.0736502083768897,0.0,30.0,0,72,1368
20261009-065112-m7-sim-sweep2,2026-10-09T06:52:10+00:00,83,nfs,share,0.0,1.0,0,3.69,free,doc,0.25,0.25,S5L,0.62565332413768,0.7103520016513123,0.9887493614934613,0.0,25.125,98,31,1145
20261009-065112-m7-sim-sweep2,2026-10-09T06:52:10+00:00,83,nfs,share,0.0,1.0,0,3.69,free,doc,0.25,0.25,S5P,0.6875028461074564,0.6945358229629944,0.9887493614934613,0.0,25.125,98,30,1150
20261009-065112-m7-sim-sweep2,2026-10-09T06:52:10+00:00,83,nfs,share,0.0,1.0,0,3.69,free,doc,0.25,0.25,S5c,0.6570358237497729,0.697333392480278,0.9100580736513848,0.0,30.0,0,27,1105
20261009-065112-m7-sim-sweep2,2026-10-09T06:52:10+00:00,83,nfs,share,0.0,1.0,0,3.69,free,doc,0.25,0.5,S0,0.9690847273471235,0.9690829773471172,0.9692972273471128,0.0,33.5,0,72,1488
20261009-065112-m7-sim-sweep2,2026-10-09T06:52:10+00:00,83,nfs,share,0.0,1.0,0,3.69,free,doc,0.25,0.5,S1,0.968866977347119,0.7738395461523085,1.0058995308701384,0.0,33.5,0,42,1246
20261009-065112-m7-sim-sweep2,2026-10-09T06:52:10+00:00,83,nfs,share,0.0,1.0,0,3.69,free,doc,0.25,0.5,S2b,0.4818852879402158,0.47993084733505437,0.49336221951210746,0.0,33.5,0,0,944
20261009-065112-m7-sim-sweep2,2026-10-09T06:52:10+00:00,83,nfs,share,0.0,1.0,0,3.69,free,doc,0.25,0.5,S4,0.968866977347119,0.7738395461523085,1.0058995308701384,0.0,20.0625,321,42,1246
20261009-065112-m7-sim-sweep2,2026-10-09T06:52:10+00:00,83,nfs,share,0.0,1.0,0,3.69,free,doc,0.25,0.5,S4+,0.4818852879402158,0.47993084733505437,0.49336221951210746,0.0,16.75,268,0,944
20261009-065112-m7-sim-sweep2,2026-10-09T06:52:10+00:00,83,nfs,share,0.0,1.0,0,3.69,free,doc,0.25,0.5,S4+P,0.4957392347560514,0.6493394532869683,0.9272082430280619,0.0,16.75,268,19,1026
20261009-065112-m7-sim-sweep2,2026-10-09T06:52:10+00:00,83,nfs,share,0.0,1.0,0,3.69,free,doc,0.25,0.5,S4L,0.49336221951210746,0.6954165527789448,0.9887493614934613,0.0,16.75,268,30,1149
20261009-065112-m7-sim-sweep2,2026-10-09T06:52:10+00:00,83,nfs,share,0.0,1.0,0,3.69,free,doc,0.25,0.5,S4B,0.4818852879402158,0.47993084733505437,0.49336221951210746,0.0,16.75,268,0,944
20261009-065112-m7-sim-sweep2,2026-10-09T06:52:10+00:00,83,nfs,share,0.0,1.0,0,3.69,free,doc,0.25,0.5,S5,0.4740466439701123,0.47512359442741153,0.48790828997280755,0.0,19.0,0,0,936
20261009-065112-m7-sim-sweep2,2026-10-09T06:52:10+00:00,83,nfs,share,0.0,1.0,0,3.69,free,doc,0.25,0.5,S5s,1.0565000390002126,1.05740727725676,1.0736502083768897,0.0,30.0,0,72,1368
20261009-065112-m7-sim-sweep2,2026-10-09T06:52:10+00:00,83,nfs,share,0.0,1.0,0,3.69,free,doc,0.25,0.5,S5L,0.4740466439701123,0.47512359442741153,0.48790828997280755,0.0,19.0,0,0,936
20261009-065112-m7-sim-sweep2,2026-10-09T06:52:10+00:00,83,nfs,share,0.0,1.0,0,3.69,free,doc,0.25,0.5,S5P,0.4740466439701123,0.47512359442741153,0.48790828997280755,0.0,19.0,0,0,936
20261009-065112-m7-sim-sweep2,2026-10-09T06:52:10+00:00,83,nfs,share,0.0,1.0,0,3.69,free,doc,0.25,0.5,S5c,0.4818852879402158,0.47993084733505437,0.49336221951210746,0.0,30.0,0,0,944
20261009-065112-m7-sim-sweep2,2026-10-09T06:52:10+00:00,84,nfs,share,0.0,1.0,0,3.69,free,doc,0.5,0.125,S0,1.9381694546942398,1.8256900899575996,1.9385944546942255,0.0,33.5,0,138,1422
20261009-065112-m7-sim-sweep2,2026-10-09T06:52:10+00:00,84,nfs,share,0.0,1.0,0,3.69,free,doc,0.5,0.125,S1,1.6541050495507932,1.6495842379131254,1.9385944546942397,0.0,33.5,0,115,1331
20261009-065112-m7-sim-sweep2,2026-10-09T06:52:10+00:00,84,nfs,share,0.0,1.0,0,3.69,free,doc,0.5,0.125,S2b,1.453261499999968,1.4584622055138918,1.4959984643760436,0.0,33.5,0,95,1247
20261009-065112-m7-sim-sweep2,2026-10-09T06:52:10+00:00,84,nfs,share,0.0,1.0,0,3.69,free,doc,0.5,0.125,S4,1.6541050495507932,1.6495842379131254,1.9385944546942397,0.0,32.75,524,115,1331
20261009-065112-m7-sim-sweep2,2026-10-09T06:52:10+00:00,84,nfs,share,0.0,1.0,0,3.69,free,doc,0.5,0.125,S4+,1.453261499999968,1.4584622055138918,1.4959984643760436,0.0,29.3125,469,95,1247
20261009-065112-m7-sim-sweep2,2026-10-09T06:52:10+00:00,84,nfs,share,0.0,1.0,0,3.69,free,doc,0.5,0.125,S4+P,1.6488319999999845,1.501123333563622,1.9385944546942255,0.0,29.3125,469,99,1261
20261009-065112-m7-sim-sweep2,2026-10-09T06:52:10+00:00,84,nfs,share,0.0,1.0,0,3.69,free,doc,0.5,0.125,S4L,1.6488320000000272,1.5437570594470096,1.9385944546942255,0.0,29.3125,469,103,1269
20261009-065112-m7-sim-sweep2,2026-10-09T06:52:10+00:00,84,nfs,share,0.0,1.0,0,3.69,free,doc,0.5,0.125,S4B,1.6486142500000014,1.4556071568154014,1.938169454694247,0.0,29.3125,469,93,1223
20261009-065112-m7-sim-sweep2,2026-10-09T06:52:10+00:00,84,nfs,share,0.0,1.0,0,3.69,free,doc,0.5,0.125,S5,1.453261499999968,1.4584622055138918,1.4959984643760436,0.0,29.3125,237,95,1247
20261009-065112-m7-sim-sweep2,2026-10-09T06:52:10+00:00,84,nfs,share,0.0,1.0,0,3.69,free,doc,0.5,0.125,S5s,1.460686744863878,1.4808796403920805,1.4790607949993557,0.0,29.3125,21,99,1267
20261009-065112-m7-sim-sweep2,2026-10-09T06:52:10+00:00,84,nfs,share,0.0,1.0,0,3.69,free,doc,0.5,0.125,S5L,1.6486142500000014,1.455379909751264,1.938169454694247,0.0,29.3125,237,93,1223
20261009-065112-m7-sim-sweep2,2026-10-09T06:52:10+00:00,84,nfs,share,0.0,1.0,0,3.69,free,doc,0.5,0.125,S5P,1.6486142500000014,1.4554935332833328,1.938169454694247,0.0,29.3125,237,93,1223
20261009-065112-m7-sim-sweep2,2026-10-09T06:52:10+00:00,84,nfs,share,0.0,1.0,0,3.69,free,doc,0.5,0.125,S5c,1.453261499999968,1.4584622055138918,1.4959984643760436,0.0,29.3125,21,95,1247
20261009-065112-m7-sim-sweep2,2026-10-09T06:52:10+00:00,84,nfs,share,0.0,1.0,0,3.69,free,doc,0.5,0.25,S0,1.9381694546942398,1.8256900899575996,1.9385944546942255,0.0,33.5,0,138,1422
20261009-065112-m7-sim-sweep2,2026-10-09T06:52:10+00:00,84,nfs,share,0.0,1.0,0,3.69,free,doc,0.5,0.25,S1,1.6488319999999845,1.4673573567846294,1.938169454694247,0.0,33.5,0,95,1242
20261009-065112-m7-sim-sweep2,2026-10-09T06:52:10+00:00,84,nfs,share,0.0,1.0,0,3.69,free,doc,0.5,0.25,S2b,1.2648681521437766,1.2131589330760058,1.315256160273833,0.0,33.5,0,64,1054
20261009-065112-m7-sim-sweep2,2026-10-09T06:52:10+00:00,84,nfs,share,0.0,1.0,0,3.69,free,doc,0.5,0.25,S4,1.6488319999999845,1.4673573567846294,1.938169454694247,0.0,28.25,452,95,1242
20261009-065112-m7-sim-sweep2,2026-10-09T06:52:10+00:00,84,nfs,share,0.0,1.0,0,3.69,free,doc,0.5,0.25,S4+,1.2648681521437766,1.2131589330760058,1.315256160273833,0.0,25.125,402,64,1054
20261009-065112-m7-sim-sweep2,2026-10-09T06:52:10+00:00,84,nfs,share,0.0,1.0,0,3.69,free,doc,0.5,0.25,S4+P,1.6486142500000014,1.3863788156027586,1.6923929378549474,0.0,25.125,402,89,1198
20261009-065112-m7-sim-sweep2,2026-10-09T06:52:10+00:00,84,nfs,share,0.0,1.0,0,3.69,free,doc,0.5,0.25,S4L,1.6486142500000014,1.4191399973197178,1.938169454694247,0.0,25.125,402,93,1208
20261009-065112-m7-sim-sweep2,2026-10-09T06:52:10+00:00,84,nfs,share,0.0,1.0,0,3.69,free,doc,0.5,0.25,S4B,1.2561868174554434,1.2394821811901682,1.6593780991015592,0.0,25.125,402,68,1087
20261009-065112-m7-sim-sweep2,2026-10-09T06:52:10+00:00,84,nfs,share,0.0,1.0,0,3.69,free,doc,0.5,0.25,S5,1.2646556521437873,1.2240247102814241,1.315256160273833,0.0,25.125,170,67,1051
20261009-065112-m7-sim-sweep2,2026-10-09T06:52:10+00:00,84,nfs,share,0.0,1.0,0,3.69,free,doc,0.5,0.25,S5s,1.4616981256226609,1.456257121171315,1.4790607949993557,0.0,28.0,0,99,1245
20261009-065112-m7-sim-sweep2,2026-10-09T06:52:10+00:00,84,nfs,share,0.0,1.0,0,3.69,free,doc,0.5,0.25,S5L,1.5207622184410923,1.2614165394705725,1.6593780991015592,0.0,25.125,170,72,1089
20261009-065112-m7-sim-sweep2,2026-10-09T06:52:10+00:00,84,nfs,share,0.0,1.0,0,3.69,free,doc,0.5,0.25,S5P,1.4530115409343267,1.251041298389853,1.709330607231621,0.0,25.125,170,72,1093
20261009-065112-m7-sim-sweep2,2026-10-09T06:52:10+00:00,84,nfs,share,0.0,1.0,0,3.69,free,doc,0.5,0.25,S5c,1.2648681521437766,1.2131589330760058,1.315256160273833,0.0,28.0,0,64,1054
20261009-065112-m7-sim-sweep2,2026-10-09T06:52:10+00:00,84,nfs,share,0.0,1.0,0,3.69,free,doc,0.5,0.5,S0,1.9381694546942398,1.8256900899575996,1.9385944546942255,0.0,33.5,0,138,1422
20261009-065112-m7-sim-sweep2,2026-10-09T06:52:10+00:00,84,nfs,share,0.0,1.0,0,3.69,free,doc,0.5,0.5,S1,1.6483964999999898,1.265244526122192,1.6593780991015592,0.0,33.5,0,72,1123
20261009-065112-m7-sim-sweep2,2026-10-09T06:52:10+00:00,84,nfs,share,0.0,1.0,0,3.69,free,doc,0.5,0.5,S2b,0.8949042092510311,0.8192441356132143,0.9381088826927311,0.0,33.5,0,14,742
20261009-065112-m7-sim-sweep2,2026-10-09T06:52:10+00:00,84,nfs,share,0.0,1.0,0,3.69,free,doc,0.5,0.5,S4,1.6483964999999898,1.2631527303262935,1.6593780991015592,0.0,20.0625,321,73,1122
20261009-065112-m7-sim-sweep2,2026-10-09T06:52:10+00:00,84,nfs,share,0.0,1.0,0,3.69,free,doc,0.5,0.5,S4+,0.8949042092510311,0.8192441356132143,0.9381088826927311,0.0,16.75,268,14,742
20261009-065112-m7-sim-sweep2,2026-10-09T06:52:10+00:00,84,nfs,share,0.0,1.0,0,3.69,free,doc,0.5,0.5,S4+P,0.9630089172456309,1.0005620303564282,1.2648681521437766,0.0,16.75,268,39,900
20261009-065112-m7-sim-sweep2,2026-10-09T06:52:10+00:00,84,nfs,share,0.0,1.0,0,3.69,free,doc,0.5,0.5,S4L,0.6950865000000164,1.1240937431988793,1.6557913958599784,0.0,16.75,268,56,1002
20261009-065112-m7-sim-sweep2,2026-10-09T06:52:10+00:00,84,nfs,share,0.0,1.0,0,3.69,free,doc,0.5,0.5,S4B,0.6841642771002014,0.7728792958841476,0.9372483826927578,0.0,16.75,268,11,760
20261009-065112-m7-sim-sweep2,2026-10-09T06:52:10+00:00,84,nfs,share,0.0,1.0,0,3.69,free,doc,0.5,0.5,S5,0.768077154956444,0.7784785560069617,0.9381088826927311,0.0,16.75,36,14,739
20261009-065112-m7-sim-sweep2,2026-10-09T06:52:10+00:00,84,nfs,share,0.0,1.0,0,3.69,free,doc,0.5,0.5,S5s,1.4616981256226609,1.456257121171315,1.4790607949993557,0.0,28.0,0,99,1245
20261009-065112-m7-sim-sweep2,2026-10-09T06:52:10+00:00,84,nfs,share,0.0,1.0,0,3.69,free,doc,0.5,0.5,S5L,0.6683230000000435,0.7832619088347824,0.9147245863358364,0.0,16.75,36,16,763
20261009-065112-m7-sim-sweep2,2026-10-09T06:52:10+00:00,84,nfs,share,0.0,1.0,0,3.69,free,doc,0.5,0.5,S5P,0.6817047500000157,0.7579510786068582,1.0192350942734834,0.0,16.75,36,15,773
20261009-065112-m7-sim-sweep2,2026-10-09T06:52:10+00:00,84,nfs,share,0.0,1.0,0,3.69,free,doc,0.5,0.5,S5c,0.8949042092510311,0.8192441356132143,0.9381088826927311,0.0,28.0,0,14,742
20261009-065112-m7-sim-sweep2,2026-10-09T06:52:10+00:00,85,nfs,share,0.0,1.0,0,3.69,free,doc,2.0,0.125,S0,4.454799610358975,4.548481596842405,5.224386545851303,0.0,33.5,0,488,1072
20261009-065112-m7-sim-sweep2,2026-10-09T06:52:10+00:00,85,nfs,share,0.0,1.0,0,3.69,free,doc,2.0,0.125,S1,4.380831999999998,4.109286283670547,5.224386545851303,0.0,33.5,0,421,976
20261009-065112-m7-sim-sweep2,2026-10-09T06:52:10+00:00,85,nfs,share,0.0,1.0,0,3.69,free,doc,2.0,0.125,S2b,3.8623442226308384,3.853186232689185,3.9856463910121533,0.0,33.5,0,399,943
20261009-065112-m7-sim-sweep2,2026-10-09T06:52:10+00:00,85,nfs,share,0.0,1.0,0,3.69,free,doc,2.0,0.125,S4,4.3791319999999985,4.130281952066142,5.224386545851303,0.0,32.75,524,418,979
20261009-065112-m7-sim-sweep2,2026-10-09T06:52:10+00:00,85,nfs,share,0.0,1.0,0,3.69,free,doc,2.0,0.125,S4+,3.8623442226308384,3.853186232689185,3.9856463910121533,0.0,29.3125,469,399,943
20261009-065112-m7-sim-sweep2,2026-10-09T06:52:10+00:00,85,nfs,share,0.0,1.0,0,3.69,free,doc,2.0,0.125,S4+P,4.302628059060908,3.770880151954028,4.583731117895155,0.0,29.3125,469,374,904
20261009-065112-m7-sim-sweep2,2026-10-09T06:52:10+00:00,85,nfs,share,0.0,1.0,0,3.69,free,doc,2.0,0.125,S4L,4.379981999999998,3.8150693209990094,4.788128000000029,0.0,29.3125,469,377,913
20261009-065112-m7-sim-sweep2,2026-10-09T06:52:10+00:00,85,nfs,share,0.0,1.0,0,3.69,free,doc,2.0,0.125,S4B,4.293309224372564,3.737458603891149,4.583731117895155,0.0,29.3125,469,369,898
20261009-065112-m7-sim-sweep2,2026-10-09T06:52:10+00:00,85,nfs,share,0.0,1.0,0,3.69,free,doc,2.0,0.125,S5,3.8623442226308384,3.853186232689185,3.9856463910121533,0.0,29.3125,373,399,943
20261009-065112-m7-sim-sweep2,2026-10-09T06:52:10+00:00,85,nfs,share,0.0,1.0,0,3.69,free,doc,2.0,0.125,S5s,3.8623442226308384,3.853186232689185,3.9856463910121533,0.0,29.3125,125,399,943
20261009-065112-m7-sim-sweep2,2026-10-09T06:52:10+00:00,85,nfs,share,0.0,1.0,0,3.69,free,doc,2.0,0.125,S5L,4.293309224372564,3.7361847500067733,4.583731117895155,0.0,29.3125,373,369,899
20261009-065112-m7-sim-sweep2,2026-10-09T06:52:10+00:00,85,nfs,share,0.0,1.0,0,3.69,free,doc,2.0,0.125,S5P,4.293309224372564,3.7361847500067733,4.583731117895155,0.0,29.3125,373,369,899
20261009-065112-m7-sim-sweep2,2026-10-09T06:52:10+00:00,85,nfs,share,0.0,1.0,0,3.69,free,doc,2.0,0.125,S5c,3.8623442226308384,3.853186232689185,3.9856463910121533,0.0,29.3125,125,399,943
20261009-065112-m7-sim-sweep2,2026-10-09T06:52:10+00:00,85,nfs,share,0.0,1.0,0,3.69,free,doc,2.0,0.25,S0,4.454799610358975,4.548481596842405,5.224386545851303,0.0,33.5,0,488,1072
20261009-065112-m7-sim-sweep2,2026-10-09T06:52:10+00:00,85,nfs,share,0.0,1.0,0,3.69,free,doc,2.0,0.25,S1,4.302628059060908,3.647023779099245,4.583731117895155,0.0,33.5,0,361,877
20261009-065112-m7-sim-sweep2,2026-10-09T06:52:10+00:00,85,nfs,share,0.0,1.0,0,3.69,free,doc,2.0,0.25,S2b,3.261429827736606,3.1974129627666557,3.3872839808220476,0.0,33.5,0,303,814
20261009-065112-m7-sim-sweep2,2026-10-09T06:52:10+00:00,85,nfs,share,0.0,1.0,0,3.69,free,doc,2.0,0.25,S4,4.247785999999991,3.676099346245009,5.224386545851303,0.0,28.25,452,355,883
20261009-065112-m7-sim-sweep2,2026-10-09T06:52:10+00:00,85,nfs,share,0.0,1.0,0,3.69,free,doc,2.0,0.25,S4+,3.261429827736606,3.1974129627666557,3.3872839808220476,0.0,25.125,402,303,814
20261009-065112-m7-sim-sweep2,2026-10-09T06:52:10+00:00,85,nfs,share,0.0,1.0,0,3.69,free,doc,2.0,0.25,S4+P,4.28399038968422,3.483440013900991,4.583731117895155,0.0,25.125,402,335,842
20261009-065112-m7-sim-sweep2,2026-10-09T06:52:10+00:00,85,nfs,share,0.0,1.0,0,3.69,free,doc,2.0,0.25,S4L,4.293309224372564,3.5062051887398766,4.583731117895155,0.0,25.125,402,339,846
20261009-065112-m7-sim-sweep2,2026-10-09T06:52:10+00:00,85,nfs,share,0.0,1.0,0,3.69,free,doc,2.0,0.25,S4B,4.28399038968422,3.3760596042454636,4.583731117895155,0.0,25.125,402,321,820
20261009-065112-m7-sim-sweep2,2026-10-09T06:52:10+00:00,85,nfs,share,0.0,1.0,0,3.69,free,doc,2.0,0.25,S5,3.261429827736606,3.1974129627666557,3.3872839808220476,0.0,25.125,306,303,814
20261009-065112-m7-sim-sweep2,2026-10-09T06:52:10+00:00,85,nfs,share,0.0,1.0,0,3.69,free,doc,2.0,0.25,S5s,3.2792174971132937,3.256996214154391,3.418432354805759,0.0,25.125,58,313,827
20261009-065112-m7-sim-sweep2,2026-10-09T06:52:10+00:00,85,nfs,share,0.0,1.0,0,3.69,free,doc,2.0,0.25,S5L,4.28399038968422,3.3942856834332367,4.583731117895155,0.0,25.125,306,324,823
20261009-065112-m7-sim-sweep2,2026-10-09T06:52:10+00:00,85,nfs,share,0.0,1.0,0,3.69,free,doc,2.0,0.25,S5P,4.28399038968422,3.382083209984954,4.583731117895155,0.0,25.125,306,322,820
20261009-065112-m7-sim-sweep2,2026-10-09T06:52:10+00:00,85,nfs,share,0.0,1.0,0,3.69,free,doc,2.0,0.25,S5c,3.261429827736606,3.179650368585847,3.3829899961179137,0.0,25.125,58,304,813
20261009-065112-m7-sim-sweep2,2026-10-09T06:52:10+00:00,85,nfs,share,0.0,1.0,0,3.69,free,doc,2.0,0.5,S0,4.454799610358975,4.548481596842405,5.224386545851303,0.0,33.5,0,488,1072
20261009-065112-m7-sim-sweep2,2026-10-09T06:52:10+00:00,85,nfs,share,0.0,1.0,0,3.69,free,doc,2.0,0.5,S1,4.28399038968422,3.101429935850644,4.583731117895155,0.0,33.5,0,276,754
20261009-065112-m7-sim-sweep2,2026-10-09T06:52:10+00:00,85,nfs,share,0.0,1.0,0,3.69,free,doc,2.0,0.5,S2b,2.14747399999996,2.008668698140333,2.246590892769234,0.0,33.5,0,130,553
20261009-065112-m7-sim-sweep2,2026-10-09T06:52:10+00:00,85,nfs,share,0.0,1.0,0,3.69,free,doc,2.0,0.5,S4,4.246085999999991,3.105443291996002,4.817980682722464,0.0,20.0625,321,273,757
20261009-065112-m7-sim-sweep2,2026-10-09T06:52:10+00:00,85,nfs,share,0.0,1.0,0,3.69,free,doc,2.0,0.5,S4+,2.14747399999996,2.008668698140333,2.246590892769234,0.0,16.75,268,130,553
20261009-065112-m7-sim-sweep2,2026-10-09T06:52:10+00:00,85,nfs,share,0.0,1.0,0,3.69,free,doc,2.0,0.5,S4+P,2.3653417941308845,2.451629642013163,3.646150943861983,0.0,16.75,268,187,636
20261009-065112-m7-sim-sweep2,2026-10-09T06:52:10+00:00,85,nfs,share,0.0,1.0,0,3.69,free,doc,2.0,0.5,S4L,1.2241079999999869,2.6080786905418107,4.38962855983246,0.0,16.75,268,203,650
20261009-065112-m7-sim-sweep2,2026-10-09T06:52:10+00:00,85,nfs,share,0.0,1.0,0,3.69,free,doc,2.0,0.5,S4B,1.1545197073176041,2.273046634228539,4.380831999999998,0.0,16.75,268,162,578
20261009-065112-m7-sim-sweep2,2026-10-09T06:52:10+00:00,85,nfs,share,0.0,1.0,0,3.69,free,doc,2.0,0.5,S5,2.14747399999996,2.00753246281964,2.246590892769234,0.0,16.75,172,130,553
20261009-065112-m7-sim-sweep2,2026-10-09T06:52:10+00:00,85,nfs,share,0.0,1.0,0,3.69,free,doc,2.0,0.5,S5s,2.8323096182867857,2.9416096978799913,3.418432354805759,0.0,21.5,0,273,759
20261009-065112-m7-sim-sweep2,2026-10-09T06:52:10+00:00,85,nfs,share,0.0,1.0,0,3.69,free,doc,2.0,0.5,S5L,1.1408848834692833,2.301142669813013,4.380831999999998,0.0,16.75,172,165,584
20261009-065112-m7-sim-sweep2,2026-10-09T06:52:10+00:00,85,nfs,share,0.0,1.0,0,3.69,free,doc,2.0,0.5,S5P,2.2372720580808902,2.2693478054769316,3.4822939999999676,0.0,16.75,172,167,595
20261009-065112-m7-sim-sweep2,2026-10-09T06:52:10+00:00,85,nfs,share,0.0,1.0,0,3.69,free,doc,2.0,0.5,S5c,2.14747399999996,1.992803819455408,2.246590892769234,0.0,21.5,0,135,548
20261009-065112-m7-sim-sweep2,2026-10-09T06:52:10+00:00,86,local,share,0.0,1.0,0,3.69,free,doc,0.25,0.125,S0,0.5837644348902842,0.519625045272815,0.5989462499999973,0.0,33.5,0,561,999
20261009-065112-m7-sim-sweep2,2026-10-09T06:52:10+00:00,86,local,share,0.0,1.0,0,3.69,free,doc,0.25,0.125,S1,0.5837644348902842,0.5136211789268188,0.5989462499999973,0.0,33.5,0,485,989
20261009-065112-m7-sim-sweep2,2026-10-09T06:52:10+00:00,86,local,share,0.0,1.0,0,3.69,free,doc,0.25,0.125,S2b,0.547497749999998,0.5087544064846661,0.5637139628324803,0.0,33.5,0,362,980
20261009-065112-m7-sim-sweep2,2026-10-09T06:52:10+00:00,86,local,share,0.0,1.0,0,3.69,free,doc,0.25,0.125,S4,0.5837644348902842,0.5258116553805804,0.5989462499999973,0.0,32.75,524,468,1006
20261009-065112-m7-sim-sweep2,2026-10-09T06:52:10+00:00,86,local,share,0.0,1.0,0,3.69,free,doc,0.25,0.125,S4+,0.5455109413578256,0.49249101482104685,0.5617753788216078,0.0,29.3125,469,385,957
20261009-065112-m7-sim-sweep2,2026-10-09T06:52:10+00:00,86,local,share,0.0,1.0,0,3.69,free,doc,0.25,0.125,S4+P,0.5183957031286326,0.49470294053139874,0.5911994392085518,0.0,29.3125,469,446,961
20261009-065112-m7-sim-sweep2,2026-10-09T06:52:10+00:00,86,local,share,0.0,1.0,0,3.69,free,doc,0.25,0.125,S4L,0.5287071097560556,0.4961974979469481,0.5989462499999973,0.0,29.3125,469,455,964
20261009-065112-m7-sim-sweep2,2026-10-09T06:52:10+00:00,86,local,share,0.0,1.0,0,3.69,free,doc,0.25,0.125,S4B,0.4876237537261616,0.48700898965808354,0.5839821848902886,0.0,29.3125,469,411,950
20261009-065112-m7-sim-sweep2,2026-10-09T06:52:10+00:00,86,local,share,0.0,1.0,0,3.69,free,doc,0.25,0.125,S5,0.5298043042514564,0.47621268366951064,0.5491154989935438,0.0,29.3125,165,406,936
20261009-065112-m7-sim-sweep2,2026-10-09T06:52:10+00:00,86,local,share,0.0,1.0,0,3.69,free,doc,0.25,0.125,S5s,0.5325312690211064,0.47643993073364815,0.5491154989935438,0.0,29.3125,229,406,936
20261009-065112-m7-sim-sweep2,2026-10-09T06:52:10+00:00,86,local,share,0.0,1.0,0,3.69,free,doc,0.25,0.125,S5L,0.48489678895651167,0.48677305692951006,0.5839821848902886,0.0,29.3125,165,414,950
20261009-065112-m7-sim-sweep2,2026-10-09T06:52:10+00:00,86,local,share,0.0,1.0,0,3.69,free,doc,0.25,0.125,S5P,0.48489678895651167,0.48677305692951006,0.5839821848902886,0.0,29.3125,165,414,950
20261009-065112-m7-sim-sweep2,2026-10-09T06:52:10+00:00,86,local,share,0.0,1.0,0,3.69,free,doc,0.25,0.125,S5c,0.538571604215953,0.4778993450159887,0.5570673392729901,0.0,29.3125,229,406,936
20261009-065112-m7-sim-sweep2,2026-10-09T06:52:10+00:00,86,local,share,0.0,1.0,0,3.69,free,doc,0.25,0.25,S0,0.5837644348902842,0.519625045272815,0.5989462499999973,0.0,33.5,0,561,999
20261009-065112-m7-sim-sweep2,2026-10-09T06:52:10+00:00,86,local,share,0.0,1.0,0,3.69,free,doc,0.25,0.25,S1,0.5373788597560605,0.5045316133412759,0.5911994392085518,0.0,33.5,0,417,976
20261009-065112-m7-sim-sweep2,2026-10-09T06:52:10+00:00,86,local,share,0.0,1.0,0,3.69,free,doc,0.25,0.25,S2b,0.5112030983271652,0.49442878965224385,0.5196914386065998,0.0,33.5,0,168,964
20261009-065112-m7-sim-sweep2,2026-10-09T06:52:10+00:00,86,local,share,0.0,1.0,0,3.69,free,doc,0.25,0.25,S4,0.49336221951210746,0.4933433094528367,0.5911994392085518,0.0,28.25,452,433,960
20261009-065112-m7-sim-sweep2,2026-10-09T06:52:10+00:00,86,local,share,0.0,1.0,0,3.69,free,doc,0.25,0.25,S4+,0.49800737499999315,0.4762524259211081,0.5196914386065998,0.0,25.125,402,196,936
20261009-065112-m7-sim-sweep2,2026-10-09T06:52:10+00:00,86,local,share,0.0,1.0,0,3.69,free,doc,0.25,0.25,S4+P,0.4876237537261616,0.4869781578758439,0.5837644348902842,0.0,25.125,402,401,951
20261009-065112-m7-sim-sweep2,2026-10-09T06:52:10+00:00,86,local,share,0.0,1.0,0,3.69,free,doc,0.25,0.25,S4L,0.4876237537261616,0.486326321126296,0.5839821848902886,0.0,25.125,402,416,950
20261009-065112-m7-sim-sweep2,2026-10-09T06:52:10+00:00,86,local,share,0.0,1.0,0,3.69,free,doc,0.25,0.25,S4B,0.4818852879402158,0.49749401438832663,0.5816080000000028,0.0,25.125,402,191,969
20261009-065112-m7-sim-sweep2,2026-10-09T06:52:10+00:00,86,local,share,0.0,1.0,0,3.69,free,doc,0.25,0.25,S5,0.4770581449864082,0.4665418985388368,0.5134292455994256,0.0,25.125,98,208,922
20261009-065112-m7-sim-sweep2,2026-10-09T06:52:10+00:00,86,local,share,0.0,1.0,0,3.69,free,doc,0.25,0.25,S5s,0.4878037347560493,0.4685111743919646,0.5134292455994256,0.0,25.125,162,204,926
20261009-065112-m7-sim-sweep2,2026-10-09T06:52:10+00:00,86,local,share,0.0,1.0,0,3.69,free,doc,0.25,0.25,S5L,0.4818852879402158,0.4840111626590513,0.5813955000000135,0.0,25.125,98,226,950
20261009-065112-m7-sim-sweep2,2026-10-09T06:52:10+00:00,86,local,share,0.0,1.0,0,3.69,free,doc,0.25,0.25,S5P,0.4740466439701123,0.474890360954283,0.5656671795524346,0.0,25.125,98,244,936
20261009-065112-m7-sim-sweep2,2026-10-09T06:52:10+00:00,86,local,share,0.0,1.0,0,3.69,free,doc,0.25,0.25,S5c,0.49336221951210746,0.4708493687272413,0.5196914386065998,0.0,25.125,162,204,928
20261009-065112-m7-sim-sweep2,2026-10-09T06:52:10+00:00,86,local,share,0.0,1.0,0,3.69,free,doc,0.25,0.5,S0,0.5837644348902842,0.519625045272815,0.5989462499999973,0.0,33.5,0,561,999
20261009-065112-m7-sim-sweep2,2026-10-09T06:52:10+00:00,86,local,share,0.0,1.0,0,3.69,free,doc,0.25,0.5,S1,0.49336221951210746,0.5166092104651382,0.5911994392085518,0.0,33.5,0,293,995
20261009-065112-m7-sim-sweep2,2026-10-09T06:52:10+00:00,86,local,share,0.0,1.0,0,3.69,free,doc,0.25,0.5,S2b,0.4818852879402158,0.47993084733505437,0.49336221951210746,0.0,33.5,0,0,944
20261009-065112-m7-sim-sweep2,2026-10-09T06:52:10+00:00,86,local,share,0.0,1.0,0,3.69,free,doc,0.25,0.5,S4,0.4876237537261616,0.4960625594952515,0.5837644348902842,0.0,20.0625,321,323,965
20261009-065112-m7-sim-sweep2,2026-10-09T06:52:10+00:00,86,local,share,0.0,1.0,0,3.69,free,doc,0.25,0.5,S4+,0.4818852879402158,0.47993084733505437,0.49336221951210746,0.0,16.75,268,0,944
20261009-065112-m7-sim-sweep2,2026-10-09T06:52:10+00:00,86,local,share,0.0,1.0,0,3.69,free,doc,0.25,0.5,S4+P,0.4796401431659092,0.48154859718658116,0.5307607499999989,0.0,16.75,268,99,946
20261009-065112-m7-sim-sweep2,2026-10-09T06:52:10+00:00,86,local,share,0.0,1.0,0,3.69,free,doc,0.25,0.5,S4L,0.4818852879402158,0.5002475289916491,0.5813955000000135,0.0,16.75,268,208,971
20261009-065112-m7-sim-sweep2,2026-10-09T06:52:10+00:00,86,local,share,0.0,1.0,0,3.69,free,doc,0.25,0.5,S4B,0.4818852879402158,0.47993084733505437,0.49336221951210746,0.0,16.75,268,0,944
20261009-065112-m7-sim-sweep2,2026-10-09T06:52:10+00:00,86,local,share,0.0,1.0,0,3.69,free,doc,0.25,0.5,S5,0.4740466439701123,0.47512359442741153,0.48790828997280755,0.0,19.0,0,0,936
20261009-065112-m7-sim-sweep2,2026-10-09T06:52:10+00:00,86,local,share,0.0,1.0,0,3.69,free,doc,0.25,0.5,S5s,0.47740065040635216,0.4764257067523836,0.49336221951210746,0.0,16.75,28,0,937
20261009-065112-m7-sim-sweep2,2026-10-09T06:52:10+00:00,86,local,share,0.0,1.0,0,3.69,free,doc,0.25,0.5,S5L,0.4740466439701123,0.47512359442741153,0.48790828997280755,0.0,19.0,0,0,936
20261009-065112-m7-sim-sweep2,2026-10-09T06:52:10+00:00,86,local,share,0.0,1.0,0,3.69,free,doc,0.25,0.5,S5P,0.4740466439701123,0.47512359442741153,0.48790828997280755,0.0,19.0,0,0,936
20261009-065112-m7-sim-sweep2,2026-10-09T06:52:10+00:00,86,local,share,0.0,1.0,0,3.69,free,doc,0.25,0.5,S5c,0.4818852879402158,0.47993084733505437,0.49336221951210746,0.0,16.75,28,0,944
20261009-065112-m7-sim-sweep2,2026-10-09T06:52:10+00:00,87,local,share,0.0,1.0,0,3.69,free,doc,0.5,0.125,S0,0.46303850000001034,0.6012598180499786,0.8701380000000114,0.0,33.5,0,909,651
20261009-065112-m7-sim-sweep2,2026-10-09T06:52:10+00:00,87,local,share,0.0,1.0,0,3.69,free,doc,0.5,0.125,S1,0.46895710519000033,0.6063699847236196,0.8701380000000114,0.0,33.5,0,791,655
20261009-065112-m7-sim-sweep2,2026-10-09T06:52:10+00:00,87,local,share,0.0,1.0,0,3.69,free,doc,0.5,0.125,S2b,0.51185550000001,0.6062799996643863,0.8105000000000047,0.0,33.5,0,686,656
20261009-065112-m7-sim-sweep2,2026-10-09T06:52:10+00:00,87,local,share,0.0,1.0,0,3.69,free,doc,0.5,0.125,S4,0.5521120000000295,0.6311777901592777,0.8705735000000061,0.0,32.75,524,771,676
20261009-065112-m7-sim-sweep2,2026-10-09T06:52:10+00:00,87,local,share,0.0,1.0,0,3.69,free,doc,0.5,0.125,S4+,0.51185550000001,0.6062799996643863,0.8105000000000047,0.0,29.3125,469,686,656
20261009-065112-m7-sim-sweep2,2026-10-09T06:52:10+00:00,87,local,share,0.0,1.0,0,3.69,free,doc,0.5,0.125,S4+P,0.5546410525950094,0.6196223569041864,0.8701380000000114,0.0,29.3125,469,693,667
20261009-065112-m7-sim-sweep2,2026-10-09T06:52:10+00:00,87,local,share,0.0,1.0,0,3.69,free,doc,0.5,0.125,S4L,0.5546410525950094,0.621541217627712,0.8701380000000114,0.0,29.3125,469,703,669
20261009-065112-m7-sim-sweep2,2026-10-09T06:52:10+00:00,87,local,share,0.0,1.0,0,3.69,free,doc,0.5,0.125,S4B,0.6142542500000161,0.6209194763497857,0.8701380000000114,0.0,29.3125,469,647,669
20261009-065112-m7-sim-sweep2,2026-10-09T06:52:10+00:00,87,local,share,0.0,1.0,0,3.69,free,doc,0.5,0.125,S5,0.51185550000001,0.6059453824836893,0.81006450000001,0.0,29.3125,237,687,655
20261009-065112-m7-sim-sweep2,2026-10-09T06:52:10+00:00,87,local,share,0.0,1.0,0,3.69,free,doc,0.5,0.125,S5s,0.51185550000001,0.6059453824836893,0.81006450000001,0.0,29.3125,309,687,655
20261009-065112-m7-sim-sweep2,2026-10-09T06:52:10+00:00,87,local,share,0.0,1.0,0,3.69,free,doc,0.5,0.125,S5L,0.6142542500000161,0.6206922292856483,0.8701380000000114,0.0,29.3125,237,647,669
20261009-065112-m7-sim-sweep2,2026-10-09T06:52:10+00:00,87,local,share,0.0,1.0,0,3.69,free,doc,0.5,0.125,S5P,0.6142542500000161,0.6209388378352306,0.8701380000000114,0.0,29.3125,237,647,669
20261009-065112-m7-sim-sweep2,2026-10-09T06:52:10+00:00,87,local,share,0.0,1.0,0,3.69,free,doc,0.5,0.125,S5c,0.51185550000001,0.6062799996643863,0.8105000000000047,0.0,29.3125,309,686,656
20261009-065112-m7-sim-sweep2,2026-10-09T06:52:10+00:00,87,local,share,0.0,1.0,0,3.69,free,doc,0.5,0.25,S0,0.46303850000001034,0.6012598180499786,0.8701380000000114,0.0,33.5,0,909,651
20261009-065112-m7-sim-sweep2,2026-10-09T06:52:10+00:00,87,local,share,0.0,1.0,0,3.69,free,doc,0.5,0.25,S1,0.5546410525950094,0.6154300454378033,0.8701380000000114,0.0,33.5,0,673,664
20261009-065112-m7-sim-sweep2,2026-10-09T06:52:10+00:00,87,local,share,0.0,1.0,0,3.69,free,doc,0.5,0.25,S2b,0.5623265000000117,0.6227528293544893,0.7716206392374403,0.0,33.5,0,445,673
20261009-065112-m7-sim-sweep2,2026-10-09T06:52:10+00:00,87,local,share,0.0,1.0,0,3.69,free,doc,0.5,0.25,S4,0.6557405623304078,0.64537989433954,0.8705735000000061,0.0,28.25,452,647,690
20261009-065112-m7-sim-sweep2,2026-10-09T06:52:10+00:00,87,local,share,0.0,1.0,0,3.69,free,doc,0.5,0.25,S4+,0.5623265000000117,0.6227528293544893,0.7716206392374403,0.0,25.125,402,445,673
20261009-065112-m7-sim-sweep2,2026-10-09T06:52:10+00:00,87,local,share,0.0,1.0,0,3.69,free,doc,0.5,0.25,S4+P,0.6480327811652131,0.6250290889264593,0.8701380000000114,0.0,25.125,402,614,673
20261009-065112-m7-sim-sweep2,2026-10-09T06:52:10+00:00,87,local,share,0.0,1.0,0,3.69,free,doc,0.5,0.25,S4L,0.6480327811652131,0.6239835662711393,0.8701380000000114,0.0,25.125,402,629,672
20261009-065112-m7-sim-sweep2,2026-10-09T06:52:10+00:00,87,local,share,0.0,1.0,0,3.69,free,doc,0.5,0.25,S4B,0.6557405623304078,0.6559222375134132,0.8701380000000114,0.0,25.125,402,453,702
20261009-065112-m7-sim-sweep2,2026-10-09T06:52:10+00:00,87,local,share,0.0,1.0,0,3.69,free,doc,0.5,0.25,S5,0.5623265000000117,0.6214341253428692,0.751660500000014,0.0,25.125,170,445,673
20261009-065112-m7-sim-sweep2,2026-10-09T06:52:10+00:00,87,local,share,0.0,1.0,0,3.69,free,doc,0.5,0.25,S5s,0.5623265000000117,0.6214341253428692,0.751660500000014,0.0,25.125,242,445,673
20261009-065112-m7-sim-sweep2,2026-10-09T06:52:10+00:00,87,local,share,0.0,1.0,0,3.69,free,doc,0.5,0.25,S5L,0.6557405623304078,0.6547386579920023,0.8701380000000114,0.0,25.125,170,460,701
20261009-065112-m7-sim-sweep2,2026-10-09T06:52:10+00:00,87,local,share,0.0,1.0,0,3.69,free,doc,0.5,0.25,S5P,0.6480327811652131,0.6434744011662659,0.8398885000000149,0.0,25.125,170,475,690
20261009-065112-m7-sim-sweep2,2026-10-09T06:52:10+00:00,87,local,share,0.0,1.0,0,3.69,free,doc,0.5,0.25,S5c,0.5623265000000117,0.6227528293544893,0.7716206392374403,0.0,25.125,242,445,673
20261009-065112-m7-sim-sweep2,2026-10-09T06:52:10+00:00,87,local,share,0.0,1.0,0,3.69,free,doc,0.5,0.5,S0,0.46303850000001034,0.6012598180499786,0.8701380000000114,0.0,33.5,0,909,651
20261009-065112-m7-sim-sweep2,2026-10-09T06:52:10+00:00,87,local,share,0.0,1.0,0,3.69,free,doc,0.5,0.5,S1,0.655740562330422,0.6477012570797788,0.8701380000000114,0.0,33.5,0,501,694
20261009-065112-m7-sim-sweep2,2026-10-09T06:52:10+00:00,87,local,share,0.0,1.0,0,3.69,free,doc,0.5,0.5,S2b,0.6524444080193987,0.6604704630841347,0.6950865000000164,0.0,33.5,0,46,710
20261009-065112-m7-sim-sweep2,2026-10-09T06:52:10+00:00,87,local,share,0.0,1.0,0,3.69,free,doc,0.5,0.5,S4,0.655740562330422,0.6452385180586298,0.8701380000000114,0.0,20.0625,321,503,692
20261009-065112-m7-sim-sweep2,2026-10-09T06:52:10+00:00,87,local,share,0.0,1.0,0,3.69,free,doc,0.5,0.5,S4+,0.6524444080193987,0.6604704630841347,0.6950865000000164,0.0,16.75,268,46,710
20261009-065112-m7-sim-sweep2,2026-10-09T06:52:10+00:00,87,local,share,0.0,1.0,0,3.69,free,doc,0.5,0.5,S4+P,0.6524444080193987,0.6579613079733235,0.718430972652925,0.0,16.75,268,234,705
20261009-065112-m7-sim-sweep2,2026-10-09T06:52:10+00:00,87,local,share,0.0,1.0,0,3.69,free,doc,0.5,0.5,S4L,0.6620317811652257,0.6698566969869427,0.8398885000000149,0.0,16.75,268,343,715
20261009-065112-m7-sim-sweep2,2026-10-09T06:52:10+00:00,87,local,share,0.0,1.0,0,3.69,free,doc,0.5,0.5,S4B,0.6683230000000151,0.6640656510095594,0.6950865000000164,0.0,16.75,268,58,713
20261009-065112-m7-sim-sweep2,2026-10-09T06:52:10+00:00,87,local,share,0.0,1.0,0,3.69,free,doc,0.5,0.5,S5,0.6491482537083897,0.6548187594933429,0.6950865000000164,0.0,16.75,36,48,705
20261009-065112-m7-sim-sweep2,2026-10-09T06:52:10+00:00,87,local,share,0.0,1.0,0,3.69,free,doc,0.5,0.5,S5s,0.6491482537083897,0.6569425992629938,0.6950865000000164,0.0,16.75,108,47,707
20261009-065112-m7-sim-sweep2,2026-10-09T06:52:10+00:00,87,local,share,0.0,1.0,0,3.69,free,doc,0.5,0.5,S5L,0.6557405623304078,0.6596983780514662,0.6950865000000164,0.0,16.75,36,70,709
20261009-065112-m7-sim-sweep2,2026-10-09T06:52:10+00:00,87,local,share,0.0,1.0,0,3.69,free,doc,0.5,0.5,S5P,0.6557405623304078,0.6516192826053017,0.6950865000000164,0.0,16.75,36,86,702
20261009-065112-m7-sim-sweep2,2026-10-09T06:52:10+00:00,87,local,share,0.0,1.0,0,3.69,free,doc,0.5,0.5,S5c,0.6524444080193987,0.6604704630841347,0.6950865000000164,0.0,16.75,108,46,710
20261009-065112-m7-sim-sweep2,2026-10-09T06:52:10+00:00,88,local,share,0.0,1.0,0,3.69,free,doc,1.0,0.125,S0,0.5735490614384275,0.7419879772181055,1.1807533205752918,0.0,33.5,0,1136,424
20261009-065112-m7-sim-sweep2,2026-10-09T06:52:10+00:00,88,local,share,0.0,1.0,0,3.69,free,doc,1.0,0.125,S1,0.5934686710819363,0.7625833135752748,1.1807533205752918,0.0,33.5,0,984,436
20261009-065112-m7-sim-sweep2,2026-10-09T06:52:10+00:00,88,local,share,0.0,1.0,0,3.69,free,doc,1.0,0.125,S2b,0.614602363477573,0.7619865901800461,1.1229319999999774,0.0,33.5,0,905,437
20261009-065112-m7-sim-sweep2,2026-10-09T06:52:10+00:00,88,local,share,0.0,1.0,0,3.69,free,doc,1.0,0.125,S4,0.5725751002423465,0.7823341241968121,1.1807533205758176,0.0,32.75,524,974,446
20261009-065112-m7-sim-sweep2,2026-10-09T06:52:10+00:00,88,local,share,0.0,1.0,0,3.69,free,doc,1.0,0.125,S4+,0.614602363477573,0.7619865901800461,1.1229319999999774,0.0,29.3125,469,905,437
20261009-065112-m7-sim-sweep2,2026-10-09T06:52:10+00:00,88,local,share,0.0,1.0,0,3.69,free,doc,1.0,0.125,S4+P,0.5934686710819363,0.7825479869350337,1.123802999999981,0.0,29.3125,469,870,447
20261009-065112-m7-sim-sweep2,2026-10-09T06:52:10+00:00,88,local,share,0.0,1.0,0,3.69,free,doc,1.0,0.125,S4L,0.612479000000036,0.7862335085512816,1.1746459999999814,0.0,29.3125,469,880,449
20261009-065112-m7-sim-sweep2,2026-10-09T06:52:10+00:00,88,local,share,0.0,1.0,0,3.69,free,doc,1.0,0.125,S4B,0.6349898451431386,0.7842579239873668,1.123802999999981,0.0,29.3125,469,843,448
20261009-065112-m7-sim-sweep2,2026-10-09T06:52:10+00:00,88,local,share,0.0,1.0,0,3.69,free,doc,1.0,0.125,S5,0.614602363477573,0.7619865901800461,1.1229319999999774,0.0,29.3125,309,905,437
20261009-065112-m7-sim-sweep2,2026-10-09T06:52:10+00:00,88,local,share,0.0,1.0,0,3.69,free,doc,1.0,0.125,S5s,0.614602363477573,0.7619865901800461,1.1229319999999774,0.0,29.3125,365,905,437
20261009-065112-m7-sim-sweep2,2026-10-09T06:52:10+00:00,88,local,share,0.0,1.0,0,3.69,free,doc,1.0,0.125,S5L,0.6349898451431386,0.7842579239873668,1.123802999999981,0.0,29.3125,309,843,448
20261009-065112-m7-sim-sweep2,2026-10-09T06:52:10+00:00,88,local,share,0.0,1.0,0,3.69,free,doc,1.0,0.125,S5P,0.6349898451431386,0.7842579239873668,1.123802999999981,0.0,29.3125,309,843,448
20261009-065112-m7-sim-sweep2,2026-10-09T06:52:10+00:00,88,local,share,0.0,1.0,0,3.69,free,doc,1.0,0.125,S5c,0.614602363477573,0.7619865901800461,1.1229319999999774,0.0,29.3125,365,905,437
20261009-065112-m7-sim-sweep2,2026-10-09T06:52:10+00:00,88,local,share,0.0,1.0,0,3.69,free,doc,1.0,0.25,S0,0.5735490614384275,0.7419879772181055,1.1807533205752918,0.0,33.5,0,1136,424
20261009-065112-m7-sim-sweep2,2026-10-09T06:52:10+00:00,88,local,share,0.0,1.0,0,3.69,free,doc,1.0,0.25,S1,0.612479000000036,0.7758149042754271,1.123802999999981,0.0,33.5,0,841,444
20261009-065112-m7-sim-sweep2,2026-10-09T06:52:10+00:00,88,local,share,0.0,1.0,0,3.69,free,doc,1.0,0.25,S2b,0.6976800000000196,0.7859459842796378,1.0443950960542736,0.0,33.5,0,665,452
20261009-065112-m7-sim-sweep2,2026-10-09T06:52:10+00:00,88,local,share,0.0,1.0,0,3.69,free,doc,1.0,0.25,S4,0.8557292086719741,0.8190432762932792,1.1807533205752918,0.0,28.25,452,819,466
20261009-065112-m7-sim-sweep2,2026-10-09T06:52:10+00:00,88,local,share,0.0,1.0,0,3.69,free,doc,1.0,0.25,S4+,0.6976800000000196,0.7859459842796378,1.0443950960542736,0.0,25.125,402,665,452
20261009-065112-m7-sim-sweep2,2026-10-09T06:52:10+00:00,88,local,share,0.0,1.0,0,3.69,free,doc,1.0,0.25,S4+P,0.7230537086719835,0.7910839272387354,1.1238030000000094,0.0,25.125,402,774,452
20261009-065112-m7-sim-sweep2,2026-10-09T06:52:10+00:00,88,local,share,0.0,1.0,0,3.69,free,doc,1.0,0.25,S4L,0.7230537086719835,0.7885286933821606,1.123802999999981,0.0,25.125,402,789,451
20261009-065112-m7-sim-sweep2,2026-10-09T06:52:10+00:00,88,local,share,0.0,1.0,0,3.69,free,doc,1.0,0.25,S4B,0.8100127086719766,0.812676593905401,1.1238030000000094,0.0,25.125,402,684,464
20261009-065112-m7-sim-sweep2,2026-10-09T06:52:10+00:00,88,local,share,0.0,1.0,0,3.69,free,doc,1.0,0.25,S5,0.6976800000000196,0.7857187372155003,1.0443950960542736,0.0,25.125,242,665,452
20261009-065112-m7-sim-sweep2,2026-10-09T06:52:10+00:00,88,local,share,0.0,1.0,0,3.69,free,doc,1.0,0.25,S5s,0.6976800000000196,0.7857187372155003,1.0443950960542736,0.0,25.125,298,665,452
20261009-065112-m7-sim-sweep2,2026-10-09T06:52:10+00:00,88,local,share,0.0,1.0,0,3.69,free,doc,1.0,0.25,S5L,0.8100127086719766,0.8108447421338157,1.1238030000000094,0.0,25.125,242,691,463
20261009-065112-m7-sim-sweep2,2026-10-09T06:52:10+00:00,88,local,share,0.0,1.0,0,3.69,free,doc,1.0,0.25,S5P,0.7656542086719753,0.8050914655729239,1.123802999999981,0.0,25.125,242,695,460
20261009-065112-m7-sim-sweep2,2026-10-09T06:52:10+00:00,88,local,share,0.0,1.0,0,3.69,free,doc,1.0,0.25,S5c,0.6976800000000196,0.7859459842796378,1.0443950960542736,0.0,25.125,298,665,452
20261009-065112-m7-sim-sweep2,2026-10-09T06:52:10+00:00,88,local,share,0.0,1.0,0,3.69,free,doc,1.0,0.5,S0,0.5735490614384275,0.7419879772181055,1.1807533205752918,0.0,33.5,0,1136,424
20261009-065112-m7-sim-sweep2,2026-10-09T06:52:10+00:00,88,local,share,0.0,1.0,0,3.69,free,doc,1.0,0.5,S1,0.8778300000000172,0.8242748612947312,1.1238030000000094,0.0,33.5,0,638,470
20261009-065112-m7-sim-sweep2,2026-10-09T06:52:10+00:00,88,local,share,0.0,1.0,0,3.69,free,doc,1.0,0.5,S2b,0.7865415726954268,0.8343731034253418,0.9243560000000173,0.0,33.5,0,228,479
20261009-065112-m7-sim-sweep2,2026-10-09T06:52:10+00:00,88,local,share,0.0,1.0,0,3.69,free,doc,1.0,0.5,S4,0.8778300000000172,0.8201618828095357,1.1238030000000094,0.0,20.0625,321,640,468
20261009-065112-m7-sim-sweep2,2026-10-09T06:52:10+00:00,88,local,share,0.0,1.0,0,3.69,free,doc,1.0,0.5,S4+,0.7865415726954268,0.8343731034253418,0.9243560000000173,0.0,16.75,268,228,479
20261009-065112-m7-sim-sweep2,2026-10-09T06:52:10+00:00,88,local,share,0.0,1.0,0,3.69,free,doc,1.0,0.5,S4+P,0.8100127086719766,0.8425599614734978,0.9812902355255773,0.0,16.75,268,395,483
20261009-065112-m7-sim-sweep2,2026-10-09T06:52:10+00:00,88,local,share,0.0,1.0,0,3.69,free,doc,1.0,0.5,S4L,0.8778300000000172,0.8534945478160552,1.1229319999999774,0.0,16.75,268,458,487
20261009-065112-m7-sim-sweep2,2026-10-09T06:52:10+00:00,88,local,share,0.0,1.0,0,3.69,free,doc,1.0,0.5,S4B,0.8778300000000172,0.8810530275467693,0.9243560000000173,0.0,16.75,268,244,503
20261009-065112-m7-sim-sweep2,2026-10-09T06:52:10+00:00,88,local,share,0.0,1.0,0,3.69,free,doc,1.0,0.5,S5,0.7865415726954268,0.8327111506181138,0.9243559999999746,0.0,16.75,108,229,478
20261009-065112-m7-sim-sweep2,2026-10-09T06:52:10+00:00,88,local,share,0.0,1.0,0,3.69,free,doc,1.0,0.5,S5s,0.7865415726954268,0.8327111506181138,0.9243559999999746,0.0,16.75,164,229,478
20261009-065112-m7-sim-sweep2,2026-10-09T06:52:10+00:00,88,local,share,0.0,1.0,0,3.69,free,doc,1.0,0.5,S5L,0.8778300000000172,0.8790240763203089,0.9243560000000173,0.0,16.75,108,254,502
20261009-065112-m7-sim-sweep2,2026-10-09T06:52:10+00:00,88,local,share,0.0,1.0,0,3.69,free,doc,1.0,0.5,S5P,0.8557292086719528,0.848361336463439,0.9243560000000173,0.0,16.75,108,287,487
20261009-065112-m7-sim-sweep2,2026-10-09T06:52:10+00:00,88,local,share,0.0,1.0,0,3.69,free,doc,1.0,0.5,S5c,0.7865415726954268,0.8343731034253418,0.9243560000000173,0.0,16.75,164,228,479
20261009-065112-m7-sim-sweep2,2026-10-09T06:52:10+00:00,89,local,share,0.0,1.0,0,3.69,free,doc,2.0,0.125,S0,0.7560239999999965,0.928630583333323,1.5693519999999523,0.0,33.5,0,1292,268
20261009-065112-m7-sim-sweep2,2026-10-09T06:52:10+00:00,89,local,share,0.0,1.0,0,3.69,free,doc,2.0,0.125,S1,0.7560239999999965,0.9471289878048914,1.3058379999999659,0.0,33.5,0,1123,274
20261009-065112-m7-sim-sweep2,2026-10-09T06:52:10+00:00,89,local,share,0.0,1.0,0,3.69,free,doc,2.0,0.125,S2b,0.7564903936089564,0.9167904366053262,1.393513256630115,0.0,33.5,0,1077,265
20261009-065112-m7-sim-sweep2,2026-10-09T06:52:10+00:00,89,local,share,0.0,1.0,0,3.69,free,doc,2.0,0.125,S4,0.7560239999999965,0.9692095949922445,1.5693519999999523,0.0,32.75,524,1117,280
20261009-065112-m7-sim-sweep2,2026-10-09T06:52:10+00:00,89,local,share,0.0,1.0,0,3.69,free,doc,2.0,0.125,S4+,0.7564903936089564,0.9167904366053262,1.393513256630115,0.0,29.3125,469,1077,265
20261009-065112-m7-sim-sweep2,2026-10-09T06:52:10+00:00,89,local,share,0.0,1.0,0,3.69,free,doc,2.0,0.125,S4+P,0.7560239999999965,0.9694201312104814,1.3058379999999659,0.0,29.3125,469,997,281
20261009-065112-m7-sim-sweep2,2026-10-09T06:52:10+00:00,89,local,share,0.0,1.0,0,3.69,free,doc,2.0,0.125,S4L,0.7560239999999965,0.9703911528039318,1.3058379999999659,0.0,29.3125,469,1009,281
20261009-065112-m7-sim-sweep2,2026-10-09T06:52:10+00:00,89,local,share,0.0,1.0,0,3.69,free,doc,2.0,0.125,S4B,0.7560239999999965,0.9666579264916031,1.3058379999999659,0.0,29.3125,469,987,280
20261009-065112-m7-sim-sweep2,2026-10-09T06:52:10+00:00,89,local,share,0.0,1.0,0,3.69,free,doc,2.0,0.125,S5,0.7564903936089564,0.9167904366053262,1.393513256630115,0.0,29.3125,373,1077,265
20261009-065112-m7-sim-sweep2,2026-10-09T06:52:10+00:00,89,local,share,0.0,1.0,0,3.69,free,doc,2.0,0.125,S5s,0.7564903936089564,0.9167904366053262,1.393513256630115,0.0,29.3125,405,1077,265
20261009-065112-m7-sim-sweep2,2026-10-09T06:52:10+00:00,89,local,share,0.0,1.0,0,3.69,free,doc,2.0,0.125,S5L,0.7560239999999965,0.9660898088312564,1.3058379999999659,0.0,29.3125,373,988,280
20261009-065112-m7-sim-sweep2,2026-10-09T06:52:10+00:00,89,local,share,0.0,1.0,0,3.69,free,doc,2.0,0.125,S5P,0.7560239999999965,0.9660898088312564,1.3058379999999659,0.0,29.3125,373,988,280
20261009-065112-m7-sim-sweep2,2026-10-09T06:52:10+00:00,89,local,share,0.0,1.0,0,3.69,free,doc,2.0,0.125,S5c,0.7564903936089564,0.9167904366053262,1.393513256630115,0.0,29.3125,405,1077,265
20261009-065112-m7-sim-sweep2,2026-10-09T06:52:10+00:00,89,local,share,0.0,1.0,0,3.69,free,doc,2.0,0.25,S0,0.7560239999999965,0.928630583333323,1.5693519999999523,0.0,33.5,0,1292,268
20261009-065112-m7-sim-sweep2,2026-10-09T06:52:10+00:00,89,local,share,0.0,1.0,0,3.69,free,doc,2.0,0.25,S1,0.7560239999999965,0.955872119015383,1.1545197073176041,0.0,33.5,0,961,277
20261009-065112-m7-sim-sweep2,2026-10-09T06:52:10+00:00,89,local,share,0.0,1.0,0,3.69,free,doc,2.0,0.25,S2b,0.8298460000000034,0.9532991482493678,1.3058379999999659,0.0,33.5,0,840,277
20261009-065112-m7-sim-sweep2,2026-10-09T06:52:10+00:00,89,local,share,0.0,1.0,0,3.69,free,doc,2.0,0.25,S4,1.058991000000006,0.9970071190153824,1.3058379999999659,0.0,28.25,452,949,289
20261009-065112-m7-sim-sweep2,2026-10-09T06:52:10+00:00,89,local,share,0.0,1.0,0,3.69,free,doc,2.0,0.25,S4+,0.8298460000000034,0.9532991482493678,1.3058379999999659,0.0,25.125,402,840,277
20261009-065112-m7-sim-sweep2,2026-10-09T06:52:10+00:00,89,local,share,0.0,1.0,0,3.69,free,doc,2.0,0.25,S4+P,0.9070719999999994,0.9713943812104825,1.2215159999999798,0.0,25.125,402,895,282
20261009-065112-m7-sim-sweep2,2026-10-09T06:52:10+00:00,89,local,share,0.0,1.0,0,3.69,free,doc,2.0,0.25,S4L,0.9070719999999994,0.9691691790876386,1.1545197073176041,0.0,25.125,402,904,281
20261009-065112-m7-sim-sweep2,2026-10-09T06:52:10+00:00,89,local,share,0.0,1.0,0,3.69,free,doc,2.0,0.25,S4B,0.9439830000000029,0.9783969290876394,1.1545197073176041,0.0,25.125,402,857,284
20261009-065112-m7-sim-sweep2,2026-10-09T06:52:10+00:00,89,local,share,0.0,1.0,0,3.69,free,doc,2.0,0.25,S5,0.8298460000000034,0.9532991482493678,1.3058379999999659,0.0,25.125,306,840,277
20261009-065112-m7-sim-sweep2,2026-10-09T06:52:10+00:00,89,local,share,0.0,1.0,0,3.69,free,doc,2.0,0.25,S5s,0.8298460000000034,0.9532991482493678,1.3058379999999659,0.0,25.125,338,840,277
20261009-065112-m7-sim-sweep2,2026-10-09T06:52:10+00:00,89,local,share,0.0,1.0,0,3.69,free,doc,2.0,0.25,S5L,0.9439830000000029,0.977260693766946,1.1408848834692833,0.0,25.125,306,863,284
20261009-065112-m7-sim-sweep2,2026-10-09T06:52:10+00:00,89,local,share,0.0,1.0,0,3.69,free,doc,2.0,0.25,S5P,0.9439830000000029,0.9769279857391867,1.1408848834692833,0.0,25.125,306,858,284
20261009-065112-m7-sim-sweep2,2026-10-09T06:52:10+00:00,89,local,share,0.0,1.0,0,3.69,free,doc,2.0,0.25,S5c,0.8298460000000034,0.9532991482493678,1.3058379999999659,0.0,25.125,338,840,277
20261009-065112-m7-sim-sweep2,2026-10-09T06:52:10+00:00,89,local,share,0.0,1.0,0,3.69,free,doc,2.0,0.5,S0,0.7560239999999965,0.928630583333323,1.5693519999999523,0.0,33.5,0,1292,268
20261009-065112-m7-sim-sweep2,2026-10-09T06:52:10+00:00,89,local,share,0.0,1.0,0,3.69,free,doc,2.0,0.5,S1,1.0598620000000096,1.0079277391598953,1.1545197073176041,0.0,33.5,0,737,293
20261009-065112-m7-sim-sweep2,2026-10-09T06:52:10+00:00,89,local,share,0.0,1.0,0,3.69,free,doc,2.0,0.5,S2b,0.9824720000000013,1.0271082145496706,1.1545197073176041,0.0,33.5,0,382,301
20261009-065112-m7-sim-sweep2,2026-10-09T06:52:10+00:00,89,local,share,0.0,1.0,0,3.69,free,doc,2.0,0.5,S4,1.0598620000000096,1.0019320724932292,1.1545197073176041,0.0,20.0625,321,739,291
20261009-065112-m7-sim-sweep2,2026-10-09T06:52:10+00:00,89,local,share,0.0,1.0,0,3.69,free,doc,2.0,0.5,S4+,0.9824720000000013,1.0271082145496706,1.1545197073176041,0.0,16.75,268,382,301
20261009-065112-m7-sim-sweep2,2026-10-09T06:52:10+00:00,89,local,share,0.0,1.0,0,3.69,free,doc,2.0,0.5,S4+P,0.9816220000000015,1.0205578886641362,1.1545197073176041,0.0,16.75,268,525,298
20261009-065112-m7-sim-sweep2,2026-10-09T06:52:10+00:00,89,local,share,0.0,1.0,0,3.69,free,doc,2.0,0.5,S4L,1.0598620000000096,1.035804405826564,1.1545197073176041,0.0,16.75,268,551,302
20261009-065112-m7-sim-sweep2,2026-10-09T06:52:10+00:00,89,local,share,0.0,1.0,0,3.69,free,doc,2.0,0.5,S4B,1.0598620000000096,1.035541537037054,1.1545197073176041,0.0,16.75,268,438,302
20261009-065112-m7-sim-sweep2,2026-10-09T06:52:10+00:00,89,local,share,0.0,1.0,0,3.69,free,doc,2.0,0.5,S5,0.9824720000000013,1.0259719792289772,1.1408848834692833,0.0,16.75,172,382,301
20261009-065112-m7-sim-sweep2,2026-10-09T06:52:10+00:00,89,local,share,0.0,1.0,0,3.69,free,doc,2.0,0.5,S5s,0.9824720000000013,1.0266537204213932,1.1490657777782758,0.0,16.75,204,382,301
20261009-065112-m7-sim-sweep2,2026-10-09T06:52:10+00:00,89,local,share,0.0,1.0,0,3.69,free,doc,2.0,0.5,S5L,1.0598620000000096,1.0338371840560139,1.1408848834692833,0.0,16.75,172,447,302
20261009-065112-m7-sim-sweep2,2026-10-09T06:52:10+00:00,89,local,share,0.0,1.0,0,3.69,free,doc,2.0,0.5,S5P,1.0202960000000019,1.0193852073170906,1.1408848834692833,0.0,16.75,172,464,298
20261009-065112-m7-sim-sweep2,2026-10-09T06:52:10+00:00,89,local,share,0.0,1.0,0,3.69,free,doc,2.0,0.5,S5c,0.9824720000000013,1.0271082145496706,1.1545197073176041,0.0,16.75,204,382,301
20261009-065112-m7-sim-sweep2,2026-10-09T06:52:10+00:00,90,nfs,share,0.0,1.0,0,3.69,hold,chat,0.25,0.125,S0,1.6648269423720592,1.670110809373605,2.0039255560456013,0.9906908169245631,32.0,0,32,736
20261009-065112-m7-sim-sweep2,2026-10-09T06:52:10+00:00,90,nfs,share,0.0,1.0,0,3.69,hold,chat,0.25,0.125,S1,1.569767487814218,1.7403992301062867,2.63770034477119,1.1407543119726309,32.0,0,18,607
20261009-065112-m7-sim-sweep2,2026-10-09T06:52:10+00:00,90,nfs,share,0.0,1.0,0,3.69,hold,chat,0.25,0.125,S2b,1.5396860524456883,1.834590092517476,2.969006914831624,1.192757222014082,32.0,0,31,657
20261009-065112-m7-sim-sweep2,2026-10-09T06:52:10+00:00,90,nfs,share,0.0,1.0,0,3.69,hold,chat,0.25,0.125,S4,2.106250325501364,2.024934385908774,2.5320376399646563,1.4576574453231324,29.0,464,23,602
20261009-065112-m7-sim-sweep2,2026-10-09T06:52:10+00:00,90,nfs,share,0.0,1.0,0,3.69,hold,chat,0.25,0.125,S4+,2.285969285143551,2.1897077145610155,2.5320376399646705,1.584991645272116,28.0,448,37,650
20261009-065112-m7-sim-sweep2,2026-10-09T06:52:10+00:00,90,nfs,share,0.0,1.0,0,3.69,hold,chat,0.25,0.125,S4+P,2.152535886041967,2.1284353180575324,2.4254926403494608,1.5849916452721153,28.0,448,22,588
20261009-065112-m7-sim-sweep2,2026-10-09T06:52:10+00:00,90,nfs,share,0.0,1.0,0,3.69,hold,chat,0.25,0.125,S4L,2.106250325501364,2.127470036807532,2.4254926403494608,1.584991645272116,28.0,448,22,590
20261009-065112-m7-sim-sweep2,2026-10-09T06:52:10+00:00,90,nfs,share,0.0,1.0,0,3.69,hold,chat,0.25,0.125,S4B,2.106250325501364,2.0972507955381268,2.285969285143551,1.5849916452721147,28.0,448,14,554
20261009-065112-m7-sim-sweep2,2026-10-09T06:52:10+00:00,90,nfs,share,0.0,1.0,0,3.69,hold,chat,0.25,0.125,S5,2.285969285143537,2.171872586903412,2.5320376399646705,1.565152932474496,28.0,320,37,647
20261009-065112-m7-sim-sweep2,2026-10-09T06:52:10+00:00,90,nfs,share,0.0,1.0,0,3.69,hold,chat,0.25,0.125,S5s,1.668138981618263,1.673209757540235,2.0216337254223333,0.9802899593426057,28.5,0,32,712
20261009-065112-m7-sim-sweep2,2026-10-09T06:52:10+00:00,90,nfs,share,0.0,1.0,0,3.69,hold,chat,0.25,0.125,S5L,2.1062503255013425,2.086081931987231,2.4254926403494608,1.565152932474496,28.0,320,17,572
20261009-065112-m7-sim-sweep2,2026-10-09T06:52:10+00:00,90,nfs,share,0.0,1.0,0,3.69,hold,chat,0.25,0.125,S5P,2.1062503255013425,2.0969343123752058,2.4254926403494608,1.565152932474496,28.0,320,19,575
20261009-065112-m7-sim-sweep2,2026-10-09T06:52:10+00:00,90,nfs,share,0.0,1.0,0,3.69,hold,chat,0.25,0.125,S5c,1.9473465345010084,1.864149212277179,3.1230972520906732,1.2270582939165955,30.0,24,32,656
20261009-065112-m7-sim-sweep2,2026-10-09T06:52:10+00:00,90,nfs,share,0.0,1.0,0,3.69,hold,chat,0.25,0.25,S0,1.631582896929899,1.5230308591216968,1.9943824651613795,0.8436108666726518,32.0,0,32,736
20261009-065112-m7-sim-sweep2,2026-10-09T06:52:10+00:00,90,nfs,share,0.0,1.0,0,3.69,hold,chat,0.25,0.25,S1,0.8780154503038631,1.5127433084417141,3.2954872224312624,0.9552885331044424,32.0,0,12,568
20261009-065112-m7-sim-sweep2,2026-10-09T06:52:10+00:00,90,nfs,share,0.0,1.0,0,3.69,hold,chat,0.25,0.25,S2b,0.6631338569969216,1.7216829264684694,3.3471292844338336,1.1515995521382798,32.0,0,16,584
20261009-065112-m7-sim-sweep2,2026-10-09T06:52:10+00:00,90,nfs,share,0.0,1.0,0,3.69,hold,chat,0.25,0.25,S4,1.873470361215631,1.743465342930455,2.2780363255013185,1.2108910693062924,24.0,384,14,564
20261009-065112-m7-sim-sweep2,2026-10-09T06:52:10+00:00,90,nfs,share,0.0,1.0,0,3.69,hold,chat,0.25,0.25,S4+,2.2242279506476024,1.9922026750745871,2.4422035755013667,1.4471662848136688,24.0,384,21,578
20261009-065112-m7-sim-sweep2,2026-10-09T06:52:10+00:00,90,nfs,share,0.0,1.0,0,3.69,hold,chat,0.25,0.25,S4+P,2.1062503255013425,1.9616220843287724,2.285969285143551,1.4471662848136688,24.0,384,14,552
20261009-065112-m7-sim-sweep2,2026-10-09T06:52:10+00:00,90,nfs,share,0.0,1.0,0,3.69,hold,chat,0.25,0.25,S4L,2.1062503255013425,1.9579909243887315,2.285969285143551,1.4471662848136688,24.0,384,13,547
20261009-065112-m7-sim-sweep2,2026-10-09T06:52:10+00:00,90,nfs,share,0.0,1.0,0,3.69,hold,chat,0.25,0.25,S4B,2.1062503255013425,1.912022171343473,2.2780363255013185,1.4471662848136688,24.0,384,2,504
20261009-065112-m7-sim-sweep2,2026-10-09T06:52:10+00:00,90,nfs,share,0.0,1.0,0,3.69,hold,chat,0.25,0.25,S5,2.1199211884525084,1.8848418652802785,2.4422035755013667,1.3401463456155642,24.0,256,21,578
20261009-065112-m7-sim-sweep2,2026-10-09T06:52:10+00:00,90,nfs,share,0.0,1.0,0,3.69,hold,chat,0.25,0.25,S5s,1.631582896929899,1.5258538040178113,2.0216337254223333,0.8328203822881127,28.5,0,32,712
20261009-065112-m7-sim-sweep2,2026-10-09T06:52:10+00:00,90,nfs,share,0.0,1.0,0,3.69,hold,chat,0.25,0.25,S5L,2.0736356279118837,1.8425093558593293,2.285969285143551,1.3401463456155647,24.0,256,11,539
20261009-065112-m7-sim-sweep2,2026-10-09T06:52:10+00:00,90,nfs,share,0.0,1.0,0,3.69,hold,chat,0.25,0.25,S5P,2.0736356279118837,1.8425093558593293,2.285969285143551,1.3401463456155647,24.0,256,11,539
20261009-065112-m7-sim-sweep2,2026-10-09T06:52:10+00:00,90,nfs,share,0.0,1.0,0,3.69,hold,chat,0.25,0.25,S5c,0.6631338569969216,1.6003830630358558,2.992882253585009,1.0399054414072488,30.0,24,17,583
20261009-065112-m7-sim-sweep2,2026-10-09T06:52:10+00:00,90,nfs,share,0.0,1.0,0,3.69,hold,chat,0.25,0.5,S0,0.8478069702745827,0.9970683268170154,1.6980709878142335,0.3176483343679646,32.0,0,32,736
20261009-065112-m7-sim-sweep2,2026-10-09T06:52:10+00:00,90,nfs,share,0.0,1.0,0,3.69,hold,chat,0.25,0.5,S1,0.576052704557867,1.1224221427658172,2.2405485160726073,0.6100581120444506,32.0,0,6,536
20261009-065112-m7-sim-sweep2,2026-10-09T06:52:10+00:00,90,nfs,share,0.0,1.0,0,3.69,hold,chat,0.25,0.5,S2b,0.5760527045578385,1.5366378961299756,1.5771065638650725,1.0341638469424475,32.0,0,4,519
20261009-065112-m7-sim-sweep2,2026-10-09T06:52:10+00:00,90,nfs,share,0.0,1.0,0,3.69,hold,chat,0.25,0.5,S4,1.4821674947826153,1.2425551789511189,2.106250325501307,0.7366090563910834,17.0,272,7,532
20261009-065112-m7-sim-sweep2,2026-10-09T06:52:10+00:00,90,nfs,share,0.0,1.0,0,3.69,hold,chat,0.25,0.5,S4+,2.041020930322432,1.448779235172178,2.278036325501361,0.9647775232091114,16.0,256,5,513
20261009-065112-m7-sim-sweep2,2026-10-09T06:52:10+00:00,90,nfs,share,0.0,1.0,0,3.69,hold,chat,0.25,0.5,S4+P,2.041020930322425,1.4391737365149968,2.278036325501361,0.9647775232091108,16.0,256,3,507
20261009-065112-m7-sim-sweep2,2026-10-09T06:52:10+00:00,90,nfs,share,0.0,1.0,0,3.69,hold,chat,0.25,0.5,S4L,2.041020930322425,1.4529757140202921,2.278036325501361,0.9647775232091108,16.0,256,6,517
20261009-065112-m7-sim-sweep2,2026-10-09T06:52:10+00:00,90,nfs,share,0.0,1.0,0,3.69,hold,chat,0.25,0.5,S4B,1.943571825501337,1.4250786390627699,2.278036325501361,0.9647775232091114,16.0,256,0,498
20261009-065112-m7-sim-sweep2,2026-10-09T06:52:10+00:00,90,nfs,share,0.0,1.0,0,3.69,hold,chat,0.25,0.5,S5,0.6379440000000329,1.1538254200834512,2.2780363255013043,0.6687872865135684,16.0,128,5,513
20261009-065112-m7-sim-sweep2,2026-10-09T06:52:10+00:00,90,nfs,share,0.0,1.0,0,3.69,hold,chat,0.25,0.5,S5s,0.7850259575082461,0.9984797992650728,1.7046950663065985,0.3041965186826167,28.5,0,32,712
20261009-065112-m7-sim-sweep2,2026-10-09T06:52:10+00:00,90,nfs,share,0.0,1.0,0,3.69,hold,chat,0.25,0.5,S5L,0.6379440000000329,1.138245582709138,2.106250325501364,0.6687872865135684,16.0,128,2,506
20261009-065112-m7-sim-sweep2,2026-10-09T06:52:10+00:00,90,nfs,share,0.0,1.0,0,3.69,hold,chat,0.25,0.5,S5P,0.6379440000000329,1.138245582709138,2.106250325501364,0.6687872865135684,16.0,128,2,506
20261009-065112-m7-sim-sweep2,2026-10-09T06:52:10+00:00,90,nfs,share,0.0,1.0,0,3.69,hold,chat,0.25,0.5,S5c,0.5760527045578385,1.367647613071244,1.161130482489824,0.8651735638837224,29.0,8,4,519
20261009-065112-m7-sim-sweep2,2026-10-09T06:52:10+00:00,91,nfs,share,0.0,1.0,0,3.69,hold,chat,0.5,0.125,S0,1.8868981364628326,1.7503480455094873,2.233301975628393,0.5036566742395033,32.0,0,56,712
20261009-065112-m7-sim-sweep2,2026-10-09T06:52:10+00:00,91,nfs,share,0.0,1.0,0,3.69,hold,chat,0.5,0.125,S1,1.6716668173720493,1.7655336396591366,2.2090870646079708,0.7212638763690276,32.0,0,30,555
20261009-065112-m7-sim-sweep2,2026-10-09T06:52:10+00:00,91,nfs,share,0.0,1.0,0,3.69,hold,chat,0.5,0.125,S2b,2.0000914796436646,2.185090663792081,3.410170954427997,1.0463691581542207,32.0,0,55,619
20261009-065112-m7-sim-sweep2,2026-10-09T06:52:10+00:00,91,nfs,share,0.0,1.0,0,3.69,hold,chat,0.5,0.125,S4,2.44657632550134,2.414021572146717,3.180167853759741,1.3671923202421528,29.0,464,45,538
20261009-065112-m7-sim-sweep2,2026-10-09T06:52:10+00:00,91,nfs,share,0.0,1.0,0,3.69,hold,chat,0.5,0.125,S4+,2.878482325697675,2.729780759532174,3.410170954427997,1.5849916452721164,28.0,448,72,601
20261009-065112-m7-sim-sweep2,2026-10-09T06:52:10+00:00,91,nfs,share,0.0,1.0,0,3.69,hold,chat,0.5,0.125,S4+P,2.5443444384525336,2.601247685618152,2.9260782451705722,1.5849916452721164,28.0,448,45,515
20261009-065112-m7-sim-sweep2,2026-10-09T06:52:10+00:00,91,nfs,share,0.0,1.0,0,3.69,hold,chat,0.5,0.125,S4L,2.4465763255013826,2.595320030364206,2.9260782451705722,1.5849916452721164,28.0,448,44,514
20261009-065112-m7-sim-sweep2,2026-10-09T06:52:10+00:00,91,nfs,share,0.0,1.0,0,3.69,hold,chat,0.5,0.125,S4B,2.4465763255013826,2.557047813964942,2.9260782451705722,1.5849916452721153,28.0,448,36,489
20261009-065112-m7-sim-sweep2,2026-10-09T06:52:10+00:00,91,nfs,share,0.0,1.0,0,3.69,hold,chat,0.5,0.125,S5,2.878482325697675,2.693927959025658,3.410170954427997,1.5491388447656007,28.0,384,72,601
20261009-065112-m7-sim-sweep2,2026-10-09T06:52:10+00:00,91,nfs,share,0.0,1.0,0,3.69,hold,chat,0.5,0.125,S5s,2.2620017149712623,2.377700222933996,3.289147777113641,1.1816012125449913,28.0,72,68,645
20261009-065112-m7-sim-sweep2,2026-10-09T06:52:10+00:00,91,nfs,share,0.0,1.0,0,3.69,hold,chat,0.5,0.125,S5L,2.4465763255013826,2.5370770128133127,2.9260782451705722,1.5491388447656007,28.0,384,39,495
20261009-065112-m7-sim-sweep2,2026-10-09T06:52:10+00:00,91,nfs,share,0.0,1.0,0,3.69,hold,chat,0.5,0.125,S5P,2.5612821078292143,2.558132565231553,2.9260782451705722,1.5491388447656007,28.0,384,43,505
20261009-065112-m7-sim-sweep2,2026-10-09T06:52:10+00:00,91,nfs,share,0.0,1.0,0,3.69,hold,chat,0.5,0.125,S5c,2.2758509894349004,2.383276108942162,3.410170954427997,1.2350609440966729,28.0,72,64,610
20261009-065112-m7-sim-sweep2,2026-10-09T06:52:10+00:00,91,nfs,share,0.0,1.0,0,3.69,hold,chat,0.5,0.25,S0,1.4708275945354572,1.5496496777437774,2.233301975628393,0.30295830647379535,32.0,0,56,712
20261009-065112-m7-sim-sweep2,2026-10-09T06:52:10+00:00,91,nfs,share,0.0,1.0,0,3.69,hold,chat,0.5,0.25,S1,1.091796500000072,1.621468616222786,3.286876299875914,0.6600177858426358,32.0,0,19,500
20261009-065112-m7-sim-sweep2,2026-10-09T06:52:10+00:00,91,nfs,share,0.0,1.0,0,3.69,hold,chat,0.5,0.25,S2b,1.1419643830347042,1.9101389043481127,3.3472162729577803,0.881743061901045,32.0,0,33,530
20261009-065112-m7-sim-sweep2,2026-10-09T06:52:10+00:00,91,nfs,share,0.0,1.0,0,3.69,hold,chat,0.5,0.25,S4,2.0460735387223963,1.990500758819228,2.7945761437327405,1.0412577259114386,24.0,384,26,486
20261009-065112-m7-sim-sweep2,2026-10-09T06:52:10+00:00,91,nfs,share,0.0,1.0,0,3.69,hold,chat,0.5,0.25,S4+,2.667519055468709,2.457616772773848,3.0301637531082406,1.4471662848136706,24.0,384,44,515
20261009-065112-m7-sim-sweep2,2026-10-09T06:52:10+00:00,91,nfs,share,0.0,1.0,0,3.69,hold,chat,0.5,0.25,S4+P,2.4465763255013826,2.3831411826808497,2.9180342447857868,1.4471662848136713,24.0,384,28,464
20261009-065112-m7-sim-sweep2,2026-10-09T06:52:10+00:00,91,nfs,share,0.0,1.0,0,3.69,hold,chat,0.5,0.25,S4L,2.4465763255013826,2.371644445456596,2.9180342447857868,1.4471662848136713,24.0,384,26,460
20261009-065112-m7-sim-sweep2,2026-10-09T06:52:10+00:00,91,nfs,share,0.0,1.0,0,3.69,hold,chat,0.5,0.25,S4B,2.4465763255013613,2.323286964281136,2.7210493255014114,1.44716628481367,24.0,384,16,429
20261009-065112-m7-sim-sweep2,2026-10-09T06:52:10+00:00,91,nfs,share,0.0,1.0,0,3.69,hold,chat,0.5,0.25,S5,2.667519055468702,2.3186151019900354,3.0301637531082406,1.3077553579887542,24.0,320,44,516
20261009-065112-m7-sim-sweep2,2026-10-09T06:52:10+00:00,91,nfs,share,0.0,1.0,0,3.69,hold,chat,0.5,0.25,S5s,1.5992170753202828,1.582369932996779,2.0958658947990045,0.3875609211673818,24.0,8,50,646
20261009-065112-m7-sim-sweep2,2026-10-09T06:52:10+00:00,91,nfs,share,0.0,1.0,0,3.69,hold,chat,0.5,0.25,S5L,2.4465763255013826,2.222557509896586,2.9180342447857583,1.3077553579887546,24.0,320,24,455
20261009-065112-m7-sim-sweep2,2026-10-09T06:52:10+00:00,91,nfs,share,0.0,1.0,0,3.69,hold,chat,0.5,0.25,S5P,2.4465763255013826,2.2297173509567703,2.9180342447857583,1.3077553579887546,24.0,320,25,455
20261009-065112-m7-sim-sweep2,2026-10-09T06:52:10+00:00,91,nfs,share,0.0,1.0,0,3.69,hold,chat,0.5,0.25,S5c,1.4935280868137042,1.9281776619300584,3.272005869051867,0.8957655505120409,28.0,72,38,525
20261009-065112-m7-sim-sweep2,2026-10-09T06:52:10+00:00,91,nfs,share,0.0,1.0,0,3.69,hold,chat,0.5,0.5,S0,1.1406718182314108,1.246691371269982,1.8868981364628183,0.0,32.0,0,56,712
20261009-065112-m7-sim-sweep2,2026-10-09T06:52:10+00:00,91,nfs,share,0.0,1.0,0,3.69,hold,chat,0.5,0.5,S1,0.8141920000000482,1.2000573727782822,1.992217505134306,0.3063208454367044,32.0,0,10,449
20261009-065112-m7-sim-sweep2,2026-10-09T06:52:10+00:00,91,nfs,share,0.0,1.0,0,3.69,hold,chat,0.5,0.5,S2b,0.9529942500000246,1.7534880726082147,1.3502483921781447,0.8824920603570691,32.0,0,7,432
20261009-065112-m7-sim-sweep2,2026-10-09T06:52:10+00:00,91,nfs,share,0.0,1.0,0,3.69,hold,chat,0.5,0.5,S4,1.3170259764877272,1.4794257676395464,2.4465763255013826,0.5838750256488208,17.0,272,13,440
20261009-065112-m7-sim-sweep2,2026-10-09T06:52:10+00:00,91,nfs,share,0.0,1.0,0,3.69,hold,chat,0.5,0.5,S4+,2.4281375351435486,1.8280995615613964,2.7210493255014114,0.9647775232091131,16.0,256,12,420
20261009-065112-m7-sim-sweep2,2026-10-09T06:52:10+00:00,91,nfs,share,0.0,1.0,0,3.69,hold,chat,0.5,0.5,S4+P,2.4281375351435486,1.7993377943895599,2.721049325501383,0.9647775232091126,16.0,256,6,403
20261009-065112-m7-sim-sweep2,2026-10-09T06:52:10+00:00,91,nfs,share,0.0,1.0,0,3.69,hold,chat,0.5,0.5,S4L,2.4281375351435486,1.8258030662474958,2.7210493255014114,0.9647775232091126,16.0,256,12,424
20261009-065112-m7-sim-sweep2,2026-10-09T06:52:10+00:00,91,nfs,share,0.0,1.0,0,3.69,hold,chat,0.5,0.5,S4B,2.186091180514836,1.7689027134191513,2.721049325501397,0.9647775232091131,16.0,256,0,386
20261009-065112-m7-sim-sweep2,2026-10-09T06:52:10+00:00,91,nfs,share,0.0,1.0,0,3.69,hold,chat,0.5,0.5,S5,1.091796500000001,1.6229363587237664,2.721049325501326,0.7580394825214457,16.0,192,12,422
20261009-065112-m7-sim-sweep2,2026-10-09T06:52:10+00:00,91,nfs,share,0.0,1.0,0,3.69,hold,chat,0.5,0.5,S5s,1.1996657206704242,1.1993897755484788,1.6666756833091796,0.0,23.5,0,48,648
20261009-065112-m7-sim-sweep2,2026-10-09T06:52:10+00:00,91,nfs,share,0.0,1.0,0,3.69,hold,chat,0.5,0.5,S5L,1.091796500000001,1.5902332242948145,2.721049325501326,0.7580394825214457,16.0,192,5,400
20261009-065112-m7-sim-sweep2,2026-10-09T06:52:10+00:00,91,nfs,share,0.0,1.0,0,3.69,hold,chat,0.5,0.5,S5P,1.091796500000001,1.5839100401339141,2.721049325501326,0.7580394825214457,16.0,192,4,400
20261009-065112-m7-sim-sweep2,2026-10-09T06:52:10+00:00,91,nfs,share,0.0,1.0,0,3.69,hold,chat,0.5,0.5,S5c,0.9529942500000246,1.5389225685149708,1.782306676879898,0.6679723877742015,25.5,32,8,430
20261009-065112-m7-sim-sweep2,2026-10-09T06:52:10+00:00,92,nfs,share,0.0,1.0,0,3.69,hold,chat,2.0,0.125,S0,4.1198238095153386,4.12690844194709,5.710822938441993,0.0,32.0,0,184,584
20261009-065112-m7-sim-sweep2,2026-10-09T06:52:10+00:00,92,nfs,share,0.0,1.0,0,3.69,hold,chat,2.0,0.125,S1,3.3550301225303585,3.523960139006029,4.571541367201945,0.0,32.0,0,110,438
20261009-065112-m7-sim-sweep2,2026-10-09T06:52:10+00:00,92,nfs,share,0.0,1.0,0,3.69,hold,chat,2.0,0.125,S2b,4.297921473312371,4.550280564319155,6.538410325501303,0.8324568973802204,32.0,0,163,497
20261009-065112-m7-sim-sweep2,2026-10-09T06:52:10+00:00,92,nfs,share,0.0,1.0,0,3.69,hold,chat,2.0,0.125,S4,4.367185999999947,4.561701985909727,6.314312990222589,1.171515563896783,29.0,464,130,417
20261009-065112-m7-sim-sweep2,2026-10-09T06:52:10+00:00,92,nfs,share,0.0,1.0,0,3.69,hold,chat,2.0,0.125,S4+,5.464128325501292,5.184189099606166,6.983752325501314,1.5849916452721189,28.0,448,184,476
20261009-065112-m7-sim-sweep2,2026-10-09T06:52:10+00:00,92,nfs,share,0.0,1.0,0,3.69,hold,chat,2.0,0.125,S4+P,4.784468236848099,4.870098868431043,6.021090325501291,1.5849916452721189,28.0,448,132,395
20261009-065112-m7-sim-sweep2,2026-10-09T06:52:10+00:00,92,nfs,share,0.0,1.0,0,3.69,hold,chat,2.0,0.125,S4L,4.576874325501336,4.841733895272097,6.021090325501291,1.5849916452721189,28.0,448,126,389
20261009-065112-m7-sim-sweep2,2026-10-09T06:52:10+00:00,92,nfs,share,0.0,1.0,0,3.69,hold,chat,2.0,0.125,S4B,4.576874325501336,4.801712666130141,6.021090325501291,1.5849916452721189,28.0,448,120,375
20261009-065112-m7-sim-sweep2,2026-10-09T06:52:10+00:00,92,nfs,share,0.0,1.0,0,3.69,hold,chat,2.0,0.125,S5,5.464128325501292,5.184189099606166,6.983752325501314,1.5849916452721189,28.0,424,184,476
20261009-065112-m7-sim-sweep2,2026-10-09T06:52:10+00:00,92,nfs,share,0.0,1.0,0,3.69,hold,chat,2.0,0.125,S5s,5.464128325501292,5.065265778024301,6.983752325501314,1.403835443003743,28.0,288,190,492
20261009-065112-m7-sim-sweep2,2026-10-09T06:52:10+00:00,92,nfs,share,0.0,1.0,0,3.69,hold,chat,2.0,0.125,S5L,4.576874325501336,4.825620395272097,6.021090325501291,1.5849916452721189,28.0,424,124,385
20261009-065112-m7-sim-sweep2,2026-10-09T06:52:10+00:00,92,nfs,share,0.0,1.0,0,3.69,hold,chat,2.0,0.125,S5P,4.784468236848099,4.867253911453049,6.021090325501291,1.5849916452721189,28.0,424,132,393
20261009-065112-m7-sim-sweep2,2026-10-09T06:52:10+00:00,92,nfs,share,0.0,1.0,0,3.69,hold,chat,2.0,0.125,S5c,5.454905232764375,5.0166480730942355,6.983752325501314,1.4034187763370767,28.0,288,184,476
20261009-065112-m7-sim-sweep2,2026-10-09T06:52:10+00:00,92,nfs,share,0.0,1.0,0,3.69,hold,chat,2.0,0.25,S0,4.1198238095153386,4.12690844194709,5.710822938441993,0.0,32.0,0,184,584
20261009-065112-m7-sim-sweep2,2026-10-09T06:52:10+00:00,92,nfs,share,0.0,1.0,0,3.69,hold,chat,2.0,0.25,S1,3.0037459999999783,3.223679069965985,4.571541367201945,0.0,32.0,0,76,359
20261009-065112-m7-sim-sweep2,2026-10-09T06:52:10+00:00,92,nfs,share,0.0,1.0,0,3.69,hold,chat,2.0,0.25,S2b,3.7241715502283057,3.8209339810286838,5.472157375748111,0.4414795702431835,32.0,0,111,406
20261009-065112-m7-sim-sweep2,2026-10-09T06:52:10+00:00,92,nfs,share,0.0,1.0,0,3.69,hold,chat,2.0,0.25,S4,3.8051243255013105,3.900491089065698,5.464128325501292,0.7580394825214475,24.0,384,86,347
20261009-065112-m7-sim-sweep2,2026-10-09T06:52:10+00:00,92,nfs,share,0.0,1.0,0,3.69,hold,chat,2.0,0.25,S4+,5.038475636384561,4.725719252602295,6.411225091677096,1.447166284813673,24.0,384,130,387
20261009-065112-m7-sim-sweep2,2026-10-09T06:52:10+00:00,92,nfs,share,0.0,1.0,0,3.69,hold,chat,2.0,0.25,S4+P,4.576874325501336,4.4487577451961995,5.464128325501292,1.4471662848136735,24.0,384,84,318
20261009-065112-m7-sim-sweep2,2026-10-09T06:52:10+00:00,92,nfs,share,0.0,1.0,0,3.69,hold,chat,2.0,0.25,S4L,4.576874325501336,4.440252784813658,5.464128325501292,1.4471662848136735,24.0,384,82,318
20261009-065112-m7-sim-sweep2,2026-10-09T06:52:10+00:00,92,nfs,share,0.0,1.0,0,3.69,hold,chat,2.0,0.25,S4B,4.576874325501336,4.4257444135078705,5.464128325501292,1.447166284813673,24.0,384,80,313
20261009-065112-m7-sim-sweep2,2026-10-09T06:52:10+00:00,92,nfs,share,0.0,1.0,0,3.69,hold,chat,2.0,0.25,S5,5.038475636384561,4.71705308424031,6.411225091677096,1.4385001164516875,24.0,360,130,387
20261009-065112-m7-sim-sweep2,2026-10-09T06:52:10+00:00,92,nfs,share,0.0,1.0,0,3.69,hold,chat,2.0,0.25,S5s,4.329452233954058,4.467906023386262,6.411225091677096,0.9946924458094024,24.0,224,154,443
20261009-065112-m7-sim-sweep2,2026-10-09T06:52:10+00:00,92,nfs,share,0.0,1.0,0,3.69,hold,chat,2.0,0.25,S5L,4.576874325501336,4.418566116451672,5.464128325501292,1.4385001164516875,24.0,360,80,314
20261009-065112-m7-sim-sweep2,2026-10-09T06:52:10+00:00,92,nfs,share,0.0,1.0,0,3.69,hold,chat,2.0,0.25,S5P,4.576874325501336,4.441503049282271,5.464128325501292,1.4385001164516875,24.0,360,84,316
20261009-065112-m7-sim-sweep2,2026-10-09T06:52:10+00:00,92,nfs,share,0.0,1.0,0,3.69,hold,chat,2.0,0.25,S5c,4.683359529210378,4.373174344959168,6.411225091677096,1.0805207960959298,24.0,224,129,388
20261009-065112-m7-sim-sweep2,2026-10-09T06:52:10+00:00,92,nfs,share,0.0,1.0,0,3.69,hold,chat,2.0,0.5,S0,4.1198238095153386,4.12690844194709,5.710822938441993,0.0,32.0,0,184,584
20261009-065112-m7-sim-sweep2,2026-10-09T06:52:10+00:00,92,nfs,share,0.0,1.0,0,3.69,hold,chat,2.0,0.5,S1,2.5454839999999876,2.895043023332283,3.7063142450607245,0.0,32.0,0,40,276
20261009-065112-m7-sim-sweep2,2026-10-09T06:52:10+00:00,92,nfs,share,0.0,1.0,0,3.69,hold,chat,2.0,0.5,S2b,3.0794964865986003,2.951841210891122,3.8826636869850404,0.0974552192966236,32.0,0,34,267
20261009-065112-m7-sim-sweep2,2026-10-09T06:52:10+00:00,92,nfs,share,0.0,1.0,0,3.69,hold,chat,2.0,0.5,S4,2.9476764484649607,3.203993643092432,4.8035143255013395,0.3652731051848607,17.0,272,47,267
20261009-065112-m7-sim-sweep2,2026-10-09T06:52:10+00:00,92,nfs,share,0.0,1.0,0,3.69,hold,chat,2.0,0.5,S4+,4.048388325501321,3.746885560247438,5.2679838415769495,0.9647775232091172,16.0,256,47,252
20261009-065112-m7-sim-sweep2,2026-10-09T06:52:10+00:00,92,nfs,share,0.0,1.0,0,3.69,hold,chat,2.0,0.5,S4+P,4.048388325501321,3.6697765165315683,5.116006325501331,0.9647775232091172,16.0,256,34,234
20261009-065112-m7-sim-sweep2,2026-10-09T06:52:10+00:00,92,nfs,share,0.0,1.0,0,3.69,hold,chat,2.0,0.5,S4L,4.048388325501321,3.7315610232091037,5.116006325501331,0.9647775232091172,16.0,256,43,253
20261009-065112-m7-sim-sweep2,2026-10-09T06:52:10+00:00,92,nfs,share,0.0,1.0,0,3.69,hold,chat,2.0,0.5,S4B,4.048388325501321,3.5811579241157165,4.8035143255013395,0.9647775232091172,16.0,256,19,209
20261009-065112-m7-sim-sweep2,2026-10-09T06:52:10+00:00,92,nfs,share,0.0,1.0,0,3.69,hold,chat,2.0,0.5,S5,3.901041857829185,3.7252201393424724,5.2679838415769495,0.943112102304152,16.0,232,47,252
20261009-065112-m7-sim-sweep2,2026-10-09T06:52:10+00:00,92,nfs,share,0.0,1.0,0,3.69,hold,chat,2.0,0.5,S5s,3.6762952775809765,3.6391340067781623,4.975124478818174,0.413476081375336,16.0,96,109,381
20261009-065112-m7-sim-sweep2,2026-10-09T06:52:10+00:00,92,nfs,share,0.0,1.0,0,3.69,hold,chat,2.0,0.5,S5L,3.828836274641745,3.6752850008561704,5.116006325501331,0.943112102304152,16.0,232,38,241
20261009-065112-m7-sim-sweep2,2026-10-09T06:52:10+00:00,92,nfs,share,0.0,1.0,0,3.69,hold,chat,2.0,0.5,S5P,3.828836274641745,3.621544364789894,5.116006325501331,0.943112102304152,16.0,232,29,226
20261009-065112-m7-sim-sweep2,2026-10-09T06:52:10+00:00,92,nfs,share,0.0,1.0,0,3.69,hold,chat,2.0,0.5,S5c,2.98208621350868,3.258414772273559,5.220000345845165,0.4646397582139201,16.5,104,47,254
20261009-065112-m7-sim-sweep2,2026-10-09T06:52:10+00:00,93,local,share,0.0,1.0,0,3.69,hold,chat,0.25,0.125,S0,0.49129764363802053,0.5494229734510588,0.696579889661777,0.04788614674479241,32.0,0,200,568
20261009-065112-m7-sim-sweep2,2026-10-09T06:52:10+00:00,93,local,share,0.0,1.0,0,3.69,hold,chat,0.25,0.125,S1,0.5008888073910498,0.5897439584366223,0.696579889661777,0.10621403443414638,32.0,0,94,533
20261009-065112-m7-sim-sweep2,2026-10-09T06:52:10+00:00,93,local,share,0.0,1.0,0,3.69,hold,chat,0.25,0.125,S2b,0.6975366368165368,0.7415547983596648,1.0490095858246207,0.28399749576336103,32.0,0,204,484
20261009-065112-m7-sim-sweep2,2026-10-09T06:52:10+00:00,93,local,share,0.0,1.0,0,3.69,hold,chat,0.25,0.125,S4,0.8706274301564676,0.8350312283719609,1.0490095858246207,0.389174929136719,29.0,464,160,466
20261009-065112-m7-sim-sweep2,2026-10-09T06:52:10+00:00,93,local,share,0.0,1.0,0,3.69,hold,chat,0.25,0.125,S4+,0.9111409954305714,0.909117929474208,1.0640118871128834,0.49199004647738853,28.0,448,276,411
20261009-065112-m7-sim-sweep2,2026-10-09T06:52:10+00:00,93,local,share,0.0,1.0,0,3.69,hold,chat,0.25,0.125,S4+P,0.9604535666572716,0.9251598113957039,1.1375129180633934,0.49199004647738853,28.0,448,167,443
20261009-065112-m7-sim-sweep2,2026-10-09T06:52:10+00:00,93,local,share,0.0,1.0,0,3.69,hold,chat,0.25,0.125,S4L,0.9657269180633961,0.9245417329163637,1.1239441680633888,0.49199004647738853,28.0,448,169,443
20261009-065112-m7-sim-sweep2,2026-10-09T06:52:10+00:00,93,local,share,0.0,1.0,0,3.69,hold,chat,0.25,0.125,S4B,0.9657269180633961,0.9331389314088986,1.1375129180633934,0.49199004647738853,28.0,448,104,464
20261009-065112-m7-sim-sweep2,2026-10-09T06:52:10+00:00,93,local,share,0.0,1.0,0,3.69,hold,chat,0.25,0.125,S5,0.9111409954305714,0.8756440863680718,1.0640118871128834,0.4580025229236675,28.0,320,272,412
20261009-065112-m7-sim-sweep2,2026-10-09T06:52:10+00:00,93,local,share,0.0,1.0,0,3.69,hold,chat,0.25,0.125,S5s,0.9111409954305714,0.8775821301481456,1.0640118871128834,0.4601626462875063,28.0,384,276,411
20261009-065112-m7-sim-sweep2,2026-10-09T06:52:10+00:00,93,local,share,0.0,1.0,0,3.69,hold,chat,0.25,0.125,S5L,0.9657269180633961,0.8952283169618257,1.1375129180633934,0.4580025229236675,28.0,320,135,454
20261009-065112-m7-sim-sweep2,2026-10-09T06:52:10+00:00,93,local,share,0.0,1.0,0,3.69,hold,chat,0.25,0.125,S5P,0.9541915430633949,0.8945151258653082,1.1375129180633934,0.4580025229236675,28.0,320,143,451
20261009-065112-m7-sim-sweep2,2026-10-09T06:52:10+00:00,93,local,share,0.0,1.0,0,3.69,hold,chat,0.25,0.125,S5c,0.9111409954305714,0.8848760498038075,1.0640118871128834,0.4674565659431682,28.0,384,276,411
20261009-065112-m7-sim-sweep2,2026-10-09T06:52:10+00:00,93,local,share,0.0,1.0,0,3.69,hold,chat,0.25,0.25,S0,0.49129764363802053,0.5015368267062664,0.696579889661777,0.0,32.0,0,200,568
20261009-065112-m7-sim-sweep2,2026-10-09T06:52:10+00:00,93,local,share,0.0,1.0,0,3.69,hold,chat,0.25,0.25,S1,0.4810629346238713,0.5151472481929288,0.6505895160068604,0.03635920094890288,32.0,0,60,522
20261009-065112-m7-sim-sweep2,2026-10-09T06:52:10+00:00,93,local,share,0.0,1.0,0,3.69,hold,chat,0.25,0.25,S2b,0.5646208218190267,0.6415585378094478,0.9576716244198877,0.17647824135886245,32.0,0,103,498
20261009-065112-m7-sim-sweep2,2026-10-09T06:52:10+00:00,93,local,share,0.0,1.0,0,3.69,hold,chat,0.25,0.25,S4,0.7398529537776497,0.71969168860862,1.0046785617013825,0.25952967033953733,24.0,384,89,492
20261009-065112-m7-sim-sweep2,2026-10-09T06:52:10+00:00,93,local,share,0.0,1.0,0,3.69,hold,chat,0.25,0.25,S4+,0.9268985817469826,0.8849821678651809,1.1239441680633888,0.4492083033054417,24.0,384,149,450
20261009-065112-m7-sim-sweep2,2026-10-09T06:52:10+00:00,93,local,share,0.0,1.0,0,3.69,hold,chat,0.25,0.25,S4+P,0.9657269180633961,0.8921881384847564,1.1375129180633934,0.4492083033054417,24.0,384,103,463
20261009-065112-m7-sim-sweep2,2026-10-09T06:52:10+00:00,93,local,share,0.0,1.0,0,3.69,hold,chat,0.25,0.25,S4L,0.9657269180633961,0.8932923468180896,1.1375129180633934,0.4492083033054417,24.0,384,95,465
20261009-065112-m7-sim-sweep2,2026-10-09T06:52:10+00:00,93,local,share,0.0,1.0,0,3.69,hold,chat,0.25,0.25,S4B,0.9657269180633961,0.9043014864071418,1.1375129180633934,0.4492083033054417,24.0,384,16,490
20261009-065112-m7-sim-sweep2,2026-10-09T06:52:10+00:00,93,local,share,0.0,1.0,0,3.69,hold,chat,0.25,0.25,S5,0.8472430385887648,0.7715022607554266,1.101033798311434,0.3340761185308345,24.0,256,149,451
20261009-065112-m7-sim-sweep2,2026-10-09T06:52:10+00:00,93,local,share,0.0,1.0,0,3.69,hold,chat,0.25,0.25,S5s,0.9268985817469826,0.8318798572945537,1.1239441680633888,0.39552279100717475,24.0,320,149,450
20261009-065112-m7-sim-sweep2,2026-10-09T06:52:10+00:00,93,local,share,0.0,1.0,0,3.69,hold,chat,0.25,0.25,S5L,0.8570947067469703,0.7814543844013695,1.1375129180633934,0.3340761185308345,24.0,256,79,472
20261009-065112-m7-sim-sweep2,2026-10-09T06:52:10+00:00,93,local,share,0.0,1.0,0,3.69,hold,chat,0.25,0.25,S5P,0.8570947067469703,0.7814543844013695,1.1375129180633934,0.3340761185308345,24.0,256,79,472
20261009-065112-m7-sim-sweep2,2026-10-09T06:52:10+00:00,93,local,share,0.0,1.0,0,3.69,hold,chat,0.25,0.25,S5c,0.9268985817469826,0.838253727928644,1.1239441680633888,0.40189666164126514,24.0,320,149,450
20261009-065112-m7-sim-sweep2,2026-10-09T06:52:10+00:00,93,local,share,0.0,1.0,0,3.69,hold,chat,0.25,0.5,S0,0.49129764363802053,0.5015368267062664,0.696579889661777,0.0,32.0,0,200,568
20261009-065112-m7-sim-sweep2,2026-10-09T06:52:10+00:00,93,local,share,0.0,1.0,0,3.69,hold,chat,0.25,0.5,S1,0.47082822560972204,0.47397458527512565,0.6379440000000329,0.0,32.0,0,30,513
20261009-065112-m7-sim-sweep2,2026-10-09T06:52:10+00:00,93,local,share,0.0,1.0,0,3.69,hold,chat,0.25,0.5,S2b,0.4759958791094192,0.6334545901022057,0.6379440000000329,0.1631961610987247,32.0,0,16,508
20261009-065112-m7-sim-sweep2,2026-10-09T06:52:10+00:00,93,local,share,0.0,1.0,0,3.69,hold,chat,0.25,0.5,S4,0.5543861128048775,0.5884828202906682,0.9111409954305714,0.12311911747085998,17.0,272,43,499
20261009-065112-m7-sim-sweep2,2026-10-09T06:52:10+00:00,93,local,share,0.0,1.0,0,3.69,hold,chat,0.25,0.5,S4+,0.7931967499051638,0.7559711749711665,1.1375129180633934,0.2994722022036278,16.0,256,31,487
20261009-065112-m7-sim-sweep2,2026-10-09T06:52:10+00:00,93,local,share,0.0,1.0,0,3.69,hold,chat,0.25,0.5,S4+P,0.7931967499051638,0.7576463108642617,1.1375129180633934,0.2994722022036278,16.0,256,19,491
20261009-065112-m7-sim-sweep2,2026-10-09T06:52:10+00:00,93,local,share,0.0,1.0,0,3.69,hold,chat,0.25,0.5,S4L,0.7931967499051638,0.7547262307545601,1.1375129180633934,0.2994722022036278,16.0,256,38,485
20261009-065112-m7-sim-sweep2,2026-10-09T06:52:10+00:00,93,local,share,0.0,1.0,0,3.69,hold,chat,0.25,0.5,S4B,0.8030484180633692,0.7597733180572958,1.1375129180633934,0.2994722022036278,16.0,256,0,498
20261009-065112-m7-sim-sweep2,2026-10-09T06:52:10+00:00,93,local,share,0.0,1.0,0,3.69,hold,chat,0.25,0.5,S5,0.5543861128048775,0.6224056329511356,0.948162906629122,0.1629491458430472,16.0,128,31,489
20261009-065112-m7-sim-sweep2,2026-10-09T06:52:10+00:00,93,local,share,0.0,1.0,0,3.69,hold,chat,0.25,0.5,S5s,0.6379440000000329,0.69363034654454,1.1375129180633934,0.23529958744570756,16.0,192,31,487
20261009-065112-m7-sim-sweep2,2026-10-09T06:52:10+00:00,93,local,share,0.0,1.0,0,3.69,hold,chat,0.25,0.5,S5L,0.5543861128048775,0.6245658313442307,0.9657269180633961,0.1629491458430472,16.0,128,16,494
20261009-065112-m7-sim-sweep2,2026-10-09T06:52:10+00:00,93,local,share,0.0,1.0,0,3.69,hold,chat,0.25,0.5,S5P,0.5543861128048775,0.6245658313442307,0.9657269180633961,0.1629491458430472,16.0,128,16,494
20261009-065112-m7-sim-sweep2,2026-10-09T06:52:10+00:00,93,local,share,0.0,1.0,0,3.69,hold,chat,0.25,0.5,S5c,0.6379440000000329,0.6986655644410332,1.1375129180633934,0.24033480534220075,16.0,192,31,487
20261009-065112-m7-sim-sweep2,2026-10-09T06:52:10+00:00,94,local,share,0.0,1.0,0,3.69,hold,chat,0.5,0.125,S0,0.881409000000005,0.8833793738928731,1.1943910000000102,0.0,32.0,0,304,464
20261009-065112-m7-sim-sweep2,2026-10-09T06:52:10+00:00,94,local,share,0.0,1.0,0,3.69,hold,chat,0.5,0.125,S1,0.8478005000000053,0.8536539226643237,1.1399865612353608,0.0,32.0,0,159,432
20261009-065112-m7-sim-sweep2,2026-10-09T06:52:10+00:00,94,local,share,0.0,1.0,0,3.69,hold,chat,0.5,0.125,S2b,1.0777489016527255,1.0594174411617197,1.4234900727977617,0.2618218556963458,32.0,0,301,373
20261009-065112-m7-sim-sweep2,2026-10-09T06:52:10+00:00,94,local,share,0.0,1.0,0,3.69,hold,chat,0.5,0.125,S4,1.151109064491422,1.1410634814399832,1.4234900727977617,0.3636448169615303,29.0,464,232,352
20261009-065112-m7-sim-sweep2,2026-10-09T06:52:10+00:00,94,local,share,0.0,1.0,0,3.69,hold,chat,0.5,0.125,S4+,1.210421628982914,1.2142331452819317,1.4421619180633627,0.4919900464773441,28.0,448,381,292
20261009-065112-m7-sim-sweep2,2026-10-09T06:52:10+00:00,94,local,share,0.0,1.0,0,3.69,hold,chat,0.5,0.125,S4+P,1.2851851680631796,1.2434162369610213,1.5563604180633632,0.4919900464773441,28.0,448,235,325
20261009-065112-m7-sim-sweep2,2026-10-09T06:52:10+00:00,94,local,share,0.0,1.0,0,3.69,hold,chat,0.5,0.125,S4L,1.3060529180631875,1.2438260451479124,1.5154392486157633,0.4919900464773441,28.0,448,233,325
20261009-065112-m7-sim-sweep2,2026-10-09T06:52:10+00:00,94,local,share,0.0,1.0,0,3.69,hold,chat,0.5,0.125,S4B,1.3060529180632798,1.252302745712149,1.5805259180632163,0.4919900464773441,28.0,448,190,335
20261009-065112-m7-sim-sweep2,2026-10-09T06:52:10+00:00,94,local,share,0.0,1.0,0,3.69,hold,chat,0.5,0.125,S5,1.2104216289828642,1.1823477606107524,1.4421619180633627,0.4596954057650618,28.0,384,381,293
20261009-065112-m7-sim-sweep2,2026-10-09T06:52:10+00:00,94,local,share,0.0,1.0,0,3.69,hold,chat,0.5,0.125,S5s,1.210421628982914,1.2033293761556194,1.4421619180633627,0.4810862773510329,28.0,400,381,292
20261009-065112-m7-sim-sweep2,2026-10-09T06:52:10+00:00,94,local,share,0.0,1.0,0,3.69,hold,chat,0.5,0.125,S5L,1.285185168063279,1.217882045143525,1.561413836524764,0.45969540576505946,28.0,384,202,333
20261009-065112-m7-sim-sweep2,2026-10-09T06:52:10+00:00,94,local,share,0.0,1.0,0,3.69,hold,chat,0.5,0.125,S5P,1.2643174180632712,1.214362947017961,1.561413836524764,0.45969540576505946,28.0,384,220,329
20261009-065112-m7-sim-sweep2,2026-10-09T06:52:10+00:00,94,local,share,0.0,1.0,0,3.69,hold,chat,0.5,0.125,S5c,1.210421628982914,1.2034429996876874,1.4421619180633627,0.4810862773510329,28.0,400,381,292
20261009-065112-m7-sim-sweep2,2026-10-09T06:52:10+00:00,94,local,share,0.0,1.0,0,3.69,hold,chat,0.5,0.25,S0,0.881409000000005,0.8833793738928731,1.1943910000000102,0.0,32.0,0,304,464
20261009-065112-m7-sim-sweep2,2026-10-09T06:52:10+00:00,94,local,share,0.0,1.0,0,3.69,hold,chat,0.5,0.25,S1,0.8141920000000056,0.840425574478329,1.1399865612353608,0.0,32.0,0,102,420
20261009-065112-m7-sim-sweep2,2026-10-09T06:52:10+00:00,94,local,share,0.0,1.0,0,3.69,hold,chat,0.5,0.25,S2b,0.881409000000005,0.9490778623385404,1.34582238116856,0.14112481521779804,32.0,0,178,386
20261009-065112-m7-sim-sweep2,2026-10-09T06:52:10+00:00,94,local,share,0.0,1.0,0,3.69,hold,chat,0.5,0.25,S4,1.0876517132918764,1.0369205164131898,1.394789918063367,0.23529958744570756,24.0,384,137,380
20261009-065112-m7-sim-sweep2,2026-10-09T06:52:10+00:00,94,local,share,0.0,1.0,0,3.69,hold,chat,0.5,0.25,S4+,1.2272725235231974,1.2024372998046584,1.5154392486157633,0.4492083033054109,24.0,384,231,328
20261009-065112-m7-sim-sweep2,2026-10-09T06:52:10+00:00,94,local,share,0.0,1.0,0,3.69,hold,chat,0.5,0.25,S4+P,1.3060529180632514,1.2199963498534518,1.5805259180632163,0.4492083033054115,24.0,384,145,347
20261009-065112-m7-sim-sweep2,2026-10-09T06:52:10+00:00,94,local,share,0.0,1.0,0,3.69,hold,chat,0.5,0.25,S4L,1.3060529180632443,1.2212013011264677,1.5805259180632163,0.4492083033054109,24.0,384,138,348
20261009-065112-m7-sim-sweep2,2026-10-09T06:52:10+00:00,94,local,share,0.0,1.0,0,3.69,hold,chat,0.5,0.25,S4B,1.3060529180632798,1.2314581206495951,1.5805259180633584,0.4492083033054062,24.0,384,85,360
20261009-065112-m7-sim-sweep2,2026-10-09T06:52:10+00:00,94,local,share,0.0,1.0,0,3.69,hold,chat,0.5,0.25,S5,1.2272725235231405,1.1495702995885992,1.5154392486157633,0.395522791007157,24.0,320,231,330
20261009-065112-m7-sim-sweep2,2026-10-09T06:52:10+00:00,94,local,share,0.0,1.0,0,3.69,hold,chat,0.5,0.25,S5s,1.2272725235231405,1.168235228892991,1.5154392486157633,0.414187720311548,24.0,336,231,330
20261009-065112-m7-sim-sweep2,2026-10-09T06:52:10+00:00,94,local,share,0.0,1.0,0,3.69,hold,chat,0.5,0.25,S5L,1.3060529180632798,1.170114419869316,1.5805259180633584,0.395522791007157,24.0,320,128,352
20261009-065112-m7-sim-sweep2,2026-10-09T06:52:10+00:00,94,local,share,0.0,1.0,0,3.69,hold,chat,0.5,0.25,S5P,1.3060529180632798,1.1701727487854818,1.5805259180633584,0.395522791007157,24.0,320,129,352
20261009-065112-m7-sim-sweep2,2026-10-09T06:52:10+00:00,94,local,share,0.0,1.0,0,3.69,hold,chat,0.5,0.25,S5c,1.2272725235231405,1.1732704467894806,1.5154392486157633,0.41922293820803763,24.0,336,231,330
20261009-065112-m7-sim-sweep2,2026-10-09T06:52:10+00:00,94,local,share,0.0,1.0,0,3.69,hold,chat,0.5,0.5,S0,0.881409000000005,0.8833793738928731,1.1943910000000102,0.0,32.0,0,304,464
20261009-065112-m7-sim-sweep2,2026-10-09T06:52:10+00:00,94,local,share,0.0,1.0,0,3.69,hold,chat,0.5,0.5,S1,0.8141920000000056,0.8277710479871873,1.091796500000001,0.0,32.0,0,51,410
20261009-065112-m7-sim-sweep2,2026-10-09T06:52:10+00:00,94,local,share,0.0,1.0,0,3.69,hold,chat,0.5,0.5,S2b,0.8141920000000056,0.8526837060100861,1.091796500000001,0.03192606342971693,32.0,0,35,404
20261009-065112-m7-sim-sweep2,2026-10-09T06:52:10+00:00,94,local,share,0.0,1.0,0,3.69,hold,chat,0.5,0.5,S4,0.8621505773672027,0.9125782208531744,1.2104216289828145,0.11559694082536431,17.0,272,80,377
20261009-065112-m7-sim-sweep2,2026-10-09T06:52:10+00:00,94,local,share,0.0,1.0,0,3.69,hold,chat,0.5,0.5,S4+,1.091796500000001,1.0927165503291878,1.5805259180633584,0.2994722022036189,16.0,256,58,374
20261009-065112-m7-sim-sweep2,2026-10-09T06:52:10+00:00,94,local,share,0.0,1.0,0,3.69,hold,chat,0.5,0.5,S4+P,1.091796500000001,1.0982981753291892,1.5805259180633584,0.2994722022036189,16.0,256,29,380
20261009-065112-m7-sim-sweep2,2026-10-09T06:52:10+00:00,94,local,share,0.0,1.0,0,3.69,hold,chat,0.5,0.5,S4L,1.091796500000001,1.0906286283301991,1.5805259180632163,0.2994722022036189,16.0,256,65,371
20261009-065112-m7-sim-sweep2,2026-10-09T06:52:10+00:00,94,local,share,0.0,1.0,0,3.69,hold,chat,0.5,0.5,S4B,1.091796500000001,1.1035973924136464,1.5805259180633584,0.2994722022036189,16.0,256,0,386
20261009-065112-m7-sim-sweep2,2026-10-09T06:52:10+00:00,94,local,share,0.0,1.0,0,3.69,hold,chat,0.5,0.5,S5,1.00284491806336,1.0301187734213173,1.5805259180633584,0.23529958744570756,16.0,192,58,376
20261009-065112-m7-sim-sweep2,2026-10-09T06:52:10+00:00,94,local,share,0.0,1.0,0,3.69,hold,chat,0.5,0.5,S5s,1.0242063455701143,1.0513276360303248,1.5805259180633584,0.256690459031681,16.0,208,58,375
20261009-065112-m7-sim-sweep2,2026-10-09T06:52:10+00:00,94,local,share,0.0,1.0,0,3.69,hold,chat,0.5,0.5,S5L,1.00284491806336,1.0366430408572096,1.5805259180633584,0.23529958744570756,16.0,192,22,383
20261009-065112-m7-sim-sweep2,2026-10-09T06:52:10+00:00,94,local,share,0.0,1.0,0,3.69,hold,chat,0.5,0.5,S5P,1.00284491806336,1.0374393775879842,1.5805259180633584,0.23529958744570756,16.0,192,20,384
20261009-065112-m7-sim-sweep2,2026-10-09T06:52:10+00:00,94,local,share,0.0,1.0,0,3.69,hold,chat,0.5,0.5,S5c,1.0242063455701143,1.056249230394749,1.5805259180633584,0.26172567692817417,16.0,208,58,375
20261009-065112-m7-sim-sweep2,2026-10-09T06:52:10+00:00,95,local,share,0.0,1.0,0,3.69,hold,chat,1.0,0.125,S0,1.5431829999999849,1.4975553333333285,1.9014390000000105,0.0,32.0,0,440,328
20261009-065112-m7-sim-sweep2,2026-10-09T06:52:10+00:00,95,local,share,0.0,1.0,0,3.69,hold,chat,1.0,0.125,S1,1.494411206810618,1.461405213288008,1.8575620000000157,0.0,32.0,0,255,303
20261009-065112-m7-sim-sweep2,2026-10-09T06:52:10+00:00,95,local,share,0.0,1.0,0,3.69,hold,chat,1.0,0.125,S2b,1.6258886833367967,1.61397636177992,2.1259269180631577,0.22776436954916215,32.0,0,406,259
20261009-065112-m7-sim-sweep2,2026-10-09T06:52:10+00:00,95,local,share,0.0,1.0,0,3.69,hold,chat,1.0,0.125,S4,1.7552668358246137,1.7216599845271705,2.1259269180633567,0.3636448169614859,29.0,464,317,240
20261009-065112-m7-sim-sweep2,2026-10-09T06:52:10+00:00,95,local,share,0.0,1.0,0,3.69,hold,chat,1.0,0.125,S4+,1.7552668358247558,1.7750000435719027,2.1259269180631577,0.4919900464772902,28.0,448,470,194
20261009-065112-m7-sim-sweep2,2026-10-09T06:52:10+00:00,95,local,share,0.0,1.0,0,3.69,hold,chat,1.0,0.125,S4+P,1.8405524180631545,1.8088463953953802,2.2444319180633556,0.49199004647729083,28.0,448,320,215
20261009-065112-m7-sim-sweep2,2026-10-09T06:52:10+00:00,95,local,share,0.0,1.0,0,3.69,hold,chat,1.0,0.125,S4L,1.8590079180631562,1.8115593004250907,2.2040439180633626,0.49199004647729083,28.0,448,308,217
20261009-065112-m7-sim-sweep2,2026-10-09T06:52:10+00:00,95,local,share,0.0,1.0,0,3.69,hold,chat,1.0,0.125,S4B,1.8590079180631562,1.8253394705183652,2.3279029180631596,0.49199004647728667,28.0,448,254,226
20261009-065112-m7-sim-sweep2,2026-10-09T06:52:10+00:00,95,local,share,0.0,1.0,0,3.69,hold,chat,1.0,0.125,S5,1.7552668358247558,1.7639826509135148,2.1259269180631577,0.4810862773509707,28.0,400,470,194
20261009-065112-m7-sim-sweep2,2026-10-09T06:52:10+00:00,95,local,share,0.0,1.0,0,3.69,hold,chat,1.0,0.125,S5s,1.7552668358247558,1.7750000435719038,2.1259269180631577,0.49199004647729083,28.0,424,470,194
20261009-065112-m7-sim-sweep2,2026-10-09T06:52:10+00:00,95,local,share,0.0,1.0,0,3.69,hold,chat,1.0,0.125,S5L,1.8590079180631562,1.808144794403658,2.2444319180633556,0.4810862773509707,28.0,400,278,222
20261009-065112-m7-sim-sweep2,2026-10-09T06:52:10+00:00,95,local,share,0.0,1.0,0,3.69,hold,chat,1.0,0.125,S5P,1.8405524180631545,1.802125836070325,2.2444319180633556,0.4810862773509707,28.0,400,304,218
20261009-065112-m7-sim-sweep2,2026-10-09T06:52:10+00:00,95,local,share,0.0,1.0,0,3.69,hold,chat,1.0,0.125,S5c,1.7552668358247558,1.7750000435719038,2.1259269180631577,0.49199004647729083,28.0,424,470,194
20261009-065112-m7-sim-sweep2,2026-10-09T06:52:10+00:00,95,local,share,0.0,1.0,0,3.69,hold,chat,1.0,0.25,S0,1.5431829999999849,1.4975553333333285,1.9014390000000105,0.0,32.0,0,440,328
20261009-065112-m7-sim-sweep2,2026-10-09T06:52:10+00:00,95,local,share,0.0,1.0,0,3.69,hold,chat,1.0,0.25,S1,1.4456394136211799,1.4445446380847418,1.8575619999999873,0.0,32.0,0,168,292
20261009-065112-m7-sim-sweep2,2026-10-09T06:52:10+00:00,95,local,share,0.0,1.0,0,3.69,hold,chat,1.0,0.25,S2b,1.522527999999987,1.5287182837743654,1.925917536894758,0.12614892504168296,32.0,0,262,268
20261009-065112-m7-sim-sweep2,2026-10-09T06:52:10+00:00,95,local,share,0.0,1.0,0,3.69,hold,chat,1.0,0.25,S4,1.7310510000000008,1.625970693744307,2.056563918063347,0.23529958744566612,24.0,384,198,260
20261009-065112-m7-sim-sweep2,2026-10-09T06:52:10+00:00,95,local,share,0.0,1.0,0,3.69,hold,chat,1.0,0.25,S4+,1.7747454754681726,1.7675574297448915,2.2040439180631495,0.4492083033053523,24.0,384,313,216
20261009-065112-m7-sim-sweep2,2026-10-09T06:52:10+00:00,95,local,share,0.0,1.0,0,3.69,hold,chat,1.0,0.25,S4+P,1.8590079180631562,1.7962223249074054,2.3279029180631596,0.4492083033053529,24.0,384,198,234
20261009-065112-m7-sim-sweep2,2026-10-09T06:52:10+00:00,95,local,share,0.0,1.0,0,3.69,hold,chat,1.0,0.25,S4L,1.8590079180631562,1.797870033240739,2.3279029180631596,0.4492083033053529,24.0,384,191,235
20261009-065112-m7-sim-sweep2,2026-10-09T06:52:10+00:00,95,local,share,0.0,1.0,0,3.69,hold,chat,1.0,0.25,S4B,1.8590079180631562,1.8048911582407368,2.3279029180631596,0.4492083033053517,24.0,384,161,240
20261009-065112-m7-sim-sweep2,2026-10-09T06:52:10+00:00,95,local,share,0.0,1.0,0,3.69,hold,chat,1.0,0.25,S5,1.7747454754681726,1.732658032049119,2.2040439180631495,0.41418772031147927,24.0,336,313,216
20261009-065112-m7-sim-sweep2,2026-10-09T06:52:10+00:00,95,local,share,0.0,1.0,0,3.69,hold,chat,1.0,0.25,S5s,1.7747454754681726,1.7648314874633109,2.2040439180631495,0.44648236102377287,24.0,360,313,216
20261009-065112-m7-sim-sweep2,2026-10-09T06:52:10+00:00,95,local,share,0.0,1.0,0,3.69,hold,chat,1.0,0.25,S5L,1.8590079180631562,1.7643125938782986,2.3279029180631596,0.41418772031147927,24.0,336,186,236
20261009-065112-m7-sim-sweep2,2026-10-09T06:52:10+00:00,95,local,share,0.0,1.0,0,3.69,hold,chat,1.0,0.25,S5P,1.8590079180631562,1.7643125938782986,2.3279029180631596,0.41418772031147927,24.0,336,189,236
20261009-065112-m7-sim-sweep2,2026-10-09T06:52:10+00:00,95,local,share,0.0,1.0,0,3.69,hold,chat,1.0,0.25,S5c,1.7747454754681726,1.7648314874633115,2.2040439180631495,0.44648236102377287,24.0,360,313,216
20261009-065112-m7-sim-sweep2,2026-10-09T06:52:10+00:00,95,local,share,0.0,1.0,0,3.69,hold,chat,1.0,0.5,S0,1.5431829999999849,1.4975553333333285,1.9014390000000105,0.0,32.0,0,440,328
20261009-065112-m7-sim-sweep2,2026-10-09T06:52:10+00:00,95,local,share,0.0,1.0,0,3.69,hold,chat,1.0,0.5,S1,1.4219399999999922,1.4293306015415783,1.8274299268292964,0.0,32.0,0,86,282
20261009-065112-m7-sim-sweep2,2026-10-09T06:52:10+00:00,95,local,share,0.0,1.0,0,3.69,hold,chat,1.0,0.5,S2b,1.4219399999999922,1.4451869947834528,1.8274299268291117,0.023283480534212586,32.0,0,71,279
20261009-065112-m7-sim-sweep2,2026-10-09T06:52:10+00:00,95,local,share,0.0,1.0,0,3.69,hold,chat,1.0,0.5,S4,1.4219399999999922,1.4995999937308568,1.8274299268292964,0.10695435792984931,17.0,272,108,260
20261009-065112-m7-sim-sweep2,2026-10-09T06:52:10+00:00,95,local,share,0.0,1.0,0,3.69,hold,chat,1.0,0.5,S4+,1.8041099180631477,1.678149897192749,2.287631036828941,0.29947220220354787,16.0,256,96,253
20261009-065112-m7-sim-sweep2,2026-10-09T06:52:10+00:00,95,local,share,0.0,1.0,0,3.69,hold,chat,1.0,0.5,S4+P,1.8247634224462317,1.6847347255775091,2.3279029180631596,0.29947220220354787,16.0,256,65,257
20261009-065112-m7-sim-sweep2,2026-10-09T06:52:10+00:00,95,local,share,0.0,1.0,0,3.69,hold,chat,1.0,0.5,S4L,1.7913483813268627,1.675141972150896,2.3279029180631596,0.29947220220354787,16.0,256,99,251
20261009-065112-m7-sim-sweep2,2026-10-09T06:52:10+00:00,95,local,share,0.0,1.0,0,3.69,hold,chat,1.0,0.5,S4B,1.8274299268291117,1.691358642244176,2.3279029180631596,0.29947220220354787,16.0,256,36,261
20261009-065112-m7-sim-sweep2,2026-10-09T06:52:10+00:00,95,local,share,0.0,1.0,0,3.69,hold,chat,1.0,0.5,S5,1.459617418063253,1.6372567309178254,2.287631036828941,0.2566904590316099,16.0,208,96,254
20261009-065112-m7-sim-sweep2,2026-10-09T06:52:10+00:00,95,local,share,0.0,1.0,0,3.69,hold,chat,1.0,0.5,S5s,1.7596576496158463,1.6713350414888002,2.287631036828941,0.29265734649959896,16.0,232,96,253
20261009-065112-m7-sim-sweep2,2026-10-09T06:52:10+00:00,95,local,share,0.0,1.0,0,3.69,hold,chat,1.0,0.5,S5L,1.459617418063253,1.6453046843025863,2.3279029180631596,0.2566904590316099,16.0,208,57,259
20261009-065112-m7-sim-sweep2,2026-10-09T06:52:10+00:00,95,local,share,0.0,1.0,0,3.69,hold,chat,1.0,0.5,S5P,1.459617418063253,1.6487087676359191,2.3279029180631596,0.2566904590316099,16.0,208,44,261
20261009-065112-m7-sim-sweep2,2026-10-09T06:52:10+00:00,95,local,share,0.0,1.0,0,3.69,hold,chat,1.0,0.5,S5c,1.7596576496158463,1.6713350414888002,2.287631036828941,0.29265734649959896,16.0,232,96,253
20261009-065112-m7-sim-sweep2,2026-10-09T06:52:10+00:00,96,local,share,0.0,1.0,0,3.69,hold,chat,2.0,0.125,S0,2.6174319999999796,2.5849463470840615,3.2250919999999894,0.0,32.0,0,568,200
20261009-065112-m7-sim-sweep2,2026-10-09T06:52:10+00:00,96,local,share,0.0,1.0,0,3.69,hold,chat,2.0,0.125,S1,2.6174319999999796,2.555569966927535,3.1496099999999956,0.0,32.0,0,357,191
20261009-065112-m7-sim-sweep2,2026-10-09T06:52:10+00:00,96,local,share,0.0,1.0,0,3.69,hold,chat,2.0,0.125,S2b,2.69432915165266,2.6841123243211276,3.3838873399026568,0.2277643695491355,32.0,0,503,157
20261009-065112-m7-sim-sweep2,2026-10-09T06:52:10+00:00,96,local,share,0.0,1.0,0,3.69,hold,chat,2.0,0.125,S4,2.920632918063248,2.8049398911579577,3.3838873399026568,0.36364481696145035,29.0,464,396,151
20261009-065112-m7-sim-sweep2,2026-10-09T06:52:10+00:00,96,local,share,0.0,1.0,0,3.69,hold,chat,2.0,0.125,S4+,2.8542809180631536,2.839322673856001,3.4470869180631496,0.4919900464772464,28.0,448,541,119
20261009-065112-m7-sim-sweep2,2026-10-09T06:52:10+00:00,96,local,share,0.0,1.0,0,3.69,hold,chat,2.0,0.125,S4+P,2.9206329180631485,2.871984634360423,3.5891689180631374,0.4919900464772464,28.0,448,397,130
20261009-065112-m7-sim-sweep2,2026-10-09T06:52:10+00:00,96,local,share,0.0,1.0,0,3.69,hold,chat,2.0,0.125,S4L,2.9206329180631485,2.8768548229459867,3.5172209180631455,0.4919900464772464,28.0,448,383,132
20261009-065112-m7-sim-sweep2,2026-10-09T06:52:10+00:00,96,local,share,0.0,1.0,0,3.69,hold,chat,2.0,0.125,S4B,2.9206329180631485,2.882617322945986,3.5891689180631374,0.4919900464772464,28.0,448,361,134
20261009-065112-m7-sim-sweep2,2026-10-09T06:52:10+00:00,96,local,share,0.0,1.0,0,3.69,hold,chat,2.0,0.125,S5,2.8542809180631536,2.839322673856001,3.4470869180631496,0.4919900464772464,28.0,424,541,119
20261009-065112-m7-sim-sweep2,2026-10-09T06:52:10+00:00,96,local,share,0.0,1.0,0,3.69,hold,chat,2.0,0.125,S5s,2.8542809180631536,2.839322673856001,3.4470869180631496,0.4919900464772464,28.0,432,541,119
20261009-065112-m7-sim-sweep2,2026-10-09T06:52:10+00:00,96,local,share,0.0,1.0,0,3.69,hold,chat,2.0,0.125,S5L,2.9206329180631485,2.876874653324188,3.517696847139973,0.4919900464772464,28.0,424,377,132
20261009-065112-m7-sim-sweep2,2026-10-09T06:52:10+00:00,96,local,share,0.0,1.0,0,3.69,hold,chat,2.0,0.125,S5P,2.9206329180631485,2.874162072945994,3.5891689180631374,0.4919900464772464,28.0,424,394,131
20261009-065112-m7-sim-sweep2,2026-10-09T06:52:10+00:00,96,local,share,0.0,1.0,0,3.69,hold,chat,2.0,0.125,S5c,2.8542809180631536,2.839322673856001,3.4470869180631496,0.4919900464772464,28.0,432,541,119
20261009-065112-m7-sim-sweep2,2026-10-09T06:52:10+00:00,96,local,share,0.0,1.0,0,3.69,hold,chat,2.0,0.25,S0,2.6174319999999796,2.5849463470840615,3.2250919999999894,0.0,32.0,0,568,200
20261009-065112-m7-sim-sweep2,2026-10-09T06:52:10+00:00,96,local,share,0.0,1.0,0,3.69,hold,chat,2.0,0.25,S1,2.6174319999999796,2.546023256875358,3.1496099999999956,0.0,32.0,0,247,188
20261009-065112-m7-sim-sweep2,2026-10-09T06:52:10+00:00,96,local,share,0.0,1.0,0,3.69,hold,chat,2.0,0.25,S2b,2.6174319999999796,2.6138528019432186,3.229344536894729,0.12614892504166697,32.0,0,349,168
20261009-065112-m7-sim-sweep2,2026-10-09T06:52:10+00:00,96,local,share,0.0,1.0,0,3.69,hold,chat,2.0,0.25,S4,2.887456918063151,2.7252848979555018,3.2250919999999894,0.2352995874456454,24.0,384,265,168
20261009-065112-m7-sim-sweep2,2026-10-09T06:52:10+00:00,96,local,share,0.0,1.0,0,3.69,hold,chat,2.0,0.25,S4+,2.8542809180631536,2.8404107848092495,3.5172209180631455,0.4492083033052996,24.0,384,382,135
20261009-065112-m7-sim-sweep2,2026-10-09T06:52:10+00:00,96,local,share,0.0,1.0,0,3.69,hold,chat,2.0,0.25,S4+P,2.9206329180631485,2.8708840528643136,3.6629909180631444,0.4492083033052996,24.0,384,257,145
20261009-065112-m7-sim-sweep2,2026-10-09T06:52:10+00:00,96,local,share,0.0,1.0,0,3.69,hold,chat,2.0,0.25,S4L,2.9206329180631485,2.8734855665396766,3.6629909180631444,0.4492083033052996,24.0,384,254,146
20261009-065112-m7-sim-sweep2,2026-10-09T06:52:10+00:00,96,local,share,0.0,1.0,0,3.69,hold,chat,2.0,0.25,S4B,2.9206329180631485,2.875663005125247,3.6629909180631444,0.4492083033052996,24.0,384,246,147
20261009-065112-m7-sim-sweep2,2026-10-09T06:52:10+00:00,96,local,share,0.0,1.0,0,3.69,hold,chat,2.0,0.25,S5,2.8542809180631536,2.83768484252767,3.5172209180631455,0.4464823610237196,24.0,360,382,135
20261009-065112-m7-sim-sweep2,2026-10-09T06:52:10+00:00,96,local,share,0.0,1.0,0,3.69,hold,chat,2.0,0.25,S5s,2.8542809180631536,2.8404107848092495,3.5172209180631455,0.4492083033052996,24.0,368,382,135
20261009-065112-m7-sim-sweep2,2026-10-09T06:52:10+00:00,96,local,share,0.0,1.0,0,3.69,hold,chat,2.0,0.25,S5L,2.9206329180631485,2.870759624258097,3.6629909180631444,0.4464823610237196,24.0,360,248,146
20261009-065112-m7-sim-sweep2,2026-10-09T06:52:10+00:00,96,local,share,0.0,1.0,0,3.69,hold,chat,2.0,0.25,S5P,2.9206329180631485,2.870759624258097,3.6629909180631444,0.4464823610237196,24.0,360,254,146
20261009-065112-m7-sim-sweep2,2026-10-09T06:52:10+00:00,96,local,share,0.0,1.0,0,3.69,hold,chat,2.0,0.25,S5c,2.8542809180631536,2.8404107848092495,3.5172209180631455,0.4492083033052996,24.0,368,382,135
20261009-065112-m7-sim-sweep2,2026-10-09T06:52:10+00:00,96,local,share,0.0,1.0,0,3.69,hold,chat,2.0,0.5,S0,2.6174319999999796,2.5849463470840615,3.2250919999999894,0.0,32.0,0,568,200
20261009-065112-m7-sim-sweep2,2026-10-09T06:52:10+00:00,96,local,share,0.0,1.0,0,3.69,hold,chat,2.0,0.5,S1,2.5454839999999876,2.539215670104334,3.2250919999999894,0.0,32.0,0,130,186
20261009-065112-m7-sim-sweep2,2026-10-09T06:52:10+00:00,96,local,share,0.0,1.0,0,3.69,hold,chat,2.0,0.5,S2b,2.551131425392043,2.5509203299451553,3.2250919999999894,0.02328348053421081,32.0,0,119,182
20261009-065112-m7-sim-sweep2,2026-10-09T06:52:10+00:00,96,local,share,0.0,1.0,0,3.69,hold,chat,2.0,0.5,S4,2.5454839999999876,2.600778998335338,3.2250919999999894,0.10695435792982266,17.0,272,145,170
20261009-065112-m7-sim-sweep2,2026-10-09T06:52:10+00:00,96,local,share,0.0,1.0,0,3.69,hold,chat,2.0,0.5,S4+,2.8547010243193114,2.760450342263299,3.5891689180631374,0.29947220220350346,16.0,256,140,159
20261009-065112-m7-sim-sweep2,2026-10-09T06:52:10+00:00,96,local,share,0.0,1.0,0,3.69,hold,chat,2.0,0.5,S4+P,2.8918695206524205,2.771900541914812,3.6629909180631444,0.29947220220350346,16.0,256,105,163
20261009-065112-m7-sim-sweep2,2026-10-09T06:52:10+00:00,96,local,share,0.0,1.0,0,3.69,hold,chat,2.0,0.5,S4L,2.887456918063151,2.765537158365707,3.6629909180631444,0.29947220220350346,16.0,256,135,161
20261009-065112-m7-sim-sweep2,2026-10-09T06:52:10+00:00,96,local,share,0.0,1.0,0,3.69,hold,chat,2.0,0.5,S4B,2.9206329180631485,2.78328674169904,3.6629909180631444,0.29947220220350346,16.0,256,61,167
20261009-065112-m7-sim-sweep2,2026-10-09T06:52:10+00:00,96,local,share,0.0,1.0,0,3.69,hold,chat,2.0,0.5,S5,2.8397276496157815,2.753635486559352,3.5891689180631374,0.2926573464995563,16.0,232,140,159
20261009-065112-m7-sim-sweep2,2026-10-09T06:52:10+00:00,96,local,share,0.0,1.0,0,3.69,hold,chat,2.0,0.5,S5s,2.8547010243193114,2.760450342263299,3.5891689180631374,0.29947220220350346,16.0,240,140,159
20261009-065112-m7-sim-sweep2,2026-10-09T06:52:10+00:00,96,local,share,0.0,1.0,0,3.69,hold,chat,2.0,0.5,S5L,2.8397276496157815,2.764717969328426,3.6629909180631444,0.2926573464995563,16.0,232,116,163
20261009-065112-m7-sim-sweep2,2026-10-09T06:52:10+00:00,96,local,share,0.0,1.0,0,3.69,hold,chat,2.0,0.5,S5P,2.872903649615779,2.7705585526617593,3.6629909180631444,0.2926573464995563,16.0,232,90,165
20261009-065112-m7-sim-sweep2,2026-10-09T06:52:10+00:00,96,local,share,0.0,1.0,0,3.69,hold,chat,2.0,0.5,S5c,2.8547010243193114,2.760450342263299,3.5891689180631374,0.29947220220350346,16.0,240,140,159
20261009-065112-m7-sim-sweep2,2026-10-09T06:52:10+00:00,97,nfs,share,0.0,1.0,0,3.69,hold,doc,0.25,0.125,S0,0.9690847273471093,1.6250450500466076,1.0310262778736217,0.6697189673695784,33.5,0,79,1481
20261009-065112-m7-sim-sweep2,2026-10-09T06:52:10+00:00,97,nfs,share,0.0,1.0,0,3.69,hold,doc,0.25,0.125,S1,0.9405837771020629,1.863987014375181,5.168256161672559,0.9854130077257715,33.5,0,76,1396
20261009-065112-m7-sim-sweep2,2026-10-09T06:52:10+00:00,97,nfs,share,0.0,1.0,0,3.69,hold,doc,0.25,0.125,S2b,0.8808594003142218,1.7830802722602879,6.302490061418197,0.9696065624329423,33.5,0,74,1268
20261009-065112-m7-sim-sweep2,2026-10-09T06:52:10+00:00,97,nfs,share,0.0,1.0,0,3.69,hold,doc,0.25,0.125,S4,0.9956373445610183,1.9369330347604983,5.721703146159484,1.0302937936839107,32.75,524,87,1385
20261009-065112-m7-sim-sweep2,2026-10-09T06:52:10+00:00,97,nfs,share,0.0,1.0,0,3.69,hold,doc,0.25,0.125,S4+,0.9721264558884002,1.9759077518788668,7.279481802005321,1.1859312339540924,29.3125,469,78,1264
20261009-065112-m7-sim-sweep2,2026-10-09T06:52:10+00:00,97,nfs,share,0.0,1.0,0,3.69,hold,doc,0.25,0.125,S4+P,1.0680671291377166,2.0415436163624867,7.107407705799233,1.1859312339540917,29.3125,469,92,1313
20261009-065112-m7-sim-sweep2,2026-10-09T06:52:10+00:00,97,nfs,share,0.0,1.0,0,3.69,hold,doc,0.25,0.125,S4L,1.0597045444493745,2.048192765890034,7.107407705799233,1.1859312339540924,29.3125,469,94,1323
20261009-065112-m7-sim-sweep2,2026-10-09T06:52:10+00:00,97,nfs,share,0.0,1.0,0,3.69,hold,doc,0.25,0.125,S4B,1.0763208388260637,2.0045912763705034,7.107407705799218,1.1859312339540924,29.3125,469,83,1274
20261009-065112-m7-sim-sweep2,2026-10-09T06:52:10+00:00,97,nfs,share,0.0,1.0,0,3.69,hold,doc,0.25,0.125,S5,0.9721264558884002,1.9759077518788661,7.279481802005307,1.1859312339540917,29.3125,165,78,1264
20261009-065112-m7-sim-sweep2,2026-10-09T06:52:10+00:00,97,nfs,share,0.0,1.0,0,3.69,hold,doc,0.25,0.125,S5s,0.8812896503142156,1.7513837044523761,4.6835637862647275,0.8181373021415546,30.0,0,86,1354
20261009-065112-m7-sim-sweep2,2026-10-09T06:52:10+00:00,97,nfs,share,0.0,1.0,0,3.69,hold,doc,0.25,0.125,S5L,1.0764297138260588,2.0176295351017512,7.107407705799218,1.1859312339540917,29.3125,165,85,1275
20261009-065112-m7-sim-sweep2,2026-10-09T06:52:10+00:00,97,nfs,share,0.0,1.0,0,3.69,hold,doc,0.25,0.125,S5P,1.0764297138260588,2.0176295351017512,7.107407705799218,1.1859312339540917,29.3125,165,85,1275
20261009-065112-m7-sim-sweep2,2026-10-09T06:52:10+00:00,97,nfs,share,0.0,1.0,0,3.69,hold,doc,0.25,0.125,S5c,0.8290317713453845,1.7362848357049856,6.062939037320021,0.9361196826425271,30.0,0,75,1267
20261009-065112-m7-sim-sweep2,2026-10-09T06:52:10+00:00,97,nfs,share,0.0,1.0,0,3.69,hold,doc,0.25,0.25,S0,0.9690847273471164,1.6388019447166926,0.9692972273471128,0.6697189673695784,33.5,0,72,1488
20261009-065112-m7-sim-sweep2,2026-10-09T06:52:10+00:00,97,nfs,share,0.0,1.0,0,3.69,hold,doc,0.25,0.25,S1,0.9887493614934613,1.7336756496175216,1.6088255914393699,0.8790623027296114,33.5,0,54,1335
20261009-065112-m7-sim-sweep2,2026-10-09T06:52:10+00:00,97,nfs,share,0.0,1.0,0,3.69,hold,doc,0.25,0.25,S2b,0.6644372997505315,1.6125623040841564,5.59802047650399,0.9894132997561513,33.5,0,33,1093
20261009-065112-m7-sim-sweep2,2026-10-09T06:52:10+00:00,97,nfs,share,0.0,1.0,0,3.69,hold,doc,0.25,0.25,S4,0.9851626582518804,1.7827574571486942,4.812201749589036,0.9297521934768452,28.25,452,74,1315
20261009-065112-m7-sim-sweep2,2026-10-09T06:52:10+00:00,97,nfs,share,0.0,1.0,0,3.69,hold,doc,0.25,0.25,S4+,0.7643856900130572,1.8148063810875392,7.107407705799218,1.1859312339540917,25.125,402,38,1088
20261009-065112-m7-sim-sweep2,2026-10-09T06:52:10+00:00,97,nfs,share,0.0,1.0,0,3.69,hold,doc,0.25,0.25,S4+P,1.0679608791377149,2.0025016379374576,7.107407705799218,1.1859312339540917,25.125,402,82,1266
20261009-065112-m7-sim-sweep2,2026-10-09T06:52:10+00:00,97,nfs,share,0.0,1.0,0,3.69,hold,doc,0.25,0.25,S4L,1.0764297138260588,2.0162180626536945,7.107407705799218,1.1859312339540917,25.125,402,85,1277
20261009-065112-m7-sim-sweep2,2026-10-09T06:52:10+00:00,97,nfs,share,0.0,1.0,0,3.69,hold,doc,0.25,0.25,S4B,0.8066236134547751,1.8422839882308313,7.107407705799218,1.1859312339540917,25.125,402,44,1108
20261009-065112-m7-sim-sweep2,2026-10-09T06:52:10+00:00,97,nfs,share,0.0,1.0,0,3.69,hold,doc,0.25,0.25,S5,0.7643856900130572,1.7125256343520803,5.742440018777742,1.0836504872186328,25.125,98,38,1088
20261009-065112-m7-sim-sweep2,2026-10-09T06:52:10+00:00,97,nfs,share,0.0,1.0,0,3.69,hold,doc,0.25,0.25,S5s,1.0565000390002126,1.6751905484259393,1.073650208376904,0.6668960224734638,30.0,0,78,1362
20261009-065112-m7-sim-sweep2,2026-10-09T06:52:10+00:00,97,nfs,share,0.0,1.0,0,3.69,hold,doc,0.25,0.25,S5L,0.7388729359480237,1.7515098916680294,5.742440018777742,1.0836504872186328,25.125,98,47,1123
20261009-065112-m7-sim-sweep2,2026-10-09T06:52:10+00:00,97,nfs,share,0.0,1.0,0,3.69,hold,doc,0.25,0.25,S5P,0.8273978147705918,1.732923451490075,5.742440018777742,1.0836504872186328,25.125,98,45,1129
20261009-065112-m7-sim-sweep2,2026-10-09T06:52:10+00:00,97,nfs,share,0.0,1.0,0,3.69,hold,doc,0.25,0.25,S5c,0.6730123844388771,1.5613762972751222,5.59802047650399,0.9330832054032415,30.0,0,35,1091
20261009-065112-m7-sim-sweep2,2026-10-09T06:52:10+00:00,97,nfs,share,0.0,1.0,0,3.69,hold,doc,0.25,0.5,S0,0.9690847273471235,1.2252561957707446,0.9692972273471128,0.25617321842362867,33.5,0,72,1488
20261009-065112-m7-sim-sweep2,2026-10-09T06:52:10+00:00,97,nfs,share,0.0,1.0,0,3.69,hold,doc,0.25,0.5,S1,0.9689758523471141,1.3258273580810294,1.0058995308701526,0.5533033042503099,33.5,0,42,1244
20261009-065112-m7-sim-sweep2,2026-10-09T06:52:10+00:00,97,nfs,share,0.0,1.0,0,3.69,hold,doc,0.25,0.5,S2b,0.4740466439701123,1.8525670274780388,0.49336221951210746,1.380722186918063,33.5,0,0,930
20261009-065112-m7-sim-sweep2,2026-10-09T06:52:10+00:00,97,nfs,share,0.0,1.0,0,3.69,hold,doc,0.25,0.5,S4,0.9671825007263237,1.5078199235305962,1.030596027873628,0.7392907282831468,20.0625,321,57,1229
20261009-065112-m7-sim-sweep2,2026-10-09T06:52:10+00:00,97,nfs,share,0.0,1.0,0,3.69,hold,doc,0.25,0.5,S4+,0.5602020203438371,1.3317343216893527,0.5731523435144084,0.861366587046278,16.75,268,0,930
20261009-065112-m7-sim-sweep2,2026-10-09T06:52:10+00:00,97,nfs,share,0.0,1.0,0,3.69,hold,doc,0.25,0.5,S4+P,0.6515099723870463,1.427151799155224,0.9556190365117061,0.861366587046278,16.75,268,22,1017
20261009-065112-m7-sim-sweep2,2026-10-09T06:52:10+00:00,97,nfs,share,0.0,1.0,0,3.69,hold,doc,0.25,0.5,S4L,0.7291743554209091,1.542130786913015,1.0935798832027501,0.861366587046278,16.75,268,49,1128
20261009-065112-m7-sim-sweep2,2026-10-09T06:52:10+00:00,97,nfs,share,0.0,1.0,0,3.69,hold,doc,0.25,0.5,S4B,0.5602020203438371,1.3317343216893527,0.5731523435144084,0.861366587046278,16.75,268,0,930
20261009-065112-m7-sim-sweep2,2026-10-09T06:52:10+00:00,97,nfs,share,0.0,1.0,0,3.69,hold,doc,0.25,0.5,S5,0.4740466439701123,0.8732900025736067,0.48790828997280755,0.4016724090777692,19.0,0,0,930
20261009-065112-m7-sim-sweep2,2026-10-09T06:52:10+00:00,97,nfs,share,0.0,1.0,0,3.69,hold,doc,0.25,0.5,S5s,1.0565000390002126,1.3097349389956594,1.073650208376904,0.25300940293130775,30.0,0,72,1368
20261009-065112-m7-sim-sweep2,2026-10-09T06:52:10+00:00,97,nfs,share,0.0,1.0,0,3.69,hold,doc,0.25,0.5,S5L,0.4740466439701123,0.8732900025736067,0.48790828997280755,0.4016724090777692,19.0,0,0,930
20261009-065112-m7-sim-sweep2,2026-10-09T06:52:10+00:00,97,nfs,share,0.0,1.0,0,3.69,hold,doc,0.25,0.5,S5P,0.4740466439701123,0.8732900025736067,0.48790828997280755,0.4016724090777692,19.0,0,0,930
20261009-065112-m7-sim-sweep2,2026-10-09T06:52:10+00:00,97,nfs,share,0.0,1.0,0,3.69,hold,doc,0.25,0.5,S5c,0.4740466439701194,1.7483565363694613,0.49336221951210746,1.276511695809485,30.0,0,0,930
20261009-065112-m7-sim-sweep2,2026-10-09T06:52:10+00:00,98,nfs,share,0.0,1.0,0,3.69,hold,doc,0.5,0.125,S0,1.6809181428634474,2.2477380990731333,1.938169454694247,0.5280939247590423,33.5,0,163,1397
20261009-065112-m7-sim-sweep2,2026-10-09T06:52:10+00:00,98,nfs,share,0.0,1.0,0,3.69,hold,doc,0.5,0.125,S1,1.7003702770098101,2.2272623002858936,4.218066627114581,0.6433546102268899,33.5,0,147,1297
20261009-065112-m7-sim-sweep2,2026-10-09T06:52:10+00:00,98,nfs,share,0.0,1.0,0,3.69,hold,doc,0.5,0.125,S2b,1.468591964777545,2.3060328813448034,6.421880517191681,0.9156815818665004,33.5,0,142,1200
20261009-065112-m7-sim-sweep2,2026-10-09T06:52:10+00:00,98,nfs,share,0.0,1.0,0,3.69,hold,doc,0.5,0.125,S4,1.663085020343857,2.500380490232787,4.4495083947068395,0.9521359717111147,32.75,524,161,1283
20261009-065112-m7-sim-sweep2,2026-10-09T06:52:10+00:00,98,nfs,share,0.0,1.0,0,3.69,hold,doc,0.5,0.125,S4+,1.5598590203517233,2.5596770478711277,7.731475100693444,1.1859312339540928,29.3125,469,149,1193
20261009-065112-m7-sim-sweep2,2026-10-09T06:52:10+00:00,98,nfs,share,0.0,1.0,0,3.69,hold,doc,0.5,0.125,S4+P,1.6643800282894006,2.569625817947126,7.285942302005395,1.1859312339540928,29.3125,469,152,1206
20261009-065112-m7-sim-sweep2,2026-10-09T06:52:10+00:00,98,nfs,share,0.0,1.0,0,3.69,hold,doc,0.5,0.125,S4L,1.6643800282894006,2.5790961240585957,7.285942302005395,1.1859312339540928,29.3125,469,154,1216
20261009-065112-m7-sim-sweep2,2026-10-09T06:52:10+00:00,98,nfs,share,0.0,1.0,0,3.69,hold,doc,0.5,0.125,S4B,1.6643800282894006,2.514156861678046,7.285942302005395,1.1859312339540928,29.3125,469,141,1173
20261009-065112-m7-sim-sweep2,2026-10-09T06:52:10+00:00,98,nfs,share,0.0,1.0,0,3.69,hold,doc,0.5,0.125,S5,1.5598590203517233,2.559677047871128,7.731475100693459,1.1859312339540928,29.3125,237,149,1193
20261009-065112-m7-sim-sweep2,2026-10-09T06:52:10+00:00,98,nfs,share,0.0,1.0,0,3.69,hold,doc,0.5,0.125,S5s,1.5598590203517233,2.2835331399986742,4.835949518777753,0.8701233599023558,29.3125,21,146,1220
20261009-065112-m7-sim-sweep2,2026-10-09T06:52:10+00:00,98,nfs,share,0.0,1.0,0,3.69,hold,doc,0.5,0.125,S5L,1.6643800282894006,2.5141568616780465,7.285942302005395,1.1859312339540928,29.3125,237,141,1173
20261009-065112-m7-sim-sweep2,2026-10-09T06:52:10+00:00,98,nfs,share,0.0,1.0,0,3.69,hold,doc,0.5,0.125,S5P,1.6643800282894006,2.506291284393834,7.285942302005395,1.1859312339540928,29.3125,237,140,1174
20261009-065112-m7-sim-sweep2,2026-10-09T06:52:10+00:00,98,nfs,share,0.0,1.0,0,3.69,hold,doc,0.5,0.125,S5c,1.5598590203517233,2.3592324236146283,6.155937312910979,0.9765267757520965,29.3125,21,146,1196
20261009-065112-m7-sim-sweep2,2026-10-09T06:52:10+00:00,98,nfs,share,0.0,1.0,0,3.69,hold,doc,0.5,0.25,S0,1.6809181428634474,2.2812668523379553,1.9385944546942255,0.5280939247590423,33.5,0,158,1402
20261009-065112-m7-sim-sweep2,2026-10-09T06:52:10+00:00,98,nfs,share,0.0,1.0,0,3.69,hold,doc,0.5,0.25,S1,1.6697178709825096,2.113302526803879,1.9385944546942255,0.6497746836876127,33.5,0,114,1221
20261009-065112-m7-sim-sweep2,2026-10-09T06:52:10+00:00,98,nfs,share,0.0,1.0,0,3.69,hold,doc,0.5,0.25,S2b,1.2439187795255293,2.0525887955406303,5.74422496528679,0.8564048616674343,33.5,0,97,1020
20261009-065112-m7-sim-sweep2,2026-10-09T06:52:10+00:00,98,nfs,share,0.0,1.0,0,3.69,hold,doc,0.5,0.25,S4,1.5820068074035447,2.237935962522529,3.558507805428519,0.8371364154973596,28.25,452,131,1202
20261009-065112-m7-sim-sweep2,2026-10-09T06:52:10+00:00,98,nfs,share,0.0,1.0,0,3.69,hold,doc,0.5,0.25,S4+,1.3436546697880516,2.345174737967185,7.453093915633829,1.1859312339540917,25.125,402,102,1015
20261009-065112-m7-sim-sweep2,2026-10-09T06:52:10+00:00,98,nfs,share,0.0,1.0,0,3.69,hold,doc,0.5,0.25,S4+P,1.6637325243166288,2.473273662716902,7.285942302005353,1.1859312339540917,25.125,402,133,1150
20261009-065112-m7-sim-sweep2,2026-10-09T06:52:10+00:00,98,nfs,share,0.0,1.0,0,3.69,hold,doc,0.5,0.25,S4L,1.6643800282894006,2.4876418649927703,7.285942302005353,1.1859312339540917,25.125,402,136,1161
20261009-065112-m7-sim-sweep2,2026-10-09T06:52:10+00:00,98,nfs,share,0.0,1.0,0,3.69,hold,doc,0.5,0.25,S4B,1.6470068589127038,2.346814863765697,7.285942302005353,1.1859312339540917,25.125,402,105,1046
20261009-065112-m7-sim-sweep2,2026-10-09T06:52:10+00:00,98,nfs,share,0.0,1.0,0,3.69,hold,doc,0.5,0.25,S5,1.3436546697880516,2.265913624871947,5.5508272013481275,1.106670120858854,25.125,170,102,1015
20261009-065112-m7-sim-sweep2,2026-10-09T06:52:10+00:00,98,nfs,share,0.0,1.0,0,3.69,hold,doc,0.5,0.25,S5s,1.420353664050296,1.9361517614719947,1.4790607949993557,0.5367105292808615,28.0,0,119,1225
20261009-065112-m7-sim-sweep2,2026-10-09T06:52:10+00:00,98,nfs,share,0.0,1.0,0,3.69,hold,doc,0.5,0.25,S5L,1.6470068589127038,2.263614695550212,5.383675587719651,1.106670120858854,25.125,170,105,1052
20261009-065112-m7-sim-sweep2,2026-10-09T06:52:10+00:00,98,nfs,share,0.0,1.0,0,3.69,hold,doc,0.5,0.25,S5P,1.4479526777257092,2.2619466095546237,5.383675587719651,1.106670120858854,25.125,170,105,1056
20261009-065112-m7-sim-sweep2,2026-10-09T06:52:10+00:00,98,nfs,share,0.0,1.0,0,3.69,hold,doc,0.5,0.25,S5c,1.2523876142138732,1.964602408991271,4.952617474747129,0.7726898038937288,28.0,0,99,1018
20261009-065112-m7-sim-sweep2,2026-10-09T06:52:10+00:00,98,nfs,share,0.0,1.0,0,3.69,hold,doc,0.5,0.5,S0,1.9381694546942398,1.9048056004753295,1.9385944546942255,0.09492323811066328,33.5,0,140,1420
20261009-065112-m7-sim-sweep2,2026-10-09T06:52:10+00:00,98,nfs,share,0.0,1.0,0,3.69,hold,doc,0.5,0.5,S1,1.6483965000000182,1.6869803999286759,1.6593780991015592,0.424017602973145,33.5,0,72,1121
20261009-065112-m7-sim-sweep2,2026-10-09T06:52:10+00:00,98,nfs,share,0.0,1.0,0,3.69,hold,doc,0.5,0.5,S2b,0.7852325743331363,1.9248748889314335,0.9381088826927453,1.1702490977566775,33.5,0,14,735
20261009-065112-m7-sim-sweep2,2026-10-09T06:52:10+00:00,98,nfs,share,0.0,1.0,0,3.69,hold,doc,0.5,0.5,S4,1.573112972715208,1.9563275198154517,1.68005764286346,0.7392907282831475,20.0625,321,103,1090
20261009-065112-m7-sim-sweep2,2026-10-09T06:52:10+00:00,98,nfs,share,0.0,1.0,0,3.69,hold,doc,0.5,0.5,S4+,0.8680307952189708,1.5930002676588237,0.902331133972325,0.8613665870462786,16.75,268,14,735
20261009-065112-m7-sim-sweep2,2026-10-09T06:52:10+00:00,98,nfs,share,0.0,1.0,0,3.69,hold,doc,0.5,0.5,S4+P,1.0904390203438226,1.7947116018317182,1.5472555203438105,0.8613665870462791,16.75,268,56,881
20261009-065112-m7-sim-sweep2,2026-10-09T06:52:10+00:00,98,nfs,share,0.0,1.0,0,3.69,hold,doc,0.5,0.5,S4L,1.0446755203438585,1.9062791745204208,1.681742697666067,0.8613665870462791,16.75,268,81,975
20261009-065112-m7-sim-sweep2,2026-10-09T06:52:10+00:00,98,nfs,share,0.0,1.0,0,3.69,hold,doc,0.5,0.5,S4B,0.762317020343886,1.5957190980884395,1.1976499884086422,0.8613665870462786,16.75,268,15,747
20261009-065112-m7-sim-sweep2,2026-10-09T06:52:10+00:00,98,nfs,share,0.0,1.0,0,3.69,hold,doc,0.5,0.5,S5,0.8678130452189663,1.2033799424472893,0.902331133972325,0.46912366207187856,16.75,36,14,737
20261009-065112-m7-sim-sweep2,2026-10-09T06:52:10+00:00,98,nfs,share,0.0,1.0,0,3.69,hold,doc,0.5,0.5,S5s,1.4616981256226609,1.5749944872354746,1.4790607949993557,0.13041868974998808,28.0,0,103,1241
20261009-065112-m7-sim-sweep2,2026-10-09T06:52:10+00:00,98,nfs,share,0.0,1.0,0,3.69,hold,doc,0.5,0.5,S5L,0.762317020343886,1.220580506439667,1.301310496346332,0.46912366207187856,16.75,36,18,757
20261009-065112-m7-sim-sweep2,2026-10-09T06:52:10+00:00,98,nfs,share,0.0,1.0,0,3.69,hold,doc,0.5,0.5,S5P,0.762317020343886,1.2136086969884385,1.0935644804709739,0.46912366207187856,16.75,36,18,766
20261009-065112-m7-sim-sweep2,2026-10-09T06:52:10+00:00,98,nfs,share,0.0,1.0,0,3.69,hold,doc,0.5,0.5,S5c,0.7852325743331363,1.7419249039984408,0.9207462133160789,0.9925926463359621,28.0,0,14,735
20261009-065112-m7-sim-sweep2,2026-10-09T06:52:10+00:00,99,nfs,share,0.0,1.0,0,3.69,hold,doc,1.0,0.125,S0,2.8572437717901096,3.1413991098426375,3.244701591157053,0.23251231804939643,33.5,0,299,1261
20261009-065112-m7-sim-sweep2,2026-10-09T06:52:10+00:00,99,nfs,share,0.0,1.0,0,3.69,hold,doc,1.0,0.125,S1,2.8563937717900956,2.8424123786492967,3.244701591157053,0.23251231804939643,33.5,0,252,1166
20261009-065112-m7-sim-sweep2,2026-10-09T06:52:10+00:00,99,nfs,share,0.0,1.0,0,3.69,hold,doc,1.0,0.125,S2b,2.404100984914251,3.254548200968316,7.0191704859635,0.8952817587988976,33.5,0,258,1084
20261009-065112-m7-sim-sweep2,2026-10-09T06:52:10+00:00,99,nfs,share,0.0,1.0,0,3.69,hold,doc,1.0,0.125,S4,2.766801271018551,3.401883225056911,3.3564832808775975,0.8321185802649964,32.75,524,280,1138
20261009-065112-m7-sim-sweep2,2026-10-09T06:52:10+00:00,99,nfs,share,0.0,1.0,0,3.69,hold,doc,1.0,0.125,S4+,2.4953680404884295,3.514370512175381,8.529392519977876,1.1859312339540924,29.3125,469,264,1078
20261009-065112-m7-sim-sweep2,2026-10-09T06:52:10+00:00,99,nfs,share,0.0,1.0,0,3.69,hold,doc,1.0,0.125,S4+P,2.8402806572160273,3.5086860164842917,7.476518754579615,1.1859312339540924,29.3125,469,261,1054
20261009-065112-m7-sim-sweep2,2026-10-09T06:52:10+00:00,99,nfs,share,0.0,1.0,0,3.69,hold,doc,1.0,0.125,S4L,2.8402806572160273,3.52952821573642,7.476518754579615,1.1859312339540924,29.3125,469,265,1062
20261009-065112-m7-sim-sweep2,2026-10-09T06:52:10+00:00,99,nfs,share,0.0,1.0,0,3.69,hold,doc,1.0,0.125,S4B,2.8402806572160273,3.4610618763539662,7.476518754579615,1.1859312339540924,29.3125,469,253,1036
20261009-065112-m7-sim-sweep2,2026-10-09T06:52:10+00:00,99,nfs,share,0.0,1.0,0,3.69,hold,doc,1.0,0.125,S5,2.4953680404884295,3.514370512175381,8.529392519977876,1.1859312339540924,29.3125,309,264,1078
20261009-065112-m7-sim-sweep2,2026-10-09T06:52:10+00:00,99,nfs,share,0.0,1.0,0,3.69,hold,doc,1.0,0.125,S5s,2.4953680404884295,3.344243704440394,5.996259439495688,1.0000252808380576,29.3125,61,263,1083
20261009-065112-m7-sim-sweep2,2026-10-09T06:52:10+00:00,99,nfs,share,0.0,1.0,0,3.69,hold,doc,1.0,0.125,S5L,2.8402806572160273,3.4610618763539662,7.476518754579615,1.1859312339540924,29.3125,309,253,1036
20261009-065112-m7-sim-sweep2,2026-10-09T06:52:10+00:00,99,nfs,share,0.0,1.0,0,3.69,hold,doc,1.0,0.125,S5P,2.8402806572160273,3.4610618763539662,7.476518754579615,1.1859312339540924,29.3125,309,253,1036
20261009-065112-m7-sim-sweep2,2026-10-09T06:52:10+00:00,99,nfs,share,0.0,1.0,0,3.69,hold,doc,1.0,0.125,S5c,2.4953680404884295,3.3814220185625454,6.88853897842732,1.0476892068289814,29.3125,61,264,1078
20261009-065112-m7-sim-sweep2,2026-10-09T06:52:10+00:00,99,nfs,share,0.0,1.0,0,3.69,hold,doc,1.0,0.25,S0,2.8572437717901096,3.0026218527727333,3.244701591157053,0.0642944107445107,33.5,0,289,1271
20261009-065112-m7-sim-sweep2,2026-10-09T06:52:10+00:00,99,nfs,share,0.0,1.0,0,3.69,hold,doc,1.0,0.25,S1,2.705072220492042,2.783411285255998,2.9823009999999783,0.4312171544708061,33.5,0,210,1073
20261009-065112-m7-sim-sweep2,2026-10-09T06:52:10+00:00,99,nfs,share,0.0,1.0,0,3.69,hold,doc,1.0,0.25,S2b,2.050740533498285,2.68569937519711,5.367465888540593,0.7318136023416736,33.5,0,184,933
20261009-065112-m7-sim-sweep2,2026-10-09T06:52:10+00:00,99,nfs,share,0.0,1.0,0,3.69,hold,doc,1.0,0.25,S4,2.749863601641863,3.1195168583146273,3.5466836521885625,0.7822049034264117,28.25,452,233,1048
20261009-065112-m7-sim-sweep2,2026-10-09T06:52:10+00:00,99,nfs,share,0.0,1.0,0,3.69,hold,doc,1.0,0.25,S4+,2.1420075890724632,3.1100647993413273,7.873463625276045,1.1859312339540928,25.125,402,193,924
20261009-065112-m7-sim-sweep2,2026-10-09T06:52:10+00:00,99,nfs,share,0.0,1.0,0,3.69,hold,doc,1.0,0.25,S4+P,2.8318118225276834,3.345649342477294,7.476518754579601,1.1859312339540928,25.125,402,232,990
20261009-065112-m7-sim-sweep2,2026-10-09T06:52:10+00:00,99,nfs,share,0.0,1.0,0,3.69,hold,doc,1.0,0.25,S4L,2.8402806572160273,3.379369949638264,7.476518754579601,1.1859312339540928,25.125,402,238,998
20261009-065112-m7-sim-sweep2,2026-10-09T06:52:10+00:00,99,nfs,share,0.0,1.0,0,3.69,hold,doc,1.0,0.25,S4B,2.8318118225276834,3.2083303637225167,7.476518754579601,1.1859312339540928,25.125,402,208,936
20261009-065112-m7-sim-sweep2,2026-10-09T06:52:10+00:00,99,nfs,share,0.0,1.0,0,3.69,hold,doc,1.0,0.25,S5,2.1420075890724632,3.1013986309793413,7.665475584588378,1.1772650655921069,25.125,242,193,924
20261009-065112-m7-sim-sweep2,2026-10-09T06:52:10+00:00,99,nfs,share,0.0,1.0,0,3.69,hold,doc,1.0,0.25,S5s,2.058150000000012,2.4486745848149654,3.022968518777745,0.3414368348149625,25.5,0,198,1026
20261009-065112-m7-sim-sweep2,2026-10-09T06:52:10+00:00,99,nfs,share,0.0,1.0,0,3.69,hold,doc,1.0,0.25,S5L,2.8318118225276834,3.219026509868996,7.268530713891934,1.1772650655921055,25.125,242,211,939
20261009-065112-m7-sim-sweep2,2026-10-09T06:52:10+00:00,99,nfs,share,0.0,1.0,0,3.69,hold,doc,1.0,0.25,S5P,2.7018605203438284,3.190561135542229,7.268530713891934,1.1772650655921055,25.125,242,206,945
20261009-065112-m7-sim-sweep2,2026-10-09T06:52:10+00:00,99,nfs,share,0.0,1.0,0,3.69,hold,doc,1.0,0.25,S5c,2.050740533498285,2.6271850799317935,4.4029826873537985,0.6916268022922237,25.5,0,189,928
20261009-065112-m7-sim-sweep2,2026-10-09T06:52:10+00:00,99,nfs,share,0.0,1.0,0,3.69,hold,doc,1.0,0.5,S0,2.8572437717901096,2.9437704215088973,3.244701591157053,0.0,33.5,0,287,1273
20261009-065112-m7-sim-sweep2,2026-10-09T06:52:10+00:00,99,nfs,share,0.0,1.0,0,3.69,hold,doc,1.0,0.5,S1,2.696178385803691,2.0592260590810185,2.982301000000021,0.0,33.5,0,147,961
20261009-065112-m7-sim-sweep2,2026-10-09T06:52:10+00:00,99,nfs,share,0.0,1.0,0,3.69,hold,doc,1.0,0.5,S2b,1.3685341347314193,2.051294771820728,1.5956410315474727,0.7829918269233455,33.5,0,64,641
20261009-065112-m7-sim-sweep2,2026-10-09T06:52:10+00:00,99,nfs,share,0.0,1.0,0,3.69,hold,doc,1.0,0.5,S4,2.739181284568666,2.7146481242520504,2.9831509999999923,0.7392907282831475,20.0625,321,185,921
20261009-065112-m7-sim-sweep2,2026-10-09T06:52:10+00:00,99,nfs,share,0.0,1.0,0,3.69,hold,doc,1.0,0.5,S4+,1.4598011903055976,2.092097672624407,1.4953975290589767,0.8613665870462791,16.75,268,67,638
20261009-065112-m7-sim-sweep2,2026-10-09T06:52:10+00:00,99,nfs,share,0.0,1.0,0,3.69,hold,doc,1.0,0.5,S4+P,1.7276895489993365,2.3803722116806276,2.720107479901685,0.8613665870462791,16.75,268,119,757
20261009-065112-m7-sim-sweep2,2026-10-09T06:52:10+00:00,99,nfs,share,0.0,1.0,0,3.69,hold,doc,1.0,0.5,S4L,1.6220868107095114,2.5180607944667823,2.858068326592729,0.8613665870462791,16.75,268,142,801
20261009-065112-m7-sim-sweep2,2026-10-09T06:52:10+00:00,99,nfs,share,0.0,1.0,0,3.69,hold,doc,1.0,0.5,S4B,1.0347028393532014,2.182540217663649,2.858068326592729,0.8613665870462791,16.75,268,81,662
20261009-065112-m7-sim-sweep2,2026-10-09T06:52:10+00:00,99,nfs,share,0.0,1.0,0,3.69,hold,doc,1.0,0.5,S5,1.4180831053247402,1.858505315479194,1.4953975290589767,0.6238802904249946,16.75,108,67,640
20261009-065112-m7-sim-sweep2,2026-10-09T06:52:10+00:00,99,nfs,share,0.0,1.0,0,3.69,hold,doc,1.0,0.5,S5s,2.058150000000012,2.1333083994789988,2.256208000000001,0.0,25.5,0,190,1034
20261009-065112-m7-sim-sweep2,2026-10-09T06:52:10+00:00,99,nfs,share,0.0,1.0,0,3.69,hold,doc,1.0,0.5,S5L,0.9726740203438737,1.9605275422676585,2.8411306572160413,0.6238802904249946,16.75,108,83,671
20261009-065112-m7-sim-sweep2,2026-10-09T06:52:10+00:00,99,nfs,share,0.0,1.0,0,3.69,hold,doc,1.0,0.5,S5P,1.4001501016484212,1.9501939352051842,2.115730085007442,0.6238802904249946,16.75,108,84,688
20261009-065112-m7-sim-sweep2,2026-10-09T06:52:10+00:00,99,nfs,share,0.0,1.0,0,3.69,hold,doc,1.0,0.5,S5c,1.3685341347314193,1.7628524199014823,1.4041304734847984,0.5131515652812636,25.5,0,65,640
20261009-065112-m7-sim-sweep2,2026-10-09T06:52:10+00:00,100,nfs,share,0.0,1.0,0,3.69,hold,doc,2.0,0.125,S0,4.454799610358975,4.548481596842405,5.224386545851303,0.0,33.5,0,488,1072
20261009-065112-m7-sim-sweep2,2026-10-09T06:52:10+00:00,100,nfs,share,0.0,1.0,0,3.69,hold,doc,2.0,0.125,S1,4.380831999999998,4.109286283670547,5.224386545851303,0.0,33.5,0,421,976
20261009-065112-m7-sim-sweep2,2026-10-09T06:52:10+00:00,100,nfs,share,0.0,1.0,0,3.69,hold,doc,2.0,0.125,S2b,3.803553633973465,4.630026601781207,8.237457614890161,0.8952817587988982,33.5,0,421,921
20261009-065112-m7-sim-sweep2,2026-10-09T06:52:10+00:00,100,nfs,share,0.0,1.0,0,3.69,hold,doc,2.0,0.125,S4,4.336737123137553,4.80947465870668,5.33876023557184,0.8321185802649976,32.75,524,437,959
20261009-065112-m7-sim-sweep2,2026-10-09T06:52:10+00:00,100,nfs,share,0.0,1.0,0,3.69,hold,doc,2.0,0.125,S4+,3.894820689547643,4.891068608547197,9.747679648904551,1.1859312339540817,29.3125,469,428,914
20261009-065112-m7-sim-sweep2,2026-10-09T06:52:10+00:00,100,nfs,share,0.0,1.0,0,3.69,hold,doc,2.0,0.125,S4+P,4.3409300203438335,4.761304981602851,7.703737302005351,1.1859312339540828,29.3125,469,400,877
20261009-065112-m7-sim-sweep2,2026-10-09T06:52:10+00:00,100,nfs,share,0.0,1.0,0,3.69,hold,doc,2.0,0.125,S4L,4.341780020343833,4.793079731895474,7.703737302005351,1.1859312339540817,29.3125,469,406,883
20261009-065112-m7-sim-sweep2,2026-10-09T06:52:10+00:00,100,nfs,share,0.0,1.0,0,3.69,hold,doc,2.0,0.125,S4B,4.340080020343834,4.733182671435634,7.703737302005351,1.1859312339540828,29.3125,469,396,870
20261009-065112-m7-sim-sweep2,2026-10-09T06:52:10+00:00,100,nfs,share,0.0,1.0,0,3.69,hold,doc,2.0,0.125,S5,3.894820689547643,4.891068608547193,9.747679648904551,1.1859312339540828,29.3125,373,428,914
20261009-065112-m7-sim-sweep2,2026-10-09T06:52:10+00:00,100,nfs,share,0.0,1.0,0,3.69,hold,doc,2.0,0.125,S5s,3.894820689547643,4.8737362718232395,9.331703567529217,1.1685988972301118,29.3125,125,428,914
20261009-065112-m7-sim-sweep2,2026-10-09T06:52:10+00:00,100,nfs,share,0.0,1.0,0,3.69,hold,doc,2.0,0.125,S5L,4.340080020343834,4.732476935211614,7.703737302005351,1.1859312339540828,29.3125,373,396,871
20261009-065112-m7-sim-sweep2,2026-10-09T06:52:10+00:00,100,nfs,share,0.0,1.0,0,3.69,hold,doc,2.0,0.125,S5P,4.340080020343834,4.732476935211614,7.703737302005351,1.1859312339540828,29.3125,373,396,871
20261009-065112-m7-sim-sweep2,2026-10-09T06:52:10+00:00,100,nfs,share,0.0,1.0,0,3.69,hold,doc,2.0,0.125,S5c,3.894820689547643,4.8737362718232395,9.331703567529217,1.1685988972301118,29.3125,125,428,914
20261009-065112-m7-sim-sweep2,2026-10-09T06:52:10+00:00,100,nfs,share,0.0,1.0,0,3.69,hold,doc,2.0,0.25,S0,4.454799610358975,4.548481596842405,5.224386545851303,0.0,33.5,0,488,1072
20261009-065112-m7-sim-sweep2,2026-10-09T06:52:10+00:00,100,nfs,share,0.0,1.0,0,3.69,hold,doc,2.0,0.25,S1,4.302628059060908,3.647023779099245,4.583731117895155,0.0,33.5,0,361,877
20261009-065112-m7-sim-sweep2,2026-10-09T06:52:10+00:00,100,nfs,share,0.0,1.0,0,3.69,hold,doc,2.0,0.25,S2b,3.26989866242495,3.8120094103713575,5.436082664700933,0.6916268022922244,33.5,0,317,800
20261009-065112-m7-sim-sweep2,2026-10-09T06:52:10+00:00,100,nfs,share,0.0,1.0,0,3.69,hold,doc,2.0,0.25,S4,4.247786000000005,4.358931710846664,5.528110606882819,0.7822049034264124,28.25,452,369,867
20261009-065112-m7-sim-sweep2,2026-10-09T06:52:10+00:00,100,nfs,share,0.0,1.0,0,3.69,hold,doc,2.0,0.25,S4+,3.3611657179991,4.257599394017194,8.714203044560492,1.1859312339540875,25.125,402,327,790
20261009-065112-m7-sim-sweep2,2026-10-09T06:52:10+00:00,100,nfs,share,0.0,1.0,0,3.69,hold,doc,2.0,0.25,S4+P,4.3400800203438195,4.4999398650395035,7.703737302005351,1.1859312339540875,25.125,402,358,818
20261009-065112-m7-sim-sweep2,2026-10-09T06:52:10+00:00,100,nfs,share,0.0,1.0,0,3.69,hold,doc,2.0,0.25,S4L,4.340080020343834,4.518332880493243,7.703737302005351,1.1859312339540875,25.125,402,361,822
20261009-065112-m7-sim-sweep2,2026-10-09T06:52:10+00:00,100,nfs,share,0.0,1.0,0,3.69,hold,doc,2.0,0.25,S4B,4.3400800203438195,4.387549968568457,7.703737302005351,1.1859312339540875,25.125,402,341,798
20261009-065112-m7-sim-sweep2,2026-10-09T06:52:10+00:00,100,nfs,share,0.0,1.0,0,3.69,hold,doc,2.0,0.25,S5,3.3611657179991,4.257599394017194,8.714203044560492,1.1859312339540888,25.125,306,327,790
20261009-065112-m7-sim-sweep2,2026-10-09T06:52:10+00:00,100,nfs,share,0.0,1.0,0,3.69,hold,doc,2.0,0.25,S5s,3.3611657179991283,3.8476029588426024,3.418432354805759,0.671127549749252,25.125,58,330,810
20261009-065112-m7-sim-sweep2,2026-10-09T06:52:10+00:00,100,nfs,share,0.0,1.0,0,3.69,hold,doc,2.0,0.25,S5L,4.3400800203438195,4.406902499476504,7.703737302005351,1.1859312339540875,25.125,306,344,801
20261009-065112-m7-sim-sweep2,2026-10-09T06:52:10+00:00,100,nfs,share,0.0,1.0,0,3.69,hold,doc,2.0,0.25,S5P,4.3400800203438195,4.400910864780954,7.703737302005351,1.1859312339540875,25.125,306,343,798
20261009-065112-m7-sim-sweep2,2026-10-09T06:52:10+00:00,100,nfs,share,0.0,1.0,0,3.69,hold,doc,2.0,0.25,S5c,3.3611657179991283,3.9762501716618637,5.253852610314965,0.8960312604942237,25.125,58,325,792
20261009-065112-m7-sim-sweep2,2026-10-09T06:52:10+00:00,100,nfs,share,0.0,1.0,0,3.69,hold,doc,2.0,0.5,S0,4.454799610358975,4.548481596842405,5.224386545851303,0.0,33.5,0,488,1072
20261009-065112-m7-sim-sweep2,2026-10-09T06:52:10+00:00,100,nfs,share,0.0,1.0,0,3.69,hold,doc,2.0,0.5,S1,4.28399038968422,3.101429935850644,4.583731117895155,0.0,33.5,0,276,754
20261009-065112-m7-sim-sweep2,2026-10-09T06:52:10+00:00,100,nfs,share,0.0,1.0,0,3.69,hold,doc,2.0,0.5,S2b,2.14747399999996,2.2796025758148013,2.246590892769234,0.2890666401265361,33.5,0,138,544
20261009-065112-m7-sim-sweep2,2026-10-09T06:52:10+00:00,100,nfs,share,0.0,1.0,0,3.69,hold,doc,2.0,0.5,S4,4.2452149999999875,3.704853633919104,4.817980682722464,0.739290728283148,20.0625,321,291,738
20261009-065112-m7-sim-sweep2,2026-10-09T06:52:10+00:00,100,nfs,share,0.0,1.0,0,3.69,hold,doc,2.0,0.5,S4+,2.2414680203438024,2.816497267363831,2.3378579483434123,0.8613665870462803,16.75,268,143,539
20261009-065112-m7-sim-sweep2,2026-10-09T06:52:10+00:00,100,nfs,share,0.0,1.0,0,3.69,hold,doc,2.0,0.5,S4+P,2.757638323104885,3.198276433937597,4.128889463649443,0.8613665870462803,16.75,268,206,616
20261009-065112-m7-sim-sweep2,2026-10-09T06:52:10+00:00,100,nfs,share,0.0,1.0,0,3.69,hold,doc,2.0,0.5,S4L,2.4476200203438196,3.3192622712011244,4.438686495784907,0.8613665870462803,16.75,268,221,631
20261009-065112-m7-sim-sweep2,2026-10-09T06:52:10+00:00,100,nfs,share,0.0,1.0,0,3.69,hold,doc,2.0,0.5,S4B,1.755651020343791,3.0258460736460457,4.438686495784907,0.8613665870462803,16.75,268,176,562
20261009-065112-m7-sim-sweep2,2026-10-09T06:52:10+00:00,100,nfs,share,0.0,1.0,0,3.69,hold,doc,2.0,0.5,S5,2.2414680203438024,2.607390358168157,2.3378579483434123,0.6494621288442867,16.75,172,143,540
20261009-065112-m7-sim-sweep2,2026-10-09T06:52:10+00:00,100,nfs,share,0.0,1.0,0,3.69,hold,doc,2.0,0.5,S5s,2.8323096182867857,2.9416096978799913,3.418432354805759,0.0,21.5,0,273,759
20261009-065112-m7-sim-sweep2,2026-10-09T06:52:10+00:00,100,nfs,share,0.0,1.0,0,3.69,hold,doc,2.0,0.5,S5L,1.701823061031476,2.833984270286752,4.42004882640822,0.6494621288442867,16.75,172,179,569
20261009-065112-m7-sim-sweep2,2026-10-09T06:52:10+00:00,100,nfs,share,0.0,1.0,0,3.69,hold,doc,2.0,0.5,S5P,2.4965759843436075,2.8436019431007105,4.0806240203438335,0.6494621288442867,16.75,172,182,579
20261009-065112-m7-sim-sweep2,2026-10-09T06:52:10+00:00,100,nfs,share,0.0,1.0,0,3.69,hold,doc,2.0,0.5,S5c,2.14747399999996,2.262998736061737,2.246590892769234,0.2890666401265361,21.5,0,141,541
20261009-065112-m7-sim-sweep2,2026-10-09T06:52:10+00:00,101,local,share,0.0,1.0,0,3.69,hold,doc,0.25,0.125,S0,0.35582980736005254,0.5665901244216437,0.5839821848902886,0.1109761429783287,33.5,0,661,899
20261009-065112-m7-sim-sweep2,2026-10-09T06:52:10+00:00,101,local,share,0.0,1.0,0,3.69,hold,doc,0.25,0.125,S1,0.4132600592817752,0.5611364337851068,0.5839821848902886,0.11574111869145831,33.5,0,585,888
20261009-065112-m7-sim-sweep2,2026-10-09T06:52:10+00:00,101,local,share,0.0,1.0,0,3.69,hold,doc,0.25,0.125,S2b,0.38388648754458643,0.6779738559201706,2.0253299468111265,0.28046835947686627,33.5,0,520,822
20261009-065112-m7-sim-sweep2,2026-10-09T06:52:10+00:00,101,local,share,0.0,1.0,0,3.69,hold,doc,0.25,0.125,S4,0.3706848073789786,0.6882227448528132,0.8429037566597941,0.2800505685805561,32.75,524,640,832
20261009-065112-m7-sim-sweep2,2026-10-09T06:52:10+00:00,101,local,share,0.0,1.0,0,3.69,hold,doc,0.25,0.125,S4+,0.40387083015406233,0.7486862106060789,2.459571672253489,0.36618003485803996,29.3125,469,542,800
20261009-065112-m7-sim-sweep2,2026-10-09T06:52:10+00:00,101,local,share,0.0,1.0,0,3.69,hold,doc,0.25,0.125,S4+P,0.37068480737895726,0.7371781689022079,2.417254922253491,0.36618003485803996,29.3125,469,627,778
20261009-065112-m7-sim-sweep2,2026-10-09T06:52:10+00:00,101,local,share,0.0,1.0,0,3.69,hold,doc,0.25,0.125,S4L,0.37068480737896436,0.7345855463477484,2.417254922253491,0.36618003485803996,29.3125,469,643,774
20261009-065112-m7-sim-sweep2,2026-10-09T06:52:10+00:00,101,local,share,0.0,1.0,0,3.69,hold,doc,0.25,0.125,S4B,0.37386622757741605,0.7467295858665572,2.417254922253491,0.36618003485803996,29.3125,469,565,792
20261009-065112-m7-sim-sweep2,2026-10-09T06:52:10+00:00,101,local,share,0.0,1.0,0,3.69,hold,doc,0.25,0.125,S5,0.40387083015406233,0.7486862106060693,2.459571672253489,0.36618003485803996,29.3125,165,542,800
20261009-065112-m7-sim-sweep2,2026-10-09T06:52:10+00:00,101,local,share,0.0,1.0,0,3.69,hold,doc,0.25,0.125,S5s,0.40387083015406233,0.7486862106060658,2.459571672253489,0.36618003485803996,29.3125,229,542,800
20261009-065112-m7-sim-sweep2,2026-10-09T06:52:10+00:00,101,local,share,0.0,1.0,0,3.69,hold,doc,0.25,0.125,S5L,0.37386622757741605,0.7462752700072564,2.417254922253491,0.36618003485803996,29.3125,165,569,791
20261009-065112-m7-sim-sweep2,2026-10-09T06:52:10+00:00,101,local,share,0.0,1.0,0,3.69,hold,doc,0.25,0.125,S5P,0.37386622757741605,0.7462752700072564,2.417254922253491,0.36618003485803996,29.3125,165,569,791
20261009-065112-m7-sim-sweep2,2026-10-09T06:52:10+00:00,101,local,share,0.0,1.0,0,3.69,hold,doc,0.25,0.125,S5c,0.40387083015406233,0.7486862106060658,2.459571672253489,0.36618003485803996,29.3125,229,542,800
20261009-065112-m7-sim-sweep2,2026-10-09T06:52:10+00:00,101,local,share,0.0,1.0,0,3.69,hold,doc,0.25,0.25,S0,0.5837644348902842,0.5920005271450712,0.5989462499999973,0.10579711795367312,33.5,0,613,947
20261009-065112-m7-sim-sweep2,2026-10-09T06:52:10+00:00,101,local,share,0.0,1.0,0,3.69,hold,doc,0.25,0.25,S1,0.4740466439701123,0.6269844697258655,0.5839821848902886,0.1535093002371036,33.5,0,461,932
20261009-065112-m7-sim-sweep2,2026-10-09T06:52:10+00:00,101,local,share,0.0,1.0,0,3.69,hold,doc,0.25,0.25,S2b,0.4288933914091899,0.6711812334530757,1.6621087768154155,0.23625174160004825,33.5,0,246,880
20261009-065112-m7-sim-sweep2,2026-10-09T06:52:10+00:00,101,local,share,0.0,1.0,0,3.69,hold,doc,0.25,0.25,S4,0.40919962676590416,0.6702296484823661,0.6721161070271648,0.24461444314965894,28.25,452,528,861
20261009-065112-m7-sim-sweep2,2026-10-09T06:52:10+00:00,101,local,share,0.0,1.0,0,3.69,hold,doc,0.25,0.25,S4+,0.4488777340184953,0.7933100627093097,2.503685672253482,0.36618003485803996,25.125,402,256,870
20261009-065112-m7-sim-sweep2,2026-10-09T06:52:10+00:00,101,local,share,0.0,1.0,0,3.69,hold,doc,0.25,0.25,S4+P,0.37386622757741605,0.7485333067535495,2.417254922253491,0.36618003485803996,25.125,402,553,795
20261009-065112-m7-sim-sweep2,2026-10-09T06:52:10+00:00,101,local,share,0.0,1.0,0,3.69,hold,doc,0.25,0.25,S4L,0.3738662275771816,0.7456098539517164,2.417254922253491,0.36618003485803996,25.125,402,572,790
20261009-065112-m7-sim-sweep2,2026-10-09T06:52:10+00:00,101,local,share,0.0,1.0,0,3.69,hold,doc,0.25,0.25,S4B,0.48671050927589476,0.7883552284533444,2.431284672253497,0.36618003485803996,25.125,402,295,857
20261009-065112-m7-sim-sweep2,2026-10-09T06:52:10+00:00,101,local,share,0.0,1.0,0,3.69,hold,doc,0.25,0.25,S5,0.4488777340184953,0.7061678945323564,1.4252412611699015,0.2790378666811127,25.125,98,256,870
20261009-065112-m7-sim-sweep2,2026-10-09T06:52:10+00:00,101,local,share,0.0,1.0,0,3.69,hold,doc,0.25,0.25,S5s,0.4488777340184953,0.7496949862040019,1.4985522399206133,0.3225649583527594,25.125,162,256,870
20261009-065112-m7-sim-sweep2,2026-10-09T06:52:10+00:00,101,local,share,0.0,1.0,0,3.69,hold,doc,0.25,0.25,S5L,0.48050921483972076,0.6977917541903823,1.4252412611699015,0.2790378666811127,25.125,98,318,852
20261009-065112-m7-sim-sweep2,2026-10-09T06:52:10+00:00,101,local,share,0.0,1.0,0,3.69,hold,doc,0.25,0.25,S5P,0.4621030286894907,0.6969936365582748,1.4252412611699015,0.2790378666811127,25.125,98,322,852
20261009-065112-m7-sim-sweep2,2026-10-09T06:52:10+00:00,101,local,share,0.0,1.0,0,3.69,hold,doc,0.25,0.25,S5c,0.4488777340184953,0.7499222332681482,1.5040061694599132,0.3225649583527594,25.125,162,256,870
20261009-065112-m7-sim-sweep2,2026-10-09T06:52:10+00:00,101,local,share,0.0,1.0,0,3.69,hold,doc,0.25,0.5,S0,0.5837644348902842,0.519625045272815,0.5989462499999973,0.0,33.5,0,561,999
20261009-065112-m7-sim-sweep2,2026-10-09T06:52:10+00:00,101,local,share,0.0,1.0,0,3.69,hold,doc,0.25,0.5,S1,0.5289222347560525,0.5248243781910068,0.5911994392085518,0.014263675609557325,33.5,0,302,986
20261009-065112-m7-sim-sweep2,2026-10-09T06:52:10+00:00,101,local,share,0.0,1.0,0,3.69,hold,doc,0.25,0.5,S2b,0.4740466439701123,0.743659092871742,0.49336221951210746,0.2715347517754161,33.5,0,0,930
20261009-065112-m7-sim-sweep2,2026-10-09T06:52:10+00:00,101,local,share,0.0,1.0,0,3.69,hold,doc,0.25,0.5,S4,0.4645173685635342,0.6473155881311664,0.5911994392085518,0.23140139840842563,20.0625,321,441,845
20261009-065112-m7-sim-sweep2,2026-10-09T06:52:10+00:00,101,local,share,0.0,1.0,0,3.69,hold,doc,0.25,0.5,S4+,0.4911407634455358,0.734741600608535,0.5018696305495354,0.2643738659654555,16.75,268,0,930
20261009-065112-m7-sim-sweep2,2026-10-09T06:52:10+00:00,101,local,share,0.0,1.0,0,3.69,hold,doc,0.25,0.5,S4+P,0.48891930737896416,0.7119396957384362,0.5018696305495212,0.2643738659654555,16.75,268,141,898
20261009-065112-m7-sim-sweep2,2026-10-09T06:52:10+00:00,101,local,share,0.0,1.0,0,3.69,hold,doc,0.25,0.5,S4L,0.48671050927590187,0.6835815031592531,0.5018696305495212,0.2643738659654555,16.75,268,325,852
20261009-065112-m7-sim-sweep2,2026-10-09T06:52:10+00:00,101,local,share,0.0,1.0,0,3.69,hold,doc,0.25,0.5,S4B,0.4911407634455358,0.734741600608535,0.5018696305495354,0.2643738659654555,16.75,268,0,930
20261009-065112-m7-sim-sweep2,2026-10-09T06:52:10+00:00,101,local,share,0.0,1.0,0,3.69,hold,doc,0.25,0.5,S5,0.4740466439701123,0.47512359442741153,0.48790828997280755,0.0,19.0,0,0,936
20261009-065112-m7-sim-sweep2,2026-10-09T06:52:10+00:00,101,local,share,0.0,1.0,0,3.69,hold,doc,0.25,0.5,S5s,0.48891930737896416,0.5492609823982905,0.5018696305495212,0.0755282684473979,16.75,28,0,934
20261009-065112-m7-sim-sweep2,2026-10-09T06:52:10+00:00,101,local,share,0.0,1.0,0,3.69,hold,doc,0.25,0.5,S5L,0.4740466439701123,0.47512359442741153,0.48790828997280755,0.0,19.0,0,0,936
20261009-065112-m7-sim-sweep2,2026-10-09T06:52:10+00:00,101,local,share,0.0,1.0,0,3.69,hold,doc,0.25,0.5,S5P,0.4740466439701123,0.47512359442741153,0.48790828997280755,0.0,19.0,0,0,936
20261009-065112-m7-sim-sweep2,2026-10-09T06:52:10+00:00,101,local,share,0.0,1.0,0,3.69,hold,doc,0.25,0.5,S5c,0.48891930737896416,0.5935951163135567,0.5018696305495212,0.12008964942680163,16.75,28,0,934
20261009-065112-m7-sim-sweep2,2026-10-09T06:52:10+00:00,102,local,share,0.0,1.0,0,3.69,hold,doc,0.5,0.125,S0,0.46303850000001034,0.6095017344582571,0.8719888777330453,0.010599166408276517,33.5,0,911,649
20261009-065112-m7-sim-sweep2,2026-10-09T06:52:10+00:00,102,local,share,0.0,1.0,0,3.69,hold,doc,0.5,0.125,S1,0.46895710519000033,0.614733562326999,0.8705735000000061,0.010599166408276517,33.5,0,793,653
20261009-065112-m7-sim-sweep2,2026-10-09T06:52:10+00:00,102,local,share,0.0,1.0,0,3.69,hold,doc,0.5,0.125,S2b,0.49525450464940945,0.7973579622431455,2.222517946811152,0.28046835947683374,33.5,0,764,578
20261009-065112-m7-sim-sweep2,2026-10-09T06:52:10+00:00,102,local,share,0.0,1.0,0,3.69,hold,doc,0.5,0.125,S4,0.46303850000003877,0.7985087067599537,0.9120628544882834,0.25888676350580475,32.75,524,851,594
20261009-065112-m7-sim-sweep2,2026-10-09T06:52:10+00:00,102,local,share,0.0,1.0,0,3.69,hold,doc,0.5,0.125,S4+,0.5152388472587006,0.8628337824754974,2.5703026722526374,0.36618003485800266,29.3125,469,782,560
20261009-065112-m7-sim-sweep2,2026-10-09T06:52:10+00:00,102,local,share,0.0,1.0,0,3.69,hold,doc,0.5,0.125,S4+P,0.477507033364418,0.8582082274722058,2.522003172253477,0.36618003485800266,29.3125,469,806,552
20261009-065112-m7-sim-sweep2,2026-10-09T06:52:10+00:00,102,local,share,0.0,1.0,0,3.69,hold,doc,0.5,0.125,S4L,0.477507033364418,0.8559139663085968,2.522003172253477,0.36618003485800266,29.3125,469,820,550
20261009-065112-m7-sim-sweep2,2026-10-09T06:52:10+00:00,102,local,share,0.0,1.0,0,3.69,hold,doc,0.5,0.125,S4B,0.4857498073789941,0.8693648617619605,2.522003172253477,0.36618003485800266,29.3125,469,751,563
20261009-065112-m7-sim-sweep2,2026-10-09T06:52:10+00:00,102,local,share,0.0,1.0,0,3.69,hold,doc,0.5,0.125,S5,0.5152388472587006,0.8628337824754931,2.5703026722526374,0.36618003485800266,29.3125,237,782,560
20261009-065112-m7-sim-sweep2,2026-10-09T06:52:10+00:00,102,local,share,0.0,1.0,0,3.69,hold,doc,0.5,0.125,S5s,0.5152388472587006,0.8628337824754926,2.5703026722526374,0.36618003485800266,29.3125,309,782,560
20261009-065112-m7-sim-sweep2,2026-10-09T06:52:10+00:00,102,local,share,0.0,1.0,0,3.69,hold,doc,0.5,0.125,S5L,0.4857498073789941,0.8693648617619575,2.522003172253477,0.36618003485800266,29.3125,237,751,563
20261009-065112-m7-sim-sweep2,2026-10-09T06:52:10+00:00,102,local,share,0.0,1.0,0,3.69,hold,doc,0.5,0.125,S5P,0.4857498073789941,0.8700517595965055,2.522003172253477,0.36618003485800266,29.3125,237,750,564
20261009-065112-m7-sim-sweep2,2026-10-09T06:52:10+00:00,102,local,share,0.0,1.0,0,3.69,hold,doc,0.5,0.125,S5c,0.5152388472587006,0.8628337824754926,2.5703026722526374,0.36618003485800266,29.3125,309,782,560
20261009-065112-m7-sim-sweep2,2026-10-09T06:52:10+00:00,102,local,share,0.0,1.0,0,3.69,hold,doc,0.5,0.25,S0,0.46303850000001034,0.6012598180499786,0.8701380000000114,0.0,33.5,0,909,651
20261009-065112-m7-sim-sweep2,2026-10-09T06:52:10+00:00,102,local,share,0.0,1.0,0,3.69,hold,doc,0.5,0.25,S1,0.5546410525950094,0.6154300454378033,0.8701380000000114,0.0,33.5,0,673,664
20261009-065112-m7-sim-sweep2,2026-10-09T06:52:10+00:00,102,local,share,0.0,1.0,0,3.69,hold,doc,0.5,0.25,S2b,0.5619015000000047,0.7889347068895507,1.636001317998847,0.21640871585971766,33.5,0,486,631
20261009-065112-m7-sim-sweep2,2026-10-09T06:52:10+00:00,102,local,share,0.0,1.0,0,3.69,hold,doc,0.5,0.25,S4,0.46303850000003877,0.8210419833225148,0.9601227998695094,0.24461444314965775,28.25,452,704,629
20261009-065112-m7-sim-sweep2,2026-10-09T06:52:10+00:00,102,local,share,0.0,1.0,0,3.69,hold,doc,0.5,0.25,S4+,0.5846128073789885,0.9193387823344796,2.619967172252643,0.36618003485800266,25.125,402,502,615
20261009-065112-m7-sim-sweep2,2026-10-09T06:52:10+00:00,102,local,share,0.0,1.0,0,3.69,hold,doc,0.5,0.25,S4+P,0.4857498073789941,0.8774235485542222,2.522003172253477,0.36618003485800266,25.125,402,712,571
20261009-065112-m7-sim-sweep2,2026-10-09T06:52:10+00:00,102,local,share,0.0,1.0,0,3.69,hold,doc,0.5,0.25,S4L,0.4857498073789941,0.8742111918091791,2.522003172253477,0.36618003485800266,25.125,402,729,568
20261009-065112-m7-sim-sweep2,2026-10-09T06:52:10+00:00,102,local,share,0.0,1.0,0,3.69,hold,doc,0.5,0.25,S4B,0.6121248712732807,0.9098041055800999,2.522003172253477,0.36618003485800266,25.125,402,549,602
20261009-065112-m7-sim-sweep2,2026-10-09T06:52:10+00:00,102,local,share,0.0,1.0,0,3.69,hold,doc,0.5,0.25,S5,0.58461280737896,0.8798126192515667,1.7752207582636288,0.32665387177509214,25.125,170,502,615
20261009-065112-m7-sim-sweep2,2026-10-09T06:52:10+00:00,102,local,share,0.0,1.0,0,3.69,hold,doc,0.5,0.25,S5s,0.58461280737896,0.9166128400528972,2.619967172252643,0.36345409257642264,25.125,242,502,615
20261009-065112-m7-sim-sweep2,2026-10-09T06:52:10+00:00,102,local,share,0.0,1.0,0,3.69,hold,doc,0.5,0.25,S5L,0.6113080573790057,0.8692079865078158,1.7752207582636288,0.32665387177509214,25.125,170,556,601
20261009-065112-m7-sim-sweep2,2026-10-09T06:52:10+00:00,102,local,share,0.0,1.0,0,3.69,hold,doc,0.5,0.25,S5P,0.559372057379008,0.8686806923340035,1.7752207582636288,0.32665387177509214,25.125,170,559,602
20261009-065112-m7-sim-sweep2,2026-10-09T06:52:10+00:00,102,local,share,0.0,1.0,0,3.69,hold,doc,0.5,0.25,S5c,0.58461280737896,0.9166128400528978,2.619967172252643,0.36345409257642264,25.125,242,502,615
20261009-065112-m7-sim-sweep2,2026-10-09T06:52:10+00:00,102,local,share,0.0,1.0,0,3.69,hold,doc,0.5,0.5,S0,0.46303850000001034,0.6012598180499786,0.8701380000000114,0.0,33.5,0,909,651
20261009-065112-m7-sim-sweep2,2026-10-09T06:52:10+00:00,102,local,share,0.0,1.0,0,3.69,hold,doc,0.5,0.5,S1,0.655740562330422,0.6477012570797788,0.8701380000000114,0.0,33.5,0,501,694
20261009-065112-m7-sim-sweep2,2026-10-09T06:52:10+00:00,102,local,share,0.0,1.0,0,3.69,hold,doc,0.5,0.5,S2b,0.645166876854212,0.7430208473912051,0.6950865000000164,0.09220479768144212,33.5,0,50,702
20261009-065112-m7-sim-sweep2,2026-10-09T06:52:10+00:00,102,local,share,0.0,1.0,0,3.69,hold,doc,0.5,0.5,S4,0.5516817500000428,0.780366115865944,0.6950865000000164,0.23140139840842444,20.0625,321,586,607
20261009-065112-m7-sim-sweep2,2026-10-09T06:52:10+00:00,102,local,share,0.0,1.0,0,3.69,hold,doc,0.5,0.5,S4+,0.6665147018483566,0.9088119195652116,0.6950865000000164,0.2643738659654182,16.75,268,52,697
20261009-065112-m7-sim-sweep2,2026-10-09T06:52:10+00:00,102,local,share,0.0,1.0,0,3.69,hold,doc,0.5,0.5,S4+P,0.6632540573789854,0.8647817300798154,0.6950865000000164,0.26437386596542406,16.75,268,280,657
20261009-065112-m7-sim-sweep2,2026-10-09T06:52:10+00:00,102,local,share,0.0,1.0,0,3.69,hold,doc,0.5,0.5,S4L,0.6693806061593577,0.8350545712194523,0.6950865000000164,0.26437386596543827,16.75,268,429,627
20261009-065112-m7-sim-sweep2,2026-10-09T06:52:10+00:00,102,local,share,0.0,1.0,0,3.69,hold,doc,0.5,0.5,S4B,0.6757249049397132,0.9070962974119663,0.6950865000000164,0.2643738659654182,16.75,268,67,695
20261009-065112-m7-sim-sweep2,2026-10-09T06:52:10+00:00,102,local,share,0.0,1.0,0,3.69,hold,doc,0.5,0.5,S5,0.6636843073790004,0.7414382758069907,0.6950865000000164,0.09324689327766815,16.75,36,52,700
20261009-065112-m7-sim-sweep2,2026-10-09T06:52:10+00:00,102,local,share,0.0,1.0,0,3.69,hold,doc,0.5,0.5,S5s,0.6658974036894989,0.8375837527567628,0.6950865000000164,0.19024378655533822,16.75,108,52,700
20261009-065112-m7-sim-sweep2,2026-10-09T06:52:10+00:00,102,local,share,0.0,1.0,0,3.69,hold,doc,0.5,0.5,S5L,0.6658183598262468,0.7377027948108873,0.6950865000000164,0.09324689327766815,16.75,36,80,696
20261009-065112-m7-sim-sweep2,2026-10-09T06:52:10+00:00,102,local,share,0.0,1.0,0,3.69,hold,doc,0.5,0.5,S5P,0.6632540573789925,0.7341920229642535,0.6950865000000164,0.09324689327766815,16.75,36,92,693
20261009-065112-m7-sim-sweep2,2026-10-09T06:52:10+00:00,102,local,share,0.0,1.0,0,3.69,hold,doc,0.5,0.5,S5c,0.6658974036894989,0.8507967974979979,0.6950865000000164,0.20345683129657152,16.75,108,52,700
20261009-065112-m7-sim-sweep2,2026-10-09T06:52:10+00:00,103,local,share,0.0,1.0,0,3.69,hold,doc,1.0,0.125,S0,0.5735490614384275,0.7419879772181055,1.1807533205752918,0.0,33.5,0,1136,424
20261009-065112-m7-sim-sweep2,2026-10-09T06:52:10+00:00,103,local,share,0.0,1.0,0,3.69,hold,doc,1.0,0.125,S1,0.5934686710819363,0.7625833135752748,1.1807533205752918,0.0,33.5,0,984,436
20261009-065112-m7-sim-sweep2,2026-10-09T06:52:10+00:00,103,local,share,0.0,1.0,0,3.69,hold,doc,1.0,0.125,S2b,0.612479000000036,0.923404549016564,2.357824446811108,0.2804683594768023,33.5,0,965,377
20261009-065112-m7-sim-sweep2,2026-10-09T06:52:10+00:00,103,local,share,0.0,1.0,0,3.69,hold,doc,1.0,0.125,S4,0.5823157232126164,0.9430292711408281,1.2516113073789938,0.25888676350576806,32.75,524,1022,396
20261009-065112-m7-sim-sweep2,2026-10-09T06:52:10+00:00,103,local,share,0.0,1.0,0,3.69,hold,doc,1.0,0.125,S4+,0.6351903073789913,0.9869624371348564,2.6942816722526004,0.36618003485796535,29.3125,469,977,365
20261009-065112-m7-sim-sweep2,2026-10-09T06:52:10+00:00,103,local,share,0.0,1.0,0,3.69,hold,doc,1.0,0.125,S4+P,0.5938803073789813,1.0001966559058377,2.6529716722534715,0.36618003485796535,29.3125,469,944,371
20261009-065112-m7-sim-sweep2,2026-10-09T06:52:10+00:00,103,local,share,0.0,1.0,0,3.69,hold,doc,1.0,0.125,S4L,0.5938803073789813,0.9967186975725042,2.6529716722534573,0.36618003485796535,29.3125,469,958,369
20261009-065112-m7-sim-sweep2,2026-10-09T06:52:10+00:00,103,local,share,0.0,1.0,0,3.69,hold,doc,1.0,0.125,S4B,0.5938803073789813,1.005473519469027,2.6529716722534573,0.36618003485796535,29.3125,469,915,374
20261009-065112-m7-sim-sweep2,2026-10-09T06:52:10+00:00,103,local,share,0.0,1.0,0,3.69,hold,doc,1.0,0.125,S5,0.6351903073789913,0.9869624371348541,2.6942816722526004,0.36618003485796535,29.3125,309,977,365
20261009-065112-m7-sim-sweep2,2026-10-09T06:52:10+00:00,103,local,share,0.0,1.0,0,3.69,hold,doc,1.0,0.125,S5s,0.6351903073789913,0.9869624371348559,2.6942816722526004,0.36618003485796535,29.3125,365,977,365
20261009-065112-m7-sim-sweep2,2026-10-09T06:52:10+00:00,103,local,share,0.0,1.0,0,3.69,hold,doc,1.0,0.125,S5L,0.5938803073789813,1.0054735194690256,2.6529716722534573,0.36618003485796535,29.3125,309,915,374
20261009-065112-m7-sim-sweep2,2026-10-09T06:52:10+00:00,103,local,share,0.0,1.0,0,3.69,hold,doc,1.0,0.125,S5P,0.5938803073789813,1.0054735194690256,2.6529716722534573,0.36618003485796535,29.3125,309,915,374
20261009-065112-m7-sim-sweep2,2026-10-09T06:52:10+00:00,103,local,share,0.0,1.0,0,3.69,hold,doc,1.0,0.125,S5c,0.6351903073789913,0.9869624371348559,2.6942816722526004,0.36618003485796535,29.3125,365,977,365
20261009-065112-m7-sim-sweep2,2026-10-09T06:52:10+00:00,103,local,share,0.0,1.0,0,3.69,hold,doc,1.0,0.25,S0,0.5735490614384275,0.7419879772181055,1.1807533205752918,0.0,33.5,0,1136,424
20261009-065112-m7-sim-sweep2,2026-10-09T06:52:10+00:00,103,local,share,0.0,1.0,0,3.69,hold,doc,1.0,0.25,S1,0.612479000000036,0.7758149042754271,1.123802999999981,0.0,33.5,0,841,444
20261009-065112-m7-sim-sweep2,2026-10-09T06:52:10+00:00,103,local,share,0.0,1.0,0,3.69,hold,doc,1.0,0.25,S2b,0.6976800000000196,0.9340101592851889,1.8956952213687828,0.21640871585968155,33.5,0,699,418
20261009-065112-m7-sim-sweep2,2026-10-09T06:52:10+00:00,103,local,share,0.0,1.0,0,3.69,hold,doc,1.0,0.25,S4,0.5716011390462654,0.985155515215603,1.3161839221368723,0.2446144431496228,28.25,452,855,426
20261009-065112-m7-sim-sweep2,2026-10-09T06:52:10+00:00,103,local,share,0.0,1.0,0,3.69,hold,doc,1.0,0.25,S4+,0.7195413073789609,1.0500278322144017,2.737313672252583,0.36618003485796535,25.125,402,717,400
20261009-065112-m7-sim-sweep2,2026-10-09T06:52:10+00:00,103,local,share,0.0,1.0,0,3.69,hold,doc,1.0,0.25,S4+P,0.5938803073789813,1.0238680497630994,2.6529716722534573,0.36618003485796535,25.125,402,838,384
20261009-065112-m7-sim-sweep2,2026-10-09T06:52:10+00:00,103,local,share,0.0,1.0,0,3.69,hold,doc,1.0,0.25,S4L,0.5938803073789813,1.0204255497630985,2.6529716722534573,0.36618003485796535,25.125,402,854,382
20261009-065112-m7-sim-sweep2,2026-10-09T06:52:10+00:00,103,local,share,0.0,1.0,0,3.69,hold,doc,1.0,0.25,S4B,0.678213807378981,1.045460716429765,2.6529716722534573,0.36618003485796535,25.125,402,748,396
20261009-065112-m7-sim-sweep2,2026-10-09T06:52:10+00:00,103,local,share,0.0,1.0,0,3.69,hold,doc,1.0,0.25,S5,0.7195413073789609,1.0473018899328217,2.737313672252583,0.36345409257638533,25.125,242,717,400
20261009-065112-m7-sim-sweep2,2026-10-09T06:52:10+00:00,103,local,share,0.0,1.0,0,3.69,hold,doc,1.0,0.25,S5s,0.7195413073789609,1.0500278322144017,2.737313672252583,0.36618003485796535,25.125,298,717,400
20261009-065112-m7-sim-sweep2,2026-10-09T06:52:10+00:00,103,local,share,0.0,1.0,0,3.69,hold,doc,1.0,0.25,S5L,0.678213807378981,1.0408664408148518,2.6529716722534573,0.36345409257638533,25.125,242,755,395
20261009-065112-m7-sim-sweep2,2026-10-09T06:52:10+00:00,103,local,share,0.0,1.0,0,3.69,hold,doc,1.0,0.25,S5P,0.6785990304938139,1.0390533830303716,2.6529716722534573,0.36345409257638533,25.125,242,757,394
20261009-065112-m7-sim-sweep2,2026-10-09T06:52:10+00:00,103,local,share,0.0,1.0,0,3.69,hold,doc,1.0,0.25,S5c,0.7195413073789609,1.0500278322144017,2.737313672252583,0.36618003485796535,25.125,298,717,400
20261009-065112-m7-sim-sweep2,2026-10-09T06:52:10+00:00,103,local,share,0.0,1.0,0,3.69,hold,doc,1.0,0.5,S0,0.5735490614384275,0.7419879772181055,1.1807533205752918,0.0,33.5,0,1136,424
20261009-065112-m7-sim-sweep2,2026-10-09T06:52:10+00:00,103,local,share,0.0,1.0,0,3.69,hold,doc,1.0,0.5,S1,0.8778300000000172,0.8242748612947312,1.1238030000000094,0.0,33.5,0,638,470
20261009-065112-m7-sim-sweep2,2026-10-09T06:52:10+00:00,103,local,share,0.0,1.0,0,3.69,hold,doc,1.0,0.5,S2b,0.7863970000000222,0.9085720440806675,0.9243559999999746,0.09006906643289803,33.5,0,235,472
20261009-065112-m7-sim-sweep2,2026-10-09T06:52:10+00:00,103,local,share,0.0,1.0,0,3.69,hold,doc,1.0,0.5,S4,0.7026147781950982,0.937049016885334,0.9243559999999746,0.23140139840835752,20.0625,321,696,410
20261009-065112-m7-sim-sweep2,2026-10-09T06:52:10+00:00,103,local,share,0.0,1.0,0,3.69,hold,doc,1.0,0.5,S4+,0.8091083073789775,1.0661212171541503,0.9243559999999746,0.26437386596538087,16.75,268,241,464
20261009-065112-m7-sim-sweep2,2026-10-09T06:52:10+00:00,103,local,share,0.0,1.0,0,3.69,hold,doc,1.0,0.5,S4+P,0.8082583073789493,1.0194193090660175,0.9243559999999746,0.26437386596538087,16.75,268,438,438
20261009-065112-m7-sim-sweep2,2026-10-09T06:52:10+00:00,103,local,share,0.0,1.0,0,3.69,hold,doc,1.0,0.5,S4L,0.8770770336660973,1.0042885279836344,0.9243559999999746,0.26437386596538087,16.75,268,514,429
20261009-065112-m7-sim-sweep2,2026-10-09T06:52:10+00:00,103,local,share,0.0,1.0,0,3.69,hold,doc,1.0,0.5,S4B,0.9005413073789725,1.0608492085649033,0.9243559999999746,0.26437386596538087,16.75,268,283,460
20261009-065112-m7-sim-sweep2,2026-10-09T06:52:10+00:00,103,local,share,0.0,1.0,0,3.69,hold,doc,1.0,0.5,S5,0.8091083073789775,0.9958850772201048,0.9243559999999746,0.1902437865552642,16.75,108,241,466
20261009-065112-m7-sim-sweep2,2026-10-09T06:52:10+00:00,103,local,share,0.0,1.0,0,3.69,hold,doc,1.0,0.5,S5s,0.8091083073789775,0.9981943528350173,0.9243559999999746,0.19255306217017676,16.75,164,241,466
20261009-065112-m7-sim-sweep2,2026-10-09T06:52:10+00:00,103,local,share,0.0,1.0,0,3.69,hold,doc,1.0,0.5,S5L,0.9005413073789725,0.9886977409364667,0.9243559999999746,0.1902437865552642,16.75,108,293,461
20261009-065112-m7-sim-sweep2,2026-10-09T06:52:10+00:00,103,local,share,0.0,1.0,0,3.69,hold,doc,1.0,0.5,S5P,0.8097175817337927,0.9800863443386358,0.9243559999999746,0.1902437865552642,16.75,108,315,457
20261009-065112-m7-sim-sweep2,2026-10-09T06:52:10+00:00,103,local,share,0.0,1.0,0,3.69,hold,doc,1.0,0.5,S5c,0.8091083073789775,1.0104610931021274,0.9243559999999746,0.20481980243728692,16.75,164,241,466
20261009-065112-m7-sim-sweep2,2026-10-09T06:52:10+00:00,104,local,share,0.0,1.0,0,3.69,hold,doc,2.0,0.125,S0,0.7560239999999965,0.928630583333323,1.5693519999999523,0.0,33.5,0,1292,268
20261009-065112-m7-sim-sweep2,2026-10-09T06:52:10+00:00,104,local,share,0.0,1.0,0,3.69,hold,doc,2.0,0.125,S1,0.7560239999999965,0.9471289878048914,1.3058379999999659,0.0,33.5,0,1123,274
20261009-065112-m7-sim-sweep2,2026-10-09T06:52:10+00:00,104,local,share,0.0,1.0,0,3.69,hold,doc,2.0,0.125,S2b,0.7560239999999965,1.072766161669198,2.5064614468104764,0.2804683594767461,33.5,0,1114,228
20261009-065112-m7-sim-sweep2,2026-10-09T06:52:10+00:00,104,local,share,0.0,1.0,0,3.69,hold,doc,2.0,0.125,S4,0.7560239999999965,1.1113186684010852,1.5955053073789145,0.2588867635056964,32.75,524,1151,245
20261009-065112-m7-sim-sweep2,2026-10-09T06:52:10+00:00,104,local,share,0.0,1.0,0,3.69,hold,doc,2.0,0.125,S4+,0.7787353073789518,1.1332355978638742,2.8361056722525575,0.36618003485789075,29.3125,469,1122,220
20261009-065112-m7-sim-sweep2,2026-10-09T06:52:10+00:00,104,local,share,0.0,1.0,0,3.69,hold,doc,2.0,0.125,S4+P,0.7787353073789518,1.156266196633234,2.7641576722525656,0.36618003485789075,29.3125,469,1051,226
20261009-065112-m7-sim-sweep2,2026-10-09T06:52:10+00:00,104,local,share,0.0,1.0,0,3.69,hold,doc,2.0,0.125,S4L,0.7787353073789518,1.1528575719388077,2.7641576722525656,0.36618003485789075,29.3125,469,1064,225
20261009-065112-m7-sim-sweep2,2026-10-09T06:52:10+00:00,104,local,share,0.0,1.0,0,3.69,hold,doc,2.0,0.125,S4B,0.7787353073789518,1.156266196633234,2.7641576722525656,0.36618003485789075,29.3125,469,1040,226
20261009-065112-m7-sim-sweep2,2026-10-09T06:52:10+00:00,104,local,share,0.0,1.0,0,3.69,hold,doc,2.0,0.125,S5,0.7787353073789518,1.1332355978638742,2.8361056722525575,0.36618003485789075,29.3125,373,1122,220
20261009-065112-m7-sim-sweep2,2026-10-09T06:52:10+00:00,104,local,share,0.0,1.0,0,3.69,hold,doc,2.0,0.125,S5s,0.7787353073789518,1.1332355978638742,2.8361056722525575,0.36618003485789075,29.3125,405,1122,220
20261009-065112-m7-sim-sweep2,2026-10-09T06:52:10+00:00,104,local,share,0.0,1.0,0,3.69,hold,doc,2.0,0.125,S5L,0.7787353073789518,1.156266196633234,2.7641576722525656,0.36618003485789075,29.3125,373,1041,226
20261009-065112-m7-sim-sweep2,2026-10-09T06:52:10+00:00,104,local,share,0.0,1.0,0,3.69,hold,doc,2.0,0.125,S5P,0.7787353073789518,1.156266196633234,2.7641576722525656,0.36618003485789075,29.3125,373,1041,226
20261009-065112-m7-sim-sweep2,2026-10-09T06:52:10+00:00,104,local,share,0.0,1.0,0,3.69,hold,doc,2.0,0.125,S5c,0.7787353073789518,1.1332355978638742,2.8361056722525575,0.36618003485789075,29.3125,405,1122,220
20261009-065112-m7-sim-sweep2,2026-10-09T06:52:10+00:00,104,local,share,0.0,1.0,0,3.69,hold,doc,2.0,0.25,S0,0.7560239999999965,0.928630583333323,1.5693519999999523,0.0,33.5,0,1292,268
20261009-065112-m7-sim-sweep2,2026-10-09T06:52:10+00:00,104,local,share,0.0,1.0,0,3.69,hold,doc,2.0,0.25,S1,0.7560239999999965,0.955872119015383,1.1545197073176041,0.0,33.5,0,961,277
20261009-065112-m7-sim-sweep2,2026-10-09T06:52:10+00:00,104,local,share,0.0,1.0,0,3.69,hold,doc,2.0,0.25,S2b,0.8298460000000034,1.0939052753496554,2.192855221368376,0.21640871585964305,33.5,0,862,255
20261009-065112-m7-sim-sweep2,2026-10-09T06:52:10+00:00,104,local,share,0.0,1.0,0,3.69,hold,doc,2.0,0.25,S4,0.7560239999999965,1.1573597773835271,1.6592279221368074,0.24461444314955472,28.25,452,972,264
20261009-065112-m7-sim-sweep2,2026-10-09T06:52:10+00:00,104,local,share,0.0,1.0,0,3.69,hold,doc,2.0,0.25,S4+,0.8525573073789587,1.207456097283765,2.9099276722525644,0.36618003485789075,25.125,402,873,244
20261009-065112-m7-sim-sweep2,2026-10-09T06:52:10+00:00,104,local,share,0.0,1.0,0,3.69,hold,doc,2.0,0.25,S4+P,0.7787353073789518,1.184607589445881,2.7641576722525656,0.36618003485789075,25.125,402,941,235
20261009-065112-m7-sim-sweep2,2026-10-09T06:52:10+00:00,104,local,share,0.0,1.0,0,3.69,hold,doc,2.0,0.25,S4L,0.7787353073789518,1.1791044665067538,2.7641576722525656,0.36618003485789075,25.125,402,950,233
20261009-065112-m7-sim-sweep2,2026-10-09T06:52:10+00:00,104,local,share,0.0,1.0,0,3.69,hold,doc,2.0,0.25,S4B,0.8139253073789519,1.1942880259860675,2.7641576722525656,0.36618003485789075,25.125,402,901,238
20261009-065112-m7-sim-sweep2,2026-10-09T06:52:10+00:00,104,local,share,0.0,1.0,0,3.69,hold,doc,2.0,0.25,S5,0.8525573073789587,1.207456097283765,2.9099276722525644,0.36618003485789075,25.125,306,873,244
20261009-065112-m7-sim-sweep2,2026-10-09T06:52:10+00:00,104,local,share,0.0,1.0,0,3.69,hold,doc,2.0,0.25,S5s,0.8525573073789587,1.207456097283765,2.9099276722525644,0.36618003485789075,25.125,338,873,244
20261009-065112-m7-sim-sweep2,2026-10-09T06:52:10+00:00,104,local,share,0.0,1.0,0,3.69,hold,doc,2.0,0.25,S5L,0.7804758729140673,1.1915005731139938,2.7641576722525656,0.36618003485789075,25.125,306,908,237
20261009-065112-m7-sim-sweep2,2026-10-09T06:52:10+00:00,104,local,share,0.0,1.0,0,3.69,hold,doc,2.0,0.25,S5P,0.8139253073789519,1.1939553179583082,2.7641576722525656,0.36618003485789075,25.125,306,903,238
20261009-065112-m7-sim-sweep2,2026-10-09T06:52:10+00:00,104,local,share,0.0,1.0,0,3.69,hold,doc,2.0,0.25,S5c,0.8525573073789587,1.207456097283765,2.9099276722525644,0.36618003485789075,25.125,338,873,244
20261009-065112-m7-sim-sweep2,2026-10-09T06:52:10+00:00,104,local,share,0.0,1.0,0,3.69,hold,doc,2.0,0.5,S0,0.7560239999999965,0.928630583333323,1.5693519999999523,0.0,33.5,0,1292,268
20261009-065112-m7-sim-sweep2,2026-10-09T06:52:10+00:00,104,local,share,0.0,1.0,0,3.69,hold,doc,2.0,0.5,S1,1.0598620000000096,1.0079277391598953,1.1545197073176041,0.0,33.5,0,737,293
20261009-065112-m7-sim-sweep2,2026-10-09T06:52:10+00:00,104,local,share,0.0,1.0,0,3.69,hold,doc,2.0,0.5,S2b,0.9824720000000013,1.099698215935014,1.1545197073176041,0.0900690664328927,33.5,0,387,296
20261009-065112-m7-sim-sweep2,2026-10-09T06:52:10+00:00,104,local,share,0.0,1.0,0,3.69,hold,doc,2.0,0.5,S4,0.9070719999999994,1.1161047167519438,1.1545197073176041,0.23140139840832674,20.0625,321,773,256
20261009-065112-m7-sim-sweep2,2026-10-09T06:52:10+00:00,104,local,share,0.0,1.0,0,3.69,hold,doc,2.0,0.5,S4+,1.0051833073789567,1.2436602960772696,1.1545197073176041,0.26437386596535006,16.75,268,395,287
20261009-065112-m7-sim-sweep2,2026-10-09T06:52:10+00:00,104,local,share,0.0,1.0,0,3.69,hold,doc,2.0,0.5,S4+P,0.9690944612210757,1.197433325715225,1.1545197073176041,0.26437386596535006,16.75,268,550,272
20261009-065112-m7-sim-sweep2,2026-10-09T06:52:10+00:00,104,local,share,0.0,1.0,0,3.69,hold,doc,2.0,0.5,S4L,1.0817023073789613,1.1815059843417224,1.1545197073176041,0.26437386596535006,16.75,268,586,266
20261009-065112-m7-sim-sweep2,2026-10-09T06:52:10+00:00,104,local,share,0.0,1.0,0,3.69,hold,doc,2.0,0.5,S4B,1.082573307378965,1.2130313556667953,1.1545197073176041,0.26437386596535006,16.75,268,462,276
20261009-065112-m7-sim-sweep2,2026-10-09T06:52:10+00:00,104,local,share,0.0,1.0,0,3.69,hold,doc,2.0,0.5,S5,1.0051833073789567,1.1800889258515734,1.1408848834692833,0.19800494673333446,16.75,172,395,288
20261009-065112-m7-sim-sweep2,2026-10-09T06:52:10+00:00,104,local,share,0.0,1.0,0,3.69,hold,doc,2.0,0.5,S5s,1.0051833073789567,1.2004499160489683,1.1490657777782758,0.22075878946008842,16.75,204,395,287
20261009-065112-m7-sim-sweep2,2026-10-09T06:52:10+00:00,104,local,share,0.0,1.0,0,3.69,hold,doc,2.0,0.5,S5L,1.0817023073789613,1.149459985441099,1.1408848834692833,0.19800494673333446,16.75,172,471,277
20261009-065112-m7-sim-sweep2,2026-10-09T06:52:10+00:00,104,local,share,0.0,1.0,0,3.69,hold,doc,2.0,0.5,S5P,0.9699444612210755,1.147208305985289,1.1408848834692833,0.19800494673333446,16.75,172,484,277
20261009-065112-m7-sim-sweep2,2026-10-09T06:52:10+00:00,104,local,share,0.0,1.0,0,3.69,hold,doc,2.0,0.5,S5c,1.0051833073789567,1.203410886238674,1.1545197073176041,0.22075878946008842,16.75,204,395,288
20261009-065112-m7-sim-sweep2,2026-10-09T06:52:10+00:00,105,local,share,0.0,1.0,0,1.0,free,chat,0.25,0.125,S0,0.49129764363802053,0.5015368267062664,0.696579889661777,0.0,32.0,0,200,568
20261009-065112-m7-sim-sweep2,2026-10-09T06:52:10+00:00,105,local,share,0.0,1.0,0,1.0,free,chat,0.25,0.125,S1,0.5180324468190207,0.5394505615680275,0.8197492500000294,0.0,32.0,0,91,620
20261009-065112-m7-sim-sweep2,2026-10-09T06:52:10+00:00,105,local,share,0.0,1.0,0,1.0,free,chat,0.25,0.125,S2b,0.49129764363802053,0.5282456191392454,0.7408370000000133,0.0,32.0,0,121,606
20261009-065112-m7-sim-sweep2,2026-10-09T06:52:10+00:00,105,local,share,0.0,1.0,0,1.0,free,chat,0.25,0.125,S4,0.5180324468190207,0.5394505615680275,0.8197492500000294,0.0,29.0,464,91,620
20261009-065112-m7-sim-sweep2,2026-10-09T06:52:10+00:00,105,local,share,0.0,1.0,0,1.0,free,chat,0.25,0.125,S4+,0.49129764363802053,0.5282456191392454,0.7408370000000133,0.0,28.0,448,121,606
20261009-065112-m7-sim-sweep2,2026-10-09T06:52:10+00:00,105,local,share,0.0,1.0,0,1.0,free,chat,0.25,0.125,S4+P,0.5447672500000209,0.5427924119656525,0.8197492500000294,0.0,28.0,448,79,626
20261009-065112-m7-sim-sweep2,2026-10-09T06:52:10+00:00,105,local,share,0.0,1.0,0,1.0,free,chat,0.25,0.125,S4L,0.5447672500000209,0.5416784618331109,0.8197492500000294,0.0,28.0,448,83,624
20261009-065112-m7-sim-sweep2,2026-10-09T06:52:10+00:00,105,local,share,0.0,1.0,0,1.0,free,chat,0.25,0.125,S4B,0.5447672500000209,0.5671001830682675,0.8197492500000294,0.0,28.0,448,8,660
20261009-065112-m7-sim-sweep2,2026-10-09T06:52:10+00:00,105,local,share,0.0,1.0,0,1.0,free,chat,0.25,0.125,S5,0.5313998484095208,0.5381578019797431,0.7882992499999943,0.0,28.0,128,83,625
20261009-065112-m7-sim-sweep2,2026-10-09T06:52:10+00:00,105,local,share,0.0,1.0,0,1.0,free,chat,0.25,0.125,S5s,0.49129764363802053,0.5282456191392454,0.7408370000000133,0.0,28.0,384,121,606
20261009-065112-m7-sim-sweep2,2026-10-09T06:52:10+00:00,105,local,share,0.0,1.0,0,1.0,free,chat,0.25,0.125,S5L,0.5447672500000209,0.5563922175902771,0.8197492500000294,0.0,28.0,128,35,647
20261009-065112-m7-sim-sweep2,2026-10-09T06:52:10+00:00,105,local,share,0.0,1.0,0,1.0,free,chat,0.25,0.125,S5P,0.5447672500000209,0.5563922175902771,0.8197492500000294,0.0,28.0,128,35,647
20261009-065112-m7-sim-sweep2,2026-10-09T06:52:10+00:00,105,local,share,0.0,1.0,0,1.0,free,chat,0.25,0.125,S5c,0.49129764363802053,0.5282456191392454,0.7408370000000133,0.0,28.0,384,121,606
20261009-065112-m7-sim-sweep2,2026-10-09T06:52:10+00:00,105,local,share,0.0,1.0,0,1.0,free,chat,0.25,0.25,S0,0.49129764363802053,0.5015368267062664,0.696579889661777,0.0,32.0,0,200,568
20261009-065112-m7-sim-sweep2,2026-10-09T06:52:10+00:00,105,local,share,0.0,1.0,0,1.0,free,chat,0.25,0.25,S1,0.5447672500000209,0.5501523689114963,0.8197492500000294,0.0,32.0,0,58,636
20261009-065112-m7-sim-sweep2,2026-10-09T06:52:10+00:00,105,local,share,0.0,1.0,0,1.0,free,chat,0.25,0.25,S2b,0.5447672500000209,0.553393657140474,0.8197492500000294,0.0,32.0,0,48,641
20261009-065112-m7-sim-sweep2,2026-10-09T06:52:10+00:00,105,local,share,0.0,1.0,0,1.0,free,chat,0.25,0.25,S4,0.5447672500000209,0.5501523689114963,0.8197492500000294,0.0,24.0,384,58,636
20261009-065112-m7-sim-sweep2,2026-10-09T06:52:10+00:00,105,local,share,0.0,1.0,0,1.0,free,chat,0.25,0.25,S4+,0.5447672500000209,0.553393657140474,0.8197492500000294,0.0,24.0,384,48,641
20261009-065112-m7-sim-sweep2,2026-10-09T06:52:10+00:00,105,local,share,0.0,1.0,0,1.0,free,chat,0.25,0.25,S4+P,0.5447672500000209,0.5552844255922569,0.8197492500000294,0.0,24.0,384,45,642
20261009-065112-m7-sim-sweep2,2026-10-09T06:52:10+00:00,105,local,share,0.0,1.0,0,1.0,free,chat,0.25,0.25,S4L,0.5447672500000209,0.5552844255922569,0.8197492500000294,0.0,24.0,384,45,642
20261009-065112-m7-sim-sweep2,2026-10-09T06:52:10+00:00,105,local,share,0.0,1.0,0,1.0,free,chat,0.25,0.25,S4B,0.5447672500000209,0.5693280833333508,0.8197492500000294,0.0,24.0,384,0,664
20261009-065112-m7-sim-sweep2,2026-10-09T06:52:10+00:00,105,local,share,0.0,1.0,0,1.0,free,chat,0.25,0.25,S5,0.5447672500000209,0.5631951994698502,0.8197492500000294,0.0,24.0,64,16,656
20261009-065112-m7-sim-sweep2,2026-10-09T06:52:10+00:00,105,local,share,0.0,1.0,0,1.0,free,chat,0.25,0.25,S5s,0.5447672500000209,0.553393657140474,0.8197492500000294,0.0,24.0,320,48,641
20261009-065112-m7-sim-sweep2,2026-10-09T06:52:10+00:00,105,local,share,0.0,1.0,0,1.0,free,chat,0.25,0.25,S5L,0.5447672500000209,0.5654230997349335,0.8197492500000294,0.0,24.0,64,8,660
20261009-065112-m7-sim-sweep2,2026-10-09T06:52:10+00:00,105,local,share,0.0,1.0,0,1.0,free,chat,0.25,0.25,S5P,0.5447672500000209,0.5654230997349335,0.8197492500000294,0.0,24.0,64,8,660
20261009-065112-m7-sim-sweep2,2026-10-09T06:52:10+00:00,105,local,share,0.0,1.0,0,1.0,free,chat,0.25,0.25,S5c,0.5447672500000209,0.553393657140474,0.8197492500000294,0.0,24.0,320,48,641
20261009-065112-m7-sim-sweep2,2026-10-09T06:52:10+00:00,105,local,share,0.0,1.0,0,1.0,free,chat,0.25,0.5,S0,0.49129764363802053,0.5015368267062664,0.696579889661777,0.0,32.0,0,200,568
20261009-065112-m7-sim-sweep2,2026-10-09T06:52:10+00:00,105,local,share,0.0,1.0,0,1.0,free,chat,0.25,0.5,S1,0.5447672500000209,0.5597402261224236,0.8197492500000294,0.0,32.0,0,29,650
20261009-065112-m7-sim-sweep2,2026-10-09T06:52:10+00:00,105,local,share,0.0,1.0,0,1.0,free,chat,0.25,0.5,S2b,0.5447672500000209,0.5671001830682675,0.8197492500000294,0.0,32.0,0,8,660
20261009-065112-m7-sim-sweep2,2026-10-09T06:52:10+00:00,105,local,share,0.0,1.0,0,1.0,free,chat,0.25,0.5,S4,0.5447672500000209,0.5586124991716321,0.8197492500000294,0.0,17.0,272,30,649
20261009-065112-m7-sim-sweep2,2026-10-09T06:52:10+00:00,105,local,share,0.0,1.0,0,1.0,free,chat,0.25,0.5,S4+,0.5447672500000209,0.5671001830682675,0.8197492500000294,0.0,16.0,256,8,660
20261009-065112-m7-sim-sweep2,2026-10-09T06:52:10+00:00,105,local,share,0.0,1.0,0,1.0,free,chat,0.25,0.5,S4+P,0.5447672500000209,0.5671001830682675,0.8197492500000294,0.0,16.0,256,8,660
20261009-065112-m7-sim-sweep2,2026-10-09T06:52:10+00:00,105,local,share,0.0,1.0,0,1.0,free,chat,0.25,0.5,S4L,0.5447672500000209,0.5648722828031841,0.8197492500000294,0.0,16.0,256,16,656
20261009-065112-m7-sim-sweep2,2026-10-09T06:52:10+00:00,105,local,share,0.0,1.0,0,1.0,free,chat,0.25,0.5,S4B,0.5447672500000209,0.5693280833333508,0.8197492500000294,0.0,16.0,256,0,664
20261009-065112-m7-sim-sweep2,2026-10-09T06:52:10+00:00,105,local,share,0.0,1.0,0,1.0,free,chat,0.25,0.5,S5,0.5447672500000209,0.5676510000000169,0.8197492500000294,0.0,20.0,0,0,664
20261009-065112-m7-sim-sweep2,2026-10-09T06:52:10+00:00,105,local,share,0.0,1.0,0,1.0,free,chat,0.25,0.5,S5s,0.5447672500000209,0.5671001830682675,0.8197492500000294,0.0,16.0,192,8,660
20261009-065112-m7-sim-sweep2,2026-10-09T06:52:10+00:00,105,local,share,0.0,1.0,0,1.0,free,chat,0.25,0.5,S5L,0.5447672500000209,0.5676510000000169,0.8197492500000294,0.0,20.0,0,0,664
20261009-065112-m7-sim-sweep2,2026-10-09T06:52:10+00:00,105,local,share,0.0,1.0,0,1.0,free,chat,0.25,0.5,S5P,0.5447672500000209,0.5676510000000169,0.8197492500000294,0.0,20.0,0,0,664
20261009-065112-m7-sim-sweep2,2026-10-09T06:52:10+00:00,105,local,share,0.0,1.0,0,1.0,free,chat,0.25,0.5,S5c,0.5447672500000209,0.5671001830682675,0.8197492500000294,0.0,16.0,192,8,660
20261009-065112-m7-sim-sweep2,2026-10-09T06:52:10+00:00,106,local,share,0.0,1.0,0,1.0,free,chat,0.5,0.125,S0,0.881409000000005,0.8833793738928731,1.1943910000000102,0.0,32.0,0,304,464
20261009-065112-m7-sim-sweep2,2026-10-09T06:52:10+00:00,106,local,share,0.0,1.0,0,1.0,free,chat,0.5,0.125,S1,0.9491905000000145,0.9649137073392821,1.450939500000004,0.0,32.0,0,138,538
20261009-065112-m7-sim-sweep2,2026-10-09T06:52:10+00:00,106,local,share,0.0,1.0,0,1.0,free,chat,0.5,0.125,S2b,0.881409000000005,0.9263129944127476,1.1999552290206736,0.0,32.0,0,205,505
20261009-065112-m7-sim-sweep2,2026-10-09T06:52:10+00:00,106,local,share,0.0,1.0,0,1.0,free,chat,0.5,0.125,S4,0.9491905000000145,0.95458072399703,1.450939500000004,0.0,29.0,464,151,525
20261009-065112-m7-sim-sweep2,2026-10-09T06:52:10+00:00,106,local,share,0.0,1.0,0,1.0,free,chat,0.5,0.125,S4+,0.881409000000005,0.9263129944127476,1.1999552290206736,0.0,28.0,448,205,505
20261009-065112-m7-sim-sweep2,2026-10-09T06:52:10+00:00,106,local,share,0.0,1.0,0,1.0,free,chat,0.5,0.125,S4+P,1.016972000000024,0.9738152029075339,1.450939500000004,0.0,28.0,448,122,544
20261009-065112-m7-sim-sweep2,2026-10-09T06:52:10+00:00,106,local,share,0.0,1.0,0,1.0,free,chat,0.5,0.125,S4L,1.016972000000024,0.9705621656726162,1.450939500000004,0.0,28.0,448,126,543
20261009-065112-m7-sim-sweep2,2026-10-09T06:52:10+00:00,106,local,share,0.0,1.0,0,1.0,free,chat,0.5,0.125,S4B,1.016972000000024,1.0087534621023877,1.450939500000004,0.0,28.0,448,44,580
20261009-065112-m7-sim-sweep2,2026-10-09T06:52:10+00:00,106,local,share,0.0,1.0,0,1.0,free,chat,0.5,0.125,S5,0.881409000000005,0.9309556221256526,1.1999552290206736,0.0,28.0,240,189,513
20261009-065112-m7-sim-sweep2,2026-10-09T06:52:10+00:00,106,local,share,0.0,1.0,0,1.0,free,chat,0.5,0.125,S5s,0.881409000000005,0.9263129944127476,1.1999552290206736,0.0,28.0,400,205,505
20261009-065112-m7-sim-sweep2,2026-10-09T06:52:10+00:00,106,local,share,0.0,1.0,0,1.0,free,chat,0.5,0.125,S5L,1.0119407500000221,0.9917096079357209,1.450939500000004,0.0,28.0,240,76,565
20261009-065112-m7-sim-sweep2,2026-10-09T06:52:10+00:00,106,local,share,0.0,1.0,0,1.0,free,chat,0.5,0.125,S5P,1.0119407500000221,0.9917096079357209,1.450939500000004,0.0,28.0,240,76,565
20261009-065112-m7-sim-sweep2,2026-10-09T06:52:10+00:00,106,local,share,0.0,1.0,0,1.0,free,chat,0.5,0.125,S5c,0.881409000000005,0.9263129944127476,1.1999552290206736,0.0,28.0,400,205,505
20261009-065112-m7-sim-sweep2,2026-10-09T06:52:10+00:00,106,local,share,0.0,1.0,0,1.0,free,chat,0.5,0.25,S0,0.881409000000005,0.8833793738928731,1.1943910000000102,0.0,32.0,0,304,464
20261009-065112-m7-sim-sweep2,2026-10-09T06:52:10+00:00,106,local,share,0.0,1.0,0,1.0,free,chat,0.5,0.25,S1,1.016972000000024,0.9887385908714291,1.450939500000004,0.0,32.0,0,88,560
20261009-065112-m7-sim-sweep2,2026-10-09T06:52:10+00:00,106,local,share,0.0,1.0,0,1.0,free,chat,0.5,0.25,S2b,1.010288299204774,0.9798516082376398,1.450939500000004,0.0,32.0,0,96,553
20261009-065112-m7-sim-sweep2,2026-10-09T06:52:10+00:00,106,local,share,0.0,1.0,0,1.0,free,chat,0.5,0.25,S4,1.016972000000024,0.9896212360420549,1.450939500000004,0.0,24.0,384,88,560
20261009-065112-m7-sim-sweep2,2026-10-09T06:52:10+00:00,106,local,share,0.0,1.0,0,1.0,free,chat,0.5,0.25,S4+,1.010288299204774,0.9798516082376398,1.450939500000004,0.0,24.0,384,96,553
20261009-065112-m7-sim-sweep2,2026-10-09T06:52:10+00:00,106,local,share,0.0,1.0,0,1.0,free,chat,0.5,0.25,S4+P,1.016972000000024,0.9969250492047621,1.450939500000004,0.0,24.0,384,71,567
20261009-065112-m7-sim-sweep2,2026-10-09T06:52:10+00:00,106,local,share,0.0,1.0,0,1.0,free,chat,0.5,0.25,S4L,1.016972000000024,0.9994281117047622,1.450939500000004,0.0,24.0,384,68,569
20261009-065112-m7-sim-sweep2,2026-10-09T06:52:10+00:00,106,local,share,0.0,1.0,0,1.0,free,chat,0.5,0.25,S4B,1.016972000000024,1.0287683333333462,1.450939500000004,0.0,24.0,384,0,600
20261009-065112-m7-sim-sweep2,2026-10-09T06:52:10+00:00,106,local,share,0.0,1.0,0,1.0,free,chat,0.5,0.25,S5,1.0069095000000203,0.9807760850227556,1.450939500000004,0.0,24.0,176,93,553
20261009-065112-m7-sim-sweep2,2026-10-09T06:52:10+00:00,106,local,share,0.0,1.0,0,1.0,free,chat,0.5,0.25,S5s,1.010288299204774,0.9798516082376398,1.450939500000004,0.0,24.0,336,96,553
20261009-065112-m7-sim-sweep2,2026-10-09T06:52:10+00:00,106,local,share,0.0,1.0,0,1.0,free,chat,0.5,0.25,S5L,1.016972000000024,1.0080475871023882,1.450939500000004,0.0,24.0,176,44,579
20261009-065112-m7-sim-sweep2,2026-10-09T06:52:10+00:00,106,local,share,0.0,1.0,0,1.0,free,chat,0.5,0.25,S5P,1.016972000000024,1.0099097817633644,1.450939500000004,0.0,24.0,176,38,580
20261009-065112-m7-sim-sweep2,2026-10-09T06:52:10+00:00,106,local,share,0.0,1.0,0,1.0,free,chat,0.5,0.25,S5c,1.010288299204774,0.9798516082376398,1.450939500000004,0.0,24.0,336,96,553
20261009-065112-m7-sim-sweep2,2026-10-09T06:52:10+00:00,106,local,share,0.0,1.0,0,1.0,free,chat,0.5,0.5,S0,0.881409000000005,0.8833793738928731,1.1943910000000102,0.0,32.0,0,304,464
20261009-065112-m7-sim-sweep2,2026-10-09T06:52:10+00:00,106,local,share,0.0,1.0,0,1.0,free,chat,0.5,0.5,S1,1.016972000000024,1.0087534621023877,1.450939500000004,0.0,32.0,0,44,580
20261009-065112-m7-sim-sweep2,2026-10-09T06:52:10+00:00,106,local,share,0.0,1.0,0,1.0,free,chat,0.5,0.5,S2b,1.016972000000024,1.0224074412690538,1.450939500000004,0.0,32.0,0,17,592
20261009-065112-m7-sim-sweep2,2026-10-09T06:52:10+00:00,106,local,share,0.0,1.0,0,1.0,free,chat,0.5,0.5,S4,1.016972000000024,0.991675704949861,1.450939500000004,0.0,17.0,272,62,562
20261009-065112-m7-sim-sweep2,2026-10-09T06:52:10+00:00,106,local,share,0.0,1.0,0,1.0,free,chat,0.5,0.5,S4+,1.016972000000024,1.0224074412690538,1.450939500000004,0.0,16.0,256,17,592
20261009-065112-m7-sim-sweep2,2026-10-09T06:52:10+00:00,106,local,share,0.0,1.0,0,1.0,free,chat,0.5,0.5,S4+P,1.016972000000024,1.0250914412690548,1.450939500000004,0.0,16.0,256,12,594
20261009-065112-m7-sim-sweep2,2026-10-09T06:52:10+00:00,106,local,share,0.0,1.0,0,1.0,free,chat,0.5,0.5,S4L,1.016972000000024,1.0194429829357208,1.450939500000004,0.0,16.0,256,24,589
20261009-065112-m7-sim-sweep2,2026-10-09T06:52:10+00:00,106,local,share,0.0,1.0,0,1.0,free,chat,0.5,0.5,S4B,1.016972000000024,1.0287683333333462,1.450939500000004,0.0,16.0,256,0,600
20261009-065112-m7-sim-sweep2,2026-10-09T06:52:10+00:00,106,local,share,0.0,1.0,0,1.0,free,chat,0.5,0.5,S5,1.016972000000024,1.0280624583333466,1.450939500000004,0.0,16.0,48,0,599
20261009-065112-m7-sim-sweep2,2026-10-09T06:52:10+00:00,106,local,share,0.0,1.0,0,1.0,free,chat,0.5,0.5,S5s,1.016972000000024,1.0224074412690538,1.450939500000004,0.0,16.0,208,17,592
20261009-065112-m7-sim-sweep2,2026-10-09T06:52:10+00:00,106,local,share,0.0,1.0,0,1.0,free,chat,0.5,0.5,S5L,1.016972000000024,1.0280624583333466,1.450939500000004,0.0,16.0,48,0,599
20261009-065112-m7-sim-sweep2,2026-10-09T06:52:10+00:00,106,local,share,0.0,1.0,0,1.0,free,chat,0.5,0.5,S5P,1.016972000000024,1.0280624583333466,1.450939500000004,0.0,16.0,48,0,599
20261009-065112-m7-sim-sweep2,2026-10-09T06:52:10+00:00,106,local,share,0.0,1.0,0,1.0,free,chat,0.5,0.5,S5c,1.016972000000024,1.0224074412690538,1.450939500000004,0.0,16.0,208,17,592
20261009-065112-m7-sim-sweep2,2026-10-09T06:52:10+00:00,107,local,share,0.0,1.0,0,1.0,free,chat,2.0,0.125,S0,2.6174319999999796,2.5849463470840615,3.2250919999999894,0.0,32.0,0,568,200
20261009-065112-m7-sim-sweep2,2026-10-09T06:52:10+00:00,107,local,share,0.0,1.0,0,1.0,free,chat,2.0,0.125,S1,2.8972225000000122,2.869256300260874,3.8028779999999642,0.0,32.0,0,300,282
20261009-065112-m7-sim-sweep2,2026-10-09T06:52:10+00:00,107,local,share,0.0,1.0,0,1.0,free,chat,2.0,0.125,S2b,2.6174319999999796,2.709851165556886,3.2250919999999894,0.0,32.0,0,435,237
20261009-065112-m7-sim-sweep2,2026-10-09T06:52:10+00:00,107,local,share,0.0,1.0,0,1.0,free,chat,2.0,0.125,S4,2.9341335000000157,2.8652609025877633,3.8028779999999642,0.0,29.0,464,303,279
20261009-065112-m7-sim-sweep2,2026-10-09T06:52:10+00:00,107,local,share,0.0,1.0,0,1.0,free,chat,2.0,0.125,S4+,2.6174319999999796,2.709851165556886,3.2250919999999894,0.0,28.0,448,435,237
20261009-065112-m7-sim-sweep2,2026-10-09T06:52:10+00:00,107,local,share,0.0,1.0,0,1.0,free,chat,2.0,0.125,S4+P,3.0141513835523597,2.902285500609072,4.077123999999941,0.0,28.0,448,268,291
20261009-065112-m7-sim-sweep2,2026-10-09T06:52:10+00:00,107,local,share,0.0,1.0,0,1.0,free,chat,2.0,0.125,S4L,3.177013000000045,2.9119764252608764,3.8028779999999642,0.0,28.0,448,263,294
20261009-065112-m7-sim-sweep2,2026-10-09T06:52:10+00:00,107,local,share,0.0,1.0,0,1.0,free,chat,2.0,0.125,S4B,3.177013000000045,2.9653185068753682,4.268579999999957,0.0,28.0,448,215,309
20261009-065112-m7-sim-sweep2,2026-10-09T06:52:10+00:00,107,local,share,0.0,1.0,0,1.0,free,chat,2.0,0.125,S5,2.6174319999999796,2.709012623890219,3.2250919999999894,0.0,28.0,384,435,237
20261009-065112-m7-sim-sweep2,2026-10-09T06:52:10+00:00,107,local,share,0.0,1.0,0,1.0,free,chat,2.0,0.125,S5s,2.6174319999999796,2.709851165556886,3.2250919999999894,0.0,28.0,432,435,237
20261009-065112-m7-sim-sweep2,2026-10-09T06:52:10+00:00,107,local,share,0.0,1.0,0,1.0,free,chat,2.0,0.125,S5L,3.177013000000045,2.9429382360420315,4.171917999999948,0.0,28.0,384,230,303
20261009-065112-m7-sim-sweep2,2026-10-09T06:52:10+00:00,107,local,share,0.0,1.0,0,1.0,free,chat,2.0,0.125,S5P,3.0141513835523597,2.9187444780568943,4.171917999999948,0.0,28.0,384,251,296
20261009-065112-m7-sim-sweep2,2026-10-09T06:52:10+00:00,107,local,share,0.0,1.0,0,1.0,free,chat,2.0,0.125,S5c,2.6174319999999796,2.709851165556886,3.2250919999999894,0.0,28.0,432,435,237
20261009-065112-m7-sim-sweep2,2026-10-09T06:52:10+00:00,107,local,share,0.0,1.0,0,1.0,free,chat,2.0,0.25,S0,2.6174319999999796,2.5849463470840615,3.2250919999999894,0.0,32.0,0,568,200
20261009-065112-m7-sim-sweep2,2026-10-09T06:52:10+00:00,107,local,share,0.0,1.0,0,1.0,free,chat,2.0,0.25,S1,3.177013000000045,2.989392923542034,4.268579999999957,0.0,32.0,0,192,316
20261009-065112-m7-sim-sweep2,2026-10-09T06:52:10+00:00,107,local,share,0.0,1.0,0,1.0,free,chat,2.0,0.25,S2b,2.7675669999999855,2.8832448384898446,3.8028779999999642,0.0,32.0,0,269,287
20261009-065112-m7-sim-sweep2,2026-10-09T06:52:10+00:00,107,local,share,0.0,1.0,0,1.0,free,chat,2.0,0.25,S4,3.177013000000045,2.9891004595998854,4.268579999999957,0.0,24.0,384,193,315
20261009-065112-m7-sim-sweep2,2026-10-09T06:52:10+00:00,107,local,share,0.0,1.0,0,1.0,free,chat,2.0,0.25,S4+,2.7675669999999855,2.8832448384898446,3.8028779999999642,0.0,24.0,384,269,287
20261009-065112-m7-sim-sweep2,2026-10-09T06:52:10+00:00,107,local,share,0.0,1.0,0,1.0,free,chat,2.0,0.25,S4+P,3.177013000000045,3.0186725902087015,4.268579999999957,0.0,24.0,384,165,324
20261009-065112-m7-sim-sweep2,2026-10-09T06:52:10+00:00,107,local,share,0.0,1.0,0,1.0,free,chat,2.0,0.25,S4L,3.177013000000045,3.0328715902087002,4.268579999999957,0.0,24.0,384,155,328
20261009-065112-m7-sim-sweep2,2026-10-09T06:52:10+00:00,107,local,share,0.0,1.0,0,1.0,free,chat,2.0,0.25,S4B,3.177013000000045,3.096835628437683,4.268579999999957,0.0,24.0,384,96,346
20261009-065112-m7-sim-sweep2,2026-10-09T06:52:10+00:00,107,local,share,0.0,1.0,0,1.0,free,chat,2.0,0.25,S5,2.7675669999999855,2.881987025989844,3.8028779999999642,0.0,24.0,320,269,287
20261009-065112-m7-sim-sweep2,2026-10-09T06:52:10+00:00,107,local,share,0.0,1.0,0,1.0,free,chat,2.0,0.25,S5s,2.7675669999999855,2.8832448384898446,3.8028779999999642,0.0,24.0,368,269,287
20261009-065112-m7-sim-sweep2,2026-10-09T06:52:10+00:00,107,local,share,0.0,1.0,0,1.0,free,chat,2.0,0.25,S5L,3.177013000000045,3.041368607604346,4.268579999999957,0.0,24.0,320,144,331
20261009-065112-m7-sim-sweep2,2026-10-09T06:52:10+00:00,107,local,share,0.0,1.0,0,1.0,free,chat,2.0,0.25,S5P,3.177013000000045,3.0377889148778716,4.268579999999957,0.0,24.0,320,146,330
20261009-065112-m7-sim-sweep2,2026-10-09T06:52:10+00:00,107,local,share,0.0,1.0,0,1.0,free,chat,2.0,0.25,S5c,2.7675669999999855,2.8832448384898446,3.8028779999999642,0.0,24.0,368,269,287
20261009-065112-m7-sim-sweep2,2026-10-09T06:52:10+00:00,107,local,share,0.0,1.0,0,1.0,free,chat,2.0,0.5,S0,2.6174319999999796,2.5849463470840615,3.2250919999999894,0.0,32.0,0,568,200
20261009-065112-m7-sim-sweep2,2026-10-09T06:52:10+00:00,107,local,share,0.0,1.0,0,1.0,free,chat,2.0,0.5,S1,3.177013000000045,3.096835628437683,4.268579999999957,0.0,32.0,0,96,346
20261009-065112-m7-sim-sweep2,2026-10-09T06:52:10+00:00,107,local,share,0.0,1.0,0,1.0,free,chat,2.0,0.5,S2b,3.177013000000045,3.1220546701043443,4.268579999999957,0.0,32.0,0,69,353
20261009-065112-m7-sim-sweep2,2026-10-09T06:52:10+00:00,107,local,share,0.0,1.0,0,1.0,free,chat,2.0,0.5,S4,3.177013000000045,3.073194165007901,4.268579999999957,0.0,17.0,272,105,337
20261009-065112-m7-sim-sweep2,2026-10-09T06:52:10+00:00,107,local,share,0.0,1.0,0,1.0,free,chat,2.0,0.5,S4+,3.177013000000045,3.1220546701043443,4.268579999999957,0.0,16.0,256,69,353
20261009-065112-m7-sim-sweep2,2026-10-09T06:52:10+00:00,107,local,share,0.0,1.0,0,1.0,free,chat,2.0,0.5,S4+P,3.177013000000045,3.1691538784376814,4.268579999999957,0.0,16.0,256,33,366
20261009-065112-m7-sim-sweep2,2026-10-09T06:52:10+00:00,107,local,share,0.0,1.0,0,1.0,free,chat,2.0,0.5,S4L,3.177013000000045,3.1209100451043486,4.268579999999957,0.0,16.0,256,73,353
20261009-065112-m7-sim-sweep2,2026-10-09T06:52:10+00:00,107,local,share,0.0,1.0,0,1.0,free,chat,2.0,0.5,S4B,3.177013000000045,3.2042783333333436,4.268579999999957,0.0,16.0,256,0,376
20261009-065112-m7-sim-sweep2,2026-10-09T06:52:10+00:00,107,local,share,0.0,1.0,0,1.0,free,chat,2.0,0.5,S5,3.177013000000045,3.120533315937674,4.268579999999957,0.0,16.0,192,69,353
20261009-065112-m7-sim-sweep2,2026-10-09T06:52:10+00:00,107,local,share,0.0,1.0,0,1.0,free,chat,2.0,0.5,S5s,3.177013000000045,3.1217911284376743,4.268579999999957,0.0,16.0,240,69,353
20261009-065112-m7-sim-sweep2,2026-10-09T06:52:10+00:00,107,local,share,0.0,1.0,0,1.0,free,chat,2.0,0.5,S5L,3.177013000000045,3.177485482604346,4.268579999999957,0.0,16.0,192,24,369
20261009-065112-m7-sim-sweep2,2026-10-09T06:52:10+00:00,107,local,share,0.0,1.0,0,1.0,free,chat,2.0,0.5,S5P,3.177013000000045,3.1815130659376796,4.268579999999957,0.0,16.0,192,22,370
20261009-065112-m7-sim-sweep2,2026-10-09T06:52:10+00:00,107,local,share,0.0,1.0,0,1.0,free,chat,2.0,0.5,S5c,3.177013000000045,3.1220546701043443,4.268579999999957,0.0,16.0,240,69,353
20261009-065112-m7-sim-sweep2,2026-10-09T06:52:10+00:00,108,nfs,share,0.0,1.0,0,1.0,free,doc,0.25,0.125,S0,0.9690847273471235,0.9690829773471172,0.9692972273471128,0.0,33.5,0,72,1488
20261009-065112-m7-sim-sweep2,2026-10-09T06:52:10+00:00,108,nfs,share,0.0,1.0,0,1.0,free,doc,0.25,0.125,S1,0.9690847273471235,0.9715884801787334,1.0418597273471164,0.0,33.5,0,63,1457
20261009-065112-m7-sim-sweep2,2026-10-09T06:52:10+00:00,108,nfs,share,0.0,1.0,0,1.0,free,doc,0.25,0.125,S2b,0.8815572841157362,0.8615410786140091,0.9902921591157394,0.0,33.5,0,17,1340
20261009-065112-m7-sim-sweep2,2026-10-09T06:52:10+00:00,108,nfs,share,0.0,1.0,0,1.0,free,doc,0.25,0.125,S4,0.9690847273471235,0.9715884801787334,1.0418597273471164,0.0,32.75,524,63,1457
20261009-065112-m7-sim-sweep2,2026-10-09T06:52:10+00:00,108,nfs,share,0.0,1.0,0,1.0,free,doc,0.25,0.125,S4+,0.8815572841157362,0.8615410786140091,0.9902921591157394,0.0,29.3125,469,17,1340
20261009-065112-m7-sim-sweep2,2026-10-09T06:52:10+00:00,108,nfs,share,0.0,1.0,0,1.0,free,doc,0.25,0.125,S4+P,0.9690847273471235,0.9476202746770142,1.0418597273471164,0.0,29.3125,469,54,1435
20261009-065112-m7-sim-sweep2,2026-10-09T06:52:10+00:00,108,nfs,share,0.0,1.0,0,1.0,free,doc,0.25,0.125,S4L,0.9690847273471235,0.9467275587699883,1.0418597273471164,0.0,29.3125,469,56,1442
20261009-065112-m7-sim-sweep2,2026-10-09T06:52:10+00:00,108,nfs,share,0.0,1.0,0,1.0,free,doc,0.25,0.125,S4B,0.7651597499999951,0.8179127414938243,0.9690847273471235,0.0,29.3125,469,17,1355
20261009-065112-m7-sim-sweep2,2026-10-09T06:52:10+00:00,108,nfs,share,0.0,1.0,0,1.0,free,doc,0.25,0.125,S5,0.8477224091157041,0.8696004375227382,0.9727224091157041,0.0,29.3125,45,22,1333
20261009-065112-m7-sim-sweep2,2026-10-09T06:52:10+00:00,108,nfs,share,0.0,1.0,0,1.0,free,doc,0.25,0.125,S5s,0.975828568231421,0.9808580682314165,1.0385410682314102,0.0,30.0,0,48,1392
20261009-065112-m7-sim-sweep2,2026-10-09T06:52:10+00:00,108,nfs,share,0.0,1.0,0,1.0,free,doc,0.25,0.125,S5L,0.8786510341157125,0.8827411988946375,1.0416472273471271,0.0,29.3125,45,30,1359
20261009-065112-m7-sim-sweep2,2026-10-09T06:52:10+00:00,108,nfs,share,0.0,1.0,0,1.0,free,doc,0.25,0.125,S5P,0.8786510341157125,0.8827411988946375,1.0416472273471271,0.0,29.3125,45,30,1359
20261009-065112-m7-sim-sweep2,2026-10-09T06:52:10+00:00,108,nfs,share,0.0,1.0,0,1.0,free,doc,0.25,0.125,S5c,0.8815572841157362,0.8615410786140091,0.9902921591157394,0.0,30.0,0,17,1340
20261009-065112-m7-sim-sweep2,2026-10-09T06:52:10+00:00,108,nfs,share,0.0,1.0,0,1.0,free,doc,0.25,0.25,S0,0.9690847273471235,0.9690829773471172,0.9692972273471128,0.0,33.5,0,72,1488
20261009-065112-m7-sim-sweep2,2026-10-09T06:52:10+00:00,108,nfs,share,0.0,1.0,0,1.0,free,doc,0.25,0.25,S1,0.9690847273471235,0.9566905871770146,1.11442222734712,0.0,33.5,0,54,1432
20261009-065112-m7-sim-sweep2,2026-10-09T06:52:10+00:00,108,nfs,share,0.0,1.0,0,1.0,free,doc,0.25,0.25,S2b,0.7472537500000414,0.7531498333333578,0.7651597499999951,0.0,33.5,0,0,1320
20261009-065112-m7-sim-sweep2,2026-10-09T06:52:10+00:00,108,nfs,share,0.0,1.0,0,1.0,free,doc,0.25,0.25,S4,0.9690847273471235,0.9566905871770146,1.11442222734712,0.0,28.25,452,54,1432
20261009-065112-m7-sim-sweep2,2026-10-09T06:52:10+00:00,108,nfs,share,0.0,1.0,0,1.0,free,doc,0.25,0.25,S4+,0.7472537500000414,0.7531498333333578,0.7651597499999951,0.0,25.125,402,0,1320
20261009-065112-m7-sim-sweep2,2026-10-09T06:52:10+00:00,108,nfs,share,0.0,1.0,0,1.0,free,doc,0.25,0.25,S4+P,0.9689758523471212,0.9510356515647563,1.1144222273471058,0.0,25.125,402,48,1414
20261009-065112-m7-sim-sweep2,2026-10-09T06:52:10+00:00,108,nfs,share,0.0,1.0,0,1.0,free,doc,0.25,0.25,S4L,0.9689758523471212,0.9481848589542187,1.11442222734712,0.0,25.125,402,51,1425
20261009-065112-m7-sim-sweep2,2026-10-09T06:52:10+00:00,108,nfs,share,0.0,1.0,0,1.0,free,doc,0.25,0.25,S4B,0.7472537500000414,0.7531498333333578,0.7651597499999951,0.0,25.125,402,0,1320
20261009-065112-m7-sim-sweep2,2026-10-09T06:52:10+00:00,108,nfs,share,0.0,1.0,0,1.0,free,doc,0.25,0.25,S5,0.7367271250000158,0.7468077916666717,0.7819037499999979,0.0,26.5,0,0,1292
20261009-065112-m7-sim-sweep2,2026-10-09T06:52:10+00:00,108,nfs,share,0.0,1.0,0,1.0,free,doc,0.25,0.25,S5s,0.975828568231421,0.9808580682314165,1.0385410682314102,0.0,30.0,0,48,1392
20261009-065112-m7-sim-sweep2,2026-10-09T06:52:10+00:00,108,nfs,share,0.0,1.0,0,1.0,free,doc,0.25,0.25,S5L,0.7367271250000158,0.7468077916666717,0.7819037499999979,0.0,26.5,0,0,1292
20261009-065112-m7-sim-sweep2,2026-10-09T06:52:10+00:00,108,nfs,share,0.0,1.0,0,1.0,free,doc,0.25,0.25,S5P,0.7367271250000158,0.7468077916666717,0.7819037499999979,0.0,26.5,0,0,1292
20261009-065112-m7-sim-sweep2,2026-10-09T06:52:10+00:00,108,nfs,share,0.0,1.0,0,1.0,free,doc,0.25,0.25,S5c,0.7472537500000414,0.7531498333333578,0.7651597499999951,0.0,30.0,0,0,1320
20261009-065112-m7-sim-sweep2,2026-10-09T06:52:10+00:00,108,nfs,share,0.0,1.0,0,1.0,free,doc,0.25,0.5,S0,0.9690847273471235,0.9690829773471172,0.9692972273471128,0.0,33.5,0,72,1488
20261009-065112-m7-sim-sweep2,2026-10-09T06:52:10+00:00,108,nfs,share,0.0,1.0,0,1.0,free,doc,0.25,0.5,S1,0.968866977347119,0.918169778452499,1.11442222734712,0.0,33.5,0,42,1405
20261009-065112-m7-sim-sweep2,2026-10-09T06:52:10+00:00,108,nfs,share,0.0,1.0,0,1.0,free,doc,0.25,0.5,S2b,0.7472537500000414,0.7531498333333578,0.7651597499999951,0.0,33.5,0,0,1320
20261009-065112-m7-sim-sweep2,2026-10-09T06:52:10+00:00,108,nfs,share,0.0,1.0,0,1.0,free,doc,0.25,0.5,S4,0.968866977347119,0.918169778452499,1.11442222734712,0.0,20.0625,321,42,1405
20261009-065112-m7-sim-sweep2,2026-10-09T06:52:10+00:00,108,nfs,share,0.0,1.0,0,1.0,free,doc,0.25,0.5,S4+,0.7472537500000414,0.7531498333333578,0.7651597499999951,0.0,16.75,268,0,1320
20261009-065112-m7-sim-sweep2,2026-10-09T06:52:10+00:00,108,nfs,share,0.0,1.0,0,1.0,free,doc,0.25,0.5,S4+P,0.7472537500000414,0.7769453939456165,0.7651597499999951,0.0,16.75,268,6,1332
20261009-065112-m7-sim-sweep2,2026-10-09T06:52:10+00:00,108,nfs,share,0.0,1.0,0,1.0,free,doc,0.25,0.5,S4L,0.7651597499999951,0.846045867449058,1.0416472273471271,0.0,16.75,268,24,1369
20261009-065112-m7-sim-sweep2,2026-10-09T06:52:10+00:00,108,nfs,share,0.0,1.0,0,1.0,free,doc,0.25,0.5,S4B,0.7472537500000414,0.7531498333333578,0.7651597499999951,0.0,16.75,268,0,1320
20261009-065112-m7-sim-sweep2,2026-10-09T06:52:10+00:00,108,nfs,share,0.0,1.0,0,1.0,free,doc,0.25,0.5,S5,0.7367271250000158,0.7468077916666717,0.7819037499999979,0.0,26.5,0,0,1292
20261009-065112-m7-sim-sweep2,2026-10-09T06:52:10+00:00,108,nfs,share,0.0,1.0,0,1.0,free,doc,0.25,0.5,S5s,0.975828568231421,0.9808580682314165,1.0385410682314102,0.0,30.0,0,48,1392
20261009-065112-m7-sim-sweep2,2026-10-09T06:52:10+00:00,108,nfs,share,0.0,1.0,0,1.0,free,doc,0.25,0.5,S5L,0.7367271250000158,0.7468077916666717,0.7819037499999979,0.0,26.5,0,0,1292
20261009-065112-m7-sim-sweep2,2026-10-09T06:52:10+00:00,108,nfs,share,0.0,1.0,0,1.0,free,doc,0.25,0.5,S5P,0.7367271250000158,0.7468077916666717,0.7819037499999979,0.0,26.5,0,0,1292
20261009-065112-m7-sim-sweep2,2026-10-09T06:52:10+00:00,108,nfs,share,0.0,1.0,0,1.0,free,doc,0.25,0.5,S5c,0.7472537500000414,0.7531498333333578,0.7651597499999951,0.0,30.0,0,0,1320
20261009-065112-m7-sim-sweep2,2026-10-09T06:52:10+00:00,109,nfs,share,0.0,1.0,0,1.0,free,doc,0.5,0.125,S0,1.9381694546942398,1.8256900899575996,1.9385944546942255,0.0,33.5,0,138,1422
20261009-065112-m7-sim-sweep2,2026-10-09T06:52:10+00:00,109,nfs,share,0.0,1.0,0,1.0,free,doc,0.5,0.125,S1,1.6951257955785337,1.7021783561453325,1.9381694546942612,0.0,33.5,0,112,1387
20261009-065112-m7-sim-sweep2,2026-10-09T06:52:10+00:00,109,nfs,share,0.0,1.0,0,1.0,free,doc,0.5,0.125,S2b,1.5324509773471107,1.5390927510120758,1.6911591364628293,0.0,33.5,0,66,1277
20261009-065112-m7-sim-sweep2,2026-10-09T06:52:10+00:00,109,nfs,share,0.0,1.0,0,1.0,free,doc,0.5,0.125,S4,1.6951257955785337,1.7021783561453325,1.9381694546942612,0.0,32.75,524,112,1387
20261009-065112-m7-sim-sweep2,2026-10-09T06:52:10+00:00,109,nfs,share,0.0,1.0,0,1.0,free,doc,0.5,0.125,S4+,1.5324509773471107,1.5390927510120758,1.6911591364628293,0.0,29.3125,469,66,1277
20261009-065112-m7-sim-sweep2,2026-10-09T06:52:10+00:00,109,nfs,share,0.0,1.0,0,1.0,free,doc,0.5,0.125,S4+P,1.6919245670736913,1.630622384650681,1.938169454694247,0.0,29.3125,469,100,1348
20261009-065112-m7-sim-sweep2,2026-10-09T06:52:10+00:00,109,nfs,share,0.0,1.0,0,1.0,free,doc,0.5,0.125,S4L,1.693119943957747,1.657341768022605,1.9381694546942612,0.0,29.3125,469,106,1354
20261009-065112-m7-sim-sweep2,2026-10-09T06:52:10+00:00,109,nfs,share,0.0,1.0,0,1.0,free,doc,0.5,0.125,S4B,1.6483964999999898,1.5227628864173663,1.757838295578523,0.0,29.3125,469,72,1299
20261009-065112-m7-sim-sweep2,2026-10-09T06:52:10+00:00,109,nfs,share,0.0,1.0,0,1.0,free,doc,0.5,0.125,S5,1.5305791477892612,1.5355531262787583,1.6887009773471249,0.0,29.3125,101,71,1272
20261009-065112-m7-sim-sweep2,2026-10-09T06:52:10+00:00,109,nfs,share,0.0,1.0,0,1.0,free,doc,0.5,0.125,S5s,1.5609332273471495,1.561121973089266,1.6262009773471249,0.0,29.3125,21,79,1287
20261009-065112-m7-sim-sweep2,2026-10-09T06:52:10+00:00,109,nfs,share,0.0,1.0,0,1.0,free,doc,0.5,0.125,S5L,1.6483964999999898,1.530393785517368,1.757838295578523,0.0,29.3125,101,77,1304
20261009-065112-m7-sim-sweep2,2026-10-09T06:52:10+00:00,109,nfs,share,0.0,1.0,0,1.0,free,doc,0.5,0.125,S5P,1.6483964999999898,1.530393785517368,1.757838295578523,0.0,29.3125,101,77,1304
20261009-065112-m7-sim-sweep2,2026-10-09T06:52:10+00:00,109,nfs,share,0.0,1.0,0,1.0,free,doc,0.5,0.125,S5c,1.5324509773471107,1.5336497715314017,1.6911591364628293,0.0,29.3125,21,68,1275
20261009-065112-m7-sim-sweep2,2026-10-09T06:52:10+00:00,109,nfs,share,0.0,1.0,0,1.0,free,doc,0.5,0.25,S0,1.9381694546942398,1.8256900899575996,1.9385944546942255,0.0,33.5,0,138,1422
20261009-065112-m7-sim-sweep2,2026-10-09T06:52:10+00:00,109,nfs,share,0.0,1.0,0,1.0,free,doc,0.5,0.25,S1,1.6949132955785302,1.6106927008278376,1.7679007955785409,0.0,33.5,0,93,1349
20261009-065112-m7-sim-sweep2,2026-10-09T06:52:10+00:00,109,nfs,share,0.0,1.0,0,1.0,free,doc,0.5,0.25,S2b,1.2772450000000504,1.3122415805017436,1.4320636591156983,0.0,33.5,0,11,1162
20261009-065112-m7-sim-sweep2,2026-10-09T06:52:10+00:00,109,nfs,share,0.0,1.0,0,1.0,free,doc,0.5,0.25,S4,1.6716548977892742,1.6052497213471633,1.7679007955785409,0.0,28.25,452,95,1347
20261009-065112-m7-sim-sweep2,2026-10-09T06:52:10+00:00,109,nfs,share,0.0,1.0,0,1.0,free,doc,0.5,0.25,S4+,1.2772450000000504,1.3122415805017436,1.4320636591156983,0.0,25.125,402,11,1162
20261009-065112-m7-sim-sweep2,2026-10-09T06:52:10+00:00,109,nfs,share,0.0,1.0,0,1.0,free,doc,0.5,0.25,S4+P,1.6483964999999898,1.54867440826831,1.757838295578523,0.0,25.125,402,91,1319
20261009-065112-m7-sim-sweep2,2026-10-09T06:52:10+00:00,109,nfs,share,0.0,1.0,0,1.0,free,doc,0.5,0.25,S4L,1.6483965000000182,1.570502560513934,1.7679007955785409,0.0,25.125,402,97,1326
20261009-065112-m7-sim-sweep2,2026-10-09T06:52:10+00:00,109,nfs,share,0.0,1.0,0,1.0,free,doc,0.5,0.25,S4B,1.272704750000024,1.3019694545578677,1.4312031591157108,0.0,25.125,402,12,1166
20261009-065112-m7-sim-sweep2,2026-10-09T06:52:10+00:00,109,nfs,share,0.0,1.0,0,1.0,free,doc,0.5,0.25,S5,1.2681592499999965,1.3012564434034826,1.4320636591156983,0.0,25.125,34,15,1147
20261009-065112-m7-sim-sweep2,2026-10-09T06:52:10+00:00,109,nfs,share,0.0,1.0,0,1.0,free,doc,0.5,0.25,S5s,1.5632759773471179,1.549567035952436,1.6262009773471107,0.0,28.0,0,75,1269
20261009-065112-m7-sim-sweep2,2026-10-09T06:52:10+00:00,109,nfs,share,0.0,1.0,0,1.0,free,doc,0.5,0.25,S5L,1.2412449999999922,1.3200593659736317,1.5628404773471232,0.0,25.125,34,22,1167
20261009-065112-m7-sim-sweep2,2026-10-09T06:52:10+00:00,109,nfs,share,0.0,1.0,0,1.0,free,doc,0.5,0.25,S5P,1.2412449999999922,1.3223590226473287,1.5661591364628293,0.0,25.125,34,25,1170
20261009-065112-m7-sim-sweep2,2026-10-09T06:52:10+00:00,109,nfs,share,0.0,1.0,0,1.0,free,doc,0.5,0.25,S5c,1.2772450000000504,1.3122415805017436,1.4320636591156983,0.0,28.0,0,11,1162
20261009-065112-m7-sim-sweep2,2026-10-09T06:52:10+00:00,109,nfs,share,0.0,1.0,0,1.0,free,doc,0.5,0.5,S0,1.9381694546942398,1.8256900899575996,1.9385944546942255,0.0,33.5,0,138,1422
20261009-065112-m7-sim-sweep2,2026-10-09T06:52:10+00:00,109,nfs,share,0.0,1.0,0,1.0,free,doc,0.5,0.5,S1,1.6483964999999898,1.5122079422875452,1.757838295578523,0.0,33.5,0,71,1299
20261009-065112-m7-sim-sweep2,2026-10-09T06:52:10+00:00,109,nfs,share,0.0,1.0,0,1.0,free,doc,0.5,0.5,S2b,1.2412449999999922,1.2433556666666885,1.2772450000000504,0.0,33.5,0,0,1145
20261009-065112-m7-sim-sweep2,2026-10-09T06:52:10+00:00,109,nfs,share,0.0,1.0,0,1.0,free,doc,0.5,0.5,S4,1.6483964999999898,1.5064660708700728,1.757838295578523,0.0,20.0625,321,77,1293
20261009-065112-m7-sim-sweep2,2026-10-09T06:52:10+00:00,109,nfs,share,0.0,1.0,0,1.0,free,doc,0.5,0.5,S4+,1.2412449999999922,1.2433556666666885,1.2772450000000504,0.0,16.75,268,0,1145
20261009-065112-m7-sim-sweep2,2026-10-09T06:52:10+00:00,109,nfs,share,0.0,1.0,0,1.0,free,doc,0.5,0.5,S4+P,1.2412449999999922,1.3064200782999926,1.4988881289266374,0.0,16.75,268,17,1170
20261009-065112-m7-sim-sweep2,2026-10-09T06:52:10+00:00,109,nfs,share,0.0,1.0,0,1.0,free,doc,0.5,0.5,S4L,1.2590325000000249,1.4277187679279855,1.6949132955785444,0.0,16.75,268,50,1235
20261009-065112-m7-sim-sweep2,2026-10-09T06:52:10+00:00,109,nfs,share,0.0,1.0,0,1.0,free,doc,0.5,0.5,S4B,1.2412449999999922,1.2433556666666885,1.2772450000000504,0.0,16.75,268,0,1145
20261009-065112-m7-sim-sweep2,2026-10-09T06:52:10+00:00,109,nfs,share,0.0,1.0,0,1.0,free,doc,0.5,0.5,S5,1.2148235000000014,1.215206291666668,1.2412449999999922,0.0,23.0,0,0,1127
20261009-065112-m7-sim-sweep2,2026-10-09T06:52:10+00:00,109,nfs,share,0.0,1.0,0,1.0,free,doc,0.5,0.5,S5s,1.5632759773471179,1.549567035952436,1.6262009773471107,0.0,28.0,0,75,1269
20261009-065112-m7-sim-sweep2,2026-10-09T06:52:10+00:00,109,nfs,share,0.0,1.0,0,1.0,free,doc,0.5,0.5,S5L,1.2148235000000014,1.215206291666668,1.2412449999999922,0.0,23.0,0,0,1127
20261009-065112-m7-sim-sweep2,2026-10-09T06:52:10+00:00,109,nfs,share,0.0,1.0,0,1.0,free,doc,0.5,0.5,S5P,1.2148235000000014,1.215206291666668,1.2412449999999922,0.0,23.0,0,0,1127
20261009-065112-m7-sim-sweep2,2026-10-09T06:52:10+00:00,109,nfs,share,0.0,1.0,0,1.0,free,doc,0.5,0.5,S5c,1.2412449999999922,1.2433556666666885,1.2772450000000504,0.0,28.0,0,0,1145
20261009-065112-m7-sim-sweep2,2026-10-09T06:52:10+00:00,110,nfs,share,0.0,1.0,0,1.0,free,doc,2.0,0.125,S0,4.454799610358975,4.548481596842405,5.224386545851303,0.0,33.5,0,488,1072
20261009-065112-m7-sim-sweep2,2026-10-09T06:52:10+00:00,110,nfs,share,0.0,1.0,0,1.0,free,doc,2.0,0.125,S1,4.379981999999998,4.274836781945877,4.928718000000032,0.0,33.5,0,421,1022
20261009-065112-m7-sim-sweep2,2026-10-09T06:52:10+00:00,110,nfs,share,0.0,1.0,0,1.0,free,doc,2.0,0.125,S2b,3.9564480319588426,4.013288384296742,4.272787091157113,0.0,33.5,0,370,972
20261009-065112-m7-sim-sweep2,2026-10-09T06:52:10+00:00,110,nfs,share,0.0,1.0,0,1.0,free,doc,2.0,0.125,S4,4.3791319999999985,4.303579165578955,5.224386545851303,0.0,32.75,524,418,1025
20261009-065112-m7-sim-sweep2,2026-10-09T06:52:10+00:00,110,nfs,share,0.0,1.0,0,1.0,free,doc,2.0,0.125,S4+,3.9564480319588426,4.013288384296742,4.272787091157113,0.0,29.3125,469,370,972
20261009-065112-m7-sim-sweep2,2026-10-09T06:52:10+00:00,110,nfs,share,0.0,1.0,0,1.0,free,doc,2.0,0.125,S4+P,4.305465853390572,4.074825896616194,4.583731117895155,0.0,29.3125,469,373,982
20261009-065112-m7-sim-sweep2,2026-10-09T06:52:10+00:00,110,nfs,share,0.0,1.0,0,1.0,free,doc,2.0,0.125,S4L,4.358010127768935,4.1034376436862585,4.810436727619901,0.0,29.3125,469,377,990
20261009-065112-m7-sim-sweep2,2026-10-09T06:52:10+00:00,110,nfs,share,0.0,1.0,0,1.0,free,doc,2.0,0.125,S4B,4.274043451243273,3.9704304177143848,4.583731117895155,0.0,29.3125,469,350,963
20261009-065112-m7-sim-sweep2,2026-10-09T06:52:10+00:00,110,nfs,share,0.0,1.0,0,1.0,free,doc,2.0,0.125,S5,3.9564480319588426,4.013288384296742,4.272787091157113,0.0,29.3125,245,370,972
20261009-065112-m7-sim-sweep2,2026-10-09T06:52:10+00:00,110,nfs,share,0.0,1.0,0,1.0,free,doc,2.0,0.125,S5s,3.9564480319588426,4.013288384296742,4.272787091157113,0.0,29.3125,125,370,972
20261009-065112-m7-sim-sweep2,2026-10-09T06:52:10+00:00,110,nfs,share,0.0,1.0,0,1.0,free,doc,2.0,0.125,S5L,4.274043451243273,3.9704304177143848,4.583731117895155,0.0,29.3125,245,350,963
20261009-065112-m7-sim-sweep2,2026-10-09T06:52:10+00:00,110,nfs,share,0.0,1.0,0,1.0,free,doc,2.0,0.125,S5P,4.274043451243273,3.9704304177143848,4.583731117895155,0.0,29.3125,245,350,963
20261009-065112-m7-sim-sweep2,2026-10-09T06:52:10+00:00,110,nfs,share,0.0,1.0,0,1.0,free,doc,2.0,0.125,S5c,3.9564480319588426,4.013288384296742,4.272787091157113,0.0,29.3125,125,370,972
20261009-065112-m7-sim-sweep2,2026-10-09T06:52:10+00:00,110,nfs,share,0.0,1.0,0,1.0,free,doc,2.0,0.25,S0,4.454799610358975,4.548481596842405,5.224386545851303,0.0,33.5,0,488,1072
20261009-065112-m7-sim-sweep2,2026-10-09T06:52:10+00:00,110,nfs,share,0.0,1.0,0,1.0,free,doc,2.0,0.25,S1,4.274043451243273,3.99742336075654,4.583731117895155,0.0,33.5,0,361,970
20261009-065112-m7-sim-sweep2,2026-10-09T06:52:10+00:00,110,nfs,share,0.0,1.0,0,1.0,free,doc,2.0,0.25,S2b,3.5114946852638553,3.4842191809002956,3.6388526126744125,0.0,33.5,0,242,875
20261009-065112-m7-sim-sweep2,2026-10-09T06:52:10+00:00,110,nfs,share,0.0,1.0,0,1.0,free,doc,2.0,0.25,S4,4.274043451243273,4.030321617526465,4.928718000000032,0.0,28.25,452,354,977
20261009-065112-m7-sim-sweep2,2026-10-09T06:52:10+00:00,110,nfs,share,0.0,1.0,0,1.0,free,doc,2.0,0.25,S4+,3.5114946852638553,3.4842191809002956,3.6388526126744125,0.0,25.125,402,242,875
20261009-065112-m7-sim-sweep2,2026-10-09T06:52:10+00:00,110,nfs,share,0.0,1.0,0,1.0,free,doc,2.0,0.25,S4+P,4.268313603390567,3.884525274907458,4.651164000000023,0.0,25.125,402,331,949
20261009-065112-m7-sim-sweep2,2026-10-09T06:52:10+00:00,110,nfs,share,0.0,1.0,0,1.0,free,doc,2.0,0.25,S4L,4.274043451243273,3.918670960324915,4.583731117895155,0.0,25.125,402,339,955
20261009-065112-m7-sim-sweep2,2026-10-09T06:52:10+00:00,110,nfs,share,0.0,1.0,0,1.0,free,doc,2.0,0.25,S4B,3.7480321611583065,3.6270417193721776,4.651164000000023,0.0,25.125,402,257,897
20261009-065112-m7-sim-sweep2,2026-10-09T06:52:10+00:00,110,nfs,share,0.0,1.0,0,1.0,free,doc,2.0,0.25,S5,3.5114946852638553,3.480216257386273,3.6388526126744125,0.0,25.125,178,242,875
20261009-065112-m7-sim-sweep2,2026-10-09T06:52:10+00:00,110,nfs,share,0.0,1.0,0,1.0,free,doc,2.0,0.25,S5s,3.512578757853305,3.533499134249434,3.6405392148629687,0.0,25.125,58,256,884
20261009-065112-m7-sim-sweep2,2026-10-09T06:52:10+00:00,110,nfs,share,0.0,1.0,0,1.0,free,doc,2.0,0.25,S5L,3.8605741771377353,3.639077464654676,4.651164000000023,0.0,25.125,178,261,899
20261009-065112-m7-sim-sweep2,2026-10-09T06:52:10+00:00,110,nfs,share,0.0,1.0,0,1.0,free,doc,2.0,0.25,S5P,3.8605741771377353,3.6193024227458985,4.3791319999999985,0.0,25.125,178,263,901
20261009-065112-m7-sim-sweep2,2026-10-09T06:52:10+00:00,110,nfs,share,0.0,1.0,0,1.0,free,doc,2.0,0.25,S5c,3.5114946852638553,3.4749877933669873,3.6388526126744125,0.0,25.125,58,243,874
20261009-065112-m7-sim-sweep2,2026-10-09T06:52:10+00:00,110,nfs,share,0.0,1.0,0,1.0,free,doc,2.0,0.5,S0,4.454799610358975,4.548481596842405,5.224386545851303,0.0,33.5,0,488,1072
20261009-065112-m7-sim-sweep2,2026-10-09T06:52:10+00:00,110,nfs,share,0.0,1.0,0,1.0,free,doc,2.0,0.5,S1,4.268313603390567,3.6873522447073235,4.651164000000023,0.0,33.5,0,274,911
20261009-065112-m7-sim-sweep2,2026-10-09T06:52:10+00:00,110,nfs,share,0.0,1.0,0,1.0,free,doc,2.0,0.5,S2b,2.6851720644633303,2.6757038668228765,2.813614064463337,0.0,33.5,0,34,711
20261009-065112-m7-sim-sweep2,2026-10-09T06:52:10+00:00,110,nfs,share,0.0,1.0,0,1.0,free,doc,2.0,0.5,S4,4.2452149999999875,3.679077298203693,4.651164000000023,0.0,20.0625,321,275,910
20261009-065112-m7-sim-sweep2,2026-10-09T06:52:10+00:00,110,nfs,share,0.0,1.0,0,1.0,free,doc,2.0,0.5,S4+,2.6851720644633303,2.6757038668228765,2.813614064463337,0.0,16.75,268,34,711
20261009-065112-m7-sim-sweep2,2026-10-09T06:52:10+00:00,110,nfs,share,0.0,1.0,0,1.0,free,doc,2.0,0.5,S4+P,2.811360361789582,3.1075988847527007,3.7670131707371013,0.0,16.75,268,133,799
20261009-065112-m7-sim-sweep2,2026-10-09T06:52:10+00:00,110,nfs,share,0.0,1.0,0,1.0,free,doc,2.0,0.5,S4L,2.6698499999999683,3.3721152912352834,4.380831999999998,0.0,16.75,268,193,852
20261009-065112-m7-sim-sweep2,2026-10-09T06:52:10+00:00,110,nfs,share,0.0,1.0,0,1.0,free,doc,2.0,0.5,S4B,2.564741999999967,2.726601313154436,2.7127175000001387,0.0,16.75,268,38,722
20261009-065112-m7-sim-sweep2,2026-10-09T06:52:10+00:00,110,nfs,share,0.0,1.0,0,1.0,free,doc,2.0,0.5,S5,2.6851720644633303,2.6694309425825167,2.813614064463337,0.0,16.75,44,35,708
20261009-065112-m7-sim-sweep2,2026-10-09T06:52:10+00:00,110,nfs,share,0.0,1.0,0,1.0,free,doc,2.0,0.5,S5s,3.24369999999999,3.2923590891440377,3.5598249546943066,0.0,21.5,0,196,836
20261009-065112-m7-sim-sweep2,2026-10-09T06:52:10+00:00,110,nfs,share,0.0,1.0,0,1.0,free,doc,2.0,0.5,S5L,2.564741999999967,2.7333627472912845,2.813187919284445,0.0,16.75,44,46,725
20261009-065112-m7-sim-sweep2,2026-10-09T06:52:10+00:00,110,nfs,share,0.0,1.0,0,1.0,free,doc,2.0,0.5,S5P,2.6172959999999676,2.754188527487725,3.2419999999999902,0.0,16.75,44,54,730
20261009-065112-m7-sim-sweep2,2026-10-09T06:52:10+00:00,110,nfs,share,0.0,1.0,0,1.0,free,doc,2.0,0.5,S5c,2.6851720644633303,2.6753701047246388,2.813614064463337,0.0,21.5,0,35,710
20261009-065112-m7-sim-sweep2,2026-10-09T06:52:10+00:00,111,local,share,0.0,1.0,0,1.0,free,doc,0.25,0.125,S0,0.5837644348902842,0.519625045272815,0.5989462499999973,0.0,33.5,0,561,999
20261009-065112-m7-sim-sweep2,2026-10-09T06:52:10+00:00,111,local,share,0.0,1.0,0,1.0,free,doc,0.25,0.125,S1,0.5838733098902864,0.5416500274321626,0.6271596356855298,0.0,33.5,0,493,1027
20261009-065112-m7-sim-sweep2,2026-10-09T06:52:10+00:00,111,local,share,0.0,1.0,0,1.0,free,doc,0.25,0.125,S2b,0.7107144568418278,0.6976950640979188,0.7472537500000414,0.0,33.5,0,106,1251
20261009-065112-m7-sim-sweep2,2026-10-09T06:52:10+00:00,111,local,share,0.0,1.0,0,1.0,free,doc,0.25,0.125,S4,0.5839821848902886,0.5562710787217918,0.6271596356855298,0.0,32.75,524,472,1048
20261009-065112-m7-sim-sweep2,2026-10-09T06:52:10+00:00,111,local,share,0.0,1.0,0,1.0,free,doc,0.25,0.125,S4+,0.7107144568418278,0.6976950640979188,0.7472537500000414,0.0,29.3125,469,106,1251
20261009-065112-m7-sim-sweep2,2026-10-09T06:52:10+00:00,111,local,share,0.0,1.0,0,1.0,free,doc,0.25,0.125,S4+P,0.5838733098902864,0.5586399220747195,0.7470360000000369,0.0,29.3125,469,439,1050
20261009-065112-m7-sim-sweep2,2026-10-09T06:52:10+00:00,111,local,share,0.0,1.0,0,1.0,free,doc,0.25,0.125,S4L,0.5839821848902886,0.555518172295623,0.7470360000000369,0.0,29.3125,469,453,1045
20261009-065112-m7-sim-sweep2,2026-10-09T06:52:10+00:00,111,local,share,0.0,1.0,0,1.0,free,doc,0.25,0.125,S4B,0.7470360000000369,0.6929071891031674,0.7651597499999951,0.0,29.3125,469,131,1241
20261009-065112-m7-sim-sweep2,2026-10-09T06:52:10+00:00,111,local,share,0.0,1.0,0,1.0,free,doc,0.25,0.125,S5,0.6778087952285148,0.665187838788149,0.7470360000000369,0.0,29.3125,45,150,1205
20261009-065112-m7-sim-sweep2,2026-10-09T06:52:10+00:00,111,local,share,0.0,1.0,0,1.0,free,doc,0.25,0.125,S5s,0.7089979784209106,0.6800945375358296,0.7472537500000414,0.0,29.3125,229,130,1227
20261009-065112-m7-sim-sweep2,2026-10-09T06:52:10+00:00,111,local,share,0.0,1.0,0,1.0,free,doc,0.25,0.125,S5L,0.6887832500000002,0.6405540886624005,0.7470360000000369,0.0,29.3125,45,229,1160
20261009-065112-m7-sim-sweep2,2026-10-09T06:52:10+00:00,111,local,share,0.0,1.0,0,1.0,free,doc,0.25,0.125,S5P,0.6887832500000002,0.6405540886624005,0.7470360000000369,0.0,29.3125,45,229,1160
20261009-065112-m7-sim-sweep2,2026-10-09T06:52:10+00:00,111,local,share,0.0,1.0,0,1.0,free,doc,0.25,0.125,S5c,0.7107144568418278,0.6973838933308544,0.7472537500000414,0.0,29.3125,229,106,1251
20261009-065112-m7-sim-sweep2,2026-10-09T06:52:10+00:00,111,local,share,0.0,1.0,0,1.0,free,doc,0.25,0.25,S0,0.5837644348902842,0.519625045272815,0.5989462499999973,0.0,33.5,0,561,999
20261009-065112-m7-sim-sweep2,2026-10-09T06:52:10+00:00,111,local,share,0.0,1.0,0,1.0,free,doc,0.25,0.25,S1,0.5913579674451483,0.574728387059323,0.7470360000000369,0.0,33.5,0,414,1072
20261009-065112-m7-sim-sweep2,2026-10-09T06:52:10+00:00,111,local,share,0.0,1.0,0,1.0,free,doc,0.25,0.25,S2b,0.7472537500000414,0.7531498333333578,0.7651597499999951,0.0,33.5,0,0,1320
20261009-065112-m7-sim-sweep2,2026-10-09T06:52:10+00:00,111,local,share,0.0,1.0,0,1.0,free,doc,0.25,0.25,S4,0.5913579674451483,0.5735773870593229,0.7470360000000369,0.0,28.25,452,416,1070
20261009-065112-m7-sim-sweep2,2026-10-09T06:52:10+00:00,111,local,share,0.0,1.0,0,1.0,free,doc,0.25,0.25,S4+,0.7472537500000414,0.7531498333333578,0.7651597499999951,0.0,25.125,402,0,1320
20261009-065112-m7-sim-sweep2,2026-10-09T06:52:10+00:00,111,local,share,0.0,1.0,0,1.0,free,doc,0.25,0.25,S4+P,0.5913579674451483,0.5959823990144374,0.7472537500000414,0.0,25.125,402,357,1105
20261009-065112-m7-sim-sweep2,2026-10-09T06:52:10+00:00,111,local,share,0.0,1.0,0,1.0,free,doc,0.25,0.25,S4L,0.5839821848902886,0.5749564855724257,0.7472537500000414,0.0,25.125,402,403,1073
20261009-065112-m7-sim-sweep2,2026-10-09T06:52:10+00:00,111,local,share,0.0,1.0,0,1.0,free,doc,0.25,0.25,S4B,0.7472537500000414,0.7531498333333578,0.7651597499999951,0.0,25.125,402,0,1320
20261009-065112-m7-sim-sweep2,2026-10-09T06:52:10+00:00,111,local,share,0.0,1.0,0,1.0,free,doc,0.25,0.25,S5,0.7367271250000158,0.7468077916666717,0.7819037499999979,0.0,26.5,0,0,1292
20261009-065112-m7-sim-sweep2,2026-10-09T06:52:10+00:00,111,local,share,0.0,1.0,0,1.0,free,doc,0.25,0.25,S5s,0.7471448750000391,0.7501903541666829,0.7819037499999979,0.0,25.125,162,0,1306
20261009-065112-m7-sim-sweep2,2026-10-09T06:52:10+00:00,111,local,share,0.0,1.0,0,1.0,free,doc,0.25,0.25,S5L,0.7367271250000158,0.7468077916666717,0.7819037499999979,0.0,26.5,0,0,1292
20261009-065112-m7-sim-sweep2,2026-10-09T06:52:10+00:00,111,local,share,0.0,1.0,0,1.0,free,doc,0.25,0.25,S5P,0.7367271250000158,0.7468077916666717,0.7819037499999979,0.0,26.5,0,0,1292
20261009-065112-m7-sim-sweep2,2026-10-09T06:52:10+00:00,111,local,share,0.0,1.0,0,1.0,free,doc,0.25,0.25,S5c,0.7472537500000414,0.7531498333333578,0.7651597499999951,0.0,25.125,162,0,1320
20261009-065112-m7-sim-sweep2,2026-10-09T06:52:10+00:00,111,local,share,0.0,1.0,0,1.0,free,doc,0.25,0.5,S0,0.5837644348902842,0.519625045272815,0.5989462499999973,0.0,33.5,0,561,999
20261009-065112-m7-sim-sweep2,2026-10-09T06:52:10+00:00,111,local,share,0.0,1.0,0,1.0,free,doc,0.25,0.5,S1,0.6338433364807798,0.6303922999916285,0.7472537500000414,0.0,33.5,0,297,1150
20261009-065112-m7-sim-sweep2,2026-10-09T06:52:10+00:00,111,local,share,0.0,1.0,0,1.0,free,doc,0.25,0.5,S2b,0.7472537500000414,0.7531498333333578,0.7651597499999951,0.0,33.5,0,0,1320
20261009-065112-m7-sim-sweep2,2026-10-09T06:52:10+00:00,111,local,share,0.0,1.0,0,1.0,free,doc,0.25,0.5,S4,0.5913579674451483,0.5995806245650636,0.7472537500000414,0.0,20.0625,321,338,1109
20261009-065112-m7-sim-sweep2,2026-10-09T06:52:10+00:00,111,local,share,0.0,1.0,0,1.0,free,doc,0.25,0.5,S4+,0.7472537500000414,0.7531498333333578,0.7651597499999951,0.0,16.75,268,0,1320
20261009-065112-m7-sim-sweep2,2026-10-09T06:52:10+00:00,111,local,share,0.0,1.0,0,1.0,free,doc,0.25,0.5,S4+P,0.7472537500000414,0.7349871933192625,0.7651597499999951,0.0,16.75,268,41,1297
20261009-065112-m7-sim-sweep2,2026-10-09T06:52:10+00:00,111,local,share,0.0,1.0,0,1.0,free,doc,0.25,0.5,S4L,0.7470360000000369,0.6692579918613047,0.7651597499999951,0.0,16.75,268,188,1205
20261009-065112-m7-sim-sweep2,2026-10-09T06:52:10+00:00,111,local,share,0.0,1.0,0,1.0,free,doc,0.25,0.5,S4B,0.7472537500000414,0.7531498333333578,0.7651597499999951,0.0,16.75,268,0,1320
20261009-065112-m7-sim-sweep2,2026-10-09T06:52:10+00:00,111,local,share,0.0,1.0,0,1.0,free,doc,0.25,0.5,S5,0.7367271250000158,0.7468077916666717,0.7819037499999979,0.0,26.5,0,0,1292
20261009-065112-m7-sim-sweep2,2026-10-09T06:52:10+00:00,111,local,share,0.0,1.0,0,1.0,free,doc,0.25,0.5,S5s,0.7471448750000391,0.7501903541666829,0.7819037499999979,0.0,16.75,28,0,1306
20261009-065112-m7-sim-sweep2,2026-10-09T06:52:10+00:00,111,local,share,0.0,1.0,0,1.0,free,doc,0.25,0.5,S5L,0.7367271250000158,0.7468077916666717,0.7819037499999979,0.0,26.5,0,0,1292
20261009-065112-m7-sim-sweep2,2026-10-09T06:52:10+00:00,111,local,share,0.0,1.0,0,1.0,free,doc,0.25,0.5,S5P,0.7367271250000158,0.7468077916666717,0.7819037499999979,0.0,26.5,0,0,1292
20261009-065112-m7-sim-sweep2,2026-10-09T06:52:10+00:00,111,local,share,0.0,1.0,0,1.0,free,doc,0.25,0.5,S5c,0.7472537500000414,0.7531498333333578,0.7651597499999951,0.0,16.75,28,0,1320
20261009-065112-m7-sim-sweep2,2026-10-09T06:52:10+00:00,112,local,share,0.0,1.0,0,1.0,free,doc,0.5,0.125,S0,0.46303850000001034,0.6012598180499786,0.8701380000000114,0.0,33.5,0,909,651
20261009-065112-m7-sim-sweep2,2026-10-09T06:52:10+00:00,112,local,share,0.0,1.0,0,1.0,free,doc,0.5,0.125,S1,0.5143739605035194,0.6790967418153144,0.9013080000000002,0.0,33.5,0,790,711
20261009-065112-m7-sim-sweep2,2026-10-09T06:52:10+00:00,112,local,share,0.0,1.0,0,1.0,free,doc,0.5,0.125,S2b,0.8731860171046577,0.9130541822421018,1.0943474999999978,0.0,33.5,0,426,917
20261009-065112-m7-sim-sweep2,2026-10-09T06:52:10+00:00,112,local,share,0.0,1.0,0,1.0,free,doc,0.5,0.125,S4,0.553394729576965,0.701993429478776,0.9153788285283042,0.0,32.75,524,771,730
20261009-065112-m7-sim-sweep2,2026-10-09T06:52:10+00:00,112,local,share,0.0,1.0,0,1.0,free,doc,0.5,0.125,S4+,0.8731860171046577,0.9130541822421018,1.0943474999999978,0.0,29.3125,469,426,917
20261009-065112-m7-sim-sweep2,2026-10-09T06:52:10+00:00,112,local,share,0.0,1.0,0,1.0,free,doc,0.5,0.125,S4+P,0.5379618917081075,0.7608168063165385,1.2321794999999867,0.0,29.3125,469,678,775
20261009-065112-m7-sim-sweep2,2026-10-09T06:52:10+00:00,112,local,share,0.0,1.0,0,1.0,free,doc,0.5,0.125,S4L,0.5379618917081075,0.7483065992386789,1.2321794999999867,0.0,29.3125,469,700,765
20261009-065112-m7-sim-sweep2,2026-10-09T06:52:10+00:00,112,local,share,0.0,1.0,0,1.0,free,doc,0.5,0.125,S4B,0.8866484388665228,0.8975800152321382,1.2768200000000576,0.0,29.3125,469,495,884
20261009-065112-m7-sim-sweep2,2026-10-09T06:52:10+00:00,112,local,share,0.0,1.0,0,1.0,free,doc,0.5,0.125,S5,0.8118519438151068,0.8730465994184892,1.0615214999999978,0.0,29.3125,101,458,885
20261009-065112-m7-sim-sweep2,2026-10-09T06:52:10+00:00,112,local,share,0.0,1.0,0,1.0,free,doc,0.5,0.125,S5s,0.8122660492748466,0.8893435760742108,1.0943474999999978,0.0,29.3125,309,445,898
20261009-065112-m7-sim-sweep2,2026-10-09T06:52:10+00:00,112,local,share,0.0,1.0,0,1.0,free,doc,0.5,0.125,S5L,0.8866484388665228,0.858411985676612,1.2321794999999867,0.0,29.3125,101,523,858
20261009-065112-m7-sim-sweep2,2026-10-09T06:52:10+00:00,112,local,share,0.0,1.0,0,1.0,free,doc,0.5,0.125,S5P,0.8866484388665228,0.858411985676612,1.2321794999999867,0.0,29.3125,101,523,858
20261009-065112-m7-sim-sweep2,2026-10-09T06:52:10+00:00,112,local,share,0.0,1.0,0,1.0,free,doc,0.5,0.125,S5c,0.8731860171046577,0.9130541822421018,1.0943474999999978,0.0,29.3125,309,426,917
20261009-065112-m7-sim-sweep2,2026-10-09T06:52:10+00:00,112,local,share,0.0,1.0,0,1.0,free,doc,0.5,0.25,S0,0.46303850000001034,0.6012598180499786,0.8701380000000114,0.0,33.5,0,909,651
20261009-065112-m7-sim-sweep2,2026-10-09T06:52:10+00:00,112,local,share,0.0,1.0,0,1.0,free,doc,0.5,0.25,S1,0.5379618917081075,0.76806540271433,1.2321794999999867,0.0,33.5,0,666,781
20261009-065112-m7-sim-sweep2,2026-10-09T06:52:10+00:00,112,local,share,0.0,1.0,0,1.0,free,doc,0.5,0.25,S2b,1.2321794999999867,1.1969004603835482,1.2772450000000504,0.0,33.5,0,51,1122
20261009-065112-m7-sim-sweep2,2026-10-09T06:52:10+00:00,112,local,share,0.0,1.0,0,1.0,free,doc,0.5,0.25,S4,0.8701380000000114,0.7991088635933276,1.2321794999999867,0.0,28.25,452,640,807
20261009-065112-m7-sim-sweep2,2026-10-09T06:52:10+00:00,112,local,share,0.0,1.0,0,1.0,free,doc,0.5,0.25,S4+,1.2321794999999867,1.1969004603835482,1.2772450000000504,0.0,25.125,402,51,1122
20261009-065112-m7-sim-sweep2,2026-10-09T06:52:10+00:00,112,local,share,0.0,1.0,0,1.0,free,doc,0.5,0.25,S4+P,0.7999352239465125,0.8274925528963818,1.2768200000000576,0.0,25.125,402,585,831
20261009-065112-m7-sim-sweep2,2026-10-09T06:52:10+00:00,112,local,share,0.0,1.0,0,1.0,free,doc,0.5,0.25,S4L,0.7040499458540594,0.8019906735476651,1.2768200000000576,0.0,25.125,402,622,808
20261009-065112-m7-sim-sweep2,2026-10-09T06:52:10+00:00,112,local,share,0.0,1.0,0,1.0,free,doc,0.5,0.25,S4B,1.2321794999999938,1.1919144890405728,1.2768200000000718,0.0,25.125,402,68,1112
20261009-065112-m7-sim-sweep2,2026-10-09T06:52:10+00:00,112,local,share,0.0,1.0,0,1.0,free,doc,0.5,0.25,S5,1.1632160000000056,1.155909763179558,1.2321794999999867,0.0,25.125,34,67,1095
20261009-065112-m7-sim-sweep2,2026-10-09T06:52:10+00:00,112,local,share,0.0,1.0,0,1.0,free,doc,0.5,0.25,S5s,1.1803417499999966,1.1733903526203566,1.2412450000000064,0.0,25.125,242,62,1105
20261009-065112-m7-sim-sweep2,2026-10-09T06:52:10+00:00,112,local,share,0.0,1.0,0,1.0,free,doc,0.5,0.25,S5L,1.197467500000002,1.1245629796038326,1.2412449999999922,0.0,25.125,34,128,1061
20261009-065112-m7-sim-sweep2,2026-10-09T06:52:10+00:00,112,local,share,0.0,1.0,0,1.0,free,doc,0.5,0.25,S5P,1.1974674999999877,1.1079657280059259,1.2412449999999922,0.0,25.125,34,145,1050
20261009-065112-m7-sim-sweep2,2026-10-09T06:52:10+00:00,112,local,share,0.0,1.0,0,1.0,free,doc,0.5,0.25,S5c,1.2321794999999867,1.1969004603835482,1.2772450000000504,0.0,25.125,242,51,1122
20261009-065112-m7-sim-sweep2,2026-10-09T06:52:10+00:00,112,local,share,0.0,1.0,0,1.0,free,doc,0.5,0.5,S0,0.46303850000001034,0.6012598180499786,0.8701380000000114,0.0,33.5,0,909,651
20261009-065112-m7-sim-sweep2,2026-10-09T06:52:10+00:00,112,local,share,0.0,1.0,0,1.0,free,doc,0.5,0.5,S1,0.8866484388665228,0.8975800152321382,1.2768200000000576,0.0,33.5,0,495,884
20261009-065112-m7-sim-sweep2,2026-10-09T06:52:10+00:00,112,local,share,0.0,1.0,0,1.0,free,doc,0.5,0.5,S2b,1.2412449999999922,1.2433556666666885,1.2772450000000504,0.0,33.5,0,0,1145
20261009-065112-m7-sim-sweep2,2026-10-09T06:52:10+00:00,112,local,share,0.0,1.0,0,1.0,free,doc,0.5,0.5,S4,0.8866484388665228,0.8955302652668186,1.2768200000000576,0.0,20.0625,321,497,882
20261009-065112-m7-sim-sweep2,2026-10-09T06:52:10+00:00,112,local,share,0.0,1.0,0,1.0,free,doc,0.5,0.5,S4+,1.2412449999999922,1.2433556666666885,1.2772450000000504,0.0,16.75,268,0,1145
20261009-065112-m7-sim-sweep2,2026-10-09T06:52:10+00:00,112,local,share,0.0,1.0,0,1.0,free,doc,0.5,0.5,S4+P,1.2321794999999938,1.190483469796683,1.2768200000000718,0.0,16.75,268,79,1110
20261009-065112-m7-sim-sweep2,2026-10-09T06:52:10+00:00,112,local,share,0.0,1.0,0,1.0,free,doc,0.5,0.5,S4L,1.1974675000000161,1.0265276468749522,1.2768200000000576,0.0,16.75,268,310,984
20261009-065112-m7-sim-sweep2,2026-10-09T06:52:10+00:00,112,local,share,0.0,1.0,0,1.0,free,doc,0.5,0.5,S4B,1.2412449999999922,1.2433556666666885,1.2772450000000504,0.0,16.75,268,0,1145
20261009-065112-m7-sim-sweep2,2026-10-09T06:52:10+00:00,112,local,share,0.0,1.0,0,1.0,free,doc,0.5,0.5,S5,1.2148235000000014,1.215206291666668,1.2412449999999922,0.0,23.0,0,0,1127
20261009-065112-m7-sim-sweep2,2026-10-09T06:52:10+00:00,112,local,share,0.0,1.0,0,1.0,free,doc,0.5,0.5,S5s,1.2367122499999894,1.2305770208333406,1.2588200000000285,0.0,16.75,108,0,1133
20261009-065112-m7-sim-sweep2,2026-10-09T06:52:10+00:00,112,local,share,0.0,1.0,0,1.0,free,doc,0.5,0.5,S5L,1.2148235000000014,1.215206291666668,1.2412449999999922,0.0,23.0,0,0,1127
20261009-065112-m7-sim-sweep2,2026-10-09T06:52:10+00:00,112,local,share,0.0,1.0,0,1.0,free,doc,0.5,0.5,S5P,1.2148235000000014,1.215206291666668,1.2412449999999922,0.0,23.0,0,0,1127
20261009-065112-m7-sim-sweep2,2026-10-09T06:52:10+00:00,112,local,share,0.0,1.0,0,1.0,free,doc,0.5,0.5,S5c,1.2412449999999922,1.2433556666666885,1.2772450000000504,0.0,16.75,108,0,1145
20261009-065112-m7-sim-sweep2,2026-10-09T06:52:10+00:00,113,local,share,0.0,1.0,0,1.0,free,doc,1.0,0.125,S0,0.5735490614384275,0.7419879772181055,1.1807533205752918,0.0,33.5,0,1136,424
20261009-065112-m7-sim-sweep2,2026-10-09T06:52:10+00:00,113,local,share,0.0,1.0,0,1.0,free,doc,1.0,0.125,S1,0.612479000000036,0.8782412672929034,1.2280500000000245,0.0,33.5,0,989,485
20261009-065112-m7-sim-sweep2,2026-10-09T06:52:10+00:00,113,local,share,0.0,1.0,0,1.0,free,doc,1.0,0.125,S2b,0.973983000000004,1.0698192221977767,1.4471610000000226,0.0,33.5,0,748,594
20261009-065112-m7-sim-sweep2,2026-10-09T06:52:10+00:00,113,local,share,0.0,1.0,0,1.0,free,doc,1.0,0.125,S4,0.6335595000000325,0.9068186076918477,1.2550368205752989,0.0,32.75,524,975,499
20261009-065112-m7-sim-sweep2,2026-10-09T06:52:10+00:00,113,local,share,0.0,1.0,0,1.0,free,doc,1.0,0.125,S4+,0.973983000000004,1.0698192221977767,1.4471610000000226,0.0,29.3125,469,748,594
20261009-065112-m7-sim-sweep2,2026-10-09T06:52:10+00:00,113,local,share,0.0,1.0,0,1.0,free,doc,1.0,0.125,S4+P,0.654640000000029,1.0003746914355756,1.847427500000009,0.0,29.3125,469,864,541
20261009-065112-m7-sim-sweep2,2026-10-09T06:52:10+00:00,113,local,share,0.0,1.0,0,1.0,free,doc,1.0,0.125,S4L,0.654640000000029,0.9852055247689085,1.847427500000009,0.0,29.3125,469,883,534
20261009-065112-m7-sim-sweep2,2026-10-09T06:52:10+00:00,113,local,share,0.0,1.0,0,1.0,free,doc,1.0,0.125,S4B,0.6572632947811172,1.074313350422446,1.892640000000057,0.0,29.3125,469,786,574
20261009-065112-m7-sim-sweep2,2026-10-09T06:52:10+00:00,113,local,share,0.0,1.0,0,1.0,free,doc,1.0,0.125,S5,0.973983000000004,1.054728003437689,1.4471610000000226,0.0,29.3125,173,755,587
20261009-065112-m7-sim-sweep2,2026-10-09T06:52:10+00:00,113,local,share,0.0,1.0,0,1.0,free,doc,1.0,0.125,S5s,0.973983000000004,1.0632697096430281,1.4471610000000226,0.0,29.3125,365,751,591
20261009-065112-m7-sim-sweep2,2026-10-09T06:52:10+00:00,113,local,share,0.0,1.0,0,1.0,free,doc,1.0,0.125,S5L,0.6752995000000226,1.066372659190682,1.847427500000009,0.0,29.3125,173,785,572
20261009-065112-m7-sim-sweep2,2026-10-09T06:52:10+00:00,113,local,share,0.0,1.0,0,1.0,free,doc,1.0,0.125,S5P,0.6752995000000226,1.066372659190682,1.847427500000009,0.0,29.3125,173,785,572
20261009-065112-m7-sim-sweep2,2026-10-09T06:52:10+00:00,113,local,share,0.0,1.0,0,1.0,free,doc,1.0,0.125,S5c,0.973983000000004,1.0698192221977767,1.4471610000000226,0.0,29.3125,365,748,594
20261009-065112-m7-sim-sweep2,2026-10-09T06:52:10+00:00,113,local,share,0.0,1.0,0,1.0,free,doc,1.0,0.25,S0,0.5735490614384275,0.7419879772181055,1.1807533205752918,0.0,33.5,0,1136,424
20261009-065112-m7-sim-sweep2,2026-10-09T06:52:10+00:00,113,local,share,0.0,1.0,0,1.0,free,doc,1.0,0.25,S1,0.654640000000029,1.0194783738157138,1.892640000000057,0.0,33.5,0,841,549
20261009-065112-m7-sim-sweep2,2026-10-09T06:52:10+00:00,113,local,share,0.0,1.0,0,1.0,free,doc,1.0,0.25,S2b,1.4186670000000277,1.4572081301257491,1.7402760000000228,0.0,33.5,0,361,768
20261009-065112-m7-sim-sweep2,2026-10-09T06:52:10+00:00,113,local,share,0.0,1.0,0,1.0,free,doc,1.0,0.25,S4,0.8641885000000258,1.063937700857356,1.8896440000000894,0.0,28.25,452,818,572
20261009-065112-m7-sim-sweep2,2026-10-09T06:52:10+00:00,113,local,share,0.0,1.0,0,1.0,free,doc,1.0,0.25,S4+,1.4186670000000277,1.4572081301257491,1.7402760000000228,0.0,25.125,402,361,768
20261009-065112-m7-sim-sweep2,2026-10-09T06:52:10+00:00,113,local,share,0.0,1.0,0,1.0,free,doc,1.0,0.25,S4+P,0.8088305000000133,1.0960541837557785,1.892640000000057,0.0,25.125,402,762,586
20261009-065112-m7-sim-sweep2,2026-10-09T06:52:10+00:00,113,local,share,0.0,1.0,0,1.0,free,doc,1.0,0.25,S4L,0.6572632947811172,1.072556642089113,1.892640000000057,0.0,25.125,402,789,573
20261009-065112-m7-sim-sweep2,2026-10-09T06:52:10+00:00,113,local,share,0.0,1.0,0,1.0,free,doc,1.0,0.25,S4B,1.7714460000000116,1.4193258578984562,1.899706500000093,0.0,25.125,402,430,732
20261009-065112-m7-sim-sweep2,2026-10-09T06:52:10+00:00,113,local,share,0.0,1.0,0,1.0,free,doc,1.0,0.25,S5,1.3366460000000302,1.4300443052409129,1.7402760000000228,0.0,25.125,106,370,757
20261009-065112-m7-sim-sweep2,2026-10-09T06:52:10+00:00,113,local,share,0.0,1.0,0,1.0,free,doc,1.0,0.25,S5s,1.3634095000000315,1.447090749188203,1.7402760000000228,0.0,25.125,298,365,763
20261009-065112-m7-sim-sweep2,2026-10-09T06:52:10+00:00,113,local,share,0.0,1.0,0,1.0,free,doc,1.0,0.25,S5L,1.7407115000000033,1.3816281666666903,1.847427500000009,0.0,25.125,106,453,718
20261009-065112-m7-sim-sweep2,2026-10-09T06:52:10+00:00,113,local,share,0.0,1.0,0,1.0,free,doc,1.0,0.25,S5P,1.480347782170341,1.3675178360142166,1.847427500000009,0.0,25.125,106,457,717
20261009-065112-m7-sim-sweep2,2026-10-09T06:52:10+00:00,113,local,share,0.0,1.0,0,1.0,free,doc,1.0,0.25,S5c,1.4186670000000277,1.4572081301257491,1.7402760000000228,0.0,25.125,298,361,768
20261009-065112-m7-sim-sweep2,2026-10-09T06:52:10+00:00,113,local,share,0.0,1.0,0,1.0,free,doc,1.0,0.5,S0,0.5735490614384275,0.7419879772181055,1.1807533205752918,0.0,33.5,0,1136,424
20261009-065112-m7-sim-sweep2,2026-10-09T06:52:10+00:00,113,local,share,0.0,1.0,0,1.0,free,doc,1.0,0.5,S1,1.1522781602878993,1.224210558755777,1.892640000000057,0.0,33.5,0,639,642
20261009-065112-m7-sim-sweep2,2026-10-09T06:52:10+00:00,113,local,share,0.0,1.0,0,1.0,free,doc,1.0,0.5,S2b,1.847427500000009,1.8477342500000205,1.899706500000093,0.0,33.5,0,0,920
20261009-065112-m7-sim-sweep2,2026-10-09T06:52:10+00:00,113,local,share,0.0,1.0,0,1.0,free,doc,1.0,0.5,S4,1.1522781602878993,1.2239202425240194,1.892640000000057,0.0,20.0625,321,639,642
20261009-065112-m7-sim-sweep2,2026-10-09T06:52:10+00:00,113,local,share,0.0,1.0,0,1.0,free,doc,1.0,0.5,S4+,1.847427500000009,1.8477342500000205,1.899706500000093,0.0,16.75,268,0,920
20261009-065112-m7-sim-sweep2,2026-10-09T06:52:10+00:00,113,local,share,0.0,1.0,0,1.0,free,doc,1.0,0.5,S4+P,1.8026160000000004,1.643581045027198,1.899706500000093,0.0,16.75,268,197,837
20261009-065112-m7-sim-sweep2,2026-10-09T06:52:10+00:00,113,local,share,0.0,1.0,0,1.0,free,doc,1.0,0.5,S4L,1.7832065000000057,1.4136303370651149,1.892640000000057,0.0,16.75,268,440,729
20261009-065112-m7-sim-sweep2,2026-10-09T06:52:10+00:00,113,local,share,0.0,1.0,0,1.0,free,doc,1.0,0.5,S4B,1.847427500000009,1.8477342500000205,1.899706500000093,0.0,16.75,268,0,920
20261009-065112-m7-sim-sweep2,2026-10-09T06:52:10+00:00,113,local,share,0.0,1.0,0,1.0,free,doc,1.0,0.5,S5,1.8250217500000048,1.8296178125000153,1.8896440000000894,0.0,18.5,0,0,912
20261009-065112-m7-sim-sweep2,2026-10-09T06:52:10+00:00,113,local,share,0.0,1.0,0,1.0,free,doc,1.0,0.5,S5s,1.847427500000009,1.842161666666689,1.899706500000093,0.0,16.75,164,0,916
20261009-065112-m7-sim-sweep2,2026-10-09T06:52:10+00:00,113,local,share,0.0,1.0,0,1.0,free,doc,1.0,0.5,S5L,1.8250217500000048,1.8296178125000153,1.8896440000000894,0.0,18.5,0,0,912
20261009-065112-m7-sim-sweep2,2026-10-09T06:52:10+00:00,113,local,share,0.0,1.0,0,1.0,free,doc,1.0,0.5,S5P,1.8250217500000048,1.8296178125000153,1.8896440000000894,0.0,18.5,0,0,912
20261009-065112-m7-sim-sweep2,2026-10-09T06:52:10+00:00,113,local,share,0.0,1.0,0,1.0,free,doc,1.0,0.5,S5c,1.847427500000009,1.8477342500000205,1.899706500000093,0.0,16.75,164,0,920
20261009-065112-m7-sim-sweep2,2026-10-09T06:52:10+00:00,114,local,share,0.0,1.0,0,1.0,free,doc,2.0,0.125,S0,0.7560239999999965,0.928630583333323,1.5693519999999523,0.0,33.5,0,1292,268
20261009-065112-m7-sim-sweep2,2026-10-09T06:52:10+00:00,114,local,share,0.0,1.0,0,1.0,free,doc,2.0,0.125,S1,0.7560239999999965,1.1161885416666617,1.5710939999999596,0.0,33.5,0,1128,316
20261009-065112-m7-sim-sweep2,2026-10-09T06:52:10+00:00,114,local,share,0.0,1.0,0,1.0,free,doc,2.0,0.125,S2b,1.1423379999999952,1.2835235374943206,1.8487119999999493,0.0,33.5,0,968,374
20261009-065112-m7-sim-sweep2,2026-10-09T06:52:10+00:00,114,local,share,0.0,1.0,0,1.0,free,doc,2.0,0.125,S4,0.7560239999999965,1.1436565655206767,1.6642279999999516,0.0,32.75,524,1122,323
20261009-065112-m7-sim-sweep2,2026-10-09T06:52:10+00:00,114,local,share,0.0,1.0,0,1.0,free,doc,2.0,0.125,S4+,1.1423379999999952,1.2835235374943206,1.8487119999999493,0.0,29.3125,469,968,374
20261009-065112-m7-sim-sweep2,2026-10-09T06:52:10+00:00,114,local,share,0.0,1.0,0,1.0,free,doc,2.0,0.125,S4+P,0.8298460000000034,1.2828481458333283,2.495592500000015,0.0,29.3125,469,996,360
20261009-065112-m7-sim-sweep2,2026-10-09T06:52:10+00:00,114,local,share,0.0,1.0,0,1.0,free,doc,2.0,0.125,S4L,0.792935,1.2679143958333274,2.495592500000015,0.0,29.3125,469,1012,356
20261009-065112-m7-sim-sweep2,2026-10-09T06:52:10+00:00,114,local,share,0.0,1.0,0,1.0,free,doc,2.0,0.125,S4B,0.8298460000000034,1.3541838124999934,2.56129999999996,0.0,29.3125,469,935,379
20261009-065112-m7-sim-sweep2,2026-10-09T06:52:10+00:00,114,local,share,0.0,1.0,0,1.0,free,doc,2.0,0.125,S5,1.1423379999999952,1.2770116319570117,1.8487119999999493,0.0,29.3125,245,970,372
20261009-065112-m7-sim-sweep2,2026-10-09T06:52:10+00:00,114,local,share,0.0,1.0,0,1.0,free,doc,2.0,0.125,S5s,1.1423379999999952,1.2835235374943206,1.8487119999999493,0.0,29.3125,405,968,374
20261009-065112-m7-sim-sweep2,2026-10-09T06:52:10+00:00,114,local,share,0.0,1.0,0,1.0,free,doc,2.0,0.125,S5L,0.8298460000000034,1.3493612083333215,2.495592500000015,0.0,29.3125,245,935,378
20261009-065112-m7-sim-sweep2,2026-10-09T06:52:10+00:00,114,local,share,0.0,1.0,0,1.0,free,doc,2.0,0.125,S5P,0.8298460000000034,1.3493612083333215,2.495592500000015,0.0,29.3125,245,935,378
20261009-065112-m7-sim-sweep2,2026-10-09T06:52:10+00:00,114,local,share,0.0,1.0,0,1.0,free,doc,2.0,0.125,S5c,1.1423379999999952,1.2835235374943206,1.8487119999999493,0.0,29.3125,405,968,374
20261009-065112-m7-sim-sweep2,2026-10-09T06:52:10+00:00,114,local,share,0.0,1.0,0,1.0,free,doc,2.0,0.25,S0,0.7560239999999965,0.928630583333323,1.5693519999999523,0.0,33.5,0,1292,268
20261009-065112-m7-sim-sweep2,2026-10-09T06:52:10+00:00,114,local,share,0.0,1.0,0,1.0,free,doc,2.0,0.25,S1,0.8298460000000034,1.3161105624999958,2.564741999999967,0.0,33.5,0,964,368
20261009-065112-m7-sim-sweep2,2026-10-09T06:52:10+00:00,114,local,share,0.0,1.0,0,1.0,free,doc,2.0,0.25,S2b,1.5727939999999592,1.7160650382942453,2.144031999999953,0.0,33.5,0,626,491
20261009-065112-m7-sim-sweep2,2026-10-09T06:52:10+00:00,114,local,share,0.0,1.0,0,1.0,free,doc,2.0,0.25,S4,0.9448540000000065,1.3514905714255423,2.56129999999996,0.0,28.25,452,954,378
20261009-065112-m7-sim-sweep2,2026-10-09T06:52:10+00:00,114,local,share,0.0,1.0,0,1.0,free,doc,2.0,0.25,S4+,1.5727939999999592,1.7160650382942453,2.144031999999953,0.0,25.125,402,626,491
20261009-065112-m7-sim-sweep2,2026-10-09T06:52:10+00:00,114,local,share,0.0,1.0,0,1.0,free,doc,2.0,0.25,S4+P,0.9851464910511538,1.4171253623464761,2.564741999999967,0.0,25.125,402,885,396
20261009-065112-m7-sim-sweep2,2026-10-09T06:52:10+00:00,114,local,share,0.0,1.0,0,1.0,free,doc,2.0,0.25,S4L,0.8298460000000034,1.3914738124999946,2.564741999999967,0.0,25.125,402,907,388
20261009-065112-m7-sim-sweep2,2026-10-09T06:52:10+00:00,114,local,share,0.0,1.0,0,1.0,free,doc,2.0,0.25,S4B,1.4823559999999674,1.6750722380922067,2.564741999999967,0.0,25.125,402,689,466
20261009-065112-m7-sim-sweep2,2026-10-09T06:52:10+00:00,114,local,share,0.0,1.0,0,1.0,free,doc,2.0,0.25,S5,1.5727939999999592,1.6886798716275802,2.0739687301185086,0.0,25.125,178,633,484
20261009-065112-m7-sim-sweep2,2026-10-09T06:52:10+00:00,114,local,share,0.0,1.0,0,1.0,free,doc,2.0,0.25,S5s,1.5727939999999592,1.7081771756790853,2.144031999999953,0.0,25.125,338,628,489
20261009-065112-m7-sim-sweep2,2026-10-09T06:52:10+00:00,114,local,share,0.0,1.0,0,1.0,free,doc,2.0,0.25,S5L,1.3998757842092715,1.656420365942978,2.564741999999967,0.0,25.125,178,699,461
20261009-065112-m7-sim-sweep2,2026-10-09T06:52:10+00:00,114,local,share,0.0,1.0,0,1.0,free,doc,2.0,0.25,S5P,1.403940891315898,1.6243010709006782,2.564741999999967,0.0,25.125,178,707,457
20261009-065112-m7-sim-sweep2,2026-10-09T06:52:10+00:00,114,local,share,0.0,1.0,0,1.0,free,doc,2.0,0.25,S5c,1.5727939999999592,1.7160650382942453,2.144031999999953,0.0,25.125,338,626,491
20261009-065112-m7-sim-sweep2,2026-10-09T06:52:10+00:00,114,local,share,0.0,1.0,0,1.0,free,doc,2.0,0.5,S0,0.7560239999999965,0.928630583333323,1.5693519999999523,0.0,33.5,0,1292,268
20261009-065112-m7-sim-sweep2,2026-10-09T06:52:10+00:00,114,local,share,0.0,1.0,0,1.0,free,doc,2.0,0.5,S1,1.314606999999981,1.6105634255922112,2.564741999999967,0.0,33.5,0,740,446
20261009-065112-m7-sim-sweep2,2026-10-09T06:52:10+00:00,114,local,share,0.0,1.0,0,1.0,free,doc,2.0,0.5,S2b,2.4044569417761466,2.4416634315624357,2.6698499999999683,0.0,33.5,0,78,667
20261009-065112-m7-sim-sweep2,2026-10-09T06:52:10+00:00,114,local,share,0.0,1.0,0,1.0,free,doc,2.0,0.5,S4,1.314606999999981,1.6019891964255457,2.564741999999967,0.0,20.0625,321,743,443
20261009-065112-m7-sim-sweep2,2026-10-09T06:52:10+00:00,114,local,share,0.0,1.0,0,1.0,free,doc,2.0,0.5,S4+,2.4044569417761466,2.4416634315624357,2.6698499999999683,0.0,16.75,268,78,667
20261009-065112-m7-sim-sweep2,2026-10-09T06:52:10+00:00,114,local,share,0.0,1.0,0,1.0,free,doc,2.0,0.5,S4+P,2.2467349999999584,2.0868407693869444,2.564741999999967,0.0,16.75,268,354,579
20261009-065112-m7-sim-sweep2,2026-10-09T06:52:10+00:00,114,local,share,0.0,1.0,0,1.0,free,doc,2.0,0.5,S4L,2.4543579999999565,1.8794498630922074,2.564741999999967,0.0,16.75,268,528,518
20261009-065112-m7-sim-sweep2,2026-10-09T06:52:10+00:00,114,local,share,0.0,1.0,0,1.0,free,doc,2.0,0.5,S4B,2.5284462499999876,2.40974159931467,2.6698499999999683,0.0,16.75,268,104,656
20261009-065112-m7-sim-sweep2,2026-10-09T06:52:10+00:00,114,local,share,0.0,1.0,0,1.0,free,doc,2.0,0.5,S5,2.3545558835523366,2.4276192146106843,2.6698499999999683,0.0,16.75,44,79,664
20261009-065112-m7-sim-sweep2,2026-10-09T06:52:10+00:00,114,local,share,0.0,1.0,0,1.0,free,doc,2.0,0.5,S5s,2.4044569417761466,2.439263277110682,2.6698499999999683,0.0,16.75,204,78,667
20261009-065112-m7-sim-sweep2,2026-10-09T06:52:10+00:00,114,local,share,0.0,1.0,0,1.0,free,doc,2.0,0.5,S5L,2.495592500000015,2.3712359486293444,2.6698499999999683,0.0,16.75,44,124,647
20261009-065112-m7-sim-sweep2,2026-10-09T06:52:10+00:00,114,local,share,0.0,1.0,0,1.0,free,doc,2.0,0.5,S5P,2.495592500000015,2.3420673191171795,2.6698499999999683,0.0,16.75,44,142,642
20261009-065112-m7-sim-sweep2,2026-10-09T06:52:10+00:00,114,local,share,0.0,1.0,0,1.0,free,doc,2.0,0.5,S5c,2.4044569417761466,2.4416634315624357,2.6698499999999683,0.0,16.75,204,78,667
20261009-065112-m7-sim-sweep2,2026-10-09T06:52:10+00:00,115,nfs,share,0.0,1.0,0,1.0,hold,chat,0.25,0.125,S0,1.6648269423720592,1.670110809373605,2.0039255560456013,0.9906908169245631,32.0,0,32,736
20261009-065112-m7-sim-sweep2,2026-10-09T06:52:10+00:00,115,nfs,share,0.0,1.0,0,1.0,hold,chat,0.25,0.125,S1,1.6580108173720518,1.7540201813258005,2.5508789756284784,1.1273595771477638,32.0,0,15,690
20261009-065112-m7-sim-sweep2,2026-10-09T06:52:10+00:00,115,nfs,share,0.0,1.0,0,1.0,hold,chat,0.25,0.125,S2b,1.5396860524456883,1.838493801463957,2.969006914831624,1.1993040995788633,32.0,0,26,700
20261009-065112-m7-sim-sweep2,2026-10-09T06:52:10+00:00,115,nfs,share,0.0,1.0,0,1.0,hold,chat,0.25,0.125,S4,2.1833686550591906,2.0570687955099984,2.465716075501348,1.451476341156465,29.0,464,20,683
20261009-065112-m7-sim-sweep2,2026-10-09T06:52:10+00:00,115,nfs,share,0.0,1.0,0,1.0,hold,chat,0.25,0.125,S4+,2.285969285143551,2.2016526244160466,2.5320376399646705,1.584991645272116,28.0,448,31,693
20261009-065112-m7-sim-sweep2,2026-10-09T06:52:10+00:00,115,nfs,share,0.0,1.0,0,1.0,hold,chat,0.25,0.125,S4+P,2.220921575501336,2.181947988672159,2.465716075501348,1.584991645272116,28.0,448,19,676
20261009-065112-m7-sim-sweep2,2026-10-09T06:52:10+00:00,115,nfs,share,0.0,1.0,0,1.0,hold,chat,0.25,0.125,S4L,2.220921575501336,2.182001065956372,2.465716075501348,1.584991645272116,28.0,448,20,678
20261009-065112-m7-sim-sweep2,2026-10-09T06:52:10+00:00,115,nfs,share,0.0,1.0,0,1.0,hold,chat,0.25,0.125,S4B,2.3471954303224436,2.221583643917762,2.5919899303224554,1.584991645272116,28.0,448,14,651
20261009-065112-m7-sim-sweep2,2026-10-09T06:52:10+00:00,115,nfs,share,0.0,1.0,0,1.0,hold,chat,0.25,0.125,S5,2.128576056045617,2.073709506041635,2.5320376399646705,1.4116159640836965,28.0,128,29,679
20261009-065112-m7-sim-sweep2,2026-10-09T06:52:10+00:00,115,nfs,share,0.0,1.0,0,1.0,hold,chat,0.25,0.125,S5s,1.690920146929919,1.682701909753425,2.0671960560456455,0.9442197809324835,28.5,0,32,712
20261009-065112-m7-sim-sweep2,2026-10-09T06:52:10+00:00,115,nfs,share,0.0,1.0,0,1.0,hold,chat,0.25,0.125,S5L,2.128576056045617,2.0863587983854788,2.5919899303224554,1.4116159640836965,28.0,128,22,660
20261009-065112-m7-sim-sweep2,2026-10-09T06:52:10+00:00,115,nfs,share,0.0,1.0,0,1.0,hold,chat,0.25,0.125,S5P,2.128576056045617,2.0863587983854788,2.5919899303224554,1.4116159640836965,28.0,128,22,660
20261009-065112-m7-sim-sweep2,2026-10-09T06:52:10+00:00,115,nfs,share,0.0,1.0,0,1.0,hold,chat,0.25,0.125,S5c,1.8007698275439665,1.8676146427399622,3.2802223136454245,1.2266133592031097,30.0,24,27,698
20261009-065112-m7-sim-sweep2,2026-10-09T06:52:10+00:00,115,nfs,share,0.0,1.0,0,1.0,hold,chat,0.25,0.25,S0,1.631582896929899,1.5230308591216968,1.9943824651613795,0.8436108666726518,32.0,0,32,736
20261009-065112-m7-sim-sweep2,2026-10-09T06:52:10+00:00,115,nfs,share,0.0,1.0,0,1.0,hold,chat,0.25,0.25,S1,0.9371217341792359,1.5506415956558766,3.2954872224312624,0.9398967926172949,32.0,0,10,683
20261009-065112-m7-sim-sweep2,2026-10-09T06:52:10+00:00,115,nfs,share,0.0,1.0,0,1.0,hold,chat,0.25,0.25,S2b,0.7001993749999968,1.7354173935086006,3.438253945680458,1.1339066203524606,32.0,0,10,676
20261009-065112-m7-sim-sweep2,2026-10-09T06:52:10+00:00,115,nfs,share,0.0,1.0,0,1.0,hold,chat,0.25,0.25,S4,1.9504328612156385,1.7793290638984018,2.285969285143551,1.18157097555629,24.0,384,12,675
20261009-065112-m7-sim-sweep2,2026-10-09T06:52:10+00:00,115,nfs,share,0.0,1.0,0,1.0,hold,chat,0.25,0.25,S4+,2.220921575501336,2.04102291450844,2.465716075501348,1.44716628481367,24.0,384,13,667
20261009-065112-m7-sim-sweep2,2026-10-09T06:52:10+00:00,115,nfs,share,0.0,1.0,0,1.0,hold,chat,0.25,0.25,S4+P,2.220921575501336,2.034031343273346,2.465716075501348,1.44716628481367,24.0,384,11,665
20261009-065112-m7-sim-sweep2,2026-10-09T06:52:10+00:00,115,nfs,share,0.0,1.0,0,1.0,hold,chat,0.25,0.25,S4L,2.220921575501336,2.034031343273346,2.465716075501348,1.44716628481367,24.0,384,11,665
20261009-065112-m7-sim-sweep2,2026-10-09T06:52:10+00:00,115,nfs,share,0.0,1.0,0,1.0,hold,chat,0.25,0.25,S4B,2.220921575501336,2.037941052283857,2.465716075501348,1.4471662848136695,24.0,384,4,650
20261009-065112-m7-sim-sweep2,2026-10-09T06:52:10+00:00,115,nfs,share,0.0,1.0,0,1.0,hold,chat,0.25,0.25,S5,1.79272999478259,1.7304652726781597,2.3733705560456144,1.030482704951852,24.0,64,18,654
20261009-065112-m7-sim-sweep2,2026-10-09T06:52:10+00:00,115,nfs,share,0.0,1.0,0,1.0,hold,chat,0.25,0.25,S5s,1.631582896929899,1.5334475257883635,2.0671960560456455,0.7945461261340879,28.5,0,32,712
20261009-065112-m7-sim-sweep2,2026-10-09T06:52:10+00:00,115,nfs,share,0.0,1.0,0,1.0,hold,chat,0.25,0.25,S5L,1.79272999478259,1.7330163620606136,2.3733705560456144,1.030482704951852,24.0,64,17,651
20261009-065112-m7-sim-sweep2,2026-10-09T06:52:10+00:00,115,nfs,share,0.0,1.0,0,1.0,hold,chat,0.25,0.25,S5P,1.79272999478259,1.7330163620606136,2.3733705560456144,1.030482704951852,24.0,64,17,651
20261009-065112-m7-sim-sweep2,2026-10-09T06:52:10+00:00,115,nfs,share,0.0,1.0,0,1.0,hold,chat,0.25,0.25,S5c,0.7001993749999968,1.6157935065406488,3.084006914831633,1.0182620356248464,30.0,24,11,675
20261009-065112-m7-sim-sweep2,2026-10-09T06:52:10+00:00,115,nfs,share,0.0,1.0,0,1.0,hold,chat,0.25,0.5,S0,0.8478069702745827,0.9970683268170154,1.6980709878142335,0.3176483343679646,32.0,0,32,736
20261009-065112-m7-sim-sweep2,2026-10-09T06:52:10+00:00,115,nfs,share,0.0,1.0,0,1.0,hold,chat,0.25,0.5,S1,0.682258250000018,1.1476970602782768,2.1078643969299264,0.5565681691756446,32.0,0,5,673
20261009-065112-m7-sim-sweep2,2026-10-09T06:52:10+00:00,115,nfs,share,0.0,1.0,0,1.0,hold,chat,0.25,0.5,S2b,0.5447672500000209,1.5758045632000706,0.9179569358164201,0.9903978416070824,32.0,0,2,664
20261009-065112-m7-sim-sweep2,2026-10-09T06:52:10+00:00,115,nfs,share,0.0,1.0,0,1.0,hold,chat,0.25,0.5,S4,1.3428336014877402,1.294461813097472,2.220921575501322,0.7073483634386933,17.0,272,6,670
20261009-065112-m7-sim-sweep2,2026-10-09T06:52:10+00:00,115,nfs,share,0.0,1.0,0,1.0,hold,chat,0.25,0.5,S4+,2.041020930322439,1.5434471300617616,2.465716075501348,0.9647775232091119,16.0,256,3,661
20261009-065112-m7-sim-sweep2,2026-10-09T06:52:10+00:00,115,nfs,share,0.0,1.0,0,1.0,hold,chat,0.25,0.5,S4+P,2.041020930322439,1.5381857194442154,2.465716075501348,0.9647775232091119,16.0,256,2,661
20261009-065112-m7-sim-sweep2,2026-10-09T06:52:10+00:00,115,nfs,share,0.0,1.0,0,1.0,hold,chat,0.25,0.5,S4L,2.041020930322439,1.5414038531793068,2.465716075501348,0.9647775232091119,16.0,256,4,663
20261009-065112-m7-sim-sweep2,2026-10-09T06:52:10+00:00,115,nfs,share,0.0,1.0,0,1.0,hold,chat,0.25,0.5,S4B,1.9873095755013352,1.5328712315424564,2.465716075501348,0.9647775232091119,16.0,256,0,659
20261009-065112-m7-sim-sweep2,2026-10-09T06:52:10+00:00,115,nfs,share,0.0,1.0,0,1.0,hold,chat,0.25,0.5,S5,0.8147180000000276,1.0021383826871944,1.8562523969298894,0.33450330218546104,20.0,0,9,655
20261009-065112-m7-sim-sweep2,2026-10-09T06:52:10+00:00,115,nfs,share,0.0,1.0,0,1.0,hold,chat,0.25,0.5,S5s,0.86009682346495,1.0022766601503488,1.631582896929899,0.2583440104960702,28.5,0,32,712
20261009-065112-m7-sim-sweep2,2026-10-09T06:52:10+00:00,115,nfs,share,0.0,1.0,0,1.0,hold,chat,0.25,0.5,S5L,0.8147180000000276,1.0021383826871944,1.8562523969298894,0.33450330218546104,20.0,0,9,655
20261009-065112-m7-sim-sweep2,2026-10-09T06:52:10+00:00,115,nfs,share,0.0,1.0,0,1.0,hold,chat,0.25,0.5,S5P,0.8147180000000276,1.0021383826871944,1.8562523969298894,0.33450330218546104,20.0,0,9,655
20261009-065112-m7-sim-sweep2,2026-10-09T06:52:10+00:00,115,nfs,share,0.0,1.0,0,1.0,hold,chat,0.25,0.5,S5c,0.5447672500000209,1.4068142801413401,0.8197492500000294,0.8214075585483513,29.0,8,2,664
20261009-065112-m7-sim-sweep2,2026-10-09T06:52:10+00:00,116,nfs,share,0.0,1.0,0,1.0,hold,chat,0.5,0.125,S0,1.8868981364628326,1.7503480455094873,2.233301975628393,0.5036566742395033,32.0,0,56,712
20261009-065112-m7-sim-sweep2,2026-10-09T06:52:10+00:00,116,nfs,share,0.0,1.0,0,1.0,hold,chat,0.5,0.125,S1,1.6590591180477645,1.792733077159136,2.065550396929922,0.6704788697469315,32.0,0,25,649
20261009-065112-m7-sim-sweep2,2026-10-09T06:52:10+00:00,116,nfs,share,0.0,1.0,0,1.0,hold,chat,0.5,0.125,S2b,2.0000914796436646,2.2191613586594037,3.410170954427997,1.027587892752378,32.0,0,51,657
20261009-065112-m7-sim-sweep2,2026-10-09T06:52:10+00:00,116,nfs,share,0.0,1.0,0,1.0,hold,chat,0.5,0.125,S4,2.6375070708578505,2.4903366462046157,3.090027825501352,1.353406439201051,29.0,464,39,623
20261009-065112-m7-sim-sweep2,2026-10-09T06:52:10+00:00,116,nfs,share,0.0,1.0,0,1.0,hold,chat,0.5,0.125,S4+,2.9180342447857868,2.7681195739915556,3.410170954427997,1.5849916452721164,28.0,448,64,640
20261009-065112-m7-sim-sweep2,2026-10-09T06:52:10+00:00,116,nfs,share,0.0,1.0,0,1.0,hold,chat,0.5,0.125,S4+P,2.6629388255013566,2.710247326023087,3.090027825501352,1.584991645272116,28.0,448,39,611
20261009-065112-m7-sim-sweep2,2026-10-09T06:52:10+00:00,116,nfs,share,0.0,1.0,0,1.0,hold,chat,0.5,0.125,S4L,2.6629388255013566,2.7129045699739667,3.090027825501352,1.584991645272116,28.0,448,40,612
20261009-065112-m7-sim-sweep2,2026-10-09T06:52:10+00:00,116,nfs,share,0.0,1.0,0,1.0,hold,chat,0.5,0.125,S4B,2.789212680322464,2.726766886514294,3.2163016803224593,1.5849916452721164,28.0,448,29,585
20261009-065112-m7-sim-sweep2,2026-10-09T06:52:10+00:00,116,nfs,share,0.0,1.0,0,1.0,hold,chat,0.5,0.125,S5,2.9180342447857868,2.6662469571189846,3.410170954427997,1.431205116887292,28.0,240,66,634
20261009-065112-m7-sim-sweep2,2026-10-09T06:52:10+00:00,116,nfs,share,0.0,1.0,0,1.0,hold,chat,0.5,0.125,S5s,2.3064440455945743,2.3922214961742156,3.2838970996068895,1.163802315618047,28.0,72,60,653
20261009-065112-m7-sim-sweep2,2026-10-09T06:52:10+00:00,116,nfs,share,0.0,1.0,0,1.0,hold,chat,0.5,0.125,S5L,2.789212680322464,2.6351179531013957,3.2163016803224593,1.431205116887292,28.0,240,41,595
20261009-065112-m7-sim-sweep2,2026-10-09T06:52:10+00:00,116,nfs,share,0.0,1.0,0,1.0,hold,chat,0.5,0.125,S5P,2.789212680322464,2.6351179531013957,3.2163016803224593,1.431205116887292,28.0,240,41,595
20261009-065112-m7-sim-sweep2,2026-10-09T06:52:10+00:00,116,nfs,share,0.0,1.0,0,1.0,hold,chat,0.5,0.125,S5c,2.335031979364544,2.428573265066921,3.4340274789650493,1.2350609440966729,28.0,72,58,648
20261009-065112-m7-sim-sweep2,2026-10-09T06:52:10+00:00,116,nfs,share,0.0,1.0,0,1.0,hold,chat,0.5,0.25,S0,1.4708275945354572,1.5496496777437774,2.233301975628393,0.30295830647379535,32.0,0,56,712
20261009-065112-m7-sim-sweep2,2026-10-09T06:52:10+00:00,116,nfs,share,0.0,1.0,0,1.0,hold,chat,0.5,0.25,S1,1.4509395000000325,1.6808169339625916,3.017533944862393,0.5896367445521076,32.0,0,16,631
20261009-065112-m7-sim-sweep2,2026-10-09T06:52:10+00:00,116,nfs,share,0.0,1.0,0,1.0,hold,chat,0.5,0.25,S2b,1.3555838295578724,1.9315831267441332,3.4588570107719647,0.8323650786897486,32.0,0,22,623
20261009-065112-m7-sim-sweep2,2026-10-09T06:52:10+00:00,116,nfs,share,0.0,1.0,0,1.0,hold,chat,0.5,0.25,S4,2.1644223612156424,2.0730461882212317,2.9180342447857583,0.9801960115370054,24.0,384,22,616
20261009-065112-m7-sim-sweep2,2026-10-09T06:52:10+00:00,116,nfs,share,0.0,1.0,0,1.0,hold,chat,0.5,0.25,S4+,2.6948257529119033,2.5505624097909405,3.1538016803224593,1.4471662848136713,24.0,384,31,606
20261009-065112-m7-sim-sweep2,2026-10-09T06:52:10+00:00,116,nfs,share,0.0,1.0,0,1.0,hold,chat,0.5,0.25,S4+P,2.6629388255013566,2.5310475475663594,3.090027825501352,1.4471662848136713,24.0,384,23,597
20261009-065112-m7-sim-sweep2,2026-10-09T06:52:10+00:00,116,nfs,share,0.0,1.0,0,1.0,hold,chat,0.5,0.25,S4L,2.6629388255013566,2.530430214233025,3.090027825501352,1.4471662848136713,24.0,384,22,595
20261009-065112-m7-sim-sweep2,2026-10-09T06:52:10+00:00,116,nfs,share,0.0,1.0,0,1.0,hold,chat,0.5,0.25,S4B,2.789212680322457,2.5312716974400176,3.090027825501352,1.4471662848136713,24.0,384,11,573
20261009-065112-m7-sim-sweep2,2026-10-09T06:52:10+00:00,116,nfs,share,0.0,1.0,0,1.0,hold,chat,0.5,0.25,S5,2.4281375351435486,2.2103747080266345,3.216301680322431,1.073561852721296,24.0,176,35,608
20261009-065112-m7-sim-sweep2,2026-10-09T06:52:10+00:00,116,nfs,share,0.0,1.0,0,1.0,hold,chat,0.5,0.25,S5s,1.6265516469299115,1.5801173739526846,2.184750556045657,0.3429383861738285,24.0,8,42,654
20261009-065112-m7-sim-sweep2,2026-10-09T06:52:10+00:00,116,nfs,share,0.0,1.0,0,1.0,hold,chat,0.5,0.25,S5L,2.4281375351435486,2.2072928458020526,3.2163016803224593,1.073561852721296,24.0,176,26,591
20261009-065112-m7-sim-sweep2,2026-10-09T06:52:10+00:00,116,nfs,share,0.0,1.0,0,1.0,hold,chat,0.5,0.25,S5P,2.4281375351435486,2.197149429812562,3.2163016803224593,1.073561852721296,24.0,176,23,589
20261009-065112-m7-sim-sweep2,2026-10-09T06:52:10+00:00,116,nfs,share,0.0,1.0,0,1.0,hold,chat,0.5,0.25,S5c,1.4854408295578736,1.978609907800087,3.385142441252583,0.8724103848368939,28.0,72,26,616
20261009-065112-m7-sim-sweep2,2026-10-09T06:52:10+00:00,116,nfs,share,0.0,1.0,0,1.0,hold,chat,0.5,0.5,S0,1.1406718182314108,1.246691371269982,1.8868981364628183,0.0,32.0,0,56,712
20261009-065112-m7-sim-sweep2,2026-10-09T06:52:10+00:00,116,nfs,share,0.0,1.0,0,1.0,hold,chat,0.5,0.5,S1,1.0169720000000382,1.2858279769449439,1.7815564684231902,0.22622871557302973,32.0,0,8,615
20261009-065112-m7-sim-sweep2,2026-10-09T06:52:10+00:00,116,nfs,share,0.0,1.0,0,1.0,hold,chat,0.5,0.5,S2b,1.0660375795578858,1.8335769969132272,1.4509395000000325,0.7935387686904125,32.0,0,3,604
20261009-065112-m7-sim-sweep2,2026-10-09T06:52:10+00:00,116,nfs,share,0.0,1.0,0,1.0,hold,chat,0.5,0.5,S4,1.450939500000004,1.5884666278473205,2.6629388255013566,0.5226188184929258,17.0,272,11,605
20261009-065112-m7-sim-sweep2,2026-10-09T06:52:10+00:00,116,nfs,share,0.0,1.0,0,1.0,hold,chat,0.5,0.5,S4+,2.4281375351435486,2.008329632747733,3.090027825501352,0.9647775232091137,16.0,256,6,588
20261009-065112-m7-sim-sweep2,2026-10-09T06:52:10+00:00,116,nfs,share,0.0,1.0,0,1.0,hold,chat,0.5,0.5,S4+P,2.4281375351435486,2.0030151448459743,3.090027825501352,0.9647775232091137,16.0,256,4,586
20261009-065112-m7-sim-sweep2,2026-10-09T06:52:10+00:00,116,nfs,share,0.0,1.0,0,1.0,hold,chat,0.5,0.5,S4L,2.4281375351435486,2.0133133914828245,3.090027825501352,0.9647775232091137,16.0,256,8,589
20261009-065112-m7-sim-sweep2,2026-10-09T06:52:10+00:00,116,nfs,share,0.0,1.0,0,1.0,hold,chat,0.5,0.5,S4B,2.426863680322441,2.0081704008950947,3.090027825501352,0.9647775232091137,16.0,256,3,582
20261009-065112-m7-sim-sweep2,2026-10-09T06:52:10+00:00,116,nfs,share,0.0,1.0,0,1.0,hold,chat,0.5,0.5,S5,1.016972000000024,1.24163774217498,1.6717659339825985,0.1878744203591752,16.0,48,4,593
20261009-065112-m7-sim-sweep2,2026-10-09T06:52:10+00:00,116,nfs,share,0.0,1.0,0,1.0,hold,chat,0.5,0.5,S5s,1.3583593182314218,1.252994556859522,1.6180733182314242,0.0,23.5,0,40,656
20261009-065112-m7-sim-sweep2,2026-10-09T06:52:10+00:00,116,nfs,share,0.0,1.0,0,1.0,hold,chat,0.5,0.5,S5L,1.016972000000024,1.24163774217498,1.6717659339825985,0.1878744203591752,16.0,48,4,593
20261009-065112-m7-sim-sweep2,2026-10-09T06:52:10+00:00,116,nfs,share,0.0,1.0,0,1.0,hold,chat,0.5,0.5,S5P,1.016972000000024,1.24163774217498,1.6717659339825985,0.1878744203591752,16.0,48,4,593
20261009-065112-m7-sim-sweep2,2026-10-09T06:52:10+00:00,116,nfs,share,0.0,1.0,0,1.0,hold,chat,0.5,0.5,S5c,1.0660375795578858,1.6614903164183048,1.8611741627507001,0.6214289423621603,25.5,32,3,600
20261009-065112-m7-sim-sweep2,2026-10-09T06:52:10+00:00,117,nfs,share,0.0,1.0,0,1.0,hold,chat,2.0,0.125,S0,4.1198238095153386,4.12690844194709,5.710822938441993,0.0,32.0,0,184,584
20261009-065112-m7-sim-sweep2,2026-10-09T06:52:10+00:00,117,nfs,share,0.0,1.0,0,1.0,hold,chat,2.0,0.125,S1,3.6484184047576917,3.6940300163542514,4.833327882694789,0.0,32.0,0,97,485
20261009-065112-m7-sim-sweep2,2026-10-09T06:52:10+00:00,117,nfs,share,0.0,1.0,0,1.0,hold,chat,2.0,0.125,S2b,4.338743060324653,4.604759792236918,6.66241072853353,0.8198532033632849,32.0,0,154,518
20261009-065112-m7-sim-sweep2,2026-10-09T06:52:10+00:00,117,nfs,share,0.0,1.0,0,1.0,hold,chat,2.0,0.125,S4,4.71252016275065,4.748850692816027,6.431468325501299,1.171515563896783,29.0,464,113,467
20261009-065112-m7-sim-sweep2,2026-10-09T06:52:10+00:00,117,nfs,share,0.0,1.0,0,1.0,hold,chat,2.0,0.125,S4+,5.464128325501292,5.271773766886213,6.983752325501314,1.5849916452721182,28.0,448,173,498
20261009-065112-m7-sim-sweep2,2026-10-09T06:52:10+00:00,117,nfs,share,0.0,1.0,0,1.0,hold,chat,2.0,0.125,S4+P,4.974476962554107,5.066338345524781,6.281041454427992,1.5849916452721196,28.0,448,109,446
20261009-065112-m7-sim-sweep2,2026-10-09T06:52:10+00:00,117,nfs,share,0.0,1.0,0,1.0,hold,chat,2.0,0.125,S4L,4.8788161803224455,5.065006965152836,6.281041454427992,1.5849916452721196,28.0,448,108,445
20261009-065112-m7-sim-sweep2,2026-10-09T06:52:10+00:00,117,nfs,share,0.0,1.0,0,1.0,hold,chat,2.0,0.125,S4B,4.8788161803224455,5.003956918114224,6.281041454427992,1.5849916452721182,28.0,448,89,429
20261009-065112-m7-sim-sweep2,2026-10-09T06:52:10+00:00,117,nfs,share,0.0,1.0,0,1.0,hold,chat,2.0,0.125,S5,5.464128325501292,5.171580434042382,6.983752325501314,1.4814142915949517,28.0,384,173,498
20261009-065112-m7-sim-sweep2,2026-10-09T06:52:10+00:00,117,nfs,share,0.0,1.0,0,1.0,hold,chat,2.0,0.125,S5s,5.464128325501292,5.135458420259912,6.983752325501314,1.4038354430037436,28.0,288,178,504
20261009-065112-m7-sim-sweep2,2026-10-09T06:52:10+00:00,117,nfs,share,0.0,1.0,0,1.0,hold,chat,2.0,0.125,S5L,4.8788161803224455,4.9184201444072455,6.281041454427992,1.4814142915949517,28.0,384,94,434
20261009-065112-m7-sim-sweep2,2026-10-09T06:52:10+00:00,117,nfs,share,0.0,1.0,0,1.0,hold,chat,2.0,0.125,S5P,4.974476962554107,4.938825042926551,6.281041454427992,1.4814142915949517,28.0,384,101,441
20261009-065112-m7-sim-sweep2,2026-10-09T06:52:10+00:00,117,nfs,share,0.0,1.0,0,1.0,hold,chat,2.0,0.125,S5c,5.464128325501292,5.1012082822669695,6.983752325501314,1.4034187763370767,28.0,288,173,499
20261009-065112-m7-sim-sweep2,2026-10-09T06:52:10+00:00,117,nfs,share,0.0,1.0,0,1.0,hold,chat,2.0,0.25,S0,4.1198238095153386,4.12690844194709,5.710822938441993,0.0,32.0,0,184,584
20261009-065112-m7-sim-sweep2,2026-10-09T06:52:10+00:00,117,nfs,share,0.0,1.0,0,1.0,hold,chat,2.0,0.25,S1,3.177013000000045,3.516547998957812,4.833327882694789,0.0,32.0,0,62,446
20261009-065112-m7-sim-sweep2,2026-10-09T06:52:10+00:00,117,nfs,share,0.0,1.0,0,1.0,hold,chat,2.0,0.25,S2b,4.08410606750833,4.020842380395797,5.5851392224312235,0.4414795702431835,32.0,0,94,462
20261009-065112-m7-sim-sweep2,2026-10-09T06:52:10+00:00,117,nfs,share,0.0,1.0,0,1.0,hold,chat,2.0,0.25,S4,4.268579999999957,4.219976927254692,5.825822325501292,0.7580394825214469,24.0,384,67,438
20261009-065112-m7-sim-sweep2,2026-10-09T06:52:10+00:00,117,nfs,share,0.0,1.0,0,1.0,hold,chat,2.0,0.25,S4+,5.142895889964635,4.928142208838327,6.534863018891315,1.4471662848136742,24.0,384,107,446
20261009-065112-m7-sim-sweep2,2026-10-09T06:52:10+00:00,117,nfs,share,0.0,1.0,0,1.0,hold,chat,2.0,0.25,S4+P,4.8788161803224455,4.800297522038239,5.825822325501292,1.4471662848136742,24.0,384,67,415
20261009-065112-m7-sim-sweep2,2026-10-09T06:52:10+00:00,117,nfs,share,0.0,1.0,0,1.0,hold,chat,2.0,0.25,S4L,4.8788161803224455,4.789573819076851,5.825822325501292,1.4471662848136742,24.0,384,64,412
20261009-065112-m7-sim-sweep2,2026-10-09T06:52:10+00:00,117,nfs,share,0.0,1.0,0,1.0,hold,chat,2.0,0.25,S4B,4.752542325501338,4.710829194754027,5.825822325501292,1.4471662848136742,24.0,384,40,392
20261009-065112-m7-sim-sweep2,2026-10-09T06:52:10+00:00,117,nfs,share,0.0,1.0,0,1.0,hold,chat,2.0,0.25,S5,5.142895889964635,4.76085166888282,6.534863018891315,1.2746762509072838,24.0,320,107,446
20261009-065112-m7-sim-sweep2,2026-10-09T06:52:10+00:00,117,nfs,share,0.0,1.0,0,1.0,hold,chat,2.0,0.25,S5s,4.650309248613979,4.614932466184924,6.534863018891315,0.9946924458094024,24.0,224,130,467
20261009-065112-m7-sim-sweep2,2026-10-09T06:52:10+00:00,117,nfs,share,0.0,1.0,0,1.0,hold,chat,2.0,0.25,S5L,4.8788161803224455,4.609322306003798,5.825822325501292,1.2746762509072849,24.0,320,60,408
20261009-065112-m7-sim-sweep2,2026-10-09T06:52:10+00:00,117,nfs,share,0.0,1.0,0,1.0,hold,chat,2.0,0.25,S5P,4.815679252911892,4.607547969307315,5.825822325501292,1.2746762509072849,24.0,320,60,408
20261009-065112-m7-sim-sweep2,2026-10-09T06:52:10+00:00,117,nfs,share,0.0,1.0,0,1.0,hold,chat,2.0,0.25,S5c,4.911487202052285,4.581798580917077,6.534863018891315,1.0805207960959298,24.0,224,107,448
20261009-065112-m7-sim-sweep2,2026-10-09T06:52:10+00:00,117,nfs,share,0.0,1.0,0,1.0,hold,chat,2.0,0.5,S0,4.1198238095153386,4.12690844194709,5.710822938441993,0.0,32.0,0,184,584
20261009-065112-m7-sim-sweep2,2026-10-09T06:52:10+00:00,117,nfs,share,0.0,1.0,0,1.0,hold,chat,2.0,0.5,S1,3.177013000000045,3.357766399389441,4.268579999999957,0.0,32.0,0,31,411
20261009-065112-m7-sim-sweep2,2026-10-09T06:52:10+00:00,117,nfs,share,0.0,1.0,0,1.0,hold,chat,2.0,0.5,S2b,3.177013000000045,3.4018607511386936,4.268579999999986,0.0974552192966236,32.0,0,20,401
20261009-065112-m7-sim-sweep2,2026-10-09T06:52:10+00:00,117,nfs,share,0.0,1.0,0,1.0,hold,chat,2.0,0.5,S4,3.422366948464969,3.6803326743146774,5.32984799999997,0.3652731051848607,17.0,272,37,404
20261009-065112-m7-sim-sweep2,2026-10-09T06:52:10+00:00,117,nfs,share,0.0,1.0,0,1.0,hold,chat,2.0,0.5,S4+,4.268579999999972,4.2094027362372115,5.825822325501292,0.9647775232091172,16.0,256,28,387
20261009-065112-m7-sim-sweep2,2026-10-09T06:52:10+00:00,117,nfs,share,0.0,1.0,0,1.0,hold,chat,2.0,0.5,S4+P,4.268579999999972,4.172116046728415,5.825822325501292,0.9647775232091172,16.0,256,15,377
20261009-065112-m7-sim-sweep2,2026-10-09T06:52:10+00:00,117,nfs,share,0.0,1.0,0,1.0,hold,chat,2.0,0.5,S4L,4.268579999999972,4.222641480188092,5.825822325501292,0.9647775232091172,16.0,256,31,389
20261009-065112-m7-sim-sweep2,2026-10-09T06:52:10+00:00,117,nfs,share,0.0,1.0,0,1.0,hold,chat,2.0,0.5,S4B,4.268579999999972,4.1196679815424435,5.825822325501292,0.9647775232091172,16.0,256,0,365
20261009-065112-m7-sim-sweep2,2026-10-09T06:52:10+00:00,117,nfs,share,0.0,1.0,0,1.0,hold,chat,2.0,0.5,S5,4.048388325501321,4.010639341382879,5.825822325501292,0.7580394825214493,16.0,192,28,389
20261009-065112-m7-sim-sweep2,2026-10-09T06:52:10+00:00,117,nfs,share,0.0,1.0,0,1.0,hold,chat,2.0,0.5,S5s,3.778794151424222,3.8515527930245117,5.088106325501286,0.413476081375336,16.0,96,67,423
20261009-065112-m7-sim-sweep2,2026-10-09T06:52:10+00:00,117,nfs,share,0.0,1.0,0,1.0,hold,chat,2.0,0.5,S5L,4.048388325501321,3.9603213245898696,5.825822325501292,0.7580394825214493,16.0,192,11,376
20261009-065112-m7-sim-sweep2,2026-10-09T06:52:10+00:00,117,nfs,share,0.0,1.0,0,1.0,hold,chat,2.0,0.5,S5P,4.048388325501321,3.9562937412565358,5.825822325501292,0.7580394825214493,16.0,192,10,375
20261009-065112-m7-sim-sweep2,2026-10-09T06:52:10+00:00,117,nfs,share,0.0,1.0,0,1.0,hold,chat,2.0,0.5,S5c,3.3768385406876718,3.733680105557811,5.272672325501276,0.4646397582139201,16.5,104,28,392
20261009-065112-m7-sim-sweep2,2026-10-09T06:52:10+00:00,118,local,share,0.0,1.0,0,1.0,hold,chat,0.25,0.125,S0,0.49129764363802053,0.5494229734510588,0.696579889661777,0.04788614674479241,32.0,0,200,568
20261009-065112-m7-sim-sweep2,2026-10-09T06:52:10+00:00,118,local,share,0.0,1.0,0,1.0,hold,chat,0.25,0.125,S1,0.5180324468190207,0.6341510242711396,0.8197492500000294,0.09470046270311212,32.0,0,91,620
20261009-065112-m7-sim-sweep2,2026-10-09T06:52:10+00:00,118,local,share,0.0,1.0,0,1.0,hold,chat,0.25,0.125,S2b,0.771615576678677,0.7823807156784989,1.0490095858246207,0.28399749576336103,32.0,0,177,550
20261009-065112-m7-sim-sweep2,2026-10-09T06:52:10+00:00,118,local,share,0.0,1.0,0,1.0,hold,chat,0.25,0.125,S4,0.9111409954305714,0.8844653362793089,1.0581481680633829,0.37791436950941026,29.0,464,155,556
20261009-065112-m7-sim-sweep2,2026-10-09T06:52:10+00:00,118,local,share,0.0,1.0,0,1.0,hold,chat,0.25,0.125,S4+,0.9111409954305714,0.9595029666082654,1.1653541680633879,0.49199004647738853,28.0,448,237,490
20261009-065112-m7-sim-sweep2,2026-10-09T06:52:10+00:00,118,local,share,0.0,1.0,0,1.0,hold,chat,0.25,0.125,S4+P,1.0490095858246207,0.9951765627323906,1.3331301680633914,0.49199004647738853,28.0,448,155,550
20261009-065112-m7-sim-sweep2,2026-10-09T06:52:10+00:00,118,local,share,0.0,1.0,0,1.0,hold,chat,0.25,0.125,S4L,1.0490095858246207,0.9921139133025404,1.3331301680633914,0.49199004647738853,28.0,448,163,544
20261009-065112-m7-sim-sweep2,2026-10-09T06:52:10+00:00,118,local,share,0.0,1.0,0,1.0,hold,chat,0.25,0.125,S4B,1.0581481680633829,1.05519283095103,1.3331301680633914,0.49199004647737965,28.0,448,16,652
20261009-065112-m7-sim-sweep2,2026-10-09T06:52:10+00:00,118,local,share,0.0,1.0,0,1.0,hold,chat,0.25,0.125,S5,0.8604138727152986,0.8430796119418252,1.138123631168554,0.352973515616035,28.0,128,171,537
20261009-065112-m7-sim-sweep2,2026-10-09T06:52:10+00:00,118,local,share,0.0,1.0,0,1.0,hold,chat,0.25,0.125,S5s,0.9111409954305714,0.9272083258959718,1.1653541680633879,0.459695405765095,28.0,384,237,490
20261009-065112-m7-sim-sweep2,2026-10-09T06:52:10+00:00,118,local,share,0.0,1.0,0,1.0,hold,chat,0.25,0.125,S5L,0.873932331746964,0.8797945999629609,1.2855966680633628,0.352973515616035,28.0,128,77,605
20261009-065112-m7-sim-sweep2,2026-10-09T06:52:10+00:00,118,local,share,0.0,1.0,0,1.0,hold,chat,0.25,0.125,S5P,0.873932331746964,0.8797945999629609,1.2855966680633628,0.352973515616035,28.0,128,77,605
20261009-065112-m7-sim-sweep2,2026-10-09T06:52:10+00:00,118,local,share,0.0,1.0,0,1.0,hold,chat,0.25,0.125,S5c,0.9111409954305714,0.9349694860740451,1.1653541680633879,0.4674565659431682,28.0,384,237,490
20261009-065112-m7-sim-sweep2,2026-10-09T06:52:10+00:00,118,local,share,0.0,1.0,0,1.0,hold,chat,0.25,0.25,S0,0.49129764363802053,0.5015368267062664,0.696579889661777,0.0,32.0,0,200,568
20261009-065112-m7-sim-sweep2,2026-10-09T06:52:10+00:00,118,local,share,0.0,1.0,0,1.0,hold,chat,0.25,0.25,S1,0.5447672500000209,0.5501523689114963,0.8197492500000294,0.0,32.0,0,58,636
20261009-065112-m7-sim-sweep2,2026-10-09T06:52:10+00:00,118,local,share,0.0,1.0,0,1.0,hold,chat,0.25,0.25,S2b,0.6514491771249382,0.7084019013667042,1.058521553305468,0.16747025627387538,32.0,0,71,618
20261009-065112-m7-sim-sweep2,2026-10-09T06:52:10+00:00,118,local,share,0.0,1.0,0,1.0,hold,chat,0.25,0.25,S4,0.8249315574411966,0.7916178028676022,1.0581481680633829,0.2559665320578617,24.0,384,86,608
20261009-065112-m7-sim-sweep2,2026-10-09T06:52:10+00:00,118,local,share,0.0,1.0,0,1.0,hold,chat,0.25,0.25,S4+,0.9846445817469771,0.9784477526144192,1.3331301680633914,0.4492083033054417,24.0,384,95,594
20261009-065112-m7-sim-sweep2,2026-10-09T06:52:10+00:00,118,local,share,0.0,1.0,0,1.0,hold,chat,0.25,0.25,S4+P,1.0535788769440018,0.9821968336067085,1.3331301680633914,0.4492083033054417,24.0,384,89,598
20261009-065112-m7-sim-sweep2,2026-10-09T06:52:10+00:00,118,local,share,0.0,1.0,0,1.0,hold,chat,0.25,0.25,S4L,1.0535788769440018,0.9821968336067085,1.3331301680633914,0.4492083033054417,24.0,384,89,598
20261009-065112-m7-sim-sweep2,2026-10-09T06:52:10+00:00,118,local,share,0.0,1.0,0,1.0,hold,chat,0.25,0.25,S4B,1.0581481680633829,1.0185363866387924,1.3331301680633914,0.4492083033054417,24.0,384,0,664
20261009-065112-m7-sim-sweep2,2026-10-09T06:52:10+00:00,118,local,share,0.0,1.0,0,1.0,hold,chat,0.25,0.25,S5,0.6640561658734896,0.7050876629679692,1.01860340165274,0.1561342901390971,24.0,64,35,637
20261009-065112-m7-sim-sweep2,2026-10-09T06:52:10+00:00,118,local,share,0.0,1.0,0,1.0,hold,chat,0.25,0.25,S5s,0.9846445817469771,0.9247622403161522,1.3331301680633914,0.39552279100717475,24.0,320,95,594
20261009-065112-m7-sim-sweep2,2026-10-09T06:52:10+00:00,118,local,share,0.0,1.0,0,1.0,hold,chat,0.25,0.25,S5L,0.6640561658734896,0.7108879955886144,1.0532819180633908,0.1561342901390971,24.0,64,20,648
20261009-065112-m7-sim-sweep2,2026-10-09T06:52:10+00:00,118,local,share,0.0,1.0,0,1.0,hold,chat,0.25,0.25,S5P,0.6640561658734896,0.7108879955886144,1.0532819180633908,0.1561342901390971,24.0,64,20,648
20261009-065112-m7-sim-sweep2,2026-10-09T06:52:10+00:00,118,local,share,0.0,1.0,0,1.0,hold,chat,0.25,0.25,S5c,0.9846445817469771,0.9311361109502426,1.3331301680633914,0.40189666164126514,24.0,320,95,594
20261009-065112-m7-sim-sweep2,2026-10-09T06:52:10+00:00,118,local,share,0.0,1.0,0,1.0,hold,chat,0.25,0.5,S0,0.49129764363802053,0.5015368267062664,0.696579889661777,0.0,32.0,0,200,568
20261009-065112-m7-sim-sweep2,2026-10-09T06:52:10+00:00,118,local,share,0.0,1.0,0,1.0,hold,chat,0.25,0.5,S1,0.5447672500000209,0.5597402261224236,0.8197492500000294,0.0,32.0,0,29,650
20261009-065112-m7-sim-sweep2,2026-10-09T06:52:10+00:00,118,local,share,0.0,1.0,0,1.0,hold,chat,0.25,0.5,S2b,0.5447672500000209,0.6961531475206387,0.8197492500000294,0.12905296445237133,32.0,0,8,660
20261009-065112-m7-sim-sweep2,2026-10-09T06:52:10+00:00,118,local,share,0.0,1.0,0,1.0,hold,chat,0.25,0.5,S4,0.5844496250000262,0.6704328222726476,0.9111409954305714,0.12150605540869759,17.0,272,50,629
20261009-065112-m7-sim-sweep2,2026-10-09T06:52:10+00:00,118,local,share,0.0,1.0,0,1.0,hold,chat,0.25,0.5,S4+,0.8382989590316967,0.8626749866772782,1.3331301680633914,0.2994722022036278,16.0,256,16,652
20261009-065112-m7-sim-sweep2,2026-10-09T06:52:10+00:00,118,local,share,0.0,1.0,0,1.0,hold,chat,0.25,0.5,S4+P,0.8382989590316967,0.8626749866772782,1.3331301680633914,0.2994722022036278,16.0,256,16,652
20261009-065112-m7-sim-sweep2,2026-10-09T06:52:10+00:00,118,local,share,0.0,1.0,0,1.0,hold,chat,0.25,0.5,S4L,0.8382989590316967,0.8565496878175777,1.3331301680633914,0.2994722022036278,16.0,256,32,640
20261009-065112-m7-sim-sweep2,2026-10-09T06:52:10+00:00,118,local,share,0.0,1.0,0,1.0,hold,chat,0.25,0.5,S4B,0.856848668063364,0.8688002855369786,1.3331301680633914,0.2994722022036278,16.0,256,0,664
20261009-065112-m7-sim-sweep2,2026-10-09T06:52:10+00:00,118,local,share,0.0,1.0,0,1.0,hold,chat,0.25,0.5,S5,0.5447672500000209,0.5676510000000169,0.8197492500000294,0.0,20.0,0,0,664
20261009-065112-m7-sim-sweep2,2026-10-09T06:52:10+00:00,118,local,share,0.0,1.0,0,1.0,hold,chat,0.25,0.5,S5s,0.7833450817469583,0.7985023719193579,1.3331301680633914,0.23529958744570756,16.0,192,16,652
20261009-065112-m7-sim-sweep2,2026-10-09T06:52:10+00:00,118,local,share,0.0,1.0,0,1.0,hold,chat,0.25,0.5,S5L,0.5447672500000209,0.5676510000000169,0.8197492500000294,0.0,20.0,0,0,664
20261009-065112-m7-sim-sweep2,2026-10-09T06:52:10+00:00,118,local,share,0.0,1.0,0,1.0,hold,chat,0.25,0.5,S5P,0.5447672500000209,0.5676510000000169,0.8197492500000294,0.0,20.0,0,0,664
20261009-065112-m7-sim-sweep2,2026-10-09T06:52:10+00:00,118,local,share,0.0,1.0,0,1.0,hold,chat,0.25,0.5,S5c,0.7833450817469583,0.8035375898158511,1.3331301680633914,0.24033480534220075,16.0,192,16,652
20261009-065112-m7-sim-sweep2,2026-10-09T06:52:10+00:00,119,local,share,0.0,1.0,0,1.0,hold,chat,0.5,0.125,S0,0.881409000000005,0.8833793738928731,1.1943910000000102,0.0,32.0,0,304,464
20261009-065112-m7-sim-sweep2,2026-10-09T06:52:10+00:00,119,local,share,0.0,1.0,0,1.0,hold,chat,0.5,0.125,S1,0.9491905000000145,0.9649137073392821,1.450939500000004,0.0,32.0,0,138,538
20261009-065112-m7-sim-sweep2,2026-10-09T06:52:10+00:00,119,local,share,0.0,1.0,0,1.0,hold,chat,0.5,0.125,S2b,1.143888094026181,1.1295426740467913,1.4234900727980175,0.2618218556963428,32.0,0,267,443
20261009-065112-m7-sim-sweep2,2026-10-09T06:52:10+00:00,119,local,share,0.0,1.0,0,1.0,hold,chat,0.5,0.125,S4,1.4091399954305643,1.2674012643555177,1.530352918063386,0.3636448169615214,29.0,464,205,470
20261009-065112-m7-sim-sweep2,2026-10-09T06:52:10+00:00,119,local,share,0.0,1.0,0,1.0,hold,chat,0.5,0.125,S4+,1.210421628982914,1.3040193063888903,1.560603482403721,0.4919900464773311,28.0,448,328,381
20261009-065112-m7-sim-sweep2,2026-10-09T06:52:10+00:00,119,local,share,0.0,1.0,0,1.0,hold,chat,0.5,0.125,S4+P,1.4234900727978896,1.3914580000624472,1.9574419180631821,0.49199004647732636,28.0,448,200,462
20261009-065112-m7-sim-sweep2,2026-10-09T06:52:10+00:00,119,local,share,0.0,1.0,0,1.0,hold,chat,0.5,0.125,S4L,1.4234900727977617,1.3851564463507582,1.9574419180631821,0.49199004647732636,28.0,448,209,456
20261009-065112-m7-sim-sweep2,2026-10-09T06:52:10+00:00,119,local,share,0.0,1.0,0,1.0,hold,chat,0.5,0.125,S4B,1.5303529180632864,1.4724295617129226,1.9574419180633669,0.4919900464773252,28.0,448,73,545
20261009-065112-m7-sim-sweep2,2026-10-09T06:52:10+00:00,119,local,share,0.0,1.0,0,1.0,hold,chat,0.5,0.125,S5,1.2104216289828642,1.2087704660480647,1.560603482403721,0.38870793530319797,28.0,240,305,395
20261009-065112-m7-sim-sweep2,2026-10-09T06:52:10+00:00,119,local,share,0.0,1.0,0,1.0,hold,chat,0.5,0.125,S5s,1.210421628982914,1.2928289330958886,1.560603482403721,0.4810862773510151,28.0,400,328,380
20261009-065112-m7-sim-sweep2,2026-10-09T06:52:10+00:00,119,local,share,0.0,1.0,0,1.0,hold,chat,0.5,0.125,S5L,1.407972284362124,1.3224639866076924,1.9340709180631848,0.3887079353031891,28.0,240,129,507
20261009-065112-m7-sim-sweep2,2026-10-09T06:52:10+00:00,119,local,share,0.0,1.0,0,1.0,hold,chat,0.5,0.125,S5P,1.407972284362124,1.3224639866076924,1.9340709180631848,0.3887079353031891,28.0,240,129,507
20261009-065112-m7-sim-sweep2,2026-10-09T06:52:10+00:00,119,local,share,0.0,1.0,0,1.0,hold,chat,0.5,0.125,S5c,1.210421628982914,1.2934021414292207,1.560603482403721,0.4810862773510151,28.0,400,328,382
20261009-065112-m7-sim-sweep2,2026-10-09T06:52:10+00:00,119,local,share,0.0,1.0,0,1.0,hold,chat,0.5,0.25,S0,0.881409000000005,0.8833793738928731,1.1943910000000102,0.0,32.0,0,304,464
20261009-065112-m7-sim-sweep2,2026-10-09T06:52:10+00:00,119,local,share,0.0,1.0,0,1.0,hold,chat,0.5,0.25,S1,1.016972000000024,0.9887385908714291,1.450939500000004,0.0,32.0,0,88,560
20261009-065112-m7-sim-sweep2,2026-10-09T06:52:10+00:00,119,local,share,0.0,1.0,0,1.0,hold,chat,0.5,0.25,S2b,1.016972000000024,1.0971458604116389,1.4920918811685624,0.14112481521779033,32.0,0,121,528
20261009-065112-m7-sim-sweep2,2026-10-09T06:52:10+00:00,119,local,share,0.0,1.0,0,1.0,hold,chat,0.5,0.25,S4,1.3026057735230907,1.19803989745429,1.530352918063386,0.23529958744569868,24.0,384,117,530
20261009-065112-m7-sim-sweep2,2026-10-09T06:52:10+00:00,119,local,share,0.0,1.0,0,1.0,hold,chat,0.5,0.25,S4+,1.3505050235231408,1.3786132233325645,1.957441918063381,0.4492083033053825,24.0,384,149,498
20261009-065112-m7-sim-sweep2,2026-10-09T06:52:10+00:00,119,local,share,0.0,1.0,0,1.0,hold,chat,0.5,0.25,S4+P,1.4769214954304744,1.4027030981626243,1.957441918063381,0.4492083033053884,24.0,384,118,517
20261009-065112-m7-sim-sweep2,2026-10-09T06:52:10+00:00,119,local,share,0.0,1.0,0,1.0,hold,chat,0.5,0.25,S4L,1.4769214954304744,1.4061464314959586,1.957441918063381,0.4492083033053884,24.0,384,114,519
20261009-065112-m7-sim-sweep2,2026-10-09T06:52:10+00:00,119,local,share,0.0,1.0,0,1.0,hold,chat,0.5,0.25,S4B,1.530352918063386,1.476257011638732,1.957441918063381,0.44920830330537953,24.0,384,0,594
20261009-065112-m7-sim-sweep2,2026-10-09T06:52:10+00:00,119,local,share,0.0,1.0,0,1.0,hold,chat,0.5,0.25,S5,1.2104216289828642,1.2219367846792994,1.789268918063371,0.2926573464996511,24.0,176,144,501
20261009-065112-m7-sim-sweep2,2026-10-09T06:52:10+00:00,119,local,share,0.0,1.0,0,1.0,hold,chat,0.5,0.25,S5s,1.3505050235231408,1.3429779945053604,1.957441918063381,0.4141877203115148,24.0,336,149,498
20261009-065112-m7-sim-sweep2,2026-10-09T06:52:10+00:00,119,local,share,0.0,1.0,0,1.0,hold,chat,0.5,0.25,S5L,1.288609005075699,1.2657502367352425,1.9340709180631848,0.2926573464996511,24.0,176,75,544
20261009-065112-m7-sim-sweep2,2026-10-09T06:52:10+00:00,119,local,share,0.0,1.0,0,1.0,hold,chat,0.5,0.25,S5P,1.336424649615978,1.2754479325138466,1.9340709180631848,0.2926573464996511,24.0,176,59,555
20261009-065112-m7-sim-sweep2,2026-10-09T06:52:10+00:00,119,local,share,0.0,1.0,0,1.0,hold,chat,0.5,0.25,S5c,1.3505050235231408,1.3489144624018543,1.957441918063381,0.419222938208008,24.0,336,149,499
20261009-065112-m7-sim-sweep2,2026-10-09T06:52:10+00:00,119,local,share,0.0,1.0,0,1.0,hold,chat,0.5,0.5,S0,0.881409000000005,0.8833793738928731,1.1943910000000102,0.0,32.0,0,304,464
20261009-065112-m7-sim-sweep2,2026-10-09T06:52:10+00:00,119,local,share,0.0,1.0,0,1.0,hold,chat,0.5,0.5,S1,1.016972000000024,1.0087534621023877,1.450939500000004,0.0,32.0,0,44,580
20261009-065112-m7-sim-sweep2,2026-10-09T06:52:10+00:00,119,local,share,0.0,1.0,0,1.0,hold,chat,0.5,0.5,S2b,1.016972000000024,1.0543335046987714,1.450939500000004,0.03192606342971693,32.0,0,17,592
20261009-065112-m7-sim-sweep2,2026-10-09T06:52:10+00:00,119,local,share,0.0,1.0,0,1.0,hold,chat,0.5,0.5,S4,1.016972000000024,1.0977560810609532,1.4509395000000325,0.11559694082536431,17.0,272,73,551
20261009-065112-m7-sim-sweep2,2026-10-09T06:52:10+00:00,119,local,share,0.0,1.0,0,1.0,hold,chat,0.5,0.5,S4+,1.4228647090316144,1.3114074105369433,1.964320418063366,0.2994722022035923,16.0,256,28,578
20261009-065112-m7-sim-sweep2,2026-10-09T06:52:10+00:00,119,local,share,0.0,1.0,0,1.0,hold,chat,0.5,0.5,S4+P,1.450939500000004,1.3170558688702751,1.964320418063366,0.2994722022035923,16.0,256,20,583
20261009-065112-m7-sim-sweep2,2026-10-09T06:52:10+00:00,119,local,share,0.0,1.0,0,1.0,hold,chat,0.5,0.5,S4L,1.3306805644914093,1.3035927318252505,1.964320418063366,0.2994722022035923,16.0,256,41,570
20261009-065112-m7-sim-sweep2,2026-10-09T06:52:10+00:00,119,local,share,0.0,1.0,0,1.0,hold,chat,0.5,0.5,S4B,1.450939500000004,1.327799993870275,1.964320418063366,0.2994722022035923,16.0,256,0,597
20261009-065112-m7-sim-sweep2,2026-10-09T06:52:10+00:00,119,local,share,0.0,1.0,0,1.0,hold,chat,0.5,0.5,S5,1.016972000000024,1.0807306084390713,1.4541235000000228,0.05421515010572323,16.0,48,0,597
20261009-065112-m7-sim-sweep2,2026-10-09T06:52:10+00:00,119,local,share,0.0,1.0,0,1.0,hold,chat,0.5,0.5,S5s,1.0743732090316982,1.2679197923650054,1.957441918063381,0.25669045903165433,16.0,208,28,577
20261009-065112-m7-sim-sweep2,2026-10-09T06:52:10+00:00,119,local,share,0.0,1.0,0,1.0,hold,chat,0.5,0.5,S5L,1.016972000000024,1.0807306084390713,1.4541235000000228,0.05421515010572323,16.0,48,0,597
20261009-065112-m7-sim-sweep2,2026-10-09T06:52:10+00:00,119,local,share,0.0,1.0,0,1.0,hold,chat,0.5,0.5,S5P,1.016972000000024,1.0807306084390713,1.4541235000000228,0.05421515010572323,16.0,48,0,597
20261009-065112-m7-sim-sweep2,2026-10-09T06:52:10+00:00,119,local,share,0.0,1.0,0,1.0,hold,chat,0.5,0.5,S5c,1.1347958237896165,1.2735282185948311,1.964320418063366,0.2617256769281475,16.0,208,28,579
20261009-065112-m7-sim-sweep2,2026-10-09T06:52:10+00:00,120,local,share,0.0,1.0,0,1.0,hold,chat,1.0,0.125,S0,1.5431829999999849,1.4975553333333285,1.9014390000000105,0.0,32.0,0,440,328
20261009-065112-m7-sim-sweep2,2026-10-09T06:52:10+00:00,120,local,share,0.0,1.0,0,1.0,hold,chat,1.0,0.125,S1,1.6797197500000323,1.6754711666666704,2.4422529999999796,0.0,32.0,0,207,418
20261009-065112-m7-sim-sweep2,2026-10-09T06:52:10+00:00,120,local,share,0.0,1.0,0,1.0,hold,chat,1.0,0.125,S2b,1.7015098400491553,1.7307901058022186,2.1259269180631577,0.22776436954916215,32.0,0,364,323
20261009-065112-m7-sim-sweep2,2026-10-09T06:52:10+00:00,120,local,share,0.0,1.0,0,1.0,hold,chat,1.0,0.125,S4,2.091245418063167,1.9511844941816499,2.442253000000022,0.3636448169614859,29.0,464,262,363
20261009-065112-m7-sim-sweep2,2026-10-09T06:52:10+00:00,120,local,share,0.0,1.0,0,1.0,hold,chat,1.0,0.125,S4+,1.7552668358247558,1.9171757489768595,2.322764918063328,0.49199004647727307,28.0,448,413,274
20261009-065112-m7-sim-sweep2,2026-10-09T06:52:10+00:00,120,local,share,0.0,1.0,0,1.0,hold,chat,1.0,0.125,S4+P,2.1259269180631577,2.07757603728302,3.009908918063161,0.4919900464772737,28.0,448,250,360
20261009-065112-m7-sim-sweep2,2026-10-09T06:52:10+00:00,120,local,share,0.0,1.0,0,1.0,hold,chat,1.0,0.125,S4L,2.1259269180631577,2.0723221820307907,2.9021629180633397,0.49199004647728134,28.0,448,254,358
20261009-065112-m7-sim-sweep2,2026-10-09T06:52:10+00:00,120,local,share,0.0,1.0,0,1.0,hold,chat,1.0,0.125,S4B,2.2243459180631646,2.152941247957403,3.009908918063161,0.4919900464772701,28.0,448,168,405
20261009-065112-m7-sim-sweep2,2026-10-09T06:52:10+00:00,120,local,share,0.0,1.0,0,1.0,hold,chat,1.0,0.125,S5,1.7552668358247558,1.8764302653389724,2.2857419180631666,0.4492083033053351,28.0,328,409,276
20261009-065112-m7-sim-sweep2,2026-10-09T06:52:10+00:00,120,local,share,0.0,1.0,0,1.0,hold,chat,1.0,0.125,S5s,1.7552668358247558,1.9171757489768595,2.322764918063328,0.49199004647727307,28.0,424,413,274
20261009-065112-m7-sim-sweep2,2026-10-09T06:52:10+00:00,120,local,share,0.0,1.0,0,1.0,hold,chat,1.0,0.125,S5L,2.1259269180631577,2.067293858952111,3.009908918063161,0.4492083033053351,28.0,328,211,379
20261009-065112-m7-sim-sweep2,2026-10-09T06:52:10+00:00,120,local,share,0.0,1.0,0,1.0,hold,chat,1.0,0.125,S5P,2.1259269180631577,2.0622618751033577,3.009908918063161,0.4492083033053351,28.0,328,218,375
20261009-065112-m7-sim-sweep2,2026-10-09T06:52:10+00:00,120,local,share,0.0,1.0,0,1.0,hold,chat,1.0,0.125,S5c,1.7552668358247558,1.917462103143529,2.329637418063399,0.49199004647727307,28.0,424,413,274
20261009-065112-m7-sim-sweep2,2026-10-09T06:52:10+00:00,120,local,share,0.0,1.0,0,1.0,hold,chat,1.0,0.25,S0,1.5431829999999849,1.4975553333333285,1.9014390000000105,0.0,32.0,0,440,328
20261009-065112-m7-sim-sweep2,2026-10-09T06:52:10+00:00,120,local,share,0.0,1.0,0,1.0,hold,chat,1.0,0.25,S1,1.816256500000037,1.7312763750000109,2.5131220000000383,0.0,32.0,0,132,446
20261009-065112-m7-sim-sweep2,2026-10-09T06:52:10+00:00,120,local,share,0.0,1.0,0,1.0,hold,chat,1.0,0.25,S2b,1.7857616679123964,1.7786861924484227,2.442253000000022,0.12614892504168296,32.0,0,194,405
20261009-065112-m7-sim-sweep2,2026-10-09T06:52:10+00:00,120,local,share,0.0,1.0,0,1.0,hold,chat,1.0,0.25,S4,1.936410209031692,1.9352652227077378,2.5131220000000383,0.23529958744566315,24.0,384,152,426
20261009-065112-m7-sim-sweep2,2026-10-09T06:52:10+00:00,120,local,share,0.0,1.0,0,1.0,hold,chat,1.0,0.25,S4+,1.9407804309391565,2.0542629171098725,2.902162918063169,0.44920830330532624,24.0,384,223,376
20261009-065112-m7-sim-sweep2,2026-10-09T06:52:10+00:00,120,local,share,0.0,1.0,0,1.0,hold,chat,1.0,0.25,S4+P,2.2243459180631646,2.1244472756187753,3.009908918063161,0.4492083033053351,24.0,384,155,411
20261009-065112-m7-sim-sweep2,2026-10-09T06:52:10+00:00,120,local,share,0.0,1.0,0,1.0,hold,chat,1.0,0.25,S4L,2.2243459180631646,2.137064900618776,3.009908918063161,0.4492083033053351,24.0,384,143,417
20261009-065112-m7-sim-sweep2,2026-10-09T06:52:10+00:00,120,local,share,0.0,1.0,0,1.0,hold,chat,1.0,0.25,S4B,2.3227649180631715,2.2461054908053284,3.009908918063161,0.44920830330532624,24.0,384,28,480
20261009-065112-m7-sim-sweep2,2026-10-09T06:52:10+00:00,120,local,share,0.0,1.0,0,1.0,hold,chat,1.0,0.25,S5,1.816256500000037,1.9425755697168459,2.6476709180631417,0.3408909742346869,24.0,264,225,373
20261009-065112-m7-sim-sweep2,2026-10-09T06:52:10+00:00,120,local,share,0.0,1.0,0,1.0,hold,chat,1.0,0.25,S5s,1.9407804309392347,2.049668641494966,2.902162918063169,0.4464823610237527,24.0,360,224,375
20261009-065112-m7-sim-sweep2,2026-10-09T06:52:10+00:00,120,local,share,0.0,1.0,0,1.0,hold,chat,1.0,0.25,S5L,1.9710917090315974,2.0479191757147963,3.009908918063161,0.3408909742346869,24.0,264,120,429
20261009-065112-m7-sim-sweep2,2026-10-09T06:52:10+00:00,120,local,share,0.0,1.0,0,1.0,hold,chat,1.0,0.25,S5P,1.9710917090315974,2.0479191757147963,3.009908918063161,0.3408909742346869,24.0,264,120,429
20261009-065112-m7-sim-sweep2,2026-10-09T06:52:10+00:00,120,local,share,0.0,1.0,0,1.0,hold,chat,1.0,0.25,S5c,1.9407804309392134,2.051536974828297,2.902162918063169,0.44648236102375094,24.0,360,223,376
20261009-065112-m7-sim-sweep2,2026-10-09T06:52:10+00:00,120,local,share,0.0,1.0,0,1.0,hold,chat,1.0,0.5,S0,1.5431829999999849,1.4975553333333285,1.9014390000000105,0.0,32.0,0,440,328
20261009-065112-m7-sim-sweep2,2026-10-09T06:52:10+00:00,120,local,share,0.0,1.0,0,1.0,hold,chat,1.0,0.5,S1,1.816256500000037,1.7803129375000175,2.5131220000000383,0.0,32.0,0,66,471
20261009-065112-m7-sim-sweep2,2026-10-09T06:52:10+00:00,120,local,share,0.0,1.0,0,1.0,hold,chat,1.0,0.5,S2b,1.816256500000037,1.827792980534235,2.5131220000000383,0.023283480534212586,32.0,0,34,482
20261009-065112-m7-sim-sweep2,2026-10-09T06:52:10+00:00,120,local,share,0.0,1.0,0,1.0,hold,chat,1.0,0.5,S4,1.816256500000037,1.8482620628365865,2.5131220000000525,0.10695435792984931,17.0,272,90,447
20261009-065112-m7-sim-sweep2,2026-10-09T06:52:10+00:00,120,local,share,0.0,1.0,0,1.0,hold,chat,1.0,0.5,S4+,2.080253918063164,2.0826050980368715,3.009908918063161,0.2994722022035301,16.0,256,45,471
20261009-065112-m7-sim-sweep2,2026-10-09T06:52:10+00:00,120,local,share,0.0,1.0,0,1.0,hold,chat,1.0,0.5,S4+P,2.2766234180632523,2.098969223036873,3.009908918063161,0.2994722022035301,16.0,256,28,480
20261009-065112-m7-sim-sweep2,2026-10-09T06:52:10+00:00,120,local,share,0.0,1.0,0,1.0,hold,chat,1.0,0.5,S4L,2.0695107090316043,2.0701897612769304,3.009908918063161,0.29947220220353427,16.0,256,57,464
20261009-065112-m7-sim-sweep2,2026-10-09T06:52:10+00:00,120,local,share,0.0,1.0,0,1.0,hold,chat,1.0,0.5,S4B,2.3227649180631715,2.1232414313702077,3.009908918063161,0.2994722022035301,16.0,256,0,496
20261009-065112-m7-sim-sweep2,2026-10-09T06:52:10+00:00,120,local,share,0.0,1.0,0,1.0,hold,chat,1.0,0.5,S5,1.816256500000037,1.9536957851877272,3.009908918063161,0.17112697268771626,16.0,136,46,470
20261009-065112-m7-sim-sweep2,2026-10-09T06:52:10+00:00,120,local,share,0.0,1.0,0,1.0,hold,chat,1.0,0.5,S5s,2.070473399615878,2.076076596499597,3.009908918063161,0.2926573464995859,16.0,232,45,471
20261009-065112-m7-sim-sweep2,2026-10-09T06:52:10+00:00,120,local,share,0.0,1.0,0,1.0,hold,chat,1.0,0.5,S5L,1.816256500000037,1.9756888685210612,3.009908918063161,0.17112697268771626,16.0,136,24,481
20261009-065112-m7-sim-sweep2,2026-10-09T06:52:10+00:00,120,local,share,0.0,1.0,0,1.0,hold,chat,1.0,0.5,S5P,1.816256500000037,1.9756888685210612,3.009908918063161,0.17112697268771626,16.0,136,24,481
20261009-065112-m7-sim-sweep2,2026-10-09T06:52:10+00:00,120,local,share,0.0,1.0,0,1.0,hold,chat,1.0,0.5,S5c,2.070473399615878,2.076076596499597,3.009908918063161,0.2926573464995859,16.0,232,45,471
20261009-065112-m7-sim-sweep2,2026-10-09T06:52:10+00:00,121,local,share,0.0,1.0,0,1.0,hold,chat,2.0,0.125,S0,2.6174319999999796,2.5849463470840615,3.2250919999999894,0.0,32.0,0,568,200
20261009-065112-m7-sim-sweep2,2026-10-09T06:52:10+00:00,121,local,share,0.0,1.0,0,1.0,hold,chat,2.0,0.125,S1,2.8972225000000122,2.869256300260874,3.8028779999999642,0.0,32.0,0,300,282
20261009-065112-m7-sim-sweep2,2026-10-09T06:52:10+00:00,121,local,share,0.0,1.0,0,1.0,hold,chat,2.0,0.125,S2b,2.793016381168414,2.8433726458127264,3.3838873399026568,0.2277643695491355,32.0,0,467,205
20261009-065112-m7-sim-sweep2,2026-10-09T06:52:10+00:00,121,local,share,0.0,1.0,0,1.0,hold,chat,2.0,0.125,S4,3.2573501289828926,3.1265870786579715,3.8028779999999642,0.36364481696144146,29.0,464,335,246
20261009-065112-m7-sim-sweep2,2026-10-09T06:52:10+00:00,121,local,share,0.0,1.0,0,1.0,hold,chat,2.0,0.125,S4+,2.8542809180631536,3.0179499863559904,3.6840689180633603,0.49199004647723754,28.0,448,498,174
20261009-065112-m7-sim-sweep2,2026-10-09T06:52:10+00:00,121,local,share,0.0,1.0,0,1.0,hold,chat,2.0,0.125,S4+P,3.370574128982895,3.2587650720303536,4.59050491806309,0.49199004647723754,28.0,448,311,245
20261009-065112-m7-sim-sweep2,2026-10-09T06:52:10+00:00,121,local,share,0.0,1.0,0,1.0,hold,chat,2.0,0.125,S4L,3.3838873399026568,3.2640608854460047,4.228504918063123,0.49199004647723754,28.0,448,307,247
20261009-065112-m7-sim-sweep2,2026-10-09T06:52:10+00:00,121,local,share,0.0,1.0,0,1.0,hold,chat,2.0,0.125,S4B,3.3838873399026568,3.3369648656982434,4.703312418063177,0.49199004647723754,28.0,448,251,269
20261009-065112-m7-sim-sweep2,2026-10-09T06:52:10+00:00,121,local,share,0.0,1.0,0,1.0,hold,chat,2.0,0.125,S5,2.8542809180631536,2.9852360748103717,3.5891689180631374,0.4596954057649529,28.0,384,498,174
20261009-065112-m7-sim-sweep2,2026-10-09T06:52:10+00:00,121,local,share,0.0,1.0,0,1.0,hold,chat,2.0,0.125,S5s,2.8542809180631536,3.0171114446893235,3.6840689180633603,0.49199004647723754,28.0,432,498,174
20261009-065112-m7-sim-sweep2,2026-10-09T06:52:10+00:00,121,local,share,0.0,1.0,0,1.0,hold,chat,2.0,0.125,S5L,3.3838873399026568,3.2841235791526135,4.685298918063097,0.4596954057649458,28.0,384,266,264
20261009-065112-m7-sim-sweep2,2026-10-09T06:52:10+00:00,121,local,share,0.0,1.0,0,1.0,hold,chat,2.0,0.125,S5P,3.370574128982895,3.251960744733718,4.685298918063097,0.4596954057649458,28.0,384,290,254
20261009-065112-m7-sim-sweep2,2026-10-09T06:52:10+00:00,121,local,share,0.0,1.0,0,1.0,hold,chat,2.0,0.125,S5c,2.8542809180631536,3.0179499863559904,3.6840689180633603,0.49199004647723754,28.0,432,498,174
20261009-065112-m7-sim-sweep2,2026-10-09T06:52:10+00:00,121,local,share,0.0,1.0,0,1.0,hold,chat,2.0,0.25,S0,2.6174319999999796,2.5849463470840615,3.2250919999999894,0.0,32.0,0,568,200
20261009-065112-m7-sim-sweep2,2026-10-09T06:52:10+00:00,121,local,share,0.0,1.0,0,1.0,hold,chat,2.0,0.25,S1,3.177013000000045,2.989392923542034,4.268579999999957,0.0,32.0,0,192,316
20261009-065112-m7-sim-sweep2,2026-10-09T06:52:10+00:00,121,local,share,0.0,1.0,0,1.0,hold,chat,2.0,0.25,S2b,3.0156469590315993,2.9702710662040026,3.8028779999999642,0.12614892504166697,32.0,0,282,274
20261009-065112-m7-sim-sweep2,2026-10-09T06:52:10+00:00,121,local,share,0.0,1.0,0,1.0,hold,chat,2.0,0.25,S4,3.19082395903159,3.1936165646221717,4.268579999999957,0.2352995874456454,24.0,384,202,305
20261009-065112-m7-sim-sweep2,2026-10-09T06:52:10+00:00,121,local,share,0.0,1.0,0,1.0,hold,chat,2.0,0.25,S4+,3.157051211070552,3.235766834862074,4.228504918063123,0.4492083033052907,24.0,384,299,255
20261009-065112-m7-sim-sweep2,2026-10-09T06:52:10+00:00,121,local,share,0.0,1.0,0,1.0,hold,chat,2.0,0.25,S4+P,3.5339781289828807,3.374491795706348,4.703312418063177,0.4492083033052996,24.0,384,191,293
20261009-065112-m7-sim-sweep2,2026-10-09T06:52:10+00:00,121,local,share,0.0,1.0,0,1.0,hold,chat,2.0,0.25,S4L,3.5339781289828807,3.3850343790396806,4.703312418063177,0.4492083033052996,24.0,384,182,296
20261009-065112-m7-sim-sweep2,2026-10-09T06:52:10+00:00,121,local,share,0.0,1.0,0,1.0,hold,chat,2.0,0.25,S4B,3.6840689180631045,3.476484193710816,4.703312418063177,0.4492083033052907,24.0,384,112,324
20261009-065112-m7-sim-sweep2,2026-10-09T06:52:10+00:00,121,local,share,0.0,1.0,0,1.0,hold,chat,2.0,0.25,S5,3.157051211070552,3.1784477183971487,4.228504918063123,0.39552279100703264,24.0,320,300,254
20261009-065112-m7-sim-sweep2,2026-10-09T06:52:10+00:00,121,local,share,0.0,1.0,0,1.0,hold,chat,2.0,0.25,S5s,3.157051211070552,3.2317139598620783,4.228504918063123,0.44920830330529543,24.0,368,300,254
20261009-065112-m7-sim-sweep2,2026-10-09T06:52:10+00:00,121,local,share,0.0,1.0,0,1.0,hold,chat,2.0,0.25,S5L,3.5339781289828807,3.349475430326986,4.703312418063177,0.39552279100703264,24.0,320,168,302
20261009-065112-m7-sim-sweep2,2026-10-09T06:52:10+00:00,121,local,share,0.0,1.0,0,1.0,hold,chat,2.0,0.25,S5P,3.5339781289828807,3.3481661447677813,4.703312418063177,0.39552279100703264,24.0,320,169,302
20261009-065112-m7-sim-sweep2,2026-10-09T06:52:10+00:00,121,local,share,0.0,1.0,0,1.0,hold,chat,2.0,0.25,S5c,3.157051211070552,3.2357668348620785,4.228504918063123,0.44920830330529543,24.0,368,299,255
20261009-065112-m7-sim-sweep2,2026-10-09T06:52:10+00:00,121,local,share,0.0,1.0,0,1.0,hold,chat,2.0,0.5,S0,2.6174319999999796,2.5849463470840615,3.2250919999999894,0.0,32.0,0,568,200
20261009-065112-m7-sim-sweep2,2026-10-09T06:52:10+00:00,121,local,share,0.0,1.0,0,1.0,hold,chat,2.0,0.5,S1,3.177013000000045,3.096835628437683,4.268579999999957,0.0,32.0,0,96,346
20261009-065112-m7-sim-sweep2,2026-10-09T06:52:10+00:00,121,local,share,0.0,1.0,0,1.0,hold,chat,2.0,0.5,S2b,3.177013000000045,3.145074608971885,4.268579999999957,0.02328348053421081,32.0,0,69,353
20261009-065112-m7-sim-sweep2,2026-10-09T06:52:10+00:00,121,local,share,0.0,1.0,0,1.0,hold,chat,2.0,0.5,S4,3.177013000000045,3.1531908733353515,4.268579999999957,0.10695435792982266,17.0,272,112,329
20261009-065112-m7-sim-sweep2,2026-10-09T06:52:10+00:00,121,local,share,0.0,1.0,0,1.0,hold,chat,2.0,0.5,S4+,3.228564959031587,3.380712179199048,4.703312418063177,0.29947220220350346,16.0,256,78,340
20261009-065112-m7-sim-sweep2,2026-10-09T06:52:10+00:00,121,local,share,0.0,1.0,0,1.0,hold,chat,2.0,0.5,S4+P,3.520664918063119,3.4300536583657166,4.703312418063177,0.29947220220350346,16.0,256,40,354
20261009-065112-m7-sim-sweep2,2026-10-09T06:52:10+00:00,121,local,share,0.0,1.0,0,1.0,hold,chat,2.0,0.5,S4L,3.4305409590315747,3.3702794291990497,4.703312418063177,0.29947220220350346,16.0,256,85,337
20261009-065112-m7-sim-sweep2,2026-10-09T06:52:10+00:00,121,local,share,0.0,1.0,0,1.0,hold,chat,2.0,0.5,S4B,3.6840689180631045,3.4815128897035126,4.703312418063177,0.29947220220350346,16.0,256,0,370
20261009-065112-m7-sim-sweep2,2026-10-09T06:52:10+00:00,121,local,share,0.0,1.0,0,1.0,hold,chat,2.0,0.5,S5,3.177013000000045,3.315964564441158,4.703312418063177,0.23529958744560986,16.0,192,78,340
20261009-065112-m7-sim-sweep2,2026-10-09T06:52:10+00:00,121,local,share,0.0,1.0,0,1.0,hold,chat,2.0,0.5,S5s,3.228564959031587,3.380712179199048,4.703312418063177,0.29947220220350346,16.0,240,78,340
20261009-065112-m7-sim-sweep2,2026-10-09T06:52:10+00:00,121,local,share,0.0,1.0,0,1.0,hold,chat,2.0,0.5,S5L,3.177013000000045,3.3789230436078252,4.703312418063177,0.23529958744560986,16.0,192,30,358
20261009-065112-m7-sim-sweep2,2026-10-09T06:52:10+00:00,121,local,share,0.0,1.0,0,1.0,hold,chat,2.0,0.5,S5P,3.177013000000045,3.3796736061078287,4.703312418063177,0.23529958744560986,16.0,192,28,358
20261009-065112-m7-sim-sweep2,2026-10-09T06:52:10+00:00,121,local,share,0.0,1.0,0,1.0,hold,chat,2.0,0.5,S5c,3.228564959031587,3.380712179199048,4.703312418063177,0.29947220220350346,16.0,240,78,340
20261009-065112-m7-sim-sweep2,2026-10-09T06:52:10+00:00,122,nfs,share,0.0,1.0,0,1.0,hold,doc,0.25,0.125,S0,0.9690847273471093,1.6250450500466076,1.0310262778736217,0.6697189673695784,33.5,0,79,1481
20261009-065112-m7-sim-sweep2,2026-10-09T06:52:10+00:00,122,nfs,share,0.0,1.0,0,1.0,hold,doc,0.25,0.125,S1,0.9690847273471093,1.8726253524432224,4.660925315466443,0.9502985350800941,33.5,0,76,1442
20261009-065112-m7-sim-sweep2,2026-10-09T06:52:10+00:00,122,nfs,share,0.0,1.0,0,1.0,hold,doc,0.25,0.125,S2b,0.8774582822316574,1.8056445147748217,6.0544220798092425,0.966117355704584,33.5,0,33,1320
20261009-065112-m7-sim-sweep2,2026-10-09T06:52:10+00:00,122,nfs,share,0.0,1.0,0,1.0,hold,doc,0.25,0.125,S4,1.0094810751998153,1.951502785667622,5.676140815536172,1.0283953632412726,32.75,524,83,1434
20261009-065112-m7-sim-sweep2,2026-10-09T06:52:10+00:00,122,nfs,share,0.0,1.0,0,1.0,hold,doc,0.25,0.125,S4+,0.9613898025754963,2.014770757450657,7.354528302005335,1.1859312339540924,29.3125,469,34,1319
20261009-065112-m7-sim-sweep2,2026-10-09T06:52:10+00:00,122,nfs,share,0.0,1.0,0,1.0,hold,doc,0.25,0.125,S4+P,1.0592742944493807,2.0658808703296807,7.354528302005335,1.1859312339540924,29.3125,469,83,1399
20261009-065112-m7-sim-sweep2,2026-10-09T06:52:10+00:00,122,nfs,share,0.0,1.0,0,1.0,hold,doc,0.25,0.125,S4L,1.0592742944493807,2.0868041848384755,7.354528302005349,1.1859312339540924,29.3125,469,89,1403
20261009-065112-m7-sim-sweep2,2026-10-09T06:52:10+00:00,122,nfs,share,0.0,1.0,0,1.0,hold,doc,0.25,0.125,S4B,0.9921091251649443,2.01249708473487,7.354528302005335,1.1859312339540924,29.3125,469,35,1323
20261009-065112-m7-sim-sweep2,2026-10-09T06:52:10+00:00,122,nfs,share,0.0,1.0,0,1.0,hold,doc,0.25,0.125,S5,0.9613898025754963,1.902193319206609,5.742440018777742,1.0733537957100445,29.3125,45,34,1319
20261009-065112-m7-sim-sweep2,2026-10-09T06:52:10+00:00,122,nfs,share,0.0,1.0,0,1.0,hold,doc,0.25,0.125,S5s,0.9732253144633205,1.7597515697008486,4.595556780265582,0.8237026911674903,30.0,0,62,1378
20261009-065112-m7-sim-sweep2,2026-10-09T06:52:10+00:00,122,nfs,share,0.0,1.0,0,1.0,hold,doc,0.25,0.125,S5L,0.9654054477543923,1.8968093487750355,5.742440018777742,1.0733537957100445,29.3125,45,44,1342
20261009-065112-m7-sim-sweep2,2026-10-09T06:52:10+00:00,122,nfs,share,0.0,1.0,0,1.0,hold,doc,0.25,0.125,S5P,0.9654054477543923,1.8968093487750355,5.742440018777742,1.0733537957100445,29.3125,45,44,1342
20261009-065112-m7-sim-sweep2,2026-10-09T06:52:10+00:00,122,nfs,share,0.0,1.0,0,1.0,hold,doc,0.25,0.125,S5c,0.8774582822316574,1.7729253519724277,5.898612017191667,0.9361196826425271,30.0,0,34,1319
20261009-065112-m7-sim-sweep2,2026-10-09T06:52:10+00:00,122,nfs,share,0.0,1.0,0,1.0,hold,doc,0.25,0.25,S0,0.9690847273471164,1.6388019447166926,0.9692972273471128,0.6697189673695784,33.5,0,72,1488
20261009-065112-m7-sim-sweep2,2026-10-09T06:52:10+00:00,122,nfs,share,0.0,1.0,0,1.0,hold,doc,0.25,0.25,S1,1.041647227347113,1.7935794179836175,1.11442222734712,0.8383171224732754,33.5,0,54,1429
20261009-065112-m7-sim-sweep2,2026-10-09T06:52:10+00:00,122,nfs,share,0.0,1.0,0,1.0,hold,doc,0.25,0.25,S2b,0.7541609999999963,1.720290629080895,5.708131226504008,0.9791166082475632,33.5,0,0,1288
20261009-065112-m7-sim-sweep2,2026-10-09T06:52:10+00:00,122,nfs,share,0.0,1.0,0,1.0,hold,doc,0.25,0.25,S4,0.9652802741055382,1.8231396372283992,4.66817922248876,0.9237512548476671,28.25,452,69,1411
20261009-065112-m7-sim-sweep2,2026-10-09T06:52:10+00:00,122,nfs,share,0.0,1.0,0,1.0,hold,doc,0.25,0.25,S4+,0.843123770343837,1.9237510881207556,7.354528302005335,1.1859312339540917,25.125,402,0,1288
20261009-065112-m7-sim-sweep2,2026-10-09T06:52:10+00:00,122,nfs,share,0.0,1.0,0,1.0,hold,doc,0.25,0.25,S4+P,0.9959306896282669,2.049111130419128,7.354528302005349,1.1859312339540917,25.125,402,71,1382
20261009-065112-m7-sim-sweep2,2026-10-09T06:52:10+00:00,122,nfs,share,0.0,1.0,0,1.0,hold,doc,0.25,0.25,S4L,0.9959306896282669,2.0598462607910712,7.354528302005349,1.1859312339540917,25.125,402,77,1390
20261009-065112-m7-sim-sweep2,2026-10-09T06:52:10+00:00,122,nfs,share,0.0,1.0,0,1.0,hold,doc,0.25,0.25,S4B,0.843123770343837,1.939535319973394,7.354528302005335,1.1859312339540917,25.125,402,3,1288
20261009-065112-m7-sim-sweep2,2026-10-09T06:52:10+00:00,122,nfs,share,0.0,1.0,0,1.0,hold,doc,0.25,0.25,S5,0.7541609999999963,1.4949702516692558,2.484316595845172,0.7537962308359241,26.5,0,0,1288
20261009-065112-m7-sim-sweep2,2026-10-09T06:52:10+00:00,122,nfs,share,0.0,1.0,0,1.0,hold,doc,0.25,0.25,S5s,0.9758285682314067,1.634680781029126,1.0385410682314102,0.6724614114993995,30.0,0,53,1387
20261009-065112-m7-sim-sweep2,2026-10-09T06:52:10+00:00,122,nfs,share,0.0,1.0,0,1.0,hold,doc,0.25,0.25,S5L,0.7541609999999963,1.4949702516692558,2.484316595845172,0.7537962308359241,26.5,0,0,1288
20261009-065112-m7-sim-sweep2,2026-10-09T06:52:10+00:00,122,nfs,share,0.0,1.0,0,1.0,hold,doc,0.25,0.25,S5P,0.7541609999999963,1.4949702516692558,2.484316595845172,0.7537962308359241,26.5,0,0,1288
20261009-065112-m7-sim-sweep2,2026-10-09T06:52:10+00:00,122,nfs,share,0.0,1.0,0,1.0,hold,doc,0.25,0.25,S5c,0.7541609999999963,1.663960534727985,5.708131226504008,0.9227865138946534,30.0,0,0,1288
20261009-065112-m7-sim-sweep2,2026-10-09T06:52:10+00:00,122,nfs,share,0.0,1.0,0,1.0,hold,doc,0.25,0.5,S0,0.9690847273471235,1.2252561957707446,0.9692972273471128,0.25617321842362867,33.5,0,72,1488
20261009-065112-m7-sim-sweep2,2026-10-09T06:52:10+00:00,122,nfs,share,0.0,1.0,0,1.0,hold,doc,0.25,0.5,S1,0.9689758523471141,1.4570377376824688,1.1043597273471164,0.5427335633966462,33.5,0,42,1396
20261009-065112-m7-sim-sweep2,2026-10-09T06:52:10+00:00,122,nfs,share,0.0,1.0,0,1.0,hold,doc,0.25,0.5,S2b,0.7381448750000175,2.1006855769233437,0.7819037499999979,1.3569367227566758,33.5,0,0,1290
20261009-065112-m7-sim-sweep2,2026-10-09T06:52:10+00:00,122,nfs,share,0.0,1.0,0,1.0,hold,doc,0.25,0.5,S4,0.8846932469614259,1.6022816818743948,1.1043597273471164,0.7392907282831468,20.0625,321,53,1383
20261009-065112-m7-sim-sweep2,2026-10-09T06:52:10+00:00,122,nfs,share,0.0,1.0,0,1.0,hold,doc,0.25,0.5,S4+,0.83213889534386,1.6035623995462813,0.8658352703438368,0.861366587046278,16.75,268,0,1292
20261009-065112-m7-sim-sweep2,2026-10-09T06:52:10+00:00,122,nfs,share,0.0,1.0,0,1.0,hold,doc,0.25,0.5,S4+P,0.8535415203438532,1.6167071861682245,0.9946568348071594,0.861366587046278,16.75,268,9,1305
20261009-065112-m7-sim-sweep2,2026-10-09T06:52:10+00:00,122,nfs,share,0.0,1.0,0,1.0,hold,doc,0.25,0.5,S4L,0.8658352703438368,1.6654304176709065,1.1222045444493745,0.861366587046278,16.75,268,36,1340
20261009-065112-m7-sim-sweep2,2026-10-09T06:52:10+00:00,122,nfs,share,0.0,1.0,0,1.0,hold,doc,0.25,0.5,S4B,0.83213889534386,1.6035623995462813,0.8658352703438368,0.861366587046278,16.75,268,0,1292
20261009-065112-m7-sim-sweep2,2026-10-09T06:52:10+00:00,122,nfs,share,0.0,1.0,0,1.0,hold,doc,0.25,0.5,S5,0.7367271250000158,1.0554508885266944,0.7819037499999979,0.3126883260266933,26.5,0,0,1289
20261009-065112-m7-sim-sweep2,2026-10-09T06:52:10+00:00,122,nfs,share,0.0,1.0,0,1.0,hold,doc,0.25,0.5,S5s,0.975828568231421,1.2347424807848622,1.0385410682314102,0.2572385792201158,30.0,0,48,1392
20261009-065112-m7-sim-sweep2,2026-10-09T06:52:10+00:00,122,nfs,share,0.0,1.0,0,1.0,hold,doc,0.25,0.5,S5L,0.7367271250000158,1.0554508885266944,0.7819037499999979,0.3126883260266933,26.5,0,0,1289
20261009-065112-m7-sim-sweep2,2026-10-09T06:52:10+00:00,122,nfs,share,0.0,1.0,0,1.0,hold,doc,0.25,0.5,S5P,0.7367271250000158,1.0554508885266944,0.7819037499999979,0.3126883260266933,26.5,0,0,1289
20261009-065112-m7-sim-sweep2,2026-10-09T06:52:10+00:00,122,nfs,share,0.0,1.0,0,1.0,hold,doc,0.25,0.5,S5c,0.7381448750000175,2.0096908091224908,0.7819037499999979,1.2659419549558215,30.0,0,0,1290
20261009-065112-m7-sim-sweep2,2026-10-09T06:52:10+00:00,123,nfs,share,0.0,1.0,0,1.0,hold,doc,0.5,0.125,S0,1.6809181428634474,2.2477380990731333,1.938169454694247,0.5280939247590423,33.5,0,163,1397
20261009-065112-m7-sim-sweep2,2026-10-09T06:52:10+00:00,123,nfs,share,0.0,1.0,0,1.0,hold,doc,0.5,0.125,S1,1.68492699071615,2.2230218835105453,3.148842689445047,0.5892574475332756,33.5,0,144,1352
20261009-065112-m7-sim-sweep2,2026-10-09T06:52:10+00:00,123,nfs,share,0.0,1.0,0,1.0,hold,doc,0.5,0.125,S2b,1.4974017741055405,2.390381232373709,6.676660335423094,0.9156815818665004,33.5,0,104,1238
20261009-065112-m7-sim-sweep2,2026-10-09T06:52:10+00:00,123,nfs,share,0.0,1.0,0,1.0,hold,doc,0.5,0.125,S4,1.6862900923369466,2.5704047798265144,4.71520001877775,0.9632064560474026,32.75,524,158,1338
20261009-065112-m7-sim-sweep2,2026-10-09T06:52:10+00:00,123,nfs,share,0.0,1.0,0,1.0,hold,doc,0.5,0.125,S4+,1.5813332944493794,2.632793629042041,7.913346302005351,1.1859312339540928,29.3125,469,106,1236
20261009-065112-m7-sim-sweep2,2026-10-09T06:52:10+00:00,123,nfs,share,0.0,1.0,0,1.0,hold,doc,0.5,0.125,S4+P,1.7099423589127127,2.7058256081859717,7.813439302005349,1.1859312339540928,29.3125,469,149,1296
20261009-065112-m7-sim-sweep2,2026-10-09T06:52:10+00:00,123,nfs,share,0.0,1.0,0,1.0,hold,doc,0.5,0.125,S4L,1.7099423589127127,2.713102801735092,7.813439302005349,1.1859312339540928,29.3125,469,154,1303
20261009-065112-m7-sim-sweep2,2026-10-09T06:52:10+00:00,123,nfs,share,0.0,1.0,0,1.0,hold,doc,0.5,0.125,S4B,1.6865136896282849,2.630110994629773,7.813439302005349,1.1859312339540928,29.3125,469,113,1252
20261009-065112-m7-sim-sweep2,2026-10-09T06:52:10+00:00,123,nfs,share,0.0,1.0,0,1.0,hold,doc,0.5,0.125,S5,1.5813332944493794,2.5764635346891294,6.587790892356608,1.129601139601182,29.3125,101,106,1236
20261009-065112-m7-sim-sweep2,2026-10-09T06:52:10+00:00,123,nfs,share,0.0,1.0,0,1.0,hold,doc,0.5,0.125,S5s,1.5813332944493794,2.346060926721075,4.835949518777753,0.8680950271577395,29.3125,21,111,1255
20261009-065112-m7-sim-sweep2,2026-10-09T06:52:10+00:00,123,nfs,share,0.0,1.0,0,1.0,hold,doc,0.5,0.125,S5L,1.6865136896282849,2.5820941737961665,6.461517037535501,1.129601139601182,29.3125,101,118,1259
20261009-065112-m7-sim-sweep2,2026-10-09T06:52:10+00:00,123,nfs,share,0.0,1.0,0,1.0,hold,doc,0.5,0.125,S5P,1.6865136896282849,2.5820941737961665,6.461517037535501,1.129601139601182,29.3125,101,118,1259
20261009-065112-m7-sim-sweep2,2026-10-09T06:52:10+00:00,123,nfs,share,0.0,1.0,0,1.0,hold,doc,0.5,0.125,S5c,1.5813332944493794,2.425904795840045,6.1718148109812745,0.9765267757520965,29.3125,21,106,1236
20261009-065112-m7-sim-sweep2,2026-10-09T06:52:10+00:00,123,nfs,share,0.0,1.0,0,1.0,hold,doc,0.5,0.25,S0,1.6809181428634474,2.2812668523379553,1.9385944546942255,0.5280939247590423,33.5,0,158,1402
20261009-065112-m7-sim-sweep2,2026-10-09T06:52:10+00:00,123,nfs,share,0.0,1.0,0,1.0,hold,doc,0.5,0.25,S1,1.6889358385688524,2.21892793966299,1.938169454694247,0.6251140795209474,33.5,0,112,1330
20261009-065112-m7-sim-sweep2,2026-10-09T06:52:10+00:00,123,nfs,share,0.0,1.0,0,1.0,hold,doc,0.5,0.25,S2b,1.286804177410545,2.1018466699739133,5.563907661184601,0.8466840040808972,33.5,0,18,1138
20261009-065112-m7-sim-sweep2,2026-10-09T06:52:10+00:00,123,nfs,share,0.0,1.0,0,1.0,hold,doc,0.5,0.25,S4,1.6576858385688524,2.386048866082902,3.4240288133730417,0.8315331241617147,28.25,452,131,1306
20261009-065112-m7-sim-sweep2,2026-10-09T06:52:10+00:00,123,nfs,share,0.0,1.0,0,1.0,hold,doc,0.5,0.25,S4+,1.3889503751649386,2.4423043186190436,7.813439302005321,1.1859312339540917,25.125,402,20,1136
20261009-065112-m7-sim-sweep2,2026-10-09T06:52:10+00:00,123,nfs,share,0.0,1.0,0,1.0,hold,doc,0.5,0.25,S4+P,1.6865136896282849,2.6621685530894443,7.813439302005335,1.1859312339540917,25.125,402,130,1274
20261009-065112-m7-sim-sweep2,2026-10-09T06:52:10+00:00,123,nfs,share,0.0,1.0,0,1.0,hold,doc,0.5,0.25,S4L,1.7099423589127127,2.6724331330596303,7.813439302005335,1.1859312339540917,25.125,402,136,1282
20261009-065112-m7-sim-sweep2,2026-10-09T06:52:10+00:00,123,nfs,share,0.0,1.0,0,1.0,hold,doc,0.5,0.25,S4B,1.325176520343831,2.430290354913767,7.813439302005321,1.1859312339540917,25.125,402,18,1138
20261009-065112-m7-sim-sweep2,2026-10-09T06:52:10+00:00,123,nfs,share,0.0,1.0,0,1.0,hold,doc,0.5,0.25,S5,1.3889503751649386,2.1374793255414573,4.835949518777753,0.8798484283765061,25.125,34,20,1136
20261009-065112-m7-sim-sweep2,2026-10-09T06:52:10+00:00,123,nfs,share,0.0,1.0,0,1.0,hold,doc,0.5,0.25,S5s,1.4979549735790272,2.014578341860766,1.6262009773471107,0.5346821965362452,28.0,0,86,1258
20261009-065112-m7-sim-sweep2,2026-10-09T06:52:10+00:00,123,nfs,share,0.0,1.0,0,1.0,hold,doc,0.5,0.25,S5L,1.325176520343831,2.144791259678309,4.835949518777753,0.8798484283765061,25.125,34,29,1153
20261009-065112-m7-sim-sweep2,2026-10-09T06:52:10+00:00,123,nfs,share,0.0,1.0,0,1.0,hold,doc,0.5,0.25,S5P,1.325383197754391,2.153191863844974,4.835949518777753,0.8798484283765061,25.125,34,32,1156
20261009-065112-m7-sim-sweep2,2026-10-09T06:52:10+00:00,123,nfs,share,0.0,1.0,0,1.0,hold,doc,0.5,0.25,S5c,1.286804177410545,2.023841067323591,5.035788252721844,0.7726898038937288,28.0,0,18,1138
20261009-065112-m7-sim-sweep2,2026-10-09T06:52:10+00:00,123,nfs,share,0.0,1.0,0,1.0,hold,doc,0.5,0.5,S0,1.9381694546942398,1.9048056004753295,1.9385944546942255,0.09492323811066328,33.5,0,140,1420
20261009-065112-m7-sim-sweep2,2026-10-09T06:52:10+00:00,123,nfs,share,0.0,1.0,0,1.0,hold,doc,0.5,0.5,S1,1.6483965000000182,1.9023387409642438,1.757838295578523,0.3997186739907068,33.5,0,73,1296
20261009-065112-m7-sim-sweep2,2026-10-09T06:52:10+00:00,123,nfs,share,0.0,1.0,0,1.0,hold,doc,0.5,0.5,S2b,1.2148235000000014,2.356290785256682,1.2412449999999922,1.1478702227566788,33.5,0,0,1123
20261009-065112-m7-sim-sweep2,2026-10-09T06:52:10+00:00,123,nfs,share,0.0,1.0,0,1.0,hold,doc,0.5,0.5,S4,1.597550919284437,2.1977263964043305,1.757838295578523,0.7392907282831475,20.0625,321,104,1262
20261009-065112-m7-sim-sweep2,2026-10-09T06:52:10+00:00,123,nfs,share,0.0,1.0,0,1.0,hold,doc,0.5,0.5,S4+,1.3083190203438448,2.0688600662129484,1.3708140203438859,0.8613665870462791,16.75,268,0,1125
20261009-065112-m7-sim-sweep2,2026-10-09T06:52:10+00:00,123,nfs,share,0.0,1.0,0,1.0,hold,doc,0.5,0.5,S4+P,1.325176520343831,2.1277101656621116,1.6457330040915963,0.8613665870462791,16.75,268,24,1150
20261009-065112-m7-sim-sweep2,2026-10-09T06:52:10+00:00,123,nfs,share,0.0,1.0,0,1.0,hold,doc,0.5,0.5,S4L,1.4208373025754923,2.228423464686782,1.7728673589126913,0.8613665870462791,16.75,268,73,1208
20261009-065112-m7-sim-sweep2,2026-10-09T06:52:10+00:00,123,nfs,share,0.0,1.0,0,1.0,hold,doc,0.5,0.5,S4B,1.3083190203438448,2.0688600662129484,1.3708140203438859,0.8613665870462791,16.75,268,0,1125
20261009-065112-m7-sim-sweep2,2026-10-09T06:52:10+00:00,123,nfs,share,0.0,1.0,0,1.0,hold,doc,0.5,0.5,S5,1.2148235000000085,1.3729952987229275,1.2412449999999922,0.16047056955625708,23.0,0,0,1125
20261009-065112-m7-sim-sweep2,2026-10-09T06:52:10+00:00,123,nfs,share,0.0,1.0,0,1.0,hold,doc,0.5,0.5,S5s,1.5632759773471179,1.6565953508157698,1.6262009773471107,0.11785055155453013,28.0,0,78,1266
20261009-065112-m7-sim-sweep2,2026-10-09T06:52:10+00:00,123,nfs,share,0.0,1.0,0,1.0,hold,doc,0.5,0.5,S5L,1.2148235000000085,1.3729952987229275,1.2412449999999922,0.16047056955625708,23.0,0,0,1125
20261009-065112-m7-sim-sweep2,2026-10-09T06:52:10+00:00,123,nfs,share,0.0,1.0,0,1.0,hold,doc,0.5,0.5,S5P,1.2148235000000085,1.3729952987229275,1.2412449999999922,0.16047056955625708,23.0,0,0,1125
20261009-065112-m7-sim-sweep2,2026-10-09T06:52:10+00:00,123,nfs,share,0.0,1.0,0,1.0,hold,doc,0.5,0.5,S5c,1.2148235000000014,2.1786343338359653,1.2412449999999922,0.9702137713359633,28.0,0,0,1123
20261009-065112-m7-sim-sweep2,2026-10-09T06:52:10+00:00,124,nfs,share,0.0,1.0,0,1.0,hold,doc,1.0,0.125,S0,2.8572437717901096,3.1413991098426375,3.244701591157053,0.23251231804939643,33.5,0,299,1261
20261009-065112-m7-sim-sweep2,2026-10-09T06:52:10+00:00,124,nfs,share,0.0,1.0,0,1.0,hold,doc,1.0,0.125,S1,2.8563937717900956,2.9678385801248948,3.244701591157053,0.23251231804939643,33.5,0,253,1218
20261009-065112-m7-sim-sweep2,2026-10-09T06:52:10+00:00,124,nfs,share,0.0,1.0,0,1.0,hold,doc,1.0,0.125,S2b,2.4847410482110774,3.3542664533238398,7.162092788328394,0.8952817587988976,33.5,0,221,1121
20261009-065112-m7-sim-sweep2,2026-10-09T06:52:10+00:00,124,nfs,share,0.0,1.0,0,1.0,hold,doc,1.0,0.125,S4,2.7660552174955058,3.487564323228374,3.3386956115008957,0.8321185802649964,32.75,524,272,1197
20261009-065112-m7-sim-sweep2,2026-10-09T06:52:10+00:00,124,nfs,share,0.0,1.0,0,1.0,hold,doc,1.0,0.125,S4+,2.5686725685549163,3.6163152983264673,8.73763057611086,1.1859312339540924,29.3125,469,225,1117
20261009-065112-m7-sim-sweep2,2026-10-09T06:52:10+00:00,124,nfs,share,0.0,1.0,0,1.0,hold,doc,1.0,0.125,S4+P,2.8366600040915984,3.7102518420246695,8.41876130200535,1.1859312339540924,29.3125,469,256,1144
20261009-065112-m7-sim-sweep2,2026-10-09T06:52:10+00:00,124,nfs,share,0.0,1.0,0,1.0,hold,doc,1.0,0.125,S4L,2.8366600040915984,3.7255447270913797,8.41876130200535,1.1859312339540924,29.3125,469,262,1150
20261009-065112-m7-sim-sweep2,2026-10-09T06:52:10+00:00,124,nfs,share,0.0,1.0,0,1.0,hold,doc,1.0,0.125,S4B,2.82247198783935,3.6498175510351785,8.418761302005322,1.1859312339540924,29.3125,469,233,1120
20261009-065112-m7-sim-sweep2,2026-10-09T06:52:10+00:00,124,nfs,share,0.0,1.0,0,1.0,hold,doc,1.0,0.125,S5,2.5686725685549163,3.6163152983264677,8.737630576110874,1.1859312339540928,29.3125,173,225,1117
20261009-065112-m7-sim-sweep2,2026-10-09T06:52:10+00:00,124,nfs,share,0.0,1.0,0,1.0,hold,doc,1.0,0.125,S5s,2.5686725685549163,3.4441581271981367,6.145706274188441,1.0000252808380576,29.3125,61,226,1120
20261009-065112-m7-sim-sweep2,2026-10-09T06:52:10+00:00,124,nfs,share,0.0,1.0,0,1.0,hold,doc,1.0,0.125,S5L,2.82247198783935,3.649817551035179,8.418761302005336,1.1859312339540928,29.3125,173,233,1120
20261009-065112-m7-sim-sweep2,2026-10-09T06:52:10+00:00,124,nfs,share,0.0,1.0,0,1.0,hold,doc,1.0,0.125,S5P,2.82247198783935,3.649817551035179,8.418761302005336,1.1859312339540928,29.3125,173,233,1120
20261009-065112-m7-sim-sweep2,2026-10-09T06:52:10+00:00,124,nfs,share,0.0,1.0,0,1.0,hold,doc,1.0,0.125,S5c,2.5686725685549163,3.4784925420346897,6.969732230265706,1.0476892068289814,29.3125,61,225,1117
20261009-065112-m7-sim-sweep2,2026-10-09T06:52:10+00:00,124,nfs,share,0.0,1.0,0,1.0,hold,doc,1.0,0.25,S0,2.8572437717901096,3.0026218527727333,3.244701591157053,0.0642944107445107,33.5,0,289,1271
20261009-065112-m7-sim-sweep2,2026-10-09T06:52:10+00:00,124,nfs,share,0.0,1.0,0,1.0,hold,doc,1.0,0.25,S1,2.7401824169689917,2.9812861130789696,3.244701591157053,0.38668361082806335,33.5,0,213,1174
20261009-065112-m7-sim-sweep2,2026-10-09T06:52:10+00:00,124,nfs,share,0.0,1.0,0,1.0,hold,doc,1.0,0.25,S2b,2.2296456289266473,2.8913530986436253,5.639523752721857,0.7318136023416736,33.5,0,113,1011
20261009-065112-m7-sim-sweep2,2026-10-09T06:52:10+00:00,124,nfs,share,0.0,1.0,0,1.0,hold,doc,1.0,0.25,S4,2.7284779674955075,3.3441478647861405,3.5466836521885625,0.7822049034264117,28.25,452,227,1156
20261009-065112-m7-sim-sweep2,2026-10-09T06:52:10+00:00,124,nfs,share,0.0,1.0,0,1.0,hold,doc,1.0,0.25,S4+,2.313577149270486,3.3332370396595867,8.418761302005336,1.1859312339540928,25.125,402,117,1007
20261009-065112-m7-sim-sweep2,2026-10-09T06:52:10+00:00,124,nfs,share,0.0,1.0,0,1.0,hold,doc,1.0,0.25,S4+P,2.799252504091598,3.6278913312807806,8.418761302005336,1.1859312339540928,25.125,402,226,1115
20261009-065112-m7-sim-sweep2,2026-10-09T06:52:10+00:00,124,nfs,share,0.0,1.0,0,1.0,hold,doc,1.0,0.25,S4L,2.82247198783935,3.651824216347492,8.418761302005336,1.1859312339540928,25.125,402,234,1121
20261009-065112-m7-sim-sweep2,2026-10-09T06:52:10+00:00,124,nfs,share,0.0,1.0,0,1.0,hold,doc,1.0,0.25,S4B,2.344827149270486,3.3635322715122267,8.418761302005336,1.1859312339540928,25.125,402,130,1022
20261009-065112-m7-sim-sweep2,2026-10-09T06:52:10+00:00,124,nfs,share,0.0,1.0,0,1.0,hold,doc,1.0,0.25,S5,2.313577149270486,3.0117645616799753,3.303272339090512,0.8632670476411484,25.125,106,117,1008
20261009-065112-m7-sim-sweep2,2026-10-09T06:52:10+00:00,124,nfs,share,0.0,1.0,0,1.0,hold,doc,1.0,0.25,S5s,2.356344483747762,2.681618819285362,3.0632185187777594,0.3322272808325237,25.5,0,157,1067
20261009-065112-m7-sim-sweep2,2026-10-09T06:52:10+00:00,124,nfs,share,0.0,1.0,0,1.0,hold,doc,1.0,0.25,S5L,2.4723748589127013,3.064730203472983,3.303272339090512,0.8632670476411484,25.125,106,138,1030
20261009-065112-m7-sim-sweep2,2026-10-09T06:52:10+00:00,124,nfs,share,0.0,1.0,0,1.0,hold,doc,1.0,0.25,S5P,2.5322738670388105,3.0556707424764116,3.303272339090512,0.8632670476411484,25.125,106,137,1034
20261009-065112-m7-sim-sweep2,2026-10-09T06:52:10+00:00,124,nfs,share,0.0,1.0,0,1.0,hold,doc,1.0,0.25,S5c,2.2296456289266473,2.84441759321351,4.951277110315047,0.6916268022922237,25.5,0,116,1009
20261009-065112-m7-sim-sweep2,2026-10-09T06:52:10+00:00,124,nfs,share,0.0,1.0,0,1.0,hold,doc,1.0,0.5,S0,2.8572437717901096,2.9437704215088973,3.244701591157053,0.0,33.5,0,287,1273
20261009-065112-m7-sim-sweep2,2026-10-09T06:52:10+00:00,124,nfs,share,0.0,1.0,0,1.0,hold,doc,1.0,0.5,S1,2.682039000000003,2.460366881699871,3.0014454320413506,0.0,33.5,0,149,1129
20261009-065112-m7-sim-sweep2,2026-10-09T06:52:10+00:00,124,nfs,share,0.0,1.0,0,1.0,hold,doc,1.0,0.5,S2b,1.8250217500000048,2.561235222756683,1.899706500000093,0.7423522227566739,33.5,0,0,908
20261009-065112-m7-sim-sweep2,2026-10-09T06:52:10+00:00,124,nfs,share,0.0,1.0,0,1.0,hold,doc,1.0,0.5,S4,2.681613999999996,3.0911506199587895,2.8688481707370954,0.7392907282831475,20.0625,321,185,1091
20261009-065112-m7-sim-sweep2,2026-10-09T06:52:10+00:00,124,nfs,share,0.0,1.0,0,1.0,hold,doc,1.0,0.5,S4+,1.898158260171968,2.671015024546286,1.931359020343848,0.8613665870462791,16.75,268,0,906
20261009-065112-m7-sim-sweep2,2026-10-09T06:52:10+00:00,124,nfs,share,0.0,1.0,0,1.0,hold,doc,1.0,0.5,S4+P,1.9769794477544025,2.8450422933253523,2.7591452781971384,0.8613665870462791,16.75,268,62,964
20261009-065112-m7-sim-sweep2,2026-10-09T06:52:10+00:00,124,nfs,share,0.0,1.0,0,1.0,hold,doc,1.0,0.5,S4L,2.186029439628271,3.0496617045746017,2.8866929878393535,0.8613665870462798,16.75,268,134,1030
20261009-065112-m7-sim-sweep2,2026-10-09T06:52:10+00:00,124,nfs,share,0.0,1.0,0,1.0,hold,doc,1.0,0.5,S4B,1.898158260171968,2.671015024546286,1.931359020343848,0.8613665870462791,16.75,268,0,906
20261009-065112-m7-sim-sweep2,2026-10-09T06:52:10+00:00,124,nfs,share,0.0,1.0,0,1.0,hold,doc,1.0,0.5,S5,1.8250217500000048,1.8296178125000153,1.8896440000000894,0.0,18.5,0,0,912
20261009-065112-m7-sim-sweep2,2026-10-09T06:52:10+00:00,124,nfs,share,0.0,1.0,0,1.0,hold,doc,1.0,0.5,S5s,2.356344483747762,2.38093300019664,2.55067079557854,0.0,25.5,0,151,1073
20261009-065112-m7-sim-sweep2,2026-10-09T06:52:10+00:00,124,nfs,share,0.0,1.0,0,1.0,hold,doc,1.0,0.5,S5L,1.8250217500000048,1.8296178125000153,1.8896440000000894,0.0,18.5,0,0,912
20261009-065112-m7-sim-sweep2,2026-10-09T06:52:10+00:00,124,nfs,share,0.0,1.0,0,1.0,hold,doc,1.0,0.5,S5P,1.8250217500000048,1.8296178125000153,1.8896440000000894,0.0,18.5,0,0,912
20261009-065112-m7-sim-sweep2,2026-10-09T06:52:10+00:00,124,nfs,share,0.0,1.0,0,1.0,hold,doc,1.0,0.5,S5c,1.8250217500000048,2.2939872944479345,1.899706500000093,0.472511961114592,25.5,0,0,909
20261009-065112-m7-sim-sweep2,2026-10-09T06:52:10+00:00,125,nfs,share,0.0,1.0,0,1.0,hold,doc,2.0,0.125,S0,4.454799610358975,4.548481596842405,5.224386545851303,0.0,33.5,0,488,1072
20261009-065112-m7-sim-sweep2,2026-10-09T06:52:10+00:00,125,nfs,share,0.0,1.0,0,1.0,hold,doc,2.0,0.125,S1,4.379981999999998,4.274836781945877,4.928718000000032,0.0,33.5,0,421,1022
20261009-065112-m7-sim-sweep2,2026-10-09T06:52:10+00:00,125,nfs,share,0.0,1.0,0,1.0,hold,doc,2.0,0.125,S2b,3.9553639593689383,4.780151618395791,8.380379917255055,0.8952817587988982,33.5,0,388,954
20261009-065112-m7-sim-sweep2,2026-10-09T06:52:10+00:00,125,nfs,share,0.0,1.0,0,1.0,hold,doc,2.0,0.125,S4,4.353443403032188,4.994144636407342,5.384322566195152,0.8321185802649964,32.75,524,437,1004
20261009-065112-m7-sim-sweep2,2026-10-09T06:52:10+00:00,125,nfs,share,0.0,1.0,0,1.0,hold,doc,2.0,0.125,S4+,4.039295479712706,5.044885889694831,10.005171302005323,1.1859312339540817,29.3125,469,392,950
20261009-065112-m7-sim-sweep2,2026-10-09T06:52:10+00:00,125,nfs,share,0.0,1.0,0,1.0,hold,doc,2.0,0.125,S4+P,4.34902749596516,5.071514868929771,9.099975302005305,1.1859312339540817,29.3125,469,398,955
20261009-065112-m7-sim-sweep2,2026-10-09T06:52:10+00:00,125,nfs,share,0.0,1.0,0,1.0,hold,doc,2.0,0.125,S4L,4.357974971586486,5.1012601101719435,9.099975302005305,1.1859312339540804,29.3125,469,406,959
20261009-065112-m7-sim-sweep2,2026-10-09T06:52:10+00:00,125,nfs,share,0.0,1.0,0,1.0,hold,doc,2.0,0.125,S4B,4.340080020343834,4.987692914613998,9.099975302005305,1.1859312339540817,29.3125,469,374,937
20261009-065112-m7-sim-sweep2,2026-10-09T06:52:10+00:00,125,nfs,share,0.0,1.0,0,1.0,hold,doc,2.0,0.125,S5,4.039295479712706,5.04488588969485,10.005171302005323,1.1859312339540817,29.3125,245,392,950
20261009-065112-m7-sim-sweep2,2026-10-09T06:52:10+00:00,125,nfs,share,0.0,1.0,0,1.0,hold,doc,2.0,0.125,S5s,4.039295479712706,5.027553552970878,9.589195220629989,1.1685988972301107,29.3125,125,392,950
20261009-065112-m7-sim-sweep2,2026-10-09T06:52:10+00:00,125,nfs,share,0.0,1.0,0,1.0,hold,doc,2.0,0.125,S5L,4.340080020343834,4.9876929146140165,9.099975302005305,1.1859312339540817,29.3125,245,374,937
20261009-065112-m7-sim-sweep2,2026-10-09T06:52:10+00:00,125,nfs,share,0.0,1.0,0,1.0,hold,doc,2.0,0.125,S5P,4.340080020343834,4.9876929146140165,9.099975302005305,1.1859312339540817,29.3125,245,374,937
20261009-065112-m7-sim-sweep2,2026-10-09T06:52:10+00:00,125,nfs,share,0.0,1.0,0,1.0,hold,doc,2.0,0.125,S5c,4.039295479712706,5.0275535529708755,9.589195220629989,1.1685988972301107,29.3125,125,392,950
20261009-065112-m7-sim-sweep2,2026-10-09T06:52:10+00:00,125,nfs,share,0.0,1.0,0,1.0,hold,doc,2.0,0.25,S0,4.454799610358975,4.548481596842405,5.224386545851303,0.0,33.5,0,488,1072
20261009-065112-m7-sim-sweep2,2026-10-09T06:52:10+00:00,125,nfs,share,0.0,1.0,0,1.0,hold,doc,2.0,0.25,S1,4.274043451243273,3.99742336075654,4.583731117895155,0.0,33.5,0,361,970
20261009-065112-m7-sim-sweep2,2026-10-09T06:52:10+00:00,125,nfs,share,0.0,1.0,0,1.0,hold,doc,2.0,0.25,S2b,3.5114946852638553,4.109185678534708,5.8527397694307695,0.6916268022922244,33.5,0,255,862
20261009-065112-m7-sim-sweep2,2026-10-09T06:52:10+00:00,125,nfs,share,0.0,1.0,0,1.0,hold,doc,2.0,0.25,S4,4.274043451242676,4.71729231811432,5.528110606882819,0.7822049034264124,28.25,452,367,960
20261009-065112-m7-sim-sweep2,2026-10-09T06:52:10+00:00,125,nfs,share,0.0,1.0,0,1.0,hold,doc,2.0,0.25,S4+,3.5954262056073105,4.5673714891895,9.206917302005309,1.1859312339540853,25.125,402,259,858
20261009-065112-m7-sim-sweep2,2026-10-09T06:52:10+00:00,125,nfs,share,0.0,1.0,0,1.0,hold,doc,2.0,0.25,S4+P,4.3400800203438195,4.911524114866668,9.099975302005305,1.185931233954084,25.125,402,353,923
20261009-065112-m7-sim-sweep2,2026-10-09T06:52:10+00:00,125,nfs,share,0.0,1.0,0,1.0,hold,doc,2.0,0.25,S4L,4.340080020343834,4.942523943505276,9.099975302005305,1.185931233954084,25.125,402,361,929
20261009-065112-m7-sim-sweep2,2026-10-09T06:52:10+00:00,125,nfs,share,0.0,1.0,0,1.0,hold,doc,2.0,0.25,S4B,4.338338020343826,4.658583976459603,9.099975302005305,1.185931233954084,25.125,402,279,871
20261009-065112-m7-sim-sweep2,2026-10-09T06:52:10+00:00,125,nfs,share,0.0,1.0,0,1.0,hold,doc,2.0,0.25,S5,3.595426205607694,4.454711300483716,6.5030727730656395,1.0732710452482692,25.125,178,259,858
20261009-065112-m7-sim-sweep2,2026-10-09T06:52:10+00:00,125,nfs,share,0.0,1.0,0,1.0,hold,doc,2.0,0.25,S5s,3.5943421330182446,4.128152383744368,3.7227841330182514,0.6711275497492508,25.125,58,267,873
20261009-065112-m7-sim-sweep2,2026-10-09T06:52:10+00:00,125,nfs,share,0.0,1.0,0,1.0,hold,doc,2.0,0.25,S5L,4.338338020343826,4.557540262202949,6.396130773065636,1.073271045248268,25.125,178,283,873
20261009-065112-m7-sim-sweep2,2026-10-09T06:52:10+00:00,125,nfs,share,0.0,1.0,0,1.0,hold,doc,2.0,0.25,S5P,4.07805302034383,4.556671830097604,6.396130773065636,1.073271045248268,25.125,178,284,876
20261009-065112-m7-sim-sweep2,2026-10-09T06:52:10+00:00,125,nfs,share,0.0,1.0,0,1.0,hold,doc,2.0,0.25,S5c,3.595426205607694,4.281422530513908,5.725694965136171,0.8960312604942212,25.125,58,259,858
20261009-065112-m7-sim-sweep2,2026-10-09T06:52:10+00:00,125,nfs,share,0.0,1.0,0,1.0,hold,doc,2.0,0.5,S0,4.454799610358975,4.548481596842405,5.224386545851303,0.0,33.5,0,488,1072
20261009-065112-m7-sim-sweep2,2026-10-09T06:52:10+00:00,125,nfs,share,0.0,1.0,0,1.0,hold,doc,2.0,0.5,S1,4.268313603390567,3.6873522447073235,4.651164000000023,0.0,33.5,0,274,911
20261009-065112-m7-sim-sweep2,2026-10-09T06:52:10+00:00,125,nfs,share,0.0,1.0,0,1.0,hold,doc,2.0,0.5,S2b,2.68625613705278,2.9529905135792247,2.813614064463337,0.2890666401265361,33.5,0,36,707
20261009-065112-m7-sim-sweep2,2026-10-09T06:52:10+00:00,125,nfs,share,0.0,1.0,0,1.0,hold,doc,2.0,0.5,S4,4.245214999999959,4.29302129020979,4.40031730606438,0.739290728283148,20.0625,321,295,888
20261009-065112-m7-sim-sweep2,2026-10-09T06:52:10+00:00,125,nfs,share,0.0,1.0,0,1.0,hold,doc,2.0,0.5,S4+,2.770187657396619,3.4904145722393225,2.897545584807176,0.8613665870462803,16.75,268,36,703
20261009-065112-m7-sim-sweep2,2026-10-09T06:52:10+00:00,125,nfs,share,0.0,1.0,0,1.0,hold,doc,2.0,0.5,S4+P,3.12578851221771,3.8833084411447274,4.228259116765997,0.8613665870462791,16.75,268,149,781
20261009-065112-m7-sim-sweep2,2026-10-09T06:52:10+00:00,125,nfs,share,0.0,1.0,0,1.0,hold,doc,2.0,0.5,S4L,3.247604010171898,4.115112385348293,4.484248826408219,0.8613665870462768,16.75,268,214,829
20261009-065112-m7-sim-sweep2,2026-10-09T06:52:10+00:00,125,nfs,share,0.0,1.0,0,1.0,hold,doc,2.0,0.5,S4B,2.6587360203438095,3.521039839032324,4.0403795523026815,0.8613665870462803,16.75,268,43,709
20261009-065112-m7-sim-sweep2,2026-10-09T06:52:10+00:00,125,nfs,share,0.0,1.0,0,1.0,hold,doc,2.0,0.5,S5,2.7691035848071692,3.010135787258452,2.897545584807176,0.3663952395654088,16.75,44,36,706
20261009-065112-m7-sim-sweep2,2026-10-09T06:52:10+00:00,125,nfs,share,0.0,1.0,0,1.0,hold,doc,2.0,0.5,S5s,3.24369999999999,3.2923590891440377,3.5598249546943066,0.0,21.5,0,196,836
20261009-065112-m7-sim-sweep2,2026-10-09T06:52:10+00:00,125,nfs,share,0.0,1.0,0,1.0,hold,doc,2.0,0.5,S5L,2.6587360203438095,3.062879216023353,4.078924020343834,0.3663952395654088,16.75,44,50,718
20261009-065112-m7-sim-sweep2,2026-10-09T06:52:10+00:00,125,nfs,share,0.0,1.0,0,1.0,hold,doc,2.0,0.5,S5P,2.664293010171889,3.0867138826900202,3.455290020343824,0.3663952395654088,16.75,44,57,724
20261009-065112-m7-sim-sweep2,2026-10-09T06:52:10+00:00,125,nfs,share,0.0,1.0,0,1.0,hold,doc,2.0,0.5,S5c,2.68625613705278,2.9424034465546747,2.813614064463337,0.2890666401265361,21.5,0,36,707
20261009-065112-m7-sim-sweep2,2026-10-09T06:52:10+00:00,126,local,share,0.0,1.0,0,1.0,hold,doc,0.25,0.125,S0,0.35582980736005254,0.5665901244216437,0.5839821848902886,0.1109761429783287,33.5,0,661,899
20261009-065112-m7-sim-sweep2,2026-10-09T06:52:10+00:00,126,local,share,0.0,1.0,0,1.0,hold,doc,0.25,0.125,S1,0.4203745000000083,0.5946208211358819,0.7472537500000414,0.11036149443209038,33.5,0,578,942
20261009-065112-m7-sim-sweep2,2026-10-09T06:52:10+00:00,126,local,share,0.0,1.0,0,1.0,hold,doc,0.25,0.125,S2b,0.6888956249999865,0.9595963023385904,2.2744674468111725,0.28046835947686627,33.5,0,128,1229
20261009-065112-m7-sim-sweep2,2026-10-09T06:52:10+00:00,126,local,share,0.0,1.0,0,1.0,hold,doc,0.25,0.125,S4,0.4203744999999799,0.7344746362635828,0.8168764752412301,0.27896609852144927,32.75,524,621,899
20261009-065112-m7-sim-sweep2,2026-10-09T06:52:10+00:00,126,local,share,0.0,1.0,0,1.0,hold,doc,0.25,0.125,S4+,0.693114807378933,1.03646487049933,2.753820922252544,0.36618003485800266,29.3125,469,140,1217
20261009-065112-m7-sim-sweep2,2026-10-09T06:52:10+00:00,126,local,share,0.0,1.0,0,1.0,hold,doc,0.25,0.125,S4+P,0.40118000974639756,0.8257426087941641,2.417254922253491,0.36618003485803935,29.3125,469,585,904
20261009-065112-m7-sim-sweep2,2026-10-09T06:52:10+00:00,126,local,share,0.0,1.0,0,1.0,hold,doc,0.25,0.125,S4L,0.4011800097461702,0.810027591694149,2.417254922253491,0.36618003485803996,29.3125,469,616,882
20261009-065112-m7-sim-sweep2,2026-10-09T06:52:10+00:00,126,local,share,0.0,1.0,0,1.0,hold,doc,0.25,0.125,S4B,0.7698561823789873,1.018073827917025,2.5036856722525584,0.36618003485800327,29.3125,469,188,1181
20261009-065112-m7-sim-sweep2,2026-10-09T06:52:10+00:00,126,local,share,0.0,1.0,0,1.0,hold,doc,0.25,0.125,S5,0.6593554409312787,0.9326948649433268,1.7966584579677516,0.2937576896912984,29.3125,45,174,1179
20261009-065112-m7-sim-sweep2,2026-10-09T06:52:10+00:00,126,local,share,0.0,1.0,0,1.0,hold,doc,0.25,0.125,S5s,0.6593554409312787,1.008270188021245,2.6998311722530985,0.36618003485802575,29.3125,229,173,1180
20261009-065112-m7-sim-sweep2,2026-10-09T06:52:10+00:00,126,local,share,0.0,1.0,0,1.0,hold,doc,0.25,0.125,S5L,0.7189564036894609,0.8881311650253837,1.7966584579677516,0.2937576896912984,29.3125,45,290,1096
20261009-065112-m7-sim-sweep2,2026-10-09T06:52:10+00:00,126,local,share,0.0,1.0,0,1.0,hold,doc,0.25,0.125,S5P,0.7189564036894609,0.8881311650253837,1.7966584579677516,0.2937576896912984,29.3125,45,290,1096
20261009-065112-m7-sim-sweep2,2026-10-09T06:52:10+00:00,126,local,share,0.0,1.0,0,1.0,hold,doc,0.25,0.125,S5c,0.7116069323789418,1.0400837981254594,2.7538209222529133,0.36618003485801803,29.3125,229,135,1222
20261009-065112-m7-sim-sweep2,2026-10-09T06:52:10+00:00,126,local,share,0.0,1.0,0,1.0,hold,doc,0.25,0.25,S0,0.5837644348902842,0.5920005271450712,0.5989462499999973,0.10579711795367312,33.5,0,613,947
20261009-065112-m7-sim-sweep2,2026-10-09T06:52:10+00:00,126,local,share,0.0,1.0,0,1.0,hold,doc,0.25,0.25,S1,0.5837644348902842,0.6831246512296966,0.7472537500000414,0.14245842523710195,33.5,0,462,1024
20261009-065112-m7-sim-sweep2,2026-10-09T06:52:10+00:00,126,local,share,0.0,1.0,0,1.0,hold,doc,0.25,0.25,S2b,0.7562067500000182,0.989420949933408,1.947354373021568,0.23625174160004825,33.5,0,0,1316
20261009-065112-m7-sim-sweep2,2026-10-09T06:52:10+00:00,126,local,share,0.0,1.0,0,1.0,hold,doc,0.25,0.25,S4,0.4203745000000083,0.7523837165576257,0.7651597499999951,0.24461444314965894,28.25,452,509,977
20261009-065112-m7-sim-sweep2,2026-10-09T06:52:10+00:00,126,local,share,0.0,1.0,0,1.0,hold,doc,0.25,0.25,S4+,0.7761650573789822,1.1164209515247212,2.8305596722535,0.3661800348580358,25.125,402,0,1311
20261009-065112-m7-sim-sweep2,2026-10-09T06:52:10+00:00,126,local,share,0.0,1.0,0,1.0,hold,doc,0.25,0.25,S4+P,0.47825582448361104,0.870859903684463,2.417254922253491,0.36618003485803996,25.125,402,490,972
20261009-065112-m7-sim-sweep2,2026-10-09T06:52:10+00:00,126,local,share,0.0,1.0,0,1.0,hold,doc,0.25,0.25,S4L,0.4430858073789352,0.8475135735747467,2.417254922253491,0.36618003485803996,25.125,402,540,936
20261009-065112-m7-sim-sweep2,2026-10-09T06:52:10+00:00,126,local,share,0.0,1.0,0,1.0,hold,doc,0.25,0.25,S4B,0.7761650573789822,1.1164209515247212,2.8305596722535,0.3661800348580358,25.125,402,0,1311
20261009-065112-m7-sim-sweep2,2026-10-09T06:52:10+00:00,126,local,share,0.0,1.0,0,1.0,hold,doc,0.25,0.25,S5,0.7541609999999963,0.853479410875055,1.1493136760610128,0.11051016087505516,26.5,0,0,1288
20261009-065112-m7-sim-sweep2,2026-10-09T06:52:10+00:00,126,local,share,0.0,1.0,0,1.0,hold,doc,0.25,0.25,S5s,0.787290057378975,1.0682034791860964,1.783797836126766,0.3225649583527594,25.125,162,0,1291
20261009-065112-m7-sim-sweep2,2026-10-09T06:52:10+00:00,126,local,share,0.0,1.0,0,1.0,hold,doc,0.25,0.25,S5L,0.7541609999999963,0.853479410875055,1.1493136760610128,0.11051016087505516,26.5,0,0,1288
20261009-065112-m7-sim-sweep2,2026-10-09T06:52:10+00:00,126,local,share,0.0,1.0,0,1.0,hold,doc,0.25,0.25,S5P,0.7541609999999963,0.853479410875055,1.1493136760610128,0.11051016087505516,26.5,0,0,1288
20261009-065112-m7-sim-sweep2,2026-10-09T06:52:10+00:00,126,local,share,0.0,1.0,0,1.0,hold,doc,0.25,0.25,S5c,0.7878710573789505,1.077588333352783,1.783797836126766,0.3225649583527594,25.125,162,0,1314
20261009-065112-m7-sim-sweep2,2026-10-09T06:52:10+00:00,126,local,share,0.0,1.0,0,1.0,hold,doc,0.25,0.5,S0,0.5837644348902842,0.519625045272815,0.5989462499999973,0.0,33.5,0,561,999
20261009-065112-m7-sim-sweep2,2026-10-09T06:52:10+00:00,126,local,share,0.0,1.0,0,1.0,hold,doc,0.25,0.5,S1,0.6338433364807798,0.633363807664189,0.7651597499999951,0.0029715076725604916,33.5,0,297,1150
20261009-065112-m7-sim-sweep2,2026-10-09T06:52:10+00:00,126,local,share,0.0,1.0,0,1.0,hold,doc,0.25,0.5,S2b,0.7472537500000414,1.0141148442551102,0.7651597500000094,0.26096501092175234,33.5,0,0,1320
20261009-065112-m7-sim-sweep2,2026-10-09T06:52:10+00:00,126,local,share,0.0,1.0,0,1.0,hold,doc,0.25,0.5,S4,0.5837052500000226,0.7705892354751201,0.7878710573789505,0.23140139840842563,20.0625,321,427,1020
20261009-065112-m7-sim-sweep2,2026-10-09T06:52:10+00:00,126,local,share,0.0,1.0,0,1.0,hold,doc,0.25,0.5,S4+,0.7699650573789967,1.0172942826321474,0.7878710573789647,0.2643738659654555,16.75,268,0,1319
20261009-065112-m7-sim-sweep2,2026-10-09T06:52:10+00:00,126,local,share,0.0,1.0,0,1.0,hold,doc,0.25,0.5,S4+P,0.7699650573789967,0.9857198242988113,0.7878710573789647,0.2643738659654555,16.75,268,60,1278
20261009-065112-m7-sim-sweep2,2026-10-09T06:52:10+00:00,126,local,share,0.0,1.0,0,1.0,hold,doc,0.25,0.5,S4L,0.7699650573789825,0.8902260676154837,0.7878710573789647,0.2643738659654555,16.75,268,253,1140
20261009-065112-m7-sim-sweep2,2026-10-09T06:52:10+00:00,126,local,share,0.0,1.0,0,1.0,hold,doc,0.25,0.5,S4B,0.7699650573789967,1.0172942826321474,0.7878710573789647,0.2643738659654555,16.75,268,0,1319
20261009-065112-m7-sim-sweep2,2026-10-09T06:52:10+00:00,126,local,share,0.0,1.0,0,1.0,hold,doc,0.25,0.5,S5,0.7367271250000158,0.7468077916666717,0.7819037499999979,0.0,26.5,0,0,1292
20261009-065112-m7-sim-sweep2,2026-10-09T06:52:10+00:00,126,local,share,0.0,1.0,0,1.0,hold,doc,0.25,0.5,S5s,0.74912955737895,0.8267518517807465,0.8046150573789532,0.0755282684473979,16.75,28,0,1302
20261009-065112-m7-sim-sweep2,2026-10-09T06:52:10+00:00,126,local,share,0.0,1.0,0,1.0,hold,doc,0.25,0.5,S5L,0.7367271250000158,0.7468077916666717,0.7819037499999979,0.0,26.5,0,0,1292
20261009-065112-m7-sim-sweep2,2026-10-09T06:52:10+00:00,126,local,share,0.0,1.0,0,1.0,hold,doc,0.25,0.5,S5P,0.7367271250000158,0.7468077916666717,0.7819037499999979,0.0,26.5,0,0,1292
20261009-065112-m7-sim-sweep2,2026-10-09T06:52:10+00:00,126,local,share,0.0,1.0,0,1.0,hold,doc,0.25,0.5,S5c,0.7699650573789896,0.8732394827601588,0.7878710573789647,0.12008964942680163,16.75,28,0,1320
20261009-065112-m7-sim-sweep2,2026-10-09T06:52:10+00:00,127,local,share,0.0,1.0,0,1.0,hold,doc,0.5,0.125,S0,0.46303850000001034,0.6095017344582571,0.8719888777330453,0.010599166408276517,33.5,0,911,649
20261009-065112-m7-sim-sweep2,2026-10-09T06:52:10+00:00,127,local,share,0.0,1.0,0,1.0,hold,doc,0.5,0.125,S1,0.5016262109197527,0.6886335957582771,1.0513949579677728,0.010599166408276517,33.5,0,791,710
20261009-065112-m7-sim-sweep2,2026-10-09T06:52:10+00:00,127,local,share,0.0,1.0,0,1.0,hold,doc,0.5,0.125,S2b,0.8122660492749958,1.1337111167736982,2.662157213221036,0.28046835947683374,33.5,0,472,871
20261009-065112-m7-sim-sweep2,2026-10-09T06:52:10+00:00,127,local,share,0.0,1.0,0,1.0,hold,doc,0.5,0.125,S4,0.4895182109197833,0.8846041841589797,1.2667575000000681,0.25888676350580475,32.75,524,839,662
20261009-065112-m7-sim-sweep2,2026-10-09T06:52:10+00:00,127,local,share,0.0,1.0,0,1.0,hold,doc,0.5,0.125,S4+,0.8345632511940835,1.209481652428974,2.923847672252606,0.36618003485797895,29.3125,469,480,863
20261009-065112-m7-sim-sweep2,2026-10-09T06:52:10+00:00,127,local,share,0.0,1.0,0,1.0,hold,doc,0.5,0.125,S4+P,0.5122295182987386,1.0181195255977087,2.522003172253477,0.36618003485800266,29.3125,469,769,679
20261009-065112-m7-sim-sweep2,2026-10-09T06:52:10+00:00,127,local,share,0.0,1.0,0,1.0,hold,doc,0.5,0.125,S4L,0.5122295182987386,0.9959500223410185,2.522003172253477,0.36618003485800266,29.3125,469,801,660
20261009-065112-m7-sim-sweep2,2026-10-09T06:52:10+00:00,127,local,share,0.0,1.0,0,1.0,hold,doc,0.5,0.125,S4B,0.857790484089449,1.1557519629938842,2.522003172253477,0.36618003485800205,29.3125,469,580,790
20261009-065112-m7-sim-sweep2,2026-10-09T06:52:10+00:00,127,local,share,0.0,1.0,0,1.0,hold,doc,0.5,0.125,S5,0.8184835573789684,1.1648714986567192,2.7863806763269707,0.3484614100277324,29.3125,101,500,842
20261009-065112-m7-sim-sweep2,2026-10-09T06:52:10+00:00,127,local,share,0.0,1.0,0,1.0,hold,doc,0.5,0.125,S5s,0.8184835573789826,1.196132971376273,2.923847672252606,0.3661800348579938,29.3125,309,490,852
20261009-065112-m7-sim-sweep2,2026-10-09T06:52:10+00:00,127,local,share,0.0,1.0,0,1.0,hold,doc,0.5,0.125,S5L,0.7730775292865388,1.1078786716668543,2.522003172253477,0.3484614100277324,29.3125,101,606,771
20261009-065112-m7-sim-sweep2,2026-10-09T06:52:10+00:00,127,local,share,0.0,1.0,0,1.0,hold,doc,0.5,0.125,S5P,0.7730775292865388,1.1078786716668543,2.522003172253477,0.3484614100277324,29.3125,101,606,771
20261009-065112-m7-sim-sweep2,2026-10-09T06:52:10+00:00,127,local,share,0.0,1.0,0,1.0,hold,doc,0.5,0.125,S5c,0.8345632511940835,1.2094816524289858,2.923847672252606,0.36618003485799083,29.3125,309,480,863
20261009-065112-m7-sim-sweep2,2026-10-09T06:52:10+00:00,127,local,share,0.0,1.0,0,1.0,hold,doc,0.5,0.25,S0,0.46303850000001034,0.6012598180499786,0.8701380000000114,0.0,33.5,0,909,651
20261009-065112-m7-sim-sweep2,2026-10-09T06:52:10+00:00,127,local,share,0.0,1.0,0,1.0,hold,doc,0.5,0.25,S1,0.5379618917081075,0.76806540271433,1.2321794999999867,0.0,33.5,0,666,781
20261009-065112-m7-sim-sweep2,2026-10-09T06:52:10+00:00,127,local,share,0.0,1.0,0,1.0,hold,doc,0.5,0.25,S2b,1.1976977499999961,1.3925581276743948,2.203518721368795,0.21640871585970758,33.5,0,63,1108
20261009-065112-m7-sim-sweep2,2026-10-09T06:52:10+00:00,127,local,share,0.0,1.0,0,1.0,hold,doc,0.5,0.25,S4,0.5374151958540807,0.9860422532673153,1.2768200000000576,0.24461444314965775,28.25,452,687,757
20261009-065112-m7-sim-sweep2,2026-10-09T06:52:10+00:00,127,local,share,0.0,1.0,0,1.0,hold,doc,0.5,0.25,S4+,1.1896895724446779,1.531891968761494,3.3157031722534214,0.36618003485800266,25.125,402,65,1100
20261009-065112-m7-sim-sweep2,2026-10-09T06:52:10+00:00,127,local,share,0.0,1.0,0,1.0,hold,doc,0.5,0.25,S4+P,0.598487003233032,1.0916408386735335,2.522003172253477,0.36618003485800266,25.125,402,670,740
20261009-065112-m7-sim-sweep2,2026-10-09T06:52:10+00:00,127,local,share,0.0,1.0,0,1.0,hold,doc,0.5,0.25,S4L,0.5595798073790093,1.0673392738324967,2.522003172253477,0.36618003485800266,25.125,402,707,717
20261009-065112-m7-sim-sweep2,2026-10-09T06:52:10+00:00,127,local,share,0.0,1.0,0,1.0,hold,doc,0.5,0.25,S4B,1.2428370573789636,1.5274472530652303,3.3157031722534214,0.36618003485800266,25.125,402,79,1087
20261009-065112-m7-sim-sweep2,2026-10-09T06:52:10+00:00,127,local,share,0.0,1.0,0,1.0,hold,doc,0.5,0.25,S5,1.185927307378961,1.3076360111390368,1.2639563073789617,0.15919914584300798,25.125,34,71,1088
20261009-065112-m7-sim-sweep2,2026-10-09T06:52:10+00:00,127,local,share,0.0,1.0,0,1.0,hold,doc,0.5,0.25,S5s,1.185927307378961,1.5145480424612625,3.250280557495529,0.36345409257642264,25.125,242,69,1091
20261009-065112-m7-sim-sweep2,2026-10-09T06:52:10+00:00,127,local,share,0.0,1.0,0,1.0,hold,doc,0.5,0.25,S5L,1.2103873073789657,1.2611520680413175,1.2639563073789617,0.15919914584300798,25.125,34,144,1041
20261009-065112-m7-sim-sweep2,2026-10-09T06:52:10+00:00,127,local,share,0.0,1.0,0,1.0,hold,doc,0.5,0.25,S5P,1.1990316536894738,1.2525091657607021,1.2639563073789617,0.15919914584300798,25.125,34,153,1038
20261009-065112-m7-sim-sweep2,2026-10-09T06:52:10+00:00,127,local,share,0.0,1.0,0,1.0,hold,doc,0.5,0.25,S5c,1.1896895724446779,1.5314690473132468,3.250280557495529,0.36345409257642264,25.125,242,65,1102
20261009-065112-m7-sim-sweep2,2026-10-09T06:52:10+00:00,127,local,share,0.0,1.0,0,1.0,hold,doc,0.5,0.5,S0,0.46303850000001034,0.6012598180499786,0.8701380000000114,0.0,33.5,0,909,651
20261009-065112-m7-sim-sweep2,2026-10-09T06:52:10+00:00,127,local,share,0.0,1.0,0,1.0,hold,doc,0.5,0.5,S1,0.8866484388665228,0.8975800152321382,1.2768200000000576,0.0,33.5,0,495,884
20261009-065112-m7-sim-sweep2,2026-10-09T06:52:10+00:00,127,local,share,0.0,1.0,0,1.0,hold,doc,0.5,0.5,S2b,1.2412449999999922,1.3283650455995957,1.2772450000000646,0.09006906643291283,33.5,0,0,1142
20261009-065112-m7-sim-sweep2,2026-10-09T06:52:10+00:00,127,local,share,0.0,1.0,0,1.0,hold,doc,0.5,0.5,S4,0.8579231958537861,1.0376274277940205,1.2999563073790057,0.2314013984083895,20.0625,321,569,805
20261009-065112-m7-sim-sweep2,2026-10-09T06:52:10+00:00,127,local,share,0.0,1.0,0,1.0,hold,doc,0.5,0.5,S4+,1.2639563073789475,1.495730470132095,1.2999563073790057,0.2643738659654182,16.75,268,0,1137
20261009-065112-m7-sim-sweep2,2026-10-09T06:52:10+00:00,127,local,share,0.0,1.0,0,1.0,hold,doc,0.5,0.5,S4+P,1.2553210573789428,1.4132697287505114,1.2999563073790057,0.2643738659654182,16.75,268,106,1077
20261009-065112-m7-sim-sweep2,2026-10-09T06:52:10+00:00,127,local,share,0.0,1.0,0,1.0,hold,doc,0.5,0.5,S4L,1.2201788073789714,1.215645441529907,1.299531307379013,0.2643738659654182,16.75,268,365,921
20261009-065112-m7-sim-sweep2,2026-10-09T06:52:10+00:00,127,local,share,0.0,1.0,0,1.0,hold,doc,0.5,0.5,S4B,1.2639563073789475,1.495730470132095,1.2999563073790057,0.2643738659654182,16.75,268,0,1137
20261009-065112-m7-sim-sweep2,2026-10-09T06:52:10+00:00,127,local,share,0.0,1.0,0,1.0,hold,doc,0.5,0.5,S5,1.2148235000000014,1.215206291666668,1.2412449999999922,0.0,23.0,0,0,1127
20261009-065112-m7-sim-sweep2,2026-10-09T06:52:10+00:00,127,local,share,0.0,1.0,0,1.0,hold,doc,0.5,0.5,S5s,1.2365126536894806,1.4090109115553033,1.2639563073789617,0.19024378655530091,16.75,108,0,1128
20261009-065112-m7-sim-sweep2,2026-10-09T06:52:10+00:00,127,local,share,0.0,1.0,0,1.0,hold,doc,0.5,0.5,S5L,1.2148235000000014,1.215206291666668,1.2412449999999922,0.0,23.0,0,0,1127
20261009-065112-m7-sim-sweep2,2026-10-09T06:52:10+00:00,127,local,share,0.0,1.0,0,1.0,hold,doc,0.5,0.5,S5P,1.2148235000000014,1.215206291666668,1.2412449999999922,0.0,23.0,0,0,1127
20261009-065112-m7-sim-sweep2,2026-10-09T06:52:10+00:00,127,local,share,0.0,1.0,0,1.0,hold,doc,0.5,0.5,S5c,1.2639563073789475,1.437990518796547,1.29995630737902,0.20345683129653422,16.75,108,0,1139
20261009-065112-m7-sim-sweep2,2026-10-09T06:52:10+00:00,128,local,share,0.0,1.0,0,1.0,hold,doc,1.0,0.125,S0,0.5735490614384275,0.7419879772181055,1.1807533205752918,0.0,33.5,0,1136,424
20261009-065112-m7-sim-sweep2,2026-10-09T06:52:10+00:00,128,local,share,0.0,1.0,0,1.0,hold,doc,1.0,0.125,S1,0.612479000000036,0.8782412672929034,1.2280500000000245,0.0,33.5,0,989,485
20261009-065112-m7-sim-sweep2,2026-10-09T06:52:10+00:00,128,local,share,0.0,1.0,0,1.0,hold,doc,1.0,0.125,S2b,0.973557999999997,1.2808261812748551,2.795391213220995,0.2804683594768023,33.5,0,779,563
20261009-065112-m7-sim-sweep2,2026-10-09T06:52:10+00:00,128,local,share,0.0,1.0,0,1.0,hold,doc,1.0,0.125,S4,0.6116290000000362,1.085594261269928,1.9224178073790483,0.25888676350576806,32.75,524,1014,459
20261009-065112-m7-sim-sweep2,2026-10-09T06:52:10+00:00,128,local,share,0.0,1.0,0,1.0,hold,doc,1.0,0.125,S4+,0.9962693073789524,1.3620544813162034,3.057081672252565,0.36618003485795886,29.3125,469,781,561
20261009-065112-m7-sim-sweep2,2026-10-09T06:52:10+00:00,128,local,share,0.0,1.0,0,1.0,hold,doc,1.0,0.125,S4+P,0.6347653073789843,1.2471353708721697,2.6529716722534147,0.3661800348579624,29.3125,469,921,482
20261009-065112-m7-sim-sweep2,2026-10-09T06:52:10+00:00,128,local,share,0.0,1.0,0,1.0,hold,doc,1.0,0.125,S4L,0.6347653073789843,1.2212566296604805,2.6529716722534573,0.36618003485796535,29.3125,469,946,469
20261009-065112-m7-sim-sweep2,2026-10-09T06:52:10+00:00,128,local,share,0.0,1.0,0,1.0,hold,doc,1.0,0.125,S4B,0.6773513073789843,1.3362723056913122,2.6529716722531447,0.36618003485795114,29.3125,469,836,522
20261009-065112-m7-sim-sweep2,2026-10-09T06:52:10+00:00,128,local,share,0.0,1.0,0,1.0,hold,doc,1.0,0.125,S5,0.9720933073789695,1.3420557431913107,3.0087506722525745,0.36618003485796535,29.3125,173,790,552
20261009-065112-m7-sim-sweep2,2026-10-09T06:52:10+00:00,128,local,share,0.0,1.0,0,1.0,hold,doc,1.0,0.125,S5s,0.9740778998120874,1.3556589619082693,3.057081672252565,0.36618003485796535,29.3125,365,784,558
20261009-065112-m7-sim-sweep2,2026-10-09T06:52:10+00:00,128,local,share,0.0,1.0,0,1.0,hold,doc,1.0,0.125,S5L,0.6773513073789843,1.324136889024648,2.6529716722534573,0.36618003485796535,29.3125,173,836,517
20261009-065112-m7-sim-sweep2,2026-10-09T06:52:10+00:00,128,local,share,0.0,1.0,0,1.0,hold,doc,1.0,0.125,S5P,0.6773513073789843,1.324136889024648,2.6529716722534573,0.36618003485796535,29.3125,173,836,517
20261009-065112-m7-sim-sweep2,2026-10-09T06:52:10+00:00,128,local,share,0.0,1.0,0,1.0,hold,doc,1.0,0.125,S5c,0.9962693073789524,1.3620544813162099,3.057081672252565,0.36618003485796535,29.3125,365,781,561
20261009-065112-m7-sim-sweep2,2026-10-09T06:52:10+00:00,128,local,share,0.0,1.0,0,1.0,hold,doc,1.0,0.25,S0,0.5735490614384275,0.7419879772181055,1.1807533205752918,0.0,33.5,0,1136,424
20261009-065112-m7-sim-sweep2,2026-10-09T06:52:10+00:00,128,local,share,0.0,1.0,0,1.0,hold,doc,1.0,0.25,S1,0.654640000000029,1.0194783738157138,1.892640000000057,0.0,33.5,0,841,549
20261009-065112-m7-sim-sweep2,2026-10-09T06:52:10+00:00,128,local,share,0.0,1.0,0,1.0,hold,doc,1.0,0.25,S2b,1.3634095000000315,1.642353713792409,2.871045721368901,0.21640871585968155,33.5,0,373,755
20261009-065112-m7-sim-sweep2,2026-10-09T06:52:10+00:00,128,local,share,0.0,1.0,0,1.0,hold,doc,1.0,0.25,S4,0.654640000000029,1.2558680056496503,1.8896440000000894,0.2446144431496228,28.25,452,843,546
20261009-065112-m7-sim-sweep2,2026-10-09T06:52:10+00:00,128,local,share,0.0,1.0,0,1.0,hold,doc,1.0,0.25,S4+,1.3593573073789855,1.784539546091177,3.5306846722525904,0.36618003485796535,25.125,402,375,752
20261009-065112-m7-sim-sweep2,2026-10-09T06:52:10+00:00,128,local,share,0.0,1.0,0,1.0,hold,doc,1.0,0.25,S4+P,0.7199493073789824,1.3580131390246564,2.6529716722534573,0.36618003485796535,25.125,402,812,534
20261009-065112-m7-sim-sweep2,2026-10-09T06:52:10+00:00,128,local,share,0.0,1.0,0,1.0,hold,doc,1.0,0.25,S4L,0.6773513073789843,1.333213618191324,2.6529716722534573,0.36618003485796535,25.125,402,840,520
20261009-065112-m7-sim-sweep2,2026-10-09T06:52:10+00:00,128,local,share,0.0,1.0,0,1.0,hold,doc,1.0,0.25,S4B,1.8253273073789558,1.7228666598579931,2.69515267225259,0.36618003485796535,25.125,402,456,702
20261009-065112-m7-sim-sweep2,2026-10-09T06:52:10+00:00,128,local,share,0.0,1.0,0,1.0,hold,doc,1.0,0.25,S5,1.3593573073789855,1.654308277531685,2.213785381168549,0.2598682858763439,25.125,106,383,743
20261009-065112-m7-sim-sweep2,2026-10-09T06:52:10+00:00,128,local,share,0.0,1.0,0,1.0,hold,doc,1.0,0.25,S5s,1.3593573073789855,1.7768955900988697,3.5306846722525904,0.36618003485796535,25.125,298,377,750
20261009-065112-m7-sim-sweep2,2026-10-09T06:52:10+00:00,128,local,share,0.0,1.0,0,1.0,hold,doc,1.0,0.25,S5L,1.78488805737895,1.5774526608763555,2.213785381168549,0.2598682858763439,25.125,106,482,687
20261009-065112-m7-sim-sweep2,2026-10-09T06:52:10+00:00,128,local,share,0.0,1.0,0,1.0,hold,doc,1.0,0.25,S5P,1.5579697792865232,1.5664921218905483,2.213785381168549,0.2598682858763439,25.125,106,484,688
20261009-065112-m7-sim-sweep2,2026-10-09T06:52:10+00:00,128,local,share,0.0,1.0,0,1.0,hold,doc,1.0,0.25,S5c,1.3593573073789855,1.7845395460911757,3.5306846722525904,0.36618003485796535,25.125,298,375,752
20261009-065112-m7-sim-sweep2,2026-10-09T06:52:10+00:00,128,local,share,0.0,1.0,0,1.0,hold,doc,1.0,0.5,S0,0.5735490614384275,0.7419879772181055,1.1807533205752918,0.0,33.5,0,1136,424
20261009-065112-m7-sim-sweep2,2026-10-09T06:52:10+00:00,128,local,share,0.0,1.0,0,1.0,hold,doc,1.0,0.5,S1,1.1522781602878993,1.224210558755777,1.892640000000057,0.0,33.5,0,639,642
20261009-065112-m7-sim-sweep2,2026-10-09T06:52:10+00:00,128,local,share,0.0,1.0,0,1.0,hold,doc,1.0,0.5,S2b,1.847427500000009,1.93245171226625,1.9281309999999934,0.09006906643289803,33.5,0,0,917
20261009-065112-m7-sim-sweep2,2026-10-09T06:52:10+00:00,128,local,share,0.0,1.0,0,1.0,hold,doc,1.0,0.5,S4,1.2189232500000173,1.3614795247128384,1.899706500000093,0.23140139840835752,20.0625,321,684,595
20261009-065112-m7-sim-sweep2,2026-10-09T06:52:10+00:00,128,local,share,0.0,1.0,0,1.0,hold,doc,1.0,0.5,S4+,1.8636200573789736,2.096573407632065,1.899706500000093,0.26437386596538087,16.75,268,0,912
20261009-065112-m7-sim-sweep2,2026-10-09T06:52:10+00:00,128,local,share,0.0,1.0,0,1.0,hold,doc,1.0,0.5,S4+P,1.8156225573789584,1.8700291286900619,1.899706500000093,0.26437386596538087,16.75,268,211,819
20261009-065112-m7-sim-sweep2,2026-10-09T06:52:10+00:00,128,local,share,0.0,1.0,0,1.0,hold,doc,1.0,0.5,S4L,1.8253273073789558,1.6048544605979924,1.899706500000093,0.26437386596538087,16.75,268,473,694
20261009-065112-m7-sim-sweep2,2026-10-09T06:52:10+00:00,128,local,share,0.0,1.0,0,1.0,hold,doc,1.0,0.5,S4B,1.8636200573789736,2.096573407632065,1.899706500000093,0.26437386596538087,16.75,268,0,912
20261009-065112-m7-sim-sweep2,2026-10-09T06:52:10+00:00,128,local,share,0.0,1.0,0,1.0,hold,doc,1.0,0.5,S5,1.8250217500000048,1.8296178125000153,1.8896440000000894,0.0,18.5,0,0,912
20261009-065112-m7-sim-sweep2,2026-10-09T06:52:10+00:00,128,local,share,0.0,1.0,0,1.0,hold,doc,1.0,0.5,S5s,1.8701388073789644,2.0237922288368613,1.9027025000000748,0.19255306217017676,16.75,164,0,912
20261009-065112-m7-sim-sweep2,2026-10-09T06:52:10+00:00,128,local,share,0.0,1.0,0,1.0,hold,doc,1.0,0.5,S5L,1.8250217500000048,1.8296178125000153,1.8896440000000894,0.0,18.5,0,0,912
20261009-065112-m7-sim-sweep2,2026-10-09T06:52:10+00:00,128,local,share,0.0,1.0,0,1.0,hold,doc,1.0,0.5,S5P,1.8250217500000048,1.8296178125000153,1.8896440000000894,0.0,18.5,0,0,912
20261009-065112-m7-sim-sweep2,2026-10-09T06:52:10+00:00,128,local,share,0.0,1.0,0,1.0,hold,doc,1.0,0.5,S5c,1.8701388073789644,2.0409252191039697,1.9281309999999934,0.20481980243728692,16.75,164,0,914
20261009-065112-m7-sim-sweep2,2026-10-09T06:52:10+00:00,129,local,share,0.0,1.0,0,1.0,hold,doc,2.0,0.125,S0,0.7560239999999965,0.928630583333323,1.5693519999999523,0.0,33.5,0,1292,268
20261009-065112-m7-sim-sweep2,2026-10-09T06:52:10+00:00,129,local,share,0.0,1.0,0,1.0,hold,doc,2.0,0.125,S1,0.7560239999999965,1.1161885416666617,1.5710939999999596,0.0,33.5,0,1128,316
20261009-065112-m7-sim-sweep2,2026-10-09T06:52:10+00:00,129,local,share,0.0,1.0,0,1.0,hold,doc,2.0,0.125,S2b,1.1423379999999952,1.4657450747670933,2.9624712132209936,0.2804683594767461,33.5,0,994,348
20261009-065112-m7-sim-sweep2,2026-10-09T06:52:10+00:00,129,local,share,0.0,1.0,0,1.0,hold,doc,2.0,0.125,S4,0.7673796536894741,1.315413189234416,2.6925613073789236,0.2588867635056964,32.75,524,1148,297
20261009-065112-m7-sim-sweep2,2026-10-09T06:52:10+00:00,129,local,share,0.0,1.0,0,1.0,hold,doc,2.0,0.125,S4+,1.1650493073789505,1.551456750148238,3.2241616722525634,0.36618003485789075,29.3125,469,994,348
20261009-065112-m7-sim-sweep2,2026-10-09T06:52:10+00:00,129,local,share,0.0,1.0,0,1.0,hold,doc,2.0,0.125,S4+P,0.7787353073789518,1.512766061732595,2.7641576722525656,0.36618003485789075,29.3125,469,1036,319
20261009-065112-m7-sim-sweep2,2026-10-09T06:52:10+00:00,129,local,share,0.0,1.0,0,1.0,hold,doc,2.0,0.125,S4L,0.7787353073789518,1.4826577522532827,2.7641576722525656,0.36618003485789075,29.3125,469,1057,310
20261009-065112-m7-sim-sweep2,2026-10-09T06:52:10+00:00,129,local,share,0.0,1.0,0,1.0,hold,doc,2.0,0.125,S4B,0.8156463073789553,1.5990500617325931,2.7641576722525656,0.36618003485789075,29.3125,469,971,342
20261009-065112-m7-sim-sweep2,2026-10-09T06:52:10+00:00,129,local,share,0.0,1.0,0,1.0,hold,doc,2.0,0.125,S5,1.1650493073789505,1.53337825014824,3.2241616722525634,0.36618003485789075,29.3125,245,999,343
20261009-065112-m7-sim-sweep2,2026-10-09T06:52:10+00:00,129,local,share,0.0,1.0,0,1.0,hold,doc,2.0,0.125,S5s,1.1650493073789505,1.5443578334815722,3.2241616722525634,0.36618003485789075,29.3125,405,996,346
20261009-065112-m7-sim-sweep2,2026-10-09T06:52:10+00:00,129,local,share,0.0,1.0,0,1.0,hold,doc,2.0,0.125,S5L,0.8156463073789553,1.5789884575659225,2.7641576722525656,0.36618003485789075,29.3125,245,973,338
20261009-065112-m7-sim-sweep2,2026-10-09T06:52:10+00:00,129,local,share,0.0,1.0,0,1.0,hold,doc,2.0,0.125,S5P,0.8156463073789553,1.5789884575659225,2.7641576722525656,0.36618003485789075,29.3125,245,973,338
20261009-065112-m7-sim-sweep2,2026-10-09T06:52:10+00:00,129,local,share,0.0,1.0,0,1.0,hold,doc,2.0,0.125,S5c,1.1650493073789505,1.551456750148238,3.2241616722525634,0.36618003485789075,29.3125,405,994,348
20261009-065112-m7-sim-sweep2,2026-10-09T06:52:10+00:00,129,local,share,0.0,1.0,0,1.0,hold,doc,2.0,0.25,S0,0.7560239999999965,0.928630583333323,1.5693519999999523,0.0,33.5,0,1292,268
20261009-065112-m7-sim-sweep2,2026-10-09T06:52:10+00:00,129,local,share,0.0,1.0,0,1.0,hold,doc,2.0,0.25,S1,0.8298460000000034,1.3161105624999958,2.564741999999967,0.0,33.5,0,964,368
20261009-065112-m7-sim-sweep2,2026-10-09T06:52:10+00:00,129,local,share,0.0,1.0,0,1.0,hold,doc,2.0,0.25,S2b,1.5727939999999592,1.8830459737322822,3.22267075418938,0.21640871585964305,33.5,0,638,479
20261009-065112-m7-sim-sweep2,2026-10-09T06:52:10+00:00,129,local,share,0.0,1.0,0,1.0,hold,doc,2.0,0.25,S4,0.8298460000000034,1.548633160408432,2.564741999999967,0.24461444314955472,28.25,452,968,364
20261009-065112-m7-sim-sweep2,2026-10-09T06:52:10+00:00,129,local,share,0.0,1.0,0,1.0,hold,doc,2.0,0.25,S4+,1.5955053073789145,2.0248387093971965,3.74605167225252,0.36618003485789075,25.125,402,640,477
20261009-065112-m7-sim-sweep2,2026-10-09T06:52:10+00:00,129,local,share,0.0,1.0,0,1.0,hold,doc,2.0,0.25,S4+P,0.8885773073789522,1.6717178912995034,2.7641576722525656,0.36618003485789075,25.125,402,918,362
20261009-065112-m7-sim-sweep2,2026-10-09T06:52:10+00:00,129,local,share,0.0,1.0,0,1.0,hold,doc,2.0,0.25,S4L,0.8525573073789587,1.640795978399261,2.7641576722525656,0.36618003485789075,25.125,402,942,352
20261009-065112-m7-sim-sweep2,2026-10-09T06:52:10+00:00,129,local,share,0.0,1.0,0,1.0,hold,doc,2.0,0.25,S4B,1.9475703073789248,1.932662600378567,2.7641576722525656,0.36618003485789075,25.125,402,721,433
20261009-065112-m7-sim-sweep2,2026-10-09T06:52:10+00:00,129,local,share,0.0,1.0,0,1.0,hold,doc,2.0,0.25,S5,1.5955053073789145,1.9529270577958815,3.5649376722525403,0.33074278519736566,25.125,178,649,468
20261009-065112-m7-sim-sweep2,2026-10-09T06:52:10+00:00,129,local,share,0.0,1.0,0,1.0,hold,doc,2.0,0.25,S5s,1.5955053073789145,2.0123361260638633,3.74605167225252,0.36618003485789075,25.125,338,643,474
20261009-065112-m7-sim-sweep2,2026-10-09T06:52:10+00:00,129,local,share,0.0,1.0,0,1.0,hold,doc,2.0,0.25,S5L,1.865090091588229,1.8679180827354809,2.7641576722525656,0.33074278519736566,25.125,178,731,426
20261009-065112-m7-sim-sweep2,2026-10-09T06:52:10+00:00,129,local,share,0.0,1.0,0,1.0,hold,doc,2.0,0.25,S5P,1.5148700915882216,1.861517892214793,2.8378476722525647,0.33074278519736566,25.125,178,730,431
20261009-065112-m7-sim-sweep2,2026-10-09T06:52:10+00:00,129,local,share,0.0,1.0,0,1.0,hold,doc,2.0,0.25,S5c,1.5955053073789145,2.0248387093971965,3.74605167225252,0.36618003485789075,25.125,338,640,477
20261009-065112-m7-sim-sweep2,2026-10-09T06:52:10+00:00,129,local,share,0.0,1.0,0,1.0,hold,doc,2.0,0.5,S0,0.7560239999999965,0.928630583333323,1.5693519999999523,0.0,33.5,0,1292,268
20261009-065112-m7-sim-sweep2,2026-10-09T06:52:10+00:00,129,local,share,0.0,1.0,0,1.0,hold,doc,2.0,0.5,S1,1.314606999999981,1.6105634255922112,2.564741999999967,0.0,33.5,0,740,446
20261009-065112-m7-sim-sweep2,2026-10-09T06:52:10+00:00,129,local,share,0.0,1.0,0,1.0,hold,doc,2.0,0.5,S2b,2.3545558835523366,2.522930156043582,2.6698499999999683,0.0900690664328927,33.5,0,79,665
20261009-065112-m7-sim-sweep2,2026-10-09T06:52:10+00:00,129,local,share,0.0,1.0,0,1.0,hold,doc,2.0,0.5,S4,1.64210199999998,1.7434093635777508,2.6698499999999683,0.23140139840832674,20.0625,321,769,416
20261009-065112-m7-sim-sweep2,2026-10-09T06:52:10+00:00,129,local,share,0.0,1.0,0,1.0,hold,doc,2.0,0.5,S4+,2.377267190931292,2.687470163909367,2.6698499999999683,0.26437386596535006,16.75,268,80,663
20261009-065112-m7-sim-sweep2,2026-10-09T06:52:10+00:00,129,local,share,0.0,1.0,0,1.0,hold,doc,2.0,0.5,S4+P,2.3220313073789214,2.2988413152743354,2.6698499999999683,0.26437386596535006,16.75,268,367,565
20261009-065112-m7-sim-sweep2,2026-10-09T06:52:10+00:00,129,local,share,0.0,1.0,0,1.0,hold,doc,2.0,0.5,S4L,2.5183038073789703,2.058347389819359,2.6698499999999683,0.26437386596535006,16.75,268,552,493
20261009-065112-m7-sim-sweep2,2026-10-09T06:52:10+00:00,129,local,share,0.0,1.0,0,1.0,hold,doc,2.0,0.5,S4B,2.5183038073789703,2.662704111113341,2.6698499999999683,0.26437386596535006,16.75,268,104,654
20261009-065112-m7-sim-sweep2,2026-10-09T06:52:10+00:00,129,local,share,0.0,1.0,0,1.0,hold,doc,2.0,0.5,S5,2.377267190931292,2.522749003551919,2.6698499999999683,0.11096551810789634,16.75,44,82,660
20261009-065112-m7-sim-sweep2,2026-10-09T06:52:10+00:00,129,local,share,0.0,1.0,0,1.0,hold,doc,2.0,0.5,S5s,2.377267190931292,2.6401707124041054,2.6698499999999683,0.22075878946008842,16.75,204,80,662
20261009-065112-m7-sim-sweep2,2026-10-09T06:52:10+00:00,129,local,share,0.0,1.0,0,1.0,hold,doc,2.0,0.5,S5L,2.495592500000015,2.4751629250705727,2.6698499999999683,0.11096551810789634,16.75,44,124,645
20261009-065112-m7-sim-sweep2,2026-10-09T06:52:10+00:00,129,local,share,0.0,1.0,0,1.0,hold,doc,2.0,0.5,S5P,2.495592500000015,2.445994295558408,2.6698499999999683,0.11096551810789634,16.75,44,142,640
20261009-065112-m7-sim-sweep2,2026-10-09T06:52:10+00:00,129,local,share,0.0,1.0,0,1.0,hold,doc,2.0,0.5,S5c,2.377267190931292,2.6466654832374368,2.6698499999999683,0.22075878946008842,16.75,204,80,664
