audit_run_id,run_id,inner_run_id,ts,ts_source,exit_code,host_contention_stdout,own_gpu_foreign_process_stdout,inner_CONTAMINATED_file,model_key,csv_suffix,cmd_ctx,original_csv,repeat,tier,ctx,round,prefix_idx,ttft_ms,source_file,source_line,granularity,written_to_csv
20261010-075351-f4-rebuild,20260915-122606-m2-b-smoke,20260915-122617-m2-retrieval,2026-09-15T12:26:06+00:00,run_start,0,UNOBSERVABLE_HOST,,,b-llama8b,_smoke,16384,m2_harness_mi300x/retrieval_cost_b-llama8b_smoke.csv,1,gpu_resident,16384,cold,0,1034.88,20260915-122606-m2-b-smoke/stdout.log,5,per_request_from_stdout,True
20261010-075351-f4-rebuild,20260915-122606-m2-b-smoke,20260915-122617-m2-retrieval,2026-09-15T12:26:06+00:00,run_start,0,UNOBSERVABLE_HOST,,,b-llama8b,_smoke,16384,m2_harness_mi300x/retrieval_cost_b-llama8b_smoke.csv,1,gpu_resident,16384,warm,0,75.528,20260915-122606-m2-b-smoke/stdout.log,6,per_request_from_stdout,True
20261010-075351-f4-rebuild,20260915-122606-m2-b-smoke,20260915-122617-m2-retrieval,2026-09-15T12:26:06+00:00,run_start,0,UNOBSERVABLE_HOST,,,b-llama8b,_smoke,16384,m2_harness_mi300x/retrieval_cost_b-llama8b_smoke.csv,1,ssd,16384,cold,0,1850.501,20260915-122606-m2-b-smoke/stdout.log,8,per_request_from_stdout,True
20261010-075351-f4-rebuild,20260915-122606-m2-b-smoke,20260915-122617-m2-retrieval,2026-09-15T12:26:06+00:00,run_start,0,UNOBSERVABLE_HOST,,,b-llama8b,_smoke,16384,m2_harness_mi300x/retrieval_cost_b-llama8b_smoke.csv,1,ssd,16384,cold,1,1302.093,20260915-122606-m2-b-smoke/stdout.log,9,per_request_from_stdout,True
20261010-075351-f4-rebuild,20260915-122606-m2-b-smoke,20260915-122617-m2-retrieval,2026-09-15T12:26:06+00:00,run_start,0,UNOBSERVABLE_HOST,,,b-llama8b,_smoke,16384,m2_harness_mi300x/retrieval_cost_b-llama8b_smoke.csv,1,ssd,16384,cold,2,1305.898,20260915-122606-m2-b-smoke/stdout.log,10,per_request_from_stdout,True
20261010-075351-f4-rebuild,20260915-122606-m2-b-smoke,20260915-122617-m2-retrieval,2026-09-15T12:26:06+00:00,run_start,0,UNOBSERVABLE_HOST,,,b-llama8b,_smoke,16384,m2_harness_mi300x/retrieval_cost_b-llama8b_smoke.csv,1,ssd,16384,cold,3,1304.123,20260915-122606-m2-b-smoke/stdout.log,11,per_request_from_stdout,True
20261010-075351-f4-rebuild,20260915-122606-m2-b-smoke,20260915-122617-m2-retrieval,2026-09-15T12:26:06+00:00,run_start,0,UNOBSERVABLE_HOST,,,b-llama8b,_smoke,16384,m2_harness_mi300x/retrieval_cost_b-llama8b_smoke.csv,1,ssd,16384,warm,0,1305.746,20260915-122606-m2-b-smoke/stdout.log,12,per_request_from_stdout,True
20261010-075351-f4-rebuild,20260915-122606-m2-b-smoke,20260915-122617-m2-retrieval,2026-09-15T12:26:06+00:00,run_start,0,UNOBSERVABLE_HOST,,,b-llama8b,_smoke,16384,m2_harness_mi300x/retrieval_cost_b-llama8b_smoke.csv,1,ssd,16384,warm,1,1304.296,20260915-122606-m2-b-smoke/stdout.log,13,per_request_from_stdout,True
20261010-075351-f4-rebuild,20260915-122606-m2-b-smoke,20260915-122617-m2-retrieval,2026-09-15T12:26:06+00:00,run_start,0,UNOBSERVABLE_HOST,,,b-llama8b,_smoke,16384,m2_harness_mi300x/retrieval_cost_b-llama8b_smoke.csv,1,ssd,16384,warm,2,1299.79,20260915-122606-m2-b-smoke/stdout.log,14,per_request_from_stdout,True
20261010-075351-f4-rebuild,20260915-122606-m2-b-smoke,20260915-122617-m2-retrieval,2026-09-15T12:26:06+00:00,run_start,0,UNOBSERVABLE_HOST,,,b-llama8b,_smoke,16384,m2_harness_mi300x/retrieval_cost_b-llama8b_smoke.csv,1,ssd,16384,warm,3,1309.548,20260915-122606-m2-b-smoke/stdout.log,15,per_request_from_stdout,True
20261010-075351-f4-rebuild,20260915-123210-m2-b-smoke,20260915-123222-m2-retrieval,2026-09-15T12:32:10+00:00,run_start,0,UNOBSERVABLE_HOST,,,b-llama8b,_smoke,16384,m2_harness_mi300x/retrieval_cost_b-llama8b_smoke.csv,1,gpu_resident,16384,cold,0,915.902,20260915-123210-m2-b-smoke/stdout.log,5,per_request_from_stdout,True
20261010-075351-f4-rebuild,20260915-123210-m2-b-smoke,20260915-123222-m2-retrieval,2026-09-15T12:32:10+00:00,run_start,0,UNOBSERVABLE_HOST,,,b-llama8b,_smoke,16384,m2_harness_mi300x/retrieval_cost_b-llama8b_smoke.csv,1,gpu_resident,16384,warm,0,80.192,20260915-123210-m2-b-smoke/stdout.log,6,per_request_from_stdout,True
20261010-075351-f4-rebuild,20260915-123210-m2-b-smoke,20260915-123222-m2-retrieval,2026-09-15T12:32:10+00:00,run_start,0,UNOBSERVABLE_HOST,,,b-llama8b,_smoke,16384,m2_harness_mi300x/retrieval_cost_b-llama8b_smoke.csv,1,ssd,16384,cold,0,1396.982,20260915-123210-m2-b-smoke/stdout.log,8,per_request_from_stdout,True
20261010-075351-f4-rebuild,20260915-123210-m2-b-smoke,20260915-123222-m2-retrieval,2026-09-15T12:32:10+00:00,run_start,0,UNOBSERVABLE_HOST,,,b-llama8b,_smoke,16384,m2_harness_mi300x/retrieval_cost_b-llama8b_smoke.csv,1,ssd,16384,cold,1,1432.794,20260915-123210-m2-b-smoke/stdout.log,9,per_request_from_stdout,True
20261010-075351-f4-rebuild,20260915-123210-m2-b-smoke,20260915-123222-m2-retrieval,2026-09-15T12:32:10+00:00,run_start,0,UNOBSERVABLE_HOST,,,b-llama8b,_smoke,16384,m2_harness_mi300x/retrieval_cost_b-llama8b_smoke.csv,1,ssd,16384,cold,2,1500.443,20260915-123210-m2-b-smoke/stdout.log,10,per_request_from_stdout,True
20261010-075351-f4-rebuild,20260915-123210-m2-b-smoke,20260915-123222-m2-retrieval,2026-09-15T12:32:10+00:00,run_start,0,UNOBSERVABLE_HOST,,,b-llama8b,_smoke,16384,m2_harness_mi300x/retrieval_cost_b-llama8b_smoke.csv,1,ssd,16384,cold,3,1446.115,20260915-123210-m2-b-smoke/stdout.log,11,per_request_from_stdout,True
20261010-075351-f4-rebuild,20260915-123210-m2-b-smoke,20260915-123222-m2-retrieval,2026-09-15T12:32:10+00:00,run_start,0,UNOBSERVABLE_HOST,,,b-llama8b,_smoke,16384,m2_harness_mi300x/retrieval_cost_b-llama8b_smoke.csv,1,ssd,16384,warm,0,2104.142,20260915-123210-m2-b-smoke/stdout.log,12,per_request_from_stdout,True
20261010-075351-f4-rebuild,20260915-123210-m2-b-smoke,20260915-123222-m2-retrieval,2026-09-15T12:32:10+00:00,run_start,0,UNOBSERVABLE_HOST,,,b-llama8b,_smoke,16384,m2_harness_mi300x/retrieval_cost_b-llama8b_smoke.csv,1,ssd,16384,warm,1,1132.166,20260915-123210-m2-b-smoke/stdout.log,13,per_request_from_stdout,True
20261010-075351-f4-rebuild,20260915-123210-m2-b-smoke,20260915-123222-m2-retrieval,2026-09-15T12:32:10+00:00,run_start,0,UNOBSERVABLE_HOST,,,b-llama8b,_smoke,16384,m2_harness_mi300x/retrieval_cost_b-llama8b_smoke.csv,1,ssd,16384,warm,2,1136.613,20260915-123210-m2-b-smoke/stdout.log,14,per_request_from_stdout,True
20261010-075351-f4-rebuild,20260915-123210-m2-b-smoke,20260915-123222-m2-retrieval,2026-09-15T12:32:10+00:00,run_start,0,UNOBSERVABLE_HOST,,,b-llama8b,_smoke,16384,m2_harness_mi300x/retrieval_cost_b-llama8b_smoke.csv,1,ssd,16384,warm,3,1155.318,20260915-123210-m2-b-smoke/stdout.log,15,per_request_from_stdout,True
20261010-075351-f4-rebuild,20260915-123708-m2-b-smoke,20260915-123719-m2-retrieval,2026-09-15T12:37:08+00:00,run_start,0,UNOBSERVABLE_HOST,,,b-llama8b,_smoke,16384,m2_harness_mi300x/retrieval_cost_b-llama8b_smoke.csv,1,gpu_resident,16384,cold,0,931.567,20260915-123708-m2-b-smoke/stdout.log,5,per_request_from_stdout,True
20261010-075351-f4-rebuild,20260915-123708-m2-b-smoke,20260915-123719-m2-retrieval,2026-09-15T12:37:08+00:00,run_start,0,UNOBSERVABLE_HOST,,,b-llama8b,_smoke,16384,m2_harness_mi300x/retrieval_cost_b-llama8b_smoke.csv,1,gpu_resident,16384,warm,0,83.55,20260915-123708-m2-b-smoke/stdout.log,6,per_request_from_stdout,True
20261010-075351-f4-rebuild,20260915-123708-m2-b-smoke,20260915-123719-m2-retrieval,2026-09-15T12:37:08+00:00,run_start,0,UNOBSERVABLE_HOST,,,b-llama8b,_smoke,16384,m2_harness_mi300x/retrieval_cost_b-llama8b_smoke.csv,1,ssd,16384,cold,0,1394.75,20260915-123708-m2-b-smoke/stdout.log,8,per_request_from_stdout,True
20261010-075351-f4-rebuild,20260915-123708-m2-b-smoke,20260915-123719-m2-retrieval,2026-09-15T12:37:08+00:00,run_start,0,UNOBSERVABLE_HOST,,,b-llama8b,_smoke,16384,m2_harness_mi300x/retrieval_cost_b-llama8b_smoke.csv,1,ssd,16384,cold,1,1430.827,20260915-123708-m2-b-smoke/stdout.log,9,per_request_from_stdout,True
20261010-075351-f4-rebuild,20260915-123708-m2-b-smoke,20260915-123719-m2-retrieval,2026-09-15T12:37:08+00:00,run_start,0,UNOBSERVABLE_HOST,,,b-llama8b,_smoke,16384,m2_harness_mi300x/retrieval_cost_b-llama8b_smoke.csv,1,ssd,16384,cold,2,1516.497,20260915-123708-m2-b-smoke/stdout.log,10,per_request_from_stdout,True
20261010-075351-f4-rebuild,20260915-123708-m2-b-smoke,20260915-123719-m2-retrieval,2026-09-15T12:37:08+00:00,run_start,0,UNOBSERVABLE_HOST,,,b-llama8b,_smoke,16384,m2_harness_mi300x/retrieval_cost_b-llama8b_smoke.csv,1,ssd,16384,cold,3,1452.578,20260915-123708-m2-b-smoke/stdout.log,11,per_request_from_stdout,True
20261010-075351-f4-rebuild,20260915-123708-m2-b-smoke,20260915-123719-m2-retrieval,2026-09-15T12:37:08+00:00,run_start,0,UNOBSERVABLE_HOST,,,b-llama8b,_smoke,16384,m2_harness_mi300x/retrieval_cost_b-llama8b_smoke.csv,1,ssd,16384,warm,0,2128.927,20260915-123708-m2-b-smoke/stdout.log,12,per_request_from_stdout,True
20261010-075351-f4-rebuild,20260915-123708-m2-b-smoke,20260915-123719-m2-retrieval,2026-09-15T12:37:08+00:00,run_start,0,UNOBSERVABLE_HOST,,,b-llama8b,_smoke,16384,m2_harness_mi300x/retrieval_cost_b-llama8b_smoke.csv,1,ssd,16384,warm,1,1123.017,20260915-123708-m2-b-smoke/stdout.log,13,per_request_from_stdout,True
20261010-075351-f4-rebuild,20260915-123708-m2-b-smoke,20260915-123719-m2-retrieval,2026-09-15T12:37:08+00:00,run_start,0,UNOBSERVABLE_HOST,,,b-llama8b,_smoke,16384,m2_harness_mi300x/retrieval_cost_b-llama8b_smoke.csv,1,ssd,16384,warm,2,1133.721,20260915-123708-m2-b-smoke/stdout.log,14,per_request_from_stdout,True
20261010-075351-f4-rebuild,20260915-123708-m2-b-smoke,20260915-123719-m2-retrieval,2026-09-15T12:37:08+00:00,run_start,0,UNOBSERVABLE_HOST,,,b-llama8b,_smoke,16384,m2_harness_mi300x/retrieval_cost_b-llama8b_smoke.csv,1,ssd,16384,warm,3,1150.798,20260915-123708-m2-b-smoke/stdout.log,15,per_request_from_stdout,True
20261010-075351-f4-rebuild,20260915-124058-m2-b-llama8b-retrieval,20260915-124109-m2-retrieval,2026-09-15T12:40:58+00:00,run_start,0,UNOBSERVABLE_HOST,,,b-llama8b,,16384,m2_harness_mi300x/retrieval_cost_b-llama8b.csv,1,gpu_resident,16384,cold,0,923.566,20260915-124058-m2-b-llama8b-retrieval/stdout.log,6,per_request_from_stdout,True
20261010-075351-f4-rebuild,20260915-124058-m2-b-llama8b-retrieval,20260915-124109-m2-retrieval,2026-09-15T12:40:58+00:00,run_start,0,UNOBSERVABLE_HOST,,,b-llama8b,,16384,m2_harness_mi300x/retrieval_cost_b-llama8b.csv,1,gpu_resident,16384,warm,0,85.161,20260915-124058-m2-b-llama8b-retrieval/stdout.log,7,per_request_from_stdout,True
20261010-075351-f4-rebuild,20260915-124058-m2-b-llama8b-retrieval,20260915-124109-m2-retrieval,2026-09-15T12:40:58+00:00,run_start,0,UNOBSERVABLE_HOST,,,b-llama8b,,16384,m2_harness_mi300x/retrieval_cost_b-llama8b.csv,1,cpu,16384,cold,0,1359.841,20260915-124058-m2-b-llama8b-retrieval/stdout.log,9,per_request_from_stdout,True
20261010-075351-f4-rebuild,20260915-124058-m2-b-llama8b-retrieval,20260915-124109-m2-retrieval,2026-09-15T12:40:58+00:00,run_start,0,UNOBSERVABLE_HOST,,,b-llama8b,,16384,m2_harness_mi300x/retrieval_cost_b-llama8b.csv,1,cpu,16384,cold,1,1427.101,20260915-124058-m2-b-llama8b-retrieval/stdout.log,10,per_request_from_stdout,True
20261010-075351-f4-rebuild,20260915-124058-m2-b-llama8b-retrieval,20260915-124109-m2-retrieval,2026-09-15T12:40:58+00:00,run_start,0,UNOBSERVABLE_HOST,,,b-llama8b,,16384,m2_harness_mi300x/retrieval_cost_b-llama8b.csv,1,cpu,16384,cold,2,1429.324,20260915-124058-m2-b-llama8b-retrieval/stdout.log,11,per_request_from_stdout,True
20261010-075351-f4-rebuild,20260915-124058-m2-b-llama8b-retrieval,20260915-124109-m2-retrieval,2026-09-15T12:40:58+00:00,run_start,0,UNOBSERVABLE_HOST,,,b-llama8b,,16384,m2_harness_mi300x/retrieval_cost_b-llama8b.csv,1,cpu,16384,cold,3,1428.885,20260915-124058-m2-b-llama8b-retrieval/stdout.log,12,per_request_from_stdout,True
20261010-075351-f4-rebuild,20260915-124058-m2-b-llama8b-retrieval,20260915-124109-m2-retrieval,2026-09-15T12:40:58+00:00,run_start,0,UNOBSERVABLE_HOST,,,b-llama8b,,16384,m2_harness_mi300x/retrieval_cost_b-llama8b.csv,1,cpu,16384,warm,0,714.402,20260915-124058-m2-b-llama8b-retrieval/stdout.log,13,per_request_from_stdout,True
20261010-075351-f4-rebuild,20260915-124058-m2-b-llama8b-retrieval,20260915-124109-m2-retrieval,2026-09-15T12:40:58+00:00,run_start,0,UNOBSERVABLE_HOST,,,b-llama8b,,16384,m2_harness_mi300x/retrieval_cost_b-llama8b.csv,1,cpu,16384,warm,1,579.73,20260915-124058-m2-b-llama8b-retrieval/stdout.log,14,per_request_from_stdout,True
20261010-075351-f4-rebuild,20260915-124058-m2-b-llama8b-retrieval,20260915-124109-m2-retrieval,2026-09-15T12:40:58+00:00,run_start,0,UNOBSERVABLE_HOST,,,b-llama8b,,16384,m2_harness_mi300x/retrieval_cost_b-llama8b.csv,1,cpu,16384,warm,2,583.133,20260915-124058-m2-b-llama8b-retrieval/stdout.log,15,per_request_from_stdout,True
20261010-075351-f4-rebuild,20260915-124058-m2-b-llama8b-retrieval,20260915-124109-m2-retrieval,2026-09-15T12:40:58+00:00,run_start,0,UNOBSERVABLE_HOST,,,b-llama8b,,16384,m2_harness_mi300x/retrieval_cost_b-llama8b.csv,1,cpu,16384,warm,3,588.084,20260915-124058-m2-b-llama8b-retrieval/stdout.log,16,per_request_from_stdout,True
20261010-075351-f4-rebuild,20260915-124058-m2-b-llama8b-retrieval,20260915-124109-m2-retrieval,2026-09-15T12:40:58+00:00,run_start,0,UNOBSERVABLE_HOST,,,b-llama8b,,16384,m2_harness_mi300x/retrieval_cost_b-llama8b.csv,1,ssd,16384,cold,0,1384.316,20260915-124058-m2-b-llama8b-retrieval/stdout.log,18,per_request_from_stdout,True
20261010-075351-f4-rebuild,20260915-124058-m2-b-llama8b-retrieval,20260915-124109-m2-retrieval,2026-09-15T12:40:58+00:00,run_start,0,UNOBSERVABLE_HOST,,,b-llama8b,,16384,m2_harness_mi300x/retrieval_cost_b-llama8b.csv,1,ssd,16384,cold,1,1395.657,20260915-124058-m2-b-llama8b-retrieval/stdout.log,19,per_request_from_stdout,True
20261010-075351-f4-rebuild,20260915-124058-m2-b-llama8b-retrieval,20260915-124109-m2-retrieval,2026-09-15T12:40:58+00:00,run_start,0,UNOBSERVABLE_HOST,,,b-llama8b,,16384,m2_harness_mi300x/retrieval_cost_b-llama8b.csv,1,ssd,16384,cold,2,1568.739,20260915-124058-m2-b-llama8b-retrieval/stdout.log,20,per_request_from_stdout,True
20261010-075351-f4-rebuild,20260915-124058-m2-b-llama8b-retrieval,20260915-124109-m2-retrieval,2026-09-15T12:40:58+00:00,run_start,0,UNOBSERVABLE_HOST,,,b-llama8b,,16384,m2_harness_mi300x/retrieval_cost_b-llama8b.csv,1,ssd,16384,cold,3,1495.868,20260915-124058-m2-b-llama8b-retrieval/stdout.log,21,per_request_from_stdout,True
20261010-075351-f4-rebuild,20260915-124058-m2-b-llama8b-retrieval,20260915-124109-m2-retrieval,2026-09-15T12:40:58+00:00,run_start,0,UNOBSERVABLE_HOST,,,b-llama8b,,16384,m2_harness_mi300x/retrieval_cost_b-llama8b.csv,1,ssd,16384,warm,0,2099.63,20260915-124058-m2-b-llama8b-retrieval/stdout.log,22,per_request_from_stdout,True
20261010-075351-f4-rebuild,20260915-124058-m2-b-llama8b-retrieval,20260915-124109-m2-retrieval,2026-09-15T12:40:58+00:00,run_start,0,UNOBSERVABLE_HOST,,,b-llama8b,,16384,m2_harness_mi300x/retrieval_cost_b-llama8b.csv,1,ssd,16384,warm,1,1116.436,20260915-124058-m2-b-llama8b-retrieval/stdout.log,23,per_request_from_stdout,True
20261010-075351-f4-rebuild,20260915-124058-m2-b-llama8b-retrieval,20260915-124109-m2-retrieval,2026-09-15T12:40:58+00:00,run_start,0,UNOBSERVABLE_HOST,,,b-llama8b,,16384,m2_harness_mi300x/retrieval_cost_b-llama8b.csv,1,ssd,16384,warm,2,1135.097,20260915-124058-m2-b-llama8b-retrieval/stdout.log,24,per_request_from_stdout,True
20261010-075351-f4-rebuild,20260915-124058-m2-b-llama8b-retrieval,20260915-124109-m2-retrieval,2026-09-15T12:40:58+00:00,run_start,0,UNOBSERVABLE_HOST,,,b-llama8b,,16384,m2_harness_mi300x/retrieval_cost_b-llama8b.csv,1,ssd,16384,warm,3,1132.031,20260915-124058-m2-b-llama8b-retrieval/stdout.log,25,per_request_from_stdout,True
20261010-075351-f4-rebuild,20260915-124058-m2-b-llama8b-retrieval,20260915-124109-m2-retrieval,2026-09-15T12:40:58+00:00,run_start,0,UNOBSERVABLE_HOST,,,b-llama8b,,16384,m2_harness_mi300x/retrieval_cost_b-llama8b.csv,1,drop,16384,cold,0,916.788,20260915-124058-m2-b-llama8b-retrieval/stdout.log,27,per_request_from_stdout,True
20261010-075351-f4-rebuild,20260915-124058-m2-b-llama8b-retrieval,20260915-124109-m2-retrieval,2026-09-15T12:40:58+00:00,run_start,0,UNOBSERVABLE_HOST,,,b-llama8b,,16384,m2_harness_mi300x/retrieval_cost_b-llama8b.csv,1,drop,16384,cold,1,857.236,20260915-124058-m2-b-llama8b-retrieval/stdout.log,28,per_request_from_stdout,True
20261010-075351-f4-rebuild,20260915-124058-m2-b-llama8b-retrieval,20260915-124109-m2-retrieval,2026-09-15T12:40:58+00:00,run_start,0,UNOBSERVABLE_HOST,,,b-llama8b,,16384,m2_harness_mi300x/retrieval_cost_b-llama8b.csv,1,drop,16384,cold,2,855.621,20260915-124058-m2-b-llama8b-retrieval/stdout.log,29,per_request_from_stdout,True
20261010-075351-f4-rebuild,20260915-124058-m2-b-llama8b-retrieval,20260915-124109-m2-retrieval,2026-09-15T12:40:58+00:00,run_start,0,UNOBSERVABLE_HOST,,,b-llama8b,,16384,m2_harness_mi300x/retrieval_cost_b-llama8b.csv,1,drop,16384,cold,3,855.896,20260915-124058-m2-b-llama8b-retrieval/stdout.log,30,per_request_from_stdout,True
20261010-075351-f4-rebuild,20260915-124058-m2-b-llama8b-retrieval,20260915-124109-m2-retrieval,2026-09-15T12:40:58+00:00,run_start,0,UNOBSERVABLE_HOST,,,b-llama8b,,16384,m2_harness_mi300x/retrieval_cost_b-llama8b.csv,1,drop,16384,warm,0,845.171,20260915-124058-m2-b-llama8b-retrieval/stdout.log,31,per_request_from_stdout,True
20261010-075351-f4-rebuild,20260915-124058-m2-b-llama8b-retrieval,20260915-124109-m2-retrieval,2026-09-15T12:40:58+00:00,run_start,0,UNOBSERVABLE_HOST,,,b-llama8b,,16384,m2_harness_mi300x/retrieval_cost_b-llama8b.csv,1,drop,16384,warm,1,845.315,20260915-124058-m2-b-llama8b-retrieval/stdout.log,32,per_request_from_stdout,True
20261010-075351-f4-rebuild,20260915-124058-m2-b-llama8b-retrieval,20260915-124109-m2-retrieval,2026-09-15T12:40:58+00:00,run_start,0,UNOBSERVABLE_HOST,,,b-llama8b,,16384,m2_harness_mi300x/retrieval_cost_b-llama8b.csv,1,drop,16384,warm,2,850.295,20260915-124058-m2-b-llama8b-retrieval/stdout.log,33,per_request_from_stdout,True
20261010-075351-f4-rebuild,20260915-124058-m2-b-llama8b-retrieval,20260915-124109-m2-retrieval,2026-09-15T12:40:58+00:00,run_start,0,UNOBSERVABLE_HOST,,,b-llama8b,,16384,m2_harness_mi300x/retrieval_cost_b-llama8b.csv,1,drop,16384,warm,3,857.229,20260915-124058-m2-b-llama8b-retrieval/stdout.log,34,per_request_from_stdout,True
20261010-075351-f4-rebuild,20260915-124058-m2-b-llama8b-retrieval,20260915-124109-m2-retrieval,2026-09-15T12:40:58+00:00,run_start,0,UNOBSERVABLE_HOST,,,b-llama8b,,16384,m2_harness_mi300x/retrieval_cost_b-llama8b.csv,1,gpu_fp8,16384,cold,0,906.972,20260915-124058-m2-b-llama8b-retrieval/stdout.log,36,per_request_from_stdout,True
20261010-075351-f4-rebuild,20260915-124058-m2-b-llama8b-retrieval,20260915-124109-m2-retrieval,2026-09-15T12:40:58+00:00,run_start,0,UNOBSERVABLE_HOST,,,b-llama8b,,16384,m2_harness_mi300x/retrieval_cost_b-llama8b.csv,1,gpu_fp8,16384,warm,0,74.642,20260915-124058-m2-b-llama8b-retrieval/stdout.log,37,per_request_from_stdout,True
20261010-075351-f4-rebuild,20260915-124058-m2-b-llama8b-retrieval,20260915-124109-m2-retrieval,2026-09-15T12:40:58+00:00,run_start,0,UNOBSERVABLE_HOST,,,b-llama8b,,16384,m2_harness_mi300x/retrieval_cost_b-llama8b.csv,1,gpu_int4,16384,cold,0,3161.819,20260915-124058-m2-b-llama8b-retrieval/stdout.log,39,per_request_from_stdout,True
20261010-075351-f4-rebuild,20260915-124058-m2-b-llama8b-retrieval,20260915-124109-m2-retrieval,2026-09-15T12:40:58+00:00,run_start,0,UNOBSERVABLE_HOST,,,b-llama8b,,16384,m2_harness_mi300x/retrieval_cost_b-llama8b.csv,1,gpu_int4,16384,warm,0,107.837,20260915-124058-m2-b-llama8b-retrieval/stdout.log,40,per_request_from_stdout,True
20261010-075351-f4-rebuild,20260915-124058-m2-b-llama8b-retrieval,20260915-124109-m2-retrieval,2026-09-15T12:40:58+00:00,run_start,0,UNOBSERVABLE_HOST,,,b-llama8b,,16384,m2_harness_mi300x/retrieval_cost_b-llama8b.csv,2,cpu,16384,cold,0,1363.291,20260915-124058-m2-b-llama8b-retrieval/stdout.log,43,per_request_from_stdout,True
20261010-075351-f4-rebuild,20260915-124058-m2-b-llama8b-retrieval,20260915-124109-m2-retrieval,2026-09-15T12:40:58+00:00,run_start,0,UNOBSERVABLE_HOST,,,b-llama8b,,16384,m2_harness_mi300x/retrieval_cost_b-llama8b.csv,2,cpu,16384,cold,1,1425.276,20260915-124058-m2-b-llama8b-retrieval/stdout.log,44,per_request_from_stdout,True
20261010-075351-f4-rebuild,20260915-124058-m2-b-llama8b-retrieval,20260915-124109-m2-retrieval,2026-09-15T12:40:58+00:00,run_start,0,UNOBSERVABLE_HOST,,,b-llama8b,,16384,m2_harness_mi300x/retrieval_cost_b-llama8b.csv,2,cpu,16384,cold,2,1404.845,20260915-124058-m2-b-llama8b-retrieval/stdout.log,45,per_request_from_stdout,True
20261010-075351-f4-rebuild,20260915-124058-m2-b-llama8b-retrieval,20260915-124109-m2-retrieval,2026-09-15T12:40:58+00:00,run_start,0,UNOBSERVABLE_HOST,,,b-llama8b,,16384,m2_harness_mi300x/retrieval_cost_b-llama8b.csv,2,cpu,16384,cold,3,1426.863,20260915-124058-m2-b-llama8b-retrieval/stdout.log,46,per_request_from_stdout,True
20261010-075351-f4-rebuild,20260915-124058-m2-b-llama8b-retrieval,20260915-124109-m2-retrieval,2026-09-15T12:40:58+00:00,run_start,0,UNOBSERVABLE_HOST,,,b-llama8b,,16384,m2_harness_mi300x/retrieval_cost_b-llama8b.csv,2,cpu,16384,warm,0,701.238,20260915-124058-m2-b-llama8b-retrieval/stdout.log,47,per_request_from_stdout,True
20261010-075351-f4-rebuild,20260915-124058-m2-b-llama8b-retrieval,20260915-124109-m2-retrieval,2026-09-15T12:40:58+00:00,run_start,0,UNOBSERVABLE_HOST,,,b-llama8b,,16384,m2_harness_mi300x/retrieval_cost_b-llama8b.csv,2,cpu,16384,warm,1,573.204,20260915-124058-m2-b-llama8b-retrieval/stdout.log,48,per_request_from_stdout,True
20261010-075351-f4-rebuild,20260915-124058-m2-b-llama8b-retrieval,20260915-124109-m2-retrieval,2026-09-15T12:40:58+00:00,run_start,0,UNOBSERVABLE_HOST,,,b-llama8b,,16384,m2_harness_mi300x/retrieval_cost_b-llama8b.csv,2,cpu,16384,warm,2,581.704,20260915-124058-m2-b-llama8b-retrieval/stdout.log,49,per_request_from_stdout,True
20261010-075351-f4-rebuild,20260915-124058-m2-b-llama8b-retrieval,20260915-124109-m2-retrieval,2026-09-15T12:40:58+00:00,run_start,0,UNOBSERVABLE_HOST,,,b-llama8b,,16384,m2_harness_mi300x/retrieval_cost_b-llama8b.csv,2,cpu,16384,warm,3,574.209,20260915-124058-m2-b-llama8b-retrieval/stdout.log,50,per_request_from_stdout,True
20261010-075351-f4-rebuild,20260915-124058-m2-b-llama8b-retrieval,20260915-124109-m2-retrieval,2026-09-15T12:40:58+00:00,run_start,0,UNOBSERVABLE_HOST,,,b-llama8b,,16384,m2_harness_mi300x/retrieval_cost_b-llama8b.csv,2,ssd,16384,cold,0,1371.632,20260915-124058-m2-b-llama8b-retrieval/stdout.log,52,per_request_from_stdout,True
20261010-075351-f4-rebuild,20260915-124058-m2-b-llama8b-retrieval,20260915-124109-m2-retrieval,2026-09-15T12:40:58+00:00,run_start,0,UNOBSERVABLE_HOST,,,b-llama8b,,16384,m2_harness_mi300x/retrieval_cost_b-llama8b.csv,2,ssd,16384,cold,1,1423.444,20260915-124058-m2-b-llama8b-retrieval/stdout.log,53,per_request_from_stdout,True
20261010-075351-f4-rebuild,20260915-124058-m2-b-llama8b-retrieval,20260915-124109-m2-retrieval,2026-09-15T12:40:58+00:00,run_start,0,UNOBSERVABLE_HOST,,,b-llama8b,,16384,m2_harness_mi300x/retrieval_cost_b-llama8b.csv,2,ssd,16384,cold,2,1542.352,20260915-124058-m2-b-llama8b-retrieval/stdout.log,54,per_request_from_stdout,True
20261010-075351-f4-rebuild,20260915-124058-m2-b-llama8b-retrieval,20260915-124109-m2-retrieval,2026-09-15T12:40:58+00:00,run_start,0,UNOBSERVABLE_HOST,,,b-llama8b,,16384,m2_harness_mi300x/retrieval_cost_b-llama8b.csv,2,ssd,16384,cold,3,1485.544,20260915-124058-m2-b-llama8b-retrieval/stdout.log,55,per_request_from_stdout,True
20261010-075351-f4-rebuild,20260915-124058-m2-b-llama8b-retrieval,20260915-124109-m2-retrieval,2026-09-15T12:40:58+00:00,run_start,0,UNOBSERVABLE_HOST,,,b-llama8b,,16384,m2_harness_mi300x/retrieval_cost_b-llama8b.csv,2,ssd,16384,warm,0,2087.864,20260915-124058-m2-b-llama8b-retrieval/stdout.log,56,per_request_from_stdout,True
20261010-075351-f4-rebuild,20260915-124058-m2-b-llama8b-retrieval,20260915-124109-m2-retrieval,2026-09-15T12:40:58+00:00,run_start,0,UNOBSERVABLE_HOST,,,b-llama8b,,16384,m2_harness_mi300x/retrieval_cost_b-llama8b.csv,2,ssd,16384,warm,1,1149.341,20260915-124058-m2-b-llama8b-retrieval/stdout.log,57,per_request_from_stdout,True
20261010-075351-f4-rebuild,20260915-124058-m2-b-llama8b-retrieval,20260915-124109-m2-retrieval,2026-09-15T12:40:58+00:00,run_start,0,UNOBSERVABLE_HOST,,,b-llama8b,,16384,m2_harness_mi300x/retrieval_cost_b-llama8b.csv,2,ssd,16384,warm,2,1145.655,20260915-124058-m2-b-llama8b-retrieval/stdout.log,58,per_request_from_stdout,True
20261010-075351-f4-rebuild,20260915-124058-m2-b-llama8b-retrieval,20260915-124109-m2-retrieval,2026-09-15T12:40:58+00:00,run_start,0,UNOBSERVABLE_HOST,,,b-llama8b,,16384,m2_harness_mi300x/retrieval_cost_b-llama8b.csv,2,ssd,16384,warm,3,1145.023,20260915-124058-m2-b-llama8b-retrieval/stdout.log,59,per_request_from_stdout,True
20261010-075351-f4-rebuild,20260915-124058-m2-b-llama8b-retrieval,20260915-124109-m2-retrieval,2026-09-15T12:40:58+00:00,run_start,0,UNOBSERVABLE_HOST,,,b-llama8b,,16384,m2_harness_mi300x/retrieval_cost_b-llama8b.csv,2,drop,16384,cold,0,914.83,20260915-124058-m2-b-llama8b-retrieval/stdout.log,61,per_request_from_stdout,True
20261010-075351-f4-rebuild,20260915-124058-m2-b-llama8b-retrieval,20260915-124109-m2-retrieval,2026-09-15T12:40:58+00:00,run_start,0,UNOBSERVABLE_HOST,,,b-llama8b,,16384,m2_harness_mi300x/retrieval_cost_b-llama8b.csv,2,drop,16384,cold,1,847.289,20260915-124058-m2-b-llama8b-retrieval/stdout.log,62,per_request_from_stdout,True
20261010-075351-f4-rebuild,20260915-124058-m2-b-llama8b-retrieval,20260915-124109-m2-retrieval,2026-09-15T12:40:58+00:00,run_start,0,UNOBSERVABLE_HOST,,,b-llama8b,,16384,m2_harness_mi300x/retrieval_cost_b-llama8b.csv,2,drop,16384,cold,2,851.043,20260915-124058-m2-b-llama8b-retrieval/stdout.log,63,per_request_from_stdout,True
20261010-075351-f4-rebuild,20260915-124058-m2-b-llama8b-retrieval,20260915-124109-m2-retrieval,2026-09-15T12:40:58+00:00,run_start,0,UNOBSERVABLE_HOST,,,b-llama8b,,16384,m2_harness_mi300x/retrieval_cost_b-llama8b.csv,2,drop,16384,cold,3,849.306,20260915-124058-m2-b-llama8b-retrieval/stdout.log,64,per_request_from_stdout,True
20261010-075351-f4-rebuild,20260915-124058-m2-b-llama8b-retrieval,20260915-124109-m2-retrieval,2026-09-15T12:40:58+00:00,run_start,0,UNOBSERVABLE_HOST,,,b-llama8b,,16384,m2_harness_mi300x/retrieval_cost_b-llama8b.csv,2,drop,16384,warm,0,841.398,20260915-124058-m2-b-llama8b-retrieval/stdout.log,65,per_request_from_stdout,True
20261010-075351-f4-rebuild,20260915-124058-m2-b-llama8b-retrieval,20260915-124109-m2-retrieval,2026-09-15T12:40:58+00:00,run_start,0,UNOBSERVABLE_HOST,,,b-llama8b,,16384,m2_harness_mi300x/retrieval_cost_b-llama8b.csv,2,drop,16384,warm,1,841.451,20260915-124058-m2-b-llama8b-retrieval/stdout.log,66,per_request_from_stdout,True
20261010-075351-f4-rebuild,20260915-124058-m2-b-llama8b-retrieval,20260915-124109-m2-retrieval,2026-09-15T12:40:58+00:00,run_start,0,UNOBSERVABLE_HOST,,,b-llama8b,,16384,m2_harness_mi300x/retrieval_cost_b-llama8b.csv,2,drop,16384,warm,2,845.708,20260915-124058-m2-b-llama8b-retrieval/stdout.log,67,per_request_from_stdout,True
20261010-075351-f4-rebuild,20260915-124058-m2-b-llama8b-retrieval,20260915-124109-m2-retrieval,2026-09-15T12:40:58+00:00,run_start,0,UNOBSERVABLE_HOST,,,b-llama8b,,16384,m2_harness_mi300x/retrieval_cost_b-llama8b.csv,2,drop,16384,warm,3,848.195,20260915-124058-m2-b-llama8b-retrieval/stdout.log,68,per_request_from_stdout,True
20261010-075351-f4-rebuild,20260915-124058-m2-b-llama8b-retrieval,20260915-124109-m2-retrieval,2026-09-15T12:40:58+00:00,run_start,0,UNOBSERVABLE_HOST,,,b-llama8b,,16384,m2_harness_mi300x/retrieval_cost_b-llama8b.csv,2,gpu_fp8,16384,cold,0,915.918,20260915-124058-m2-b-llama8b-retrieval/stdout.log,70,per_request_from_stdout,True
20261010-075351-f4-rebuild,20260915-124058-m2-b-llama8b-retrieval,20260915-124109-m2-retrieval,2026-09-15T12:40:58+00:00,run_start,0,UNOBSERVABLE_HOST,,,b-llama8b,,16384,m2_harness_mi300x/retrieval_cost_b-llama8b.csv,2,gpu_fp8,16384,warm,0,84.458,20260915-124058-m2-b-llama8b-retrieval/stdout.log,71,per_request_from_stdout,True
20261010-075351-f4-rebuild,20260915-124058-m2-b-llama8b-retrieval,20260915-124109-m2-retrieval,2026-09-15T12:40:58+00:00,run_start,0,UNOBSERVABLE_HOST,,,b-llama8b,,16384,m2_harness_mi300x/retrieval_cost_b-llama8b.csv,2,gpu_int4,16384,cold,0,2424.881,20260915-124058-m2-b-llama8b-retrieval/stdout.log,73,per_request_from_stdout,True
20261010-075351-f4-rebuild,20260915-124058-m2-b-llama8b-retrieval,20260915-124109-m2-retrieval,2026-09-15T12:40:58+00:00,run_start,0,UNOBSERVABLE_HOST,,,b-llama8b,,16384,m2_harness_mi300x/retrieval_cost_b-llama8b.csv,2,gpu_int4,16384,warm,0,103.348,20260915-124058-m2-b-llama8b-retrieval/stdout.log,74,per_request_from_stdout,True
20261010-075351-f4-rebuild,20260915-124058-m2-b-llama8b-retrieval,20260915-124109-m2-retrieval,2026-09-15T12:40:58+00:00,run_start,0,UNOBSERVABLE_HOST,,,b-llama8b,,16384,m2_harness_mi300x/retrieval_cost_b-llama8b.csv,2,gpu_resident,16384,cold,0,915.484,20260915-124058-m2-b-llama8b-retrieval/stdout.log,76,per_request_from_stdout,True
20261010-075351-f4-rebuild,20260915-124058-m2-b-llama8b-retrieval,20260915-124109-m2-retrieval,2026-09-15T12:40:58+00:00,run_start,0,UNOBSERVABLE_HOST,,,b-llama8b,,16384,m2_harness_mi300x/retrieval_cost_b-llama8b.csv,2,gpu_resident,16384,warm,0,81.747,20260915-124058-m2-b-llama8b-retrieval/stdout.log,77,per_request_from_stdout,True
20261010-075351-f4-rebuild,20260915-124058-m2-b-llama8b-retrieval,20260915-124109-m2-retrieval,2026-09-15T12:40:58+00:00,run_start,0,UNOBSERVABLE_HOST,,,b-llama8b,,16384,m2_harness_mi300x/retrieval_cost_b-llama8b.csv,3,ssd,16384,cold,0,1373.127,20260915-124058-m2-b-llama8b-retrieval/stdout.log,80,per_request_from_stdout,True
20261010-075351-f4-rebuild,20260915-124058-m2-b-llama8b-retrieval,20260915-124109-m2-retrieval,2026-09-15T12:40:58+00:00,run_start,0,UNOBSERVABLE_HOST,,,b-llama8b,,16384,m2_harness_mi300x/retrieval_cost_b-llama8b.csv,3,ssd,16384,cold,1,1420.844,20260915-124058-m2-b-llama8b-retrieval/stdout.log,81,per_request_from_stdout,True
20261010-075351-f4-rebuild,20260915-124058-m2-b-llama8b-retrieval,20260915-124109-m2-retrieval,2026-09-15T12:40:58+00:00,run_start,0,UNOBSERVABLE_HOST,,,b-llama8b,,16384,m2_harness_mi300x/retrieval_cost_b-llama8b.csv,3,ssd,16384,cold,2,1433.527,20260915-124058-m2-b-llama8b-retrieval/stdout.log,82,per_request_from_stdout,True
20261010-075351-f4-rebuild,20260915-124058-m2-b-llama8b-retrieval,20260915-124109-m2-retrieval,2026-09-15T12:40:58+00:00,run_start,0,UNOBSERVABLE_HOST,,,b-llama8b,,16384,m2_harness_mi300x/retrieval_cost_b-llama8b.csv,3,ssd,16384,cold,3,1341.872,20260915-124058-m2-b-llama8b-retrieval/stdout.log,83,per_request_from_stdout,True
20261010-075351-f4-rebuild,20260915-124058-m2-b-llama8b-retrieval,20260915-124109-m2-retrieval,2026-09-15T12:40:58+00:00,run_start,0,UNOBSERVABLE_HOST,,,b-llama8b,,16384,m2_harness_mi300x/retrieval_cost_b-llama8b.csv,3,ssd,16384,warm,0,2148.056,20260915-124058-m2-b-llama8b-retrieval/stdout.log,84,per_request_from_stdout,True
20261010-075351-f4-rebuild,20260915-124058-m2-b-llama8b-retrieval,20260915-124109-m2-retrieval,2026-09-15T12:40:58+00:00,run_start,0,UNOBSERVABLE_HOST,,,b-llama8b,,16384,m2_harness_mi300x/retrieval_cost_b-llama8b.csv,3,ssd,16384,warm,1,1147.615,20260915-124058-m2-b-llama8b-retrieval/stdout.log,85,per_request_from_stdout,True
20261010-075351-f4-rebuild,20260915-124058-m2-b-llama8b-retrieval,20260915-124109-m2-retrieval,2026-09-15T12:40:58+00:00,run_start,0,UNOBSERVABLE_HOST,,,b-llama8b,,16384,m2_harness_mi300x/retrieval_cost_b-llama8b.csv,3,ssd,16384,warm,2,1135.466,20260915-124058-m2-b-llama8b-retrieval/stdout.log,86,per_request_from_stdout,True
20261010-075351-f4-rebuild,20260915-124058-m2-b-llama8b-retrieval,20260915-124109-m2-retrieval,2026-09-15T12:40:58+00:00,run_start,0,UNOBSERVABLE_HOST,,,b-llama8b,,16384,m2_harness_mi300x/retrieval_cost_b-llama8b.csv,3,ssd,16384,warm,3,1127.949,20260915-124058-m2-b-llama8b-retrieval/stdout.log,87,per_request_from_stdout,True
20261010-075351-f4-rebuild,20260915-124058-m2-b-llama8b-retrieval,20260915-124109-m2-retrieval,2026-09-15T12:40:58+00:00,run_start,0,UNOBSERVABLE_HOST,,,b-llama8b,,16384,m2_harness_mi300x/retrieval_cost_b-llama8b.csv,3,drop,16384,cold,0,928.373,20260915-124058-m2-b-llama8b-retrieval/stdout.log,89,per_request_from_stdout,True
20261010-075351-f4-rebuild,20260915-124058-m2-b-llama8b-retrieval,20260915-124109-m2-retrieval,2026-09-15T12:40:58+00:00,run_start,0,UNOBSERVABLE_HOST,,,b-llama8b,,16384,m2_harness_mi300x/retrieval_cost_b-llama8b.csv,3,drop,16384,cold,1,855.535,20260915-124058-m2-b-llama8b-retrieval/stdout.log,90,per_request_from_stdout,True
20261010-075351-f4-rebuild,20260915-124058-m2-b-llama8b-retrieval,20260915-124109-m2-retrieval,2026-09-15T12:40:58+00:00,run_start,0,UNOBSERVABLE_HOST,,,b-llama8b,,16384,m2_harness_mi300x/retrieval_cost_b-llama8b.csv,3,drop,16384,cold,2,856.95,20260915-124058-m2-b-llama8b-retrieval/stdout.log,91,per_request_from_stdout,True
20261010-075351-f4-rebuild,20260915-124058-m2-b-llama8b-retrieval,20260915-124109-m2-retrieval,2026-09-15T12:40:58+00:00,run_start,0,UNOBSERVABLE_HOST,,,b-llama8b,,16384,m2_harness_mi300x/retrieval_cost_b-llama8b.csv,3,drop,16384,cold,3,861.522,20260915-124058-m2-b-llama8b-retrieval/stdout.log,92,per_request_from_stdout,True
20261010-075351-f4-rebuild,20260915-124058-m2-b-llama8b-retrieval,20260915-124109-m2-retrieval,2026-09-15T12:40:58+00:00,run_start,0,UNOBSERVABLE_HOST,,,b-llama8b,,16384,m2_harness_mi300x/retrieval_cost_b-llama8b.csv,3,drop,16384,warm,0,846.946,20260915-124058-m2-b-llama8b-retrieval/stdout.log,93,per_request_from_stdout,True
20261010-075351-f4-rebuild,20260915-124058-m2-b-llama8b-retrieval,20260915-124109-m2-retrieval,2026-09-15T12:40:58+00:00,run_start,0,UNOBSERVABLE_HOST,,,b-llama8b,,16384,m2_harness_mi300x/retrieval_cost_b-llama8b.csv,3,drop,16384,warm,1,851.571,20260915-124058-m2-b-llama8b-retrieval/stdout.log,94,per_request_from_stdout,True
20261010-075351-f4-rebuild,20260915-124058-m2-b-llama8b-retrieval,20260915-124109-m2-retrieval,2026-09-15T12:40:58+00:00,run_start,0,UNOBSERVABLE_HOST,,,b-llama8b,,16384,m2_harness_mi300x/retrieval_cost_b-llama8b.csv,3,drop,16384,warm,2,849.876,20260915-124058-m2-b-llama8b-retrieval/stdout.log,95,per_request_from_stdout,True
20261010-075351-f4-rebuild,20260915-124058-m2-b-llama8b-retrieval,20260915-124109-m2-retrieval,2026-09-15T12:40:58+00:00,run_start,0,UNOBSERVABLE_HOST,,,b-llama8b,,16384,m2_harness_mi300x/retrieval_cost_b-llama8b.csv,3,drop,16384,warm,3,858.703,20260915-124058-m2-b-llama8b-retrieval/stdout.log,96,per_request_from_stdout,True
20261010-075351-f4-rebuild,20260915-124058-m2-b-llama8b-retrieval,20260915-124109-m2-retrieval,2026-09-15T12:40:58+00:00,run_start,0,UNOBSERVABLE_HOST,,,b-llama8b,,16384,m2_harness_mi300x/retrieval_cost_b-llama8b.csv,3,gpu_fp8,16384,cold,0,910.177,20260915-124058-m2-b-llama8b-retrieval/stdout.log,98,per_request_from_stdout,True
20261010-075351-f4-rebuild,20260915-124058-m2-b-llama8b-retrieval,20260915-124109-m2-retrieval,2026-09-15T12:40:58+00:00,run_start,0,UNOBSERVABLE_HOST,,,b-llama8b,,16384,m2_harness_mi300x/retrieval_cost_b-llama8b.csv,3,gpu_fp8,16384,warm,0,88.785,20260915-124058-m2-b-llama8b-retrieval/stdout.log,99,per_request_from_stdout,True
20261010-075351-f4-rebuild,20260915-124058-m2-b-llama8b-retrieval,20260915-124109-m2-retrieval,2026-09-15T12:40:58+00:00,run_start,0,UNOBSERVABLE_HOST,,,b-llama8b,,16384,m2_harness_mi300x/retrieval_cost_b-llama8b.csv,3,gpu_int4,16384,cold,0,2429.799,20260915-124058-m2-b-llama8b-retrieval/stdout.log,101,per_request_from_stdout,True
20261010-075351-f4-rebuild,20260915-124058-m2-b-llama8b-retrieval,20260915-124109-m2-retrieval,2026-09-15T12:40:58+00:00,run_start,0,UNOBSERVABLE_HOST,,,b-llama8b,,16384,m2_harness_mi300x/retrieval_cost_b-llama8b.csv,3,gpu_int4,16384,warm,0,110.27,20260915-124058-m2-b-llama8b-retrieval/stdout.log,102,per_request_from_stdout,True
20261010-075351-f4-rebuild,20260915-124058-m2-b-llama8b-retrieval,20260915-124109-m2-retrieval,2026-09-15T12:40:58+00:00,run_start,0,UNOBSERVABLE_HOST,,,b-llama8b,,16384,m2_harness_mi300x/retrieval_cost_b-llama8b.csv,3,gpu_resident,16384,cold,0,909.3,20260915-124058-m2-b-llama8b-retrieval/stdout.log,104,per_request_from_stdout,True
20261010-075351-f4-rebuild,20260915-124058-m2-b-llama8b-retrieval,20260915-124109-m2-retrieval,2026-09-15T12:40:58+00:00,run_start,0,UNOBSERVABLE_HOST,,,b-llama8b,,16384,m2_harness_mi300x/retrieval_cost_b-llama8b.csv,3,gpu_resident,16384,warm,0,78.231,20260915-124058-m2-b-llama8b-retrieval/stdout.log,105,per_request_from_stdout,True
20261010-075351-f4-rebuild,20260915-124058-m2-b-llama8b-retrieval,20260915-124109-m2-retrieval,2026-09-15T12:40:58+00:00,run_start,0,UNOBSERVABLE_HOST,,,b-llama8b,,16384,m2_harness_mi300x/retrieval_cost_b-llama8b.csv,3,cpu,16384,cold,0,1371.016,20260915-124058-m2-b-llama8b-retrieval/stdout.log,107,per_request_from_stdout,True
20261010-075351-f4-rebuild,20260915-124058-m2-b-llama8b-retrieval,20260915-124109-m2-retrieval,2026-09-15T12:40:58+00:00,run_start,0,UNOBSERVABLE_HOST,,,b-llama8b,,16384,m2_harness_mi300x/retrieval_cost_b-llama8b.csv,3,cpu,16384,cold,1,1422.957,20260915-124058-m2-b-llama8b-retrieval/stdout.log,108,per_request_from_stdout,True
20261010-075351-f4-rebuild,20260915-124058-m2-b-llama8b-retrieval,20260915-124109-m2-retrieval,2026-09-15T12:40:58+00:00,run_start,0,UNOBSERVABLE_HOST,,,b-llama8b,,16384,m2_harness_mi300x/retrieval_cost_b-llama8b.csv,3,cpu,16384,cold,2,1429.374,20260915-124058-m2-b-llama8b-retrieval/stdout.log,109,per_request_from_stdout,True
20261010-075351-f4-rebuild,20260915-124058-m2-b-llama8b-retrieval,20260915-124109-m2-retrieval,2026-09-15T12:40:58+00:00,run_start,0,UNOBSERVABLE_HOST,,,b-llama8b,,16384,m2_harness_mi300x/retrieval_cost_b-llama8b.csv,3,cpu,16384,cold,3,1425.465,20260915-124058-m2-b-llama8b-retrieval/stdout.log,110,per_request_from_stdout,True
20261010-075351-f4-rebuild,20260915-124058-m2-b-llama8b-retrieval,20260915-124109-m2-retrieval,2026-09-15T12:40:58+00:00,run_start,0,UNOBSERVABLE_HOST,,,b-llama8b,,16384,m2_harness_mi300x/retrieval_cost_b-llama8b.csv,3,cpu,16384,warm,0,707.497,20260915-124058-m2-b-llama8b-retrieval/stdout.log,111,per_request_from_stdout,True
20261010-075351-f4-rebuild,20260915-124058-m2-b-llama8b-retrieval,20260915-124109-m2-retrieval,2026-09-15T12:40:58+00:00,run_start,0,UNOBSERVABLE_HOST,,,b-llama8b,,16384,m2_harness_mi300x/retrieval_cost_b-llama8b.csv,3,cpu,16384,warm,1,571.962,20260915-124058-m2-b-llama8b-retrieval/stdout.log,112,per_request_from_stdout,True
20261010-075351-f4-rebuild,20260915-124058-m2-b-llama8b-retrieval,20260915-124109-m2-retrieval,2026-09-15T12:40:58+00:00,run_start,0,UNOBSERVABLE_HOST,,,b-llama8b,,16384,m2_harness_mi300x/retrieval_cost_b-llama8b.csv,3,cpu,16384,warm,2,575.191,20260915-124058-m2-b-llama8b-retrieval/stdout.log,113,per_request_from_stdout,True
20261010-075351-f4-rebuild,20260915-124058-m2-b-llama8b-retrieval,20260915-124109-m2-retrieval,2026-09-15T12:40:58+00:00,run_start,0,UNOBSERVABLE_HOST,,,b-llama8b,,16384,m2_harness_mi300x/retrieval_cost_b-llama8b.csv,3,cpu,16384,warm,3,582.038,20260915-124058-m2-b-llama8b-retrieval/stdout.log,114,per_request_from_stdout,True
20261010-075351-f4-rebuild,20260915-131232-m2-b-qwen7b-retrieval,20260915-131243-m2-retrieval,2026-09-15T13:12:32+00:00,run_start,0,UNOBSERVABLE_HOST,,,b-qwen7b-1m,,96000,m2_harness_mi300x/retrieval_cost_b-qwen7b-1m.csv,1,gpu_resident,96000,cold,0,11205.654,20260915-131232-m2-b-qwen7b-retrieval/stdout.log,6,per_request_from_stdout,True
20261010-075351-f4-rebuild,20260915-131232-m2-b-qwen7b-retrieval,20260915-131243-m2-retrieval,2026-09-15T13:12:32+00:00,run_start,0,UNOBSERVABLE_HOST,,,b-qwen7b-1m,,96000,m2_harness_mi300x/retrieval_cost_b-qwen7b-1m.csv,1,gpu_resident,96000,warm,0,628.158,20260915-131232-m2-b-qwen7b-retrieval/stdout.log,7,per_request_from_stdout,True
20261010-075351-f4-rebuild,20260915-131232-m2-b-qwen7b-retrieval,20260915-131243-m2-retrieval,2026-09-15T13:12:32+00:00,run_start,0,UNOBSERVABLE_HOST,,,b-qwen7b-1m,,96000,m2_harness_mi300x/retrieval_cost_b-qwen7b-1m.csv,1,cpu,96000,cold,0,26377.15,20260915-131232-m2-b-qwen7b-retrieval/stdout.log,9,per_request_from_stdout,True
20261010-075351-f4-rebuild,20260915-131232-m2-b-qwen7b-retrieval,20260915-131243-m2-retrieval,2026-09-15T13:12:32+00:00,run_start,0,UNOBSERVABLE_HOST,,,b-qwen7b-1m,,96000,m2_harness_mi300x/retrieval_cost_b-qwen7b-1m.csv,1,cpu,96000,cold,1,25972.462,20260915-131232-m2-b-qwen7b-retrieval/stdout.log,10,per_request_from_stdout,True
20261010-075351-f4-rebuild,20260915-131232-m2-b-qwen7b-retrieval,20260915-131243-m2-retrieval,2026-09-15T13:12:32+00:00,run_start,0,UNOBSERVABLE_HOST,,,b-qwen7b-1m,,96000,m2_harness_mi300x/retrieval_cost_b-qwen7b-1m.csv,1,cpu,96000,cold,2,25640.077,20260915-131232-m2-b-qwen7b-retrieval/stdout.log,11,per_request_from_stdout,True
20261010-075351-f4-rebuild,20260915-131232-m2-b-qwen7b-retrieval,20260915-131243-m2-retrieval,2026-09-15T13:12:32+00:00,run_start,0,UNOBSERVABLE_HOST,,,b-qwen7b-1m,,96000,m2_harness_mi300x/retrieval_cost_b-qwen7b-1m.csv,1,cpu,96000,cold,3,25995.926,20260915-131232-m2-b-qwen7b-retrieval/stdout.log,12,per_request_from_stdout,True
20261010-075351-f4-rebuild,20260915-131232-m2-b-qwen7b-retrieval,20260915-131243-m2-retrieval,2026-09-15T13:12:32+00:00,run_start,0,UNOBSERVABLE_HOST,,,b-qwen7b-1m,,96000,m2_harness_mi300x/retrieval_cost_b-qwen7b-1m.csv,1,cpu,96000,warm,0,2881.818,20260915-131232-m2-b-qwen7b-retrieval/stdout.log,13,per_request_from_stdout,True
20261010-075351-f4-rebuild,20260915-131232-m2-b-qwen7b-retrieval,20260915-131243-m2-retrieval,2026-09-15T13:12:32+00:00,run_start,0,UNOBSERVABLE_HOST,,,b-qwen7b-1m,,96000,m2_harness_mi300x/retrieval_cost_b-qwen7b-1m.csv,1,cpu,96000,warm,1,2873.407,20260915-131232-m2-b-qwen7b-retrieval/stdout.log,14,per_request_from_stdout,True
20261010-075351-f4-rebuild,20260915-131232-m2-b-qwen7b-retrieval,20260915-131243-m2-retrieval,2026-09-15T13:12:32+00:00,run_start,0,UNOBSERVABLE_HOST,,,b-qwen7b-1m,,96000,m2_harness_mi300x/retrieval_cost_b-qwen7b-1m.csv,1,cpu,96000,warm,2,2848.078,20260915-131232-m2-b-qwen7b-retrieval/stdout.log,15,per_request_from_stdout,True
20261010-075351-f4-rebuild,20260915-131232-m2-b-qwen7b-retrieval,20260915-131243-m2-retrieval,2026-09-15T13:12:32+00:00,run_start,0,UNOBSERVABLE_HOST,,,b-qwen7b-1m,,96000,m2_harness_mi300x/retrieval_cost_b-qwen7b-1m.csv,1,cpu,96000,warm,3,2831.488,20260915-131232-m2-b-qwen7b-retrieval/stdout.log,16,per_request_from_stdout,True
20261010-075351-f4-rebuild,20260915-131232-m2-b-qwen7b-retrieval,20260915-131243-m2-retrieval,2026-09-15T13:12:32+00:00,run_start,0,UNOBSERVABLE_HOST,,,b-qwen7b-1m,,96000,m2_harness_mi300x/retrieval_cost_b-qwen7b-1m.csv,1,ssd,96000,cold,0,25345.323,20260915-131232-m2-b-qwen7b-retrieval/stdout.log,18,per_request_from_stdout,True
20261010-075351-f4-rebuild,20260915-131232-m2-b-qwen7b-retrieval,20260915-131243-m2-retrieval,2026-09-15T13:12:32+00:00,run_start,0,UNOBSERVABLE_HOST,,,b-qwen7b-1m,,96000,m2_harness_mi300x/retrieval_cost_b-qwen7b-1m.csv,1,ssd,96000,cold,1,25354.911,20260915-131232-m2-b-qwen7b-retrieval/stdout.log,19,per_request_from_stdout,True
20261010-075351-f4-rebuild,20260915-131232-m2-b-qwen7b-retrieval,20260915-131243-m2-retrieval,2026-09-15T13:12:32+00:00,run_start,0,UNOBSERVABLE_HOST,,,b-qwen7b-1m,,96000,m2_harness_mi300x/retrieval_cost_b-qwen7b-1m.csv,1,ssd,96000,cold,2,25360.488,20260915-131232-m2-b-qwen7b-retrieval/stdout.log,20,per_request_from_stdout,True
20261010-075351-f4-rebuild,20260915-131232-m2-b-qwen7b-retrieval,20260915-131243-m2-retrieval,2026-09-15T13:12:32+00:00,run_start,0,UNOBSERVABLE_HOST,,,b-qwen7b-1m,,96000,m2_harness_mi300x/retrieval_cost_b-qwen7b-1m.csv,1,ssd,96000,cold,3,25382.696,20260915-131232-m2-b-qwen7b-retrieval/stdout.log,21,per_request_from_stdout,True
20261010-075351-f4-rebuild,20260915-131232-m2-b-qwen7b-retrieval,20260915-131243-m2-retrieval,2026-09-15T13:12:32+00:00,run_start,0,UNOBSERVABLE_HOST,,,b-qwen7b-1m,,96000,m2_harness_mi300x/retrieval_cost_b-qwen7b-1m.csv,1,ssd,96000,warm,0,23473.838,20260915-131232-m2-b-qwen7b-retrieval/stdout.log,22,per_request_from_stdout,True
20261010-075351-f4-rebuild,20260915-131232-m2-b-qwen7b-retrieval,20260915-131243-m2-retrieval,2026-09-15T13:12:32+00:00,run_start,0,UNOBSERVABLE_HOST,,,b-qwen7b-1m,,96000,m2_harness_mi300x/retrieval_cost_b-qwen7b-1m.csv,1,ssd,96000,warm,1,23511.827,20260915-131232-m2-b-qwen7b-retrieval/stdout.log,23,per_request_from_stdout,True
20261010-075351-f4-rebuild,20260915-131232-m2-b-qwen7b-retrieval,20260915-131243-m2-retrieval,2026-09-15T13:12:32+00:00,run_start,0,UNOBSERVABLE_HOST,,,b-qwen7b-1m,,96000,m2_harness_mi300x/retrieval_cost_b-qwen7b-1m.csv,1,ssd,96000,warm,2,23434.82,20260915-131232-m2-b-qwen7b-retrieval/stdout.log,24,per_request_from_stdout,True
20261010-075351-f4-rebuild,20260915-131232-m2-b-qwen7b-retrieval,20260915-131243-m2-retrieval,2026-09-15T13:12:32+00:00,run_start,0,UNOBSERVABLE_HOST,,,b-qwen7b-1m,,96000,m2_harness_mi300x/retrieval_cost_b-qwen7b-1m.csv,1,ssd,96000,warm,3,23420.904,20260915-131232-m2-b-qwen7b-retrieval/stdout.log,25,per_request_from_stdout,True
20261010-075351-f4-rebuild,20260915-131232-m2-b-qwen7b-retrieval,20260915-131243-m2-retrieval,2026-09-15T13:12:32+00:00,run_start,0,UNOBSERVABLE_HOST,,,b-qwen7b-1m,,96000,m2_harness_mi300x/retrieval_cost_b-qwen7b-1m.csv,1,drop,96000,cold,0,10737.662,20260915-131232-m2-b-qwen7b-retrieval/stdout.log,27,per_request_from_stdout,True
20261010-075351-f4-rebuild,20260915-131232-m2-b-qwen7b-retrieval,20260915-131243-m2-retrieval,2026-09-15T13:12:32+00:00,run_start,0,UNOBSERVABLE_HOST,,,b-qwen7b-1m,,96000,m2_harness_mi300x/retrieval_cost_b-qwen7b-1m.csv,1,drop,96000,cold,1,10685.37,20260915-131232-m2-b-qwen7b-retrieval/stdout.log,28,per_request_from_stdout,True
20261010-075351-f4-rebuild,20260915-131232-m2-b-qwen7b-retrieval,20260915-131243-m2-retrieval,2026-09-15T13:12:32+00:00,run_start,0,UNOBSERVABLE_HOST,,,b-qwen7b-1m,,96000,m2_harness_mi300x/retrieval_cost_b-qwen7b-1m.csv,1,drop,96000,cold,2,10697.328,20260915-131232-m2-b-qwen7b-retrieval/stdout.log,29,per_request_from_stdout,True
20261010-075351-f4-rebuild,20260915-131232-m2-b-qwen7b-retrieval,20260915-131243-m2-retrieval,2026-09-15T13:12:32+00:00,run_start,0,UNOBSERVABLE_HOST,,,b-qwen7b-1m,,96000,m2_harness_mi300x/retrieval_cost_b-qwen7b-1m.csv,1,drop,96000,cold,3,10704.512,20260915-131232-m2-b-qwen7b-retrieval/stdout.log,30,per_request_from_stdout,True
20261010-075351-f4-rebuild,20260915-131232-m2-b-qwen7b-retrieval,20260915-131243-m2-retrieval,2026-09-15T13:12:32+00:00,run_start,0,UNOBSERVABLE_HOST,,,b-qwen7b-1m,,96000,m2_harness_mi300x/retrieval_cost_b-qwen7b-1m.csv,1,drop,96000,warm,0,10695.042,20260915-131232-m2-b-qwen7b-retrieval/stdout.log,31,per_request_from_stdout,True
20261010-075351-f4-rebuild,20260915-131232-m2-b-qwen7b-retrieval,20260915-131243-m2-retrieval,2026-09-15T13:12:32+00:00,run_start,0,UNOBSERVABLE_HOST,,,b-qwen7b-1m,,96000,m2_harness_mi300x/retrieval_cost_b-qwen7b-1m.csv,1,drop,96000,warm,1,10701.618,20260915-131232-m2-b-qwen7b-retrieval/stdout.log,32,per_request_from_stdout,True
20261010-075351-f4-rebuild,20260915-131232-m2-b-qwen7b-retrieval,20260915-131243-m2-retrieval,2026-09-15T13:12:32+00:00,run_start,0,UNOBSERVABLE_HOST,,,b-qwen7b-1m,,96000,m2_harness_mi300x/retrieval_cost_b-qwen7b-1m.csv,1,drop,96000,warm,2,10711.647,20260915-131232-m2-b-qwen7b-retrieval/stdout.log,33,per_request_from_stdout,True
20261010-075351-f4-rebuild,20260915-131232-m2-b-qwen7b-retrieval,20260915-131243-m2-retrieval,2026-09-15T13:12:32+00:00,run_start,0,UNOBSERVABLE_HOST,,,b-qwen7b-1m,,96000,m2_harness_mi300x/retrieval_cost_b-qwen7b-1m.csv,1,drop,96000,warm,3,10705.938,20260915-131232-m2-b-qwen7b-retrieval/stdout.log,34,per_request_from_stdout,True
20261010-075351-f4-rebuild,20260915-131232-m2-b-qwen7b-retrieval,20260915-131243-m2-retrieval,2026-09-15T13:12:32+00:00,run_start,0,UNOBSERVABLE_HOST,,,b-qwen7b-1m,,96000,m2_harness_mi300x/retrieval_cost_b-qwen7b-1m.csv,1,gpu_fp8,96000,cold,0,12018.718,20260915-131232-m2-b-qwen7b-retrieval/stdout.log,36,per_request_from_stdout,True
20261010-075351-f4-rebuild,20260915-131232-m2-b-qwen7b-retrieval,20260915-131243-m2-retrieval,2026-09-15T13:12:32+00:00,run_start,0,UNOBSERVABLE_HOST,,,b-qwen7b-1m,,96000,m2_harness_mi300x/retrieval_cost_b-qwen7b-1m.csv,1,gpu_fp8,96000,warm,0,636.523,20260915-131232-m2-b-qwen7b-retrieval/stdout.log,37,per_request_from_stdout,True
20261010-075351-f4-rebuild,20260915-131232-m2-b-qwen7b-retrieval,20260915-131243-m2-retrieval,2026-09-15T13:12:32+00:00,run_start,0,UNOBSERVABLE_HOST,,,b-qwen7b-1m,,96000,m2_harness_mi300x/retrieval_cost_b-qwen7b-1m.csv,1,gpu_int4,96000,cold,0,56091.776,20260915-131232-m2-b-qwen7b-retrieval/stdout.log,39,per_request_from_stdout,True
20261010-075351-f4-rebuild,20260915-131232-m2-b-qwen7b-retrieval,20260915-131243-m2-retrieval,2026-09-15T13:12:32+00:00,run_start,0,UNOBSERVABLE_HOST,,,b-qwen7b-1m,,96000,m2_harness_mi300x/retrieval_cost_b-qwen7b-1m.csv,1,gpu_int4,96000,warm,0,630.268,20260915-131232-m2-b-qwen7b-retrieval/stdout.log,40,per_request_from_stdout,True
20261010-075351-f4-rebuild,20260915-131232-m2-b-qwen7b-retrieval,20260915-131243-m2-retrieval,2026-09-15T13:12:32+00:00,run_start,0,UNOBSERVABLE_HOST,,,b-qwen7b-1m,,96000,m2_harness_mi300x/retrieval_cost_b-qwen7b-1m.csv,2,cpu,96000,cold,0,25882.132,20260915-131232-m2-b-qwen7b-retrieval/stdout.log,43,per_request_from_stdout,True
20261010-075351-f4-rebuild,20260915-131232-m2-b-qwen7b-retrieval,20260915-131243-m2-retrieval,2026-09-15T13:12:32+00:00,run_start,0,UNOBSERVABLE_HOST,,,b-qwen7b-1m,,96000,m2_harness_mi300x/retrieval_cost_b-qwen7b-1m.csv,2,cpu,96000,cold,1,25923.588,20260915-131232-m2-b-qwen7b-retrieval/stdout.log,44,per_request_from_stdout,True
20261010-075351-f4-rebuild,20260915-131232-m2-b-qwen7b-retrieval,20260915-131243-m2-retrieval,2026-09-15T13:12:32+00:00,run_start,0,UNOBSERVABLE_HOST,,,b-qwen7b-1m,,96000,m2_harness_mi300x/retrieval_cost_b-qwen7b-1m.csv,2,cpu,96000,cold,2,25597.387,20260915-131232-m2-b-qwen7b-retrieval/stdout.log,45,per_request_from_stdout,True
20261010-075351-f4-rebuild,20260915-131232-m2-b-qwen7b-retrieval,20260915-131243-m2-retrieval,2026-09-15T13:12:32+00:00,run_start,0,UNOBSERVABLE_HOST,,,b-qwen7b-1m,,96000,m2_harness_mi300x/retrieval_cost_b-qwen7b-1m.csv,2,cpu,96000,cold,3,25947.486,20260915-131232-m2-b-qwen7b-retrieval/stdout.log,46,per_request_from_stdout,True
20261010-075351-f4-rebuild,20260915-131232-m2-b-qwen7b-retrieval,20260915-131243-m2-retrieval,2026-09-15T13:12:32+00:00,run_start,0,UNOBSERVABLE_HOST,,,b-qwen7b-1m,,96000,m2_harness_mi300x/retrieval_cost_b-qwen7b-1m.csv,2,cpu,96000,warm,0,2852.238,20260915-131232-m2-b-qwen7b-retrieval/stdout.log,47,per_request_from_stdout,True
20261010-075351-f4-rebuild,20260915-131232-m2-b-qwen7b-retrieval,20260915-131243-m2-retrieval,2026-09-15T13:12:32+00:00,run_start,0,UNOBSERVABLE_HOST,,,b-qwen7b-1m,,96000,m2_harness_mi300x/retrieval_cost_b-qwen7b-1m.csv,2,cpu,96000,warm,1,2785.594,20260915-131232-m2-b-qwen7b-retrieval/stdout.log,48,per_request_from_stdout,True
20261010-075351-f4-rebuild,20260915-131232-m2-b-qwen7b-retrieval,20260915-131243-m2-retrieval,2026-09-15T13:12:32+00:00,run_start,0,UNOBSERVABLE_HOST,,,b-qwen7b-1m,,96000,m2_harness_mi300x/retrieval_cost_b-qwen7b-1m.csv,2,cpu,96000,warm,2,2780.447,20260915-131232-m2-b-qwen7b-retrieval/stdout.log,49,per_request_from_stdout,True
20261010-075351-f4-rebuild,20260915-131232-m2-b-qwen7b-retrieval,20260915-131243-m2-retrieval,2026-09-15T13:12:32+00:00,run_start,0,UNOBSERVABLE_HOST,,,b-qwen7b-1m,,96000,m2_harness_mi300x/retrieval_cost_b-qwen7b-1m.csv,2,cpu,96000,warm,3,2780.555,20260915-131232-m2-b-qwen7b-retrieval/stdout.log,50,per_request_from_stdout,True
20261010-075351-f4-rebuild,20260915-131232-m2-b-qwen7b-retrieval,20260915-131243-m2-retrieval,2026-09-15T13:12:32+00:00,run_start,0,UNOBSERVABLE_HOST,,,b-qwen7b-1m,,96000,m2_harness_mi300x/retrieval_cost_b-qwen7b-1m.csv,2,ssd,96000,cold,0,25315.693,20260915-131232-m2-b-qwen7b-retrieval/stdout.log,52,per_request_from_stdout,True
20261010-075351-f4-rebuild,20260915-131232-m2-b-qwen7b-retrieval,20260915-131243-m2-retrieval,2026-09-15T13:12:32+00:00,run_start,0,UNOBSERVABLE_HOST,,,b-qwen7b-1m,,96000,m2_harness_mi300x/retrieval_cost_b-qwen7b-1m.csv,2,ssd,96000,cold,1,25322.179,20260915-131232-m2-b-qwen7b-retrieval/stdout.log,53,per_request_from_stdout,True
20261010-075351-f4-rebuild,20260915-131232-m2-b-qwen7b-retrieval,20260915-131243-m2-retrieval,2026-09-15T13:12:32+00:00,run_start,0,UNOBSERVABLE_HOST,,,b-qwen7b-1m,,96000,m2_harness_mi300x/retrieval_cost_b-qwen7b-1m.csv,2,ssd,96000,cold,2,25269.74,20260915-131232-m2-b-qwen7b-retrieval/stdout.log,54,per_request_from_stdout,True
20261010-075351-f4-rebuild,20260915-131232-m2-b-qwen7b-retrieval,20260915-131243-m2-retrieval,2026-09-15T13:12:32+00:00,run_start,0,UNOBSERVABLE_HOST,,,b-qwen7b-1m,,96000,m2_harness_mi300x/retrieval_cost_b-qwen7b-1m.csv,2,ssd,96000,cold,3,25318.953,20260915-131232-m2-b-qwen7b-retrieval/stdout.log,55,per_request_from_stdout,True
20261010-075351-f4-rebuild,20260915-131232-m2-b-qwen7b-retrieval,20260915-131243-m2-retrieval,2026-09-15T13:12:32+00:00,run_start,0,UNOBSERVABLE_HOST,,,b-qwen7b-1m,,96000,m2_harness_mi300x/retrieval_cost_b-qwen7b-1m.csv,2,ssd,96000,warm,0,23410.89,20260915-131232-m2-b-qwen7b-retrieval/stdout.log,56,per_request_from_stdout,True
20261010-075351-f4-rebuild,20260915-131232-m2-b-qwen7b-retrieval,20260915-131243-m2-retrieval,2026-09-15T13:12:32+00:00,run_start,0,UNOBSERVABLE_HOST,,,b-qwen7b-1m,,96000,m2_harness_mi300x/retrieval_cost_b-qwen7b-1m.csv,2,ssd,96000,warm,1,23426.021,20260915-131232-m2-b-qwen7b-retrieval/stdout.log,57,per_request_from_stdout,True
20261010-075351-f4-rebuild,20260915-131232-m2-b-qwen7b-retrieval,20260915-131243-m2-retrieval,2026-09-15T13:12:32+00:00,run_start,0,UNOBSERVABLE_HOST,,,b-qwen7b-1m,,96000,m2_harness_mi300x/retrieval_cost_b-qwen7b-1m.csv,2,ssd,96000,warm,2,23436.354,20260915-131232-m2-b-qwen7b-retrieval/stdout.log,58,per_request_from_stdout,True
20261010-075351-f4-rebuild,20260915-131232-m2-b-qwen7b-retrieval,20260915-131243-m2-retrieval,2026-09-15T13:12:32+00:00,run_start,0,UNOBSERVABLE_HOST,,,b-qwen7b-1m,,96000,m2_harness_mi300x/retrieval_cost_b-qwen7b-1m.csv,2,ssd,96000,warm,3,23413.185,20260915-131232-m2-b-qwen7b-retrieval/stdout.log,59,per_request_from_stdout,True
20261010-075351-f4-rebuild,20260915-131232-m2-b-qwen7b-retrieval,20260915-131243-m2-retrieval,2026-09-15T13:12:32+00:00,run_start,0,UNOBSERVABLE_HOST,,,b-qwen7b-1m,,96000,m2_harness_mi300x/retrieval_cost_b-qwen7b-1m.csv,2,drop,96000,cold,0,10749.154,20260915-131232-m2-b-qwen7b-retrieval/stdout.log,61,per_request_from_stdout,True
20261010-075351-f4-rebuild,20260915-131232-m2-b-qwen7b-retrieval,20260915-131243-m2-retrieval,2026-09-15T13:12:32+00:00,run_start,0,UNOBSERVABLE_HOST,,,b-qwen7b-1m,,96000,m2_harness_mi300x/retrieval_cost_b-qwen7b-1m.csv,2,drop,96000,cold,1,10688.726,20260915-131232-m2-b-qwen7b-retrieval/stdout.log,62,per_request_from_stdout,True
20261010-075351-f4-rebuild,20260915-131232-m2-b-qwen7b-retrieval,20260915-131243-m2-retrieval,2026-09-15T13:12:32+00:00,run_start,0,UNOBSERVABLE_HOST,,,b-qwen7b-1m,,96000,m2_harness_mi300x/retrieval_cost_b-qwen7b-1m.csv,2,drop,96000,cold,2,10697.999,20260915-131232-m2-b-qwen7b-retrieval/stdout.log,63,per_request_from_stdout,True
20261010-075351-f4-rebuild,20260915-131232-m2-b-qwen7b-retrieval,20260915-131243-m2-retrieval,2026-09-15T13:12:32+00:00,run_start,0,UNOBSERVABLE_HOST,,,b-qwen7b-1m,,96000,m2_harness_mi300x/retrieval_cost_b-qwen7b-1m.csv,2,drop,96000,cold,3,10707.481,20260915-131232-m2-b-qwen7b-retrieval/stdout.log,64,per_request_from_stdout,True
20261010-075351-f4-rebuild,20260915-131232-m2-b-qwen7b-retrieval,20260915-131243-m2-retrieval,2026-09-15T13:12:32+00:00,run_start,0,UNOBSERVABLE_HOST,,,b-qwen7b-1m,,96000,m2_harness_mi300x/retrieval_cost_b-qwen7b-1m.csv,2,drop,96000,warm,0,10705.926,20260915-131232-m2-b-qwen7b-retrieval/stdout.log,65,per_request_from_stdout,True
20261010-075351-f4-rebuild,20260915-131232-m2-b-qwen7b-retrieval,20260915-131243-m2-retrieval,2026-09-15T13:12:32+00:00,run_start,0,UNOBSERVABLE_HOST,,,b-qwen7b-1m,,96000,m2_harness_mi300x/retrieval_cost_b-qwen7b-1m.csv,2,drop,96000,warm,1,10708.266,20260915-131232-m2-b-qwen7b-retrieval/stdout.log,66,per_request_from_stdout,True
20261010-075351-f4-rebuild,20260915-131232-m2-b-qwen7b-retrieval,20260915-131243-m2-retrieval,2026-09-15T13:12:32+00:00,run_start,0,UNOBSERVABLE_HOST,,,b-qwen7b-1m,,96000,m2_harness_mi300x/retrieval_cost_b-qwen7b-1m.csv,2,drop,96000,warm,2,10723.38,20260915-131232-m2-b-qwen7b-retrieval/stdout.log,67,per_request_from_stdout,True
20261010-075351-f4-rebuild,20260915-131232-m2-b-qwen7b-retrieval,20260915-131243-m2-retrieval,2026-09-15T13:12:32+00:00,run_start,0,UNOBSERVABLE_HOST,,,b-qwen7b-1m,,96000,m2_harness_mi300x/retrieval_cost_b-qwen7b-1m.csv,2,drop,96000,warm,3,10725.155,20260915-131232-m2-b-qwen7b-retrieval/stdout.log,68,per_request_from_stdout,True
20261010-075351-f4-rebuild,20260915-131232-m2-b-qwen7b-retrieval,20260915-131243-m2-retrieval,2026-09-15T13:12:32+00:00,run_start,0,UNOBSERVABLE_HOST,,,b-qwen7b-1m,,96000,m2_harness_mi300x/retrieval_cost_b-qwen7b-1m.csv,2,gpu_fp8,96000,cold,0,12009.342,20260915-131232-m2-b-qwen7b-retrieval/stdout.log,70,per_request_from_stdout,True
20261010-075351-f4-rebuild,20260915-131232-m2-b-qwen7b-retrieval,20260915-131243-m2-retrieval,2026-09-15T13:12:32+00:00,run_start,0,UNOBSERVABLE_HOST,,,b-qwen7b-1m,,96000,m2_harness_mi300x/retrieval_cost_b-qwen7b-1m.csv,2,gpu_fp8,96000,warm,0,643.021,20260915-131232-m2-b-qwen7b-retrieval/stdout.log,71,per_request_from_stdout,True
20261010-075351-f4-rebuild,20260915-131232-m2-b-qwen7b-retrieval,20260915-131243-m2-retrieval,2026-09-15T13:12:32+00:00,run_start,0,UNOBSERVABLE_HOST,,,b-qwen7b-1m,,96000,m2_harness_mi300x/retrieval_cost_b-qwen7b-1m.csv,2,gpu_int4,96000,cold,0,55360.468,20260915-131232-m2-b-qwen7b-retrieval/stdout.log,73,per_request_from_stdout,True
20261010-075351-f4-rebuild,20260915-131232-m2-b-qwen7b-retrieval,20260915-131243-m2-retrieval,2026-09-15T13:12:32+00:00,run_start,0,UNOBSERVABLE_HOST,,,b-qwen7b-1m,,96000,m2_harness_mi300x/retrieval_cost_b-qwen7b-1m.csv,2,gpu_int4,96000,warm,0,614.32,20260915-131232-m2-b-qwen7b-retrieval/stdout.log,74,per_request_from_stdout,True
20261010-075351-f4-rebuild,20260915-131232-m2-b-qwen7b-retrieval,20260915-131243-m2-retrieval,2026-09-15T13:12:32+00:00,run_start,0,UNOBSERVABLE_HOST,,,b-qwen7b-1m,,96000,m2_harness_mi300x/retrieval_cost_b-qwen7b-1m.csv,2,gpu_resident,96000,cold,0,11152.325,20260915-131232-m2-b-qwen7b-retrieval/stdout.log,76,per_request_from_stdout,True
20261010-075351-f4-rebuild,20260915-131232-m2-b-qwen7b-retrieval,20260915-131243-m2-retrieval,2026-09-15T13:12:32+00:00,run_start,0,UNOBSERVABLE_HOST,,,b-qwen7b-1m,,96000,m2_harness_mi300x/retrieval_cost_b-qwen7b-1m.csv,2,gpu_resident,96000,warm,0,634.82,20260915-131232-m2-b-qwen7b-retrieval/stdout.log,77,per_request_from_stdout,True
20261010-075351-f4-rebuild,20260915-131232-m2-b-qwen7b-retrieval,20260915-131243-m2-retrieval,2026-09-15T13:12:32+00:00,run_start,0,UNOBSERVABLE_HOST,,,b-qwen7b-1m,,96000,m2_harness_mi300x/retrieval_cost_b-qwen7b-1m.csv,3,ssd,96000,cold,0,25375.429,20260915-131232-m2-b-qwen7b-retrieval/stdout.log,80,per_request_from_stdout,True
20261010-075351-f4-rebuild,20260915-131232-m2-b-qwen7b-retrieval,20260915-131243-m2-retrieval,2026-09-15T13:12:32+00:00,run_start,0,UNOBSERVABLE_HOST,,,b-qwen7b-1m,,96000,m2_harness_mi300x/retrieval_cost_b-qwen7b-1m.csv,3,ssd,96000,cold,1,25351.664,20260915-131232-m2-b-qwen7b-retrieval/stdout.log,81,per_request_from_stdout,True
20261010-075351-f4-rebuild,20260915-131232-m2-b-qwen7b-retrieval,20260915-131243-m2-retrieval,2026-09-15T13:12:32+00:00,run_start,0,UNOBSERVABLE_HOST,,,b-qwen7b-1m,,96000,m2_harness_mi300x/retrieval_cost_b-qwen7b-1m.csv,3,ssd,96000,cold,2,25316.317,20260915-131232-m2-b-qwen7b-retrieval/stdout.log,82,per_request_from_stdout,True
20261010-075351-f4-rebuild,20260915-131232-m2-b-qwen7b-retrieval,20260915-131243-m2-retrieval,2026-09-15T13:12:32+00:00,run_start,0,UNOBSERVABLE_HOST,,,b-qwen7b-1m,,96000,m2_harness_mi300x/retrieval_cost_b-qwen7b-1m.csv,3,ssd,96000,cold,3,25340.291,20260915-131232-m2-b-qwen7b-retrieval/stdout.log,83,per_request_from_stdout,True
20261010-075351-f4-rebuild,20260915-131232-m2-b-qwen7b-retrieval,20260915-131243-m2-retrieval,2026-09-15T13:12:32+00:00,run_start,0,UNOBSERVABLE_HOST,,,b-qwen7b-1m,,96000,m2_harness_mi300x/retrieval_cost_b-qwen7b-1m.csv,3,ssd,96000,warm,0,23451.461,20260915-131232-m2-b-qwen7b-retrieval/stdout.log,84,per_request_from_stdout,True
20261010-075351-f4-rebuild,20260915-131232-m2-b-qwen7b-retrieval,20260915-131243-m2-retrieval,2026-09-15T13:12:32+00:00,run_start,0,UNOBSERVABLE_HOST,,,b-qwen7b-1m,,96000,m2_harness_mi300x/retrieval_cost_b-qwen7b-1m.csv,3,ssd,96000,warm,1,23518.775,20260915-131232-m2-b-qwen7b-retrieval/stdout.log,85,per_request_from_stdout,True
20261010-075351-f4-rebuild,20260915-131232-m2-b-qwen7b-retrieval,20260915-131243-m2-retrieval,2026-09-15T13:12:32+00:00,run_start,0,UNOBSERVABLE_HOST,,,b-qwen7b-1m,,96000,m2_harness_mi300x/retrieval_cost_b-qwen7b-1m.csv,3,ssd,96000,warm,2,23507.696,20260915-131232-m2-b-qwen7b-retrieval/stdout.log,86,per_request_from_stdout,True
20261010-075351-f4-rebuild,20260915-131232-m2-b-qwen7b-retrieval,20260915-131243-m2-retrieval,2026-09-15T13:12:32+00:00,run_start,0,UNOBSERVABLE_HOST,,,b-qwen7b-1m,,96000,m2_harness_mi300x/retrieval_cost_b-qwen7b-1m.csv,3,ssd,96000,warm,3,23552.299,20260915-131232-m2-b-qwen7b-retrieval/stdout.log,87,per_request_from_stdout,True
20261010-075351-f4-rebuild,20260915-131232-m2-b-qwen7b-retrieval,20260915-131243-m2-retrieval,2026-09-15T13:12:32+00:00,run_start,0,UNOBSERVABLE_HOST,,,b-qwen7b-1m,,96000,m2_harness_mi300x/retrieval_cost_b-qwen7b-1m.csv,3,drop,96000,cold,0,10770.798,20260915-131232-m2-b-qwen7b-retrieval/stdout.log,89,per_request_from_stdout,True
20261010-075351-f4-rebuild,20260915-131232-m2-b-qwen7b-retrieval,20260915-131243-m2-retrieval,2026-09-15T13:12:32+00:00,run_start,0,UNOBSERVABLE_HOST,,,b-qwen7b-1m,,96000,m2_harness_mi300x/retrieval_cost_b-qwen7b-1m.csv,3,drop,96000,cold,1,10691.25,20260915-131232-m2-b-qwen7b-retrieval/stdout.log,90,per_request_from_stdout,True
20261010-075351-f4-rebuild,20260915-131232-m2-b-qwen7b-retrieval,20260915-131243-m2-retrieval,2026-09-15T13:12:32+00:00,run_start,0,UNOBSERVABLE_HOST,,,b-qwen7b-1m,,96000,m2_harness_mi300x/retrieval_cost_b-qwen7b-1m.csv,3,drop,96000,cold,2,10711.537,20260915-131232-m2-b-qwen7b-retrieval/stdout.log,91,per_request_from_stdout,True
20261010-075351-f4-rebuild,20260915-131232-m2-b-qwen7b-retrieval,20260915-131243-m2-retrieval,2026-09-15T13:12:32+00:00,run_start,0,UNOBSERVABLE_HOST,,,b-qwen7b-1m,,96000,m2_harness_mi300x/retrieval_cost_b-qwen7b-1m.csv,3,drop,96000,cold,3,10718.262,20260915-131232-m2-b-qwen7b-retrieval/stdout.log,92,per_request_from_stdout,True
20261010-075351-f4-rebuild,20260915-131232-m2-b-qwen7b-retrieval,20260915-131243-m2-retrieval,2026-09-15T13:12:32+00:00,run_start,0,UNOBSERVABLE_HOST,,,b-qwen7b-1m,,96000,m2_harness_mi300x/retrieval_cost_b-qwen7b-1m.csv,3,drop,96000,warm,0,10722.731,20260915-131232-m2-b-qwen7b-retrieval/stdout.log,93,per_request_from_stdout,True
20261010-075351-f4-rebuild,20260915-131232-m2-b-qwen7b-retrieval,20260915-131243-m2-retrieval,2026-09-15T13:12:32+00:00,run_start,0,UNOBSERVABLE_HOST,,,b-qwen7b-1m,,96000,m2_harness_mi300x/retrieval_cost_b-qwen7b-1m.csv,3,drop,96000,warm,1,10716.314,20260915-131232-m2-b-qwen7b-retrieval/stdout.log,94,per_request_from_stdout,True
20261010-075351-f4-rebuild,20260915-131232-m2-b-qwen7b-retrieval,20260915-131243-m2-retrieval,2026-09-15T13:12:32+00:00,run_start,0,UNOBSERVABLE_HOST,,,b-qwen7b-1m,,96000,m2_harness_mi300x/retrieval_cost_b-qwen7b-1m.csv,3,drop,96000,warm,2,10725.274,20260915-131232-m2-b-qwen7b-retrieval/stdout.log,95,per_request_from_stdout,True
20261010-075351-f4-rebuild,20260915-131232-m2-b-qwen7b-retrieval,20260915-131243-m2-retrieval,2026-09-15T13:12:32+00:00,run_start,0,UNOBSERVABLE_HOST,,,b-qwen7b-1m,,96000,m2_harness_mi300x/retrieval_cost_b-qwen7b-1m.csv,3,drop,96000,warm,3,10729.543,20260915-131232-m2-b-qwen7b-retrieval/stdout.log,96,per_request_from_stdout,True
20261010-075351-f4-rebuild,20260915-131232-m2-b-qwen7b-retrieval,20260915-131243-m2-retrieval,2026-09-15T13:12:32+00:00,run_start,0,UNOBSERVABLE_HOST,,,b-qwen7b-1m,,96000,m2_harness_mi300x/retrieval_cost_b-qwen7b-1m.csv,3,gpu_fp8,96000,cold,0,12073.006,20260915-131232-m2-b-qwen7b-retrieval/stdout.log,98,per_request_from_stdout,True
20261010-075351-f4-rebuild,20260915-131232-m2-b-qwen7b-retrieval,20260915-131243-m2-retrieval,2026-09-15T13:12:32+00:00,run_start,0,UNOBSERVABLE_HOST,,,b-qwen7b-1m,,96000,m2_harness_mi300x/retrieval_cost_b-qwen7b-1m.csv,3,gpu_fp8,96000,warm,0,654.623,20260915-131232-m2-b-qwen7b-retrieval/stdout.log,99,per_request_from_stdout,True
20261010-075351-f4-rebuild,20260915-131232-m2-b-qwen7b-retrieval,20260915-131243-m2-retrieval,2026-09-15T13:12:32+00:00,run_start,0,UNOBSERVABLE_HOST,,,b-qwen7b-1m,,96000,m2_harness_mi300x/retrieval_cost_b-qwen7b-1m.csv,3,gpu_int4,96000,cold,0,55449.274,20260915-131232-m2-b-qwen7b-retrieval/stdout.log,101,per_request_from_stdout,True
20261010-075351-f4-rebuild,20260915-131232-m2-b-qwen7b-retrieval,20260915-131243-m2-retrieval,2026-09-15T13:12:32+00:00,run_start,0,UNOBSERVABLE_HOST,,,b-qwen7b-1m,,96000,m2_harness_mi300x/retrieval_cost_b-qwen7b-1m.csv,3,gpu_int4,96000,warm,0,626.519,20260915-131232-m2-b-qwen7b-retrieval/stdout.log,102,per_request_from_stdout,True
20261010-075351-f4-rebuild,20260915-131232-m2-b-qwen7b-retrieval,20260915-131243-m2-retrieval,2026-09-15T13:12:32+00:00,run_start,0,UNOBSERVABLE_HOST,,,b-qwen7b-1m,,96000,m2_harness_mi300x/retrieval_cost_b-qwen7b-1m.csv,3,gpu_resident,96000,cold,0,11209.361,20260915-131232-m2-b-qwen7b-retrieval/stdout.log,104,per_request_from_stdout,True
20261010-075351-f4-rebuild,20260915-131232-m2-b-qwen7b-retrieval,20260915-131243-m2-retrieval,2026-09-15T13:12:32+00:00,run_start,0,UNOBSERVABLE_HOST,,,b-qwen7b-1m,,96000,m2_harness_mi300x/retrieval_cost_b-qwen7b-1m.csv,3,gpu_resident,96000,warm,0,659.024,20260915-131232-m2-b-qwen7b-retrieval/stdout.log,105,per_request_from_stdout,True
20261010-075351-f4-rebuild,20260915-140243-m2-b-qwen3moe-retrieval,20260915-140254-m2-retrieval,2026-09-15T14:02:43+00:00,run_start,0,UNOBSERVABLE_HOST,,,b-qwen3-30b-a3b,,96000,m2_harness_mi300x/retrieval_cost_b-qwen3-30b-a3b.csv,1,gpu_resident,96000,cold,0,19662.207,20260915-140243-m2-b-qwen3moe-retrieval/stdout.log,6,per_request_from_stdout,True
20261010-075351-f4-rebuild,20260915-140243-m2-b-qwen3moe-retrieval,20260915-140254-m2-retrieval,2026-09-15T14:02:43+00:00,run_start,0,UNOBSERVABLE_HOST,,,b-qwen3-30b-a3b,,96000,m2_harness_mi300x/retrieval_cost_b-qwen3-30b-a3b.csv,1,gpu_resident,96000,warm,0,743.27,20260915-140243-m2-b-qwen3moe-retrieval/stdout.log,7,per_request_from_stdout,True
20261010-075351-f4-rebuild,20260915-140243-m2-b-qwen3moe-retrieval,20260915-140254-m2-retrieval,2026-09-15T14:02:43+00:00,run_start,0,UNOBSERVABLE_HOST,,,b-qwen3-30b-a3b,,96000,m2_harness_mi300x/retrieval_cost_b-qwen3-30b-a3b.csv,1,ssd,96000,cold,0,47512.576,20260915-140243-m2-b-qwen3moe-retrieval/stdout.log,11,per_request_from_stdout,True
20261010-075351-f4-rebuild,20260915-140243-m2-b-qwen3moe-retrieval,20260915-140254-m2-retrieval,2026-09-15T14:02:43+00:00,run_start,0,UNOBSERVABLE_HOST,,,b-qwen3-30b-a3b,,96000,m2_harness_mi300x/retrieval_cost_b-qwen3-30b-a3b.csv,1,ssd,96000,cold,1,47110.791,20260915-140243-m2-b-qwen3moe-retrieval/stdout.log,12,per_request_from_stdout,True
20261010-075351-f4-rebuild,20260915-140243-m2-b-qwen3moe-retrieval,20260915-140254-m2-retrieval,2026-09-15T14:02:43+00:00,run_start,0,UNOBSERVABLE_HOST,,,b-qwen3-30b-a3b,,96000,m2_harness_mi300x/retrieval_cost_b-qwen3-30b-a3b.csv,1,ssd,96000,cold,2,47092.165,20260915-140243-m2-b-qwen3moe-retrieval/stdout.log,13,per_request_from_stdout,True
20261010-075351-f4-rebuild,20260915-140243-m2-b-qwen3moe-retrieval,20260915-140254-m2-retrieval,2026-09-15T14:02:43+00:00,run_start,0,UNOBSERVABLE_HOST,,,b-qwen3-30b-a3b,,96000,m2_harness_mi300x/retrieval_cost_b-qwen3-30b-a3b.csv,1,ssd,96000,cold,3,47122.306,20260915-140243-m2-b-qwen3moe-retrieval/stdout.log,14,per_request_from_stdout,True
20261010-075351-f4-rebuild,20260915-140243-m2-b-qwen3moe-retrieval,20260915-140254-m2-retrieval,2026-09-15T14:02:43+00:00,run_start,0,UNOBSERVABLE_HOST,,,b-qwen3-30b-a3b,,96000,m2_harness_mi300x/retrieval_cost_b-qwen3-30b-a3b.csv,1,ssd,96000,warm,0,42293.747,20260915-140243-m2-b-qwen3moe-retrieval/stdout.log,15,per_request_from_stdout,True
20261010-075351-f4-rebuild,20260915-140243-m2-b-qwen3moe-retrieval,20260915-140254-m2-retrieval,2026-09-15T14:02:43+00:00,run_start,0,UNOBSERVABLE_HOST,,,b-qwen3-30b-a3b,,96000,m2_harness_mi300x/retrieval_cost_b-qwen3-30b-a3b.csv,1,ssd,96000,warm,1,42458.343,20260915-140243-m2-b-qwen3moe-retrieval/stdout.log,16,per_request_from_stdout,True
20261010-075351-f4-rebuild,20260915-140243-m2-b-qwen3moe-retrieval,20260915-140254-m2-retrieval,2026-09-15T14:02:43+00:00,run_start,0,UNOBSERVABLE_HOST,,,b-qwen3-30b-a3b,,96000,m2_harness_mi300x/retrieval_cost_b-qwen3-30b-a3b.csv,1,ssd,96000,warm,2,42471.549,20260915-140243-m2-b-qwen3moe-retrieval/stdout.log,17,per_request_from_stdout,True
20261010-075351-f4-rebuild,20260915-140243-m2-b-qwen3moe-retrieval,20260915-140254-m2-retrieval,2026-09-15T14:02:43+00:00,run_start,0,UNOBSERVABLE_HOST,,,b-qwen3-30b-a3b,,96000,m2_harness_mi300x/retrieval_cost_b-qwen3-30b-a3b.csv,1,ssd,96000,warm,3,42445.417,20260915-140243-m2-b-qwen3moe-retrieval/stdout.log,18,per_request_from_stdout,True
20261010-075351-f4-rebuild,20260915-140243-m2-b-qwen3moe-retrieval,20260915-140254-m2-retrieval,2026-09-15T14:02:43+00:00,run_start,0,UNOBSERVABLE_HOST,,,b-qwen3-30b-a3b,,96000,m2_harness_mi300x/retrieval_cost_b-qwen3-30b-a3b.csv,1,drop,96000,cold,0,17977.7,20260915-140243-m2-b-qwen3moe-retrieval/stdout.log,20,per_request_from_stdout,True
20261010-075351-f4-rebuild,20260915-140243-m2-b-qwen3moe-retrieval,20260915-140254-m2-retrieval,2026-09-15T14:02:43+00:00,run_start,0,UNOBSERVABLE_HOST,,,b-qwen3-30b-a3b,,96000,m2_harness_mi300x/retrieval_cost_b-qwen3-30b-a3b.csv,1,drop,96000,cold,1,17867.925,20260915-140243-m2-b-qwen3moe-retrieval/stdout.log,21,per_request_from_stdout,True
20261010-075351-f4-rebuild,20260915-140243-m2-b-qwen3moe-retrieval,20260915-140254-m2-retrieval,2026-09-15T14:02:43+00:00,run_start,0,UNOBSERVABLE_HOST,,,b-qwen3-30b-a3b,,96000,m2_harness_mi300x/retrieval_cost_b-qwen3-30b-a3b.csv,1,drop,96000,cold,2,17899.444,20260915-140243-m2-b-qwen3moe-retrieval/stdout.log,22,per_request_from_stdout,True
20261010-075351-f4-rebuild,20260915-140243-m2-b-qwen3moe-retrieval,20260915-140254-m2-retrieval,2026-09-15T14:02:43+00:00,run_start,0,UNOBSERVABLE_HOST,,,b-qwen3-30b-a3b,,96000,m2_harness_mi300x/retrieval_cost_b-qwen3-30b-a3b.csv,1,drop,96000,cold,3,17910.755,20260915-140243-m2-b-qwen3moe-retrieval/stdout.log,23,per_request_from_stdout,True
20261010-075351-f4-rebuild,20260915-140243-m2-b-qwen3moe-retrieval,20260915-140254-m2-retrieval,2026-09-15T14:02:43+00:00,run_start,0,UNOBSERVABLE_HOST,,,b-qwen3-30b-a3b,,96000,m2_harness_mi300x/retrieval_cost_b-qwen3-30b-a3b.csv,1,drop,96000,warm,0,17876.034,20260915-140243-m2-b-qwen3moe-retrieval/stdout.log,24,per_request_from_stdout,True
20261010-075351-f4-rebuild,20260915-140243-m2-b-qwen3moe-retrieval,20260915-140254-m2-retrieval,2026-09-15T14:02:43+00:00,run_start,0,UNOBSERVABLE_HOST,,,b-qwen3-30b-a3b,,96000,m2_harness_mi300x/retrieval_cost_b-qwen3-30b-a3b.csv,1,drop,96000,warm,1,17900.58,20260915-140243-m2-b-qwen3moe-retrieval/stdout.log,25,per_request_from_stdout,True
20261010-075351-f4-rebuild,20260915-140243-m2-b-qwen3moe-retrieval,20260915-140254-m2-retrieval,2026-09-15T14:02:43+00:00,run_start,0,UNOBSERVABLE_HOST,,,b-qwen3-30b-a3b,,96000,m2_harness_mi300x/retrieval_cost_b-qwen3-30b-a3b.csv,1,drop,96000,warm,2,17913.724,20260915-140243-m2-b-qwen3moe-retrieval/stdout.log,26,per_request_from_stdout,True
20261010-075351-f4-rebuild,20260915-140243-m2-b-qwen3moe-retrieval,20260915-140254-m2-retrieval,2026-09-15T14:02:43+00:00,run_start,0,UNOBSERVABLE_HOST,,,b-qwen3-30b-a3b,,96000,m2_harness_mi300x/retrieval_cost_b-qwen3-30b-a3b.csv,1,drop,96000,warm,3,17926.75,20260915-140243-m2-b-qwen3moe-retrieval/stdout.log,27,per_request_from_stdout,True
20261010-075351-f4-rebuild,20260915-140243-m2-b-qwen3moe-retrieval,20260915-140254-m2-retrieval,2026-09-15T14:02:43+00:00,run_start,0,UNOBSERVABLE_HOST,,,b-qwen3-30b-a3b,,96000,m2_harness_mi300x/retrieval_cost_b-qwen3-30b-a3b.csv,1,gpu_fp8,96000,cold,0,21796.857,20260915-140243-m2-b-qwen3moe-retrieval/stdout.log,29,per_request_from_stdout,True
20261010-075351-f4-rebuild,20260915-140243-m2-b-qwen3moe-retrieval,20260915-140254-m2-retrieval,2026-09-15T14:02:43+00:00,run_start,0,UNOBSERVABLE_HOST,,,b-qwen3-30b-a3b,,96000,m2_harness_mi300x/retrieval_cost_b-qwen3-30b-a3b.csv,1,gpu_fp8,96000,warm,0,811.593,20260915-140243-m2-b-qwen3moe-retrieval/stdout.log,30,per_request_from_stdout,True
20261010-075351-f4-rebuild,20260915-140243-m2-b-qwen3moe-retrieval,20260915-140254-m2-retrieval,2026-09-15T14:02:43+00:00,run_start,0,UNOBSERVABLE_HOST,,,b-qwen3-30b-a3b,,96000,m2_harness_mi300x/retrieval_cost_b-qwen3-30b-a3b.csv,1,gpu_int4,96000,cold,0,85351.5,20260915-140243-m2-b-qwen3moe-retrieval/stdout.log,32,per_request_from_stdout,True
20261010-075351-f4-rebuild,20260915-140243-m2-b-qwen3moe-retrieval,20260915-140254-m2-retrieval,2026-09-15T14:02:43+00:00,run_start,0,UNOBSERVABLE_HOST,,,b-qwen3-30b-a3b,,96000,m2_harness_mi300x/retrieval_cost_b-qwen3-30b-a3b.csv,1,gpu_int4,96000,warm,0,801.713,20260915-140243-m2-b-qwen3moe-retrieval/stdout.log,33,per_request_from_stdout,True
20261010-075351-f4-rebuild,20260915-140243-m2-b-qwen3moe-retrieval,20260915-140254-m2-retrieval,2026-09-15T14:02:43+00:00,run_start,0,UNOBSERVABLE_HOST,,,b-qwen3-30b-a3b,,96000,m2_harness_mi300x/retrieval_cost_b-qwen3-30b-a3b.csv,2,ssd,96000,cold,0,47064.9,20260915-140243-m2-b-qwen3moe-retrieval/stdout.log,38,per_request_from_stdout,True
20261010-075351-f4-rebuild,20260915-140243-m2-b-qwen3moe-retrieval,20260915-140254-m2-retrieval,2026-09-15T14:02:43+00:00,run_start,0,UNOBSERVABLE_HOST,,,b-qwen3-30b-a3b,,96000,m2_harness_mi300x/retrieval_cost_b-qwen3-30b-a3b.csv,2,ssd,96000,cold,1,47141.079,20260915-140243-m2-b-qwen3moe-retrieval/stdout.log,39,per_request_from_stdout,True
20261010-075351-f4-rebuild,20260915-140243-m2-b-qwen3moe-retrieval,20260915-140254-m2-retrieval,2026-09-15T14:02:43+00:00,run_start,0,UNOBSERVABLE_HOST,,,b-qwen3-30b-a3b,,96000,m2_harness_mi300x/retrieval_cost_b-qwen3-30b-a3b.csv,2,ssd,96000,cold,2,47180.813,20260915-140243-m2-b-qwen3moe-retrieval/stdout.log,40,per_request_from_stdout,True
20261010-075351-f4-rebuild,20260915-140243-m2-b-qwen3moe-retrieval,20260915-140254-m2-retrieval,2026-09-15T14:02:43+00:00,run_start,0,UNOBSERVABLE_HOST,,,b-qwen3-30b-a3b,,96000,m2_harness_mi300x/retrieval_cost_b-qwen3-30b-a3b.csv,2,ssd,96000,cold,3,47225.481,20260915-140243-m2-b-qwen3moe-retrieval/stdout.log,41,per_request_from_stdout,True
20261010-075351-f4-rebuild,20260915-140243-m2-b-qwen3moe-retrieval,20260915-140254-m2-retrieval,2026-09-15T14:02:43+00:00,run_start,0,UNOBSERVABLE_HOST,,,b-qwen3-30b-a3b,,96000,m2_harness_mi300x/retrieval_cost_b-qwen3-30b-a3b.csv,2,ssd,96000,warm,0,42337.636,20260915-140243-m2-b-qwen3moe-retrieval/stdout.log,42,per_request_from_stdout,True
20261010-075351-f4-rebuild,20260915-140243-m2-b-qwen3moe-retrieval,20260915-140254-m2-retrieval,2026-09-15T14:02:43+00:00,run_start,0,UNOBSERVABLE_HOST,,,b-qwen3-30b-a3b,,96000,m2_harness_mi300x/retrieval_cost_b-qwen3-30b-a3b.csv,2,ssd,96000,warm,1,42414.239,20260915-140243-m2-b-qwen3moe-retrieval/stdout.log,43,per_request_from_stdout,True
20261010-075351-f4-rebuild,20260915-140243-m2-b-qwen3moe-retrieval,20260915-140254-m2-retrieval,2026-09-15T14:02:43+00:00,run_start,0,UNOBSERVABLE_HOST,,,b-qwen3-30b-a3b,,96000,m2_harness_mi300x/retrieval_cost_b-qwen3-30b-a3b.csv,2,ssd,96000,warm,2,42401.876,20260915-140243-m2-b-qwen3moe-retrieval/stdout.log,44,per_request_from_stdout,True
20261010-075351-f4-rebuild,20260915-140243-m2-b-qwen3moe-retrieval,20260915-140254-m2-retrieval,2026-09-15T14:02:43+00:00,run_start,0,UNOBSERVABLE_HOST,,,b-qwen3-30b-a3b,,96000,m2_harness_mi300x/retrieval_cost_b-qwen3-30b-a3b.csv,2,ssd,96000,warm,3,42396.524,20260915-140243-m2-b-qwen3moe-retrieval/stdout.log,45,per_request_from_stdout,True
20261010-075351-f4-rebuild,20260915-140243-m2-b-qwen3moe-retrieval,20260915-140254-m2-retrieval,2026-09-15T14:02:43+00:00,run_start,0,UNOBSERVABLE_HOST,,,b-qwen3-30b-a3b,,96000,m2_harness_mi300x/retrieval_cost_b-qwen3-30b-a3b.csv,2,drop,96000,cold,0,17951.869,20260915-140243-m2-b-qwen3moe-retrieval/stdout.log,47,per_request_from_stdout,True
20261010-075351-f4-rebuild,20260915-140243-m2-b-qwen3moe-retrieval,20260915-140254-m2-retrieval,2026-09-15T14:02:43+00:00,run_start,0,UNOBSERVABLE_HOST,,,b-qwen3-30b-a3b,,96000,m2_harness_mi300x/retrieval_cost_b-qwen3-30b-a3b.csv,2,drop,96000,cold,1,17845.397,20260915-140243-m2-b-qwen3moe-retrieval/stdout.log,48,per_request_from_stdout,True
20261010-075351-f4-rebuild,20260915-140243-m2-b-qwen3moe-retrieval,20260915-140254-m2-retrieval,2026-09-15T14:02:43+00:00,run_start,0,UNOBSERVABLE_HOST,,,b-qwen3-30b-a3b,,96000,m2_harness_mi300x/retrieval_cost_b-qwen3-30b-a3b.csv,2,drop,96000,cold,2,17874.516,20260915-140243-m2-b-qwen3moe-retrieval/stdout.log,49,per_request_from_stdout,True
20261010-075351-f4-rebuild,20260915-140243-m2-b-qwen3moe-retrieval,20260915-140254-m2-retrieval,2026-09-15T14:02:43+00:00,run_start,0,UNOBSERVABLE_HOST,,,b-qwen3-30b-a3b,,96000,m2_harness_mi300x/retrieval_cost_b-qwen3-30b-a3b.csv,2,drop,96000,cold,3,17885.962,20260915-140243-m2-b-qwen3moe-retrieval/stdout.log,50,per_request_from_stdout,True
20261010-075351-f4-rebuild,20260915-140243-m2-b-qwen3moe-retrieval,20260915-140254-m2-retrieval,2026-09-15T14:02:43+00:00,run_start,0,UNOBSERVABLE_HOST,,,b-qwen3-30b-a3b,,96000,m2_harness_mi300x/retrieval_cost_b-qwen3-30b-a3b.csv,2,drop,96000,warm,0,17855.553,20260915-140243-m2-b-qwen3moe-retrieval/stdout.log,51,per_request_from_stdout,True
20261010-075351-f4-rebuild,20260915-140243-m2-b-qwen3moe-retrieval,20260915-140254-m2-retrieval,2026-09-15T14:02:43+00:00,run_start,0,UNOBSERVABLE_HOST,,,b-qwen3-30b-a3b,,96000,m2_harness_mi300x/retrieval_cost_b-qwen3-30b-a3b.csv,2,drop,96000,warm,1,17878.633,20260915-140243-m2-b-qwen3moe-retrieval/stdout.log,52,per_request_from_stdout,True
20261010-075351-f4-rebuild,20260915-140243-m2-b-qwen3moe-retrieval,20260915-140254-m2-retrieval,2026-09-15T14:02:43+00:00,run_start,0,UNOBSERVABLE_HOST,,,b-qwen3-30b-a3b,,96000,m2_harness_mi300x/retrieval_cost_b-qwen3-30b-a3b.csv,2,drop,96000,warm,2,17893.766,20260915-140243-m2-b-qwen3moe-retrieval/stdout.log,53,per_request_from_stdout,True
20261010-075351-f4-rebuild,20260915-140243-m2-b-qwen3moe-retrieval,20260915-140254-m2-retrieval,2026-09-15T14:02:43+00:00,run_start,0,UNOBSERVABLE_HOST,,,b-qwen3-30b-a3b,,96000,m2_harness_mi300x/retrieval_cost_b-qwen3-30b-a3b.csv,2,drop,96000,warm,3,17905.037,20260915-140243-m2-b-qwen3moe-retrieval/stdout.log,54,per_request_from_stdout,True
20261010-075351-f4-rebuild,20260915-140243-m2-b-qwen3moe-retrieval,20260915-140254-m2-retrieval,2026-09-15T14:02:43+00:00,run_start,0,UNOBSERVABLE_HOST,,,b-qwen3-30b-a3b,,96000,m2_harness_mi300x/retrieval_cost_b-qwen3-30b-a3b.csv,2,gpu_fp8,96000,cold,0,19813.898,20260915-140243-m2-b-qwen3moe-retrieval/stdout.log,56,per_request_from_stdout,True
20261010-075351-f4-rebuild,20260915-140243-m2-b-qwen3moe-retrieval,20260915-140254-m2-retrieval,2026-09-15T14:02:43+00:00,run_start,0,UNOBSERVABLE_HOST,,,b-qwen3-30b-a3b,,96000,m2_harness_mi300x/retrieval_cost_b-qwen3-30b-a3b.csv,2,gpu_fp8,96000,warm,0,829.397,20260915-140243-m2-b-qwen3moe-retrieval/stdout.log,57,per_request_from_stdout,True
20261010-075351-f4-rebuild,20260915-140243-m2-b-qwen3moe-retrieval,20260915-140254-m2-retrieval,2026-09-15T14:02:43+00:00,run_start,0,UNOBSERVABLE_HOST,,,b-qwen3-30b-a3b,,96000,m2_harness_mi300x/retrieval_cost_b-qwen3-30b-a3b.csv,2,gpu_int4,96000,cold,0,84693.63,20260915-140243-m2-b-qwen3moe-retrieval/stdout.log,59,per_request_from_stdout,True
20261010-075351-f4-rebuild,20260915-140243-m2-b-qwen3moe-retrieval,20260915-140254-m2-retrieval,2026-09-15T14:02:43+00:00,run_start,0,UNOBSERVABLE_HOST,,,b-qwen3-30b-a3b,,96000,m2_harness_mi300x/retrieval_cost_b-qwen3-30b-a3b.csv,2,gpu_int4,96000,warm,0,773.318,20260915-140243-m2-b-qwen3moe-retrieval/stdout.log,60,per_request_from_stdout,True
20261010-075351-f4-rebuild,20260915-140243-m2-b-qwen3moe-retrieval,20260915-140254-m2-retrieval,2026-09-15T14:02:43+00:00,run_start,0,UNOBSERVABLE_HOST,,,b-qwen3-30b-a3b,,96000,m2_harness_mi300x/retrieval_cost_b-qwen3-30b-a3b.csv,2,gpu_resident,96000,cold,0,17956.811,20260915-140243-m2-b-qwen3moe-retrieval/stdout.log,62,per_request_from_stdout,True
20261010-075351-f4-rebuild,20260915-140243-m2-b-qwen3moe-retrieval,20260915-140254-m2-retrieval,2026-09-15T14:02:43+00:00,run_start,0,UNOBSERVABLE_HOST,,,b-qwen3-30b-a3b,,96000,m2_harness_mi300x/retrieval_cost_b-qwen3-30b-a3b.csv,2,gpu_resident,96000,warm,0,721.692,20260915-140243-m2-b-qwen3moe-retrieval/stdout.log,63,per_request_from_stdout,True
20261010-075351-f4-rebuild,20260915-140243-m2-b-qwen3moe-retrieval,20260915-140254-m2-retrieval,2026-09-15T14:02:43+00:00,run_start,0,UNOBSERVABLE_HOST,,,b-qwen3-30b-a3b,,96000,m2_harness_mi300x/retrieval_cost_b-qwen3-30b-a3b.csv,3,ssd,96000,cold,0,47074.836,20260915-140243-m2-b-qwen3moe-retrieval/stdout.log,66,per_request_from_stdout,True
20261010-075351-f4-rebuild,20260915-140243-m2-b-qwen3moe-retrieval,20260915-140254-m2-retrieval,2026-09-15T14:02:43+00:00,run_start,0,UNOBSERVABLE_HOST,,,b-qwen3-30b-a3b,,96000,m2_harness_mi300x/retrieval_cost_b-qwen3-30b-a3b.csv,3,ssd,96000,cold,1,47172.334,20260915-140243-m2-b-qwen3moe-retrieval/stdout.log,67,per_request_from_stdout,True
20261010-075351-f4-rebuild,20260915-140243-m2-b-qwen3moe-retrieval,20260915-140254-m2-retrieval,2026-09-15T14:02:43+00:00,run_start,0,UNOBSERVABLE_HOST,,,b-qwen3-30b-a3b,,96000,m2_harness_mi300x/retrieval_cost_b-qwen3-30b-a3b.csv,3,ssd,96000,cold,2,47208.663,20260915-140243-m2-b-qwen3moe-retrieval/stdout.log,68,per_request_from_stdout,True
20261010-075351-f4-rebuild,20260915-140243-m2-b-qwen3moe-retrieval,20260915-140254-m2-retrieval,2026-09-15T14:02:43+00:00,run_start,0,UNOBSERVABLE_HOST,,,b-qwen3-30b-a3b,,96000,m2_harness_mi300x/retrieval_cost_b-qwen3-30b-a3b.csv,3,ssd,96000,cold,3,47210.409,20260915-140243-m2-b-qwen3moe-retrieval/stdout.log,69,per_request_from_stdout,True
20261010-075351-f4-rebuild,20260915-140243-m2-b-qwen3moe-retrieval,20260915-140254-m2-retrieval,2026-09-15T14:02:43+00:00,run_start,0,UNOBSERVABLE_HOST,,,b-qwen3-30b-a3b,,96000,m2_harness_mi300x/retrieval_cost_b-qwen3-30b-a3b.csv,3,ssd,96000,warm,0,42386.688,20260915-140243-m2-b-qwen3moe-retrieval/stdout.log,70,per_request_from_stdout,True
20261010-075351-f4-rebuild,20260915-140243-m2-b-qwen3moe-retrieval,20260915-140254-m2-retrieval,2026-09-15T14:02:43+00:00,run_start,0,UNOBSERVABLE_HOST,,,b-qwen3-30b-a3b,,96000,m2_harness_mi300x/retrieval_cost_b-qwen3-30b-a3b.csv,3,ssd,96000,warm,1,42437.934,20260915-140243-m2-b-qwen3moe-retrieval/stdout.log,71,per_request_from_stdout,True
20261010-075351-f4-rebuild,20260915-140243-m2-b-qwen3moe-retrieval,20260915-140254-m2-retrieval,2026-09-15T14:02:43+00:00,run_start,0,UNOBSERVABLE_HOST,,,b-qwen3-30b-a3b,,96000,m2_harness_mi300x/retrieval_cost_b-qwen3-30b-a3b.csv,3,ssd,96000,warm,2,42503.307,20260915-140243-m2-b-qwen3moe-retrieval/stdout.log,72,per_request_from_stdout,True
20261010-075351-f4-rebuild,20260915-140243-m2-b-qwen3moe-retrieval,20260915-140254-m2-retrieval,2026-09-15T14:02:43+00:00,run_start,0,UNOBSERVABLE_HOST,,,b-qwen3-30b-a3b,,96000,m2_harness_mi300x/retrieval_cost_b-qwen3-30b-a3b.csv,3,ssd,96000,warm,3,42530.595,20260915-140243-m2-b-qwen3moe-retrieval/stdout.log,73,per_request_from_stdout,True
20261010-075351-f4-rebuild,20260915-140243-m2-b-qwen3moe-retrieval,20260915-140254-m2-retrieval,2026-09-15T14:02:43+00:00,run_start,0,UNOBSERVABLE_HOST,,,b-qwen3-30b-a3b,,96000,m2_harness_mi300x/retrieval_cost_b-qwen3-30b-a3b.csv,3,drop,96000,cold,0,17934.875,20260915-140243-m2-b-qwen3moe-retrieval/stdout.log,75,per_request_from_stdout,True
20261010-075351-f4-rebuild,20260915-140243-m2-b-qwen3moe-retrieval,20260915-140254-m2-retrieval,2026-09-15T14:02:43+00:00,run_start,0,UNOBSERVABLE_HOST,,,b-qwen3-30b-a3b,,96000,m2_harness_mi300x/retrieval_cost_b-qwen3-30b-a3b.csv,3,drop,96000,cold,1,17859.308,20260915-140243-m2-b-qwen3moe-retrieval/stdout.log,76,per_request_from_stdout,True
20261010-075351-f4-rebuild,20260915-140243-m2-b-qwen3moe-retrieval,20260915-140254-m2-retrieval,2026-09-15T14:02:43+00:00,run_start,0,UNOBSERVABLE_HOST,,,b-qwen3-30b-a3b,,96000,m2_harness_mi300x/retrieval_cost_b-qwen3-30b-a3b.csv,3,drop,96000,cold,2,17889.362,20260915-140243-m2-b-qwen3moe-retrieval/stdout.log,77,per_request_from_stdout,True
20261010-075351-f4-rebuild,20260915-140243-m2-b-qwen3moe-retrieval,20260915-140254-m2-retrieval,2026-09-15T14:02:43+00:00,run_start,0,UNOBSERVABLE_HOST,,,b-qwen3-30b-a3b,,96000,m2_harness_mi300x/retrieval_cost_b-qwen3-30b-a3b.csv,3,drop,96000,cold,3,17888.221,20260915-140243-m2-b-qwen3moe-retrieval/stdout.log,78,per_request_from_stdout,True
20261010-075351-f4-rebuild,20260915-140243-m2-b-qwen3moe-retrieval,20260915-140254-m2-retrieval,2026-09-15T14:02:43+00:00,run_start,0,UNOBSERVABLE_HOST,,,b-qwen3-30b-a3b,,96000,m2_harness_mi300x/retrieval_cost_b-qwen3-30b-a3b.csv,3,drop,96000,warm,0,17861.987,20260915-140243-m2-b-qwen3moe-retrieval/stdout.log,79,per_request_from_stdout,True
20261010-075351-f4-rebuild,20260915-140243-m2-b-qwen3moe-retrieval,20260915-140254-m2-retrieval,2026-09-15T14:02:43+00:00,run_start,0,UNOBSERVABLE_HOST,,,b-qwen3-30b-a3b,,96000,m2_harness_mi300x/retrieval_cost_b-qwen3-30b-a3b.csv,3,drop,96000,warm,1,17888.557,20260915-140243-m2-b-qwen3moe-retrieval/stdout.log,80,per_request_from_stdout,True
20261010-075351-f4-rebuild,20260915-140243-m2-b-qwen3moe-retrieval,20260915-140254-m2-retrieval,2026-09-15T14:02:43+00:00,run_start,0,UNOBSERVABLE_HOST,,,b-qwen3-30b-a3b,,96000,m2_harness_mi300x/retrieval_cost_b-qwen3-30b-a3b.csv,3,drop,96000,warm,2,17912.009,20260915-140243-m2-b-qwen3moe-retrieval/stdout.log,81,per_request_from_stdout,True
20261010-075351-f4-rebuild,20260915-140243-m2-b-qwen3moe-retrieval,20260915-140254-m2-retrieval,2026-09-15T14:02:43+00:00,run_start,0,UNOBSERVABLE_HOST,,,b-qwen3-30b-a3b,,96000,m2_harness_mi300x/retrieval_cost_b-qwen3-30b-a3b.csv,3,drop,96000,warm,3,17910.941,20260915-140243-m2-b-qwen3moe-retrieval/stdout.log,82,per_request_from_stdout,True
20261010-075351-f4-rebuild,20260915-140243-m2-b-qwen3moe-retrieval,20260915-140254-m2-retrieval,2026-09-15T14:02:43+00:00,run_start,0,UNOBSERVABLE_HOST,,,b-qwen3-30b-a3b,,96000,m2_harness_mi300x/retrieval_cost_b-qwen3-30b-a3b.csv,3,gpu_fp8,96000,cold,0,19742.992,20260915-140243-m2-b-qwen3moe-retrieval/stdout.log,84,per_request_from_stdout,True
20261010-075351-f4-rebuild,20260915-140243-m2-b-qwen3moe-retrieval,20260915-140254-m2-retrieval,2026-09-15T14:02:43+00:00,run_start,0,UNOBSERVABLE_HOST,,,b-qwen3-30b-a3b,,96000,m2_harness_mi300x/retrieval_cost_b-qwen3-30b-a3b.csv,3,gpu_fp8,96000,warm,0,800.234,20260915-140243-m2-b-qwen3moe-retrieval/stdout.log,85,per_request_from_stdout,True
20261010-075351-f4-rebuild,20260915-140243-m2-b-qwen3moe-retrieval,20260915-140254-m2-retrieval,2026-09-15T14:02:43+00:00,run_start,0,UNOBSERVABLE_HOST,,,b-qwen3-30b-a3b,,96000,m2_harness_mi300x/retrieval_cost_b-qwen3-30b-a3b.csv,3,gpu_int4,96000,cold,0,84553.717,20260915-140243-m2-b-qwen3moe-retrieval/stdout.log,87,per_request_from_stdout,True
20261010-075351-f4-rebuild,20260915-140243-m2-b-qwen3moe-retrieval,20260915-140254-m2-retrieval,2026-09-15T14:02:43+00:00,run_start,0,UNOBSERVABLE_HOST,,,b-qwen3-30b-a3b,,96000,m2_harness_mi300x/retrieval_cost_b-qwen3-30b-a3b.csv,3,gpu_int4,96000,warm,0,784.796,20260915-140243-m2-b-qwen3moe-retrieval/stdout.log,88,per_request_from_stdout,True
20261010-075351-f4-rebuild,20260915-140243-m2-b-qwen3moe-retrieval,20260915-140254-m2-retrieval,2026-09-15T14:02:43+00:00,run_start,0,UNOBSERVABLE_HOST,,,b-qwen3-30b-a3b,,96000,m2_harness_mi300x/retrieval_cost_b-qwen3-30b-a3b.csv,3,gpu_resident,96000,cold,0,17930.197,20260915-140243-m2-b-qwen3moe-retrieval/stdout.log,90,per_request_from_stdout,True
20261010-075351-f4-rebuild,20260915-140243-m2-b-qwen3moe-retrieval,20260915-140254-m2-retrieval,2026-09-15T14:02:43+00:00,run_start,0,UNOBSERVABLE_HOST,,,b-qwen3-30b-a3b,,96000,m2_harness_mi300x/retrieval_cost_b-qwen3-30b-a3b.csv,3,gpu_resident,96000,warm,0,753.815,20260915-140243-m2-b-qwen3moe-retrieval/stdout.log,91,per_request_from_stdout,True
20261010-075351-f4-rebuild,20260915-151249-m2-b-seedoss-retrieval,20260915-151300-m2-retrieval,2026-09-15T15:12:49+00:00,run_start,0,UNOBSERVABLE_HOST,,,b-seedoss36b,,96000,m2_harness_mi300x/retrieval_cost_b-seedoss36b.csv,1,gpu_resident,96000,cold,0,64112.031,20260915-151249-m2-b-seedoss-retrieval/stdout.log,6,per_request_from_stdout,True
20261010-075351-f4-rebuild,20260915-151249-m2-b-seedoss-retrieval,20260915-151300-m2-retrieval,2026-09-15T15:12:49+00:00,run_start,0,UNOBSERVABLE_HOST,,,b-seedoss36b,,96000,m2_harness_mi300x/retrieval_cost_b-seedoss36b.csv,1,gpu_resident,96000,warm,0,883.466,20260915-151249-m2-b-seedoss-retrieval/stdout.log,7,per_request_from_stdout,True
20261010-075351-f4-rebuild,20260915-151249-m2-b-seedoss-retrieval,20260915-151300-m2-retrieval,2026-09-15T15:12:49+00:00,run_start,0,UNOBSERVABLE_HOST,,,b-seedoss36b,,96000,m2_harness_mi300x/retrieval_cost_b-seedoss36b.csv,1,drop,96000,cold,0,63906.136,20260915-151249-m2-b-seedoss-retrieval/stdout.log,13,per_request_from_stdout,True
20261010-075351-f4-rebuild,20260915-151249-m2-b-seedoss-retrieval,20260915-151300-m2-retrieval,2026-09-15T15:12:49+00:00,run_start,0,UNOBSERVABLE_HOST,,,b-seedoss36b,,96000,m2_harness_mi300x/retrieval_cost_b-seedoss36b.csv,1,drop,96000,cold,1,63910.484,20260915-151249-m2-b-seedoss-retrieval/stdout.log,14,per_request_from_stdout,True
20261010-075351-f4-rebuild,20260915-151249-m2-b-seedoss-retrieval,20260915-151300-m2-retrieval,2026-09-15T15:12:49+00:00,run_start,0,UNOBSERVABLE_HOST,,,b-seedoss36b,,96000,m2_harness_mi300x/retrieval_cost_b-seedoss36b.csv,1,drop,96000,cold,2,63965.493,20260915-151249-m2-b-seedoss-retrieval/stdout.log,15,per_request_from_stdout,True
20261010-075351-f4-rebuild,20260915-151249-m2-b-seedoss-retrieval,20260915-151300-m2-retrieval,2026-09-15T15:12:49+00:00,run_start,0,UNOBSERVABLE_HOST,,,b-seedoss36b,,96000,m2_harness_mi300x/retrieval_cost_b-seedoss36b.csv,1,drop,96000,cold,3,63960.034,20260915-151249-m2-b-seedoss-retrieval/stdout.log,16,per_request_from_stdout,True
20261010-075351-f4-rebuild,20260915-151249-m2-b-seedoss-retrieval,20260915-151300-m2-retrieval,2026-09-15T15:12:49+00:00,run_start,0,UNOBSERVABLE_HOST,,,b-seedoss36b,,96000,m2_harness_mi300x/retrieval_cost_b-seedoss36b.csv,1,drop,96000,warm,0,63955.274,20260915-151249-m2-b-seedoss-retrieval/stdout.log,17,per_request_from_stdout,True
20261010-075351-f4-rebuild,20260915-151249-m2-b-seedoss-retrieval,20260915-151300-m2-retrieval,2026-09-15T15:12:49+00:00,run_start,0,UNOBSERVABLE_HOST,,,b-seedoss36b,,96000,m2_harness_mi300x/retrieval_cost_b-seedoss36b.csv,1,drop,96000,warm,1,63948.541,20260915-151249-m2-b-seedoss-retrieval/stdout.log,18,per_request_from_stdout,True
20261010-075351-f4-rebuild,20260915-151249-m2-b-seedoss-retrieval,20260915-151300-m2-retrieval,2026-09-15T15:12:49+00:00,run_start,0,UNOBSERVABLE_HOST,,,b-seedoss36b,,96000,m2_harness_mi300x/retrieval_cost_b-seedoss36b.csv,1,drop,96000,warm,2,63982.207,20260915-151249-m2-b-seedoss-retrieval/stdout.log,19,per_request_from_stdout,True
20261010-075351-f4-rebuild,20260915-151249-m2-b-seedoss-retrieval,20260915-151300-m2-retrieval,2026-09-15T15:12:49+00:00,run_start,0,UNOBSERVABLE_HOST,,,b-seedoss36b,,96000,m2_harness_mi300x/retrieval_cost_b-seedoss36b.csv,1,drop,96000,warm,3,63960.717,20260915-151249-m2-b-seedoss-retrieval/stdout.log,20,per_request_from_stdout,True
20261010-075351-f4-rebuild,20260915-151249-m2-b-seedoss-retrieval,20260915-151300-m2-retrieval,2026-09-15T15:12:49+00:00,run_start,0,UNOBSERVABLE_HOST,,,b-seedoss36b,,96000,m2_harness_mi300x/retrieval_cost_b-seedoss36b.csv,1,gpu_fp8,96000,cold,0,68316.071,20260915-151249-m2-b-seedoss-retrieval/stdout.log,22,per_request_from_stdout,True
20261010-075351-f4-rebuild,20260915-151249-m2-b-seedoss-retrieval,20260915-151300-m2-retrieval,2026-09-15T15:12:49+00:00,run_start,0,UNOBSERVABLE_HOST,,,b-seedoss36b,,96000,m2_harness_mi300x/retrieval_cost_b-seedoss36b.csv,1,gpu_fp8,96000,warm,0,924.877,20260915-151249-m2-b-seedoss-retrieval/stdout.log,23,per_request_from_stdout,True
20261010-075351-f4-rebuild,20260915-151249-m2-b-seedoss-retrieval,20260915-151300-m2-retrieval,2026-09-15T15:12:49+00:00,run_start,0,UNOBSERVABLE_HOST,,,b-seedoss36b,,96000,m2_harness_mi300x/retrieval_cost_b-seedoss36b.csv,1,gpu_int4,96000,cold,0,443610.196,20260915-151249-m2-b-seedoss-retrieval/stdout.log,25,per_request_from_stdout,True
20261010-075351-f4-rebuild,20260915-151249-m2-b-seedoss-retrieval,20260915-151300-m2-retrieval,2026-09-15T15:12:49+00:00,run_start,0,UNOBSERVABLE_HOST,,,b-seedoss36b,,96000,m2_harness_mi300x/retrieval_cost_b-seedoss36b.csv,1,gpu_int4,96000,warm,0,885.778,20260915-151249-m2-b-seedoss-retrieval/stdout.log,26,per_request_from_stdout,True
20261010-075351-f4-rebuild,20260915-151249-m2-b-seedoss-retrieval,20260915-151300-m2-retrieval,2026-09-15T15:12:49+00:00,run_start,0,UNOBSERVABLE_HOST,,,b-seedoss36b,,96000,m2_harness_mi300x/retrieval_cost_b-seedoss36b.csv,2,drop,96000,cold,0,63916.203,20260915-151249-m2-b-seedoss-retrieval/stdout.log,33,per_request_from_stdout,True
20261010-075351-f4-rebuild,20260915-151249-m2-b-seedoss-retrieval,20260915-151300-m2-retrieval,2026-09-15T15:12:49+00:00,run_start,0,UNOBSERVABLE_HOST,,,b-seedoss36b,,96000,m2_harness_mi300x/retrieval_cost_b-seedoss36b.csv,2,drop,96000,cold,1,63921.25,20260915-151249-m2-b-seedoss-retrieval/stdout.log,34,per_request_from_stdout,True
20261010-075351-f4-rebuild,20260915-151249-m2-b-seedoss-retrieval,20260915-151300-m2-retrieval,2026-09-15T15:12:49+00:00,run_start,0,UNOBSERVABLE_HOST,,,b-seedoss36b,,96000,m2_harness_mi300x/retrieval_cost_b-seedoss36b.csv,2,drop,96000,cold,2,63983.65,20260915-151249-m2-b-seedoss-retrieval/stdout.log,35,per_request_from_stdout,True
20261010-075351-f4-rebuild,20260915-151249-m2-b-seedoss-retrieval,20260915-151300-m2-retrieval,2026-09-15T15:12:49+00:00,run_start,0,UNOBSERVABLE_HOST,,,b-seedoss36b,,96000,m2_harness_mi300x/retrieval_cost_b-seedoss36b.csv,2,drop,96000,cold,3,63995.669,20260915-151249-m2-b-seedoss-retrieval/stdout.log,36,per_request_from_stdout,True
20261010-075351-f4-rebuild,20260915-151249-m2-b-seedoss-retrieval,20260915-151300-m2-retrieval,2026-09-15T15:12:49+00:00,run_start,0,UNOBSERVABLE_HOST,,,b-seedoss36b,,96000,m2_harness_mi300x/retrieval_cost_b-seedoss36b.csv,2,drop,96000,warm,0,63960.289,20260915-151249-m2-b-seedoss-retrieval/stdout.log,37,per_request_from_stdout,True
20261010-075351-f4-rebuild,20260915-151249-m2-b-seedoss-retrieval,20260915-151300-m2-retrieval,2026-09-15T15:12:49+00:00,run_start,0,UNOBSERVABLE_HOST,,,b-seedoss36b,,96000,m2_harness_mi300x/retrieval_cost_b-seedoss36b.csv,2,drop,96000,warm,1,63954.953,20260915-151249-m2-b-seedoss-retrieval/stdout.log,38,per_request_from_stdout,True
20261010-075351-f4-rebuild,20260915-151249-m2-b-seedoss-retrieval,20260915-151300-m2-retrieval,2026-09-15T15:12:49+00:00,run_start,0,UNOBSERVABLE_HOST,,,b-seedoss36b,,96000,m2_harness_mi300x/retrieval_cost_b-seedoss36b.csv,2,drop,96000,warm,2,64002.694,20260915-151249-m2-b-seedoss-retrieval/stdout.log,39,per_request_from_stdout,True
20261010-075351-f4-rebuild,20260915-151249-m2-b-seedoss-retrieval,20260915-151300-m2-retrieval,2026-09-15T15:12:49+00:00,run_start,0,UNOBSERVABLE_HOST,,,b-seedoss36b,,96000,m2_harness_mi300x/retrieval_cost_b-seedoss36b.csv,2,drop,96000,warm,3,64020.987,20260915-151249-m2-b-seedoss-retrieval/stdout.log,40,per_request_from_stdout,True
20261010-075351-f4-rebuild,20260915-151249-m2-b-seedoss-retrieval,20260915-151300-m2-retrieval,2026-09-15T15:12:49+00:00,run_start,0,UNOBSERVABLE_HOST,,,b-seedoss36b,,96000,m2_harness_mi300x/retrieval_cost_b-seedoss36b.csv,2,gpu_fp8,96000,cold,0,68301.961,20260915-151249-m2-b-seedoss-retrieval/stdout.log,42,per_request_from_stdout,True
20261010-075351-f4-rebuild,20260915-151249-m2-b-seedoss-retrieval,20260915-151300-m2-retrieval,2026-09-15T15:12:49+00:00,run_start,0,UNOBSERVABLE_HOST,,,b-seedoss36b,,96000,m2_harness_mi300x/retrieval_cost_b-seedoss36b.csv,2,gpu_fp8,96000,warm,0,923.239,20260915-151249-m2-b-seedoss-retrieval/stdout.log,43,per_request_from_stdout,True
20261010-075351-f4-rebuild,20260915-151249-m2-b-seedoss-retrieval,20260915-151300-m2-retrieval,2026-09-15T15:12:49+00:00,run_start,0,UNOBSERVABLE_HOST,,,b-seedoss36b,,96000,m2_harness_mi300x/retrieval_cost_b-seedoss36b.csv,2,gpu_int4,96000,cold,0,442851.798,20260915-151249-m2-b-seedoss-retrieval/stdout.log,45,per_request_from_stdout,True
20261010-075351-f4-rebuild,20260915-151249-m2-b-seedoss-retrieval,20260915-151300-m2-retrieval,2026-09-15T15:12:49+00:00,run_start,0,UNOBSERVABLE_HOST,,,b-seedoss36b,,96000,m2_harness_mi300x/retrieval_cost_b-seedoss36b.csv,2,gpu_int4,96000,warm,0,875.724,20260915-151249-m2-b-seedoss-retrieval/stdout.log,46,per_request_from_stdout,True
20261010-075351-f4-rebuild,20260915-151249-m2-b-seedoss-retrieval,20260915-151300-m2-retrieval,2026-09-15T15:12:49+00:00,run_start,0,UNOBSERVABLE_HOST,,,b-seedoss36b,,96000,m2_harness_mi300x/retrieval_cost_b-seedoss36b.csv,2,gpu_resident,96000,cold,0,63946.775,20260915-151249-m2-b-seedoss-retrieval/stdout.log,48,per_request_from_stdout,True
20261010-075351-f4-rebuild,20260915-151249-m2-b-seedoss-retrieval,20260915-151300-m2-retrieval,2026-09-15T15:12:49+00:00,run_start,0,UNOBSERVABLE_HOST,,,b-seedoss36b,,96000,m2_harness_mi300x/retrieval_cost_b-seedoss36b.csv,2,gpu_resident,96000,warm,0,878.853,20260915-151249-m2-b-seedoss-retrieval/stdout.log,49,per_request_from_stdout,True
20261010-075351-f4-rebuild,20260915-151249-m2-b-seedoss-retrieval,20260915-151300-m2-retrieval,2026-09-15T15:12:49+00:00,run_start,0,UNOBSERVABLE_HOST,,,b-seedoss36b,,96000,m2_harness_mi300x/retrieval_cost_b-seedoss36b.csv,3,drop,96000,cold,0,63863.836,20260915-151249-m2-b-seedoss-retrieval/stdout.log,54,per_request_from_stdout,True
20261010-075351-f4-rebuild,20260915-151249-m2-b-seedoss-retrieval,20260915-151300-m2-retrieval,2026-09-15T15:12:49+00:00,run_start,0,UNOBSERVABLE_HOST,,,b-seedoss36b,,96000,m2_harness_mi300x/retrieval_cost_b-seedoss36b.csv,3,drop,96000,cold,1,63879.065,20260915-151249-m2-b-seedoss-retrieval/stdout.log,55,per_request_from_stdout,True
20261010-075351-f4-rebuild,20260915-151249-m2-b-seedoss-retrieval,20260915-151300-m2-retrieval,2026-09-15T15:12:49+00:00,run_start,0,UNOBSERVABLE_HOST,,,b-seedoss36b,,96000,m2_harness_mi300x/retrieval_cost_b-seedoss36b.csv,3,drop,96000,cold,2,63943.542,20260915-151249-m2-b-seedoss-retrieval/stdout.log,56,per_request_from_stdout,True
20261010-075351-f4-rebuild,20260915-151249-m2-b-seedoss-retrieval,20260915-151300-m2-retrieval,2026-09-15T15:12:49+00:00,run_start,0,UNOBSERVABLE_HOST,,,b-seedoss36b,,96000,m2_harness_mi300x/retrieval_cost_b-seedoss36b.csv,3,drop,96000,cold,3,63938.712,20260915-151249-m2-b-seedoss-retrieval/stdout.log,57,per_request_from_stdout,True
20261010-075351-f4-rebuild,20260915-151249-m2-b-seedoss-retrieval,20260915-151300-m2-retrieval,2026-09-15T15:12:49+00:00,run_start,0,UNOBSERVABLE_HOST,,,b-seedoss36b,,96000,m2_harness_mi300x/retrieval_cost_b-seedoss36b.csv,3,drop,96000,warm,0,63917.338,20260915-151249-m2-b-seedoss-retrieval/stdout.log,58,per_request_from_stdout,True
20261010-075351-f4-rebuild,20260915-151249-m2-b-seedoss-retrieval,20260915-151300-m2-retrieval,2026-09-15T15:12:49+00:00,run_start,0,UNOBSERVABLE_HOST,,,b-seedoss36b,,96000,m2_harness_mi300x/retrieval_cost_b-seedoss36b.csv,3,drop,96000,warm,1,63938.732,20260915-151249-m2-b-seedoss-retrieval/stdout.log,59,per_request_from_stdout,True
20261010-075351-f4-rebuild,20260915-151249-m2-b-seedoss-retrieval,20260915-151300-m2-retrieval,2026-09-15T15:12:49+00:00,run_start,0,UNOBSERVABLE_HOST,,,b-seedoss36b,,96000,m2_harness_mi300x/retrieval_cost_b-seedoss36b.csv,3,drop,96000,warm,2,63976.773,20260915-151249-m2-b-seedoss-retrieval/stdout.log,60,per_request_from_stdout,True
20261010-075351-f4-rebuild,20260915-151249-m2-b-seedoss-retrieval,20260915-151300-m2-retrieval,2026-09-15T15:12:49+00:00,run_start,0,UNOBSERVABLE_HOST,,,b-seedoss36b,,96000,m2_harness_mi300x/retrieval_cost_b-seedoss36b.csv,3,drop,96000,warm,3,63959.068,20260915-151249-m2-b-seedoss-retrieval/stdout.log,61,per_request_from_stdout,True
20261010-075351-f4-rebuild,20260915-151249-m2-b-seedoss-retrieval,20260915-151300-m2-retrieval,2026-09-15T15:12:49+00:00,run_start,0,UNOBSERVABLE_HOST,,,b-seedoss36b,,96000,m2_harness_mi300x/retrieval_cost_b-seedoss36b.csv,3,gpu_fp8,96000,cold,0,68323.755,20260915-151249-m2-b-seedoss-retrieval/stdout.log,63,per_request_from_stdout,True
20261010-075351-f4-rebuild,20260915-151249-m2-b-seedoss-retrieval,20260915-151300-m2-retrieval,2026-09-15T15:12:49+00:00,run_start,0,UNOBSERVABLE_HOST,,,b-seedoss36b,,96000,m2_harness_mi300x/retrieval_cost_b-seedoss36b.csv,3,gpu_fp8,96000,warm,0,937.705,20260915-151249-m2-b-seedoss-retrieval/stdout.log,64,per_request_from_stdout,True
20261010-075351-f4-rebuild,20260915-151249-m2-b-seedoss-retrieval,20260915-151300-m2-retrieval,2026-09-15T15:12:49+00:00,run_start,0,UNOBSERVABLE_HOST,,,b-seedoss36b,,96000,m2_harness_mi300x/retrieval_cost_b-seedoss36b.csv,3,gpu_int4,96000,cold,0,442982.919,20260915-151249-m2-b-seedoss-retrieval/stdout.log,66,per_request_from_stdout,True
20261010-075351-f4-rebuild,20260915-151249-m2-b-seedoss-retrieval,20260915-151300-m2-retrieval,2026-09-15T15:12:49+00:00,run_start,0,UNOBSERVABLE_HOST,,,b-seedoss36b,,96000,m2_harness_mi300x/retrieval_cost_b-seedoss36b.csv,3,gpu_int4,96000,warm,0,886.736,20260915-151249-m2-b-seedoss-retrieval/stdout.log,67,per_request_from_stdout,True
20261010-075351-f4-rebuild,20260915-151249-m2-b-seedoss-retrieval,20260915-151300-m2-retrieval,2026-09-15T15:12:49+00:00,run_start,0,UNOBSERVABLE_HOST,,,b-seedoss36b,,96000,m2_harness_mi300x/retrieval_cost_b-seedoss36b.csv,3,gpu_resident,96000,cold,0,63927.346,20260915-151249-m2-b-seedoss-retrieval/stdout.log,69,per_request_from_stdout,True
20261010-075351-f4-rebuild,20260915-151249-m2-b-seedoss-retrieval,20260915-151300-m2-retrieval,2026-09-15T15:12:49+00:00,run_start,0,UNOBSERVABLE_HOST,,,b-seedoss36b,,96000,m2_harness_mi300x/retrieval_cost_b-seedoss36b.csv,3,gpu_resident,96000,warm,0,851.114,20260915-151249-m2-b-seedoss-retrieval/stdout.log,70,per_request_from_stdout,True
20261010-075351-f4-rebuild,20260915-180626-m2-b-qwen7b-retrieval-v2,20260915-180638-m2-retrieval,2026-09-15T18:06:26+00:00,run_start,0,UNOBSERVABLE_HOST,,,b-qwen7b-1m,_v2,96000,m2_harness_mi300x/retrieval_cost_b-qwen7b-1m_v2.csv,1,gpu_resident,96000,cold,0,11148.805,20260915-180626-m2-b-qwen7b-retrieval-v2/stdout.log,6,per_request_from_stdout,True
20261010-075351-f4-rebuild,20260915-180626-m2-b-qwen7b-retrieval-v2,20260915-180638-m2-retrieval,2026-09-15T18:06:26+00:00,run_start,0,UNOBSERVABLE_HOST,,,b-qwen7b-1m,_v2,96000,m2_harness_mi300x/retrieval_cost_b-qwen7b-1m_v2.csv,1,gpu_resident,96000,warm,0,636.096,20260915-180626-m2-b-qwen7b-retrieval-v2/stdout.log,7,per_request_from_stdout,True
20261010-075351-f4-rebuild,20260915-180626-m2-b-qwen7b-retrieval-v2,20260915-180638-m2-retrieval,2026-09-15T18:06:26+00:00,run_start,0,UNOBSERVABLE_HOST,,,b-qwen7b-1m,_v2,96000,m2_harness_mi300x/retrieval_cost_b-qwen7b-1m_v2.csv,1,cpu,96000,cold,0,25904.779,20260915-180626-m2-b-qwen7b-retrieval-v2/stdout.log,9,per_request_from_stdout,True
20261010-075351-f4-rebuild,20260915-180626-m2-b-qwen7b-retrieval-v2,20260915-180638-m2-retrieval,2026-09-15T18:06:26+00:00,run_start,0,UNOBSERVABLE_HOST,,,b-qwen7b-1m,_v2,96000,m2_harness_mi300x/retrieval_cost_b-qwen7b-1m_v2.csv,1,cpu,96000,cold,1,25948.36,20260915-180626-m2-b-qwen7b-retrieval-v2/stdout.log,10,per_request_from_stdout,True
20261010-075351-f4-rebuild,20260915-180626-m2-b-qwen7b-retrieval-v2,20260915-180638-m2-retrieval,2026-09-15T18:06:26+00:00,run_start,0,UNOBSERVABLE_HOST,,,b-qwen7b-1m,_v2,96000,m2_harness_mi300x/retrieval_cost_b-qwen7b-1m_v2.csv,1,cpu,96000,cold,2,25612.091,20260915-180626-m2-b-qwen7b-retrieval-v2/stdout.log,11,per_request_from_stdout,True
20261010-075351-f4-rebuild,20260915-180626-m2-b-qwen7b-retrieval-v2,20260915-180638-m2-retrieval,2026-09-15T18:06:26+00:00,run_start,0,UNOBSERVABLE_HOST,,,b-qwen7b-1m,_v2,96000,m2_harness_mi300x/retrieval_cost_b-qwen7b-1m_v2.csv,1,cpu,96000,cold,3,25979.983,20260915-180626-m2-b-qwen7b-retrieval-v2/stdout.log,12,per_request_from_stdout,True
20261010-075351-f4-rebuild,20260915-180626-m2-b-qwen7b-retrieval-v2,20260915-180638-m2-retrieval,2026-09-15T18:06:26+00:00,run_start,0,UNOBSERVABLE_HOST,,,b-qwen7b-1m,_v2,96000,m2_harness_mi300x/retrieval_cost_b-qwen7b-1m_v2.csv,1,cpu,96000,warm,0,2904.622,20260915-180626-m2-b-qwen7b-retrieval-v2/stdout.log,13,per_request_from_stdout,True
20261010-075351-f4-rebuild,20260915-180626-m2-b-qwen7b-retrieval-v2,20260915-180638-m2-retrieval,2026-09-15T18:06:26+00:00,run_start,0,UNOBSERVABLE_HOST,,,b-qwen7b-1m,_v2,96000,m2_harness_mi300x/retrieval_cost_b-qwen7b-1m_v2.csv,1,cpu,96000,warm,1,2911.823,20260915-180626-m2-b-qwen7b-retrieval-v2/stdout.log,14,per_request_from_stdout,True
20261010-075351-f4-rebuild,20260915-180626-m2-b-qwen7b-retrieval-v2,20260915-180638-m2-retrieval,2026-09-15T18:06:26+00:00,run_start,0,UNOBSERVABLE_HOST,,,b-qwen7b-1m,_v2,96000,m2_harness_mi300x/retrieval_cost_b-qwen7b-1m_v2.csv,1,cpu,96000,warm,2,2917.075,20260915-180626-m2-b-qwen7b-retrieval-v2/stdout.log,15,per_request_from_stdout,True
20261010-075351-f4-rebuild,20260915-180626-m2-b-qwen7b-retrieval-v2,20260915-180638-m2-retrieval,2026-09-15T18:06:26+00:00,run_start,0,UNOBSERVABLE_HOST,,,b-qwen7b-1m,_v2,96000,m2_harness_mi300x/retrieval_cost_b-qwen7b-1m_v2.csv,1,cpu,96000,warm,3,2895.641,20260915-180626-m2-b-qwen7b-retrieval-v2/stdout.log,16,per_request_from_stdout,True
20261010-075351-f4-rebuild,20260915-180626-m2-b-qwen7b-retrieval-v2,20260915-180638-m2-retrieval,2026-09-15T18:06:26+00:00,run_start,0,UNOBSERVABLE_HOST,,,b-qwen7b-1m,_v2,96000,m2_harness_mi300x/retrieval_cost_b-qwen7b-1m_v2.csv,1,ssd,96000,cold,0,25967.378,20260915-180626-m2-b-qwen7b-retrieval-v2/stdout.log,19,per_request_from_stdout,True
20261010-075351-f4-rebuild,20260915-180626-m2-b-qwen7b-retrieval-v2,20260915-180638-m2-retrieval,2026-09-15T18:06:26+00:00,run_start,0,UNOBSERVABLE_HOST,,,b-qwen7b-1m,_v2,96000,m2_harness_mi300x/retrieval_cost_b-qwen7b-1m_v2.csv,1,ssd,96000,cold,1,26081.022,20260915-180626-m2-b-qwen7b-retrieval-v2/stdout.log,20,per_request_from_stdout,True
20261010-075351-f4-rebuild,20260915-180626-m2-b-qwen7b-retrieval-v2,20260915-180638-m2-retrieval,2026-09-15T18:06:26+00:00,run_start,0,UNOBSERVABLE_HOST,,,b-qwen7b-1m,_v2,96000,m2_harness_mi300x/retrieval_cost_b-qwen7b-1m_v2.csv,1,ssd,96000,cold,2,25707.862,20260915-180626-m2-b-qwen7b-retrieval-v2/stdout.log,21,per_request_from_stdout,True
20261010-075351-f4-rebuild,20260915-180626-m2-b-qwen7b-retrieval-v2,20260915-180638-m2-retrieval,2026-09-15T18:06:26+00:00,run_start,0,UNOBSERVABLE_HOST,,,b-qwen7b-1m,_v2,96000,m2_harness_mi300x/retrieval_cost_b-qwen7b-1m_v2.csv,1,ssd,96000,cold,3,26075.755,20260915-180626-m2-b-qwen7b-retrieval-v2/stdout.log,22,per_request_from_stdout,True
20261010-075351-f4-rebuild,20260915-180626-m2-b-qwen7b-retrieval-v2,20260915-180638-m2-retrieval,2026-09-15T18:06:26+00:00,run_start,0,UNOBSERVABLE_HOST,,,b-qwen7b-1m,_v2,96000,m2_harness_mi300x/retrieval_cost_b-qwen7b-1m_v2.csv,1,ssd,96000,warm,0,4933.976,20260915-180626-m2-b-qwen7b-retrieval-v2/stdout.log,23,per_request_from_stdout,True
20261010-075351-f4-rebuild,20260915-180626-m2-b-qwen7b-retrieval-v2,20260915-180638-m2-retrieval,2026-09-15T18:06:26+00:00,run_start,0,UNOBSERVABLE_HOST,,,b-qwen7b-1m,_v2,96000,m2_harness_mi300x/retrieval_cost_b-qwen7b-1m_v2.csv,1,ssd,96000,warm,1,4938.648,20260915-180626-m2-b-qwen7b-retrieval-v2/stdout.log,24,per_request_from_stdout,True
20261010-075351-f4-rebuild,20260915-180626-m2-b-qwen7b-retrieval-v2,20260915-180638-m2-retrieval,2026-09-15T18:06:26+00:00,run_start,0,UNOBSERVABLE_HOST,,,b-qwen7b-1m,_v2,96000,m2_harness_mi300x/retrieval_cost_b-qwen7b-1m_v2.csv,1,ssd,96000,warm,2,4891.166,20260915-180626-m2-b-qwen7b-retrieval-v2/stdout.log,25,per_request_from_stdout,True
20261010-075351-f4-rebuild,20260915-180626-m2-b-qwen7b-retrieval-v2,20260915-180638-m2-retrieval,2026-09-15T18:06:26+00:00,run_start,0,UNOBSERVABLE_HOST,,,b-qwen7b-1m,_v2,96000,m2_harness_mi300x/retrieval_cost_b-qwen7b-1m_v2.csv,1,ssd,96000,warm,3,4914.569,20260915-180626-m2-b-qwen7b-retrieval-v2/stdout.log,26,per_request_from_stdout,True
20261010-075351-f4-rebuild,20260915-180626-m2-b-qwen7b-retrieval-v2,20260915-180638-m2-retrieval,2026-09-15T18:06:26+00:00,run_start,0,UNOBSERVABLE_HOST,,,b-qwen7b-1m,_v2,96000,m2_harness_mi300x/retrieval_cost_b-qwen7b-1m_v2.csv,1,drop,96000,cold,0,10744.581,20260915-180626-m2-b-qwen7b-retrieval-v2/stdout.log,29,per_request_from_stdout,True
20261010-075351-f4-rebuild,20260915-180626-m2-b-qwen7b-retrieval-v2,20260915-180638-m2-retrieval,2026-09-15T18:06:26+00:00,run_start,0,UNOBSERVABLE_HOST,,,b-qwen7b-1m,_v2,96000,m2_harness_mi300x/retrieval_cost_b-qwen7b-1m_v2.csv,1,drop,96000,cold,1,10676.962,20260915-180626-m2-b-qwen7b-retrieval-v2/stdout.log,30,per_request_from_stdout,True
20261010-075351-f4-rebuild,20260915-180626-m2-b-qwen7b-retrieval-v2,20260915-180638-m2-retrieval,2026-09-15T18:06:26+00:00,run_start,0,UNOBSERVABLE_HOST,,,b-qwen7b-1m,_v2,96000,m2_harness_mi300x/retrieval_cost_b-qwen7b-1m_v2.csv,1,drop,96000,cold,2,10693.681,20260915-180626-m2-b-qwen7b-retrieval-v2/stdout.log,31,per_request_from_stdout,True
20261010-075351-f4-rebuild,20260915-180626-m2-b-qwen7b-retrieval-v2,20260915-180638-m2-retrieval,2026-09-15T18:06:26+00:00,run_start,0,UNOBSERVABLE_HOST,,,b-qwen7b-1m,_v2,96000,m2_harness_mi300x/retrieval_cost_b-qwen7b-1m_v2.csv,1,drop,96000,cold,3,10698.445,20260915-180626-m2-b-qwen7b-retrieval-v2/stdout.log,32,per_request_from_stdout,True
20261010-075351-f4-rebuild,20260915-180626-m2-b-qwen7b-retrieval-v2,20260915-180638-m2-retrieval,2026-09-15T18:06:26+00:00,run_start,0,UNOBSERVABLE_HOST,,,b-qwen7b-1m,_v2,96000,m2_harness_mi300x/retrieval_cost_b-qwen7b-1m_v2.csv,1,drop,96000,warm,0,10692.576,20260915-180626-m2-b-qwen7b-retrieval-v2/stdout.log,33,per_request_from_stdout,True
20261010-075351-f4-rebuild,20260915-180626-m2-b-qwen7b-retrieval-v2,20260915-180638-m2-retrieval,2026-09-15T18:06:26+00:00,run_start,0,UNOBSERVABLE_HOST,,,b-qwen7b-1m,_v2,96000,m2_harness_mi300x/retrieval_cost_b-qwen7b-1m_v2.csv,1,drop,96000,warm,1,10704.792,20260915-180626-m2-b-qwen7b-retrieval-v2/stdout.log,34,per_request_from_stdout,True
20261010-075351-f4-rebuild,20260915-180626-m2-b-qwen7b-retrieval-v2,20260915-180638-m2-retrieval,2026-09-15T18:06:26+00:00,run_start,0,UNOBSERVABLE_HOST,,,b-qwen7b-1m,_v2,96000,m2_harness_mi300x/retrieval_cost_b-qwen7b-1m_v2.csv,1,drop,96000,warm,2,10711.235,20260915-180626-m2-b-qwen7b-retrieval-v2/stdout.log,35,per_request_from_stdout,True
20261010-075351-f4-rebuild,20260915-180626-m2-b-qwen7b-retrieval-v2,20260915-180638-m2-retrieval,2026-09-15T18:06:26+00:00,run_start,0,UNOBSERVABLE_HOST,,,b-qwen7b-1m,_v2,96000,m2_harness_mi300x/retrieval_cost_b-qwen7b-1m_v2.csv,1,drop,96000,warm,3,10716.389,20260915-180626-m2-b-qwen7b-retrieval-v2/stdout.log,36,per_request_from_stdout,True
20261010-075351-f4-rebuild,20260915-180626-m2-b-qwen7b-retrieval-v2,20260915-180638-m2-retrieval,2026-09-15T18:06:26+00:00,run_start,0,UNOBSERVABLE_HOST,,,b-qwen7b-1m,_v2,96000,m2_harness_mi300x/retrieval_cost_b-qwen7b-1m_v2.csv,2,cpu,96000,cold,0,25923.893,20260915-180626-m2-b-qwen7b-retrieval-v2/stdout.log,39,per_request_from_stdout,True
20261010-075351-f4-rebuild,20260915-180626-m2-b-qwen7b-retrieval-v2,20260915-180638-m2-retrieval,2026-09-15T18:06:26+00:00,run_start,0,UNOBSERVABLE_HOST,,,b-qwen7b-1m,_v2,96000,m2_harness_mi300x/retrieval_cost_b-qwen7b-1m_v2.csv,2,cpu,96000,cold,1,25969.884,20260915-180626-m2-b-qwen7b-retrieval-v2/stdout.log,40,per_request_from_stdout,True
20261010-075351-f4-rebuild,20260915-180626-m2-b-qwen7b-retrieval-v2,20260915-180638-m2-retrieval,2026-09-15T18:06:26+00:00,run_start,0,UNOBSERVABLE_HOST,,,b-qwen7b-1m,_v2,96000,m2_harness_mi300x/retrieval_cost_b-qwen7b-1m_v2.csv,2,cpu,96000,cold,2,25620.871,20260915-180626-m2-b-qwen7b-retrieval-v2/stdout.log,41,per_request_from_stdout,True
20261010-075351-f4-rebuild,20260915-180626-m2-b-qwen7b-retrieval-v2,20260915-180638-m2-retrieval,2026-09-15T18:06:26+00:00,run_start,0,UNOBSERVABLE_HOST,,,b-qwen7b-1m,_v2,96000,m2_harness_mi300x/retrieval_cost_b-qwen7b-1m_v2.csv,2,cpu,96000,cold,3,25985.293,20260915-180626-m2-b-qwen7b-retrieval-v2/stdout.log,42,per_request_from_stdout,True
20261010-075351-f4-rebuild,20260915-180626-m2-b-qwen7b-retrieval-v2,20260915-180638-m2-retrieval,2026-09-15T18:06:26+00:00,run_start,0,UNOBSERVABLE_HOST,,,b-qwen7b-1m,_v2,96000,m2_harness_mi300x/retrieval_cost_b-qwen7b-1m_v2.csv,2,cpu,96000,warm,0,2891.599,20260915-180626-m2-b-qwen7b-retrieval-v2/stdout.log,43,per_request_from_stdout,True
20261010-075351-f4-rebuild,20260915-180626-m2-b-qwen7b-retrieval-v2,20260915-180638-m2-retrieval,2026-09-15T18:06:26+00:00,run_start,0,UNOBSERVABLE_HOST,,,b-qwen7b-1m,_v2,96000,m2_harness_mi300x/retrieval_cost_b-qwen7b-1m_v2.csv,2,cpu,96000,warm,1,2890.183,20260915-180626-m2-b-qwen7b-retrieval-v2/stdout.log,44,per_request_from_stdout,True
20261010-075351-f4-rebuild,20260915-180626-m2-b-qwen7b-retrieval-v2,20260915-180638-m2-retrieval,2026-09-15T18:06:26+00:00,run_start,0,UNOBSERVABLE_HOST,,,b-qwen7b-1m,_v2,96000,m2_harness_mi300x/retrieval_cost_b-qwen7b-1m_v2.csv,2,cpu,96000,warm,2,2879.974,20260915-180626-m2-b-qwen7b-retrieval-v2/stdout.log,45,per_request_from_stdout,True
20261010-075351-f4-rebuild,20260915-180626-m2-b-qwen7b-retrieval-v2,20260915-180638-m2-retrieval,2026-09-15T18:06:26+00:00,run_start,0,UNOBSERVABLE_HOST,,,b-qwen7b-1m,_v2,96000,m2_harness_mi300x/retrieval_cost_b-qwen7b-1m_v2.csv,2,cpu,96000,warm,3,2900.789,20260915-180626-m2-b-qwen7b-retrieval-v2/stdout.log,46,per_request_from_stdout,True
20261010-075351-f4-rebuild,20260915-180626-m2-b-qwen7b-retrieval-v2,20260915-180638-m2-retrieval,2026-09-15T18:06:26+00:00,run_start,0,UNOBSERVABLE_HOST,,,b-qwen7b-1m,_v2,96000,m2_harness_mi300x/retrieval_cost_b-qwen7b-1m_v2.csv,2,ssd,96000,cold,0,25962.876,20260915-180626-m2-b-qwen7b-retrieval-v2/stdout.log,49,per_request_from_stdout,True
20261010-075351-f4-rebuild,20260915-180626-m2-b-qwen7b-retrieval-v2,20260915-180638-m2-retrieval,2026-09-15T18:06:26+00:00,run_start,0,UNOBSERVABLE_HOST,,,b-qwen7b-1m,_v2,96000,m2_harness_mi300x/retrieval_cost_b-qwen7b-1m_v2.csv,2,ssd,96000,cold,1,26099.33,20260915-180626-m2-b-qwen7b-retrieval-v2/stdout.log,50,per_request_from_stdout,True
20261010-075351-f4-rebuild,20260915-180626-m2-b-qwen7b-retrieval-v2,20260915-180638-m2-retrieval,2026-09-15T18:06:26+00:00,run_start,0,UNOBSERVABLE_HOST,,,b-qwen7b-1m,_v2,96000,m2_harness_mi300x/retrieval_cost_b-qwen7b-1m_v2.csv,2,ssd,96000,cold,2,25728.891,20260915-180626-m2-b-qwen7b-retrieval-v2/stdout.log,51,per_request_from_stdout,True
20261010-075351-f4-rebuild,20260915-180626-m2-b-qwen7b-retrieval-v2,20260915-180638-m2-retrieval,2026-09-15T18:06:26+00:00,run_start,0,UNOBSERVABLE_HOST,,,b-qwen7b-1m,_v2,96000,m2_harness_mi300x/retrieval_cost_b-qwen7b-1m_v2.csv,2,ssd,96000,cold,3,26075.211,20260915-180626-m2-b-qwen7b-retrieval-v2/stdout.log,52,per_request_from_stdout,True
20261010-075351-f4-rebuild,20260915-180626-m2-b-qwen7b-retrieval-v2,20260915-180638-m2-retrieval,2026-09-15T18:06:26+00:00,run_start,0,UNOBSERVABLE_HOST,,,b-qwen7b-1m,_v2,96000,m2_harness_mi300x/retrieval_cost_b-qwen7b-1m_v2.csv,2,ssd,96000,warm,0,4965.688,20260915-180626-m2-b-qwen7b-retrieval-v2/stdout.log,53,per_request_from_stdout,True
20261010-075351-f4-rebuild,20260915-180626-m2-b-qwen7b-retrieval-v2,20260915-180638-m2-retrieval,2026-09-15T18:06:26+00:00,run_start,0,UNOBSERVABLE_HOST,,,b-qwen7b-1m,_v2,96000,m2_harness_mi300x/retrieval_cost_b-qwen7b-1m_v2.csv,2,ssd,96000,warm,1,4848.37,20260915-180626-m2-b-qwen7b-retrieval-v2/stdout.log,54,per_request_from_stdout,True
20261010-075351-f4-rebuild,20260915-180626-m2-b-qwen7b-retrieval-v2,20260915-180638-m2-retrieval,2026-09-15T18:06:26+00:00,run_start,0,UNOBSERVABLE_HOST,,,b-qwen7b-1m,_v2,96000,m2_harness_mi300x/retrieval_cost_b-qwen7b-1m_v2.csv,2,ssd,96000,warm,2,4863.068,20260915-180626-m2-b-qwen7b-retrieval-v2/stdout.log,55,per_request_from_stdout,True
20261010-075351-f4-rebuild,20260915-180626-m2-b-qwen7b-retrieval-v2,20260915-180638-m2-retrieval,2026-09-15T18:06:26+00:00,run_start,0,UNOBSERVABLE_HOST,,,b-qwen7b-1m,_v2,96000,m2_harness_mi300x/retrieval_cost_b-qwen7b-1m_v2.csv,2,ssd,96000,warm,3,4796.009,20260915-180626-m2-b-qwen7b-retrieval-v2/stdout.log,56,per_request_from_stdout,True
20261010-075351-f4-rebuild,20260915-180626-m2-b-qwen7b-retrieval-v2,20260915-180638-m2-retrieval,2026-09-15T18:06:26+00:00,run_start,0,UNOBSERVABLE_HOST,,,b-qwen7b-1m,_v2,96000,m2_harness_mi300x/retrieval_cost_b-qwen7b-1m_v2.csv,2,drop,96000,cold,0,10719.92,20260915-180626-m2-b-qwen7b-retrieval-v2/stdout.log,59,per_request_from_stdout,True
20261010-075351-f4-rebuild,20260915-180626-m2-b-qwen7b-retrieval-v2,20260915-180638-m2-retrieval,2026-09-15T18:06:26+00:00,run_start,0,UNOBSERVABLE_HOST,,,b-qwen7b-1m,_v2,96000,m2_harness_mi300x/retrieval_cost_b-qwen7b-1m_v2.csv,2,drop,96000,cold,1,10663.902,20260915-180626-m2-b-qwen7b-retrieval-v2/stdout.log,60,per_request_from_stdout,True
20261010-075351-f4-rebuild,20260915-180626-m2-b-qwen7b-retrieval-v2,20260915-180638-m2-retrieval,2026-09-15T18:06:26+00:00,run_start,0,UNOBSERVABLE_HOST,,,b-qwen7b-1m,_v2,96000,m2_harness_mi300x/retrieval_cost_b-qwen7b-1m_v2.csv,2,drop,96000,cold,2,10677.696,20260915-180626-m2-b-qwen7b-retrieval-v2/stdout.log,61,per_request_from_stdout,True
20261010-075351-f4-rebuild,20260915-180626-m2-b-qwen7b-retrieval-v2,20260915-180638-m2-retrieval,2026-09-15T18:06:26+00:00,run_start,0,UNOBSERVABLE_HOST,,,b-qwen7b-1m,_v2,96000,m2_harness_mi300x/retrieval_cost_b-qwen7b-1m_v2.csv,2,drop,96000,cold,3,10686.486,20260915-180626-m2-b-qwen7b-retrieval-v2/stdout.log,62,per_request_from_stdout,True
20261010-075351-f4-rebuild,20260915-180626-m2-b-qwen7b-retrieval-v2,20260915-180638-m2-retrieval,2026-09-15T18:06:26+00:00,run_start,0,UNOBSERVABLE_HOST,,,b-qwen7b-1m,_v2,96000,m2_harness_mi300x/retrieval_cost_b-qwen7b-1m_v2.csv,2,drop,96000,warm,0,10684.911,20260915-180626-m2-b-qwen7b-retrieval-v2/stdout.log,63,per_request_from_stdout,True
20261010-075351-f4-rebuild,20260915-180626-m2-b-qwen7b-retrieval-v2,20260915-180638-m2-retrieval,2026-09-15T18:06:26+00:00,run_start,0,UNOBSERVABLE_HOST,,,b-qwen7b-1m,_v2,96000,m2_harness_mi300x/retrieval_cost_b-qwen7b-1m_v2.csv,2,drop,96000,warm,1,10696.516,20260915-180626-m2-b-qwen7b-retrieval-v2/stdout.log,64,per_request_from_stdout,True
20261010-075351-f4-rebuild,20260915-180626-m2-b-qwen7b-retrieval-v2,20260915-180638-m2-retrieval,2026-09-15T18:06:26+00:00,run_start,0,UNOBSERVABLE_HOST,,,b-qwen7b-1m,_v2,96000,m2_harness_mi300x/retrieval_cost_b-qwen7b-1m_v2.csv,2,drop,96000,warm,2,10693.083,20260915-180626-m2-b-qwen7b-retrieval-v2/stdout.log,65,per_request_from_stdout,True
20261010-075351-f4-rebuild,20260915-180626-m2-b-qwen7b-retrieval-v2,20260915-180638-m2-retrieval,2026-09-15T18:06:26+00:00,run_start,0,UNOBSERVABLE_HOST,,,b-qwen7b-1m,_v2,96000,m2_harness_mi300x/retrieval_cost_b-qwen7b-1m_v2.csv,2,drop,96000,warm,3,10698.395,20260915-180626-m2-b-qwen7b-retrieval-v2/stdout.log,66,per_request_from_stdout,True
20261010-075351-f4-rebuild,20260915-180626-m2-b-qwen7b-retrieval-v2,20260915-180638-m2-retrieval,2026-09-15T18:06:26+00:00,run_start,0,UNOBSERVABLE_HOST,,,b-qwen7b-1m,_v2,96000,m2_harness_mi300x/retrieval_cost_b-qwen7b-1m_v2.csv,2,gpu_resident,96000,cold,0,11184.364,20260915-180626-m2-b-qwen7b-retrieval-v2/stdout.log,68,per_request_from_stdout,True
20261010-075351-f4-rebuild,20260915-180626-m2-b-qwen7b-retrieval-v2,20260915-180638-m2-retrieval,2026-09-15T18:06:26+00:00,run_start,0,UNOBSERVABLE_HOST,,,b-qwen7b-1m,_v2,96000,m2_harness_mi300x/retrieval_cost_b-qwen7b-1m_v2.csv,2,gpu_resident,96000,warm,0,645.477,20260915-180626-m2-b-qwen7b-retrieval-v2/stdout.log,69,per_request_from_stdout,True
20261010-075351-f4-rebuild,20260915-180626-m2-b-qwen7b-retrieval-v2,20260915-180638-m2-retrieval,2026-09-15T18:06:26+00:00,run_start,0,UNOBSERVABLE_HOST,,,b-qwen7b-1m,_v2,96000,m2_harness_mi300x/retrieval_cost_b-qwen7b-1m_v2.csv,3,ssd,96000,cold,0,25960.428,20260915-180626-m2-b-qwen7b-retrieval-v2/stdout.log,72,per_request_from_stdout,True
20261010-075351-f4-rebuild,20260915-180626-m2-b-qwen7b-retrieval-v2,20260915-180638-m2-retrieval,2026-09-15T18:06:26+00:00,run_start,0,UNOBSERVABLE_HOST,,,b-qwen7b-1m,_v2,96000,m2_harness_mi300x/retrieval_cost_b-qwen7b-1m_v2.csv,3,ssd,96000,cold,1,26111.245,20260915-180626-m2-b-qwen7b-retrieval-v2/stdout.log,73,per_request_from_stdout,True
20261010-075351-f4-rebuild,20260915-180626-m2-b-qwen7b-retrieval-v2,20260915-180638-m2-retrieval,2026-09-15T18:06:26+00:00,run_start,0,UNOBSERVABLE_HOST,,,b-qwen7b-1m,_v2,96000,m2_harness_mi300x/retrieval_cost_b-qwen7b-1m_v2.csv,3,ssd,96000,cold,2,25737.943,20260915-180626-m2-b-qwen7b-retrieval-v2/stdout.log,74,per_request_from_stdout,True
20261010-075351-f4-rebuild,20260915-180626-m2-b-qwen7b-retrieval-v2,20260915-180638-m2-retrieval,2026-09-15T18:06:26+00:00,run_start,0,UNOBSERVABLE_HOST,,,b-qwen7b-1m,_v2,96000,m2_harness_mi300x/retrieval_cost_b-qwen7b-1m_v2.csv,3,ssd,96000,cold,3,26106.263,20260915-180626-m2-b-qwen7b-retrieval-v2/stdout.log,75,per_request_from_stdout,True
20261010-075351-f4-rebuild,20260915-180626-m2-b-qwen7b-retrieval-v2,20260915-180638-m2-retrieval,2026-09-15T18:06:26+00:00,run_start,0,UNOBSERVABLE_HOST,,,b-qwen7b-1m,_v2,96000,m2_harness_mi300x/retrieval_cost_b-qwen7b-1m_v2.csv,3,ssd,96000,warm,0,4906.147,20260915-180626-m2-b-qwen7b-retrieval-v2/stdout.log,76,per_request_from_stdout,True
20261010-075351-f4-rebuild,20260915-180626-m2-b-qwen7b-retrieval-v2,20260915-180638-m2-retrieval,2026-09-15T18:06:26+00:00,run_start,0,UNOBSERVABLE_HOST,,,b-qwen7b-1m,_v2,96000,m2_harness_mi300x/retrieval_cost_b-qwen7b-1m_v2.csv,3,ssd,96000,warm,1,4926.707,20260915-180626-m2-b-qwen7b-retrieval-v2/stdout.log,77,per_request_from_stdout,True
20261010-075351-f4-rebuild,20260915-180626-m2-b-qwen7b-retrieval-v2,20260915-180638-m2-retrieval,2026-09-15T18:06:26+00:00,run_start,0,UNOBSERVABLE_HOST,,,b-qwen7b-1m,_v2,96000,m2_harness_mi300x/retrieval_cost_b-qwen7b-1m_v2.csv,3,ssd,96000,warm,2,4832.735,20260915-180626-m2-b-qwen7b-retrieval-v2/stdout.log,78,per_request_from_stdout,True
20261010-075351-f4-rebuild,20260915-180626-m2-b-qwen7b-retrieval-v2,20260915-180638-m2-retrieval,2026-09-15T18:06:26+00:00,run_start,0,UNOBSERVABLE_HOST,,,b-qwen7b-1m,_v2,96000,m2_harness_mi300x/retrieval_cost_b-qwen7b-1m_v2.csv,3,ssd,96000,warm,3,4910.984,20260915-180626-m2-b-qwen7b-retrieval-v2/stdout.log,79,per_request_from_stdout,True
20261010-075351-f4-rebuild,20260915-180626-m2-b-qwen7b-retrieval-v2,20260915-180638-m2-retrieval,2026-09-15T18:06:26+00:00,run_start,0,UNOBSERVABLE_HOST,,,b-qwen7b-1m,_v2,96000,m2_harness_mi300x/retrieval_cost_b-qwen7b-1m_v2.csv,3,drop,96000,cold,0,10756.076,20260915-180626-m2-b-qwen7b-retrieval-v2/stdout.log,82,per_request_from_stdout,True
20261010-075351-f4-rebuild,20260915-180626-m2-b-qwen7b-retrieval-v2,20260915-180638-m2-retrieval,2026-09-15T18:06:26+00:00,run_start,0,UNOBSERVABLE_HOST,,,b-qwen7b-1m,_v2,96000,m2_harness_mi300x/retrieval_cost_b-qwen7b-1m_v2.csv,3,drop,96000,cold,1,10682.611,20260915-180626-m2-b-qwen7b-retrieval-v2/stdout.log,83,per_request_from_stdout,True
20261010-075351-f4-rebuild,20260915-180626-m2-b-qwen7b-retrieval-v2,20260915-180638-m2-retrieval,2026-09-15T18:06:26+00:00,run_start,0,UNOBSERVABLE_HOST,,,b-qwen7b-1m,_v2,96000,m2_harness_mi300x/retrieval_cost_b-qwen7b-1m_v2.csv,3,drop,96000,cold,2,10712.807,20260915-180626-m2-b-qwen7b-retrieval-v2/stdout.log,84,per_request_from_stdout,True
20261010-075351-f4-rebuild,20260915-180626-m2-b-qwen7b-retrieval-v2,20260915-180638-m2-retrieval,2026-09-15T18:06:26+00:00,run_start,0,UNOBSERVABLE_HOST,,,b-qwen7b-1m,_v2,96000,m2_harness_mi300x/retrieval_cost_b-qwen7b-1m_v2.csv,3,drop,96000,cold,3,10711.384,20260915-180626-m2-b-qwen7b-retrieval-v2/stdout.log,85,per_request_from_stdout,True
20261010-075351-f4-rebuild,20260915-180626-m2-b-qwen7b-retrieval-v2,20260915-180638-m2-retrieval,2026-09-15T18:06:26+00:00,run_start,0,UNOBSERVABLE_HOST,,,b-qwen7b-1m,_v2,96000,m2_harness_mi300x/retrieval_cost_b-qwen7b-1m_v2.csv,3,drop,96000,warm,0,10708.417,20260915-180626-m2-b-qwen7b-retrieval-v2/stdout.log,86,per_request_from_stdout,True
20261010-075351-f4-rebuild,20260915-180626-m2-b-qwen7b-retrieval-v2,20260915-180638-m2-retrieval,2026-09-15T18:06:26+00:00,run_start,0,UNOBSERVABLE_HOST,,,b-qwen7b-1m,_v2,96000,m2_harness_mi300x/retrieval_cost_b-qwen7b-1m_v2.csv,3,drop,96000,warm,1,10717.534,20260915-180626-m2-b-qwen7b-retrieval-v2/stdout.log,87,per_request_from_stdout,True
20261010-075351-f4-rebuild,20260915-180626-m2-b-qwen7b-retrieval-v2,20260915-180638-m2-retrieval,2026-09-15T18:06:26+00:00,run_start,0,UNOBSERVABLE_HOST,,,b-qwen7b-1m,_v2,96000,m2_harness_mi300x/retrieval_cost_b-qwen7b-1m_v2.csv,3,drop,96000,warm,2,10724.733,20260915-180626-m2-b-qwen7b-retrieval-v2/stdout.log,88,per_request_from_stdout,True
20261010-075351-f4-rebuild,20260915-180626-m2-b-qwen7b-retrieval-v2,20260915-180638-m2-retrieval,2026-09-15T18:06:26+00:00,run_start,0,UNOBSERVABLE_HOST,,,b-qwen7b-1m,_v2,96000,m2_harness_mi300x/retrieval_cost_b-qwen7b-1m_v2.csv,3,drop,96000,warm,3,10719.099,20260915-180626-m2-b-qwen7b-retrieval-v2/stdout.log,89,per_request_from_stdout,True
20261010-075351-f4-rebuild,20260915-180626-m2-b-qwen7b-retrieval-v2,20260915-180638-m2-retrieval,2026-09-15T18:06:26+00:00,run_start,0,UNOBSERVABLE_HOST,,,b-qwen7b-1m,_v2,96000,m2_harness_mi300x/retrieval_cost_b-qwen7b-1m_v2.csv,3,gpu_resident,96000,cold,0,11206.65,20260915-180626-m2-b-qwen7b-retrieval-v2/stdout.log,91,per_request_from_stdout,True
20261010-075351-f4-rebuild,20260915-180626-m2-b-qwen7b-retrieval-v2,20260915-180638-m2-retrieval,2026-09-15T18:06:26+00:00,run_start,0,UNOBSERVABLE_HOST,,,b-qwen7b-1m,_v2,96000,m2_harness_mi300x/retrieval_cost_b-qwen7b-1m_v2.csv,3,gpu_resident,96000,warm,0,652.284,20260915-180626-m2-b-qwen7b-retrieval-v2/stdout.log,92,per_request_from_stdout,True
20261010-075351-f4-rebuild,20260915-180626-m2-b-qwen7b-retrieval-v2,20260915-180638-m2-retrieval,2026-09-15T18:06:26+00:00,run_start,0,UNOBSERVABLE_HOST,,,b-qwen7b-1m,_v2,96000,m2_harness_mi300x/retrieval_cost_b-qwen7b-1m_v2.csv,3,cpu,96000,cold,0,25952.602,20260915-180626-m2-b-qwen7b-retrieval-v2/stdout.log,94,per_request_from_stdout,True
20261010-075351-f4-rebuild,20260915-180626-m2-b-qwen7b-retrieval-v2,20260915-180638-m2-retrieval,2026-09-15T18:06:26+00:00,run_start,0,UNOBSERVABLE_HOST,,,b-qwen7b-1m,_v2,96000,m2_harness_mi300x/retrieval_cost_b-qwen7b-1m_v2.csv,3,cpu,96000,cold,1,25956.769,20260915-180626-m2-b-qwen7b-retrieval-v2/stdout.log,95,per_request_from_stdout,True
20261010-075351-f4-rebuild,20260915-180626-m2-b-qwen7b-retrieval-v2,20260915-180638-m2-retrieval,2026-09-15T18:06:26+00:00,run_start,0,UNOBSERVABLE_HOST,,,b-qwen7b-1m,_v2,96000,m2_harness_mi300x/retrieval_cost_b-qwen7b-1m_v2.csv,3,cpu,96000,cold,2,25626.402,20260915-180626-m2-b-qwen7b-retrieval-v2/stdout.log,96,per_request_from_stdout,True
20261010-075351-f4-rebuild,20260915-180626-m2-b-qwen7b-retrieval-v2,20260915-180638-m2-retrieval,2026-09-15T18:06:26+00:00,run_start,0,UNOBSERVABLE_HOST,,,b-qwen7b-1m,_v2,96000,m2_harness_mi300x/retrieval_cost_b-qwen7b-1m_v2.csv,3,cpu,96000,cold,3,25964.444,20260915-180626-m2-b-qwen7b-retrieval-v2/stdout.log,97,per_request_from_stdout,True
20261010-075351-f4-rebuild,20260915-180626-m2-b-qwen7b-retrieval-v2,20260915-180638-m2-retrieval,2026-09-15T18:06:26+00:00,run_start,0,UNOBSERVABLE_HOST,,,b-qwen7b-1m,_v2,96000,m2_harness_mi300x/retrieval_cost_b-qwen7b-1m_v2.csv,3,cpu,96000,warm,0,2907.811,20260915-180626-m2-b-qwen7b-retrieval-v2/stdout.log,98,per_request_from_stdout,True
20261010-075351-f4-rebuild,20260915-180626-m2-b-qwen7b-retrieval-v2,20260915-180638-m2-retrieval,2026-09-15T18:06:26+00:00,run_start,0,UNOBSERVABLE_HOST,,,b-qwen7b-1m,_v2,96000,m2_harness_mi300x/retrieval_cost_b-qwen7b-1m_v2.csv,3,cpu,96000,warm,1,2892.06,20260915-180626-m2-b-qwen7b-retrieval-v2/stdout.log,99,per_request_from_stdout,True
20261010-075351-f4-rebuild,20260915-180626-m2-b-qwen7b-retrieval-v2,20260915-180638-m2-retrieval,2026-09-15T18:06:26+00:00,run_start,0,UNOBSERVABLE_HOST,,,b-qwen7b-1m,_v2,96000,m2_harness_mi300x/retrieval_cost_b-qwen7b-1m_v2.csv,3,cpu,96000,warm,2,2897.931,20260915-180626-m2-b-qwen7b-retrieval-v2/stdout.log,100,per_request_from_stdout,True
20261010-075351-f4-rebuild,20260915-180626-m2-b-qwen7b-retrieval-v2,20260915-180638-m2-retrieval,2026-09-15T18:06:26+00:00,run_start,0,UNOBSERVABLE_HOST,,,b-qwen7b-1m,_v2,96000,m2_harness_mi300x/retrieval_cost_b-qwen7b-1m_v2.csv,3,cpu,96000,warm,3,2902.556,20260915-180626-m2-b-qwen7b-retrieval-v2/stdout.log,101,per_request_from_stdout,True
20261010-075351-f4-rebuild,20260915-184311-m2-b-qwen3moe-retrieval-v2,20260915-184322-m2-retrieval,2026-09-15T18:43:11+00:00,run_start,0,UNOBSERVABLE_HOST,,,b-qwen3-30b-a3b,_v2,96000,m2_harness_mi300x/retrieval_cost_b-qwen3-30b-a3b_v2.csv,1,gpu_resident,96000,cold,0,17917.229,20260915-184311-m2-b-qwen3moe-retrieval-v2/stdout.log,6,per_request_from_stdout,True
20261010-075351-f4-rebuild,20260915-184311-m2-b-qwen3moe-retrieval-v2,20260915-184322-m2-retrieval,2026-09-15T18:43:11+00:00,run_start,0,UNOBSERVABLE_HOST,,,b-qwen3-30b-a3b,_v2,96000,m2_harness_mi300x/retrieval_cost_b-qwen3-30b-a3b_v2.csv,1,gpu_resident,96000,warm,0,745.018,20260915-184311-m2-b-qwen3moe-retrieval-v2/stdout.log,7,per_request_from_stdout,True
20261010-075351-f4-rebuild,20260915-184311-m2-b-qwen3moe-retrieval-v2,20260915-184322-m2-retrieval,2026-09-15T18:43:11+00:00,run_start,0,UNOBSERVABLE_HOST,,,b-qwen3-30b-a3b,_v2,96000,m2_harness_mi300x/retrieval_cost_b-qwen3-30b-a3b_v2.csv,1,cpu,96000,cold,0,46913.875,20260915-184311-m2-b-qwen3moe-retrieval-v2/stdout.log,9,per_request_from_stdout,True
20261010-075351-f4-rebuild,20260915-184311-m2-b-qwen3moe-retrieval-v2,20260915-184322-m2-retrieval,2026-09-15T18:43:11+00:00,run_start,0,UNOBSERVABLE_HOST,,,b-qwen3-30b-a3b,_v2,96000,m2_harness_mi300x/retrieval_cost_b-qwen3-30b-a3b_v2.csv,1,cpu,96000,cold,1,46970.669,20260915-184311-m2-b-qwen3moe-retrieval-v2/stdout.log,10,per_request_from_stdout,True
20261010-075351-f4-rebuild,20260915-184311-m2-b-qwen3moe-retrieval-v2,20260915-184322-m2-retrieval,2026-09-15T18:43:11+00:00,run_start,0,UNOBSERVABLE_HOST,,,b-qwen3-30b-a3b,_v2,96000,m2_harness_mi300x/retrieval_cost_b-qwen3-30b-a3b_v2.csv,1,cpu,96000,cold,2,47019.093,20260915-184311-m2-b-qwen3moe-retrieval-v2/stdout.log,11,per_request_from_stdout,True
20261010-075351-f4-rebuild,20260915-184311-m2-b-qwen3moe-retrieval-v2,20260915-184322-m2-retrieval,2026-09-15T18:43:11+00:00,run_start,0,UNOBSERVABLE_HOST,,,b-qwen3-30b-a3b,_v2,96000,m2_harness_mi300x/retrieval_cost_b-qwen3-30b-a3b_v2.csv,1,cpu,96000,cold,3,47072.137,20260915-184311-m2-b-qwen3moe-retrieval-v2/stdout.log,12,per_request_from_stdout,True
20261010-075351-f4-rebuild,20260915-184311-m2-b-qwen3moe-retrieval-v2,20260915-184322-m2-retrieval,2026-09-15T18:43:11+00:00,run_start,0,UNOBSERVABLE_HOST,,,b-qwen3-30b-a3b,_v2,96000,m2_harness_mi300x/retrieval_cost_b-qwen3-30b-a3b_v2.csv,1,cpu,96000,warm,0,664.9,20260915-184311-m2-b-qwen3moe-retrieval-v2/stdout.log,13,per_request_from_stdout,True
20261010-075351-f4-rebuild,20260915-184311-m2-b-qwen3moe-retrieval-v2,20260915-184322-m2-retrieval,2026-09-15T18:43:11+00:00,run_start,0,UNOBSERVABLE_HOST,,,b-qwen3-30b-a3b,_v2,96000,m2_harness_mi300x/retrieval_cost_b-qwen3-30b-a3b_v2.csv,1,cpu,96000,warm,1,679.5,20260915-184311-m2-b-qwen3moe-retrieval-v2/stdout.log,14,per_request_from_stdout,True
20261010-075351-f4-rebuild,20260915-184311-m2-b-qwen3moe-retrieval-v2,20260915-184322-m2-retrieval,2026-09-15T18:43:11+00:00,run_start,0,UNOBSERVABLE_HOST,,,b-qwen3-30b-a3b,_v2,96000,m2_harness_mi300x/retrieval_cost_b-qwen3-30b-a3b_v2.csv,1,cpu,96000,warm,2,680.343,20260915-184311-m2-b-qwen3moe-retrieval-v2/stdout.log,15,per_request_from_stdout,True
20261010-075351-f4-rebuild,20260915-184311-m2-b-qwen3moe-retrieval-v2,20260915-184322-m2-retrieval,2026-09-15T18:43:11+00:00,run_start,0,UNOBSERVABLE_HOST,,,b-qwen3-30b-a3b,_v2,96000,m2_harness_mi300x/retrieval_cost_b-qwen3-30b-a3b_v2.csv,1,cpu,96000,warm,3,683.75,20260915-184311-m2-b-qwen3moe-retrieval-v2/stdout.log,16,per_request_from_stdout,True
20261010-075351-f4-rebuild,20260915-184311-m2-b-qwen3moe-retrieval-v2,20260915-184322-m2-retrieval,2026-09-15T18:43:11+00:00,run_start,0,UNOBSERVABLE_HOST,,,b-qwen3-30b-a3b,_v2,96000,m2_harness_mi300x/retrieval_cost_b-qwen3-30b-a3b_v2.csv,1,ssd,96000,cold,0,47039.846,20260915-184311-m2-b-qwen3moe-retrieval-v2/stdout.log,19,per_request_from_stdout,True
20261010-075351-f4-rebuild,20260915-184311-m2-b-qwen3moe-retrieval-v2,20260915-184322-m2-retrieval,2026-09-15T18:43:11+00:00,run_start,0,UNOBSERVABLE_HOST,,,b-qwen3-30b-a3b,_v2,96000,m2_harness_mi300x/retrieval_cost_b-qwen3-30b-a3b_v2.csv,1,ssd,96000,cold,1,47148.483,20260915-184311-m2-b-qwen3moe-retrieval-v2/stdout.log,20,per_request_from_stdout,True
20261010-075351-f4-rebuild,20260915-184311-m2-b-qwen3moe-retrieval-v2,20260915-184322-m2-retrieval,2026-09-15T18:43:11+00:00,run_start,0,UNOBSERVABLE_HOST,,,b-qwen3-30b-a3b,_v2,96000,m2_harness_mi300x/retrieval_cost_b-qwen3-30b-a3b_v2.csv,1,ssd,96000,cold,2,47211.455,20260915-184311-m2-b-qwen3moe-retrieval-v2/stdout.log,21,per_request_from_stdout,True
20261010-075351-f4-rebuild,20260915-184311-m2-b-qwen3moe-retrieval-v2,20260915-184322-m2-retrieval,2026-09-15T18:43:11+00:00,run_start,0,UNOBSERVABLE_HOST,,,b-qwen3-30b-a3b,_v2,96000,m2_harness_mi300x/retrieval_cost_b-qwen3-30b-a3b_v2.csv,1,ssd,96000,cold,3,47211.885,20260915-184311-m2-b-qwen3moe-retrieval-v2/stdout.log,22,per_request_from_stdout,True
20261010-075351-f4-rebuild,20260915-184311-m2-b-qwen3moe-retrieval-v2,20260915-184322-m2-retrieval,2026-09-15T18:43:11+00:00,run_start,0,UNOBSERVABLE_HOST,,,b-qwen3-30b-a3b,_v2,96000,m2_harness_mi300x/retrieval_cost_b-qwen3-30b-a3b_v2.csv,1,ssd,96000,warm,0,3626.277,20260915-184311-m2-b-qwen3moe-retrieval-v2/stdout.log,23,per_request_from_stdout,True
20261010-075351-f4-rebuild,20260915-184311-m2-b-qwen3moe-retrieval-v2,20260915-184322-m2-retrieval,2026-09-15T18:43:11+00:00,run_start,0,UNOBSERVABLE_HOST,,,b-qwen3-30b-a3b,_v2,96000,m2_harness_mi300x/retrieval_cost_b-qwen3-30b-a3b_v2.csv,1,ssd,96000,warm,1,3578.636,20260915-184311-m2-b-qwen3moe-retrieval-v2/stdout.log,24,per_request_from_stdout,True
20261010-075351-f4-rebuild,20260915-184311-m2-b-qwen3moe-retrieval-v2,20260915-184322-m2-retrieval,2026-09-15T18:43:11+00:00,run_start,0,UNOBSERVABLE_HOST,,,b-qwen3-30b-a3b,_v2,96000,m2_harness_mi300x/retrieval_cost_b-qwen3-30b-a3b_v2.csv,1,ssd,96000,warm,2,3698.57,20260915-184311-m2-b-qwen3moe-retrieval-v2/stdout.log,25,per_request_from_stdout,True
20261010-075351-f4-rebuild,20260915-184311-m2-b-qwen3moe-retrieval-v2,20260915-184322-m2-retrieval,2026-09-15T18:43:11+00:00,run_start,0,UNOBSERVABLE_HOST,,,b-qwen3-30b-a3b,_v2,96000,m2_harness_mi300x/retrieval_cost_b-qwen3-30b-a3b_v2.csv,1,ssd,96000,warm,3,3606.794,20260915-184311-m2-b-qwen3moe-retrieval-v2/stdout.log,26,per_request_from_stdout,True
20261010-075351-f4-rebuild,20260915-184311-m2-b-qwen3moe-retrieval-v2,20260915-184322-m2-retrieval,2026-09-15T18:43:11+00:00,run_start,0,UNOBSERVABLE_HOST,,,b-qwen3-30b-a3b,_v2,96000,m2_harness_mi300x/retrieval_cost_b-qwen3-30b-a3b_v2.csv,1,drop,96000,cold,0,17922.443,20260915-184311-m2-b-qwen3moe-retrieval-v2/stdout.log,29,per_request_from_stdout,True
20261010-075351-f4-rebuild,20260915-184311-m2-b-qwen3moe-retrieval-v2,20260915-184322-m2-retrieval,2026-09-15T18:43:11+00:00,run_start,0,UNOBSERVABLE_HOST,,,b-qwen3-30b-a3b,_v2,96000,m2_harness_mi300x/retrieval_cost_b-qwen3-30b-a3b_v2.csv,1,drop,96000,cold,1,17852.072,20260915-184311-m2-b-qwen3moe-retrieval-v2/stdout.log,30,per_request_from_stdout,True
20261010-075351-f4-rebuild,20260915-184311-m2-b-qwen3moe-retrieval-v2,20260915-184322-m2-retrieval,2026-09-15T18:43:11+00:00,run_start,0,UNOBSERVABLE_HOST,,,b-qwen3-30b-a3b,_v2,96000,m2_harness_mi300x/retrieval_cost_b-qwen3-30b-a3b_v2.csv,1,drop,96000,cold,2,17884.723,20260915-184311-m2-b-qwen3moe-retrieval-v2/stdout.log,31,per_request_from_stdout,True
20261010-075351-f4-rebuild,20260915-184311-m2-b-qwen3moe-retrieval-v2,20260915-184322-m2-retrieval,2026-09-15T18:43:11+00:00,run_start,0,UNOBSERVABLE_HOST,,,b-qwen3-30b-a3b,_v2,96000,m2_harness_mi300x/retrieval_cost_b-qwen3-30b-a3b_v2.csv,1,drop,96000,cold,3,17885.465,20260915-184311-m2-b-qwen3moe-retrieval-v2/stdout.log,32,per_request_from_stdout,True
20261010-075351-f4-rebuild,20260915-184311-m2-b-qwen3moe-retrieval-v2,20260915-184322-m2-retrieval,2026-09-15T18:43:11+00:00,run_start,0,UNOBSERVABLE_HOST,,,b-qwen3-30b-a3b,_v2,96000,m2_harness_mi300x/retrieval_cost_b-qwen3-30b-a3b_v2.csv,1,drop,96000,warm,0,17850.731,20260915-184311-m2-b-qwen3moe-retrieval-v2/stdout.log,33,per_request_from_stdout,True
20261010-075351-f4-rebuild,20260915-184311-m2-b-qwen3moe-retrieval-v2,20260915-184322-m2-retrieval,2026-09-15T18:43:11+00:00,run_start,0,UNOBSERVABLE_HOST,,,b-qwen3-30b-a3b,_v2,96000,m2_harness_mi300x/retrieval_cost_b-qwen3-30b-a3b_v2.csv,1,drop,96000,warm,1,17888.226,20260915-184311-m2-b-qwen3moe-retrieval-v2/stdout.log,34,per_request_from_stdout,True
20261010-075351-f4-rebuild,20260915-184311-m2-b-qwen3moe-retrieval-v2,20260915-184322-m2-retrieval,2026-09-15T18:43:11+00:00,run_start,0,UNOBSERVABLE_HOST,,,b-qwen3-30b-a3b,_v2,96000,m2_harness_mi300x/retrieval_cost_b-qwen3-30b-a3b_v2.csv,1,drop,96000,warm,2,17912.316,20260915-184311-m2-b-qwen3moe-retrieval-v2/stdout.log,35,per_request_from_stdout,True
20261010-075351-f4-rebuild,20260915-184311-m2-b-qwen3moe-retrieval-v2,20260915-184322-m2-retrieval,2026-09-15T18:43:11+00:00,run_start,0,UNOBSERVABLE_HOST,,,b-qwen3-30b-a3b,_v2,96000,m2_harness_mi300x/retrieval_cost_b-qwen3-30b-a3b_v2.csv,1,drop,96000,warm,3,17916.461,20260915-184311-m2-b-qwen3moe-retrieval-v2/stdout.log,36,per_request_from_stdout,True
20261010-075351-f4-rebuild,20260915-184311-m2-b-qwen3moe-retrieval-v2,20260915-184322-m2-retrieval,2026-09-15T18:43:11+00:00,run_start,0,UNOBSERVABLE_HOST,,,b-qwen3-30b-a3b,_v2,96000,m2_harness_mi300x/retrieval_cost_b-qwen3-30b-a3b_v2.csv,2,cpu,96000,cold,0,47045.217,20260915-184311-m2-b-qwen3moe-retrieval-v2/stdout.log,39,per_request_from_stdout,True
20261010-075351-f4-rebuild,20260915-184311-m2-b-qwen3moe-retrieval-v2,20260915-184322-m2-retrieval,2026-09-15T18:43:11+00:00,run_start,0,UNOBSERVABLE_HOST,,,b-qwen3-30b-a3b,_v2,96000,m2_harness_mi300x/retrieval_cost_b-qwen3-30b-a3b_v2.csv,2,cpu,96000,cold,1,47063.639,20260915-184311-m2-b-qwen3moe-retrieval-v2/stdout.log,40,per_request_from_stdout,True
20261010-075351-f4-rebuild,20260915-184311-m2-b-qwen3moe-retrieval-v2,20260915-184322-m2-retrieval,2026-09-15T18:43:11+00:00,run_start,0,UNOBSERVABLE_HOST,,,b-qwen3-30b-a3b,_v2,96000,m2_harness_mi300x/retrieval_cost_b-qwen3-30b-a3b_v2.csv,2,cpu,96000,cold,2,47074.972,20260915-184311-m2-b-qwen3moe-retrieval-v2/stdout.log,41,per_request_from_stdout,True
20261010-075351-f4-rebuild,20260915-184311-m2-b-qwen3moe-retrieval-v2,20260915-184322-m2-retrieval,2026-09-15T18:43:11+00:00,run_start,0,UNOBSERVABLE_HOST,,,b-qwen3-30b-a3b,_v2,96000,m2_harness_mi300x/retrieval_cost_b-qwen3-30b-a3b_v2.csv,2,cpu,96000,cold,3,47105.997,20260915-184311-m2-b-qwen3moe-retrieval-v2/stdout.log,42,per_request_from_stdout,True
20261010-075351-f4-rebuild,20260915-184311-m2-b-qwen3moe-retrieval-v2,20260915-184322-m2-retrieval,2026-09-15T18:43:11+00:00,run_start,0,UNOBSERVABLE_HOST,,,b-qwen3-30b-a3b,_v2,96000,m2_harness_mi300x/retrieval_cost_b-qwen3-30b-a3b_v2.csv,2,cpu,96000,warm,0,690.054,20260915-184311-m2-b-qwen3moe-retrieval-v2/stdout.log,43,per_request_from_stdout,True
20261010-075351-f4-rebuild,20260915-184311-m2-b-qwen3moe-retrieval-v2,20260915-184322-m2-retrieval,2026-09-15T18:43:11+00:00,run_start,0,UNOBSERVABLE_HOST,,,b-qwen3-30b-a3b,_v2,96000,m2_harness_mi300x/retrieval_cost_b-qwen3-30b-a3b_v2.csv,2,cpu,96000,warm,1,710.732,20260915-184311-m2-b-qwen3moe-retrieval-v2/stdout.log,44,per_request_from_stdout,True
20261010-075351-f4-rebuild,20260915-184311-m2-b-qwen3moe-retrieval-v2,20260915-184322-m2-retrieval,2026-09-15T18:43:11+00:00,run_start,0,UNOBSERVABLE_HOST,,,b-qwen3-30b-a3b,_v2,96000,m2_harness_mi300x/retrieval_cost_b-qwen3-30b-a3b_v2.csv,2,cpu,96000,warm,2,709.819,20260915-184311-m2-b-qwen3moe-retrieval-v2/stdout.log,45,per_request_from_stdout,True
20261010-075351-f4-rebuild,20260915-184311-m2-b-qwen3moe-retrieval-v2,20260915-184322-m2-retrieval,2026-09-15T18:43:11+00:00,run_start,0,UNOBSERVABLE_HOST,,,b-qwen3-30b-a3b,_v2,96000,m2_harness_mi300x/retrieval_cost_b-qwen3-30b-a3b_v2.csv,2,cpu,96000,warm,3,710.305,20260915-184311-m2-b-qwen3moe-retrieval-v2/stdout.log,46,per_request_from_stdout,True
20261010-075351-f4-rebuild,20260915-184311-m2-b-qwen3moe-retrieval-v2,20260915-184322-m2-retrieval,2026-09-15T18:43:11+00:00,run_start,0,UNOBSERVABLE_HOST,,,b-qwen3-30b-a3b,_v2,96000,m2_harness_mi300x/retrieval_cost_b-qwen3-30b-a3b_v2.csv,2,ssd,96000,cold,0,47068.469,20260915-184311-m2-b-qwen3moe-retrieval-v2/stdout.log,49,per_request_from_stdout,True
20261010-075351-f4-rebuild,20260915-184311-m2-b-qwen3moe-retrieval-v2,20260915-184322-m2-retrieval,2026-09-15T18:43:11+00:00,run_start,0,UNOBSERVABLE_HOST,,,b-qwen3-30b-a3b,_v2,96000,m2_harness_mi300x/retrieval_cost_b-qwen3-30b-a3b_v2.csv,2,ssd,96000,cold,1,47120.294,20260915-184311-m2-b-qwen3moe-retrieval-v2/stdout.log,50,per_request_from_stdout,True
20261010-075351-f4-rebuild,20260915-184311-m2-b-qwen3moe-retrieval-v2,20260915-184322-m2-retrieval,2026-09-15T18:43:11+00:00,run_start,0,UNOBSERVABLE_HOST,,,b-qwen3-30b-a3b,_v2,96000,m2_harness_mi300x/retrieval_cost_b-qwen3-30b-a3b_v2.csv,2,ssd,96000,cold,2,47176.882,20260915-184311-m2-b-qwen3moe-retrieval-v2/stdout.log,51,per_request_from_stdout,True
20261010-075351-f4-rebuild,20260915-184311-m2-b-qwen3moe-retrieval-v2,20260915-184322-m2-retrieval,2026-09-15T18:43:11+00:00,run_start,0,UNOBSERVABLE_HOST,,,b-qwen3-30b-a3b,_v2,96000,m2_harness_mi300x/retrieval_cost_b-qwen3-30b-a3b_v2.csv,2,ssd,96000,cold,3,47161.264,20260915-184311-m2-b-qwen3moe-retrieval-v2/stdout.log,52,per_request_from_stdout,True
20261010-075351-f4-rebuild,20260915-184311-m2-b-qwen3moe-retrieval-v2,20260915-184322-m2-retrieval,2026-09-15T18:43:11+00:00,run_start,0,UNOBSERVABLE_HOST,,,b-qwen3-30b-a3b,_v2,96000,m2_harness_mi300x/retrieval_cost_b-qwen3-30b-a3b_v2.csv,2,ssd,96000,warm,0,3839.842,20260915-184311-m2-b-qwen3moe-retrieval-v2/stdout.log,53,per_request_from_stdout,True
20261010-075351-f4-rebuild,20260915-184311-m2-b-qwen3moe-retrieval-v2,20260915-184322-m2-retrieval,2026-09-15T18:43:11+00:00,run_start,0,UNOBSERVABLE_HOST,,,b-qwen3-30b-a3b,_v2,96000,m2_harness_mi300x/retrieval_cost_b-qwen3-30b-a3b_v2.csv,2,ssd,96000,warm,1,3737.193,20260915-184311-m2-b-qwen3moe-retrieval-v2/stdout.log,54,per_request_from_stdout,True
20261010-075351-f4-rebuild,20260915-184311-m2-b-qwen3moe-retrieval-v2,20260915-184322-m2-retrieval,2026-09-15T18:43:11+00:00,run_start,0,UNOBSERVABLE_HOST,,,b-qwen3-30b-a3b,_v2,96000,m2_harness_mi300x/retrieval_cost_b-qwen3-30b-a3b_v2.csv,2,ssd,96000,warm,2,3690.778,20260915-184311-m2-b-qwen3moe-retrieval-v2/stdout.log,55,per_request_from_stdout,True
20261010-075351-f4-rebuild,20260915-184311-m2-b-qwen3moe-retrieval-v2,20260915-184322-m2-retrieval,2026-09-15T18:43:11+00:00,run_start,0,UNOBSERVABLE_HOST,,,b-qwen3-30b-a3b,_v2,96000,m2_harness_mi300x/retrieval_cost_b-qwen3-30b-a3b_v2.csv,2,ssd,96000,warm,3,3647.755,20260915-184311-m2-b-qwen3moe-retrieval-v2/stdout.log,56,per_request_from_stdout,True
20261010-075351-f4-rebuild,20260915-184311-m2-b-qwen3moe-retrieval-v2,20260915-184322-m2-retrieval,2026-09-15T18:43:11+00:00,run_start,0,UNOBSERVABLE_HOST,,,b-qwen3-30b-a3b,_v2,96000,m2_harness_mi300x/retrieval_cost_b-qwen3-30b-a3b_v2.csv,2,drop,96000,cold,0,17899.439,20260915-184311-m2-b-qwen3moe-retrieval-v2/stdout.log,59,per_request_from_stdout,True
20261010-075351-f4-rebuild,20260915-184311-m2-b-qwen3moe-retrieval-v2,20260915-184322-m2-retrieval,2026-09-15T18:43:11+00:00,run_start,0,UNOBSERVABLE_HOST,,,b-qwen3-30b-a3b,_v2,96000,m2_harness_mi300x/retrieval_cost_b-qwen3-30b-a3b_v2.csv,2,drop,96000,cold,1,17823.711,20260915-184311-m2-b-qwen3moe-retrieval-v2/stdout.log,60,per_request_from_stdout,True
20261010-075351-f4-rebuild,20260915-184311-m2-b-qwen3moe-retrieval-v2,20260915-184322-m2-retrieval,2026-09-15T18:43:11+00:00,run_start,0,UNOBSERVABLE_HOST,,,b-qwen3-30b-a3b,_v2,96000,m2_harness_mi300x/retrieval_cost_b-qwen3-30b-a3b_v2.csv,2,drop,96000,cold,2,17855.963,20260915-184311-m2-b-qwen3moe-retrieval-v2/stdout.log,61,per_request_from_stdout,True
20261010-075351-f4-rebuild,20260915-184311-m2-b-qwen3moe-retrieval-v2,20260915-184322-m2-retrieval,2026-09-15T18:43:11+00:00,run_start,0,UNOBSERVABLE_HOST,,,b-qwen3-30b-a3b,_v2,96000,m2_harness_mi300x/retrieval_cost_b-qwen3-30b-a3b_v2.csv,2,drop,96000,cold,3,17871.294,20260915-184311-m2-b-qwen3moe-retrieval-v2/stdout.log,62,per_request_from_stdout,True
20261010-075351-f4-rebuild,20260915-184311-m2-b-qwen3moe-retrieval-v2,20260915-184322-m2-retrieval,2026-09-15T18:43:11+00:00,run_start,0,UNOBSERVABLE_HOST,,,b-qwen3-30b-a3b,_v2,96000,m2_harness_mi300x/retrieval_cost_b-qwen3-30b-a3b_v2.csv,2,drop,96000,warm,0,17838.517,20260915-184311-m2-b-qwen3moe-retrieval-v2/stdout.log,63,per_request_from_stdout,True
20261010-075351-f4-rebuild,20260915-184311-m2-b-qwen3moe-retrieval-v2,20260915-184322-m2-retrieval,2026-09-15T18:43:11+00:00,run_start,0,UNOBSERVABLE_HOST,,,b-qwen3-30b-a3b,_v2,96000,m2_harness_mi300x/retrieval_cost_b-qwen3-30b-a3b_v2.csv,2,drop,96000,warm,1,17875.271,20260915-184311-m2-b-qwen3moe-retrieval-v2/stdout.log,64,per_request_from_stdout,True
20261010-075351-f4-rebuild,20260915-184311-m2-b-qwen3moe-retrieval-v2,20260915-184322-m2-retrieval,2026-09-15T18:43:11+00:00,run_start,0,UNOBSERVABLE_HOST,,,b-qwen3-30b-a3b,_v2,96000,m2_harness_mi300x/retrieval_cost_b-qwen3-30b-a3b_v2.csv,2,drop,96000,warm,2,17893.733,20260915-184311-m2-b-qwen3moe-retrieval-v2/stdout.log,65,per_request_from_stdout,True
20261010-075351-f4-rebuild,20260915-184311-m2-b-qwen3moe-retrieval-v2,20260915-184322-m2-retrieval,2026-09-15T18:43:11+00:00,run_start,0,UNOBSERVABLE_HOST,,,b-qwen3-30b-a3b,_v2,96000,m2_harness_mi300x/retrieval_cost_b-qwen3-30b-a3b_v2.csv,2,drop,96000,warm,3,17895.108,20260915-184311-m2-b-qwen3moe-retrieval-v2/stdout.log,66,per_request_from_stdout,True
20261010-075351-f4-rebuild,20260915-184311-m2-b-qwen3moe-retrieval-v2,20260915-184322-m2-retrieval,2026-09-15T18:43:11+00:00,run_start,0,UNOBSERVABLE_HOST,,,b-qwen3-30b-a3b,_v2,96000,m2_harness_mi300x/retrieval_cost_b-qwen3-30b-a3b_v2.csv,2,gpu_resident,96000,cold,0,17918.576,20260915-184311-m2-b-qwen3moe-retrieval-v2/stdout.log,68,per_request_from_stdout,True
20261010-075351-f4-rebuild,20260915-184311-m2-b-qwen3moe-retrieval-v2,20260915-184322-m2-retrieval,2026-09-15T18:43:11+00:00,run_start,0,UNOBSERVABLE_HOST,,,b-qwen3-30b-a3b,_v2,96000,m2_harness_mi300x/retrieval_cost_b-qwen3-30b-a3b_v2.csv,2,gpu_resident,96000,warm,0,734.051,20260915-184311-m2-b-qwen3moe-retrieval-v2/stdout.log,69,per_request_from_stdout,True
20261010-075351-f4-rebuild,20260915-184311-m2-b-qwen3moe-retrieval-v2,20260915-184322-m2-retrieval,2026-09-15T18:43:11+00:00,run_start,0,UNOBSERVABLE_HOST,,,b-qwen3-30b-a3b,_v2,96000,m2_harness_mi300x/retrieval_cost_b-qwen3-30b-a3b_v2.csv,3,ssd,96000,cold,0,47034.012,20260915-184311-m2-b-qwen3moe-retrieval-v2/stdout.log,72,per_request_from_stdout,True
20261010-075351-f4-rebuild,20260915-184311-m2-b-qwen3moe-retrieval-v2,20260915-184322-m2-retrieval,2026-09-15T18:43:11+00:00,run_start,0,UNOBSERVABLE_HOST,,,b-qwen3-30b-a3b,_v2,96000,m2_harness_mi300x/retrieval_cost_b-qwen3-30b-a3b_v2.csv,3,ssd,96000,cold,1,47154.989,20260915-184311-m2-b-qwen3moe-retrieval-v2/stdout.log,73,per_request_from_stdout,True
20261010-075351-f4-rebuild,20260915-184311-m2-b-qwen3moe-retrieval-v2,20260915-184322-m2-retrieval,2026-09-15T18:43:11+00:00,run_start,0,UNOBSERVABLE_HOST,,,b-qwen3-30b-a3b,_v2,96000,m2_harness_mi300x/retrieval_cost_b-qwen3-30b-a3b_v2.csv,3,ssd,96000,cold,2,47202.015,20260915-184311-m2-b-qwen3moe-retrieval-v2/stdout.log,74,per_request_from_stdout,True
20261010-075351-f4-rebuild,20260915-184311-m2-b-qwen3moe-retrieval-v2,20260915-184322-m2-retrieval,2026-09-15T18:43:11+00:00,run_start,0,UNOBSERVABLE_HOST,,,b-qwen3-30b-a3b,_v2,96000,m2_harness_mi300x/retrieval_cost_b-qwen3-30b-a3b_v2.csv,3,ssd,96000,cold,3,47292.784,20260915-184311-m2-b-qwen3moe-retrieval-v2/stdout.log,75,per_request_from_stdout,True
20261010-075351-f4-rebuild,20260915-184311-m2-b-qwen3moe-retrieval-v2,20260915-184322-m2-retrieval,2026-09-15T18:43:11+00:00,run_start,0,UNOBSERVABLE_HOST,,,b-qwen3-30b-a3b,_v2,96000,m2_harness_mi300x/retrieval_cost_b-qwen3-30b-a3b_v2.csv,3,ssd,96000,warm,0,3793.664,20260915-184311-m2-b-qwen3moe-retrieval-v2/stdout.log,76,per_request_from_stdout,True
20261010-075351-f4-rebuild,20260915-184311-m2-b-qwen3moe-retrieval-v2,20260915-184322-m2-retrieval,2026-09-15T18:43:11+00:00,run_start,0,UNOBSERVABLE_HOST,,,b-qwen3-30b-a3b,_v2,96000,m2_harness_mi300x/retrieval_cost_b-qwen3-30b-a3b_v2.csv,3,ssd,96000,warm,1,3828.33,20260915-184311-m2-b-qwen3moe-retrieval-v2/stdout.log,77,per_request_from_stdout,True
20261010-075351-f4-rebuild,20260915-184311-m2-b-qwen3moe-retrieval-v2,20260915-184322-m2-retrieval,2026-09-15T18:43:11+00:00,run_start,0,UNOBSERVABLE_HOST,,,b-qwen3-30b-a3b,_v2,96000,m2_harness_mi300x/retrieval_cost_b-qwen3-30b-a3b_v2.csv,3,ssd,96000,warm,2,3732.287,20260915-184311-m2-b-qwen3moe-retrieval-v2/stdout.log,78,per_request_from_stdout,True
20261010-075351-f4-rebuild,20260915-184311-m2-b-qwen3moe-retrieval-v2,20260915-184322-m2-retrieval,2026-09-15T18:43:11+00:00,run_start,0,UNOBSERVABLE_HOST,,,b-qwen3-30b-a3b,_v2,96000,m2_harness_mi300x/retrieval_cost_b-qwen3-30b-a3b_v2.csv,3,ssd,96000,warm,3,3747.758,20260915-184311-m2-b-qwen3moe-retrieval-v2/stdout.log,79,per_request_from_stdout,True
20261010-075351-f4-rebuild,20260915-184311-m2-b-qwen3moe-retrieval-v2,20260915-184322-m2-retrieval,2026-09-15T18:43:11+00:00,run_start,0,UNOBSERVABLE_HOST,,,b-qwen3-30b-a3b,_v2,96000,m2_harness_mi300x/retrieval_cost_b-qwen3-30b-a3b_v2.csv,3,drop,96000,cold,0,17967.467,20260915-184311-m2-b-qwen3moe-retrieval-v2/stdout.log,82,per_request_from_stdout,True
20261010-075351-f4-rebuild,20260915-184311-m2-b-qwen3moe-retrieval-v2,20260915-184322-m2-retrieval,2026-09-15T18:43:11+00:00,run_start,0,UNOBSERVABLE_HOST,,,b-qwen3-30b-a3b,_v2,96000,m2_harness_mi300x/retrieval_cost_b-qwen3-30b-a3b_v2.csv,3,drop,96000,cold,1,17858.412,20260915-184311-m2-b-qwen3moe-retrieval-v2/stdout.log,83,per_request_from_stdout,True
20261010-075351-f4-rebuild,20260915-184311-m2-b-qwen3moe-retrieval-v2,20260915-184322-m2-retrieval,2026-09-15T18:43:11+00:00,run_start,0,UNOBSERVABLE_HOST,,,b-qwen3-30b-a3b,_v2,96000,m2_harness_mi300x/retrieval_cost_b-qwen3-30b-a3b_v2.csv,3,drop,96000,cold,2,17874.398,20260915-184311-m2-b-qwen3moe-retrieval-v2/stdout.log,84,per_request_from_stdout,True
20261010-075351-f4-rebuild,20260915-184311-m2-b-qwen3moe-retrieval-v2,20260915-184322-m2-retrieval,2026-09-15T18:43:11+00:00,run_start,0,UNOBSERVABLE_HOST,,,b-qwen3-30b-a3b,_v2,96000,m2_harness_mi300x/retrieval_cost_b-qwen3-30b-a3b_v2.csv,3,drop,96000,cold,3,17893.046,20260915-184311-m2-b-qwen3moe-retrieval-v2/stdout.log,85,per_request_from_stdout,True
20261010-075351-f4-rebuild,20260915-184311-m2-b-qwen3moe-retrieval-v2,20260915-184322-m2-retrieval,2026-09-15T18:43:11+00:00,run_start,0,UNOBSERVABLE_HOST,,,b-qwen3-30b-a3b,_v2,96000,m2_harness_mi300x/retrieval_cost_b-qwen3-30b-a3b_v2.csv,3,drop,96000,warm,0,17857.57,20260915-184311-m2-b-qwen3moe-retrieval-v2/stdout.log,86,per_request_from_stdout,True
20261010-075351-f4-rebuild,20260915-184311-m2-b-qwen3moe-retrieval-v2,20260915-184322-m2-retrieval,2026-09-15T18:43:11+00:00,run_start,0,UNOBSERVABLE_HOST,,,b-qwen3-30b-a3b,_v2,96000,m2_harness_mi300x/retrieval_cost_b-qwen3-30b-a3b_v2.csv,3,drop,96000,warm,1,17881.67,20260915-184311-m2-b-qwen3moe-retrieval-v2/stdout.log,87,per_request_from_stdout,True
20261010-075351-f4-rebuild,20260915-184311-m2-b-qwen3moe-retrieval-v2,20260915-184322-m2-retrieval,2026-09-15T18:43:11+00:00,run_start,0,UNOBSERVABLE_HOST,,,b-qwen3-30b-a3b,_v2,96000,m2_harness_mi300x/retrieval_cost_b-qwen3-30b-a3b_v2.csv,3,drop,96000,warm,2,17901.356,20260915-184311-m2-b-qwen3moe-retrieval-v2/stdout.log,88,per_request_from_stdout,True
20261010-075351-f4-rebuild,20260915-184311-m2-b-qwen3moe-retrieval-v2,20260915-184322-m2-retrieval,2026-09-15T18:43:11+00:00,run_start,0,UNOBSERVABLE_HOST,,,b-qwen3-30b-a3b,_v2,96000,m2_harness_mi300x/retrieval_cost_b-qwen3-30b-a3b_v2.csv,3,drop,96000,warm,3,17905.615,20260915-184311-m2-b-qwen3moe-retrieval-v2/stdout.log,89,per_request_from_stdout,True
20261010-075351-f4-rebuild,20260915-184311-m2-b-qwen3moe-retrieval-v2,20260915-184322-m2-retrieval,2026-09-15T18:43:11+00:00,run_start,0,UNOBSERVABLE_HOST,,,b-qwen3-30b-a3b,_v2,96000,m2_harness_mi300x/retrieval_cost_b-qwen3-30b-a3b_v2.csv,3,gpu_resident,96000,cold,0,17962.803,20260915-184311-m2-b-qwen3moe-retrieval-v2/stdout.log,91,per_request_from_stdout,True
20261010-075351-f4-rebuild,20260915-184311-m2-b-qwen3moe-retrieval-v2,20260915-184322-m2-retrieval,2026-09-15T18:43:11+00:00,run_start,0,UNOBSERVABLE_HOST,,,b-qwen3-30b-a3b,_v2,96000,m2_harness_mi300x/retrieval_cost_b-qwen3-30b-a3b_v2.csv,3,gpu_resident,96000,warm,0,760.846,20260915-184311-m2-b-qwen3moe-retrieval-v2/stdout.log,92,per_request_from_stdout,True
20261010-075351-f4-rebuild,20260915-184311-m2-b-qwen3moe-retrieval-v2,20260915-184322-m2-retrieval,2026-09-15T18:43:11+00:00,run_start,0,UNOBSERVABLE_HOST,,,b-qwen3-30b-a3b,_v2,96000,m2_harness_mi300x/retrieval_cost_b-qwen3-30b-a3b_v2.csv,3,cpu,96000,cold,0,47047.368,20260915-184311-m2-b-qwen3moe-retrieval-v2/stdout.log,94,per_request_from_stdout,True
20261010-075351-f4-rebuild,20260915-184311-m2-b-qwen3moe-retrieval-v2,20260915-184322-m2-retrieval,2026-09-15T18:43:11+00:00,run_start,0,UNOBSERVABLE_HOST,,,b-qwen3-30b-a3b,_v2,96000,m2_harness_mi300x/retrieval_cost_b-qwen3-30b-a3b_v2.csv,3,cpu,96000,cold,1,47052.933,20260915-184311-m2-b-qwen3moe-retrieval-v2/stdout.log,95,per_request_from_stdout,True
20261010-075351-f4-rebuild,20260915-184311-m2-b-qwen3moe-retrieval-v2,20260915-184322-m2-retrieval,2026-09-15T18:43:11+00:00,run_start,0,UNOBSERVABLE_HOST,,,b-qwen3-30b-a3b,_v2,96000,m2_harness_mi300x/retrieval_cost_b-qwen3-30b-a3b_v2.csv,3,cpu,96000,cold,2,47114.449,20260915-184311-m2-b-qwen3moe-retrieval-v2/stdout.log,96,per_request_from_stdout,True
20261010-075351-f4-rebuild,20260915-184311-m2-b-qwen3moe-retrieval-v2,20260915-184322-m2-retrieval,2026-09-15T18:43:11+00:00,run_start,0,UNOBSERVABLE_HOST,,,b-qwen3-30b-a3b,_v2,96000,m2_harness_mi300x/retrieval_cost_b-qwen3-30b-a3b_v2.csv,3,cpu,96000,cold,3,47115.614,20260915-184311-m2-b-qwen3moe-retrieval-v2/stdout.log,97,per_request_from_stdout,True
20261010-075351-f4-rebuild,20260915-184311-m2-b-qwen3moe-retrieval-v2,20260915-184322-m2-retrieval,2026-09-15T18:43:11+00:00,run_start,0,UNOBSERVABLE_HOST,,,b-qwen3-30b-a3b,_v2,96000,m2_harness_mi300x/retrieval_cost_b-qwen3-30b-a3b_v2.csv,3,cpu,96000,warm,0,685.079,20260915-184311-m2-b-qwen3moe-retrieval-v2/stdout.log,98,per_request_from_stdout,True
20261010-075351-f4-rebuild,20260915-184311-m2-b-qwen3moe-retrieval-v2,20260915-184322-m2-retrieval,2026-09-15T18:43:11+00:00,run_start,0,UNOBSERVABLE_HOST,,,b-qwen3-30b-a3b,_v2,96000,m2_harness_mi300x/retrieval_cost_b-qwen3-30b-a3b_v2.csv,3,cpu,96000,warm,1,706.806,20260915-184311-m2-b-qwen3moe-retrieval-v2/stdout.log,99,per_request_from_stdout,True
20261010-075351-f4-rebuild,20260915-184311-m2-b-qwen3moe-retrieval-v2,20260915-184322-m2-retrieval,2026-09-15T18:43:11+00:00,run_start,0,UNOBSERVABLE_HOST,,,b-qwen3-30b-a3b,_v2,96000,m2_harness_mi300x/retrieval_cost_b-qwen3-30b-a3b_v2.csv,3,cpu,96000,warm,2,701.856,20260915-184311-m2-b-qwen3moe-retrieval-v2/stdout.log,100,per_request_from_stdout,True
20261010-075351-f4-rebuild,20260915-184311-m2-b-qwen3moe-retrieval-v2,20260915-184322-m2-retrieval,2026-09-15T18:43:11+00:00,run_start,0,UNOBSERVABLE_HOST,,,b-qwen3-30b-a3b,_v2,96000,m2_harness_mi300x/retrieval_cost_b-qwen3-30b-a3b_v2.csv,3,cpu,96000,warm,3,702.39,20260915-184311-m2-b-qwen3moe-retrieval-v2/stdout.log,101,per_request_from_stdout,True
20261010-075351-f4-rebuild,20260915-194020-m2-b-seedoss-retrieval-v2,20260915-194031-m2-retrieval,2026-09-15T19:40:20+00:00,run_start,0,UNOBSERVABLE_HOST,,,b-seedoss36b,_v2,96000,m2_harness_mi300x/retrieval_cost_b-seedoss36b_v2.csv,1,gpu_resident,96000,cold,0,63914.753,20260915-194020-m2-b-seedoss-retrieval-v2/stdout.log,6,per_request_from_stdout,True
20261010-075351-f4-rebuild,20260915-194020-m2-b-seedoss-retrieval-v2,20260915-194031-m2-retrieval,2026-09-15T19:40:20+00:00,run_start,0,UNOBSERVABLE_HOST,,,b-seedoss36b,_v2,96000,m2_harness_mi300x/retrieval_cost_b-seedoss36b_v2.csv,1,gpu_resident,96000,warm,0,877.703,20260915-194020-m2-b-seedoss-retrieval-v2/stdout.log,7,per_request_from_stdout,True
20261010-075351-f4-rebuild,20260915-194020-m2-b-seedoss-retrieval-v2,20260915-194031-m2-retrieval,2026-09-15T19:40:20+00:00,run_start,0,UNOBSERVABLE_HOST,,,b-seedoss36b,_v2,96000,m2_harness_mi300x/retrieval_cost_b-seedoss36b_v2.csv,1,cpu,96000,cold,0,215810.542,20260915-194020-m2-b-seedoss-retrieval-v2/stdout.log,9,per_request_from_stdout,True
20261010-075351-f4-rebuild,20260915-194020-m2-b-seedoss-retrieval-v2,20260915-194031-m2-retrieval,2026-09-15T19:40:20+00:00,run_start,0,UNOBSERVABLE_HOST,,,b-seedoss36b,_v2,96000,m2_harness_mi300x/retrieval_cost_b-seedoss36b_v2.csv,1,cpu,96000,cold,1,215851.597,20260915-194020-m2-b-seedoss-retrieval-v2/stdout.log,10,per_request_from_stdout,True
20261010-075351-f4-rebuild,20260915-194020-m2-b-seedoss-retrieval-v2,20260915-194031-m2-retrieval,2026-09-15T19:40:20+00:00,run_start,0,UNOBSERVABLE_HOST,,,b-seedoss36b,_v2,96000,m2_harness_mi300x/retrieval_cost_b-seedoss36b_v2.csv,1,cpu,96000,cold,2,215798.166,20260915-194020-m2-b-seedoss-retrieval-v2/stdout.log,11,per_request_from_stdout,True
20261010-075351-f4-rebuild,20260915-194020-m2-b-seedoss-retrieval-v2,20260915-194031-m2-retrieval,2026-09-15T19:40:20+00:00,run_start,0,UNOBSERVABLE_HOST,,,b-seedoss36b,_v2,96000,m2_harness_mi300x/retrieval_cost_b-seedoss36b_v2.csv,1,cpu,96000,cold,3,215928.542,20260915-194020-m2-b-seedoss-retrieval-v2/stdout.log,12,per_request_from_stdout,True
20261010-075351-f4-rebuild,20260915-194020-m2-b-seedoss-retrieval-v2,20260915-194031-m2-retrieval,2026-09-15T19:40:20+00:00,run_start,0,UNOBSERVABLE_HOST,,,b-seedoss36b,_v2,96000,m2_harness_mi300x/retrieval_cost_b-seedoss36b_v2.csv,1,cpu,96000,warm,0,6206.173,20260915-194020-m2-b-seedoss-retrieval-v2/stdout.log,13,per_request_from_stdout,True
20261010-075351-f4-rebuild,20260915-194020-m2-b-seedoss-retrieval-v2,20260915-194031-m2-retrieval,2026-09-15T19:40:20+00:00,run_start,0,UNOBSERVABLE_HOST,,,b-seedoss36b,_v2,96000,m2_harness_mi300x/retrieval_cost_b-seedoss36b_v2.csv,1,cpu,96000,warm,1,6212.199,20260915-194020-m2-b-seedoss-retrieval-v2/stdout.log,14,per_request_from_stdout,True
20261010-075351-f4-rebuild,20260915-194020-m2-b-seedoss-retrieval-v2,20260915-194031-m2-retrieval,2026-09-15T19:40:20+00:00,run_start,0,UNOBSERVABLE_HOST,,,b-seedoss36b,_v2,96000,m2_harness_mi300x/retrieval_cost_b-seedoss36b_v2.csv,1,cpu,96000,warm,2,6180.321,20260915-194020-m2-b-seedoss-retrieval-v2/stdout.log,15,per_request_from_stdout,True
20261010-075351-f4-rebuild,20260915-194020-m2-b-seedoss-retrieval-v2,20260915-194031-m2-retrieval,2026-09-15T19:40:20+00:00,run_start,0,UNOBSERVABLE_HOST,,,b-seedoss36b,_v2,96000,m2_harness_mi300x/retrieval_cost_b-seedoss36b_v2.csv,1,cpu,96000,warm,3,6167.146,20260915-194020-m2-b-seedoss-retrieval-v2/stdout.log,16,per_request_from_stdout,True
20261010-075351-f4-rebuild,20260915-194020-m2-b-seedoss-retrieval-v2,20260915-194031-m2-retrieval,2026-09-15T19:40:20+00:00,run_start,0,UNOBSERVABLE_HOST,,,b-seedoss36b,_v2,96000,m2_harness_mi300x/retrieval_cost_b-seedoss36b_v2.csv,1,ssd,96000,cold,0,215791.74,20260915-194020-m2-b-seedoss-retrieval-v2/stdout.log,19,per_request_from_stdout,True
20261010-075351-f4-rebuild,20260915-194020-m2-b-seedoss-retrieval-v2,20260915-194031-m2-retrieval,2026-09-15T19:40:20+00:00,run_start,0,UNOBSERVABLE_HOST,,,b-seedoss36b,_v2,96000,m2_harness_mi300x/retrieval_cost_b-seedoss36b_v2.csv,1,ssd,96000,cold,1,215929.959,20260915-194020-m2-b-seedoss-retrieval-v2/stdout.log,20,per_request_from_stdout,True
20261010-075351-f4-rebuild,20260915-194020-m2-b-seedoss-retrieval-v2,20260915-194031-m2-retrieval,2026-09-15T19:40:20+00:00,run_start,0,UNOBSERVABLE_HOST,,,b-seedoss36b,_v2,96000,m2_harness_mi300x/retrieval_cost_b-seedoss36b_v2.csv,1,ssd,96000,cold,2,215568.508,20260915-194020-m2-b-seedoss-retrieval-v2/stdout.log,21,per_request_from_stdout,True
20261010-075351-f4-rebuild,20260915-194020-m2-b-seedoss-retrieval-v2,20260915-194031-m2-retrieval,2026-09-15T19:40:20+00:00,run_start,0,UNOBSERVABLE_HOST,,,b-seedoss36b,_v2,96000,m2_harness_mi300x/retrieval_cost_b-seedoss36b_v2.csv,1,ssd,96000,cold,3,215638.437,20260915-194020-m2-b-seedoss-retrieval-v2/stdout.log,22,per_request_from_stdout,True
20261010-075351-f4-rebuild,20260915-194020-m2-b-seedoss-retrieval-v2,20260915-194031-m2-retrieval,2026-09-15T19:40:20+00:00,run_start,0,UNOBSERVABLE_HOST,,,b-seedoss36b,_v2,96000,m2_harness_mi300x/retrieval_cost_b-seedoss36b_v2.csv,1,ssd,96000,warm,0,14849.029,20260915-194020-m2-b-seedoss-retrieval-v2/stdout.log,23,per_request_from_stdout,True
20261010-075351-f4-rebuild,20260915-194020-m2-b-seedoss-retrieval-v2,20260915-194031-m2-retrieval,2026-09-15T19:40:20+00:00,run_start,0,UNOBSERVABLE_HOST,,,b-seedoss36b,_v2,96000,m2_harness_mi300x/retrieval_cost_b-seedoss36b_v2.csv,1,ssd,96000,warm,1,12298.056,20260915-194020-m2-b-seedoss-retrieval-v2/stdout.log,24,per_request_from_stdout,True
20261010-075351-f4-rebuild,20260915-194020-m2-b-seedoss-retrieval-v2,20260915-194031-m2-retrieval,2026-09-15T19:40:20+00:00,run_start,0,UNOBSERVABLE_HOST,,,b-seedoss36b,_v2,96000,m2_harness_mi300x/retrieval_cost_b-seedoss36b_v2.csv,1,ssd,96000,warm,2,12381.235,20260915-194020-m2-b-seedoss-retrieval-v2/stdout.log,25,per_request_from_stdout,True
20261010-075351-f4-rebuild,20260915-194020-m2-b-seedoss-retrieval-v2,20260915-194031-m2-retrieval,2026-09-15T19:40:20+00:00,run_start,0,UNOBSERVABLE_HOST,,,b-seedoss36b,_v2,96000,m2_harness_mi300x/retrieval_cost_b-seedoss36b_v2.csv,1,ssd,96000,warm,3,12340.974,20260915-194020-m2-b-seedoss-retrieval-v2/stdout.log,26,per_request_from_stdout,True
20261010-075351-f4-rebuild,20260915-194020-m2-b-seedoss-retrieval-v2,20260915-194031-m2-retrieval,2026-09-15T19:40:20+00:00,run_start,0,UNOBSERVABLE_HOST,,,b-seedoss36b,_v2,96000,m2_harness_mi300x/retrieval_cost_b-seedoss36b_v2.csv,1,drop,96000,cold,0,63872.7,20260915-194020-m2-b-seedoss-retrieval-v2/stdout.log,29,per_request_from_stdout,True
20261010-075351-f4-rebuild,20260915-194020-m2-b-seedoss-retrieval-v2,20260915-194031-m2-retrieval,2026-09-15T19:40:20+00:00,run_start,0,UNOBSERVABLE_HOST,,,b-seedoss36b,_v2,96000,m2_harness_mi300x/retrieval_cost_b-seedoss36b_v2.csv,1,drop,96000,cold,1,63879.63,20260915-194020-m2-b-seedoss-retrieval-v2/stdout.log,30,per_request_from_stdout,True
20261010-075351-f4-rebuild,20260915-194020-m2-b-seedoss-retrieval-v2,20260915-194031-m2-retrieval,2026-09-15T19:40:20+00:00,run_start,0,UNOBSERVABLE_HOST,,,b-seedoss36b,_v2,96000,m2_harness_mi300x/retrieval_cost_b-seedoss36b_v2.csv,1,drop,96000,cold,2,63967.514,20260915-194020-m2-b-seedoss-retrieval-v2/stdout.log,31,per_request_from_stdout,True
20261010-075351-f4-rebuild,20260915-194020-m2-b-seedoss-retrieval-v2,20260915-194031-m2-retrieval,2026-09-15T19:40:20+00:00,run_start,0,UNOBSERVABLE_HOST,,,b-seedoss36b,_v2,96000,m2_harness_mi300x/retrieval_cost_b-seedoss36b_v2.csv,1,drop,96000,cold,3,63941.02,20260915-194020-m2-b-seedoss-retrieval-v2/stdout.log,32,per_request_from_stdout,True
20261010-075351-f4-rebuild,20260915-194020-m2-b-seedoss-retrieval-v2,20260915-194031-m2-retrieval,2026-09-15T19:40:20+00:00,run_start,0,UNOBSERVABLE_HOST,,,b-seedoss36b,_v2,96000,m2_harness_mi300x/retrieval_cost_b-seedoss36b_v2.csv,1,drop,96000,warm,0,63923.421,20260915-194020-m2-b-seedoss-retrieval-v2/stdout.log,33,per_request_from_stdout,True
20261010-075351-f4-rebuild,20260915-194020-m2-b-seedoss-retrieval-v2,20260915-194031-m2-retrieval,2026-09-15T19:40:20+00:00,run_start,0,UNOBSERVABLE_HOST,,,b-seedoss36b,_v2,96000,m2_harness_mi300x/retrieval_cost_b-seedoss36b_v2.csv,1,drop,96000,warm,1,63956.478,20260915-194020-m2-b-seedoss-retrieval-v2/stdout.log,34,per_request_from_stdout,True
20261010-075351-f4-rebuild,20260915-194020-m2-b-seedoss-retrieval-v2,20260915-194031-m2-retrieval,2026-09-15T19:40:20+00:00,run_start,0,UNOBSERVABLE_HOST,,,b-seedoss36b,_v2,96000,m2_harness_mi300x/retrieval_cost_b-seedoss36b_v2.csv,1,drop,96000,warm,2,64003.318,20260915-194020-m2-b-seedoss-retrieval-v2/stdout.log,35,per_request_from_stdout,True
20261010-075351-f4-rebuild,20260915-194020-m2-b-seedoss-retrieval-v2,20260915-194031-m2-retrieval,2026-09-15T19:40:20+00:00,run_start,0,UNOBSERVABLE_HOST,,,b-seedoss36b,_v2,96000,m2_harness_mi300x/retrieval_cost_b-seedoss36b_v2.csv,1,drop,96000,warm,3,63992.324,20260915-194020-m2-b-seedoss-retrieval-v2/stdout.log,36,per_request_from_stdout,True
20261010-075351-f4-rebuild,20260915-194020-m2-b-seedoss-retrieval-v2,20260915-194031-m2-retrieval,2026-09-15T19:40:20+00:00,run_start,0,UNOBSERVABLE_HOST,,,b-seedoss36b,_v2,96000,m2_harness_mi300x/retrieval_cost_b-seedoss36b_v2.csv,2,cpu,96000,cold,0,215633.414,20260915-194020-m2-b-seedoss-retrieval-v2/stdout.log,39,per_request_from_stdout,True
20261010-075351-f4-rebuild,20260915-194020-m2-b-seedoss-retrieval-v2,20260915-194031-m2-retrieval,2026-09-15T19:40:20+00:00,run_start,0,UNOBSERVABLE_HOST,,,b-seedoss36b,_v2,96000,m2_harness_mi300x/retrieval_cost_b-seedoss36b_v2.csv,2,cpu,96000,cold,1,215723.094,20260915-194020-m2-b-seedoss-retrieval-v2/stdout.log,40,per_request_from_stdout,True
20261010-075351-f4-rebuild,20260915-194020-m2-b-seedoss-retrieval-v2,20260915-194031-m2-retrieval,2026-09-15T19:40:20+00:00,run_start,0,UNOBSERVABLE_HOST,,,b-seedoss36b,_v2,96000,m2_harness_mi300x/retrieval_cost_b-seedoss36b_v2.csv,2,cpu,96000,cold,2,215538.96,20260915-194020-m2-b-seedoss-retrieval-v2/stdout.log,41,per_request_from_stdout,True
20261010-075351-f4-rebuild,20260915-194020-m2-b-seedoss-retrieval-v2,20260915-194031-m2-retrieval,2026-09-15T19:40:20+00:00,run_start,0,UNOBSERVABLE_HOST,,,b-seedoss36b,_v2,96000,m2_harness_mi300x/retrieval_cost_b-seedoss36b_v2.csv,2,cpu,96000,cold,3,215522.988,20260915-194020-m2-b-seedoss-retrieval-v2/stdout.log,42,per_request_from_stdout,True
20261010-075351-f4-rebuild,20260915-194020-m2-b-seedoss-retrieval-v2,20260915-194031-m2-retrieval,2026-09-15T19:40:20+00:00,run_start,0,UNOBSERVABLE_HOST,,,b-seedoss36b,_v2,96000,m2_harness_mi300x/retrieval_cost_b-seedoss36b_v2.csv,2,cpu,96000,warm,0,6308.052,20260915-194020-m2-b-seedoss-retrieval-v2/stdout.log,43,per_request_from_stdout,True
20261010-075351-f4-rebuild,20260915-194020-m2-b-seedoss-retrieval-v2,20260915-194031-m2-retrieval,2026-09-15T19:40:20+00:00,run_start,0,UNOBSERVABLE_HOST,,,b-seedoss36b,_v2,96000,m2_harness_mi300x/retrieval_cost_b-seedoss36b_v2.csv,2,cpu,96000,warm,1,6290.711,20260915-194020-m2-b-seedoss-retrieval-v2/stdout.log,44,per_request_from_stdout,True
20261010-075351-f4-rebuild,20260915-194020-m2-b-seedoss-retrieval-v2,20260915-194031-m2-retrieval,2026-09-15T19:40:20+00:00,run_start,0,UNOBSERVABLE_HOST,,,b-seedoss36b,_v2,96000,m2_harness_mi300x/retrieval_cost_b-seedoss36b_v2.csv,2,cpu,96000,warm,2,6276.142,20260915-194020-m2-b-seedoss-retrieval-v2/stdout.log,45,per_request_from_stdout,True
20261010-075351-f4-rebuild,20260915-194020-m2-b-seedoss-retrieval-v2,20260915-194031-m2-retrieval,2026-09-15T19:40:20+00:00,run_start,0,UNOBSERVABLE_HOST,,,b-seedoss36b,_v2,96000,m2_harness_mi300x/retrieval_cost_b-seedoss36b_v2.csv,2,cpu,96000,warm,3,6191.612,20260915-194020-m2-b-seedoss-retrieval-v2/stdout.log,46,per_request_from_stdout,True
20261010-075351-f4-rebuild,20260915-194020-m2-b-seedoss-retrieval-v2,20260915-194031-m2-retrieval,2026-09-15T19:40:20+00:00,run_start,0,UNOBSERVABLE_HOST,,,b-seedoss36b,_v2,96000,m2_harness_mi300x/retrieval_cost_b-seedoss36b_v2.csv,2,ssd,96000,cold,0,215527.845,20260915-194020-m2-b-seedoss-retrieval-v2/stdout.log,49,per_request_from_stdout,True
20261010-075351-f4-rebuild,20260915-194020-m2-b-seedoss-retrieval-v2,20260915-194031-m2-retrieval,2026-09-15T19:40:20+00:00,run_start,0,UNOBSERVABLE_HOST,,,b-seedoss36b,_v2,96000,m2_harness_mi300x/retrieval_cost_b-seedoss36b_v2.csv,2,ssd,96000,cold,1,215973.708,20260915-194020-m2-b-seedoss-retrieval-v2/stdout.log,50,per_request_from_stdout,True
20261010-075351-f4-rebuild,20260915-194020-m2-b-seedoss-retrieval-v2,20260915-194031-m2-retrieval,2026-09-15T19:40:20+00:00,run_start,0,UNOBSERVABLE_HOST,,,b-seedoss36b,_v2,96000,m2_harness_mi300x/retrieval_cost_b-seedoss36b_v2.csv,2,ssd,96000,cold,2,215939.742,20260915-194020-m2-b-seedoss-retrieval-v2/stdout.log,51,per_request_from_stdout,True
20261010-075351-f4-rebuild,20260915-194020-m2-b-seedoss-retrieval-v2,20260915-194031-m2-retrieval,2026-09-15T19:40:20+00:00,run_start,0,UNOBSERVABLE_HOST,,,b-seedoss36b,_v2,96000,m2_harness_mi300x/retrieval_cost_b-seedoss36b_v2.csv,2,ssd,96000,cold,3,215999.263,20260915-194020-m2-b-seedoss-retrieval-v2/stdout.log,52,per_request_from_stdout,True
20261010-075351-f4-rebuild,20260915-194020-m2-b-seedoss-retrieval-v2,20260915-194031-m2-retrieval,2026-09-15T19:40:20+00:00,run_start,0,UNOBSERVABLE_HOST,,,b-seedoss36b,_v2,96000,m2_harness_mi300x/retrieval_cost_b-seedoss36b_v2.csv,2,ssd,96000,warm,0,14715.814,20260915-194020-m2-b-seedoss-retrieval-v2/stdout.log,53,per_request_from_stdout,True
20261010-075351-f4-rebuild,20260915-194020-m2-b-seedoss-retrieval-v2,20260915-194031-m2-retrieval,2026-09-15T19:40:20+00:00,run_start,0,UNOBSERVABLE_HOST,,,b-seedoss36b,_v2,96000,m2_harness_mi300x/retrieval_cost_b-seedoss36b_v2.csv,2,ssd,96000,warm,1,12374.771,20260915-194020-m2-b-seedoss-retrieval-v2/stdout.log,54,per_request_from_stdout,True
20261010-075351-f4-rebuild,20260915-194020-m2-b-seedoss-retrieval-v2,20260915-194031-m2-retrieval,2026-09-15T19:40:20+00:00,run_start,0,UNOBSERVABLE_HOST,,,b-seedoss36b,_v2,96000,m2_harness_mi300x/retrieval_cost_b-seedoss36b_v2.csv,2,ssd,96000,warm,2,12367.608,20260915-194020-m2-b-seedoss-retrieval-v2/stdout.log,55,per_request_from_stdout,True
20261010-075351-f4-rebuild,20260915-194020-m2-b-seedoss-retrieval-v2,20260915-194031-m2-retrieval,2026-09-15T19:40:20+00:00,run_start,0,UNOBSERVABLE_HOST,,,b-seedoss36b,_v2,96000,m2_harness_mi300x/retrieval_cost_b-seedoss36b_v2.csv,2,ssd,96000,warm,3,12296.407,20260915-194020-m2-b-seedoss-retrieval-v2/stdout.log,56,per_request_from_stdout,True
20261010-075351-f4-rebuild,20260915-194020-m2-b-seedoss-retrieval-v2,20260915-194031-m2-retrieval,2026-09-15T19:40:20+00:00,run_start,0,UNOBSERVABLE_HOST,,,b-seedoss36b,_v2,96000,m2_harness_mi300x/retrieval_cost_b-seedoss36b_v2.csv,2,drop,96000,cold,0,63880.834,20260915-194020-m2-b-seedoss-retrieval-v2/stdout.log,59,per_request_from_stdout,True
20261010-075351-f4-rebuild,20260915-194020-m2-b-seedoss-retrieval-v2,20260915-194031-m2-retrieval,2026-09-15T19:40:20+00:00,run_start,0,UNOBSERVABLE_HOST,,,b-seedoss36b,_v2,96000,m2_harness_mi300x/retrieval_cost_b-seedoss36b_v2.csv,2,drop,96000,cold,1,63891.782,20260915-194020-m2-b-seedoss-retrieval-v2/stdout.log,60,per_request_from_stdout,True
20261010-075351-f4-rebuild,20260915-194020-m2-b-seedoss-retrieval-v2,20260915-194031-m2-retrieval,2026-09-15T19:40:20+00:00,run_start,0,UNOBSERVABLE_HOST,,,b-seedoss36b,_v2,96000,m2_harness_mi300x/retrieval_cost_b-seedoss36b_v2.csv,2,drop,96000,cold,2,63934.941,20260915-194020-m2-b-seedoss-retrieval-v2/stdout.log,61,per_request_from_stdout,True
20261010-075351-f4-rebuild,20260915-194020-m2-b-seedoss-retrieval-v2,20260915-194031-m2-retrieval,2026-09-15T19:40:20+00:00,run_start,0,UNOBSERVABLE_HOST,,,b-seedoss36b,_v2,96000,m2_harness_mi300x/retrieval_cost_b-seedoss36b_v2.csv,2,drop,96000,cold,3,63923.838,20260915-194020-m2-b-seedoss-retrieval-v2/stdout.log,62,per_request_from_stdout,True
20261010-075351-f4-rebuild,20260915-194020-m2-b-seedoss-retrieval-v2,20260915-194031-m2-retrieval,2026-09-15T19:40:20+00:00,run_start,0,UNOBSERVABLE_HOST,,,b-seedoss36b,_v2,96000,m2_harness_mi300x/retrieval_cost_b-seedoss36b_v2.csv,2,drop,96000,warm,0,63878.973,20260915-194020-m2-b-seedoss-retrieval-v2/stdout.log,63,per_request_from_stdout,True
20261010-075351-f4-rebuild,20260915-194020-m2-b-seedoss-retrieval-v2,20260915-194031-m2-retrieval,2026-09-15T19:40:20+00:00,run_start,0,UNOBSERVABLE_HOST,,,b-seedoss36b,_v2,96000,m2_harness_mi300x/retrieval_cost_b-seedoss36b_v2.csv,2,drop,96000,warm,1,63892.966,20260915-194020-m2-b-seedoss-retrieval-v2/stdout.log,64,per_request_from_stdout,True
20261010-075351-f4-rebuild,20260915-194020-m2-b-seedoss-retrieval-v2,20260915-194031-m2-retrieval,2026-09-15T19:40:20+00:00,run_start,0,UNOBSERVABLE_HOST,,,b-seedoss36b,_v2,96000,m2_harness_mi300x/retrieval_cost_b-seedoss36b_v2.csv,2,drop,96000,warm,2,63931.625,20260915-194020-m2-b-seedoss-retrieval-v2/stdout.log,65,per_request_from_stdout,True
20261010-075351-f4-rebuild,20260915-194020-m2-b-seedoss-retrieval-v2,20260915-194031-m2-retrieval,2026-09-15T19:40:20+00:00,run_start,0,UNOBSERVABLE_HOST,,,b-seedoss36b,_v2,96000,m2_harness_mi300x/retrieval_cost_b-seedoss36b_v2.csv,2,drop,96000,warm,3,63922.716,20260915-194020-m2-b-seedoss-retrieval-v2/stdout.log,66,per_request_from_stdout,True
20261010-075351-f4-rebuild,20260915-194020-m2-b-seedoss-retrieval-v2,20260915-194031-m2-retrieval,2026-09-15T19:40:20+00:00,run_start,0,UNOBSERVABLE_HOST,,,b-seedoss36b,_v2,96000,m2_harness_mi300x/retrieval_cost_b-seedoss36b_v2.csv,2,gpu_resident,96000,cold,0,63950.51,20260915-194020-m2-b-seedoss-retrieval-v2/stdout.log,68,per_request_from_stdout,True
20261010-075351-f4-rebuild,20260915-194020-m2-b-seedoss-retrieval-v2,20260915-194031-m2-retrieval,2026-09-15T19:40:20+00:00,run_start,0,UNOBSERVABLE_HOST,,,b-seedoss36b,_v2,96000,m2_harness_mi300x/retrieval_cost_b-seedoss36b_v2.csv,2,gpu_resident,96000,warm,0,872.27,20260915-194020-m2-b-seedoss-retrieval-v2/stdout.log,69,per_request_from_stdout,True
20261010-075351-f4-rebuild,20260915-194020-m2-b-seedoss-retrieval-v2,20260915-194031-m2-retrieval,2026-09-15T19:40:20+00:00,run_start,0,UNOBSERVABLE_HOST,,,b-seedoss36b,_v2,96000,m2_harness_mi300x/retrieval_cost_b-seedoss36b_v2.csv,3,ssd,96000,cold,0,215577.827,20260915-194020-m2-b-seedoss-retrieval-v2/stdout.log,72,per_request_from_stdout,True
20261010-075351-f4-rebuild,20260915-194020-m2-b-seedoss-retrieval-v2,20260915-194031-m2-retrieval,2026-09-15T19:40:20+00:00,run_start,0,UNOBSERVABLE_HOST,,,b-seedoss36b,_v2,96000,m2_harness_mi300x/retrieval_cost_b-seedoss36b_v2.csv,3,ssd,96000,cold,1,215978.769,20260915-194020-m2-b-seedoss-retrieval-v2/stdout.log,73,per_request_from_stdout,True
20261010-075351-f4-rebuild,20260915-194020-m2-b-seedoss-retrieval-v2,20260915-194031-m2-retrieval,2026-09-15T19:40:20+00:00,run_start,0,UNOBSERVABLE_HOST,,,b-seedoss36b,_v2,96000,m2_harness_mi300x/retrieval_cost_b-seedoss36b_v2.csv,3,ssd,96000,cold,2,215878.119,20260915-194020-m2-b-seedoss-retrieval-v2/stdout.log,74,per_request_from_stdout,True
20261010-075351-f4-rebuild,20260915-194020-m2-b-seedoss-retrieval-v2,20260915-194031-m2-retrieval,2026-09-15T19:40:20+00:00,run_start,0,UNOBSERVABLE_HOST,,,b-seedoss36b,_v2,96000,m2_harness_mi300x/retrieval_cost_b-seedoss36b_v2.csv,3,ssd,96000,cold,3,215851.314,20260915-194020-m2-b-seedoss-retrieval-v2/stdout.log,75,per_request_from_stdout,True
20261010-075351-f4-rebuild,20260915-194020-m2-b-seedoss-retrieval-v2,20260915-194031-m2-retrieval,2026-09-15T19:40:20+00:00,run_start,0,UNOBSERVABLE_HOST,,,b-seedoss36b,_v2,96000,m2_harness_mi300x/retrieval_cost_b-seedoss36b_v2.csv,3,ssd,96000,warm,0,14530.43,20260915-194020-m2-b-seedoss-retrieval-v2/stdout.log,76,per_request_from_stdout,True
20261010-075351-f4-rebuild,20260915-194020-m2-b-seedoss-retrieval-v2,20260915-194031-m2-retrieval,2026-09-15T19:40:20+00:00,run_start,0,UNOBSERVABLE_HOST,,,b-seedoss36b,_v2,96000,m2_harness_mi300x/retrieval_cost_b-seedoss36b_v2.csv,3,ssd,96000,warm,1,12472.112,20260915-194020-m2-b-seedoss-retrieval-v2/stdout.log,77,per_request_from_stdout,True
20261010-075351-f4-rebuild,20260915-194020-m2-b-seedoss-retrieval-v2,20260915-194031-m2-retrieval,2026-09-15T19:40:20+00:00,run_start,0,UNOBSERVABLE_HOST,,,b-seedoss36b,_v2,96000,m2_harness_mi300x/retrieval_cost_b-seedoss36b_v2.csv,3,ssd,96000,warm,2,12613.287,20260915-194020-m2-b-seedoss-retrieval-v2/stdout.log,78,per_request_from_stdout,True
20261010-075351-f4-rebuild,20260915-194020-m2-b-seedoss-retrieval-v2,20260915-194031-m2-retrieval,2026-09-15T19:40:20+00:00,run_start,0,UNOBSERVABLE_HOST,,,b-seedoss36b,_v2,96000,m2_harness_mi300x/retrieval_cost_b-seedoss36b_v2.csv,3,ssd,96000,warm,3,12503.38,20260915-194020-m2-b-seedoss-retrieval-v2/stdout.log,79,per_request_from_stdout,True
20261010-075351-f4-rebuild,20260915-194020-m2-b-seedoss-retrieval-v2,20260915-194031-m2-retrieval,2026-09-15T19:40:20+00:00,run_start,0,UNOBSERVABLE_HOST,,,b-seedoss36b,_v2,96000,m2_harness_mi300x/retrieval_cost_b-seedoss36b_v2.csv,3,drop,96000,cold,0,63899.917,20260915-194020-m2-b-seedoss-retrieval-v2/stdout.log,82,per_request_from_stdout,True
20261010-075351-f4-rebuild,20260915-194020-m2-b-seedoss-retrieval-v2,20260915-194031-m2-retrieval,2026-09-15T19:40:20+00:00,run_start,0,UNOBSERVABLE_HOST,,,b-seedoss36b,_v2,96000,m2_harness_mi300x/retrieval_cost_b-seedoss36b_v2.csv,3,drop,96000,cold,1,63920.867,20260915-194020-m2-b-seedoss-retrieval-v2/stdout.log,83,per_request_from_stdout,True
20261010-075351-f4-rebuild,20260915-194020-m2-b-seedoss-retrieval-v2,20260915-194031-m2-retrieval,2026-09-15T19:40:20+00:00,run_start,0,UNOBSERVABLE_HOST,,,b-seedoss36b,_v2,96000,m2_harness_mi300x/retrieval_cost_b-seedoss36b_v2.csv,3,drop,96000,cold,2,63965.774,20260915-194020-m2-b-seedoss-retrieval-v2/stdout.log,84,per_request_from_stdout,True
20261010-075351-f4-rebuild,20260915-194020-m2-b-seedoss-retrieval-v2,20260915-194031-m2-retrieval,2026-09-15T19:40:20+00:00,run_start,0,UNOBSERVABLE_HOST,,,b-seedoss36b,_v2,96000,m2_harness_mi300x/retrieval_cost_b-seedoss36b_v2.csv,3,drop,96000,cold,3,63935.828,20260915-194020-m2-b-seedoss-retrieval-v2/stdout.log,85,per_request_from_stdout,True
20261010-075351-f4-rebuild,20260915-194020-m2-b-seedoss-retrieval-v2,20260915-194031-m2-retrieval,2026-09-15T19:40:20+00:00,run_start,0,UNOBSERVABLE_HOST,,,b-seedoss36b,_v2,96000,m2_harness_mi300x/retrieval_cost_b-seedoss36b_v2.csv,3,drop,96000,warm,0,63890.221,20260915-194020-m2-b-seedoss-retrieval-v2/stdout.log,86,per_request_from_stdout,True
20261010-075351-f4-rebuild,20260915-194020-m2-b-seedoss-retrieval-v2,20260915-194031-m2-retrieval,2026-09-15T19:40:20+00:00,run_start,0,UNOBSERVABLE_HOST,,,b-seedoss36b,_v2,96000,m2_harness_mi300x/retrieval_cost_b-seedoss36b_v2.csv,3,drop,96000,warm,1,63903.494,20260915-194020-m2-b-seedoss-retrieval-v2/stdout.log,87,per_request_from_stdout,True
20261010-075351-f4-rebuild,20260915-194020-m2-b-seedoss-retrieval-v2,20260915-194031-m2-retrieval,2026-09-15T19:40:20+00:00,run_start,0,UNOBSERVABLE_HOST,,,b-seedoss36b,_v2,96000,m2_harness_mi300x/retrieval_cost_b-seedoss36b_v2.csv,3,drop,96000,warm,2,63937.205,20260915-194020-m2-b-seedoss-retrieval-v2/stdout.log,88,per_request_from_stdout,True
20261010-075351-f4-rebuild,20260915-194020-m2-b-seedoss-retrieval-v2,20260915-194031-m2-retrieval,2026-09-15T19:40:20+00:00,run_start,0,UNOBSERVABLE_HOST,,,b-seedoss36b,_v2,96000,m2_harness_mi300x/retrieval_cost_b-seedoss36b_v2.csv,3,drop,96000,warm,3,63922.899,20260915-194020-m2-b-seedoss-retrieval-v2/stdout.log,89,per_request_from_stdout,True
20261010-075351-f4-rebuild,20260915-194020-m2-b-seedoss-retrieval-v2,20260915-194031-m2-retrieval,2026-09-15T19:40:20+00:00,run_start,0,UNOBSERVABLE_HOST,,,b-seedoss36b,_v2,96000,m2_harness_mi300x/retrieval_cost_b-seedoss36b_v2.csv,3,gpu_resident,96000,cold,0,63947.411,20260915-194020-m2-b-seedoss-retrieval-v2/stdout.log,91,per_request_from_stdout,True
20261010-075351-f4-rebuild,20260915-194020-m2-b-seedoss-retrieval-v2,20260915-194031-m2-retrieval,2026-09-15T19:40:20+00:00,run_start,0,UNOBSERVABLE_HOST,,,b-seedoss36b,_v2,96000,m2_harness_mi300x/retrieval_cost_b-seedoss36b_v2.csv,3,gpu_resident,96000,warm,0,852.867,20260915-194020-m2-b-seedoss-retrieval-v2/stdout.log,92,per_request_from_stdout,True
20261010-075351-f4-rebuild,20260915-194020-m2-b-seedoss-retrieval-v2,20260915-194031-m2-retrieval,2026-09-15T19:40:20+00:00,run_start,0,UNOBSERVABLE_HOST,,,b-seedoss36b,_v2,96000,m2_harness_mi300x/retrieval_cost_b-seedoss36b_v2.csv,3,cpu,96000,cold,0,215601.83,20260915-194020-m2-b-seedoss-retrieval-v2/stdout.log,94,per_request_from_stdout,True
20261010-075351-f4-rebuild,20260915-194020-m2-b-seedoss-retrieval-v2,20260915-194031-m2-retrieval,2026-09-15T19:40:20+00:00,run_start,0,UNOBSERVABLE_HOST,,,b-seedoss36b,_v2,96000,m2_harness_mi300x/retrieval_cost_b-seedoss36b_v2.csv,3,cpu,96000,cold,1,215998.653,20260915-194020-m2-b-seedoss-retrieval-v2/stdout.log,95,per_request_from_stdout,True
20261010-075351-f4-rebuild,20260915-194020-m2-b-seedoss-retrieval-v2,20260915-194031-m2-retrieval,2026-09-15T19:40:20+00:00,run_start,0,UNOBSERVABLE_HOST,,,b-seedoss36b,_v2,96000,m2_harness_mi300x/retrieval_cost_b-seedoss36b_v2.csv,3,cpu,96000,cold,2,215885.121,20260915-194020-m2-b-seedoss-retrieval-v2/stdout.log,96,per_request_from_stdout,True
20261010-075351-f4-rebuild,20260915-194020-m2-b-seedoss-retrieval-v2,20260915-194031-m2-retrieval,2026-09-15T19:40:20+00:00,run_start,0,UNOBSERVABLE_HOST,,,b-seedoss36b,_v2,96000,m2_harness_mi300x/retrieval_cost_b-seedoss36b_v2.csv,3,cpu,96000,cold,3,215930.362,20260915-194020-m2-b-seedoss-retrieval-v2/stdout.log,97,per_request_from_stdout,True
20261010-075351-f4-rebuild,20260915-194020-m2-b-seedoss-retrieval-v2,20260915-194031-m2-retrieval,2026-09-15T19:40:20+00:00,run_start,0,UNOBSERVABLE_HOST,,,b-seedoss36b,_v2,96000,m2_harness_mi300x/retrieval_cost_b-seedoss36b_v2.csv,3,cpu,96000,warm,0,6357.088,20260915-194020-m2-b-seedoss-retrieval-v2/stdout.log,98,per_request_from_stdout,True
20261010-075351-f4-rebuild,20260915-194020-m2-b-seedoss-retrieval-v2,20260915-194031-m2-retrieval,2026-09-15T19:40:20+00:00,run_start,0,UNOBSERVABLE_HOST,,,b-seedoss36b,_v2,96000,m2_harness_mi300x/retrieval_cost_b-seedoss36b_v2.csv,3,cpu,96000,warm,1,6340.89,20260915-194020-m2-b-seedoss-retrieval-v2/stdout.log,99,per_request_from_stdout,True
20261010-075351-f4-rebuild,20260915-194020-m2-b-seedoss-retrieval-v2,20260915-194031-m2-retrieval,2026-09-15T19:40:20+00:00,run_start,0,UNOBSERVABLE_HOST,,,b-seedoss36b,_v2,96000,m2_harness_mi300x/retrieval_cost_b-seedoss36b_v2.csv,3,cpu,96000,warm,2,6401.11,20260915-194020-m2-b-seedoss-retrieval-v2/stdout.log,100,per_request_from_stdout,True
20261010-075351-f4-rebuild,20260915-194020-m2-b-seedoss-retrieval-v2,20260915-194031-m2-retrieval,2026-09-15T19:40:20+00:00,run_start,0,UNOBSERVABLE_HOST,,,b-seedoss36b,_v2,96000,m2_harness_mi300x/retrieval_cost_b-seedoss36b_v2.csv,3,cpu,96000,warm,3,6381.239,20260915-194020-m2-b-seedoss-retrieval-v2/stdout.log,101,per_request_from_stdout,True
20261010-075351-f4-rebuild,20260916-001321-m2-b-qwen3moe-cpudiag,20260916-001332-m2-retrieval,2026-09-16T00:13:21+00:00,run_start,0,UNOBSERVABLE_HOST,,,b-qwen3-30b-a3b,_cpudiag,96000,m2_harness_mi300x/retrieval_cost_b-qwen3-30b-a3b_cpudiag.csv,1,gpu_resident,96000,cold,0,17946.443,20260916-001321-m2-b-qwen3moe-cpudiag/stdout.log,6,per_request_from_stdout,True
20261010-075351-f4-rebuild,20260916-001321-m2-b-qwen3moe-cpudiag,20260916-001332-m2-retrieval,2026-09-16T00:13:21+00:00,run_start,0,UNOBSERVABLE_HOST,,,b-qwen3-30b-a3b,_cpudiag,96000,m2_harness_mi300x/retrieval_cost_b-qwen3-30b-a3b_cpudiag.csv,1,gpu_resident,96000,warm,0,768.129,20260916-001321-m2-b-qwen3moe-cpudiag/stdout.log,7,per_request_from_stdout,True
20261010-075351-f4-rebuild,20260916-001321-m2-b-qwen3moe-cpudiag,20260916-001332-m2-retrieval,2026-09-16T00:13:21+00:00,run_start,0,UNOBSERVABLE_HOST,,,b-qwen3-30b-a3b,_cpudiag,96000,m2_harness_mi300x/retrieval_cost_b-qwen3-30b-a3b_cpudiag.csv,1,cpu,96000,cold,0,46949.739,20260916-001321-m2-b-qwen3moe-cpudiag/stdout.log,9,per_request_from_stdout,True
20261010-075351-f4-rebuild,20260916-001321-m2-b-qwen3moe-cpudiag,20260916-001332-m2-retrieval,2026-09-16T00:13:21+00:00,run_start,0,UNOBSERVABLE_HOST,,,b-qwen3-30b-a3b,_cpudiag,96000,m2_harness_mi300x/retrieval_cost_b-qwen3-30b-a3b_cpudiag.csv,1,cpu,96000,cold,1,46997.414,20260916-001321-m2-b-qwen3moe-cpudiag/stdout.log,10,per_request_from_stdout,True
20261010-075351-f4-rebuild,20260916-001321-m2-b-qwen3moe-cpudiag,20260916-001332-m2-retrieval,2026-09-16T00:13:21+00:00,run_start,0,UNOBSERVABLE_HOST,,,b-qwen3-30b-a3b,_cpudiag,96000,m2_harness_mi300x/retrieval_cost_b-qwen3-30b-a3b_cpudiag.csv,1,cpu,96000,cold,2,46971.615,20260916-001321-m2-b-qwen3moe-cpudiag/stdout.log,11,per_request_from_stdout,True
20261010-075351-f4-rebuild,20260916-001321-m2-b-qwen3moe-cpudiag,20260916-001332-m2-retrieval,2026-09-16T00:13:21+00:00,run_start,0,UNOBSERVABLE_HOST,,,b-qwen3-30b-a3b,_cpudiag,96000,m2_harness_mi300x/retrieval_cost_b-qwen3-30b-a3b_cpudiag.csv,1,cpu,96000,cold,3,47005.587,20260916-001321-m2-b-qwen3moe-cpudiag/stdout.log,12,per_request_from_stdout,True
20261010-075351-f4-rebuild,20260916-001321-m2-b-qwen3moe-cpudiag,20260916-001332-m2-retrieval,2026-09-16T00:13:21+00:00,run_start,0,UNOBSERVABLE_HOST,,,b-qwen3-30b-a3b,_cpudiag,96000,m2_harness_mi300x/retrieval_cost_b-qwen3-30b-a3b_cpudiag.csv,1,cpu,96000,warm,0,689.638,20260916-001321-m2-b-qwen3moe-cpudiag/stdout.log,13,per_request_from_stdout,True
20261010-075351-f4-rebuild,20260916-001321-m2-b-qwen3moe-cpudiag,20260916-001332-m2-retrieval,2026-09-16T00:13:21+00:00,run_start,0,UNOBSERVABLE_HOST,,,b-qwen3-30b-a3b,_cpudiag,96000,m2_harness_mi300x/retrieval_cost_b-qwen3-30b-a3b_cpudiag.csv,1,cpu,96000,warm,1,709.412,20260916-001321-m2-b-qwen3moe-cpudiag/stdout.log,14,per_request_from_stdout,True
20261010-075351-f4-rebuild,20260916-001321-m2-b-qwen3moe-cpudiag,20260916-001332-m2-retrieval,2026-09-16T00:13:21+00:00,run_start,0,UNOBSERVABLE_HOST,,,b-qwen3-30b-a3b,_cpudiag,96000,m2_harness_mi300x/retrieval_cost_b-qwen3-30b-a3b_cpudiag.csv,1,cpu,96000,warm,2,709.102,20260916-001321-m2-b-qwen3moe-cpudiag/stdout.log,15,per_request_from_stdout,True
20261010-075351-f4-rebuild,20260916-001321-m2-b-qwen3moe-cpudiag,20260916-001332-m2-retrieval,2026-09-16T00:13:21+00:00,run_start,0,UNOBSERVABLE_HOST,,,b-qwen3-30b-a3b,_cpudiag,96000,m2_harness_mi300x/retrieval_cost_b-qwen3-30b-a3b_cpudiag.csv,1,cpu,96000,warm,3,708.922,20260916-001321-m2-b-qwen3moe-cpudiag/stdout.log,16,per_request_from_stdout,True
20261010-075351-f4-rebuild,20260916-001321-m2-b-qwen3moe-cpudiag,20260916-001332-m2-retrieval,2026-09-16T00:13:21+00:00,run_start,0,UNOBSERVABLE_HOST,,,b-qwen3-30b-a3b,_cpudiag,96000,m2_harness_mi300x/retrieval_cost_b-qwen3-30b-a3b_cpudiag.csv,1,drop,96000,cold,0,17957.979,20260916-001321-m2-b-qwen3moe-cpudiag/stdout.log,19,per_request_from_stdout,True
20261010-075351-f4-rebuild,20260916-001321-m2-b-qwen3moe-cpudiag,20260916-001332-m2-retrieval,2026-09-16T00:13:21+00:00,run_start,0,UNOBSERVABLE_HOST,,,b-qwen3-30b-a3b,_cpudiag,96000,m2_harness_mi300x/retrieval_cost_b-qwen3-30b-a3b_cpudiag.csv,1,drop,96000,cold,1,17857.16,20260916-001321-m2-b-qwen3moe-cpudiag/stdout.log,20,per_request_from_stdout,True
20261010-075351-f4-rebuild,20260916-001321-m2-b-qwen3moe-cpudiag,20260916-001332-m2-retrieval,2026-09-16T00:13:21+00:00,run_start,0,UNOBSERVABLE_HOST,,,b-qwen3-30b-a3b,_cpudiag,96000,m2_harness_mi300x/retrieval_cost_b-qwen3-30b-a3b_cpudiag.csv,1,drop,96000,cold,2,17856.484,20260916-001321-m2-b-qwen3moe-cpudiag/stdout.log,21,per_request_from_stdout,True
20261010-075351-f4-rebuild,20260916-001321-m2-b-qwen3moe-cpudiag,20260916-001332-m2-retrieval,2026-09-16T00:13:21+00:00,run_start,0,UNOBSERVABLE_HOST,,,b-qwen3-30b-a3b,_cpudiag,96000,m2_harness_mi300x/retrieval_cost_b-qwen3-30b-a3b_cpudiag.csv,1,drop,96000,cold,3,17877.082,20260916-001321-m2-b-qwen3moe-cpudiag/stdout.log,22,per_request_from_stdout,True
20261010-075351-f4-rebuild,20260916-001321-m2-b-qwen3moe-cpudiag,20260916-001332-m2-retrieval,2026-09-16T00:13:21+00:00,run_start,0,UNOBSERVABLE_HOST,,,b-qwen3-30b-a3b,_cpudiag,96000,m2_harness_mi300x/retrieval_cost_b-qwen3-30b-a3b_cpudiag.csv,1,drop,96000,warm,0,17842.518,20260916-001321-m2-b-qwen3moe-cpudiag/stdout.log,23,per_request_from_stdout,True
20261010-075351-f4-rebuild,20260916-001321-m2-b-qwen3moe-cpudiag,20260916-001332-m2-retrieval,2026-09-16T00:13:21+00:00,run_start,0,UNOBSERVABLE_HOST,,,b-qwen3-30b-a3b,_cpudiag,96000,m2_harness_mi300x/retrieval_cost_b-qwen3-30b-a3b_cpudiag.csv,1,drop,96000,warm,1,17888.356,20260916-001321-m2-b-qwen3moe-cpudiag/stdout.log,24,per_request_from_stdout,True
20261010-075351-f4-rebuild,20260916-001321-m2-b-qwen3moe-cpudiag,20260916-001332-m2-retrieval,2026-09-16T00:13:21+00:00,run_start,0,UNOBSERVABLE_HOST,,,b-qwen3-30b-a3b,_cpudiag,96000,m2_harness_mi300x/retrieval_cost_b-qwen3-30b-a3b_cpudiag.csv,1,drop,96000,warm,2,17878.574,20260916-001321-m2-b-qwen3moe-cpudiag/stdout.log,25,per_request_from_stdout,True
20261010-075351-f4-rebuild,20260916-001321-m2-b-qwen3moe-cpudiag,20260916-001332-m2-retrieval,2026-09-16T00:13:21+00:00,run_start,0,UNOBSERVABLE_HOST,,,b-qwen3-30b-a3b,_cpudiag,96000,m2_harness_mi300x/retrieval_cost_b-qwen3-30b-a3b_cpudiag.csv,1,drop,96000,warm,3,17893.792,20260916-001321-m2-b-qwen3moe-cpudiag/stdout.log,26,per_request_from_stdout,True
20261010-075351-f4-rebuild,20260916-001321-m2-b-qwen3moe-cpudiag,20260916-001332-m2-retrieval,2026-09-16T00:13:21+00:00,run_start,0,UNOBSERVABLE_HOST,,,b-qwen3-30b-a3b,_cpudiag,96000,m2_harness_mi300x/retrieval_cost_b-qwen3-30b-a3b_cpudiag.csv,2,cpu,96000,cold,0,46946.797,20260916-001321-m2-b-qwen3moe-cpudiag/stdout.log,29,per_request_from_stdout,True
20261010-075351-f4-rebuild,20260916-001321-m2-b-qwen3moe-cpudiag,20260916-001332-m2-retrieval,2026-09-16T00:13:21+00:00,run_start,0,UNOBSERVABLE_HOST,,,b-qwen3-30b-a3b,_cpudiag,96000,m2_harness_mi300x/retrieval_cost_b-qwen3-30b-a3b_cpudiag.csv,2,cpu,96000,cold,1,47031.418,20260916-001321-m2-b-qwen3moe-cpudiag/stdout.log,30,per_request_from_stdout,True
20261010-075351-f4-rebuild,20260916-001321-m2-b-qwen3moe-cpudiag,20260916-001332-m2-retrieval,2026-09-16T00:13:21+00:00,run_start,0,UNOBSERVABLE_HOST,,,b-qwen3-30b-a3b,_cpudiag,96000,m2_harness_mi300x/retrieval_cost_b-qwen3-30b-a3b_cpudiag.csv,2,cpu,96000,cold,2,47007.216,20260916-001321-m2-b-qwen3moe-cpudiag/stdout.log,31,per_request_from_stdout,True
20261010-075351-f4-rebuild,20260916-001321-m2-b-qwen3moe-cpudiag,20260916-001332-m2-retrieval,2026-09-16T00:13:21+00:00,run_start,0,UNOBSERVABLE_HOST,,,b-qwen3-30b-a3b,_cpudiag,96000,m2_harness_mi300x/retrieval_cost_b-qwen3-30b-a3b_cpudiag.csv,2,cpu,96000,cold,3,47101.375,20260916-001321-m2-b-qwen3moe-cpudiag/stdout.log,32,per_request_from_stdout,True
20261010-075351-f4-rebuild,20260916-001321-m2-b-qwen3moe-cpudiag,20260916-001332-m2-retrieval,2026-09-16T00:13:21+00:00,run_start,0,UNOBSERVABLE_HOST,,,b-qwen3-30b-a3b,_cpudiag,96000,m2_harness_mi300x/retrieval_cost_b-qwen3-30b-a3b_cpudiag.csv,2,cpu,96000,warm,0,682.098,20260916-001321-m2-b-qwen3moe-cpudiag/stdout.log,33,per_request_from_stdout,True
20261010-075351-f4-rebuild,20260916-001321-m2-b-qwen3moe-cpudiag,20260916-001332-m2-retrieval,2026-09-16T00:13:21+00:00,run_start,0,UNOBSERVABLE_HOST,,,b-qwen3-30b-a3b,_cpudiag,96000,m2_harness_mi300x/retrieval_cost_b-qwen3-30b-a3b_cpudiag.csv,2,cpu,96000,warm,1,707.185,20260916-001321-m2-b-qwen3moe-cpudiag/stdout.log,34,per_request_from_stdout,True
20261010-075351-f4-rebuild,20260916-001321-m2-b-qwen3moe-cpudiag,20260916-001332-m2-retrieval,2026-09-16T00:13:21+00:00,run_start,0,UNOBSERVABLE_HOST,,,b-qwen3-30b-a3b,_cpudiag,96000,m2_harness_mi300x/retrieval_cost_b-qwen3-30b-a3b_cpudiag.csv,2,cpu,96000,warm,2,708.846,20260916-001321-m2-b-qwen3moe-cpudiag/stdout.log,35,per_request_from_stdout,True
20261010-075351-f4-rebuild,20260916-001321-m2-b-qwen3moe-cpudiag,20260916-001332-m2-retrieval,2026-09-16T00:13:21+00:00,run_start,0,UNOBSERVABLE_HOST,,,b-qwen3-30b-a3b,_cpudiag,96000,m2_harness_mi300x/retrieval_cost_b-qwen3-30b-a3b_cpudiag.csv,2,cpu,96000,warm,3,708.652,20260916-001321-m2-b-qwen3moe-cpudiag/stdout.log,36,per_request_from_stdout,True
20261010-075351-f4-rebuild,20260916-001321-m2-b-qwen3moe-cpudiag,20260916-001332-m2-retrieval,2026-09-16T00:13:21+00:00,run_start,0,UNOBSERVABLE_HOST,,,b-qwen3-30b-a3b,_cpudiag,96000,m2_harness_mi300x/retrieval_cost_b-qwen3-30b-a3b_cpudiag.csv,2,drop,96000,cold,0,17953.198,20260916-001321-m2-b-qwen3moe-cpudiag/stdout.log,39,per_request_from_stdout,True
20261010-075351-f4-rebuild,20260916-001321-m2-b-qwen3moe-cpudiag,20260916-001332-m2-retrieval,2026-09-16T00:13:21+00:00,run_start,0,UNOBSERVABLE_HOST,,,b-qwen3-30b-a3b,_cpudiag,96000,m2_harness_mi300x/retrieval_cost_b-qwen3-30b-a3b_cpudiag.csv,2,drop,96000,cold,1,17860.42,20260916-001321-m2-b-qwen3moe-cpudiag/stdout.log,40,per_request_from_stdout,True
20261010-075351-f4-rebuild,20260916-001321-m2-b-qwen3moe-cpudiag,20260916-001332-m2-retrieval,2026-09-16T00:13:21+00:00,run_start,0,UNOBSERVABLE_HOST,,,b-qwen3-30b-a3b,_cpudiag,96000,m2_harness_mi300x/retrieval_cost_b-qwen3-30b-a3b_cpudiag.csv,2,drop,96000,cold,2,17870.634,20260916-001321-m2-b-qwen3moe-cpudiag/stdout.log,41,per_request_from_stdout,True
20261010-075351-f4-rebuild,20260916-001321-m2-b-qwen3moe-cpudiag,20260916-001332-m2-retrieval,2026-09-16T00:13:21+00:00,run_start,0,UNOBSERVABLE_HOST,,,b-qwen3-30b-a3b,_cpudiag,96000,m2_harness_mi300x/retrieval_cost_b-qwen3-30b-a3b_cpudiag.csv,2,drop,96000,cold,3,17888.111,20260916-001321-m2-b-qwen3moe-cpudiag/stdout.log,42,per_request_from_stdout,True
20261010-075351-f4-rebuild,20260916-001321-m2-b-qwen3moe-cpudiag,20260916-001332-m2-retrieval,2026-09-16T00:13:21+00:00,run_start,0,UNOBSERVABLE_HOST,,,b-qwen3-30b-a3b,_cpudiag,96000,m2_harness_mi300x/retrieval_cost_b-qwen3-30b-a3b_cpudiag.csv,2,drop,96000,warm,0,17867.532,20260916-001321-m2-b-qwen3moe-cpudiag/stdout.log,43,per_request_from_stdout,True
20261010-075351-f4-rebuild,20260916-001321-m2-b-qwen3moe-cpudiag,20260916-001332-m2-retrieval,2026-09-16T00:13:21+00:00,run_start,0,UNOBSERVABLE_HOST,,,b-qwen3-30b-a3b,_cpudiag,96000,m2_harness_mi300x/retrieval_cost_b-qwen3-30b-a3b_cpudiag.csv,2,drop,96000,warm,1,17898.902,20260916-001321-m2-b-qwen3moe-cpudiag/stdout.log,44,per_request_from_stdout,True
20261010-075351-f4-rebuild,20260916-001321-m2-b-qwen3moe-cpudiag,20260916-001332-m2-retrieval,2026-09-16T00:13:21+00:00,run_start,0,UNOBSERVABLE_HOST,,,b-qwen3-30b-a3b,_cpudiag,96000,m2_harness_mi300x/retrieval_cost_b-qwen3-30b-a3b_cpudiag.csv,2,drop,96000,warm,2,17874.003,20260916-001321-m2-b-qwen3moe-cpudiag/stdout.log,45,per_request_from_stdout,True
20261010-075351-f4-rebuild,20260916-001321-m2-b-qwen3moe-cpudiag,20260916-001332-m2-retrieval,2026-09-16T00:13:21+00:00,run_start,0,UNOBSERVABLE_HOST,,,b-qwen3-30b-a3b,_cpudiag,96000,m2_harness_mi300x/retrieval_cost_b-qwen3-30b-a3b_cpudiag.csv,2,drop,96000,warm,3,17900.009,20260916-001321-m2-b-qwen3moe-cpudiag/stdout.log,46,per_request_from_stdout,True
20261010-075351-f4-rebuild,20260916-001321-m2-b-qwen3moe-cpudiag,20260916-001332-m2-retrieval,2026-09-16T00:13:21+00:00,run_start,0,UNOBSERVABLE_HOST,,,b-qwen3-30b-a3b,_cpudiag,96000,m2_harness_mi300x/retrieval_cost_b-qwen3-30b-a3b_cpudiag.csv,2,gpu_resident,96000,cold,0,17945.043,20260916-001321-m2-b-qwen3moe-cpudiag/stdout.log,48,per_request_from_stdout,True
20261010-075351-f4-rebuild,20260916-001321-m2-b-qwen3moe-cpudiag,20260916-001332-m2-retrieval,2026-09-16T00:13:21+00:00,run_start,0,UNOBSERVABLE_HOST,,,b-qwen3-30b-a3b,_cpudiag,96000,m2_harness_mi300x/retrieval_cost_b-qwen3-30b-a3b_cpudiag.csv,2,gpu_resident,96000,warm,0,745.099,20260916-001321-m2-b-qwen3moe-cpudiag/stdout.log,49,per_request_from_stdout,True
20261010-075351-f4-rebuild,20260916-001321-m2-b-qwen3moe-cpudiag,20260916-001332-m2-retrieval,2026-09-16T00:13:21+00:00,run_start,0,UNOBSERVABLE_HOST,,,b-qwen3-30b-a3b,_cpudiag,96000,m2_harness_mi300x/retrieval_cost_b-qwen3-30b-a3b_cpudiag.csv,3,drop,96000,cold,0,17912.086,20260916-001321-m2-b-qwen3moe-cpudiag/stdout.log,52,per_request_from_stdout,True
20261010-075351-f4-rebuild,20260916-001321-m2-b-qwen3moe-cpudiag,20260916-001332-m2-retrieval,2026-09-16T00:13:21+00:00,run_start,0,UNOBSERVABLE_HOST,,,b-qwen3-30b-a3b,_cpudiag,96000,m2_harness_mi300x/retrieval_cost_b-qwen3-30b-a3b_cpudiag.csv,3,drop,96000,cold,1,17862.012,20260916-001321-m2-b-qwen3moe-cpudiag/stdout.log,53,per_request_from_stdout,True
20261010-075351-f4-rebuild,20260916-001321-m2-b-qwen3moe-cpudiag,20260916-001332-m2-retrieval,2026-09-16T00:13:21+00:00,run_start,0,UNOBSERVABLE_HOST,,,b-qwen3-30b-a3b,_cpudiag,96000,m2_harness_mi300x/retrieval_cost_b-qwen3-30b-a3b_cpudiag.csv,3,drop,96000,cold,2,17863.368,20260916-001321-m2-b-qwen3moe-cpudiag/stdout.log,54,per_request_from_stdout,True
20261010-075351-f4-rebuild,20260916-001321-m2-b-qwen3moe-cpudiag,20260916-001332-m2-retrieval,2026-09-16T00:13:21+00:00,run_start,0,UNOBSERVABLE_HOST,,,b-qwen3-30b-a3b,_cpudiag,96000,m2_harness_mi300x/retrieval_cost_b-qwen3-30b-a3b_cpudiag.csv,3,drop,96000,cold,3,17900.275,20260916-001321-m2-b-qwen3moe-cpudiag/stdout.log,55,per_request_from_stdout,True
20261010-075351-f4-rebuild,20260916-001321-m2-b-qwen3moe-cpudiag,20260916-001332-m2-retrieval,2026-09-16T00:13:21+00:00,run_start,0,UNOBSERVABLE_HOST,,,b-qwen3-30b-a3b,_cpudiag,96000,m2_harness_mi300x/retrieval_cost_b-qwen3-30b-a3b_cpudiag.csv,3,drop,96000,warm,0,17867.379,20260916-001321-m2-b-qwen3moe-cpudiag/stdout.log,56,per_request_from_stdout,True
20261010-075351-f4-rebuild,20260916-001321-m2-b-qwen3moe-cpudiag,20260916-001332-m2-retrieval,2026-09-16T00:13:21+00:00,run_start,0,UNOBSERVABLE_HOST,,,b-qwen3-30b-a3b,_cpudiag,96000,m2_harness_mi300x/retrieval_cost_b-qwen3-30b-a3b_cpudiag.csv,3,drop,96000,warm,1,17880.289,20260916-001321-m2-b-qwen3moe-cpudiag/stdout.log,57,per_request_from_stdout,True
20261010-075351-f4-rebuild,20260916-001321-m2-b-qwen3moe-cpudiag,20260916-001332-m2-retrieval,2026-09-16T00:13:21+00:00,run_start,0,UNOBSERVABLE_HOST,,,b-qwen3-30b-a3b,_cpudiag,96000,m2_harness_mi300x/retrieval_cost_b-qwen3-30b-a3b_cpudiag.csv,3,drop,96000,warm,2,17897.904,20260916-001321-m2-b-qwen3moe-cpudiag/stdout.log,58,per_request_from_stdout,True
20261010-075351-f4-rebuild,20260916-001321-m2-b-qwen3moe-cpudiag,20260916-001332-m2-retrieval,2026-09-16T00:13:21+00:00,run_start,0,UNOBSERVABLE_HOST,,,b-qwen3-30b-a3b,_cpudiag,96000,m2_harness_mi300x/retrieval_cost_b-qwen3-30b-a3b_cpudiag.csv,3,drop,96000,warm,3,17915.836,20260916-001321-m2-b-qwen3moe-cpudiag/stdout.log,59,per_request_from_stdout,True
20261010-075351-f4-rebuild,20260916-001321-m2-b-qwen3moe-cpudiag,20260916-001332-m2-retrieval,2026-09-16T00:13:21+00:00,run_start,0,UNOBSERVABLE_HOST,,,b-qwen3-30b-a3b,_cpudiag,96000,m2_harness_mi300x/retrieval_cost_b-qwen3-30b-a3b_cpudiag.csv,3,gpu_resident,96000,cold,0,17946.385,20260916-001321-m2-b-qwen3moe-cpudiag/stdout.log,61,per_request_from_stdout,True
20261010-075351-f4-rebuild,20260916-001321-m2-b-qwen3moe-cpudiag,20260916-001332-m2-retrieval,2026-09-16T00:13:21+00:00,run_start,0,UNOBSERVABLE_HOST,,,b-qwen3-30b-a3b,_cpudiag,96000,m2_harness_mi300x/retrieval_cost_b-qwen3-30b-a3b_cpudiag.csv,3,gpu_resident,96000,warm,0,747.575,20260916-001321-m2-b-qwen3moe-cpudiag/stdout.log,62,per_request_from_stdout,True
20261010-075351-f4-rebuild,20260916-001321-m2-b-qwen3moe-cpudiag,20260916-001332-m2-retrieval,2026-09-16T00:13:21+00:00,run_start,0,UNOBSERVABLE_HOST,,,b-qwen3-30b-a3b,_cpudiag,96000,m2_harness_mi300x/retrieval_cost_b-qwen3-30b-a3b_cpudiag.csv,3,cpu,96000,cold,0,46988.1,20260916-001321-m2-b-qwen3moe-cpudiag/stdout.log,64,per_request_from_stdout,True
20261010-075351-f4-rebuild,20260916-001321-m2-b-qwen3moe-cpudiag,20260916-001332-m2-retrieval,2026-09-16T00:13:21+00:00,run_start,0,UNOBSERVABLE_HOST,,,b-qwen3-30b-a3b,_cpudiag,96000,m2_harness_mi300x/retrieval_cost_b-qwen3-30b-a3b_cpudiag.csv,3,cpu,96000,cold,1,47001.168,20260916-001321-m2-b-qwen3moe-cpudiag/stdout.log,65,per_request_from_stdout,True
20261010-075351-f4-rebuild,20260916-001321-m2-b-qwen3moe-cpudiag,20260916-001332-m2-retrieval,2026-09-16T00:13:21+00:00,run_start,0,UNOBSERVABLE_HOST,,,b-qwen3-30b-a3b,_cpudiag,96000,m2_harness_mi300x/retrieval_cost_b-qwen3-30b-a3b_cpudiag.csv,3,cpu,96000,cold,2,47017.427,20260916-001321-m2-b-qwen3moe-cpudiag/stdout.log,66,per_request_from_stdout,True
20261010-075351-f4-rebuild,20260916-001321-m2-b-qwen3moe-cpudiag,20260916-001332-m2-retrieval,2026-09-16T00:13:21+00:00,run_start,0,UNOBSERVABLE_HOST,,,b-qwen3-30b-a3b,_cpudiag,96000,m2_harness_mi300x/retrieval_cost_b-qwen3-30b-a3b_cpudiag.csv,3,cpu,96000,cold,3,47018.444,20260916-001321-m2-b-qwen3moe-cpudiag/stdout.log,67,per_request_from_stdout,True
20261010-075351-f4-rebuild,20260916-001321-m2-b-qwen3moe-cpudiag,20260916-001332-m2-retrieval,2026-09-16T00:13:21+00:00,run_start,0,UNOBSERVABLE_HOST,,,b-qwen3-30b-a3b,_cpudiag,96000,m2_harness_mi300x/retrieval_cost_b-qwen3-30b-a3b_cpudiag.csv,3,cpu,96000,warm,0,723.857,20260916-001321-m2-b-qwen3moe-cpudiag/stdout.log,68,per_request_from_stdout,True
20261010-075351-f4-rebuild,20260916-001321-m2-b-qwen3moe-cpudiag,20260916-001332-m2-retrieval,2026-09-16T00:13:21+00:00,run_start,0,UNOBSERVABLE_HOST,,,b-qwen3-30b-a3b,_cpudiag,96000,m2_harness_mi300x/retrieval_cost_b-qwen3-30b-a3b_cpudiag.csv,3,cpu,96000,warm,1,726.611,20260916-001321-m2-b-qwen3moe-cpudiag/stdout.log,69,per_request_from_stdout,True
20261010-075351-f4-rebuild,20260916-001321-m2-b-qwen3moe-cpudiag,20260916-001332-m2-retrieval,2026-09-16T00:13:21+00:00,run_start,0,UNOBSERVABLE_HOST,,,b-qwen3-30b-a3b,_cpudiag,96000,m2_harness_mi300x/retrieval_cost_b-qwen3-30b-a3b_cpudiag.csv,3,cpu,96000,warm,2,734.007,20260916-001321-m2-b-qwen3moe-cpudiag/stdout.log,70,per_request_from_stdout,True
20261010-075351-f4-rebuild,20260916-001321-m2-b-qwen3moe-cpudiag,20260916-001332-m2-retrieval,2026-09-16T00:13:21+00:00,run_start,0,UNOBSERVABLE_HOST,,,b-qwen3-30b-a3b,_cpudiag,96000,m2_harness_mi300x/retrieval_cost_b-qwen3-30b-a3b_cpudiag.csv,3,cpu,96000,warm,3,768.455,20260916-001321-m2-b-qwen3moe-cpudiag/stdout.log,71,per_request_from_stdout,True
20261010-075351-f4-rebuild,20260916-005231-m2-b-qwen7b-cpudiag,20260916-005242-m2-retrieval,2026-09-16T00:52:31+00:00,run_start,0,UNOBSERVABLE_HOST,,,b-qwen7b-1m,_cpudiag,96000,m2_harness_mi300x/retrieval_cost_b-qwen7b-1m_cpudiag.csv,1,gpu_resident,96000,cold,0,11155.901,20260916-005231-m2-b-qwen7b-cpudiag/stdout.log,6,per_request_from_stdout,True
20261010-075351-f4-rebuild,20260916-005231-m2-b-qwen7b-cpudiag,20260916-005242-m2-retrieval,2026-09-16T00:52:31+00:00,run_start,0,UNOBSERVABLE_HOST,,,b-qwen7b-1m,_cpudiag,96000,m2_harness_mi300x/retrieval_cost_b-qwen7b-1m_cpudiag.csv,1,gpu_resident,96000,warm,0,627.935,20260916-005231-m2-b-qwen7b-cpudiag/stdout.log,7,per_request_from_stdout,True
20261010-075351-f4-rebuild,20260916-005231-m2-b-qwen7b-cpudiag,20260916-005242-m2-retrieval,2026-09-16T00:52:31+00:00,run_start,0,UNOBSERVABLE_HOST,,,b-qwen7b-1m,_cpudiag,96000,m2_harness_mi300x/retrieval_cost_b-qwen7b-1m_cpudiag.csv,1,cpu,96000,cold,0,25869.346,20260916-005231-m2-b-qwen7b-cpudiag/stdout.log,9,per_request_from_stdout,True
20261010-075351-f4-rebuild,20260916-005231-m2-b-qwen7b-cpudiag,20260916-005242-m2-retrieval,2026-09-16T00:52:31+00:00,run_start,0,UNOBSERVABLE_HOST,,,b-qwen7b-1m,_cpudiag,96000,m2_harness_mi300x/retrieval_cost_b-qwen7b-1m_cpudiag.csv,1,cpu,96000,cold,1,25910.518,20260916-005231-m2-b-qwen7b-cpudiag/stdout.log,10,per_request_from_stdout,True
20261010-075351-f4-rebuild,20260916-005231-m2-b-qwen7b-cpudiag,20260916-005242-m2-retrieval,2026-09-16T00:52:31+00:00,run_start,0,UNOBSERVABLE_HOST,,,b-qwen7b-1m,_cpudiag,96000,m2_harness_mi300x/retrieval_cost_b-qwen7b-1m_cpudiag.csv,1,cpu,96000,cold,2,25593.581,20260916-005231-m2-b-qwen7b-cpudiag/stdout.log,11,per_request_from_stdout,True
20261010-075351-f4-rebuild,20260916-005231-m2-b-qwen7b-cpudiag,20260916-005242-m2-retrieval,2026-09-16T00:52:31+00:00,run_start,0,UNOBSERVABLE_HOST,,,b-qwen7b-1m,_cpudiag,96000,m2_harness_mi300x/retrieval_cost_b-qwen7b-1m_cpudiag.csv,1,cpu,96000,cold,3,25948.262,20260916-005231-m2-b-qwen7b-cpudiag/stdout.log,12,per_request_from_stdout,True
20261010-075351-f4-rebuild,20260916-005231-m2-b-qwen7b-cpudiag,20260916-005242-m2-retrieval,2026-09-16T00:52:31+00:00,run_start,0,UNOBSERVABLE_HOST,,,b-qwen7b-1m,_cpudiag,96000,m2_harness_mi300x/retrieval_cost_b-qwen7b-1m_cpudiag.csv,1,cpu,96000,warm,0,2881.824,20260916-005231-m2-b-qwen7b-cpudiag/stdout.log,13,per_request_from_stdout,True
20261010-075351-f4-rebuild,20260916-005231-m2-b-qwen7b-cpudiag,20260916-005242-m2-retrieval,2026-09-16T00:52:31+00:00,run_start,0,UNOBSERVABLE_HOST,,,b-qwen7b-1m,_cpudiag,96000,m2_harness_mi300x/retrieval_cost_b-qwen7b-1m_cpudiag.csv,1,cpu,96000,warm,1,2871.099,20260916-005231-m2-b-qwen7b-cpudiag/stdout.log,14,per_request_from_stdout,True
20261010-075351-f4-rebuild,20260916-005231-m2-b-qwen7b-cpudiag,20260916-005242-m2-retrieval,2026-09-16T00:52:31+00:00,run_start,0,UNOBSERVABLE_HOST,,,b-qwen7b-1m,_cpudiag,96000,m2_harness_mi300x/retrieval_cost_b-qwen7b-1m_cpudiag.csv,1,cpu,96000,warm,2,2870.883,20260916-005231-m2-b-qwen7b-cpudiag/stdout.log,15,per_request_from_stdout,True
20261010-075351-f4-rebuild,20260916-005231-m2-b-qwen7b-cpudiag,20260916-005242-m2-retrieval,2026-09-16T00:52:31+00:00,run_start,0,UNOBSERVABLE_HOST,,,b-qwen7b-1m,_cpudiag,96000,m2_harness_mi300x/retrieval_cost_b-qwen7b-1m_cpudiag.csv,1,cpu,96000,warm,3,2883.14,20260916-005231-m2-b-qwen7b-cpudiag/stdout.log,16,per_request_from_stdout,True
20261010-075351-f4-rebuild,20260916-005231-m2-b-qwen7b-cpudiag,20260916-005242-m2-retrieval,2026-09-16T00:52:31+00:00,run_start,0,UNOBSERVABLE_HOST,,,b-qwen7b-1m,_cpudiag,96000,m2_harness_mi300x/retrieval_cost_b-qwen7b-1m_cpudiag.csv,1,drop,96000,cold,0,10760.042,20260916-005231-m2-b-qwen7b-cpudiag/stdout.log,19,per_request_from_stdout,True
20261010-075351-f4-rebuild,20260916-005231-m2-b-qwen7b-cpudiag,20260916-005242-m2-retrieval,2026-09-16T00:52:31+00:00,run_start,0,UNOBSERVABLE_HOST,,,b-qwen7b-1m,_cpudiag,96000,m2_harness_mi300x/retrieval_cost_b-qwen7b-1m_cpudiag.csv,1,drop,96000,cold,1,10694.943,20260916-005231-m2-b-qwen7b-cpudiag/stdout.log,20,per_request_from_stdout,True
20261010-075351-f4-rebuild,20260916-005231-m2-b-qwen7b-cpudiag,20260916-005242-m2-retrieval,2026-09-16T00:52:31+00:00,run_start,0,UNOBSERVABLE_HOST,,,b-qwen7b-1m,_cpudiag,96000,m2_harness_mi300x/retrieval_cost_b-qwen7b-1m_cpudiag.csv,1,drop,96000,cold,2,10695.454,20260916-005231-m2-b-qwen7b-cpudiag/stdout.log,21,per_request_from_stdout,True
20261010-075351-f4-rebuild,20260916-005231-m2-b-qwen7b-cpudiag,20260916-005242-m2-retrieval,2026-09-16T00:52:31+00:00,run_start,0,UNOBSERVABLE_HOST,,,b-qwen7b-1m,_cpudiag,96000,m2_harness_mi300x/retrieval_cost_b-qwen7b-1m_cpudiag.csv,1,drop,96000,cold,3,10700.774,20260916-005231-m2-b-qwen7b-cpudiag/stdout.log,22,per_request_from_stdout,True
20261010-075351-f4-rebuild,20260916-005231-m2-b-qwen7b-cpudiag,20260916-005242-m2-retrieval,2026-09-16T00:52:31+00:00,run_start,0,UNOBSERVABLE_HOST,,,b-qwen7b-1m,_cpudiag,96000,m2_harness_mi300x/retrieval_cost_b-qwen7b-1m_cpudiag.csv,1,drop,96000,warm,0,10708.715,20260916-005231-m2-b-qwen7b-cpudiag/stdout.log,23,per_request_from_stdout,True
20261010-075351-f4-rebuild,20260916-005231-m2-b-qwen7b-cpudiag,20260916-005242-m2-retrieval,2026-09-16T00:52:31+00:00,run_start,0,UNOBSERVABLE_HOST,,,b-qwen7b-1m,_cpudiag,96000,m2_harness_mi300x/retrieval_cost_b-qwen7b-1m_cpudiag.csv,1,drop,96000,warm,1,10715.332,20260916-005231-m2-b-qwen7b-cpudiag/stdout.log,24,per_request_from_stdout,True
20261010-075351-f4-rebuild,20260916-005231-m2-b-qwen7b-cpudiag,20260916-005242-m2-retrieval,2026-09-16T00:52:31+00:00,run_start,0,UNOBSERVABLE_HOST,,,b-qwen7b-1m,_cpudiag,96000,m2_harness_mi300x/retrieval_cost_b-qwen7b-1m_cpudiag.csv,1,drop,96000,warm,2,10713.017,20260916-005231-m2-b-qwen7b-cpudiag/stdout.log,25,per_request_from_stdout,True
20261010-075351-f4-rebuild,20260916-005231-m2-b-qwen7b-cpudiag,20260916-005242-m2-retrieval,2026-09-16T00:52:31+00:00,run_start,0,UNOBSERVABLE_HOST,,,b-qwen7b-1m,_cpudiag,96000,m2_harness_mi300x/retrieval_cost_b-qwen7b-1m_cpudiag.csv,1,drop,96000,warm,3,10734.333,20260916-005231-m2-b-qwen7b-cpudiag/stdout.log,26,per_request_from_stdout,True
20261010-075351-f4-rebuild,20260916-005231-m2-b-qwen7b-cpudiag,20260916-005242-m2-retrieval,2026-09-16T00:52:31+00:00,run_start,0,UNOBSERVABLE_HOST,,,b-qwen7b-1m,_cpudiag,96000,m2_harness_mi300x/retrieval_cost_b-qwen7b-1m_cpudiag.csv,2,cpu,96000,cold,0,25879.789,20260916-005231-m2-b-qwen7b-cpudiag/stdout.log,29,per_request_from_stdout,True
20261010-075351-f4-rebuild,20260916-005231-m2-b-qwen7b-cpudiag,20260916-005242-m2-retrieval,2026-09-16T00:52:31+00:00,run_start,0,UNOBSERVABLE_HOST,,,b-qwen7b-1m,_cpudiag,96000,m2_harness_mi300x/retrieval_cost_b-qwen7b-1m_cpudiag.csv,2,cpu,96000,cold,1,25921.418,20260916-005231-m2-b-qwen7b-cpudiag/stdout.log,30,per_request_from_stdout,True
20261010-075351-f4-rebuild,20260916-005231-m2-b-qwen7b-cpudiag,20260916-005242-m2-retrieval,2026-09-16T00:52:31+00:00,run_start,0,UNOBSERVABLE_HOST,,,b-qwen7b-1m,_cpudiag,96000,m2_harness_mi300x/retrieval_cost_b-qwen7b-1m_cpudiag.csv,2,cpu,96000,cold,2,25601.509,20260916-005231-m2-b-qwen7b-cpudiag/stdout.log,31,per_request_from_stdout,True
20261010-075351-f4-rebuild,20260916-005231-m2-b-qwen7b-cpudiag,20260916-005242-m2-retrieval,2026-09-16T00:52:31+00:00,run_start,0,UNOBSERVABLE_HOST,,,b-qwen7b-1m,_cpudiag,96000,m2_harness_mi300x/retrieval_cost_b-qwen7b-1m_cpudiag.csv,2,cpu,96000,cold,3,25944.31,20260916-005231-m2-b-qwen7b-cpudiag/stdout.log,32,per_request_from_stdout,True
20261010-075351-f4-rebuild,20260916-005231-m2-b-qwen7b-cpudiag,20260916-005242-m2-retrieval,2026-09-16T00:52:31+00:00,run_start,0,UNOBSERVABLE_HOST,,,b-qwen7b-1m,_cpudiag,96000,m2_harness_mi300x/retrieval_cost_b-qwen7b-1m_cpudiag.csv,2,cpu,96000,warm,0,2864.484,20260916-005231-m2-b-qwen7b-cpudiag/stdout.log,33,per_request_from_stdout,True
20261010-075351-f4-rebuild,20260916-005231-m2-b-qwen7b-cpudiag,20260916-005242-m2-retrieval,2026-09-16T00:52:31+00:00,run_start,0,UNOBSERVABLE_HOST,,,b-qwen7b-1m,_cpudiag,96000,m2_harness_mi300x/retrieval_cost_b-qwen7b-1m_cpudiag.csv,2,cpu,96000,warm,1,2872.928,20260916-005231-m2-b-qwen7b-cpudiag/stdout.log,34,per_request_from_stdout,True
20261010-075351-f4-rebuild,20260916-005231-m2-b-qwen7b-cpudiag,20260916-005242-m2-retrieval,2026-09-16T00:52:31+00:00,run_start,0,UNOBSERVABLE_HOST,,,b-qwen7b-1m,_cpudiag,96000,m2_harness_mi300x/retrieval_cost_b-qwen7b-1m_cpudiag.csv,2,cpu,96000,warm,2,2884.5,20260916-005231-m2-b-qwen7b-cpudiag/stdout.log,35,per_request_from_stdout,True
20261010-075351-f4-rebuild,20260916-005231-m2-b-qwen7b-cpudiag,20260916-005242-m2-retrieval,2026-09-16T00:52:31+00:00,run_start,0,UNOBSERVABLE_HOST,,,b-qwen7b-1m,_cpudiag,96000,m2_harness_mi300x/retrieval_cost_b-qwen7b-1m_cpudiag.csv,2,cpu,96000,warm,3,2880.328,20260916-005231-m2-b-qwen7b-cpudiag/stdout.log,36,per_request_from_stdout,True
20261010-075351-f4-rebuild,20260916-005231-m2-b-qwen7b-cpudiag,20260916-005242-m2-retrieval,2026-09-16T00:52:31+00:00,run_start,0,UNOBSERVABLE_HOST,,,b-qwen7b-1m,_cpudiag,96000,m2_harness_mi300x/retrieval_cost_b-qwen7b-1m_cpudiag.csv,2,drop,96000,cold,0,10711.055,20260916-005231-m2-b-qwen7b-cpudiag/stdout.log,39,per_request_from_stdout,True
20261010-075351-f4-rebuild,20260916-005231-m2-b-qwen7b-cpudiag,20260916-005242-m2-retrieval,2026-09-16T00:52:31+00:00,run_start,0,UNOBSERVABLE_HOST,,,b-qwen7b-1m,_cpudiag,96000,m2_harness_mi300x/retrieval_cost_b-qwen7b-1m_cpudiag.csv,2,drop,96000,cold,1,10660.526,20260916-005231-m2-b-qwen7b-cpudiag/stdout.log,40,per_request_from_stdout,True
20261010-075351-f4-rebuild,20260916-005231-m2-b-qwen7b-cpudiag,20260916-005242-m2-retrieval,2026-09-16T00:52:31+00:00,run_start,0,UNOBSERVABLE_HOST,,,b-qwen7b-1m,_cpudiag,96000,m2_harness_mi300x/retrieval_cost_b-qwen7b-1m_cpudiag.csv,2,drop,96000,cold,2,10672.819,20260916-005231-m2-b-qwen7b-cpudiag/stdout.log,41,per_request_from_stdout,True
20261010-075351-f4-rebuild,20260916-005231-m2-b-qwen7b-cpudiag,20260916-005242-m2-retrieval,2026-09-16T00:52:31+00:00,run_start,0,UNOBSERVABLE_HOST,,,b-qwen7b-1m,_cpudiag,96000,m2_harness_mi300x/retrieval_cost_b-qwen7b-1m_cpudiag.csv,2,drop,96000,cold,3,10682.17,20260916-005231-m2-b-qwen7b-cpudiag/stdout.log,42,per_request_from_stdout,True
20261010-075351-f4-rebuild,20260916-005231-m2-b-qwen7b-cpudiag,20260916-005242-m2-retrieval,2026-09-16T00:52:31+00:00,run_start,0,UNOBSERVABLE_HOST,,,b-qwen7b-1m,_cpudiag,96000,m2_harness_mi300x/retrieval_cost_b-qwen7b-1m_cpudiag.csv,2,drop,96000,warm,0,10683.024,20260916-005231-m2-b-qwen7b-cpudiag/stdout.log,43,per_request_from_stdout,True
20261010-075351-f4-rebuild,20260916-005231-m2-b-qwen7b-cpudiag,20260916-005242-m2-retrieval,2026-09-16T00:52:31+00:00,run_start,0,UNOBSERVABLE_HOST,,,b-qwen7b-1m,_cpudiag,96000,m2_harness_mi300x/retrieval_cost_b-qwen7b-1m_cpudiag.csv,2,drop,96000,warm,1,10696.268,20260916-005231-m2-b-qwen7b-cpudiag/stdout.log,44,per_request_from_stdout,True
20261010-075351-f4-rebuild,20260916-005231-m2-b-qwen7b-cpudiag,20260916-005242-m2-retrieval,2026-09-16T00:52:31+00:00,run_start,0,UNOBSERVABLE_HOST,,,b-qwen7b-1m,_cpudiag,96000,m2_harness_mi300x/retrieval_cost_b-qwen7b-1m_cpudiag.csv,2,drop,96000,warm,2,10697.568,20260916-005231-m2-b-qwen7b-cpudiag/stdout.log,45,per_request_from_stdout,True
20261010-075351-f4-rebuild,20260916-005231-m2-b-qwen7b-cpudiag,20260916-005242-m2-retrieval,2026-09-16T00:52:31+00:00,run_start,0,UNOBSERVABLE_HOST,,,b-qwen7b-1m,_cpudiag,96000,m2_harness_mi300x/retrieval_cost_b-qwen7b-1m_cpudiag.csv,2,drop,96000,warm,3,10702.16,20260916-005231-m2-b-qwen7b-cpudiag/stdout.log,46,per_request_from_stdout,True
20261010-075351-f4-rebuild,20260916-005231-m2-b-qwen7b-cpudiag,20260916-005242-m2-retrieval,2026-09-16T00:52:31+00:00,run_start,0,UNOBSERVABLE_HOST,,,b-qwen7b-1m,_cpudiag,96000,m2_harness_mi300x/retrieval_cost_b-qwen7b-1m_cpudiag.csv,2,gpu_resident,96000,cold,0,11172.667,20260916-005231-m2-b-qwen7b-cpudiag/stdout.log,48,per_request_from_stdout,True
20261010-075351-f4-rebuild,20260916-005231-m2-b-qwen7b-cpudiag,20260916-005242-m2-retrieval,2026-09-16T00:52:31+00:00,run_start,0,UNOBSERVABLE_HOST,,,b-qwen7b-1m,_cpudiag,96000,m2_harness_mi300x/retrieval_cost_b-qwen7b-1m_cpudiag.csv,2,gpu_resident,96000,warm,0,621.719,20260916-005231-m2-b-qwen7b-cpudiag/stdout.log,49,per_request_from_stdout,True
20261010-075351-f4-rebuild,20260916-005231-m2-b-qwen7b-cpudiag,20260916-005242-m2-retrieval,2026-09-16T00:52:31+00:00,run_start,0,UNOBSERVABLE_HOST,,,b-qwen7b-1m,_cpudiag,96000,m2_harness_mi300x/retrieval_cost_b-qwen7b-1m_cpudiag.csv,3,drop,96000,cold,0,10741.733,20260916-005231-m2-b-qwen7b-cpudiag/stdout.log,52,per_request_from_stdout,True
20261010-075351-f4-rebuild,20260916-005231-m2-b-qwen7b-cpudiag,20260916-005242-m2-retrieval,2026-09-16T00:52:31+00:00,run_start,0,UNOBSERVABLE_HOST,,,b-qwen7b-1m,_cpudiag,96000,m2_harness_mi300x/retrieval_cost_b-qwen7b-1m_cpudiag.csv,3,drop,96000,cold,1,10698.231,20260916-005231-m2-b-qwen7b-cpudiag/stdout.log,53,per_request_from_stdout,True
20261010-075351-f4-rebuild,20260916-005231-m2-b-qwen7b-cpudiag,20260916-005242-m2-retrieval,2026-09-16T00:52:31+00:00,run_start,0,UNOBSERVABLE_HOST,,,b-qwen7b-1m,_cpudiag,96000,m2_harness_mi300x/retrieval_cost_b-qwen7b-1m_cpudiag.csv,3,drop,96000,cold,2,10705.526,20260916-005231-m2-b-qwen7b-cpudiag/stdout.log,54,per_request_from_stdout,True
20261010-075351-f4-rebuild,20260916-005231-m2-b-qwen7b-cpudiag,20260916-005242-m2-retrieval,2026-09-16T00:52:31+00:00,run_start,0,UNOBSERVABLE_HOST,,,b-qwen7b-1m,_cpudiag,96000,m2_harness_mi300x/retrieval_cost_b-qwen7b-1m_cpudiag.csv,3,drop,96000,cold,3,10710.944,20260916-005231-m2-b-qwen7b-cpudiag/stdout.log,55,per_request_from_stdout,True
20261010-075351-f4-rebuild,20260916-005231-m2-b-qwen7b-cpudiag,20260916-005242-m2-retrieval,2026-09-16T00:52:31+00:00,run_start,0,UNOBSERVABLE_HOST,,,b-qwen7b-1m,_cpudiag,96000,m2_harness_mi300x/retrieval_cost_b-qwen7b-1m_cpudiag.csv,3,drop,96000,warm,0,10723.712,20260916-005231-m2-b-qwen7b-cpudiag/stdout.log,56,per_request_from_stdout,True
20261010-075351-f4-rebuild,20260916-005231-m2-b-qwen7b-cpudiag,20260916-005242-m2-retrieval,2026-09-16T00:52:31+00:00,run_start,0,UNOBSERVABLE_HOST,,,b-qwen7b-1m,_cpudiag,96000,m2_harness_mi300x/retrieval_cost_b-qwen7b-1m_cpudiag.csv,3,drop,96000,warm,1,10718.585,20260916-005231-m2-b-qwen7b-cpudiag/stdout.log,57,per_request_from_stdout,True
20261010-075351-f4-rebuild,20260916-005231-m2-b-qwen7b-cpudiag,20260916-005242-m2-retrieval,2026-09-16T00:52:31+00:00,run_start,0,UNOBSERVABLE_HOST,,,b-qwen7b-1m,_cpudiag,96000,m2_harness_mi300x/retrieval_cost_b-qwen7b-1m_cpudiag.csv,3,drop,96000,warm,2,10718.952,20260916-005231-m2-b-qwen7b-cpudiag/stdout.log,58,per_request_from_stdout,True
20261010-075351-f4-rebuild,20260916-005231-m2-b-qwen7b-cpudiag,20260916-005242-m2-retrieval,2026-09-16T00:52:31+00:00,run_start,0,UNOBSERVABLE_HOST,,,b-qwen7b-1m,_cpudiag,96000,m2_harness_mi300x/retrieval_cost_b-qwen7b-1m_cpudiag.csv,3,drop,96000,warm,3,10723.162,20260916-005231-m2-b-qwen7b-cpudiag/stdout.log,59,per_request_from_stdout,True
20261010-075351-f4-rebuild,20260916-005231-m2-b-qwen7b-cpudiag,20260916-005242-m2-retrieval,2026-09-16T00:52:31+00:00,run_start,0,UNOBSERVABLE_HOST,,,b-qwen7b-1m,_cpudiag,96000,m2_harness_mi300x/retrieval_cost_b-qwen7b-1m_cpudiag.csv,3,gpu_resident,96000,cold,0,11177.794,20260916-005231-m2-b-qwen7b-cpudiag/stdout.log,61,per_request_from_stdout,True
20261010-075351-f4-rebuild,20260916-005231-m2-b-qwen7b-cpudiag,20260916-005242-m2-retrieval,2026-09-16T00:52:31+00:00,run_start,0,UNOBSERVABLE_HOST,,,b-qwen7b-1m,_cpudiag,96000,m2_harness_mi300x/retrieval_cost_b-qwen7b-1m_cpudiag.csv,3,gpu_resident,96000,warm,0,627.276,20260916-005231-m2-b-qwen7b-cpudiag/stdout.log,62,per_request_from_stdout,True
20261010-075351-f4-rebuild,20260916-005231-m2-b-qwen7b-cpudiag,20260916-005242-m2-retrieval,2026-09-16T00:52:31+00:00,run_start,0,UNOBSERVABLE_HOST,,,b-qwen7b-1m,_cpudiag,96000,m2_harness_mi300x/retrieval_cost_b-qwen7b-1m_cpudiag.csv,3,cpu,96000,cold,0,25893.4,20260916-005231-m2-b-qwen7b-cpudiag/stdout.log,64,per_request_from_stdout,True
20261010-075351-f4-rebuild,20260916-005231-m2-b-qwen7b-cpudiag,20260916-005242-m2-retrieval,2026-09-16T00:52:31+00:00,run_start,0,UNOBSERVABLE_HOST,,,b-qwen7b-1m,_cpudiag,96000,m2_harness_mi300x/retrieval_cost_b-qwen7b-1m_cpudiag.csv,3,cpu,96000,cold,1,25933.473,20260916-005231-m2-b-qwen7b-cpudiag/stdout.log,65,per_request_from_stdout,True
20261010-075351-f4-rebuild,20260916-005231-m2-b-qwen7b-cpudiag,20260916-005242-m2-retrieval,2026-09-16T00:52:31+00:00,run_start,0,UNOBSERVABLE_HOST,,,b-qwen7b-1m,_cpudiag,96000,m2_harness_mi300x/retrieval_cost_b-qwen7b-1m_cpudiag.csv,3,cpu,96000,cold,2,25617.391,20260916-005231-m2-b-qwen7b-cpudiag/stdout.log,66,per_request_from_stdout,True
20261010-075351-f4-rebuild,20260916-005231-m2-b-qwen7b-cpudiag,20260916-005242-m2-retrieval,2026-09-16T00:52:31+00:00,run_start,0,UNOBSERVABLE_HOST,,,b-qwen7b-1m,_cpudiag,96000,m2_harness_mi300x/retrieval_cost_b-qwen7b-1m_cpudiag.csv,3,cpu,96000,cold,3,25956.797,20260916-005231-m2-b-qwen7b-cpudiag/stdout.log,67,per_request_from_stdout,True
20261010-075351-f4-rebuild,20260916-005231-m2-b-qwen7b-cpudiag,20260916-005242-m2-retrieval,2026-09-16T00:52:31+00:00,run_start,0,UNOBSERVABLE_HOST,,,b-qwen7b-1m,_cpudiag,96000,m2_harness_mi300x/retrieval_cost_b-qwen7b-1m_cpudiag.csv,3,cpu,96000,warm,0,2869.3,20260916-005231-m2-b-qwen7b-cpudiag/stdout.log,68,per_request_from_stdout,True
20261010-075351-f4-rebuild,20260916-005231-m2-b-qwen7b-cpudiag,20260916-005242-m2-retrieval,2026-09-16T00:52:31+00:00,run_start,0,UNOBSERVABLE_HOST,,,b-qwen7b-1m,_cpudiag,96000,m2_harness_mi300x/retrieval_cost_b-qwen7b-1m_cpudiag.csv,3,cpu,96000,warm,1,2864.626,20260916-005231-m2-b-qwen7b-cpudiag/stdout.log,69,per_request_from_stdout,True
20261010-075351-f4-rebuild,20260916-005231-m2-b-qwen7b-cpudiag,20260916-005242-m2-retrieval,2026-09-16T00:52:31+00:00,run_start,0,UNOBSERVABLE_HOST,,,b-qwen7b-1m,_cpudiag,96000,m2_harness_mi300x/retrieval_cost_b-qwen7b-1m_cpudiag.csv,3,cpu,96000,warm,2,2891.622,20260916-005231-m2-b-qwen7b-cpudiag/stdout.log,70,per_request_from_stdout,True
20261010-075351-f4-rebuild,20260916-005231-m2-b-qwen7b-cpudiag,20260916-005242-m2-retrieval,2026-09-16T00:52:31+00:00,run_start,0,UNOBSERVABLE_HOST,,,b-qwen7b-1m,_cpudiag,96000,m2_harness_mi300x/retrieval_cost_b-qwen7b-1m_cpudiag.csv,3,cpu,96000,warm,3,2862.579,20260916-005231-m2-b-qwen7b-cpudiag/stdout.log,71,per_request_from_stdout,True
20261010-075351-f4-rebuild,20260916-011918-m2-b-qwen3moe-cpudiag16k,20260916-011930-m2-retrieval,2026-09-16T01:19:18+00:00,run_start,0,UNOBSERVABLE_HOST,,,b-qwen3-30b-a3b,_cpudiag16k,16384,m2_harness_mi300x/retrieval_cost_b-qwen3-30b-a3b_cpudiag16k.csv,1,gpu_resident,16384,cold,0,1009.094,20260916-011918-m2-b-qwen3moe-cpudiag16k/stdout.log,6,per_request_from_stdout,True
20261010-075351-f4-rebuild,20260916-011918-m2-b-qwen3moe-cpudiag16k,20260916-011930-m2-retrieval,2026-09-16T01:19:18+00:00,run_start,0,UNOBSERVABLE_HOST,,,b-qwen3-30b-a3b,_cpudiag16k,16384,m2_harness_mi300x/retrieval_cost_b-qwen3-30b-a3b_cpudiag16k.csv,1,gpu_resident,16384,warm,0,134.167,20260916-011918-m2-b-qwen3moe-cpudiag16k/stdout.log,7,per_request_from_stdout,True
20261010-075351-f4-rebuild,20260916-011918-m2-b-qwen3moe-cpudiag16k,20260916-011930-m2-retrieval,2026-09-16T01:19:18+00:00,run_start,0,UNOBSERVABLE_HOST,,,b-qwen3-30b-a3b,_cpudiag16k,16384,m2_harness_mi300x/retrieval_cost_b-qwen3-30b-a3b_cpudiag16k.csv,1,cpu,16384,cold,0,2199.8,20260916-011918-m2-b-qwen3moe-cpudiag16k/stdout.log,9,per_request_from_stdout,True
20261010-075351-f4-rebuild,20260916-011918-m2-b-qwen3moe-cpudiag16k,20260916-011930-m2-retrieval,2026-09-16T01:19:18+00:00,run_start,0,UNOBSERVABLE_HOST,,,b-qwen3-30b-a3b,_cpudiag16k,16384,m2_harness_mi300x/retrieval_cost_b-qwen3-30b-a3b_cpudiag16k.csv,1,cpu,16384,cold,1,1596.766,20260916-011918-m2-b-qwen3moe-cpudiag16k/stdout.log,10,per_request_from_stdout,True
20261010-075351-f4-rebuild,20260916-011918-m2-b-qwen3moe-cpudiag16k,20260916-011930-m2-retrieval,2026-09-16T01:19:18+00:00,run_start,0,UNOBSERVABLE_HOST,,,b-qwen3-30b-a3b,_cpudiag16k,16384,m2_harness_mi300x/retrieval_cost_b-qwen3-30b-a3b_cpudiag16k.csv,1,cpu,16384,cold,2,1597.61,20260916-011918-m2-b-qwen3moe-cpudiag16k/stdout.log,11,per_request_from_stdout,True
20261010-075351-f4-rebuild,20260916-011918-m2-b-qwen3moe-cpudiag16k,20260916-011930-m2-retrieval,2026-09-16T01:19:18+00:00,run_start,0,UNOBSERVABLE_HOST,,,b-qwen3-30b-a3b,_cpudiag16k,16384,m2_harness_mi300x/retrieval_cost_b-qwen3-30b-a3b_cpudiag16k.csv,1,cpu,16384,cold,3,1600.772,20260916-011918-m2-b-qwen3moe-cpudiag16k/stdout.log,12,per_request_from_stdout,True
20261010-075351-f4-rebuild,20260916-011918-m2-b-qwen3moe-cpudiag16k,20260916-011930-m2-retrieval,2026-09-16T01:19:18+00:00,run_start,0,UNOBSERVABLE_HOST,,,b-qwen3-30b-a3b,_cpudiag16k,16384,m2_harness_mi300x/retrieval_cost_b-qwen3-30b-a3b_cpudiag16k.csv,1,cpu,16384,warm,0,123.013,20260916-011918-m2-b-qwen3moe-cpudiag16k/stdout.log,13,per_request_from_stdout,True
20261010-075351-f4-rebuild,20260916-011918-m2-b-qwen3moe-cpudiag16k,20260916-011930-m2-retrieval,2026-09-16T01:19:18+00:00,run_start,0,UNOBSERVABLE_HOST,,,b-qwen3-30b-a3b,_cpudiag16k,16384,m2_harness_mi300x/retrieval_cost_b-qwen3-30b-a3b_cpudiag16k.csv,1,cpu,16384,warm,1,143.351,20260916-011918-m2-b-qwen3moe-cpudiag16k/stdout.log,14,per_request_from_stdout,True
20261010-075351-f4-rebuild,20260916-011918-m2-b-qwen3moe-cpudiag16k,20260916-011930-m2-retrieval,2026-09-16T01:19:18+00:00,run_start,0,UNOBSERVABLE_HOST,,,b-qwen3-30b-a3b,_cpudiag16k,16384,m2_harness_mi300x/retrieval_cost_b-qwen3-30b-a3b_cpudiag16k.csv,1,cpu,16384,warm,2,145.992,20260916-011918-m2-b-qwen3moe-cpudiag16k/stdout.log,15,per_request_from_stdout,True
20261010-075351-f4-rebuild,20260916-011918-m2-b-qwen3moe-cpudiag16k,20260916-011930-m2-retrieval,2026-09-16T01:19:18+00:00,run_start,0,UNOBSERVABLE_HOST,,,b-qwen3-30b-a3b,_cpudiag16k,16384,m2_harness_mi300x/retrieval_cost_b-qwen3-30b-a3b_cpudiag16k.csv,1,cpu,16384,warm,3,145.053,20260916-011918-m2-b-qwen3moe-cpudiag16k/stdout.log,16,per_request_from_stdout,True
20261010-075351-f4-rebuild,20260916-011918-m2-b-qwen3moe-cpudiag16k,20260916-011930-m2-retrieval,2026-09-16T01:19:18+00:00,run_start,0,UNOBSERVABLE_HOST,,,b-qwen3-30b-a3b,_cpudiag16k,16384,m2_harness_mi300x/retrieval_cost_b-qwen3-30b-a3b_cpudiag16k.csv,1,drop,16384,cold,0,1034.284,20260916-011918-m2-b-qwen3moe-cpudiag16k/stdout.log,19,per_request_from_stdout,True
20261010-075351-f4-rebuild,20260916-011918-m2-b-qwen3moe-cpudiag16k,20260916-011930-m2-retrieval,2026-09-16T01:19:18+00:00,run_start,0,UNOBSERVABLE_HOST,,,b-qwen3-30b-a3b,_cpudiag16k,16384,m2_harness_mi300x/retrieval_cost_b-qwen3-30b-a3b_cpudiag16k.csv,1,drop,16384,cold,1,901.352,20260916-011918-m2-b-qwen3moe-cpudiag16k/stdout.log,20,per_request_from_stdout,True
20261010-075351-f4-rebuild,20260916-011918-m2-b-qwen3moe-cpudiag16k,20260916-011930-m2-retrieval,2026-09-16T01:19:18+00:00,run_start,0,UNOBSERVABLE_HOST,,,b-qwen3-30b-a3b,_cpudiag16k,16384,m2_harness_mi300x/retrieval_cost_b-qwen3-30b-a3b_cpudiag16k.csv,1,drop,16384,cold,2,898.595,20260916-011918-m2-b-qwen3moe-cpudiag16k/stdout.log,21,per_request_from_stdout,True
20261010-075351-f4-rebuild,20260916-011918-m2-b-qwen3moe-cpudiag16k,20260916-011930-m2-retrieval,2026-09-16T01:19:18+00:00,run_start,0,UNOBSERVABLE_HOST,,,b-qwen3-30b-a3b,_cpudiag16k,16384,m2_harness_mi300x/retrieval_cost_b-qwen3-30b-a3b_cpudiag16k.csv,1,drop,16384,cold,3,899.641,20260916-011918-m2-b-qwen3moe-cpudiag16k/stdout.log,22,per_request_from_stdout,True
20261010-075351-f4-rebuild,20260916-011918-m2-b-qwen3moe-cpudiag16k,20260916-011930-m2-retrieval,2026-09-16T01:19:18+00:00,run_start,0,UNOBSERVABLE_HOST,,,b-qwen3-30b-a3b,_cpudiag16k,16384,m2_harness_mi300x/retrieval_cost_b-qwen3-30b-a3b_cpudiag16k.csv,1,drop,16384,warm,0,877.745,20260916-011918-m2-b-qwen3moe-cpudiag16k/stdout.log,23,per_request_from_stdout,True
20261010-075351-f4-rebuild,20260916-011918-m2-b-qwen3moe-cpudiag16k,20260916-011930-m2-retrieval,2026-09-16T01:19:18+00:00,run_start,0,UNOBSERVABLE_HOST,,,b-qwen3-30b-a3b,_cpudiag16k,16384,m2_harness_mi300x/retrieval_cost_b-qwen3-30b-a3b_cpudiag16k.csv,1,drop,16384,warm,1,897.408,20260916-011918-m2-b-qwen3moe-cpudiag16k/stdout.log,24,per_request_from_stdout,True
20261010-075351-f4-rebuild,20260916-011918-m2-b-qwen3moe-cpudiag16k,20260916-011930-m2-retrieval,2026-09-16T01:19:18+00:00,run_start,0,UNOBSERVABLE_HOST,,,b-qwen3-30b-a3b,_cpudiag16k,16384,m2_harness_mi300x/retrieval_cost_b-qwen3-30b-a3b_cpudiag16k.csv,1,drop,16384,warm,2,902.577,20260916-011918-m2-b-qwen3moe-cpudiag16k/stdout.log,25,per_request_from_stdout,True
20261010-075351-f4-rebuild,20260916-011918-m2-b-qwen3moe-cpudiag16k,20260916-011930-m2-retrieval,2026-09-16T01:19:18+00:00,run_start,0,UNOBSERVABLE_HOST,,,b-qwen3-30b-a3b,_cpudiag16k,16384,m2_harness_mi300x/retrieval_cost_b-qwen3-30b-a3b_cpudiag16k.csv,1,drop,16384,warm,3,902.854,20260916-011918-m2-b-qwen3moe-cpudiag16k/stdout.log,26,per_request_from_stdout,True
20261010-075351-f4-rebuild,20260916-011918-m2-b-qwen3moe-cpudiag16k,20260916-011930-m2-retrieval,2026-09-16T01:19:18+00:00,run_start,0,UNOBSERVABLE_HOST,,,b-qwen3-30b-a3b,_cpudiag16k,16384,m2_harness_mi300x/retrieval_cost_b-qwen3-30b-a3b_cpudiag16k.csv,2,cpu,16384,cold,0,1733.664,20260916-011918-m2-b-qwen3moe-cpudiag16k/stdout.log,29,per_request_from_stdout,True
20261010-075351-f4-rebuild,20260916-011918-m2-b-qwen3moe-cpudiag16k,20260916-011930-m2-retrieval,2026-09-16T01:19:18+00:00,run_start,0,UNOBSERVABLE_HOST,,,b-qwen3-30b-a3b,_cpudiag16k,16384,m2_harness_mi300x/retrieval_cost_b-qwen3-30b-a3b_cpudiag16k.csv,2,cpu,16384,cold,1,1589.894,20260916-011918-m2-b-qwen3moe-cpudiag16k/stdout.log,30,per_request_from_stdout,True
20261010-075351-f4-rebuild,20260916-011918-m2-b-qwen3moe-cpudiag16k,20260916-011930-m2-retrieval,2026-09-16T01:19:18+00:00,run_start,0,UNOBSERVABLE_HOST,,,b-qwen3-30b-a3b,_cpudiag16k,16384,m2_harness_mi300x/retrieval_cost_b-qwen3-30b-a3b_cpudiag16k.csv,2,cpu,16384,cold,2,1592.353,20260916-011918-m2-b-qwen3moe-cpudiag16k/stdout.log,31,per_request_from_stdout,True
20261010-075351-f4-rebuild,20260916-011918-m2-b-qwen3moe-cpudiag16k,20260916-011930-m2-retrieval,2026-09-16T01:19:18+00:00,run_start,0,UNOBSERVABLE_HOST,,,b-qwen3-30b-a3b,_cpudiag16k,16384,m2_harness_mi300x/retrieval_cost_b-qwen3-30b-a3b_cpudiag16k.csv,2,cpu,16384,cold,3,1595.423,20260916-011918-m2-b-qwen3moe-cpudiag16k/stdout.log,32,per_request_from_stdout,True
20261010-075351-f4-rebuild,20260916-011918-m2-b-qwen3moe-cpudiag16k,20260916-011930-m2-retrieval,2026-09-16T01:19:18+00:00,run_start,0,UNOBSERVABLE_HOST,,,b-qwen3-30b-a3b,_cpudiag16k,16384,m2_harness_mi300x/retrieval_cost_b-qwen3-30b-a3b_cpudiag16k.csv,2,cpu,16384,warm,0,122.452,20260916-011918-m2-b-qwen3moe-cpudiag16k/stdout.log,33,per_request_from_stdout,True
20261010-075351-f4-rebuild,20260916-011918-m2-b-qwen3moe-cpudiag16k,20260916-011930-m2-retrieval,2026-09-16T01:19:18+00:00,run_start,0,UNOBSERVABLE_HOST,,,b-qwen3-30b-a3b,_cpudiag16k,16384,m2_harness_mi300x/retrieval_cost_b-qwen3-30b-a3b_cpudiag16k.csv,2,cpu,16384,warm,1,135.883,20260916-011918-m2-b-qwen3moe-cpudiag16k/stdout.log,34,per_request_from_stdout,True
20261010-075351-f4-rebuild,20260916-011918-m2-b-qwen3moe-cpudiag16k,20260916-011930-m2-retrieval,2026-09-16T01:19:18+00:00,run_start,0,UNOBSERVABLE_HOST,,,b-qwen3-30b-a3b,_cpudiag16k,16384,m2_harness_mi300x/retrieval_cost_b-qwen3-30b-a3b_cpudiag16k.csv,2,cpu,16384,warm,2,138.722,20260916-011918-m2-b-qwen3moe-cpudiag16k/stdout.log,35,per_request_from_stdout,True
20261010-075351-f4-rebuild,20260916-011918-m2-b-qwen3moe-cpudiag16k,20260916-011930-m2-retrieval,2026-09-16T01:19:18+00:00,run_start,0,UNOBSERVABLE_HOST,,,b-qwen3-30b-a3b,_cpudiag16k,16384,m2_harness_mi300x/retrieval_cost_b-qwen3-30b-a3b_cpudiag16k.csv,2,cpu,16384,warm,3,129.824,20260916-011918-m2-b-qwen3moe-cpudiag16k/stdout.log,36,per_request_from_stdout,True
20261010-075351-f4-rebuild,20260916-011918-m2-b-qwen3moe-cpudiag16k,20260916-011930-m2-retrieval,2026-09-16T01:19:18+00:00,run_start,0,UNOBSERVABLE_HOST,,,b-qwen3-30b-a3b,_cpudiag16k,16384,m2_harness_mi300x/retrieval_cost_b-qwen3-30b-a3b_cpudiag16k.csv,2,drop,16384,cold,0,1039.748,20260916-011918-m2-b-qwen3moe-cpudiag16k/stdout.log,39,per_request_from_stdout,True
20261010-075351-f4-rebuild,20260916-011918-m2-b-qwen3moe-cpudiag16k,20260916-011930-m2-retrieval,2026-09-16T01:19:18+00:00,run_start,0,UNOBSERVABLE_HOST,,,b-qwen3-30b-a3b,_cpudiag16k,16384,m2_harness_mi300x/retrieval_cost_b-qwen3-30b-a3b_cpudiag16k.csv,2,drop,16384,cold,1,896.716,20260916-011918-m2-b-qwen3moe-cpudiag16k/stdout.log,40,per_request_from_stdout,True
20261010-075351-f4-rebuild,20260916-011918-m2-b-qwen3moe-cpudiag16k,20260916-011930-m2-retrieval,2026-09-16T01:19:18+00:00,run_start,0,UNOBSERVABLE_HOST,,,b-qwen3-30b-a3b,_cpudiag16k,16384,m2_harness_mi300x/retrieval_cost_b-qwen3-30b-a3b_cpudiag16k.csv,2,drop,16384,cold,2,896.838,20260916-011918-m2-b-qwen3moe-cpudiag16k/stdout.log,41,per_request_from_stdout,True
20261010-075351-f4-rebuild,20260916-011918-m2-b-qwen3moe-cpudiag16k,20260916-011930-m2-retrieval,2026-09-16T01:19:18+00:00,run_start,0,UNOBSERVABLE_HOST,,,b-qwen3-30b-a3b,_cpudiag16k,16384,m2_harness_mi300x/retrieval_cost_b-qwen3-30b-a3b_cpudiag16k.csv,2,drop,16384,cold,3,895.117,20260916-011918-m2-b-qwen3moe-cpudiag16k/stdout.log,42,per_request_from_stdout,True
20261010-075351-f4-rebuild,20260916-011918-m2-b-qwen3moe-cpudiag16k,20260916-011930-m2-retrieval,2026-09-16T01:19:18+00:00,run_start,0,UNOBSERVABLE_HOST,,,b-qwen3-30b-a3b,_cpudiag16k,16384,m2_harness_mi300x/retrieval_cost_b-qwen3-30b-a3b_cpudiag16k.csv,2,drop,16384,warm,0,879.47,20260916-011918-m2-b-qwen3moe-cpudiag16k/stdout.log,43,per_request_from_stdout,True
20261010-075351-f4-rebuild,20260916-011918-m2-b-qwen3moe-cpudiag16k,20260916-011930-m2-retrieval,2026-09-16T01:19:18+00:00,run_start,0,UNOBSERVABLE_HOST,,,b-qwen3-30b-a3b,_cpudiag16k,16384,m2_harness_mi300x/retrieval_cost_b-qwen3-30b-a3b_cpudiag16k.csv,2,drop,16384,warm,1,896.006,20260916-011918-m2-b-qwen3moe-cpudiag16k/stdout.log,44,per_request_from_stdout,True
20261010-075351-f4-rebuild,20260916-011918-m2-b-qwen3moe-cpudiag16k,20260916-011930-m2-retrieval,2026-09-16T01:19:18+00:00,run_start,0,UNOBSERVABLE_HOST,,,b-qwen3-30b-a3b,_cpudiag16k,16384,m2_harness_mi300x/retrieval_cost_b-qwen3-30b-a3b_cpudiag16k.csv,2,drop,16384,warm,2,897.587,20260916-011918-m2-b-qwen3moe-cpudiag16k/stdout.log,45,per_request_from_stdout,True
20261010-075351-f4-rebuild,20260916-011918-m2-b-qwen3moe-cpudiag16k,20260916-011930-m2-retrieval,2026-09-16T01:19:18+00:00,run_start,0,UNOBSERVABLE_HOST,,,b-qwen3-30b-a3b,_cpudiag16k,16384,m2_harness_mi300x/retrieval_cost_b-qwen3-30b-a3b_cpudiag16k.csv,2,drop,16384,warm,3,899.231,20260916-011918-m2-b-qwen3moe-cpudiag16k/stdout.log,46,per_request_from_stdout,True
20261010-075351-f4-rebuild,20260916-011918-m2-b-qwen3moe-cpudiag16k,20260916-011930-m2-retrieval,2026-09-16T01:19:18+00:00,run_start,0,UNOBSERVABLE_HOST,,,b-qwen3-30b-a3b,_cpudiag16k,16384,m2_harness_mi300x/retrieval_cost_b-qwen3-30b-a3b_cpudiag16k.csv,2,gpu_resident,16384,cold,0,1012.634,20260916-011918-m2-b-qwen3moe-cpudiag16k/stdout.log,48,per_request_from_stdout,True
20261010-075351-f4-rebuild,20260916-011918-m2-b-qwen3moe-cpudiag16k,20260916-011930-m2-retrieval,2026-09-16T01:19:18+00:00,run_start,0,UNOBSERVABLE_HOST,,,b-qwen3-30b-a3b,_cpudiag16k,16384,m2_harness_mi300x/retrieval_cost_b-qwen3-30b-a3b_cpudiag16k.csv,2,gpu_resident,16384,warm,0,138.354,20260916-011918-m2-b-qwen3moe-cpudiag16k/stdout.log,49,per_request_from_stdout,True
20261010-075351-f4-rebuild,20260916-011918-m2-b-qwen3moe-cpudiag16k,20260916-011930-m2-retrieval,2026-09-16T01:19:18+00:00,run_start,0,UNOBSERVABLE_HOST,,,b-qwen3-30b-a3b,_cpudiag16k,16384,m2_harness_mi300x/retrieval_cost_b-qwen3-30b-a3b_cpudiag16k.csv,3,drop,16384,cold,0,1089.402,20260916-011918-m2-b-qwen3moe-cpudiag16k/stdout.log,52,per_request_from_stdout,True
20261010-075351-f4-rebuild,20260916-011918-m2-b-qwen3moe-cpudiag16k,20260916-011930-m2-retrieval,2026-09-16T01:19:18+00:00,run_start,0,UNOBSERVABLE_HOST,,,b-qwen3-30b-a3b,_cpudiag16k,16384,m2_harness_mi300x/retrieval_cost_b-qwen3-30b-a3b_cpudiag16k.csv,3,drop,16384,cold,1,902.594,20260916-011918-m2-b-qwen3moe-cpudiag16k/stdout.log,53,per_request_from_stdout,True
20261010-075351-f4-rebuild,20260916-011918-m2-b-qwen3moe-cpudiag16k,20260916-011930-m2-retrieval,2026-09-16T01:19:18+00:00,run_start,0,UNOBSERVABLE_HOST,,,b-qwen3-30b-a3b,_cpudiag16k,16384,m2_harness_mi300x/retrieval_cost_b-qwen3-30b-a3b_cpudiag16k.csv,3,drop,16384,cold,2,901.186,20260916-011918-m2-b-qwen3moe-cpudiag16k/stdout.log,54,per_request_from_stdout,True
20261010-075351-f4-rebuild,20260916-011918-m2-b-qwen3moe-cpudiag16k,20260916-011930-m2-retrieval,2026-09-16T01:19:18+00:00,run_start,0,UNOBSERVABLE_HOST,,,b-qwen3-30b-a3b,_cpudiag16k,16384,m2_harness_mi300x/retrieval_cost_b-qwen3-30b-a3b_cpudiag16k.csv,3,drop,16384,cold,3,901.28,20260916-011918-m2-b-qwen3moe-cpudiag16k/stdout.log,55,per_request_from_stdout,True
20261010-075351-f4-rebuild,20260916-011918-m2-b-qwen3moe-cpudiag16k,20260916-011930-m2-retrieval,2026-09-16T01:19:18+00:00,run_start,0,UNOBSERVABLE_HOST,,,b-qwen3-30b-a3b,_cpudiag16k,16384,m2_harness_mi300x/retrieval_cost_b-qwen3-30b-a3b_cpudiag16k.csv,3,drop,16384,warm,0,883.626,20260916-011918-m2-b-qwen3moe-cpudiag16k/stdout.log,56,per_request_from_stdout,True
20261010-075351-f4-rebuild,20260916-011918-m2-b-qwen3moe-cpudiag16k,20260916-011930-m2-retrieval,2026-09-16T01:19:18+00:00,run_start,0,UNOBSERVABLE_HOST,,,b-qwen3-30b-a3b,_cpudiag16k,16384,m2_harness_mi300x/retrieval_cost_b-qwen3-30b-a3b_cpudiag16k.csv,3,drop,16384,warm,1,900.03,20260916-011918-m2-b-qwen3moe-cpudiag16k/stdout.log,57,per_request_from_stdout,True
20261010-075351-f4-rebuild,20260916-011918-m2-b-qwen3moe-cpudiag16k,20260916-011930-m2-retrieval,2026-09-16T01:19:18+00:00,run_start,0,UNOBSERVABLE_HOST,,,b-qwen3-30b-a3b,_cpudiag16k,16384,m2_harness_mi300x/retrieval_cost_b-qwen3-30b-a3b_cpudiag16k.csv,3,drop,16384,warm,2,903.494,20260916-011918-m2-b-qwen3moe-cpudiag16k/stdout.log,58,per_request_from_stdout,True
20261010-075351-f4-rebuild,20260916-011918-m2-b-qwen3moe-cpudiag16k,20260916-011930-m2-retrieval,2026-09-16T01:19:18+00:00,run_start,0,UNOBSERVABLE_HOST,,,b-qwen3-30b-a3b,_cpudiag16k,16384,m2_harness_mi300x/retrieval_cost_b-qwen3-30b-a3b_cpudiag16k.csv,3,drop,16384,warm,3,903.286,20260916-011918-m2-b-qwen3moe-cpudiag16k/stdout.log,59,per_request_from_stdout,True
20261010-075351-f4-rebuild,20260916-011918-m2-b-qwen3moe-cpudiag16k,20260916-011930-m2-retrieval,2026-09-16T01:19:18+00:00,run_start,0,UNOBSERVABLE_HOST,,,b-qwen3-30b-a3b,_cpudiag16k,16384,m2_harness_mi300x/retrieval_cost_b-qwen3-30b-a3b_cpudiag16k.csv,3,gpu_resident,16384,cold,0,1061.013,20260916-011918-m2-b-qwen3moe-cpudiag16k/stdout.log,61,per_request_from_stdout,True
20261010-075351-f4-rebuild,20260916-011918-m2-b-qwen3moe-cpudiag16k,20260916-011930-m2-retrieval,2026-09-16T01:19:18+00:00,run_start,0,UNOBSERVABLE_HOST,,,b-qwen3-30b-a3b,_cpudiag16k,16384,m2_harness_mi300x/retrieval_cost_b-qwen3-30b-a3b_cpudiag16k.csv,3,gpu_resident,16384,warm,0,137.372,20260916-011918-m2-b-qwen3moe-cpudiag16k/stdout.log,62,per_request_from_stdout,True
20261010-075351-f4-rebuild,20260916-011918-m2-b-qwen3moe-cpudiag16k,20260916-011930-m2-retrieval,2026-09-16T01:19:18+00:00,run_start,0,UNOBSERVABLE_HOST,,,b-qwen3-30b-a3b,_cpudiag16k,16384,m2_harness_mi300x/retrieval_cost_b-qwen3-30b-a3b_cpudiag16k.csv,3,cpu,16384,cold,0,1734.341,20260916-011918-m2-b-qwen3moe-cpudiag16k/stdout.log,64,per_request_from_stdout,True
20261010-075351-f4-rebuild,20260916-011918-m2-b-qwen3moe-cpudiag16k,20260916-011930-m2-retrieval,2026-09-16T01:19:18+00:00,run_start,0,UNOBSERVABLE_HOST,,,b-qwen3-30b-a3b,_cpudiag16k,16384,m2_harness_mi300x/retrieval_cost_b-qwen3-30b-a3b_cpudiag16k.csv,3,cpu,16384,cold,1,1591.344,20260916-011918-m2-b-qwen3moe-cpudiag16k/stdout.log,65,per_request_from_stdout,True
20261010-075351-f4-rebuild,20260916-011918-m2-b-qwen3moe-cpudiag16k,20260916-011930-m2-retrieval,2026-09-16T01:19:18+00:00,run_start,0,UNOBSERVABLE_HOST,,,b-qwen3-30b-a3b,_cpudiag16k,16384,m2_harness_mi300x/retrieval_cost_b-qwen3-30b-a3b_cpudiag16k.csv,3,cpu,16384,cold,2,1592.095,20260916-011918-m2-b-qwen3moe-cpudiag16k/stdout.log,66,per_request_from_stdout,True
20261010-075351-f4-rebuild,20260916-011918-m2-b-qwen3moe-cpudiag16k,20260916-011930-m2-retrieval,2026-09-16T01:19:18+00:00,run_start,0,UNOBSERVABLE_HOST,,,b-qwen3-30b-a3b,_cpudiag16k,16384,m2_harness_mi300x/retrieval_cost_b-qwen3-30b-a3b_cpudiag16k.csv,3,cpu,16384,cold,3,1593.319,20260916-011918-m2-b-qwen3moe-cpudiag16k/stdout.log,67,per_request_from_stdout,True
20261010-075351-f4-rebuild,20260916-011918-m2-b-qwen3moe-cpudiag16k,20260916-011930-m2-retrieval,2026-09-16T01:19:18+00:00,run_start,0,UNOBSERVABLE_HOST,,,b-qwen3-30b-a3b,_cpudiag16k,16384,m2_harness_mi300x/retrieval_cost_b-qwen3-30b-a3b_cpudiag16k.csv,3,cpu,16384,warm,0,118.212,20260916-011918-m2-b-qwen3moe-cpudiag16k/stdout.log,68,per_request_from_stdout,True
20261010-075351-f4-rebuild,20260916-011918-m2-b-qwen3moe-cpudiag16k,20260916-011930-m2-retrieval,2026-09-16T01:19:18+00:00,run_start,0,UNOBSERVABLE_HOST,,,b-qwen3-30b-a3b,_cpudiag16k,16384,m2_harness_mi300x/retrieval_cost_b-qwen3-30b-a3b_cpudiag16k.csv,3,cpu,16384,warm,1,129.894,20260916-011918-m2-b-qwen3moe-cpudiag16k/stdout.log,69,per_request_from_stdout,True
20261010-075351-f4-rebuild,20260916-011918-m2-b-qwen3moe-cpudiag16k,20260916-011930-m2-retrieval,2026-09-16T01:19:18+00:00,run_start,0,UNOBSERVABLE_HOST,,,b-qwen3-30b-a3b,_cpudiag16k,16384,m2_harness_mi300x/retrieval_cost_b-qwen3-30b-a3b_cpudiag16k.csv,3,cpu,16384,warm,2,135.863,20260916-011918-m2-b-qwen3moe-cpudiag16k/stdout.log,70,per_request_from_stdout,True
20261010-075351-f4-rebuild,20260916-011918-m2-b-qwen3moe-cpudiag16k,20260916-011930-m2-retrieval,2026-09-16T01:19:18+00:00,run_start,0,UNOBSERVABLE_HOST,,,b-qwen3-30b-a3b,_cpudiag16k,16384,m2_harness_mi300x/retrieval_cost_b-qwen3-30b-a3b_cpudiag16k.csv,3,cpu,16384,warm,3,134.423,20260916-011918-m2-b-qwen3moe-cpudiag16k/stdout.log,71,per_request_from_stdout,True
20261010-075351-f4-rebuild,20260916-014009-m2-b-qwen7b-cpudiag16k,20260916-014020-m2-retrieval,2026-09-16T01:40:09+00:00,run_start,0,UNOBSERVABLE_HOST,,,b-qwen7b-1m,_cpudiag16k,16384,m2_harness_mi300x/retrieval_cost_b-qwen7b-1m_cpudiag16k.csv,1,gpu_resident,16384,cold,0,854.158,20260916-014009-m2-b-qwen7b-cpudiag16k/stdout.log,6,per_request_from_stdout,True
20261010-075351-f4-rebuild,20260916-014009-m2-b-qwen7b-cpudiag16k,20260916-014020-m2-retrieval,2026-09-16T01:40:09+00:00,run_start,0,UNOBSERVABLE_HOST,,,b-qwen7b-1m,_cpudiag16k,16384,m2_harness_mi300x/retrieval_cost_b-qwen7b-1m_cpudiag16k.csv,1,gpu_resident,16384,warm,0,106.157,20260916-014009-m2-b-qwen7b-cpudiag16k/stdout.log,7,per_request_from_stdout,True
20261010-075351-f4-rebuild,20260916-014009-m2-b-qwen7b-cpudiag16k,20260916-014020-m2-retrieval,2026-09-16T01:40:09+00:00,run_start,0,UNOBSERVABLE_HOST,,,b-qwen7b-1m,_cpudiag16k,16384,m2_harness_mi300x/retrieval_cost_b-qwen7b-1m_cpudiag16k.csv,1,cpu,16384,cold,0,1231.34,20260916-014009-m2-b-qwen7b-cpudiag16k/stdout.log,9,per_request_from_stdout,True
20261010-075351-f4-rebuild,20260916-014009-m2-b-qwen7b-cpudiag16k,20260916-014020-m2-retrieval,2026-09-16T01:40:09+00:00,run_start,0,UNOBSERVABLE_HOST,,,b-qwen7b-1m,_cpudiag16k,16384,m2_harness_mi300x/retrieval_cost_b-qwen7b-1m_cpudiag16k.csv,1,cpu,16384,cold,1,1194.062,20260916-014009-m2-b-qwen7b-cpudiag16k/stdout.log,10,per_request_from_stdout,True
20261010-075351-f4-rebuild,20260916-014009-m2-b-qwen7b-cpudiag16k,20260916-014020-m2-retrieval,2026-09-16T01:40:09+00:00,run_start,0,UNOBSERVABLE_HOST,,,b-qwen7b-1m,_cpudiag16k,16384,m2_harness_mi300x/retrieval_cost_b-qwen7b-1m_cpudiag16k.csv,1,cpu,16384,cold,2,1189.405,20260916-014009-m2-b-qwen7b-cpudiag16k/stdout.log,11,per_request_from_stdout,True
20261010-075351-f4-rebuild,20260916-014009-m2-b-qwen7b-cpudiag16k,20260916-014020-m2-retrieval,2026-09-16T01:40:09+00:00,run_start,0,UNOBSERVABLE_HOST,,,b-qwen7b-1m,_cpudiag16k,16384,m2_harness_mi300x/retrieval_cost_b-qwen7b-1m_cpudiag16k.csv,1,cpu,16384,cold,3,1194.997,20260916-014009-m2-b-qwen7b-cpudiag16k/stdout.log,12,per_request_from_stdout,True
20261010-075351-f4-rebuild,20260916-014009-m2-b-qwen7b-cpudiag16k,20260916-014020-m2-retrieval,2026-09-16T01:40:09+00:00,run_start,0,UNOBSERVABLE_HOST,,,b-qwen7b-1m,_cpudiag16k,16384,m2_harness_mi300x/retrieval_cost_b-qwen7b-1m_cpudiag16k.csv,1,cpu,16384,warm,0,528.426,20260916-014009-m2-b-qwen7b-cpudiag16k/stdout.log,13,per_request_from_stdout,True
20261010-075351-f4-rebuild,20260916-014009-m2-b-qwen7b-cpudiag16k,20260916-014020-m2-retrieval,2026-09-16T01:40:09+00:00,run_start,0,UNOBSERVABLE_HOST,,,b-qwen7b-1m,_cpudiag16k,16384,m2_harness_mi300x/retrieval_cost_b-qwen7b-1m_cpudiag16k.csv,1,cpu,16384,warm,1,505.246,20260916-014009-m2-b-qwen7b-cpudiag16k/stdout.log,14,per_request_from_stdout,True
20261010-075351-f4-rebuild,20260916-014009-m2-b-qwen7b-cpudiag16k,20260916-014020-m2-retrieval,2026-09-16T01:40:09+00:00,run_start,0,UNOBSERVABLE_HOST,,,b-qwen7b-1m,_cpudiag16k,16384,m2_harness_mi300x/retrieval_cost_b-qwen7b-1m_cpudiag16k.csv,1,cpu,16384,warm,2,519.137,20260916-014009-m2-b-qwen7b-cpudiag16k/stdout.log,15,per_request_from_stdout,True
20261010-075351-f4-rebuild,20260916-014009-m2-b-qwen7b-cpudiag16k,20260916-014020-m2-retrieval,2026-09-16T01:40:09+00:00,run_start,0,UNOBSERVABLE_HOST,,,b-qwen7b-1m,_cpudiag16k,16384,m2_harness_mi300x/retrieval_cost_b-qwen7b-1m_cpudiag16k.csv,1,cpu,16384,warm,3,505.009,20260916-014009-m2-b-qwen7b-cpudiag16k/stdout.log,16,per_request_from_stdout,True
20261010-075351-f4-rebuild,20260916-014009-m2-b-qwen7b-cpudiag16k,20260916-014020-m2-retrieval,2026-09-16T01:40:09+00:00,run_start,0,UNOBSERVABLE_HOST,,,b-qwen7b-1m,_cpudiag16k,16384,m2_harness_mi300x/retrieval_cost_b-qwen7b-1m_cpudiag16k.csv,1,drop,16384,cold,0,793.643,20260916-014009-m2-b-qwen7b-cpudiag16k/stdout.log,19,per_request_from_stdout,True
20261010-075351-f4-rebuild,20260916-014009-m2-b-qwen7b-cpudiag16k,20260916-014020-m2-retrieval,2026-09-16T01:40:09+00:00,run_start,0,UNOBSERVABLE_HOST,,,b-qwen7b-1m,_cpudiag16k,16384,m2_harness_mi300x/retrieval_cost_b-qwen7b-1m_cpudiag16k.csv,1,drop,16384,cold,1,732.778,20260916-014009-m2-b-qwen7b-cpudiag16k/stdout.log,20,per_request_from_stdout,True
20261010-075351-f4-rebuild,20260916-014009-m2-b-qwen7b-cpudiag16k,20260916-014020-m2-retrieval,2026-09-16T01:40:09+00:00,run_start,0,UNOBSERVABLE_HOST,,,b-qwen7b-1m,_cpudiag16k,16384,m2_harness_mi300x/retrieval_cost_b-qwen7b-1m_cpudiag16k.csv,1,drop,16384,cold,2,729.075,20260916-014009-m2-b-qwen7b-cpudiag16k/stdout.log,21,per_request_from_stdout,True
20261010-075351-f4-rebuild,20260916-014009-m2-b-qwen7b-cpudiag16k,20260916-014020-m2-retrieval,2026-09-16T01:40:09+00:00,run_start,0,UNOBSERVABLE_HOST,,,b-qwen7b-1m,_cpudiag16k,16384,m2_harness_mi300x/retrieval_cost_b-qwen7b-1m_cpudiag16k.csv,1,drop,16384,cold,3,728.994,20260916-014009-m2-b-qwen7b-cpudiag16k/stdout.log,22,per_request_from_stdout,True
20261010-075351-f4-rebuild,20260916-014009-m2-b-qwen7b-cpudiag16k,20260916-014020-m2-retrieval,2026-09-16T01:40:09+00:00,run_start,0,UNOBSERVABLE_HOST,,,b-qwen7b-1m,_cpudiag16k,16384,m2_harness_mi300x/retrieval_cost_b-qwen7b-1m_cpudiag16k.csv,1,drop,16384,warm,0,715.515,20260916-014009-m2-b-qwen7b-cpudiag16k/stdout.log,23,per_request_from_stdout,True
20261010-075351-f4-rebuild,20260916-014009-m2-b-qwen7b-cpudiag16k,20260916-014020-m2-retrieval,2026-09-16T01:40:09+00:00,run_start,0,UNOBSERVABLE_HOST,,,b-qwen7b-1m,_cpudiag16k,16384,m2_harness_mi300x/retrieval_cost_b-qwen7b-1m_cpudiag16k.csv,1,drop,16384,warm,1,728.941,20260916-014009-m2-b-qwen7b-cpudiag16k/stdout.log,24,per_request_from_stdout,True
20261010-075351-f4-rebuild,20260916-014009-m2-b-qwen7b-cpudiag16k,20260916-014020-m2-retrieval,2026-09-16T01:40:09+00:00,run_start,0,UNOBSERVABLE_HOST,,,b-qwen7b-1m,_cpudiag16k,16384,m2_harness_mi300x/retrieval_cost_b-qwen7b-1m_cpudiag16k.csv,1,drop,16384,warm,2,730.351,20260916-014009-m2-b-qwen7b-cpudiag16k/stdout.log,25,per_request_from_stdout,True
20261010-075351-f4-rebuild,20260916-014009-m2-b-qwen7b-cpudiag16k,20260916-014020-m2-retrieval,2026-09-16T01:40:09+00:00,run_start,0,UNOBSERVABLE_HOST,,,b-qwen7b-1m,_cpudiag16k,16384,m2_harness_mi300x/retrieval_cost_b-qwen7b-1m_cpudiag16k.csv,1,drop,16384,warm,3,732.704,20260916-014009-m2-b-qwen7b-cpudiag16k/stdout.log,26,per_request_from_stdout,True
20261010-075351-f4-rebuild,20260916-014009-m2-b-qwen7b-cpudiag16k,20260916-014020-m2-retrieval,2026-09-16T01:40:09+00:00,run_start,0,UNOBSERVABLE_HOST,,,b-qwen7b-1m,_cpudiag16k,16384,m2_harness_mi300x/retrieval_cost_b-qwen7b-1m_cpudiag16k.csv,2,cpu,16384,cold,0,1224.984,20260916-014009-m2-b-qwen7b-cpudiag16k/stdout.log,29,per_request_from_stdout,True
20261010-075351-f4-rebuild,20260916-014009-m2-b-qwen7b-cpudiag16k,20260916-014020-m2-retrieval,2026-09-16T01:40:09+00:00,run_start,0,UNOBSERVABLE_HOST,,,b-qwen7b-1m,_cpudiag16k,16384,m2_harness_mi300x/retrieval_cost_b-qwen7b-1m_cpudiag16k.csv,2,cpu,16384,cold,1,1189.785,20260916-014009-m2-b-qwen7b-cpudiag16k/stdout.log,30,per_request_from_stdout,True
20261010-075351-f4-rebuild,20260916-014009-m2-b-qwen7b-cpudiag16k,20260916-014020-m2-retrieval,2026-09-16T01:40:09+00:00,run_start,0,UNOBSERVABLE_HOST,,,b-qwen7b-1m,_cpudiag16k,16384,m2_harness_mi300x/retrieval_cost_b-qwen7b-1m_cpudiag16k.csv,2,cpu,16384,cold,2,1188.929,20260916-014009-m2-b-qwen7b-cpudiag16k/stdout.log,31,per_request_from_stdout,True
20261010-075351-f4-rebuild,20260916-014009-m2-b-qwen7b-cpudiag16k,20260916-014020-m2-retrieval,2026-09-16T01:40:09+00:00,run_start,0,UNOBSERVABLE_HOST,,,b-qwen7b-1m,_cpudiag16k,16384,m2_harness_mi300x/retrieval_cost_b-qwen7b-1m_cpudiag16k.csv,2,cpu,16384,cold,3,1192.811,20260916-014009-m2-b-qwen7b-cpudiag16k/stdout.log,32,per_request_from_stdout,True
20261010-075351-f4-rebuild,20260916-014009-m2-b-qwen7b-cpudiag16k,20260916-014020-m2-retrieval,2026-09-16T01:40:09+00:00,run_start,0,UNOBSERVABLE_HOST,,,b-qwen7b-1m,_cpudiag16k,16384,m2_harness_mi300x/retrieval_cost_b-qwen7b-1m_cpudiag16k.csv,2,cpu,16384,warm,0,524.821,20260916-014009-m2-b-qwen7b-cpudiag16k/stdout.log,33,per_request_from_stdout,True
20261010-075351-f4-rebuild,20260916-014009-m2-b-qwen7b-cpudiag16k,20260916-014020-m2-retrieval,2026-09-16T01:40:09+00:00,run_start,0,UNOBSERVABLE_HOST,,,b-qwen7b-1m,_cpudiag16k,16384,m2_harness_mi300x/retrieval_cost_b-qwen7b-1m_cpudiag16k.csv,2,cpu,16384,warm,1,498.001,20260916-014009-m2-b-qwen7b-cpudiag16k/stdout.log,34,per_request_from_stdout,True
20261010-075351-f4-rebuild,20260916-014009-m2-b-qwen7b-cpudiag16k,20260916-014020-m2-retrieval,2026-09-16T01:40:09+00:00,run_start,0,UNOBSERVABLE_HOST,,,b-qwen7b-1m,_cpudiag16k,16384,m2_harness_mi300x/retrieval_cost_b-qwen7b-1m_cpudiag16k.csv,2,cpu,16384,warm,2,501.981,20260916-014009-m2-b-qwen7b-cpudiag16k/stdout.log,35,per_request_from_stdout,True
20261010-075351-f4-rebuild,20260916-014009-m2-b-qwen7b-cpudiag16k,20260916-014020-m2-retrieval,2026-09-16T01:40:09+00:00,run_start,0,UNOBSERVABLE_HOST,,,b-qwen7b-1m,_cpudiag16k,16384,m2_harness_mi300x/retrieval_cost_b-qwen7b-1m_cpudiag16k.csv,2,cpu,16384,warm,3,506.406,20260916-014009-m2-b-qwen7b-cpudiag16k/stdout.log,36,per_request_from_stdout,True
20261010-075351-f4-rebuild,20260916-014009-m2-b-qwen7b-cpudiag16k,20260916-014020-m2-retrieval,2026-09-16T01:40:09+00:00,run_start,0,UNOBSERVABLE_HOST,,,b-qwen7b-1m,_cpudiag16k,16384,m2_harness_mi300x/retrieval_cost_b-qwen7b-1m_cpudiag16k.csv,2,drop,16384,cold,0,800.919,20260916-014009-m2-b-qwen7b-cpudiag16k/stdout.log,39,per_request_from_stdout,True
20261010-075351-f4-rebuild,20260916-014009-m2-b-qwen7b-cpudiag16k,20260916-014020-m2-retrieval,2026-09-16T01:40:09+00:00,run_start,0,UNOBSERVABLE_HOST,,,b-qwen7b-1m,_cpudiag16k,16384,m2_harness_mi300x/retrieval_cost_b-qwen7b-1m_cpudiag16k.csv,2,drop,16384,cold,1,735.107,20260916-014009-m2-b-qwen7b-cpudiag16k/stdout.log,40,per_request_from_stdout,True
20261010-075351-f4-rebuild,20260916-014009-m2-b-qwen7b-cpudiag16k,20260916-014020-m2-retrieval,2026-09-16T01:40:09+00:00,run_start,0,UNOBSERVABLE_HOST,,,b-qwen7b-1m,_cpudiag16k,16384,m2_harness_mi300x/retrieval_cost_b-qwen7b-1m_cpudiag16k.csv,2,drop,16384,cold,2,734.817,20260916-014009-m2-b-qwen7b-cpudiag16k/stdout.log,41,per_request_from_stdout,True
20261010-075351-f4-rebuild,20260916-014009-m2-b-qwen7b-cpudiag16k,20260916-014020-m2-retrieval,2026-09-16T01:40:09+00:00,run_start,0,UNOBSERVABLE_HOST,,,b-qwen7b-1m,_cpudiag16k,16384,m2_harness_mi300x/retrieval_cost_b-qwen7b-1m_cpudiag16k.csv,2,drop,16384,cold,3,734.828,20260916-014009-m2-b-qwen7b-cpudiag16k/stdout.log,42,per_request_from_stdout,True
20261010-075351-f4-rebuild,20260916-014009-m2-b-qwen7b-cpudiag16k,20260916-014020-m2-retrieval,2026-09-16T01:40:09+00:00,run_start,0,UNOBSERVABLE_HOST,,,b-qwen7b-1m,_cpudiag16k,16384,m2_harness_mi300x/retrieval_cost_b-qwen7b-1m_cpudiag16k.csv,2,drop,16384,warm,0,716.803,20260916-014009-m2-b-qwen7b-cpudiag16k/stdout.log,43,per_request_from_stdout,True
20261010-075351-f4-rebuild,20260916-014009-m2-b-qwen7b-cpudiag16k,20260916-014020-m2-retrieval,2026-09-16T01:40:09+00:00,run_start,0,UNOBSERVABLE_HOST,,,b-qwen7b-1m,_cpudiag16k,16384,m2_harness_mi300x/retrieval_cost_b-qwen7b-1m_cpudiag16k.csv,2,drop,16384,warm,1,733.934,20260916-014009-m2-b-qwen7b-cpudiag16k/stdout.log,44,per_request_from_stdout,True
20261010-075351-f4-rebuild,20260916-014009-m2-b-qwen7b-cpudiag16k,20260916-014020-m2-retrieval,2026-09-16T01:40:09+00:00,run_start,0,UNOBSERVABLE_HOST,,,b-qwen7b-1m,_cpudiag16k,16384,m2_harness_mi300x/retrieval_cost_b-qwen7b-1m_cpudiag16k.csv,2,drop,16384,warm,2,734.555,20260916-014009-m2-b-qwen7b-cpudiag16k/stdout.log,45,per_request_from_stdout,True
20261010-075351-f4-rebuild,20260916-014009-m2-b-qwen7b-cpudiag16k,20260916-014020-m2-retrieval,2026-09-16T01:40:09+00:00,run_start,0,UNOBSERVABLE_HOST,,,b-qwen7b-1m,_cpudiag16k,16384,m2_harness_mi300x/retrieval_cost_b-qwen7b-1m_cpudiag16k.csv,2,drop,16384,warm,3,740.472,20260916-014009-m2-b-qwen7b-cpudiag16k/stdout.log,46,per_request_from_stdout,True
20261010-075351-f4-rebuild,20260916-014009-m2-b-qwen7b-cpudiag16k,20260916-014020-m2-retrieval,2026-09-16T01:40:09+00:00,run_start,0,UNOBSERVABLE_HOST,,,b-qwen7b-1m,_cpudiag16k,16384,m2_harness_mi300x/retrieval_cost_b-qwen7b-1m_cpudiag16k.csv,2,gpu_resident,16384,cold,0,804.918,20260916-014009-m2-b-qwen7b-cpudiag16k/stdout.log,48,per_request_from_stdout,True
20261010-075351-f4-rebuild,20260916-014009-m2-b-qwen7b-cpudiag16k,20260916-014020-m2-retrieval,2026-09-16T01:40:09+00:00,run_start,0,UNOBSERVABLE_HOST,,,b-qwen7b-1m,_cpudiag16k,16384,m2_harness_mi300x/retrieval_cost_b-qwen7b-1m_cpudiag16k.csv,2,gpu_resident,16384,warm,0,105.726,20260916-014009-m2-b-qwen7b-cpudiag16k/stdout.log,49,per_request_from_stdout,True
20261010-075351-f4-rebuild,20260916-014009-m2-b-qwen7b-cpudiag16k,20260916-014020-m2-retrieval,2026-09-16T01:40:09+00:00,run_start,0,UNOBSERVABLE_HOST,,,b-qwen7b-1m,_cpudiag16k,16384,m2_harness_mi300x/retrieval_cost_b-qwen7b-1m_cpudiag16k.csv,3,drop,16384,cold,0,807.798,20260916-014009-m2-b-qwen7b-cpudiag16k/stdout.log,52,per_request_from_stdout,True
20261010-075351-f4-rebuild,20260916-014009-m2-b-qwen7b-cpudiag16k,20260916-014020-m2-retrieval,2026-09-16T01:40:09+00:00,run_start,0,UNOBSERVABLE_HOST,,,b-qwen7b-1m,_cpudiag16k,16384,m2_harness_mi300x/retrieval_cost_b-qwen7b-1m_cpudiag16k.csv,3,drop,16384,cold,1,731.239,20260916-014009-m2-b-qwen7b-cpudiag16k/stdout.log,53,per_request_from_stdout,True
20261010-075351-f4-rebuild,20260916-014009-m2-b-qwen7b-cpudiag16k,20260916-014020-m2-retrieval,2026-09-16T01:40:09+00:00,run_start,0,UNOBSERVABLE_HOST,,,b-qwen7b-1m,_cpudiag16k,16384,m2_harness_mi300x/retrieval_cost_b-qwen7b-1m_cpudiag16k.csv,3,drop,16384,cold,2,732.969,20260916-014009-m2-b-qwen7b-cpudiag16k/stdout.log,54,per_request_from_stdout,True
20261010-075351-f4-rebuild,20260916-014009-m2-b-qwen7b-cpudiag16k,20260916-014020-m2-retrieval,2026-09-16T01:40:09+00:00,run_start,0,UNOBSERVABLE_HOST,,,b-qwen7b-1m,_cpudiag16k,16384,m2_harness_mi300x/retrieval_cost_b-qwen7b-1m_cpudiag16k.csv,3,drop,16384,cold,3,731.075,20260916-014009-m2-b-qwen7b-cpudiag16k/stdout.log,55,per_request_from_stdout,True
20261010-075351-f4-rebuild,20260916-014009-m2-b-qwen7b-cpudiag16k,20260916-014020-m2-retrieval,2026-09-16T01:40:09+00:00,run_start,0,UNOBSERVABLE_HOST,,,b-qwen7b-1m,_cpudiag16k,16384,m2_harness_mi300x/retrieval_cost_b-qwen7b-1m_cpudiag16k.csv,3,drop,16384,warm,0,717.835,20260916-014009-m2-b-qwen7b-cpudiag16k/stdout.log,56,per_request_from_stdout,True
20261010-075351-f4-rebuild,20260916-014009-m2-b-qwen7b-cpudiag16k,20260916-014020-m2-retrieval,2026-09-16T01:40:09+00:00,run_start,0,UNOBSERVABLE_HOST,,,b-qwen7b-1m,_cpudiag16k,16384,m2_harness_mi300x/retrieval_cost_b-qwen7b-1m_cpudiag16k.csv,3,drop,16384,warm,1,730.898,20260916-014009-m2-b-qwen7b-cpudiag16k/stdout.log,57,per_request_from_stdout,True
20261010-075351-f4-rebuild,20260916-014009-m2-b-qwen7b-cpudiag16k,20260916-014020-m2-retrieval,2026-09-16T01:40:09+00:00,run_start,0,UNOBSERVABLE_HOST,,,b-qwen7b-1m,_cpudiag16k,16384,m2_harness_mi300x/retrieval_cost_b-qwen7b-1m_cpudiag16k.csv,3,drop,16384,warm,2,736.532,20260916-014009-m2-b-qwen7b-cpudiag16k/stdout.log,58,per_request_from_stdout,True
20261010-075351-f4-rebuild,20260916-014009-m2-b-qwen7b-cpudiag16k,20260916-014020-m2-retrieval,2026-09-16T01:40:09+00:00,run_start,0,UNOBSERVABLE_HOST,,,b-qwen7b-1m,_cpudiag16k,16384,m2_harness_mi300x/retrieval_cost_b-qwen7b-1m_cpudiag16k.csv,3,drop,16384,warm,3,734.392,20260916-014009-m2-b-qwen7b-cpudiag16k/stdout.log,59,per_request_from_stdout,True
20261010-075351-f4-rebuild,20260916-014009-m2-b-qwen7b-cpudiag16k,20260916-014020-m2-retrieval,2026-09-16T01:40:09+00:00,run_start,0,UNOBSERVABLE_HOST,,,b-qwen7b-1m,_cpudiag16k,16384,m2_harness_mi300x/retrieval_cost_b-qwen7b-1m_cpudiag16k.csv,3,gpu_resident,16384,cold,0,800.232,20260916-014009-m2-b-qwen7b-cpudiag16k/stdout.log,61,per_request_from_stdout,True
20261010-075351-f4-rebuild,20260916-014009-m2-b-qwen7b-cpudiag16k,20260916-014020-m2-retrieval,2026-09-16T01:40:09+00:00,run_start,0,UNOBSERVABLE_HOST,,,b-qwen7b-1m,_cpudiag16k,16384,m2_harness_mi300x/retrieval_cost_b-qwen7b-1m_cpudiag16k.csv,3,gpu_resident,16384,warm,0,106.073,20260916-014009-m2-b-qwen7b-cpudiag16k/stdout.log,62,per_request_from_stdout,True
20261010-075351-f4-rebuild,20260916-014009-m2-b-qwen7b-cpudiag16k,20260916-014020-m2-retrieval,2026-09-16T01:40:09+00:00,run_start,0,UNOBSERVABLE_HOST,,,b-qwen7b-1m,_cpudiag16k,16384,m2_harness_mi300x/retrieval_cost_b-qwen7b-1m_cpudiag16k.csv,3,cpu,16384,cold,0,1222.512,20260916-014009-m2-b-qwen7b-cpudiag16k/stdout.log,64,per_request_from_stdout,True
20261010-075351-f4-rebuild,20260916-014009-m2-b-qwen7b-cpudiag16k,20260916-014020-m2-retrieval,2026-09-16T01:40:09+00:00,run_start,0,UNOBSERVABLE_HOST,,,b-qwen7b-1m,_cpudiag16k,16384,m2_harness_mi300x/retrieval_cost_b-qwen7b-1m_cpudiag16k.csv,3,cpu,16384,cold,1,1188.83,20260916-014009-m2-b-qwen7b-cpudiag16k/stdout.log,65,per_request_from_stdout,True
20261010-075351-f4-rebuild,20260916-014009-m2-b-qwen7b-cpudiag16k,20260916-014020-m2-retrieval,2026-09-16T01:40:09+00:00,run_start,0,UNOBSERVABLE_HOST,,,b-qwen7b-1m,_cpudiag16k,16384,m2_harness_mi300x/retrieval_cost_b-qwen7b-1m_cpudiag16k.csv,3,cpu,16384,cold,2,1188.74,20260916-014009-m2-b-qwen7b-cpudiag16k/stdout.log,66,per_request_from_stdout,True
20261010-075351-f4-rebuild,20260916-014009-m2-b-qwen7b-cpudiag16k,20260916-014020-m2-retrieval,2026-09-16T01:40:09+00:00,run_start,0,UNOBSERVABLE_HOST,,,b-qwen7b-1m,_cpudiag16k,16384,m2_harness_mi300x/retrieval_cost_b-qwen7b-1m_cpudiag16k.csv,3,cpu,16384,cold,3,1193.957,20260916-014009-m2-b-qwen7b-cpudiag16k/stdout.log,67,per_request_from_stdout,True
20261010-075351-f4-rebuild,20260916-014009-m2-b-qwen7b-cpudiag16k,20260916-014020-m2-retrieval,2026-09-16T01:40:09+00:00,run_start,0,UNOBSERVABLE_HOST,,,b-qwen7b-1m,_cpudiag16k,16384,m2_harness_mi300x/retrieval_cost_b-qwen7b-1m_cpudiag16k.csv,3,cpu,16384,warm,0,544.496,20260916-014009-m2-b-qwen7b-cpudiag16k/stdout.log,68,per_request_from_stdout,True
20261010-075351-f4-rebuild,20260916-014009-m2-b-qwen7b-cpudiag16k,20260916-014020-m2-retrieval,2026-09-16T01:40:09+00:00,run_start,0,UNOBSERVABLE_HOST,,,b-qwen7b-1m,_cpudiag16k,16384,m2_harness_mi300x/retrieval_cost_b-qwen7b-1m_cpudiag16k.csv,3,cpu,16384,warm,1,504.982,20260916-014009-m2-b-qwen7b-cpudiag16k/stdout.log,69,per_request_from_stdout,True
20261010-075351-f4-rebuild,20260916-014009-m2-b-qwen7b-cpudiag16k,20260916-014020-m2-retrieval,2026-09-16T01:40:09+00:00,run_start,0,UNOBSERVABLE_HOST,,,b-qwen7b-1m,_cpudiag16k,16384,m2_harness_mi300x/retrieval_cost_b-qwen7b-1m_cpudiag16k.csv,3,cpu,16384,warm,2,507.192,20260916-014009-m2-b-qwen7b-cpudiag16k/stdout.log,70,per_request_from_stdout,True
20261010-075351-f4-rebuild,20260916-014009-m2-b-qwen7b-cpudiag16k,20260916-014020-m2-retrieval,2026-09-16T01:40:09+00:00,run_start,0,UNOBSERVABLE_HOST,,,b-qwen7b-1m,_cpudiag16k,16384,m2_harness_mi300x/retrieval_cost_b-qwen7b-1m_cpudiag16k.csv,3,cpu,16384,warm,3,509.008,20260916-014009-m2-b-qwen7b-cpudiag16k/stdout.log,71,per_request_from_stdout,True
20261010-075351-f4-rebuild,20260916-213028-m2-b-qwen14b-retrieval,20260916-213039-m2-retrieval,2026-09-16T21:30:28+00:00,run_start,1,UNOBSERVABLE_HOST,,,b-qwen14b-1m,,96000,m2_harness_mi300x/retrieval_cost_b-qwen14b-1m.csv,1,gpu_resident,96000,cold,0,25471.662,20260916-213028-m2-b-qwen14b-retrieval/stdout.log,6,per_request_from_stdout,True
20261010-075351-f4-rebuild,20260916-213028-m2-b-qwen14b-retrieval,20260916-213039-m2-retrieval,2026-09-16T21:30:28+00:00,run_start,1,UNOBSERVABLE_HOST,,,b-qwen14b-1m,,96000,m2_harness_mi300x/retrieval_cost_b-qwen14b-1m.csv,1,gpu_resident,96000,warm,0,802.322,20260916-213028-m2-b-qwen14b-retrieval/stdout.log,7,per_request_from_stdout,True
20261010-075351-f4-rebuild,20260916-213028-m2-b-qwen14b-retrieval,20260916-213039-m2-retrieval,2026-09-16T21:30:28+00:00,run_start,1,UNOBSERVABLE_HOST,,,b-qwen14b-1m,,96000,m2_harness_mi300x/retrieval_cost_b-qwen14b-1m.csv,1,ssd,96000,cold,0,57996.042,20260916-213028-m2-b-qwen14b-retrieval/stdout.log,11,per_request_from_stdout,True
20261010-075351-f4-rebuild,20260916-213028-m2-b-qwen14b-retrieval,20260916-213039-m2-retrieval,2026-09-16T21:30:28+00:00,run_start,1,UNOBSERVABLE_HOST,,,b-qwen14b-1m,,96000,m2_harness_mi300x/retrieval_cost_b-qwen14b-1m.csv,1,ssd,96000,cold,1,58381.36,20260916-213028-m2-b-qwen14b-retrieval/stdout.log,12,per_request_from_stdout,True
20261010-075351-f4-rebuild,20260916-213028-m2-b-qwen14b-retrieval,20260916-213039-m2-retrieval,2026-09-16T21:30:28+00:00,run_start,1,UNOBSERVABLE_HOST,,,b-qwen14b-1m,,96000,m2_harness_mi300x/retrieval_cost_b-qwen14b-1m.csv,1,ssd,96000,cold,2,57702.485,20260916-213028-m2-b-qwen14b-retrieval/stdout.log,13,per_request_from_stdout,True
20261010-075351-f4-rebuild,20260916-213028-m2-b-qwen14b-retrieval,20260916-213039-m2-retrieval,2026-09-16T21:30:28+00:00,run_start,1,UNOBSERVABLE_HOST,,,b-qwen14b-1m,,96000,m2_harness_mi300x/retrieval_cost_b-qwen14b-1m.csv,1,ssd,96000,cold,3,58360.897,20260916-213028-m2-b-qwen14b-retrieval/stdout.log,14,per_request_from_stdout,True
20261010-075351-f4-rebuild,20260916-213028-m2-b-qwen14b-retrieval,20260916-213039-m2-retrieval,2026-09-16T21:30:28+00:00,run_start,1,UNOBSERVABLE_HOST,,,b-qwen14b-1m,,96000,m2_harness_mi300x/retrieval_cost_b-qwen14b-1m.csv,1,ssd,96000,warm,0,11607.702,20260916-213028-m2-b-qwen14b-retrieval/stdout.log,15,per_request_from_stdout,True
20261010-075351-f4-rebuild,20260916-213028-m2-b-qwen14b-retrieval,20260916-213039-m2-retrieval,2026-09-16T21:30:28+00:00,run_start,1,UNOBSERVABLE_HOST,,,b-qwen14b-1m,,96000,m2_harness_mi300x/retrieval_cost_b-qwen14b-1m.csv,1,ssd,96000,warm,1,8721.1,20260916-213028-m2-b-qwen14b-retrieval/stdout.log,16,per_request_from_stdout,True
20261010-075351-f4-rebuild,20260916-213028-m2-b-qwen14b-retrieval,20260916-213039-m2-retrieval,2026-09-16T21:30:28+00:00,run_start,1,UNOBSERVABLE_HOST,,,b-qwen14b-1m,,96000,m2_harness_mi300x/retrieval_cost_b-qwen14b-1m.csv,1,ssd,96000,warm,2,8723.808,20260916-213028-m2-b-qwen14b-retrieval/stdout.log,17,per_request_from_stdout,True
20261010-075351-f4-rebuild,20260916-213028-m2-b-qwen14b-retrieval,20260916-213039-m2-retrieval,2026-09-16T21:30:28+00:00,run_start,1,UNOBSERVABLE_HOST,,,b-qwen14b-1m,,96000,m2_harness_mi300x/retrieval_cost_b-qwen14b-1m.csv,1,ssd,96000,warm,3,8745.575,20260916-213028-m2-b-qwen14b-retrieval/stdout.log,18,per_request_from_stdout,True
20261010-075351-f4-rebuild,20260916-213028-m2-b-qwen14b-retrieval,20260916-213039-m2-retrieval,2026-09-16T21:30:28+00:00,run_start,1,UNOBSERVABLE_HOST,,,b-qwen14b-1m,,96000,m2_harness_mi300x/retrieval_cost_b-qwen14b-1m.csv,1,drop,96000,cold,0,24527.815,20260916-213028-m2-b-qwen14b-retrieval/stdout.log,21,per_request_from_stdout,True
20261010-075351-f4-rebuild,20260916-213028-m2-b-qwen14b-retrieval,20260916-213039-m2-retrieval,2026-09-16T21:30:28+00:00,run_start,1,UNOBSERVABLE_HOST,,,b-qwen14b-1m,,96000,m2_harness_mi300x/retrieval_cost_b-qwen14b-1m.csv,1,drop,96000,cold,1,24497.371,20260916-213028-m2-b-qwen14b-retrieval/stdout.log,22,per_request_from_stdout,True
20261010-075351-f4-rebuild,20260916-213028-m2-b-qwen14b-retrieval,20260916-213039-m2-retrieval,2026-09-16T21:30:28+00:00,run_start,1,UNOBSERVABLE_HOST,,,b-qwen14b-1m,,96000,m2_harness_mi300x/retrieval_cost_b-qwen14b-1m.csv,1,drop,96000,cold,2,24514.247,20260916-213028-m2-b-qwen14b-retrieval/stdout.log,23,per_request_from_stdout,True
20261010-075351-f4-rebuild,20260916-213028-m2-b-qwen14b-retrieval,20260916-213039-m2-retrieval,2026-09-16T21:30:28+00:00,run_start,1,UNOBSERVABLE_HOST,,,b-qwen14b-1m,,96000,m2_harness_mi300x/retrieval_cost_b-qwen14b-1m.csv,1,drop,96000,cold,3,24510.77,20260916-213028-m2-b-qwen14b-retrieval/stdout.log,24,per_request_from_stdout,True
20261010-075351-f4-rebuild,20260916-213028-m2-b-qwen14b-retrieval,20260916-213039-m2-retrieval,2026-09-16T21:30:28+00:00,run_start,1,UNOBSERVABLE_HOST,,,b-qwen14b-1m,,96000,m2_harness_mi300x/retrieval_cost_b-qwen14b-1m.csv,1,drop,96000,warm,0,24516.333,20260916-213028-m2-b-qwen14b-retrieval/stdout.log,25,per_request_from_stdout,True
20261010-075351-f4-rebuild,20260916-213028-m2-b-qwen14b-retrieval,20260916-213039-m2-retrieval,2026-09-16T21:30:28+00:00,run_start,1,UNOBSERVABLE_HOST,,,b-qwen14b-1m,,96000,m2_harness_mi300x/retrieval_cost_b-qwen14b-1m.csv,1,drop,96000,warm,1,24524.499,20260916-213028-m2-b-qwen14b-retrieval/stdout.log,26,per_request_from_stdout,True
20261010-075351-f4-rebuild,20260916-213028-m2-b-qwen14b-retrieval,20260916-213039-m2-retrieval,2026-09-16T21:30:28+00:00,run_start,1,UNOBSERVABLE_HOST,,,b-qwen14b-1m,,96000,m2_harness_mi300x/retrieval_cost_b-qwen14b-1m.csv,1,drop,96000,warm,2,24524.026,20260916-213028-m2-b-qwen14b-retrieval/stdout.log,27,per_request_from_stdout,True
20261010-075351-f4-rebuild,20260916-213028-m2-b-qwen14b-retrieval,20260916-213039-m2-retrieval,2026-09-16T21:30:28+00:00,run_start,1,UNOBSERVABLE_HOST,,,b-qwen14b-1m,,96000,m2_harness_mi300x/retrieval_cost_b-qwen14b-1m.csv,1,drop,96000,warm,3,24521.849,20260916-213028-m2-b-qwen14b-retrieval/stdout.log,28,per_request_from_stdout,True
20261010-075351-f4-rebuild,20260916-213028-m2-b-qwen14b-retrieval,20260916-213039-m2-retrieval,2026-09-16T21:30:28+00:00,run_start,1,UNOBSERVABLE_HOST,,,b-qwen14b-1m,,96000,m2_harness_mi300x/retrieval_cost_b-qwen14b-1m.csv,1,gpu_fp8,96000,cold,0,27052.157,20260916-213028-m2-b-qwen14b-retrieval/stdout.log,30,per_request_from_stdout,True
20261010-075351-f4-rebuild,20260916-213028-m2-b-qwen14b-retrieval,20260916-213039-m2-retrieval,2026-09-16T21:30:28+00:00,run_start,1,UNOBSERVABLE_HOST,,,b-qwen14b-1m,,96000,m2_harness_mi300x/retrieval_cost_b-qwen14b-1m.csv,1,gpu_fp8,96000,warm,0,816.517,20260916-213028-m2-b-qwen14b-retrieval/stdout.log,31,per_request_from_stdout,True
20261010-075351-f4-rebuild,20260916-213028-m2-b-qwen14b-retrieval,20260916-213039-m2-retrieval,2026-09-16T21:30:28+00:00,run_start,1,UNOBSERVABLE_HOST,,,b-qwen14b-1m,,96000,m2_harness_mi300x/retrieval_cost_b-qwen14b-1m.csv,1,gpu_int4,96000,cold,0,126256.736,20260916-213028-m2-b-qwen14b-retrieval/stdout.log,33,per_request_from_stdout,True
20261010-075351-f4-rebuild,20260916-213028-m2-b-qwen14b-retrieval,20260916-213039-m2-retrieval,2026-09-16T21:30:28+00:00,run_start,1,UNOBSERVABLE_HOST,,,b-qwen14b-1m,,96000,m2_harness_mi300x/retrieval_cost_b-qwen14b-1m.csv,1,gpu_int4,96000,warm,0,816.605,20260916-213028-m2-b-qwen14b-retrieval/stdout.log,34,per_request_from_stdout,True
20261010-075351-f4-rebuild,20260916-213028-m2-b-qwen14b-retrieval,20260916-213039-m2-retrieval,2026-09-16T21:30:28+00:00,run_start,1,UNOBSERVABLE_HOST,,,b-qwen14b-1m,,96000,m2_harness_mi300x/retrieval_cost_b-qwen14b-1m.csv,2,ssd,96000,cold,0,57590.335,20260916-213028-m2-b-qwen14b-retrieval/stdout.log,39,per_request_from_stdout,True
20261010-075351-f4-rebuild,20260916-213028-m2-b-qwen14b-retrieval,20260916-213039-m2-retrieval,2026-09-16T21:30:28+00:00,run_start,1,UNOBSERVABLE_HOST,,,b-qwen14b-1m,,96000,m2_harness_mi300x/retrieval_cost_b-qwen14b-1m.csv,2,ssd,96000,cold,1,58386.577,20260916-213028-m2-b-qwen14b-retrieval/stdout.log,40,per_request_from_stdout,True
20261010-075351-f4-rebuild,20260916-213028-m2-b-qwen14b-retrieval,20260916-213039-m2-retrieval,2026-09-16T21:30:28+00:00,run_start,1,UNOBSERVABLE_HOST,,,b-qwen14b-1m,,96000,m2_harness_mi300x/retrieval_cost_b-qwen14b-1m.csv,2,ssd,96000,cold,2,57693.84,20260916-213028-m2-b-qwen14b-retrieval/stdout.log,41,per_request_from_stdout,True
20261010-075351-f4-rebuild,20260916-213028-m2-b-qwen14b-retrieval,20260916-213039-m2-retrieval,2026-09-16T21:30:28+00:00,run_start,1,UNOBSERVABLE_HOST,,,b-qwen14b-1m,,96000,m2_harness_mi300x/retrieval_cost_b-qwen14b-1m.csv,2,ssd,96000,cold,3,58340.192,20260916-213028-m2-b-qwen14b-retrieval/stdout.log,42,per_request_from_stdout,True
20261010-075351-f4-rebuild,20260916-213028-m2-b-qwen14b-retrieval,20260916-213039-m2-retrieval,2026-09-16T21:30:28+00:00,run_start,1,UNOBSERVABLE_HOST,,,b-qwen14b-1m,,96000,m2_harness_mi300x/retrieval_cost_b-qwen14b-1m.csv,2,ssd,96000,warm,0,11913.194,20260916-213028-m2-b-qwen14b-retrieval/stdout.log,43,per_request_from_stdout,True
20261010-075351-f4-rebuild,20260916-213028-m2-b-qwen14b-retrieval,20260916-213039-m2-retrieval,2026-09-16T21:30:28+00:00,run_start,1,UNOBSERVABLE_HOST,,,b-qwen14b-1m,,96000,m2_harness_mi300x/retrieval_cost_b-qwen14b-1m.csv,2,ssd,96000,warm,1,9122.214,20260916-213028-m2-b-qwen14b-retrieval/stdout.log,44,per_request_from_stdout,True
20261010-075351-f4-rebuild,20260916-213028-m2-b-qwen14b-retrieval,20260916-213039-m2-retrieval,2026-09-16T21:30:28+00:00,run_start,1,UNOBSERVABLE_HOST,,,b-qwen14b-1m,,96000,m2_harness_mi300x/retrieval_cost_b-qwen14b-1m.csv,2,ssd,96000,warm,2,9380.372,20260916-213028-m2-b-qwen14b-retrieval/stdout.log,45,per_request_from_stdout,True
20261010-075351-f4-rebuild,20260916-213028-m2-b-qwen14b-retrieval,20260916-213039-m2-retrieval,2026-09-16T21:30:28+00:00,run_start,1,UNOBSERVABLE_HOST,,,b-qwen14b-1m,,96000,m2_harness_mi300x/retrieval_cost_b-qwen14b-1m.csv,2,ssd,96000,warm,3,9081.2,20260916-213028-m2-b-qwen14b-retrieval/stdout.log,46,per_request_from_stdout,True
20261010-075351-f4-rebuild,20260916-213028-m2-b-qwen14b-retrieval,20260916-213039-m2-retrieval,2026-09-16T21:30:28+00:00,run_start,1,UNOBSERVABLE_HOST,,,b-qwen14b-1m,,96000,m2_harness_mi300x/retrieval_cost_b-qwen14b-1m.csv,2,drop,96000,cold,0,24488.47,20260916-213028-m2-b-qwen14b-retrieval/stdout.log,49,per_request_from_stdout,True
20261010-075351-f4-rebuild,20260916-213028-m2-b-qwen14b-retrieval,20260916-213039-m2-retrieval,2026-09-16T21:30:28+00:00,run_start,1,UNOBSERVABLE_HOST,,,b-qwen14b-1m,,96000,m2_harness_mi300x/retrieval_cost_b-qwen14b-1m.csv,2,drop,96000,cold,1,24477.432,20260916-213028-m2-b-qwen14b-retrieval/stdout.log,50,per_request_from_stdout,True
20261010-075351-f4-rebuild,20260916-213028-m2-b-qwen14b-retrieval,20260916-213039-m2-retrieval,2026-09-16T21:30:28+00:00,run_start,1,UNOBSERVABLE_HOST,,,b-qwen14b-1m,,96000,m2_harness_mi300x/retrieval_cost_b-qwen14b-1m.csv,2,drop,96000,cold,2,24495.824,20260916-213028-m2-b-qwen14b-retrieval/stdout.log,51,per_request_from_stdout,True
20261010-075351-f4-rebuild,20260916-213028-m2-b-qwen14b-retrieval,20260916-213039-m2-retrieval,2026-09-16T21:30:28+00:00,run_start,1,UNOBSERVABLE_HOST,,,b-qwen14b-1m,,96000,m2_harness_mi300x/retrieval_cost_b-qwen14b-1m.csv,2,drop,96000,cold,3,24497.18,20260916-213028-m2-b-qwen14b-retrieval/stdout.log,52,per_request_from_stdout,True
20261010-075351-f4-rebuild,20260916-213028-m2-b-qwen14b-retrieval,20260916-213039-m2-retrieval,2026-09-16T21:30:28+00:00,run_start,1,UNOBSERVABLE_HOST,,,b-qwen14b-1m,,96000,m2_harness_mi300x/retrieval_cost_b-qwen14b-1m.csv,2,drop,96000,warm,0,24512.813,20260916-213028-m2-b-qwen14b-retrieval/stdout.log,53,per_request_from_stdout,True
20261010-075351-f4-rebuild,20260916-213028-m2-b-qwen14b-retrieval,20260916-213039-m2-retrieval,2026-09-16T21:30:28+00:00,run_start,1,UNOBSERVABLE_HOST,,,b-qwen14b-1m,,96000,m2_harness_mi300x/retrieval_cost_b-qwen14b-1m.csv,2,drop,96000,warm,1,24526.715,20260916-213028-m2-b-qwen14b-retrieval/stdout.log,54,per_request_from_stdout,True
20261010-075351-f4-rebuild,20260916-213028-m2-b-qwen14b-retrieval,20260916-213039-m2-retrieval,2026-09-16T21:30:28+00:00,run_start,1,UNOBSERVABLE_HOST,,,b-qwen14b-1m,,96000,m2_harness_mi300x/retrieval_cost_b-qwen14b-1m.csv,2,drop,96000,warm,2,24527.622,20260916-213028-m2-b-qwen14b-retrieval/stdout.log,55,per_request_from_stdout,True
20261010-075351-f4-rebuild,20260916-213028-m2-b-qwen14b-retrieval,20260916-213039-m2-retrieval,2026-09-16T21:30:28+00:00,run_start,1,UNOBSERVABLE_HOST,,,b-qwen14b-1m,,96000,m2_harness_mi300x/retrieval_cost_b-qwen14b-1m.csv,2,drop,96000,warm,3,24534.258,20260916-213028-m2-b-qwen14b-retrieval/stdout.log,56,per_request_from_stdout,True
20261010-075351-f4-rebuild,20260916-213028-m2-b-qwen14b-retrieval,20260916-213039-m2-retrieval,2026-09-16T21:30:28+00:00,run_start,1,UNOBSERVABLE_HOST,,,b-qwen14b-1m,,96000,m2_harness_mi300x/retrieval_cost_b-qwen14b-1m.csv,2,gpu_fp8,96000,cold,0,27123.703,20260916-213028-m2-b-qwen14b-retrieval/stdout.log,58,per_request_from_stdout,True
20261010-075351-f4-rebuild,20260916-213028-m2-b-qwen14b-retrieval,20260916-213039-m2-retrieval,2026-09-16T21:30:28+00:00,run_start,1,UNOBSERVABLE_HOST,,,b-qwen14b-1m,,96000,m2_harness_mi300x/retrieval_cost_b-qwen14b-1m.csv,2,gpu_fp8,96000,warm,0,836.208,20260916-213028-m2-b-qwen14b-retrieval/stdout.log,59,per_request_from_stdout,True
20261010-075351-f4-rebuild,20260916-213028-m2-b-qwen14b-retrieval,20260916-213039-m2-retrieval,2026-09-16T21:30:28+00:00,run_start,1,UNOBSERVABLE_HOST,,,b-qwen14b-1m,,96000,m2_harness_mi300x/retrieval_cost_b-qwen14b-1m.csv,2,gpu_int4,96000,cold,0,125599.663,20260916-213028-m2-b-qwen14b-retrieval/stdout.log,61,per_request_from_stdout,True
20261010-075351-f4-rebuild,20260916-213028-m2-b-qwen14b-retrieval,20260916-213039-m2-retrieval,2026-09-16T21:30:28+00:00,run_start,1,UNOBSERVABLE_HOST,,,b-qwen14b-1m,,96000,m2_harness_mi300x/retrieval_cost_b-qwen14b-1m.csv,2,gpu_int4,96000,warm,0,833.347,20260916-213028-m2-b-qwen14b-retrieval/stdout.log,62,per_request_from_stdout,True
20261010-075351-f4-rebuild,20260916-213028-m2-b-qwen14b-retrieval,20260916-213039-m2-retrieval,2026-09-16T21:30:28+00:00,run_start,1,UNOBSERVABLE_HOST,,,b-qwen14b-1m,,96000,m2_harness_mi300x/retrieval_cost_b-qwen14b-1m.csv,2,gpu_resident,96000,cold,0,25560.667,20260916-213028-m2-b-qwen14b-retrieval/stdout.log,64,per_request_from_stdout,True
20261010-075351-f4-rebuild,20260916-213028-m2-b-qwen14b-retrieval,20260916-213039-m2-retrieval,2026-09-16T21:30:28+00:00,run_start,1,UNOBSERVABLE_HOST,,,b-qwen14b-1m,,96000,m2_harness_mi300x/retrieval_cost_b-qwen14b-1m.csv,2,gpu_resident,96000,warm,0,776.512,20260916-213028-m2-b-qwen14b-retrieval/stdout.log,65,per_request_from_stdout,True
20261010-075351-f4-rebuild,20260916-213028-m2-b-qwen14b-retrieval,20260916-213039-m2-retrieval,2026-09-16T21:30:28+00:00,run_start,1,UNOBSERVABLE_HOST,,,b-qwen14b-1m,,96000,m2_harness_mi300x/retrieval_cost_b-qwen14b-1m.csv,3,ssd,96000,cold,0,57602.64,20260916-213028-m2-b-qwen14b-retrieval/stdout.log,68,per_request_from_stdout,True
20261010-075351-f4-rebuild,20260916-213028-m2-b-qwen14b-retrieval,20260916-213039-m2-retrieval,2026-09-16T21:30:28+00:00,run_start,1,UNOBSERVABLE_HOST,,,b-qwen14b-1m,,96000,m2_harness_mi300x/retrieval_cost_b-qwen14b-1m.csv,3,ssd,96000,cold,1,58419.834,20260916-213028-m2-b-qwen14b-retrieval/stdout.log,69,per_request_from_stdout,True
20261010-075351-f4-rebuild,20260916-213028-m2-b-qwen14b-retrieval,20260916-213039-m2-retrieval,2026-09-16T21:30:28+00:00,run_start,1,UNOBSERVABLE_HOST,,,b-qwen14b-1m,,96000,m2_harness_mi300x/retrieval_cost_b-qwen14b-1m.csv,3,ssd,96000,cold,2,57725.305,20260916-213028-m2-b-qwen14b-retrieval/stdout.log,70,per_request_from_stdout,True
20261010-075351-f4-rebuild,20260916-213028-m2-b-qwen14b-retrieval,20260916-213039-m2-retrieval,2026-09-16T21:30:28+00:00,run_start,1,UNOBSERVABLE_HOST,,,b-qwen14b-1m,,96000,m2_harness_mi300x/retrieval_cost_b-qwen14b-1m.csv,3,ssd,96000,cold,3,58378.749,20260916-213028-m2-b-qwen14b-retrieval/stdout.log,71,per_request_from_stdout,True
20261010-075351-f4-rebuild,20260916-213028-m2-b-qwen14b-retrieval,20260916-213039-m2-retrieval,2026-09-16T21:30:28+00:00,run_start,1,UNOBSERVABLE_HOST,,,b-qwen14b-1m,,96000,m2_harness_mi300x/retrieval_cost_b-qwen14b-1m.csv,3,ssd,96000,warm,0,12005.299,20260916-213028-m2-b-qwen14b-retrieval/stdout.log,72,per_request_from_stdout,True
20261010-075351-f4-rebuild,20260916-213028-m2-b-qwen14b-retrieval,20260916-213039-m2-retrieval,2026-09-16T21:30:28+00:00,run_start,1,UNOBSERVABLE_HOST,,,b-qwen14b-1m,,96000,m2_harness_mi300x/retrieval_cost_b-qwen14b-1m.csv,3,ssd,96000,warm,1,8927.586,20260916-213028-m2-b-qwen14b-retrieval/stdout.log,73,per_request_from_stdout,True
20261010-075351-f4-rebuild,20260916-213028-m2-b-qwen14b-retrieval,20260916-213039-m2-retrieval,2026-09-16T21:30:28+00:00,run_start,1,UNOBSERVABLE_HOST,,,b-qwen14b-1m,,96000,m2_harness_mi300x/retrieval_cost_b-qwen14b-1m.csv,3,ssd,96000,warm,2,8950.821,20260916-213028-m2-b-qwen14b-retrieval/stdout.log,74,per_request_from_stdout,True
20261010-075351-f4-rebuild,20260916-213028-m2-b-qwen14b-retrieval,20260916-213039-m2-retrieval,2026-09-16T21:30:28+00:00,run_start,1,UNOBSERVABLE_HOST,,,b-qwen14b-1m,,96000,m2_harness_mi300x/retrieval_cost_b-qwen14b-1m.csv,3,ssd,96000,warm,3,8972.28,20260916-213028-m2-b-qwen14b-retrieval/stdout.log,75,per_request_from_stdout,True
20261010-075351-f4-rebuild,20260916-213028-m2-b-qwen14b-retrieval,20260916-213039-m2-retrieval,2026-09-16T21:30:28+00:00,run_start,1,UNOBSERVABLE_HOST,,,b-qwen14b-1m,,96000,m2_harness_mi300x/retrieval_cost_b-qwen14b-1m.csv,3,drop,96000,cold,0,24546.102,20260916-213028-m2-b-qwen14b-retrieval/stdout.log,78,per_request_from_stdout,True
20261010-075351-f4-rebuild,20260916-213028-m2-b-qwen14b-retrieval,20260916-213039-m2-retrieval,2026-09-16T21:30:28+00:00,run_start,1,UNOBSERVABLE_HOST,,,b-qwen14b-1m,,96000,m2_harness_mi300x/retrieval_cost_b-qwen14b-1m.csv,3,drop,96000,cold,1,24546.362,20260916-213028-m2-b-qwen14b-retrieval/stdout.log,79,per_request_from_stdout,True
20261010-075351-f4-rebuild,20260916-213028-m2-b-qwen14b-retrieval,20260916-213039-m2-retrieval,2026-09-16T21:30:28+00:00,run_start,1,UNOBSERVABLE_HOST,,,b-qwen14b-1m,,96000,m2_harness_mi300x/retrieval_cost_b-qwen14b-1m.csv,3,drop,96000,cold,2,24549.526,20260916-213028-m2-b-qwen14b-retrieval/stdout.log,80,per_request_from_stdout,True
20261010-075351-f4-rebuild,20260916-213028-m2-b-qwen14b-retrieval,20260916-213039-m2-retrieval,2026-09-16T21:30:28+00:00,run_start,1,UNOBSERVABLE_HOST,,,b-qwen14b-1m,,96000,m2_harness_mi300x/retrieval_cost_b-qwen14b-1m.csv,3,drop,96000,cold,3,24524.323,20260916-213028-m2-b-qwen14b-retrieval/stdout.log,81,per_request_from_stdout,True
20261010-075351-f4-rebuild,20260916-213028-m2-b-qwen14b-retrieval,20260916-213039-m2-retrieval,2026-09-16T21:30:28+00:00,run_start,1,UNOBSERVABLE_HOST,,,b-qwen14b-1m,,96000,m2_harness_mi300x/retrieval_cost_b-qwen14b-1m.csv,3,drop,96000,warm,0,24549.005,20260916-213028-m2-b-qwen14b-retrieval/stdout.log,82,per_request_from_stdout,True
20261010-075351-f4-rebuild,20260916-213028-m2-b-qwen14b-retrieval,20260916-213039-m2-retrieval,2026-09-16T21:30:28+00:00,run_start,1,UNOBSERVABLE_HOST,,,b-qwen14b-1m,,96000,m2_harness_mi300x/retrieval_cost_b-qwen14b-1m.csv,3,drop,96000,warm,1,24570.47,20260916-213028-m2-b-qwen14b-retrieval/stdout.log,83,per_request_from_stdout,True
20261010-075351-f4-rebuild,20260916-213028-m2-b-qwen14b-retrieval,20260916-213039-m2-retrieval,2026-09-16T21:30:28+00:00,run_start,1,UNOBSERVABLE_HOST,,,b-qwen14b-1m,,96000,m2_harness_mi300x/retrieval_cost_b-qwen14b-1m.csv,3,drop,96000,warm,2,24581.462,20260916-213028-m2-b-qwen14b-retrieval/stdout.log,84,per_request_from_stdout,True
20261010-075351-f4-rebuild,20260916-213028-m2-b-qwen14b-retrieval,20260916-213039-m2-retrieval,2026-09-16T21:30:28+00:00,run_start,1,UNOBSERVABLE_HOST,,,b-qwen14b-1m,,96000,m2_harness_mi300x/retrieval_cost_b-qwen14b-1m.csv,3,drop,96000,warm,3,24566.783,20260916-213028-m2-b-qwen14b-retrieval/stdout.log,85,per_request_from_stdout,True
20261010-075351-f4-rebuild,20260916-213028-m2-b-qwen14b-retrieval,20260916-213039-m2-retrieval,2026-09-16T21:30:28+00:00,run_start,1,UNOBSERVABLE_HOST,,,b-qwen14b-1m,,96000,m2_harness_mi300x/retrieval_cost_b-qwen14b-1m.csv,3,gpu_fp8,96000,cold,0,27079.203,20260916-213028-m2-b-qwen14b-retrieval/stdout.log,87,per_request_from_stdout,True
20261010-075351-f4-rebuild,20260916-213028-m2-b-qwen14b-retrieval,20260916-213039-m2-retrieval,2026-09-16T21:30:28+00:00,run_start,1,UNOBSERVABLE_HOST,,,b-qwen14b-1m,,96000,m2_harness_mi300x/retrieval_cost_b-qwen14b-1m.csv,3,gpu_fp8,96000,warm,0,817.3,20260916-213028-m2-b-qwen14b-retrieval/stdout.log,88,per_request_from_stdout,True
20261010-075351-f4-rebuild,20260916-213028-m2-b-qwen14b-retrieval,20260916-213039-m2-retrieval,2026-09-16T21:30:28+00:00,run_start,1,UNOBSERVABLE_HOST,,,b-qwen14b-1m,,96000,m2_harness_mi300x/retrieval_cost_b-qwen14b-1m.csv,3,gpu_int4,96000,cold,0,125519.818,20260916-213028-m2-b-qwen14b-retrieval/stdout.log,90,per_request_from_stdout,True
20261010-075351-f4-rebuild,20260916-213028-m2-b-qwen14b-retrieval,20260916-213039-m2-retrieval,2026-09-16T21:30:28+00:00,run_start,1,UNOBSERVABLE_HOST,,,b-qwen14b-1m,,96000,m2_harness_mi300x/retrieval_cost_b-qwen14b-1m.csv,3,gpu_int4,96000,warm,0,856.557,20260916-213028-m2-b-qwen14b-retrieval/stdout.log,91,per_request_from_stdout,True
20261010-075351-f4-rebuild,20260916-213028-m2-b-qwen14b-retrieval,20260916-213039-m2-retrieval,2026-09-16T21:30:28+00:00,run_start,1,UNOBSERVABLE_HOST,,,b-qwen14b-1m,,96000,m2_harness_mi300x/retrieval_cost_b-qwen14b-1m.csv,3,gpu_resident,96000,cold,0,25570.98,20260916-213028-m2-b-qwen14b-retrieval/stdout.log,93,per_request_from_stdout,True
20261010-075351-f4-rebuild,20260916-213028-m2-b-qwen14b-retrieval,20260916-213039-m2-retrieval,2026-09-16T21:30:28+00:00,run_start,1,UNOBSERVABLE_HOST,,,b-qwen14b-1m,,96000,m2_harness_mi300x/retrieval_cost_b-qwen14b-1m.csv,3,gpu_resident,96000,warm,0,772.566,20260916-213028-m2-b-qwen14b-retrieval/stdout.log,94,per_request_from_stdout,True
20261010-075351-f4-rebuild,20260917-122356-m2-b-qwen14b-retrieval,20260917-122407-m2-retrieval,2026-09-17T12:23:56+00:00,run_start,0,UNOBSERVABLE_HOST,,,b-qwen14b-1m,,96000,m2_harness_mi300x/retrieval_cost_b-qwen14b-1m.csv,1,gpu_resident,96000,cold,0,25564.582,20260917-122356-m2-b-qwen14b-retrieval/stdout.log,6,per_request_from_stdout,True
20261010-075351-f4-rebuild,20260917-122356-m2-b-qwen14b-retrieval,20260917-122407-m2-retrieval,2026-09-17T12:23:56+00:00,run_start,0,UNOBSERVABLE_HOST,,,b-qwen14b-1m,,96000,m2_harness_mi300x/retrieval_cost_b-qwen14b-1m.csv,1,gpu_resident,96000,warm,0,776.26,20260917-122356-m2-b-qwen14b-retrieval/stdout.log,7,per_request_from_stdout,True
20261010-075351-f4-rebuild,20260917-122356-m2-b-qwen14b-retrieval,20260917-122407-m2-retrieval,2026-09-17T12:23:56+00:00,run_start,0,UNOBSERVABLE_HOST,,,b-qwen14b-1m,,96000,m2_harness_mi300x/retrieval_cost_b-qwen14b-1m.csv,1,cpu,96000,cold,0,57541.261,20260917-122356-m2-b-qwen14b-retrieval/stdout.log,9,per_request_from_stdout,True
20261010-075351-f4-rebuild,20260917-122356-m2-b-qwen14b-retrieval,20260917-122407-m2-retrieval,2026-09-17T12:23:56+00:00,run_start,0,UNOBSERVABLE_HOST,,,b-qwen14b-1m,,96000,m2_harness_mi300x/retrieval_cost_b-qwen14b-1m.csv,1,cpu,96000,cold,1,58256.612,20260917-122356-m2-b-qwen14b-retrieval/stdout.log,10,per_request_from_stdout,True
20261010-075351-f4-rebuild,20260917-122356-m2-b-qwen14b-retrieval,20260917-122407-m2-retrieval,2026-09-17T12:23:56+00:00,run_start,0,UNOBSERVABLE_HOST,,,b-qwen14b-1m,,96000,m2_harness_mi300x/retrieval_cost_b-qwen14b-1m.csv,1,cpu,96000,cold,2,57619.745,20260917-122356-m2-b-qwen14b-retrieval/stdout.log,11,per_request_from_stdout,True
20261010-075351-f4-rebuild,20260917-122356-m2-b-qwen14b-retrieval,20260917-122407-m2-retrieval,2026-09-17T12:23:56+00:00,run_start,0,UNOBSERVABLE_HOST,,,b-qwen14b-1m,,96000,m2_harness_mi300x/retrieval_cost_b-qwen14b-1m.csv,1,cpu,96000,cold,3,58230.655,20260917-122356-m2-b-qwen14b-retrieval/stdout.log,12,per_request_from_stdout,True
20261010-075351-f4-rebuild,20260917-122356-m2-b-qwen14b-retrieval,20260917-122407-m2-retrieval,2026-09-17T12:23:56+00:00,run_start,0,UNOBSERVABLE_HOST,,,b-qwen14b-1m,,96000,m2_harness_mi300x/retrieval_cost_b-qwen14b-1m.csv,1,cpu,96000,warm,0,4711.218,20260917-122356-m2-b-qwen14b-retrieval/stdout.log,13,per_request_from_stdout,True
20261010-075351-f4-rebuild,20260917-122356-m2-b-qwen14b-retrieval,20260917-122407-m2-retrieval,2026-09-17T12:23:56+00:00,run_start,0,UNOBSERVABLE_HOST,,,b-qwen14b-1m,,96000,m2_harness_mi300x/retrieval_cost_b-qwen14b-1m.csv,1,cpu,96000,warm,1,4687.857,20260917-122356-m2-b-qwen14b-retrieval/stdout.log,14,per_request_from_stdout,True
20261010-075351-f4-rebuild,20260917-122356-m2-b-qwen14b-retrieval,20260917-122407-m2-retrieval,2026-09-17T12:23:56+00:00,run_start,0,UNOBSERVABLE_HOST,,,b-qwen14b-1m,,96000,m2_harness_mi300x/retrieval_cost_b-qwen14b-1m.csv,1,cpu,96000,warm,2,4694.916,20260917-122356-m2-b-qwen14b-retrieval/stdout.log,15,per_request_from_stdout,True
20261010-075351-f4-rebuild,20260917-122356-m2-b-qwen14b-retrieval,20260917-122407-m2-retrieval,2026-09-17T12:23:56+00:00,run_start,0,UNOBSERVABLE_HOST,,,b-qwen14b-1m,,96000,m2_harness_mi300x/retrieval_cost_b-qwen14b-1m.csv,1,cpu,96000,warm,3,4694.272,20260917-122356-m2-b-qwen14b-retrieval/stdout.log,16,per_request_from_stdout,True
20261010-075351-f4-rebuild,20260917-122356-m2-b-qwen14b-retrieval,20260917-122407-m2-retrieval,2026-09-17T12:23:56+00:00,run_start,0,UNOBSERVABLE_HOST,,,b-qwen14b-1m,,96000,m2_harness_mi300x/retrieval_cost_b-qwen14b-1m.csv,1,ssd,96000,cold,0,57608.49,20260917-122356-m2-b-qwen14b-retrieval/stdout.log,19,per_request_from_stdout,True
20261010-075351-f4-rebuild,20260917-122356-m2-b-qwen14b-retrieval,20260917-122407-m2-retrieval,2026-09-17T12:23:56+00:00,run_start,0,UNOBSERVABLE_HOST,,,b-qwen14b-1m,,96000,m2_harness_mi300x/retrieval_cost_b-qwen14b-1m.csv,1,ssd,96000,cold,1,58388.713,20260917-122356-m2-b-qwen14b-retrieval/stdout.log,20,per_request_from_stdout,True
20261010-075351-f4-rebuild,20260917-122356-m2-b-qwen14b-retrieval,20260917-122407-m2-retrieval,2026-09-17T12:23:56+00:00,run_start,0,UNOBSERVABLE_HOST,,,b-qwen14b-1m,,96000,m2_harness_mi300x/retrieval_cost_b-qwen14b-1m.csv,1,ssd,96000,cold,2,57683.408,20260917-122356-m2-b-qwen14b-retrieval/stdout.log,21,per_request_from_stdout,True
20261010-075351-f4-rebuild,20260917-122356-m2-b-qwen14b-retrieval,20260917-122407-m2-retrieval,2026-09-17T12:23:56+00:00,run_start,0,UNOBSERVABLE_HOST,,,b-qwen14b-1m,,96000,m2_harness_mi300x/retrieval_cost_b-qwen14b-1m.csv,1,ssd,96000,cold,3,58395.873,20260917-122356-m2-b-qwen14b-retrieval/stdout.log,22,per_request_from_stdout,True
20261010-075351-f4-rebuild,20260917-122356-m2-b-qwen14b-retrieval,20260917-122407-m2-retrieval,2026-09-17T12:23:56+00:00,run_start,0,UNOBSERVABLE_HOST,,,b-qwen14b-1m,,96000,m2_harness_mi300x/retrieval_cost_b-qwen14b-1m.csv,1,ssd,96000,warm,0,11726.103,20260917-122356-m2-b-qwen14b-retrieval/stdout.log,23,per_request_from_stdout,True
20261010-075351-f4-rebuild,20260917-122356-m2-b-qwen14b-retrieval,20260917-122407-m2-retrieval,2026-09-17T12:23:56+00:00,run_start,0,UNOBSERVABLE_HOST,,,b-qwen14b-1m,,96000,m2_harness_mi300x/retrieval_cost_b-qwen14b-1m.csv,1,ssd,96000,warm,1,8977.845,20260917-122356-m2-b-qwen14b-retrieval/stdout.log,24,per_request_from_stdout,True
20261010-075351-f4-rebuild,20260917-122356-m2-b-qwen14b-retrieval,20260917-122407-m2-retrieval,2026-09-17T12:23:56+00:00,run_start,0,UNOBSERVABLE_HOST,,,b-qwen14b-1m,,96000,m2_harness_mi300x/retrieval_cost_b-qwen14b-1m.csv,1,ssd,96000,warm,2,9007.98,20260917-122356-m2-b-qwen14b-retrieval/stdout.log,25,per_request_from_stdout,True
20261010-075351-f4-rebuild,20260917-122356-m2-b-qwen14b-retrieval,20260917-122407-m2-retrieval,2026-09-17T12:23:56+00:00,run_start,0,UNOBSERVABLE_HOST,,,b-qwen14b-1m,,96000,m2_harness_mi300x/retrieval_cost_b-qwen14b-1m.csv,1,ssd,96000,warm,3,9137.669,20260917-122356-m2-b-qwen14b-retrieval/stdout.log,26,per_request_from_stdout,True
20261010-075351-f4-rebuild,20260917-122356-m2-b-qwen14b-retrieval,20260917-122407-m2-retrieval,2026-09-17T12:23:56+00:00,run_start,0,UNOBSERVABLE_HOST,,,b-qwen14b-1m,,96000,m2_harness_mi300x/retrieval_cost_b-qwen14b-1m.csv,1,drop,96000,cold,0,24521.428,20260917-122356-m2-b-qwen14b-retrieval/stdout.log,29,per_request_from_stdout,True
20261010-075351-f4-rebuild,20260917-122356-m2-b-qwen14b-retrieval,20260917-122407-m2-retrieval,2026-09-17T12:23:56+00:00,run_start,0,UNOBSERVABLE_HOST,,,b-qwen14b-1m,,96000,m2_harness_mi300x/retrieval_cost_b-qwen14b-1m.csv,1,drop,96000,cold,1,24502.771,20260917-122356-m2-b-qwen14b-retrieval/stdout.log,30,per_request_from_stdout,True
20261010-075351-f4-rebuild,20260917-122356-m2-b-qwen14b-retrieval,20260917-122407-m2-retrieval,2026-09-17T12:23:56+00:00,run_start,0,UNOBSERVABLE_HOST,,,b-qwen14b-1m,,96000,m2_harness_mi300x/retrieval_cost_b-qwen14b-1m.csv,1,drop,96000,cold,2,24499.767,20260917-122356-m2-b-qwen14b-retrieval/stdout.log,31,per_request_from_stdout,True
20261010-075351-f4-rebuild,20260917-122356-m2-b-qwen14b-retrieval,20260917-122407-m2-retrieval,2026-09-17T12:23:56+00:00,run_start,0,UNOBSERVABLE_HOST,,,b-qwen14b-1m,,96000,m2_harness_mi300x/retrieval_cost_b-qwen14b-1m.csv,1,drop,96000,cold,3,24521.232,20260917-122356-m2-b-qwen14b-retrieval/stdout.log,32,per_request_from_stdout,True
20261010-075351-f4-rebuild,20260917-122356-m2-b-qwen14b-retrieval,20260917-122407-m2-retrieval,2026-09-17T12:23:56+00:00,run_start,0,UNOBSERVABLE_HOST,,,b-qwen14b-1m,,96000,m2_harness_mi300x/retrieval_cost_b-qwen14b-1m.csv,1,drop,96000,warm,0,24522.049,20260917-122356-m2-b-qwen14b-retrieval/stdout.log,33,per_request_from_stdout,True
20261010-075351-f4-rebuild,20260917-122356-m2-b-qwen14b-retrieval,20260917-122407-m2-retrieval,2026-09-17T12:23:56+00:00,run_start,0,UNOBSERVABLE_HOST,,,b-qwen14b-1m,,96000,m2_harness_mi300x/retrieval_cost_b-qwen14b-1m.csv,1,drop,96000,warm,1,24536.283,20260917-122356-m2-b-qwen14b-retrieval/stdout.log,34,per_request_from_stdout,True
20261010-075351-f4-rebuild,20260917-122356-m2-b-qwen14b-retrieval,20260917-122407-m2-retrieval,2026-09-17T12:23:56+00:00,run_start,0,UNOBSERVABLE_HOST,,,b-qwen14b-1m,,96000,m2_harness_mi300x/retrieval_cost_b-qwen14b-1m.csv,1,drop,96000,warm,2,24539.883,20260917-122356-m2-b-qwen14b-retrieval/stdout.log,35,per_request_from_stdout,True
20261010-075351-f4-rebuild,20260917-122356-m2-b-qwen14b-retrieval,20260917-122407-m2-retrieval,2026-09-17T12:23:56+00:00,run_start,0,UNOBSERVABLE_HOST,,,b-qwen14b-1m,,96000,m2_harness_mi300x/retrieval_cost_b-qwen14b-1m.csv,1,drop,96000,warm,3,24532.279,20260917-122356-m2-b-qwen14b-retrieval/stdout.log,36,per_request_from_stdout,True
20261010-075351-f4-rebuild,20260917-122356-m2-b-qwen14b-retrieval,20260917-122407-m2-retrieval,2026-09-17T12:23:56+00:00,run_start,0,UNOBSERVABLE_HOST,,,b-qwen14b-1m,,96000,m2_harness_mi300x/retrieval_cost_b-qwen14b-1m.csv,1,gpu_fp8,96000,cold,0,27112.756,20260917-122356-m2-b-qwen14b-retrieval/stdout.log,38,per_request_from_stdout,True
20261010-075351-f4-rebuild,20260917-122356-m2-b-qwen14b-retrieval,20260917-122407-m2-retrieval,2026-09-17T12:23:56+00:00,run_start,0,UNOBSERVABLE_HOST,,,b-qwen14b-1m,,96000,m2_harness_mi300x/retrieval_cost_b-qwen14b-1m.csv,1,gpu_fp8,96000,warm,0,819.487,20260917-122356-m2-b-qwen14b-retrieval/stdout.log,39,per_request_from_stdout,True
20261010-075351-f4-rebuild,20260917-122356-m2-b-qwen14b-retrieval,20260917-122407-m2-retrieval,2026-09-17T12:23:56+00:00,run_start,0,UNOBSERVABLE_HOST,,,b-qwen14b-1m,,96000,m2_harness_mi300x/retrieval_cost_b-qwen14b-1m.csv,1,gpu_int4,96000,cold,0,125539.585,20260917-122356-m2-b-qwen14b-retrieval/stdout.log,41,per_request_from_stdout,True
20261010-075351-f4-rebuild,20260917-122356-m2-b-qwen14b-retrieval,20260917-122407-m2-retrieval,2026-09-17T12:23:56+00:00,run_start,0,UNOBSERVABLE_HOST,,,b-qwen14b-1m,,96000,m2_harness_mi300x/retrieval_cost_b-qwen14b-1m.csv,1,gpu_int4,96000,warm,0,833.869,20260917-122356-m2-b-qwen14b-retrieval/stdout.log,42,per_request_from_stdout,True
20261010-075351-f4-rebuild,20260917-122356-m2-b-qwen14b-retrieval,20260917-122407-m2-retrieval,2026-09-17T12:23:56+00:00,run_start,0,UNOBSERVABLE_HOST,,,b-qwen14b-1m,,96000,m2_harness_mi300x/retrieval_cost_b-qwen14b-1m.csv,2,cpu,96000,cold,0,57577.29,20260917-122356-m2-b-qwen14b-retrieval/stdout.log,45,per_request_from_stdout,True
20261010-075351-f4-rebuild,20260917-122356-m2-b-qwen14b-retrieval,20260917-122407-m2-retrieval,2026-09-17T12:23:56+00:00,run_start,0,UNOBSERVABLE_HOST,,,b-qwen14b-1m,,96000,m2_harness_mi300x/retrieval_cost_b-qwen14b-1m.csv,2,cpu,96000,cold,1,58289.876,20260917-122356-m2-b-qwen14b-retrieval/stdout.log,46,per_request_from_stdout,True
20261010-075351-f4-rebuild,20260917-122356-m2-b-qwen14b-retrieval,20260917-122407-m2-retrieval,2026-09-17T12:23:56+00:00,run_start,0,UNOBSERVABLE_HOST,,,b-qwen14b-1m,,96000,m2_harness_mi300x/retrieval_cost_b-qwen14b-1m.csv,2,cpu,96000,cold,2,57621.838,20260917-122356-m2-b-qwen14b-retrieval/stdout.log,47,per_request_from_stdout,True
20261010-075351-f4-rebuild,20260917-122356-m2-b-qwen14b-retrieval,20260917-122407-m2-retrieval,2026-09-17T12:23:56+00:00,run_start,0,UNOBSERVABLE_HOST,,,b-qwen14b-1m,,96000,m2_harness_mi300x/retrieval_cost_b-qwen14b-1m.csv,2,cpu,96000,cold,3,58268.372,20260917-122356-m2-b-qwen14b-retrieval/stdout.log,48,per_request_from_stdout,True
20261010-075351-f4-rebuild,20260917-122356-m2-b-qwen14b-retrieval,20260917-122407-m2-retrieval,2026-09-17T12:23:56+00:00,run_start,0,UNOBSERVABLE_HOST,,,b-qwen14b-1m,,96000,m2_harness_mi300x/retrieval_cost_b-qwen14b-1m.csv,2,cpu,96000,warm,0,4713.82,20260917-122356-m2-b-qwen14b-retrieval/stdout.log,49,per_request_from_stdout,True
20261010-075351-f4-rebuild,20260917-122356-m2-b-qwen14b-retrieval,20260917-122407-m2-retrieval,2026-09-17T12:23:56+00:00,run_start,0,UNOBSERVABLE_HOST,,,b-qwen14b-1m,,96000,m2_harness_mi300x/retrieval_cost_b-qwen14b-1m.csv,2,cpu,96000,warm,1,4656.11,20260917-122356-m2-b-qwen14b-retrieval/stdout.log,50,per_request_from_stdout,True
20261010-075351-f4-rebuild,20260917-122356-m2-b-qwen14b-retrieval,20260917-122407-m2-retrieval,2026-09-17T12:23:56+00:00,run_start,0,UNOBSERVABLE_HOST,,,b-qwen14b-1m,,96000,m2_harness_mi300x/retrieval_cost_b-qwen14b-1m.csv,2,cpu,96000,warm,2,4661.19,20260917-122356-m2-b-qwen14b-retrieval/stdout.log,51,per_request_from_stdout,True
20261010-075351-f4-rebuild,20260917-122356-m2-b-qwen14b-retrieval,20260917-122407-m2-retrieval,2026-09-17T12:23:56+00:00,run_start,0,UNOBSERVABLE_HOST,,,b-qwen14b-1m,,96000,m2_harness_mi300x/retrieval_cost_b-qwen14b-1m.csv,2,cpu,96000,warm,3,4698.913,20260917-122356-m2-b-qwen14b-retrieval/stdout.log,52,per_request_from_stdout,True
20261010-075351-f4-rebuild,20260917-122356-m2-b-qwen14b-retrieval,20260917-122407-m2-retrieval,2026-09-17T12:23:56+00:00,run_start,0,UNOBSERVABLE_HOST,,,b-qwen14b-1m,,96000,m2_harness_mi300x/retrieval_cost_b-qwen14b-1m.csv,2,ssd,96000,cold,0,57543.329,20260917-122356-m2-b-qwen14b-retrieval/stdout.log,55,per_request_from_stdout,True
20261010-075351-f4-rebuild,20260917-122356-m2-b-qwen14b-retrieval,20260917-122407-m2-retrieval,2026-09-17T12:23:56+00:00,run_start,0,UNOBSERVABLE_HOST,,,b-qwen14b-1m,,96000,m2_harness_mi300x/retrieval_cost_b-qwen14b-1m.csv,2,ssd,96000,cold,1,58308.087,20260917-122356-m2-b-qwen14b-retrieval/stdout.log,56,per_request_from_stdout,True
20261010-075351-f4-rebuild,20260917-122356-m2-b-qwen14b-retrieval,20260917-122407-m2-retrieval,2026-09-17T12:23:56+00:00,run_start,0,UNOBSERVABLE_HOST,,,b-qwen14b-1m,,96000,m2_harness_mi300x/retrieval_cost_b-qwen14b-1m.csv,2,ssd,96000,cold,2,57631.494,20260917-122356-m2-b-qwen14b-retrieval/stdout.log,57,per_request_from_stdout,True
20261010-075351-f4-rebuild,20260917-122356-m2-b-qwen14b-retrieval,20260917-122407-m2-retrieval,2026-09-17T12:23:56+00:00,run_start,0,UNOBSERVABLE_HOST,,,b-qwen14b-1m,,96000,m2_harness_mi300x/retrieval_cost_b-qwen14b-1m.csv,2,ssd,96000,cold,3,58309.637,20260917-122356-m2-b-qwen14b-retrieval/stdout.log,58,per_request_from_stdout,True
20261010-075351-f4-rebuild,20260917-122356-m2-b-qwen14b-retrieval,20260917-122407-m2-retrieval,2026-09-17T12:23:56+00:00,run_start,0,UNOBSERVABLE_HOST,,,b-qwen14b-1m,,96000,m2_harness_mi300x/retrieval_cost_b-qwen14b-1m.csv,2,ssd,96000,warm,0,11592.863,20260917-122356-m2-b-qwen14b-retrieval/stdout.log,59,per_request_from_stdout,True
20261010-075351-f4-rebuild,20260917-122356-m2-b-qwen14b-retrieval,20260917-122407-m2-retrieval,2026-09-17T12:23:56+00:00,run_start,0,UNOBSERVABLE_HOST,,,b-qwen14b-1m,,96000,m2_harness_mi300x/retrieval_cost_b-qwen14b-1m.csv,2,ssd,96000,warm,1,8982.966,20260917-122356-m2-b-qwen14b-retrieval/stdout.log,60,per_request_from_stdout,True
20261010-075351-f4-rebuild,20260917-122356-m2-b-qwen14b-retrieval,20260917-122407-m2-retrieval,2026-09-17T12:23:56+00:00,run_start,0,UNOBSERVABLE_HOST,,,b-qwen14b-1m,,96000,m2_harness_mi300x/retrieval_cost_b-qwen14b-1m.csv,2,ssd,96000,warm,2,8879.253,20260917-122356-m2-b-qwen14b-retrieval/stdout.log,61,per_request_from_stdout,True
20261010-075351-f4-rebuild,20260917-122356-m2-b-qwen14b-retrieval,20260917-122407-m2-retrieval,2026-09-17T12:23:56+00:00,run_start,0,UNOBSERVABLE_HOST,,,b-qwen14b-1m,,96000,m2_harness_mi300x/retrieval_cost_b-qwen14b-1m.csv,2,ssd,96000,warm,3,8986.841,20260917-122356-m2-b-qwen14b-retrieval/stdout.log,62,per_request_from_stdout,True
20261010-075351-f4-rebuild,20260917-122356-m2-b-qwen14b-retrieval,20260917-122407-m2-retrieval,2026-09-17T12:23:56+00:00,run_start,0,UNOBSERVABLE_HOST,,,b-qwen14b-1m,,96000,m2_harness_mi300x/retrieval_cost_b-qwen14b-1m.csv,2,drop,96000,cold,0,24478.757,20260917-122356-m2-b-qwen14b-retrieval/stdout.log,65,per_request_from_stdout,True
20261010-075351-f4-rebuild,20260917-122356-m2-b-qwen14b-retrieval,20260917-122407-m2-retrieval,2026-09-17T12:23:56+00:00,run_start,0,UNOBSERVABLE_HOST,,,b-qwen14b-1m,,96000,m2_harness_mi300x/retrieval_cost_b-qwen14b-1m.csv,2,drop,96000,cold,1,24510.017,20260917-122356-m2-b-qwen14b-retrieval/stdout.log,66,per_request_from_stdout,True
20261010-075351-f4-rebuild,20260917-122356-m2-b-qwen14b-retrieval,20260917-122407-m2-retrieval,2026-09-17T12:23:56+00:00,run_start,0,UNOBSERVABLE_HOST,,,b-qwen14b-1m,,96000,m2_harness_mi300x/retrieval_cost_b-qwen14b-1m.csv,2,drop,96000,cold,2,24486.1,20260917-122356-m2-b-qwen14b-retrieval/stdout.log,67,per_request_from_stdout,True
20261010-075351-f4-rebuild,20260917-122356-m2-b-qwen14b-retrieval,20260917-122407-m2-retrieval,2026-09-17T12:23:56+00:00,run_start,0,UNOBSERVABLE_HOST,,,b-qwen14b-1m,,96000,m2_harness_mi300x/retrieval_cost_b-qwen14b-1m.csv,2,drop,96000,cold,3,24539.188,20260917-122356-m2-b-qwen14b-retrieval/stdout.log,68,per_request_from_stdout,True
20261010-075351-f4-rebuild,20260917-122356-m2-b-qwen14b-retrieval,20260917-122407-m2-retrieval,2026-09-17T12:23:56+00:00,run_start,0,UNOBSERVABLE_HOST,,,b-qwen14b-1m,,96000,m2_harness_mi300x/retrieval_cost_b-qwen14b-1m.csv,2,drop,96000,warm,0,24523.647,20260917-122356-m2-b-qwen14b-retrieval/stdout.log,69,per_request_from_stdout,True
20261010-075351-f4-rebuild,20260917-122356-m2-b-qwen14b-retrieval,20260917-122407-m2-retrieval,2026-09-17T12:23:56+00:00,run_start,0,UNOBSERVABLE_HOST,,,b-qwen14b-1m,,96000,m2_harness_mi300x/retrieval_cost_b-qwen14b-1m.csv,2,drop,96000,warm,1,24511.019,20260917-122356-m2-b-qwen14b-retrieval/stdout.log,70,per_request_from_stdout,True
20261010-075351-f4-rebuild,20260917-122356-m2-b-qwen14b-retrieval,20260917-122407-m2-retrieval,2026-09-17T12:23:56+00:00,run_start,0,UNOBSERVABLE_HOST,,,b-qwen14b-1m,,96000,m2_harness_mi300x/retrieval_cost_b-qwen14b-1m.csv,2,drop,96000,warm,2,24506.627,20260917-122356-m2-b-qwen14b-retrieval/stdout.log,71,per_request_from_stdout,True
20261010-075351-f4-rebuild,20260917-122356-m2-b-qwen14b-retrieval,20260917-122407-m2-retrieval,2026-09-17T12:23:56+00:00,run_start,0,UNOBSERVABLE_HOST,,,b-qwen14b-1m,,96000,m2_harness_mi300x/retrieval_cost_b-qwen14b-1m.csv,2,drop,96000,warm,3,24524.882,20260917-122356-m2-b-qwen14b-retrieval/stdout.log,72,per_request_from_stdout,True
20261010-075351-f4-rebuild,20260917-122356-m2-b-qwen14b-retrieval,20260917-122407-m2-retrieval,2026-09-17T12:23:56+00:00,run_start,0,UNOBSERVABLE_HOST,,,b-qwen14b-1m,,96000,m2_harness_mi300x/retrieval_cost_b-qwen14b-1m.csv,2,gpu_fp8,96000,cold,0,27092.559,20260917-122356-m2-b-qwen14b-retrieval/stdout.log,74,per_request_from_stdout,True
20261010-075351-f4-rebuild,20260917-122356-m2-b-qwen14b-retrieval,20260917-122407-m2-retrieval,2026-09-17T12:23:56+00:00,run_start,0,UNOBSERVABLE_HOST,,,b-qwen14b-1m,,96000,m2_harness_mi300x/retrieval_cost_b-qwen14b-1m.csv,2,gpu_fp8,96000,warm,0,817.17,20260917-122356-m2-b-qwen14b-retrieval/stdout.log,75,per_request_from_stdout,True
20261010-075351-f4-rebuild,20260917-122356-m2-b-qwen14b-retrieval,20260917-122407-m2-retrieval,2026-09-17T12:23:56+00:00,run_start,0,UNOBSERVABLE_HOST,,,b-qwen14b-1m,,96000,m2_harness_mi300x/retrieval_cost_b-qwen14b-1m.csv,2,gpu_int4,96000,cold,0,125430.348,20260917-122356-m2-b-qwen14b-retrieval/stdout.log,77,per_request_from_stdout,True
20261010-075351-f4-rebuild,20260917-122356-m2-b-qwen14b-retrieval,20260917-122407-m2-retrieval,2026-09-17T12:23:56+00:00,run_start,0,UNOBSERVABLE_HOST,,,b-qwen14b-1m,,96000,m2_harness_mi300x/retrieval_cost_b-qwen14b-1m.csv,2,gpu_int4,96000,warm,0,807.444,20260917-122356-m2-b-qwen14b-retrieval/stdout.log,78,per_request_from_stdout,True
20261010-075351-f4-rebuild,20260917-122356-m2-b-qwen14b-retrieval,20260917-122407-m2-retrieval,2026-09-17T12:23:56+00:00,run_start,0,UNOBSERVABLE_HOST,,,b-qwen14b-1m,,96000,m2_harness_mi300x/retrieval_cost_b-qwen14b-1m.csv,2,gpu_resident,96000,cold,0,25502.415,20260917-122356-m2-b-qwen14b-retrieval/stdout.log,80,per_request_from_stdout,True
20261010-075351-f4-rebuild,20260917-122356-m2-b-qwen14b-retrieval,20260917-122407-m2-retrieval,2026-09-17T12:23:56+00:00,run_start,0,UNOBSERVABLE_HOST,,,b-qwen14b-1m,,96000,m2_harness_mi300x/retrieval_cost_b-qwen14b-1m.csv,2,gpu_resident,96000,warm,0,734.465,20260917-122356-m2-b-qwen14b-retrieval/stdout.log,81,per_request_from_stdout,True
20261010-075351-f4-rebuild,20260917-122356-m2-b-qwen14b-retrieval,20260917-122407-m2-retrieval,2026-09-17T12:23:56+00:00,run_start,0,UNOBSERVABLE_HOST,,,b-qwen14b-1m,,96000,m2_harness_mi300x/retrieval_cost_b-qwen14b-1m.csv,3,ssd,96000,cold,0,57602.583,20260917-122356-m2-b-qwen14b-retrieval/stdout.log,84,per_request_from_stdout,True
20261010-075351-f4-rebuild,20260917-122356-m2-b-qwen14b-retrieval,20260917-122407-m2-retrieval,2026-09-17T12:23:56+00:00,run_start,0,UNOBSERVABLE_HOST,,,b-qwen14b-1m,,96000,m2_harness_mi300x/retrieval_cost_b-qwen14b-1m.csv,3,ssd,96000,cold,1,58358.293,20260917-122356-m2-b-qwen14b-retrieval/stdout.log,85,per_request_from_stdout,True
20261010-075351-f4-rebuild,20260917-122356-m2-b-qwen14b-retrieval,20260917-122407-m2-retrieval,2026-09-17T12:23:56+00:00,run_start,0,UNOBSERVABLE_HOST,,,b-qwen14b-1m,,96000,m2_harness_mi300x/retrieval_cost_b-qwen14b-1m.csv,3,ssd,96000,cold,2,57671.219,20260917-122356-m2-b-qwen14b-retrieval/stdout.log,86,per_request_from_stdout,True
20261010-075351-f4-rebuild,20260917-122356-m2-b-qwen14b-retrieval,20260917-122407-m2-retrieval,2026-09-17T12:23:56+00:00,run_start,0,UNOBSERVABLE_HOST,,,b-qwen14b-1m,,96000,m2_harness_mi300x/retrieval_cost_b-qwen14b-1m.csv,3,ssd,96000,cold,3,58385.782,20260917-122356-m2-b-qwen14b-retrieval/stdout.log,87,per_request_from_stdout,True
20261010-075351-f4-rebuild,20260917-122356-m2-b-qwen14b-retrieval,20260917-122407-m2-retrieval,2026-09-17T12:23:56+00:00,run_start,0,UNOBSERVABLE_HOST,,,b-qwen14b-1m,,96000,m2_harness_mi300x/retrieval_cost_b-qwen14b-1m.csv,3,ssd,96000,warm,0,11524.883,20260917-122356-m2-b-qwen14b-retrieval/stdout.log,88,per_request_from_stdout,True
20261010-075351-f4-rebuild,20260917-122356-m2-b-qwen14b-retrieval,20260917-122407-m2-retrieval,2026-09-17T12:23:56+00:00,run_start,0,UNOBSERVABLE_HOST,,,b-qwen14b-1m,,96000,m2_harness_mi300x/retrieval_cost_b-qwen14b-1m.csv,3,ssd,96000,warm,1,8694.899,20260917-122356-m2-b-qwen14b-retrieval/stdout.log,89,per_request_from_stdout,True
20261010-075351-f4-rebuild,20260917-122356-m2-b-qwen14b-retrieval,20260917-122407-m2-retrieval,2026-09-17T12:23:56+00:00,run_start,0,UNOBSERVABLE_HOST,,,b-qwen14b-1m,,96000,m2_harness_mi300x/retrieval_cost_b-qwen14b-1m.csv,3,ssd,96000,warm,2,8533.381,20260917-122356-m2-b-qwen14b-retrieval/stdout.log,90,per_request_from_stdout,True
20261010-075351-f4-rebuild,20260917-122356-m2-b-qwen14b-retrieval,20260917-122407-m2-retrieval,2026-09-17T12:23:56+00:00,run_start,0,UNOBSERVABLE_HOST,,,b-qwen14b-1m,,96000,m2_harness_mi300x/retrieval_cost_b-qwen14b-1m.csv,3,ssd,96000,warm,3,8761.352,20260917-122356-m2-b-qwen14b-retrieval/stdout.log,91,per_request_from_stdout,True
20261010-075351-f4-rebuild,20260917-122356-m2-b-qwen14b-retrieval,20260917-122407-m2-retrieval,2026-09-17T12:23:56+00:00,run_start,0,UNOBSERVABLE_HOST,,,b-qwen14b-1m,,96000,m2_harness_mi300x/retrieval_cost_b-qwen14b-1m.csv,3,drop,96000,cold,0,24521.347,20260917-122356-m2-b-qwen14b-retrieval/stdout.log,94,per_request_from_stdout,True
20261010-075351-f4-rebuild,20260917-122356-m2-b-qwen14b-retrieval,20260917-122407-m2-retrieval,2026-09-17T12:23:56+00:00,run_start,0,UNOBSERVABLE_HOST,,,b-qwen14b-1m,,96000,m2_harness_mi300x/retrieval_cost_b-qwen14b-1m.csv,3,drop,96000,cold,1,24491.269,20260917-122356-m2-b-qwen14b-retrieval/stdout.log,95,per_request_from_stdout,True
20261010-075351-f4-rebuild,20260917-122356-m2-b-qwen14b-retrieval,20260917-122407-m2-retrieval,2026-09-17T12:23:56+00:00,run_start,0,UNOBSERVABLE_HOST,,,b-qwen14b-1m,,96000,m2_harness_mi300x/retrieval_cost_b-qwen14b-1m.csv,3,drop,96000,cold,2,24491.243,20260917-122356-m2-b-qwen14b-retrieval/stdout.log,96,per_request_from_stdout,True
20261010-075351-f4-rebuild,20260917-122356-m2-b-qwen14b-retrieval,20260917-122407-m2-retrieval,2026-09-17T12:23:56+00:00,run_start,0,UNOBSERVABLE_HOST,,,b-qwen14b-1m,,96000,m2_harness_mi300x/retrieval_cost_b-qwen14b-1m.csv,3,drop,96000,cold,3,24497.881,20260917-122356-m2-b-qwen14b-retrieval/stdout.log,97,per_request_from_stdout,True
20261010-075351-f4-rebuild,20260917-122356-m2-b-qwen14b-retrieval,20260917-122407-m2-retrieval,2026-09-17T12:23:56+00:00,run_start,0,UNOBSERVABLE_HOST,,,b-qwen14b-1m,,96000,m2_harness_mi300x/retrieval_cost_b-qwen14b-1m.csv,3,drop,96000,warm,0,24492.071,20260917-122356-m2-b-qwen14b-retrieval/stdout.log,98,per_request_from_stdout,True
20261010-075351-f4-rebuild,20260917-122356-m2-b-qwen14b-retrieval,20260917-122407-m2-retrieval,2026-09-17T12:23:56+00:00,run_start,0,UNOBSERVABLE_HOST,,,b-qwen14b-1m,,96000,m2_harness_mi300x/retrieval_cost_b-qwen14b-1m.csv,3,drop,96000,warm,1,24492.021,20260917-122356-m2-b-qwen14b-retrieval/stdout.log,99,per_request_from_stdout,True
20261010-075351-f4-rebuild,20260917-122356-m2-b-qwen14b-retrieval,20260917-122407-m2-retrieval,2026-09-17T12:23:56+00:00,run_start,0,UNOBSERVABLE_HOST,,,b-qwen14b-1m,,96000,m2_harness_mi300x/retrieval_cost_b-qwen14b-1m.csv,3,drop,96000,warm,2,24510.918,20260917-122356-m2-b-qwen14b-retrieval/stdout.log,100,per_request_from_stdout,True
20261010-075351-f4-rebuild,20260917-122356-m2-b-qwen14b-retrieval,20260917-122407-m2-retrieval,2026-09-17T12:23:56+00:00,run_start,0,UNOBSERVABLE_HOST,,,b-qwen14b-1m,,96000,m2_harness_mi300x/retrieval_cost_b-qwen14b-1m.csv,3,drop,96000,warm,3,24511.52,20260917-122356-m2-b-qwen14b-retrieval/stdout.log,101,per_request_from_stdout,True
20261010-075351-f4-rebuild,20260917-122356-m2-b-qwen14b-retrieval,20260917-122407-m2-retrieval,2026-09-17T12:23:56+00:00,run_start,0,UNOBSERVABLE_HOST,,,b-qwen14b-1m,,96000,m2_harness_mi300x/retrieval_cost_b-qwen14b-1m.csv,3,gpu_fp8,96000,cold,0,27091.429,20260917-122356-m2-b-qwen14b-retrieval/stdout.log,103,per_request_from_stdout,True
20261010-075351-f4-rebuild,20260917-122356-m2-b-qwen14b-retrieval,20260917-122407-m2-retrieval,2026-09-17T12:23:56+00:00,run_start,0,UNOBSERVABLE_HOST,,,b-qwen14b-1m,,96000,m2_harness_mi300x/retrieval_cost_b-qwen14b-1m.csv,3,gpu_fp8,96000,warm,0,810.238,20260917-122356-m2-b-qwen14b-retrieval/stdout.log,104,per_request_from_stdout,True
20261010-075351-f4-rebuild,20260917-122356-m2-b-qwen14b-retrieval,20260917-122407-m2-retrieval,2026-09-17T12:23:56+00:00,run_start,0,UNOBSERVABLE_HOST,,,b-qwen14b-1m,,96000,m2_harness_mi300x/retrieval_cost_b-qwen14b-1m.csv,3,gpu_int4,96000,cold,0,125508.137,20260917-122356-m2-b-qwen14b-retrieval/stdout.log,106,per_request_from_stdout,True
20261010-075351-f4-rebuild,20260917-122356-m2-b-qwen14b-retrieval,20260917-122407-m2-retrieval,2026-09-17T12:23:56+00:00,run_start,0,UNOBSERVABLE_HOST,,,b-qwen14b-1m,,96000,m2_harness_mi300x/retrieval_cost_b-qwen14b-1m.csv,3,gpu_int4,96000,warm,0,787.251,20260917-122356-m2-b-qwen14b-retrieval/stdout.log,107,per_request_from_stdout,True
20261010-075351-f4-rebuild,20260917-122356-m2-b-qwen14b-retrieval,20260917-122407-m2-retrieval,2026-09-17T12:23:56+00:00,run_start,0,UNOBSERVABLE_HOST,,,b-qwen14b-1m,,96000,m2_harness_mi300x/retrieval_cost_b-qwen14b-1m.csv,3,gpu_resident,96000,cold,0,25466.945,20260917-122356-m2-b-qwen14b-retrieval/stdout.log,109,per_request_from_stdout,True
20261010-075351-f4-rebuild,20260917-122356-m2-b-qwen14b-retrieval,20260917-122407-m2-retrieval,2026-09-17T12:23:56+00:00,run_start,0,UNOBSERVABLE_HOST,,,b-qwen14b-1m,,96000,m2_harness_mi300x/retrieval_cost_b-qwen14b-1m.csv,3,gpu_resident,96000,warm,0,747.898,20260917-122356-m2-b-qwen14b-retrieval/stdout.log,110,per_request_from_stdout,True
20261010-075351-f4-rebuild,20260917-122356-m2-b-qwen14b-retrieval,20260917-122407-m2-retrieval,2026-09-17T12:23:56+00:00,run_start,0,UNOBSERVABLE_HOST,,,b-qwen14b-1m,,96000,m2_harness_mi300x/retrieval_cost_b-qwen14b-1m.csv,3,cpu,96000,cold,0,57489.495,20260917-122356-m2-b-qwen14b-retrieval/stdout.log,112,per_request_from_stdout,True
20261010-075351-f4-rebuild,20260917-122356-m2-b-qwen14b-retrieval,20260917-122407-m2-retrieval,2026-09-17T12:23:56+00:00,run_start,0,UNOBSERVABLE_HOST,,,b-qwen14b-1m,,96000,m2_harness_mi300x/retrieval_cost_b-qwen14b-1m.csv,3,cpu,96000,cold,1,58178.817,20260917-122356-m2-b-qwen14b-retrieval/stdout.log,113,per_request_from_stdout,True
20261010-075351-f4-rebuild,20260917-122356-m2-b-qwen14b-retrieval,20260917-122407-m2-retrieval,2026-09-17T12:23:56+00:00,run_start,0,UNOBSERVABLE_HOST,,,b-qwen14b-1m,,96000,m2_harness_mi300x/retrieval_cost_b-qwen14b-1m.csv,3,cpu,96000,cold,2,57550.739,20260917-122356-m2-b-qwen14b-retrieval/stdout.log,114,per_request_from_stdout,True
20261010-075351-f4-rebuild,20260917-122356-m2-b-qwen14b-retrieval,20260917-122407-m2-retrieval,2026-09-17T12:23:56+00:00,run_start,0,UNOBSERVABLE_HOST,,,b-qwen14b-1m,,96000,m2_harness_mi300x/retrieval_cost_b-qwen14b-1m.csv,3,cpu,96000,cold,3,58229.528,20260917-122356-m2-b-qwen14b-retrieval/stdout.log,115,per_request_from_stdout,True
20261010-075351-f4-rebuild,20260917-122356-m2-b-qwen14b-retrieval,20260917-122407-m2-retrieval,2026-09-17T12:23:56+00:00,run_start,0,UNOBSERVABLE_HOST,,,b-qwen14b-1m,,96000,m2_harness_mi300x/retrieval_cost_b-qwen14b-1m.csv,3,cpu,96000,warm,0,4811.666,20260917-122356-m2-b-qwen14b-retrieval/stdout.log,116,per_request_from_stdout,True
20261010-075351-f4-rebuild,20260917-122356-m2-b-qwen14b-retrieval,20260917-122407-m2-retrieval,2026-09-17T12:23:56+00:00,run_start,0,UNOBSERVABLE_HOST,,,b-qwen14b-1m,,96000,m2_harness_mi300x/retrieval_cost_b-qwen14b-1m.csv,3,cpu,96000,warm,1,4715.969,20260917-122356-m2-b-qwen14b-retrieval/stdout.log,117,per_request_from_stdout,True
20261010-075351-f4-rebuild,20260917-122356-m2-b-qwen14b-retrieval,20260917-122407-m2-retrieval,2026-09-17T12:23:56+00:00,run_start,0,UNOBSERVABLE_HOST,,,b-qwen14b-1m,,96000,m2_harness_mi300x/retrieval_cost_b-qwen14b-1m.csv,3,cpu,96000,warm,2,4725.163,20260917-122356-m2-b-qwen14b-retrieval/stdout.log,118,per_request_from_stdout,True
20261010-075351-f4-rebuild,20260917-122356-m2-b-qwen14b-retrieval,20260917-122407-m2-retrieval,2026-09-17T12:23:56+00:00,run_start,0,UNOBSERVABLE_HOST,,,b-qwen14b-1m,,96000,m2_harness_mi300x/retrieval_cost_b-qwen14b-1m.csv,3,cpu,96000,warm,3,4674.409,20260917-122356-m2-b-qwen14b-retrieval/stdout.log,119,per_request_from_stdout,True
20261010-075351-f4-rebuild,20260917-134355-m2-b-nemo12b-retrieval,20260917-134406-m2-retrieval,2026-09-17T13:43:55+00:00,run_start,0,UNOBSERVABLE_HOST,,,b-mistral-nemo12b,,96000,m2_harness_mi300x/retrieval_cost_b-mistral-nemo12b.csv,1,gpu_resident,96000,cold,0,17959.453,20260917-134355-m2-b-nemo12b-retrieval/stdout.log,6,per_request_from_stdout,True
20261010-075351-f4-rebuild,20260917-134355-m2-b-nemo12b-retrieval,20260917-134406-m2-retrieval,2026-09-17T13:43:55+00:00,run_start,0,UNOBSERVABLE_HOST,,,b-mistral-nemo12b,,96000,m2_harness_mi300x/retrieval_cost_b-mistral-nemo12b.csv,1,gpu_resident,96000,warm,0,163.921,20260917-134355-m2-b-nemo12b-retrieval/stdout.log,7,per_request_from_stdout,True
20261010-075351-f4-rebuild,20260917-134355-m2-b-nemo12b-retrieval,20260917-134406-m2-retrieval,2026-09-17T13:43:55+00:00,run_start,0,UNOBSERVABLE_HOST,,,b-mistral-nemo12b,,96000,m2_harness_mi300x/retrieval_cost_b-mistral-nemo12b.csv,1,cpu,96000,cold,0,37873.037,20260917-134355-m2-b-nemo12b-retrieval/stdout.log,9,per_request_from_stdout,True
20261010-075351-f4-rebuild,20260917-134355-m2-b-nemo12b-retrieval,20260917-134406-m2-retrieval,2026-09-17T13:43:55+00:00,run_start,0,UNOBSERVABLE_HOST,,,b-mistral-nemo12b,,96000,m2_harness_mi300x/retrieval_cost_b-mistral-nemo12b.csv,1,cpu,96000,cold,3,38638.397,20260917-134355-m2-b-nemo12b-retrieval/stdout.log,12,per_request_from_stdout,True
20261010-075351-f4-rebuild,20260917-134355-m2-b-nemo12b-retrieval,20260917-134406-m2-retrieval,2026-09-17T13:43:55+00:00,run_start,0,UNOBSERVABLE_HOST,,,b-mistral-nemo12b,,96000,m2_harness_mi300x/retrieval_cost_b-mistral-nemo12b.csv,1,cpu,96000,warm,0,3867.756,20260917-134355-m2-b-nemo12b-retrieval/stdout.log,13,per_request_from_stdout,True
20261010-075351-f4-rebuild,20260917-134355-m2-b-nemo12b-retrieval,20260917-134406-m2-retrieval,2026-09-17T13:43:55+00:00,run_start,0,UNOBSERVABLE_HOST,,,b-mistral-nemo12b,,96000,m2_harness_mi300x/retrieval_cost_b-mistral-nemo12b.csv,1,cpu,96000,warm,3,3744.854,20260917-134355-m2-b-nemo12b-retrieval/stdout.log,16,per_request_from_stdout,True
20261010-075351-f4-rebuild,20260917-134355-m2-b-nemo12b-retrieval,20260917-134406-m2-retrieval,2026-09-17T13:43:55+00:00,run_start,0,UNOBSERVABLE_HOST,,,b-mistral-nemo12b,,96000,m2_harness_mi300x/retrieval_cost_b-mistral-nemo12b.csv,1,ssd,96000,cold,0,37932.475,20260917-134355-m2-b-nemo12b-retrieval/stdout.log,19,per_request_from_stdout,True
20261010-075351-f4-rebuild,20260917-134355-m2-b-nemo12b-retrieval,20260917-134406-m2-retrieval,2026-09-17T13:43:55+00:00,run_start,0,UNOBSERVABLE_HOST,,,b-mistral-nemo12b,,96000,m2_harness_mi300x/retrieval_cost_b-mistral-nemo12b.csv,1,ssd,96000,cold,3,38525.988,20260917-134355-m2-b-nemo12b-retrieval/stdout.log,22,per_request_from_stdout,True
20261010-075351-f4-rebuild,20260917-134355-m2-b-nemo12b-retrieval,20260917-134406-m2-retrieval,2026-09-17T13:43:55+00:00,run_start,0,UNOBSERVABLE_HOST,,,b-mistral-nemo12b,,96000,m2_harness_mi300x/retrieval_cost_b-mistral-nemo12b.csv,1,ssd,96000,warm,0,9535.227,20260917-134355-m2-b-nemo12b-retrieval/stdout.log,23,per_request_from_stdout,True
20261010-075351-f4-rebuild,20260917-134355-m2-b-nemo12b-retrieval,20260917-134406-m2-retrieval,2026-09-17T13:43:55+00:00,run_start,0,UNOBSERVABLE_HOST,,,b-mistral-nemo12b,,96000,m2_harness_mi300x/retrieval_cost_b-mistral-nemo12b.csv,1,ssd,96000,warm,3,7194.178,20260917-134355-m2-b-nemo12b-retrieval/stdout.log,26,per_request_from_stdout,True
20261010-075351-f4-rebuild,20260917-134355-m2-b-nemo12b-retrieval,20260917-134406-m2-retrieval,2026-09-17T13:43:55+00:00,run_start,0,UNOBSERVABLE_HOST,,,b-mistral-nemo12b,,96000,m2_harness_mi300x/retrieval_cost_b-mistral-nemo12b.csv,1,drop,96000,cold,0,17235.719,20260917-134355-m2-b-nemo12b-retrieval/stdout.log,29,per_request_from_stdout,True
20261010-075351-f4-rebuild,20260917-134355-m2-b-nemo12b-retrieval,20260917-134406-m2-retrieval,2026-09-17T13:43:55+00:00,run_start,0,UNOBSERVABLE_HOST,,,b-mistral-nemo12b,,96000,m2_harness_mi300x/retrieval_cost_b-mistral-nemo12b.csv,1,drop,96000,cold,3,17265.268,20260917-134355-m2-b-nemo12b-retrieval/stdout.log,32,per_request_from_stdout,True
20261010-075351-f4-rebuild,20260917-134355-m2-b-nemo12b-retrieval,20260917-134406-m2-retrieval,2026-09-17T13:43:55+00:00,run_start,0,UNOBSERVABLE_HOST,,,b-mistral-nemo12b,,96000,m2_harness_mi300x/retrieval_cost_b-mistral-nemo12b.csv,1,drop,96000,warm,0,17271.292,20260917-134355-m2-b-nemo12b-retrieval/stdout.log,33,per_request_from_stdout,True
20261010-075351-f4-rebuild,20260917-134355-m2-b-nemo12b-retrieval,20260917-134406-m2-retrieval,2026-09-17T13:43:55+00:00,run_start,0,UNOBSERVABLE_HOST,,,b-mistral-nemo12b,,96000,m2_harness_mi300x/retrieval_cost_b-mistral-nemo12b.csv,1,drop,96000,warm,3,17266.341,20260917-134355-m2-b-nemo12b-retrieval/stdout.log,36,per_request_from_stdout,True
20261010-075351-f4-rebuild,20260917-134355-m2-b-nemo12b-retrieval,20260917-134406-m2-retrieval,2026-09-17T13:43:55+00:00,run_start,0,UNOBSERVABLE_HOST,,,b-mistral-nemo12b,,96000,m2_harness_mi300x/retrieval_cost_b-mistral-nemo12b.csv,1,gpu_fp8,96000,cold,0,18935.822,20260917-134355-m2-b-nemo12b-retrieval/stdout.log,38,per_request_from_stdout,True
20261010-075351-f4-rebuild,20260917-134355-m2-b-nemo12b-retrieval,20260917-134406-m2-retrieval,2026-09-17T13:43:55+00:00,run_start,0,UNOBSERVABLE_HOST,,,b-mistral-nemo12b,,96000,m2_harness_mi300x/retrieval_cost_b-mistral-nemo12b.csv,1,gpu_fp8,96000,warm,0,154.451,20260917-134355-m2-b-nemo12b-retrieval/stdout.log,39,per_request_from_stdout,True
20261010-075351-f4-rebuild,20260917-134355-m2-b-nemo12b-retrieval,20260917-134406-m2-retrieval,2026-09-17T13:43:55+00:00,run_start,0,UNOBSERVABLE_HOST,,,b-mistral-nemo12b,,96000,m2_harness_mi300x/retrieval_cost_b-mistral-nemo12b.csv,1,gpu_int4,96000,cold,0,79917.732,20260917-134355-m2-b-nemo12b-retrieval/stdout.log,41,per_request_from_stdout,True
20261010-075351-f4-rebuild,20260917-134355-m2-b-nemo12b-retrieval,20260917-134406-m2-retrieval,2026-09-17T13:43:55+00:00,run_start,0,UNOBSERVABLE_HOST,,,b-mistral-nemo12b,,96000,m2_harness_mi300x/retrieval_cost_b-mistral-nemo12b.csv,2,cpu,96000,cold,0,37853.795,20260917-134355-m2-b-nemo12b-retrieval/stdout.log,45,per_request_from_stdout,True
20261010-075351-f4-rebuild,20260917-134355-m2-b-nemo12b-retrieval,20260917-134406-m2-retrieval,2026-09-17T13:43:55+00:00,run_start,0,UNOBSERVABLE_HOST,,,b-mistral-nemo12b,,96000,m2_harness_mi300x/retrieval_cost_b-mistral-nemo12b.csv,2,cpu,96000,cold,3,38566.296,20260917-134355-m2-b-nemo12b-retrieval/stdout.log,48,per_request_from_stdout,True
20261010-075351-f4-rebuild,20260917-134355-m2-b-nemo12b-retrieval,20260917-134406-m2-retrieval,2026-09-17T13:43:55+00:00,run_start,0,UNOBSERVABLE_HOST,,,b-mistral-nemo12b,,96000,m2_harness_mi300x/retrieval_cost_b-mistral-nemo12b.csv,2,cpu,96000,warm,0,3822.316,20260917-134355-m2-b-nemo12b-retrieval/stdout.log,49,per_request_from_stdout,True
20261010-075351-f4-rebuild,20260917-134355-m2-b-nemo12b-retrieval,20260917-134406-m2-retrieval,2026-09-17T13:43:55+00:00,run_start,0,UNOBSERVABLE_HOST,,,b-mistral-nemo12b,,96000,m2_harness_mi300x/retrieval_cost_b-mistral-nemo12b.csv,2,cpu,96000,warm,3,3762.765,20260917-134355-m2-b-nemo12b-retrieval/stdout.log,52,per_request_from_stdout,True
20261010-075351-f4-rebuild,20260917-134355-m2-b-nemo12b-retrieval,20260917-134406-m2-retrieval,2026-09-17T13:43:55+00:00,run_start,0,UNOBSERVABLE_HOST,,,b-mistral-nemo12b,,96000,m2_harness_mi300x/retrieval_cost_b-mistral-nemo12b.csv,2,ssd,96000,cold,0,37912.865,20260917-134355-m2-b-nemo12b-retrieval/stdout.log,55,per_request_from_stdout,True
20261010-075351-f4-rebuild,20260917-134355-m2-b-nemo12b-retrieval,20260917-134406-m2-retrieval,2026-09-17T13:43:55+00:00,run_start,0,UNOBSERVABLE_HOST,,,b-mistral-nemo12b,,96000,m2_harness_mi300x/retrieval_cost_b-mistral-nemo12b.csv,2,ssd,96000,cold,3,38538.103,20260917-134355-m2-b-nemo12b-retrieval/stdout.log,58,per_request_from_stdout,True
20261010-075351-f4-rebuild,20260917-134355-m2-b-nemo12b-retrieval,20260917-134406-m2-retrieval,2026-09-17T13:43:55+00:00,run_start,0,UNOBSERVABLE_HOST,,,b-mistral-nemo12b,,96000,m2_harness_mi300x/retrieval_cost_b-mistral-nemo12b.csv,2,ssd,96000,warm,0,9408.769,20260917-134355-m2-b-nemo12b-retrieval/stdout.log,59,per_request_from_stdout,True
20261010-075351-f4-rebuild,20260917-134355-m2-b-nemo12b-retrieval,20260917-134406-m2-retrieval,2026-09-17T13:43:55+00:00,run_start,0,UNOBSERVABLE_HOST,,,b-mistral-nemo12b,,96000,m2_harness_mi300x/retrieval_cost_b-mistral-nemo12b.csv,2,ssd,96000,warm,3,7128.833,20260917-134355-m2-b-nemo12b-retrieval/stdout.log,62,per_request_from_stdout,True
20261010-075351-f4-rebuild,20260917-134355-m2-b-nemo12b-retrieval,20260917-134406-m2-retrieval,2026-09-17T13:43:55+00:00,run_start,0,UNOBSERVABLE_HOST,,,b-mistral-nemo12b,,96000,m2_harness_mi300x/retrieval_cost_b-mistral-nemo12b.csv,2,drop,96000,cold,0,17260.58,20260917-134355-m2-b-nemo12b-retrieval/stdout.log,65,per_request_from_stdout,True
20261010-075351-f4-rebuild,20260917-134355-m2-b-nemo12b-retrieval,20260917-134406-m2-retrieval,2026-09-17T13:43:55+00:00,run_start,0,UNOBSERVABLE_HOST,,,b-mistral-nemo12b,,96000,m2_harness_mi300x/retrieval_cost_b-mistral-nemo12b.csv,2,drop,96000,cold,3,17271.416,20260917-134355-m2-b-nemo12b-retrieval/stdout.log,68,per_request_from_stdout,True
20261010-075351-f4-rebuild,20260917-134355-m2-b-nemo12b-retrieval,20260917-134406-m2-retrieval,2026-09-17T13:43:55+00:00,run_start,0,UNOBSERVABLE_HOST,,,b-mistral-nemo12b,,96000,m2_harness_mi300x/retrieval_cost_b-mistral-nemo12b.csv,2,drop,96000,warm,0,17314.99,20260917-134355-m2-b-nemo12b-retrieval/stdout.log,69,per_request_from_stdout,True
20261010-075351-f4-rebuild,20260917-134355-m2-b-nemo12b-retrieval,20260917-134406-m2-retrieval,2026-09-17T13:43:55+00:00,run_start,0,UNOBSERVABLE_HOST,,,b-mistral-nemo12b,,96000,m2_harness_mi300x/retrieval_cost_b-mistral-nemo12b.csv,2,drop,96000,warm,3,17299.009,20260917-134355-m2-b-nemo12b-retrieval/stdout.log,72,per_request_from_stdout,True
20261010-075351-f4-rebuild,20260917-134355-m2-b-nemo12b-retrieval,20260917-134406-m2-retrieval,2026-09-17T13:43:55+00:00,run_start,0,UNOBSERVABLE_HOST,,,b-mistral-nemo12b,,96000,m2_harness_mi300x/retrieval_cost_b-mistral-nemo12b.csv,2,gpu_fp8,96000,cold,0,18925.67,20260917-134355-m2-b-nemo12b-retrieval/stdout.log,74,per_request_from_stdout,True
20261010-075351-f4-rebuild,20260917-134355-m2-b-nemo12b-retrieval,20260917-134406-m2-retrieval,2026-09-17T13:43:55+00:00,run_start,0,UNOBSERVABLE_HOST,,,b-mistral-nemo12b,,96000,m2_harness_mi300x/retrieval_cost_b-mistral-nemo12b.csv,2,gpu_fp8,96000,warm,0,144.884,20260917-134355-m2-b-nemo12b-retrieval/stdout.log,75,per_request_from_stdout,True
20261010-075351-f4-rebuild,20260917-134355-m2-b-nemo12b-retrieval,20260917-134406-m2-retrieval,2026-09-17T13:43:55+00:00,run_start,0,UNOBSERVABLE_HOST,,,b-mistral-nemo12b,,96000,m2_harness_mi300x/retrieval_cost_b-mistral-nemo12b.csv,2,gpu_int4,96000,cold,0,79997.467,20260917-134355-m2-b-nemo12b-retrieval/stdout.log,77,per_request_from_stdout,True
20261010-075351-f4-rebuild,20260917-134355-m2-b-nemo12b-retrieval,20260917-134406-m2-retrieval,2026-09-17T13:43:55+00:00,run_start,0,UNOBSERVABLE_HOST,,,b-mistral-nemo12b,,96000,m2_harness_mi300x/retrieval_cost_b-mistral-nemo12b.csv,2,gpu_resident,96000,cold,0,17957.312,20260917-134355-m2-b-nemo12b-retrieval/stdout.log,80,per_request_from_stdout,True
20261010-075351-f4-rebuild,20260917-134355-m2-b-nemo12b-retrieval,20260917-134406-m2-retrieval,2026-09-17T13:43:55+00:00,run_start,0,UNOBSERVABLE_HOST,,,b-mistral-nemo12b,,96000,m2_harness_mi300x/retrieval_cost_b-mistral-nemo12b.csv,2,gpu_resident,96000,warm,0,129.867,20260917-134355-m2-b-nemo12b-retrieval/stdout.log,81,per_request_from_stdout,True
20261010-075351-f4-rebuild,20260917-134355-m2-b-nemo12b-retrieval,20260917-134406-m2-retrieval,2026-09-17T13:43:55+00:00,run_start,0,UNOBSERVABLE_HOST,,,b-mistral-nemo12b,,96000,m2_harness_mi300x/retrieval_cost_b-mistral-nemo12b.csv,3,ssd,96000,cold,0,37909.73,20260917-134355-m2-b-nemo12b-retrieval/stdout.log,84,per_request_from_stdout,True
20261010-075351-f4-rebuild,20260917-134355-m2-b-nemo12b-retrieval,20260917-134406-m2-retrieval,2026-09-17T13:43:55+00:00,run_start,0,UNOBSERVABLE_HOST,,,b-mistral-nemo12b,,96000,m2_harness_mi300x/retrieval_cost_b-mistral-nemo12b.csv,3,ssd,96000,cold,3,38585.8,20260917-134355-m2-b-nemo12b-retrieval/stdout.log,87,per_request_from_stdout,True
20261010-075351-f4-rebuild,20260917-134355-m2-b-nemo12b-retrieval,20260917-134406-m2-retrieval,2026-09-17T13:43:55+00:00,run_start,0,UNOBSERVABLE_HOST,,,b-mistral-nemo12b,,96000,m2_harness_mi300x/retrieval_cost_b-mistral-nemo12b.csv,3,ssd,96000,warm,0,9722.714,20260917-134355-m2-b-nemo12b-retrieval/stdout.log,88,per_request_from_stdout,True
20261010-075351-f4-rebuild,20260917-134355-m2-b-nemo12b-retrieval,20260917-134406-m2-retrieval,2026-09-17T13:43:55+00:00,run_start,0,UNOBSERVABLE_HOST,,,b-mistral-nemo12b,,96000,m2_harness_mi300x/retrieval_cost_b-mistral-nemo12b.csv,3,ssd,96000,warm,3,7118.784,20260917-134355-m2-b-nemo12b-retrieval/stdout.log,91,per_request_from_stdout,True
20261010-075351-f4-rebuild,20260917-134355-m2-b-nemo12b-retrieval,20260917-134406-m2-retrieval,2026-09-17T13:43:55+00:00,run_start,0,UNOBSERVABLE_HOST,,,b-mistral-nemo12b,,96000,m2_harness_mi300x/retrieval_cost_b-mistral-nemo12b.csv,3,drop,96000,cold,0,17218.26,20260917-134355-m2-b-nemo12b-retrieval/stdout.log,94,per_request_from_stdout,True
20261010-075351-f4-rebuild,20260917-134355-m2-b-nemo12b-retrieval,20260917-134406-m2-retrieval,2026-09-17T13:43:55+00:00,run_start,0,UNOBSERVABLE_HOST,,,b-mistral-nemo12b,,96000,m2_harness_mi300x/retrieval_cost_b-mistral-nemo12b.csv,3,drop,96000,cold,3,17251.833,20260917-134355-m2-b-nemo12b-retrieval/stdout.log,97,per_request_from_stdout,True
20261010-075351-f4-rebuild,20260917-134355-m2-b-nemo12b-retrieval,20260917-134406-m2-retrieval,2026-09-17T13:43:55+00:00,run_start,0,UNOBSERVABLE_HOST,,,b-mistral-nemo12b,,96000,m2_harness_mi300x/retrieval_cost_b-mistral-nemo12b.csv,3,drop,96000,warm,0,17262.975,20260917-134355-m2-b-nemo12b-retrieval/stdout.log,98,per_request_from_stdout,True
20261010-075351-f4-rebuild,20260917-134355-m2-b-nemo12b-retrieval,20260917-134406-m2-retrieval,2026-09-17T13:43:55+00:00,run_start,0,UNOBSERVABLE_HOST,,,b-mistral-nemo12b,,96000,m2_harness_mi300x/retrieval_cost_b-mistral-nemo12b.csv,3,drop,96000,warm,3,17245.275,20260917-134355-m2-b-nemo12b-retrieval/stdout.log,101,per_request_from_stdout,True
20261010-075351-f4-rebuild,20260917-134355-m2-b-nemo12b-retrieval,20260917-134406-m2-retrieval,2026-09-17T13:43:55+00:00,run_start,0,UNOBSERVABLE_HOST,,,b-mistral-nemo12b,,96000,m2_harness_mi300x/retrieval_cost_b-mistral-nemo12b.csv,3,gpu_fp8,96000,cold,0,18901.343,20260917-134355-m2-b-nemo12b-retrieval/stdout.log,103,per_request_from_stdout,True
20261010-075351-f4-rebuild,20260917-134355-m2-b-nemo12b-retrieval,20260917-134406-m2-retrieval,2026-09-17T13:43:55+00:00,run_start,0,UNOBSERVABLE_HOST,,,b-mistral-nemo12b,,96000,m2_harness_mi300x/retrieval_cost_b-mistral-nemo12b.csv,3,gpu_fp8,96000,warm,0,144.351,20260917-134355-m2-b-nemo12b-retrieval/stdout.log,104,per_request_from_stdout,True
20261010-075351-f4-rebuild,20260917-134355-m2-b-nemo12b-retrieval,20260917-134406-m2-retrieval,2026-09-17T13:43:55+00:00,run_start,0,UNOBSERVABLE_HOST,,,b-mistral-nemo12b,,96000,m2_harness_mi300x/retrieval_cost_b-mistral-nemo12b.csv,3,gpu_int4,96000,cold,0,79971.981,20260917-134355-m2-b-nemo12b-retrieval/stdout.log,106,per_request_from_stdout,True
20261010-075351-f4-rebuild,20260917-134355-m2-b-nemo12b-retrieval,20260917-134406-m2-retrieval,2026-09-17T13:43:55+00:00,run_start,0,UNOBSERVABLE_HOST,,,b-mistral-nemo12b,,96000,m2_harness_mi300x/retrieval_cost_b-mistral-nemo12b.csv,3,gpu_resident,96000,cold,0,17992.218,20260917-134355-m2-b-nemo12b-retrieval/stdout.log,109,per_request_from_stdout,True
20261010-075351-f4-rebuild,20260917-134355-m2-b-nemo12b-retrieval,20260917-134406-m2-retrieval,2026-09-17T13:43:55+00:00,run_start,0,UNOBSERVABLE_HOST,,,b-mistral-nemo12b,,96000,m2_harness_mi300x/retrieval_cost_b-mistral-nemo12b.csv,3,gpu_resident,96000,warm,0,135.933,20260917-134355-m2-b-nemo12b-retrieval/stdout.log,110,per_request_from_stdout,True
20261010-075351-f4-rebuild,20260917-134355-m2-b-nemo12b-retrieval,20260917-134406-m2-retrieval,2026-09-17T13:43:55+00:00,run_start,0,UNOBSERVABLE_HOST,,,b-mistral-nemo12b,,96000,m2_harness_mi300x/retrieval_cost_b-mistral-nemo12b.csv,3,cpu,96000,cold,0,37891.006,20260917-134355-m2-b-nemo12b-retrieval/stdout.log,112,per_request_from_stdout,True
20261010-075351-f4-rebuild,20260917-134355-m2-b-nemo12b-retrieval,20260917-134406-m2-retrieval,2026-09-17T13:43:55+00:00,run_start,0,UNOBSERVABLE_HOST,,,b-mistral-nemo12b,,96000,m2_harness_mi300x/retrieval_cost_b-mistral-nemo12b.csv,3,cpu,96000,cold,3,38486.665,20260917-134355-m2-b-nemo12b-retrieval/stdout.log,115,per_request_from_stdout,True
20261010-075351-f4-rebuild,20260917-134355-m2-b-nemo12b-retrieval,20260917-134406-m2-retrieval,2026-09-17T13:43:55+00:00,run_start,0,UNOBSERVABLE_HOST,,,b-mistral-nemo12b,,96000,m2_harness_mi300x/retrieval_cost_b-mistral-nemo12b.csv,3,cpu,96000,warm,0,3853.214,20260917-134355-m2-b-nemo12b-retrieval/stdout.log,116,per_request_from_stdout,True
20261010-075351-f4-rebuild,20260917-134355-m2-b-nemo12b-retrieval,20260917-134406-m2-retrieval,2026-09-17T13:43:55+00:00,run_start,0,UNOBSERVABLE_HOST,,,b-mistral-nemo12b,,96000,m2_harness_mi300x/retrieval_cost_b-mistral-nemo12b.csv,3,cpu,96000,warm,3,3697.883,20260917-134355-m2-b-nemo12b-retrieval/stdout.log,119,per_request_from_stdout,True
20261010-075351-f4-rebuild,20260917-150453-m2-ultralong-retrieval,20260917-150505-m2-retrieval,2026-09-17T15:04:53+00:00,run_start,0,UNOBSERVABLE_HOST,,,b-ultralong8b-1m,,96000,m2_harness_mi300x/retrieval_cost_b-ultralong8b-1m.csv,1,gpu_resident,96000,cold,0,14030.671,20260917-150453-m2-ultralong-retrieval/stdout.log,6,per_request_from_stdout,True
20261010-075351-f4-rebuild,20260917-150453-m2-ultralong-retrieval,20260917-150505-m2-retrieval,2026-09-17T15:04:53+00:00,run_start,0,UNOBSERVABLE_HOST,,,b-ultralong8b-1m,,96000,m2_harness_mi300x/retrieval_cost_b-ultralong8b-1m.csv,1,gpu_resident,96000,warm,0,316.495,20260917-150453-m2-ultralong-retrieval/stdout.log,7,per_request_from_stdout,True
20261010-075351-f4-rebuild,20260917-150453-m2-ultralong-retrieval,20260917-150505-m2-retrieval,2026-09-17T15:04:53+00:00,run_start,0,UNOBSERVABLE_HOST,,,b-ultralong8b-1m,,96000,m2_harness_mi300x/retrieval_cost_b-ultralong8b-1m.csv,1,cpu,96000,cold,0,30028.108,20260917-150453-m2-ultralong-retrieval/stdout.log,9,per_request_from_stdout,True
20261010-075351-f4-rebuild,20260917-150453-m2-ultralong-retrieval,20260917-150505-m2-retrieval,2026-09-17T15:04:53+00:00,run_start,0,UNOBSERVABLE_HOST,,,b-ultralong8b-1m,,96000,m2_harness_mi300x/retrieval_cost_b-ultralong8b-1m.csv,1,cpu,96000,cold,1,30500.867,20260917-150453-m2-ultralong-retrieval/stdout.log,10,per_request_from_stdout,True
20261010-075351-f4-rebuild,20260917-150453-m2-ultralong-retrieval,20260917-150505-m2-retrieval,2026-09-17T15:04:53+00:00,run_start,0,UNOBSERVABLE_HOST,,,b-ultralong8b-1m,,96000,m2_harness_mi300x/retrieval_cost_b-ultralong8b-1m.csv,1,cpu,96000,cold,2,30028.509,20260917-150453-m2-ultralong-retrieval/stdout.log,11,per_request_from_stdout,True
20261010-075351-f4-rebuild,20260917-150453-m2-ultralong-retrieval,20260917-150505-m2-retrieval,2026-09-17T15:04:53+00:00,run_start,0,UNOBSERVABLE_HOST,,,b-ultralong8b-1m,,96000,m2_harness_mi300x/retrieval_cost_b-ultralong8b-1m.csv,1,cpu,96000,cold,3,30458.847,20260917-150453-m2-ultralong-retrieval/stdout.log,12,per_request_from_stdout,True
20261010-075351-f4-rebuild,20260917-150453-m2-ultralong-retrieval,20260917-150505-m2-retrieval,2026-09-17T15:04:53+00:00,run_start,0,UNOBSERVABLE_HOST,,,b-ultralong8b-1m,,96000,m2_harness_mi300x/retrieval_cost_b-ultralong8b-1m.csv,1,cpu,96000,warm,0,3237.142,20260917-150453-m2-ultralong-retrieval/stdout.log,13,per_request_from_stdout,True
20261010-075351-f4-rebuild,20260917-150453-m2-ultralong-retrieval,20260917-150505-m2-retrieval,2026-09-17T15:04:53+00:00,run_start,0,UNOBSERVABLE_HOST,,,b-ultralong8b-1m,,96000,m2_harness_mi300x/retrieval_cost_b-ultralong8b-1m.csv,1,cpu,96000,warm,1,3227.137,20260917-150453-m2-ultralong-retrieval/stdout.log,14,per_request_from_stdout,True
20261010-075351-f4-rebuild,20260917-150453-m2-ultralong-retrieval,20260917-150505-m2-retrieval,2026-09-17T15:04:53+00:00,run_start,0,UNOBSERVABLE_HOST,,,b-ultralong8b-1m,,96000,m2_harness_mi300x/retrieval_cost_b-ultralong8b-1m.csv,1,cpu,96000,warm,2,3207.421,20260917-150453-m2-ultralong-retrieval/stdout.log,15,per_request_from_stdout,True
20261010-075351-f4-rebuild,20260917-150453-m2-ultralong-retrieval,20260917-150505-m2-retrieval,2026-09-17T15:04:53+00:00,run_start,0,UNOBSERVABLE_HOST,,,b-ultralong8b-1m,,96000,m2_harness_mi300x/retrieval_cost_b-ultralong8b-1m.csv,1,cpu,96000,warm,3,3233.244,20260917-150453-m2-ultralong-retrieval/stdout.log,16,per_request_from_stdout,True
20261010-075351-f4-rebuild,20260917-150453-m2-ultralong-retrieval,20260917-150505-m2-retrieval,2026-09-17T15:04:53+00:00,run_start,0,UNOBSERVABLE_HOST,,,b-ultralong8b-1m,,96000,m2_harness_mi300x/retrieval_cost_b-ultralong8b-1m.csv,1,ssd,96000,cold,0,30083.814,20260917-150453-m2-ultralong-retrieval/stdout.log,19,per_request_from_stdout,True
20261010-075351-f4-rebuild,20260917-150453-m2-ultralong-retrieval,20260917-150505-m2-retrieval,2026-09-17T15:04:53+00:00,run_start,0,UNOBSERVABLE_HOST,,,b-ultralong8b-1m,,96000,m2_harness_mi300x/retrieval_cost_b-ultralong8b-1m.csv,1,ssd,96000,cold,1,30603.756,20260917-150453-m2-ultralong-retrieval/stdout.log,20,per_request_from_stdout,True
20261010-075351-f4-rebuild,20260917-150453-m2-ultralong-retrieval,20260917-150505-m2-retrieval,2026-09-17T15:04:53+00:00,run_start,0,UNOBSERVABLE_HOST,,,b-ultralong8b-1m,,96000,m2_harness_mi300x/retrieval_cost_b-ultralong8b-1m.csv,1,ssd,96000,cold,2,30156.587,20260917-150453-m2-ultralong-retrieval/stdout.log,21,per_request_from_stdout,True
20261010-075351-f4-rebuild,20260917-150453-m2-ultralong-retrieval,20260917-150505-m2-retrieval,2026-09-17T15:04:53+00:00,run_start,0,UNOBSERVABLE_HOST,,,b-ultralong8b-1m,,96000,m2_harness_mi300x/retrieval_cost_b-ultralong8b-1m.csv,1,ssd,96000,cold,3,30575.437,20260917-150453-m2-ultralong-retrieval/stdout.log,22,per_request_from_stdout,True
20261010-075351-f4-rebuild,20260917-150453-m2-ultralong-retrieval,20260917-150505-m2-retrieval,2026-09-17T15:04:53+00:00,run_start,0,UNOBSERVABLE_HOST,,,b-ultralong8b-1m,,96000,m2_harness_mi300x/retrieval_cost_b-ultralong8b-1m.csv,1,ssd,96000,warm,0,8000.871,20260917-150453-m2-ultralong-retrieval/stdout.log,23,per_request_from_stdout,True
20261010-075351-f4-rebuild,20260917-150453-m2-ultralong-retrieval,20260917-150505-m2-retrieval,2026-09-17T15:04:53+00:00,run_start,0,UNOBSERVABLE_HOST,,,b-ultralong8b-1m,,96000,m2_harness_mi300x/retrieval_cost_b-ultralong8b-1m.csv,1,ssd,96000,warm,1,6492.633,20260917-150453-m2-ultralong-retrieval/stdout.log,24,per_request_from_stdout,True
20261010-075351-f4-rebuild,20260917-150453-m2-ultralong-retrieval,20260917-150505-m2-retrieval,2026-09-17T15:04:53+00:00,run_start,0,UNOBSERVABLE_HOST,,,b-ultralong8b-1m,,96000,m2_harness_mi300x/retrieval_cost_b-ultralong8b-1m.csv,1,ssd,96000,warm,2,6440.435,20260917-150453-m2-ultralong-retrieval/stdout.log,25,per_request_from_stdout,True
20261010-075351-f4-rebuild,20260917-150453-m2-ultralong-retrieval,20260917-150505-m2-retrieval,2026-09-17T15:04:53+00:00,run_start,0,UNOBSERVABLE_HOST,,,b-ultralong8b-1m,,96000,m2_harness_mi300x/retrieval_cost_b-ultralong8b-1m.csv,1,ssd,96000,warm,3,6463.63,20260917-150453-m2-ultralong-retrieval/stdout.log,26,per_request_from_stdout,True
20261010-075351-f4-rebuild,20260917-150453-m2-ultralong-retrieval,20260917-150505-m2-retrieval,2026-09-17T15:04:53+00:00,run_start,0,UNOBSERVABLE_HOST,,,b-ultralong8b-1m,,96000,m2_harness_mi300x/retrieval_cost_b-ultralong8b-1m.csv,1,drop,96000,cold,0,13491.157,20260917-150453-m2-ultralong-retrieval/stdout.log,29,per_request_from_stdout,True
20261010-075351-f4-rebuild,20260917-150453-m2-ultralong-retrieval,20260917-150505-m2-retrieval,2026-09-17T15:04:53+00:00,run_start,0,UNOBSERVABLE_HOST,,,b-ultralong8b-1m,,96000,m2_harness_mi300x/retrieval_cost_b-ultralong8b-1m.csv,1,drop,96000,cold,1,13456.186,20260917-150453-m2-ultralong-retrieval/stdout.log,30,per_request_from_stdout,True
20261010-075351-f4-rebuild,20260917-150453-m2-ultralong-retrieval,20260917-150505-m2-retrieval,2026-09-17T15:04:53+00:00,run_start,0,UNOBSERVABLE_HOST,,,b-ultralong8b-1m,,96000,m2_harness_mi300x/retrieval_cost_b-ultralong8b-1m.csv,1,drop,96000,cold,2,13454.681,20260917-150453-m2-ultralong-retrieval/stdout.log,31,per_request_from_stdout,True
20261010-075351-f4-rebuild,20260917-150453-m2-ultralong-retrieval,20260917-150505-m2-retrieval,2026-09-17T15:04:53+00:00,run_start,0,UNOBSERVABLE_HOST,,,b-ultralong8b-1m,,96000,m2_harness_mi300x/retrieval_cost_b-ultralong8b-1m.csv,1,drop,96000,cold,3,13500.133,20260917-150453-m2-ultralong-retrieval/stdout.log,32,per_request_from_stdout,True
20261010-075351-f4-rebuild,20260917-150453-m2-ultralong-retrieval,20260917-150505-m2-retrieval,2026-09-17T15:04:53+00:00,run_start,0,UNOBSERVABLE_HOST,,,b-ultralong8b-1m,,96000,m2_harness_mi300x/retrieval_cost_b-ultralong8b-1m.csv,1,drop,96000,warm,0,13445.231,20260917-150453-m2-ultralong-retrieval/stdout.log,33,per_request_from_stdout,True
20261010-075351-f4-rebuild,20260917-150453-m2-ultralong-retrieval,20260917-150505-m2-retrieval,2026-09-17T15:04:53+00:00,run_start,0,UNOBSERVABLE_HOST,,,b-ultralong8b-1m,,96000,m2_harness_mi300x/retrieval_cost_b-ultralong8b-1m.csv,1,drop,96000,warm,1,13469.066,20260917-150453-m2-ultralong-retrieval/stdout.log,34,per_request_from_stdout,True
20261010-075351-f4-rebuild,20260917-150453-m2-ultralong-retrieval,20260917-150505-m2-retrieval,2026-09-17T15:04:53+00:00,run_start,0,UNOBSERVABLE_HOST,,,b-ultralong8b-1m,,96000,m2_harness_mi300x/retrieval_cost_b-ultralong8b-1m.csv,1,drop,96000,warm,2,13476.293,20260917-150453-m2-ultralong-retrieval/stdout.log,35,per_request_from_stdout,True
20261010-075351-f4-rebuild,20260917-150453-m2-ultralong-retrieval,20260917-150505-m2-retrieval,2026-09-17T15:04:53+00:00,run_start,0,UNOBSERVABLE_HOST,,,b-ultralong8b-1m,,96000,m2_harness_mi300x/retrieval_cost_b-ultralong8b-1m.csv,1,drop,96000,warm,3,13475.454,20260917-150453-m2-ultralong-retrieval/stdout.log,36,per_request_from_stdout,True
20261010-075351-f4-rebuild,20260917-150453-m2-ultralong-retrieval,20260917-150505-m2-retrieval,2026-09-17T15:04:53+00:00,run_start,0,UNOBSERVABLE_HOST,,,b-ultralong8b-1m,,96000,m2_harness_mi300x/retrieval_cost_b-ultralong8b-1m.csv,1,gpu_fp8,96000,cold,0,14802.022,20260917-150453-m2-ultralong-retrieval/stdout.log,38,per_request_from_stdout,True
20261010-075351-f4-rebuild,20260917-150453-m2-ultralong-retrieval,20260917-150505-m2-retrieval,2026-09-17T15:04:53+00:00,run_start,0,UNOBSERVABLE_HOST,,,b-ultralong8b-1m,,96000,m2_harness_mi300x/retrieval_cost_b-ultralong8b-1m.csv,1,gpu_fp8,96000,warm,0,339.037,20260917-150453-m2-ultralong-retrieval/stdout.log,39,per_request_from_stdout,True
20261010-075351-f4-rebuild,20260917-150453-m2-ultralong-retrieval,20260917-150505-m2-retrieval,2026-09-17T15:04:53+00:00,run_start,0,UNOBSERVABLE_HOST,,,b-ultralong8b-1m,,96000,m2_harness_mi300x/retrieval_cost_b-ultralong8b-1m.csv,1,gpu_int4,96000,cold,0,63683.762,20260917-150453-m2-ultralong-retrieval/stdout.log,41,per_request_from_stdout,True
20261010-075351-f4-rebuild,20260917-150453-m2-ultralong-retrieval,20260917-150505-m2-retrieval,2026-09-17T15:04:53+00:00,run_start,0,UNOBSERVABLE_HOST,,,b-ultralong8b-1m,,96000,m2_harness_mi300x/retrieval_cost_b-ultralong8b-1m.csv,1,gpu_int4,96000,warm,0,327.523,20260917-150453-m2-ultralong-retrieval/stdout.log,42,per_request_from_stdout,True
20261010-075351-f4-rebuild,20260917-150453-m2-ultralong-retrieval,20260917-150505-m2-retrieval,2026-09-17T15:04:53+00:00,run_start,0,UNOBSERVABLE_HOST,,,b-ultralong8b-1m,,96000,m2_harness_mi300x/retrieval_cost_b-ultralong8b-1m.csv,2,cpu,96000,cold,0,30015.511,20260917-150453-m2-ultralong-retrieval/stdout.log,45,per_request_from_stdout,True
20261010-075351-f4-rebuild,20260917-150453-m2-ultralong-retrieval,20260917-150505-m2-retrieval,2026-09-17T15:04:53+00:00,run_start,0,UNOBSERVABLE_HOST,,,b-ultralong8b-1m,,96000,m2_harness_mi300x/retrieval_cost_b-ultralong8b-1m.csv,2,cpu,96000,cold,1,30418.933,20260917-150453-m2-ultralong-retrieval/stdout.log,46,per_request_from_stdout,True
20261010-075351-f4-rebuild,20260917-150453-m2-ultralong-retrieval,20260917-150505-m2-retrieval,2026-09-17T15:04:53+00:00,run_start,0,UNOBSERVABLE_HOST,,,b-ultralong8b-1m,,96000,m2_harness_mi300x/retrieval_cost_b-ultralong8b-1m.csv,2,cpu,96000,cold,2,29958.594,20260917-150453-m2-ultralong-retrieval/stdout.log,47,per_request_from_stdout,True
20261010-075351-f4-rebuild,20260917-150453-m2-ultralong-retrieval,20260917-150505-m2-retrieval,2026-09-17T15:04:53+00:00,run_start,0,UNOBSERVABLE_HOST,,,b-ultralong8b-1m,,96000,m2_harness_mi300x/retrieval_cost_b-ultralong8b-1m.csv,2,cpu,96000,cold,3,30407.434,20260917-150453-m2-ultralong-retrieval/stdout.log,48,per_request_from_stdout,True
20261010-075351-f4-rebuild,20260917-150453-m2-ultralong-retrieval,20260917-150505-m2-retrieval,2026-09-17T15:04:53+00:00,run_start,0,UNOBSERVABLE_HOST,,,b-ultralong8b-1m,,96000,m2_harness_mi300x/retrieval_cost_b-ultralong8b-1m.csv,2,cpu,96000,warm,0,3168.915,20260917-150453-m2-ultralong-retrieval/stdout.log,49,per_request_from_stdout,True
20261010-075351-f4-rebuild,20260917-150453-m2-ultralong-retrieval,20260917-150505-m2-retrieval,2026-09-17T15:04:53+00:00,run_start,0,UNOBSERVABLE_HOST,,,b-ultralong8b-1m,,96000,m2_harness_mi300x/retrieval_cost_b-ultralong8b-1m.csv,2,cpu,96000,warm,1,3193.789,20260917-150453-m2-ultralong-retrieval/stdout.log,50,per_request_from_stdout,True
20261010-075351-f4-rebuild,20260917-150453-m2-ultralong-retrieval,20260917-150505-m2-retrieval,2026-09-17T15:04:53+00:00,run_start,0,UNOBSERVABLE_HOST,,,b-ultralong8b-1m,,96000,m2_harness_mi300x/retrieval_cost_b-ultralong8b-1m.csv,2,cpu,96000,warm,2,3161.02,20260917-150453-m2-ultralong-retrieval/stdout.log,51,per_request_from_stdout,True
20261010-075351-f4-rebuild,20260917-150453-m2-ultralong-retrieval,20260917-150505-m2-retrieval,2026-09-17T15:04:53+00:00,run_start,0,UNOBSERVABLE_HOST,,,b-ultralong8b-1m,,96000,m2_harness_mi300x/retrieval_cost_b-ultralong8b-1m.csv,2,cpu,96000,warm,3,3145.613,20260917-150453-m2-ultralong-retrieval/stdout.log,52,per_request_from_stdout,True
20261010-075351-f4-rebuild,20260917-150453-m2-ultralong-retrieval,20260917-150505-m2-retrieval,2026-09-17T15:04:53+00:00,run_start,0,UNOBSERVABLE_HOST,,,b-ultralong8b-1m,,96000,m2_harness_mi300x/retrieval_cost_b-ultralong8b-1m.csv,2,ssd,96000,cold,0,30067.155,20260917-150453-m2-ultralong-retrieval/stdout.log,55,per_request_from_stdout,True
20261010-075351-f4-rebuild,20260917-150453-m2-ultralong-retrieval,20260917-150505-m2-retrieval,2026-09-17T15:04:53+00:00,run_start,0,UNOBSERVABLE_HOST,,,b-ultralong8b-1m,,96000,m2_harness_mi300x/retrieval_cost_b-ultralong8b-1m.csv,2,ssd,96000,cold,1,30570.02,20260917-150453-m2-ultralong-retrieval/stdout.log,56,per_request_from_stdout,True
20261010-075351-f4-rebuild,20260917-150453-m2-ultralong-retrieval,20260917-150505-m2-retrieval,2026-09-17T15:04:53+00:00,run_start,0,UNOBSERVABLE_HOST,,,b-ultralong8b-1m,,96000,m2_harness_mi300x/retrieval_cost_b-ultralong8b-1m.csv,2,ssd,96000,cold,2,30102.863,20260917-150453-m2-ultralong-retrieval/stdout.log,57,per_request_from_stdout,True
20261010-075351-f4-rebuild,20260917-150453-m2-ultralong-retrieval,20260917-150505-m2-retrieval,2026-09-17T15:04:53+00:00,run_start,0,UNOBSERVABLE_HOST,,,b-ultralong8b-1m,,96000,m2_harness_mi300x/retrieval_cost_b-ultralong8b-1m.csv,2,ssd,96000,cold,3,30536.817,20260917-150453-m2-ultralong-retrieval/stdout.log,58,per_request_from_stdout,True
20261010-075351-f4-rebuild,20260917-150453-m2-ultralong-retrieval,20260917-150505-m2-retrieval,2026-09-17T15:04:53+00:00,run_start,0,UNOBSERVABLE_HOST,,,b-ultralong8b-1m,,96000,m2_harness_mi300x/retrieval_cost_b-ultralong8b-1m.csv,2,ssd,96000,warm,0,7947.037,20260917-150453-m2-ultralong-retrieval/stdout.log,59,per_request_from_stdout,True
20261010-075351-f4-rebuild,20260917-150453-m2-ultralong-retrieval,20260917-150505-m2-retrieval,2026-09-17T15:04:53+00:00,run_start,0,UNOBSERVABLE_HOST,,,b-ultralong8b-1m,,96000,m2_harness_mi300x/retrieval_cost_b-ultralong8b-1m.csv,2,ssd,96000,warm,1,6408.436,20260917-150453-m2-ultralong-retrieval/stdout.log,60,per_request_from_stdout,True
20261010-075351-f4-rebuild,20260917-150453-m2-ultralong-retrieval,20260917-150505-m2-retrieval,2026-09-17T15:04:53+00:00,run_start,0,UNOBSERVABLE_HOST,,,b-ultralong8b-1m,,96000,m2_harness_mi300x/retrieval_cost_b-ultralong8b-1m.csv,2,ssd,96000,warm,2,6530.52,20260917-150453-m2-ultralong-retrieval/stdout.log,61,per_request_from_stdout,True
20261010-075351-f4-rebuild,20260917-150453-m2-ultralong-retrieval,20260917-150505-m2-retrieval,2026-09-17T15:04:53+00:00,run_start,0,UNOBSERVABLE_HOST,,,b-ultralong8b-1m,,96000,m2_harness_mi300x/retrieval_cost_b-ultralong8b-1m.csv,2,ssd,96000,warm,3,6434.217,20260917-150453-m2-ultralong-retrieval/stdout.log,62,per_request_from_stdout,True
20261010-075351-f4-rebuild,20260917-150453-m2-ultralong-retrieval,20260917-150505-m2-retrieval,2026-09-17T15:04:53+00:00,run_start,0,UNOBSERVABLE_HOST,,,b-ultralong8b-1m,,96000,m2_harness_mi300x/retrieval_cost_b-ultralong8b-1m.csv,2,drop,96000,cold,0,13498.836,20260917-150453-m2-ultralong-retrieval/stdout.log,65,per_request_from_stdout,True
20261010-075351-f4-rebuild,20260917-150453-m2-ultralong-retrieval,20260917-150505-m2-retrieval,2026-09-17T15:04:53+00:00,run_start,0,UNOBSERVABLE_HOST,,,b-ultralong8b-1m,,96000,m2_harness_mi300x/retrieval_cost_b-ultralong8b-1m.csv,2,drop,96000,cold,1,13420.164,20260917-150453-m2-ultralong-retrieval/stdout.log,66,per_request_from_stdout,True
20261010-075351-f4-rebuild,20260917-150453-m2-ultralong-retrieval,20260917-150505-m2-retrieval,2026-09-17T15:04:53+00:00,run_start,0,UNOBSERVABLE_HOST,,,b-ultralong8b-1m,,96000,m2_harness_mi300x/retrieval_cost_b-ultralong8b-1m.csv,2,drop,96000,cold,2,13439.725,20260917-150453-m2-ultralong-retrieval/stdout.log,67,per_request_from_stdout,True
20261010-075351-f4-rebuild,20260917-150453-m2-ultralong-retrieval,20260917-150505-m2-retrieval,2026-09-17T15:04:53+00:00,run_start,0,UNOBSERVABLE_HOST,,,b-ultralong8b-1m,,96000,m2_harness_mi300x/retrieval_cost_b-ultralong8b-1m.csv,2,drop,96000,cold,3,13433.099,20260917-150453-m2-ultralong-retrieval/stdout.log,68,per_request_from_stdout,True
20261010-075351-f4-rebuild,20260917-150453-m2-ultralong-retrieval,20260917-150505-m2-retrieval,2026-09-17T15:04:53+00:00,run_start,0,UNOBSERVABLE_HOST,,,b-ultralong8b-1m,,96000,m2_harness_mi300x/retrieval_cost_b-ultralong8b-1m.csv,2,drop,96000,warm,0,13455.869,20260917-150453-m2-ultralong-retrieval/stdout.log,69,per_request_from_stdout,True
20261010-075351-f4-rebuild,20260917-150453-m2-ultralong-retrieval,20260917-150505-m2-retrieval,2026-09-17T15:04:53+00:00,run_start,0,UNOBSERVABLE_HOST,,,b-ultralong8b-1m,,96000,m2_harness_mi300x/retrieval_cost_b-ultralong8b-1m.csv,2,drop,96000,warm,1,13467.241,20260917-150453-m2-ultralong-retrieval/stdout.log,70,per_request_from_stdout,True
20261010-075351-f4-rebuild,20260917-150453-m2-ultralong-retrieval,20260917-150505-m2-retrieval,2026-09-17T15:04:53+00:00,run_start,0,UNOBSERVABLE_HOST,,,b-ultralong8b-1m,,96000,m2_harness_mi300x/retrieval_cost_b-ultralong8b-1m.csv,2,drop,96000,warm,2,13468.873,20260917-150453-m2-ultralong-retrieval/stdout.log,71,per_request_from_stdout,True
20261010-075351-f4-rebuild,20260917-150453-m2-ultralong-retrieval,20260917-150505-m2-retrieval,2026-09-17T15:04:53+00:00,run_start,0,UNOBSERVABLE_HOST,,,b-ultralong8b-1m,,96000,m2_harness_mi300x/retrieval_cost_b-ultralong8b-1m.csv,2,drop,96000,warm,3,13474.348,20260917-150453-m2-ultralong-retrieval/stdout.log,72,per_request_from_stdout,True
20261010-075351-f4-rebuild,20260917-150453-m2-ultralong-retrieval,20260917-150505-m2-retrieval,2026-09-17T15:04:53+00:00,run_start,0,UNOBSERVABLE_HOST,,,b-ultralong8b-1m,,96000,m2_harness_mi300x/retrieval_cost_b-ultralong8b-1m.csv,2,gpu_fp8,96000,cold,0,14762.833,20260917-150453-m2-ultralong-retrieval/stdout.log,74,per_request_from_stdout,True
20261010-075351-f4-rebuild,20260917-150453-m2-ultralong-retrieval,20260917-150505-m2-retrieval,2026-09-17T15:04:53+00:00,run_start,0,UNOBSERVABLE_HOST,,,b-ultralong8b-1m,,96000,m2_harness_mi300x/retrieval_cost_b-ultralong8b-1m.csv,2,gpu_fp8,96000,warm,0,303.229,20260917-150453-m2-ultralong-retrieval/stdout.log,75,per_request_from_stdout,True
20261010-075351-f4-rebuild,20260917-150453-m2-ultralong-retrieval,20260917-150505-m2-retrieval,2026-09-17T15:04:53+00:00,run_start,0,UNOBSERVABLE_HOST,,,b-ultralong8b-1m,,96000,m2_harness_mi300x/retrieval_cost_b-ultralong8b-1m.csv,2,gpu_int4,96000,cold,0,63760.79,20260917-150453-m2-ultralong-retrieval/stdout.log,77,per_request_from_stdout,True
20261010-075351-f4-rebuild,20260917-150453-m2-ultralong-retrieval,20260917-150505-m2-retrieval,2026-09-17T15:04:53+00:00,run_start,0,UNOBSERVABLE_HOST,,,b-ultralong8b-1m,,96000,m2_harness_mi300x/retrieval_cost_b-ultralong8b-1m.csv,2,gpu_int4,96000,warm,0,333.936,20260917-150453-m2-ultralong-retrieval/stdout.log,78,per_request_from_stdout,True
20261010-075351-f4-rebuild,20260917-150453-m2-ultralong-retrieval,20260917-150505-m2-retrieval,2026-09-17T15:04:53+00:00,run_start,0,UNOBSERVABLE_HOST,,,b-ultralong8b-1m,,96000,m2_harness_mi300x/retrieval_cost_b-ultralong8b-1m.csv,2,gpu_resident,96000,cold,0,14021.965,20260917-150453-m2-ultralong-retrieval/stdout.log,80,per_request_from_stdout,True
20261010-075351-f4-rebuild,20260917-150453-m2-ultralong-retrieval,20260917-150505-m2-retrieval,2026-09-17T15:04:53+00:00,run_start,0,UNOBSERVABLE_HOST,,,b-ultralong8b-1m,,96000,m2_harness_mi300x/retrieval_cost_b-ultralong8b-1m.csv,2,gpu_resident,96000,warm,0,280.547,20260917-150453-m2-ultralong-retrieval/stdout.log,81,per_request_from_stdout,True
20261010-075351-f4-rebuild,20260917-150453-m2-ultralong-retrieval,20260917-150505-m2-retrieval,2026-09-17T15:04:53+00:00,run_start,0,UNOBSERVABLE_HOST,,,b-ultralong8b-1m,,96000,m2_harness_mi300x/retrieval_cost_b-ultralong8b-1m.csv,3,ssd,96000,cold,0,30091.286,20260917-150453-m2-ultralong-retrieval/stdout.log,84,per_request_from_stdout,True
20261010-075351-f4-rebuild,20260917-150453-m2-ultralong-retrieval,20260917-150505-m2-retrieval,2026-09-17T15:04:53+00:00,run_start,0,UNOBSERVABLE_HOST,,,b-ultralong8b-1m,,96000,m2_harness_mi300x/retrieval_cost_b-ultralong8b-1m.csv,3,ssd,96000,cold,1,30538.573,20260917-150453-m2-ultralong-retrieval/stdout.log,85,per_request_from_stdout,True
20261010-075351-f4-rebuild,20260917-150453-m2-ultralong-retrieval,20260917-150505-m2-retrieval,2026-09-17T15:04:53+00:00,run_start,0,UNOBSERVABLE_HOST,,,b-ultralong8b-1m,,96000,m2_harness_mi300x/retrieval_cost_b-ultralong8b-1m.csv,3,ssd,96000,cold,2,30076.116,20260917-150453-m2-ultralong-retrieval/stdout.log,86,per_request_from_stdout,True
20261010-075351-f4-rebuild,20260917-150453-m2-ultralong-retrieval,20260917-150505-m2-retrieval,2026-09-17T15:04:53+00:00,run_start,0,UNOBSERVABLE_HOST,,,b-ultralong8b-1m,,96000,m2_harness_mi300x/retrieval_cost_b-ultralong8b-1m.csv,3,ssd,96000,cold,3,30520.571,20260917-150453-m2-ultralong-retrieval/stdout.log,87,per_request_from_stdout,True
20261010-075351-f4-rebuild,20260917-150453-m2-ultralong-retrieval,20260917-150505-m2-retrieval,2026-09-17T15:04:53+00:00,run_start,0,UNOBSERVABLE_HOST,,,b-ultralong8b-1m,,96000,m2_harness_mi300x/retrieval_cost_b-ultralong8b-1m.csv,3,ssd,96000,warm,0,7780.786,20260917-150453-m2-ultralong-retrieval/stdout.log,88,per_request_from_stdout,True
20261010-075351-f4-rebuild,20260917-150453-m2-ultralong-retrieval,20260917-150505-m2-retrieval,2026-09-17T15:04:53+00:00,run_start,0,UNOBSERVABLE_HOST,,,b-ultralong8b-1m,,96000,m2_harness_mi300x/retrieval_cost_b-ultralong8b-1m.csv,3,ssd,96000,warm,1,6504.853,20260917-150453-m2-ultralong-retrieval/stdout.log,89,per_request_from_stdout,True
20261010-075351-f4-rebuild,20260917-150453-m2-ultralong-retrieval,20260917-150505-m2-retrieval,2026-09-17T15:04:53+00:00,run_start,0,UNOBSERVABLE_HOST,,,b-ultralong8b-1m,,96000,m2_harness_mi300x/retrieval_cost_b-ultralong8b-1m.csv,3,ssd,96000,warm,2,6529.743,20260917-150453-m2-ultralong-retrieval/stdout.log,90,per_request_from_stdout,True
20261010-075351-f4-rebuild,20260917-150453-m2-ultralong-retrieval,20260917-150505-m2-retrieval,2026-09-17T15:04:53+00:00,run_start,0,UNOBSERVABLE_HOST,,,b-ultralong8b-1m,,96000,m2_harness_mi300x/retrieval_cost_b-ultralong8b-1m.csv,3,ssd,96000,warm,3,6391.621,20260917-150453-m2-ultralong-retrieval/stdout.log,91,per_request_from_stdout,True
20261010-075351-f4-rebuild,20260917-150453-m2-ultralong-retrieval,20260917-150505-m2-retrieval,2026-09-17T15:04:53+00:00,run_start,0,UNOBSERVABLE_HOST,,,b-ultralong8b-1m,,96000,m2_harness_mi300x/retrieval_cost_b-ultralong8b-1m.csv,3,drop,96000,cold,0,13446.753,20260917-150453-m2-ultralong-retrieval/stdout.log,94,per_request_from_stdout,True
20261010-075351-f4-rebuild,20260917-150453-m2-ultralong-retrieval,20260917-150505-m2-retrieval,2026-09-17T15:04:53+00:00,run_start,0,UNOBSERVABLE_HOST,,,b-ultralong8b-1m,,96000,m2_harness_mi300x/retrieval_cost_b-ultralong8b-1m.csv,3,drop,96000,cold,1,13401.493,20260917-150453-m2-ultralong-retrieval/stdout.log,95,per_request_from_stdout,True
20261010-075351-f4-rebuild,20260917-150453-m2-ultralong-retrieval,20260917-150505-m2-retrieval,2026-09-17T15:04:53+00:00,run_start,0,UNOBSERVABLE_HOST,,,b-ultralong8b-1m,,96000,m2_harness_mi300x/retrieval_cost_b-ultralong8b-1m.csv,3,drop,96000,cold,2,13438.517,20260917-150453-m2-ultralong-retrieval/stdout.log,96,per_request_from_stdout,True
20261010-075351-f4-rebuild,20260917-150453-m2-ultralong-retrieval,20260917-150505-m2-retrieval,2026-09-17T15:04:53+00:00,run_start,0,UNOBSERVABLE_HOST,,,b-ultralong8b-1m,,96000,m2_harness_mi300x/retrieval_cost_b-ultralong8b-1m.csv,3,drop,96000,cold,3,13429.933,20260917-150453-m2-ultralong-retrieval/stdout.log,97,per_request_from_stdout,True
20261010-075351-f4-rebuild,20260917-150453-m2-ultralong-retrieval,20260917-150505-m2-retrieval,2026-09-17T15:04:53+00:00,run_start,0,UNOBSERVABLE_HOST,,,b-ultralong8b-1m,,96000,m2_harness_mi300x/retrieval_cost_b-ultralong8b-1m.csv,3,drop,96000,warm,0,13426.227,20260917-150453-m2-ultralong-retrieval/stdout.log,98,per_request_from_stdout,True
20261010-075351-f4-rebuild,20260917-150453-m2-ultralong-retrieval,20260917-150505-m2-retrieval,2026-09-17T15:04:53+00:00,run_start,0,UNOBSERVABLE_HOST,,,b-ultralong8b-1m,,96000,m2_harness_mi300x/retrieval_cost_b-ultralong8b-1m.csv,3,drop,96000,warm,1,13432.14,20260917-150453-m2-ultralong-retrieval/stdout.log,99,per_request_from_stdout,True
20261010-075351-f4-rebuild,20260917-150453-m2-ultralong-retrieval,20260917-150505-m2-retrieval,2026-09-17T15:04:53+00:00,run_start,0,UNOBSERVABLE_HOST,,,b-ultralong8b-1m,,96000,m2_harness_mi300x/retrieval_cost_b-ultralong8b-1m.csv,3,drop,96000,warm,2,13466.894,20260917-150453-m2-ultralong-retrieval/stdout.log,100,per_request_from_stdout,True
20261010-075351-f4-rebuild,20260917-150453-m2-ultralong-retrieval,20260917-150505-m2-retrieval,2026-09-17T15:04:53+00:00,run_start,0,UNOBSERVABLE_HOST,,,b-ultralong8b-1m,,96000,m2_harness_mi300x/retrieval_cost_b-ultralong8b-1m.csv,3,drop,96000,warm,3,13448.345,20260917-150453-m2-ultralong-retrieval/stdout.log,101,per_request_from_stdout,True
20261010-075351-f4-rebuild,20260917-150453-m2-ultralong-retrieval,20260917-150505-m2-retrieval,2026-09-17T15:04:53+00:00,run_start,0,UNOBSERVABLE_HOST,,,b-ultralong8b-1m,,96000,m2_harness_mi300x/retrieval_cost_b-ultralong8b-1m.csv,3,gpu_fp8,96000,cold,0,14839.388,20260917-150453-m2-ultralong-retrieval/stdout.log,103,per_request_from_stdout,True
20261010-075351-f4-rebuild,20260917-150453-m2-ultralong-retrieval,20260917-150505-m2-retrieval,2026-09-17T15:04:53+00:00,run_start,0,UNOBSERVABLE_HOST,,,b-ultralong8b-1m,,96000,m2_harness_mi300x/retrieval_cost_b-ultralong8b-1m.csv,3,gpu_fp8,96000,warm,0,322.41,20260917-150453-m2-ultralong-retrieval/stdout.log,104,per_request_from_stdout,True
20261010-075351-f4-rebuild,20260917-150453-m2-ultralong-retrieval,20260917-150505-m2-retrieval,2026-09-17T15:04:53+00:00,run_start,0,UNOBSERVABLE_HOST,,,b-ultralong8b-1m,,96000,m2_harness_mi300x/retrieval_cost_b-ultralong8b-1m.csv,3,gpu_int4,96000,cold,0,63746.014,20260917-150453-m2-ultralong-retrieval/stdout.log,106,per_request_from_stdout,True
20261010-075351-f4-rebuild,20260917-150453-m2-ultralong-retrieval,20260917-150505-m2-retrieval,2026-09-17T15:04:53+00:00,run_start,0,UNOBSERVABLE_HOST,,,b-ultralong8b-1m,,96000,m2_harness_mi300x/retrieval_cost_b-ultralong8b-1m.csv,3,gpu_int4,96000,warm,0,345.787,20260917-150453-m2-ultralong-retrieval/stdout.log,107,per_request_from_stdout,True
20261010-075351-f4-rebuild,20260917-150453-m2-ultralong-retrieval,20260917-150505-m2-retrieval,2026-09-17T15:04:53+00:00,run_start,0,UNOBSERVABLE_HOST,,,b-ultralong8b-1m,,96000,m2_harness_mi300x/retrieval_cost_b-ultralong8b-1m.csv,3,gpu_resident,96000,cold,0,14012.863,20260917-150453-m2-ultralong-retrieval/stdout.log,109,per_request_from_stdout,True
20261010-075351-f4-rebuild,20260917-150453-m2-ultralong-retrieval,20260917-150505-m2-retrieval,2026-09-17T15:04:53+00:00,run_start,0,UNOBSERVABLE_HOST,,,b-ultralong8b-1m,,96000,m2_harness_mi300x/retrieval_cost_b-ultralong8b-1m.csv,3,gpu_resident,96000,warm,0,283.529,20260917-150453-m2-ultralong-retrieval/stdout.log,110,per_request_from_stdout,True
20261010-075351-f4-rebuild,20260917-150453-m2-ultralong-retrieval,20260917-150505-m2-retrieval,2026-09-17T15:04:53+00:00,run_start,0,UNOBSERVABLE_HOST,,,b-ultralong8b-1m,,96000,m2_harness_mi300x/retrieval_cost_b-ultralong8b-1m.csv,3,cpu,96000,cold,0,30033.333,20260917-150453-m2-ultralong-retrieval/stdout.log,112,per_request_from_stdout,True
20261010-075351-f4-rebuild,20260917-150453-m2-ultralong-retrieval,20260917-150505-m2-retrieval,2026-09-17T15:04:53+00:00,run_start,0,UNOBSERVABLE_HOST,,,b-ultralong8b-1m,,96000,m2_harness_mi300x/retrieval_cost_b-ultralong8b-1m.csv,3,cpu,96000,cold,1,30486.159,20260917-150453-m2-ultralong-retrieval/stdout.log,113,per_request_from_stdout,True
20261010-075351-f4-rebuild,20260917-150453-m2-ultralong-retrieval,20260917-150505-m2-retrieval,2026-09-17T15:04:53+00:00,run_start,0,UNOBSERVABLE_HOST,,,b-ultralong8b-1m,,96000,m2_harness_mi300x/retrieval_cost_b-ultralong8b-1m.csv,3,cpu,96000,cold,2,30038.631,20260917-150453-m2-ultralong-retrieval/stdout.log,114,per_request_from_stdout,True
20261010-075351-f4-rebuild,20260917-150453-m2-ultralong-retrieval,20260917-150505-m2-retrieval,2026-09-17T15:04:53+00:00,run_start,0,UNOBSERVABLE_HOST,,,b-ultralong8b-1m,,96000,m2_harness_mi300x/retrieval_cost_b-ultralong8b-1m.csv,3,cpu,96000,cold,3,30462.614,20260917-150453-m2-ultralong-retrieval/stdout.log,115,per_request_from_stdout,True
20261010-075351-f4-rebuild,20260917-150453-m2-ultralong-retrieval,20260917-150505-m2-retrieval,2026-09-17T15:04:53+00:00,run_start,0,UNOBSERVABLE_HOST,,,b-ultralong8b-1m,,96000,m2_harness_mi300x/retrieval_cost_b-ultralong8b-1m.csv,3,cpu,96000,warm,0,3255.107,20260917-150453-m2-ultralong-retrieval/stdout.log,116,per_request_from_stdout,True
20261010-075351-f4-rebuild,20260917-150453-m2-ultralong-retrieval,20260917-150505-m2-retrieval,2026-09-17T15:04:53+00:00,run_start,0,UNOBSERVABLE_HOST,,,b-ultralong8b-1m,,96000,m2_harness_mi300x/retrieval_cost_b-ultralong8b-1m.csv,3,cpu,96000,warm,1,3261.372,20260917-150453-m2-ultralong-retrieval/stdout.log,117,per_request_from_stdout,True
20261010-075351-f4-rebuild,20260917-150453-m2-ultralong-retrieval,20260917-150505-m2-retrieval,2026-09-17T15:04:53+00:00,run_start,0,UNOBSERVABLE_HOST,,,b-ultralong8b-1m,,96000,m2_harness_mi300x/retrieval_cost_b-ultralong8b-1m.csv,3,cpu,96000,warm,2,3216.478,20260917-150453-m2-ultralong-retrieval/stdout.log,118,per_request_from_stdout,True
20261010-075351-f4-rebuild,20260917-150453-m2-ultralong-retrieval,20260917-150505-m2-retrieval,2026-09-17T15:04:53+00:00,run_start,0,UNOBSERVABLE_HOST,,,b-ultralong8b-1m,,96000,m2_harness_mi300x/retrieval_cost_b-ultralong8b-1m.csv,3,cpu,96000,warm,3,3215.452,20260917-150453-m2-ultralong-retrieval/stdout.log,119,per_request_from_stdout,True
