audit_run_id,run_id,inner_run_id,ts,ts_source,exit_code,host_contention_stdout,own_gpu_foreign_process_stdout,inner_CONTAMINATED_file,model_key,mode,needle_ctx,ctx_arg,max_model_len_arg,n_per_task_arg,n_test_arg,original_csv,setting,task,metric,value,value_str,n,source_file,source_line,granularity
20261010-075351-f4-rebuild,20260916-053638-m5-b-llama8b-lossless,20260916-053710-m5-lossless,2026-09-16T05:36:38+00:00,run_start,0,UNOBSERVABLE_HOST,,,b-llama8b,lossless,,,,,60,m5_quality_mi300x/lossless_b-llama8b.csv,cpu_lru,_server,server_kv_cache_dtype_cmd,,auto(未指定),,20260916-053710-m5-lossless/cpu_lru/server.log,,server_paperwork
20261010-075351-f4-rebuild,20260916-053638-m5-b-llama8b-lossless,20260916-053710-m5-lossless,2026-09-16T05:36:38+00:00,run_start,0,UNOBSERVABLE_HOST,,,b-llama8b,lossless,,,,,60,m5_quality_mi300x/lossless_b-llama8b.csv,cpu_lru,_server,server_kv_cache_dtype_log,,auto(未出現在 non-default args),,20260916-053710-m5-lossless/cpu_lru/server.log,,server_paperwork
20261010-075351-f4-rebuild,20260916-053638-m5-b-llama8b-lossless,20260916-053710-m5-lossless,2026-09-16T05:36:38+00:00,run_start,0,UNOBSERVABLE_HOST,,,b-llama8b,lossless,,,,,60,m5_quality_mi300x/lossless_b-llama8b.csv,cpu_lru,_server,server_attention_backend_log,,TRITON_ATTN,,20260916-053710-m5-lossless/cpu_lru/server.log,,server_paperwork
20261010-075351-f4-rebuild,20260916-053638-m5-b-llama8b-lossless,20260916-053710-m5-lossless,2026-09-16T05:36:38+00:00,run_start,0,UNOBSERVABLE_HOST,,,b-llama8b,lossless,,,,,60,m5_quality_mi300x/lossless_b-llama8b.csv,cpu_lru,_server,server_gpu_kv_cache_tokens_log,1266324.0,,,20260916-053710-m5-lossless/cpu_lru/server.log,,server_paperwork
20261010-075351-f4-rebuild,20260916-053638-m5-b-llama8b-lossless,20260916-053710-m5-lossless,2026-09-16T05:36:38+00:00,run_start,0,UNOBSERVABLE_HOST,,,b-llama8b,lossless,,,,,60,m5_quality_mi300x/lossless_b-llama8b.csv,cpu_lru,_server,server_max_model_len_cmd,11813,,,20260916-053710-m5-lossless/cpu_lru/server.log,,server_paperwork
20261010-075351-f4-rebuild,20260916-053638-m5-b-llama8b-lossless,20260916-053710-m5-lossless,2026-09-16T05:36:38+00:00,run_start,0,UNOBSERVABLE_HOST,,,b-llama8b,lossless,,,,,60,m5_quality_mi300x/lossless_b-llama8b.csv,full_gpu,_server,server_kv_cache_dtype_cmd,,auto(未指定),,20260916-053710-m5-lossless/full_gpu/server.log,,server_paperwork
20261010-075351-f4-rebuild,20260916-053638-m5-b-llama8b-lossless,20260916-053710-m5-lossless,2026-09-16T05:36:38+00:00,run_start,0,UNOBSERVABLE_HOST,,,b-llama8b,lossless,,,,,60,m5_quality_mi300x/lossless_b-llama8b.csv,full_gpu,_server,server_kv_cache_dtype_log,,auto(未出現在 non-default args),,20260916-053710-m5-lossless/full_gpu/server.log,,server_paperwork
20261010-075351-f4-rebuild,20260916-053638-m5-b-llama8b-lossless,20260916-053710-m5-lossless,2026-09-16T05:36:38+00:00,run_start,0,UNOBSERVABLE_HOST,,,b-llama8b,lossless,,,,,60,m5_quality_mi300x/lossless_b-llama8b.csv,full_gpu,_server,server_attention_backend_log,,ROCM_ATTN,,20260916-053710-m5-lossless/full_gpu/server.log,,server_paperwork
20261010-075351-f4-rebuild,20260916-053638-m5-b-llama8b-lossless,20260916-053710-m5-lossless,2026-09-16T05:36:38+00:00,run_start,0,UNOBSERVABLE_HOST,,,b-llama8b,lossless,,,,,60,m5_quality_mi300x/lossless_b-llama8b.csv,full_gpu,_server,server_gpu_kv_cache_tokens_log,1266324.0,,,20260916-053710-m5-lossless/full_gpu/server.log,,server_paperwork
20261010-075351-f4-rebuild,20260916-053638-m5-b-llama8b-lossless,20260916-053710-m5-lossless,2026-09-16T05:36:38+00:00,run_start,0,UNOBSERVABLE_HOST,,,b-llama8b,lossless,,,,,60,m5_quality_mi300x/lossless_b-llama8b.csv,full_gpu,_server,server_max_model_len_cmd,11813,,,20260916-053710-m5-lossless/full_gpu/server.log,,server_paperwork
20261010-075351-f4-rebuild,20260916-053638-m5-b-llama8b-lossless,20260916-053710-m5-lossless,2026-09-16T05:36:38+00:00,run_start,0,UNOBSERVABLE_HOST,,,b-llama8b,lossless,,,,,60,m5_quality_mi300x/lossless_b-llama8b.csv,tier_fs,_server,server_kv_cache_dtype_cmd,,auto(未指定),,20260916-053710-m5-lossless/tier_fs/server.log,,server_paperwork
20261010-075351-f4-rebuild,20260916-053638-m5-b-llama8b-lossless,20260916-053710-m5-lossless,2026-09-16T05:36:38+00:00,run_start,0,UNOBSERVABLE_HOST,,,b-llama8b,lossless,,,,,60,m5_quality_mi300x/lossless_b-llama8b.csv,tier_fs,_server,server_kv_cache_dtype_log,,auto(未出現在 non-default args),,20260916-053710-m5-lossless/tier_fs/server.log,,server_paperwork
20261010-075351-f4-rebuild,20260916-053638-m5-b-llama8b-lossless,20260916-053710-m5-lossless,2026-09-16T05:36:38+00:00,run_start,0,UNOBSERVABLE_HOST,,,b-llama8b,lossless,,,,,60,m5_quality_mi300x/lossless_b-llama8b.csv,tier_fs,_server,server_attention_backend_log,,TRITON_ATTN,,20260916-053710-m5-lossless/tier_fs/server.log,,server_paperwork
20261010-075351-f4-rebuild,20260916-053638-m5-b-llama8b-lossless,20260916-053710-m5-lossless,2026-09-16T05:36:38+00:00,run_start,0,UNOBSERVABLE_HOST,,,b-llama8b,lossless,,,,,60,m5_quality_mi300x/lossless_b-llama8b.csv,tier_fs,_server,server_gpu_kv_cache_tokens_log,1269841.0,,,20260916-053710-m5-lossless/tier_fs/server.log,,server_paperwork
20261010-075351-f4-rebuild,20260916-053638-m5-b-llama8b-lossless,20260916-053710-m5-lossless,2026-09-16T05:36:38+00:00,run_start,0,UNOBSERVABLE_HOST,,,b-llama8b,lossless,,,,,60,m5_quality_mi300x/lossless_b-llama8b.csv,tier_fs,_server,server_max_model_len_cmd,11813,,,20260916-053710-m5-lossless/tier_fs/server.log,,server_paperwork
20261010-075351-f4-rebuild,20260916-054455-m5-b-qwen7b-1m-lossless,20260916-054529-m5-lossless,2026-09-16T05:44:55+00:00,run_start,0,UNOBSERVABLE_HOST,,,b-qwen7b-1m,lossless,,,,,60,m5_quality_mi300x/lossless_b-qwen7b-1m.csv,cpu_lru,_server,server_kv_cache_dtype_cmd,,auto(未指定),,20260916-054529-m5-lossless/cpu_lru/server.log,,server_paperwork
20261010-075351-f4-rebuild,20260916-054455-m5-b-qwen7b-1m-lossless,20260916-054529-m5-lossless,2026-09-16T05:44:55+00:00,run_start,0,UNOBSERVABLE_HOST,,,b-qwen7b-1m,lossless,,,,,60,m5_quality_mi300x/lossless_b-qwen7b-1m.csv,cpu_lru,_server,server_kv_cache_dtype_log,,auto(未出現在 non-default args),,20260916-054529-m5-lossless/cpu_lru/server.log,,server_paperwork
20261010-075351-f4-rebuild,20260916-054455-m5-b-qwen7b-1m-lossless,20260916-054529-m5-lossless,2026-09-16T05:44:55+00:00,run_start,0,UNOBSERVABLE_HOST,,,b-qwen7b-1m,lossless,,,,,60,m5_quality_mi300x/lossless_b-qwen7b-1m.csv,cpu_lru,_server,server_attention_backend_log,,TRITON_ATTN,,20260916-054529-m5-lossless/cpu_lru/server.log,,server_paperwork
20261010-075351-f4-rebuild,20260916-054455-m5-b-qwen7b-1m-lossless,20260916-054529-m5-lossless,2026-09-16T05:44:55+00:00,run_start,0,UNOBSERVABLE_HOST,,,b-qwen7b-1m,lossless,,,,,60,m5_quality_mi300x/lossless_b-qwen7b-1m.csv,cpu_lru,_server,server_gpu_kv_cache_tokens_log,2886887.0,,,20260916-054529-m5-lossless/cpu_lru/server.log,,server_paperwork
20261010-075351-f4-rebuild,20260916-054455-m5-b-qwen7b-1m-lossless,20260916-054529-m5-lossless,2026-09-16T05:44:55+00:00,run_start,0,UNOBSERVABLE_HOST,,,b-qwen7b-1m,lossless,,,,,60,m5_quality_mi300x/lossless_b-qwen7b-1m.csv,cpu_lru,_server,server_max_model_len_cmd,13363,,,20260916-054529-m5-lossless/cpu_lru/server.log,,server_paperwork
20261010-075351-f4-rebuild,20260916-054455-m5-b-qwen7b-1m-lossless,20260916-054529-m5-lossless,2026-09-16T05:44:55+00:00,run_start,0,UNOBSERVABLE_HOST,,,b-qwen7b-1m,lossless,,,,,60,m5_quality_mi300x/lossless_b-qwen7b-1m.csv,full_gpu,_server,server_kv_cache_dtype_cmd,,auto(未指定),,20260916-054529-m5-lossless/full_gpu/server.log,,server_paperwork
20261010-075351-f4-rebuild,20260916-054455-m5-b-qwen7b-1m-lossless,20260916-054529-m5-lossless,2026-09-16T05:44:55+00:00,run_start,0,UNOBSERVABLE_HOST,,,b-qwen7b-1m,lossless,,,,,60,m5_quality_mi300x/lossless_b-qwen7b-1m.csv,full_gpu,_server,server_kv_cache_dtype_log,,auto(未出現在 non-default args),,20260916-054529-m5-lossless/full_gpu/server.log,,server_paperwork
20261010-075351-f4-rebuild,20260916-054455-m5-b-qwen7b-1m-lossless,20260916-054529-m5-lossless,2026-09-16T05:44:55+00:00,run_start,0,UNOBSERVABLE_HOST,,,b-qwen7b-1m,lossless,,,,,60,m5_quality_mi300x/lossless_b-qwen7b-1m.csv,full_gpu,_server,server_attention_backend_log,,ROCM_ATTN,,20260916-054529-m5-lossless/full_gpu/server.log,,server_paperwork
20261010-075351-f4-rebuild,20260916-054455-m5-b-qwen7b-1m-lossless,20260916-054529-m5-lossless,2026-09-16T05:44:55+00:00,run_start,0,UNOBSERVABLE_HOST,,,b-qwen7b-1m,lossless,,,,,60,m5_quality_mi300x/lossless_b-qwen7b-1m.csv,full_gpu,_server,server_gpu_kv_cache_tokens_log,2886887.0,,,20260916-054529-m5-lossless/full_gpu/server.log,,server_paperwork
20261010-075351-f4-rebuild,20260916-054455-m5-b-qwen7b-1m-lossless,20260916-054529-m5-lossless,2026-09-16T05:44:55+00:00,run_start,0,UNOBSERVABLE_HOST,,,b-qwen7b-1m,lossless,,,,,60,m5_quality_mi300x/lossless_b-qwen7b-1m.csv,full_gpu,_server,server_max_model_len_cmd,13363,,,20260916-054529-m5-lossless/full_gpu/server.log,,server_paperwork
20261010-075351-f4-rebuild,20260916-054455-m5-b-qwen7b-1m-lossless,20260916-054529-m5-lossless,2026-09-16T05:44:55+00:00,run_start,0,UNOBSERVABLE_HOST,,,b-qwen7b-1m,lossless,,,,,60,m5_quality_mi300x/lossless_b-qwen7b-1m.csv,tier_fs,_server,server_kv_cache_dtype_cmd,,auto(未指定),,20260916-054529-m5-lossless/tier_fs/server.log,,server_paperwork
20261010-075351-f4-rebuild,20260916-054455-m5-b-qwen7b-1m-lossless,20260916-054529-m5-lossless,2026-09-16T05:44:55+00:00,run_start,0,UNOBSERVABLE_HOST,,,b-qwen7b-1m,lossless,,,,,60,m5_quality_mi300x/lossless_b-qwen7b-1m.csv,tier_fs,_server,server_kv_cache_dtype_log,,auto(未出現在 non-default args),,20260916-054529-m5-lossless/tier_fs/server.log,,server_paperwork
20261010-075351-f4-rebuild,20260916-054455-m5-b-qwen7b-1m-lossless,20260916-054529-m5-lossless,2026-09-16T05:44:55+00:00,run_start,0,UNOBSERVABLE_HOST,,,b-qwen7b-1m,lossless,,,,,60,m5_quality_mi300x/lossless_b-qwen7b-1m.csv,tier_fs,_server,server_attention_backend_log,,TRITON_ATTN,,20260916-054529-m5-lossless/tier_fs/server.log,,server_paperwork
20261010-075351-f4-rebuild,20260916-054455-m5-b-qwen7b-1m-lossless,20260916-054529-m5-lossless,2026-09-16T05:44:55+00:00,run_start,0,UNOBSERVABLE_HOST,,,b-qwen7b-1m,lossless,,,,,60,m5_quality_mi300x/lossless_b-qwen7b-1m.csv,tier_fs,_server,server_gpu_kv_cache_tokens_log,2905749.0,,,20260916-054529-m5-lossless/tier_fs/server.log,,server_paperwork
20261010-075351-f4-rebuild,20260916-054455-m5-b-qwen7b-1m-lossless,20260916-054529-m5-lossless,2026-09-16T05:44:55+00:00,run_start,0,UNOBSERVABLE_HOST,,,b-qwen7b-1m,lossless,,,,,60,m5_quality_mi300x/lossless_b-qwen7b-1m.csv,tier_fs,_server,server_max_model_len_cmd,13363,,,20260916-054529-m5-lossless/tier_fs/server.log,,server_paperwork
20261010-075351-f4-rebuild,20260916-055330-m5-b-qwen3-30b-a3b-lossless,20260916-055400-m5-lossless,2026-09-16T05:53:30+00:00,run_start,0,UNOBSERVABLE_HOST,,,b-qwen3-30b-a3b,lossless,,,,,60,m5_quality_mi300x/lossless_b-qwen3-30b-a3b.csv,cpu_lru,_server,server_kv_cache_dtype_cmd,,auto(未指定),,20260916-055400-m5-lossless/cpu_lru/server.log,,server_paperwork
20261010-075351-f4-rebuild,20260916-055330-m5-b-qwen3-30b-a3b-lossless,20260916-055400-m5-lossless,2026-09-16T05:53:30+00:00,run_start,0,UNOBSERVABLE_HOST,,,b-qwen3-30b-a3b,lossless,,,,,60,m5_quality_mi300x/lossless_b-qwen3-30b-a3b.csv,cpu_lru,_server,server_kv_cache_dtype_log,,auto(未出現在 non-default args),,20260916-055400-m5-lossless/cpu_lru/server.log,,server_paperwork
20261010-075351-f4-rebuild,20260916-055330-m5-b-qwen3-30b-a3b-lossless,20260916-055400-m5-lossless,2026-09-16T05:53:30+00:00,run_start,0,UNOBSERVABLE_HOST,,,b-qwen3-30b-a3b,lossless,,,,,60,m5_quality_mi300x/lossless_b-qwen3-30b-a3b.csv,cpu_lru,_server,server_attention_backend_log,,TRITON_ATTN,,20260916-055400-m5-lossless/cpu_lru/server.log,,server_paperwork
20261010-075351-f4-rebuild,20260916-055330-m5-b-qwen3-30b-a3b-lossless,20260916-055400-m5-lossless,2026-09-16T05:53:30+00:00,run_start,0,UNOBSERVABLE_HOST,,,b-qwen3-30b-a3b,lossless,,,,,60,m5_quality_mi300x/lossless_b-qwen3-30b-a3b.csv,cpu_lru,_server,server_gpu_kv_cache_tokens_log,947254.0,,,20260916-055400-m5-lossless/cpu_lru/server.log,,server_paperwork
20261010-075351-f4-rebuild,20260916-055330-m5-b-qwen3-30b-a3b-lossless,20260916-055400-m5-lossless,2026-09-16T05:53:30+00:00,run_start,0,UNOBSERVABLE_HOST,,,b-qwen3-30b-a3b,lossless,,,,,60,m5_quality_mi300x/lossless_b-qwen3-30b-a3b.csv,cpu_lru,_server,server_max_model_len_cmd,13363,,,20260916-055400-m5-lossless/cpu_lru/server.log,,server_paperwork
20261010-075351-f4-rebuild,20260916-055330-m5-b-qwen3-30b-a3b-lossless,20260916-055400-m5-lossless,2026-09-16T05:53:30+00:00,run_start,0,UNOBSERVABLE_HOST,,,b-qwen3-30b-a3b,lossless,,,,,60,m5_quality_mi300x/lossless_b-qwen3-30b-a3b.csv,full_gpu,_server,server_kv_cache_dtype_cmd,,auto(未指定),,20260916-055400-m5-lossless/full_gpu/server.log,,server_paperwork
20261010-075351-f4-rebuild,20260916-055330-m5-b-qwen3-30b-a3b-lossless,20260916-055400-m5-lossless,2026-09-16T05:53:30+00:00,run_start,0,UNOBSERVABLE_HOST,,,b-qwen3-30b-a3b,lossless,,,,,60,m5_quality_mi300x/lossless_b-qwen3-30b-a3b.csv,full_gpu,_server,server_kv_cache_dtype_log,,auto(未出現在 non-default args),,20260916-055400-m5-lossless/full_gpu/server.log,,server_paperwork
20261010-075351-f4-rebuild,20260916-055330-m5-b-qwen3-30b-a3b-lossless,20260916-055400-m5-lossless,2026-09-16T05:53:30+00:00,run_start,0,UNOBSERVABLE_HOST,,,b-qwen3-30b-a3b,lossless,,,,,60,m5_quality_mi300x/lossless_b-qwen3-30b-a3b.csv,full_gpu,_server,server_attention_backend_log,,ROCM_ATTN,,20260916-055400-m5-lossless/full_gpu/server.log,,server_paperwork
20261010-075351-f4-rebuild,20260916-055330-m5-b-qwen3-30b-a3b-lossless,20260916-055400-m5-lossless,2026-09-16T05:53:30+00:00,run_start,0,UNOBSERVABLE_HOST,,,b-qwen3-30b-a3b,lossless,,,,,60,m5_quality_mi300x/lossless_b-qwen3-30b-a3b.csv,full_gpu,_server,server_gpu_kv_cache_tokens_log,947254.0,,,20260916-055400-m5-lossless/full_gpu/server.log,,server_paperwork
20261010-075351-f4-rebuild,20260916-055330-m5-b-qwen3-30b-a3b-lossless,20260916-055400-m5-lossless,2026-09-16T05:53:30+00:00,run_start,0,UNOBSERVABLE_HOST,,,b-qwen3-30b-a3b,lossless,,,,,60,m5_quality_mi300x/lossless_b-qwen3-30b-a3b.csv,full_gpu,_server,server_max_model_len_cmd,13363,,,20260916-055400-m5-lossless/full_gpu/server.log,,server_paperwork
20261010-075351-f4-rebuild,20260916-055330-m5-b-qwen3-30b-a3b-lossless,20260916-055400-m5-lossless,2026-09-16T05:53:30+00:00,run_start,0,UNOBSERVABLE_HOST,,,b-qwen3-30b-a3b,lossless,,,,,60,m5_quality_mi300x/lossless_b-qwen3-30b-a3b.csv,tier_fs,_server,server_kv_cache_dtype_cmd,,auto(未指定),,20260916-055400-m5-lossless/tier_fs/server.log,,server_paperwork
20261010-075351-f4-rebuild,20260916-055330-m5-b-qwen3-30b-a3b-lossless,20260916-055400-m5-lossless,2026-09-16T05:53:30+00:00,run_start,0,UNOBSERVABLE_HOST,,,b-qwen3-30b-a3b,lossless,,,,,60,m5_quality_mi300x/lossless_b-qwen3-30b-a3b.csv,tier_fs,_server,server_kv_cache_dtype_log,,auto(未出現在 non-default args),,20260916-055400-m5-lossless/tier_fs/server.log,,server_paperwork
20261010-075351-f4-rebuild,20260916-055330-m5-b-qwen3-30b-a3b-lossless,20260916-055400-m5-lossless,2026-09-16T05:53:30+00:00,run_start,0,UNOBSERVABLE_HOST,,,b-qwen3-30b-a3b,lossless,,,,,60,m5_quality_mi300x/lossless_b-qwen3-30b-a3b.csv,tier_fs,_server,server_attention_backend_log,,TRITON_ATTN,,20260916-055400-m5-lossless/tier_fs/server.log,,server_paperwork
20261010-075351-f4-rebuild,20260916-055330-m5-b-qwen3-30b-a3b-lossless,20260916-055400-m5-lossless,2026-09-16T05:53:30+00:00,run_start,0,UNOBSERVABLE_HOST,,,b-qwen3-30b-a3b,lossless,,,,,60,m5_quality_mi300x/lossless_b-qwen3-30b-a3b.csv,tier_fs,_server,server_gpu_kv_cache_tokens_log,948565.0,,,20260916-055400-m5-lossless/tier_fs/server.log,,server_paperwork
20261010-075351-f4-rebuild,20260916-055330-m5-b-qwen3-30b-a3b-lossless,20260916-055400-m5-lossless,2026-09-16T05:53:30+00:00,run_start,0,UNOBSERVABLE_HOST,,,b-qwen3-30b-a3b,lossless,,,,,60,m5_quality_mi300x/lossless_b-qwen3-30b-a3b.csv,tier_fs,_server,server_max_model_len_cmd,13363,,,20260916-055400-m5-lossless/tier_fs/server.log,,server_paperwork
20261010-075351-f4-rebuild,20260916-060407-m5-b-seedoss36b-lossless,20260916-060439-m5-lossless,2026-09-16T06:04:07+00:00,run_start,0,UNOBSERVABLE_HOST,,,b-seedoss36b,lossless,,,,,60,m5_quality_mi300x/lossless_b-seedoss36b.csv,cpu_lru,_server,server_kv_cache_dtype_cmd,,auto(未指定),,20260916-060439-m5-lossless/cpu_lru/server.log,,server_paperwork
20261010-075351-f4-rebuild,20260916-060407-m5-b-seedoss36b-lossless,20260916-060439-m5-lossless,2026-09-16T06:04:07+00:00,run_start,0,UNOBSERVABLE_HOST,,,b-seedoss36b,lossless,,,,,60,m5_quality_mi300x/lossless_b-seedoss36b.csv,cpu_lru,_server,server_kv_cache_dtype_log,,auto(未出現在 non-default args),,20260916-060439-m5-lossless/cpu_lru/server.log,,server_paperwork
20261010-075351-f4-rebuild,20260916-060407-m5-b-seedoss36b-lossless,20260916-060439-m5-lossless,2026-09-16T06:04:07+00:00,run_start,0,UNOBSERVABLE_HOST,,,b-seedoss36b,lossless,,,,,60,m5_quality_mi300x/lossless_b-seedoss36b.csv,cpu_lru,_server,server_attention_backend_log,,TRITON_ATTN,,20260916-060439-m5-lossless/cpu_lru/server.log,,server_paperwork
20261010-075351-f4-rebuild,20260916-060407-m5-b-seedoss36b-lossless,20260916-060439-m5-lossless,2026-09-16T06:04:07+00:00,run_start,0,UNOBSERVABLE_HOST,,,b-seedoss36b,lossless,,,,,60,m5_quality_mi300x/lossless_b-seedoss36b.csv,cpu_lru,_server,server_gpu_kv_cache_tokens_log,413632.0,,,20260916-060439-m5-lossless/cpu_lru/server.log,,server_paperwork
20261010-075351-f4-rebuild,20260916-060407-m5-b-seedoss36b-lossless,20260916-060439-m5-lossless,2026-09-16T06:04:07+00:00,run_start,0,UNOBSERVABLE_HOST,,,b-seedoss36b,lossless,,,,,60,m5_quality_mi300x/lossless_b-seedoss36b.csv,cpu_lru,_server,server_max_model_len_cmd,13648,,,20260916-060439-m5-lossless/cpu_lru/server.log,,server_paperwork
20261010-075351-f4-rebuild,20260916-060407-m5-b-seedoss36b-lossless,20260916-060439-m5-lossless,2026-09-16T06:04:07+00:00,run_start,0,UNOBSERVABLE_HOST,,,b-seedoss36b,lossless,,,,,60,m5_quality_mi300x/lossless_b-seedoss36b.csv,full_gpu,_server,server_kv_cache_dtype_cmd,,auto(未指定),,20260916-060439-m5-lossless/full_gpu/server.log,,server_paperwork
20261010-075351-f4-rebuild,20260916-060407-m5-b-seedoss36b-lossless,20260916-060439-m5-lossless,2026-09-16T06:04:07+00:00,run_start,0,UNOBSERVABLE_HOST,,,b-seedoss36b,lossless,,,,,60,m5_quality_mi300x/lossless_b-seedoss36b.csv,full_gpu,_server,server_kv_cache_dtype_log,,auto(未出現在 non-default args),,20260916-060439-m5-lossless/full_gpu/server.log,,server_paperwork
20261010-075351-f4-rebuild,20260916-060407-m5-b-seedoss36b-lossless,20260916-060439-m5-lossless,2026-09-16T06:04:07+00:00,run_start,0,UNOBSERVABLE_HOST,,,b-seedoss36b,lossless,,,,,60,m5_quality_mi300x/lossless_b-seedoss36b.csv,full_gpu,_server,server_attention_backend_log,,ROCM_ATTN,,20260916-060439-m5-lossless/full_gpu/server.log,,server_paperwork
20261010-075351-f4-rebuild,20260916-060407-m5-b-seedoss36b-lossless,20260916-060439-m5-lossless,2026-09-16T06:04:07+00:00,run_start,0,UNOBSERVABLE_HOST,,,b-seedoss36b,lossless,,,,,60,m5_quality_mi300x/lossless_b-seedoss36b.csv,full_gpu,_server,server_gpu_kv_cache_tokens_log,413632.0,,,20260916-060439-m5-lossless/full_gpu/server.log,,server_paperwork
20261010-075351-f4-rebuild,20260916-060407-m5-b-seedoss36b-lossless,20260916-060439-m5-lossless,2026-09-16T06:04:07+00:00,run_start,0,UNOBSERVABLE_HOST,,,b-seedoss36b,lossless,,,,,60,m5_quality_mi300x/lossless_b-seedoss36b.csv,full_gpu,_server,server_max_model_len_cmd,13648,,,20260916-060439-m5-lossless/full_gpu/server.log,,server_paperwork
20261010-075351-f4-rebuild,20260916-060407-m5-b-seedoss36b-lossless,20260916-060439-m5-lossless,2026-09-16T06:04:07+00:00,run_start,0,UNOBSERVABLE_HOST,,,b-seedoss36b,lossless,,,,,60,m5_quality_mi300x/lossless_b-seedoss36b.csv,tier_fs,_server,server_kv_cache_dtype_cmd,,auto(未指定),,20260916-060439-m5-lossless/tier_fs/server.log,,server_paperwork
20261010-075351-f4-rebuild,20260916-060407-m5-b-seedoss36b-lossless,20260916-060439-m5-lossless,2026-09-16T06:04:07+00:00,run_start,0,UNOBSERVABLE_HOST,,,b-seedoss36b,lossless,,,,,60,m5_quality_mi300x/lossless_b-seedoss36b.csv,tier_fs,_server,server_kv_cache_dtype_log,,auto(未出現在 non-default args),,20260916-060439-m5-lossless/tier_fs/server.log,,server_paperwork
20261010-075351-f4-rebuild,20260916-060407-m5-b-seedoss36b-lossless,20260916-060439-m5-lossless,2026-09-16T06:04:07+00:00,run_start,0,UNOBSERVABLE_HOST,,,b-seedoss36b,lossless,,,,,60,m5_quality_mi300x/lossless_b-seedoss36b.csv,tier_fs,_server,server_attention_backend_log,,TRITON_ATTN,,20260916-060439-m5-lossless/tier_fs/server.log,,server_paperwork
20261010-075351-f4-rebuild,20260916-060407-m5-b-seedoss36b-lossless,20260916-060439-m5-lossless,2026-09-16T06:04:07+00:00,run_start,0,UNOBSERVABLE_HOST,,,b-seedoss36b,lossless,,,,,60,m5_quality_mi300x/lossless_b-seedoss36b.csv,tier_fs,_server,server_gpu_kv_cache_tokens_log,414112.0,,,20260916-060439-m5-lossless/tier_fs/server.log,,server_paperwork
20261010-075351-f4-rebuild,20260916-060407-m5-b-seedoss36b-lossless,20260916-060439-m5-lossless,2026-09-16T06:04:07+00:00,run_start,0,UNOBSERVABLE_HOST,,,b-seedoss36b,lossless,,,,,60,m5_quality_mi300x/lossless_b-seedoss36b.csv,tier_fs,_server,server_max_model_len_cmd,13648,,,20260916-060439-m5-lossless/tier_fs/server.log,,server_paperwork
20261010-075351-f4-rebuild,20260916-062139-m5-b-llama8b-needle,20260916-062212-m5-needle,2026-09-16T06:21:39+00:00,run_start,0,UNOBSERVABLE_HOST,,,b-llama8b,needle,65536,,,,,m5_quality_mi300x/needle_b-llama8b.csv,bf16,_server,server_kv_cache_dtype_cmd,,auto(未指定),,20260916-062212-m5-needle/bf16/server.log,,server_paperwork
20261010-075351-f4-rebuild,20260916-062139-m5-b-llama8b-needle,20260916-062212-m5-needle,2026-09-16T06:21:39+00:00,run_start,0,UNOBSERVABLE_HOST,,,b-llama8b,needle,65536,,,,,m5_quality_mi300x/needle_b-llama8b.csv,bf16,_server,server_kv_cache_dtype_log,,auto(未出現在 non-default args),,20260916-062212-m5-needle/bf16/server.log,,server_paperwork
20261010-075351-f4-rebuild,20260916-062139-m5-b-llama8b-needle,20260916-062212-m5-needle,2026-09-16T06:21:39+00:00,run_start,0,UNOBSERVABLE_HOST,,,b-llama8b,needle,65536,,,,,m5_quality_mi300x/needle_b-llama8b.csv,bf16,_server,server_attention_backend_log,,ROCM_ATTN,,20260916-062212-m5-needle/bf16/server.log,,server_paperwork
20261010-075351-f4-rebuild,20260916-062139-m5-b-llama8b-needle,20260916-062212-m5-needle,2026-09-16T06:21:39+00:00,run_start,0,UNOBSERVABLE_HOST,,,b-llama8b,needle,65536,,,,,m5_quality_mi300x/needle_b-llama8b.csv,bf16,_server,server_gpu_kv_cache_tokens_log,1267504.0,,,20260916-062212-m5-needle/bf16/server.log,,server_paperwork
20261010-075351-f4-rebuild,20260916-062139-m5-b-llama8b-needle,20260916-062212-m5-needle,2026-09-16T06:21:39+00:00,run_start,0,UNOBSERVABLE_HOST,,,b-llama8b,needle,65536,,,,,m5_quality_mi300x/needle_b-llama8b.csv,bf16,_server,server_max_model_len_cmd,66048,,,20260916-062212-m5-needle/bf16/server.log,,server_paperwork
20261010-075351-f4-rebuild,20260916-062139-m5-b-llama8b-needle,20260916-062212-m5-needle,2026-09-16T06:21:39+00:00,run_start,0,UNOBSERVABLE_HOST,,,b-llama8b,needle,65536,,,,,m5_quality_mi300x/needle_b-llama8b.csv,fp8,_server,server_kv_cache_dtype_cmd,,fp8,,20260916-062212-m5-needle/fp8/server.log,,server_paperwork
20261010-075351-f4-rebuild,20260916-062139-m5-b-llama8b-needle,20260916-062212-m5-needle,2026-09-16T06:21:39+00:00,run_start,0,UNOBSERVABLE_HOST,,,b-llama8b,needle,65536,,,,,m5_quality_mi300x/needle_b-llama8b.csv,fp8,_server,server_kv_cache_dtype_log,,fp8,,20260916-062212-m5-needle/fp8/server.log,,server_paperwork
20261010-075351-f4-rebuild,20260916-062139-m5-b-llama8b-needle,20260916-062212-m5-needle,2026-09-16T06:21:39+00:00,run_start,0,UNOBSERVABLE_HOST,,,b-llama8b,needle,65536,,,,,m5_quality_mi300x/needle_b-llama8b.csv,fp8,_server,server_attention_backend_log,,ROCM_ATTN,,20260916-062212-m5-needle/fp8/server.log,,server_paperwork
20261010-075351-f4-rebuild,20260916-062139-m5-b-llama8b-needle,20260916-062212-m5-needle,2026-09-16T06:21:39+00:00,run_start,0,UNOBSERVABLE_HOST,,,b-llama8b,needle,65536,,,,,m5_quality_mi300x/needle_b-llama8b.csv,fp8,_server,server_gpu_kv_cache_tokens_log,2535008.0,,,20260916-062212-m5-needle/fp8/server.log,,server_paperwork
20261010-075351-f4-rebuild,20260916-062139-m5-b-llama8b-needle,20260916-062212-m5-needle,2026-09-16T06:21:39+00:00,run_start,0,UNOBSERVABLE_HOST,,,b-llama8b,needle,65536,,,,,m5_quality_mi300x/needle_b-llama8b.csv,fp8,_server,server_max_model_len_cmd,66048,,,20260916-062212-m5-needle/fp8/server.log,,server_paperwork
20261010-075351-f4-rebuild,20260916-062139-m5-b-llama8b-needle,20260916-062212-m5-needle,2026-09-16T06:21:39+00:00,run_start,0,UNOBSERVABLE_HOST,,,b-llama8b,needle,65536,,,,,m5_quality_mi300x/needle_b-llama8b.csv,fp8_ptk,_server,server_kv_cache_dtype_cmd,,fp8_per_token_head,,20260916-062212-m5-needle/fp8_ptk/server.log,,server_paperwork
20261010-075351-f4-rebuild,20260916-062139-m5-b-llama8b-needle,20260916-062212-m5-needle,2026-09-16T06:21:39+00:00,run_start,0,UNOBSERVABLE_HOST,,,b-llama8b,needle,65536,,,,,m5_quality_mi300x/needle_b-llama8b.csv,fp8_ptk,_server,server_kv_cache_dtype_log,,fp8_per_token_head,,20260916-062212-m5-needle/fp8_ptk/server.log,,server_paperwork
20261010-075351-f4-rebuild,20260916-062139-m5-b-llama8b-needle,20260916-062212-m5-needle,2026-09-16T06:21:39+00:00,run_start,0,UNOBSERVABLE_HOST,,,b-llama8b,needle,65536,,,,,m5_quality_mi300x/needle_b-llama8b.csv,fp8_ptk,_server,server_attention_backend_log,,TRITON_ATTN,,20260916-062212-m5-needle/fp8_ptk/server.log,,server_paperwork
20261010-075351-f4-rebuild,20260916-062139-m5-b-llama8b-needle,20260916-062212-m5-needle,2026-09-16T06:21:39+00:00,run_start,0,UNOBSERVABLE_HOST,,,b-llama8b,needle,65536,,,,,m5_quality_mi300x/needle_b-llama8b.csv,fp8_ptk,_server,server_gpu_kv_cache_tokens_log,2458192.0,,,20260916-062212-m5-needle/fp8_ptk/server.log,,server_paperwork
20261010-075351-f4-rebuild,20260916-062139-m5-b-llama8b-needle,20260916-062212-m5-needle,2026-09-16T06:21:39+00:00,run_start,0,UNOBSERVABLE_HOST,,,b-llama8b,needle,65536,,,,,m5_quality_mi300x/needle_b-llama8b.csv,fp8_ptk,_server,server_max_model_len_cmd,66048,,,20260916-062212-m5-needle/fp8_ptk/server.log,,server_paperwork
20261010-075351-f4-rebuild,20260916-062139-m5-b-llama8b-needle,20260916-062212-m5-needle,2026-09-16T06:21:39+00:00,run_start,0,UNOBSERVABLE_HOST,,,b-llama8b,needle,65536,,,,,m5_quality_mi300x/needle_b-llama8b.csv,int4,_server,server_kv_cache_dtype_cmd,,int4_per_token_head,,20260916-062212-m5-needle/int4/server.log,,server_paperwork
20261010-075351-f4-rebuild,20260916-062139-m5-b-llama8b-needle,20260916-062212-m5-needle,2026-09-16T06:21:39+00:00,run_start,0,UNOBSERVABLE_HOST,,,b-llama8b,needle,65536,,,,,m5_quality_mi300x/needle_b-llama8b.csv,int4,_server,server_kv_cache_dtype_log,,int4_per_token_head,,20260916-062212-m5-needle/int4/server.log,,server_paperwork
20261010-075351-f4-rebuild,20260916-062139-m5-b-llama8b-needle,20260916-062212-m5-needle,2026-09-16T06:21:39+00:00,run_start,0,UNOBSERVABLE_HOST,,,b-llama8b,needle,65536,,,,,m5_quality_mi300x/needle_b-llama8b.csv,int4,_server,server_attention_backend_log,,TRITON_ATTN,,20260916-062212-m5-needle/int4/server.log,,server_paperwork
20261010-075351-f4-rebuild,20260916-062139-m5-b-llama8b-needle,20260916-062212-m5-needle,2026-09-16T06:21:39+00:00,run_start,0,UNOBSERVABLE_HOST,,,b-llama8b,needle,65536,,,,,m5_quality_mi300x/needle_b-llama8b.csv,int4,_server,server_gpu_kv_cache_tokens_log,4771792.0,,,20260916-062212-m5-needle/int4/server.log,,server_paperwork
20261010-075351-f4-rebuild,20260916-062139-m5-b-llama8b-needle,20260916-062212-m5-needle,2026-09-16T06:21:39+00:00,run_start,0,UNOBSERVABLE_HOST,,,b-llama8b,needle,65536,,,,,m5_quality_mi300x/needle_b-llama8b.csv,int4,_server,server_max_model_len_cmd,66048,,,20260916-062212-m5-needle/int4/server.log,,server_paperwork
20261010-075351-f4-rebuild,20260916-062139-m5-b-llama8b-needle,20260916-062212-m5-needle,2026-09-16T06:21:39+00:00,run_start,0,UNOBSERVABLE_HOST,,,b-llama8b,needle,65536,,,,,m5_quality_mi300x/needle_b-llama8b.csv,int8,_server,server_kv_cache_dtype_cmd,,int8_per_token_head,,20260916-062212-m5-needle/int8/server.log,,server_paperwork
20261010-075351-f4-rebuild,20260916-062139-m5-b-llama8b-needle,20260916-062212-m5-needle,2026-09-16T06:21:39+00:00,run_start,0,UNOBSERVABLE_HOST,,,b-llama8b,needle,65536,,,,,m5_quality_mi300x/needle_b-llama8b.csv,int8,_server,server_kv_cache_dtype_log,,int8_per_token_head,,20260916-062212-m5-needle/int8/server.log,,server_paperwork
20261010-075351-f4-rebuild,20260916-062139-m5-b-llama8b-needle,20260916-062212-m5-needle,2026-09-16T06:21:39+00:00,run_start,0,UNOBSERVABLE_HOST,,,b-llama8b,needle,65536,,,,,m5_quality_mi300x/needle_b-llama8b.csv,int8,_server,server_attention_backend_log,,TRITON_ATTN,,20260916-062212-m5-needle/int8/server.log,,server_paperwork
20261010-075351-f4-rebuild,20260916-062139-m5-b-llama8b-needle,20260916-062212-m5-needle,2026-09-16T06:21:39+00:00,run_start,0,UNOBSERVABLE_HOST,,,b-llama8b,needle,65536,,,,,m5_quality_mi300x/needle_b-llama8b.csv,int8,_server,server_gpu_kv_cache_tokens_log,2458192.0,,,20260916-062212-m5-needle/int8/server.log,,server_paperwork
20261010-075351-f4-rebuild,20260916-062139-m5-b-llama8b-needle,20260916-062212-m5-needle,2026-09-16T06:21:39+00:00,run_start,0,UNOBSERVABLE_HOST,,,b-llama8b,needle,65536,,,,,m5_quality_mi300x/needle_b-llama8b.csv,int8,_server,server_max_model_len_cmd,66048,,,20260916-062212-m5-needle/int8/server.log,,server_paperwork
20261010-075351-f4-rebuild,20260916-065920-m5-b-qwen7b-needle,20260916-065951-m5-needle,2026-09-16T06:59:20+00:00,run_start,0,UNOBSERVABLE_HOST,,,b-qwen7b-1m,needle,131072,,,,,m5_quality_mi300x/needle_b-qwen7b-1m.csv,bf16,_server,server_kv_cache_dtype_cmd,,auto(未指定),,20260916-065951-m5-needle/bf16/server.log,,server_paperwork
20261010-075351-f4-rebuild,20260916-065920-m5-b-qwen7b-needle,20260916-065951-m5-needle,2026-09-16T06:59:20+00:00,run_start,0,UNOBSERVABLE_HOST,,,b-qwen7b-1m,needle,131072,,,,,m5_quality_mi300x/needle_b-qwen7b-1m.csv,bf16,_server,server_kv_cache_dtype_log,,auto(未出現在 non-default args),,20260916-065951-m5-needle/bf16/server.log,,server_paperwork
20261010-075351-f4-rebuild,20260916-065920-m5-b-qwen7b-needle,20260916-065951-m5-needle,2026-09-16T06:59:20+00:00,run_start,0,UNOBSERVABLE_HOST,,,b-qwen7b-1m,needle,131072,,,,,m5_quality_mi300x/needle_b-qwen7b-1m.csv,bf16,_server,server_attention_backend_log,,ROCM_ATTN,,20260916-065951-m5-needle/bf16/server.log,,server_paperwork
20261010-075351-f4-rebuild,20260916-065920-m5-b-qwen7b-needle,20260916-065951-m5-needle,2026-09-16T06:59:20+00:00,run_start,0,UNOBSERVABLE_HOST,,,b-qwen7b-1m,needle,131072,,,,,m5_quality_mi300x/needle_b-qwen7b-1m.csv,bf16,_server,server_gpu_kv_cache_tokens_log,2889696.0,,,20260916-065951-m5-needle/bf16/server.log,,server_paperwork
20261010-075351-f4-rebuild,20260916-065920-m5-b-qwen7b-needle,20260916-065951-m5-needle,2026-09-16T06:59:20+00:00,run_start,0,UNOBSERVABLE_HOST,,,b-qwen7b-1m,needle,131072,,,,,m5_quality_mi300x/needle_b-qwen7b-1m.csv,bf16,_server,server_max_model_len_cmd,131584,,,20260916-065951-m5-needle/bf16/server.log,,server_paperwork
20261010-075351-f4-rebuild,20260916-065920-m5-b-qwen7b-needle,20260916-065951-m5-needle,2026-09-16T06:59:20+00:00,run_start,0,UNOBSERVABLE_HOST,,,b-qwen7b-1m,needle,131072,,,,,m5_quality_mi300x/needle_b-qwen7b-1m.csv,fp8,_server,server_kv_cache_dtype_cmd,,fp8,,20260916-065951-m5-needle/fp8/server.log,,server_paperwork
20261010-075351-f4-rebuild,20260916-065920-m5-b-qwen7b-needle,20260916-065951-m5-needle,2026-09-16T06:59:20+00:00,run_start,0,UNOBSERVABLE_HOST,,,b-qwen7b-1m,needle,131072,,,,,m5_quality_mi300x/needle_b-qwen7b-1m.csv,fp8,_server,server_kv_cache_dtype_log,,fp8,,20260916-065951-m5-needle/fp8/server.log,,server_paperwork
20261010-075351-f4-rebuild,20260916-065920-m5-b-qwen7b-needle,20260916-065951-m5-needle,2026-09-16T06:59:20+00:00,run_start,0,UNOBSERVABLE_HOST,,,b-qwen7b-1m,needle,131072,,,,,m5_quality_mi300x/needle_b-qwen7b-1m.csv,fp8,_server,server_attention_backend_log,,ROCM_ATTN,,20260916-065951-m5-needle/fp8/server.log,,server_paperwork
20261010-075351-f4-rebuild,20260916-065920-m5-b-qwen7b-needle,20260916-065951-m5-needle,2026-09-16T06:59:20+00:00,run_start,0,UNOBSERVABLE_HOST,,,b-qwen7b-1m,needle,131072,,,,,m5_quality_mi300x/needle_b-qwen7b-1m.csv,fp8,_server,server_gpu_kv_cache_tokens_log,5779408.0,,,20260916-065951-m5-needle/fp8/server.log,,server_paperwork
20261010-075351-f4-rebuild,20260916-065920-m5-b-qwen7b-needle,20260916-065951-m5-needle,2026-09-16T06:59:20+00:00,run_start,0,UNOBSERVABLE_HOST,,,b-qwen7b-1m,needle,131072,,,,,m5_quality_mi300x/needle_b-qwen7b-1m.csv,fp8,_server,server_max_model_len_cmd,131584,,,20260916-065951-m5-needle/fp8/server.log,,server_paperwork
20261010-075351-f4-rebuild,20260916-065920-m5-b-qwen7b-needle,20260916-065951-m5-needle,2026-09-16T06:59:20+00:00,run_start,0,UNOBSERVABLE_HOST,,,b-qwen7b-1m,needle,131072,,,,,m5_quality_mi300x/needle_b-qwen7b-1m.csv,fp8_ptk,_server,server_kv_cache_dtype_cmd,,fp8_per_token_head,,20260916-065951-m5-needle/fp8_ptk/server.log,,server_paperwork
20261010-075351-f4-rebuild,20260916-065920-m5-b-qwen7b-needle,20260916-065951-m5-needle,2026-09-16T06:59:20+00:00,run_start,0,UNOBSERVABLE_HOST,,,b-qwen7b-1m,needle,131072,,,,,m5_quality_mi300x/needle_b-qwen7b-1m.csv,fp8_ptk,_server,server_kv_cache_dtype_log,,fp8_per_token_head,,20260916-065951-m5-needle/fp8_ptk/server.log,,server_paperwork
20261010-075351-f4-rebuild,20260916-065920-m5-b-qwen7b-needle,20260916-065951-m5-needle,2026-09-16T06:59:20+00:00,run_start,0,UNOBSERVABLE_HOST,,,b-qwen7b-1m,needle,131072,,,,,m5_quality_mi300x/needle_b-qwen7b-1m.csv,fp8_ptk,_server,server_attention_backend_log,,TRITON_ATTN,,20260916-065951-m5-needle/fp8_ptk/server.log,,server_paperwork
20261010-075351-f4-rebuild,20260916-065920-m5-b-qwen7b-needle,20260916-065951-m5-needle,2026-09-16T06:59:20+00:00,run_start,0,UNOBSERVABLE_HOST,,,b-qwen7b-1m,needle,131072,,,,,m5_quality_mi300x/needle_b-qwen7b-1m.csv,fp8_ptk,_server,server_gpu_kv_cache_tokens_log,5604272.0,,,20260916-065951-m5-needle/fp8_ptk/server.log,,server_paperwork
20261010-075351-f4-rebuild,20260916-065920-m5-b-qwen7b-needle,20260916-065951-m5-needle,2026-09-16T06:59:20+00:00,run_start,0,UNOBSERVABLE_HOST,,,b-qwen7b-1m,needle,131072,,,,,m5_quality_mi300x/needle_b-qwen7b-1m.csv,fp8_ptk,_server,server_max_model_len_cmd,131584,,,20260916-065951-m5-needle/fp8_ptk/server.log,,server_paperwork
20261010-075351-f4-rebuild,20260916-065920-m5-b-qwen7b-needle,20260916-065951-m5-needle,2026-09-16T06:59:20+00:00,run_start,0,UNOBSERVABLE_HOST,,,b-qwen7b-1m,needle,131072,,,,,m5_quality_mi300x/needle_b-qwen7b-1m.csv,int4,_server,server_kv_cache_dtype_cmd,,int4_per_token_head,,20260916-065951-m5-needle/int4/server.log,,server_paperwork
20261010-075351-f4-rebuild,20260916-065920-m5-b-qwen7b-needle,20260916-065951-m5-needle,2026-09-16T06:59:20+00:00,run_start,0,UNOBSERVABLE_HOST,,,b-qwen7b-1m,needle,131072,,,,,m5_quality_mi300x/needle_b-qwen7b-1m.csv,int4,_server,server_kv_cache_dtype_log,,int4_per_token_head,,20260916-065951-m5-needle/int4/server.log,,server_paperwork
20261010-075351-f4-rebuild,20260916-065920-m5-b-qwen7b-needle,20260916-065951-m5-needle,2026-09-16T06:59:20+00:00,run_start,0,UNOBSERVABLE_HOST,,,b-qwen7b-1m,needle,131072,,,,,m5_quality_mi300x/needle_b-qwen7b-1m.csv,int4,_server,server_attention_backend_log,,TRITON_ATTN,,20260916-065951-m5-needle/int4/server.log,,server_paperwork
20261010-075351-f4-rebuild,20260916-065920-m5-b-qwen7b-needle,20260916-065951-m5-needle,2026-09-16T06:59:20+00:00,run_start,0,UNOBSERVABLE_HOST,,,b-qwen7b-1m,needle,131072,,,,,m5_quality_mi300x/needle_b-qwen7b-1m.csv,int4,_server,server_gpu_kv_cache_tokens_log,10878880.0,,,20260916-065951-m5-needle/int4/server.log,,server_paperwork
20261010-075351-f4-rebuild,20260916-065920-m5-b-qwen7b-needle,20260916-065951-m5-needle,2026-09-16T06:59:20+00:00,run_start,0,UNOBSERVABLE_HOST,,,b-qwen7b-1m,needle,131072,,,,,m5_quality_mi300x/needle_b-qwen7b-1m.csv,int4,_server,server_max_model_len_cmd,131584,,,20260916-065951-m5-needle/int4/server.log,,server_paperwork
20261010-075351-f4-rebuild,20260916-065920-m5-b-qwen7b-needle,20260916-065951-m5-needle,2026-09-16T06:59:20+00:00,run_start,0,UNOBSERVABLE_HOST,,,b-qwen7b-1m,needle,131072,,,,,m5_quality_mi300x/needle_b-qwen7b-1m.csv,int8,_server,server_kv_cache_dtype_cmd,,int8_per_token_head,,20260916-065951-m5-needle/int8/server.log,,server_paperwork
20261010-075351-f4-rebuild,20260916-065920-m5-b-qwen7b-needle,20260916-065951-m5-needle,2026-09-16T06:59:20+00:00,run_start,0,UNOBSERVABLE_HOST,,,b-qwen7b-1m,needle,131072,,,,,m5_quality_mi300x/needle_b-qwen7b-1m.csv,int8,_server,server_kv_cache_dtype_log,,int8_per_token_head,,20260916-065951-m5-needle/int8/server.log,,server_paperwork
20261010-075351-f4-rebuild,20260916-065920-m5-b-qwen7b-needle,20260916-065951-m5-needle,2026-09-16T06:59:20+00:00,run_start,0,UNOBSERVABLE_HOST,,,b-qwen7b-1m,needle,131072,,,,,m5_quality_mi300x/needle_b-qwen7b-1m.csv,int8,_server,server_attention_backend_log,,TRITON_ATTN,,20260916-065951-m5-needle/int8/server.log,,server_paperwork
20261010-075351-f4-rebuild,20260916-065920-m5-b-qwen7b-needle,20260916-065951-m5-needle,2026-09-16T06:59:20+00:00,run_start,0,UNOBSERVABLE_HOST,,,b-qwen7b-1m,needle,131072,,,,,m5_quality_mi300x/needle_b-qwen7b-1m.csv,int8,_server,server_gpu_kv_cache_tokens_log,5604272.0,,,20260916-065951-m5-needle/int8/server.log,,server_paperwork
20261010-075351-f4-rebuild,20260916-065920-m5-b-qwen7b-needle,20260916-065951-m5-needle,2026-09-16T06:59:20+00:00,run_start,0,UNOBSERVABLE_HOST,,,b-qwen7b-1m,needle,131072,,,,,m5_quality_mi300x/needle_b-qwen7b-1m.csv,int8,_server,server_max_model_len_cmd,131584,,,20260916-065951-m5-needle/int8/server.log,,server_paperwork
20261010-075351-f4-rebuild,20260916-084900-m5-b-qwen3moe-needle,20260916-084932-m5-needle,2026-09-16T08:49:00+00:00,run_start,0,UNOBSERVABLE_HOST,,,b-qwen3-30b-a3b,needle,131072,,,,,m5_quality_mi300x/needle_b-qwen3-30b-a3b.csv,bf16,_server,server_kv_cache_dtype_cmd,,auto(未指定),,20260916-084932-m5-needle/bf16/server.log,,server_paperwork
20261010-075351-f4-rebuild,20260916-084900-m5-b-qwen3moe-needle,20260916-084932-m5-needle,2026-09-16T08:49:00+00:00,run_start,0,UNOBSERVABLE_HOST,,,b-qwen3-30b-a3b,needle,131072,,,,,m5_quality_mi300x/needle_b-qwen3-30b-a3b.csv,bf16,_server,server_kv_cache_dtype_log,,auto(未出現在 non-default args),,20260916-084932-m5-needle/bf16/server.log,,server_paperwork
20261010-075351-f4-rebuild,20260916-084900-m5-b-qwen3moe-needle,20260916-084932-m5-needle,2026-09-16T08:49:00+00:00,run_start,0,UNOBSERVABLE_HOST,,,b-qwen3-30b-a3b,needle,131072,,,,,m5_quality_mi300x/needle_b-qwen3-30b-a3b.csv,bf16,_server,server_attention_backend_log,,ROCM_ATTN,,20260916-084932-m5-needle/bf16/server.log,,server_paperwork
20261010-075351-f4-rebuild,20260916-084900-m5-b-qwen3moe-needle,20260916-084932-m5-needle,2026-09-16T08:49:00+00:00,run_start,0,UNOBSERVABLE_HOST,,,b-qwen3-30b-a3b,needle,131072,,,,,m5_quality_mi300x/needle_b-qwen3-30b-a3b.csv,bf16,_server,server_gpu_kv_cache_tokens_log,947856.0,,,20260916-084932-m5-needle/bf16/server.log,,server_paperwork
20261010-075351-f4-rebuild,20260916-084900-m5-b-qwen3moe-needle,20260916-084932-m5-needle,2026-09-16T08:49:00+00:00,run_start,0,UNOBSERVABLE_HOST,,,b-qwen3-30b-a3b,needle,131072,,,,,m5_quality_mi300x/needle_b-qwen3-30b-a3b.csv,bf16,_server,server_max_model_len_cmd,131584,,,20260916-084932-m5-needle/bf16/server.log,,server_paperwork
20261010-075351-f4-rebuild,20260916-084900-m5-b-qwen3moe-needle,20260916-084932-m5-needle,2026-09-16T08:49:00+00:00,run_start,0,UNOBSERVABLE_HOST,,,b-qwen3-30b-a3b,needle,131072,,,,,m5_quality_mi300x/needle_b-qwen3-30b-a3b.csv,fp8,_server,server_kv_cache_dtype_cmd,,fp8,,20260916-084932-m5-needle/fp8/server.log,,server_paperwork
20261010-075351-f4-rebuild,20260916-084900-m5-b-qwen3moe-needle,20260916-084932-m5-needle,2026-09-16T08:49:00+00:00,run_start,0,UNOBSERVABLE_HOST,,,b-qwen3-30b-a3b,needle,131072,,,,,m5_quality_mi300x/needle_b-qwen3-30b-a3b.csv,fp8,_server,server_kv_cache_dtype_log,,fp8,,20260916-084932-m5-needle/fp8/server.log,,server_paperwork
20261010-075351-f4-rebuild,20260916-084900-m5-b-qwen3moe-needle,20260916-084932-m5-needle,2026-09-16T08:49:00+00:00,run_start,0,UNOBSERVABLE_HOST,,,b-qwen3-30b-a3b,needle,131072,,,,,m5_quality_mi300x/needle_b-qwen3-30b-a3b.csv,fp8,_server,server_attention_backend_log,,ROCM_ATTN,,20260916-084932-m5-needle/fp8/server.log,,server_paperwork
20261010-075351-f4-rebuild,20260916-084900-m5-b-qwen3moe-needle,20260916-084932-m5-needle,2026-09-16T08:49:00+00:00,run_start,0,UNOBSERVABLE_HOST,,,b-qwen3-30b-a3b,needle,131072,,,,,m5_quality_mi300x/needle_b-qwen3-30b-a3b.csv,fp8,_server,server_gpu_kv_cache_tokens_log,1895728.0,,,20260916-084932-m5-needle/fp8/server.log,,server_paperwork
20261010-075351-f4-rebuild,20260916-084900-m5-b-qwen3moe-needle,20260916-084932-m5-needle,2026-09-16T08:49:00+00:00,run_start,0,UNOBSERVABLE_HOST,,,b-qwen3-30b-a3b,needle,131072,,,,,m5_quality_mi300x/needle_b-qwen3-30b-a3b.csv,fp8,_server,server_max_model_len_cmd,131584,,,20260916-084932-m5-needle/fp8/server.log,,server_paperwork
20261010-075351-f4-rebuild,20260916-084900-m5-b-qwen3moe-needle,20260916-084932-m5-needle,2026-09-16T08:49:00+00:00,run_start,0,UNOBSERVABLE_HOST,,,b-qwen3-30b-a3b,needle,131072,,,,,m5_quality_mi300x/needle_b-qwen3-30b-a3b.csv,fp8_ptk,_server,server_kv_cache_dtype_cmd,,fp8_per_token_head,,20260916-084932-m5-needle/fp8_ptk/server.log,,server_paperwork
20261010-075351-f4-rebuild,20260916-084900-m5-b-qwen3moe-needle,20260916-084932-m5-needle,2026-09-16T08:49:00+00:00,run_start,0,UNOBSERVABLE_HOST,,,b-qwen3-30b-a3b,needle,131072,,,,,m5_quality_mi300x/needle_b-qwen3-30b-a3b.csv,fp8_ptk,_server,server_kv_cache_dtype_log,,fp8_per_token_head,,20260916-084932-m5-needle/fp8_ptk/server.log,,server_paperwork
20261010-075351-f4-rebuild,20260916-084900-m5-b-qwen3moe-needle,20260916-084932-m5-needle,2026-09-16T08:49:00+00:00,run_start,0,UNOBSERVABLE_HOST,,,b-qwen3-30b-a3b,needle,131072,,,,,m5_quality_mi300x/needle_b-qwen3-30b-a3b.csv,fp8_ptk,_server,server_attention_backend_log,,TRITON_ATTN,,20260916-084932-m5-needle/fp8_ptk/server.log,,server_paperwork
20261010-075351-f4-rebuild,20260916-084900-m5-b-qwen3moe-needle,20260916-084932-m5-needle,2026-09-16T08:49:00+00:00,run_start,0,UNOBSERVABLE_HOST,,,b-qwen3-30b-a3b,needle,131072,,,,,m5_quality_mi300x/needle_b-qwen3-30b-a3b.csv,fp8_ptk,_server,server_gpu_kv_cache_tokens_log,1838288.0,,,20260916-084932-m5-needle/fp8_ptk/server.log,,server_paperwork
20261010-075351-f4-rebuild,20260916-084900-m5-b-qwen3moe-needle,20260916-084932-m5-needle,2026-09-16T08:49:00+00:00,run_start,0,UNOBSERVABLE_HOST,,,b-qwen3-30b-a3b,needle,131072,,,,,m5_quality_mi300x/needle_b-qwen3-30b-a3b.csv,fp8_ptk,_server,server_max_model_len_cmd,131584,,,20260916-084932-m5-needle/fp8_ptk/server.log,,server_paperwork
20261010-075351-f4-rebuild,20260916-084900-m5-b-qwen3moe-needle,20260916-084932-m5-needle,2026-09-16T08:49:00+00:00,run_start,0,UNOBSERVABLE_HOST,,,b-qwen3-30b-a3b,needle,131072,,,,,m5_quality_mi300x/needle_b-qwen3-30b-a3b.csv,int4,_server,server_kv_cache_dtype_cmd,,int4_per_token_head,,20260916-084932-m5-needle/int4/server.log,,server_paperwork
20261010-075351-f4-rebuild,20260916-084900-m5-b-qwen3moe-needle,20260916-084932-m5-needle,2026-09-16T08:49:00+00:00,run_start,0,UNOBSERVABLE_HOST,,,b-qwen3-30b-a3b,needle,131072,,,,,m5_quality_mi300x/needle_b-qwen3-30b-a3b.csv,int4,_server,server_kv_cache_dtype_log,,int4_per_token_head,,20260916-084932-m5-needle/int4/server.log,,server_paperwork
20261010-075351-f4-rebuild,20260916-084900-m5-b-qwen3moe-needle,20260916-084932-m5-needle,2026-09-16T08:49:00+00:00,run_start,0,UNOBSERVABLE_HOST,,,b-qwen3-30b-a3b,needle,131072,,,,,m5_quality_mi300x/needle_b-qwen3-30b-a3b.csv,int4,_server,server_attention_backend_log,,TRITON_ATTN,,20260916-084932-m5-needle/int4/server.log,,server_paperwork
20261010-075351-f4-rebuild,20260916-084900-m5-b-qwen3moe-needle,20260916-084932-m5-needle,2026-09-16T08:49:00+00:00,run_start,0,UNOBSERVABLE_HOST,,,b-qwen3-30b-a3b,needle,131072,,,,,m5_quality_mi300x/needle_b-qwen3-30b-a3b.csv,int4,_server,server_gpu_kv_cache_tokens_log,3568208.0,,,20260916-084932-m5-needle/int4/server.log,,server_paperwork
20261010-075351-f4-rebuild,20260916-084900-m5-b-qwen3moe-needle,20260916-084932-m5-needle,2026-09-16T08:49:00+00:00,run_start,0,UNOBSERVABLE_HOST,,,b-qwen3-30b-a3b,needle,131072,,,,,m5_quality_mi300x/needle_b-qwen3-30b-a3b.csv,int4,_server,server_max_model_len_cmd,131584,,,20260916-084932-m5-needle/int4/server.log,,server_paperwork
20261010-075351-f4-rebuild,20260916-084900-m5-b-qwen3moe-needle,20260916-084932-m5-needle,2026-09-16T08:49:00+00:00,run_start,0,UNOBSERVABLE_HOST,,,b-qwen3-30b-a3b,needle,131072,,,,,m5_quality_mi300x/needle_b-qwen3-30b-a3b.csv,int8,_server,server_kv_cache_dtype_cmd,,int8_per_token_head,,20260916-084932-m5-needle/int8/server.log,,server_paperwork
20261010-075351-f4-rebuild,20260916-084900-m5-b-qwen3moe-needle,20260916-084932-m5-needle,2026-09-16T08:49:00+00:00,run_start,0,UNOBSERVABLE_HOST,,,b-qwen3-30b-a3b,needle,131072,,,,,m5_quality_mi300x/needle_b-qwen3-30b-a3b.csv,int8,_server,server_kv_cache_dtype_log,,int8_per_token_head,,20260916-084932-m5-needle/int8/server.log,,server_paperwork
20261010-075351-f4-rebuild,20260916-084900-m5-b-qwen3moe-needle,20260916-084932-m5-needle,2026-09-16T08:49:00+00:00,run_start,0,UNOBSERVABLE_HOST,,,b-qwen3-30b-a3b,needle,131072,,,,,m5_quality_mi300x/needle_b-qwen3-30b-a3b.csv,int8,_server,server_attention_backend_log,,TRITON_ATTN,,20260916-084932-m5-needle/int8/server.log,,server_paperwork
20261010-075351-f4-rebuild,20260916-084900-m5-b-qwen3moe-needle,20260916-084932-m5-needle,2026-09-16T08:49:00+00:00,run_start,0,UNOBSERVABLE_HOST,,,b-qwen3-30b-a3b,needle,131072,,,,,m5_quality_mi300x/needle_b-qwen3-30b-a3b.csv,int8,_server,server_gpu_kv_cache_tokens_log,1838288.0,,,20260916-084932-m5-needle/int8/server.log,,server_paperwork
20261010-075351-f4-rebuild,20260916-084900-m5-b-qwen3moe-needle,20260916-084932-m5-needle,2026-09-16T08:49:00+00:00,run_start,0,UNOBSERVABLE_HOST,,,b-qwen3-30b-a3b,needle,131072,,,,,m5_quality_mi300x/needle_b-qwen3-30b-a3b.csv,int8,_server,server_max_model_len_cmd,131584,,,20260916-084932-m5-needle/int8/server.log,,server_paperwork
20261010-075351-f4-rebuild,20260916-161649-m5-b-seedoss-needle,20260916-161720-m5-needle,2026-09-16T16:16:49+00:00,run_start,0,UNOBSERVABLE_HOST,,,b-seedoss36b,needle,65536,,,,,m5_quality_mi300x/needle_b-seedoss36b.csv,bf16,_server,server_kv_cache_dtype_cmd,,auto(未指定),,20260916-161720-m5-needle/bf16/server.log,,server_paperwork
20261010-075351-f4-rebuild,20260916-161649-m5-b-seedoss-needle,20260916-161720-m5-needle,2026-09-16T16:16:49+00:00,run_start,0,UNOBSERVABLE_HOST,,,b-seedoss36b,needle,65536,,,,,m5_quality_mi300x/needle_b-seedoss36b.csv,bf16,_server,server_kv_cache_dtype_log,,auto(未出現在 non-default args),,20260916-161720-m5-needle/bf16/server.log,,server_paperwork
20261010-075351-f4-rebuild,20260916-161649-m5-b-seedoss-needle,20260916-161720-m5-needle,2026-09-16T16:16:49+00:00,run_start,0,UNOBSERVABLE_HOST,,,b-seedoss36b,needle,65536,,,,,m5_quality_mi300x/needle_b-seedoss36b.csv,bf16,_server,server_attention_backend_log,,ROCM_ATTN,,20260916-161720-m5-needle/bf16/server.log,,server_paperwork
20261010-075351-f4-rebuild,20260916-161649-m5-b-seedoss-needle,20260916-161720-m5-needle,2026-09-16T16:16:49+00:00,run_start,0,UNOBSERVABLE_HOST,,,b-seedoss36b,needle,65536,,,,,m5_quality_mi300x/needle_b-seedoss36b.csv,bf16,_server,server_gpu_kv_cache_tokens_log,413632.0,,,20260916-161720-m5-needle/bf16/server.log,,server_paperwork
20261010-075351-f4-rebuild,20260916-161649-m5-b-seedoss-needle,20260916-161720-m5-needle,2026-09-16T16:16:49+00:00,run_start,0,UNOBSERVABLE_HOST,,,b-seedoss36b,needle,65536,,,,,m5_quality_mi300x/needle_b-seedoss36b.csv,bf16,_server,server_max_model_len_cmd,66048,,,20260916-161720-m5-needle/bf16/server.log,,server_paperwork
20261010-075351-f4-rebuild,20260916-161649-m5-b-seedoss-needle,20260916-161720-m5-needle,2026-09-16T16:16:49+00:00,run_start,0,UNOBSERVABLE_HOST,,,b-seedoss36b,needle,65536,,,,,m5_quality_mi300x/needle_b-seedoss36b.csv,fp8,_server,server_kv_cache_dtype_cmd,,fp8,,20260916-161720-m5-needle/fp8/server.log,,server_paperwork
20261010-075351-f4-rebuild,20260916-161649-m5-b-seedoss-needle,20260916-161720-m5-needle,2026-09-16T16:16:49+00:00,run_start,0,UNOBSERVABLE_HOST,,,b-seedoss36b,needle,65536,,,,,m5_quality_mi300x/needle_b-seedoss36b.csv,fp8,_server,server_kv_cache_dtype_log,,fp8,,20260916-161720-m5-needle/fp8/server.log,,server_paperwork
20261010-075351-f4-rebuild,20260916-161649-m5-b-seedoss-needle,20260916-161720-m5-needle,2026-09-16T16:16:49+00:00,run_start,0,UNOBSERVABLE_HOST,,,b-seedoss36b,needle,65536,,,,,m5_quality_mi300x/needle_b-seedoss36b.csv,fp8,_server,server_attention_backend_log,,ROCM_ATTN,,20260916-161720-m5-needle/fp8/server.log,,server_paperwork
20261010-075351-f4-rebuild,20260916-161649-m5-b-seedoss-needle,20260916-161720-m5-needle,2026-09-16T16:16:49+00:00,run_start,0,UNOBSERVABLE_HOST,,,b-seedoss36b,needle,65536,,,,,m5_quality_mi300x/needle_b-seedoss36b.csv,fp8,_server,server_gpu_kv_cache_tokens_log,827264.0,,,20260916-161720-m5-needle/fp8/server.log,,server_paperwork
20261010-075351-f4-rebuild,20260916-161649-m5-b-seedoss-needle,20260916-161720-m5-needle,2026-09-16T16:16:49+00:00,run_start,0,UNOBSERVABLE_HOST,,,b-seedoss36b,needle,65536,,,,,m5_quality_mi300x/needle_b-seedoss36b.csv,fp8,_server,server_max_model_len_cmd,66048,,,20260916-161720-m5-needle/fp8/server.log,,server_paperwork
20261010-075351-f4-rebuild,20260916-161649-m5-b-seedoss-needle,20260916-161720-m5-needle,2026-09-16T16:16:49+00:00,run_start,0,UNOBSERVABLE_HOST,,,b-seedoss36b,needle,65536,,,,,m5_quality_mi300x/needle_b-seedoss36b.csv,fp8_ptk,_server,server_kv_cache_dtype_cmd,,fp8_per_token_head,,20260916-161720-m5-needle/fp8_ptk/server.log,,server_paperwork
20261010-075351-f4-rebuild,20260916-161649-m5-b-seedoss-needle,20260916-161720-m5-needle,2026-09-16T16:16:49+00:00,run_start,0,UNOBSERVABLE_HOST,,,b-seedoss36b,needle,65536,,,,,m5_quality_mi300x/needle_b-seedoss36b.csv,fp8_ptk,_server,server_kv_cache_dtype_log,,fp8_per_token_head,,20260916-161720-m5-needle/fp8_ptk/server.log,,server_paperwork
20261010-075351-f4-rebuild,20260916-161649-m5-b-seedoss-needle,20260916-161720-m5-needle,2026-09-16T16:16:49+00:00,run_start,0,UNOBSERVABLE_HOST,,,b-seedoss36b,needle,65536,,,,,m5_quality_mi300x/needle_b-seedoss36b.csv,fp8_ptk,_server,server_attention_backend_log,,TRITON_ATTN,,20260916-161720-m5-needle/fp8_ptk/server.log,,server_paperwork
20261010-075351-f4-rebuild,20260916-161649-m5-b-seedoss-needle,20260916-161720-m5-needle,2026-09-16T16:16:49+00:00,run_start,0,UNOBSERVABLE_HOST,,,b-seedoss36b,needle,65536,,,,,m5_quality_mi300x/needle_b-seedoss36b.csv,fp8_ptk,_server,server_gpu_kv_cache_tokens_log,802192.0,,,20260916-161720-m5-needle/fp8_ptk/server.log,,server_paperwork
20261010-075351-f4-rebuild,20260916-161649-m5-b-seedoss-needle,20260916-161720-m5-needle,2026-09-16T16:16:49+00:00,run_start,0,UNOBSERVABLE_HOST,,,b-seedoss36b,needle,65536,,,,,m5_quality_mi300x/needle_b-seedoss36b.csv,fp8_ptk,_server,server_max_model_len_cmd,66048,,,20260916-161720-m5-needle/fp8_ptk/server.log,,server_paperwork
20261010-075351-f4-rebuild,20260916-161649-m5-b-seedoss-needle,20260916-161720-m5-needle,2026-09-16T16:16:49+00:00,run_start,0,UNOBSERVABLE_HOST,,,b-seedoss36b,needle,65536,,,,,m5_quality_mi300x/needle_b-seedoss36b.csv,int4,_server,server_kv_cache_dtype_cmd,,int4_per_token_head,,20260916-161720-m5-needle/int4/server.log,,server_paperwork
20261010-075351-f4-rebuild,20260916-161649-m5-b-seedoss-needle,20260916-161720-m5-needle,2026-09-16T16:16:49+00:00,run_start,0,UNOBSERVABLE_HOST,,,b-seedoss36b,needle,65536,,,,,m5_quality_mi300x/needle_b-seedoss36b.csv,int4,_server,server_kv_cache_dtype_log,,int4_per_token_head,,20260916-161720-m5-needle/int4/server.log,,server_paperwork
20261010-075351-f4-rebuild,20260916-161649-m5-b-seedoss-needle,20260916-161720-m5-needle,2026-09-16T16:16:49+00:00,run_start,0,UNOBSERVABLE_HOST,,,b-seedoss36b,needle,65536,,,,,m5_quality_mi300x/needle_b-seedoss36b.csv,int4,_server,server_attention_backend_log,,TRITON_ATTN,,20260916-161720-m5-needle/int4/server.log,,server_paperwork
20261010-075351-f4-rebuild,20260916-161649-m5-b-seedoss-needle,20260916-161720-m5-needle,2026-09-16T16:16:49+00:00,run_start,0,UNOBSERVABLE_HOST,,,b-seedoss36b,needle,65536,,,,,m5_quality_mi300x/needle_b-seedoss36b.csv,int4,_server,server_gpu_kv_cache_tokens_log,1557200.0,,,20260916-161720-m5-needle/int4/server.log,,server_paperwork
20261010-075351-f4-rebuild,20260916-161649-m5-b-seedoss-needle,20260916-161720-m5-needle,2026-09-16T16:16:49+00:00,run_start,0,UNOBSERVABLE_HOST,,,b-seedoss36b,needle,65536,,,,,m5_quality_mi300x/needle_b-seedoss36b.csv,int4,_server,server_max_model_len_cmd,66048,,,20260916-161720-m5-needle/int4/server.log,,server_paperwork
20261010-075351-f4-rebuild,20260916-161649-m5-b-seedoss-needle,20260916-161720-m5-needle,2026-09-16T16:16:49+00:00,run_start,0,UNOBSERVABLE_HOST,,,b-seedoss36b,needle,65536,,,,,m5_quality_mi300x/needle_b-seedoss36b.csv,int8,_server,server_kv_cache_dtype_cmd,,int8_per_token_head,,20260916-161720-m5-needle/int8/server.log,,server_paperwork
20261010-075351-f4-rebuild,20260916-161649-m5-b-seedoss-needle,20260916-161720-m5-needle,2026-09-16T16:16:49+00:00,run_start,0,UNOBSERVABLE_HOST,,,b-seedoss36b,needle,65536,,,,,m5_quality_mi300x/needle_b-seedoss36b.csv,int8,_server,server_kv_cache_dtype_log,,int8_per_token_head,,20260916-161720-m5-needle/int8/server.log,,server_paperwork
20261010-075351-f4-rebuild,20260916-161649-m5-b-seedoss-needle,20260916-161720-m5-needle,2026-09-16T16:16:49+00:00,run_start,0,UNOBSERVABLE_HOST,,,b-seedoss36b,needle,65536,,,,,m5_quality_mi300x/needle_b-seedoss36b.csv,int8,_server,server_attention_backend_log,,TRITON_ATTN,,20260916-161720-m5-needle/int8/server.log,,server_paperwork
20261010-075351-f4-rebuild,20260916-161649-m5-b-seedoss-needle,20260916-161720-m5-needle,2026-09-16T16:16:49+00:00,run_start,0,UNOBSERVABLE_HOST,,,b-seedoss36b,needle,65536,,,,,m5_quality_mi300x/needle_b-seedoss36b.csv,int8,_server,server_gpu_kv_cache_tokens_log,802192.0,,,20260916-161720-m5-needle/int8/server.log,,server_paperwork
20261010-075351-f4-rebuild,20260916-161649-m5-b-seedoss-needle,20260916-161720-m5-needle,2026-09-16T16:16:49+00:00,run_start,0,UNOBSERVABLE_HOST,,,b-seedoss36b,needle,65536,,,,,m5_quality_mi300x/needle_b-seedoss36b.csv,int8,_server,server_max_model_len_cmd,66048,,,20260916-161720-m5-needle/int8/server.log,,server_paperwork
20261010-075351-f4-rebuild,20260916-192213-m5-b-llama8b-precision,20260916-192245-m5-precision,2026-09-16T19:22:13+00:00,run_start,0,UNOBSERVABLE_HOST,,,b-llama8b,precision,,,,,120,m5_quality_mi300x/gsm8k_precision_b-llama8b.csv,bf16,_server,server_kv_cache_dtype_cmd,,auto(未指定),,20260916-192245-m5-precision/bf16/server.log,,server_paperwork
20261010-075351-f4-rebuild,20260916-192213-m5-b-llama8b-precision,20260916-192245-m5-precision,2026-09-16T19:22:13+00:00,run_start,0,UNOBSERVABLE_HOST,,,b-llama8b,precision,,,,,120,m5_quality_mi300x/gsm8k_precision_b-llama8b.csv,bf16,_server,server_kv_cache_dtype_log,,auto(未出現在 non-default args),,20260916-192245-m5-precision/bf16/server.log,,server_paperwork
20261010-075351-f4-rebuild,20260916-192213-m5-b-llama8b-precision,20260916-192245-m5-precision,2026-09-16T19:22:13+00:00,run_start,0,UNOBSERVABLE_HOST,,,b-llama8b,precision,,,,,120,m5_quality_mi300x/gsm8k_precision_b-llama8b.csv,bf16,_server,server_attention_backend_log,,ROCM_ATTN,,20260916-192245-m5-precision/bf16/server.log,,server_paperwork
20261010-075351-f4-rebuild,20260916-192213-m5-b-llama8b-precision,20260916-192245-m5-precision,2026-09-16T19:22:13+00:00,run_start,0,UNOBSERVABLE_HOST,,,b-llama8b,precision,,,,,120,m5_quality_mi300x/gsm8k_precision_b-llama8b.csv,bf16,_server,server_gpu_kv_cache_tokens_log,1269841.0,,,20260916-192245-m5-precision/bf16/server.log,,server_paperwork
20261010-075351-f4-rebuild,20260916-192213-m5-b-llama8b-precision,20260916-192245-m5-precision,2026-09-16T19:22:13+00:00,run_start,0,UNOBSERVABLE_HOST,,,b-llama8b,precision,,,,,120,m5_quality_mi300x/gsm8k_precision_b-llama8b.csv,bf16,_server,server_max_model_len_cmd,11813,,,20260916-192245-m5-precision/bf16/server.log,,server_paperwork
20261010-075351-f4-rebuild,20260916-192213-m5-b-llama8b-precision,20260916-192245-m5-precision,2026-09-16T19:22:13+00:00,run_start,0,UNOBSERVABLE_HOST,,,b-llama8b,precision,,,,,120,m5_quality_mi300x/gsm8k_precision_b-llama8b.csv,fp8,_server,server_kv_cache_dtype_cmd,,fp8,,20260916-192245-m5-precision/fp8/server.log,,server_paperwork
20261010-075351-f4-rebuild,20260916-192213-m5-b-llama8b-precision,20260916-192245-m5-precision,2026-09-16T19:22:13+00:00,run_start,0,UNOBSERVABLE_HOST,,,b-llama8b,precision,,,,,120,m5_quality_mi300x/gsm8k_precision_b-llama8b.csv,fp8,_server,server_kv_cache_dtype_log,,fp8,,20260916-192245-m5-precision/fp8/server.log,,server_paperwork
20261010-075351-f4-rebuild,20260916-192213-m5-b-llama8b-precision,20260916-192245-m5-precision,2026-09-16T19:22:13+00:00,run_start,0,UNOBSERVABLE_HOST,,,b-llama8b,precision,,,,,120,m5_quality_mi300x/gsm8k_precision_b-llama8b.csv,fp8,_server,server_attention_backend_log,,ROCM_ATTN,,20260916-192245-m5-precision/fp8/server.log,,server_paperwork
20261010-075351-f4-rebuild,20260916-192213-m5-b-llama8b-precision,20260916-192245-m5-precision,2026-09-16T19:22:13+00:00,run_start,0,UNOBSERVABLE_HOST,,,b-llama8b,precision,,,,,120,m5_quality_mi300x/gsm8k_precision_b-llama8b.csv,fp8,_server,server_gpu_kv_cache_tokens_log,2532649.0,,,20260916-192245-m5-precision/fp8/server.log,,server_paperwork
20261010-075351-f4-rebuild,20260916-192213-m5-b-llama8b-precision,20260916-192245-m5-precision,2026-09-16T19:22:13+00:00,run_start,0,UNOBSERVABLE_HOST,,,b-llama8b,precision,,,,,120,m5_quality_mi300x/gsm8k_precision_b-llama8b.csv,fp8,_server,server_max_model_len_cmd,11813,,,20260916-192245-m5-precision/fp8/server.log,,server_paperwork
20261010-075351-f4-rebuild,20260916-192213-m5-b-llama8b-precision,20260916-192245-m5-precision,2026-09-16T19:22:13+00:00,run_start,0,UNOBSERVABLE_HOST,,,b-llama8b,precision,,,,,120,m5_quality_mi300x/gsm8k_precision_b-llama8b.csv,fp8_ptk,_server,server_kv_cache_dtype_cmd,,fp8_per_token_head,,20260916-192245-m5-precision/fp8_ptk/server.log,,server_paperwork
20261010-075351-f4-rebuild,20260916-192213-m5-b-llama8b-precision,20260916-192245-m5-precision,2026-09-16T19:22:13+00:00,run_start,0,UNOBSERVABLE_HOST,,,b-llama8b,precision,,,,,120,m5_quality_mi300x/gsm8k_precision_b-llama8b.csv,fp8_ptk,_server,server_kv_cache_dtype_log,,fp8_per_token_head,,20260916-192245-m5-precision/fp8_ptk/server.log,,server_paperwork
20261010-075351-f4-rebuild,20260916-192213-m5-b-llama8b-precision,20260916-192245-m5-precision,2026-09-16T19:22:13+00:00,run_start,0,UNOBSERVABLE_HOST,,,b-llama8b,precision,,,,,120,m5_quality_mi300x/gsm8k_precision_b-llama8b.csv,fp8_ptk,_server,server_attention_backend_log,,TRITON_ATTN,,20260916-192245-m5-precision/fp8_ptk/server.log,,server_paperwork
20261010-075351-f4-rebuild,20260916-192213-m5-b-llama8b-precision,20260916-192245-m5-precision,2026-09-16T19:22:13+00:00,run_start,0,UNOBSERVABLE_HOST,,,b-llama8b,precision,,,,,120,m5_quality_mi300x/gsm8k_precision_b-llama8b.csv,fp8_ptk,_server,server_gpu_kv_cache_tokens_log,2455905.0,,,20260916-192245-m5-precision/fp8_ptk/server.log,,server_paperwork
20261010-075351-f4-rebuild,20260916-192213-m5-b-llama8b-precision,20260916-192245-m5-precision,2026-09-16T19:22:13+00:00,run_start,0,UNOBSERVABLE_HOST,,,b-llama8b,precision,,,,,120,m5_quality_mi300x/gsm8k_precision_b-llama8b.csv,fp8_ptk,_server,server_max_model_len_cmd,11813,,,20260916-192245-m5-precision/fp8_ptk/server.log,,server_paperwork
20261010-075351-f4-rebuild,20260916-192213-m5-b-llama8b-precision,20260916-192245-m5-precision,2026-09-16T19:22:13+00:00,run_start,0,UNOBSERVABLE_HOST,,,b-llama8b,precision,,,,,120,m5_quality_mi300x/gsm8k_precision_b-llama8b.csv,int4,_server,server_kv_cache_dtype_cmd,,int4_per_token_head,,20260916-192245-m5-precision/int4/server.log,,server_paperwork
20261010-075351-f4-rebuild,20260916-192213-m5-b-llama8b-precision,20260916-192245-m5-precision,2026-09-16T19:22:13+00:00,run_start,0,UNOBSERVABLE_HOST,,,b-llama8b,precision,,,,,120,m5_quality_mi300x/gsm8k_precision_b-llama8b.csv,int4,_server,server_kv_cache_dtype_log,,int4_per_token_head,,20260916-192245-m5-precision/int4/server.log,,server_paperwork
20261010-075351-f4-rebuild,20260916-192213-m5-b-llama8b-precision,20260916-192245-m5-precision,2026-09-16T19:22:13+00:00,run_start,0,UNOBSERVABLE_HOST,,,b-llama8b,precision,,,,,120,m5_quality_mi300x/gsm8k_precision_b-llama8b.csv,int4,_server,server_attention_backend_log,,TRITON_ATTN,,20260916-192245-m5-precision/int4/server.log,,server_paperwork
20261010-075351-f4-rebuild,20260916-192213-m5-b-llama8b-precision,20260916-192245-m5-precision,2026-09-16T19:22:13+00:00,run_start,0,UNOBSERVABLE_HOST,,,b-llama8b,precision,,,,,120,m5_quality_mi300x/gsm8k_precision_b-llama8b.csv,int4,_server,server_gpu_kv_cache_tokens_log,4767352.0,,,20260916-192245-m5-precision/int4/server.log,,server_paperwork
20261010-075351-f4-rebuild,20260916-192213-m5-b-llama8b-precision,20260916-192245-m5-precision,2026-09-16T19:22:13+00:00,run_start,0,UNOBSERVABLE_HOST,,,b-llama8b,precision,,,,,120,m5_quality_mi300x/gsm8k_precision_b-llama8b.csv,int4,_server,server_max_model_len_cmd,11813,,,20260916-192245-m5-precision/int4/server.log,,server_paperwork
20261010-075351-f4-rebuild,20260916-192213-m5-b-llama8b-precision,20260916-192245-m5-precision,2026-09-16T19:22:13+00:00,run_start,0,UNOBSERVABLE_HOST,,,b-llama8b,precision,,,,,120,m5_quality_mi300x/gsm8k_precision_b-llama8b.csv,int8,_server,server_kv_cache_dtype_cmd,,int8_per_token_head,,20260916-192245-m5-precision/int8/server.log,,server_paperwork
20261010-075351-f4-rebuild,20260916-192213-m5-b-llama8b-precision,20260916-192245-m5-precision,2026-09-16T19:22:13+00:00,run_start,0,UNOBSERVABLE_HOST,,,b-llama8b,precision,,,,,120,m5_quality_mi300x/gsm8k_precision_b-llama8b.csv,int8,_server,server_kv_cache_dtype_log,,int8_per_token_head,,20260916-192245-m5-precision/int8/server.log,,server_paperwork
20261010-075351-f4-rebuild,20260916-192213-m5-b-llama8b-precision,20260916-192245-m5-precision,2026-09-16T19:22:13+00:00,run_start,0,UNOBSERVABLE_HOST,,,b-llama8b,precision,,,,,120,m5_quality_mi300x/gsm8k_precision_b-llama8b.csv,int8,_server,server_attention_backend_log,,TRITON_ATTN,,20260916-192245-m5-precision/int8/server.log,,server_paperwork
20261010-075351-f4-rebuild,20260916-192213-m5-b-llama8b-precision,20260916-192245-m5-precision,2026-09-16T19:22:13+00:00,run_start,0,UNOBSERVABLE_HOST,,,b-llama8b,precision,,,,,120,m5_quality_mi300x/gsm8k_precision_b-llama8b.csv,int8,_server,server_gpu_kv_cache_tokens_log,2455905.0,,,20260916-192245-m5-precision/int8/server.log,,server_paperwork
20261010-075351-f4-rebuild,20260916-192213-m5-b-llama8b-precision,20260916-192245-m5-precision,2026-09-16T19:22:13+00:00,run_start,0,UNOBSERVABLE_HOST,,,b-llama8b,precision,,,,,120,m5_quality_mi300x/gsm8k_precision_b-llama8b.csv,int8,_server,server_max_model_len_cmd,11813,,,20260916-192245-m5-precision/int8/server.log,,server_paperwork
20261010-075351-f4-rebuild,20260916-194033-m5-b-qwen3-30b-a3b-precision,20260916-194104-m5-precision,2026-09-16T19:40:33+00:00,run_start,0,UNOBSERVABLE_HOST,,,b-qwen3-30b-a3b,precision,,,,,120,m5_quality_mi300x/gsm8k_precision_b-qwen3-30b-a3b.csv,bf16,_server,server_kv_cache_dtype_cmd,,auto(未指定),,20260916-194104-m5-precision/bf16/server.log,,server_paperwork
20261010-075351-f4-rebuild,20260916-194033-m5-b-qwen3-30b-a3b-precision,20260916-194104-m5-precision,2026-09-16T19:40:33+00:00,run_start,0,UNOBSERVABLE_HOST,,,b-qwen3-30b-a3b,precision,,,,,120,m5_quality_mi300x/gsm8k_precision_b-qwen3-30b-a3b.csv,bf16,_server,server_kv_cache_dtype_log,,auto(未出現在 non-default args),,20260916-194104-m5-precision/bf16/server.log,,server_paperwork
20261010-075351-f4-rebuild,20260916-194033-m5-b-qwen3-30b-a3b-precision,20260916-194104-m5-precision,2026-09-16T19:40:33+00:00,run_start,0,UNOBSERVABLE_HOST,,,b-qwen3-30b-a3b,precision,,,,,120,m5_quality_mi300x/gsm8k_precision_b-qwen3-30b-a3b.csv,bf16,_server,server_attention_backend_log,,ROCM_ATTN,,20260916-194104-m5-precision/bf16/server.log,,server_paperwork
20261010-075351-f4-rebuild,20260916-194033-m5-b-qwen3-30b-a3b-precision,20260916-194104-m5-precision,2026-09-16T19:40:33+00:00,run_start,0,UNOBSERVABLE_HOST,,,b-qwen3-30b-a3b,precision,,,,,120,m5_quality_mi300x/gsm8k_precision_b-qwen3-30b-a3b.csv,bf16,_server,server_gpu_kv_cache_tokens_log,948565.0,,,20260916-194104-m5-precision/bf16/server.log,,server_paperwork
20261010-075351-f4-rebuild,20260916-194033-m5-b-qwen3-30b-a3b-precision,20260916-194104-m5-precision,2026-09-16T19:40:33+00:00,run_start,0,UNOBSERVABLE_HOST,,,b-qwen3-30b-a3b,precision,,,,,120,m5_quality_mi300x/gsm8k_precision_b-qwen3-30b-a3b.csv,bf16,_server,server_max_model_len_cmd,13363,,,20260916-194104-m5-precision/bf16/server.log,,server_paperwork
20261010-075351-f4-rebuild,20260916-194033-m5-b-qwen3-30b-a3b-precision,20260916-194104-m5-precision,2026-09-16T19:40:33+00:00,run_start,0,UNOBSERVABLE_HOST,,,b-qwen3-30b-a3b,precision,,,,,120,m5_quality_mi300x/gsm8k_precision_b-qwen3-30b-a3b.csv,fp8,_server,server_kv_cache_dtype_cmd,,fp8,,20260916-194104-m5-precision/fp8/server.log,,server_paperwork
20261010-075351-f4-rebuild,20260916-194033-m5-b-qwen3-30b-a3b-precision,20260916-194104-m5-precision,2026-09-16T19:40:33+00:00,run_start,0,UNOBSERVABLE_HOST,,,b-qwen3-30b-a3b,precision,,,,,120,m5_quality_mi300x/gsm8k_precision_b-qwen3-30b-a3b.csv,fp8,_server,server_kv_cache_dtype_log,,fp8,,20260916-194104-m5-precision/fp8/server.log,,server_paperwork
20261010-075351-f4-rebuild,20260916-194033-m5-b-qwen3-30b-a3b-precision,20260916-194104-m5-precision,2026-09-16T19:40:33+00:00,run_start,0,UNOBSERVABLE_HOST,,,b-qwen3-30b-a3b,precision,,,,,120,m5_quality_mi300x/gsm8k_precision_b-qwen3-30b-a3b.csv,fp8,_server,server_attention_backend_log,,ROCM_ATTN,,20260916-194104-m5-precision/fp8/server.log,,server_paperwork
20261010-075351-f4-rebuild,20260916-194033-m5-b-qwen3-30b-a3b-precision,20260916-194104-m5-precision,2026-09-16T19:40:33+00:00,run_start,0,UNOBSERVABLE_HOST,,,b-qwen3-30b-a3b,precision,,,,,120,m5_quality_mi300x/gsm8k_precision_b-qwen3-30b-a3b.csv,fp8,_server,server_gpu_kv_cache_tokens_log,1894524.0,,,20260916-194104-m5-precision/fp8/server.log,,server_paperwork
20261010-075351-f4-rebuild,20260916-194033-m5-b-qwen3-30b-a3b-precision,20260916-194104-m5-precision,2026-09-16T19:40:33+00:00,run_start,0,UNOBSERVABLE_HOST,,,b-qwen3-30b-a3b,precision,,,,,120,m5_quality_mi300x/gsm8k_precision_b-qwen3-30b-a3b.csv,fp8,_server,server_max_model_len_cmd,13363,,,20260916-194104-m5-precision/fp8/server.log,,server_paperwork
20261010-075351-f4-rebuild,20260916-194033-m5-b-qwen3-30b-a3b-precision,20260916-194104-m5-precision,2026-09-16T19:40:33+00:00,run_start,0,UNOBSERVABLE_HOST,,,b-qwen3-30b-a3b,precision,,,,,120,m5_quality_mi300x/gsm8k_precision_b-qwen3-30b-a3b.csv,fp8_ptk,_server,server_kv_cache_dtype_cmd,,fp8_per_token_head,,20260916-194104-m5-precision/fp8_ptk/server.log,,server_paperwork
20261010-075351-f4-rebuild,20260916-194033-m5-b-qwen3-30b-a3b-precision,20260916-194104-m5-precision,2026-09-16T19:40:33+00:00,run_start,0,UNOBSERVABLE_HOST,,,b-qwen3-30b-a3b,precision,,,,,120,m5_quality_mi300x/gsm8k_precision_b-qwen3-30b-a3b.csv,fp8_ptk,_server,server_kv_cache_dtype_log,,fp8_per_token_head,,20260916-194104-m5-precision/fp8_ptk/server.log,,server_paperwork
20261010-075351-f4-rebuild,20260916-194033-m5-b-qwen3-30b-a3b-precision,20260916-194104-m5-precision,2026-09-16T19:40:33+00:00,run_start,0,UNOBSERVABLE_HOST,,,b-qwen3-30b-a3b,precision,,,,,120,m5_quality_mi300x/gsm8k_precision_b-qwen3-30b-a3b.csv,fp8_ptk,_server,server_attention_backend_log,,TRITON_ATTN,,20260916-194104-m5-precision/fp8_ptk/server.log,,server_paperwork
20261010-075351-f4-rebuild,20260916-194033-m5-b-qwen3-30b-a3b-precision,20260916-194104-m5-precision,2026-09-16T19:40:33+00:00,run_start,0,UNOBSERVABLE_HOST,,,b-qwen3-30b-a3b,precision,,,,,120,m5_quality_mi300x/gsm8k_precision_b-qwen3-30b-a3b.csv,fp8_ptk,_server,server_gpu_kv_cache_tokens_log,1837124.0,,,20260916-194104-m5-precision/fp8_ptk/server.log,,server_paperwork
20261010-075351-f4-rebuild,20260916-194033-m5-b-qwen3-30b-a3b-precision,20260916-194104-m5-precision,2026-09-16T19:40:33+00:00,run_start,0,UNOBSERVABLE_HOST,,,b-qwen3-30b-a3b,precision,,,,,120,m5_quality_mi300x/gsm8k_precision_b-qwen3-30b-a3b.csv,fp8_ptk,_server,server_max_model_len_cmd,13363,,,20260916-194104-m5-precision/fp8_ptk/server.log,,server_paperwork
20261010-075351-f4-rebuild,20260916-194033-m5-b-qwen3-30b-a3b-precision,20260916-194104-m5-precision,2026-09-16T19:40:33+00:00,run_start,0,UNOBSERVABLE_HOST,,,b-qwen3-30b-a3b,precision,,,,,120,m5_quality_mi300x/gsm8k_precision_b-qwen3-30b-a3b.csv,int4,_server,server_kv_cache_dtype_cmd,,int4_per_token_head,,20260916-194104-m5-precision/int4/server.log,,server_paperwork
20261010-075351-f4-rebuild,20260916-194033-m5-b-qwen3-30b-a3b-precision,20260916-194104-m5-precision,2026-09-16T19:40:33+00:00,run_start,0,UNOBSERVABLE_HOST,,,b-qwen3-30b-a3b,precision,,,,,120,m5_quality_mi300x/gsm8k_precision_b-qwen3-30b-a3b.csv,int4,_server,server_kv_cache_dtype_log,,int4_per_token_head,,20260916-194104-m5-precision/int4/server.log,,server_paperwork
20261010-075351-f4-rebuild,20260916-194033-m5-b-qwen3-30b-a3b-precision,20260916-194104-m5-precision,2026-09-16T19:40:33+00:00,run_start,0,UNOBSERVABLE_HOST,,,b-qwen3-30b-a3b,precision,,,,,120,m5_quality_mi300x/gsm8k_precision_b-qwen3-30b-a3b.csv,int4,_server,server_attention_backend_log,,TRITON_ATTN,,20260916-194104-m5-precision/int4/server.log,,server_paperwork
20261010-075351-f4-rebuild,20260916-194033-m5-b-qwen3-30b-a3b-precision,20260916-194104-m5-precision,2026-09-16T19:40:33+00:00,run_start,0,UNOBSERVABLE_HOST,,,b-qwen3-30b-a3b,precision,,,,,120,m5_quality_mi300x/gsm8k_precision_b-qwen3-30b-a3b.csv,int4,_server,server_gpu_kv_cache_tokens_log,3565938.0,,,20260916-194104-m5-precision/int4/server.log,,server_paperwork
20261010-075351-f4-rebuild,20260916-194033-m5-b-qwen3-30b-a3b-precision,20260916-194104-m5-precision,2026-09-16T19:40:33+00:00,run_start,0,UNOBSERVABLE_HOST,,,b-qwen3-30b-a3b,precision,,,,,120,m5_quality_mi300x/gsm8k_precision_b-qwen3-30b-a3b.csv,int4,_server,server_max_model_len_cmd,13363,,,20260916-194104-m5-precision/int4/server.log,,server_paperwork
20261010-075351-f4-rebuild,20260916-194033-m5-b-qwen3-30b-a3b-precision,20260916-194104-m5-precision,2026-09-16T19:40:33+00:00,run_start,0,UNOBSERVABLE_HOST,,,b-qwen3-30b-a3b,precision,,,,,120,m5_quality_mi300x/gsm8k_precision_b-qwen3-30b-a3b.csv,int8,_server,server_kv_cache_dtype_cmd,,int8_per_token_head,,20260916-194104-m5-precision/int8/server.log,,server_paperwork
20261010-075351-f4-rebuild,20260916-194033-m5-b-qwen3-30b-a3b-precision,20260916-194104-m5-precision,2026-09-16T19:40:33+00:00,run_start,0,UNOBSERVABLE_HOST,,,b-qwen3-30b-a3b,precision,,,,,120,m5_quality_mi300x/gsm8k_precision_b-qwen3-30b-a3b.csv,int8,_server,server_kv_cache_dtype_log,,int8_per_token_head,,20260916-194104-m5-precision/int8/server.log,,server_paperwork
20261010-075351-f4-rebuild,20260916-194033-m5-b-qwen3-30b-a3b-precision,20260916-194104-m5-precision,2026-09-16T19:40:33+00:00,run_start,0,UNOBSERVABLE_HOST,,,b-qwen3-30b-a3b,precision,,,,,120,m5_quality_mi300x/gsm8k_precision_b-qwen3-30b-a3b.csv,int8,_server,server_attention_backend_log,,TRITON_ATTN,,20260916-194104-m5-precision/int8/server.log,,server_paperwork
20261010-075351-f4-rebuild,20260916-194033-m5-b-qwen3-30b-a3b-precision,20260916-194104-m5-precision,2026-09-16T19:40:33+00:00,run_start,0,UNOBSERVABLE_HOST,,,b-qwen3-30b-a3b,precision,,,,,120,m5_quality_mi300x/gsm8k_precision_b-qwen3-30b-a3b.csv,int8,_server,server_gpu_kv_cache_tokens_log,1837124.0,,,20260916-194104-m5-precision/int8/server.log,,server_paperwork
20261010-075351-f4-rebuild,20260916-194033-m5-b-qwen3-30b-a3b-precision,20260916-194104-m5-precision,2026-09-16T19:40:33+00:00,run_start,0,UNOBSERVABLE_HOST,,,b-qwen3-30b-a3b,precision,,,,,120,m5_quality_mi300x/gsm8k_precision_b-qwen3-30b-a3b.csv,int8,_server,server_max_model_len_cmd,13363,,,20260916-194104-m5-precision/int8/server.log,,server_paperwork
20261010-075351-f4-rebuild,20260916-200630-m5-b-seedoss36b-precision,20260916-200702-m5-precision,2026-09-16T20:06:30+00:00,run_start,0,UNOBSERVABLE_HOST,,,b-seedoss36b,precision,,,,,120,m5_quality_mi300x/gsm8k_precision_b-seedoss36b.csv,bf16,_server,server_kv_cache_dtype_cmd,,auto(未指定),,20260916-200702-m5-precision/bf16/server.log,,server_paperwork
20261010-075351-f4-rebuild,20260916-200630-m5-b-seedoss36b-precision,20260916-200702-m5-precision,2026-09-16T20:06:30+00:00,run_start,0,UNOBSERVABLE_HOST,,,b-seedoss36b,precision,,,,,120,m5_quality_mi300x/gsm8k_precision_b-seedoss36b.csv,bf16,_server,server_kv_cache_dtype_log,,auto(未出現在 non-default args),,20260916-200702-m5-precision/bf16/server.log,,server_paperwork
20261010-075351-f4-rebuild,20260916-200630-m5-b-seedoss36b-precision,20260916-200702-m5-precision,2026-09-16T20:06:30+00:00,run_start,0,UNOBSERVABLE_HOST,,,b-seedoss36b,precision,,,,,120,m5_quality_mi300x/gsm8k_precision_b-seedoss36b.csv,bf16,_server,server_attention_backend_log,,ROCM_ATTN,,20260916-200702-m5-precision/bf16/server.log,,server_paperwork
20261010-075351-f4-rebuild,20260916-200630-m5-b-seedoss36b-precision,20260916-200702-m5-precision,2026-09-16T20:06:30+00:00,run_start,0,UNOBSERVABLE_HOST,,,b-seedoss36b,precision,,,,,120,m5_quality_mi300x/gsm8k_precision_b-seedoss36b.csv,bf16,_server,server_gpu_kv_cache_tokens_log,414112.0,,,20260916-200702-m5-precision/bf16/server.log,,server_paperwork
20261010-075351-f4-rebuild,20260916-200630-m5-b-seedoss36b-precision,20260916-200702-m5-precision,2026-09-16T20:06:30+00:00,run_start,0,UNOBSERVABLE_HOST,,,b-seedoss36b,precision,,,,,120,m5_quality_mi300x/gsm8k_precision_b-seedoss36b.csv,bf16,_server,server_max_model_len_cmd,13648,,,20260916-200702-m5-precision/bf16/server.log,,server_paperwork
20261010-075351-f4-rebuild,20260916-200630-m5-b-seedoss36b-precision,20260916-200702-m5-precision,2026-09-16T20:06:30+00:00,run_start,0,UNOBSERVABLE_HOST,,,b-seedoss36b,precision,,,,,120,m5_quality_mi300x/gsm8k_precision_b-seedoss36b.csv,fp8,_server,server_kv_cache_dtype_cmd,,fp8,,20260916-200702-m5-precision/fp8/server.log,,server_paperwork
20261010-075351-f4-rebuild,20260916-200630-m5-b-seedoss36b-precision,20260916-200702-m5-precision,2026-09-16T20:06:30+00:00,run_start,0,UNOBSERVABLE_HOST,,,b-seedoss36b,precision,,,,,120,m5_quality_mi300x/gsm8k_precision_b-seedoss36b.csv,fp8,_server,server_kv_cache_dtype_log,,fp8,,20260916-200702-m5-precision/fp8/server.log,,server_paperwork
20261010-075351-f4-rebuild,20260916-200630-m5-b-seedoss36b-precision,20260916-200702-m5-precision,2026-09-16T20:06:30+00:00,run_start,0,UNOBSERVABLE_HOST,,,b-seedoss36b,precision,,,,,120,m5_quality_mi300x/gsm8k_precision_b-seedoss36b.csv,fp8,_server,server_attention_backend_log,,ROCM_ATTN,,20260916-200702-m5-precision/fp8/server.log,,server_paperwork
20261010-075351-f4-rebuild,20260916-200630-m5-b-seedoss36b-precision,20260916-200702-m5-precision,2026-09-16T20:06:30+00:00,run_start,0,UNOBSERVABLE_HOST,,,b-seedoss36b,precision,,,,,120,m5_quality_mi300x/gsm8k_precision_b-seedoss36b.csv,fp8,_server,server_gpu_kv_cache_tokens_log,827264.0,,,20260916-200702-m5-precision/fp8/server.log,,server_paperwork
20261010-075351-f4-rebuild,20260916-200630-m5-b-seedoss36b-precision,20260916-200702-m5-precision,2026-09-16T20:06:30+00:00,run_start,0,UNOBSERVABLE_HOST,,,b-seedoss36b,precision,,,,,120,m5_quality_mi300x/gsm8k_precision_b-seedoss36b.csv,fp8,_server,server_max_model_len_cmd,13648,,,20260916-200702-m5-precision/fp8/server.log,,server_paperwork
20261010-075351-f4-rebuild,20260916-200630-m5-b-seedoss36b-precision,20260916-200702-m5-precision,2026-09-16T20:06:30+00:00,run_start,0,UNOBSERVABLE_HOST,,,b-seedoss36b,precision,,,,,120,m5_quality_mi300x/gsm8k_precision_b-seedoss36b.csv,fp8_ptk,_server,server_kv_cache_dtype_cmd,,fp8_per_token_head,,20260916-200702-m5-precision/fp8_ptk/server.log,,server_paperwork
20261010-075351-f4-rebuild,20260916-200630-m5-b-seedoss36b-precision,20260916-200702-m5-precision,2026-09-16T20:06:30+00:00,run_start,0,UNOBSERVABLE_HOST,,,b-seedoss36b,precision,,,,,120,m5_quality_mi300x/gsm8k_precision_b-seedoss36b.csv,fp8_ptk,_server,server_kv_cache_dtype_log,,fp8_per_token_head,,20260916-200702-m5-precision/fp8_ptk/server.log,,server_paperwork
20261010-075351-f4-rebuild,20260916-200630-m5-b-seedoss36b-precision,20260916-200702-m5-precision,2026-09-16T20:06:30+00:00,run_start,0,UNOBSERVABLE_HOST,,,b-seedoss36b,precision,,,,,120,m5_quality_mi300x/gsm8k_precision_b-seedoss36b.csv,fp8_ptk,_server,server_attention_backend_log,,TRITON_ATTN,,20260916-200702-m5-precision/fp8_ptk/server.log,,server_paperwork
20261010-075351-f4-rebuild,20260916-200630-m5-b-seedoss36b-precision,20260916-200702-m5-precision,2026-09-16T20:06:30+00:00,run_start,0,UNOBSERVABLE_HOST,,,b-seedoss36b,precision,,,,,120,m5_quality_mi300x/gsm8k_precision_b-seedoss36b.csv,fp8_ptk,_server,server_gpu_kv_cache_tokens_log,802192.0,,,20260916-200702-m5-precision/fp8_ptk/server.log,,server_paperwork
20261010-075351-f4-rebuild,20260916-200630-m5-b-seedoss36b-precision,20260916-200702-m5-precision,2026-09-16T20:06:30+00:00,run_start,0,UNOBSERVABLE_HOST,,,b-seedoss36b,precision,,,,,120,m5_quality_mi300x/gsm8k_precision_b-seedoss36b.csv,fp8_ptk,_server,server_max_model_len_cmd,13648,,,20260916-200702-m5-precision/fp8_ptk/server.log,,server_paperwork
20261010-075351-f4-rebuild,20260916-200630-m5-b-seedoss36b-precision,20260916-200702-m5-precision,2026-09-16T20:06:30+00:00,run_start,0,UNOBSERVABLE_HOST,,,b-seedoss36b,precision,,,,,120,m5_quality_mi300x/gsm8k_precision_b-seedoss36b.csv,int4,_server,server_kv_cache_dtype_cmd,,int4_per_token_head,,20260916-200702-m5-precision/int4/server.log,,server_paperwork
20261010-075351-f4-rebuild,20260916-200630-m5-b-seedoss36b-precision,20260916-200702-m5-precision,2026-09-16T20:06:30+00:00,run_start,0,UNOBSERVABLE_HOST,,,b-seedoss36b,precision,,,,,120,m5_quality_mi300x/gsm8k_precision_b-seedoss36b.csv,int4,_server,server_kv_cache_dtype_log,,int4_per_token_head,,20260916-200702-m5-precision/int4/server.log,,server_paperwork
20261010-075351-f4-rebuild,20260916-200630-m5-b-seedoss36b-precision,20260916-200702-m5-precision,2026-09-16T20:06:30+00:00,run_start,0,UNOBSERVABLE_HOST,,,b-seedoss36b,precision,,,,,120,m5_quality_mi300x/gsm8k_precision_b-seedoss36b.csv,int4,_server,server_attention_backend_log,,TRITON_ATTN,,20260916-200702-m5-precision/int4/server.log,,server_paperwork
20261010-075351-f4-rebuild,20260916-200630-m5-b-seedoss36b-precision,20260916-200702-m5-precision,2026-09-16T20:06:30+00:00,run_start,0,UNOBSERVABLE_HOST,,,b-seedoss36b,precision,,,,,120,m5_quality_mi300x/gsm8k_precision_b-seedoss36b.csv,int4,_server,server_gpu_kv_cache_tokens_log,1557200.0,,,20260916-200702-m5-precision/int4/server.log,,server_paperwork
20261010-075351-f4-rebuild,20260916-200630-m5-b-seedoss36b-precision,20260916-200702-m5-precision,2026-09-16T20:06:30+00:00,run_start,0,UNOBSERVABLE_HOST,,,b-seedoss36b,precision,,,,,120,m5_quality_mi300x/gsm8k_precision_b-seedoss36b.csv,int4,_server,server_max_model_len_cmd,13648,,,20260916-200702-m5-precision/int4/server.log,,server_paperwork
20261010-075351-f4-rebuild,20260916-200630-m5-b-seedoss36b-precision,20260916-200702-m5-precision,2026-09-16T20:06:30+00:00,run_start,0,UNOBSERVABLE_HOST,,,b-seedoss36b,precision,,,,,120,m5_quality_mi300x/gsm8k_precision_b-seedoss36b.csv,int8,_server,server_kv_cache_dtype_cmd,,int8_per_token_head,,20260916-200702-m5-precision/int8/server.log,,server_paperwork
20261010-075351-f4-rebuild,20260916-200630-m5-b-seedoss36b-precision,20260916-200702-m5-precision,2026-09-16T20:06:30+00:00,run_start,0,UNOBSERVABLE_HOST,,,b-seedoss36b,precision,,,,,120,m5_quality_mi300x/gsm8k_precision_b-seedoss36b.csv,int8,_server,server_kv_cache_dtype_log,,int8_per_token_head,,20260916-200702-m5-precision/int8/server.log,,server_paperwork
20261010-075351-f4-rebuild,20260916-200630-m5-b-seedoss36b-precision,20260916-200702-m5-precision,2026-09-16T20:06:30+00:00,run_start,0,UNOBSERVABLE_HOST,,,b-seedoss36b,precision,,,,,120,m5_quality_mi300x/gsm8k_precision_b-seedoss36b.csv,int8,_server,server_attention_backend_log,,TRITON_ATTN,,20260916-200702-m5-precision/int8/server.log,,server_paperwork
20261010-075351-f4-rebuild,20260916-200630-m5-b-seedoss36b-precision,20260916-200702-m5-precision,2026-09-16T20:06:30+00:00,run_start,0,UNOBSERVABLE_HOST,,,b-seedoss36b,precision,,,,,120,m5_quality_mi300x/gsm8k_precision_b-seedoss36b.csv,int8,_server,server_gpu_kv_cache_tokens_log,802192.0,,,20260916-200702-m5-precision/int8/server.log,,server_paperwork
20261010-075351-f4-rebuild,20260916-200630-m5-b-seedoss36b-precision,20260916-200702-m5-precision,2026-09-16T20:06:30+00:00,run_start,0,UNOBSERVABLE_HOST,,,b-seedoss36b,precision,,,,,120,m5_quality_mi300x/gsm8k_precision_b-seedoss36b.csv,int8,_server,server_max_model_len_cmd,13648,,,20260916-200702-m5-precision/int8/server.log,,server_paperwork
20261010-075351-f4-rebuild,20260916-223132-m5-llama8b-lossless-rep2,20260916-223208-m5-lossless,2026-09-16T22:31:32+00:00,run_start,0,UNOBSERVABLE_HOST,,,b-llama8b,lossless,,,,,60,m5_quality_mi300x/lossless_b-llama8b_rep2.csv,cpu_lru,_server,server_kv_cache_dtype_cmd,,auto(未指定),,20260916-223208-m5-lossless/cpu_lru/server.log,,server_paperwork
20261010-075351-f4-rebuild,20260916-223132-m5-llama8b-lossless-rep2,20260916-223208-m5-lossless,2026-09-16T22:31:32+00:00,run_start,0,UNOBSERVABLE_HOST,,,b-llama8b,lossless,,,,,60,m5_quality_mi300x/lossless_b-llama8b_rep2.csv,cpu_lru,_server,server_kv_cache_dtype_log,,auto(未出現在 non-default args),,20260916-223208-m5-lossless/cpu_lru/server.log,,server_paperwork
20261010-075351-f4-rebuild,20260916-223132-m5-llama8b-lossless-rep2,20260916-223208-m5-lossless,2026-09-16T22:31:32+00:00,run_start,0,UNOBSERVABLE_HOST,,,b-llama8b,lossless,,,,,60,m5_quality_mi300x/lossless_b-llama8b_rep2.csv,cpu_lru,_server,server_attention_backend_log,,TRITON_ATTN,,20260916-223208-m5-lossless/cpu_lru/server.log,,server_paperwork
20261010-075351-f4-rebuild,20260916-223132-m5-llama8b-lossless-rep2,20260916-223208-m5-lossless,2026-09-16T22:31:32+00:00,run_start,0,UNOBSERVABLE_HOST,,,b-llama8b,lossless,,,,,60,m5_quality_mi300x/lossless_b-llama8b_rep2.csv,cpu_lru,_server,server_gpu_kv_cache_tokens_log,1269841.0,,,20260916-223208-m5-lossless/cpu_lru/server.log,,server_paperwork
20261010-075351-f4-rebuild,20260916-223132-m5-llama8b-lossless-rep2,20260916-223208-m5-lossless,2026-09-16T22:31:32+00:00,run_start,0,UNOBSERVABLE_HOST,,,b-llama8b,lossless,,,,,60,m5_quality_mi300x/lossless_b-llama8b_rep2.csv,cpu_lru,_server,server_max_model_len_cmd,11813,,,20260916-223208-m5-lossless/cpu_lru/server.log,,server_paperwork
20261010-075351-f4-rebuild,20260916-223132-m5-llama8b-lossless-rep2,20260916-223208-m5-lossless,2026-09-16T22:31:32+00:00,run_start,0,UNOBSERVABLE_HOST,,,b-llama8b,lossless,,,,,60,m5_quality_mi300x/lossless_b-llama8b_rep2.csv,full_gpu,_server,server_kv_cache_dtype_cmd,,auto(未指定),,20260916-223208-m5-lossless/full_gpu/server.log,,server_paperwork
20261010-075351-f4-rebuild,20260916-223132-m5-llama8b-lossless-rep2,20260916-223208-m5-lossless,2026-09-16T22:31:32+00:00,run_start,0,UNOBSERVABLE_HOST,,,b-llama8b,lossless,,,,,60,m5_quality_mi300x/lossless_b-llama8b_rep2.csv,full_gpu,_server,server_kv_cache_dtype_log,,auto(未出現在 non-default args),,20260916-223208-m5-lossless/full_gpu/server.log,,server_paperwork
20261010-075351-f4-rebuild,20260916-223132-m5-llama8b-lossless-rep2,20260916-223208-m5-lossless,2026-09-16T22:31:32+00:00,run_start,0,UNOBSERVABLE_HOST,,,b-llama8b,lossless,,,,,60,m5_quality_mi300x/lossless_b-llama8b_rep2.csv,full_gpu,_server,server_attention_backend_log,,ROCM_ATTN,,20260916-223208-m5-lossless/full_gpu/server.log,,server_paperwork
20261010-075351-f4-rebuild,20260916-223132-m5-llama8b-lossless-rep2,20260916-223208-m5-lossless,2026-09-16T22:31:32+00:00,run_start,0,UNOBSERVABLE_HOST,,,b-llama8b,lossless,,,,,60,m5_quality_mi300x/lossless_b-llama8b_rep2.csv,full_gpu,_server,server_gpu_kv_cache_tokens_log,1269841.0,,,20260916-223208-m5-lossless/full_gpu/server.log,,server_paperwork
20261010-075351-f4-rebuild,20260916-223132-m5-llama8b-lossless-rep2,20260916-223208-m5-lossless,2026-09-16T22:31:32+00:00,run_start,0,UNOBSERVABLE_HOST,,,b-llama8b,lossless,,,,,60,m5_quality_mi300x/lossless_b-llama8b_rep2.csv,full_gpu,_server,server_max_model_len_cmd,11813,,,20260916-223208-m5-lossless/full_gpu/server.log,,server_paperwork
20261010-075351-f4-rebuild,20260916-223132-m5-llama8b-lossless-rep2,20260916-223208-m5-lossless,2026-09-16T22:31:32+00:00,run_start,0,UNOBSERVABLE_HOST,,,b-llama8b,lossless,,,,,60,m5_quality_mi300x/lossless_b-llama8b_rep2.csv,tier_fs,_server,server_kv_cache_dtype_cmd,,auto(未指定),,20260916-223208-m5-lossless/tier_fs/server.log,,server_paperwork
20261010-075351-f4-rebuild,20260916-223132-m5-llama8b-lossless-rep2,20260916-223208-m5-lossless,2026-09-16T22:31:32+00:00,run_start,0,UNOBSERVABLE_HOST,,,b-llama8b,lossless,,,,,60,m5_quality_mi300x/lossless_b-llama8b_rep2.csv,tier_fs,_server,server_kv_cache_dtype_log,,auto(未出現在 non-default args),,20260916-223208-m5-lossless/tier_fs/server.log,,server_paperwork
20261010-075351-f4-rebuild,20260916-223132-m5-llama8b-lossless-rep2,20260916-223208-m5-lossless,2026-09-16T22:31:32+00:00,run_start,0,UNOBSERVABLE_HOST,,,b-llama8b,lossless,,,,,60,m5_quality_mi300x/lossless_b-llama8b_rep2.csv,tier_fs,_server,server_attention_backend_log,,TRITON_ATTN,,20260916-223208-m5-lossless/tier_fs/server.log,,server_paperwork
20261010-075351-f4-rebuild,20260916-223132-m5-llama8b-lossless-rep2,20260916-223208-m5-lossless,2026-09-16T22:31:32+00:00,run_start,0,UNOBSERVABLE_HOST,,,b-llama8b,lossless,,,,,60,m5_quality_mi300x/lossless_b-llama8b_rep2.csv,tier_fs,_server,server_gpu_kv_cache_tokens_log,1269841.0,,,20260916-223208-m5-lossless/tier_fs/server.log,,server_paperwork
20261010-075351-f4-rebuild,20260916-223132-m5-llama8b-lossless-rep2,20260916-223208-m5-lossless,2026-09-16T22:31:32+00:00,run_start,0,UNOBSERVABLE_HOST,,,b-llama8b,lossless,,,,,60,m5_quality_mi300x/lossless_b-llama8b_rep2.csv,tier_fs,_server,server_max_model_len_cmd,11813,,,20260916-223208-m5-lossless/tier_fs/server.log,,server_paperwork
20261010-075351-f4-rebuild,20260916-223931-m5-b-qwen14b-1m-lossless,20260916-224002-m5-lossless,2026-09-16T22:39:31+00:00,run_start,0,UNOBSERVABLE_HOST,,,b-qwen14b-1m,lossless,,,,,60,m5_quality_mi300x/lossless_b-qwen14b-1m.csv,cpu_lru,_server,server_kv_cache_dtype_cmd,,auto(未指定),,20260916-224002-m5-lossless/cpu_lru/server.log,,server_paperwork
20261010-075351-f4-rebuild,20260916-223931-m5-b-qwen14b-1m-lossless,20260916-224002-m5-lossless,2026-09-16T22:39:31+00:00,run_start,0,UNOBSERVABLE_HOST,,,b-qwen14b-1m,lossless,,,,,60,m5_quality_mi300x/lossless_b-qwen14b-1m.csv,cpu_lru,_server,server_kv_cache_dtype_log,,auto(未出現在 non-default args),,20260916-224002-m5-lossless/cpu_lru/server.log,,server_paperwork
20261010-075351-f4-rebuild,20260916-223931-m5-b-qwen14b-1m-lossless,20260916-224002-m5-lossless,2026-09-16T22:39:31+00:00,run_start,0,UNOBSERVABLE_HOST,,,b-qwen14b-1m,lossless,,,,,60,m5_quality_mi300x/lossless_b-qwen14b-1m.csv,cpu_lru,_server,server_attention_backend_log,,TRITON_ATTN,,20260916-224002-m5-lossless/cpu_lru/server.log,,server_paperwork
20261010-075351-f4-rebuild,20260916-223931-m5-b-qwen14b-1m-lossless,20260916-224002-m5-lossless,2026-09-16T22:39:31+00:00,run_start,0,UNOBSERVABLE_HOST,,,b-qwen14b-1m,lossless,,,,,60,m5_quality_mi300x/lossless_b-qwen14b-1m.csv,cpu_lru,_server,server_gpu_kv_cache_tokens_log,768915.0,,,20260916-224002-m5-lossless/cpu_lru/server.log,,server_paperwork
20261010-075351-f4-rebuild,20260916-223931-m5-b-qwen14b-1m-lossless,20260916-224002-m5-lossless,2026-09-16T22:39:31+00:00,run_start,0,UNOBSERVABLE_HOST,,,b-qwen14b-1m,lossless,,,,,60,m5_quality_mi300x/lossless_b-qwen14b-1m.csv,cpu_lru,_server,server_max_model_len_cmd,13363,,,20260916-224002-m5-lossless/cpu_lru/server.log,,server_paperwork
20261010-075351-f4-rebuild,20260916-223931-m5-b-qwen14b-1m-lossless,20260916-224002-m5-lossless,2026-09-16T22:39:31+00:00,run_start,0,UNOBSERVABLE_HOST,,,b-qwen14b-1m,lossless,,,,,60,m5_quality_mi300x/lossless_b-qwen14b-1m.csv,full_gpu,_server,server_kv_cache_dtype_cmd,,auto(未指定),,20260916-224002-m5-lossless/full_gpu/server.log,,server_paperwork
20261010-075351-f4-rebuild,20260916-223931-m5-b-qwen14b-1m-lossless,20260916-224002-m5-lossless,2026-09-16T22:39:31+00:00,run_start,0,UNOBSERVABLE_HOST,,,b-qwen14b-1m,lossless,,,,,60,m5_quality_mi300x/lossless_b-qwen14b-1m.csv,full_gpu,_server,server_kv_cache_dtype_log,,auto(未出現在 non-default args),,20260916-224002-m5-lossless/full_gpu/server.log,,server_paperwork
20261010-075351-f4-rebuild,20260916-223931-m5-b-qwen14b-1m-lossless,20260916-224002-m5-lossless,2026-09-16T22:39:31+00:00,run_start,0,UNOBSERVABLE_HOST,,,b-qwen14b-1m,lossless,,,,,60,m5_quality_mi300x/lossless_b-qwen14b-1m.csv,full_gpu,_server,server_attention_backend_log,,ROCM_ATTN,,20260916-224002-m5-lossless/full_gpu/server.log,,server_paperwork
20261010-075351-f4-rebuild,20260916-223931-m5-b-qwen14b-1m-lossless,20260916-224002-m5-lossless,2026-09-16T22:39:31+00:00,run_start,0,UNOBSERVABLE_HOST,,,b-qwen14b-1m,lossless,,,,,60,m5_quality_mi300x/lossless_b-qwen14b-1m.csv,full_gpu,_server,server_gpu_kv_cache_tokens_log,768915.0,,,20260916-224002-m5-lossless/full_gpu/server.log,,server_paperwork
20261010-075351-f4-rebuild,20260916-223931-m5-b-qwen14b-1m-lossless,20260916-224002-m5-lossless,2026-09-16T22:39:31+00:00,run_start,0,UNOBSERVABLE_HOST,,,b-qwen14b-1m,lossless,,,,,60,m5_quality_mi300x/lossless_b-qwen14b-1m.csv,full_gpu,_server,server_max_model_len_cmd,13363,,,20260916-224002-m5-lossless/full_gpu/server.log,,server_paperwork
20261010-075351-f4-rebuild,20260916-223931-m5-b-qwen14b-1m-lossless,20260916-224002-m5-lossless,2026-09-16T22:39:31+00:00,run_start,0,UNOBSERVABLE_HOST,,,b-qwen14b-1m,lossless,,,,,60,m5_quality_mi300x/lossless_b-qwen14b-1m.csv,tier_fs,_server,server_kv_cache_dtype_cmd,,auto(未指定),,20260916-224002-m5-lossless/tier_fs/server.log,,server_paperwork
20261010-075351-f4-rebuild,20260916-223931-m5-b-qwen14b-1m-lossless,20260916-224002-m5-lossless,2026-09-16T22:39:31+00:00,run_start,0,UNOBSERVABLE_HOST,,,b-qwen14b-1m,lossless,,,,,60,m5_quality_mi300x/lossless_b-qwen14b-1m.csv,tier_fs,_server,server_kv_cache_dtype_log,,auto(未出現在 non-default args),,20260916-224002-m5-lossless/tier_fs/server.log,,server_paperwork
20261010-075351-f4-rebuild,20260916-223931-m5-b-qwen14b-1m-lossless,20260916-224002-m5-lossless,2026-09-16T22:39:31+00:00,run_start,0,UNOBSERVABLE_HOST,,,b-qwen14b-1m,lossless,,,,,60,m5_quality_mi300x/lossless_b-qwen14b-1m.csv,tier_fs,_server,server_attention_backend_log,,TRITON_ATTN,,20260916-224002-m5-lossless/tier_fs/server.log,,server_paperwork
20261010-075351-f4-rebuild,20260916-223931-m5-b-qwen14b-1m-lossless,20260916-224002-m5-lossless,2026-09-16T22:39:31+00:00,run_start,0,UNOBSERVABLE_HOST,,,b-qwen14b-1m,lossless,,,,,60,m5_quality_mi300x/lossless_b-qwen14b-1m.csv,tier_fs,_server,server_gpu_kv_cache_tokens_log,776780.0,,,20260916-224002-m5-lossless/tier_fs/server.log,,server_paperwork
20261010-075351-f4-rebuild,20260916-223931-m5-b-qwen14b-1m-lossless,20260916-224002-m5-lossless,2026-09-16T22:39:31+00:00,run_start,0,UNOBSERVABLE_HOST,,,b-qwen14b-1m,lossless,,,,,60,m5_quality_mi300x/lossless_b-qwen14b-1m.csv,tier_fs,_server,server_max_model_len_cmd,13363,,,20260916-224002-m5-lossless/tier_fs/server.log,,server_paperwork
20261010-075351-f4-rebuild,20260916-224808-m5-b-qwen14b-1m-needle,20260916-224838-m5-needle,2026-09-16T22:48:08+00:00,run_start,0,UNOBSERVABLE_HOST,,,b-qwen14b-1m,needle,65536,,,,,m5_quality_mi300x/needle_b-qwen14b-1m.csv,bf16,_server,server_kv_cache_dtype_cmd,,auto(未指定),,20260916-224838-m5-needle/bf16/server.log,,server_paperwork
20261010-075351-f4-rebuild,20260916-224808-m5-b-qwen14b-1m-needle,20260916-224838-m5-needle,2026-09-16T22:48:08+00:00,run_start,0,UNOBSERVABLE_HOST,,,b-qwen14b-1m,needle,65536,,,,,m5_quality_mi300x/needle_b-qwen14b-1m.csv,bf16,_server,server_kv_cache_dtype_log,,auto(未出現在 non-default args),,20260916-224838-m5-needle/bf16/server.log,,server_paperwork
20261010-075351-f4-rebuild,20260916-224808-m5-b-qwen14b-1m-needle,20260916-224838-m5-needle,2026-09-16T22:48:08+00:00,run_start,0,UNOBSERVABLE_HOST,,,b-qwen14b-1m,needle,65536,,,,,m5_quality_mi300x/needle_b-qwen14b-1m.csv,bf16,_server,server_attention_backend_log,,ROCM_ATTN,,20260916-224838-m5-needle/bf16/server.log,,server_paperwork
20261010-075351-f4-rebuild,20260916-224808-m5-b-qwen14b-1m-needle,20260916-224838-m5-needle,2026-09-16T22:48:08+00:00,run_start,0,UNOBSERVABLE_HOST,,,b-qwen14b-1m,needle,65536,,,,,m5_quality_mi300x/needle_b-qwen14b-1m.csv,bf16,_server,server_gpu_kv_cache_tokens_log,769664.0,,,20260916-224838-m5-needle/bf16/server.log,,server_paperwork
20261010-075351-f4-rebuild,20260916-224808-m5-b-qwen14b-1m-needle,20260916-224838-m5-needle,2026-09-16T22:48:08+00:00,run_start,0,UNOBSERVABLE_HOST,,,b-qwen14b-1m,needle,65536,,,,,m5_quality_mi300x/needle_b-qwen14b-1m.csv,bf16,_server,server_max_model_len_cmd,66048,,,20260916-224838-m5-needle/bf16/server.log,,server_paperwork
20261010-075351-f4-rebuild,20260916-224808-m5-b-qwen14b-1m-needle,20260916-224838-m5-needle,2026-09-16T22:48:08+00:00,run_start,0,UNOBSERVABLE_HOST,,,b-qwen14b-1m,needle,65536,,,,,m5_quality_mi300x/needle_b-qwen14b-1m.csv,fp8,_server,server_kv_cache_dtype_cmd,,fp8,,20260916-224838-m5-needle/fp8/server.log,,server_paperwork
20261010-075351-f4-rebuild,20260916-224808-m5-b-qwen14b-1m-needle,20260916-224838-m5-needle,2026-09-16T22:48:08+00:00,run_start,0,UNOBSERVABLE_HOST,,,b-qwen14b-1m,needle,65536,,,,,m5_quality_mi300x/needle_b-qwen14b-1m.csv,fp8,_server,server_kv_cache_dtype_log,,fp8,,20260916-224838-m5-needle/fp8/server.log,,server_paperwork
20261010-075351-f4-rebuild,20260916-224808-m5-b-qwen14b-1m-needle,20260916-224838-m5-needle,2026-09-16T22:48:08+00:00,run_start,0,UNOBSERVABLE_HOST,,,b-qwen14b-1m,needle,65536,,,,,m5_quality_mi300x/needle_b-qwen14b-1m.csv,fp8,_server,server_attention_backend_log,,ROCM_ATTN,,20260916-224838-m5-needle/fp8/server.log,,server_paperwork
20261010-075351-f4-rebuild,20260916-224808-m5-b-qwen14b-1m-needle,20260916-224838-m5-needle,2026-09-16T22:48:08+00:00,run_start,0,UNOBSERVABLE_HOST,,,b-qwen14b-1m,needle,65536,,,,,m5_quality_mi300x/needle_b-qwen14b-1m.csv,fp8,_server,server_gpu_kv_cache_tokens_log,1539328.0,,,20260916-224838-m5-needle/fp8/server.log,,server_paperwork
20261010-075351-f4-rebuild,20260916-224808-m5-b-qwen14b-1m-needle,20260916-224838-m5-needle,2026-09-16T22:48:08+00:00,run_start,0,UNOBSERVABLE_HOST,,,b-qwen14b-1m,needle,65536,,,,,m5_quality_mi300x/needle_b-qwen14b-1m.csv,fp8,_server,server_max_model_len_cmd,66048,,,20260916-224838-m5-needle/fp8/server.log,,server_paperwork
20261010-075351-f4-rebuild,20260916-224808-m5-b-qwen14b-1m-needle,20260916-224838-m5-needle,2026-09-16T22:48:08+00:00,run_start,0,UNOBSERVABLE_HOST,,,b-qwen14b-1m,needle,65536,,,,,m5_quality_mi300x/needle_b-qwen14b-1m.csv,fp8_ptk,_server,server_kv_cache_dtype_cmd,,fp8_per_token_head,,20260916-224838-m5-needle/fp8_ptk/server.log,,server_paperwork
20261010-075351-f4-rebuild,20260916-224808-m5-b-qwen14b-1m-needle,20260916-224838-m5-needle,2026-09-16T22:48:08+00:00,run_start,0,UNOBSERVABLE_HOST,,,b-qwen14b-1m,needle,65536,,,,,m5_quality_mi300x/needle_b-qwen14b-1m.csv,fp8_ptk,_server,server_kv_cache_dtype_log,,fp8_per_token_head,,20260916-224838-m5-needle/fp8_ptk/server.log,,server_paperwork
20261010-075351-f4-rebuild,20260916-224808-m5-b-qwen14b-1m-needle,20260916-224838-m5-needle,2026-09-16T22:48:08+00:00,run_start,0,UNOBSERVABLE_HOST,,,b-qwen14b-1m,needle,65536,,,,,m5_quality_mi300x/needle_b-qwen14b-1m.csv,fp8_ptk,_server,server_attention_backend_log,,TRITON_ATTN,,20260916-224838-m5-needle/fp8_ptk/server.log,,server_paperwork
20261010-075351-f4-rebuild,20260916-224808-m5-b-qwen14b-1m-needle,20260916-224838-m5-needle,2026-09-16T22:48:08+00:00,run_start,0,UNOBSERVABLE_HOST,,,b-qwen14b-1m,needle,65536,,,,,m5_quality_mi300x/needle_b-qwen14b-1m.csv,fp8_ptk,_server,server_gpu_kv_cache_tokens_log,1492688.0,,,20260916-224838-m5-needle/fp8_ptk/server.log,,server_paperwork
20261010-075351-f4-rebuild,20260916-224808-m5-b-qwen14b-1m-needle,20260916-224838-m5-needle,2026-09-16T22:48:08+00:00,run_start,0,UNOBSERVABLE_HOST,,,b-qwen14b-1m,needle,65536,,,,,m5_quality_mi300x/needle_b-qwen14b-1m.csv,fp8_ptk,_server,server_max_model_len_cmd,66048,,,20260916-224838-m5-needle/fp8_ptk/server.log,,server_paperwork
20261010-075351-f4-rebuild,20260916-224808-m5-b-qwen14b-1m-needle,20260916-224838-m5-needle,2026-09-16T22:48:08+00:00,run_start,0,UNOBSERVABLE_HOST,,,b-qwen14b-1m,needle,65536,,,,,m5_quality_mi300x/needle_b-qwen14b-1m.csv,int4,_server,server_kv_cache_dtype_cmd,,int4_per_token_head,,20260916-224838-m5-needle/int4/server.log,,server_paperwork
20261010-075351-f4-rebuild,20260916-224808-m5-b-qwen14b-1m-needle,20260916-224838-m5-needle,2026-09-16T22:48:08+00:00,run_start,0,UNOBSERVABLE_HOST,,,b-qwen14b-1m,needle,65536,,,,,m5_quality_mi300x/needle_b-qwen14b-1m.csv,int4,_server,server_kv_cache_dtype_log,,int4_per_token_head,,20260916-224838-m5-needle/int4/server.log,,server_paperwork
20261010-075351-f4-rebuild,20260916-224808-m5-b-qwen14b-1m-needle,20260916-224838-m5-needle,2026-09-16T22:48:08+00:00,run_start,0,UNOBSERVABLE_HOST,,,b-qwen14b-1m,needle,65536,,,,,m5_quality_mi300x/needle_b-qwen14b-1m.csv,int4,_server,server_attention_backend_log,,TRITON_ATTN,,20260916-224838-m5-needle/int4/server.log,,server_paperwork
20261010-075351-f4-rebuild,20260916-224808-m5-b-qwen14b-1m-needle,20260916-224838-m5-needle,2026-09-16T22:48:08+00:00,run_start,0,UNOBSERVABLE_HOST,,,b-qwen14b-1m,needle,65536,,,,,m5_quality_mi300x/needle_b-qwen14b-1m.csv,int4,_server,server_gpu_kv_cache_tokens_log,2897568.0,,,20260916-224838-m5-needle/int4/server.log,,server_paperwork
20261010-075351-f4-rebuild,20260916-224808-m5-b-qwen14b-1m-needle,20260916-224838-m5-needle,2026-09-16T22:48:08+00:00,run_start,0,UNOBSERVABLE_HOST,,,b-qwen14b-1m,needle,65536,,,,,m5_quality_mi300x/needle_b-qwen14b-1m.csv,int4,_server,server_max_model_len_cmd,66048,,,20260916-224838-m5-needle/int4/server.log,,server_paperwork
20261010-075351-f4-rebuild,20260916-224808-m5-b-qwen14b-1m-needle,20260916-224838-m5-needle,2026-09-16T22:48:08+00:00,run_start,0,UNOBSERVABLE_HOST,,,b-qwen14b-1m,needle,65536,,,,,m5_quality_mi300x/needle_b-qwen14b-1m.csv,int8,_server,server_kv_cache_dtype_cmd,,int8_per_token_head,,20260916-224838-m5-needle/int8/server.log,,server_paperwork
20261010-075351-f4-rebuild,20260916-224808-m5-b-qwen14b-1m-needle,20260916-224838-m5-needle,2026-09-16T22:48:08+00:00,run_start,0,UNOBSERVABLE_HOST,,,b-qwen14b-1m,needle,65536,,,,,m5_quality_mi300x/needle_b-qwen14b-1m.csv,int8,_server,server_kv_cache_dtype_log,,int8_per_token_head,,20260916-224838-m5-needle/int8/server.log,,server_paperwork
20261010-075351-f4-rebuild,20260916-224808-m5-b-qwen14b-1m-needle,20260916-224838-m5-needle,2026-09-16T22:48:08+00:00,run_start,0,UNOBSERVABLE_HOST,,,b-qwen14b-1m,needle,65536,,,,,m5_quality_mi300x/needle_b-qwen14b-1m.csv,int8,_server,server_attention_backend_log,,TRITON_ATTN,,20260916-224838-m5-needle/int8/server.log,,server_paperwork
20261010-075351-f4-rebuild,20260916-224808-m5-b-qwen14b-1m-needle,20260916-224838-m5-needle,2026-09-16T22:48:08+00:00,run_start,0,UNOBSERVABLE_HOST,,,b-qwen14b-1m,needle,65536,,,,,m5_quality_mi300x/needle_b-qwen14b-1m.csv,int8,_server,server_gpu_kv_cache_tokens_log,1492688.0,,,20260916-224838-m5-needle/int8/server.log,,server_paperwork
20261010-075351-f4-rebuild,20260916-224808-m5-b-qwen14b-1m-needle,20260916-224838-m5-needle,2026-09-16T22:48:08+00:00,run_start,0,UNOBSERVABLE_HOST,,,b-qwen14b-1m,needle,65536,,,,,m5_quality_mi300x/needle_b-qwen14b-1m.csv,int8,_server,server_max_model_len_cmd,66048,,,20260916-224838-m5-needle/int8/server.log,,server_paperwork
20261010-075351-f4-rebuild,20260916-234531-m5-b-qwen14b-1m-precision,20260916-234601-m5-precision,2026-09-16T23:45:31+00:00,run_start,0,UNOBSERVABLE_HOST,,,b-qwen14b-1m,precision,,,,,120,m5_quality_mi300x/gsm8k_precision_b-qwen14b-1m.csv,bf16,_server,server_kv_cache_dtype_cmd,,auto(未指定),,20260916-234601-m5-precision/bf16/server.log,,server_paperwork
20261010-075351-f4-rebuild,20260916-234531-m5-b-qwen14b-1m-precision,20260916-234601-m5-precision,2026-09-16T23:45:31+00:00,run_start,0,UNOBSERVABLE_HOST,,,b-qwen14b-1m,precision,,,,,120,m5_quality_mi300x/gsm8k_precision_b-qwen14b-1m.csv,bf16,_server,server_kv_cache_dtype_log,,auto(未出現在 non-default args),,20260916-234601-m5-precision/bf16/server.log,,server_paperwork
20261010-075351-f4-rebuild,20260916-234531-m5-b-qwen14b-1m-precision,20260916-234601-m5-precision,2026-09-16T23:45:31+00:00,run_start,0,UNOBSERVABLE_HOST,,,b-qwen14b-1m,precision,,,,,120,m5_quality_mi300x/gsm8k_precision_b-qwen14b-1m.csv,bf16,_server,server_attention_backend_log,,ROCM_ATTN,,20260916-234601-m5-precision/bf16/server.log,,server_paperwork
20261010-075351-f4-rebuild,20260916-234531-m5-b-qwen14b-1m-precision,20260916-234601-m5-precision,2026-09-16T23:45:31+00:00,run_start,0,UNOBSERVABLE_HOST,,,b-qwen14b-1m,precision,,,,,120,m5_quality_mi300x/gsm8k_precision_b-qwen14b-1m.csv,bf16,_server,server_gpu_kv_cache_tokens_log,776780.0,,,20260916-234601-m5-precision/bf16/server.log,,server_paperwork
20261010-075351-f4-rebuild,20260916-234531-m5-b-qwen14b-1m-precision,20260916-234601-m5-precision,2026-09-16T23:45:31+00:00,run_start,0,UNOBSERVABLE_HOST,,,b-qwen14b-1m,precision,,,,,120,m5_quality_mi300x/gsm8k_precision_b-qwen14b-1m.csv,bf16,_server,server_max_model_len_cmd,13363,,,20260916-234601-m5-precision/bf16/server.log,,server_paperwork
20261010-075351-f4-rebuild,20260916-234531-m5-b-qwen14b-1m-precision,20260916-234601-m5-precision,2026-09-16T23:45:31+00:00,run_start,0,UNOBSERVABLE_HOST,,,b-qwen14b-1m,precision,,,,,120,m5_quality_mi300x/gsm8k_precision_b-qwen14b-1m.csv,fp8,_server,server_kv_cache_dtype_cmd,,fp8,,20260916-234601-m5-precision/fp8/server.log,,server_paperwork
20261010-075351-f4-rebuild,20260916-234531-m5-b-qwen14b-1m-precision,20260916-234601-m5-precision,2026-09-16T23:45:31+00:00,run_start,0,UNOBSERVABLE_HOST,,,b-qwen14b-1m,precision,,,,,120,m5_quality_mi300x/gsm8k_precision_b-qwen14b-1m.csv,fp8,_server,server_kv_cache_dtype_log,,fp8,,20260916-234601-m5-precision/fp8/server.log,,server_paperwork
20261010-075351-f4-rebuild,20260916-234531-m5-b-qwen14b-1m-precision,20260916-234601-m5-precision,2026-09-16T23:45:31+00:00,run_start,0,UNOBSERVABLE_HOST,,,b-qwen14b-1m,precision,,,,,120,m5_quality_mi300x/gsm8k_precision_b-qwen14b-1m.csv,fp8,_server,server_attention_backend_log,,ROCM_ATTN,,20260916-234601-m5-precision/fp8/server.log,,server_paperwork
20261010-075351-f4-rebuild,20260916-234531-m5-b-qwen14b-1m-precision,20260916-234601-m5-precision,2026-09-16T23:45:31+00:00,run_start,0,UNOBSERVABLE_HOST,,,b-qwen14b-1m,precision,,,,,120,m5_quality_mi300x/gsm8k_precision_b-qwen14b-1m.csv,fp8,_server,server_gpu_kv_cache_tokens_log,1537831.0,,,20260916-234601-m5-precision/fp8/server.log,,server_paperwork
20261010-075351-f4-rebuild,20260916-234531-m5-b-qwen14b-1m-precision,20260916-234601-m5-precision,2026-09-16T23:45:31+00:00,run_start,0,UNOBSERVABLE_HOST,,,b-qwen14b-1m,precision,,,,,120,m5_quality_mi300x/gsm8k_precision_b-qwen14b-1m.csv,fp8,_server,server_max_model_len_cmd,13363,,,20260916-234601-m5-precision/fp8/server.log,,server_paperwork
20261010-075351-f4-rebuild,20260916-234531-m5-b-qwen14b-1m-precision,20260916-234601-m5-precision,2026-09-16T23:45:31+00:00,run_start,0,UNOBSERVABLE_HOST,,,b-qwen14b-1m,precision,,,,,120,m5_quality_mi300x/gsm8k_precision_b-qwen14b-1m.csv,fp8_ptk,_server,server_kv_cache_dtype_cmd,,fp8_per_token_head,,20260916-234601-m5-precision/fp8_ptk/server.log,,server_paperwork
20261010-075351-f4-rebuild,20260916-234531-m5-b-qwen14b-1m-precision,20260916-234601-m5-precision,2026-09-16T23:45:31+00:00,run_start,0,UNOBSERVABLE_HOST,,,b-qwen14b-1m,precision,,,,,120,m5_quality_mi300x/gsm8k_precision_b-qwen14b-1m.csv,fp8_ptk,_server,server_kv_cache_dtype_log,,fp8_per_token_head,,20260916-234601-m5-precision/fp8_ptk/server.log,,server_paperwork
20261010-075351-f4-rebuild,20260916-234531-m5-b-qwen14b-1m-precision,20260916-234601-m5-precision,2026-09-16T23:45:31+00:00,run_start,0,UNOBSERVABLE_HOST,,,b-qwen14b-1m,precision,,,,,120,m5_quality_mi300x/gsm8k_precision_b-qwen14b-1m.csv,fp8_ptk,_server,server_attention_backend_log,,TRITON_ATTN,,20260916-234601-m5-precision/fp8_ptk/server.log,,server_paperwork
20261010-075351-f4-rebuild,20260916-234531-m5-b-qwen14b-1m-precision,20260916-234601-m5-precision,2026-09-16T23:45:31+00:00,run_start,0,UNOBSERVABLE_HOST,,,b-qwen14b-1m,precision,,,,,120,m5_quality_mi300x/gsm8k_precision_b-qwen14b-1m.csv,fp8_ptk,_server,server_gpu_kv_cache_tokens_log,1491237.0,,,20260916-234601-m5-precision/fp8_ptk/server.log,,server_paperwork
20261010-075351-f4-rebuild,20260916-234531-m5-b-qwen14b-1m-precision,20260916-234601-m5-precision,2026-09-16T23:45:31+00:00,run_start,0,UNOBSERVABLE_HOST,,,b-qwen14b-1m,precision,,,,,120,m5_quality_mi300x/gsm8k_precision_b-qwen14b-1m.csv,fp8_ptk,_server,server_max_model_len_cmd,13363,,,20260916-234601-m5-precision/fp8_ptk/server.log,,server_paperwork
20261010-075351-f4-rebuild,20260916-234531-m5-b-qwen14b-1m-precision,20260916-234601-m5-precision,2026-09-16T23:45:31+00:00,run_start,0,UNOBSERVABLE_HOST,,,b-qwen14b-1m,precision,,,,,120,m5_quality_mi300x/gsm8k_precision_b-qwen14b-1m.csv,int4,_server,server_kv_cache_dtype_cmd,,int4_per_token_head,,20260916-234601-m5-precision/int4/server.log,,server_paperwork
20261010-075351-f4-rebuild,20260916-234531-m5-b-qwen14b-1m-precision,20260916-234601-m5-precision,2026-09-16T23:45:31+00:00,run_start,0,UNOBSERVABLE_HOST,,,b-qwen14b-1m,precision,,,,,120,m5_quality_mi300x/gsm8k_precision_b-qwen14b-1m.csv,int4,_server,server_kv_cache_dtype_log,,int4_per_token_head,,20260916-234601-m5-precision/int4/server.log,,server_paperwork
20261010-075351-f4-rebuild,20260916-234531-m5-b-qwen14b-1m-precision,20260916-234601-m5-precision,2026-09-16T23:45:31+00:00,run_start,0,UNOBSERVABLE_HOST,,,b-qwen14b-1m,precision,,,,,120,m5_quality_mi300x/gsm8k_precision_b-qwen14b-1m.csv,int4,_server,server_attention_backend_log,,TRITON_ATTN,,20260916-234601-m5-precision/int4/server.log,,server_paperwork
20261010-075351-f4-rebuild,20260916-234531-m5-b-qwen14b-1m-precision,20260916-234601-m5-precision,2026-09-16T23:45:31+00:00,run_start,0,UNOBSERVABLE_HOST,,,b-qwen14b-1m,precision,,,,,120,m5_quality_mi300x/gsm8k_precision_b-qwen14b-1m.csv,int4,_server,server_gpu_kv_cache_tokens_log,2894751.0,,,20260916-234601-m5-precision/int4/server.log,,server_paperwork
20261010-075351-f4-rebuild,20260916-234531-m5-b-qwen14b-1m-precision,20260916-234601-m5-precision,2026-09-16T23:45:31+00:00,run_start,0,UNOBSERVABLE_HOST,,,b-qwen14b-1m,precision,,,,,120,m5_quality_mi300x/gsm8k_precision_b-qwen14b-1m.csv,int4,_server,server_max_model_len_cmd,13363,,,20260916-234601-m5-precision/int4/server.log,,server_paperwork
20261010-075351-f4-rebuild,20260916-234531-m5-b-qwen14b-1m-precision,20260916-234601-m5-precision,2026-09-16T23:45:31+00:00,run_start,0,UNOBSERVABLE_HOST,,,b-qwen14b-1m,precision,,,,,120,m5_quality_mi300x/gsm8k_precision_b-qwen14b-1m.csv,int8,_server,server_kv_cache_dtype_cmd,,int8_per_token_head,,20260916-234601-m5-precision/int8/server.log,,server_paperwork
20261010-075351-f4-rebuild,20260916-234531-m5-b-qwen14b-1m-precision,20260916-234601-m5-precision,2026-09-16T23:45:31+00:00,run_start,0,UNOBSERVABLE_HOST,,,b-qwen14b-1m,precision,,,,,120,m5_quality_mi300x/gsm8k_precision_b-qwen14b-1m.csv,int8,_server,server_kv_cache_dtype_log,,int8_per_token_head,,20260916-234601-m5-precision/int8/server.log,,server_paperwork
20261010-075351-f4-rebuild,20260916-234531-m5-b-qwen14b-1m-precision,20260916-234601-m5-precision,2026-09-16T23:45:31+00:00,run_start,0,UNOBSERVABLE_HOST,,,b-qwen14b-1m,precision,,,,,120,m5_quality_mi300x/gsm8k_precision_b-qwen14b-1m.csv,int8,_server,server_attention_backend_log,,TRITON_ATTN,,20260916-234601-m5-precision/int8/server.log,,server_paperwork
20261010-075351-f4-rebuild,20260916-234531-m5-b-qwen14b-1m-precision,20260916-234601-m5-precision,2026-09-16T23:45:31+00:00,run_start,0,UNOBSERVABLE_HOST,,,b-qwen14b-1m,precision,,,,,120,m5_quality_mi300x/gsm8k_precision_b-qwen14b-1m.csv,int8,_server,server_gpu_kv_cache_tokens_log,1491237.0,,,20260916-234601-m5-precision/int8/server.log,,server_paperwork
20261010-075351-f4-rebuild,20260916-234531-m5-b-qwen14b-1m-precision,20260916-234601-m5-precision,2026-09-16T23:45:31+00:00,run_start,0,UNOBSERVABLE_HOST,,,b-qwen14b-1m,precision,,,,,120,m5_quality_mi300x/gsm8k_precision_b-qwen14b-1m.csv,int8,_server,server_max_model_len_cmd,13363,,,20260916-234601-m5-precision/int8/server.log,,server_paperwork
20261010-075351-f4-rebuild,20260917-001421-m5-b-mistral-nemo12b-lossless,20260917-001454-m5-lossless,2026-09-17T00:14:21+00:00,run_start,0,UNOBSERVABLE_HOST,,,b-mistral-nemo12b,lossless,,,,,60,m5_quality_mi300x/lossless_b-mistral-nemo12b.csv,cpu_lru,_server,server_kv_cache_dtype_cmd,,auto(未指定),,20260917-001454-m5-lossless/cpu_lru/server.log,,server_paperwork
20261010-075351-f4-rebuild,20260917-001421-m5-b-mistral-nemo12b-lossless,20260917-001454-m5-lossless,2026-09-17T00:14:21+00:00,run_start,0,UNOBSERVABLE_HOST,,,b-mistral-nemo12b,lossless,,,,,60,m5_quality_mi300x/lossless_b-mistral-nemo12b.csv,cpu_lru,_server,server_kv_cache_dtype_log,,auto(未出現在 non-default args),,20260917-001454-m5-lossless/cpu_lru/server.log,,server_paperwork
20261010-075351-f4-rebuild,20260917-001421-m5-b-mistral-nemo12b-lossless,20260917-001454-m5-lossless,2026-09-17T00:14:21+00:00,run_start,0,UNOBSERVABLE_HOST,,,b-mistral-nemo12b,lossless,,,,,60,m5_quality_mi300x/lossless_b-mistral-nemo12b.csv,cpu_lru,_server,server_attention_backend_log,,TRITON_ATTN,,20260917-001454-m5-lossless/cpu_lru/server.log,,server_paperwork
20261010-075351-f4-rebuild,20260917-001421-m5-b-mistral-nemo12b-lossless,20260917-001454-m5-lossless,2026-09-17T00:14:21+00:00,run_start,0,UNOBSERVABLE_HOST,,,b-mistral-nemo12b,lossless,,,,,60,m5_quality_mi300x/lossless_b-mistral-nemo12b.csv,cpu_lru,_server,server_gpu_kv_cache_tokens_log,963572.0,,,20260917-001454-m5-lossless/cpu_lru/server.log,,server_paperwork
20261010-075351-f4-rebuild,20260917-001421-m5-b-mistral-nemo12b-lossless,20260917-001454-m5-lossless,2026-09-17T00:14:21+00:00,run_start,0,UNOBSERVABLE_HOST,,,b-mistral-nemo12b,lossless,,,,,60,m5_quality_mi300x/lossless_b-mistral-nemo12b.csv,cpu_lru,_server,server_max_model_len_cmd,13496,,,20260917-001454-m5-lossless/cpu_lru/server.log,,server_paperwork
20261010-075351-f4-rebuild,20260917-001421-m5-b-mistral-nemo12b-lossless,20260917-001454-m5-lossless,2026-09-17T00:14:21+00:00,run_start,0,UNOBSERVABLE_HOST,,,b-mistral-nemo12b,lossless,,,,,60,m5_quality_mi300x/lossless_b-mistral-nemo12b.csv,full_gpu,_server,server_kv_cache_dtype_cmd,,auto(未指定),,20260917-001454-m5-lossless/full_gpu/server.log,,server_paperwork
20261010-075351-f4-rebuild,20260917-001421-m5-b-mistral-nemo12b-lossless,20260917-001454-m5-lossless,2026-09-17T00:14:21+00:00,run_start,0,UNOBSERVABLE_HOST,,,b-mistral-nemo12b,lossless,,,,,60,m5_quality_mi300x/lossless_b-mistral-nemo12b.csv,full_gpu,_server,server_kv_cache_dtype_log,,auto(未出現在 non-default args),,20260917-001454-m5-lossless/full_gpu/server.log,,server_paperwork
20261010-075351-f4-rebuild,20260917-001421-m5-b-mistral-nemo12b-lossless,20260917-001454-m5-lossless,2026-09-17T00:14:21+00:00,run_start,0,UNOBSERVABLE_HOST,,,b-mistral-nemo12b,lossless,,,,,60,m5_quality_mi300x/lossless_b-mistral-nemo12b.csv,full_gpu,_server,server_attention_backend_log,,ROCM_ATTN,,20260917-001454-m5-lossless/full_gpu/server.log,,server_paperwork
20261010-075351-f4-rebuild,20260917-001421-m5-b-mistral-nemo12b-lossless,20260917-001454-m5-lossless,2026-09-17T00:14:21+00:00,run_start,0,UNOBSERVABLE_HOST,,,b-mistral-nemo12b,lossless,,,,,60,m5_quality_mi300x/lossless_b-mistral-nemo12b.csv,full_gpu,_server,server_gpu_kv_cache_tokens_log,963572.0,,,20260917-001454-m5-lossless/full_gpu/server.log,,server_paperwork
20261010-075351-f4-rebuild,20260917-001421-m5-b-mistral-nemo12b-lossless,20260917-001454-m5-lossless,2026-09-17T00:14:21+00:00,run_start,0,UNOBSERVABLE_HOST,,,b-mistral-nemo12b,lossless,,,,,60,m5_quality_mi300x/lossless_b-mistral-nemo12b.csv,full_gpu,_server,server_max_model_len_cmd,13496,,,20260917-001454-m5-lossless/full_gpu/server.log,,server_paperwork
20261010-075351-f4-rebuild,20260917-001421-m5-b-mistral-nemo12b-lossless,20260917-001454-m5-lossless,2026-09-17T00:14:21+00:00,run_start,0,UNOBSERVABLE_HOST,,,b-mistral-nemo12b,lossless,,,,,60,m5_quality_mi300x/lossless_b-mistral-nemo12b.csv,tier_fs,_server,server_kv_cache_dtype_cmd,,auto(未指定),,20260917-001454-m5-lossless/tier_fs/server.log,,server_paperwork
20261010-075351-f4-rebuild,20260917-001421-m5-b-mistral-nemo12b-lossless,20260917-001454-m5-lossless,2026-09-17T00:14:21+00:00,run_start,0,UNOBSERVABLE_HOST,,,b-mistral-nemo12b,lossless,,,,,60,m5_quality_mi300x/lossless_b-mistral-nemo12b.csv,tier_fs,_server,server_kv_cache_dtype_log,,auto(未出現在 non-default args),,20260917-001454-m5-lossless/tier_fs/server.log,,server_paperwork
20261010-075351-f4-rebuild,20260917-001421-m5-b-mistral-nemo12b-lossless,20260917-001454-m5-lossless,2026-09-17T00:14:21+00:00,run_start,0,UNOBSERVABLE_HOST,,,b-mistral-nemo12b,lossless,,,,,60,m5_quality_mi300x/lossless_b-mistral-nemo12b.csv,tier_fs,_server,server_attention_backend_log,,TRITON_ATTN,,20260917-001454-m5-lossless/tier_fs/server.log,,server_paperwork
20261010-075351-f4-rebuild,20260917-001421-m5-b-mistral-nemo12b-lossless,20260917-001454-m5-lossless,2026-09-17T00:14:21+00:00,run_start,0,UNOBSERVABLE_HOST,,,b-mistral-nemo12b,lossless,,,,,60,m5_quality_mi300x/lossless_b-mistral-nemo12b.csv,tier_fs,_server,server_gpu_kv_cache_tokens_log,964340.0,,,20260917-001454-m5-lossless/tier_fs/server.log,,server_paperwork
20261010-075351-f4-rebuild,20260917-001421-m5-b-mistral-nemo12b-lossless,20260917-001454-m5-lossless,2026-09-17T00:14:21+00:00,run_start,0,UNOBSERVABLE_HOST,,,b-mistral-nemo12b,lossless,,,,,60,m5_quality_mi300x/lossless_b-mistral-nemo12b.csv,tier_fs,_server,server_max_model_len_cmd,13496,,,20260917-001454-m5-lossless/tier_fs/server.log,,server_paperwork
20261010-075351-f4-rebuild,20260917-002231-m5-b-mistral-nemo12b-needle,20260917-002304-m5-needle,2026-09-17T00:22:31+00:00,run_start,0,UNOBSERVABLE_HOST,,,b-mistral-nemo12b,needle,65536,,,,,m5_quality_mi300x/needle_b-mistral-nemo12b.csv,bf16,_server,server_kv_cache_dtype_cmd,,auto(未指定),,20260917-002304-m5-needle/bf16/server.log,,server_paperwork
20261010-075351-f4-rebuild,20260917-002231-m5-b-mistral-nemo12b-needle,20260917-002304-m5-needle,2026-09-17T00:22:31+00:00,run_start,0,UNOBSERVABLE_HOST,,,b-mistral-nemo12b,needle,65536,,,,,m5_quality_mi300x/needle_b-mistral-nemo12b.csv,bf16,_server,server_kv_cache_dtype_log,,auto(未出現在 non-default args),,20260917-002304-m5-needle/bf16/server.log,,server_paperwork
20261010-075351-f4-rebuild,20260917-002231-m5-b-mistral-nemo12b-needle,20260917-002304-m5-needle,2026-09-17T00:22:31+00:00,run_start,0,UNOBSERVABLE_HOST,,,b-mistral-nemo12b,needle,65536,,,,,m5_quality_mi300x/needle_b-mistral-nemo12b.csv,bf16,_server,server_attention_backend_log,,ROCM_ATTN,,20260917-002304-m5-needle/bf16/server.log,,server_paperwork
20261010-075351-f4-rebuild,20260917-002231-m5-b-mistral-nemo12b-needle,20260917-002304-m5-needle,2026-09-17T00:22:31+00:00,run_start,0,UNOBSERVABLE_HOST,,,b-mistral-nemo12b,needle,65536,,,,,m5_quality_mi300x/needle_b-mistral-nemo12b.csv,bf16,_server,server_gpu_kv_cache_tokens_log,964144.0,,,20260917-002304-m5-needle/bf16/server.log,,server_paperwork
20261010-075351-f4-rebuild,20260917-002231-m5-b-mistral-nemo12b-needle,20260917-002304-m5-needle,2026-09-17T00:22:31+00:00,run_start,0,UNOBSERVABLE_HOST,,,b-mistral-nemo12b,needle,65536,,,,,m5_quality_mi300x/needle_b-mistral-nemo12b.csv,bf16,_server,server_max_model_len_cmd,66048,,,20260917-002304-m5-needle/bf16/server.log,,server_paperwork
20261010-075351-f4-rebuild,20260917-002231-m5-b-mistral-nemo12b-needle,20260917-002304-m5-needle,2026-09-17T00:22:31+00:00,run_start,0,UNOBSERVABLE_HOST,,,b-mistral-nemo12b,needle,65536,,,,,m5_quality_mi300x/needle_b-mistral-nemo12b.csv,fp8,_server,server_kv_cache_dtype_cmd,,fp8,,20260917-002304-m5-needle/fp8/server.log,,server_paperwork
20261010-075351-f4-rebuild,20260917-002231-m5-b-mistral-nemo12b-needle,20260917-002304-m5-needle,2026-09-17T00:22:31+00:00,run_start,0,UNOBSERVABLE_HOST,,,b-mistral-nemo12b,needle,65536,,,,,m5_quality_mi300x/needle_b-mistral-nemo12b.csv,fp8,_server,server_kv_cache_dtype_log,,fp8,,20260917-002304-m5-needle/fp8/server.log,,server_paperwork
20261010-075351-f4-rebuild,20260917-002231-m5-b-mistral-nemo12b-needle,20260917-002304-m5-needle,2026-09-17T00:22:31+00:00,run_start,0,UNOBSERVABLE_HOST,,,b-mistral-nemo12b,needle,65536,,,,,m5_quality_mi300x/needle_b-mistral-nemo12b.csv,fp8,_server,server_attention_backend_log,,ROCM_ATTN,,20260917-002304-m5-needle/fp8/server.log,,server_paperwork
20261010-075351-f4-rebuild,20260917-002231-m5-b-mistral-nemo12b-needle,20260917-002304-m5-needle,2026-09-17T00:22:31+00:00,run_start,0,UNOBSERVABLE_HOST,,,b-mistral-nemo12b,needle,65536,,,,,m5_quality_mi300x/needle_b-mistral-nemo12b.csv,fp8,_server,server_gpu_kv_cache_tokens_log,1928304.0,,,20260917-002304-m5-needle/fp8/server.log,,server_paperwork
20261010-075351-f4-rebuild,20260917-002231-m5-b-mistral-nemo12b-needle,20260917-002304-m5-needle,2026-09-17T00:22:31+00:00,run_start,0,UNOBSERVABLE_HOST,,,b-mistral-nemo12b,needle,65536,,,,,m5_quality_mi300x/needle_b-mistral-nemo12b.csv,fp8,_server,server_max_model_len_cmd,66048,,,20260917-002304-m5-needle/fp8/server.log,,server_paperwork
20261010-075351-f4-rebuild,20260917-002231-m5-b-mistral-nemo12b-needle,20260917-002304-m5-needle,2026-09-17T00:22:31+00:00,run_start,0,UNOBSERVABLE_HOST,,,b-mistral-nemo12b,needle,65536,,,,,m5_quality_mi300x/needle_b-mistral-nemo12b.csv,fp8_ptk,_server,server_kv_cache_dtype_cmd,,fp8_per_token_head,,20260917-002304-m5-needle/fp8_ptk/server.log,,server_paperwork
20261010-075351-f4-rebuild,20260917-002231-m5-b-mistral-nemo12b-needle,20260917-002304-m5-needle,2026-09-17T00:22:31+00:00,run_start,0,UNOBSERVABLE_HOST,,,b-mistral-nemo12b,needle,65536,,,,,m5_quality_mi300x/needle_b-mistral-nemo12b.csv,fp8_ptk,_server,server_kv_cache_dtype_log,,fp8_per_token_head,,20260917-002304-m5-needle/fp8_ptk/server.log,,server_paperwork
20261010-075351-f4-rebuild,20260917-002231-m5-b-mistral-nemo12b-needle,20260917-002304-m5-needle,2026-09-17T00:22:31+00:00,run_start,0,UNOBSERVABLE_HOST,,,b-mistral-nemo12b,needle,65536,,,,,m5_quality_mi300x/needle_b-mistral-nemo12b.csv,fp8_ptk,_server,server_attention_backend_log,,TRITON_ATTN,,20260917-002304-m5-needle/fp8_ptk/server.log,,server_paperwork
20261010-075351-f4-rebuild,20260917-002231-m5-b-mistral-nemo12b-needle,20260917-002304-m5-needle,2026-09-17T00:22:31+00:00,run_start,0,UNOBSERVABLE_HOST,,,b-mistral-nemo12b,needle,65536,,,,,m5_quality_mi300x/needle_b-mistral-nemo12b.csv,fp8_ptk,_server,server_gpu_kv_cache_tokens_log,1869856.0,,,20260917-002304-m5-needle/fp8_ptk/server.log,,server_paperwork
20261010-075351-f4-rebuild,20260917-002231-m5-b-mistral-nemo12b-needle,20260917-002304-m5-needle,2026-09-17T00:22:31+00:00,run_start,0,UNOBSERVABLE_HOST,,,b-mistral-nemo12b,needle,65536,,,,,m5_quality_mi300x/needle_b-mistral-nemo12b.csv,fp8_ptk,_server,server_max_model_len_cmd,66048,,,20260917-002304-m5-needle/fp8_ptk/server.log,,server_paperwork
20261010-075351-f4-rebuild,20260917-002231-m5-b-mistral-nemo12b-needle,20260917-002304-m5-needle,2026-09-17T00:22:31+00:00,run_start,0,UNOBSERVABLE_HOST,,,b-mistral-nemo12b,needle,65536,,,,,m5_quality_mi300x/needle_b-mistral-nemo12b.csv,int4,_server,server_kv_cache_dtype_cmd,,int4_per_token_head,,20260917-002304-m5-needle/int4/server.log,,server_paperwork
20261010-075351-f4-rebuild,20260917-002231-m5-b-mistral-nemo12b-needle,20260917-002304-m5-needle,2026-09-17T00:22:31+00:00,run_start,0,UNOBSERVABLE_HOST,,,b-mistral-nemo12b,needle,65536,,,,,m5_quality_mi300x/needle_b-mistral-nemo12b.csv,int4,_server,server_kv_cache_dtype_log,,int4_per_token_head,,20260917-002304-m5-needle/int4/server.log,,server_paperwork
20261010-075351-f4-rebuild,20260917-002231-m5-b-mistral-nemo12b-needle,20260917-002304-m5-needle,2026-09-17T00:22:31+00:00,run_start,0,UNOBSERVABLE_HOST,,,b-mistral-nemo12b,needle,65536,,,,,m5_quality_mi300x/needle_b-mistral-nemo12b.csv,int4,_server,server_attention_backend_log,,TRITON_ATTN,,20260917-002304-m5-needle/int4/server.log,,server_paperwork
20261010-075351-f4-rebuild,20260917-002231-m5-b-mistral-nemo12b-needle,20260917-002304-m5-needle,2026-09-17T00:22:31+00:00,run_start,0,UNOBSERVABLE_HOST,,,b-mistral-nemo12b,needle,65536,,,,,m5_quality_mi300x/needle_b-mistral-nemo12b.csv,int4,_server,server_gpu_kv_cache_tokens_log,3629744.0,,,20260917-002304-m5-needle/int4/server.log,,server_paperwork
20261010-075351-f4-rebuild,20260917-002231-m5-b-mistral-nemo12b-needle,20260917-002304-m5-needle,2026-09-17T00:22:31+00:00,run_start,0,UNOBSERVABLE_HOST,,,b-mistral-nemo12b,needle,65536,,,,,m5_quality_mi300x/needle_b-mistral-nemo12b.csv,int4,_server,server_max_model_len_cmd,66048,,,20260917-002304-m5-needle/int4/server.log,,server_paperwork
20261010-075351-f4-rebuild,20260917-002231-m5-b-mistral-nemo12b-needle,20260917-002304-m5-needle,2026-09-17T00:22:31+00:00,run_start,0,UNOBSERVABLE_HOST,,,b-mistral-nemo12b,needle,65536,,,,,m5_quality_mi300x/needle_b-mistral-nemo12b.csv,int8,_server,server_kv_cache_dtype_cmd,,int8_per_token_head,,20260917-002304-m5-needle/int8/server.log,,server_paperwork
20261010-075351-f4-rebuild,20260917-002231-m5-b-mistral-nemo12b-needle,20260917-002304-m5-needle,2026-09-17T00:22:31+00:00,run_start,0,UNOBSERVABLE_HOST,,,b-mistral-nemo12b,needle,65536,,,,,m5_quality_mi300x/needle_b-mistral-nemo12b.csv,int8,_server,server_kv_cache_dtype_log,,int8_per_token_head,,20260917-002304-m5-needle/int8/server.log,,server_paperwork
20261010-075351-f4-rebuild,20260917-002231-m5-b-mistral-nemo12b-needle,20260917-002304-m5-needle,2026-09-17T00:22:31+00:00,run_start,0,UNOBSERVABLE_HOST,,,b-mistral-nemo12b,needle,65536,,,,,m5_quality_mi300x/needle_b-mistral-nemo12b.csv,int8,_server,server_attention_backend_log,,TRITON_ATTN,,20260917-002304-m5-needle/int8/server.log,,server_paperwork
20261010-075351-f4-rebuild,20260917-002231-m5-b-mistral-nemo12b-needle,20260917-002304-m5-needle,2026-09-17T00:22:31+00:00,run_start,0,UNOBSERVABLE_HOST,,,b-mistral-nemo12b,needle,65536,,,,,m5_quality_mi300x/needle_b-mistral-nemo12b.csv,int8,_server,server_gpu_kv_cache_tokens_log,1869856.0,,,20260917-002304-m5-needle/int8/server.log,,server_paperwork
20261010-075351-f4-rebuild,20260917-002231-m5-b-mistral-nemo12b-needle,20260917-002304-m5-needle,2026-09-17T00:22:31+00:00,run_start,0,UNOBSERVABLE_HOST,,,b-mistral-nemo12b,needle,65536,,,,,m5_quality_mi300x/needle_b-mistral-nemo12b.csv,int8,_server,server_max_model_len_cmd,66048,,,20260917-002304-m5-needle/int8/server.log,,server_paperwork
20261010-075351-f4-rebuild,20260917-010336-m5-b-mistral-nemo12b-precision,20260917-010411-m5-precision,2026-09-17T01:03:36+00:00,run_start,0,UNOBSERVABLE_HOST,,,b-mistral-nemo12b,precision,,,,,120,m5_quality_mi300x/gsm8k_precision_b-mistral-nemo12b.csv,bf16,_server,server_kv_cache_dtype_cmd,,auto(未指定),,20260917-010411-m5-precision/bf16/server.log,,server_paperwork
20261010-075351-f4-rebuild,20260917-010336-m5-b-mistral-nemo12b-precision,20260917-010411-m5-precision,2026-09-17T01:03:36+00:00,run_start,0,UNOBSERVABLE_HOST,,,b-mistral-nemo12b,precision,,,,,120,m5_quality_mi300x/gsm8k_precision_b-mistral-nemo12b.csv,bf16,_server,server_kv_cache_dtype_log,,auto(未出現在 non-default args),,20260917-010411-m5-precision/bf16/server.log,,server_paperwork
20261010-075351-f4-rebuild,20260917-010336-m5-b-mistral-nemo12b-precision,20260917-010411-m5-precision,2026-09-17T01:03:36+00:00,run_start,0,UNOBSERVABLE_HOST,,,b-mistral-nemo12b,precision,,,,,120,m5_quality_mi300x/gsm8k_precision_b-mistral-nemo12b.csv,bf16,_server,server_attention_backend_log,,ROCM_ATTN,,20260917-010411-m5-precision/bf16/server.log,,server_paperwork
20261010-075351-f4-rebuild,20260917-010336-m5-b-mistral-nemo12b-precision,20260917-010411-m5-precision,2026-09-17T01:03:36+00:00,run_start,0,UNOBSERVABLE_HOST,,,b-mistral-nemo12b,precision,,,,,120,m5_quality_mi300x/gsm8k_precision_b-mistral-nemo12b.csv,bf16,_server,server_gpu_kv_cache_tokens_log,964340.0,,,20260917-010411-m5-precision/bf16/server.log,,server_paperwork
20261010-075351-f4-rebuild,20260917-010336-m5-b-mistral-nemo12b-precision,20260917-010411-m5-precision,2026-09-17T01:03:36+00:00,run_start,0,UNOBSERVABLE_HOST,,,b-mistral-nemo12b,precision,,,,,120,m5_quality_mi300x/gsm8k_precision_b-mistral-nemo12b.csv,bf16,_server,server_max_model_len_cmd,13496,,,20260917-010411-m5-precision/bf16/server.log,,server_paperwork
20261010-075351-f4-rebuild,20260917-010336-m5-b-mistral-nemo12b-precision,20260917-010411-m5-precision,2026-09-17T01:03:36+00:00,run_start,0,UNOBSERVABLE_HOST,,,b-mistral-nemo12b,precision,,,,,120,m5_quality_mi300x/gsm8k_precision_b-mistral-nemo12b.csv,fp8,_server,server_kv_cache_dtype_cmd,,fp8,,20260917-010411-m5-precision/fp8/server.log,,server_paperwork
20261010-075351-f4-rebuild,20260917-010336-m5-b-mistral-nemo12b-precision,20260917-010411-m5-precision,2026-09-17T01:03:36+00:00,run_start,0,UNOBSERVABLE_HOST,,,b-mistral-nemo12b,precision,,,,,120,m5_quality_mi300x/gsm8k_precision_b-mistral-nemo12b.csv,fp8,_server,server_kv_cache_dtype_log,,fp8,,20260917-010411-m5-precision/fp8/server.log,,server_paperwork
20261010-075351-f4-rebuild,20260917-010336-m5-b-mistral-nemo12b-precision,20260917-010411-m5-precision,2026-09-17T01:03:36+00:00,run_start,0,UNOBSERVABLE_HOST,,,b-mistral-nemo12b,precision,,,,,120,m5_quality_mi300x/gsm8k_precision_b-mistral-nemo12b.csv,fp8,_server,server_attention_backend_log,,ROCM_ATTN,,20260917-010411-m5-precision/fp8/server.log,,server_paperwork
20261010-075351-f4-rebuild,20260917-010336-m5-b-mistral-nemo12b-precision,20260917-010411-m5-precision,2026-09-17T01:03:36+00:00,run_start,0,UNOBSERVABLE_HOST,,,b-mistral-nemo12b,precision,,,,,120,m5_quality_mi300x/gsm8k_precision_b-mistral-nemo12b.csv,fp8,_server,server_gpu_kv_cache_tokens_log,1927161.0,,,20260917-010411-m5-precision/fp8/server.log,,server_paperwork
20261010-075351-f4-rebuild,20260917-010336-m5-b-mistral-nemo12b-precision,20260917-010411-m5-precision,2026-09-17T01:03:36+00:00,run_start,0,UNOBSERVABLE_HOST,,,b-mistral-nemo12b,precision,,,,,120,m5_quality_mi300x/gsm8k_precision_b-mistral-nemo12b.csv,fp8,_server,server_max_model_len_cmd,13496,,,20260917-010411-m5-precision/fp8/server.log,,server_paperwork
20261010-075351-f4-rebuild,20260917-010336-m5-b-mistral-nemo12b-precision,20260917-010411-m5-precision,2026-09-17T01:03:36+00:00,run_start,0,UNOBSERVABLE_HOST,,,b-mistral-nemo12b,precision,,,,,120,m5_quality_mi300x/gsm8k_precision_b-mistral-nemo12b.csv,fp8_ptk,_server,server_kv_cache_dtype_cmd,,fp8_per_token_head,,20260917-010411-m5-precision/fp8_ptk/server.log,,server_paperwork
20261010-075351-f4-rebuild,20260917-010336-m5-b-mistral-nemo12b-precision,20260917-010411-m5-precision,2026-09-17T01:03:36+00:00,run_start,0,UNOBSERVABLE_HOST,,,b-mistral-nemo12b,precision,,,,,120,m5_quality_mi300x/gsm8k_precision_b-mistral-nemo12b.csv,fp8_ptk,_server,server_kv_cache_dtype_log,,fp8_per_token_head,,20260917-010411-m5-precision/fp8_ptk/server.log,,server_paperwork
20261010-075351-f4-rebuild,20260917-010336-m5-b-mistral-nemo12b-precision,20260917-010411-m5-precision,2026-09-17T01:03:36+00:00,run_start,0,UNOBSERVABLE_HOST,,,b-mistral-nemo12b,precision,,,,,120,m5_quality_mi300x/gsm8k_precision_b-mistral-nemo12b.csv,fp8_ptk,_server,server_attention_backend_log,,TRITON_ATTN,,20260917-010411-m5-precision/fp8_ptk/server.log,,server_paperwork
20261010-075351-f4-rebuild,20260917-010336-m5-b-mistral-nemo12b-precision,20260917-010411-m5-precision,2026-09-17T01:03:36+00:00,run_start,0,UNOBSERVABLE_HOST,,,b-mistral-nemo12b,precision,,,,,120,m5_quality_mi300x/gsm8k_precision_b-mistral-nemo12b.csv,fp8_ptk,_server,server_gpu_kv_cache_tokens_log,1868748.0,,,20260917-010411-m5-precision/fp8_ptk/server.log,,server_paperwork
20261010-075351-f4-rebuild,20260917-010336-m5-b-mistral-nemo12b-precision,20260917-010411-m5-precision,2026-09-17T01:03:36+00:00,run_start,0,UNOBSERVABLE_HOST,,,b-mistral-nemo12b,precision,,,,,120,m5_quality_mi300x/gsm8k_precision_b-mistral-nemo12b.csv,fp8_ptk,_server,server_max_model_len_cmd,13496,,,20260917-010411-m5-precision/fp8_ptk/server.log,,server_paperwork
20261010-075351-f4-rebuild,20260917-010336-m5-b-mistral-nemo12b-precision,20260917-010411-m5-precision,2026-09-17T01:03:36+00:00,run_start,0,UNOBSERVABLE_HOST,,,b-mistral-nemo12b,precision,,,,,120,m5_quality_mi300x/gsm8k_precision_b-mistral-nemo12b.csv,int4,_server,server_kv_cache_dtype_cmd,,int4_per_token_head,,20260917-010411-m5-precision/int4/server.log,,server_paperwork
20261010-075351-f4-rebuild,20260917-010336-m5-b-mistral-nemo12b-precision,20260917-010411-m5-precision,2026-09-17T01:03:36+00:00,run_start,0,UNOBSERVABLE_HOST,,,b-mistral-nemo12b,precision,,,,,120,m5_quality_mi300x/gsm8k_precision_b-mistral-nemo12b.csv,int4,_server,server_kv_cache_dtype_log,,int4_per_token_head,,20260917-010411-m5-precision/int4/server.log,,server_paperwork
20261010-075351-f4-rebuild,20260917-010336-m5-b-mistral-nemo12b-precision,20260917-010411-m5-precision,2026-09-17T01:03:36+00:00,run_start,0,UNOBSERVABLE_HOST,,,b-mistral-nemo12b,precision,,,,,120,m5_quality_mi300x/gsm8k_precision_b-mistral-nemo12b.csv,int4,_server,server_attention_backend_log,,TRITON_ATTN,,20260917-010411-m5-precision/int4/server.log,,server_paperwork
20261010-075351-f4-rebuild,20260917-010336-m5-b-mistral-nemo12b-precision,20260917-010411-m5-precision,2026-09-17T01:03:36+00:00,run_start,0,UNOBSERVABLE_HOST,,,b-mistral-nemo12b,precision,,,,,120,m5_quality_mi300x/gsm8k_precision_b-mistral-nemo12b.csv,int4,_server,server_gpu_kv_cache_tokens_log,3627593.0,,,20260917-010411-m5-precision/int4/server.log,,server_paperwork
20261010-075351-f4-rebuild,20260917-010336-m5-b-mistral-nemo12b-precision,20260917-010411-m5-precision,2026-09-17T01:03:36+00:00,run_start,0,UNOBSERVABLE_HOST,,,b-mistral-nemo12b,precision,,,,,120,m5_quality_mi300x/gsm8k_precision_b-mistral-nemo12b.csv,int4,_server,server_max_model_len_cmd,13496,,,20260917-010411-m5-precision/int4/server.log,,server_paperwork
20261010-075351-f4-rebuild,20260917-010336-m5-b-mistral-nemo12b-precision,20260917-010411-m5-precision,2026-09-17T01:03:36+00:00,run_start,0,UNOBSERVABLE_HOST,,,b-mistral-nemo12b,precision,,,,,120,m5_quality_mi300x/gsm8k_precision_b-mistral-nemo12b.csv,int8,_server,server_kv_cache_dtype_cmd,,int8_per_token_head,,20260917-010411-m5-precision/int8/server.log,,server_paperwork
20261010-075351-f4-rebuild,20260917-010336-m5-b-mistral-nemo12b-precision,20260917-010411-m5-precision,2026-09-17T01:03:36+00:00,run_start,0,UNOBSERVABLE_HOST,,,b-mistral-nemo12b,precision,,,,,120,m5_quality_mi300x/gsm8k_precision_b-mistral-nemo12b.csv,int8,_server,server_kv_cache_dtype_log,,int8_per_token_head,,20260917-010411-m5-precision/int8/server.log,,server_paperwork
20261010-075351-f4-rebuild,20260917-010336-m5-b-mistral-nemo12b-precision,20260917-010411-m5-precision,2026-09-17T01:03:36+00:00,run_start,0,UNOBSERVABLE_HOST,,,b-mistral-nemo12b,precision,,,,,120,m5_quality_mi300x/gsm8k_precision_b-mistral-nemo12b.csv,int8,_server,server_attention_backend_log,,TRITON_ATTN,,20260917-010411-m5-precision/int8/server.log,,server_paperwork
20261010-075351-f4-rebuild,20260917-010336-m5-b-mistral-nemo12b-precision,20260917-010411-m5-precision,2026-09-17T01:03:36+00:00,run_start,0,UNOBSERVABLE_HOST,,,b-mistral-nemo12b,precision,,,,,120,m5_quality_mi300x/gsm8k_precision_b-mistral-nemo12b.csv,int8,_server,server_gpu_kv_cache_tokens_log,1868748.0,,,20260917-010411-m5-precision/int8/server.log,,server_paperwork
20261010-075351-f4-rebuild,20260917-010336-m5-b-mistral-nemo12b-precision,20260917-010411-m5-precision,2026-09-17T01:03:36+00:00,run_start,0,UNOBSERVABLE_HOST,,,b-mistral-nemo12b,precision,,,,,120,m5_quality_mi300x/gsm8k_precision_b-mistral-nemo12b.csv,int8,_server,server_max_model_len_cmd,13496,,,20260917-010411-m5-precision/int8/server.log,,server_paperwork
20261010-075351-f4-rebuild,20260917-012817-m5-b-qwen7b-1m-precision,20260917-012847-m5-precision,2026-09-17T01:28:17+00:00,run_start,0,UNOBSERVABLE_HOST,,,b-qwen7b-1m,precision,,,,,120,m5_quality_mi300x/gsm8k_precision_b-qwen7b-1m.csv,bf16,_server,server_kv_cache_dtype_cmd,,auto(未指定),,20260917-012847-m5-precision/bf16/server.log,,server_paperwork
20261010-075351-f4-rebuild,20260917-012817-m5-b-qwen7b-1m-precision,20260917-012847-m5-precision,2026-09-17T01:28:17+00:00,run_start,0,UNOBSERVABLE_HOST,,,b-qwen7b-1m,precision,,,,,120,m5_quality_mi300x/gsm8k_precision_b-qwen7b-1m.csv,bf16,_server,server_kv_cache_dtype_log,,auto(未出現在 non-default args),,20260917-012847-m5-precision/bf16/server.log,,server_paperwork
20261010-075351-f4-rebuild,20260917-012817-m5-b-qwen7b-1m-precision,20260917-012847-m5-precision,2026-09-17T01:28:17+00:00,run_start,0,UNOBSERVABLE_HOST,,,b-qwen7b-1m,precision,,,,,120,m5_quality_mi300x/gsm8k_precision_b-qwen7b-1m.csv,bf16,_server,server_attention_backend_log,,ROCM_ATTN,,20260917-012847-m5-precision/bf16/server.log,,server_paperwork
20261010-075351-f4-rebuild,20260917-012817-m5-b-qwen7b-1m-precision,20260917-012847-m5-precision,2026-09-17T01:28:17+00:00,run_start,0,UNOBSERVABLE_HOST,,,b-qwen7b-1m,precision,,,,,120,m5_quality_mi300x/gsm8k_precision_b-qwen7b-1m.csv,bf16,_server,server_gpu_kv_cache_tokens_log,2905749.0,,,20260917-012847-m5-precision/bf16/server.log,,server_paperwork
20261010-075351-f4-rebuild,20260917-012817-m5-b-qwen7b-1m-precision,20260917-012847-m5-precision,2026-09-17T01:28:17+00:00,run_start,0,UNOBSERVABLE_HOST,,,b-qwen7b-1m,precision,,,,,120,m5_quality_mi300x/gsm8k_precision_b-qwen7b-1m.csv,bf16,_server,server_max_model_len_cmd,13363,,,20260917-012847-m5-precision/bf16/server.log,,server_paperwork
20261010-075351-f4-rebuild,20260917-012817-m5-b-qwen7b-1m-precision,20260917-012847-m5-precision,2026-09-17T01:28:17+00:00,run_start,0,UNOBSERVABLE_HOST,,,b-qwen7b-1m,precision,,,,,120,m5_quality_mi300x/gsm8k_precision_b-qwen7b-1m.csv,fp8,_server,server_kv_cache_dtype_cmd,,fp8,,20260917-012847-m5-precision/fp8/server.log,,server_paperwork
20261010-075351-f4-rebuild,20260917-012817-m5-b-qwen7b-1m-precision,20260917-012847-m5-precision,2026-09-17T01:28:17+00:00,run_start,0,UNOBSERVABLE_HOST,,,b-qwen7b-1m,precision,,,,,120,m5_quality_mi300x/gsm8k_precision_b-qwen7b-1m.csv,fp8,_server,server_kv_cache_dtype_log,,fp8,,20260917-012847-m5-precision/fp8/server.log,,server_paperwork
20261010-075351-f4-rebuild,20260917-012817-m5-b-qwen7b-1m-precision,20260917-012847-m5-precision,2026-09-17T01:28:17+00:00,run_start,0,UNOBSERVABLE_HOST,,,b-qwen7b-1m,precision,,,,,120,m5_quality_mi300x/gsm8k_precision_b-qwen7b-1m.csv,fp8,_server,server_attention_backend_log,,ROCM_ATTN,,20260917-012847-m5-precision/fp8/server.log,,server_paperwork
20261010-075351-f4-rebuild,20260917-012817-m5-b-qwen7b-1m-precision,20260917-012847-m5-precision,2026-09-17T01:28:17+00:00,run_start,0,UNOBSERVABLE_HOST,,,b-qwen7b-1m,precision,,,,,120,m5_quality_mi300x/gsm8k_precision_b-qwen7b-1m.csv,fp8,_server,server_gpu_kv_cache_tokens_log,5773791.0,,,20260917-012847-m5-precision/fp8/server.log,,server_paperwork
20261010-075351-f4-rebuild,20260917-012817-m5-b-qwen7b-1m-precision,20260917-012847-m5-precision,2026-09-17T01:28:17+00:00,run_start,0,UNOBSERVABLE_HOST,,,b-qwen7b-1m,precision,,,,,120,m5_quality_mi300x/gsm8k_precision_b-qwen7b-1m.csv,fp8,_server,server_max_model_len_cmd,13363,,,20260917-012847-m5-precision/fp8/server.log,,server_paperwork
20261010-075351-f4-rebuild,20260917-012817-m5-b-qwen7b-1m-precision,20260917-012847-m5-precision,2026-09-17T01:28:17+00:00,run_start,0,UNOBSERVABLE_HOST,,,b-qwen7b-1m,precision,,,,,120,m5_quality_mi300x/gsm8k_precision_b-qwen7b-1m.csv,fp8_ptk,_server,server_kv_cache_dtype_cmd,,fp8_per_token_head,,20260917-012847-m5-precision/fp8_ptk/server.log,,server_paperwork
20261010-075351-f4-rebuild,20260917-012817-m5-b-qwen7b-1m-precision,20260917-012847-m5-precision,2026-09-17T01:28:17+00:00,run_start,0,UNOBSERVABLE_HOST,,,b-qwen7b-1m,precision,,,,,120,m5_quality_mi300x/gsm8k_precision_b-qwen7b-1m.csv,fp8_ptk,_server,server_kv_cache_dtype_log,,fp8_per_token_head,,20260917-012847-m5-precision/fp8_ptk/server.log,,server_paperwork
20261010-075351-f4-rebuild,20260917-012817-m5-b-qwen7b-1m-precision,20260917-012847-m5-precision,2026-09-17T01:28:17+00:00,run_start,0,UNOBSERVABLE_HOST,,,b-qwen7b-1m,precision,,,,,120,m5_quality_mi300x/gsm8k_precision_b-qwen7b-1m.csv,fp8_ptk,_server,server_attention_backend_log,,TRITON_ATTN,,20260917-012847-m5-precision/fp8_ptk/server.log,,server_paperwork
20261010-075351-f4-rebuild,20260917-012817-m5-b-qwen7b-1m-precision,20260917-012847-m5-precision,2026-09-17T01:28:17+00:00,run_start,0,UNOBSERVABLE_HOST,,,b-qwen7b-1m,precision,,,,,120,m5_quality_mi300x/gsm8k_precision_b-qwen7b-1m.csv,fp8_ptk,_server,server_gpu_kv_cache_tokens_log,5598825.0,,,20260917-012847-m5-precision/fp8_ptk/server.log,,server_paperwork
20261010-075351-f4-rebuild,20260917-012817-m5-b-qwen7b-1m-precision,20260917-012847-m5-precision,2026-09-17T01:28:17+00:00,run_start,0,UNOBSERVABLE_HOST,,,b-qwen7b-1m,precision,,,,,120,m5_quality_mi300x/gsm8k_precision_b-qwen7b-1m.csv,fp8_ptk,_server,server_max_model_len_cmd,13363,,,20260917-012847-m5-precision/fp8_ptk/server.log,,server_paperwork
20261010-075351-f4-rebuild,20260917-012817-m5-b-qwen7b-1m-precision,20260917-012847-m5-precision,2026-09-17T01:28:17+00:00,run_start,0,UNOBSERVABLE_HOST,,,b-qwen7b-1m,precision,,,,,120,m5_quality_mi300x/gsm8k_precision_b-qwen7b-1m.csv,int4,_server,server_kv_cache_dtype_cmd,,int4_per_token_head,,20260917-012847-m5-precision/int4/server.log,,server_paperwork
20261010-075351-f4-rebuild,20260917-012817-m5-b-qwen7b-1m-precision,20260917-012847-m5-precision,2026-09-17T01:28:17+00:00,run_start,0,UNOBSERVABLE_HOST,,,b-qwen7b-1m,precision,,,,,120,m5_quality_mi300x/gsm8k_precision_b-qwen7b-1m.csv,int4,_server,server_kv_cache_dtype_log,,int4_per_token_head,,20260917-012847-m5-precision/int4/server.log,,server_paperwork
20261010-075351-f4-rebuild,20260917-012817-m5-b-qwen7b-1m-precision,20260917-012847-m5-precision,2026-09-17T01:28:17+00:00,run_start,0,UNOBSERVABLE_HOST,,,b-qwen7b-1m,precision,,,,,120,m5_quality_mi300x/gsm8k_precision_b-qwen7b-1m.csv,int4,_server,server_attention_backend_log,,TRITON_ATTN,,20260917-012847-m5-precision/int4/server.log,,server_paperwork
20261010-075351-f4-rebuild,20260917-012817-m5-b-qwen7b-1m-precision,20260917-012847-m5-precision,2026-09-17T01:28:17+00:00,run_start,0,UNOBSERVABLE_HOST,,,b-qwen7b-1m,precision,,,,,120,m5_quality_mi300x/gsm8k_precision_b-qwen7b-1m.csv,int4,_server,server_gpu_kv_cache_tokens_log,10868306.0,,,20260917-012847-m5-precision/int4/server.log,,server_paperwork
20261010-075351-f4-rebuild,20260917-012817-m5-b-qwen7b-1m-precision,20260917-012847-m5-precision,2026-09-17T01:28:17+00:00,run_start,0,UNOBSERVABLE_HOST,,,b-qwen7b-1m,precision,,,,,120,m5_quality_mi300x/gsm8k_precision_b-qwen7b-1m.csv,int4,_server,server_max_model_len_cmd,13363,,,20260917-012847-m5-precision/int4/server.log,,server_paperwork
20261010-075351-f4-rebuild,20260917-012817-m5-b-qwen7b-1m-precision,20260917-012847-m5-precision,2026-09-17T01:28:17+00:00,run_start,0,UNOBSERVABLE_HOST,,,b-qwen7b-1m,precision,,,,,120,m5_quality_mi300x/gsm8k_precision_b-qwen7b-1m.csv,int8,_server,server_kv_cache_dtype_cmd,,int8_per_token_head,,20260917-012847-m5-precision/int8/server.log,,server_paperwork
20261010-075351-f4-rebuild,20260917-012817-m5-b-qwen7b-1m-precision,20260917-012847-m5-precision,2026-09-17T01:28:17+00:00,run_start,0,UNOBSERVABLE_HOST,,,b-qwen7b-1m,precision,,,,,120,m5_quality_mi300x/gsm8k_precision_b-qwen7b-1m.csv,int8,_server,server_kv_cache_dtype_log,,int8_per_token_head,,20260917-012847-m5-precision/int8/server.log,,server_paperwork
20261010-075351-f4-rebuild,20260917-012817-m5-b-qwen7b-1m-precision,20260917-012847-m5-precision,2026-09-17T01:28:17+00:00,run_start,0,UNOBSERVABLE_HOST,,,b-qwen7b-1m,precision,,,,,120,m5_quality_mi300x/gsm8k_precision_b-qwen7b-1m.csv,int8,_server,server_attention_backend_log,,TRITON_ATTN,,20260917-012847-m5-precision/int8/server.log,,server_paperwork
20261010-075351-f4-rebuild,20260917-012817-m5-b-qwen7b-1m-precision,20260917-012847-m5-precision,2026-09-17T01:28:17+00:00,run_start,0,UNOBSERVABLE_HOST,,,b-qwen7b-1m,precision,,,,,120,m5_quality_mi300x/gsm8k_precision_b-qwen7b-1m.csv,int8,_server,server_gpu_kv_cache_tokens_log,5598825.0,,,20260917-012847-m5-precision/int8/server.log,,server_paperwork
20261010-075351-f4-rebuild,20260917-012817-m5-b-qwen7b-1m-precision,20260917-012847-m5-precision,2026-09-17T01:28:17+00:00,run_start,0,UNOBSERVABLE_HOST,,,b-qwen7b-1m,precision,,,,,120,m5_quality_mi300x/gsm8k_precision_b-qwen7b-1m.csv,int8,_server,server_max_model_len_cmd,13363,,,20260917-012847-m5-precision/int8/server.log,,server_paperwork
20261010-075351-f4-rebuild,20260917-095033-m5-qwen7b-needle-4096,20260917-095103-m5-needle,2026-09-17T09:50:33+00:00,run_start,0,UNOBSERVABLE_HOST,,,b-qwen7b-1m,needle,4096,,,,,m5_quality_mi300x/needle_ctxsweep_b-qwen7b-1m.csv,bf16,_server,server_kv_cache_dtype_cmd,,auto(未指定),,20260917-095103-m5-needle/bf16/server.log,,server_paperwork
20261010-075351-f4-rebuild,20260917-095033-m5-qwen7b-needle-4096,20260917-095103-m5-needle,2026-09-17T09:50:33+00:00,run_start,0,UNOBSERVABLE_HOST,,,b-qwen7b-1m,needle,4096,,,,,m5_quality_mi300x/needle_ctxsweep_b-qwen7b-1m.csv,bf16,_server,server_kv_cache_dtype_log,,auto(未出現在 non-default args),,20260917-095103-m5-needle/bf16/server.log,,server_paperwork
20261010-075351-f4-rebuild,20260917-095033-m5-qwen7b-needle-4096,20260917-095103-m5-needle,2026-09-17T09:50:33+00:00,run_start,0,UNOBSERVABLE_HOST,,,b-qwen7b-1m,needle,4096,,,,,m5_quality_mi300x/needle_ctxsweep_b-qwen7b-1m.csv,bf16,_server,server_attention_backend_log,,ROCM_ATTN,,20260917-095103-m5-needle/bf16/server.log,,server_paperwork
20261010-075351-f4-rebuild,20260917-095033-m5-qwen7b-needle-4096,20260917-095103-m5-needle,2026-09-17T09:50:33+00:00,run_start,0,UNOBSERVABLE_HOST,,,b-qwen7b-1m,needle,4096,,,,,m5_quality_mi300x/needle_ctxsweep_b-qwen7b-1m.csv,bf16,_server,server_gpu_kv_cache_tokens_log,2889696.0,,,20260917-095103-m5-needle/bf16/server.log,,server_paperwork
20261010-075351-f4-rebuild,20260917-095033-m5-qwen7b-needle-4096,20260917-095103-m5-needle,2026-09-17T09:50:33+00:00,run_start,0,UNOBSERVABLE_HOST,,,b-qwen7b-1m,needle,4096,,,,,m5_quality_mi300x/needle_ctxsweep_b-qwen7b-1m.csv,bf16,_server,server_max_model_len_cmd,4608,,,20260917-095103-m5-needle/bf16/server.log,,server_paperwork
20261010-075351-f4-rebuild,20260917-095033-m5-qwen7b-needle-4096,20260917-095103-m5-needle,2026-09-17T09:50:33+00:00,run_start,0,UNOBSERVABLE_HOST,,,b-qwen7b-1m,needle,4096,,,,,m5_quality_mi300x/needle_ctxsweep_b-qwen7b-1m.csv,fp8,_server,server_kv_cache_dtype_cmd,,fp8,,20260917-095103-m5-needle/fp8/server.log,,server_paperwork
20261010-075351-f4-rebuild,20260917-095033-m5-qwen7b-needle-4096,20260917-095103-m5-needle,2026-09-17T09:50:33+00:00,run_start,0,UNOBSERVABLE_HOST,,,b-qwen7b-1m,needle,4096,,,,,m5_quality_mi300x/needle_ctxsweep_b-qwen7b-1m.csv,fp8,_server,server_kv_cache_dtype_log,,fp8,,20260917-095103-m5-needle/fp8/server.log,,server_paperwork
20261010-075351-f4-rebuild,20260917-095033-m5-qwen7b-needle-4096,20260917-095103-m5-needle,2026-09-17T09:50:33+00:00,run_start,0,UNOBSERVABLE_HOST,,,b-qwen7b-1m,needle,4096,,,,,m5_quality_mi300x/needle_ctxsweep_b-qwen7b-1m.csv,fp8,_server,server_attention_backend_log,,ROCM_ATTN,,20260917-095103-m5-needle/fp8/server.log,,server_paperwork
20261010-075351-f4-rebuild,20260917-095033-m5-qwen7b-needle-4096,20260917-095103-m5-needle,2026-09-17T09:50:33+00:00,run_start,0,UNOBSERVABLE_HOST,,,b-qwen7b-1m,needle,4096,,,,,m5_quality_mi300x/needle_ctxsweep_b-qwen7b-1m.csv,fp8,_server,server_gpu_kv_cache_tokens_log,5779408.0,,,20260917-095103-m5-needle/fp8/server.log,,server_paperwork
20261010-075351-f4-rebuild,20260917-095033-m5-qwen7b-needle-4096,20260917-095103-m5-needle,2026-09-17T09:50:33+00:00,run_start,0,UNOBSERVABLE_HOST,,,b-qwen7b-1m,needle,4096,,,,,m5_quality_mi300x/needle_ctxsweep_b-qwen7b-1m.csv,fp8,_server,server_max_model_len_cmd,4608,,,20260917-095103-m5-needle/fp8/server.log,,server_paperwork
20261010-075351-f4-rebuild,20260917-095033-m5-qwen7b-needle-4096,20260917-095103-m5-needle,2026-09-17T09:50:33+00:00,run_start,0,UNOBSERVABLE_HOST,,,b-qwen7b-1m,needle,4096,,,,,m5_quality_mi300x/needle_ctxsweep_b-qwen7b-1m.csv,fp8_ptk,_server,server_kv_cache_dtype_cmd,,fp8_per_token_head,,20260917-095103-m5-needle/fp8_ptk/server.log,,server_paperwork
20261010-075351-f4-rebuild,20260917-095033-m5-qwen7b-needle-4096,20260917-095103-m5-needle,2026-09-17T09:50:33+00:00,run_start,0,UNOBSERVABLE_HOST,,,b-qwen7b-1m,needle,4096,,,,,m5_quality_mi300x/needle_ctxsweep_b-qwen7b-1m.csv,fp8_ptk,_server,server_kv_cache_dtype_log,,fp8_per_token_head,,20260917-095103-m5-needle/fp8_ptk/server.log,,server_paperwork
20261010-075351-f4-rebuild,20260917-095033-m5-qwen7b-needle-4096,20260917-095103-m5-needle,2026-09-17T09:50:33+00:00,run_start,0,UNOBSERVABLE_HOST,,,b-qwen7b-1m,needle,4096,,,,,m5_quality_mi300x/needle_ctxsweep_b-qwen7b-1m.csv,fp8_ptk,_server,server_attention_backend_log,,TRITON_ATTN,,20260917-095103-m5-needle/fp8_ptk/server.log,,server_paperwork
20261010-075351-f4-rebuild,20260917-095033-m5-qwen7b-needle-4096,20260917-095103-m5-needle,2026-09-17T09:50:33+00:00,run_start,0,UNOBSERVABLE_HOST,,,b-qwen7b-1m,needle,4096,,,,,m5_quality_mi300x/needle_ctxsweep_b-qwen7b-1m.csv,fp8_ptk,_server,server_gpu_kv_cache_tokens_log,5604272.0,,,20260917-095103-m5-needle/fp8_ptk/server.log,,server_paperwork
20261010-075351-f4-rebuild,20260917-095033-m5-qwen7b-needle-4096,20260917-095103-m5-needle,2026-09-17T09:50:33+00:00,run_start,0,UNOBSERVABLE_HOST,,,b-qwen7b-1m,needle,4096,,,,,m5_quality_mi300x/needle_ctxsweep_b-qwen7b-1m.csv,fp8_ptk,_server,server_max_model_len_cmd,4608,,,20260917-095103-m5-needle/fp8_ptk/server.log,,server_paperwork
20261010-075351-f4-rebuild,20260917-095033-m5-qwen7b-needle-4096,20260917-095103-m5-needle,2026-09-17T09:50:33+00:00,run_start,0,UNOBSERVABLE_HOST,,,b-qwen7b-1m,needle,4096,,,,,m5_quality_mi300x/needle_ctxsweep_b-qwen7b-1m.csv,int4,_server,server_kv_cache_dtype_cmd,,int4_per_token_head,,20260917-095103-m5-needle/int4/server.log,,server_paperwork
20261010-075351-f4-rebuild,20260917-095033-m5-qwen7b-needle-4096,20260917-095103-m5-needle,2026-09-17T09:50:33+00:00,run_start,0,UNOBSERVABLE_HOST,,,b-qwen7b-1m,needle,4096,,,,,m5_quality_mi300x/needle_ctxsweep_b-qwen7b-1m.csv,int4,_server,server_kv_cache_dtype_log,,int4_per_token_head,,20260917-095103-m5-needle/int4/server.log,,server_paperwork
20261010-075351-f4-rebuild,20260917-095033-m5-qwen7b-needle-4096,20260917-095103-m5-needle,2026-09-17T09:50:33+00:00,run_start,0,UNOBSERVABLE_HOST,,,b-qwen7b-1m,needle,4096,,,,,m5_quality_mi300x/needle_ctxsweep_b-qwen7b-1m.csv,int4,_server,server_attention_backend_log,,TRITON_ATTN,,20260917-095103-m5-needle/int4/server.log,,server_paperwork
20261010-075351-f4-rebuild,20260917-095033-m5-qwen7b-needle-4096,20260917-095103-m5-needle,2026-09-17T09:50:33+00:00,run_start,0,UNOBSERVABLE_HOST,,,b-qwen7b-1m,needle,4096,,,,,m5_quality_mi300x/needle_ctxsweep_b-qwen7b-1m.csv,int4,_server,server_gpu_kv_cache_tokens_log,10878880.0,,,20260917-095103-m5-needle/int4/server.log,,server_paperwork
20261010-075351-f4-rebuild,20260917-095033-m5-qwen7b-needle-4096,20260917-095103-m5-needle,2026-09-17T09:50:33+00:00,run_start,0,UNOBSERVABLE_HOST,,,b-qwen7b-1m,needle,4096,,,,,m5_quality_mi300x/needle_ctxsweep_b-qwen7b-1m.csv,int4,_server,server_max_model_len_cmd,4608,,,20260917-095103-m5-needle/int4/server.log,,server_paperwork
20261010-075351-f4-rebuild,20260917-095033-m5-qwen7b-needle-4096,20260917-095103-m5-needle,2026-09-17T09:50:33+00:00,run_start,0,UNOBSERVABLE_HOST,,,b-qwen7b-1m,needle,4096,,,,,m5_quality_mi300x/needle_ctxsweep_b-qwen7b-1m.csv,int8,_server,server_kv_cache_dtype_cmd,,int8_per_token_head,,20260917-095103-m5-needle/int8/server.log,,server_paperwork
20261010-075351-f4-rebuild,20260917-095033-m5-qwen7b-needle-4096,20260917-095103-m5-needle,2026-09-17T09:50:33+00:00,run_start,0,UNOBSERVABLE_HOST,,,b-qwen7b-1m,needle,4096,,,,,m5_quality_mi300x/needle_ctxsweep_b-qwen7b-1m.csv,int8,_server,server_kv_cache_dtype_log,,int8_per_token_head,,20260917-095103-m5-needle/int8/server.log,,server_paperwork
20261010-075351-f4-rebuild,20260917-095033-m5-qwen7b-needle-4096,20260917-095103-m5-needle,2026-09-17T09:50:33+00:00,run_start,0,UNOBSERVABLE_HOST,,,b-qwen7b-1m,needle,4096,,,,,m5_quality_mi300x/needle_ctxsweep_b-qwen7b-1m.csv,int8,_server,server_attention_backend_log,,TRITON_ATTN,,20260917-095103-m5-needle/int8/server.log,,server_paperwork
20261010-075351-f4-rebuild,20260917-095033-m5-qwen7b-needle-4096,20260917-095103-m5-needle,2026-09-17T09:50:33+00:00,run_start,0,UNOBSERVABLE_HOST,,,b-qwen7b-1m,needle,4096,,,,,m5_quality_mi300x/needle_ctxsweep_b-qwen7b-1m.csv,int8,_server,server_gpu_kv_cache_tokens_log,5604272.0,,,20260917-095103-m5-needle/int8/server.log,,server_paperwork
20261010-075351-f4-rebuild,20260917-095033-m5-qwen7b-needle-4096,20260917-095103-m5-needle,2026-09-17T09:50:33+00:00,run_start,0,UNOBSERVABLE_HOST,,,b-qwen7b-1m,needle,4096,,,,,m5_quality_mi300x/needle_ctxsweep_b-qwen7b-1m.csv,int8,_server,server_max_model_len_cmd,4608,,,20260917-095103-m5-needle/int8/server.log,,server_paperwork
20261010-075351-f4-rebuild,20260917-100045-m5-qwen7b-needle-16384,20260917-100116-m5-needle,2026-09-17T10:00:45+00:00,run_start,0,UNOBSERVABLE_HOST,,,b-qwen7b-1m,needle,16384,,,,,m5_quality_mi300x/needle_ctxsweep_b-qwen7b-1m.csv,bf16,_server,server_kv_cache_dtype_cmd,,auto(未指定),,20260917-100116-m5-needle/bf16/server.log,,server_paperwork
20261010-075351-f4-rebuild,20260917-100045-m5-qwen7b-needle-16384,20260917-100116-m5-needle,2026-09-17T10:00:45+00:00,run_start,0,UNOBSERVABLE_HOST,,,b-qwen7b-1m,needle,16384,,,,,m5_quality_mi300x/needle_ctxsweep_b-qwen7b-1m.csv,bf16,_server,server_kv_cache_dtype_log,,auto(未出現在 non-default args),,20260917-100116-m5-needle/bf16/server.log,,server_paperwork
20261010-075351-f4-rebuild,20260917-100045-m5-qwen7b-needle-16384,20260917-100116-m5-needle,2026-09-17T10:00:45+00:00,run_start,0,UNOBSERVABLE_HOST,,,b-qwen7b-1m,needle,16384,,,,,m5_quality_mi300x/needle_ctxsweep_b-qwen7b-1m.csv,bf16,_server,server_attention_backend_log,,ROCM_ATTN,,20260917-100116-m5-needle/bf16/server.log,,server_paperwork
20261010-075351-f4-rebuild,20260917-100045-m5-qwen7b-needle-16384,20260917-100116-m5-needle,2026-09-17T10:00:45+00:00,run_start,0,UNOBSERVABLE_HOST,,,b-qwen7b-1m,needle,16384,,,,,m5_quality_mi300x/needle_ctxsweep_b-qwen7b-1m.csv,bf16,_server,server_gpu_kv_cache_tokens_log,2889696.0,,,20260917-100116-m5-needle/bf16/server.log,,server_paperwork
20261010-075351-f4-rebuild,20260917-100045-m5-qwen7b-needle-16384,20260917-100116-m5-needle,2026-09-17T10:00:45+00:00,run_start,0,UNOBSERVABLE_HOST,,,b-qwen7b-1m,needle,16384,,,,,m5_quality_mi300x/needle_ctxsweep_b-qwen7b-1m.csv,bf16,_server,server_max_model_len_cmd,16896,,,20260917-100116-m5-needle/bf16/server.log,,server_paperwork
20261010-075351-f4-rebuild,20260917-100045-m5-qwen7b-needle-16384,20260917-100116-m5-needle,2026-09-17T10:00:45+00:00,run_start,0,UNOBSERVABLE_HOST,,,b-qwen7b-1m,needle,16384,,,,,m5_quality_mi300x/needle_ctxsweep_b-qwen7b-1m.csv,fp8,_server,server_kv_cache_dtype_cmd,,fp8,,20260917-100116-m5-needle/fp8/server.log,,server_paperwork
20261010-075351-f4-rebuild,20260917-100045-m5-qwen7b-needle-16384,20260917-100116-m5-needle,2026-09-17T10:00:45+00:00,run_start,0,UNOBSERVABLE_HOST,,,b-qwen7b-1m,needle,16384,,,,,m5_quality_mi300x/needle_ctxsweep_b-qwen7b-1m.csv,fp8,_server,server_kv_cache_dtype_log,,fp8,,20260917-100116-m5-needle/fp8/server.log,,server_paperwork
20261010-075351-f4-rebuild,20260917-100045-m5-qwen7b-needle-16384,20260917-100116-m5-needle,2026-09-17T10:00:45+00:00,run_start,0,UNOBSERVABLE_HOST,,,b-qwen7b-1m,needle,16384,,,,,m5_quality_mi300x/needle_ctxsweep_b-qwen7b-1m.csv,fp8,_server,server_attention_backend_log,,ROCM_ATTN,,20260917-100116-m5-needle/fp8/server.log,,server_paperwork
20261010-075351-f4-rebuild,20260917-100045-m5-qwen7b-needle-16384,20260917-100116-m5-needle,2026-09-17T10:00:45+00:00,run_start,0,UNOBSERVABLE_HOST,,,b-qwen7b-1m,needle,16384,,,,,m5_quality_mi300x/needle_ctxsweep_b-qwen7b-1m.csv,fp8,_server,server_gpu_kv_cache_tokens_log,5779408.0,,,20260917-100116-m5-needle/fp8/server.log,,server_paperwork
20261010-075351-f4-rebuild,20260917-100045-m5-qwen7b-needle-16384,20260917-100116-m5-needle,2026-09-17T10:00:45+00:00,run_start,0,UNOBSERVABLE_HOST,,,b-qwen7b-1m,needle,16384,,,,,m5_quality_mi300x/needle_ctxsweep_b-qwen7b-1m.csv,fp8,_server,server_max_model_len_cmd,16896,,,20260917-100116-m5-needle/fp8/server.log,,server_paperwork
20261010-075351-f4-rebuild,20260917-100045-m5-qwen7b-needle-16384,20260917-100116-m5-needle,2026-09-17T10:00:45+00:00,run_start,0,UNOBSERVABLE_HOST,,,b-qwen7b-1m,needle,16384,,,,,m5_quality_mi300x/needle_ctxsweep_b-qwen7b-1m.csv,fp8_ptk,_server,server_kv_cache_dtype_cmd,,fp8_per_token_head,,20260917-100116-m5-needle/fp8_ptk/server.log,,server_paperwork
20261010-075351-f4-rebuild,20260917-100045-m5-qwen7b-needle-16384,20260917-100116-m5-needle,2026-09-17T10:00:45+00:00,run_start,0,UNOBSERVABLE_HOST,,,b-qwen7b-1m,needle,16384,,,,,m5_quality_mi300x/needle_ctxsweep_b-qwen7b-1m.csv,fp8_ptk,_server,server_kv_cache_dtype_log,,fp8_per_token_head,,20260917-100116-m5-needle/fp8_ptk/server.log,,server_paperwork
20261010-075351-f4-rebuild,20260917-100045-m5-qwen7b-needle-16384,20260917-100116-m5-needle,2026-09-17T10:00:45+00:00,run_start,0,UNOBSERVABLE_HOST,,,b-qwen7b-1m,needle,16384,,,,,m5_quality_mi300x/needle_ctxsweep_b-qwen7b-1m.csv,fp8_ptk,_server,server_attention_backend_log,,TRITON_ATTN,,20260917-100116-m5-needle/fp8_ptk/server.log,,server_paperwork
20261010-075351-f4-rebuild,20260917-100045-m5-qwen7b-needle-16384,20260917-100116-m5-needle,2026-09-17T10:00:45+00:00,run_start,0,UNOBSERVABLE_HOST,,,b-qwen7b-1m,needle,16384,,,,,m5_quality_mi300x/needle_ctxsweep_b-qwen7b-1m.csv,fp8_ptk,_server,server_gpu_kv_cache_tokens_log,5604272.0,,,20260917-100116-m5-needle/fp8_ptk/server.log,,server_paperwork
20261010-075351-f4-rebuild,20260917-100045-m5-qwen7b-needle-16384,20260917-100116-m5-needle,2026-09-17T10:00:45+00:00,run_start,0,UNOBSERVABLE_HOST,,,b-qwen7b-1m,needle,16384,,,,,m5_quality_mi300x/needle_ctxsweep_b-qwen7b-1m.csv,fp8_ptk,_server,server_max_model_len_cmd,16896,,,20260917-100116-m5-needle/fp8_ptk/server.log,,server_paperwork
20261010-075351-f4-rebuild,20260917-100045-m5-qwen7b-needle-16384,20260917-100116-m5-needle,2026-09-17T10:00:45+00:00,run_start,0,UNOBSERVABLE_HOST,,,b-qwen7b-1m,needle,16384,,,,,m5_quality_mi300x/needle_ctxsweep_b-qwen7b-1m.csv,int4,_server,server_kv_cache_dtype_cmd,,int4_per_token_head,,20260917-100116-m5-needle/int4/server.log,,server_paperwork
20261010-075351-f4-rebuild,20260917-100045-m5-qwen7b-needle-16384,20260917-100116-m5-needle,2026-09-17T10:00:45+00:00,run_start,0,UNOBSERVABLE_HOST,,,b-qwen7b-1m,needle,16384,,,,,m5_quality_mi300x/needle_ctxsweep_b-qwen7b-1m.csv,int4,_server,server_kv_cache_dtype_log,,int4_per_token_head,,20260917-100116-m5-needle/int4/server.log,,server_paperwork
20261010-075351-f4-rebuild,20260917-100045-m5-qwen7b-needle-16384,20260917-100116-m5-needle,2026-09-17T10:00:45+00:00,run_start,0,UNOBSERVABLE_HOST,,,b-qwen7b-1m,needle,16384,,,,,m5_quality_mi300x/needle_ctxsweep_b-qwen7b-1m.csv,int4,_server,server_attention_backend_log,,TRITON_ATTN,,20260917-100116-m5-needle/int4/server.log,,server_paperwork
20261010-075351-f4-rebuild,20260917-100045-m5-qwen7b-needle-16384,20260917-100116-m5-needle,2026-09-17T10:00:45+00:00,run_start,0,UNOBSERVABLE_HOST,,,b-qwen7b-1m,needle,16384,,,,,m5_quality_mi300x/needle_ctxsweep_b-qwen7b-1m.csv,int4,_server,server_gpu_kv_cache_tokens_log,10878880.0,,,20260917-100116-m5-needle/int4/server.log,,server_paperwork
20261010-075351-f4-rebuild,20260917-100045-m5-qwen7b-needle-16384,20260917-100116-m5-needle,2026-09-17T10:00:45+00:00,run_start,0,UNOBSERVABLE_HOST,,,b-qwen7b-1m,needle,16384,,,,,m5_quality_mi300x/needle_ctxsweep_b-qwen7b-1m.csv,int4,_server,server_max_model_len_cmd,16896,,,20260917-100116-m5-needle/int4/server.log,,server_paperwork
20261010-075351-f4-rebuild,20260917-100045-m5-qwen7b-needle-16384,20260917-100116-m5-needle,2026-09-17T10:00:45+00:00,run_start,0,UNOBSERVABLE_HOST,,,b-qwen7b-1m,needle,16384,,,,,m5_quality_mi300x/needle_ctxsweep_b-qwen7b-1m.csv,int8,_server,server_kv_cache_dtype_cmd,,int8_per_token_head,,20260917-100116-m5-needle/int8/server.log,,server_paperwork
20261010-075351-f4-rebuild,20260917-100045-m5-qwen7b-needle-16384,20260917-100116-m5-needle,2026-09-17T10:00:45+00:00,run_start,0,UNOBSERVABLE_HOST,,,b-qwen7b-1m,needle,16384,,,,,m5_quality_mi300x/needle_ctxsweep_b-qwen7b-1m.csv,int8,_server,server_kv_cache_dtype_log,,int8_per_token_head,,20260917-100116-m5-needle/int8/server.log,,server_paperwork
20261010-075351-f4-rebuild,20260917-100045-m5-qwen7b-needle-16384,20260917-100116-m5-needle,2026-09-17T10:00:45+00:00,run_start,0,UNOBSERVABLE_HOST,,,b-qwen7b-1m,needle,16384,,,,,m5_quality_mi300x/needle_ctxsweep_b-qwen7b-1m.csv,int8,_server,server_attention_backend_log,,TRITON_ATTN,,20260917-100116-m5-needle/int8/server.log,,server_paperwork
20261010-075351-f4-rebuild,20260917-100045-m5-qwen7b-needle-16384,20260917-100116-m5-needle,2026-09-17T10:00:45+00:00,run_start,0,UNOBSERVABLE_HOST,,,b-qwen7b-1m,needle,16384,,,,,m5_quality_mi300x/needle_ctxsweep_b-qwen7b-1m.csv,int8,_server,server_gpu_kv_cache_tokens_log,5604272.0,,,20260917-100116-m5-needle/int8/server.log,,server_paperwork
20261010-075351-f4-rebuild,20260917-100045-m5-qwen7b-needle-16384,20260917-100116-m5-needle,2026-09-17T10:00:45+00:00,run_start,0,UNOBSERVABLE_HOST,,,b-qwen7b-1m,needle,16384,,,,,m5_quality_mi300x/needle_ctxsweep_b-qwen7b-1m.csv,int8,_server,server_max_model_len_cmd,16896,,,20260917-100116-m5-needle/int8/server.log,,server_paperwork
20261010-075351-f4-rebuild,20260917-101331-m5-qwen7b-needle-32768,20260917-101403-m5-needle,2026-09-17T10:13:31+00:00,run_start,0,UNOBSERVABLE_HOST,,,b-qwen7b-1m,needle,32768,,,,,m5_quality_mi300x/needle_ctxsweep_b-qwen7b-1m.csv,bf16,_server,server_kv_cache_dtype_cmd,,auto(未指定),,20260917-101403-m5-needle/bf16/server.log,,server_paperwork
20261010-075351-f4-rebuild,20260917-101331-m5-qwen7b-needle-32768,20260917-101403-m5-needle,2026-09-17T10:13:31+00:00,run_start,0,UNOBSERVABLE_HOST,,,b-qwen7b-1m,needle,32768,,,,,m5_quality_mi300x/needle_ctxsweep_b-qwen7b-1m.csv,bf16,_server,server_kv_cache_dtype_log,,auto(未出現在 non-default args),,20260917-101403-m5-needle/bf16/server.log,,server_paperwork
20261010-075351-f4-rebuild,20260917-101331-m5-qwen7b-needle-32768,20260917-101403-m5-needle,2026-09-17T10:13:31+00:00,run_start,0,UNOBSERVABLE_HOST,,,b-qwen7b-1m,needle,32768,,,,,m5_quality_mi300x/needle_ctxsweep_b-qwen7b-1m.csv,bf16,_server,server_attention_backend_log,,ROCM_ATTN,,20260917-101403-m5-needle/bf16/server.log,,server_paperwork
20261010-075351-f4-rebuild,20260917-101331-m5-qwen7b-needle-32768,20260917-101403-m5-needle,2026-09-17T10:13:31+00:00,run_start,0,UNOBSERVABLE_HOST,,,b-qwen7b-1m,needle,32768,,,,,m5_quality_mi300x/needle_ctxsweep_b-qwen7b-1m.csv,bf16,_server,server_gpu_kv_cache_tokens_log,2889696.0,,,20260917-101403-m5-needle/bf16/server.log,,server_paperwork
20261010-075351-f4-rebuild,20260917-101331-m5-qwen7b-needle-32768,20260917-101403-m5-needle,2026-09-17T10:13:31+00:00,run_start,0,UNOBSERVABLE_HOST,,,b-qwen7b-1m,needle,32768,,,,,m5_quality_mi300x/needle_ctxsweep_b-qwen7b-1m.csv,bf16,_server,server_max_model_len_cmd,33280,,,20260917-101403-m5-needle/bf16/server.log,,server_paperwork
20261010-075351-f4-rebuild,20260917-101331-m5-qwen7b-needle-32768,20260917-101403-m5-needle,2026-09-17T10:13:31+00:00,run_start,0,UNOBSERVABLE_HOST,,,b-qwen7b-1m,needle,32768,,,,,m5_quality_mi300x/needle_ctxsweep_b-qwen7b-1m.csv,fp8,_server,server_kv_cache_dtype_cmd,,fp8,,20260917-101403-m5-needle/fp8/server.log,,server_paperwork
20261010-075351-f4-rebuild,20260917-101331-m5-qwen7b-needle-32768,20260917-101403-m5-needle,2026-09-17T10:13:31+00:00,run_start,0,UNOBSERVABLE_HOST,,,b-qwen7b-1m,needle,32768,,,,,m5_quality_mi300x/needle_ctxsweep_b-qwen7b-1m.csv,fp8,_server,server_kv_cache_dtype_log,,fp8,,20260917-101403-m5-needle/fp8/server.log,,server_paperwork
20261010-075351-f4-rebuild,20260917-101331-m5-qwen7b-needle-32768,20260917-101403-m5-needle,2026-09-17T10:13:31+00:00,run_start,0,UNOBSERVABLE_HOST,,,b-qwen7b-1m,needle,32768,,,,,m5_quality_mi300x/needle_ctxsweep_b-qwen7b-1m.csv,fp8,_server,server_attention_backend_log,,ROCM_ATTN,,20260917-101403-m5-needle/fp8/server.log,,server_paperwork
20261010-075351-f4-rebuild,20260917-101331-m5-qwen7b-needle-32768,20260917-101403-m5-needle,2026-09-17T10:13:31+00:00,run_start,0,UNOBSERVABLE_HOST,,,b-qwen7b-1m,needle,32768,,,,,m5_quality_mi300x/needle_ctxsweep_b-qwen7b-1m.csv,fp8,_server,server_gpu_kv_cache_tokens_log,5779408.0,,,20260917-101403-m5-needle/fp8/server.log,,server_paperwork
20261010-075351-f4-rebuild,20260917-101331-m5-qwen7b-needle-32768,20260917-101403-m5-needle,2026-09-17T10:13:31+00:00,run_start,0,UNOBSERVABLE_HOST,,,b-qwen7b-1m,needle,32768,,,,,m5_quality_mi300x/needle_ctxsweep_b-qwen7b-1m.csv,fp8,_server,server_max_model_len_cmd,33280,,,20260917-101403-m5-needle/fp8/server.log,,server_paperwork
20261010-075351-f4-rebuild,20260917-101331-m5-qwen7b-needle-32768,20260917-101403-m5-needle,2026-09-17T10:13:31+00:00,run_start,0,UNOBSERVABLE_HOST,,,b-qwen7b-1m,needle,32768,,,,,m5_quality_mi300x/needle_ctxsweep_b-qwen7b-1m.csv,fp8_ptk,_server,server_kv_cache_dtype_cmd,,fp8_per_token_head,,20260917-101403-m5-needle/fp8_ptk/server.log,,server_paperwork
20261010-075351-f4-rebuild,20260917-101331-m5-qwen7b-needle-32768,20260917-101403-m5-needle,2026-09-17T10:13:31+00:00,run_start,0,UNOBSERVABLE_HOST,,,b-qwen7b-1m,needle,32768,,,,,m5_quality_mi300x/needle_ctxsweep_b-qwen7b-1m.csv,fp8_ptk,_server,server_kv_cache_dtype_log,,fp8_per_token_head,,20260917-101403-m5-needle/fp8_ptk/server.log,,server_paperwork
20261010-075351-f4-rebuild,20260917-101331-m5-qwen7b-needle-32768,20260917-101403-m5-needle,2026-09-17T10:13:31+00:00,run_start,0,UNOBSERVABLE_HOST,,,b-qwen7b-1m,needle,32768,,,,,m5_quality_mi300x/needle_ctxsweep_b-qwen7b-1m.csv,fp8_ptk,_server,server_attention_backend_log,,TRITON_ATTN,,20260917-101403-m5-needle/fp8_ptk/server.log,,server_paperwork
20261010-075351-f4-rebuild,20260917-101331-m5-qwen7b-needle-32768,20260917-101403-m5-needle,2026-09-17T10:13:31+00:00,run_start,0,UNOBSERVABLE_HOST,,,b-qwen7b-1m,needle,32768,,,,,m5_quality_mi300x/needle_ctxsweep_b-qwen7b-1m.csv,fp8_ptk,_server,server_gpu_kv_cache_tokens_log,5604272.0,,,20260917-101403-m5-needle/fp8_ptk/server.log,,server_paperwork
20261010-075351-f4-rebuild,20260917-101331-m5-qwen7b-needle-32768,20260917-101403-m5-needle,2026-09-17T10:13:31+00:00,run_start,0,UNOBSERVABLE_HOST,,,b-qwen7b-1m,needle,32768,,,,,m5_quality_mi300x/needle_ctxsweep_b-qwen7b-1m.csv,fp8_ptk,_server,server_max_model_len_cmd,33280,,,20260917-101403-m5-needle/fp8_ptk/server.log,,server_paperwork
20261010-075351-f4-rebuild,20260917-101331-m5-qwen7b-needle-32768,20260917-101403-m5-needle,2026-09-17T10:13:31+00:00,run_start,0,UNOBSERVABLE_HOST,,,b-qwen7b-1m,needle,32768,,,,,m5_quality_mi300x/needle_ctxsweep_b-qwen7b-1m.csv,int4,_server,server_kv_cache_dtype_cmd,,int4_per_token_head,,20260917-101403-m5-needle/int4/server.log,,server_paperwork
20261010-075351-f4-rebuild,20260917-101331-m5-qwen7b-needle-32768,20260917-101403-m5-needle,2026-09-17T10:13:31+00:00,run_start,0,UNOBSERVABLE_HOST,,,b-qwen7b-1m,needle,32768,,,,,m5_quality_mi300x/needle_ctxsweep_b-qwen7b-1m.csv,int4,_server,server_kv_cache_dtype_log,,int4_per_token_head,,20260917-101403-m5-needle/int4/server.log,,server_paperwork
20261010-075351-f4-rebuild,20260917-101331-m5-qwen7b-needle-32768,20260917-101403-m5-needle,2026-09-17T10:13:31+00:00,run_start,0,UNOBSERVABLE_HOST,,,b-qwen7b-1m,needle,32768,,,,,m5_quality_mi300x/needle_ctxsweep_b-qwen7b-1m.csv,int4,_server,server_attention_backend_log,,TRITON_ATTN,,20260917-101403-m5-needle/int4/server.log,,server_paperwork
20261010-075351-f4-rebuild,20260917-101331-m5-qwen7b-needle-32768,20260917-101403-m5-needle,2026-09-17T10:13:31+00:00,run_start,0,UNOBSERVABLE_HOST,,,b-qwen7b-1m,needle,32768,,,,,m5_quality_mi300x/needle_ctxsweep_b-qwen7b-1m.csv,int4,_server,server_gpu_kv_cache_tokens_log,10878880.0,,,20260917-101403-m5-needle/int4/server.log,,server_paperwork
20261010-075351-f4-rebuild,20260917-101331-m5-qwen7b-needle-32768,20260917-101403-m5-needle,2026-09-17T10:13:31+00:00,run_start,0,UNOBSERVABLE_HOST,,,b-qwen7b-1m,needle,32768,,,,,m5_quality_mi300x/needle_ctxsweep_b-qwen7b-1m.csv,int4,_server,server_max_model_len_cmd,33280,,,20260917-101403-m5-needle/int4/server.log,,server_paperwork
20261010-075351-f4-rebuild,20260917-101331-m5-qwen7b-needle-32768,20260917-101403-m5-needle,2026-09-17T10:13:31+00:00,run_start,0,UNOBSERVABLE_HOST,,,b-qwen7b-1m,needle,32768,,,,,m5_quality_mi300x/needle_ctxsweep_b-qwen7b-1m.csv,int8,_server,server_kv_cache_dtype_cmd,,int8_per_token_head,,20260917-101403-m5-needle/int8/server.log,,server_paperwork
20261010-075351-f4-rebuild,20260917-101331-m5-qwen7b-needle-32768,20260917-101403-m5-needle,2026-09-17T10:13:31+00:00,run_start,0,UNOBSERVABLE_HOST,,,b-qwen7b-1m,needle,32768,,,,,m5_quality_mi300x/needle_ctxsweep_b-qwen7b-1m.csv,int8,_server,server_kv_cache_dtype_log,,int8_per_token_head,,20260917-101403-m5-needle/int8/server.log,,server_paperwork
20261010-075351-f4-rebuild,20260917-101331-m5-qwen7b-needle-32768,20260917-101403-m5-needle,2026-09-17T10:13:31+00:00,run_start,0,UNOBSERVABLE_HOST,,,b-qwen7b-1m,needle,32768,,,,,m5_quality_mi300x/needle_ctxsweep_b-qwen7b-1m.csv,int8,_server,server_attention_backend_log,,TRITON_ATTN,,20260917-101403-m5-needle/int8/server.log,,server_paperwork
20261010-075351-f4-rebuild,20260917-101331-m5-qwen7b-needle-32768,20260917-101403-m5-needle,2026-09-17T10:13:31+00:00,run_start,0,UNOBSERVABLE_HOST,,,b-qwen7b-1m,needle,32768,,,,,m5_quality_mi300x/needle_ctxsweep_b-qwen7b-1m.csv,int8,_server,server_gpu_kv_cache_tokens_log,5604272.0,,,20260917-101403-m5-needle/int8/server.log,,server_paperwork
20261010-075351-f4-rebuild,20260917-101331-m5-qwen7b-needle-32768,20260917-101403-m5-needle,2026-09-17T10:13:31+00:00,run_start,0,UNOBSERVABLE_HOST,,,b-qwen7b-1m,needle,32768,,,,,m5_quality_mi300x/needle_ctxsweep_b-qwen7b-1m.csv,int8,_server,server_max_model_len_cmd,33280,,,20260917-101403-m5-needle/int8/server.log,,server_paperwork
20261010-075351-f4-rebuild,20260917-103133-m5-llama8b-needle-131k,20260917-103206-m5-needle,2026-09-17T10:31:33+00:00,run_start,0,UNOBSERVABLE_HOST,,,b-llama8b,needle,129024,,,,,m5_quality_mi300x/needle_ctxsweep_b-llama8b.csv,bf16,_server,server_kv_cache_dtype_cmd,,auto(未指定),,20260917-103206-m5-needle/bf16/server.log,,server_paperwork
20261010-075351-f4-rebuild,20260917-103133-m5-llama8b-needle-131k,20260917-103206-m5-needle,2026-09-17T10:31:33+00:00,run_start,0,UNOBSERVABLE_HOST,,,b-llama8b,needle,129024,,,,,m5_quality_mi300x/needle_ctxsweep_b-llama8b.csv,bf16,_server,server_kv_cache_dtype_log,,auto(未出現在 non-default args),,20260917-103206-m5-needle/bf16/server.log,,server_paperwork
20261010-075351-f4-rebuild,20260917-103133-m5-llama8b-needle-131k,20260917-103206-m5-needle,2026-09-17T10:31:33+00:00,run_start,0,UNOBSERVABLE_HOST,,,b-llama8b,needle,129024,,,,,m5_quality_mi300x/needle_ctxsweep_b-llama8b.csv,bf16,_server,server_attention_backend_log,,ROCM_ATTN,,20260917-103206-m5-needle/bf16/server.log,,server_paperwork
20261010-075351-f4-rebuild,20260917-103133-m5-llama8b-needle-131k,20260917-103206-m5-needle,2026-09-17T10:31:33+00:00,run_start,0,UNOBSERVABLE_HOST,,,b-llama8b,needle,129024,,,,,m5_quality_mi300x/needle_ctxsweep_b-llama8b.csv,bf16,_server,server_gpu_kv_cache_tokens_log,1267504.0,,,20260917-103206-m5-needle/bf16/server.log,,server_paperwork
20261010-075351-f4-rebuild,20260917-103133-m5-llama8b-needle-131k,20260917-103206-m5-needle,2026-09-17T10:31:33+00:00,run_start,0,UNOBSERVABLE_HOST,,,b-llama8b,needle,129024,,,,,m5_quality_mi300x/needle_ctxsweep_b-llama8b.csv,bf16,_server,server_max_model_len_cmd,129536,,,20260917-103206-m5-needle/bf16/server.log,,server_paperwork
20261010-075351-f4-rebuild,20260917-103133-m5-llama8b-needle-131k,20260917-103206-m5-needle,2026-09-17T10:31:33+00:00,run_start,0,UNOBSERVABLE_HOST,,,b-llama8b,needle,129024,,,,,m5_quality_mi300x/needle_ctxsweep_b-llama8b.csv,fp8,_server,server_kv_cache_dtype_cmd,,fp8,,20260917-103206-m5-needle/fp8/server.log,,server_paperwork
20261010-075351-f4-rebuild,20260917-103133-m5-llama8b-needle-131k,20260917-103206-m5-needle,2026-09-17T10:31:33+00:00,run_start,0,UNOBSERVABLE_HOST,,,b-llama8b,needle,129024,,,,,m5_quality_mi300x/needle_ctxsweep_b-llama8b.csv,fp8,_server,server_kv_cache_dtype_log,,fp8,,20260917-103206-m5-needle/fp8/server.log,,server_paperwork
20261010-075351-f4-rebuild,20260917-103133-m5-llama8b-needle-131k,20260917-103206-m5-needle,2026-09-17T10:31:33+00:00,run_start,0,UNOBSERVABLE_HOST,,,b-llama8b,needle,129024,,,,,m5_quality_mi300x/needle_ctxsweep_b-llama8b.csv,fp8,_server,server_attention_backend_log,,ROCM_ATTN,,20260917-103206-m5-needle/fp8/server.log,,server_paperwork
20261010-075351-f4-rebuild,20260917-103133-m5-llama8b-needle-131k,20260917-103206-m5-needle,2026-09-17T10:31:33+00:00,run_start,0,UNOBSERVABLE_HOST,,,b-llama8b,needle,129024,,,,,m5_quality_mi300x/needle_ctxsweep_b-llama8b.csv,fp8,_server,server_gpu_kv_cache_tokens_log,2535008.0,,,20260917-103206-m5-needle/fp8/server.log,,server_paperwork
20261010-075351-f4-rebuild,20260917-103133-m5-llama8b-needle-131k,20260917-103206-m5-needle,2026-09-17T10:31:33+00:00,run_start,0,UNOBSERVABLE_HOST,,,b-llama8b,needle,129024,,,,,m5_quality_mi300x/needle_ctxsweep_b-llama8b.csv,fp8,_server,server_max_model_len_cmd,129536,,,20260917-103206-m5-needle/fp8/server.log,,server_paperwork
20261010-075351-f4-rebuild,20260917-103133-m5-llama8b-needle-131k,20260917-103206-m5-needle,2026-09-17T10:31:33+00:00,run_start,0,UNOBSERVABLE_HOST,,,b-llama8b,needle,129024,,,,,m5_quality_mi300x/needle_ctxsweep_b-llama8b.csv,fp8_ptk,_server,server_kv_cache_dtype_cmd,,fp8_per_token_head,,20260917-103206-m5-needle/fp8_ptk/server.log,,server_paperwork
20261010-075351-f4-rebuild,20260917-103133-m5-llama8b-needle-131k,20260917-103206-m5-needle,2026-09-17T10:31:33+00:00,run_start,0,UNOBSERVABLE_HOST,,,b-llama8b,needle,129024,,,,,m5_quality_mi300x/needle_ctxsweep_b-llama8b.csv,fp8_ptk,_server,server_kv_cache_dtype_log,,fp8_per_token_head,,20260917-103206-m5-needle/fp8_ptk/server.log,,server_paperwork
20261010-075351-f4-rebuild,20260917-103133-m5-llama8b-needle-131k,20260917-103206-m5-needle,2026-09-17T10:31:33+00:00,run_start,0,UNOBSERVABLE_HOST,,,b-llama8b,needle,129024,,,,,m5_quality_mi300x/needle_ctxsweep_b-llama8b.csv,fp8_ptk,_server,server_attention_backend_log,,TRITON_ATTN,,20260917-103206-m5-needle/fp8_ptk/server.log,,server_paperwork
20261010-075351-f4-rebuild,20260917-103133-m5-llama8b-needle-131k,20260917-103206-m5-needle,2026-09-17T10:31:33+00:00,run_start,0,UNOBSERVABLE_HOST,,,b-llama8b,needle,129024,,,,,m5_quality_mi300x/needle_ctxsweep_b-llama8b.csv,fp8_ptk,_server,server_gpu_kv_cache_tokens_log,2458192.0,,,20260917-103206-m5-needle/fp8_ptk/server.log,,server_paperwork
20261010-075351-f4-rebuild,20260917-103133-m5-llama8b-needle-131k,20260917-103206-m5-needle,2026-09-17T10:31:33+00:00,run_start,0,UNOBSERVABLE_HOST,,,b-llama8b,needle,129024,,,,,m5_quality_mi300x/needle_ctxsweep_b-llama8b.csv,fp8_ptk,_server,server_max_model_len_cmd,129536,,,20260917-103206-m5-needle/fp8_ptk/server.log,,server_paperwork
20261010-075351-f4-rebuild,20260917-103133-m5-llama8b-needle-131k,20260917-103206-m5-needle,2026-09-17T10:31:33+00:00,run_start,0,UNOBSERVABLE_HOST,,,b-llama8b,needle,129024,,,,,m5_quality_mi300x/needle_ctxsweep_b-llama8b.csv,int4,_server,server_kv_cache_dtype_cmd,,int4_per_token_head,,20260917-103206-m5-needle/int4/server.log,,server_paperwork
20261010-075351-f4-rebuild,20260917-103133-m5-llama8b-needle-131k,20260917-103206-m5-needle,2026-09-17T10:31:33+00:00,run_start,0,UNOBSERVABLE_HOST,,,b-llama8b,needle,129024,,,,,m5_quality_mi300x/needle_ctxsweep_b-llama8b.csv,int4,_server,server_kv_cache_dtype_log,,int4_per_token_head,,20260917-103206-m5-needle/int4/server.log,,server_paperwork
20261010-075351-f4-rebuild,20260917-103133-m5-llama8b-needle-131k,20260917-103206-m5-needle,2026-09-17T10:31:33+00:00,run_start,0,UNOBSERVABLE_HOST,,,b-llama8b,needle,129024,,,,,m5_quality_mi300x/needle_ctxsweep_b-llama8b.csv,int4,_server,server_attention_backend_log,,TRITON_ATTN,,20260917-103206-m5-needle/int4/server.log,,server_paperwork
20261010-075351-f4-rebuild,20260917-103133-m5-llama8b-needle-131k,20260917-103206-m5-needle,2026-09-17T10:31:33+00:00,run_start,0,UNOBSERVABLE_HOST,,,b-llama8b,needle,129024,,,,,m5_quality_mi300x/needle_ctxsweep_b-llama8b.csv,int4,_server,server_gpu_kv_cache_tokens_log,4771792.0,,,20260917-103206-m5-needle/int4/server.log,,server_paperwork
20261010-075351-f4-rebuild,20260917-103133-m5-llama8b-needle-131k,20260917-103206-m5-needle,2026-09-17T10:31:33+00:00,run_start,0,UNOBSERVABLE_HOST,,,b-llama8b,needle,129024,,,,,m5_quality_mi300x/needle_ctxsweep_b-llama8b.csv,int4,_server,server_max_model_len_cmd,129536,,,20260917-103206-m5-needle/int4/server.log,,server_paperwork
20261010-075351-f4-rebuild,20260917-103133-m5-llama8b-needle-131k,20260917-103206-m5-needle,2026-09-17T10:31:33+00:00,run_start,0,UNOBSERVABLE_HOST,,,b-llama8b,needle,129024,,,,,m5_quality_mi300x/needle_ctxsweep_b-llama8b.csv,int8,_server,server_kv_cache_dtype_cmd,,int8_per_token_head,,20260917-103206-m5-needle/int8/server.log,,server_paperwork
20261010-075351-f4-rebuild,20260917-103133-m5-llama8b-needle-131k,20260917-103206-m5-needle,2026-09-17T10:31:33+00:00,run_start,0,UNOBSERVABLE_HOST,,,b-llama8b,needle,129024,,,,,m5_quality_mi300x/needle_ctxsweep_b-llama8b.csv,int8,_server,server_kv_cache_dtype_log,,int8_per_token_head,,20260917-103206-m5-needle/int8/server.log,,server_paperwork
20261010-075351-f4-rebuild,20260917-103133-m5-llama8b-needle-131k,20260917-103206-m5-needle,2026-09-17T10:31:33+00:00,run_start,0,UNOBSERVABLE_HOST,,,b-llama8b,needle,129024,,,,,m5_quality_mi300x/needle_ctxsweep_b-llama8b.csv,int8,_server,server_attention_backend_log,,TRITON_ATTN,,20260917-103206-m5-needle/int8/server.log,,server_paperwork
20261010-075351-f4-rebuild,20260917-103133-m5-llama8b-needle-131k,20260917-103206-m5-needle,2026-09-17T10:31:33+00:00,run_start,0,UNOBSERVABLE_HOST,,,b-llama8b,needle,129024,,,,,m5_quality_mi300x/needle_ctxsweep_b-llama8b.csv,int8,_server,server_gpu_kv_cache_tokens_log,2458192.0,,,20260917-103206-m5-needle/int8/server.log,,server_paperwork
20261010-075351-f4-rebuild,20260917-103133-m5-llama8b-needle-131k,20260917-103206-m5-needle,2026-09-17T10:31:33+00:00,run_start,0,UNOBSERVABLE_HOST,,,b-llama8b,needle,129024,,,,,m5_quality_mi300x/needle_ctxsweep_b-llama8b.csv,int8,_server,server_max_model_len_cmd,129536,,,20260917-103206-m5-needle/int8/server.log,,server_paperwork
20261010-075351-f4-rebuild,20260917-162732-m5-ultralong-lossless,20260917-162804-m5-lossless,2026-09-17T16:27:32+00:00,run_start,0,UNOBSERVABLE_HOST,,,b-ultralong8b-1m,lossless,,,,,60,m5_quality_mi300x/lossless_b-ultralong8b-1m.csv,cpu_lru,_server,server_kv_cache_dtype_cmd,,auto(未指定),,20260917-162804-m5-lossless/cpu_lru/server.log,,server_paperwork
20261010-075351-f4-rebuild,20260917-162732-m5-ultralong-lossless,20260917-162804-m5-lossless,2026-09-17T16:27:32+00:00,run_start,0,UNOBSERVABLE_HOST,,,b-ultralong8b-1m,lossless,,,,,60,m5_quality_mi300x/lossless_b-ultralong8b-1m.csv,cpu_lru,_server,server_kv_cache_dtype_log,,auto(未出現在 non-default args),,20260917-162804-m5-lossless/cpu_lru/server.log,,server_paperwork
20261010-075351-f4-rebuild,20260917-162732-m5-ultralong-lossless,20260917-162804-m5-lossless,2026-09-17T16:27:32+00:00,run_start,0,UNOBSERVABLE_HOST,,,b-ultralong8b-1m,lossless,,,,,60,m5_quality_mi300x/lossless_b-ultralong8b-1m.csv,cpu_lru,_server,server_attention_backend_log,,TRITON_ATTN,,20260917-162804-m5-lossless/cpu_lru/server.log,,server_paperwork
20261010-075351-f4-rebuild,20260917-162732-m5-ultralong-lossless,20260917-162804-m5-lossless,2026-09-17T16:27:32+00:00,run_start,0,UNOBSERVABLE_HOST,,,b-ultralong8b-1m,lossless,,,,,60,m5_quality_mi300x/lossless_b-ultralong8b-1m.csv,cpu_lru,_server,server_gpu_kv_cache_tokens_log,1264342.0,,,20260917-162804-m5-lossless/cpu_lru/server.log,,server_paperwork
20261010-075351-f4-rebuild,20260917-162732-m5-ultralong-lossless,20260917-162804-m5-lossless,2026-09-17T16:27:32+00:00,run_start,0,UNOBSERVABLE_HOST,,,b-ultralong8b-1m,lossless,,,,,60,m5_quality_mi300x/lossless_b-ultralong8b-1m.csv,cpu_lru,_server,server_max_model_len_cmd,11813,,,20260917-162804-m5-lossless/cpu_lru/server.log,,server_paperwork
20261010-075351-f4-rebuild,20260917-162732-m5-ultralong-lossless,20260917-162804-m5-lossless,2026-09-17T16:27:32+00:00,run_start,0,UNOBSERVABLE_HOST,,,b-ultralong8b-1m,lossless,,,,,60,m5_quality_mi300x/lossless_b-ultralong8b-1m.csv,full_gpu,_server,server_kv_cache_dtype_cmd,,auto(未指定),,20260917-162804-m5-lossless/full_gpu/server.log,,server_paperwork
20261010-075351-f4-rebuild,20260917-162732-m5-ultralong-lossless,20260917-162804-m5-lossless,2026-09-17T16:27:32+00:00,run_start,0,UNOBSERVABLE_HOST,,,b-ultralong8b-1m,lossless,,,,,60,m5_quality_mi300x/lossless_b-ultralong8b-1m.csv,full_gpu,_server,server_kv_cache_dtype_log,,auto(未出現在 non-default args),,20260917-162804-m5-lossless/full_gpu/server.log,,server_paperwork
20261010-075351-f4-rebuild,20260917-162732-m5-ultralong-lossless,20260917-162804-m5-lossless,2026-09-17T16:27:32+00:00,run_start,0,UNOBSERVABLE_HOST,,,b-ultralong8b-1m,lossless,,,,,60,m5_quality_mi300x/lossless_b-ultralong8b-1m.csv,full_gpu,_server,server_attention_backend_log,,ROCM_ATTN,,20260917-162804-m5-lossless/full_gpu/server.log,,server_paperwork
20261010-075351-f4-rebuild,20260917-162732-m5-ultralong-lossless,20260917-162804-m5-lossless,2026-09-17T16:27:32+00:00,run_start,0,UNOBSERVABLE_HOST,,,b-ultralong8b-1m,lossless,,,,,60,m5_quality_mi300x/lossless_b-ultralong8b-1m.csv,full_gpu,_server,server_gpu_kv_cache_tokens_log,1264342.0,,,20260917-162804-m5-lossless/full_gpu/server.log,,server_paperwork
20261010-075351-f4-rebuild,20260917-162732-m5-ultralong-lossless,20260917-162804-m5-lossless,2026-09-17T16:27:32+00:00,run_start,0,UNOBSERVABLE_HOST,,,b-ultralong8b-1m,lossless,,,,,60,m5_quality_mi300x/lossless_b-ultralong8b-1m.csv,full_gpu,_server,server_max_model_len_cmd,11813,,,20260917-162804-m5-lossless/full_gpu/server.log,,server_paperwork
20261010-075351-f4-rebuild,20260917-162732-m5-ultralong-lossless,20260917-162804-m5-lossless,2026-09-17T16:27:32+00:00,run_start,0,UNOBSERVABLE_HOST,,,b-ultralong8b-1m,lossless,,,,,60,m5_quality_mi300x/lossless_b-ultralong8b-1m.csv,tier_fs,_server,server_kv_cache_dtype_cmd,,auto(未指定),,20260917-162804-m5-lossless/tier_fs/server.log,,server_paperwork
20261010-075351-f4-rebuild,20260917-162732-m5-ultralong-lossless,20260917-162804-m5-lossless,2026-09-17T16:27:32+00:00,run_start,0,UNOBSERVABLE_HOST,,,b-ultralong8b-1m,lossless,,,,,60,m5_quality_mi300x/lossless_b-ultralong8b-1m.csv,tier_fs,_server,server_kv_cache_dtype_log,,auto(未出現在 non-default args),,20260917-162804-m5-lossless/tier_fs/server.log,,server_paperwork
20261010-075351-f4-rebuild,20260917-162732-m5-ultralong-lossless,20260917-162804-m5-lossless,2026-09-17T16:27:32+00:00,run_start,0,UNOBSERVABLE_HOST,,,b-ultralong8b-1m,lossless,,,,,60,m5_quality_mi300x/lossless_b-ultralong8b-1m.csv,tier_fs,_server,server_attention_backend_log,,TRITON_ATTN,,20260917-162804-m5-lossless/tier_fs/server.log,,server_paperwork
20261010-075351-f4-rebuild,20260917-162732-m5-ultralong-lossless,20260917-162804-m5-lossless,2026-09-17T16:27:32+00:00,run_start,0,UNOBSERVABLE_HOST,,,b-ultralong8b-1m,lossless,,,,,60,m5_quality_mi300x/lossless_b-ultralong8b-1m.csv,tier_fs,_server,server_gpu_kv_cache_tokens_log,1267859.0,,,20260917-162804-m5-lossless/tier_fs/server.log,,server_paperwork
20261010-075351-f4-rebuild,20260917-162732-m5-ultralong-lossless,20260917-162804-m5-lossless,2026-09-17T16:27:32+00:00,run_start,0,UNOBSERVABLE_HOST,,,b-ultralong8b-1m,lossless,,,,,60,m5_quality_mi300x/lossless_b-ultralong8b-1m.csv,tier_fs,_server,server_max_model_len_cmd,11813,,,20260917-162804-m5-lossless/tier_fs/server.log,,server_paperwork
20261010-075351-f4-rebuild,20260917-163616-m5-ultralong-needle,20260917-163649-m5-needle,2026-09-17T16:36:16+00:00,run_start,0,UNOBSERVABLE_HOST,,,b-ultralong8b-1m,needle,129024,,,,,m5_quality_mi300x/needle_b-ultralong8b-1m.csv,bf16,_server,server_kv_cache_dtype_cmd,,auto(未指定),,20260917-163649-m5-needle/bf16/server.log,,server_paperwork
20261010-075351-f4-rebuild,20260917-163616-m5-ultralong-needle,20260917-163649-m5-needle,2026-09-17T16:36:16+00:00,run_start,0,UNOBSERVABLE_HOST,,,b-ultralong8b-1m,needle,129024,,,,,m5_quality_mi300x/needle_b-ultralong8b-1m.csv,bf16,_server,server_kv_cache_dtype_log,,auto(未出現在 non-default args),,20260917-163649-m5-needle/bf16/server.log,,server_paperwork
20261010-075351-f4-rebuild,20260917-163616-m5-ultralong-needle,20260917-163649-m5-needle,2026-09-17T16:36:16+00:00,run_start,0,UNOBSERVABLE_HOST,,,b-ultralong8b-1m,needle,129024,,,,,m5_quality_mi300x/needle_b-ultralong8b-1m.csv,bf16,_server,server_attention_backend_log,,ROCM_ATTN,,20260917-163649-m5-needle/bf16/server.log,,server_paperwork
20261010-075351-f4-rebuild,20260917-163616-m5-ultralong-needle,20260917-163649-m5-needle,2026-09-17T16:36:16+00:00,run_start,0,UNOBSERVABLE_HOST,,,b-ultralong8b-1m,needle,129024,,,,,m5_quality_mi300x/needle_b-ultralong8b-1m.csv,bf16,_server,server_gpu_kv_cache_tokens_log,1265520.0,,,20260917-163649-m5-needle/bf16/server.log,,server_paperwork
20261010-075351-f4-rebuild,20260917-163616-m5-ultralong-needle,20260917-163649-m5-needle,2026-09-17T16:36:16+00:00,run_start,0,UNOBSERVABLE_HOST,,,b-ultralong8b-1m,needle,129024,,,,,m5_quality_mi300x/needle_b-ultralong8b-1m.csv,bf16,_server,server_max_model_len_cmd,129536,,,20260917-163649-m5-needle/bf16/server.log,,server_paperwork
20261010-075351-f4-rebuild,20260917-163616-m5-ultralong-needle,20260917-163649-m5-needle,2026-09-17T16:36:16+00:00,run_start,0,UNOBSERVABLE_HOST,,,b-ultralong8b-1m,needle,129024,,,,,m5_quality_mi300x/needle_b-ultralong8b-1m.csv,fp8,_server,server_kv_cache_dtype_cmd,,fp8,,20260917-163649-m5-needle/fp8/server.log,,server_paperwork
20261010-075351-f4-rebuild,20260917-163616-m5-ultralong-needle,20260917-163649-m5-needle,2026-09-17T16:36:16+00:00,run_start,0,UNOBSERVABLE_HOST,,,b-ultralong8b-1m,needle,129024,,,,,m5_quality_mi300x/needle_b-ultralong8b-1m.csv,fp8,_server,server_kv_cache_dtype_log,,fp8,,20260917-163649-m5-needle/fp8/server.log,,server_paperwork
20261010-075351-f4-rebuild,20260917-163616-m5-ultralong-needle,20260917-163649-m5-needle,2026-09-17T16:36:16+00:00,run_start,0,UNOBSERVABLE_HOST,,,b-ultralong8b-1m,needle,129024,,,,,m5_quality_mi300x/needle_b-ultralong8b-1m.csv,fp8,_server,server_attention_backend_log,,ROCM_ATTN,,20260917-163649-m5-needle/fp8/server.log,,server_paperwork
20261010-075351-f4-rebuild,20260917-163616-m5-ultralong-needle,20260917-163649-m5-needle,2026-09-17T16:36:16+00:00,run_start,0,UNOBSERVABLE_HOST,,,b-ultralong8b-1m,needle,129024,,,,,m5_quality_mi300x/needle_b-ultralong8b-1m.csv,fp8,_server,server_gpu_kv_cache_tokens_log,2531040.0,,,20260917-163649-m5-needle/fp8/server.log,,server_paperwork
20261010-075351-f4-rebuild,20260917-163616-m5-ultralong-needle,20260917-163649-m5-needle,2026-09-17T16:36:16+00:00,run_start,0,UNOBSERVABLE_HOST,,,b-ultralong8b-1m,needle,129024,,,,,m5_quality_mi300x/needle_b-ultralong8b-1m.csv,fp8,_server,server_max_model_len_cmd,129536,,,20260917-163649-m5-needle/fp8/server.log,,server_paperwork
20261010-075351-f4-rebuild,20260917-163616-m5-ultralong-needle,20260917-163649-m5-needle,2026-09-17T16:36:16+00:00,run_start,0,UNOBSERVABLE_HOST,,,b-ultralong8b-1m,needle,129024,,,,,m5_quality_mi300x/needle_b-ultralong8b-1m.csv,fp8_ptk,_server,server_kv_cache_dtype_cmd,,fp8_per_token_head,,20260917-163649-m5-needle/fp8_ptk/server.log,,server_paperwork
20261010-075351-f4-rebuild,20260917-163616-m5-ultralong-needle,20260917-163649-m5-needle,2026-09-17T16:36:16+00:00,run_start,0,UNOBSERVABLE_HOST,,,b-ultralong8b-1m,needle,129024,,,,,m5_quality_mi300x/needle_b-ultralong8b-1m.csv,fp8_ptk,_server,server_kv_cache_dtype_log,,fp8_per_token_head,,20260917-163649-m5-needle/fp8_ptk/server.log,,server_paperwork
20261010-075351-f4-rebuild,20260917-163616-m5-ultralong-needle,20260917-163649-m5-needle,2026-09-17T16:36:16+00:00,run_start,0,UNOBSERVABLE_HOST,,,b-ultralong8b-1m,needle,129024,,,,,m5_quality_mi300x/needle_b-ultralong8b-1m.csv,fp8_ptk,_server,server_attention_backend_log,,TRITON_ATTN,,20260917-163649-m5-needle/fp8_ptk/server.log,,server_paperwork
20261010-075351-f4-rebuild,20260917-163616-m5-ultralong-needle,20260917-163649-m5-needle,2026-09-17T16:36:16+00:00,run_start,0,UNOBSERVABLE_HOST,,,b-ultralong8b-1m,needle,129024,,,,,m5_quality_mi300x/needle_b-ultralong8b-1m.csv,fp8_ptk,_server,server_gpu_kv_cache_tokens_log,2454336.0,,,20260917-163649-m5-needle/fp8_ptk/server.log,,server_paperwork
20261010-075351-f4-rebuild,20260917-163616-m5-ultralong-needle,20260917-163649-m5-needle,2026-09-17T16:36:16+00:00,run_start,0,UNOBSERVABLE_HOST,,,b-ultralong8b-1m,needle,129024,,,,,m5_quality_mi300x/needle_b-ultralong8b-1m.csv,fp8_ptk,_server,server_max_model_len_cmd,129536,,,20260917-163649-m5-needle/fp8_ptk/server.log,,server_paperwork
20261010-075351-f4-rebuild,20260917-163616-m5-ultralong-needle,20260917-163649-m5-needle,2026-09-17T16:36:16+00:00,run_start,0,UNOBSERVABLE_HOST,,,b-ultralong8b-1m,needle,129024,,,,,m5_quality_mi300x/needle_b-ultralong8b-1m.csv,int4,_server,server_kv_cache_dtype_cmd,,int4_per_token_head,,20260917-163649-m5-needle/int4/server.log,,server_paperwork
20261010-075351-f4-rebuild,20260917-163616-m5-ultralong-needle,20260917-163649-m5-needle,2026-09-17T16:36:16+00:00,run_start,0,UNOBSERVABLE_HOST,,,b-ultralong8b-1m,needle,129024,,,,,m5_quality_mi300x/needle_b-ultralong8b-1m.csv,int4,_server,server_kv_cache_dtype_log,,int4_per_token_head,,20260917-163649-m5-needle/int4/server.log,,server_paperwork
20261010-075351-f4-rebuild,20260917-163616-m5-ultralong-needle,20260917-163649-m5-needle,2026-09-17T16:36:16+00:00,run_start,0,UNOBSERVABLE_HOST,,,b-ultralong8b-1m,needle,129024,,,,,m5_quality_mi300x/needle_b-ultralong8b-1m.csv,int4,_server,server_attention_backend_log,,TRITON_ATTN,,20260917-163649-m5-needle/int4/server.log,,server_paperwork
20261010-075351-f4-rebuild,20260917-163616-m5-ultralong-needle,20260917-163649-m5-needle,2026-09-17T16:36:16+00:00,run_start,0,UNOBSERVABLE_HOST,,,b-ultralong8b-1m,needle,129024,,,,,m5_quality_mi300x/needle_b-ultralong8b-1m.csv,int4,_server,server_gpu_kv_cache_tokens_log,4764320.0,,,20260917-163649-m5-needle/int4/server.log,,server_paperwork
20261010-075351-f4-rebuild,20260917-163616-m5-ultralong-needle,20260917-163649-m5-needle,2026-09-17T16:36:16+00:00,run_start,0,UNOBSERVABLE_HOST,,,b-ultralong8b-1m,needle,129024,,,,,m5_quality_mi300x/needle_b-ultralong8b-1m.csv,int4,_server,server_max_model_len_cmd,129536,,,20260917-163649-m5-needle/int4/server.log,,server_paperwork
20261010-075351-f4-rebuild,20260917-163616-m5-ultralong-needle,20260917-163649-m5-needle,2026-09-17T16:36:16+00:00,run_start,0,UNOBSERVABLE_HOST,,,b-ultralong8b-1m,needle,129024,,,,,m5_quality_mi300x/needle_b-ultralong8b-1m.csv,int8,_server,server_kv_cache_dtype_cmd,,int8_per_token_head,,20260917-163649-m5-needle/int8/server.log,,server_paperwork
20261010-075351-f4-rebuild,20260917-163616-m5-ultralong-needle,20260917-163649-m5-needle,2026-09-17T16:36:16+00:00,run_start,0,UNOBSERVABLE_HOST,,,b-ultralong8b-1m,needle,129024,,,,,m5_quality_mi300x/needle_b-ultralong8b-1m.csv,int8,_server,server_kv_cache_dtype_log,,int8_per_token_head,,20260917-163649-m5-needle/int8/server.log,,server_paperwork
20261010-075351-f4-rebuild,20260917-163616-m5-ultralong-needle,20260917-163649-m5-needle,2026-09-17T16:36:16+00:00,run_start,0,UNOBSERVABLE_HOST,,,b-ultralong8b-1m,needle,129024,,,,,m5_quality_mi300x/needle_b-ultralong8b-1m.csv,int8,_server,server_attention_backend_log,,TRITON_ATTN,,20260917-163649-m5-needle/int8/server.log,,server_paperwork
20261010-075351-f4-rebuild,20260917-163616-m5-ultralong-needle,20260917-163649-m5-needle,2026-09-17T16:36:16+00:00,run_start,0,UNOBSERVABLE_HOST,,,b-ultralong8b-1m,needle,129024,,,,,m5_quality_mi300x/needle_b-ultralong8b-1m.csv,int8,_server,server_gpu_kv_cache_tokens_log,2454336.0,,,20260917-163649-m5-needle/int8/server.log,,server_paperwork
20261010-075351-f4-rebuild,20260917-163616-m5-ultralong-needle,20260917-163649-m5-needle,2026-09-17T16:36:16+00:00,run_start,0,UNOBSERVABLE_HOST,,,b-ultralong8b-1m,needle,129024,,,,,m5_quality_mi300x/needle_b-ultralong8b-1m.csv,int8,_server,server_max_model_len_cmd,129536,,,20260917-163649-m5-needle/int8/server.log,,server_paperwork
20261010-075351-f4-rebuild,20260917-181725-m5-ultralong-precision,20260917-181757-m5-precision,2026-09-17T18:17:25+00:00,run_start,0,UNOBSERVABLE_HOST,,,b-ultralong8b-1m,precision,,,,,120,m5_quality_mi300x/gsm8k_precision_b-ultralong8b-1m.csv,bf16,_server,server_kv_cache_dtype_cmd,,auto(未指定),,20260917-181757-m5-precision/bf16/server.log,,server_paperwork
20261010-075351-f4-rebuild,20260917-181725-m5-ultralong-precision,20260917-181757-m5-precision,2026-09-17T18:17:25+00:00,run_start,0,UNOBSERVABLE_HOST,,,b-ultralong8b-1m,precision,,,,,120,m5_quality_mi300x/gsm8k_precision_b-ultralong8b-1m.csv,bf16,_server,server_kv_cache_dtype_log,,auto(未出現在 non-default args),,20260917-181757-m5-precision/bf16/server.log,,server_paperwork
20261010-075351-f4-rebuild,20260917-181725-m5-ultralong-precision,20260917-181757-m5-precision,2026-09-17T18:17:25+00:00,run_start,0,UNOBSERVABLE_HOST,,,b-ultralong8b-1m,precision,,,,,120,m5_quality_mi300x/gsm8k_precision_b-ultralong8b-1m.csv,bf16,_server,server_attention_backend_log,,ROCM_ATTN,,20260917-181757-m5-precision/bf16/server.log,,server_paperwork
20261010-075351-f4-rebuild,20260917-181725-m5-ultralong-precision,20260917-181757-m5-precision,2026-09-17T18:17:25+00:00,run_start,0,UNOBSERVABLE_HOST,,,b-ultralong8b-1m,precision,,,,,120,m5_quality_mi300x/gsm8k_precision_b-ultralong8b-1m.csv,bf16,_server,server_gpu_kv_cache_tokens_log,1267859.0,,,20260917-181757-m5-precision/bf16/server.log,,server_paperwork
20261010-075351-f4-rebuild,20260917-181725-m5-ultralong-precision,20260917-181757-m5-precision,2026-09-17T18:17:25+00:00,run_start,0,UNOBSERVABLE_HOST,,,b-ultralong8b-1m,precision,,,,,120,m5_quality_mi300x/gsm8k_precision_b-ultralong8b-1m.csv,bf16,_server,server_max_model_len_cmd,11813,,,20260917-181757-m5-precision/bf16/server.log,,server_paperwork
20261010-075351-f4-rebuild,20260917-181725-m5-ultralong-precision,20260917-181757-m5-precision,2026-09-17T18:17:25+00:00,run_start,0,UNOBSERVABLE_HOST,,,b-ultralong8b-1m,precision,,,,,120,m5_quality_mi300x/gsm8k_precision_b-ultralong8b-1m.csv,fp8,_server,server_kv_cache_dtype_cmd,,fp8,,20260917-181757-m5-precision/fp8/server.log,,server_paperwork
20261010-075351-f4-rebuild,20260917-181725-m5-ultralong-precision,20260917-181757-m5-precision,2026-09-17T18:17:25+00:00,run_start,0,UNOBSERVABLE_HOST,,,b-ultralong8b-1m,precision,,,,,120,m5_quality_mi300x/gsm8k_precision_b-ultralong8b-1m.csv,fp8,_server,server_kv_cache_dtype_log,,fp8,,20260917-181757-m5-precision/fp8/server.log,,server_paperwork
20261010-075351-f4-rebuild,20260917-181725-m5-ultralong-precision,20260917-181757-m5-precision,2026-09-17T18:17:25+00:00,run_start,0,UNOBSERVABLE_HOST,,,b-ultralong8b-1m,precision,,,,,120,m5_quality_mi300x/gsm8k_precision_b-ultralong8b-1m.csv,fp8,_server,server_attention_backend_log,,ROCM_ATTN,,20260917-181757-m5-precision/fp8/server.log,,server_paperwork
20261010-075351-f4-rebuild,20260917-181725-m5-ultralong-precision,20260917-181757-m5-precision,2026-09-17T18:17:25+00:00,run_start,0,UNOBSERVABLE_HOST,,,b-ultralong8b-1m,precision,,,,,120,m5_quality_mi300x/gsm8k_precision_b-ultralong8b-1m.csv,fp8,_server,server_gpu_kv_cache_tokens_log,2528685.0,,,20260917-181757-m5-precision/fp8/server.log,,server_paperwork
20261010-075351-f4-rebuild,20260917-181725-m5-ultralong-precision,20260917-181757-m5-precision,2026-09-17T18:17:25+00:00,run_start,0,UNOBSERVABLE_HOST,,,b-ultralong8b-1m,precision,,,,,120,m5_quality_mi300x/gsm8k_precision_b-ultralong8b-1m.csv,fp8,_server,server_max_model_len_cmd,11813,,,20260917-181757-m5-precision/fp8/server.log,,server_paperwork
20261010-075351-f4-rebuild,20260917-181725-m5-ultralong-precision,20260917-181757-m5-precision,2026-09-17T18:17:25+00:00,run_start,0,UNOBSERVABLE_HOST,,,b-ultralong8b-1m,precision,,,,,120,m5_quality_mi300x/gsm8k_precision_b-ultralong8b-1m.csv,fp8_ptk,_server,server_kv_cache_dtype_cmd,,fp8_per_token_head,,20260917-181757-m5-precision/fp8_ptk/server.log,,server_paperwork
20261010-075351-f4-rebuild,20260917-181725-m5-ultralong-precision,20260917-181757-m5-precision,2026-09-17T18:17:25+00:00,run_start,0,UNOBSERVABLE_HOST,,,b-ultralong8b-1m,precision,,,,,120,m5_quality_mi300x/gsm8k_precision_b-ultralong8b-1m.csv,fp8_ptk,_server,server_kv_cache_dtype_log,,fp8_per_token_head,,20260917-181757-m5-precision/fp8_ptk/server.log,,server_paperwork
20261010-075351-f4-rebuild,20260917-181725-m5-ultralong-precision,20260917-181757-m5-precision,2026-09-17T18:17:25+00:00,run_start,0,UNOBSERVABLE_HOST,,,b-ultralong8b-1m,precision,,,,,120,m5_quality_mi300x/gsm8k_precision_b-ultralong8b-1m.csv,fp8_ptk,_server,server_attention_backend_log,,TRITON_ATTN,,20260917-181757-m5-precision/fp8_ptk/server.log,,server_paperwork
20261010-075351-f4-rebuild,20260917-181725-m5-ultralong-precision,20260917-181757-m5-precision,2026-09-17T18:17:25+00:00,run_start,0,UNOBSERVABLE_HOST,,,b-ultralong8b-1m,precision,,,,,120,m5_quality_mi300x/gsm8k_precision_b-ultralong8b-1m.csv,fp8_ptk,_server,server_gpu_kv_cache_tokens_log,2452052.0,,,20260917-181757-m5-precision/fp8_ptk/server.log,,server_paperwork
20261010-075351-f4-rebuild,20260917-181725-m5-ultralong-precision,20260917-181757-m5-precision,2026-09-17T18:17:25+00:00,run_start,0,UNOBSERVABLE_HOST,,,b-ultralong8b-1m,precision,,,,,120,m5_quality_mi300x/gsm8k_precision_b-ultralong8b-1m.csv,fp8_ptk,_server,server_max_model_len_cmd,11813,,,20260917-181757-m5-precision/fp8_ptk/server.log,,server_paperwork
20261010-075351-f4-rebuild,20260917-181725-m5-ultralong-precision,20260917-181757-m5-precision,2026-09-17T18:17:25+00:00,run_start,0,UNOBSERVABLE_HOST,,,b-ultralong8b-1m,precision,,,,,120,m5_quality_mi300x/gsm8k_precision_b-ultralong8b-1m.csv,int4,_server,server_kv_cache_dtype_cmd,,int4_per_token_head,,20260917-181757-m5-precision/int4/server.log,,server_paperwork
20261010-075351-f4-rebuild,20260917-181725-m5-ultralong-precision,20260917-181757-m5-precision,2026-09-17T18:17:25+00:00,run_start,0,UNOBSERVABLE_HOST,,,b-ultralong8b-1m,precision,,,,,120,m5_quality_mi300x/gsm8k_precision_b-ultralong8b-1m.csv,int4,_server,server_kv_cache_dtype_log,,int4_per_token_head,,20260917-181757-m5-precision/int4/server.log,,server_paperwork
20261010-075351-f4-rebuild,20260917-181725-m5-ultralong-precision,20260917-181757-m5-precision,2026-09-17T18:17:25+00:00,run_start,0,UNOBSERVABLE_HOST,,,b-ultralong8b-1m,precision,,,,,120,m5_quality_mi300x/gsm8k_precision_b-ultralong8b-1m.csv,int4,_server,server_attention_backend_log,,TRITON_ATTN,,20260917-181757-m5-precision/int4/server.log,,server_paperwork
20261010-075351-f4-rebuild,20260917-181725-m5-ultralong-precision,20260917-181757-m5-precision,2026-09-17T18:17:25+00:00,run_start,0,UNOBSERVABLE_HOST,,,b-ultralong8b-1m,precision,,,,,120,m5_quality_mi300x/gsm8k_precision_b-ultralong8b-1m.csv,int4,_server,server_gpu_kv_cache_tokens_log,4759887.0,,,20260917-181757-m5-precision/int4/server.log,,server_paperwork
20261010-075351-f4-rebuild,20260917-181725-m5-ultralong-precision,20260917-181757-m5-precision,2026-09-17T18:17:25+00:00,run_start,0,UNOBSERVABLE_HOST,,,b-ultralong8b-1m,precision,,,,,120,m5_quality_mi300x/gsm8k_precision_b-ultralong8b-1m.csv,int4,_server,server_max_model_len_cmd,11813,,,20260917-181757-m5-precision/int4/server.log,,server_paperwork
20261010-075351-f4-rebuild,20260917-181725-m5-ultralong-precision,20260917-181757-m5-precision,2026-09-17T18:17:25+00:00,run_start,0,UNOBSERVABLE_HOST,,,b-ultralong8b-1m,precision,,,,,120,m5_quality_mi300x/gsm8k_precision_b-ultralong8b-1m.csv,int8,_server,server_kv_cache_dtype_cmd,,int8_per_token_head,,20260917-181757-m5-precision/int8/server.log,,server_paperwork
20261010-075351-f4-rebuild,20260917-181725-m5-ultralong-precision,20260917-181757-m5-precision,2026-09-17T18:17:25+00:00,run_start,0,UNOBSERVABLE_HOST,,,b-ultralong8b-1m,precision,,,,,120,m5_quality_mi300x/gsm8k_precision_b-ultralong8b-1m.csv,int8,_server,server_kv_cache_dtype_log,,int8_per_token_head,,20260917-181757-m5-precision/int8/server.log,,server_paperwork
20261010-075351-f4-rebuild,20260917-181725-m5-ultralong-precision,20260917-181757-m5-precision,2026-09-17T18:17:25+00:00,run_start,0,UNOBSERVABLE_HOST,,,b-ultralong8b-1m,precision,,,,,120,m5_quality_mi300x/gsm8k_precision_b-ultralong8b-1m.csv,int8,_server,server_attention_backend_log,,TRITON_ATTN,,20260917-181757-m5-precision/int8/server.log,,server_paperwork
20261010-075351-f4-rebuild,20260917-181725-m5-ultralong-precision,20260917-181757-m5-precision,2026-09-17T18:17:25+00:00,run_start,0,UNOBSERVABLE_HOST,,,b-ultralong8b-1m,precision,,,,,120,m5_quality_mi300x/gsm8k_precision_b-ultralong8b-1m.csv,int8,_server,server_gpu_kv_cache_tokens_log,2452052.0,,,20260917-181757-m5-precision/int8/server.log,,server_paperwork
20261010-075351-f4-rebuild,20260917-181725-m5-ultralong-precision,20260917-181757-m5-precision,2026-09-17T18:17:25+00:00,run_start,0,UNOBSERVABLE_HOST,,,b-ultralong8b-1m,precision,,,,,120,m5_quality_mi300x/gsm8k_precision_b-ultralong8b-1m.csv,int8,_server,server_max_model_len_cmd,11813,,,20260917-181757-m5-precision/int8/server.log,,server_paperwork
20261010-075351-f4-rebuild,20260918-061330-m5-b-qwen14b-1m-lossless-v2,20260918-061400-m5-lossless,2026-09-18T06:13:30+00:00,run_start,0,UNOBSERVABLE_HOST,,,b-qwen14b-1m,lossless,,,,,60,m5_quality_mi300x/lossless_b-qwen14b-1m_v2.csv,cpu_lru,_server,server_kv_cache_dtype_cmd,,auto(未指定),,20260918-061400-m5-lossless/cpu_lru/server.log,,server_paperwork
20261010-075351-f4-rebuild,20260918-061330-m5-b-qwen14b-1m-lossless-v2,20260918-061400-m5-lossless,2026-09-18T06:13:30+00:00,run_start,0,UNOBSERVABLE_HOST,,,b-qwen14b-1m,lossless,,,,,60,m5_quality_mi300x/lossless_b-qwen14b-1m_v2.csv,cpu_lru,_server,server_kv_cache_dtype_log,,auto(未出現在 non-default args),,20260918-061400-m5-lossless/cpu_lru/server.log,,server_paperwork
20261010-075351-f4-rebuild,20260918-061330-m5-b-qwen14b-1m-lossless-v2,20260918-061400-m5-lossless,2026-09-18T06:13:30+00:00,run_start,0,UNOBSERVABLE_HOST,,,b-qwen14b-1m,lossless,,,,,60,m5_quality_mi300x/lossless_b-qwen14b-1m_v2.csv,cpu_lru,_server,server_attention_backend_log,,TRITON_ATTN,,20260918-061400-m5-lossless/cpu_lru/server.log,,server_paperwork
20261010-075351-f4-rebuild,20260918-061330-m5-b-qwen14b-1m-lossless-v2,20260918-061400-m5-lossless,2026-09-18T06:13:30+00:00,run_start,0,UNOBSERVABLE_HOST,,,b-qwen14b-1m,lossless,,,,,60,m5_quality_mi300x/lossless_b-qwen14b-1m_v2.csv,cpu_lru,_server,server_gpu_kv_cache_tokens_log,776780.0,,,20260918-061400-m5-lossless/cpu_lru/server.log,,server_paperwork
20261010-075351-f4-rebuild,20260918-061330-m5-b-qwen14b-1m-lossless-v2,20260918-061400-m5-lossless,2026-09-18T06:13:30+00:00,run_start,0,UNOBSERVABLE_HOST,,,b-qwen14b-1m,lossless,,,,,60,m5_quality_mi300x/lossless_b-qwen14b-1m_v2.csv,cpu_lru,_server,server_max_model_len_cmd,13363,,,20260918-061400-m5-lossless/cpu_lru/server.log,,server_paperwork
20261010-075351-f4-rebuild,20260918-061330-m5-b-qwen14b-1m-lossless-v2,20260918-061400-m5-lossless,2026-09-18T06:13:30+00:00,run_start,0,UNOBSERVABLE_HOST,,,b-qwen14b-1m,lossless,,,,,60,m5_quality_mi300x/lossless_b-qwen14b-1m_v2.csv,full_gpu,_server,server_kv_cache_dtype_cmd,,auto(未指定),,20260918-061400-m5-lossless/full_gpu/server.log,,server_paperwork
20261010-075351-f4-rebuild,20260918-061330-m5-b-qwen14b-1m-lossless-v2,20260918-061400-m5-lossless,2026-09-18T06:13:30+00:00,run_start,0,UNOBSERVABLE_HOST,,,b-qwen14b-1m,lossless,,,,,60,m5_quality_mi300x/lossless_b-qwen14b-1m_v2.csv,full_gpu,_server,server_kv_cache_dtype_log,,auto(未出現在 non-default args),,20260918-061400-m5-lossless/full_gpu/server.log,,server_paperwork
20261010-075351-f4-rebuild,20260918-061330-m5-b-qwen14b-1m-lossless-v2,20260918-061400-m5-lossless,2026-09-18T06:13:30+00:00,run_start,0,UNOBSERVABLE_HOST,,,b-qwen14b-1m,lossless,,,,,60,m5_quality_mi300x/lossless_b-qwen14b-1m_v2.csv,full_gpu,_server,server_attention_backend_log,,ROCM_ATTN,,20260918-061400-m5-lossless/full_gpu/server.log,,server_paperwork
20261010-075351-f4-rebuild,20260918-061330-m5-b-qwen14b-1m-lossless-v2,20260918-061400-m5-lossless,2026-09-18T06:13:30+00:00,run_start,0,UNOBSERVABLE_HOST,,,b-qwen14b-1m,lossless,,,,,60,m5_quality_mi300x/lossless_b-qwen14b-1m_v2.csv,full_gpu,_server,server_gpu_kv_cache_tokens_log,776780.0,,,20260918-061400-m5-lossless/full_gpu/server.log,,server_paperwork
20261010-075351-f4-rebuild,20260918-061330-m5-b-qwen14b-1m-lossless-v2,20260918-061400-m5-lossless,2026-09-18T06:13:30+00:00,run_start,0,UNOBSERVABLE_HOST,,,b-qwen14b-1m,lossless,,,,,60,m5_quality_mi300x/lossless_b-qwen14b-1m_v2.csv,full_gpu,_server,server_max_model_len_cmd,13363,,,20260918-061400-m5-lossless/full_gpu/server.log,,server_paperwork
20261010-075351-f4-rebuild,20260918-061330-m5-b-qwen14b-1m-lossless-v2,20260918-061400-m5-lossless,2026-09-18T06:13:30+00:00,run_start,0,UNOBSERVABLE_HOST,,,b-qwen14b-1m,lossless,,,,,60,m5_quality_mi300x/lossless_b-qwen14b-1m_v2.csv,tier_fs,_server,server_kv_cache_dtype_cmd,,auto(未指定),,20260918-061400-m5-lossless/tier_fs/server.log,,server_paperwork
20261010-075351-f4-rebuild,20260918-061330-m5-b-qwen14b-1m-lossless-v2,20260918-061400-m5-lossless,2026-09-18T06:13:30+00:00,run_start,0,UNOBSERVABLE_HOST,,,b-qwen14b-1m,lossless,,,,,60,m5_quality_mi300x/lossless_b-qwen14b-1m_v2.csv,tier_fs,_server,server_kv_cache_dtype_log,,auto(未出現在 non-default args),,20260918-061400-m5-lossless/tier_fs/server.log,,server_paperwork
20261010-075351-f4-rebuild,20260918-061330-m5-b-qwen14b-1m-lossless-v2,20260918-061400-m5-lossless,2026-09-18T06:13:30+00:00,run_start,0,UNOBSERVABLE_HOST,,,b-qwen14b-1m,lossless,,,,,60,m5_quality_mi300x/lossless_b-qwen14b-1m_v2.csv,tier_fs,_server,server_attention_backend_log,,TRITON_ATTN,,20260918-061400-m5-lossless/tier_fs/server.log,,server_paperwork
20261010-075351-f4-rebuild,20260918-061330-m5-b-qwen14b-1m-lossless-v2,20260918-061400-m5-lossless,2026-09-18T06:13:30+00:00,run_start,0,UNOBSERVABLE_HOST,,,b-qwen14b-1m,lossless,,,,,60,m5_quality_mi300x/lossless_b-qwen14b-1m_v2.csv,tier_fs,_server,server_gpu_kv_cache_tokens_log,776780.0,,,20260918-061400-m5-lossless/tier_fs/server.log,,server_paperwork
20261010-075351-f4-rebuild,20260918-061330-m5-b-qwen14b-1m-lossless-v2,20260918-061400-m5-lossless,2026-09-18T06:13:30+00:00,run_start,0,UNOBSERVABLE_HOST,,,b-qwen14b-1m,lossless,,,,,60,m5_quality_mi300x/lossless_b-qwen14b-1m_v2.csv,tier_fs,_server,server_max_model_len_cmd,13363,,,20260918-061400-m5-lossless/tier_fs/server.log,,server_paperwork
20261010-075351-f4-rebuild,20260918-062403-m5-b-mistral-nemo12b-lossless-v2,20260918-062435-m5-lossless,2026-09-18T06:24:03+00:00,run_start,0,UNOBSERVABLE_HOST,,,b-mistral-nemo12b,lossless,,,,,60,m5_quality_mi300x/lossless_b-mistral-nemo12b_v2.csv,cpu_lru,_server,server_kv_cache_dtype_cmd,,auto(未指定),,20260918-062435-m5-lossless/cpu_lru/server.log,,server_paperwork
20261010-075351-f4-rebuild,20260918-062403-m5-b-mistral-nemo12b-lossless-v2,20260918-062435-m5-lossless,2026-09-18T06:24:03+00:00,run_start,0,UNOBSERVABLE_HOST,,,b-mistral-nemo12b,lossless,,,,,60,m5_quality_mi300x/lossless_b-mistral-nemo12b_v2.csv,cpu_lru,_server,server_kv_cache_dtype_log,,auto(未出現在 non-default args),,20260918-062435-m5-lossless/cpu_lru/server.log,,server_paperwork
20261010-075351-f4-rebuild,20260918-062403-m5-b-mistral-nemo12b-lossless-v2,20260918-062435-m5-lossless,2026-09-18T06:24:03+00:00,run_start,0,UNOBSERVABLE_HOST,,,b-mistral-nemo12b,lossless,,,,,60,m5_quality_mi300x/lossless_b-mistral-nemo12b_v2.csv,cpu_lru,_server,server_attention_backend_log,,TRITON_ATTN,,20260918-062435-m5-lossless/cpu_lru/server.log,,server_paperwork
20261010-075351-f4-rebuild,20260918-062403-m5-b-mistral-nemo12b-lossless-v2,20260918-062435-m5-lossless,2026-09-18T06:24:03+00:00,run_start,0,UNOBSERVABLE_HOST,,,b-mistral-nemo12b,lossless,,,,,60,m5_quality_mi300x/lossless_b-mistral-nemo12b_v2.csv,cpu_lru,_server,server_gpu_kv_cache_tokens_log,964340.0,,,20260918-062435-m5-lossless/cpu_lru/server.log,,server_paperwork
20261010-075351-f4-rebuild,20260918-062403-m5-b-mistral-nemo12b-lossless-v2,20260918-062435-m5-lossless,2026-09-18T06:24:03+00:00,run_start,0,UNOBSERVABLE_HOST,,,b-mistral-nemo12b,lossless,,,,,60,m5_quality_mi300x/lossless_b-mistral-nemo12b_v2.csv,cpu_lru,_server,server_max_model_len_cmd,13496,,,20260918-062435-m5-lossless/cpu_lru/server.log,,server_paperwork
20261010-075351-f4-rebuild,20260918-062403-m5-b-mistral-nemo12b-lossless-v2,20260918-062435-m5-lossless,2026-09-18T06:24:03+00:00,run_start,0,UNOBSERVABLE_HOST,,,b-mistral-nemo12b,lossless,,,,,60,m5_quality_mi300x/lossless_b-mistral-nemo12b_v2.csv,full_gpu,_server,server_kv_cache_dtype_cmd,,auto(未指定),,20260918-062435-m5-lossless/full_gpu/server.log,,server_paperwork
20261010-075351-f4-rebuild,20260918-062403-m5-b-mistral-nemo12b-lossless-v2,20260918-062435-m5-lossless,2026-09-18T06:24:03+00:00,run_start,0,UNOBSERVABLE_HOST,,,b-mistral-nemo12b,lossless,,,,,60,m5_quality_mi300x/lossless_b-mistral-nemo12b_v2.csv,full_gpu,_server,server_kv_cache_dtype_log,,auto(未出現在 non-default args),,20260918-062435-m5-lossless/full_gpu/server.log,,server_paperwork
20261010-075351-f4-rebuild,20260918-062403-m5-b-mistral-nemo12b-lossless-v2,20260918-062435-m5-lossless,2026-09-18T06:24:03+00:00,run_start,0,UNOBSERVABLE_HOST,,,b-mistral-nemo12b,lossless,,,,,60,m5_quality_mi300x/lossless_b-mistral-nemo12b_v2.csv,full_gpu,_server,server_attention_backend_log,,ROCM_ATTN,,20260918-062435-m5-lossless/full_gpu/server.log,,server_paperwork
20261010-075351-f4-rebuild,20260918-062403-m5-b-mistral-nemo12b-lossless-v2,20260918-062435-m5-lossless,2026-09-18T06:24:03+00:00,run_start,0,UNOBSERVABLE_HOST,,,b-mistral-nemo12b,lossless,,,,,60,m5_quality_mi300x/lossless_b-mistral-nemo12b_v2.csv,full_gpu,_server,server_gpu_kv_cache_tokens_log,964340.0,,,20260918-062435-m5-lossless/full_gpu/server.log,,server_paperwork
20261010-075351-f4-rebuild,20260918-062403-m5-b-mistral-nemo12b-lossless-v2,20260918-062435-m5-lossless,2026-09-18T06:24:03+00:00,run_start,0,UNOBSERVABLE_HOST,,,b-mistral-nemo12b,lossless,,,,,60,m5_quality_mi300x/lossless_b-mistral-nemo12b_v2.csv,full_gpu,_server,server_max_model_len_cmd,13496,,,20260918-062435-m5-lossless/full_gpu/server.log,,server_paperwork
20261010-075351-f4-rebuild,20260918-062403-m5-b-mistral-nemo12b-lossless-v2,20260918-062435-m5-lossless,2026-09-18T06:24:03+00:00,run_start,0,UNOBSERVABLE_HOST,,,b-mistral-nemo12b,lossless,,,,,60,m5_quality_mi300x/lossless_b-mistral-nemo12b_v2.csv,tier_fs,_server,server_kv_cache_dtype_cmd,,auto(未指定),,20260918-062435-m5-lossless/tier_fs/server.log,,server_paperwork
20261010-075351-f4-rebuild,20260918-062403-m5-b-mistral-nemo12b-lossless-v2,20260918-062435-m5-lossless,2026-09-18T06:24:03+00:00,run_start,0,UNOBSERVABLE_HOST,,,b-mistral-nemo12b,lossless,,,,,60,m5_quality_mi300x/lossless_b-mistral-nemo12b_v2.csv,tier_fs,_server,server_kv_cache_dtype_log,,auto(未出現在 non-default args),,20260918-062435-m5-lossless/tier_fs/server.log,,server_paperwork
20261010-075351-f4-rebuild,20260918-062403-m5-b-mistral-nemo12b-lossless-v2,20260918-062435-m5-lossless,2026-09-18T06:24:03+00:00,run_start,0,UNOBSERVABLE_HOST,,,b-mistral-nemo12b,lossless,,,,,60,m5_quality_mi300x/lossless_b-mistral-nemo12b_v2.csv,tier_fs,_server,server_attention_backend_log,,TRITON_ATTN,,20260918-062435-m5-lossless/tier_fs/server.log,,server_paperwork
20261010-075351-f4-rebuild,20260918-062403-m5-b-mistral-nemo12b-lossless-v2,20260918-062435-m5-lossless,2026-09-18T06:24:03+00:00,run_start,0,UNOBSERVABLE_HOST,,,b-mistral-nemo12b,lossless,,,,,60,m5_quality_mi300x/lossless_b-mistral-nemo12b_v2.csv,tier_fs,_server,server_gpu_kv_cache_tokens_log,964340.0,,,20260918-062435-m5-lossless/tier_fs/server.log,,server_paperwork
20261010-075351-f4-rebuild,20260918-062403-m5-b-mistral-nemo12b-lossless-v2,20260918-062435-m5-lossless,2026-09-18T06:24:03+00:00,run_start,0,UNOBSERVABLE_HOST,,,b-mistral-nemo12b,lossless,,,,,60,m5_quality_mi300x/lossless_b-mistral-nemo12b_v2.csv,tier_fs,_server,server_max_model_len_cmd,13496,,,20260918-062435-m5-lossless/tier_fs/server.log,,server_paperwork
20261010-075351-f4-rebuild,20260917-015936-m5c-b-llama8b-longbench,20260917-020014-m5-longbench,2026-09-17T01:59:36+00:00,run_start,0,UNOBSERVABLE_HOST,"{-1: {'pid': -1, 'first_seen': '2026-09-17T02:04:44.273287+00:00', 'peak_mib': 181355, 'n'","{""-1"": {""pid"": -1, ""first_seen"": ""2026-09-17T02:04:44.273287+00:00"", ""peak_mib"": 181355, """,b-llama8b,longbench,,,32768,25,,m5_quality_mi300x/longbench_precision_b-llama8b.csv,bf16,_server,server_kv_cache_dtype_cmd,,auto(未指定),,20260917-020014-m5-longbench/bf16/server.log,,server_paperwork
20261010-075351-f4-rebuild,20260917-015936-m5c-b-llama8b-longbench,20260917-020014-m5-longbench,2026-09-17T01:59:36+00:00,run_start,0,UNOBSERVABLE_HOST,"{-1: {'pid': -1, 'first_seen': '2026-09-17T02:04:44.273287+00:00', 'peak_mib': 181355, 'n'","{""-1"": {""pid"": -1, ""first_seen"": ""2026-09-17T02:04:44.273287+00:00"", ""peak_mib"": 181355, """,b-llama8b,longbench,,,32768,25,,m5_quality_mi300x/longbench_precision_b-llama8b.csv,bf16,_server,server_kv_cache_dtype_log,,auto(未出現在 non-default args),,20260917-020014-m5-longbench/bf16/server.log,,server_paperwork
20261010-075351-f4-rebuild,20260917-015936-m5c-b-llama8b-longbench,20260917-020014-m5-longbench,2026-09-17T01:59:36+00:00,run_start,0,UNOBSERVABLE_HOST,"{-1: {'pid': -1, 'first_seen': '2026-09-17T02:04:44.273287+00:00', 'peak_mib': 181355, 'n'","{""-1"": {""pid"": -1, ""first_seen"": ""2026-09-17T02:04:44.273287+00:00"", ""peak_mib"": 181355, """,b-llama8b,longbench,,,32768,25,,m5_quality_mi300x/longbench_precision_b-llama8b.csv,bf16,_server,server_attention_backend_log,,ROCM_ATTN,,20260917-020014-m5-longbench/bf16/server.log,,server_paperwork
20261010-075351-f4-rebuild,20260917-015936-m5c-b-llama8b-longbench,20260917-020014-m5-longbench,2026-09-17T01:59:36+00:00,run_start,0,UNOBSERVABLE_HOST,"{-1: {'pid': -1, 'first_seen': '2026-09-17T02:04:44.273287+00:00', 'peak_mib': 181355, 'n'","{""-1"": {""pid"": -1, ""first_seen"": ""2026-09-17T02:04:44.273287+00:00"", ""peak_mib"": 181355, """,b-llama8b,longbench,,,32768,25,,m5_quality_mi300x/longbench_precision_b-llama8b.csv,bf16,_server,server_gpu_kv_cache_tokens_log,1267504.0,,,20260917-020014-m5-longbench/bf16/server.log,,server_paperwork
20261010-075351-f4-rebuild,20260917-015936-m5c-b-llama8b-longbench,20260917-020014-m5-longbench,2026-09-17T01:59:36+00:00,run_start,0,UNOBSERVABLE_HOST,"{-1: {'pid': -1, 'first_seen': '2026-09-17T02:04:44.273287+00:00', 'peak_mib': 181355, 'n'","{""-1"": {""pid"": -1, ""first_seen"": ""2026-09-17T02:04:44.273287+00:00"", ""peak_mib"": 181355, """,b-llama8b,longbench,,,32768,25,,m5_quality_mi300x/longbench_precision_b-llama8b.csv,bf16,_server,server_max_model_len_cmd,32768,,,20260917-020014-m5-longbench/bf16/server.log,,server_paperwork
20261010-075351-f4-rebuild,20260917-015936-m5c-b-llama8b-longbench,20260917-020014-m5-longbench,2026-09-17T01:59:36+00:00,run_start,0,UNOBSERVABLE_HOST,"{-1: {'pid': -1, 'first_seen': '2026-09-17T02:04:44.273287+00:00', 'peak_mib': 181355, 'n'","{""-1"": {""pid"": -1, ""first_seen"": ""2026-09-17T02:04:44.273287+00:00"", ""peak_mib"": 181355, """,b-llama8b,longbench,,,32768,25,,m5_quality_mi300x/longbench_precision_b-llama8b.csv,fp8,_server,server_kv_cache_dtype_cmd,,fp8,,20260917-020014-m5-longbench/fp8/server.log,,server_paperwork
20261010-075351-f4-rebuild,20260917-015936-m5c-b-llama8b-longbench,20260917-020014-m5-longbench,2026-09-17T01:59:36+00:00,run_start,0,UNOBSERVABLE_HOST,"{-1: {'pid': -1, 'first_seen': '2026-09-17T02:04:44.273287+00:00', 'peak_mib': 181355, 'n'","{""-1"": {""pid"": -1, ""first_seen"": ""2026-09-17T02:04:44.273287+00:00"", ""peak_mib"": 181355, """,b-llama8b,longbench,,,32768,25,,m5_quality_mi300x/longbench_precision_b-llama8b.csv,fp8,_server,server_kv_cache_dtype_log,,fp8,,20260917-020014-m5-longbench/fp8/server.log,,server_paperwork
20261010-075351-f4-rebuild,20260917-015936-m5c-b-llama8b-longbench,20260917-020014-m5-longbench,2026-09-17T01:59:36+00:00,run_start,0,UNOBSERVABLE_HOST,"{-1: {'pid': -1, 'first_seen': '2026-09-17T02:04:44.273287+00:00', 'peak_mib': 181355, 'n'","{""-1"": {""pid"": -1, ""first_seen"": ""2026-09-17T02:04:44.273287+00:00"", ""peak_mib"": 181355, """,b-llama8b,longbench,,,32768,25,,m5_quality_mi300x/longbench_precision_b-llama8b.csv,fp8,_server,server_attention_backend_log,,ROCM_ATTN,,20260917-020014-m5-longbench/fp8/server.log,,server_paperwork
20261010-075351-f4-rebuild,20260917-015936-m5c-b-llama8b-longbench,20260917-020014-m5-longbench,2026-09-17T01:59:36+00:00,run_start,0,UNOBSERVABLE_HOST,"{-1: {'pid': -1, 'first_seen': '2026-09-17T02:04:44.273287+00:00', 'peak_mib': 181355, 'n'","{""-1"": {""pid"": -1, ""first_seen"": ""2026-09-17T02:04:44.273287+00:00"", ""peak_mib"": 181355, """,b-llama8b,longbench,,,32768,25,,m5_quality_mi300x/longbench_precision_b-llama8b.csv,fp8,_server,server_gpu_kv_cache_tokens_log,2535008.0,,,20260917-020014-m5-longbench/fp8/server.log,,server_paperwork
20261010-075351-f4-rebuild,20260917-015936-m5c-b-llama8b-longbench,20260917-020014-m5-longbench,2026-09-17T01:59:36+00:00,run_start,0,UNOBSERVABLE_HOST,"{-1: {'pid': -1, 'first_seen': '2026-09-17T02:04:44.273287+00:00', 'peak_mib': 181355, 'n'","{""-1"": {""pid"": -1, ""first_seen"": ""2026-09-17T02:04:44.273287+00:00"", ""peak_mib"": 181355, """,b-llama8b,longbench,,,32768,25,,m5_quality_mi300x/longbench_precision_b-llama8b.csv,fp8,_server,server_max_model_len_cmd,32768,,,20260917-020014-m5-longbench/fp8/server.log,,server_paperwork
20261010-075351-f4-rebuild,20260917-015936-m5c-b-llama8b-longbench,20260917-020014-m5-longbench,2026-09-17T01:59:36+00:00,run_start,0,UNOBSERVABLE_HOST,"{-1: {'pid': -1, 'first_seen': '2026-09-17T02:04:44.273287+00:00', 'peak_mib': 181355, 'n'","{""-1"": {""pid"": -1, ""first_seen"": ""2026-09-17T02:04:44.273287+00:00"", ""peak_mib"": 181355, """,b-llama8b,longbench,,,32768,25,,m5_quality_mi300x/longbench_precision_b-llama8b.csv,fp8_ptk,_server,server_kv_cache_dtype_cmd,,fp8_per_token_head,,20260917-020014-m5-longbench/fp8_ptk/server.log,,server_paperwork
20261010-075351-f4-rebuild,20260917-015936-m5c-b-llama8b-longbench,20260917-020014-m5-longbench,2026-09-17T01:59:36+00:00,run_start,0,UNOBSERVABLE_HOST,"{-1: {'pid': -1, 'first_seen': '2026-09-17T02:04:44.273287+00:00', 'peak_mib': 181355, 'n'","{""-1"": {""pid"": -1, ""first_seen"": ""2026-09-17T02:04:44.273287+00:00"", ""peak_mib"": 181355, """,b-llama8b,longbench,,,32768,25,,m5_quality_mi300x/longbench_precision_b-llama8b.csv,fp8_ptk,_server,server_kv_cache_dtype_log,,fp8_per_token_head,,20260917-020014-m5-longbench/fp8_ptk/server.log,,server_paperwork
20261010-075351-f4-rebuild,20260917-015936-m5c-b-llama8b-longbench,20260917-020014-m5-longbench,2026-09-17T01:59:36+00:00,run_start,0,UNOBSERVABLE_HOST,"{-1: {'pid': -1, 'first_seen': '2026-09-17T02:04:44.273287+00:00', 'peak_mib': 181355, 'n'","{""-1"": {""pid"": -1, ""first_seen"": ""2026-09-17T02:04:44.273287+00:00"", ""peak_mib"": 181355, """,b-llama8b,longbench,,,32768,25,,m5_quality_mi300x/longbench_precision_b-llama8b.csv,fp8_ptk,_server,server_attention_backend_log,,TRITON_ATTN,,20260917-020014-m5-longbench/fp8_ptk/server.log,,server_paperwork
20261010-075351-f4-rebuild,20260917-015936-m5c-b-llama8b-longbench,20260917-020014-m5-longbench,2026-09-17T01:59:36+00:00,run_start,0,UNOBSERVABLE_HOST,"{-1: {'pid': -1, 'first_seen': '2026-09-17T02:04:44.273287+00:00', 'peak_mib': 181355, 'n'","{""-1"": {""pid"": -1, ""first_seen"": ""2026-09-17T02:04:44.273287+00:00"", ""peak_mib"": 181355, """,b-llama8b,longbench,,,32768,25,,m5_quality_mi300x/longbench_precision_b-llama8b.csv,fp8_ptk,_server,server_gpu_kv_cache_tokens_log,2458192.0,,,20260917-020014-m5-longbench/fp8_ptk/server.log,,server_paperwork
20261010-075351-f4-rebuild,20260917-015936-m5c-b-llama8b-longbench,20260917-020014-m5-longbench,2026-09-17T01:59:36+00:00,run_start,0,UNOBSERVABLE_HOST,"{-1: {'pid': -1, 'first_seen': '2026-09-17T02:04:44.273287+00:00', 'peak_mib': 181355, 'n'","{""-1"": {""pid"": -1, ""first_seen"": ""2026-09-17T02:04:44.273287+00:00"", ""peak_mib"": 181355, """,b-llama8b,longbench,,,32768,25,,m5_quality_mi300x/longbench_precision_b-llama8b.csv,fp8_ptk,_server,server_max_model_len_cmd,32768,,,20260917-020014-m5-longbench/fp8_ptk/server.log,,server_paperwork
20261010-075351-f4-rebuild,20260917-015936-m5c-b-llama8b-longbench,20260917-020014-m5-longbench,2026-09-17T01:59:36+00:00,run_start,0,UNOBSERVABLE_HOST,"{-1: {'pid': -1, 'first_seen': '2026-09-17T02:04:44.273287+00:00', 'peak_mib': 181355, 'n'","{""-1"": {""pid"": -1, ""first_seen"": ""2026-09-17T02:04:44.273287+00:00"", ""peak_mib"": 181355, """,b-llama8b,longbench,,,32768,25,,m5_quality_mi300x/longbench_precision_b-llama8b.csv,int4,_server,server_kv_cache_dtype_cmd,,int4_per_token_head,,20260917-020014-m5-longbench/int4/server.log,,server_paperwork
20261010-075351-f4-rebuild,20260917-015936-m5c-b-llama8b-longbench,20260917-020014-m5-longbench,2026-09-17T01:59:36+00:00,run_start,0,UNOBSERVABLE_HOST,"{-1: {'pid': -1, 'first_seen': '2026-09-17T02:04:44.273287+00:00', 'peak_mib': 181355, 'n'","{""-1"": {""pid"": -1, ""first_seen"": ""2026-09-17T02:04:44.273287+00:00"", ""peak_mib"": 181355, """,b-llama8b,longbench,,,32768,25,,m5_quality_mi300x/longbench_precision_b-llama8b.csv,int4,_server,server_kv_cache_dtype_log,,int4_per_token_head,,20260917-020014-m5-longbench/int4/server.log,,server_paperwork
20261010-075351-f4-rebuild,20260917-015936-m5c-b-llama8b-longbench,20260917-020014-m5-longbench,2026-09-17T01:59:36+00:00,run_start,0,UNOBSERVABLE_HOST,"{-1: {'pid': -1, 'first_seen': '2026-09-17T02:04:44.273287+00:00', 'peak_mib': 181355, 'n'","{""-1"": {""pid"": -1, ""first_seen"": ""2026-09-17T02:04:44.273287+00:00"", ""peak_mib"": 181355, """,b-llama8b,longbench,,,32768,25,,m5_quality_mi300x/longbench_precision_b-llama8b.csv,int4,_server,server_attention_backend_log,,TRITON_ATTN,,20260917-020014-m5-longbench/int4/server.log,,server_paperwork
20261010-075351-f4-rebuild,20260917-015936-m5c-b-llama8b-longbench,20260917-020014-m5-longbench,2026-09-17T01:59:36+00:00,run_start,0,UNOBSERVABLE_HOST,"{-1: {'pid': -1, 'first_seen': '2026-09-17T02:04:44.273287+00:00', 'peak_mib': 181355, 'n'","{""-1"": {""pid"": -1, ""first_seen"": ""2026-09-17T02:04:44.273287+00:00"", ""peak_mib"": 181355, """,b-llama8b,longbench,,,32768,25,,m5_quality_mi300x/longbench_precision_b-llama8b.csv,int4,_server,server_gpu_kv_cache_tokens_log,4771792.0,,,20260917-020014-m5-longbench/int4/server.log,,server_paperwork
20261010-075351-f4-rebuild,20260917-015936-m5c-b-llama8b-longbench,20260917-020014-m5-longbench,2026-09-17T01:59:36+00:00,run_start,0,UNOBSERVABLE_HOST,"{-1: {'pid': -1, 'first_seen': '2026-09-17T02:04:44.273287+00:00', 'peak_mib': 181355, 'n'","{""-1"": {""pid"": -1, ""first_seen"": ""2026-09-17T02:04:44.273287+00:00"", ""peak_mib"": 181355, """,b-llama8b,longbench,,,32768,25,,m5_quality_mi300x/longbench_precision_b-llama8b.csv,int4,_server,server_max_model_len_cmd,32768,,,20260917-020014-m5-longbench/int4/server.log,,server_paperwork
20261010-075351-f4-rebuild,20260917-015936-m5c-b-llama8b-longbench,20260917-020014-m5-longbench,2026-09-17T01:59:36+00:00,run_start,0,UNOBSERVABLE_HOST,"{-1: {'pid': -1, 'first_seen': '2026-09-17T02:04:44.273287+00:00', 'peak_mib': 181355, 'n'","{""-1"": {""pid"": -1, ""first_seen"": ""2026-09-17T02:04:44.273287+00:00"", ""peak_mib"": 181355, """,b-llama8b,longbench,,,32768,25,,m5_quality_mi300x/longbench_precision_b-llama8b.csv,int8,_server,server_kv_cache_dtype_cmd,,int8_per_token_head,,20260917-020014-m5-longbench/int8/server.log,,server_paperwork
20261010-075351-f4-rebuild,20260917-015936-m5c-b-llama8b-longbench,20260917-020014-m5-longbench,2026-09-17T01:59:36+00:00,run_start,0,UNOBSERVABLE_HOST,"{-1: {'pid': -1, 'first_seen': '2026-09-17T02:04:44.273287+00:00', 'peak_mib': 181355, 'n'","{""-1"": {""pid"": -1, ""first_seen"": ""2026-09-17T02:04:44.273287+00:00"", ""peak_mib"": 181355, """,b-llama8b,longbench,,,32768,25,,m5_quality_mi300x/longbench_precision_b-llama8b.csv,int8,_server,server_kv_cache_dtype_log,,int8_per_token_head,,20260917-020014-m5-longbench/int8/server.log,,server_paperwork
20261010-075351-f4-rebuild,20260917-015936-m5c-b-llama8b-longbench,20260917-020014-m5-longbench,2026-09-17T01:59:36+00:00,run_start,0,UNOBSERVABLE_HOST,"{-1: {'pid': -1, 'first_seen': '2026-09-17T02:04:44.273287+00:00', 'peak_mib': 181355, 'n'","{""-1"": {""pid"": -1, ""first_seen"": ""2026-09-17T02:04:44.273287+00:00"", ""peak_mib"": 181355, """,b-llama8b,longbench,,,32768,25,,m5_quality_mi300x/longbench_precision_b-llama8b.csv,int8,_server,server_attention_backend_log,,TRITON_ATTN,,20260917-020014-m5-longbench/int8/server.log,,server_paperwork
20261010-075351-f4-rebuild,20260917-015936-m5c-b-llama8b-longbench,20260917-020014-m5-longbench,2026-09-17T01:59:36+00:00,run_start,0,UNOBSERVABLE_HOST,"{-1: {'pid': -1, 'first_seen': '2026-09-17T02:04:44.273287+00:00', 'peak_mib': 181355, 'n'","{""-1"": {""pid"": -1, ""first_seen"": ""2026-09-17T02:04:44.273287+00:00"", ""peak_mib"": 181355, """,b-llama8b,longbench,,,32768,25,,m5_quality_mi300x/longbench_precision_b-llama8b.csv,int8,_server,server_gpu_kv_cache_tokens_log,2458192.0,,,20260917-020014-m5-longbench/int8/server.log,,server_paperwork
20261010-075351-f4-rebuild,20260917-015936-m5c-b-llama8b-longbench,20260917-020014-m5-longbench,2026-09-17T01:59:36+00:00,run_start,0,UNOBSERVABLE_HOST,"{-1: {'pid': -1, 'first_seen': '2026-09-17T02:04:44.273287+00:00', 'peak_mib': 181355, 'n'","{""-1"": {""pid"": -1, ""first_seen"": ""2026-09-17T02:04:44.273287+00:00"", ""peak_mib"": 181355, """,b-llama8b,longbench,,,32768,25,,m5_quality_mi300x/longbench_precision_b-llama8b.csv,int8,_server,server_max_model_len_cmd,32768,,,20260917-020014-m5-longbench/int8/server.log,,server_paperwork
20261010-075351-f4-rebuild,20260917-023056-m5c-b-llama8b-ruler,20260917-023139-m5-ruler,2026-09-17T02:30:56+00:00,run_start,0,UNOBSERVABLE_HOST,"{-1: {'pid': -1, 'first_seen': '2026-09-17T02:36:43.494886+00:00', 'peak_mib': 181953, 'n'","{""-1"": {""pid"": -1, ""first_seen"": ""2026-09-17T02:36:43.494886+00:00"", ""peak_mib"": 181953, """,b-llama8b,ruler,,16384,32768,20,,m5_quality_mi300x/ruler_precision_b-llama8b.csv,bf16,_server,server_kv_cache_dtype_cmd,,auto(未指定),,20260917-023139-m5-ruler/bf16/server.log,,server_paperwork
20261010-075351-f4-rebuild,20260917-023056-m5c-b-llama8b-ruler,20260917-023139-m5-ruler,2026-09-17T02:30:56+00:00,run_start,0,UNOBSERVABLE_HOST,"{-1: {'pid': -1, 'first_seen': '2026-09-17T02:36:43.494886+00:00', 'peak_mib': 181953, 'n'","{""-1"": {""pid"": -1, ""first_seen"": ""2026-09-17T02:36:43.494886+00:00"", ""peak_mib"": 181953, """,b-llama8b,ruler,,16384,32768,20,,m5_quality_mi300x/ruler_precision_b-llama8b.csv,bf16,_server,server_kv_cache_dtype_log,,auto(未出現在 non-default args),,20260917-023139-m5-ruler/bf16/server.log,,server_paperwork
20261010-075351-f4-rebuild,20260917-023056-m5c-b-llama8b-ruler,20260917-023139-m5-ruler,2026-09-17T02:30:56+00:00,run_start,0,UNOBSERVABLE_HOST,"{-1: {'pid': -1, 'first_seen': '2026-09-17T02:36:43.494886+00:00', 'peak_mib': 181953, 'n'","{""-1"": {""pid"": -1, ""first_seen"": ""2026-09-17T02:36:43.494886+00:00"", ""peak_mib"": 181953, """,b-llama8b,ruler,,16384,32768,20,,m5_quality_mi300x/ruler_precision_b-llama8b.csv,bf16,_server,server_attention_backend_log,,ROCM_ATTN,,20260917-023139-m5-ruler/bf16/server.log,,server_paperwork
20261010-075351-f4-rebuild,20260917-023056-m5c-b-llama8b-ruler,20260917-023139-m5-ruler,2026-09-17T02:30:56+00:00,run_start,0,UNOBSERVABLE_HOST,"{-1: {'pid': -1, 'first_seen': '2026-09-17T02:36:43.494886+00:00', 'peak_mib': 181953, 'n'","{""-1"": {""pid"": -1, ""first_seen"": ""2026-09-17T02:36:43.494886+00:00"", ""peak_mib"": 181953, """,b-llama8b,ruler,,16384,32768,20,,m5_quality_mi300x/ruler_precision_b-llama8b.csv,bf16,_server,server_gpu_kv_cache_tokens_log,1267064.0,,,20260917-023139-m5-ruler/bf16/server.log,,server_paperwork
20261010-075351-f4-rebuild,20260917-023056-m5c-b-llama8b-ruler,20260917-023139-m5-ruler,2026-09-17T02:30:56+00:00,run_start,0,UNOBSERVABLE_HOST,"{-1: {'pid': -1, 'first_seen': '2026-09-17T02:36:43.494886+00:00', 'peak_mib': 181953, 'n'","{""-1"": {""pid"": -1, ""first_seen"": ""2026-09-17T02:36:43.494886+00:00"", ""peak_mib"": 181953, """,b-llama8b,ruler,,16384,32768,20,,m5_quality_mi300x/ruler_precision_b-llama8b.csv,bf16,_server,server_max_model_len_cmd,17290,,,20260917-023139-m5-ruler/bf16/server.log,,server_paperwork
20261010-075351-f4-rebuild,20260917-023056-m5c-b-llama8b-ruler,20260917-023139-m5-ruler,2026-09-17T02:30:56+00:00,run_start,0,UNOBSERVABLE_HOST,"{-1: {'pid': -1, 'first_seen': '2026-09-17T02:36:43.494886+00:00', 'peak_mib': 181953, 'n'","{""-1"": {""pid"": -1, ""first_seen"": ""2026-09-17T02:36:43.494886+00:00"", ""peak_mib"": 181953, """,b-llama8b,ruler,,16384,32768,20,,m5_quality_mi300x/ruler_precision_b-llama8b.csv,fp8,_server,server_kv_cache_dtype_cmd,,fp8,,20260917-023139-m5-ruler/fp8/server.log,,server_paperwork
20261010-075351-f4-rebuild,20260917-023056-m5c-b-llama8b-ruler,20260917-023139-m5-ruler,2026-09-17T02:30:56+00:00,run_start,0,UNOBSERVABLE_HOST,"{-1: {'pid': -1, 'first_seen': '2026-09-17T02:36:43.494886+00:00', 'peak_mib': 181953, 'n'","{""-1"": {""pid"": -1, ""first_seen"": ""2026-09-17T02:36:43.494886+00:00"", ""peak_mib"": 181953, """,b-llama8b,ruler,,16384,32768,20,,m5_quality_mi300x/ruler_precision_b-llama8b.csv,fp8,_server,server_kv_cache_dtype_log,,fp8,,20260917-023139-m5-ruler/fp8/server.log,,server_paperwork
20261010-075351-f4-rebuild,20260917-023056-m5c-b-llama8b-ruler,20260917-023139-m5-ruler,2026-09-17T02:30:56+00:00,run_start,0,UNOBSERVABLE_HOST,"{-1: {'pid': -1, 'first_seen': '2026-09-17T02:36:43.494886+00:00', 'peak_mib': 181953, 'n'","{""-1"": {""pid"": -1, ""first_seen"": ""2026-09-17T02:36:43.494886+00:00"", ""peak_mib"": 181953, """,b-llama8b,ruler,,16384,32768,20,,m5_quality_mi300x/ruler_precision_b-llama8b.csv,fp8,_server,server_attention_backend_log,,ROCM_ATTN,,20260917-023139-m5-ruler/fp8/server.log,,server_paperwork
20261010-075351-f4-rebuild,20260917-023056-m5c-b-llama8b-ruler,20260917-023139-m5-ruler,2026-09-17T02:30:56+00:00,run_start,0,UNOBSERVABLE_HOST,"{-1: {'pid': -1, 'first_seen': '2026-09-17T02:36:43.494886+00:00', 'peak_mib': 181953, 'n'","{""-1"": {""pid"": -1, ""first_seen"": ""2026-09-17T02:36:43.494886+00:00"", ""peak_mib"": 181953, """,b-llama8b,ruler,,16384,32768,20,,m5_quality_mi300x/ruler_precision_b-llama8b.csv,fp8,_server,server_gpu_kv_cache_tokens_log,2534128.0,,,20260917-023139-m5-ruler/fp8/server.log,,server_paperwork
20261010-075351-f4-rebuild,20260917-023056-m5c-b-llama8b-ruler,20260917-023139-m5-ruler,2026-09-17T02:30:56+00:00,run_start,0,UNOBSERVABLE_HOST,"{-1: {'pid': -1, 'first_seen': '2026-09-17T02:36:43.494886+00:00', 'peak_mib': 181953, 'n'","{""-1"": {""pid"": -1, ""first_seen"": ""2026-09-17T02:36:43.494886+00:00"", ""peak_mib"": 181953, """,b-llama8b,ruler,,16384,32768,20,,m5_quality_mi300x/ruler_precision_b-llama8b.csv,fp8,_server,server_max_model_len_cmd,17290,,,20260917-023139-m5-ruler/fp8/server.log,,server_paperwork
20261010-075351-f4-rebuild,20260917-023056-m5c-b-llama8b-ruler,20260917-023139-m5-ruler,2026-09-17T02:30:56+00:00,run_start,0,UNOBSERVABLE_HOST,"{-1: {'pid': -1, 'first_seen': '2026-09-17T02:36:43.494886+00:00', 'peak_mib': 181953, 'n'","{""-1"": {""pid"": -1, ""first_seen"": ""2026-09-17T02:36:43.494886+00:00"", ""peak_mib"": 181953, """,b-llama8b,ruler,,16384,32768,20,,m5_quality_mi300x/ruler_precision_b-llama8b.csv,fp8_ptk,_server,server_kv_cache_dtype_cmd,,fp8_per_token_head,,20260917-023139-m5-ruler/fp8_ptk/server.log,,server_paperwork
20261010-075351-f4-rebuild,20260917-023056-m5c-b-llama8b-ruler,20260917-023139-m5-ruler,2026-09-17T02:30:56+00:00,run_start,0,UNOBSERVABLE_HOST,"{-1: {'pid': -1, 'first_seen': '2026-09-17T02:36:43.494886+00:00', 'peak_mib': 181953, 'n'","{""-1"": {""pid"": -1, ""first_seen"": ""2026-09-17T02:36:43.494886+00:00"", ""peak_mib"": 181953, """,b-llama8b,ruler,,16384,32768,20,,m5_quality_mi300x/ruler_precision_b-llama8b.csv,fp8_ptk,_server,server_kv_cache_dtype_log,,fp8_per_token_head,,20260917-023139-m5-ruler/fp8_ptk/server.log,,server_paperwork
20261010-075351-f4-rebuild,20260917-023056-m5c-b-llama8b-ruler,20260917-023139-m5-ruler,2026-09-17T02:30:56+00:00,run_start,0,UNOBSERVABLE_HOST,"{-1: {'pid': -1, 'first_seen': '2026-09-17T02:36:43.494886+00:00', 'peak_mib': 181953, 'n'","{""-1"": {""pid"": -1, ""first_seen"": ""2026-09-17T02:36:43.494886+00:00"", ""peak_mib"": 181953, """,b-llama8b,ruler,,16384,32768,20,,m5_quality_mi300x/ruler_precision_b-llama8b.csv,fp8_ptk,_server,server_attention_backend_log,,TRITON_ATTN,,20260917-023139-m5-ruler/fp8_ptk/server.log,,server_paperwork
20261010-075351-f4-rebuild,20260917-023056-m5c-b-llama8b-ruler,20260917-023139-m5-ruler,2026-09-17T02:30:56+00:00,run_start,0,UNOBSERVABLE_HOST,"{-1: {'pid': -1, 'first_seen': '2026-09-17T02:36:43.494886+00:00', 'peak_mib': 181953, 'n'","{""-1"": {""pid"": -1, ""first_seen"": ""2026-09-17T02:36:43.494886+00:00"", ""peak_mib"": 181953, """,b-llama8b,ruler,,16384,32768,20,,m5_quality_mi300x/ruler_precision_b-llama8b.csv,fp8_ptk,_server,server_gpu_kv_cache_tokens_log,2457339.0,,,20260917-023139-m5-ruler/fp8_ptk/server.log,,server_paperwork
20261010-075351-f4-rebuild,20260917-023056-m5c-b-llama8b-ruler,20260917-023139-m5-ruler,2026-09-17T02:30:56+00:00,run_start,0,UNOBSERVABLE_HOST,"{-1: {'pid': -1, 'first_seen': '2026-09-17T02:36:43.494886+00:00', 'peak_mib': 181953, 'n'","{""-1"": {""pid"": -1, ""first_seen"": ""2026-09-17T02:36:43.494886+00:00"", ""peak_mib"": 181953, """,b-llama8b,ruler,,16384,32768,20,,m5_quality_mi300x/ruler_precision_b-llama8b.csv,fp8_ptk,_server,server_max_model_len_cmd,17290,,,20260917-023139-m5-ruler/fp8_ptk/server.log,,server_paperwork
20261010-075351-f4-rebuild,20260917-023056-m5c-b-llama8b-ruler,20260917-023139-m5-ruler,2026-09-17T02:30:56+00:00,run_start,0,UNOBSERVABLE_HOST,"{-1: {'pid': -1, 'first_seen': '2026-09-17T02:36:43.494886+00:00', 'peak_mib': 181953, 'n'","{""-1"": {""pid"": -1, ""first_seen"": ""2026-09-17T02:36:43.494886+00:00"", ""peak_mib"": 181953, """,b-llama8b,ruler,,16384,32768,20,,m5_quality_mi300x/ruler_precision_b-llama8b.csv,int4,_server,server_kv_cache_dtype_cmd,,int4_per_token_head,,20260917-023139-m5-ruler/int4/server.log,,server_paperwork
20261010-075351-f4-rebuild,20260917-023056-m5c-b-llama8b-ruler,20260917-023139-m5-ruler,2026-09-17T02:30:56+00:00,run_start,0,UNOBSERVABLE_HOST,"{-1: {'pid': -1, 'first_seen': '2026-09-17T02:36:43.494886+00:00', 'peak_mib': 181953, 'n'","{""-1"": {""pid"": -1, ""first_seen"": ""2026-09-17T02:36:43.494886+00:00"", ""peak_mib"": 181953, """,b-llama8b,ruler,,16384,32768,20,,m5_quality_mi300x/ruler_precision_b-llama8b.csv,int4,_server,server_kv_cache_dtype_log,,int4_per_token_head,,20260917-023139-m5-ruler/int4/server.log,,server_paperwork
20261010-075351-f4-rebuild,20260917-023056-m5c-b-llama8b-ruler,20260917-023139-m5-ruler,2026-09-17T02:30:56+00:00,run_start,0,UNOBSERVABLE_HOST,"{-1: {'pid': -1, 'first_seen': '2026-09-17T02:36:43.494886+00:00', 'peak_mib': 181953, 'n'","{""-1"": {""pid"": -1, ""first_seen"": ""2026-09-17T02:36:43.494886+00:00"", ""peak_mib"": 181953, """,b-llama8b,ruler,,16384,32768,20,,m5_quality_mi300x/ruler_precision_b-llama8b.csv,int4,_server,server_attention_backend_log,,TRITON_ATTN,,20260917-023139-m5-ruler/int4/server.log,,server_paperwork
20261010-075351-f4-rebuild,20260917-023056-m5c-b-llama8b-ruler,20260917-023139-m5-ruler,2026-09-17T02:30:56+00:00,run_start,0,UNOBSERVABLE_HOST,"{-1: {'pid': -1, 'first_seen': '2026-09-17T02:36:43.494886+00:00', 'peak_mib': 181953, 'n'","{""-1"": {""pid"": -1, ""first_seen"": ""2026-09-17T02:36:43.494886+00:00"", ""peak_mib"": 181953, """,b-llama8b,ruler,,16384,32768,20,,m5_quality_mi300x/ruler_precision_b-llama8b.csv,int4,_server,server_gpu_kv_cache_tokens_log,4770136.0,,,20260917-023139-m5-ruler/int4/server.log,,server_paperwork
20261010-075351-f4-rebuild,20260917-023056-m5c-b-llama8b-ruler,20260917-023139-m5-ruler,2026-09-17T02:30:56+00:00,run_start,0,UNOBSERVABLE_HOST,"{-1: {'pid': -1, 'first_seen': '2026-09-17T02:36:43.494886+00:00', 'peak_mib': 181953, 'n'","{""-1"": {""pid"": -1, ""first_seen"": ""2026-09-17T02:36:43.494886+00:00"", ""peak_mib"": 181953, """,b-llama8b,ruler,,16384,32768,20,,m5_quality_mi300x/ruler_precision_b-llama8b.csv,int4,_server,server_max_model_len_cmd,17290,,,20260917-023139-m5-ruler/int4/server.log,,server_paperwork
20261010-075351-f4-rebuild,20260917-023056-m5c-b-llama8b-ruler,20260917-023139-m5-ruler,2026-09-17T02:30:56+00:00,run_start,0,UNOBSERVABLE_HOST,"{-1: {'pid': -1, 'first_seen': '2026-09-17T02:36:43.494886+00:00', 'peak_mib': 181953, 'n'","{""-1"": {""pid"": -1, ""first_seen"": ""2026-09-17T02:36:43.494886+00:00"", ""peak_mib"": 181953, """,b-llama8b,ruler,,16384,32768,20,,m5_quality_mi300x/ruler_precision_b-llama8b.csv,int8,_server,server_kv_cache_dtype_cmd,,int8_per_token_head,,20260917-023139-m5-ruler/int8/server.log,,server_paperwork
20261010-075351-f4-rebuild,20260917-023056-m5c-b-llama8b-ruler,20260917-023139-m5-ruler,2026-09-17T02:30:56+00:00,run_start,0,UNOBSERVABLE_HOST,"{-1: {'pid': -1, 'first_seen': '2026-09-17T02:36:43.494886+00:00', 'peak_mib': 181953, 'n'","{""-1"": {""pid"": -1, ""first_seen"": ""2026-09-17T02:36:43.494886+00:00"", ""peak_mib"": 181953, """,b-llama8b,ruler,,16384,32768,20,,m5_quality_mi300x/ruler_precision_b-llama8b.csv,int8,_server,server_kv_cache_dtype_log,,int8_per_token_head,,20260917-023139-m5-ruler/int8/server.log,,server_paperwork
20261010-075351-f4-rebuild,20260917-023056-m5c-b-llama8b-ruler,20260917-023139-m5-ruler,2026-09-17T02:30:56+00:00,run_start,0,UNOBSERVABLE_HOST,"{-1: {'pid': -1, 'first_seen': '2026-09-17T02:36:43.494886+00:00', 'peak_mib': 181953, 'n'","{""-1"": {""pid"": -1, ""first_seen"": ""2026-09-17T02:36:43.494886+00:00"", ""peak_mib"": 181953, """,b-llama8b,ruler,,16384,32768,20,,m5_quality_mi300x/ruler_precision_b-llama8b.csv,int8,_server,server_attention_backend_log,,TRITON_ATTN,,20260917-023139-m5-ruler/int8/server.log,,server_paperwork
20261010-075351-f4-rebuild,20260917-023056-m5c-b-llama8b-ruler,20260917-023139-m5-ruler,2026-09-17T02:30:56+00:00,run_start,0,UNOBSERVABLE_HOST,"{-1: {'pid': -1, 'first_seen': '2026-09-17T02:36:43.494886+00:00', 'peak_mib': 181953, 'n'","{""-1"": {""pid"": -1, ""first_seen"": ""2026-09-17T02:36:43.494886+00:00"", ""peak_mib"": 181953, """,b-llama8b,ruler,,16384,32768,20,,m5_quality_mi300x/ruler_precision_b-llama8b.csv,int8,_server,server_gpu_kv_cache_tokens_log,2457339.0,,,20260917-023139-m5-ruler/int8/server.log,,server_paperwork
20261010-075351-f4-rebuild,20260917-023056-m5c-b-llama8b-ruler,20260917-023139-m5-ruler,2026-09-17T02:30:56+00:00,run_start,0,UNOBSERVABLE_HOST,"{-1: {'pid': -1, 'first_seen': '2026-09-17T02:36:43.494886+00:00', 'peak_mib': 181953, 'n'","{""-1"": {""pid"": -1, ""first_seen"": ""2026-09-17T02:36:43.494886+00:00"", ""peak_mib"": 181953, """,b-llama8b,ruler,,16384,32768,20,,m5_quality_mi300x/ruler_precision_b-llama8b.csv,int8,_server,server_max_model_len_cmd,17290,,,20260917-023139-m5-ruler/int8/server.log,,server_paperwork
20261010-075351-f4-rebuild,20260917-031114-m5c-b-qwen14b-1m-longbench,20260917-031150-m5-longbench,2026-09-17T03:11:14+00:00,run_start,0,UNOBSERVABLE_HOST,"{-1: {'pid': -1, 'first_seen': '2026-09-17T03:18:35.302366+00:00', 'peak_mib': 179969, 'n'","{""-1"": {""pid"": -1, ""first_seen"": ""2026-09-17T03:18:35.302366+00:00"", ""peak_mib"": 179969, """,b-qwen14b-1m,longbench,,,32768,25,,m5_quality_mi300x/longbench_precision_b-qwen14b-1m.csv,bf16,_server,server_kv_cache_dtype_cmd,,auto(未指定),,20260917-031150-m5-longbench/bf16/server.log,,server_paperwork
20261010-075351-f4-rebuild,20260917-031114-m5c-b-qwen14b-1m-longbench,20260917-031150-m5-longbench,2026-09-17T03:11:14+00:00,run_start,0,UNOBSERVABLE_HOST,"{-1: {'pid': -1, 'first_seen': '2026-09-17T03:18:35.302366+00:00', 'peak_mib': 179969, 'n'","{""-1"": {""pid"": -1, ""first_seen"": ""2026-09-17T03:18:35.302366+00:00"", ""peak_mib"": 179969, """,b-qwen14b-1m,longbench,,,32768,25,,m5_quality_mi300x/longbench_precision_b-qwen14b-1m.csv,bf16,_server,server_kv_cache_dtype_log,,auto(未出現在 non-default args),,20260917-031150-m5-longbench/bf16/server.log,,server_paperwork
20261010-075351-f4-rebuild,20260917-031114-m5c-b-qwen14b-1m-longbench,20260917-031150-m5-longbench,2026-09-17T03:11:14+00:00,run_start,0,UNOBSERVABLE_HOST,"{-1: {'pid': -1, 'first_seen': '2026-09-17T03:18:35.302366+00:00', 'peak_mib': 179969, 'n'","{""-1"": {""pid"": -1, ""first_seen"": ""2026-09-17T03:18:35.302366+00:00"", ""peak_mib"": 179969, """,b-qwen14b-1m,longbench,,,32768,25,,m5_quality_mi300x/longbench_precision_b-qwen14b-1m.csv,bf16,_server,server_attention_backend_log,,ROCM_ATTN,,20260917-031150-m5-longbench/bf16/server.log,,server_paperwork
20261010-075351-f4-rebuild,20260917-031114-m5c-b-qwen14b-1m-longbench,20260917-031150-m5-longbench,2026-09-17T03:11:14+00:00,run_start,0,UNOBSERVABLE_HOST,"{-1: {'pid': -1, 'first_seen': '2026-09-17T03:18:35.302366+00:00', 'peak_mib': 179969, 'n'","{""-1"": {""pid"": -1, ""first_seen"": ""2026-09-17T03:18:35.302366+00:00"", ""peak_mib"": 179969, """,b-qwen14b-1m,longbench,,,32768,25,,m5_quality_mi300x/longbench_precision_b-qwen14b-1m.csv,bf16,_server,server_gpu_kv_cache_tokens_log,769664.0,,,20260917-031150-m5-longbench/bf16/server.log,,server_paperwork
20261010-075351-f4-rebuild,20260917-031114-m5c-b-qwen14b-1m-longbench,20260917-031150-m5-longbench,2026-09-17T03:11:14+00:00,run_start,0,UNOBSERVABLE_HOST,"{-1: {'pid': -1, 'first_seen': '2026-09-17T03:18:35.302366+00:00', 'peak_mib': 179969, 'n'","{""-1"": {""pid"": -1, ""first_seen"": ""2026-09-17T03:18:35.302366+00:00"", ""peak_mib"": 179969, """,b-qwen14b-1m,longbench,,,32768,25,,m5_quality_mi300x/longbench_precision_b-qwen14b-1m.csv,bf16,_server,server_max_model_len_cmd,32768,,,20260917-031150-m5-longbench/bf16/server.log,,server_paperwork
20261010-075351-f4-rebuild,20260917-031114-m5c-b-qwen14b-1m-longbench,20260917-031150-m5-longbench,2026-09-17T03:11:14+00:00,run_start,0,UNOBSERVABLE_HOST,"{-1: {'pid': -1, 'first_seen': '2026-09-17T03:18:35.302366+00:00', 'peak_mib': 179969, 'n'","{""-1"": {""pid"": -1, ""first_seen"": ""2026-09-17T03:18:35.302366+00:00"", ""peak_mib"": 179969, """,b-qwen14b-1m,longbench,,,32768,25,,m5_quality_mi300x/longbench_precision_b-qwen14b-1m.csv,fp8,_server,server_kv_cache_dtype_cmd,,fp8,,20260917-031150-m5-longbench/fp8/server.log,,server_paperwork
20261010-075351-f4-rebuild,20260917-031114-m5c-b-qwen14b-1m-longbench,20260917-031150-m5-longbench,2026-09-17T03:11:14+00:00,run_start,0,UNOBSERVABLE_HOST,"{-1: {'pid': -1, 'first_seen': '2026-09-17T03:18:35.302366+00:00', 'peak_mib': 179969, 'n'","{""-1"": {""pid"": -1, ""first_seen"": ""2026-09-17T03:18:35.302366+00:00"", ""peak_mib"": 179969, """,b-qwen14b-1m,longbench,,,32768,25,,m5_quality_mi300x/longbench_precision_b-qwen14b-1m.csv,fp8,_server,server_kv_cache_dtype_log,,fp8,,20260917-031150-m5-longbench/fp8/server.log,,server_paperwork
20261010-075351-f4-rebuild,20260917-031114-m5c-b-qwen14b-1m-longbench,20260917-031150-m5-longbench,2026-09-17T03:11:14+00:00,run_start,0,UNOBSERVABLE_HOST,"{-1: {'pid': -1, 'first_seen': '2026-09-17T03:18:35.302366+00:00', 'peak_mib': 179969, 'n'","{""-1"": {""pid"": -1, ""first_seen"": ""2026-09-17T03:18:35.302366+00:00"", ""peak_mib"": 179969, """,b-qwen14b-1m,longbench,,,32768,25,,m5_quality_mi300x/longbench_precision_b-qwen14b-1m.csv,fp8,_server,server_attention_backend_log,,ROCM_ATTN,,20260917-031150-m5-longbench/fp8/server.log,,server_paperwork
20261010-075351-f4-rebuild,20260917-031114-m5c-b-qwen14b-1m-longbench,20260917-031150-m5-longbench,2026-09-17T03:11:14+00:00,run_start,0,UNOBSERVABLE_HOST,"{-1: {'pid': -1, 'first_seen': '2026-09-17T03:18:35.302366+00:00', 'peak_mib': 179969, 'n'","{""-1"": {""pid"": -1, ""first_seen"": ""2026-09-17T03:18:35.302366+00:00"", ""peak_mib"": 179969, """,b-qwen14b-1m,longbench,,,32768,25,,m5_quality_mi300x/longbench_precision_b-qwen14b-1m.csv,fp8,_server,server_gpu_kv_cache_tokens_log,1539328.0,,,20260917-031150-m5-longbench/fp8/server.log,,server_paperwork
20261010-075351-f4-rebuild,20260917-031114-m5c-b-qwen14b-1m-longbench,20260917-031150-m5-longbench,2026-09-17T03:11:14+00:00,run_start,0,UNOBSERVABLE_HOST,"{-1: {'pid': -1, 'first_seen': '2026-09-17T03:18:35.302366+00:00', 'peak_mib': 179969, 'n'","{""-1"": {""pid"": -1, ""first_seen"": ""2026-09-17T03:18:35.302366+00:00"", ""peak_mib"": 179969, """,b-qwen14b-1m,longbench,,,32768,25,,m5_quality_mi300x/longbench_precision_b-qwen14b-1m.csv,fp8,_server,server_max_model_len_cmd,32768,,,20260917-031150-m5-longbench/fp8/server.log,,server_paperwork
20261010-075351-f4-rebuild,20260917-031114-m5c-b-qwen14b-1m-longbench,20260917-031150-m5-longbench,2026-09-17T03:11:14+00:00,run_start,0,UNOBSERVABLE_HOST,"{-1: {'pid': -1, 'first_seen': '2026-09-17T03:18:35.302366+00:00', 'peak_mib': 179969, 'n'","{""-1"": {""pid"": -1, ""first_seen"": ""2026-09-17T03:18:35.302366+00:00"", ""peak_mib"": 179969, """,b-qwen14b-1m,longbench,,,32768,25,,m5_quality_mi300x/longbench_precision_b-qwen14b-1m.csv,fp8_ptk,_server,server_kv_cache_dtype_cmd,,fp8_per_token_head,,20260917-031150-m5-longbench/fp8_ptk/server.log,,server_paperwork
20261010-075351-f4-rebuild,20260917-031114-m5c-b-qwen14b-1m-longbench,20260917-031150-m5-longbench,2026-09-17T03:11:14+00:00,run_start,0,UNOBSERVABLE_HOST,"{-1: {'pid': -1, 'first_seen': '2026-09-17T03:18:35.302366+00:00', 'peak_mib': 179969, 'n'","{""-1"": {""pid"": -1, ""first_seen"": ""2026-09-17T03:18:35.302366+00:00"", ""peak_mib"": 179969, """,b-qwen14b-1m,longbench,,,32768,25,,m5_quality_mi300x/longbench_precision_b-qwen14b-1m.csv,fp8_ptk,_server,server_kv_cache_dtype_log,,fp8_per_token_head,,20260917-031150-m5-longbench/fp8_ptk/server.log,,server_paperwork
20261010-075351-f4-rebuild,20260917-031114-m5c-b-qwen14b-1m-longbench,20260917-031150-m5-longbench,2026-09-17T03:11:14+00:00,run_start,0,UNOBSERVABLE_HOST,"{-1: {'pid': -1, 'first_seen': '2026-09-17T03:18:35.302366+00:00', 'peak_mib': 179969, 'n'","{""-1"": {""pid"": -1, ""first_seen"": ""2026-09-17T03:18:35.302366+00:00"", ""peak_mib"": 179969, """,b-qwen14b-1m,longbench,,,32768,25,,m5_quality_mi300x/longbench_precision_b-qwen14b-1m.csv,fp8_ptk,_server,server_attention_backend_log,,TRITON_ATTN,,20260917-031150-m5-longbench/fp8_ptk/server.log,,server_paperwork
20261010-075351-f4-rebuild,20260917-031114-m5c-b-qwen14b-1m-longbench,20260917-031150-m5-longbench,2026-09-17T03:11:14+00:00,run_start,0,UNOBSERVABLE_HOST,"{-1: {'pid': -1, 'first_seen': '2026-09-17T03:18:35.302366+00:00', 'peak_mib': 179969, 'n'","{""-1"": {""pid"": -1, ""first_seen"": ""2026-09-17T03:18:35.302366+00:00"", ""peak_mib"": 179969, """,b-qwen14b-1m,longbench,,,32768,25,,m5_quality_mi300x/longbench_precision_b-qwen14b-1m.csv,fp8_ptk,_server,server_gpu_kv_cache_tokens_log,1492688.0,,,20260917-031150-m5-longbench/fp8_ptk/server.log,,server_paperwork
20261010-075351-f4-rebuild,20260917-031114-m5c-b-qwen14b-1m-longbench,20260917-031150-m5-longbench,2026-09-17T03:11:14+00:00,run_start,0,UNOBSERVABLE_HOST,"{-1: {'pid': -1, 'first_seen': '2026-09-17T03:18:35.302366+00:00', 'peak_mib': 179969, 'n'","{""-1"": {""pid"": -1, ""first_seen"": ""2026-09-17T03:18:35.302366+00:00"", ""peak_mib"": 179969, """,b-qwen14b-1m,longbench,,,32768,25,,m5_quality_mi300x/longbench_precision_b-qwen14b-1m.csv,fp8_ptk,_server,server_max_model_len_cmd,32768,,,20260917-031150-m5-longbench/fp8_ptk/server.log,,server_paperwork
20261010-075351-f4-rebuild,20260917-031114-m5c-b-qwen14b-1m-longbench,20260917-031150-m5-longbench,2026-09-17T03:11:14+00:00,run_start,0,UNOBSERVABLE_HOST,"{-1: {'pid': -1, 'first_seen': '2026-09-17T03:18:35.302366+00:00', 'peak_mib': 179969, 'n'","{""-1"": {""pid"": -1, ""first_seen"": ""2026-09-17T03:18:35.302366+00:00"", ""peak_mib"": 179969, """,b-qwen14b-1m,longbench,,,32768,25,,m5_quality_mi300x/longbench_precision_b-qwen14b-1m.csv,int4,_server,server_kv_cache_dtype_cmd,,int4_per_token_head,,20260917-031150-m5-longbench/int4/server.log,,server_paperwork
20261010-075351-f4-rebuild,20260917-031114-m5c-b-qwen14b-1m-longbench,20260917-031150-m5-longbench,2026-09-17T03:11:14+00:00,run_start,0,UNOBSERVABLE_HOST,"{-1: {'pid': -1, 'first_seen': '2026-09-17T03:18:35.302366+00:00', 'peak_mib': 179969, 'n'","{""-1"": {""pid"": -1, ""first_seen"": ""2026-09-17T03:18:35.302366+00:00"", ""peak_mib"": 179969, """,b-qwen14b-1m,longbench,,,32768,25,,m5_quality_mi300x/longbench_precision_b-qwen14b-1m.csv,int4,_server,server_kv_cache_dtype_log,,int4_per_token_head,,20260917-031150-m5-longbench/int4/server.log,,server_paperwork
20261010-075351-f4-rebuild,20260917-031114-m5c-b-qwen14b-1m-longbench,20260917-031150-m5-longbench,2026-09-17T03:11:14+00:00,run_start,0,UNOBSERVABLE_HOST,"{-1: {'pid': -1, 'first_seen': '2026-09-17T03:18:35.302366+00:00', 'peak_mib': 179969, 'n'","{""-1"": {""pid"": -1, ""first_seen"": ""2026-09-17T03:18:35.302366+00:00"", ""peak_mib"": 179969, """,b-qwen14b-1m,longbench,,,32768,25,,m5_quality_mi300x/longbench_precision_b-qwen14b-1m.csv,int4,_server,server_attention_backend_log,,TRITON_ATTN,,20260917-031150-m5-longbench/int4/server.log,,server_paperwork
20261010-075351-f4-rebuild,20260917-031114-m5c-b-qwen14b-1m-longbench,20260917-031150-m5-longbench,2026-09-17T03:11:14+00:00,run_start,0,UNOBSERVABLE_HOST,"{-1: {'pid': -1, 'first_seen': '2026-09-17T03:18:35.302366+00:00', 'peak_mib': 179969, 'n'","{""-1"": {""pid"": -1, ""first_seen"": ""2026-09-17T03:18:35.302366+00:00"", ""peak_mib"": 179969, """,b-qwen14b-1m,longbench,,,32768,25,,m5_quality_mi300x/longbench_precision_b-qwen14b-1m.csv,int4,_server,server_gpu_kv_cache_tokens_log,2897568.0,,,20260917-031150-m5-longbench/int4/server.log,,server_paperwork
20261010-075351-f4-rebuild,20260917-031114-m5c-b-qwen14b-1m-longbench,20260917-031150-m5-longbench,2026-09-17T03:11:14+00:00,run_start,0,UNOBSERVABLE_HOST,"{-1: {'pid': -1, 'first_seen': '2026-09-17T03:18:35.302366+00:00', 'peak_mib': 179969, 'n'","{""-1"": {""pid"": -1, ""first_seen"": ""2026-09-17T03:18:35.302366+00:00"", ""peak_mib"": 179969, """,b-qwen14b-1m,longbench,,,32768,25,,m5_quality_mi300x/longbench_precision_b-qwen14b-1m.csv,int4,_server,server_max_model_len_cmd,32768,,,20260917-031150-m5-longbench/int4/server.log,,server_paperwork
20261010-075351-f4-rebuild,20260917-031114-m5c-b-qwen14b-1m-longbench,20260917-031150-m5-longbench,2026-09-17T03:11:14+00:00,run_start,0,UNOBSERVABLE_HOST,"{-1: {'pid': -1, 'first_seen': '2026-09-17T03:18:35.302366+00:00', 'peak_mib': 179969, 'n'","{""-1"": {""pid"": -1, ""first_seen"": ""2026-09-17T03:18:35.302366+00:00"", ""peak_mib"": 179969, """,b-qwen14b-1m,longbench,,,32768,25,,m5_quality_mi300x/longbench_precision_b-qwen14b-1m.csv,int8,_server,server_kv_cache_dtype_cmd,,int8_per_token_head,,20260917-031150-m5-longbench/int8/server.log,,server_paperwork
20261010-075351-f4-rebuild,20260917-031114-m5c-b-qwen14b-1m-longbench,20260917-031150-m5-longbench,2026-09-17T03:11:14+00:00,run_start,0,UNOBSERVABLE_HOST,"{-1: {'pid': -1, 'first_seen': '2026-09-17T03:18:35.302366+00:00', 'peak_mib': 179969, 'n'","{""-1"": {""pid"": -1, ""first_seen"": ""2026-09-17T03:18:35.302366+00:00"", ""peak_mib"": 179969, """,b-qwen14b-1m,longbench,,,32768,25,,m5_quality_mi300x/longbench_precision_b-qwen14b-1m.csv,int8,_server,server_kv_cache_dtype_log,,int8_per_token_head,,20260917-031150-m5-longbench/int8/server.log,,server_paperwork
20261010-075351-f4-rebuild,20260917-031114-m5c-b-qwen14b-1m-longbench,20260917-031150-m5-longbench,2026-09-17T03:11:14+00:00,run_start,0,UNOBSERVABLE_HOST,"{-1: {'pid': -1, 'first_seen': '2026-09-17T03:18:35.302366+00:00', 'peak_mib': 179969, 'n'","{""-1"": {""pid"": -1, ""first_seen"": ""2026-09-17T03:18:35.302366+00:00"", ""peak_mib"": 179969, """,b-qwen14b-1m,longbench,,,32768,25,,m5_quality_mi300x/longbench_precision_b-qwen14b-1m.csv,int8,_server,server_attention_backend_log,,TRITON_ATTN,,20260917-031150-m5-longbench/int8/server.log,,server_paperwork
20261010-075351-f4-rebuild,20260917-031114-m5c-b-qwen14b-1m-longbench,20260917-031150-m5-longbench,2026-09-17T03:11:14+00:00,run_start,0,UNOBSERVABLE_HOST,"{-1: {'pid': -1, 'first_seen': '2026-09-17T03:18:35.302366+00:00', 'peak_mib': 179969, 'n'","{""-1"": {""pid"": -1, ""first_seen"": ""2026-09-17T03:18:35.302366+00:00"", ""peak_mib"": 179969, """,b-qwen14b-1m,longbench,,,32768,25,,m5_quality_mi300x/longbench_precision_b-qwen14b-1m.csv,int8,_server,server_gpu_kv_cache_tokens_log,1492688.0,,,20260917-031150-m5-longbench/int8/server.log,,server_paperwork
20261010-075351-f4-rebuild,20260917-031114-m5c-b-qwen14b-1m-longbench,20260917-031150-m5-longbench,2026-09-17T03:11:14+00:00,run_start,0,UNOBSERVABLE_HOST,"{-1: {'pid': -1, 'first_seen': '2026-09-17T03:18:35.302366+00:00', 'peak_mib': 179969, 'n'","{""-1"": {""pid"": -1, ""first_seen"": ""2026-09-17T03:18:35.302366+00:00"", ""peak_mib"": 179969, """,b-qwen14b-1m,longbench,,,32768,25,,m5_quality_mi300x/longbench_precision_b-qwen14b-1m.csv,int8,_server,server_max_model_len_cmd,32768,,,20260917-031150-m5-longbench/int8/server.log,,server_paperwork
20261010-075351-f4-rebuild,20260917-040050-m5c-b-qwen14b-1m-ruler,20260917-040129-m5-ruler,2026-09-17T04:00:50+00:00,run_start,0,UNOBSERVABLE_HOST,"{-1: {'pid': -1, 'first_seen': '2026-09-17T04:07:41.565378+00:00', 'peak_mib': 179327, 'n'","{""-1"": {""pid"": -1, ""first_seen"": ""2026-09-17T04:07:41.565378+00:00"", ""peak_mib"": 179327, """,b-qwen14b-1m,ruler,,16384,32768,20,,m5_quality_mi300x/ruler_precision_b-qwen14b-1m.csv,bf16,_server,server_kv_cache_dtype_cmd,,auto(未指定),,20260917-040129-m5-ruler/bf16/server.log,,server_paperwork
20261010-075351-f4-rebuild,20260917-040050-m5c-b-qwen14b-1m-ruler,20260917-040129-m5-ruler,2026-09-17T04:00:50+00:00,run_start,0,UNOBSERVABLE_HOST,"{-1: {'pid': -1, 'first_seen': '2026-09-17T04:07:41.565378+00:00', 'peak_mib': 179327, 'n'","{""-1"": {""pid"": -1, ""first_seen"": ""2026-09-17T04:07:41.565378+00:00"", ""peak_mib"": 179327, """,b-qwen14b-1m,ruler,,16384,32768,20,,m5_quality_mi300x/ruler_precision_b-qwen14b-1m.csv,bf16,_server,server_kv_cache_dtype_log,,auto(未出現在 non-default args),,20260917-040129-m5-ruler/bf16/server.log,,server_paperwork
20261010-075351-f4-rebuild,20260917-040050-m5c-b-qwen14b-1m-ruler,20260917-040129-m5-ruler,2026-09-17T04:00:50+00:00,run_start,0,UNOBSERVABLE_HOST,"{-1: {'pid': -1, 'first_seen': '2026-09-17T04:07:41.565378+00:00', 'peak_mib': 179327, 'n'","{""-1"": {""pid"": -1, ""first_seen"": ""2026-09-17T04:07:41.565378+00:00"", ""peak_mib"": 179327, """,b-qwen14b-1m,ruler,,16384,32768,20,,m5_quality_mi300x/ruler_precision_b-qwen14b-1m.csv,bf16,_server,server_attention_backend_log,,ROCM_ATTN,,20260917-040129-m5-ruler/bf16/server.log,,server_paperwork
20261010-075351-f4-rebuild,20260917-040050-m5c-b-qwen14b-1m-ruler,20260917-040129-m5-ruler,2026-09-17T04:00:50+00:00,run_start,0,UNOBSERVABLE_HOST,"{-1: {'pid': -1, 'first_seen': '2026-09-17T04:07:41.565378+00:00', 'peak_mib': 179327, 'n'","{""-1"": {""pid"": -1, ""first_seen"": ""2026-09-17T04:07:41.565378+00:00"", ""peak_mib"": 179327, """,b-qwen14b-1m,ruler,,16384,32768,20,,m5_quality_mi300x/ruler_precision_b-qwen14b-1m.csv,bf16,_server,server_gpu_kv_cache_tokens_log,769263.0,,,20260917-040129-m5-ruler/bf16/server.log,,server_paperwork
20261010-075351-f4-rebuild,20260917-040050-m5c-b-qwen14b-1m-ruler,20260917-040129-m5-ruler,2026-09-17T04:00:50+00:00,run_start,0,UNOBSERVABLE_HOST,"{-1: {'pid': -1, 'first_seen': '2026-09-17T04:07:41.565378+00:00', 'peak_mib': 179327, 'n'","{""-1"": {""pid"": -1, ""first_seen"": ""2026-09-17T04:07:41.565378+00:00"", ""peak_mib"": 179327, """,b-qwen14b-1m,ruler,,16384,32768,20,,m5_quality_mi300x/ruler_precision_b-qwen14b-1m.csv,bf16,_server,server_max_model_len_cmd,17287,,,20260917-040129-m5-ruler/bf16/server.log,,server_paperwork
20261010-075351-f4-rebuild,20260917-040050-m5c-b-qwen14b-1m-ruler,20260917-040129-m5-ruler,2026-09-17T04:00:50+00:00,run_start,0,UNOBSERVABLE_HOST,"{-1: {'pid': -1, 'first_seen': '2026-09-17T04:07:41.565378+00:00', 'peak_mib': 179327, 'n'","{""-1"": {""pid"": -1, ""first_seen"": ""2026-09-17T04:07:41.565378+00:00"", ""peak_mib"": 179327, """,b-qwen14b-1m,ruler,,16384,32768,20,,m5_quality_mi300x/ruler_precision_b-qwen14b-1m.csv,fp8,_server,server_kv_cache_dtype_cmd,,fp8,,20260917-040129-m5-ruler/fp8/server.log,,server_paperwork
20261010-075351-f4-rebuild,20260917-040050-m5c-b-qwen14b-1m-ruler,20260917-040129-m5-ruler,2026-09-17T04:00:50+00:00,run_start,0,UNOBSERVABLE_HOST,"{-1: {'pid': -1, 'first_seen': '2026-09-17T04:07:41.565378+00:00', 'peak_mib': 179327, 'n'","{""-1"": {""pid"": -1, ""first_seen"": ""2026-09-17T04:07:41.565378+00:00"", ""peak_mib"": 179327, """,b-qwen14b-1m,ruler,,16384,32768,20,,m5_quality_mi300x/ruler_precision_b-qwen14b-1m.csv,fp8,_server,server_kv_cache_dtype_log,,fp8,,20260917-040129-m5-ruler/fp8/server.log,,server_paperwork
20261010-075351-f4-rebuild,20260917-040050-m5c-b-qwen14b-1m-ruler,20260917-040129-m5-ruler,2026-09-17T04:00:50+00:00,run_start,0,UNOBSERVABLE_HOST,"{-1: {'pid': -1, 'first_seen': '2026-09-17T04:07:41.565378+00:00', 'peak_mib': 179327, 'n'","{""-1"": {""pid"": -1, ""first_seen"": ""2026-09-17T04:07:41.565378+00:00"", ""peak_mib"": 179327, """,b-qwen14b-1m,ruler,,16384,32768,20,,m5_quality_mi300x/ruler_precision_b-qwen14b-1m.csv,fp8,_server,server_attention_backend_log,,ROCM_ATTN,,20260917-040129-m5-ruler/fp8/server.log,,server_paperwork
20261010-075351-f4-rebuild,20260917-040050-m5c-b-qwen14b-1m-ruler,20260917-040129-m5-ruler,2026-09-17T04:00:50+00:00,run_start,0,UNOBSERVABLE_HOST,"{-1: {'pid': -1, 'first_seen': '2026-09-17T04:07:41.565378+00:00', 'peak_mib': 179327, 'n'","{""-1"": {""pid"": -1, ""first_seen"": ""2026-09-17T04:07:41.565378+00:00"", ""peak_mib"": 179327, """,b-qwen14b-1m,ruler,,16384,32768,20,,m5_quality_mi300x/ruler_precision_b-qwen14b-1m.csv,fp8,_server,server_gpu_kv_cache_tokens_log,1538527.0,,,20260917-040129-m5-ruler/fp8/server.log,,server_paperwork
20261010-075351-f4-rebuild,20260917-040050-m5c-b-qwen14b-1m-ruler,20260917-040129-m5-ruler,2026-09-17T04:00:50+00:00,run_start,0,UNOBSERVABLE_HOST,"{-1: {'pid': -1, 'first_seen': '2026-09-17T04:07:41.565378+00:00', 'peak_mib': 179327, 'n'","{""-1"": {""pid"": -1, ""first_seen"": ""2026-09-17T04:07:41.565378+00:00"", ""peak_mib"": 179327, """,b-qwen14b-1m,ruler,,16384,32768,20,,m5_quality_mi300x/ruler_precision_b-qwen14b-1m.csv,fp8,_server,server_max_model_len_cmd,17287,,,20260917-040129-m5-ruler/fp8/server.log,,server_paperwork
20261010-075351-f4-rebuild,20260917-040050-m5c-b-qwen14b-1m-ruler,20260917-040129-m5-ruler,2026-09-17T04:00:50+00:00,run_start,0,UNOBSERVABLE_HOST,"{-1: {'pid': -1, 'first_seen': '2026-09-17T04:07:41.565378+00:00', 'peak_mib': 179327, 'n'","{""-1"": {""pid"": -1, ""first_seen"": ""2026-09-17T04:07:41.565378+00:00"", ""peak_mib"": 179327, """,b-qwen14b-1m,ruler,,16384,32768,20,,m5_quality_mi300x/ruler_precision_b-qwen14b-1m.csv,fp8_ptk,_server,server_kv_cache_dtype_cmd,,fp8_per_token_head,,20260917-040129-m5-ruler/fp8_ptk/server.log,,server_paperwork
20261010-075351-f4-rebuild,20260917-040050-m5c-b-qwen14b-1m-ruler,20260917-040129-m5-ruler,2026-09-17T04:00:50+00:00,run_start,0,UNOBSERVABLE_HOST,"{-1: {'pid': -1, 'first_seen': '2026-09-17T04:07:41.565378+00:00', 'peak_mib': 179327, 'n'","{""-1"": {""pid"": -1, ""first_seen"": ""2026-09-17T04:07:41.565378+00:00"", ""peak_mib"": 179327, """,b-qwen14b-1m,ruler,,16384,32768,20,,m5_quality_mi300x/ruler_precision_b-qwen14b-1m.csv,fp8_ptk,_server,server_kv_cache_dtype_log,,fp8_per_token_head,,20260917-040129-m5-ruler/fp8_ptk/server.log,,server_paperwork
20261010-075351-f4-rebuild,20260917-040050-m5c-b-qwen14b-1m-ruler,20260917-040129-m5-ruler,2026-09-17T04:00:50+00:00,run_start,0,UNOBSERVABLE_HOST,"{-1: {'pid': -1, 'first_seen': '2026-09-17T04:07:41.565378+00:00', 'peak_mib': 179327, 'n'","{""-1"": {""pid"": -1, ""first_seen"": ""2026-09-17T04:07:41.565378+00:00"", ""peak_mib"": 179327, """,b-qwen14b-1m,ruler,,16384,32768,20,,m5_quality_mi300x/ruler_precision_b-qwen14b-1m.csv,fp8_ptk,_server,server_attention_backend_log,,TRITON_ATTN,,20260917-040129-m5-ruler/fp8_ptk/server.log,,server_paperwork
20261010-075351-f4-rebuild,20260917-040050-m5c-b-qwen14b-1m-ruler,20260917-040129-m5-ruler,2026-09-17T04:00:50+00:00,run_start,0,UNOBSERVABLE_HOST,"{-1: {'pid': -1, 'first_seen': '2026-09-17T04:07:41.565378+00:00', 'peak_mib': 179327, 'n'","{""-1"": {""pid"": -1, ""first_seen"": ""2026-09-17T04:07:41.565378+00:00"", ""peak_mib"": 179327, """,b-qwen14b-1m,ruler,,16384,32768,20,,m5_quality_mi300x/ruler_precision_b-qwen14b-1m.csv,fp8_ptk,_server,server_gpu_kv_cache_tokens_log,1491911.0,,,20260917-040129-m5-ruler/fp8_ptk/server.log,,server_paperwork
20261010-075351-f4-rebuild,20260917-040050-m5c-b-qwen14b-1m-ruler,20260917-040129-m5-ruler,2026-09-17T04:00:50+00:00,run_start,0,UNOBSERVABLE_HOST,"{-1: {'pid': -1, 'first_seen': '2026-09-17T04:07:41.565378+00:00', 'peak_mib': 179327, 'n'","{""-1"": {""pid"": -1, ""first_seen"": ""2026-09-17T04:07:41.565378+00:00"", ""peak_mib"": 179327, """,b-qwen14b-1m,ruler,,16384,32768,20,,m5_quality_mi300x/ruler_precision_b-qwen14b-1m.csv,fp8_ptk,_server,server_max_model_len_cmd,17287,,,20260917-040129-m5-ruler/fp8_ptk/server.log,,server_paperwork
20261010-075351-f4-rebuild,20260917-040050-m5c-b-qwen14b-1m-ruler,20260917-040129-m5-ruler,2026-09-17T04:00:50+00:00,run_start,0,UNOBSERVABLE_HOST,"{-1: {'pid': -1, 'first_seen': '2026-09-17T04:07:41.565378+00:00', 'peak_mib': 179327, 'n'","{""-1"": {""pid"": -1, ""first_seen"": ""2026-09-17T04:07:41.565378+00:00"", ""peak_mib"": 179327, """,b-qwen14b-1m,ruler,,16384,32768,20,,m5_quality_mi300x/ruler_precision_b-qwen14b-1m.csv,int4,_server,server_kv_cache_dtype_cmd,,int4_per_token_head,,20260917-040129-m5-ruler/int4/server.log,,server_paperwork
20261010-075351-f4-rebuild,20260917-040050-m5c-b-qwen14b-1m-ruler,20260917-040129-m5-ruler,2026-09-17T04:00:50+00:00,run_start,0,UNOBSERVABLE_HOST,"{-1: {'pid': -1, 'first_seen': '2026-09-17T04:07:41.565378+00:00', 'peak_mib': 179327, 'n'","{""-1"": {""pid"": -1, ""first_seen"": ""2026-09-17T04:07:41.565378+00:00"", ""peak_mib"": 179327, """,b-qwen14b-1m,ruler,,16384,32768,20,,m5_quality_mi300x/ruler_precision_b-qwen14b-1m.csv,int4,_server,server_kv_cache_dtype_log,,int4_per_token_head,,20260917-040129-m5-ruler/int4/server.log,,server_paperwork
20261010-075351-f4-rebuild,20260917-040050-m5c-b-qwen14b-1m-ruler,20260917-040129-m5-ruler,2026-09-17T04:00:50+00:00,run_start,0,UNOBSERVABLE_HOST,"{-1: {'pid': -1, 'first_seen': '2026-09-17T04:07:41.565378+00:00', 'peak_mib': 179327, 'n'","{""-1"": {""pid"": -1, ""first_seen"": ""2026-09-17T04:07:41.565378+00:00"", ""peak_mib"": 179327, """,b-qwen14b-1m,ruler,,16384,32768,20,,m5_quality_mi300x/ruler_precision_b-qwen14b-1m.csv,int4,_server,server_attention_backend_log,,TRITON_ATTN,,20260917-040129-m5-ruler/int4/server.log,,server_paperwork
20261010-075351-f4-rebuild,20260917-040050-m5c-b-qwen14b-1m-ruler,20260917-040129-m5-ruler,2026-09-17T04:00:50+00:00,run_start,0,UNOBSERVABLE_HOST,"{-1: {'pid': -1, 'first_seen': '2026-09-17T04:07:41.565378+00:00', 'peak_mib': 179327, 'n'","{""-1"": {""pid"": -1, ""first_seen"": ""2026-09-17T04:07:41.565378+00:00"", ""peak_mib"": 179327, """,b-qwen14b-1m,ruler,,16384,32768,20,,m5_quality_mi300x/ruler_precision_b-qwen14b-1m.csv,int4,_server,server_gpu_kv_cache_tokens_log,2896060.0,,,20260917-040129-m5-ruler/int4/server.log,,server_paperwork
20261010-075351-f4-rebuild,20260917-040050-m5c-b-qwen14b-1m-ruler,20260917-040129-m5-ruler,2026-09-17T04:00:50+00:00,run_start,0,UNOBSERVABLE_HOST,"{-1: {'pid': -1, 'first_seen': '2026-09-17T04:07:41.565378+00:00', 'peak_mib': 179327, 'n'","{""-1"": {""pid"": -1, ""first_seen"": ""2026-09-17T04:07:41.565378+00:00"", ""peak_mib"": 179327, """,b-qwen14b-1m,ruler,,16384,32768,20,,m5_quality_mi300x/ruler_precision_b-qwen14b-1m.csv,int4,_server,server_max_model_len_cmd,17287,,,20260917-040129-m5-ruler/int4/server.log,,server_paperwork
20261010-075351-f4-rebuild,20260917-040050-m5c-b-qwen14b-1m-ruler,20260917-040129-m5-ruler,2026-09-17T04:00:50+00:00,run_start,0,UNOBSERVABLE_HOST,"{-1: {'pid': -1, 'first_seen': '2026-09-17T04:07:41.565378+00:00', 'peak_mib': 179327, 'n'","{""-1"": {""pid"": -1, ""first_seen"": ""2026-09-17T04:07:41.565378+00:00"", ""peak_mib"": 179327, """,b-qwen14b-1m,ruler,,16384,32768,20,,m5_quality_mi300x/ruler_precision_b-qwen14b-1m.csv,int8,_server,server_kv_cache_dtype_cmd,,int8_per_token_head,,20260917-040129-m5-ruler/int8/server.log,,server_paperwork
20261010-075351-f4-rebuild,20260917-040050-m5c-b-qwen14b-1m-ruler,20260917-040129-m5-ruler,2026-09-17T04:00:50+00:00,run_start,0,UNOBSERVABLE_HOST,"{-1: {'pid': -1, 'first_seen': '2026-09-17T04:07:41.565378+00:00', 'peak_mib': 179327, 'n'","{""-1"": {""pid"": -1, ""first_seen"": ""2026-09-17T04:07:41.565378+00:00"", ""peak_mib"": 179327, """,b-qwen14b-1m,ruler,,16384,32768,20,,m5_quality_mi300x/ruler_precision_b-qwen14b-1m.csv,int8,_server,server_kv_cache_dtype_log,,int8_per_token_head,,20260917-040129-m5-ruler/int8/server.log,,server_paperwork
20261010-075351-f4-rebuild,20260917-040050-m5c-b-qwen14b-1m-ruler,20260917-040129-m5-ruler,2026-09-17T04:00:50+00:00,run_start,0,UNOBSERVABLE_HOST,"{-1: {'pid': -1, 'first_seen': '2026-09-17T04:07:41.565378+00:00', 'peak_mib': 179327, 'n'","{""-1"": {""pid"": -1, ""first_seen"": ""2026-09-17T04:07:41.565378+00:00"", ""peak_mib"": 179327, """,b-qwen14b-1m,ruler,,16384,32768,20,,m5_quality_mi300x/ruler_precision_b-qwen14b-1m.csv,int8,_server,server_attention_backend_log,,TRITON_ATTN,,20260917-040129-m5-ruler/int8/server.log,,server_paperwork
20261010-075351-f4-rebuild,20260917-040050-m5c-b-qwen14b-1m-ruler,20260917-040129-m5-ruler,2026-09-17T04:00:50+00:00,run_start,0,UNOBSERVABLE_HOST,"{-1: {'pid': -1, 'first_seen': '2026-09-17T04:07:41.565378+00:00', 'peak_mib': 179327, 'n'","{""-1"": {""pid"": -1, ""first_seen"": ""2026-09-17T04:07:41.565378+00:00"", ""peak_mib"": 179327, """,b-qwen14b-1m,ruler,,16384,32768,20,,m5_quality_mi300x/ruler_precision_b-qwen14b-1m.csv,int8,_server,server_gpu_kv_cache_tokens_log,1491911.0,,,20260917-040129-m5-ruler/int8/server.log,,server_paperwork
20261010-075351-f4-rebuild,20260917-040050-m5c-b-qwen14b-1m-ruler,20260917-040129-m5-ruler,2026-09-17T04:00:50+00:00,run_start,0,UNOBSERVABLE_HOST,"{-1: {'pid': -1, 'first_seen': '2026-09-17T04:07:41.565378+00:00', 'peak_mib': 179327, 'n'","{""-1"": {""pid"": -1, ""first_seen"": ""2026-09-17T04:07:41.565378+00:00"", ""peak_mib"": 179327, """,b-qwen14b-1m,ruler,,16384,32768,20,,m5_quality_mi300x/ruler_precision_b-qwen14b-1m.csv,int8,_server,server_max_model_len_cmd,17287,,,20260917-040129-m5-ruler/int8/server.log,,server_paperwork
20261010-075351-f4-rebuild,20260917-045616-m5c-b-seedoss36b-longbench,20260917-045654-m5-longbench,2026-09-17T04:56:16+00:00,run_start,0,UNOBSERVABLE_HOST,"{-1: {'pid': -1, 'first_seen': '2026-09-17T05:12:34.114990+00:00', 'peak_mib': 185893, 'n'","{""-1"": {""pid"": -1, ""first_seen"": ""2026-09-17T05:12:34.114990+00:00"", ""peak_mib"": 185893, """,b-seedoss36b,longbench,,,32768,25,,m5_quality_mi300x/longbench_precision_b-seedoss36b.csv,bf16,_server,server_kv_cache_dtype_cmd,,auto(未指定),,20260917-045654-m5-longbench/bf16/server.log,,server_paperwork
20261010-075351-f4-rebuild,20260917-045616-m5c-b-seedoss36b-longbench,20260917-045654-m5-longbench,2026-09-17T04:56:16+00:00,run_start,0,UNOBSERVABLE_HOST,"{-1: {'pid': -1, 'first_seen': '2026-09-17T05:12:34.114990+00:00', 'peak_mib': 185893, 'n'","{""-1"": {""pid"": -1, ""first_seen"": ""2026-09-17T05:12:34.114990+00:00"", ""peak_mib"": 185893, """,b-seedoss36b,longbench,,,32768,25,,m5_quality_mi300x/longbench_precision_b-seedoss36b.csv,bf16,_server,server_kv_cache_dtype_log,,auto(未出現在 non-default args),,20260917-045654-m5-longbench/bf16/server.log,,server_paperwork
20261010-075351-f4-rebuild,20260917-045616-m5c-b-seedoss36b-longbench,20260917-045654-m5-longbench,2026-09-17T04:56:16+00:00,run_start,0,UNOBSERVABLE_HOST,"{-1: {'pid': -1, 'first_seen': '2026-09-17T05:12:34.114990+00:00', 'peak_mib': 185893, 'n'","{""-1"": {""pid"": -1, ""first_seen"": ""2026-09-17T05:12:34.114990+00:00"", ""peak_mib"": 185893, """,b-seedoss36b,longbench,,,32768,25,,m5_quality_mi300x/longbench_precision_b-seedoss36b.csv,bf16,_server,server_attention_backend_log,,ROCM_ATTN,,20260917-045654-m5-longbench/bf16/server.log,,server_paperwork
20261010-075351-f4-rebuild,20260917-045616-m5c-b-seedoss36b-longbench,20260917-045654-m5-longbench,2026-09-17T04:56:16+00:00,run_start,0,UNOBSERVABLE_HOST,"{-1: {'pid': -1, 'first_seen': '2026-09-17T05:12:34.114990+00:00', 'peak_mib': 185893, 'n'","{""-1"": {""pid"": -1, ""first_seen"": ""2026-09-17T05:12:34.114990+00:00"", ""peak_mib"": 185893, """,b-seedoss36b,longbench,,,32768,25,,m5_quality_mi300x/longbench_precision_b-seedoss36b.csv,bf16,_server,server_gpu_kv_cache_tokens_log,413632.0,,,20260917-045654-m5-longbench/bf16/server.log,,server_paperwork
20261010-075351-f4-rebuild,20260917-045616-m5c-b-seedoss36b-longbench,20260917-045654-m5-longbench,2026-09-17T04:56:16+00:00,run_start,0,UNOBSERVABLE_HOST,"{-1: {'pid': -1, 'first_seen': '2026-09-17T05:12:34.114990+00:00', 'peak_mib': 185893, 'n'","{""-1"": {""pid"": -1, ""first_seen"": ""2026-09-17T05:12:34.114990+00:00"", ""peak_mib"": 185893, """,b-seedoss36b,longbench,,,32768,25,,m5_quality_mi300x/longbench_precision_b-seedoss36b.csv,bf16,_server,server_max_model_len_cmd,32768,,,20260917-045654-m5-longbench/bf16/server.log,,server_paperwork
20261010-075351-f4-rebuild,20260917-045616-m5c-b-seedoss36b-longbench,20260917-045654-m5-longbench,2026-09-17T04:56:16+00:00,run_start,0,UNOBSERVABLE_HOST,"{-1: {'pid': -1, 'first_seen': '2026-09-17T05:12:34.114990+00:00', 'peak_mib': 185893, 'n'","{""-1"": {""pid"": -1, ""first_seen"": ""2026-09-17T05:12:34.114990+00:00"", ""peak_mib"": 185893, """,b-seedoss36b,longbench,,,32768,25,,m5_quality_mi300x/longbench_precision_b-seedoss36b.csv,fp8,_server,server_kv_cache_dtype_cmd,,fp8,,20260917-045654-m5-longbench/fp8/server.log,,server_paperwork
20261010-075351-f4-rebuild,20260917-045616-m5c-b-seedoss36b-longbench,20260917-045654-m5-longbench,2026-09-17T04:56:16+00:00,run_start,0,UNOBSERVABLE_HOST,"{-1: {'pid': -1, 'first_seen': '2026-09-17T05:12:34.114990+00:00', 'peak_mib': 185893, 'n'","{""-1"": {""pid"": -1, ""first_seen"": ""2026-09-17T05:12:34.114990+00:00"", ""peak_mib"": 185893, """,b-seedoss36b,longbench,,,32768,25,,m5_quality_mi300x/longbench_precision_b-seedoss36b.csv,fp8,_server,server_kv_cache_dtype_log,,fp8,,20260917-045654-m5-longbench/fp8/server.log,,server_paperwork
20261010-075351-f4-rebuild,20260917-045616-m5c-b-seedoss36b-longbench,20260917-045654-m5-longbench,2026-09-17T04:56:16+00:00,run_start,0,UNOBSERVABLE_HOST,"{-1: {'pid': -1, 'first_seen': '2026-09-17T05:12:34.114990+00:00', 'peak_mib': 185893, 'n'","{""-1"": {""pid"": -1, ""first_seen"": ""2026-09-17T05:12:34.114990+00:00"", ""peak_mib"": 185893, """,b-seedoss36b,longbench,,,32768,25,,m5_quality_mi300x/longbench_precision_b-seedoss36b.csv,fp8,_server,server_attention_backend_log,,ROCM_ATTN,,20260917-045654-m5-longbench/fp8/server.log,,server_paperwork
20261010-075351-f4-rebuild,20260917-045616-m5c-b-seedoss36b-longbench,20260917-045654-m5-longbench,2026-09-17T04:56:16+00:00,run_start,0,UNOBSERVABLE_HOST,"{-1: {'pid': -1, 'first_seen': '2026-09-17T05:12:34.114990+00:00', 'peak_mib': 185893, 'n'","{""-1"": {""pid"": -1, ""first_seen"": ""2026-09-17T05:12:34.114990+00:00"", ""peak_mib"": 185893, """,b-seedoss36b,longbench,,,32768,25,,m5_quality_mi300x/longbench_precision_b-seedoss36b.csv,fp8,_server,server_gpu_kv_cache_tokens_log,827264.0,,,20260917-045654-m5-longbench/fp8/server.log,,server_paperwork
20261010-075351-f4-rebuild,20260917-045616-m5c-b-seedoss36b-longbench,20260917-045654-m5-longbench,2026-09-17T04:56:16+00:00,run_start,0,UNOBSERVABLE_HOST,"{-1: {'pid': -1, 'first_seen': '2026-09-17T05:12:34.114990+00:00', 'peak_mib': 185893, 'n'","{""-1"": {""pid"": -1, ""first_seen"": ""2026-09-17T05:12:34.114990+00:00"", ""peak_mib"": 185893, """,b-seedoss36b,longbench,,,32768,25,,m5_quality_mi300x/longbench_precision_b-seedoss36b.csv,fp8,_server,server_max_model_len_cmd,32768,,,20260917-045654-m5-longbench/fp8/server.log,,server_paperwork
20261010-075351-f4-rebuild,20260917-045616-m5c-b-seedoss36b-longbench,20260917-045654-m5-longbench,2026-09-17T04:56:16+00:00,run_start,0,UNOBSERVABLE_HOST,"{-1: {'pid': -1, 'first_seen': '2026-09-17T05:12:34.114990+00:00', 'peak_mib': 185893, 'n'","{""-1"": {""pid"": -1, ""first_seen"": ""2026-09-17T05:12:34.114990+00:00"", ""peak_mib"": 185893, """,b-seedoss36b,longbench,,,32768,25,,m5_quality_mi300x/longbench_precision_b-seedoss36b.csv,fp8_ptk,_server,server_kv_cache_dtype_cmd,,fp8_per_token_head,,20260917-045654-m5-longbench/fp8_ptk/server.log,,server_paperwork
20261010-075351-f4-rebuild,20260917-045616-m5c-b-seedoss36b-longbench,20260917-045654-m5-longbench,2026-09-17T04:56:16+00:00,run_start,0,UNOBSERVABLE_HOST,"{-1: {'pid': -1, 'first_seen': '2026-09-17T05:12:34.114990+00:00', 'peak_mib': 185893, 'n'","{""-1"": {""pid"": -1, ""first_seen"": ""2026-09-17T05:12:34.114990+00:00"", ""peak_mib"": 185893, """,b-seedoss36b,longbench,,,32768,25,,m5_quality_mi300x/longbench_precision_b-seedoss36b.csv,fp8_ptk,_server,server_kv_cache_dtype_log,,fp8_per_token_head,,20260917-045654-m5-longbench/fp8_ptk/server.log,,server_paperwork
20261010-075351-f4-rebuild,20260917-045616-m5c-b-seedoss36b-longbench,20260917-045654-m5-longbench,2026-09-17T04:56:16+00:00,run_start,0,UNOBSERVABLE_HOST,"{-1: {'pid': -1, 'first_seen': '2026-09-17T05:12:34.114990+00:00', 'peak_mib': 185893, 'n'","{""-1"": {""pid"": -1, ""first_seen"": ""2026-09-17T05:12:34.114990+00:00"", ""peak_mib"": 185893, """,b-seedoss36b,longbench,,,32768,25,,m5_quality_mi300x/longbench_precision_b-seedoss36b.csv,fp8_ptk,_server,server_attention_backend_log,,TRITON_ATTN,,20260917-045654-m5-longbench/fp8_ptk/server.log,,server_paperwork
20261010-075351-f4-rebuild,20260917-045616-m5c-b-seedoss36b-longbench,20260917-045654-m5-longbench,2026-09-17T04:56:16+00:00,run_start,0,UNOBSERVABLE_HOST,"{-1: {'pid': -1, 'first_seen': '2026-09-17T05:12:34.114990+00:00', 'peak_mib': 185893, 'n'","{""-1"": {""pid"": -1, ""first_seen"": ""2026-09-17T05:12:34.114990+00:00"", ""peak_mib"": 185893, """,b-seedoss36b,longbench,,,32768,25,,m5_quality_mi300x/longbench_precision_b-seedoss36b.csv,fp8_ptk,_server,server_gpu_kv_cache_tokens_log,802192.0,,,20260917-045654-m5-longbench/fp8_ptk/server.log,,server_paperwork
20261010-075351-f4-rebuild,20260917-045616-m5c-b-seedoss36b-longbench,20260917-045654-m5-longbench,2026-09-17T04:56:16+00:00,run_start,0,UNOBSERVABLE_HOST,"{-1: {'pid': -1, 'first_seen': '2026-09-17T05:12:34.114990+00:00', 'peak_mib': 185893, 'n'","{""-1"": {""pid"": -1, ""first_seen"": ""2026-09-17T05:12:34.114990+00:00"", ""peak_mib"": 185893, """,b-seedoss36b,longbench,,,32768,25,,m5_quality_mi300x/longbench_precision_b-seedoss36b.csv,fp8_ptk,_server,server_max_model_len_cmd,32768,,,20260917-045654-m5-longbench/fp8_ptk/server.log,,server_paperwork
20261010-075351-f4-rebuild,20260917-045616-m5c-b-seedoss36b-longbench,20260917-045654-m5-longbench,2026-09-17T04:56:16+00:00,run_start,0,UNOBSERVABLE_HOST,"{-1: {'pid': -1, 'first_seen': '2026-09-17T05:12:34.114990+00:00', 'peak_mib': 185893, 'n'","{""-1"": {""pid"": -1, ""first_seen"": ""2026-09-17T05:12:34.114990+00:00"", ""peak_mib"": 185893, """,b-seedoss36b,longbench,,,32768,25,,m5_quality_mi300x/longbench_precision_b-seedoss36b.csv,int4,_server,server_kv_cache_dtype_cmd,,int4_per_token_head,,20260917-045654-m5-longbench/int4/server.log,,server_paperwork
20261010-075351-f4-rebuild,20260917-045616-m5c-b-seedoss36b-longbench,20260917-045654-m5-longbench,2026-09-17T04:56:16+00:00,run_start,0,UNOBSERVABLE_HOST,"{-1: {'pid': -1, 'first_seen': '2026-09-17T05:12:34.114990+00:00', 'peak_mib': 185893, 'n'","{""-1"": {""pid"": -1, ""first_seen"": ""2026-09-17T05:12:34.114990+00:00"", ""peak_mib"": 185893, """,b-seedoss36b,longbench,,,32768,25,,m5_quality_mi300x/longbench_precision_b-seedoss36b.csv,int4,_server,server_kv_cache_dtype_log,,int4_per_token_head,,20260917-045654-m5-longbench/int4/server.log,,server_paperwork
20261010-075351-f4-rebuild,20260917-045616-m5c-b-seedoss36b-longbench,20260917-045654-m5-longbench,2026-09-17T04:56:16+00:00,run_start,0,UNOBSERVABLE_HOST,"{-1: {'pid': -1, 'first_seen': '2026-09-17T05:12:34.114990+00:00', 'peak_mib': 185893, 'n'","{""-1"": {""pid"": -1, ""first_seen"": ""2026-09-17T05:12:34.114990+00:00"", ""peak_mib"": 185893, """,b-seedoss36b,longbench,,,32768,25,,m5_quality_mi300x/longbench_precision_b-seedoss36b.csv,int4,_server,server_attention_backend_log,,TRITON_ATTN,,20260917-045654-m5-longbench/int4/server.log,,server_paperwork
20261010-075351-f4-rebuild,20260917-045616-m5c-b-seedoss36b-longbench,20260917-045654-m5-longbench,2026-09-17T04:56:16+00:00,run_start,0,UNOBSERVABLE_HOST,"{-1: {'pid': -1, 'first_seen': '2026-09-17T05:12:34.114990+00:00', 'peak_mib': 185893, 'n'","{""-1"": {""pid"": -1, ""first_seen"": ""2026-09-17T05:12:34.114990+00:00"", ""peak_mib"": 185893, """,b-seedoss36b,longbench,,,32768,25,,m5_quality_mi300x/longbench_precision_b-seedoss36b.csv,int4,_server,server_gpu_kv_cache_tokens_log,1557200.0,,,20260917-045654-m5-longbench/int4/server.log,,server_paperwork
20261010-075351-f4-rebuild,20260917-045616-m5c-b-seedoss36b-longbench,20260917-045654-m5-longbench,2026-09-17T04:56:16+00:00,run_start,0,UNOBSERVABLE_HOST,"{-1: {'pid': -1, 'first_seen': '2026-09-17T05:12:34.114990+00:00', 'peak_mib': 185893, 'n'","{""-1"": {""pid"": -1, ""first_seen"": ""2026-09-17T05:12:34.114990+00:00"", ""peak_mib"": 185893, """,b-seedoss36b,longbench,,,32768,25,,m5_quality_mi300x/longbench_precision_b-seedoss36b.csv,int4,_server,server_max_model_len_cmd,32768,,,20260917-045654-m5-longbench/int4/server.log,,server_paperwork
20261010-075351-f4-rebuild,20260917-045616-m5c-b-seedoss36b-longbench,20260917-045654-m5-longbench,2026-09-17T04:56:16+00:00,run_start,0,UNOBSERVABLE_HOST,"{-1: {'pid': -1, 'first_seen': '2026-09-17T05:12:34.114990+00:00', 'peak_mib': 185893, 'n'","{""-1"": {""pid"": -1, ""first_seen"": ""2026-09-17T05:12:34.114990+00:00"", ""peak_mib"": 185893, """,b-seedoss36b,longbench,,,32768,25,,m5_quality_mi300x/longbench_precision_b-seedoss36b.csv,int8,_server,server_kv_cache_dtype_cmd,,int8_per_token_head,,20260917-045654-m5-longbench/int8/server.log,,server_paperwork
20261010-075351-f4-rebuild,20260917-045616-m5c-b-seedoss36b-longbench,20260917-045654-m5-longbench,2026-09-17T04:56:16+00:00,run_start,0,UNOBSERVABLE_HOST,"{-1: {'pid': -1, 'first_seen': '2026-09-17T05:12:34.114990+00:00', 'peak_mib': 185893, 'n'","{""-1"": {""pid"": -1, ""first_seen"": ""2026-09-17T05:12:34.114990+00:00"", ""peak_mib"": 185893, """,b-seedoss36b,longbench,,,32768,25,,m5_quality_mi300x/longbench_precision_b-seedoss36b.csv,int8,_server,server_kv_cache_dtype_log,,int8_per_token_head,,20260917-045654-m5-longbench/int8/server.log,,server_paperwork
20261010-075351-f4-rebuild,20260917-045616-m5c-b-seedoss36b-longbench,20260917-045654-m5-longbench,2026-09-17T04:56:16+00:00,run_start,0,UNOBSERVABLE_HOST,"{-1: {'pid': -1, 'first_seen': '2026-09-17T05:12:34.114990+00:00', 'peak_mib': 185893, 'n'","{""-1"": {""pid"": -1, ""first_seen"": ""2026-09-17T05:12:34.114990+00:00"", ""peak_mib"": 185893, """,b-seedoss36b,longbench,,,32768,25,,m5_quality_mi300x/longbench_precision_b-seedoss36b.csv,int8,_server,server_attention_backend_log,,TRITON_ATTN,,20260917-045654-m5-longbench/int8/server.log,,server_paperwork
20261010-075351-f4-rebuild,20260917-045616-m5c-b-seedoss36b-longbench,20260917-045654-m5-longbench,2026-09-17T04:56:16+00:00,run_start,0,UNOBSERVABLE_HOST,"{-1: {'pid': -1, 'first_seen': '2026-09-17T05:12:34.114990+00:00', 'peak_mib': 185893, 'n'","{""-1"": {""pid"": -1, ""first_seen"": ""2026-09-17T05:12:34.114990+00:00"", ""peak_mib"": 185893, """,b-seedoss36b,longbench,,,32768,25,,m5_quality_mi300x/longbench_precision_b-seedoss36b.csv,int8,_server,server_gpu_kv_cache_tokens_log,802192.0,,,20260917-045654-m5-longbench/int8/server.log,,server_paperwork
20261010-075351-f4-rebuild,20260917-045616-m5c-b-seedoss36b-longbench,20260917-045654-m5-longbench,2026-09-17T04:56:16+00:00,run_start,0,UNOBSERVABLE_HOST,"{-1: {'pid': -1, 'first_seen': '2026-09-17T05:12:34.114990+00:00', 'peak_mib': 185893, 'n'","{""-1"": {""pid"": -1, ""first_seen"": ""2026-09-17T05:12:34.114990+00:00"", ""peak_mib"": 185893, """,b-seedoss36b,longbench,,,32768,25,,m5_quality_mi300x/longbench_precision_b-seedoss36b.csv,int8,_server,server_max_model_len_cmd,32768,,,20260917-045654-m5-longbench/int8/server.log,,server_paperwork
20261010-075351-f4-rebuild,20260917-070425-m5c-b-seedoss36b-ruler,20260917-070507-m5-ruler,2026-09-17T07:04:25+00:00,run_start,0,UNOBSERVABLE_HOST,"{-1: {'pid': -1, 'first_seen': '2026-09-17T07:20:30.851558+00:00', 'peak_mib': 188695, 'n'","{""-1"": {""pid"": -1, ""first_seen"": ""2026-09-17T07:20:30.851558+00:00"", ""peak_mib"": 188695, """,b-seedoss36b,ruler,,16384,32768,20,,m5_quality_mi300x/ruler_precision_b-seedoss36b.csv,bf16,_server,server_kv_cache_dtype_cmd,,auto(未指定),,20260917-070507-m5-ruler/bf16/server.log,,server_paperwork
20261010-075351-f4-rebuild,20260917-070425-m5c-b-seedoss36b-ruler,20260917-070507-m5-ruler,2026-09-17T07:04:25+00:00,run_start,0,UNOBSERVABLE_HOST,"{-1: {'pid': -1, 'first_seen': '2026-09-17T07:20:30.851558+00:00', 'peak_mib': 188695, 'n'","{""-1"": {""pid"": -1, ""first_seen"": ""2026-09-17T07:20:30.851558+00:00"", ""peak_mib"": 188695, """,b-seedoss36b,ruler,,16384,32768,20,,m5_quality_mi300x/ruler_precision_b-seedoss36b.csv,bf16,_server,server_kv_cache_dtype_log,,auto(未出現在 non-default args),,20260917-070507-m5-ruler/bf16/server.log,,server_paperwork
20261010-075351-f4-rebuild,20260917-070425-m5c-b-seedoss36b-ruler,20260917-070507-m5-ruler,2026-09-17T07:04:25+00:00,run_start,0,UNOBSERVABLE_HOST,"{-1: {'pid': -1, 'first_seen': '2026-09-17T07:20:30.851558+00:00', 'peak_mib': 188695, 'n'","{""-1"": {""pid"": -1, ""first_seen"": ""2026-09-17T07:20:30.851558+00:00"", ""peak_mib"": 188695, """,b-seedoss36b,ruler,,16384,32768,20,,m5_quality_mi300x/ruler_precision_b-seedoss36b.csv,bf16,_server,server_attention_backend_log,,ROCM_ATTN,,20260917-070507-m5-ruler/bf16/server.log,,server_paperwork
20261010-075351-f4-rebuild,20260917-070425-m5c-b-seedoss36b-ruler,20260917-070507-m5-ruler,2026-09-17T07:04:25+00:00,run_start,0,UNOBSERVABLE_HOST,"{-1: {'pid': -1, 'first_seen': '2026-09-17T07:20:30.851558+00:00', 'peak_mib': 188695, 'n'","{""-1"": {""pid"": -1, ""first_seen"": ""2026-09-17T07:20:30.851558+00:00"", ""peak_mib"": 188695, """,b-seedoss36b,ruler,,16384,32768,20,,m5_quality_mi300x/ruler_precision_b-seedoss36b.csv,bf16,_server,server_gpu_kv_cache_tokens_log,413424.0,,,20260917-070507-m5-ruler/bf16/server.log,,server_paperwork
20261010-075351-f4-rebuild,20260917-070425-m5c-b-seedoss36b-ruler,20260917-070507-m5-ruler,2026-09-17T07:04:25+00:00,run_start,0,UNOBSERVABLE_HOST,"{-1: {'pid': -1, 'first_seen': '2026-09-17T07:20:30.851558+00:00', 'peak_mib': 188695, 'n'","{""-1"": {""pid"": -1, ""first_seen"": ""2026-09-17T07:20:30.851558+00:00"", ""peak_mib"": 188695, """,b-seedoss36b,ruler,,16384,32768,20,,m5_quality_mi300x/ruler_precision_b-seedoss36b.csv,bf16,_server,server_max_model_len_cmd,17911,,,20260917-070507-m5-ruler/bf16/server.log,,server_paperwork
20261010-075351-f4-rebuild,20260917-070425-m5c-b-seedoss36b-ruler,20260917-070507-m5-ruler,2026-09-17T07:04:25+00:00,run_start,0,UNOBSERVABLE_HOST,"{-1: {'pid': -1, 'first_seen': '2026-09-17T07:20:30.851558+00:00', 'peak_mib': 188695, 'n'","{""-1"": {""pid"": -1, ""first_seen"": ""2026-09-17T07:20:30.851558+00:00"", ""peak_mib"": 188695, """,b-seedoss36b,ruler,,16384,32768,20,,m5_quality_mi300x/ruler_precision_b-seedoss36b.csv,fp8,_server,server_kv_cache_dtype_cmd,,fp8,,20260917-070507-m5-ruler/fp8/server.log,,server_paperwork
20261010-075351-f4-rebuild,20260917-070425-m5c-b-seedoss36b-ruler,20260917-070507-m5-ruler,2026-09-17T07:04:25+00:00,run_start,0,UNOBSERVABLE_HOST,"{-1: {'pid': -1, 'first_seen': '2026-09-17T07:20:30.851558+00:00', 'peak_mib': 188695, 'n'","{""-1"": {""pid"": -1, ""first_seen"": ""2026-09-17T07:20:30.851558+00:00"", ""peak_mib"": 188695, """,b-seedoss36b,ruler,,16384,32768,20,,m5_quality_mi300x/ruler_precision_b-seedoss36b.csv,fp8,_server,server_kv_cache_dtype_log,,fp8,,20260917-070507-m5-ruler/fp8/server.log,,server_paperwork
20261010-075351-f4-rebuild,20260917-070425-m5c-b-seedoss36b-ruler,20260917-070507-m5-ruler,2026-09-17T07:04:25+00:00,run_start,0,UNOBSERVABLE_HOST,"{-1: {'pid': -1, 'first_seen': '2026-09-17T07:20:30.851558+00:00', 'peak_mib': 188695, 'n'","{""-1"": {""pid"": -1, ""first_seen"": ""2026-09-17T07:20:30.851558+00:00"", ""peak_mib"": 188695, """,b-seedoss36b,ruler,,16384,32768,20,,m5_quality_mi300x/ruler_precision_b-seedoss36b.csv,fp8,_server,server_attention_backend_log,,ROCM_ATTN,,20260917-070507-m5-ruler/fp8/server.log,,server_paperwork
20261010-075351-f4-rebuild,20260917-070425-m5c-b-seedoss36b-ruler,20260917-070507-m5-ruler,2026-09-17T07:04:25+00:00,run_start,0,UNOBSERVABLE_HOST,"{-1: {'pid': -1, 'first_seen': '2026-09-17T07:20:30.851558+00:00', 'peak_mib': 188695, 'n'","{""-1"": {""pid"": -1, ""first_seen"": ""2026-09-17T07:20:30.851558+00:00"", ""peak_mib"": 188695, """,b-seedoss36b,ruler,,16384,32768,20,,m5_quality_mi300x/ruler_precision_b-seedoss36b.csv,fp8,_server,server_gpu_kv_cache_tokens_log,826848.0,,,20260917-070507-m5-ruler/fp8/server.log,,server_paperwork
20261010-075351-f4-rebuild,20260917-070425-m5c-b-seedoss36b-ruler,20260917-070507-m5-ruler,2026-09-17T07:04:25+00:00,run_start,0,UNOBSERVABLE_HOST,"{-1: {'pid': -1, 'first_seen': '2026-09-17T07:20:30.851558+00:00', 'peak_mib': 188695, 'n'","{""-1"": {""pid"": -1, ""first_seen"": ""2026-09-17T07:20:30.851558+00:00"", ""peak_mib"": 188695, """,b-seedoss36b,ruler,,16384,32768,20,,m5_quality_mi300x/ruler_precision_b-seedoss36b.csv,fp8,_server,server_max_model_len_cmd,17911,,,20260917-070507-m5-ruler/fp8/server.log,,server_paperwork
20261010-075351-f4-rebuild,20260917-070425-m5c-b-seedoss36b-ruler,20260917-070507-m5-ruler,2026-09-17T07:04:25+00:00,run_start,0,UNOBSERVABLE_HOST,"{-1: {'pid': -1, 'first_seen': '2026-09-17T07:20:30.851558+00:00', 'peak_mib': 188695, 'n'","{""-1"": {""pid"": -1, ""first_seen"": ""2026-09-17T07:20:30.851558+00:00"", ""peak_mib"": 188695, """,b-seedoss36b,ruler,,16384,32768,20,,m5_quality_mi300x/ruler_precision_b-seedoss36b.csv,fp8_ptk,_server,server_kv_cache_dtype_cmd,,fp8_per_token_head,,20260917-070507-m5-ruler/fp8_ptk/server.log,,server_paperwork
20261010-075351-f4-rebuild,20260917-070425-m5c-b-seedoss36b-ruler,20260917-070507-m5-ruler,2026-09-17T07:04:25+00:00,run_start,0,UNOBSERVABLE_HOST,"{-1: {'pid': -1, 'first_seen': '2026-09-17T07:20:30.851558+00:00', 'peak_mib': 188695, 'n'","{""-1"": {""pid"": -1, ""first_seen"": ""2026-09-17T07:20:30.851558+00:00"", ""peak_mib"": 188695, """,b-seedoss36b,ruler,,16384,32768,20,,m5_quality_mi300x/ruler_precision_b-seedoss36b.csv,fp8_ptk,_server,server_kv_cache_dtype_log,,fp8_per_token_head,,20260917-070507-m5-ruler/fp8_ptk/server.log,,server_paperwork
20261010-075351-f4-rebuild,20260917-070425-m5c-b-seedoss36b-ruler,20260917-070507-m5-ruler,2026-09-17T07:04:25+00:00,run_start,0,UNOBSERVABLE_HOST,"{-1: {'pid': -1, 'first_seen': '2026-09-17T07:20:30.851558+00:00', 'peak_mib': 188695, 'n'","{""-1"": {""pid"": -1, ""first_seen"": ""2026-09-17T07:20:30.851558+00:00"", ""peak_mib"": 188695, """,b-seedoss36b,ruler,,16384,32768,20,,m5_quality_mi300x/ruler_precision_b-seedoss36b.csv,fp8_ptk,_server,server_attention_backend_log,,TRITON_ATTN,,20260917-070507-m5-ruler/fp8_ptk/server.log,,server_paperwork
20261010-075351-f4-rebuild,20260917-070425-m5c-b-seedoss36b-ruler,20260917-070507-m5-ruler,2026-09-17T07:04:25+00:00,run_start,0,UNOBSERVABLE_HOST,"{-1: {'pid': -1, 'first_seen': '2026-09-17T07:20:30.851558+00:00', 'peak_mib': 188695, 'n'","{""-1"": {""pid"": -1, ""first_seen"": ""2026-09-17T07:20:30.851558+00:00"", ""peak_mib"": 188695, """,b-seedoss36b,ruler,,16384,32768,20,,m5_quality_mi300x/ruler_precision_b-seedoss36b.csv,fp8_ptk,_server,server_gpu_kv_cache_tokens_log,801789.0,,,20260917-070507-m5-ruler/fp8_ptk/server.log,,server_paperwork
20261010-075351-f4-rebuild,20260917-070425-m5c-b-seedoss36b-ruler,20260917-070507-m5-ruler,2026-09-17T07:04:25+00:00,run_start,0,UNOBSERVABLE_HOST,"{-1: {'pid': -1, 'first_seen': '2026-09-17T07:20:30.851558+00:00', 'peak_mib': 188695, 'n'","{""-1"": {""pid"": -1, ""first_seen"": ""2026-09-17T07:20:30.851558+00:00"", ""peak_mib"": 188695, """,b-seedoss36b,ruler,,16384,32768,20,,m5_quality_mi300x/ruler_precision_b-seedoss36b.csv,fp8_ptk,_server,server_max_model_len_cmd,17911,,,20260917-070507-m5-ruler/fp8_ptk/server.log,,server_paperwork
20261010-075351-f4-rebuild,20260917-070425-m5c-b-seedoss36b-ruler,20260917-070507-m5-ruler,2026-09-17T07:04:25+00:00,run_start,0,UNOBSERVABLE_HOST,"{-1: {'pid': -1, 'first_seen': '2026-09-17T07:20:30.851558+00:00', 'peak_mib': 188695, 'n'","{""-1"": {""pid"": -1, ""first_seen"": ""2026-09-17T07:20:30.851558+00:00"", ""peak_mib"": 188695, """,b-seedoss36b,ruler,,16384,32768,20,,m5_quality_mi300x/ruler_precision_b-seedoss36b.csv,int4,_server,server_kv_cache_dtype_cmd,,int4_per_token_head,,20260917-070507-m5-ruler/int4/server.log,,server_paperwork
20261010-075351-f4-rebuild,20260917-070425-m5c-b-seedoss36b-ruler,20260917-070507-m5-ruler,2026-09-17T07:04:25+00:00,run_start,0,UNOBSERVABLE_HOST,"{-1: {'pid': -1, 'first_seen': '2026-09-17T07:20:30.851558+00:00', 'peak_mib': 188695, 'n'","{""-1"": {""pid"": -1, ""first_seen"": ""2026-09-17T07:20:30.851558+00:00"", ""peak_mib"": 188695, """,b-seedoss36b,ruler,,16384,32768,20,,m5_quality_mi300x/ruler_precision_b-seedoss36b.csv,int4,_server,server_kv_cache_dtype_log,,int4_per_token_head,,20260917-070507-m5-ruler/int4/server.log,,server_paperwork
20261010-075351-f4-rebuild,20260917-070425-m5c-b-seedoss36b-ruler,20260917-070507-m5-ruler,2026-09-17T07:04:25+00:00,run_start,0,UNOBSERVABLE_HOST,"{-1: {'pid': -1, 'first_seen': '2026-09-17T07:20:30.851558+00:00', 'peak_mib': 188695, 'n'","{""-1"": {""pid"": -1, ""first_seen"": ""2026-09-17T07:20:30.851558+00:00"", ""peak_mib"": 188695, """,b-seedoss36b,ruler,,16384,32768,20,,m5_quality_mi300x/ruler_precision_b-seedoss36b.csv,int4,_server,server_attention_backend_log,,TRITON_ATTN,,20260917-070507-m5-ruler/int4/server.log,,server_paperwork
20261010-075351-f4-rebuild,20260917-070425-m5c-b-seedoss36b-ruler,20260917-070507-m5-ruler,2026-09-17T07:04:25+00:00,run_start,0,UNOBSERVABLE_HOST,"{-1: {'pid': -1, 'first_seen': '2026-09-17T07:20:30.851558+00:00', 'peak_mib': 188695, 'n'","{""-1"": {""pid"": -1, ""first_seen"": ""2026-09-17T07:20:30.851558+00:00"", ""peak_mib"": 188695, """,b-seedoss36b,ruler,,16384,32768,20,,m5_quality_mi300x/ruler_precision_b-seedoss36b.csv,int4,_server,server_gpu_kv_cache_tokens_log,1556417.0,,,20260917-070507-m5-ruler/int4/server.log,,server_paperwork
20261010-075351-f4-rebuild,20260917-070425-m5c-b-seedoss36b-ruler,20260917-070507-m5-ruler,2026-09-17T07:04:25+00:00,run_start,0,UNOBSERVABLE_HOST,"{-1: {'pid': -1, 'first_seen': '2026-09-17T07:20:30.851558+00:00', 'peak_mib': 188695, 'n'","{""-1"": {""pid"": -1, ""first_seen"": ""2026-09-17T07:20:30.851558+00:00"", ""peak_mib"": 188695, """,b-seedoss36b,ruler,,16384,32768,20,,m5_quality_mi300x/ruler_precision_b-seedoss36b.csv,int4,_server,server_max_model_len_cmd,17911,,,20260917-070507-m5-ruler/int4/server.log,,server_paperwork
20261010-075351-f4-rebuild,20260917-070425-m5c-b-seedoss36b-ruler,20260917-070507-m5-ruler,2026-09-17T07:04:25+00:00,run_start,0,UNOBSERVABLE_HOST,"{-1: {'pid': -1, 'first_seen': '2026-09-17T07:20:30.851558+00:00', 'peak_mib': 188695, 'n'","{""-1"": {""pid"": -1, ""first_seen"": ""2026-09-17T07:20:30.851558+00:00"", ""peak_mib"": 188695, """,b-seedoss36b,ruler,,16384,32768,20,,m5_quality_mi300x/ruler_precision_b-seedoss36b.csv,int8,_server,server_kv_cache_dtype_cmd,,int8_per_token_head,,20260917-070507-m5-ruler/int8/server.log,,server_paperwork
20261010-075351-f4-rebuild,20260917-070425-m5c-b-seedoss36b-ruler,20260917-070507-m5-ruler,2026-09-17T07:04:25+00:00,run_start,0,UNOBSERVABLE_HOST,"{-1: {'pid': -1, 'first_seen': '2026-09-17T07:20:30.851558+00:00', 'peak_mib': 188695, 'n'","{""-1"": {""pid"": -1, ""first_seen"": ""2026-09-17T07:20:30.851558+00:00"", ""peak_mib"": 188695, """,b-seedoss36b,ruler,,16384,32768,20,,m5_quality_mi300x/ruler_precision_b-seedoss36b.csv,int8,_server,server_kv_cache_dtype_log,,int8_per_token_head,,20260917-070507-m5-ruler/int8/server.log,,server_paperwork
20261010-075351-f4-rebuild,20260917-070425-m5c-b-seedoss36b-ruler,20260917-070507-m5-ruler,2026-09-17T07:04:25+00:00,run_start,0,UNOBSERVABLE_HOST,"{-1: {'pid': -1, 'first_seen': '2026-09-17T07:20:30.851558+00:00', 'peak_mib': 188695, 'n'","{""-1"": {""pid"": -1, ""first_seen"": ""2026-09-17T07:20:30.851558+00:00"", ""peak_mib"": 188695, """,b-seedoss36b,ruler,,16384,32768,20,,m5_quality_mi300x/ruler_precision_b-seedoss36b.csv,int8,_server,server_attention_backend_log,,TRITON_ATTN,,20260917-070507-m5-ruler/int8/server.log,,server_paperwork
20261010-075351-f4-rebuild,20260917-070425-m5c-b-seedoss36b-ruler,20260917-070507-m5-ruler,2026-09-17T07:04:25+00:00,run_start,0,UNOBSERVABLE_HOST,"{-1: {'pid': -1, 'first_seen': '2026-09-17T07:20:30.851558+00:00', 'peak_mib': 188695, 'n'","{""-1"": {""pid"": -1, ""first_seen"": ""2026-09-17T07:20:30.851558+00:00"", ""peak_mib"": 188695, """,b-seedoss36b,ruler,,16384,32768,20,,m5_quality_mi300x/ruler_precision_b-seedoss36b.csv,int8,_server,server_gpu_kv_cache_tokens_log,801789.0,,,20260917-070507-m5-ruler/int8/server.log,,server_paperwork
20261010-075351-f4-rebuild,20260917-070425-m5c-b-seedoss36b-ruler,20260917-070507-m5-ruler,2026-09-17T07:04:25+00:00,run_start,0,UNOBSERVABLE_HOST,"{-1: {'pid': -1, 'first_seen': '2026-09-17T07:20:30.851558+00:00', 'peak_mib': 188695, 'n'","{""-1"": {""pid"": -1, ""first_seen"": ""2026-09-17T07:20:30.851558+00:00"", ""peak_mib"": 188695, """,b-seedoss36b,ruler,,16384,32768,20,,m5_quality_mi300x/ruler_precision_b-seedoss36b.csv,int8,_server,server_max_model_len_cmd,17911,,,20260917-070507-m5-ruler/int8/server.log,,server_paperwork
20261010-075351-f4-rebuild,20260918-063345-m5c-b-ultralong8b-1m-longbench,20260918-063423-m5-longbench,2026-09-18T06:33:45+00:00,run_start,0,UNOBSERVABLE_HOST,"{-1: {'pid': -1, 'first_seen': '2026-09-18T06:38:56.156367+00:00', 'peak_mib': 181247, 'n'","{""-1"": {""pid"": -1, ""first_seen"": ""2026-09-18T06:38:56.156367+00:00"", ""peak_mib"": 181247, """,b-ultralong8b-1m,longbench,,,32768,25,,m5_quality_mi300x/longbench_precision_b-ultralong8b-1m.csv,bf16,_server,server_kv_cache_dtype_cmd,,auto(未指定),,20260918-063423-m5-longbench/bf16/server.log,,server_paperwork
20261010-075351-f4-rebuild,20260918-063345-m5c-b-ultralong8b-1m-longbench,20260918-063423-m5-longbench,2026-09-18T06:33:45+00:00,run_start,0,UNOBSERVABLE_HOST,"{-1: {'pid': -1, 'first_seen': '2026-09-18T06:38:56.156367+00:00', 'peak_mib': 181247, 'n'","{""-1"": {""pid"": -1, ""first_seen"": ""2026-09-18T06:38:56.156367+00:00"", ""peak_mib"": 181247, """,b-ultralong8b-1m,longbench,,,32768,25,,m5_quality_mi300x/longbench_precision_b-ultralong8b-1m.csv,bf16,_server,server_kv_cache_dtype_log,,auto(未出現在 non-default args),,20260918-063423-m5-longbench/bf16/server.log,,server_paperwork
20261010-075351-f4-rebuild,20260918-063345-m5c-b-ultralong8b-1m-longbench,20260918-063423-m5-longbench,2026-09-18T06:33:45+00:00,run_start,0,UNOBSERVABLE_HOST,"{-1: {'pid': -1, 'first_seen': '2026-09-18T06:38:56.156367+00:00', 'peak_mib': 181247, 'n'","{""-1"": {""pid"": -1, ""first_seen"": ""2026-09-18T06:38:56.156367+00:00"", ""peak_mib"": 181247, """,b-ultralong8b-1m,longbench,,,32768,25,,m5_quality_mi300x/longbench_precision_b-ultralong8b-1m.csv,bf16,_server,server_attention_backend_log,,ROCM_ATTN,,20260918-063423-m5-longbench/bf16/server.log,,server_paperwork
20261010-075351-f4-rebuild,20260918-063345-m5c-b-ultralong8b-1m-longbench,20260918-063423-m5-longbench,2026-09-18T06:33:45+00:00,run_start,0,UNOBSERVABLE_HOST,"{-1: {'pid': -1, 'first_seen': '2026-09-18T06:38:56.156367+00:00', 'peak_mib': 181247, 'n'","{""-1"": {""pid"": -1, ""first_seen"": ""2026-09-18T06:38:56.156367+00:00"", ""peak_mib"": 181247, """,b-ultralong8b-1m,longbench,,,32768,25,,m5_quality_mi300x/longbench_precision_b-ultralong8b-1m.csv,bf16,_server,server_gpu_kv_cache_tokens_log,1265520.0,,,20260918-063423-m5-longbench/bf16/server.log,,server_paperwork
20261010-075351-f4-rebuild,20260918-063345-m5c-b-ultralong8b-1m-longbench,20260918-063423-m5-longbench,2026-09-18T06:33:45+00:00,run_start,0,UNOBSERVABLE_HOST,"{-1: {'pid': -1, 'first_seen': '2026-09-18T06:38:56.156367+00:00', 'peak_mib': 181247, 'n'","{""-1"": {""pid"": -1, ""first_seen"": ""2026-09-18T06:38:56.156367+00:00"", ""peak_mib"": 181247, """,b-ultralong8b-1m,longbench,,,32768,25,,m5_quality_mi300x/longbench_precision_b-ultralong8b-1m.csv,bf16,_server,server_max_model_len_cmd,32768,,,20260918-063423-m5-longbench/bf16/server.log,,server_paperwork
20261010-075351-f4-rebuild,20260918-063345-m5c-b-ultralong8b-1m-longbench,20260918-063423-m5-longbench,2026-09-18T06:33:45+00:00,run_start,0,UNOBSERVABLE_HOST,"{-1: {'pid': -1, 'first_seen': '2026-09-18T06:38:56.156367+00:00', 'peak_mib': 181247, 'n'","{""-1"": {""pid"": -1, ""first_seen"": ""2026-09-18T06:38:56.156367+00:00"", ""peak_mib"": 181247, """,b-ultralong8b-1m,longbench,,,32768,25,,m5_quality_mi300x/longbench_precision_b-ultralong8b-1m.csv,fp8,_server,server_kv_cache_dtype_cmd,,fp8,,20260918-063423-m5-longbench/fp8/server.log,,server_paperwork
20261010-075351-f4-rebuild,20260918-063345-m5c-b-ultralong8b-1m-longbench,20260918-063423-m5-longbench,2026-09-18T06:33:45+00:00,run_start,0,UNOBSERVABLE_HOST,"{-1: {'pid': -1, 'first_seen': '2026-09-18T06:38:56.156367+00:00', 'peak_mib': 181247, 'n'","{""-1"": {""pid"": -1, ""first_seen"": ""2026-09-18T06:38:56.156367+00:00"", ""peak_mib"": 181247, """,b-ultralong8b-1m,longbench,,,32768,25,,m5_quality_mi300x/longbench_precision_b-ultralong8b-1m.csv,fp8,_server,server_kv_cache_dtype_log,,fp8,,20260918-063423-m5-longbench/fp8/server.log,,server_paperwork
20261010-075351-f4-rebuild,20260918-063345-m5c-b-ultralong8b-1m-longbench,20260918-063423-m5-longbench,2026-09-18T06:33:45+00:00,run_start,0,UNOBSERVABLE_HOST,"{-1: {'pid': -1, 'first_seen': '2026-09-18T06:38:56.156367+00:00', 'peak_mib': 181247, 'n'","{""-1"": {""pid"": -1, ""first_seen"": ""2026-09-18T06:38:56.156367+00:00"", ""peak_mib"": 181247, """,b-ultralong8b-1m,longbench,,,32768,25,,m5_quality_mi300x/longbench_precision_b-ultralong8b-1m.csv,fp8,_server,server_attention_backend_log,,ROCM_ATTN,,20260918-063423-m5-longbench/fp8/server.log,,server_paperwork
20261010-075351-f4-rebuild,20260918-063345-m5c-b-ultralong8b-1m-longbench,20260918-063423-m5-longbench,2026-09-18T06:33:45+00:00,run_start,0,UNOBSERVABLE_HOST,"{-1: {'pid': -1, 'first_seen': '2026-09-18T06:38:56.156367+00:00', 'peak_mib': 181247, 'n'","{""-1"": {""pid"": -1, ""first_seen"": ""2026-09-18T06:38:56.156367+00:00"", ""peak_mib"": 181247, """,b-ultralong8b-1m,longbench,,,32768,25,,m5_quality_mi300x/longbench_precision_b-ultralong8b-1m.csv,fp8,_server,server_gpu_kv_cache_tokens_log,2531040.0,,,20260918-063423-m5-longbench/fp8/server.log,,server_paperwork
20261010-075351-f4-rebuild,20260918-063345-m5c-b-ultralong8b-1m-longbench,20260918-063423-m5-longbench,2026-09-18T06:33:45+00:00,run_start,0,UNOBSERVABLE_HOST,"{-1: {'pid': -1, 'first_seen': '2026-09-18T06:38:56.156367+00:00', 'peak_mib': 181247, 'n'","{""-1"": {""pid"": -1, ""first_seen"": ""2026-09-18T06:38:56.156367+00:00"", ""peak_mib"": 181247, """,b-ultralong8b-1m,longbench,,,32768,25,,m5_quality_mi300x/longbench_precision_b-ultralong8b-1m.csv,fp8,_server,server_max_model_len_cmd,32768,,,20260918-063423-m5-longbench/fp8/server.log,,server_paperwork
20261010-075351-f4-rebuild,20260918-063345-m5c-b-ultralong8b-1m-longbench,20260918-063423-m5-longbench,2026-09-18T06:33:45+00:00,run_start,0,UNOBSERVABLE_HOST,"{-1: {'pid': -1, 'first_seen': '2026-09-18T06:38:56.156367+00:00', 'peak_mib': 181247, 'n'","{""-1"": {""pid"": -1, ""first_seen"": ""2026-09-18T06:38:56.156367+00:00"", ""peak_mib"": 181247, """,b-ultralong8b-1m,longbench,,,32768,25,,m5_quality_mi300x/longbench_precision_b-ultralong8b-1m.csv,fp8_ptk,_server,server_kv_cache_dtype_cmd,,fp8_per_token_head,,20260918-063423-m5-longbench/fp8_ptk/server.log,,server_paperwork
20261010-075351-f4-rebuild,20260918-063345-m5c-b-ultralong8b-1m-longbench,20260918-063423-m5-longbench,2026-09-18T06:33:45+00:00,run_start,0,UNOBSERVABLE_HOST,"{-1: {'pid': -1, 'first_seen': '2026-09-18T06:38:56.156367+00:00', 'peak_mib': 181247, 'n'","{""-1"": {""pid"": -1, ""first_seen"": ""2026-09-18T06:38:56.156367+00:00"", ""peak_mib"": 181247, """,b-ultralong8b-1m,longbench,,,32768,25,,m5_quality_mi300x/longbench_precision_b-ultralong8b-1m.csv,fp8_ptk,_server,server_kv_cache_dtype_log,,fp8_per_token_head,,20260918-063423-m5-longbench/fp8_ptk/server.log,,server_paperwork
20261010-075351-f4-rebuild,20260918-063345-m5c-b-ultralong8b-1m-longbench,20260918-063423-m5-longbench,2026-09-18T06:33:45+00:00,run_start,0,UNOBSERVABLE_HOST,"{-1: {'pid': -1, 'first_seen': '2026-09-18T06:38:56.156367+00:00', 'peak_mib': 181247, 'n'","{""-1"": {""pid"": -1, ""first_seen"": ""2026-09-18T06:38:56.156367+00:00"", ""peak_mib"": 181247, """,b-ultralong8b-1m,longbench,,,32768,25,,m5_quality_mi300x/longbench_precision_b-ultralong8b-1m.csv,fp8_ptk,_server,server_attention_backend_log,,TRITON_ATTN,,20260918-063423-m5-longbench/fp8_ptk/server.log,,server_paperwork
20261010-075351-f4-rebuild,20260918-063345-m5c-b-ultralong8b-1m-longbench,20260918-063423-m5-longbench,2026-09-18T06:33:45+00:00,run_start,0,UNOBSERVABLE_HOST,"{-1: {'pid': -1, 'first_seen': '2026-09-18T06:38:56.156367+00:00', 'peak_mib': 181247, 'n'","{""-1"": {""pid"": -1, ""first_seen"": ""2026-09-18T06:38:56.156367+00:00"", ""peak_mib"": 181247, """,b-ultralong8b-1m,longbench,,,32768,25,,m5_quality_mi300x/longbench_precision_b-ultralong8b-1m.csv,fp8_ptk,_server,server_gpu_kv_cache_tokens_log,2454336.0,,,20260918-063423-m5-longbench/fp8_ptk/server.log,,server_paperwork
20261010-075351-f4-rebuild,20260918-063345-m5c-b-ultralong8b-1m-longbench,20260918-063423-m5-longbench,2026-09-18T06:33:45+00:00,run_start,0,UNOBSERVABLE_HOST,"{-1: {'pid': -1, 'first_seen': '2026-09-18T06:38:56.156367+00:00', 'peak_mib': 181247, 'n'","{""-1"": {""pid"": -1, ""first_seen"": ""2026-09-18T06:38:56.156367+00:00"", ""peak_mib"": 181247, """,b-ultralong8b-1m,longbench,,,32768,25,,m5_quality_mi300x/longbench_precision_b-ultralong8b-1m.csv,fp8_ptk,_server,server_max_model_len_cmd,32768,,,20260918-063423-m5-longbench/fp8_ptk/server.log,,server_paperwork
20261010-075351-f4-rebuild,20260918-063345-m5c-b-ultralong8b-1m-longbench,20260918-063423-m5-longbench,2026-09-18T06:33:45+00:00,run_start,0,UNOBSERVABLE_HOST,"{-1: {'pid': -1, 'first_seen': '2026-09-18T06:38:56.156367+00:00', 'peak_mib': 181247, 'n'","{""-1"": {""pid"": -1, ""first_seen"": ""2026-09-18T06:38:56.156367+00:00"", ""peak_mib"": 181247, """,b-ultralong8b-1m,longbench,,,32768,25,,m5_quality_mi300x/longbench_precision_b-ultralong8b-1m.csv,int4,_server,server_kv_cache_dtype_cmd,,int4_per_token_head,,20260918-063423-m5-longbench/int4/server.log,,server_paperwork
20261010-075351-f4-rebuild,20260918-063345-m5c-b-ultralong8b-1m-longbench,20260918-063423-m5-longbench,2026-09-18T06:33:45+00:00,run_start,0,UNOBSERVABLE_HOST,"{-1: {'pid': -1, 'first_seen': '2026-09-18T06:38:56.156367+00:00', 'peak_mib': 181247, 'n'","{""-1"": {""pid"": -1, ""first_seen"": ""2026-09-18T06:38:56.156367+00:00"", ""peak_mib"": 181247, """,b-ultralong8b-1m,longbench,,,32768,25,,m5_quality_mi300x/longbench_precision_b-ultralong8b-1m.csv,int4,_server,server_kv_cache_dtype_log,,int4_per_token_head,,20260918-063423-m5-longbench/int4/server.log,,server_paperwork
20261010-075351-f4-rebuild,20260918-063345-m5c-b-ultralong8b-1m-longbench,20260918-063423-m5-longbench,2026-09-18T06:33:45+00:00,run_start,0,UNOBSERVABLE_HOST,"{-1: {'pid': -1, 'first_seen': '2026-09-18T06:38:56.156367+00:00', 'peak_mib': 181247, 'n'","{""-1"": {""pid"": -1, ""first_seen"": ""2026-09-18T06:38:56.156367+00:00"", ""peak_mib"": 181247, """,b-ultralong8b-1m,longbench,,,32768,25,,m5_quality_mi300x/longbench_precision_b-ultralong8b-1m.csv,int4,_server,server_attention_backend_log,,TRITON_ATTN,,20260918-063423-m5-longbench/int4/server.log,,server_paperwork
20261010-075351-f4-rebuild,20260918-063345-m5c-b-ultralong8b-1m-longbench,20260918-063423-m5-longbench,2026-09-18T06:33:45+00:00,run_start,0,UNOBSERVABLE_HOST,"{-1: {'pid': -1, 'first_seen': '2026-09-18T06:38:56.156367+00:00', 'peak_mib': 181247, 'n'","{""-1"": {""pid"": -1, ""first_seen"": ""2026-09-18T06:38:56.156367+00:00"", ""peak_mib"": 181247, """,b-ultralong8b-1m,longbench,,,32768,25,,m5_quality_mi300x/longbench_precision_b-ultralong8b-1m.csv,int4,_server,server_gpu_kv_cache_tokens_log,4764320.0,,,20260918-063423-m5-longbench/int4/server.log,,server_paperwork
20261010-075351-f4-rebuild,20260918-063345-m5c-b-ultralong8b-1m-longbench,20260918-063423-m5-longbench,2026-09-18T06:33:45+00:00,run_start,0,UNOBSERVABLE_HOST,"{-1: {'pid': -1, 'first_seen': '2026-09-18T06:38:56.156367+00:00', 'peak_mib': 181247, 'n'","{""-1"": {""pid"": -1, ""first_seen"": ""2026-09-18T06:38:56.156367+00:00"", ""peak_mib"": 181247, """,b-ultralong8b-1m,longbench,,,32768,25,,m5_quality_mi300x/longbench_precision_b-ultralong8b-1m.csv,int4,_server,server_max_model_len_cmd,32768,,,20260918-063423-m5-longbench/int4/server.log,,server_paperwork
20261010-075351-f4-rebuild,20260918-063345-m5c-b-ultralong8b-1m-longbench,20260918-063423-m5-longbench,2026-09-18T06:33:45+00:00,run_start,0,UNOBSERVABLE_HOST,"{-1: {'pid': -1, 'first_seen': '2026-09-18T06:38:56.156367+00:00', 'peak_mib': 181247, 'n'","{""-1"": {""pid"": -1, ""first_seen"": ""2026-09-18T06:38:56.156367+00:00"", ""peak_mib"": 181247, """,b-ultralong8b-1m,longbench,,,32768,25,,m5_quality_mi300x/longbench_precision_b-ultralong8b-1m.csv,int8,_server,server_kv_cache_dtype_cmd,,int8_per_token_head,,20260918-063423-m5-longbench/int8/server.log,,server_paperwork
20261010-075351-f4-rebuild,20260918-063345-m5c-b-ultralong8b-1m-longbench,20260918-063423-m5-longbench,2026-09-18T06:33:45+00:00,run_start,0,UNOBSERVABLE_HOST,"{-1: {'pid': -1, 'first_seen': '2026-09-18T06:38:56.156367+00:00', 'peak_mib': 181247, 'n'","{""-1"": {""pid"": -1, ""first_seen"": ""2026-09-18T06:38:56.156367+00:00"", ""peak_mib"": 181247, """,b-ultralong8b-1m,longbench,,,32768,25,,m5_quality_mi300x/longbench_precision_b-ultralong8b-1m.csv,int8,_server,server_kv_cache_dtype_log,,int8_per_token_head,,20260918-063423-m5-longbench/int8/server.log,,server_paperwork
20261010-075351-f4-rebuild,20260918-063345-m5c-b-ultralong8b-1m-longbench,20260918-063423-m5-longbench,2026-09-18T06:33:45+00:00,run_start,0,UNOBSERVABLE_HOST,"{-1: {'pid': -1, 'first_seen': '2026-09-18T06:38:56.156367+00:00', 'peak_mib': 181247, 'n'","{""-1"": {""pid"": -1, ""first_seen"": ""2026-09-18T06:38:56.156367+00:00"", ""peak_mib"": 181247, """,b-ultralong8b-1m,longbench,,,32768,25,,m5_quality_mi300x/longbench_precision_b-ultralong8b-1m.csv,int8,_server,server_attention_backend_log,,TRITON_ATTN,,20260918-063423-m5-longbench/int8/server.log,,server_paperwork
20261010-075351-f4-rebuild,20260918-063345-m5c-b-ultralong8b-1m-longbench,20260918-063423-m5-longbench,2026-09-18T06:33:45+00:00,run_start,0,UNOBSERVABLE_HOST,"{-1: {'pid': -1, 'first_seen': '2026-09-18T06:38:56.156367+00:00', 'peak_mib': 181247, 'n'","{""-1"": {""pid"": -1, ""first_seen"": ""2026-09-18T06:38:56.156367+00:00"", ""peak_mib"": 181247, """,b-ultralong8b-1m,longbench,,,32768,25,,m5_quality_mi300x/longbench_precision_b-ultralong8b-1m.csv,int8,_server,server_gpu_kv_cache_tokens_log,2454336.0,,,20260918-063423-m5-longbench/int8/server.log,,server_paperwork
20261010-075351-f4-rebuild,20260918-063345-m5c-b-ultralong8b-1m-longbench,20260918-063423-m5-longbench,2026-09-18T06:33:45+00:00,run_start,0,UNOBSERVABLE_HOST,"{-1: {'pid': -1, 'first_seen': '2026-09-18T06:38:56.156367+00:00', 'peak_mib': 181247, 'n'","{""-1"": {""pid"": -1, ""first_seen"": ""2026-09-18T06:38:56.156367+00:00"", ""peak_mib"": 181247, """,b-ultralong8b-1m,longbench,,,32768,25,,m5_quality_mi300x/longbench_precision_b-ultralong8b-1m.csv,int8,_server,server_max_model_len_cmd,32768,,,20260918-063423-m5-longbench/int8/server.log,,server_paperwork
20261010-075351-f4-rebuild,20260918-070443-m5c-b-ultralong8b-1m-ruler,20260918-070525-m5-ruler,2026-09-18T07:04:43+00:00,run_start,0,UNOBSERVABLE_HOST,"{-1: {'pid': -1, 'first_seen': '2026-09-18T07:10:01.656649+00:00', 'peak_mib': 181909, 'n'","{""-1"": {""pid"": -1, ""first_seen"": ""2026-09-18T07:10:01.656649+00:00"", ""peak_mib"": 181909, """,b-ultralong8b-1m,ruler,,16384,32768,20,,m5_quality_mi300x/ruler_precision_b-ultralong8b-1m.csv,bf16,_server,server_kv_cache_dtype_cmd,,auto(未指定),,20260918-070525-m5-ruler/bf16/server.log,,server_paperwork
20261010-075351-f4-rebuild,20260918-070443-m5c-b-ultralong8b-1m-ruler,20260918-070525-m5-ruler,2026-09-18T07:04:43+00:00,run_start,0,UNOBSERVABLE_HOST,"{-1: {'pid': -1, 'first_seen': '2026-09-18T07:10:01.656649+00:00', 'peak_mib': 181909, 'n'","{""-1"": {""pid"": -1, ""first_seen"": ""2026-09-18T07:10:01.656649+00:00"", ""peak_mib"": 181909, """,b-ultralong8b-1m,ruler,,16384,32768,20,,m5_quality_mi300x/ruler_precision_b-ultralong8b-1m.csv,bf16,_server,server_kv_cache_dtype_log,,auto(未出現在 non-default args),,20260918-070525-m5-ruler/bf16/server.log,,server_paperwork
20261010-075351-f4-rebuild,20260918-070443-m5c-b-ultralong8b-1m-ruler,20260918-070525-m5-ruler,2026-09-18T07:04:43+00:00,run_start,0,UNOBSERVABLE_HOST,"{-1: {'pid': -1, 'first_seen': '2026-09-18T07:10:01.656649+00:00', 'peak_mib': 181909, 'n'","{""-1"": {""pid"": -1, ""first_seen"": ""2026-09-18T07:10:01.656649+00:00"", ""peak_mib"": 181909, """,b-ultralong8b-1m,ruler,,16384,32768,20,,m5_quality_mi300x/ruler_precision_b-ultralong8b-1m.csv,bf16,_server,server_attention_backend_log,,ROCM_ATTN,,20260918-070525-m5-ruler/bf16/server.log,,server_paperwork
20261010-075351-f4-rebuild,20260918-070443-m5c-b-ultralong8b-1m-ruler,20260918-070525-m5-ruler,2026-09-18T07:04:43+00:00,run_start,0,UNOBSERVABLE_HOST,"{-1: {'pid': -1, 'first_seen': '2026-09-18T07:10:01.656649+00:00', 'peak_mib': 181909, 'n'","{""-1"": {""pid"": -1, ""first_seen"": ""2026-09-18T07:10:01.656649+00:00"", ""peak_mib"": 181909, """,b-ultralong8b-1m,ruler,,16384,32768,20,,m5_quality_mi300x/ruler_precision_b-ultralong8b-1m.csv,bf16,_server,server_gpu_kv_cache_tokens_log,1265080.0,,,20260918-070525-m5-ruler/bf16/server.log,,server_paperwork
20261010-075351-f4-rebuild,20260918-070443-m5c-b-ultralong8b-1m-ruler,20260918-070525-m5-ruler,2026-09-18T07:04:43+00:00,run_start,0,UNOBSERVABLE_HOST,"{-1: {'pid': -1, 'first_seen': '2026-09-18T07:10:01.656649+00:00', 'peak_mib': 181909, 'n'","{""-1"": {""pid"": -1, ""first_seen"": ""2026-09-18T07:10:01.656649+00:00"", ""peak_mib"": 181909, """,b-ultralong8b-1m,ruler,,16384,32768,20,,m5_quality_mi300x/ruler_precision_b-ultralong8b-1m.csv,bf16,_server,server_max_model_len_cmd,17290,,,20260918-070525-m5-ruler/bf16/server.log,,server_paperwork
20261010-075351-f4-rebuild,20260918-070443-m5c-b-ultralong8b-1m-ruler,20260918-070525-m5-ruler,2026-09-18T07:04:43+00:00,run_start,0,UNOBSERVABLE_HOST,"{-1: {'pid': -1, 'first_seen': '2026-09-18T07:10:01.656649+00:00', 'peak_mib': 181909, 'n'","{""-1"": {""pid"": -1, ""first_seen"": ""2026-09-18T07:10:01.656649+00:00"", ""peak_mib"": 181909, """,b-ultralong8b-1m,ruler,,16384,32768,20,,m5_quality_mi300x/ruler_precision_b-ultralong8b-1m.csv,fp8,_server,server_kv_cache_dtype_cmd,,fp8,,20260918-070525-m5-ruler/fp8/server.log,,server_paperwork
20261010-075351-f4-rebuild,20260918-070443-m5c-b-ultralong8b-1m-ruler,20260918-070525-m5-ruler,2026-09-18T07:04:43+00:00,run_start,0,UNOBSERVABLE_HOST,"{-1: {'pid': -1, 'first_seen': '2026-09-18T07:10:01.656649+00:00', 'peak_mib': 181909, 'n'","{""-1"": {""pid"": -1, ""first_seen"": ""2026-09-18T07:10:01.656649+00:00"", ""peak_mib"": 181909, """,b-ultralong8b-1m,ruler,,16384,32768,20,,m5_quality_mi300x/ruler_precision_b-ultralong8b-1m.csv,fp8,_server,server_kv_cache_dtype_log,,fp8,,20260918-070525-m5-ruler/fp8/server.log,,server_paperwork
20261010-075351-f4-rebuild,20260918-070443-m5c-b-ultralong8b-1m-ruler,20260918-070525-m5-ruler,2026-09-18T07:04:43+00:00,run_start,0,UNOBSERVABLE_HOST,"{-1: {'pid': -1, 'first_seen': '2026-09-18T07:10:01.656649+00:00', 'peak_mib': 181909, 'n'","{""-1"": {""pid"": -1, ""first_seen"": ""2026-09-18T07:10:01.656649+00:00"", ""peak_mib"": 181909, """,b-ultralong8b-1m,ruler,,16384,32768,20,,m5_quality_mi300x/ruler_precision_b-ultralong8b-1m.csv,fp8,_server,server_attention_backend_log,,ROCM_ATTN,,20260918-070525-m5-ruler/fp8/server.log,,server_paperwork
20261010-075351-f4-rebuild,20260918-070443-m5c-b-ultralong8b-1m-ruler,20260918-070525-m5-ruler,2026-09-18T07:04:43+00:00,run_start,0,UNOBSERVABLE_HOST,"{-1: {'pid': -1, 'first_seen': '2026-09-18T07:10:01.656649+00:00', 'peak_mib': 181909, 'n'","{""-1"": {""pid"": -1, ""first_seen"": ""2026-09-18T07:10:01.656649+00:00"", ""peak_mib"": 181909, """,b-ultralong8b-1m,ruler,,16384,32768,20,,m5_quality_mi300x/ruler_precision_b-ultralong8b-1m.csv,fp8,_server,server_gpu_kv_cache_tokens_log,2530161.0,,,20260918-070525-m5-ruler/fp8/server.log,,server_paperwork
20261010-075351-f4-rebuild,20260918-070443-m5c-b-ultralong8b-1m-ruler,20260918-070525-m5-ruler,2026-09-18T07:04:43+00:00,run_start,0,UNOBSERVABLE_HOST,"{-1: {'pid': -1, 'first_seen': '2026-09-18T07:10:01.656649+00:00', 'peak_mib': 181909, 'n'","{""-1"": {""pid"": -1, ""first_seen"": ""2026-09-18T07:10:01.656649+00:00"", ""peak_mib"": 181909, """,b-ultralong8b-1m,ruler,,16384,32768,20,,m5_quality_mi300x/ruler_precision_b-ultralong8b-1m.csv,fp8,_server,server_max_model_len_cmd,17290,,,20260918-070525-m5-ruler/fp8/server.log,,server_paperwork
20261010-075351-f4-rebuild,20260918-070443-m5c-b-ultralong8b-1m-ruler,20260918-070525-m5-ruler,2026-09-18T07:04:43+00:00,run_start,0,UNOBSERVABLE_HOST,"{-1: {'pid': -1, 'first_seen': '2026-09-18T07:10:01.656649+00:00', 'peak_mib': 181909, 'n'","{""-1"": {""pid"": -1, ""first_seen"": ""2026-09-18T07:10:01.656649+00:00"", ""peak_mib"": 181909, """,b-ultralong8b-1m,ruler,,16384,32768,20,,m5_quality_mi300x/ruler_precision_b-ultralong8b-1m.csv,fp8_ptk,_server,server_kv_cache_dtype_cmd,,fp8_per_token_head,,20260918-070525-m5-ruler/fp8_ptk/server.log,,server_paperwork
20261010-075351-f4-rebuild,20260918-070443-m5c-b-ultralong8b-1m-ruler,20260918-070525-m5-ruler,2026-09-18T07:04:43+00:00,run_start,0,UNOBSERVABLE_HOST,"{-1: {'pid': -1, 'first_seen': '2026-09-18T07:10:01.656649+00:00', 'peak_mib': 181909, 'n'","{""-1"": {""pid"": -1, ""first_seen"": ""2026-09-18T07:10:01.656649+00:00"", ""peak_mib"": 181909, """,b-ultralong8b-1m,ruler,,16384,32768,20,,m5_quality_mi300x/ruler_precision_b-ultralong8b-1m.csv,fp8_ptk,_server,server_kv_cache_dtype_log,,fp8_per_token_head,,20260918-070525-m5-ruler/fp8_ptk/server.log,,server_paperwork
20261010-075351-f4-rebuild,20260918-070443-m5c-b-ultralong8b-1m-ruler,20260918-070525-m5-ruler,2026-09-18T07:04:43+00:00,run_start,0,UNOBSERVABLE_HOST,"{-1: {'pid': -1, 'first_seen': '2026-09-18T07:10:01.656649+00:00', 'peak_mib': 181909, 'n'","{""-1"": {""pid"": -1, ""first_seen"": ""2026-09-18T07:10:01.656649+00:00"", ""peak_mib"": 181909, """,b-ultralong8b-1m,ruler,,16384,32768,20,,m5_quality_mi300x/ruler_precision_b-ultralong8b-1m.csv,fp8_ptk,_server,server_attention_backend_log,,TRITON_ATTN,,20260918-070525-m5-ruler/fp8_ptk/server.log,,server_paperwork
20261010-075351-f4-rebuild,20260918-070443-m5c-b-ultralong8b-1m-ruler,20260918-070525-m5-ruler,2026-09-18T07:04:43+00:00,run_start,0,UNOBSERVABLE_HOST,"{-1: {'pid': -1, 'first_seen': '2026-09-18T07:10:01.656649+00:00', 'peak_mib': 181909, 'n'","{""-1"": {""pid"": -1, ""first_seen"": ""2026-09-18T07:10:01.656649+00:00"", ""peak_mib"": 181909, """,b-ultralong8b-1m,ruler,,16384,32768,20,,m5_quality_mi300x/ruler_precision_b-ultralong8b-1m.csv,fp8_ptk,_server,server_gpu_kv_cache_tokens_log,2453484.0,,,20260918-070525-m5-ruler/fp8_ptk/server.log,,server_paperwork
20261010-075351-f4-rebuild,20260918-070443-m5c-b-ultralong8b-1m-ruler,20260918-070525-m5-ruler,2026-09-18T07:04:43+00:00,run_start,0,UNOBSERVABLE_HOST,"{-1: {'pid': -1, 'first_seen': '2026-09-18T07:10:01.656649+00:00', 'peak_mib': 181909, 'n'","{""-1"": {""pid"": -1, ""first_seen"": ""2026-09-18T07:10:01.656649+00:00"", ""peak_mib"": 181909, """,b-ultralong8b-1m,ruler,,16384,32768,20,,m5_quality_mi300x/ruler_precision_b-ultralong8b-1m.csv,fp8_ptk,_server,server_max_model_len_cmd,17290,,,20260918-070525-m5-ruler/fp8_ptk/server.log,,server_paperwork
20261010-075351-f4-rebuild,20260918-070443-m5c-b-ultralong8b-1m-ruler,20260918-070525-m5-ruler,2026-09-18T07:04:43+00:00,run_start,0,UNOBSERVABLE_HOST,"{-1: {'pid': -1, 'first_seen': '2026-09-18T07:10:01.656649+00:00', 'peak_mib': 181909, 'n'","{""-1"": {""pid"": -1, ""first_seen"": ""2026-09-18T07:10:01.656649+00:00"", ""peak_mib"": 181909, """,b-ultralong8b-1m,ruler,,16384,32768,20,,m5_quality_mi300x/ruler_precision_b-ultralong8b-1m.csv,int4,_server,server_kv_cache_dtype_cmd,,int4_per_token_head,,20260918-070525-m5-ruler/int4/server.log,,server_paperwork
20261010-075351-f4-rebuild,20260918-070443-m5c-b-ultralong8b-1m-ruler,20260918-070525-m5-ruler,2026-09-18T07:04:43+00:00,run_start,0,UNOBSERVABLE_HOST,"{-1: {'pid': -1, 'first_seen': '2026-09-18T07:10:01.656649+00:00', 'peak_mib': 181909, 'n'","{""-1"": {""pid"": -1, ""first_seen"": ""2026-09-18T07:10:01.656649+00:00"", ""peak_mib"": 181909, """,b-ultralong8b-1m,ruler,,16384,32768,20,,m5_quality_mi300x/ruler_precision_b-ultralong8b-1m.csv,int4,_server,server_kv_cache_dtype_log,,int4_per_token_head,,20260918-070525-m5-ruler/int4/server.log,,server_paperwork
20261010-075351-f4-rebuild,20260918-070443-m5c-b-ultralong8b-1m-ruler,20260918-070525-m5-ruler,2026-09-18T07:04:43+00:00,run_start,0,UNOBSERVABLE_HOST,"{-1: {'pid': -1, 'first_seen': '2026-09-18T07:10:01.656649+00:00', 'peak_mib': 181909, 'n'","{""-1"": {""pid"": -1, ""first_seen"": ""2026-09-18T07:10:01.656649+00:00"", ""peak_mib"": 181909, """,b-ultralong8b-1m,ruler,,16384,32768,20,,m5_quality_mi300x/ruler_precision_b-ultralong8b-1m.csv,int4,_server,server_attention_backend_log,,TRITON_ATTN,,20260918-070525-m5-ruler/int4/server.log,,server_paperwork
20261010-075351-f4-rebuild,20260918-070443-m5c-b-ultralong8b-1m-ruler,20260918-070525-m5-ruler,2026-09-18T07:04:43+00:00,run_start,0,UNOBSERVABLE_HOST,"{-1: {'pid': -1, 'first_seen': '2026-09-18T07:10:01.656649+00:00', 'peak_mib': 181909, 'n'","{""-1"": {""pid"": -1, ""first_seen"": ""2026-09-18T07:10:01.656649+00:00"", ""peak_mib"": 181909, """,b-ultralong8b-1m,ruler,,16384,32768,20,,m5_quality_mi300x/ruler_precision_b-ultralong8b-1m.csv,int4,_server,server_gpu_kv_cache_tokens_log,4762667.0,,,20260918-070525-m5-ruler/int4/server.log,,server_paperwork
20261010-075351-f4-rebuild,20260918-070443-m5c-b-ultralong8b-1m-ruler,20260918-070525-m5-ruler,2026-09-18T07:04:43+00:00,run_start,0,UNOBSERVABLE_HOST,"{-1: {'pid': -1, 'first_seen': '2026-09-18T07:10:01.656649+00:00', 'peak_mib': 181909, 'n'","{""-1"": {""pid"": -1, ""first_seen"": ""2026-09-18T07:10:01.656649+00:00"", ""peak_mib"": 181909, """,b-ultralong8b-1m,ruler,,16384,32768,20,,m5_quality_mi300x/ruler_precision_b-ultralong8b-1m.csv,int4,_server,server_max_model_len_cmd,17290,,,20260918-070525-m5-ruler/int4/server.log,,server_paperwork
20261010-075351-f4-rebuild,20260918-070443-m5c-b-ultralong8b-1m-ruler,20260918-070525-m5-ruler,2026-09-18T07:04:43+00:00,run_start,0,UNOBSERVABLE_HOST,"{-1: {'pid': -1, 'first_seen': '2026-09-18T07:10:01.656649+00:00', 'peak_mib': 181909, 'n'","{""-1"": {""pid"": -1, ""first_seen"": ""2026-09-18T07:10:01.656649+00:00"", ""peak_mib"": 181909, """,b-ultralong8b-1m,ruler,,16384,32768,20,,m5_quality_mi300x/ruler_precision_b-ultralong8b-1m.csv,int8,_server,server_kv_cache_dtype_cmd,,int8_per_token_head,,20260918-070525-m5-ruler/int8/server.log,,server_paperwork
20261010-075351-f4-rebuild,20260918-070443-m5c-b-ultralong8b-1m-ruler,20260918-070525-m5-ruler,2026-09-18T07:04:43+00:00,run_start,0,UNOBSERVABLE_HOST,"{-1: {'pid': -1, 'first_seen': '2026-09-18T07:10:01.656649+00:00', 'peak_mib': 181909, 'n'","{""-1"": {""pid"": -1, ""first_seen"": ""2026-09-18T07:10:01.656649+00:00"", ""peak_mib"": 181909, """,b-ultralong8b-1m,ruler,,16384,32768,20,,m5_quality_mi300x/ruler_precision_b-ultralong8b-1m.csv,int8,_server,server_kv_cache_dtype_log,,int8_per_token_head,,20260918-070525-m5-ruler/int8/server.log,,server_paperwork
20261010-075351-f4-rebuild,20260918-070443-m5c-b-ultralong8b-1m-ruler,20260918-070525-m5-ruler,2026-09-18T07:04:43+00:00,run_start,0,UNOBSERVABLE_HOST,"{-1: {'pid': -1, 'first_seen': '2026-09-18T07:10:01.656649+00:00', 'peak_mib': 181909, 'n'","{""-1"": {""pid"": -1, ""first_seen"": ""2026-09-18T07:10:01.656649+00:00"", ""peak_mib"": 181909, """,b-ultralong8b-1m,ruler,,16384,32768,20,,m5_quality_mi300x/ruler_precision_b-ultralong8b-1m.csv,int8,_server,server_attention_backend_log,,TRITON_ATTN,,20260918-070525-m5-ruler/int8/server.log,,server_paperwork
20261010-075351-f4-rebuild,20260918-070443-m5c-b-ultralong8b-1m-ruler,20260918-070525-m5-ruler,2026-09-18T07:04:43+00:00,run_start,0,UNOBSERVABLE_HOST,"{-1: {'pid': -1, 'first_seen': '2026-09-18T07:10:01.656649+00:00', 'peak_mib': 181909, 'n'","{""-1"": {""pid"": -1, ""first_seen"": ""2026-09-18T07:10:01.656649+00:00"", ""peak_mib"": 181909, """,b-ultralong8b-1m,ruler,,16384,32768,20,,m5_quality_mi300x/ruler_precision_b-ultralong8b-1m.csv,int8,_server,server_gpu_kv_cache_tokens_log,2453484.0,,,20260918-070525-m5-ruler/int8/server.log,,server_paperwork
20261010-075351-f4-rebuild,20260918-070443-m5c-b-ultralong8b-1m-ruler,20260918-070525-m5-ruler,2026-09-18T07:04:43+00:00,run_start,0,UNOBSERVABLE_HOST,"{-1: {'pid': -1, 'first_seen': '2026-09-18T07:10:01.656649+00:00', 'peak_mib': 181909, 'n'","{""-1"": {""pid"": -1, ""first_seen"": ""2026-09-18T07:10:01.656649+00:00"", ""peak_mib"": 181909, """,b-ultralong8b-1m,ruler,,16384,32768,20,,m5_quality_mi300x/ruler_precision_b-ultralong8b-1m.csv,int8,_server,server_max_model_len_cmd,17290,,,20260918-070525-m5-ruler/int8/server.log,,server_paperwork
20261010-075351-f4-rebuild,20260918-074128-m5c-b-qwen3-30b-a3b-longbench,20260918-074206-m5-longbench,2026-09-18T07:41:28+00:00,run_start,0,UNOBSERVABLE_HOST,"{-1: {'pid': -1, 'first_seen': '2026-09-18T07:47:41.372221+00:00', 'peak_mib': 173522, 'n'","{""-1"": {""pid"": -1, ""first_seen"": ""2026-09-18T07:47:41.372221+00:00"", ""peak_mib"": 173522, """,b-qwen3-30b-a3b,longbench,,,32768,25,,m5_quality_mi300x/longbench_precision_b-qwen3-30b-a3b.csv,bf16,_server,server_kv_cache_dtype_cmd,,auto(未指定),,20260918-074206-m5-longbench/bf16/server.log,,server_paperwork
20261010-075351-f4-rebuild,20260918-074128-m5c-b-qwen3-30b-a3b-longbench,20260918-074206-m5-longbench,2026-09-18T07:41:28+00:00,run_start,0,UNOBSERVABLE_HOST,"{-1: {'pid': -1, 'first_seen': '2026-09-18T07:47:41.372221+00:00', 'peak_mib': 173522, 'n'","{""-1"": {""pid"": -1, ""first_seen"": ""2026-09-18T07:47:41.372221+00:00"", ""peak_mib"": 173522, """,b-qwen3-30b-a3b,longbench,,,32768,25,,m5_quality_mi300x/longbench_precision_b-qwen3-30b-a3b.csv,bf16,_server,server_kv_cache_dtype_log,,auto(未出現在 non-default args),,20260918-074206-m5-longbench/bf16/server.log,,server_paperwork
20261010-075351-f4-rebuild,20260918-074128-m5c-b-qwen3-30b-a3b-longbench,20260918-074206-m5-longbench,2026-09-18T07:41:28+00:00,run_start,0,UNOBSERVABLE_HOST,"{-1: {'pid': -1, 'first_seen': '2026-09-18T07:47:41.372221+00:00', 'peak_mib': 173522, 'n'","{""-1"": {""pid"": -1, ""first_seen"": ""2026-09-18T07:47:41.372221+00:00"", ""peak_mib"": 173522, """,b-qwen3-30b-a3b,longbench,,,32768,25,,m5_quality_mi300x/longbench_precision_b-qwen3-30b-a3b.csv,bf16,_server,server_attention_backend_log,,ROCM_ATTN,,20260918-074206-m5-longbench/bf16/server.log,,server_paperwork
20261010-075351-f4-rebuild,20260918-074128-m5c-b-qwen3-30b-a3b-longbench,20260918-074206-m5-longbench,2026-09-18T07:41:28+00:00,run_start,0,UNOBSERVABLE_HOST,"{-1: {'pid': -1, 'first_seen': '2026-09-18T07:47:41.372221+00:00', 'peak_mib': 173522, 'n'","{""-1"": {""pid"": -1, ""first_seen"": ""2026-09-18T07:47:41.372221+00:00"", ""peak_mib"": 173522, """,b-qwen3-30b-a3b,longbench,,,32768,25,,m5_quality_mi300x/longbench_precision_b-qwen3-30b-a3b.csv,bf16,_server,server_gpu_kv_cache_tokens_log,944944.0,,,20260918-074206-m5-longbench/bf16/server.log,,server_paperwork
20261010-075351-f4-rebuild,20260918-074128-m5c-b-qwen3-30b-a3b-longbench,20260918-074206-m5-longbench,2026-09-18T07:41:28+00:00,run_start,0,UNOBSERVABLE_HOST,"{-1: {'pid': -1, 'first_seen': '2026-09-18T07:47:41.372221+00:00', 'peak_mib': 173522, 'n'","{""-1"": {""pid"": -1, ""first_seen"": ""2026-09-18T07:47:41.372221+00:00"", ""peak_mib"": 173522, """,b-qwen3-30b-a3b,longbench,,,32768,25,,m5_quality_mi300x/longbench_precision_b-qwen3-30b-a3b.csv,bf16,_server,server_max_model_len_cmd,32768,,,20260918-074206-m5-longbench/bf16/server.log,,server_paperwork
20261010-075351-f4-rebuild,20260918-074128-m5c-b-qwen3-30b-a3b-longbench,20260918-074206-m5-longbench,2026-09-18T07:41:28+00:00,run_start,0,UNOBSERVABLE_HOST,"{-1: {'pid': -1, 'first_seen': '2026-09-18T07:47:41.372221+00:00', 'peak_mib': 173522, 'n'","{""-1"": {""pid"": -1, ""first_seen"": ""2026-09-18T07:47:41.372221+00:00"", ""peak_mib"": 173522, """,b-qwen3-30b-a3b,longbench,,,32768,25,,m5_quality_mi300x/longbench_precision_b-qwen3-30b-a3b.csv,fp8,_server,server_kv_cache_dtype_cmd,,fp8,,20260918-074206-m5-longbench/fp8/server.log,,server_paperwork
20261010-075351-f4-rebuild,20260918-074128-m5c-b-qwen3-30b-a3b-longbench,20260918-074206-m5-longbench,2026-09-18T07:41:28+00:00,run_start,0,UNOBSERVABLE_HOST,"{-1: {'pid': -1, 'first_seen': '2026-09-18T07:47:41.372221+00:00', 'peak_mib': 173522, 'n'","{""-1"": {""pid"": -1, ""first_seen"": ""2026-09-18T07:47:41.372221+00:00"", ""peak_mib"": 173522, """,b-qwen3-30b-a3b,longbench,,,32768,25,,m5_quality_mi300x/longbench_precision_b-qwen3-30b-a3b.csv,fp8,_server,server_kv_cache_dtype_log,,fp8,,20260918-074206-m5-longbench/fp8/server.log,,server_paperwork
20261010-075351-f4-rebuild,20260918-074128-m5c-b-qwen3-30b-a3b-longbench,20260918-074206-m5-longbench,2026-09-18T07:41:28+00:00,run_start,0,UNOBSERVABLE_HOST,"{-1: {'pid': -1, 'first_seen': '2026-09-18T07:47:41.372221+00:00', 'peak_mib': 173522, 'n'","{""-1"": {""pid"": -1, ""first_seen"": ""2026-09-18T07:47:41.372221+00:00"", ""peak_mib"": 173522, """,b-qwen3-30b-a3b,longbench,,,32768,25,,m5_quality_mi300x/longbench_precision_b-qwen3-30b-a3b.csv,fp8,_server,server_attention_backend_log,,ROCM_ATTN,,20260918-074206-m5-longbench/fp8/server.log,,server_paperwork
20261010-075351-f4-rebuild,20260918-074128-m5c-b-qwen3-30b-a3b-longbench,20260918-074206-m5-longbench,2026-09-18T07:41:28+00:00,run_start,0,UNOBSERVABLE_HOST,"{-1: {'pid': -1, 'first_seen': '2026-09-18T07:47:41.372221+00:00', 'peak_mib': 173522, 'n'","{""-1"": {""pid"": -1, ""first_seen"": ""2026-09-18T07:47:41.372221+00:00"", ""peak_mib"": 173522, """,b-qwen3-30b-a3b,longbench,,,32768,25,,m5_quality_mi300x/longbench_precision_b-qwen3-30b-a3b.csv,fp8,_server,server_gpu_kv_cache_tokens_log,1890096.0,,,20260918-074206-m5-longbench/fp8/server.log,,server_paperwork
20261010-075351-f4-rebuild,20260918-074128-m5c-b-qwen3-30b-a3b-longbench,20260918-074206-m5-longbench,2026-09-18T07:41:28+00:00,run_start,0,UNOBSERVABLE_HOST,"{-1: {'pid': -1, 'first_seen': '2026-09-18T07:47:41.372221+00:00', 'peak_mib': 173522, 'n'","{""-1"": {""pid"": -1, ""first_seen"": ""2026-09-18T07:47:41.372221+00:00"", ""peak_mib"": 173522, """,b-qwen3-30b-a3b,longbench,,,32768,25,,m5_quality_mi300x/longbench_precision_b-qwen3-30b-a3b.csv,fp8,_server,server_max_model_len_cmd,32768,,,20260918-074206-m5-longbench/fp8/server.log,,server_paperwork
20261010-075351-f4-rebuild,20260918-074128-m5c-b-qwen3-30b-a3b-longbench,20260918-074206-m5-longbench,2026-09-18T07:41:28+00:00,run_start,0,UNOBSERVABLE_HOST,"{-1: {'pid': -1, 'first_seen': '2026-09-18T07:47:41.372221+00:00', 'peak_mib': 173522, 'n'","{""-1"": {""pid"": -1, ""first_seen"": ""2026-09-18T07:47:41.372221+00:00"", ""peak_mib"": 173522, """,b-qwen3-30b-a3b,longbench,,,32768,25,,m5_quality_mi300x/longbench_precision_b-qwen3-30b-a3b.csv,fp8_ptk,_server,server_kv_cache_dtype_cmd,,fp8_per_token_head,,20260918-074206-m5-longbench/fp8_ptk/server.log,,server_paperwork
20261010-075351-f4-rebuild,20260918-074128-m5c-b-qwen3-30b-a3b-longbench,20260918-074206-m5-longbench,2026-09-18T07:41:28+00:00,run_start,0,UNOBSERVABLE_HOST,"{-1: {'pid': -1, 'first_seen': '2026-09-18T07:47:41.372221+00:00', 'peak_mib': 173522, 'n'","{""-1"": {""pid"": -1, ""first_seen"": ""2026-09-18T07:47:41.372221+00:00"", ""peak_mib"": 173522, """,b-qwen3-30b-a3b,longbench,,,32768,25,,m5_quality_mi300x/longbench_precision_b-qwen3-30b-a3b.csv,fp8_ptk,_server,server_kv_cache_dtype_log,,fp8_per_token_head,,20260918-074206-m5-longbench/fp8_ptk/server.log,,server_paperwork
20261010-075351-f4-rebuild,20260918-074128-m5c-b-qwen3-30b-a3b-longbench,20260918-074206-m5-longbench,2026-09-18T07:41:28+00:00,run_start,0,UNOBSERVABLE_HOST,"{-1: {'pid': -1, 'first_seen': '2026-09-18T07:47:41.372221+00:00', 'peak_mib': 173522, 'n'","{""-1"": {""pid"": -1, ""first_seen"": ""2026-09-18T07:47:41.372221+00:00"", ""peak_mib"": 173522, """,b-qwen3-30b-a3b,longbench,,,32768,25,,m5_quality_mi300x/longbench_precision_b-qwen3-30b-a3b.csv,fp8_ptk,_server,server_attention_backend_log,,TRITON_ATTN,,20260918-074206-m5-longbench/fp8_ptk/server.log,,server_paperwork
20261010-075351-f4-rebuild,20260918-074128-m5c-b-qwen3-30b-a3b-longbench,20260918-074206-m5-longbench,2026-09-18T07:41:28+00:00,run_start,0,UNOBSERVABLE_HOST,"{-1: {'pid': -1, 'first_seen': '2026-09-18T07:47:41.372221+00:00', 'peak_mib': 173522, 'n'","{""-1"": {""pid"": -1, ""first_seen"": ""2026-09-18T07:47:41.372221+00:00"", ""peak_mib"": 173522, """,b-qwen3-30b-a3b,longbench,,,32768,25,,m5_quality_mi300x/longbench_precision_b-qwen3-30b-a3b.csv,fp8_ptk,_server,server_gpu_kv_cache_tokens_log,1838576.0,,,20260918-074206-m5-longbench/fp8_ptk/server.log,,server_paperwork
20261010-075351-f4-rebuild,20260918-074128-m5c-b-qwen3-30b-a3b-longbench,20260918-074206-m5-longbench,2026-09-18T07:41:28+00:00,run_start,0,UNOBSERVABLE_HOST,"{-1: {'pid': -1, 'first_seen': '2026-09-18T07:47:41.372221+00:00', 'peak_mib': 173522, 'n'","{""-1"": {""pid"": -1, ""first_seen"": ""2026-09-18T07:47:41.372221+00:00"", ""peak_mib"": 173522, """,b-qwen3-30b-a3b,longbench,,,32768,25,,m5_quality_mi300x/longbench_precision_b-qwen3-30b-a3b.csv,fp8_ptk,_server,server_max_model_len_cmd,32768,,,20260918-074206-m5-longbench/fp8_ptk/server.log,,server_paperwork
20261010-075351-f4-rebuild,20260918-074128-m5c-b-qwen3-30b-a3b-longbench,20260918-074206-m5-longbench,2026-09-18T07:41:28+00:00,run_start,0,UNOBSERVABLE_HOST,"{-1: {'pid': -1, 'first_seen': '2026-09-18T07:47:41.372221+00:00', 'peak_mib': 173522, 'n'","{""-1"": {""pid"": -1, ""first_seen"": ""2026-09-18T07:47:41.372221+00:00"", ""peak_mib"": 173522, """,b-qwen3-30b-a3b,longbench,,,32768,25,,m5_quality_mi300x/longbench_precision_b-qwen3-30b-a3b.csv,int4,_server,server_kv_cache_dtype_cmd,,int4_per_token_head,,20260918-074206-m5-longbench/int4/server.log,,server_paperwork
20261010-075351-f4-rebuild,20260918-074128-m5c-b-qwen3-30b-a3b-longbench,20260918-074206-m5-longbench,2026-09-18T07:41:28+00:00,run_start,0,UNOBSERVABLE_HOST,"{-1: {'pid': -1, 'first_seen': '2026-09-18T07:47:41.372221+00:00', 'peak_mib': 173522, 'n'","{""-1"": {""pid"": -1, ""first_seen"": ""2026-09-18T07:47:41.372221+00:00"", ""peak_mib"": 173522, """,b-qwen3-30b-a3b,longbench,,,32768,25,,m5_quality_mi300x/longbench_precision_b-qwen3-30b-a3b.csv,int4,_server,server_kv_cache_dtype_log,,int4_per_token_head,,20260918-074206-m5-longbench/int4/server.log,,server_paperwork
20261010-075351-f4-rebuild,20260918-074128-m5c-b-qwen3-30b-a3b-longbench,20260918-074206-m5-longbench,2026-09-18T07:41:28+00:00,run_start,0,UNOBSERVABLE_HOST,"{-1: {'pid': -1, 'first_seen': '2026-09-18T07:47:41.372221+00:00', 'peak_mib': 173522, 'n'","{""-1"": {""pid"": -1, ""first_seen"": ""2026-09-18T07:47:41.372221+00:00"", ""peak_mib"": 173522, """,b-qwen3-30b-a3b,longbench,,,32768,25,,m5_quality_mi300x/longbench_precision_b-qwen3-30b-a3b.csv,int4,_server,server_attention_backend_log,,TRITON_ATTN,,20260918-074206-m5-longbench/int4/server.log,,server_paperwork
20261010-075351-f4-rebuild,20260918-074128-m5c-b-qwen3-30b-a3b-longbench,20260918-074206-m5-longbench,2026-09-18T07:41:28+00:00,run_start,0,UNOBSERVABLE_HOST,"{-1: {'pid': -1, 'first_seen': '2026-09-18T07:47:41.372221+00:00', 'peak_mib': 173522, 'n'","{""-1"": {""pid"": -1, ""first_seen"": ""2026-09-18T07:47:41.372221+00:00"", ""peak_mib"": 173522, """,b-qwen3-30b-a3b,longbench,,,32768,25,,m5_quality_mi300x/longbench_precision_b-qwen3-30b-a3b.csv,int4,_server,server_gpu_kv_cache_tokens_log,3568768.0,,,20260918-074206-m5-longbench/int4/server.log,,server_paperwork
20261010-075351-f4-rebuild,20260918-074128-m5c-b-qwen3-30b-a3b-longbench,20260918-074206-m5-longbench,2026-09-18T07:41:28+00:00,run_start,0,UNOBSERVABLE_HOST,"{-1: {'pid': -1, 'first_seen': '2026-09-18T07:47:41.372221+00:00', 'peak_mib': 173522, 'n'","{""-1"": {""pid"": -1, ""first_seen"": ""2026-09-18T07:47:41.372221+00:00"", ""peak_mib"": 173522, """,b-qwen3-30b-a3b,longbench,,,32768,25,,m5_quality_mi300x/longbench_precision_b-qwen3-30b-a3b.csv,int4,_server,server_max_model_len_cmd,32768,,,20260918-074206-m5-longbench/int4/server.log,,server_paperwork
20261010-075351-f4-rebuild,20260918-074128-m5c-b-qwen3-30b-a3b-longbench,20260918-074206-m5-longbench,2026-09-18T07:41:28+00:00,run_start,0,UNOBSERVABLE_HOST,"{-1: {'pid': -1, 'first_seen': '2026-09-18T07:47:41.372221+00:00', 'peak_mib': 173522, 'n'","{""-1"": {""pid"": -1, ""first_seen"": ""2026-09-18T07:47:41.372221+00:00"", ""peak_mib"": 173522, """,b-qwen3-30b-a3b,longbench,,,32768,25,,m5_quality_mi300x/longbench_precision_b-qwen3-30b-a3b.csv,int8,_server,server_kv_cache_dtype_cmd,,int8_per_token_head,,20260918-074206-m5-longbench/int8/server.log,,server_paperwork
20261010-075351-f4-rebuild,20260918-074128-m5c-b-qwen3-30b-a3b-longbench,20260918-074206-m5-longbench,2026-09-18T07:41:28+00:00,run_start,0,UNOBSERVABLE_HOST,"{-1: {'pid': -1, 'first_seen': '2026-09-18T07:47:41.372221+00:00', 'peak_mib': 173522, 'n'","{""-1"": {""pid"": -1, ""first_seen"": ""2026-09-18T07:47:41.372221+00:00"", ""peak_mib"": 173522, """,b-qwen3-30b-a3b,longbench,,,32768,25,,m5_quality_mi300x/longbench_precision_b-qwen3-30b-a3b.csv,int8,_server,server_kv_cache_dtype_log,,int8_per_token_head,,20260918-074206-m5-longbench/int8/server.log,,server_paperwork
20261010-075351-f4-rebuild,20260918-074128-m5c-b-qwen3-30b-a3b-longbench,20260918-074206-m5-longbench,2026-09-18T07:41:28+00:00,run_start,0,UNOBSERVABLE_HOST,"{-1: {'pid': -1, 'first_seen': '2026-09-18T07:47:41.372221+00:00', 'peak_mib': 173522, 'n'","{""-1"": {""pid"": -1, ""first_seen"": ""2026-09-18T07:47:41.372221+00:00"", ""peak_mib"": 173522, """,b-qwen3-30b-a3b,longbench,,,32768,25,,m5_quality_mi300x/longbench_precision_b-qwen3-30b-a3b.csv,int8,_server,server_attention_backend_log,,TRITON_ATTN,,20260918-074206-m5-longbench/int8/server.log,,server_paperwork
20261010-075351-f4-rebuild,20260918-074128-m5c-b-qwen3-30b-a3b-longbench,20260918-074206-m5-longbench,2026-09-18T07:41:28+00:00,run_start,0,UNOBSERVABLE_HOST,"{-1: {'pid': -1, 'first_seen': '2026-09-18T07:47:41.372221+00:00', 'peak_mib': 173522, 'n'","{""-1"": {""pid"": -1, ""first_seen"": ""2026-09-18T07:47:41.372221+00:00"", ""peak_mib"": 173522, """,b-qwen3-30b-a3b,longbench,,,32768,25,,m5_quality_mi300x/longbench_precision_b-qwen3-30b-a3b.csv,int8,_server,server_gpu_kv_cache_tokens_log,1838576.0,,,20260918-074206-m5-longbench/int8/server.log,,server_paperwork
20261010-075351-f4-rebuild,20260918-074128-m5c-b-qwen3-30b-a3b-longbench,20260918-074206-m5-longbench,2026-09-18T07:41:28+00:00,run_start,0,UNOBSERVABLE_HOST,"{-1: {'pid': -1, 'first_seen': '2026-09-18T07:47:41.372221+00:00', 'peak_mib': 173522, 'n'","{""-1"": {""pid"": -1, ""first_seen"": ""2026-09-18T07:47:41.372221+00:00"", ""peak_mib"": 173522, """,b-qwen3-30b-a3b,longbench,,,32768,25,,m5_quality_mi300x/longbench_precision_b-qwen3-30b-a3b.csv,int8,_server,server_max_model_len_cmd,32768,,,20260918-074206-m5-longbench/int8/server.log,,server_paperwork
20261010-075351-f4-rebuild,20260918-082150-m5c-b-qwen3-30b-a3b-ruler,20260918-082230-m5-ruler,2026-09-18T08:21:50+00:00,run_start,0,UNOBSERVABLE_HOST,"{-1: {'pid': -1, 'first_seen': '2026-09-18T08:28:05.272844+00:00', 'peak_mib': 173556, 'n'","{""-1"": {""pid"": -1, ""first_seen"": ""2026-09-18T08:28:05.272844+00:00"", ""peak_mib"": 173556, """,b-qwen3-30b-a3b,ruler,,16384,32768,20,,m5_quality_mi300x/ruler_precision_b-qwen3-30b-a3b.csv,bf16,_server,server_kv_cache_dtype_cmd,,auto(未指定),,20260918-082230-m5-ruler/bf16/server.log,,server_paperwork
20261010-075351-f4-rebuild,20260918-082150-m5c-b-qwen3-30b-a3b-ruler,20260918-082230-m5-ruler,2026-09-18T08:21:50+00:00,run_start,0,UNOBSERVABLE_HOST,"{-1: {'pid': -1, 'first_seen': '2026-09-18T08:28:05.272844+00:00', 'peak_mib': 173556, 'n'","{""-1"": {""pid"": -1, ""first_seen"": ""2026-09-18T08:28:05.272844+00:00"", ""peak_mib"": 173556, """,b-qwen3-30b-a3b,ruler,,16384,32768,20,,m5_quality_mi300x/ruler_precision_b-qwen3-30b-a3b.csv,bf16,_server,server_kv_cache_dtype_log,,auto(未出現在 non-default args),,20260918-082230-m5-ruler/bf16/server.log,,server_paperwork
20261010-075351-f4-rebuild,20260918-082150-m5c-b-qwen3-30b-a3b-ruler,20260918-082230-m5-ruler,2026-09-18T08:21:50+00:00,run_start,0,UNOBSERVABLE_HOST,"{-1: {'pid': -1, 'first_seen': '2026-09-18T08:28:05.272844+00:00', 'peak_mib': 173556, 'n'","{""-1"": {""pid"": -1, ""first_seen"": ""2026-09-18T08:28:05.272844+00:00"", ""peak_mib"": 173556, """,b-qwen3-30b-a3b,ruler,,16384,32768,20,,m5_quality_mi300x/ruler_precision_b-qwen3-30b-a3b.csv,bf16,_server,server_attention_backend_log,,ROCM_ATTN,,20260918-082230-m5-ruler/bf16/server.log,,server_paperwork
20261010-075351-f4-rebuild,20260918-082150-m5c-b-qwen3-30b-a3b-ruler,20260918-082230-m5-ruler,2026-09-18T08:21:50+00:00,run_start,0,UNOBSERVABLE_HOST,"{-1: {'pid': -1, 'first_seen': '2026-09-18T08:28:05.272844+00:00', 'peak_mib': 173556, 'n'","{""-1"": {""pid"": -1, ""first_seen"": ""2026-09-18T08:28:05.272844+00:00"", ""peak_mib"": 173556, """,b-qwen3-30b-a3b,ruler,,16384,32768,20,,m5_quality_mi300x/ruler_precision_b-qwen3-30b-a3b.csv,bf16,_server,server_gpu_kv_cache_tokens_log,947218.0,,,20260918-082230-m5-ruler/bf16/server.log,,server_paperwork
20261010-075351-f4-rebuild,20260918-082150-m5c-b-qwen3-30b-a3b-ruler,20260918-082230-m5-ruler,2026-09-18T08:21:50+00:00,run_start,0,UNOBSERVABLE_HOST,"{-1: {'pid': -1, 'first_seen': '2026-09-18T08:28:05.272844+00:00', 'peak_mib': 173556, 'n'","{""-1"": {""pid"": -1, ""first_seen"": ""2026-09-18T08:28:05.272844+00:00"", ""peak_mib"": 173556, """,b-qwen3-30b-a3b,ruler,,16384,32768,20,,m5_quality_mi300x/ruler_precision_b-qwen3-30b-a3b.csv,bf16,_server,server_max_model_len_cmd,17287,,,20260918-082230-m5-ruler/bf16/server.log,,server_paperwork
20261010-075351-f4-rebuild,20260918-082150-m5c-b-qwen3-30b-a3b-ruler,20260918-082230-m5-ruler,2026-09-18T08:21:50+00:00,run_start,0,UNOBSERVABLE_HOST,"{-1: {'pid': -1, 'first_seen': '2026-09-18T08:28:05.272844+00:00', 'peak_mib': 173556, 'n'","{""-1"": {""pid"": -1, ""first_seen"": ""2026-09-18T08:28:05.272844+00:00"", ""peak_mib"": 173556, """,b-qwen3-30b-a3b,ruler,,16384,32768,20,,m5_quality_mi300x/ruler_precision_b-qwen3-30b-a3b.csv,fp8,_server,server_kv_cache_dtype_cmd,,fp8,,20260918-082230-m5-ruler/fp8/server.log,,server_paperwork
20261010-075351-f4-rebuild,20260918-082150-m5c-b-qwen3-30b-a3b-ruler,20260918-082230-m5-ruler,2026-09-18T08:21:50+00:00,run_start,0,UNOBSERVABLE_HOST,"{-1: {'pid': -1, 'first_seen': '2026-09-18T08:28:05.272844+00:00', 'peak_mib': 173556, 'n'","{""-1"": {""pid"": -1, ""first_seen"": ""2026-09-18T08:28:05.272844+00:00"", ""peak_mib"": 173556, """,b-qwen3-30b-a3b,ruler,,16384,32768,20,,m5_quality_mi300x/ruler_precision_b-qwen3-30b-a3b.csv,fp8,_server,server_kv_cache_dtype_log,,fp8,,20260918-082230-m5-ruler/fp8/server.log,,server_paperwork
20261010-075351-f4-rebuild,20260918-082150-m5c-b-qwen3-30b-a3b-ruler,20260918-082230-m5-ruler,2026-09-18T08:21:50+00:00,run_start,0,UNOBSERVABLE_HOST,"{-1: {'pid': -1, 'first_seen': '2026-09-18T08:28:05.272844+00:00', 'peak_mib': 173556, 'n'","{""-1"": {""pid"": -1, ""first_seen"": ""2026-09-18T08:28:05.272844+00:00"", ""peak_mib"": 173556, """,b-qwen3-30b-a3b,ruler,,16384,32768,20,,m5_quality_mi300x/ruler_precision_b-qwen3-30b-a3b.csv,fp8,_server,server_attention_backend_log,,ROCM_ATTN,,20260918-082230-m5-ruler/fp8/server.log,,server_paperwork
20261010-075351-f4-rebuild,20260918-082150-m5c-b-qwen3-30b-a3b-ruler,20260918-082230-m5-ruler,2026-09-18T08:21:50+00:00,run_start,0,UNOBSERVABLE_HOST,"{-1: {'pid': -1, 'first_seen': '2026-09-18T08:28:05.272844+00:00', 'peak_mib': 173556, 'n'","{""-1"": {""pid"": -1, ""first_seen"": ""2026-09-18T08:28:05.272844+00:00"", ""peak_mib"": 173556, """,b-qwen3-30b-a3b,ruler,,16384,32768,20,,m5_quality_mi300x/ruler_precision_b-qwen3-30b-a3b.csv,fp8,_server,server_gpu_kv_cache_tokens_log,1894661.0,,,20260918-082230-m5-ruler/fp8/server.log,,server_paperwork
20261010-075351-f4-rebuild,20260918-082150-m5c-b-qwen3-30b-a3b-ruler,20260918-082230-m5-ruler,2026-09-18T08:21:50+00:00,run_start,0,UNOBSERVABLE_HOST,"{-1: {'pid': -1, 'first_seen': '2026-09-18T08:28:05.272844+00:00', 'peak_mib': 173556, 'n'","{""-1"": {""pid"": -1, ""first_seen"": ""2026-09-18T08:28:05.272844+00:00"", ""peak_mib"": 173556, """,b-qwen3-30b-a3b,ruler,,16384,32768,20,,m5_quality_mi300x/ruler_precision_b-qwen3-30b-a3b.csv,fp8,_server,server_max_model_len_cmd,17287,,,20260918-082230-m5-ruler/fp8/server.log,,server_paperwork
20261010-075351-f4-rebuild,20260918-082150-m5c-b-qwen3-30b-a3b-ruler,20260918-082230-m5-ruler,2026-09-18T08:21:50+00:00,run_start,0,UNOBSERVABLE_HOST,"{-1: {'pid': -1, 'first_seen': '2026-09-18T08:28:05.272844+00:00', 'peak_mib': 173556, 'n'","{""-1"": {""pid"": -1, ""first_seen"": ""2026-09-18T08:28:05.272844+00:00"", ""peak_mib"": 173556, """,b-qwen3-30b-a3b,ruler,,16384,32768,20,,m5_quality_mi300x/ruler_precision_b-qwen3-30b-a3b.csv,fp8_ptk,_server,server_kv_cache_dtype_cmd,,fp8_per_token_head,,20260918-082230-m5-ruler/fp8_ptk/server.log,,server_paperwork
20261010-075351-f4-rebuild,20260918-082150-m5c-b-qwen3-30b-a3b-ruler,20260918-082230-m5-ruler,2026-09-18T08:21:50+00:00,run_start,0,UNOBSERVABLE_HOST,"{-1: {'pid': -1, 'first_seen': '2026-09-18T08:28:05.272844+00:00', 'peak_mib': 173556, 'n'","{""-1"": {""pid"": -1, ""first_seen"": ""2026-09-18T08:28:05.272844+00:00"", ""peak_mib"": 173556, """,b-qwen3-30b-a3b,ruler,,16384,32768,20,,m5_quality_mi300x/ruler_precision_b-qwen3-30b-a3b.csv,fp8_ptk,_server,server_kv_cache_dtype_log,,fp8_per_token_head,,20260918-082230-m5-ruler/fp8_ptk/server.log,,server_paperwork
20261010-075351-f4-rebuild,20260918-082150-m5c-b-qwen3-30b-a3b-ruler,20260918-082230-m5-ruler,2026-09-18T08:21:50+00:00,run_start,0,UNOBSERVABLE_HOST,"{-1: {'pid': -1, 'first_seen': '2026-09-18T08:28:05.272844+00:00', 'peak_mib': 173556, 'n'","{""-1"": {""pid"": -1, ""first_seen"": ""2026-09-18T08:28:05.272844+00:00"", ""peak_mib"": 173556, """,b-qwen3-30b-a3b,ruler,,16384,32768,20,,m5_quality_mi300x/ruler_precision_b-qwen3-30b-a3b.csv,fp8_ptk,_server,server_attention_backend_log,,TRITON_ATTN,,20260918-082230-m5-ruler/fp8_ptk/server.log,,server_paperwork
20261010-075351-f4-rebuild,20260918-082150-m5c-b-qwen3-30b-a3b-ruler,20260918-082230-m5-ruler,2026-09-18T08:21:50+00:00,run_start,0,UNOBSERVABLE_HOST,"{-1: {'pid': -1, 'first_seen': '2026-09-18T08:28:05.272844+00:00', 'peak_mib': 173556, 'n'","{""-1"": {""pid"": -1, ""first_seen"": ""2026-09-18T08:28:05.272844+00:00"", ""peak_mib"": 173556, """,b-qwen3-30b-a3b,ruler,,16384,32768,20,,m5_quality_mi300x/ruler_precision_b-qwen3-30b-a3b.csv,fp8_ptk,_server,server_gpu_kv_cache_tokens_log,1837619.0,,,20260918-082230-m5-ruler/fp8_ptk/server.log,,server_paperwork
20261010-075351-f4-rebuild,20260918-082150-m5c-b-qwen3-30b-a3b-ruler,20260918-082230-m5-ruler,2026-09-18T08:21:50+00:00,run_start,0,UNOBSERVABLE_HOST,"{-1: {'pid': -1, 'first_seen': '2026-09-18T08:28:05.272844+00:00', 'peak_mib': 173556, 'n'","{""-1"": {""pid"": -1, ""first_seen"": ""2026-09-18T08:28:05.272844+00:00"", ""peak_mib"": 173556, """,b-qwen3-30b-a3b,ruler,,16384,32768,20,,m5_quality_mi300x/ruler_precision_b-qwen3-30b-a3b.csv,fp8_ptk,_server,server_max_model_len_cmd,17287,,,20260918-082230-m5-ruler/fp8_ptk/server.log,,server_paperwork
20261010-075351-f4-rebuild,20260918-082150-m5c-b-qwen3-30b-a3b-ruler,20260918-082230-m5-ruler,2026-09-18T08:21:50+00:00,run_start,0,UNOBSERVABLE_HOST,"{-1: {'pid': -1, 'first_seen': '2026-09-18T08:28:05.272844+00:00', 'peak_mib': 173556, 'n'","{""-1"": {""pid"": -1, ""first_seen"": ""2026-09-18T08:28:05.272844+00:00"", ""peak_mib"": 173556, """,b-qwen3-30b-a3b,ruler,,16384,32768,20,,m5_quality_mi300x/ruler_precision_b-qwen3-30b-a3b.csv,int4,_server,server_kv_cache_dtype_cmd,,int4_per_token_head,,20260918-082230-m5-ruler/int4/server.log,,server_paperwork
20261010-075351-f4-rebuild,20260918-082150-m5c-b-qwen3-30b-a3b-ruler,20260918-082230-m5-ruler,2026-09-18T08:21:50+00:00,run_start,0,UNOBSERVABLE_HOST,"{-1: {'pid': -1, 'first_seen': '2026-09-18T08:28:05.272844+00:00', 'peak_mib': 173556, 'n'","{""-1"": {""pid"": -1, ""first_seen"": ""2026-09-18T08:28:05.272844+00:00"", ""peak_mib"": 173556, """,b-qwen3-30b-a3b,ruler,,16384,32768,20,,m5_quality_mi300x/ruler_precision_b-qwen3-30b-a3b.csv,int4,_server,server_kv_cache_dtype_log,,int4_per_token_head,,20260918-082230-m5-ruler/int4/server.log,,server_paperwork
20261010-075351-f4-rebuild,20260918-082150-m5c-b-qwen3-30b-a3b-ruler,20260918-082230-m5-ruler,2026-09-18T08:21:50+00:00,run_start,0,UNOBSERVABLE_HOST,"{-1: {'pid': -1, 'first_seen': '2026-09-18T08:28:05.272844+00:00', 'peak_mib': 173556, 'n'","{""-1"": {""pid"": -1, ""first_seen"": ""2026-09-18T08:28:05.272844+00:00"", ""peak_mib"": 173556, """,b-qwen3-30b-a3b,ruler,,16384,32768,20,,m5_quality_mi300x/ruler_precision_b-qwen3-30b-a3b.csv,int4,_server,server_attention_backend_log,,TRITON_ATTN,,20260918-082230-m5-ruler/int4/server.log,,server_paperwork
20261010-075351-f4-rebuild,20260918-082150-m5c-b-qwen3-30b-a3b-ruler,20260918-082230-m5-ruler,2026-09-18T08:21:50+00:00,run_start,0,UNOBSERVABLE_HOST,"{-1: {'pid': -1, 'first_seen': '2026-09-18T08:28:05.272844+00:00', 'peak_mib': 173556, 'n'","{""-1"": {""pid"": -1, ""first_seen"": ""2026-09-18T08:28:05.272844+00:00"", ""peak_mib"": 173556, """,b-qwen3-30b-a3b,ruler,,16384,32768,20,,m5_quality_mi300x/ruler_precision_b-qwen3-30b-a3b.csv,int4,_server,server_gpu_kv_cache_tokens_log,3566910.0,,,20260918-082230-m5-ruler/int4/server.log,,server_paperwork
20261010-075351-f4-rebuild,20260918-082150-m5c-b-qwen3-30b-a3b-ruler,20260918-082230-m5-ruler,2026-09-18T08:21:50+00:00,run_start,0,UNOBSERVABLE_HOST,"{-1: {'pid': -1, 'first_seen': '2026-09-18T08:28:05.272844+00:00', 'peak_mib': 173556, 'n'","{""-1"": {""pid"": -1, ""first_seen"": ""2026-09-18T08:28:05.272844+00:00"", ""peak_mib"": 173556, """,b-qwen3-30b-a3b,ruler,,16384,32768,20,,m5_quality_mi300x/ruler_precision_b-qwen3-30b-a3b.csv,int4,_server,server_max_model_len_cmd,17287,,,20260918-082230-m5-ruler/int4/server.log,,server_paperwork
20261010-075351-f4-rebuild,20260918-082150-m5c-b-qwen3-30b-a3b-ruler,20260918-082230-m5-ruler,2026-09-18T08:21:50+00:00,run_start,0,UNOBSERVABLE_HOST,"{-1: {'pid': -1, 'first_seen': '2026-09-18T08:28:05.272844+00:00', 'peak_mib': 173556, 'n'","{""-1"": {""pid"": -1, ""first_seen"": ""2026-09-18T08:28:05.272844+00:00"", ""peak_mib"": 173556, """,b-qwen3-30b-a3b,ruler,,16384,32768,20,,m5_quality_mi300x/ruler_precision_b-qwen3-30b-a3b.csv,int8,_server,server_kv_cache_dtype_cmd,,int8_per_token_head,,20260918-082230-m5-ruler/int8/server.log,,server_paperwork
20261010-075351-f4-rebuild,20260918-082150-m5c-b-qwen3-30b-a3b-ruler,20260918-082230-m5-ruler,2026-09-18T08:21:50+00:00,run_start,0,UNOBSERVABLE_HOST,"{-1: {'pid': -1, 'first_seen': '2026-09-18T08:28:05.272844+00:00', 'peak_mib': 173556, 'n'","{""-1"": {""pid"": -1, ""first_seen"": ""2026-09-18T08:28:05.272844+00:00"", ""peak_mib"": 173556, """,b-qwen3-30b-a3b,ruler,,16384,32768,20,,m5_quality_mi300x/ruler_precision_b-qwen3-30b-a3b.csv,int8,_server,server_kv_cache_dtype_log,,int8_per_token_head,,20260918-082230-m5-ruler/int8/server.log,,server_paperwork
20261010-075351-f4-rebuild,20260918-082150-m5c-b-qwen3-30b-a3b-ruler,20260918-082230-m5-ruler,2026-09-18T08:21:50+00:00,run_start,0,UNOBSERVABLE_HOST,"{-1: {'pid': -1, 'first_seen': '2026-09-18T08:28:05.272844+00:00', 'peak_mib': 173556, 'n'","{""-1"": {""pid"": -1, ""first_seen"": ""2026-09-18T08:28:05.272844+00:00"", ""peak_mib"": 173556, """,b-qwen3-30b-a3b,ruler,,16384,32768,20,,m5_quality_mi300x/ruler_precision_b-qwen3-30b-a3b.csv,int8,_server,server_attention_backend_log,,TRITON_ATTN,,20260918-082230-m5-ruler/int8/server.log,,server_paperwork
20261010-075351-f4-rebuild,20260918-082150-m5c-b-qwen3-30b-a3b-ruler,20260918-082230-m5-ruler,2026-09-18T08:21:50+00:00,run_start,0,UNOBSERVABLE_HOST,"{-1: {'pid': -1, 'first_seen': '2026-09-18T08:28:05.272844+00:00', 'peak_mib': 173556, 'n'","{""-1"": {""pid"": -1, ""first_seen"": ""2026-09-18T08:28:05.272844+00:00"", ""peak_mib"": 173556, """,b-qwen3-30b-a3b,ruler,,16384,32768,20,,m5_quality_mi300x/ruler_precision_b-qwen3-30b-a3b.csv,int8,_server,server_gpu_kv_cache_tokens_log,1837619.0,,,20260918-082230-m5-ruler/int8/server.log,,server_paperwork
20261010-075351-f4-rebuild,20260918-082150-m5c-b-qwen3-30b-a3b-ruler,20260918-082230-m5-ruler,2026-09-18T08:21:50+00:00,run_start,0,UNOBSERVABLE_HOST,"{-1: {'pid': -1, 'first_seen': '2026-09-18T08:28:05.272844+00:00', 'peak_mib': 173556, 'n'","{""-1"": {""pid"": -1, ""first_seen"": ""2026-09-18T08:28:05.272844+00:00"", ""peak_mib"": 173556, """,b-qwen3-30b-a3b,ruler,,16384,32768,20,,m5_quality_mi300x/ruler_precision_b-qwen3-30b-a3b.csv,int8,_server,server_max_model_len_cmd,17287,,,20260918-082230-m5-ruler/int8/server.log,,server_paperwork
20261010-075351-f4-rebuild,20260918-091043-m5c-b-qwen7b-1m-longbench,20260918-091118-m5-longbench,2026-09-18T09:10:43+00:00,run_start,0,UNOBSERVABLE_HOST,"{-1: {'pid': -1, 'first_seen': '2026-09-18T09:15:36.056777+00:00', 'peak_mib': 181717, 'n'","{""-1"": {""pid"": -1, ""first_seen"": ""2026-09-18T09:15:36.056777+00:00"", ""peak_mib"": 181717, """,b-qwen7b-1m,longbench,,,32768,25,,m5_quality_mi300x/longbench_precision_b-qwen7b-1m.csv,bf16,_server,server_kv_cache_dtype_cmd,,auto(未指定),,20260918-091118-m5-longbench/bf16/server.log,,server_paperwork
20261010-075351-f4-rebuild,20260918-091043-m5c-b-qwen7b-1m-longbench,20260918-091118-m5-longbench,2026-09-18T09:10:43+00:00,run_start,0,UNOBSERVABLE_HOST,"{-1: {'pid': -1, 'first_seen': '2026-09-18T09:15:36.056777+00:00', 'peak_mib': 181717, 'n'","{""-1"": {""pid"": -1, ""first_seen"": ""2026-09-18T09:15:36.056777+00:00"", ""peak_mib"": 181717, """,b-qwen7b-1m,longbench,,,32768,25,,m5_quality_mi300x/longbench_precision_b-qwen7b-1m.csv,bf16,_server,server_kv_cache_dtype_log,,auto(未出現在 non-default args),,20260918-091118-m5-longbench/bf16/server.log,,server_paperwork
20261010-075351-f4-rebuild,20260918-091043-m5c-b-qwen7b-1m-longbench,20260918-091118-m5-longbench,2026-09-18T09:10:43+00:00,run_start,0,UNOBSERVABLE_HOST,"{-1: {'pid': -1, 'first_seen': '2026-09-18T09:15:36.056777+00:00', 'peak_mib': 181717, 'n'","{""-1"": {""pid"": -1, ""first_seen"": ""2026-09-18T09:15:36.056777+00:00"", ""peak_mib"": 181717, """,b-qwen7b-1m,longbench,,,32768,25,,m5_quality_mi300x/longbench_precision_b-qwen7b-1m.csv,bf16,_server,server_attention_backend_log,,ROCM_ATTN,,20260918-091118-m5-longbench/bf16/server.log,,server_paperwork
20261010-075351-f4-rebuild,20260918-091043-m5c-b-qwen7b-1m-longbench,20260918-091118-m5-longbench,2026-09-18T09:10:43+00:00,run_start,0,UNOBSERVABLE_HOST,"{-1: {'pid': -1, 'first_seen': '2026-09-18T09:15:36.056777+00:00', 'peak_mib': 181717, 'n'","{""-1"": {""pid"": -1, ""first_seen"": ""2026-09-18T09:15:36.056777+00:00"", ""peak_mib"": 181717, """,b-qwen7b-1m,longbench,,,32768,25,,m5_quality_mi300x/longbench_precision_b-qwen7b-1m.csv,bf16,_server,server_gpu_kv_cache_tokens_log,2889696.0,,,20260918-091118-m5-longbench/bf16/server.log,,server_paperwork
20261010-075351-f4-rebuild,20260918-091043-m5c-b-qwen7b-1m-longbench,20260918-091118-m5-longbench,2026-09-18T09:10:43+00:00,run_start,0,UNOBSERVABLE_HOST,"{-1: {'pid': -1, 'first_seen': '2026-09-18T09:15:36.056777+00:00', 'peak_mib': 181717, 'n'","{""-1"": {""pid"": -1, ""first_seen"": ""2026-09-18T09:15:36.056777+00:00"", ""peak_mib"": 181717, """,b-qwen7b-1m,longbench,,,32768,25,,m5_quality_mi300x/longbench_precision_b-qwen7b-1m.csv,bf16,_server,server_max_model_len_cmd,32768,,,20260918-091118-m5-longbench/bf16/server.log,,server_paperwork
20261010-075351-f4-rebuild,20260918-091043-m5c-b-qwen7b-1m-longbench,20260918-091118-m5-longbench,2026-09-18T09:10:43+00:00,run_start,0,UNOBSERVABLE_HOST,"{-1: {'pid': -1, 'first_seen': '2026-09-18T09:15:36.056777+00:00', 'peak_mib': 181717, 'n'","{""-1"": {""pid"": -1, ""first_seen"": ""2026-09-18T09:15:36.056777+00:00"", ""peak_mib"": 181717, """,b-qwen7b-1m,longbench,,,32768,25,,m5_quality_mi300x/longbench_precision_b-qwen7b-1m.csv,fp8,_server,server_kv_cache_dtype_cmd,,fp8,,20260918-091118-m5-longbench/fp8/server.log,,server_paperwork
20261010-075351-f4-rebuild,20260918-091043-m5c-b-qwen7b-1m-longbench,20260918-091118-m5-longbench,2026-09-18T09:10:43+00:00,run_start,0,UNOBSERVABLE_HOST,"{-1: {'pid': -1, 'first_seen': '2026-09-18T09:15:36.056777+00:00', 'peak_mib': 181717, 'n'","{""-1"": {""pid"": -1, ""first_seen"": ""2026-09-18T09:15:36.056777+00:00"", ""peak_mib"": 181717, """,b-qwen7b-1m,longbench,,,32768,25,,m5_quality_mi300x/longbench_precision_b-qwen7b-1m.csv,fp8,_server,server_kv_cache_dtype_log,,fp8,,20260918-091118-m5-longbench/fp8/server.log,,server_paperwork
20261010-075351-f4-rebuild,20260918-091043-m5c-b-qwen7b-1m-longbench,20260918-091118-m5-longbench,2026-09-18T09:10:43+00:00,run_start,0,UNOBSERVABLE_HOST,"{-1: {'pid': -1, 'first_seen': '2026-09-18T09:15:36.056777+00:00', 'peak_mib': 181717, 'n'","{""-1"": {""pid"": -1, ""first_seen"": ""2026-09-18T09:15:36.056777+00:00"", ""peak_mib"": 181717, """,b-qwen7b-1m,longbench,,,32768,25,,m5_quality_mi300x/longbench_precision_b-qwen7b-1m.csv,fp8,_server,server_attention_backend_log,,ROCM_ATTN,,20260918-091118-m5-longbench/fp8/server.log,,server_paperwork
20261010-075351-f4-rebuild,20260918-091043-m5c-b-qwen7b-1m-longbench,20260918-091118-m5-longbench,2026-09-18T09:10:43+00:00,run_start,0,UNOBSERVABLE_HOST,"{-1: {'pid': -1, 'first_seen': '2026-09-18T09:15:36.056777+00:00', 'peak_mib': 181717, 'n'","{""-1"": {""pid"": -1, ""first_seen"": ""2026-09-18T09:15:36.056777+00:00"", ""peak_mib"": 181717, """,b-qwen7b-1m,longbench,,,32768,25,,m5_quality_mi300x/longbench_precision_b-qwen7b-1m.csv,fp8,_server,server_gpu_kv_cache_tokens_log,5779408.0,,,20260918-091118-m5-longbench/fp8/server.log,,server_paperwork
20261010-075351-f4-rebuild,20260918-091043-m5c-b-qwen7b-1m-longbench,20260918-091118-m5-longbench,2026-09-18T09:10:43+00:00,run_start,0,UNOBSERVABLE_HOST,"{-1: {'pid': -1, 'first_seen': '2026-09-18T09:15:36.056777+00:00', 'peak_mib': 181717, 'n'","{""-1"": {""pid"": -1, ""first_seen"": ""2026-09-18T09:15:36.056777+00:00"", ""peak_mib"": 181717, """,b-qwen7b-1m,longbench,,,32768,25,,m5_quality_mi300x/longbench_precision_b-qwen7b-1m.csv,fp8,_server,server_max_model_len_cmd,32768,,,20260918-091118-m5-longbench/fp8/server.log,,server_paperwork
20261010-075351-f4-rebuild,20260918-091043-m5c-b-qwen7b-1m-longbench,20260918-091118-m5-longbench,2026-09-18T09:10:43+00:00,run_start,0,UNOBSERVABLE_HOST,"{-1: {'pid': -1, 'first_seen': '2026-09-18T09:15:36.056777+00:00', 'peak_mib': 181717, 'n'","{""-1"": {""pid"": -1, ""first_seen"": ""2026-09-18T09:15:36.056777+00:00"", ""peak_mib"": 181717, """,b-qwen7b-1m,longbench,,,32768,25,,m5_quality_mi300x/longbench_precision_b-qwen7b-1m.csv,fp8_ptk,_server,server_kv_cache_dtype_cmd,,fp8_per_token_head,,20260918-091118-m5-longbench/fp8_ptk/server.log,,server_paperwork
20261010-075351-f4-rebuild,20260918-091043-m5c-b-qwen7b-1m-longbench,20260918-091118-m5-longbench,2026-09-18T09:10:43+00:00,run_start,0,UNOBSERVABLE_HOST,"{-1: {'pid': -1, 'first_seen': '2026-09-18T09:15:36.056777+00:00', 'peak_mib': 181717, 'n'","{""-1"": {""pid"": -1, ""first_seen"": ""2026-09-18T09:15:36.056777+00:00"", ""peak_mib"": 181717, """,b-qwen7b-1m,longbench,,,32768,25,,m5_quality_mi300x/longbench_precision_b-qwen7b-1m.csv,fp8_ptk,_server,server_kv_cache_dtype_log,,fp8_per_token_head,,20260918-091118-m5-longbench/fp8_ptk/server.log,,server_paperwork
20261010-075351-f4-rebuild,20260918-091043-m5c-b-qwen7b-1m-longbench,20260918-091118-m5-longbench,2026-09-18T09:10:43+00:00,run_start,0,UNOBSERVABLE_HOST,"{-1: {'pid': -1, 'first_seen': '2026-09-18T09:15:36.056777+00:00', 'peak_mib': 181717, 'n'","{""-1"": {""pid"": -1, ""first_seen"": ""2026-09-18T09:15:36.056777+00:00"", ""peak_mib"": 181717, """,b-qwen7b-1m,longbench,,,32768,25,,m5_quality_mi300x/longbench_precision_b-qwen7b-1m.csv,fp8_ptk,_server,server_attention_backend_log,,TRITON_ATTN,,20260918-091118-m5-longbench/fp8_ptk/server.log,,server_paperwork
20261010-075351-f4-rebuild,20260918-091043-m5c-b-qwen7b-1m-longbench,20260918-091118-m5-longbench,2026-09-18T09:10:43+00:00,run_start,0,UNOBSERVABLE_HOST,"{-1: {'pid': -1, 'first_seen': '2026-09-18T09:15:36.056777+00:00', 'peak_mib': 181717, 'n'","{""-1"": {""pid"": -1, ""first_seen"": ""2026-09-18T09:15:36.056777+00:00"", ""peak_mib"": 181717, """,b-qwen7b-1m,longbench,,,32768,25,,m5_quality_mi300x/longbench_precision_b-qwen7b-1m.csv,fp8_ptk,_server,server_gpu_kv_cache_tokens_log,5604272.0,,,20260918-091118-m5-longbench/fp8_ptk/server.log,,server_paperwork
20261010-075351-f4-rebuild,20260918-091043-m5c-b-qwen7b-1m-longbench,20260918-091118-m5-longbench,2026-09-18T09:10:43+00:00,run_start,0,UNOBSERVABLE_HOST,"{-1: {'pid': -1, 'first_seen': '2026-09-18T09:15:36.056777+00:00', 'peak_mib': 181717, 'n'","{""-1"": {""pid"": -1, ""first_seen"": ""2026-09-18T09:15:36.056777+00:00"", ""peak_mib"": 181717, """,b-qwen7b-1m,longbench,,,32768,25,,m5_quality_mi300x/longbench_precision_b-qwen7b-1m.csv,fp8_ptk,_server,server_max_model_len_cmd,32768,,,20260918-091118-m5-longbench/fp8_ptk/server.log,,server_paperwork
20261010-075351-f4-rebuild,20260918-091043-m5c-b-qwen7b-1m-longbench,20260918-091118-m5-longbench,2026-09-18T09:10:43+00:00,run_start,0,UNOBSERVABLE_HOST,"{-1: {'pid': -1, 'first_seen': '2026-09-18T09:15:36.056777+00:00', 'peak_mib': 181717, 'n'","{""-1"": {""pid"": -1, ""first_seen"": ""2026-09-18T09:15:36.056777+00:00"", ""peak_mib"": 181717, """,b-qwen7b-1m,longbench,,,32768,25,,m5_quality_mi300x/longbench_precision_b-qwen7b-1m.csv,int4,_server,server_kv_cache_dtype_cmd,,int4_per_token_head,,20260918-091118-m5-longbench/int4/server.log,,server_paperwork
20261010-075351-f4-rebuild,20260918-091043-m5c-b-qwen7b-1m-longbench,20260918-091118-m5-longbench,2026-09-18T09:10:43+00:00,run_start,0,UNOBSERVABLE_HOST,"{-1: {'pid': -1, 'first_seen': '2026-09-18T09:15:36.056777+00:00', 'peak_mib': 181717, 'n'","{""-1"": {""pid"": -1, ""first_seen"": ""2026-09-18T09:15:36.056777+00:00"", ""peak_mib"": 181717, """,b-qwen7b-1m,longbench,,,32768,25,,m5_quality_mi300x/longbench_precision_b-qwen7b-1m.csv,int4,_server,server_kv_cache_dtype_log,,int4_per_token_head,,20260918-091118-m5-longbench/int4/server.log,,server_paperwork
20261010-075351-f4-rebuild,20260918-091043-m5c-b-qwen7b-1m-longbench,20260918-091118-m5-longbench,2026-09-18T09:10:43+00:00,run_start,0,UNOBSERVABLE_HOST,"{-1: {'pid': -1, 'first_seen': '2026-09-18T09:15:36.056777+00:00', 'peak_mib': 181717, 'n'","{""-1"": {""pid"": -1, ""first_seen"": ""2026-09-18T09:15:36.056777+00:00"", ""peak_mib"": 181717, """,b-qwen7b-1m,longbench,,,32768,25,,m5_quality_mi300x/longbench_precision_b-qwen7b-1m.csv,int4,_server,server_attention_backend_log,,TRITON_ATTN,,20260918-091118-m5-longbench/int4/server.log,,server_paperwork
20261010-075351-f4-rebuild,20260918-091043-m5c-b-qwen7b-1m-longbench,20260918-091118-m5-longbench,2026-09-18T09:10:43+00:00,run_start,0,UNOBSERVABLE_HOST,"{-1: {'pid': -1, 'first_seen': '2026-09-18T09:15:36.056777+00:00', 'peak_mib': 181717, 'n'","{""-1"": {""pid"": -1, ""first_seen"": ""2026-09-18T09:15:36.056777+00:00"", ""peak_mib"": 181717, """,b-qwen7b-1m,longbench,,,32768,25,,m5_quality_mi300x/longbench_precision_b-qwen7b-1m.csv,int4,_server,server_gpu_kv_cache_tokens_log,10878880.0,,,20260918-091118-m5-longbench/int4/server.log,,server_paperwork
20261010-075351-f4-rebuild,20260918-091043-m5c-b-qwen7b-1m-longbench,20260918-091118-m5-longbench,2026-09-18T09:10:43+00:00,run_start,0,UNOBSERVABLE_HOST,"{-1: {'pid': -1, 'first_seen': '2026-09-18T09:15:36.056777+00:00', 'peak_mib': 181717, 'n'","{""-1"": {""pid"": -1, ""first_seen"": ""2026-09-18T09:15:36.056777+00:00"", ""peak_mib"": 181717, """,b-qwen7b-1m,longbench,,,32768,25,,m5_quality_mi300x/longbench_precision_b-qwen7b-1m.csv,int4,_server,server_max_model_len_cmd,32768,,,20260918-091118-m5-longbench/int4/server.log,,server_paperwork
20261010-075351-f4-rebuild,20260918-091043-m5c-b-qwen7b-1m-longbench,20260918-091118-m5-longbench,2026-09-18T09:10:43+00:00,run_start,0,UNOBSERVABLE_HOST,"{-1: {'pid': -1, 'first_seen': '2026-09-18T09:15:36.056777+00:00', 'peak_mib': 181717, 'n'","{""-1"": {""pid"": -1, ""first_seen"": ""2026-09-18T09:15:36.056777+00:00"", ""peak_mib"": 181717, """,b-qwen7b-1m,longbench,,,32768,25,,m5_quality_mi300x/longbench_precision_b-qwen7b-1m.csv,int8,_server,server_kv_cache_dtype_cmd,,int8_per_token_head,,20260918-091118-m5-longbench/int8/server.log,,server_paperwork
20261010-075351-f4-rebuild,20260918-091043-m5c-b-qwen7b-1m-longbench,20260918-091118-m5-longbench,2026-09-18T09:10:43+00:00,run_start,0,UNOBSERVABLE_HOST,"{-1: {'pid': -1, 'first_seen': '2026-09-18T09:15:36.056777+00:00', 'peak_mib': 181717, 'n'","{""-1"": {""pid"": -1, ""first_seen"": ""2026-09-18T09:15:36.056777+00:00"", ""peak_mib"": 181717, """,b-qwen7b-1m,longbench,,,32768,25,,m5_quality_mi300x/longbench_precision_b-qwen7b-1m.csv,int8,_server,server_kv_cache_dtype_log,,int8_per_token_head,,20260918-091118-m5-longbench/int8/server.log,,server_paperwork
20261010-075351-f4-rebuild,20260918-091043-m5c-b-qwen7b-1m-longbench,20260918-091118-m5-longbench,2026-09-18T09:10:43+00:00,run_start,0,UNOBSERVABLE_HOST,"{-1: {'pid': -1, 'first_seen': '2026-09-18T09:15:36.056777+00:00', 'peak_mib': 181717, 'n'","{""-1"": {""pid"": -1, ""first_seen"": ""2026-09-18T09:15:36.056777+00:00"", ""peak_mib"": 181717, """,b-qwen7b-1m,longbench,,,32768,25,,m5_quality_mi300x/longbench_precision_b-qwen7b-1m.csv,int8,_server,server_attention_backend_log,,TRITON_ATTN,,20260918-091118-m5-longbench/int8/server.log,,server_paperwork
20261010-075351-f4-rebuild,20260918-091043-m5c-b-qwen7b-1m-longbench,20260918-091118-m5-longbench,2026-09-18T09:10:43+00:00,run_start,0,UNOBSERVABLE_HOST,"{-1: {'pid': -1, 'first_seen': '2026-09-18T09:15:36.056777+00:00', 'peak_mib': 181717, 'n'","{""-1"": {""pid"": -1, ""first_seen"": ""2026-09-18T09:15:36.056777+00:00"", ""peak_mib"": 181717, """,b-qwen7b-1m,longbench,,,32768,25,,m5_quality_mi300x/longbench_precision_b-qwen7b-1m.csv,int8,_server,server_gpu_kv_cache_tokens_log,5604272.0,,,20260918-091118-m5-longbench/int8/server.log,,server_paperwork
20261010-075351-f4-rebuild,20260918-091043-m5c-b-qwen7b-1m-longbench,20260918-091118-m5-longbench,2026-09-18T09:10:43+00:00,run_start,0,UNOBSERVABLE_HOST,"{-1: {'pid': -1, 'first_seen': '2026-09-18T09:15:36.056777+00:00', 'peak_mib': 181717, 'n'","{""-1"": {""pid"": -1, ""first_seen"": ""2026-09-18T09:15:36.056777+00:00"", ""peak_mib"": 181717, """,b-qwen7b-1m,longbench,,,32768,25,,m5_quality_mi300x/longbench_precision_b-qwen7b-1m.csv,int8,_server,server_max_model_len_cmd,32768,,,20260918-091118-m5-longbench/int8/server.log,,server_paperwork
20261010-075351-f4-rebuild,20260918-093853-m5c-b-qwen7b-1m-ruler,20260918-093932-m5-ruler,2026-09-18T09:38:53+00:00,run_start,0,UNOBSERVABLE_HOST,"{-1: {'pid': -1, 'first_seen': '2026-09-18T09:43:34.493374+00:00', 'peak_mib': 182287, 'n'","{""-1"": {""pid"": -1, ""first_seen"": ""2026-09-18T09:43:34.493374+00:00"", ""peak_mib"": 182287, """,b-qwen7b-1m,ruler,,16384,32768,20,,m5_quality_mi300x/ruler_precision_b-qwen7b-1m.csv,bf16,_server,server_kv_cache_dtype_cmd,,auto(未指定),,20260918-093932-m5-ruler/bf16/server.log,,server_paperwork
20261010-075351-f4-rebuild,20260918-093853-m5c-b-qwen7b-1m-ruler,20260918-093932-m5-ruler,2026-09-18T09:38:53+00:00,run_start,0,UNOBSERVABLE_HOST,"{-1: {'pid': -1, 'first_seen': '2026-09-18T09:43:34.493374+00:00', 'peak_mib': 182287, 'n'","{""-1"": {""pid"": -1, ""first_seen"": ""2026-09-18T09:43:34.493374+00:00"", ""peak_mib"": 182287, """,b-qwen7b-1m,ruler,,16384,32768,20,,m5_quality_mi300x/ruler_precision_b-qwen7b-1m.csv,bf16,_server,server_kv_cache_dtype_log,,auto(未出現在 non-default args),,20260918-093932-m5-ruler/bf16/server.log,,server_paperwork
20261010-075351-f4-rebuild,20260918-093853-m5c-b-qwen7b-1m-ruler,20260918-093932-m5-ruler,2026-09-18T09:38:53+00:00,run_start,0,UNOBSERVABLE_HOST,"{-1: {'pid': -1, 'first_seen': '2026-09-18T09:43:34.493374+00:00', 'peak_mib': 182287, 'n'","{""-1"": {""pid"": -1, ""first_seen"": ""2026-09-18T09:43:34.493374+00:00"", ""peak_mib"": 182287, """,b-qwen7b-1m,ruler,,16384,32768,20,,m5_quality_mi300x/ruler_precision_b-qwen7b-1m.csv,bf16,_server,server_attention_backend_log,,ROCM_ATTN,,20260918-093932-m5-ruler/bf16/server.log,,server_paperwork
20261010-075351-f4-rebuild,20260918-093853-m5c-b-qwen7b-1m-ruler,20260918-093932-m5-ruler,2026-09-18T09:38:53+00:00,run_start,0,UNOBSERVABLE_HOST,"{-1: {'pid': -1, 'first_seen': '2026-09-18T09:43:34.493374+00:00', 'peak_mib': 182287, 'n'","{""-1"": {""pid"": -1, ""first_seen"": ""2026-09-18T09:43:34.493374+00:00"", ""peak_mib"": 182287, """,b-qwen7b-1m,ruler,,16384,32768,20,,m5_quality_mi300x/ruler_precision_b-qwen7b-1m.csv,bf16,_server,server_gpu_kv_cache_tokens_log,2888192.0,,,20260918-093932-m5-ruler/bf16/server.log,,server_paperwork
20261010-075351-f4-rebuild,20260918-093853-m5c-b-qwen7b-1m-ruler,20260918-093932-m5-ruler,2026-09-18T09:38:53+00:00,run_start,0,UNOBSERVABLE_HOST,"{-1: {'pid': -1, 'first_seen': '2026-09-18T09:43:34.493374+00:00', 'peak_mib': 182287, 'n'","{""-1"": {""pid"": -1, ""first_seen"": ""2026-09-18T09:43:34.493374+00:00"", ""peak_mib"": 182287, """,b-qwen7b-1m,ruler,,16384,32768,20,,m5_quality_mi300x/ruler_precision_b-qwen7b-1m.csv,bf16,_server,server_max_model_len_cmd,17287,,,20260918-093932-m5-ruler/bf16/server.log,,server_paperwork
20261010-075351-f4-rebuild,20260918-093853-m5c-b-qwen7b-1m-ruler,20260918-093932-m5-ruler,2026-09-18T09:38:53+00:00,run_start,0,UNOBSERVABLE_HOST,"{-1: {'pid': -1, 'first_seen': '2026-09-18T09:43:34.493374+00:00', 'peak_mib': 182287, 'n'","{""-1"": {""pid"": -1, ""first_seen"": ""2026-09-18T09:43:34.493374+00:00"", ""peak_mib"": 182287, """,b-qwen7b-1m,ruler,,16384,32768,20,,m5_quality_mi300x/ruler_precision_b-qwen7b-1m.csv,fp8,_server,server_kv_cache_dtype_cmd,,fp8,,20260918-093932-m5-ruler/fp8/server.log,,server_paperwork
20261010-075351-f4-rebuild,20260918-093853-m5c-b-qwen7b-1m-ruler,20260918-093932-m5-ruler,2026-09-18T09:38:53+00:00,run_start,0,UNOBSERVABLE_HOST,"{-1: {'pid': -1, 'first_seen': '2026-09-18T09:43:34.493374+00:00', 'peak_mib': 182287, 'n'","{""-1"": {""pid"": -1, ""first_seen"": ""2026-09-18T09:43:34.493374+00:00"", ""peak_mib"": 182287, """,b-qwen7b-1m,ruler,,16384,32768,20,,m5_quality_mi300x/ruler_precision_b-qwen7b-1m.csv,fp8,_server,server_kv_cache_dtype_log,,fp8,,20260918-093932-m5-ruler/fp8/server.log,,server_paperwork
20261010-075351-f4-rebuild,20260918-093853-m5c-b-qwen7b-1m-ruler,20260918-093932-m5-ruler,2026-09-18T09:38:53+00:00,run_start,0,UNOBSERVABLE_HOST,"{-1: {'pid': -1, 'first_seen': '2026-09-18T09:43:34.493374+00:00', 'peak_mib': 182287, 'n'","{""-1"": {""pid"": -1, ""first_seen"": ""2026-09-18T09:43:34.493374+00:00"", ""peak_mib"": 182287, """,b-qwen7b-1m,ruler,,16384,32768,20,,m5_quality_mi300x/ruler_precision_b-qwen7b-1m.csv,fp8,_server,server_attention_backend_log,,ROCM_ATTN,,20260918-093932-m5-ruler/fp8/server.log,,server_paperwork
20261010-075351-f4-rebuild,20260918-093853-m5c-b-qwen7b-1m-ruler,20260918-093932-m5-ruler,2026-09-18T09:38:53+00:00,run_start,0,UNOBSERVABLE_HOST,"{-1: {'pid': -1, 'first_seen': '2026-09-18T09:43:34.493374+00:00', 'peak_mib': 182287, 'n'","{""-1"": {""pid"": -1, ""first_seen"": ""2026-09-18T09:43:34.493374+00:00"", ""peak_mib"": 182287, """,b-qwen7b-1m,ruler,,16384,32768,20,,m5_quality_mi300x/ruler_precision_b-qwen7b-1m.csv,fp8,_server,server_gpu_kv_cache_tokens_log,5776400.0,,,20260918-093932-m5-ruler/fp8/server.log,,server_paperwork
20261010-075351-f4-rebuild,20260918-093853-m5c-b-qwen7b-1m-ruler,20260918-093932-m5-ruler,2026-09-18T09:38:53+00:00,run_start,0,UNOBSERVABLE_HOST,"{-1: {'pid': -1, 'first_seen': '2026-09-18T09:43:34.493374+00:00', 'peak_mib': 182287, 'n'","{""-1"": {""pid"": -1, ""first_seen"": ""2026-09-18T09:43:34.493374+00:00"", ""peak_mib"": 182287, """,b-qwen7b-1m,ruler,,16384,32768,20,,m5_quality_mi300x/ruler_precision_b-qwen7b-1m.csv,fp8,_server,server_max_model_len_cmd,17287,,,20260918-093932-m5-ruler/fp8/server.log,,server_paperwork
20261010-075351-f4-rebuild,20260918-093853-m5c-b-qwen7b-1m-ruler,20260918-093932-m5-ruler,2026-09-18T09:38:53+00:00,run_start,0,UNOBSERVABLE_HOST,"{-1: {'pid': -1, 'first_seen': '2026-09-18T09:43:34.493374+00:00', 'peak_mib': 182287, 'n'","{""-1"": {""pid"": -1, ""first_seen"": ""2026-09-18T09:43:34.493374+00:00"", ""peak_mib"": 182287, """,b-qwen7b-1m,ruler,,16384,32768,20,,m5_quality_mi300x/ruler_precision_b-qwen7b-1m.csv,fp8_ptk,_server,server_kv_cache_dtype_cmd,,fp8_per_token_head,,20260918-093932-m5-ruler/fp8_ptk/server.log,,server_paperwork
20261010-075351-f4-rebuild,20260918-093853-m5c-b-qwen7b-1m-ruler,20260918-093932-m5-ruler,2026-09-18T09:38:53+00:00,run_start,0,UNOBSERVABLE_HOST,"{-1: {'pid': -1, 'first_seen': '2026-09-18T09:43:34.493374+00:00', 'peak_mib': 182287, 'n'","{""-1"": {""pid"": -1, ""first_seen"": ""2026-09-18T09:43:34.493374+00:00"", ""peak_mib"": 182287, """,b-qwen7b-1m,ruler,,16384,32768,20,,m5_quality_mi300x/ruler_precision_b-qwen7b-1m.csv,fp8_ptk,_server,server_kv_cache_dtype_log,,fp8_per_token_head,,20260918-093932-m5-ruler/fp8_ptk/server.log,,server_paperwork
20261010-075351-f4-rebuild,20260918-093853-m5c-b-qwen7b-1m-ruler,20260918-093932-m5-ruler,2026-09-18T09:38:53+00:00,run_start,0,UNOBSERVABLE_HOST,"{-1: {'pid': -1, 'first_seen': '2026-09-18T09:43:34.493374+00:00', 'peak_mib': 182287, 'n'","{""-1"": {""pid"": -1, ""first_seen"": ""2026-09-18T09:43:34.493374+00:00"", ""peak_mib"": 182287, """,b-qwen7b-1m,ruler,,16384,32768,20,,m5_quality_mi300x/ruler_precision_b-qwen7b-1m.csv,fp8_ptk,_server,server_attention_backend_log,,TRITON_ATTN,,20260918-093932-m5-ruler/fp8_ptk/server.log,,server_paperwork
20261010-075351-f4-rebuild,20260918-093853-m5c-b-qwen7b-1m-ruler,20260918-093932-m5-ruler,2026-09-18T09:38:53+00:00,run_start,0,UNOBSERVABLE_HOST,"{-1: {'pid': -1, 'first_seen': '2026-09-18T09:43:34.493374+00:00', 'peak_mib': 182287, 'n'","{""-1"": {""pid"": -1, ""first_seen"": ""2026-09-18T09:43:34.493374+00:00"", ""peak_mib"": 182287, """,b-qwen7b-1m,ruler,,16384,32768,20,,m5_quality_mi300x/ruler_precision_b-qwen7b-1m.csv,fp8_ptk,_server,server_gpu_kv_cache_tokens_log,5601355.0,,,20260918-093932-m5-ruler/fp8_ptk/server.log,,server_paperwork
20261010-075351-f4-rebuild,20260918-093853-m5c-b-qwen7b-1m-ruler,20260918-093932-m5-ruler,2026-09-18T09:38:53+00:00,run_start,0,UNOBSERVABLE_HOST,"{-1: {'pid': -1, 'first_seen': '2026-09-18T09:43:34.493374+00:00', 'peak_mib': 182287, 'n'","{""-1"": {""pid"": -1, ""first_seen"": ""2026-09-18T09:43:34.493374+00:00"", ""peak_mib"": 182287, """,b-qwen7b-1m,ruler,,16384,32768,20,,m5_quality_mi300x/ruler_precision_b-qwen7b-1m.csv,fp8_ptk,_server,server_max_model_len_cmd,17287,,,20260918-093932-m5-ruler/fp8_ptk/server.log,,server_paperwork
20261010-075351-f4-rebuild,20260918-093853-m5c-b-qwen7b-1m-ruler,20260918-093932-m5-ruler,2026-09-18T09:38:53+00:00,run_start,0,UNOBSERVABLE_HOST,"{-1: {'pid': -1, 'first_seen': '2026-09-18T09:43:34.493374+00:00', 'peak_mib': 182287, 'n'","{""-1"": {""pid"": -1, ""first_seen"": ""2026-09-18T09:43:34.493374+00:00"", ""peak_mib"": 182287, """,b-qwen7b-1m,ruler,,16384,32768,20,,m5_quality_mi300x/ruler_precision_b-qwen7b-1m.csv,int4,_server,server_kv_cache_dtype_cmd,,int4_per_token_head,,20260918-093932-m5-ruler/int4/server.log,,server_paperwork
20261010-075351-f4-rebuild,20260918-093853-m5c-b-qwen7b-1m-ruler,20260918-093932-m5-ruler,2026-09-18T09:38:53+00:00,run_start,0,UNOBSERVABLE_HOST,"{-1: {'pid': -1, 'first_seen': '2026-09-18T09:43:34.493374+00:00', 'peak_mib': 182287, 'n'","{""-1"": {""pid"": -1, ""first_seen"": ""2026-09-18T09:43:34.493374+00:00"", ""peak_mib"": 182287, """,b-qwen7b-1m,ruler,,16384,32768,20,,m5_quality_mi300x/ruler_precision_b-qwen7b-1m.csv,int4,_server,server_kv_cache_dtype_log,,int4_per_token_head,,20260918-093932-m5-ruler/int4/server.log,,server_paperwork
20261010-075351-f4-rebuild,20260918-093853-m5c-b-qwen7b-1m-ruler,20260918-093932-m5-ruler,2026-09-18T09:38:53+00:00,run_start,0,UNOBSERVABLE_HOST,"{-1: {'pid': -1, 'first_seen': '2026-09-18T09:43:34.493374+00:00', 'peak_mib': 182287, 'n'","{""-1"": {""pid"": -1, ""first_seen"": ""2026-09-18T09:43:34.493374+00:00"", ""peak_mib"": 182287, """,b-qwen7b-1m,ruler,,16384,32768,20,,m5_quality_mi300x/ruler_precision_b-qwen7b-1m.csv,int4,_server,server_attention_backend_log,,TRITON_ATTN,,20260918-093932-m5-ruler/int4/server.log,,server_paperwork
20261010-075351-f4-rebuild,20260918-093853-m5c-b-qwen7b-1m-ruler,20260918-093932-m5-ruler,2026-09-18T09:38:53+00:00,run_start,0,UNOBSERVABLE_HOST,"{-1: {'pid': -1, 'first_seen': '2026-09-18T09:43:34.493374+00:00', 'peak_mib': 182287, 'n'","{""-1"": {""pid"": -1, ""first_seen"": ""2026-09-18T09:43:34.493374+00:00"", ""peak_mib"": 182287, """,b-qwen7b-1m,ruler,,16384,32768,20,,m5_quality_mi300x/ruler_precision_b-qwen7b-1m.csv,int4,_server,server_gpu_kv_cache_tokens_log,10873219.0,,,20260918-093932-m5-ruler/int4/server.log,,server_paperwork
20261010-075351-f4-rebuild,20260918-093853-m5c-b-qwen7b-1m-ruler,20260918-093932-m5-ruler,2026-09-18T09:38:53+00:00,run_start,0,UNOBSERVABLE_HOST,"{-1: {'pid': -1, 'first_seen': '2026-09-18T09:43:34.493374+00:00', 'peak_mib': 182287, 'n'","{""-1"": {""pid"": -1, ""first_seen"": ""2026-09-18T09:43:34.493374+00:00"", ""peak_mib"": 182287, """,b-qwen7b-1m,ruler,,16384,32768,20,,m5_quality_mi300x/ruler_precision_b-qwen7b-1m.csv,int4,_server,server_max_model_len_cmd,17287,,,20260918-093932-m5-ruler/int4/server.log,,server_paperwork
20261010-075351-f4-rebuild,20260918-093853-m5c-b-qwen7b-1m-ruler,20260918-093932-m5-ruler,2026-09-18T09:38:53+00:00,run_start,0,UNOBSERVABLE_HOST,"{-1: {'pid': -1, 'first_seen': '2026-09-18T09:43:34.493374+00:00', 'peak_mib': 182287, 'n'","{""-1"": {""pid"": -1, ""first_seen"": ""2026-09-18T09:43:34.493374+00:00"", ""peak_mib"": 182287, """,b-qwen7b-1m,ruler,,16384,32768,20,,m5_quality_mi300x/ruler_precision_b-qwen7b-1m.csv,int8,_server,server_kv_cache_dtype_cmd,,int8_per_token_head,,20260918-093932-m5-ruler/int8/server.log,,server_paperwork
20261010-075351-f4-rebuild,20260918-093853-m5c-b-qwen7b-1m-ruler,20260918-093932-m5-ruler,2026-09-18T09:38:53+00:00,run_start,0,UNOBSERVABLE_HOST,"{-1: {'pid': -1, 'first_seen': '2026-09-18T09:43:34.493374+00:00', 'peak_mib': 182287, 'n'","{""-1"": {""pid"": -1, ""first_seen"": ""2026-09-18T09:43:34.493374+00:00"", ""peak_mib"": 182287, """,b-qwen7b-1m,ruler,,16384,32768,20,,m5_quality_mi300x/ruler_precision_b-qwen7b-1m.csv,int8,_server,server_kv_cache_dtype_log,,int8_per_token_head,,20260918-093932-m5-ruler/int8/server.log,,server_paperwork
20261010-075351-f4-rebuild,20260918-093853-m5c-b-qwen7b-1m-ruler,20260918-093932-m5-ruler,2026-09-18T09:38:53+00:00,run_start,0,UNOBSERVABLE_HOST,"{-1: {'pid': -1, 'first_seen': '2026-09-18T09:43:34.493374+00:00', 'peak_mib': 182287, 'n'","{""-1"": {""pid"": -1, ""first_seen"": ""2026-09-18T09:43:34.493374+00:00"", ""peak_mib"": 182287, """,b-qwen7b-1m,ruler,,16384,32768,20,,m5_quality_mi300x/ruler_precision_b-qwen7b-1m.csv,int8,_server,server_attention_backend_log,,TRITON_ATTN,,20260918-093932-m5-ruler/int8/server.log,,server_paperwork
20261010-075351-f4-rebuild,20260918-093853-m5c-b-qwen7b-1m-ruler,20260918-093932-m5-ruler,2026-09-18T09:38:53+00:00,run_start,0,UNOBSERVABLE_HOST,"{-1: {'pid': -1, 'first_seen': '2026-09-18T09:43:34.493374+00:00', 'peak_mib': 182287, 'n'","{""-1"": {""pid"": -1, ""first_seen"": ""2026-09-18T09:43:34.493374+00:00"", ""peak_mib"": 182287, """,b-qwen7b-1m,ruler,,16384,32768,20,,m5_quality_mi300x/ruler_precision_b-qwen7b-1m.csv,int8,_server,server_gpu_kv_cache_tokens_log,5601355.0,,,20260918-093932-m5-ruler/int8/server.log,,server_paperwork
20261010-075351-f4-rebuild,20260918-093853-m5c-b-qwen7b-1m-ruler,20260918-093932-m5-ruler,2026-09-18T09:38:53+00:00,run_start,0,UNOBSERVABLE_HOST,"{-1: {'pid': -1, 'first_seen': '2026-09-18T09:43:34.493374+00:00', 'peak_mib': 182287, 'n'","{""-1"": {""pid"": -1, ""first_seen"": ""2026-09-18T09:43:34.493374+00:00"", ""peak_mib"": 182287, """,b-qwen7b-1m,ruler,,16384,32768,20,,m5_quality_mi300x/ruler_precision_b-qwen7b-1m.csv,int8,_server,server_max_model_len_cmd,17287,,,20260918-093932-m5-ruler/int8/server.log,,server_paperwork
20261010-075351-f4-rebuild,20260918-101339-m5c-b-mistral-nemo12b-longbench,20260918-101414-m5-longbench,2026-09-18T10:13:39+00:00,run_start,0,UNOBSERVABLE_HOST,"{-1: {'pid': -1, 'first_seen': '2026-09-18T10:19:27.678329+00:00', 'peak_mib': 182126, 'n'","{""-1"": {""pid"": -1, ""first_seen"": ""2026-09-18T10:19:27.678329+00:00"", ""peak_mib"": 182126, """,b-mistral-nemo12b,longbench,,,32768,25,,m5_quality_mi300x/longbench_precision_b-mistral-nemo12b.csv,bf16,_server,server_kv_cache_dtype_cmd,,auto(未指定),,20260918-101414-m5-longbench/bf16/server.log,,server_paperwork
20261010-075351-f4-rebuild,20260918-101339-m5c-b-mistral-nemo12b-longbench,20260918-101414-m5-longbench,2026-09-18T10:13:39+00:00,run_start,0,UNOBSERVABLE_HOST,"{-1: {'pid': -1, 'first_seen': '2026-09-18T10:19:27.678329+00:00', 'peak_mib': 182126, 'n'","{""-1"": {""pid"": -1, ""first_seen"": ""2026-09-18T10:19:27.678329+00:00"", ""peak_mib"": 182126, """,b-mistral-nemo12b,longbench,,,32768,25,,m5_quality_mi300x/longbench_precision_b-mistral-nemo12b.csv,bf16,_server,server_kv_cache_dtype_log,,auto(未出現在 non-default args),,20260918-101414-m5-longbench/bf16/server.log,,server_paperwork
20261010-075351-f4-rebuild,20260918-101339-m5c-b-mistral-nemo12b-longbench,20260918-101414-m5-longbench,2026-09-18T10:13:39+00:00,run_start,0,UNOBSERVABLE_HOST,"{-1: {'pid': -1, 'first_seen': '2026-09-18T10:19:27.678329+00:00', 'peak_mib': 182126, 'n'","{""-1"": {""pid"": -1, ""first_seen"": ""2026-09-18T10:19:27.678329+00:00"", ""peak_mib"": 182126, """,b-mistral-nemo12b,longbench,,,32768,25,,m5_quality_mi300x/longbench_precision_b-mistral-nemo12b.csv,bf16,_server,server_attention_backend_log,,ROCM_ATTN,,20260918-101414-m5-longbench/bf16/server.log,,server_paperwork
20261010-075351-f4-rebuild,20260918-101339-m5c-b-mistral-nemo12b-longbench,20260918-101414-m5-longbench,2026-09-18T10:13:39+00:00,run_start,0,UNOBSERVABLE_HOST,"{-1: {'pid': -1, 'first_seen': '2026-09-18T10:19:27.678329+00:00', 'peak_mib': 182126, 'n'","{""-1"": {""pid"": -1, ""first_seen"": ""2026-09-18T10:19:27.678329+00:00"", ""peak_mib"": 182126, """,b-mistral-nemo12b,longbench,,,32768,25,,m5_quality_mi300x/longbench_precision_b-mistral-nemo12b.csv,bf16,_server,server_gpu_kv_cache_tokens_log,964144.0,,,20260918-101414-m5-longbench/bf16/server.log,,server_paperwork
20261010-075351-f4-rebuild,20260918-101339-m5c-b-mistral-nemo12b-longbench,20260918-101414-m5-longbench,2026-09-18T10:13:39+00:00,run_start,0,UNOBSERVABLE_HOST,"{-1: {'pid': -1, 'first_seen': '2026-09-18T10:19:27.678329+00:00', 'peak_mib': 182126, 'n'","{""-1"": {""pid"": -1, ""first_seen"": ""2026-09-18T10:19:27.678329+00:00"", ""peak_mib"": 182126, """,b-mistral-nemo12b,longbench,,,32768,25,,m5_quality_mi300x/longbench_precision_b-mistral-nemo12b.csv,bf16,_server,server_max_model_len_cmd,32768,,,20260918-101414-m5-longbench/bf16/server.log,,server_paperwork
20261010-075351-f4-rebuild,20260918-101339-m5c-b-mistral-nemo12b-longbench,20260918-101414-m5-longbench,2026-09-18T10:13:39+00:00,run_start,0,UNOBSERVABLE_HOST,"{-1: {'pid': -1, 'first_seen': '2026-09-18T10:19:27.678329+00:00', 'peak_mib': 182126, 'n'","{""-1"": {""pid"": -1, ""first_seen"": ""2026-09-18T10:19:27.678329+00:00"", ""peak_mib"": 182126, """,b-mistral-nemo12b,longbench,,,32768,25,,m5_quality_mi300x/longbench_precision_b-mistral-nemo12b.csv,fp8,_server,server_kv_cache_dtype_cmd,,fp8,,20260918-101414-m5-longbench/fp8/server.log,,server_paperwork
20261010-075351-f4-rebuild,20260918-101339-m5c-b-mistral-nemo12b-longbench,20260918-101414-m5-longbench,2026-09-18T10:13:39+00:00,run_start,0,UNOBSERVABLE_HOST,"{-1: {'pid': -1, 'first_seen': '2026-09-18T10:19:27.678329+00:00', 'peak_mib': 182126, 'n'","{""-1"": {""pid"": -1, ""first_seen"": ""2026-09-18T10:19:27.678329+00:00"", ""peak_mib"": 182126, """,b-mistral-nemo12b,longbench,,,32768,25,,m5_quality_mi300x/longbench_precision_b-mistral-nemo12b.csv,fp8,_server,server_kv_cache_dtype_log,,fp8,,20260918-101414-m5-longbench/fp8/server.log,,server_paperwork
20261010-075351-f4-rebuild,20260918-101339-m5c-b-mistral-nemo12b-longbench,20260918-101414-m5-longbench,2026-09-18T10:13:39+00:00,run_start,0,UNOBSERVABLE_HOST,"{-1: {'pid': -1, 'first_seen': '2026-09-18T10:19:27.678329+00:00', 'peak_mib': 182126, 'n'","{""-1"": {""pid"": -1, ""first_seen"": ""2026-09-18T10:19:27.678329+00:00"", ""peak_mib"": 182126, """,b-mistral-nemo12b,longbench,,,32768,25,,m5_quality_mi300x/longbench_precision_b-mistral-nemo12b.csv,fp8,_server,server_attention_backend_log,,ROCM_ATTN,,20260918-101414-m5-longbench/fp8/server.log,,server_paperwork
20261010-075351-f4-rebuild,20260918-101339-m5c-b-mistral-nemo12b-longbench,20260918-101414-m5-longbench,2026-09-18T10:13:39+00:00,run_start,0,UNOBSERVABLE_HOST,"{-1: {'pid': -1, 'first_seen': '2026-09-18T10:19:27.678329+00:00', 'peak_mib': 182126, 'n'","{""-1"": {""pid"": -1, ""first_seen"": ""2026-09-18T10:19:27.678329+00:00"", ""peak_mib"": 182126, """,b-mistral-nemo12b,longbench,,,32768,25,,m5_quality_mi300x/longbench_precision_b-mistral-nemo12b.csv,fp8,_server,server_gpu_kv_cache_tokens_log,1928304.0,,,20260918-101414-m5-longbench/fp8/server.log,,server_paperwork
20261010-075351-f4-rebuild,20260918-101339-m5c-b-mistral-nemo12b-longbench,20260918-101414-m5-longbench,2026-09-18T10:13:39+00:00,run_start,0,UNOBSERVABLE_HOST,"{-1: {'pid': -1, 'first_seen': '2026-09-18T10:19:27.678329+00:00', 'peak_mib': 182126, 'n'","{""-1"": {""pid"": -1, ""first_seen"": ""2026-09-18T10:19:27.678329+00:00"", ""peak_mib"": 182126, """,b-mistral-nemo12b,longbench,,,32768,25,,m5_quality_mi300x/longbench_precision_b-mistral-nemo12b.csv,fp8,_server,server_max_model_len_cmd,32768,,,20260918-101414-m5-longbench/fp8/server.log,,server_paperwork
20261010-075351-f4-rebuild,20260918-101339-m5c-b-mistral-nemo12b-longbench,20260918-101414-m5-longbench,2026-09-18T10:13:39+00:00,run_start,0,UNOBSERVABLE_HOST,"{-1: {'pid': -1, 'first_seen': '2026-09-18T10:19:27.678329+00:00', 'peak_mib': 182126, 'n'","{""-1"": {""pid"": -1, ""first_seen"": ""2026-09-18T10:19:27.678329+00:00"", ""peak_mib"": 182126, """,b-mistral-nemo12b,longbench,,,32768,25,,m5_quality_mi300x/longbench_precision_b-mistral-nemo12b.csv,fp8_ptk,_server,server_kv_cache_dtype_cmd,,fp8_per_token_head,,20260918-101414-m5-longbench/fp8_ptk/server.log,,server_paperwork
20261010-075351-f4-rebuild,20260918-101339-m5c-b-mistral-nemo12b-longbench,20260918-101414-m5-longbench,2026-09-18T10:13:39+00:00,run_start,0,UNOBSERVABLE_HOST,"{-1: {'pid': -1, 'first_seen': '2026-09-18T10:19:27.678329+00:00', 'peak_mib': 182126, 'n'","{""-1"": {""pid"": -1, ""first_seen"": ""2026-09-18T10:19:27.678329+00:00"", ""peak_mib"": 182126, """,b-mistral-nemo12b,longbench,,,32768,25,,m5_quality_mi300x/longbench_precision_b-mistral-nemo12b.csv,fp8_ptk,_server,server_kv_cache_dtype_log,,fp8_per_token_head,,20260918-101414-m5-longbench/fp8_ptk/server.log,,server_paperwork
20261010-075351-f4-rebuild,20260918-101339-m5c-b-mistral-nemo12b-longbench,20260918-101414-m5-longbench,2026-09-18T10:13:39+00:00,run_start,0,UNOBSERVABLE_HOST,"{-1: {'pid': -1, 'first_seen': '2026-09-18T10:19:27.678329+00:00', 'peak_mib': 182126, 'n'","{""-1"": {""pid"": -1, ""first_seen"": ""2026-09-18T10:19:27.678329+00:00"", ""peak_mib"": 182126, """,b-mistral-nemo12b,longbench,,,32768,25,,m5_quality_mi300x/longbench_precision_b-mistral-nemo12b.csv,fp8_ptk,_server,server_attention_backend_log,,TRITON_ATTN,,20260918-101414-m5-longbench/fp8_ptk/server.log,,server_paperwork
20261010-075351-f4-rebuild,20260918-101339-m5c-b-mistral-nemo12b-longbench,20260918-101414-m5-longbench,2026-09-18T10:13:39+00:00,run_start,0,UNOBSERVABLE_HOST,"{-1: {'pid': -1, 'first_seen': '2026-09-18T10:19:27.678329+00:00', 'peak_mib': 182126, 'n'","{""-1"": {""pid"": -1, ""first_seen"": ""2026-09-18T10:19:27.678329+00:00"", ""peak_mib"": 182126, """,b-mistral-nemo12b,longbench,,,32768,25,,m5_quality_mi300x/longbench_precision_b-mistral-nemo12b.csv,fp8_ptk,_server,server_gpu_kv_cache_tokens_log,1869856.0,,,20260918-101414-m5-longbench/fp8_ptk/server.log,,server_paperwork
20261010-075351-f4-rebuild,20260918-101339-m5c-b-mistral-nemo12b-longbench,20260918-101414-m5-longbench,2026-09-18T10:13:39+00:00,run_start,0,UNOBSERVABLE_HOST,"{-1: {'pid': -1, 'first_seen': '2026-09-18T10:19:27.678329+00:00', 'peak_mib': 182126, 'n'","{""-1"": {""pid"": -1, ""first_seen"": ""2026-09-18T10:19:27.678329+00:00"", ""peak_mib"": 182126, """,b-mistral-nemo12b,longbench,,,32768,25,,m5_quality_mi300x/longbench_precision_b-mistral-nemo12b.csv,fp8_ptk,_server,server_max_model_len_cmd,32768,,,20260918-101414-m5-longbench/fp8_ptk/server.log,,server_paperwork
20261010-075351-f4-rebuild,20260918-101339-m5c-b-mistral-nemo12b-longbench,20260918-101414-m5-longbench,2026-09-18T10:13:39+00:00,run_start,0,UNOBSERVABLE_HOST,"{-1: {'pid': -1, 'first_seen': '2026-09-18T10:19:27.678329+00:00', 'peak_mib': 182126, 'n'","{""-1"": {""pid"": -1, ""first_seen"": ""2026-09-18T10:19:27.678329+00:00"", ""peak_mib"": 182126, """,b-mistral-nemo12b,longbench,,,32768,25,,m5_quality_mi300x/longbench_precision_b-mistral-nemo12b.csv,int4,_server,server_kv_cache_dtype_cmd,,int4_per_token_head,,20260918-101414-m5-longbench/int4/server.log,,server_paperwork
20261010-075351-f4-rebuild,20260918-101339-m5c-b-mistral-nemo12b-longbench,20260918-101414-m5-longbench,2026-09-18T10:13:39+00:00,run_start,0,UNOBSERVABLE_HOST,"{-1: {'pid': -1, 'first_seen': '2026-09-18T10:19:27.678329+00:00', 'peak_mib': 182126, 'n'","{""-1"": {""pid"": -1, ""first_seen"": ""2026-09-18T10:19:27.678329+00:00"", ""peak_mib"": 182126, """,b-mistral-nemo12b,longbench,,,32768,25,,m5_quality_mi300x/longbench_precision_b-mistral-nemo12b.csv,int4,_server,server_kv_cache_dtype_log,,int4_per_token_head,,20260918-101414-m5-longbench/int4/server.log,,server_paperwork
20261010-075351-f4-rebuild,20260918-101339-m5c-b-mistral-nemo12b-longbench,20260918-101414-m5-longbench,2026-09-18T10:13:39+00:00,run_start,0,UNOBSERVABLE_HOST,"{-1: {'pid': -1, 'first_seen': '2026-09-18T10:19:27.678329+00:00', 'peak_mib': 182126, 'n'","{""-1"": {""pid"": -1, ""first_seen"": ""2026-09-18T10:19:27.678329+00:00"", ""peak_mib"": 182126, """,b-mistral-nemo12b,longbench,,,32768,25,,m5_quality_mi300x/longbench_precision_b-mistral-nemo12b.csv,int4,_server,server_attention_backend_log,,TRITON_ATTN,,20260918-101414-m5-longbench/int4/server.log,,server_paperwork
20261010-075351-f4-rebuild,20260918-101339-m5c-b-mistral-nemo12b-longbench,20260918-101414-m5-longbench,2026-09-18T10:13:39+00:00,run_start,0,UNOBSERVABLE_HOST,"{-1: {'pid': -1, 'first_seen': '2026-09-18T10:19:27.678329+00:00', 'peak_mib': 182126, 'n'","{""-1"": {""pid"": -1, ""first_seen"": ""2026-09-18T10:19:27.678329+00:00"", ""peak_mib"": 182126, """,b-mistral-nemo12b,longbench,,,32768,25,,m5_quality_mi300x/longbench_precision_b-mistral-nemo12b.csv,int4,_server,server_gpu_kv_cache_tokens_log,3629744.0,,,20260918-101414-m5-longbench/int4/server.log,,server_paperwork
20261010-075351-f4-rebuild,20260918-101339-m5c-b-mistral-nemo12b-longbench,20260918-101414-m5-longbench,2026-09-18T10:13:39+00:00,run_start,0,UNOBSERVABLE_HOST,"{-1: {'pid': -1, 'first_seen': '2026-09-18T10:19:27.678329+00:00', 'peak_mib': 182126, 'n'","{""-1"": {""pid"": -1, ""first_seen"": ""2026-09-18T10:19:27.678329+00:00"", ""peak_mib"": 182126, """,b-mistral-nemo12b,longbench,,,32768,25,,m5_quality_mi300x/longbench_precision_b-mistral-nemo12b.csv,int4,_server,server_max_model_len_cmd,32768,,,20260918-101414-m5-longbench/int4/server.log,,server_paperwork
20261010-075351-f4-rebuild,20260918-101339-m5c-b-mistral-nemo12b-longbench,20260918-101414-m5-longbench,2026-09-18T10:13:39+00:00,run_start,0,UNOBSERVABLE_HOST,"{-1: {'pid': -1, 'first_seen': '2026-09-18T10:19:27.678329+00:00', 'peak_mib': 182126, 'n'","{""-1"": {""pid"": -1, ""first_seen"": ""2026-09-18T10:19:27.678329+00:00"", ""peak_mib"": 182126, """,b-mistral-nemo12b,longbench,,,32768,25,,m5_quality_mi300x/longbench_precision_b-mistral-nemo12b.csv,int8,_server,server_kv_cache_dtype_cmd,,int8_per_token_head,,20260918-101414-m5-longbench/int8/server.log,,server_paperwork
20261010-075351-f4-rebuild,20260918-101339-m5c-b-mistral-nemo12b-longbench,20260918-101414-m5-longbench,2026-09-18T10:13:39+00:00,run_start,0,UNOBSERVABLE_HOST,"{-1: {'pid': -1, 'first_seen': '2026-09-18T10:19:27.678329+00:00', 'peak_mib': 182126, 'n'","{""-1"": {""pid"": -1, ""first_seen"": ""2026-09-18T10:19:27.678329+00:00"", ""peak_mib"": 182126, """,b-mistral-nemo12b,longbench,,,32768,25,,m5_quality_mi300x/longbench_precision_b-mistral-nemo12b.csv,int8,_server,server_kv_cache_dtype_log,,int8_per_token_head,,20260918-101414-m5-longbench/int8/server.log,,server_paperwork
20261010-075351-f4-rebuild,20260918-101339-m5c-b-mistral-nemo12b-longbench,20260918-101414-m5-longbench,2026-09-18T10:13:39+00:00,run_start,0,UNOBSERVABLE_HOST,"{-1: {'pid': -1, 'first_seen': '2026-09-18T10:19:27.678329+00:00', 'peak_mib': 182126, 'n'","{""-1"": {""pid"": -1, ""first_seen"": ""2026-09-18T10:19:27.678329+00:00"", ""peak_mib"": 182126, """,b-mistral-nemo12b,longbench,,,32768,25,,m5_quality_mi300x/longbench_precision_b-mistral-nemo12b.csv,int8,_server,server_attention_backend_log,,TRITON_ATTN,,20260918-101414-m5-longbench/int8/server.log,,server_paperwork
20261010-075351-f4-rebuild,20260918-101339-m5c-b-mistral-nemo12b-longbench,20260918-101414-m5-longbench,2026-09-18T10:13:39+00:00,run_start,0,UNOBSERVABLE_HOST,"{-1: {'pid': -1, 'first_seen': '2026-09-18T10:19:27.678329+00:00', 'peak_mib': 182126, 'n'","{""-1"": {""pid"": -1, ""first_seen"": ""2026-09-18T10:19:27.678329+00:00"", ""peak_mib"": 182126, """,b-mistral-nemo12b,longbench,,,32768,25,,m5_quality_mi300x/longbench_precision_b-mistral-nemo12b.csv,int8,_server,server_gpu_kv_cache_tokens_log,1869856.0,,,20260918-101414-m5-longbench/int8/server.log,,server_paperwork
20261010-075351-f4-rebuild,20260918-101339-m5c-b-mistral-nemo12b-longbench,20260918-101414-m5-longbench,2026-09-18T10:13:39+00:00,run_start,0,UNOBSERVABLE_HOST,"{-1: {'pid': -1, 'first_seen': '2026-09-18T10:19:27.678329+00:00', 'peak_mib': 182126, 'n'","{""-1"": {""pid"": -1, ""first_seen"": ""2026-09-18T10:19:27.678329+00:00"", ""peak_mib"": 182126, """,b-mistral-nemo12b,longbench,,,32768,25,,m5_quality_mi300x/longbench_precision_b-mistral-nemo12b.csv,int8,_server,server_max_model_len_cmd,32768,,,20260918-101414-m5-longbench/int8/server.log,,server_paperwork
20261010-075351-f4-rebuild,20260918-104948-m5c-b-mistral-nemo12b-ruler,20260918-105027-m5-ruler,2026-09-18T10:49:48+00:00,run_start,0,UNOBSERVABLE_HOST,"{-1: {'pid': -1, 'first_seen': '2026-09-18T10:55:37.126445+00:00', 'peak_mib': 183573, 'n'","{""-1"": {""pid"": -1, ""first_seen"": ""2026-09-18T10:55:37.126445+00:00"", ""peak_mib"": 183573, """,b-mistral-nemo12b,ruler,,16384,32768,20,,m5_quality_mi300x/ruler_precision_b-mistral-nemo12b.csv,bf16,_server,server_kv_cache_dtype_cmd,,auto(未指定),,20260918-105027-m5-ruler/bf16/server.log,,server_paperwork
20261010-075351-f4-rebuild,20260918-104948-m5c-b-mistral-nemo12b-ruler,20260918-105027-m5-ruler,2026-09-18T10:49:48+00:00,run_start,0,UNOBSERVABLE_HOST,"{-1: {'pid': -1, 'first_seen': '2026-09-18T10:55:37.126445+00:00', 'peak_mib': 183573, 'n'","{""-1"": {""pid"": -1, ""first_seen"": ""2026-09-18T10:55:37.126445+00:00"", ""peak_mib"": 183573, """,b-mistral-nemo12b,ruler,,16384,32768,20,,m5_quality_mi300x/ruler_precision_b-mistral-nemo12b.csv,bf16,_server,server_kv_cache_dtype_log,,auto(未出現在 non-default args),,20260918-105027-m5-ruler/bf16/server.log,,server_paperwork
20261010-075351-f4-rebuild,20260918-104948-m5c-b-mistral-nemo12b-ruler,20260918-105027-m5-ruler,2026-09-18T10:49:48+00:00,run_start,0,UNOBSERVABLE_HOST,"{-1: {'pid': -1, 'first_seen': '2026-09-18T10:55:37.126445+00:00', 'peak_mib': 183573, 'n'","{""-1"": {""pid"": -1, ""first_seen"": ""2026-09-18T10:55:37.126445+00:00"", ""peak_mib"": 183573, """,b-mistral-nemo12b,ruler,,16384,32768,20,,m5_quality_mi300x/ruler_precision_b-mistral-nemo12b.csv,bf16,_server,server_attention_backend_log,,ROCM_ATTN,,20260918-105027-m5-ruler/bf16/server.log,,server_paperwork
20261010-075351-f4-rebuild,20260918-104948-m5c-b-mistral-nemo12b-ruler,20260918-105027-m5-ruler,2026-09-18T10:49:48+00:00,run_start,0,UNOBSERVABLE_HOST,"{-1: {'pid': -1, 'first_seen': '2026-09-18T10:55:37.126445+00:00', 'peak_mib': 183573, 'n'","{""-1"": {""pid"": -1, ""first_seen"": ""2026-09-18T10:55:37.126445+00:00"", ""peak_mib"": 183573, """,b-mistral-nemo12b,ruler,,16384,32768,20,,m5_quality_mi300x/ruler_precision_b-mistral-nemo12b.csv,bf16,_server,server_gpu_kv_cache_tokens_log,963854.0,,,20260918-105027-m5-ruler/bf16/server.log,,server_paperwork
20261010-075351-f4-rebuild,20260918-104948-m5c-b-mistral-nemo12b-ruler,20260918-105027-m5-ruler,2026-09-18T10:49:48+00:00,run_start,0,UNOBSERVABLE_HOST,"{-1: {'pid': -1, 'first_seen': '2026-09-18T10:55:37.126445+00:00', 'peak_mib': 183573, 'n'","{""-1"": {""pid"": -1, ""first_seen"": ""2026-09-18T10:55:37.126445+00:00"", ""peak_mib"": 183573, """,b-mistral-nemo12b,ruler,,16384,32768,20,,m5_quality_mi300x/ruler_precision_b-mistral-nemo12b.csv,bf16,_server,server_max_model_len_cmd,16635,,,20260918-105027-m5-ruler/bf16/server.log,,server_paperwork
20261010-075351-f4-rebuild,20260918-104948-m5c-b-mistral-nemo12b-ruler,20260918-105027-m5-ruler,2026-09-18T10:49:48+00:00,run_start,0,UNOBSERVABLE_HOST,"{-1: {'pid': -1, 'first_seen': '2026-09-18T10:55:37.126445+00:00', 'peak_mib': 183573, 'n'","{""-1"": {""pid"": -1, ""first_seen"": ""2026-09-18T10:55:37.126445+00:00"", ""peak_mib"": 183573, """,b-mistral-nemo12b,ruler,,16384,32768,20,,m5_quality_mi300x/ruler_precision_b-mistral-nemo12b.csv,fp8,_server,server_kv_cache_dtype_cmd,,fp8,,20260918-105027-m5-ruler/fp8/server.log,,server_paperwork
20261010-075351-f4-rebuild,20260918-104948-m5c-b-mistral-nemo12b-ruler,20260918-105027-m5-ruler,2026-09-18T10:49:48+00:00,run_start,0,UNOBSERVABLE_HOST,"{-1: {'pid': -1, 'first_seen': '2026-09-18T10:55:37.126445+00:00', 'peak_mib': 183573, 'n'","{""-1"": {""pid"": -1, ""first_seen"": ""2026-09-18T10:55:37.126445+00:00"", ""peak_mib"": 183573, """,b-mistral-nemo12b,ruler,,16384,32768,20,,m5_quality_mi300x/ruler_precision_b-mistral-nemo12b.csv,fp8,_server,server_kv_cache_dtype_log,,fp8,,20260918-105027-m5-ruler/fp8/server.log,,server_paperwork
20261010-075351-f4-rebuild,20260918-104948-m5c-b-mistral-nemo12b-ruler,20260918-105027-m5-ruler,2026-09-18T10:49:48+00:00,run_start,0,UNOBSERVABLE_HOST,"{-1: {'pid': -1, 'first_seen': '2026-09-18T10:55:37.126445+00:00', 'peak_mib': 183573, 'n'","{""-1"": {""pid"": -1, ""first_seen"": ""2026-09-18T10:55:37.126445+00:00"", ""peak_mib"": 183573, """,b-mistral-nemo12b,ruler,,16384,32768,20,,m5_quality_mi300x/ruler_precision_b-mistral-nemo12b.csv,fp8,_server,server_attention_backend_log,,ROCM_ATTN,,20260918-105027-m5-ruler/fp8/server.log,,server_paperwork
20261010-075351-f4-rebuild,20260918-104948-m5c-b-mistral-nemo12b-ruler,20260918-105027-m5-ruler,2026-09-18T10:49:48+00:00,run_start,0,UNOBSERVABLE_HOST,"{-1: {'pid': -1, 'first_seen': '2026-09-18T10:55:37.126445+00:00', 'peak_mib': 183573, 'n'","{""-1"": {""pid"": -1, ""first_seen"": ""2026-09-18T10:55:37.126445+00:00"", ""peak_mib"": 183573, """,b-mistral-nemo12b,ruler,,16384,32768,20,,m5_quality_mi300x/ruler_precision_b-mistral-nemo12b.csv,fp8,_server,server_gpu_kv_cache_tokens_log,1927724.0,,,20260918-105027-m5-ruler/fp8/server.log,,server_paperwork
20261010-075351-f4-rebuild,20260918-104948-m5c-b-mistral-nemo12b-ruler,20260918-105027-m5-ruler,2026-09-18T10:49:48+00:00,run_start,0,UNOBSERVABLE_HOST,"{-1: {'pid': -1, 'first_seen': '2026-09-18T10:55:37.126445+00:00', 'peak_mib': 183573, 'n'","{""-1"": {""pid"": -1, ""first_seen"": ""2026-09-18T10:55:37.126445+00:00"", ""peak_mib"": 183573, """,b-mistral-nemo12b,ruler,,16384,32768,20,,m5_quality_mi300x/ruler_precision_b-mistral-nemo12b.csv,fp8,_server,server_max_model_len_cmd,16635,,,20260918-105027-m5-ruler/fp8/server.log,,server_paperwork
20261010-075351-f4-rebuild,20260918-104948-m5c-b-mistral-nemo12b-ruler,20260918-105027-m5-ruler,2026-09-18T10:49:48+00:00,run_start,0,UNOBSERVABLE_HOST,"{-1: {'pid': -1, 'first_seen': '2026-09-18T10:55:37.126445+00:00', 'peak_mib': 183573, 'n'","{""-1"": {""pid"": -1, ""first_seen"": ""2026-09-18T10:55:37.126445+00:00"", ""peak_mib"": 183573, """,b-mistral-nemo12b,ruler,,16384,32768,20,,m5_quality_mi300x/ruler_precision_b-mistral-nemo12b.csv,fp8_ptk,_server,server_kv_cache_dtype_cmd,,fp8_per_token_head,,20260918-105027-m5-ruler/fp8_ptk/server.log,,server_paperwork
20261010-075351-f4-rebuild,20260918-104948-m5c-b-mistral-nemo12b-ruler,20260918-105027-m5-ruler,2026-09-18T10:49:48+00:00,run_start,0,UNOBSERVABLE_HOST,"{-1: {'pid': -1, 'first_seen': '2026-09-18T10:55:37.126445+00:00', 'peak_mib': 183573, 'n'","{""-1"": {""pid"": -1, ""first_seen"": ""2026-09-18T10:55:37.126445+00:00"", ""peak_mib"": 183573, """,b-mistral-nemo12b,ruler,,16384,32768,20,,m5_quality_mi300x/ruler_precision_b-mistral-nemo12b.csv,fp8_ptk,_server,server_kv_cache_dtype_log,,fp8_per_token_head,,20260918-105027-m5-ruler/fp8_ptk/server.log,,server_paperwork
20261010-075351-f4-rebuild,20260918-104948-m5c-b-mistral-nemo12b-ruler,20260918-105027-m5-ruler,2026-09-18T10:49:48+00:00,run_start,0,UNOBSERVABLE_HOST,"{-1: {'pid': -1, 'first_seen': '2026-09-18T10:55:37.126445+00:00', 'peak_mib': 183573, 'n'","{""-1"": {""pid"": -1, ""first_seen"": ""2026-09-18T10:55:37.126445+00:00"", ""peak_mib"": 183573, """,b-mistral-nemo12b,ruler,,16384,32768,20,,m5_quality_mi300x/ruler_precision_b-mistral-nemo12b.csv,fp8_ptk,_server,server_attention_backend_log,,TRITON_ATTN,,20260918-105027-m5-ruler/fp8_ptk/server.log,,server_paperwork
20261010-075351-f4-rebuild,20260918-104948-m5c-b-mistral-nemo12b-ruler,20260918-105027-m5-ruler,2026-09-18T10:49:48+00:00,run_start,0,UNOBSERVABLE_HOST,"{-1: {'pid': -1, 'first_seen': '2026-09-18T10:55:37.126445+00:00', 'peak_mib': 183573, 'n'","{""-1"": {""pid"": -1, ""first_seen"": ""2026-09-18T10:55:37.126445+00:00"", ""peak_mib"": 183573, """,b-mistral-nemo12b,ruler,,16384,32768,20,,m5_quality_mi300x/ruler_precision_b-mistral-nemo12b.csv,fp8_ptk,_server,server_gpu_kv_cache_tokens_log,1869294.0,,,20260918-105027-m5-ruler/fp8_ptk/server.log,,server_paperwork
20261010-075351-f4-rebuild,20260918-104948-m5c-b-mistral-nemo12b-ruler,20260918-105027-m5-ruler,2026-09-18T10:49:48+00:00,run_start,0,UNOBSERVABLE_HOST,"{-1: {'pid': -1, 'first_seen': '2026-09-18T10:55:37.126445+00:00', 'peak_mib': 183573, 'n'","{""-1"": {""pid"": -1, ""first_seen"": ""2026-09-18T10:55:37.126445+00:00"", ""peak_mib"": 183573, """,b-mistral-nemo12b,ruler,,16384,32768,20,,m5_quality_mi300x/ruler_precision_b-mistral-nemo12b.csv,fp8_ptk,_server,server_max_model_len_cmd,16635,,,20260918-105027-m5-ruler/fp8_ptk/server.log,,server_paperwork
20261010-075351-f4-rebuild,20260918-104948-m5c-b-mistral-nemo12b-ruler,20260918-105027-m5-ruler,2026-09-18T10:49:48+00:00,run_start,0,UNOBSERVABLE_HOST,"{-1: {'pid': -1, 'first_seen': '2026-09-18T10:55:37.126445+00:00', 'peak_mib': 183573, 'n'","{""-1"": {""pid"": -1, ""first_seen"": ""2026-09-18T10:55:37.126445+00:00"", ""peak_mib"": 183573, """,b-mistral-nemo12b,ruler,,16384,32768,20,,m5_quality_mi300x/ruler_precision_b-mistral-nemo12b.csv,int4,_server,server_kv_cache_dtype_cmd,,int4_per_token_head,,20260918-105027-m5-ruler/int4/server.log,,server_paperwork
20261010-075351-f4-rebuild,20260918-104948-m5c-b-mistral-nemo12b-ruler,20260918-105027-m5-ruler,2026-09-18T10:49:48+00:00,run_start,0,UNOBSERVABLE_HOST,"{-1: {'pid': -1, 'first_seen': '2026-09-18T10:55:37.126445+00:00', 'peak_mib': 183573, 'n'","{""-1"": {""pid"": -1, ""first_seen"": ""2026-09-18T10:55:37.126445+00:00"", ""peak_mib"": 183573, """,b-mistral-nemo12b,ruler,,16384,32768,20,,m5_quality_mi300x/ruler_precision_b-mistral-nemo12b.csv,int4,_server,server_kv_cache_dtype_log,,int4_per_token_head,,20260918-105027-m5-ruler/int4/server.log,,server_paperwork
20261010-075351-f4-rebuild,20260918-104948-m5c-b-mistral-nemo12b-ruler,20260918-105027-m5-ruler,2026-09-18T10:49:48+00:00,run_start,0,UNOBSERVABLE_HOST,"{-1: {'pid': -1, 'first_seen': '2026-09-18T10:55:37.126445+00:00', 'peak_mib': 183573, 'n'","{""-1"": {""pid"": -1, ""first_seen"": ""2026-09-18T10:55:37.126445+00:00"", ""peak_mib"": 183573, """,b-mistral-nemo12b,ruler,,16384,32768,20,,m5_quality_mi300x/ruler_precision_b-mistral-nemo12b.csv,int4,_server,server_attention_backend_log,,TRITON_ATTN,,20260918-105027-m5-ruler/int4/server.log,,server_paperwork
20261010-075351-f4-rebuild,20260918-104948-m5c-b-mistral-nemo12b-ruler,20260918-105027-m5-ruler,2026-09-18T10:49:48+00:00,run_start,0,UNOBSERVABLE_HOST,"{-1: {'pid': -1, 'first_seen': '2026-09-18T10:55:37.126445+00:00', 'peak_mib': 183573, 'n'","{""-1"": {""pid"": -1, ""first_seen"": ""2026-09-18T10:55:37.126445+00:00"", ""peak_mib"": 183573, """,b-mistral-nemo12b,ruler,,16384,32768,20,,m5_quality_mi300x/ruler_precision_b-mistral-nemo12b.csv,int4,_server,server_gpu_kv_cache_tokens_log,3628653.0,,,20260918-105027-m5-ruler/int4/server.log,,server_paperwork
20261010-075351-f4-rebuild,20260918-104948-m5c-b-mistral-nemo12b-ruler,20260918-105027-m5-ruler,2026-09-18T10:49:48+00:00,run_start,0,UNOBSERVABLE_HOST,"{-1: {'pid': -1, 'first_seen': '2026-09-18T10:55:37.126445+00:00', 'peak_mib': 183573, 'n'","{""-1"": {""pid"": -1, ""first_seen"": ""2026-09-18T10:55:37.126445+00:00"", ""peak_mib"": 183573, """,b-mistral-nemo12b,ruler,,16384,32768,20,,m5_quality_mi300x/ruler_precision_b-mistral-nemo12b.csv,int4,_server,server_max_model_len_cmd,16635,,,20260918-105027-m5-ruler/int4/server.log,,server_paperwork
20261010-075351-f4-rebuild,20260918-104948-m5c-b-mistral-nemo12b-ruler,20260918-105027-m5-ruler,2026-09-18T10:49:48+00:00,run_start,0,UNOBSERVABLE_HOST,"{-1: {'pid': -1, 'first_seen': '2026-09-18T10:55:37.126445+00:00', 'peak_mib': 183573, 'n'","{""-1"": {""pid"": -1, ""first_seen"": ""2026-09-18T10:55:37.126445+00:00"", ""peak_mib"": 183573, """,b-mistral-nemo12b,ruler,,16384,32768,20,,m5_quality_mi300x/ruler_precision_b-mistral-nemo12b.csv,int8,_server,server_kv_cache_dtype_cmd,,int8_per_token_head,,20260918-105027-m5-ruler/int8/server.log,,server_paperwork
20261010-075351-f4-rebuild,20260918-104948-m5c-b-mistral-nemo12b-ruler,20260918-105027-m5-ruler,2026-09-18T10:49:48+00:00,run_start,0,UNOBSERVABLE_HOST,"{-1: {'pid': -1, 'first_seen': '2026-09-18T10:55:37.126445+00:00', 'peak_mib': 183573, 'n'","{""-1"": {""pid"": -1, ""first_seen"": ""2026-09-18T10:55:37.126445+00:00"", ""peak_mib"": 183573, """,b-mistral-nemo12b,ruler,,16384,32768,20,,m5_quality_mi300x/ruler_precision_b-mistral-nemo12b.csv,int8,_server,server_kv_cache_dtype_log,,int8_per_token_head,,20260918-105027-m5-ruler/int8/server.log,,server_paperwork
20261010-075351-f4-rebuild,20260918-104948-m5c-b-mistral-nemo12b-ruler,20260918-105027-m5-ruler,2026-09-18T10:49:48+00:00,run_start,0,UNOBSERVABLE_HOST,"{-1: {'pid': -1, 'first_seen': '2026-09-18T10:55:37.126445+00:00', 'peak_mib': 183573, 'n'","{""-1"": {""pid"": -1, ""first_seen"": ""2026-09-18T10:55:37.126445+00:00"", ""peak_mib"": 183573, """,b-mistral-nemo12b,ruler,,16384,32768,20,,m5_quality_mi300x/ruler_precision_b-mistral-nemo12b.csv,int8,_server,server_attention_backend_log,,TRITON_ATTN,,20260918-105027-m5-ruler/int8/server.log,,server_paperwork
20261010-075351-f4-rebuild,20260918-104948-m5c-b-mistral-nemo12b-ruler,20260918-105027-m5-ruler,2026-09-18T10:49:48+00:00,run_start,0,UNOBSERVABLE_HOST,"{-1: {'pid': -1, 'first_seen': '2026-09-18T10:55:37.126445+00:00', 'peak_mib': 183573, 'n'","{""-1"": {""pid"": -1, ""first_seen"": ""2026-09-18T10:55:37.126445+00:00"", ""peak_mib"": 183573, """,b-mistral-nemo12b,ruler,,16384,32768,20,,m5_quality_mi300x/ruler_precision_b-mistral-nemo12b.csv,int8,_server,server_gpu_kv_cache_tokens_log,1869294.0,,,20260918-105027-m5-ruler/int8/server.log,,server_paperwork
20261010-075351-f4-rebuild,20260918-104948-m5c-b-mistral-nemo12b-ruler,20260918-105027-m5-ruler,2026-09-18T10:49:48+00:00,run_start,0,UNOBSERVABLE_HOST,"{-1: {'pid': -1, 'first_seen': '2026-09-18T10:55:37.126445+00:00', 'peak_mib': 183573, 'n'","{""-1"": {""pid"": -1, ""first_seen"": ""2026-09-18T10:55:37.126445+00:00"", ""peak_mib"": 183573, """,b-mistral-nemo12b,ruler,,16384,32768,20,,m5_quality_mi300x/ruler_precision_b-mistral-nemo12b.csv,int8,_server,server_max_model_len_cmd,16635,,,20260918-105027-m5-ruler/int8/server.log,,server_paperwork
