run_id,trace,workload,policy,request,block,state
20260905-210810-m5p-timeline,lc128kz,longctx-zipf,tiara_sym_l2,0,81920,GPU
20260905-210810-m5p-timeline,lc128kz,longctx-zipf,tiara_sym_l2,0,82094,GPU
20260905-210810-m5p-timeline,lc128kz,longctx-zipf,tiara_sym_l2,0,82268,GPU
20260905-210810-m5p-timeline,lc128kz,longctx-zipf,tiara_sym_l2,0,82442,GPU
20260905-210810-m5p-timeline,lc128kz,longctx-zipf,tiara_sym_l2,0,82616,GPU
20260905-210810-m5p-timeline,lc128kz,longctx-zipf,tiara_sym_l2,0,82790,GPU
20260905-210810-m5p-timeline,lc128kz,longctx-zipf,tiara_sym_l2,0,82964,GPU
20260905-210810-m5p-timeline,lc128kz,longctx-zipf,tiara_sym_l2,0,83138,GPU
20260905-210810-m5p-timeline,lc128kz,longctx-zipf,tiara_sym_l2,0,83312,GPU
20260905-210810-m5p-timeline,lc128kz,longctx-zipf,tiara_sym_l2,0,83486,GPU
20260905-210810-m5p-timeline,lc128kz,longctx-zipf,tiara_sym_l2,0,83660,GPU
20260905-210810-m5p-timeline,lc128kz,longctx-zipf,tiara_sym_l2,0,83834,GPU
20260905-210810-m5p-timeline,lc128kz,longctx-zipf,tiara_sym_l2,0,84008,GPU
20260905-210810-m5p-timeline,lc128kz,longctx-zipf,tiara_sym_l2,0,84182,GPU
20260905-210810-m5p-timeline,lc128kz,longctx-zipf,tiara_sym_l2,0,84356,GPU
20260905-210810-m5p-timeline,lc128kz,longctx-zipf,tiara_sym_l2,0,84530,GPU
20260905-210810-m5p-timeline,lc128kz,longctx-zipf,tiara_sym_l2,0,84704,GPU
20260905-210810-m5p-timeline,lc128kz,longctx-zipf,tiara_sym_l2,0,84878,GPU
20260905-210810-m5p-timeline,lc128kz,longctx-zipf,tiara_sym_l2,0,85052,GPU
20260905-210810-m5p-timeline,lc128kz,longctx-zipf,tiara_sym_l2,0,85226,GPU
20260905-210810-m5p-timeline,lc128kz,longctx-zipf,tiara_sym_l2,0,85400,GPU
20260905-210810-m5p-timeline,lc128kz,longctx-zipf,tiara_sym_l2,0,85574,GPU
20260905-210810-m5p-timeline,lc128kz,longctx-zipf,tiara_sym_l2,0,85748,GPU
20260905-210810-m5p-timeline,lc128kz,longctx-zipf,tiara_sym_l2,0,85922,GPU
20260905-210810-m5p-timeline,lc128kz,longctx-zipf,tiara_sym_l2,0,86096,GPU
20260905-210810-m5p-timeline,lc128kz,longctx-zipf,tiara_sym_l2,0,86270,GPU
20260905-210810-m5p-timeline,lc128kz,longctx-zipf,tiara_sym_l2,0,86444,GPU
20260905-210810-m5p-timeline,lc128kz,longctx-zipf,tiara_sym_l2,0,86618,GPU
20260905-210810-m5p-timeline,lc128kz,longctx-zipf,tiara_sym_l2,0,86792,GPU
20260905-210810-m5p-timeline,lc128kz,longctx-zipf,tiara_sym_l2,0,86966,GPU
20260905-210810-m5p-timeline,lc128kz,longctx-zipf,tiara_sym_l2,0,87140,GPU
20260905-210810-m5p-timeline,lc128kz,longctx-zipf,tiara_sym_l2,0,87314,GPU
20260905-210810-m5p-timeline,lc128kz,longctx-zipf,tiara_sym_l2,0,87488,GPU
20260905-210810-m5p-timeline,lc128kz,longctx-zipf,tiara_sym_l2,0,87662,GPU
20260905-210810-m5p-timeline,lc128kz,longctx-zipf,tiara_sym_l2,0,87836,GPU
20260905-210810-m5p-timeline,lc128kz,longctx-zipf,tiara_sym_l2,0,88010,GPU
20260905-210810-m5p-timeline,lc128kz,longctx-zipf,tiara_sym_l2,0,88184,GPU
20260905-210810-m5p-timeline,lc128kz,longctx-zipf,tiara_sym_l2,0,88358,GPU
20260905-210810-m5p-timeline,lc128kz,longctx-zipf,tiara_sym_l2,0,88532,GPU
20260905-210810-m5p-timeline,lc128kz,longctx-zipf,tiara_sym_l2,0,88706,GPU
20260905-210810-m5p-timeline,lc128kz,longctx-zipf,tiara_sym_l2,0,88880,GPU
20260905-210810-m5p-timeline,lc128kz,longctx-zipf,tiara_sym_l2,0,89054,GPU
20260905-210810-m5p-timeline,lc128kz,longctx-zipf,tiara_sym_l2,0,89228,GPU
20260905-210810-m5p-timeline,lc128kz,longctx-zipf,tiara_sym_l2,0,89402,GPU
20260905-210810-m5p-timeline,lc128kz,longctx-zipf,tiara_sym_l2,0,89576,GPU
20260905-210810-m5p-timeline,lc128kz,longctx-zipf,tiara_sym_l2,0,89750,GPU
20260905-210810-m5p-timeline,lc128kz,longctx-zipf,tiara_sym_l2,0,89924,GPU
20260905-210810-m5p-timeline,lc128kz,longctx-zipf,tiara_sym_l2,0,90098,GPU
20260905-210810-m5p-timeline,lc128kz,longctx-zipf,tiara_sym_l2,1,81920,GPU
20260905-210810-m5p-timeline,lc128kz,longctx-zipf,tiara_sym_l2,1,82094,GPU
20260905-210810-m5p-timeline,lc128kz,longctx-zipf,tiara_sym_l2,1,82268,GPU
20260905-210810-m5p-timeline,lc128kz,longctx-zipf,tiara_sym_l2,1,82442,GPU
20260905-210810-m5p-timeline,lc128kz,longctx-zipf,tiara_sym_l2,1,82616,GPU
20260905-210810-m5p-timeline,lc128kz,longctx-zipf,tiara_sym_l2,1,82790,GPU
20260905-210810-m5p-timeline,lc128kz,longctx-zipf,tiara_sym_l2,1,82964,GPU
20260905-210810-m5p-timeline,lc128kz,longctx-zipf,tiara_sym_l2,1,83138,GPU
20260905-210810-m5p-timeline,lc128kz,longctx-zipf,tiara_sym_l2,1,83312,GPU
20260905-210810-m5p-timeline,lc128kz,longctx-zipf,tiara_sym_l2,1,83486,GPU
20260905-210810-m5p-timeline,lc128kz,longctx-zipf,tiara_sym_l2,1,83660,GPU
20260905-210810-m5p-timeline,lc128kz,longctx-zipf,tiara_sym_l2,1,83834,GPU
20260905-210810-m5p-timeline,lc128kz,longctx-zipf,tiara_sym_l2,1,84008,GPU
20260905-210810-m5p-timeline,lc128kz,longctx-zipf,tiara_sym_l2,1,84182,GPU
20260905-210810-m5p-timeline,lc128kz,longctx-zipf,tiara_sym_l2,1,84356,GPU
20260905-210810-m5p-timeline,lc128kz,longctx-zipf,tiara_sym_l2,1,84530,GPU
20260905-210810-m5p-timeline,lc128kz,longctx-zipf,tiara_sym_l2,1,84704,GPU
20260905-210810-m5p-timeline,lc128kz,longctx-zipf,tiara_sym_l2,1,84878,GPU
20260905-210810-m5p-timeline,lc128kz,longctx-zipf,tiara_sym_l2,1,85052,GPU
20260905-210810-m5p-timeline,lc128kz,longctx-zipf,tiara_sym_l2,1,85226,GPU
20260905-210810-m5p-timeline,lc128kz,longctx-zipf,tiara_sym_l2,1,85400,GPU
20260905-210810-m5p-timeline,lc128kz,longctx-zipf,tiara_sym_l2,1,85574,GPU
20260905-210810-m5p-timeline,lc128kz,longctx-zipf,tiara_sym_l2,1,85748,GPU
20260905-210810-m5p-timeline,lc128kz,longctx-zipf,tiara_sym_l2,1,85922,GPU
20260905-210810-m5p-timeline,lc128kz,longctx-zipf,tiara_sym_l2,1,86096,GPU
20260905-210810-m5p-timeline,lc128kz,longctx-zipf,tiara_sym_l2,1,86270,GPU
20260905-210810-m5p-timeline,lc128kz,longctx-zipf,tiara_sym_l2,1,86444,GPU
20260905-210810-m5p-timeline,lc128kz,longctx-zipf,tiara_sym_l2,1,86618,GPU
20260905-210810-m5p-timeline,lc128kz,longctx-zipf,tiara_sym_l2,1,86792,GPU
20260905-210810-m5p-timeline,lc128kz,longctx-zipf,tiara_sym_l2,1,86966,GPU
20260905-210810-m5p-timeline,lc128kz,longctx-zipf,tiara_sym_l2,1,87140,GPU
20260905-210810-m5p-timeline,lc128kz,longctx-zipf,tiara_sym_l2,1,87314,GPU
20260905-210810-m5p-timeline,lc128kz,longctx-zipf,tiara_sym_l2,1,87488,GPU
20260905-210810-m5p-timeline,lc128kz,longctx-zipf,tiara_sym_l2,1,87662,GPU
20260905-210810-m5p-timeline,lc128kz,longctx-zipf,tiara_sym_l2,1,87836,GPU
20260905-210810-m5p-timeline,lc128kz,longctx-zipf,tiara_sym_l2,1,88010,GPU
20260905-210810-m5p-timeline,lc128kz,longctx-zipf,tiara_sym_l2,1,88184,GPU
20260905-210810-m5p-timeline,lc128kz,longctx-zipf,tiara_sym_l2,1,88358,GPU
20260905-210810-m5p-timeline,lc128kz,longctx-zipf,tiara_sym_l2,1,88532,GPU
20260905-210810-m5p-timeline,lc128kz,longctx-zipf,tiara_sym_l2,1,88706,GPU
20260905-210810-m5p-timeline,lc128kz,longctx-zipf,tiara_sym_l2,1,88880,GPU
20260905-210810-m5p-timeline,lc128kz,longctx-zipf,tiara_sym_l2,1,89054,GPU
20260905-210810-m5p-timeline,lc128kz,longctx-zipf,tiara_sym_l2,1,89228,GPU
20260905-210810-m5p-timeline,lc128kz,longctx-zipf,tiara_sym_l2,1,89402,GPU
20260905-210810-m5p-timeline,lc128kz,longctx-zipf,tiara_sym_l2,1,89576,GPU
20260905-210810-m5p-timeline,lc128kz,longctx-zipf,tiara_sym_l2,1,89750,GPU
20260905-210810-m5p-timeline,lc128kz,longctx-zipf,tiara_sym_l2,1,89924,GPU
20260905-210810-m5p-timeline,lc128kz,longctx-zipf,tiara_sym_l2,1,90098,GPU
20260905-210810-m5p-timeline,lc128kz,longctx-zipf,tiara_sym_l2,2,81920,GPU
20260905-210810-m5p-timeline,lc128kz,longctx-zipf,tiara_sym_l2,2,82094,GPU
20260905-210810-m5p-timeline,lc128kz,longctx-zipf,tiara_sym_l2,2,82268,GPU
20260905-210810-m5p-timeline,lc128kz,longctx-zipf,tiara_sym_l2,2,82442,GPU
20260905-210810-m5p-timeline,lc128kz,longctx-zipf,tiara_sym_l2,2,82616,GPU
20260905-210810-m5p-timeline,lc128kz,longctx-zipf,tiara_sym_l2,2,82790,GPU
20260905-210810-m5p-timeline,lc128kz,longctx-zipf,tiara_sym_l2,2,82964,GPU
20260905-210810-m5p-timeline,lc128kz,longctx-zipf,tiara_sym_l2,2,83138,GPU
20260905-210810-m5p-timeline,lc128kz,longctx-zipf,tiara_sym_l2,2,83312,GPU
20260905-210810-m5p-timeline,lc128kz,longctx-zipf,tiara_sym_l2,2,83486,GPU
20260905-210810-m5p-timeline,lc128kz,longctx-zipf,tiara_sym_l2,2,83660,GPU
20260905-210810-m5p-timeline,lc128kz,longctx-zipf,tiara_sym_l2,2,83834,GPU
20260905-210810-m5p-timeline,lc128kz,longctx-zipf,tiara_sym_l2,2,84008,GPU
20260905-210810-m5p-timeline,lc128kz,longctx-zipf,tiara_sym_l2,2,84182,GPU
20260905-210810-m5p-timeline,lc128kz,longctx-zipf,tiara_sym_l2,2,84356,GPU
20260905-210810-m5p-timeline,lc128kz,longctx-zipf,tiara_sym_l2,2,84530,GPU
20260905-210810-m5p-timeline,lc128kz,longctx-zipf,tiara_sym_l2,2,84704,GPU
20260905-210810-m5p-timeline,lc128kz,longctx-zipf,tiara_sym_l2,2,84878,GPU
20260905-210810-m5p-timeline,lc128kz,longctx-zipf,tiara_sym_l2,2,85052,GPU
20260905-210810-m5p-timeline,lc128kz,longctx-zipf,tiara_sym_l2,2,85226,GPU
20260905-210810-m5p-timeline,lc128kz,longctx-zipf,tiara_sym_l2,2,85400,GPU
20260905-210810-m5p-timeline,lc128kz,longctx-zipf,tiara_sym_l2,2,85574,GPU
20260905-210810-m5p-timeline,lc128kz,longctx-zipf,tiara_sym_l2,2,85748,GPU
20260905-210810-m5p-timeline,lc128kz,longctx-zipf,tiara_sym_l2,2,85922,GPU
20260905-210810-m5p-timeline,lc128kz,longctx-zipf,tiara_sym_l2,2,86096,GPU
20260905-210810-m5p-timeline,lc128kz,longctx-zipf,tiara_sym_l2,2,86270,GPU
20260905-210810-m5p-timeline,lc128kz,longctx-zipf,tiara_sym_l2,2,86444,GPU
20260905-210810-m5p-timeline,lc128kz,longctx-zipf,tiara_sym_l2,2,86618,GPU
20260905-210810-m5p-timeline,lc128kz,longctx-zipf,tiara_sym_l2,2,86792,GPU
20260905-210810-m5p-timeline,lc128kz,longctx-zipf,tiara_sym_l2,2,86966,GPU
20260905-210810-m5p-timeline,lc128kz,longctx-zipf,tiara_sym_l2,2,87140,GPU
20260905-210810-m5p-timeline,lc128kz,longctx-zipf,tiara_sym_l2,2,87314,GPU
20260905-210810-m5p-timeline,lc128kz,longctx-zipf,tiara_sym_l2,2,87488,GPU
20260905-210810-m5p-timeline,lc128kz,longctx-zipf,tiara_sym_l2,2,87662,GPU
20260905-210810-m5p-timeline,lc128kz,longctx-zipf,tiara_sym_l2,2,87836,GPU
20260905-210810-m5p-timeline,lc128kz,longctx-zipf,tiara_sym_l2,2,88010,GPU
20260905-210810-m5p-timeline,lc128kz,longctx-zipf,tiara_sym_l2,2,88184,GPU
20260905-210810-m5p-timeline,lc128kz,longctx-zipf,tiara_sym_l2,2,88358,GPU
20260905-210810-m5p-timeline,lc128kz,longctx-zipf,tiara_sym_l2,2,88532,GPU
20260905-210810-m5p-timeline,lc128kz,longctx-zipf,tiara_sym_l2,2,88706,GPU
20260905-210810-m5p-timeline,lc128kz,longctx-zipf,tiara_sym_l2,2,88880,GPU
20260905-210810-m5p-timeline,lc128kz,longctx-zipf,tiara_sym_l2,2,89054,GPU
20260905-210810-m5p-timeline,lc128kz,longctx-zipf,tiara_sym_l2,2,89228,GPU
20260905-210810-m5p-timeline,lc128kz,longctx-zipf,tiara_sym_l2,2,89402,GPU
20260905-210810-m5p-timeline,lc128kz,longctx-zipf,tiara_sym_l2,2,89576,GPU
20260905-210810-m5p-timeline,lc128kz,longctx-zipf,tiara_sym_l2,2,89750,GPU
20260905-210810-m5p-timeline,lc128kz,longctx-zipf,tiara_sym_l2,2,89924,GPU
20260905-210810-m5p-timeline,lc128kz,longctx-zipf,tiara_sym_l2,2,90098,GPU
20260905-210810-m5p-timeline,lc128kz,longctx-zipf,tiara_sym_l2,3,81920,GPU
20260905-210810-m5p-timeline,lc128kz,longctx-zipf,tiara_sym_l2,3,82094,GPU
20260905-210810-m5p-timeline,lc128kz,longctx-zipf,tiara_sym_l2,3,82268,GPU
20260905-210810-m5p-timeline,lc128kz,longctx-zipf,tiara_sym_l2,3,82442,GPU
20260905-210810-m5p-timeline,lc128kz,longctx-zipf,tiara_sym_l2,3,82616,GPU
20260905-210810-m5p-timeline,lc128kz,longctx-zipf,tiara_sym_l2,3,82790,GPU
20260905-210810-m5p-timeline,lc128kz,longctx-zipf,tiara_sym_l2,3,82964,GPU
20260905-210810-m5p-timeline,lc128kz,longctx-zipf,tiara_sym_l2,3,83138,GPU
20260905-210810-m5p-timeline,lc128kz,longctx-zipf,tiara_sym_l2,3,83312,GPU
20260905-210810-m5p-timeline,lc128kz,longctx-zipf,tiara_sym_l2,3,83486,GPU
20260905-210810-m5p-timeline,lc128kz,longctx-zipf,tiara_sym_l2,3,83660,GPU
20260905-210810-m5p-timeline,lc128kz,longctx-zipf,tiara_sym_l2,3,83834,GPU
20260905-210810-m5p-timeline,lc128kz,longctx-zipf,tiara_sym_l2,3,84008,GPU
20260905-210810-m5p-timeline,lc128kz,longctx-zipf,tiara_sym_l2,3,84182,GPU
20260905-210810-m5p-timeline,lc128kz,longctx-zipf,tiara_sym_l2,3,84356,GPU
20260905-210810-m5p-timeline,lc128kz,longctx-zipf,tiara_sym_l2,3,84530,GPU
20260905-210810-m5p-timeline,lc128kz,longctx-zipf,tiara_sym_l2,3,84704,GPU
20260905-210810-m5p-timeline,lc128kz,longctx-zipf,tiara_sym_l2,3,84878,GPU
20260905-210810-m5p-timeline,lc128kz,longctx-zipf,tiara_sym_l2,3,85052,GPU
20260905-210810-m5p-timeline,lc128kz,longctx-zipf,tiara_sym_l2,3,85226,GPU
20260905-210810-m5p-timeline,lc128kz,longctx-zipf,tiara_sym_l2,3,85400,GPU
20260905-210810-m5p-timeline,lc128kz,longctx-zipf,tiara_sym_l2,3,85574,GPU
20260905-210810-m5p-timeline,lc128kz,longctx-zipf,tiara_sym_l2,3,85748,GPU
20260905-210810-m5p-timeline,lc128kz,longctx-zipf,tiara_sym_l2,3,85922,GPU
20260905-210810-m5p-timeline,lc128kz,longctx-zipf,tiara_sym_l2,3,86096,GPU
20260905-210810-m5p-timeline,lc128kz,longctx-zipf,tiara_sym_l2,3,86270,GPU
20260905-210810-m5p-timeline,lc128kz,longctx-zipf,tiara_sym_l2,3,86444,GPU
20260905-210810-m5p-timeline,lc128kz,longctx-zipf,tiara_sym_l2,3,86618,GPU
20260905-210810-m5p-timeline,lc128kz,longctx-zipf,tiara_sym_l2,3,86792,GPU
20260905-210810-m5p-timeline,lc128kz,longctx-zipf,tiara_sym_l2,3,86966,GPU
20260905-210810-m5p-timeline,lc128kz,longctx-zipf,tiara_sym_l2,3,87140,GPU
20260905-210810-m5p-timeline,lc128kz,longctx-zipf,tiara_sym_l2,3,87314,GPU
20260905-210810-m5p-timeline,lc128kz,longctx-zipf,tiara_sym_l2,3,87488,GPU
20260905-210810-m5p-timeline,lc128kz,longctx-zipf,tiara_sym_l2,3,87662,GPU
20260905-210810-m5p-timeline,lc128kz,longctx-zipf,tiara_sym_l2,3,87836,GPU
20260905-210810-m5p-timeline,lc128kz,longctx-zipf,tiara_sym_l2,3,88010,GPU
20260905-210810-m5p-timeline,lc128kz,longctx-zipf,tiara_sym_l2,3,88184,GPU
20260905-210810-m5p-timeline,lc128kz,longctx-zipf,tiara_sym_l2,3,88358,GPU
20260905-210810-m5p-timeline,lc128kz,longctx-zipf,tiara_sym_l2,3,88532,GPU
20260905-210810-m5p-timeline,lc128kz,longctx-zipf,tiara_sym_l2,3,88706,GPU
20260905-210810-m5p-timeline,lc128kz,longctx-zipf,tiara_sym_l2,3,88880,GPU
20260905-210810-m5p-timeline,lc128kz,longctx-zipf,tiara_sym_l2,3,89054,GPU
20260905-210810-m5p-timeline,lc128kz,longctx-zipf,tiara_sym_l2,3,89228,GPU
20260905-210810-m5p-timeline,lc128kz,longctx-zipf,tiara_sym_l2,3,89402,GPU
20260905-210810-m5p-timeline,lc128kz,longctx-zipf,tiara_sym_l2,3,89576,GPU
20260905-210810-m5p-timeline,lc128kz,longctx-zipf,tiara_sym_l2,3,89750,GPU
20260905-210810-m5p-timeline,lc128kz,longctx-zipf,tiara_sym_l2,3,89924,GPU
20260905-210810-m5p-timeline,lc128kz,longctx-zipf,tiara_sym_l2,3,90098,GPU
20260905-210810-m5p-timeline,lc128kz,longctx-zipf,tiara_sym_l2,4,81920,GPU
20260905-210810-m5p-timeline,lc128kz,longctx-zipf,tiara_sym_l2,4,82094,GPU
20260905-210810-m5p-timeline,lc128kz,longctx-zipf,tiara_sym_l2,4,82268,GPU
20260905-210810-m5p-timeline,lc128kz,longctx-zipf,tiara_sym_l2,4,82442,GPU
20260905-210810-m5p-timeline,lc128kz,longctx-zipf,tiara_sym_l2,4,82616,GPU
20260905-210810-m5p-timeline,lc128kz,longctx-zipf,tiara_sym_l2,4,82790,GPU
20260905-210810-m5p-timeline,lc128kz,longctx-zipf,tiara_sym_l2,4,82964,GPU
20260905-210810-m5p-timeline,lc128kz,longctx-zipf,tiara_sym_l2,4,83138,GPU
20260905-210810-m5p-timeline,lc128kz,longctx-zipf,tiara_sym_l2,4,83312,GPU
20260905-210810-m5p-timeline,lc128kz,longctx-zipf,tiara_sym_l2,4,83486,GPU
20260905-210810-m5p-timeline,lc128kz,longctx-zipf,tiara_sym_l2,4,83660,GPU
20260905-210810-m5p-timeline,lc128kz,longctx-zipf,tiara_sym_l2,4,83834,GPU
20260905-210810-m5p-timeline,lc128kz,longctx-zipf,tiara_sym_l2,4,84008,GPU
20260905-210810-m5p-timeline,lc128kz,longctx-zipf,tiara_sym_l2,4,84182,GPU
20260905-210810-m5p-timeline,lc128kz,longctx-zipf,tiara_sym_l2,4,84356,GPU
20260905-210810-m5p-timeline,lc128kz,longctx-zipf,tiara_sym_l2,4,84530,GPU
20260905-210810-m5p-timeline,lc128kz,longctx-zipf,tiara_sym_l2,4,84704,GPU
20260905-210810-m5p-timeline,lc128kz,longctx-zipf,tiara_sym_l2,4,84878,GPU
20260905-210810-m5p-timeline,lc128kz,longctx-zipf,tiara_sym_l2,4,85052,GPU
20260905-210810-m5p-timeline,lc128kz,longctx-zipf,tiara_sym_l2,4,85226,GPU
20260905-210810-m5p-timeline,lc128kz,longctx-zipf,tiara_sym_l2,4,85400,GPU
20260905-210810-m5p-timeline,lc128kz,longctx-zipf,tiara_sym_l2,4,85574,GPU
20260905-210810-m5p-timeline,lc128kz,longctx-zipf,tiara_sym_l2,4,85748,GPU
20260905-210810-m5p-timeline,lc128kz,longctx-zipf,tiara_sym_l2,4,85922,GPU
20260905-210810-m5p-timeline,lc128kz,longctx-zipf,tiara_sym_l2,4,86096,GPU
20260905-210810-m5p-timeline,lc128kz,longctx-zipf,tiara_sym_l2,4,86270,GPU
20260905-210810-m5p-timeline,lc128kz,longctx-zipf,tiara_sym_l2,4,86444,GPU
20260905-210810-m5p-timeline,lc128kz,longctx-zipf,tiara_sym_l2,4,86618,GPU
20260905-210810-m5p-timeline,lc128kz,longctx-zipf,tiara_sym_l2,4,86792,GPU
20260905-210810-m5p-timeline,lc128kz,longctx-zipf,tiara_sym_l2,4,86966,GPU
20260905-210810-m5p-timeline,lc128kz,longctx-zipf,tiara_sym_l2,4,87140,GPU
20260905-210810-m5p-timeline,lc128kz,longctx-zipf,tiara_sym_l2,4,87314,GPU
20260905-210810-m5p-timeline,lc128kz,longctx-zipf,tiara_sym_l2,4,87488,GPU
20260905-210810-m5p-timeline,lc128kz,longctx-zipf,tiara_sym_l2,4,87662,GPU
20260905-210810-m5p-timeline,lc128kz,longctx-zipf,tiara_sym_l2,4,87836,GPU
20260905-210810-m5p-timeline,lc128kz,longctx-zipf,tiara_sym_l2,4,88010,GPU
20260905-210810-m5p-timeline,lc128kz,longctx-zipf,tiara_sym_l2,4,88184,GPU
20260905-210810-m5p-timeline,lc128kz,longctx-zipf,tiara_sym_l2,4,88358,GPU
20260905-210810-m5p-timeline,lc128kz,longctx-zipf,tiara_sym_l2,4,88532,GPU
20260905-210810-m5p-timeline,lc128kz,longctx-zipf,tiara_sym_l2,4,88706,GPU
20260905-210810-m5p-timeline,lc128kz,longctx-zipf,tiara_sym_l2,4,88880,GPU
20260905-210810-m5p-timeline,lc128kz,longctx-zipf,tiara_sym_l2,4,89054,GPU
20260905-210810-m5p-timeline,lc128kz,longctx-zipf,tiara_sym_l2,4,89228,GPU
20260905-210810-m5p-timeline,lc128kz,longctx-zipf,tiara_sym_l2,4,89402,GPU
20260905-210810-m5p-timeline,lc128kz,longctx-zipf,tiara_sym_l2,4,89576,GPU
20260905-210810-m5p-timeline,lc128kz,longctx-zipf,tiara_sym_l2,4,89750,GPU
20260905-210810-m5p-timeline,lc128kz,longctx-zipf,tiara_sym_l2,4,89924,GPU
20260905-210810-m5p-timeline,lc128kz,longctx-zipf,tiara_sym_l2,4,90098,GPU
20260905-210810-m5p-timeline,lc128kz,longctx-zipf,tiara_sym_l2,5,81920,GPU
20260905-210810-m5p-timeline,lc128kz,longctx-zipf,tiara_sym_l2,5,82094,GPU
20260905-210810-m5p-timeline,lc128kz,longctx-zipf,tiara_sym_l2,5,82268,GPU
20260905-210810-m5p-timeline,lc128kz,longctx-zipf,tiara_sym_l2,5,82442,GPU
20260905-210810-m5p-timeline,lc128kz,longctx-zipf,tiara_sym_l2,5,82616,GPU
20260905-210810-m5p-timeline,lc128kz,longctx-zipf,tiara_sym_l2,5,82790,GPU
20260905-210810-m5p-timeline,lc128kz,longctx-zipf,tiara_sym_l2,5,82964,GPU
20260905-210810-m5p-timeline,lc128kz,longctx-zipf,tiara_sym_l2,5,83138,GPU
20260905-210810-m5p-timeline,lc128kz,longctx-zipf,tiara_sym_l2,5,83312,GPU
20260905-210810-m5p-timeline,lc128kz,longctx-zipf,tiara_sym_l2,5,83486,GPU
20260905-210810-m5p-timeline,lc128kz,longctx-zipf,tiara_sym_l2,5,83660,GPU
20260905-210810-m5p-timeline,lc128kz,longctx-zipf,tiara_sym_l2,5,83834,GPU
20260905-210810-m5p-timeline,lc128kz,longctx-zipf,tiara_sym_l2,5,84008,GPU
20260905-210810-m5p-timeline,lc128kz,longctx-zipf,tiara_sym_l2,5,84182,GPU
20260905-210810-m5p-timeline,lc128kz,longctx-zipf,tiara_sym_l2,5,84356,GPU
20260905-210810-m5p-timeline,lc128kz,longctx-zipf,tiara_sym_l2,5,84530,GPU
20260905-210810-m5p-timeline,lc128kz,longctx-zipf,tiara_sym_l2,5,84704,GPU
20260905-210810-m5p-timeline,lc128kz,longctx-zipf,tiara_sym_l2,5,84878,GPU
20260905-210810-m5p-timeline,lc128kz,longctx-zipf,tiara_sym_l2,5,85052,GPU
20260905-210810-m5p-timeline,lc128kz,longctx-zipf,tiara_sym_l2,5,85226,GPU
20260905-210810-m5p-timeline,lc128kz,longctx-zipf,tiara_sym_l2,5,85400,GPU
20260905-210810-m5p-timeline,lc128kz,longctx-zipf,tiara_sym_l2,5,85574,GPU
20260905-210810-m5p-timeline,lc128kz,longctx-zipf,tiara_sym_l2,5,85748,GPU
20260905-210810-m5p-timeline,lc128kz,longctx-zipf,tiara_sym_l2,5,85922,GPU
20260905-210810-m5p-timeline,lc128kz,longctx-zipf,tiara_sym_l2,5,86096,GPU
20260905-210810-m5p-timeline,lc128kz,longctx-zipf,tiara_sym_l2,5,86270,GPU
20260905-210810-m5p-timeline,lc128kz,longctx-zipf,tiara_sym_l2,5,86444,GPU
20260905-210810-m5p-timeline,lc128kz,longctx-zipf,tiara_sym_l2,5,86618,GPU
20260905-210810-m5p-timeline,lc128kz,longctx-zipf,tiara_sym_l2,5,86792,GPU
20260905-210810-m5p-timeline,lc128kz,longctx-zipf,tiara_sym_l2,5,86966,GPU
20260905-210810-m5p-timeline,lc128kz,longctx-zipf,tiara_sym_l2,5,87140,GPU
20260905-210810-m5p-timeline,lc128kz,longctx-zipf,tiara_sym_l2,5,87314,GPU
20260905-210810-m5p-timeline,lc128kz,longctx-zipf,tiara_sym_l2,5,87488,GPU
20260905-210810-m5p-timeline,lc128kz,longctx-zipf,tiara_sym_l2,5,87662,GPU
20260905-210810-m5p-timeline,lc128kz,longctx-zipf,tiara_sym_l2,5,87836,GPU
20260905-210810-m5p-timeline,lc128kz,longctx-zipf,tiara_sym_l2,5,88010,GPU
20260905-210810-m5p-timeline,lc128kz,longctx-zipf,tiara_sym_l2,5,88184,GPU
20260905-210810-m5p-timeline,lc128kz,longctx-zipf,tiara_sym_l2,5,88358,GPU
20260905-210810-m5p-timeline,lc128kz,longctx-zipf,tiara_sym_l2,5,88532,GPU
20260905-210810-m5p-timeline,lc128kz,longctx-zipf,tiara_sym_l2,5,88706,GPU
20260905-210810-m5p-timeline,lc128kz,longctx-zipf,tiara_sym_l2,5,88880,GPU
20260905-210810-m5p-timeline,lc128kz,longctx-zipf,tiara_sym_l2,5,89054,GPU
20260905-210810-m5p-timeline,lc128kz,longctx-zipf,tiara_sym_l2,5,89228,GPU
20260905-210810-m5p-timeline,lc128kz,longctx-zipf,tiara_sym_l2,5,89402,GPU
20260905-210810-m5p-timeline,lc128kz,longctx-zipf,tiara_sym_l2,5,89576,GPU
20260905-210810-m5p-timeline,lc128kz,longctx-zipf,tiara_sym_l2,5,89750,CPU
20260905-210810-m5p-timeline,lc128kz,longctx-zipf,tiara_sym_l2,5,89924,CPU
20260905-210810-m5p-timeline,lc128kz,longctx-zipf,tiara_sym_l2,5,90098,CPU
20260905-210810-m5p-timeline,lc128kz,longctx-zipf,tiara_sym_l2,6,81920,GPU
20260905-210810-m5p-timeline,lc128kz,longctx-zipf,tiara_sym_l2,6,82094,GPU
20260905-210810-m5p-timeline,lc128kz,longctx-zipf,tiara_sym_l2,6,82268,GPU
20260905-210810-m5p-timeline,lc128kz,longctx-zipf,tiara_sym_l2,6,82442,GPU
20260905-210810-m5p-timeline,lc128kz,longctx-zipf,tiara_sym_l2,6,82616,GPU
20260905-210810-m5p-timeline,lc128kz,longctx-zipf,tiara_sym_l2,6,82790,GPU
20260905-210810-m5p-timeline,lc128kz,longctx-zipf,tiara_sym_l2,6,82964,GPU
20260905-210810-m5p-timeline,lc128kz,longctx-zipf,tiara_sym_l2,6,83138,GPU
20260905-210810-m5p-timeline,lc128kz,longctx-zipf,tiara_sym_l2,6,83312,GPU
20260905-210810-m5p-timeline,lc128kz,longctx-zipf,tiara_sym_l2,6,83486,GPU
20260905-210810-m5p-timeline,lc128kz,longctx-zipf,tiara_sym_l2,6,83660,GPU
20260905-210810-m5p-timeline,lc128kz,longctx-zipf,tiara_sym_l2,6,83834,GPU
20260905-210810-m5p-timeline,lc128kz,longctx-zipf,tiara_sym_l2,6,84008,GPU
20260905-210810-m5p-timeline,lc128kz,longctx-zipf,tiara_sym_l2,6,84182,GPU
20260905-210810-m5p-timeline,lc128kz,longctx-zipf,tiara_sym_l2,6,84356,GPU
20260905-210810-m5p-timeline,lc128kz,longctx-zipf,tiara_sym_l2,6,84530,GPU
20260905-210810-m5p-timeline,lc128kz,longctx-zipf,tiara_sym_l2,6,84704,GPU
20260905-210810-m5p-timeline,lc128kz,longctx-zipf,tiara_sym_l2,6,84878,GPU
20260905-210810-m5p-timeline,lc128kz,longctx-zipf,tiara_sym_l2,6,85052,GPU
20260905-210810-m5p-timeline,lc128kz,longctx-zipf,tiara_sym_l2,6,85226,GPU
20260905-210810-m5p-timeline,lc128kz,longctx-zipf,tiara_sym_l2,6,85400,GPU
20260905-210810-m5p-timeline,lc128kz,longctx-zipf,tiara_sym_l2,6,85574,GPU
20260905-210810-m5p-timeline,lc128kz,longctx-zipf,tiara_sym_l2,6,85748,GPU
20260905-210810-m5p-timeline,lc128kz,longctx-zipf,tiara_sym_l2,6,85922,GPU
20260905-210810-m5p-timeline,lc128kz,longctx-zipf,tiara_sym_l2,6,86096,GPU
20260905-210810-m5p-timeline,lc128kz,longctx-zipf,tiara_sym_l2,6,86270,GPU
20260905-210810-m5p-timeline,lc128kz,longctx-zipf,tiara_sym_l2,6,86444,GPU
20260905-210810-m5p-timeline,lc128kz,longctx-zipf,tiara_sym_l2,6,86618,GPU
20260905-210810-m5p-timeline,lc128kz,longctx-zipf,tiara_sym_l2,6,86792,GPU
20260905-210810-m5p-timeline,lc128kz,longctx-zipf,tiara_sym_l2,6,86966,GPU
20260905-210810-m5p-timeline,lc128kz,longctx-zipf,tiara_sym_l2,6,87140,GPU
20260905-210810-m5p-timeline,lc128kz,longctx-zipf,tiara_sym_l2,6,87314,GPU
20260905-210810-m5p-timeline,lc128kz,longctx-zipf,tiara_sym_l2,6,87488,GPU
20260905-210810-m5p-timeline,lc128kz,longctx-zipf,tiara_sym_l2,6,87662,GPU
20260905-210810-m5p-timeline,lc128kz,longctx-zipf,tiara_sym_l2,6,87836,GPU
20260905-210810-m5p-timeline,lc128kz,longctx-zipf,tiara_sym_l2,6,88010,GPU
20260905-210810-m5p-timeline,lc128kz,longctx-zipf,tiara_sym_l2,6,88184,GPU
20260905-210810-m5p-timeline,lc128kz,longctx-zipf,tiara_sym_l2,6,88358,GPU
20260905-210810-m5p-timeline,lc128kz,longctx-zipf,tiara_sym_l2,6,88532,GPU
20260905-210810-m5p-timeline,lc128kz,longctx-zipf,tiara_sym_l2,6,88706,GPU
20260905-210810-m5p-timeline,lc128kz,longctx-zipf,tiara_sym_l2,6,88880,GPU
20260905-210810-m5p-timeline,lc128kz,longctx-zipf,tiara_sym_l2,6,89054,GPU
20260905-210810-m5p-timeline,lc128kz,longctx-zipf,tiara_sym_l2,6,89228,GPU
20260905-210810-m5p-timeline,lc128kz,longctx-zipf,tiara_sym_l2,6,89402,GPU
20260905-210810-m5p-timeline,lc128kz,longctx-zipf,tiara_sym_l2,6,89576,GPU
20260905-210810-m5p-timeline,lc128kz,longctx-zipf,tiara_sym_l2,6,89750,CPU
20260905-210810-m5p-timeline,lc128kz,longctx-zipf,tiara_sym_l2,6,89924,CPU
20260905-210810-m5p-timeline,lc128kz,longctx-zipf,tiara_sym_l2,6,90098,CPU
20260905-210810-m5p-timeline,lc128kz,longctx-zipf,tiara_sym_l2,7,81920,GPU
20260905-210810-m5p-timeline,lc128kz,longctx-zipf,tiara_sym_l2,7,82094,GPU
20260905-210810-m5p-timeline,lc128kz,longctx-zipf,tiara_sym_l2,7,82268,GPU
20260905-210810-m5p-timeline,lc128kz,longctx-zipf,tiara_sym_l2,7,82442,GPU
20260905-210810-m5p-timeline,lc128kz,longctx-zipf,tiara_sym_l2,7,82616,GPU
20260905-210810-m5p-timeline,lc128kz,longctx-zipf,tiara_sym_l2,7,82790,GPU
20260905-210810-m5p-timeline,lc128kz,longctx-zipf,tiara_sym_l2,7,82964,GPU
20260905-210810-m5p-timeline,lc128kz,longctx-zipf,tiara_sym_l2,7,83138,GPU
20260905-210810-m5p-timeline,lc128kz,longctx-zipf,tiara_sym_l2,7,83312,GPU
20260905-210810-m5p-timeline,lc128kz,longctx-zipf,tiara_sym_l2,7,83486,GPU
20260905-210810-m5p-timeline,lc128kz,longctx-zipf,tiara_sym_l2,7,83660,GPU
20260905-210810-m5p-timeline,lc128kz,longctx-zipf,tiara_sym_l2,7,83834,GPU
20260905-210810-m5p-timeline,lc128kz,longctx-zipf,tiara_sym_l2,7,84008,GPU
20260905-210810-m5p-timeline,lc128kz,longctx-zipf,tiara_sym_l2,7,84182,GPU
20260905-210810-m5p-timeline,lc128kz,longctx-zipf,tiara_sym_l2,7,84356,GPU
20260905-210810-m5p-timeline,lc128kz,longctx-zipf,tiara_sym_l2,7,84530,GPU
20260905-210810-m5p-timeline,lc128kz,longctx-zipf,tiara_sym_l2,7,84704,GPU
20260905-210810-m5p-timeline,lc128kz,longctx-zipf,tiara_sym_l2,7,84878,GPU
20260905-210810-m5p-timeline,lc128kz,longctx-zipf,tiara_sym_l2,7,85052,GPU
20260905-210810-m5p-timeline,lc128kz,longctx-zipf,tiara_sym_l2,7,85226,GPU
20260905-210810-m5p-timeline,lc128kz,longctx-zipf,tiara_sym_l2,7,85400,GPU
20260905-210810-m5p-timeline,lc128kz,longctx-zipf,tiara_sym_l2,7,85574,GPU
20260905-210810-m5p-timeline,lc128kz,longctx-zipf,tiara_sym_l2,7,85748,GPU
20260905-210810-m5p-timeline,lc128kz,longctx-zipf,tiara_sym_l2,7,85922,GPU
20260905-210810-m5p-timeline,lc128kz,longctx-zipf,tiara_sym_l2,7,86096,GPU
20260905-210810-m5p-timeline,lc128kz,longctx-zipf,tiara_sym_l2,7,86270,GPU
20260905-210810-m5p-timeline,lc128kz,longctx-zipf,tiara_sym_l2,7,86444,GPU
20260905-210810-m5p-timeline,lc128kz,longctx-zipf,tiara_sym_l2,7,86618,GPU
20260905-210810-m5p-timeline,lc128kz,longctx-zipf,tiara_sym_l2,7,86792,GPU
20260905-210810-m5p-timeline,lc128kz,longctx-zipf,tiara_sym_l2,7,86966,GPU
20260905-210810-m5p-timeline,lc128kz,longctx-zipf,tiara_sym_l2,7,87140,GPU
20260905-210810-m5p-timeline,lc128kz,longctx-zipf,tiara_sym_l2,7,87314,GPU
20260905-210810-m5p-timeline,lc128kz,longctx-zipf,tiara_sym_l2,7,87488,GPU
20260905-210810-m5p-timeline,lc128kz,longctx-zipf,tiara_sym_l2,7,87662,GPU
20260905-210810-m5p-timeline,lc128kz,longctx-zipf,tiara_sym_l2,7,87836,GPU
20260905-210810-m5p-timeline,lc128kz,longctx-zipf,tiara_sym_l2,7,88010,GPU
20260905-210810-m5p-timeline,lc128kz,longctx-zipf,tiara_sym_l2,7,88184,GPU
20260905-210810-m5p-timeline,lc128kz,longctx-zipf,tiara_sym_l2,7,88358,GPU
20260905-210810-m5p-timeline,lc128kz,longctx-zipf,tiara_sym_l2,7,88532,GPU
20260905-210810-m5p-timeline,lc128kz,longctx-zipf,tiara_sym_l2,7,88706,GPU
20260905-210810-m5p-timeline,lc128kz,longctx-zipf,tiara_sym_l2,7,88880,GPU
20260905-210810-m5p-timeline,lc128kz,longctx-zipf,tiara_sym_l2,7,89054,GPU
20260905-210810-m5p-timeline,lc128kz,longctx-zipf,tiara_sym_l2,7,89228,GPU
20260905-210810-m5p-timeline,lc128kz,longctx-zipf,tiara_sym_l2,7,89402,GPU
20260905-210810-m5p-timeline,lc128kz,longctx-zipf,tiara_sym_l2,7,89576,GPU
20260905-210810-m5p-timeline,lc128kz,longctx-zipf,tiara_sym_l2,7,89750,CPU
20260905-210810-m5p-timeline,lc128kz,longctx-zipf,tiara_sym_l2,7,89924,CPU
20260905-210810-m5p-timeline,lc128kz,longctx-zipf,tiara_sym_l2,7,90098,CPU
20260905-210810-m5p-timeline,lc128kz,longctx-zipf,tiara_sym_l2,8,81920,GPU
20260905-210810-m5p-timeline,lc128kz,longctx-zipf,tiara_sym_l2,8,82094,GPU
20260905-210810-m5p-timeline,lc128kz,longctx-zipf,tiara_sym_l2,8,82268,GPU
20260905-210810-m5p-timeline,lc128kz,longctx-zipf,tiara_sym_l2,8,82442,GPU
20260905-210810-m5p-timeline,lc128kz,longctx-zipf,tiara_sym_l2,8,82616,GPU
20260905-210810-m5p-timeline,lc128kz,longctx-zipf,tiara_sym_l2,8,82790,GPU
20260905-210810-m5p-timeline,lc128kz,longctx-zipf,tiara_sym_l2,8,82964,GPU
20260905-210810-m5p-timeline,lc128kz,longctx-zipf,tiara_sym_l2,8,83138,GPU
20260905-210810-m5p-timeline,lc128kz,longctx-zipf,tiara_sym_l2,8,83312,GPU
20260905-210810-m5p-timeline,lc128kz,longctx-zipf,tiara_sym_l2,8,83486,GPU
20260905-210810-m5p-timeline,lc128kz,longctx-zipf,tiara_sym_l2,8,83660,GPU
20260905-210810-m5p-timeline,lc128kz,longctx-zipf,tiara_sym_l2,8,83834,GPU
20260905-210810-m5p-timeline,lc128kz,longctx-zipf,tiara_sym_l2,8,84008,GPU
20260905-210810-m5p-timeline,lc128kz,longctx-zipf,tiara_sym_l2,8,84182,GPU
20260905-210810-m5p-timeline,lc128kz,longctx-zipf,tiara_sym_l2,8,84356,GPU
20260905-210810-m5p-timeline,lc128kz,longctx-zipf,tiara_sym_l2,8,84530,GPU
20260905-210810-m5p-timeline,lc128kz,longctx-zipf,tiara_sym_l2,8,84704,GPU
20260905-210810-m5p-timeline,lc128kz,longctx-zipf,tiara_sym_l2,8,84878,GPU
20260905-210810-m5p-timeline,lc128kz,longctx-zipf,tiara_sym_l2,8,85052,GPU
20260905-210810-m5p-timeline,lc128kz,longctx-zipf,tiara_sym_l2,8,85226,GPU
20260905-210810-m5p-timeline,lc128kz,longctx-zipf,tiara_sym_l2,8,85400,GPU
20260905-210810-m5p-timeline,lc128kz,longctx-zipf,tiara_sym_l2,8,85574,GPU
20260905-210810-m5p-timeline,lc128kz,longctx-zipf,tiara_sym_l2,8,85748,GPU
20260905-210810-m5p-timeline,lc128kz,longctx-zipf,tiara_sym_l2,8,85922,GPU
20260905-210810-m5p-timeline,lc128kz,longctx-zipf,tiara_sym_l2,8,86096,GPU
20260905-210810-m5p-timeline,lc128kz,longctx-zipf,tiara_sym_l2,8,86270,GPU
20260905-210810-m5p-timeline,lc128kz,longctx-zipf,tiara_sym_l2,8,86444,GPU
20260905-210810-m5p-timeline,lc128kz,longctx-zipf,tiara_sym_l2,8,86618,GPU
20260905-210810-m5p-timeline,lc128kz,longctx-zipf,tiara_sym_l2,8,86792,GPU
20260905-210810-m5p-timeline,lc128kz,longctx-zipf,tiara_sym_l2,8,86966,GPU
20260905-210810-m5p-timeline,lc128kz,longctx-zipf,tiara_sym_l2,8,87140,GPU
20260905-210810-m5p-timeline,lc128kz,longctx-zipf,tiara_sym_l2,8,87314,GPU
20260905-210810-m5p-timeline,lc128kz,longctx-zipf,tiara_sym_l2,8,87488,GPU
20260905-210810-m5p-timeline,lc128kz,longctx-zipf,tiara_sym_l2,8,87662,GPU
20260905-210810-m5p-timeline,lc128kz,longctx-zipf,tiara_sym_l2,8,87836,GPU
20260905-210810-m5p-timeline,lc128kz,longctx-zipf,tiara_sym_l2,8,88010,GPU
20260905-210810-m5p-timeline,lc128kz,longctx-zipf,tiara_sym_l2,8,88184,GPU
20260905-210810-m5p-timeline,lc128kz,longctx-zipf,tiara_sym_l2,8,88358,GPU
20260905-210810-m5p-timeline,lc128kz,longctx-zipf,tiara_sym_l2,8,88532,GPU
20260905-210810-m5p-timeline,lc128kz,longctx-zipf,tiara_sym_l2,8,88706,GPU
20260905-210810-m5p-timeline,lc128kz,longctx-zipf,tiara_sym_l2,8,88880,GPU
20260905-210810-m5p-timeline,lc128kz,longctx-zipf,tiara_sym_l2,8,89054,GPU
20260905-210810-m5p-timeline,lc128kz,longctx-zipf,tiara_sym_l2,8,89228,GPU
20260905-210810-m5p-timeline,lc128kz,longctx-zipf,tiara_sym_l2,8,89402,GPU
20260905-210810-m5p-timeline,lc128kz,longctx-zipf,tiara_sym_l2,8,89576,GPU
20260905-210810-m5p-timeline,lc128kz,longctx-zipf,tiara_sym_l2,8,89750,CPU
20260905-210810-m5p-timeline,lc128kz,longctx-zipf,tiara_sym_l2,8,89924,CPU
20260905-210810-m5p-timeline,lc128kz,longctx-zipf,tiara_sym_l2,8,90098,CPU
20260905-210810-m5p-timeline,lc128kz,longctx-zipf,tiara_sym_l2,9,81920,GPU
20260905-210810-m5p-timeline,lc128kz,longctx-zipf,tiara_sym_l2,9,82094,GPU
20260905-210810-m5p-timeline,lc128kz,longctx-zipf,tiara_sym_l2,9,82268,GPU
20260905-210810-m5p-timeline,lc128kz,longctx-zipf,tiara_sym_l2,9,82442,GPU
20260905-210810-m5p-timeline,lc128kz,longctx-zipf,tiara_sym_l2,9,82616,GPU
20260905-210810-m5p-timeline,lc128kz,longctx-zipf,tiara_sym_l2,9,82790,GPU
20260905-210810-m5p-timeline,lc128kz,longctx-zipf,tiara_sym_l2,9,82964,GPU
20260905-210810-m5p-timeline,lc128kz,longctx-zipf,tiara_sym_l2,9,83138,GPU
20260905-210810-m5p-timeline,lc128kz,longctx-zipf,tiara_sym_l2,9,83312,GPU
20260905-210810-m5p-timeline,lc128kz,longctx-zipf,tiara_sym_l2,9,83486,GPU
20260905-210810-m5p-timeline,lc128kz,longctx-zipf,tiara_sym_l2,9,83660,GPU
20260905-210810-m5p-timeline,lc128kz,longctx-zipf,tiara_sym_l2,9,83834,GPU
20260905-210810-m5p-timeline,lc128kz,longctx-zipf,tiara_sym_l2,9,84008,GPU
20260905-210810-m5p-timeline,lc128kz,longctx-zipf,tiara_sym_l2,9,84182,GPU
20260905-210810-m5p-timeline,lc128kz,longctx-zipf,tiara_sym_l2,9,84356,GPU
20260905-210810-m5p-timeline,lc128kz,longctx-zipf,tiara_sym_l2,9,84530,GPU
20260905-210810-m5p-timeline,lc128kz,longctx-zipf,tiara_sym_l2,9,84704,GPU
20260905-210810-m5p-timeline,lc128kz,longctx-zipf,tiara_sym_l2,9,84878,GPU
20260905-210810-m5p-timeline,lc128kz,longctx-zipf,tiara_sym_l2,9,85052,GPU
20260905-210810-m5p-timeline,lc128kz,longctx-zipf,tiara_sym_l2,9,85226,GPU
20260905-210810-m5p-timeline,lc128kz,longctx-zipf,tiara_sym_l2,9,85400,GPU
20260905-210810-m5p-timeline,lc128kz,longctx-zipf,tiara_sym_l2,9,85574,GPU
20260905-210810-m5p-timeline,lc128kz,longctx-zipf,tiara_sym_l2,9,85748,GPU
20260905-210810-m5p-timeline,lc128kz,longctx-zipf,tiara_sym_l2,9,85922,GPU
20260905-210810-m5p-timeline,lc128kz,longctx-zipf,tiara_sym_l2,9,86096,GPU
20260905-210810-m5p-timeline,lc128kz,longctx-zipf,tiara_sym_l2,9,86270,GPU
20260905-210810-m5p-timeline,lc128kz,longctx-zipf,tiara_sym_l2,9,86444,GPU
20260905-210810-m5p-timeline,lc128kz,longctx-zipf,tiara_sym_l2,9,86618,GPU
20260905-210810-m5p-timeline,lc128kz,longctx-zipf,tiara_sym_l2,9,86792,GPU
20260905-210810-m5p-timeline,lc128kz,longctx-zipf,tiara_sym_l2,9,86966,GPU
20260905-210810-m5p-timeline,lc128kz,longctx-zipf,tiara_sym_l2,9,87140,GPU
20260905-210810-m5p-timeline,lc128kz,longctx-zipf,tiara_sym_l2,9,87314,GPU
20260905-210810-m5p-timeline,lc128kz,longctx-zipf,tiara_sym_l2,9,87488,GPU
20260905-210810-m5p-timeline,lc128kz,longctx-zipf,tiara_sym_l2,9,87662,GPU
20260905-210810-m5p-timeline,lc128kz,longctx-zipf,tiara_sym_l2,9,87836,GPU
20260905-210810-m5p-timeline,lc128kz,longctx-zipf,tiara_sym_l2,9,88010,GPU
20260905-210810-m5p-timeline,lc128kz,longctx-zipf,tiara_sym_l2,9,88184,GPU
20260905-210810-m5p-timeline,lc128kz,longctx-zipf,tiara_sym_l2,9,88358,GPU
20260905-210810-m5p-timeline,lc128kz,longctx-zipf,tiara_sym_l2,9,88532,GPU
20260905-210810-m5p-timeline,lc128kz,longctx-zipf,tiara_sym_l2,9,88706,GPU
20260905-210810-m5p-timeline,lc128kz,longctx-zipf,tiara_sym_l2,9,88880,GPU
20260905-210810-m5p-timeline,lc128kz,longctx-zipf,tiara_sym_l2,9,89054,GPU
20260905-210810-m5p-timeline,lc128kz,longctx-zipf,tiara_sym_l2,9,89228,GPU
20260905-210810-m5p-timeline,lc128kz,longctx-zipf,tiara_sym_l2,9,89402,GPU
20260905-210810-m5p-timeline,lc128kz,longctx-zipf,tiara_sym_l2,9,89576,GPU
20260905-210810-m5p-timeline,lc128kz,longctx-zipf,tiara_sym_l2,9,89750,CPU
20260905-210810-m5p-timeline,lc128kz,longctx-zipf,tiara_sym_l2,9,89924,CPU
20260905-210810-m5p-timeline,lc128kz,longctx-zipf,tiara_sym_l2,9,90098,CPU
20260905-210810-m5p-timeline,lc128kz,longctx-zipf,tiara_sym_l2,10,81920,GPU
20260905-210810-m5p-timeline,lc128kz,longctx-zipf,tiara_sym_l2,10,82094,GPU
20260905-210810-m5p-timeline,lc128kz,longctx-zipf,tiara_sym_l2,10,82268,GPU
20260905-210810-m5p-timeline,lc128kz,longctx-zipf,tiara_sym_l2,10,82442,GPU
20260905-210810-m5p-timeline,lc128kz,longctx-zipf,tiara_sym_l2,10,82616,GPU
20260905-210810-m5p-timeline,lc128kz,longctx-zipf,tiara_sym_l2,10,82790,GPU
20260905-210810-m5p-timeline,lc128kz,longctx-zipf,tiara_sym_l2,10,82964,GPU
20260905-210810-m5p-timeline,lc128kz,longctx-zipf,tiara_sym_l2,10,83138,GPU
20260905-210810-m5p-timeline,lc128kz,longctx-zipf,tiara_sym_l2,10,83312,GPU
20260905-210810-m5p-timeline,lc128kz,longctx-zipf,tiara_sym_l2,10,83486,GPU
20260905-210810-m5p-timeline,lc128kz,longctx-zipf,tiara_sym_l2,10,83660,GPU
20260905-210810-m5p-timeline,lc128kz,longctx-zipf,tiara_sym_l2,10,83834,GPU
20260905-210810-m5p-timeline,lc128kz,longctx-zipf,tiara_sym_l2,10,84008,GPU
20260905-210810-m5p-timeline,lc128kz,longctx-zipf,tiara_sym_l2,10,84182,GPU
20260905-210810-m5p-timeline,lc128kz,longctx-zipf,tiara_sym_l2,10,84356,GPU
20260905-210810-m5p-timeline,lc128kz,longctx-zipf,tiara_sym_l2,10,84530,GPU
20260905-210810-m5p-timeline,lc128kz,longctx-zipf,tiara_sym_l2,10,84704,GPU
20260905-210810-m5p-timeline,lc128kz,longctx-zipf,tiara_sym_l2,10,84878,GPU
20260905-210810-m5p-timeline,lc128kz,longctx-zipf,tiara_sym_l2,10,85052,GPU
20260905-210810-m5p-timeline,lc128kz,longctx-zipf,tiara_sym_l2,10,85226,GPU
20260905-210810-m5p-timeline,lc128kz,longctx-zipf,tiara_sym_l2,10,85400,GPU
20260905-210810-m5p-timeline,lc128kz,longctx-zipf,tiara_sym_l2,10,85574,GPU
20260905-210810-m5p-timeline,lc128kz,longctx-zipf,tiara_sym_l2,10,85748,GPU
20260905-210810-m5p-timeline,lc128kz,longctx-zipf,tiara_sym_l2,10,85922,GPU
20260905-210810-m5p-timeline,lc128kz,longctx-zipf,tiara_sym_l2,10,86096,GPU
20260905-210810-m5p-timeline,lc128kz,longctx-zipf,tiara_sym_l2,10,86270,GPU
20260905-210810-m5p-timeline,lc128kz,longctx-zipf,tiara_sym_l2,10,86444,GPU
20260905-210810-m5p-timeline,lc128kz,longctx-zipf,tiara_sym_l2,10,86618,GPU
20260905-210810-m5p-timeline,lc128kz,longctx-zipf,tiara_sym_l2,10,86792,GPU
20260905-210810-m5p-timeline,lc128kz,longctx-zipf,tiara_sym_l2,10,86966,GPU
20260905-210810-m5p-timeline,lc128kz,longctx-zipf,tiara_sym_l2,10,87140,GPU
20260905-210810-m5p-timeline,lc128kz,longctx-zipf,tiara_sym_l2,10,87314,GPU
20260905-210810-m5p-timeline,lc128kz,longctx-zipf,tiara_sym_l2,10,87488,GPU
20260905-210810-m5p-timeline,lc128kz,longctx-zipf,tiara_sym_l2,10,87662,GPU
20260905-210810-m5p-timeline,lc128kz,longctx-zipf,tiara_sym_l2,10,87836,GPU
20260905-210810-m5p-timeline,lc128kz,longctx-zipf,tiara_sym_l2,10,88010,GPU
20260905-210810-m5p-timeline,lc128kz,longctx-zipf,tiara_sym_l2,10,88184,GPU
20260905-210810-m5p-timeline,lc128kz,longctx-zipf,tiara_sym_l2,10,88358,GPU
20260905-210810-m5p-timeline,lc128kz,longctx-zipf,tiara_sym_l2,10,88532,GPU
20260905-210810-m5p-timeline,lc128kz,longctx-zipf,tiara_sym_l2,10,88706,GPU
20260905-210810-m5p-timeline,lc128kz,longctx-zipf,tiara_sym_l2,10,88880,GPU
20260905-210810-m5p-timeline,lc128kz,longctx-zipf,tiara_sym_l2,10,89054,GPU
20260905-210810-m5p-timeline,lc128kz,longctx-zipf,tiara_sym_l2,10,89228,GPU
20260905-210810-m5p-timeline,lc128kz,longctx-zipf,tiara_sym_l2,10,89402,GPU
20260905-210810-m5p-timeline,lc128kz,longctx-zipf,tiara_sym_l2,10,89576,GPU
20260905-210810-m5p-timeline,lc128kz,longctx-zipf,tiara_sym_l2,10,89750,CPU
20260905-210810-m5p-timeline,lc128kz,longctx-zipf,tiara_sym_l2,10,89924,CPU
20260905-210810-m5p-timeline,lc128kz,longctx-zipf,tiara_sym_l2,10,90098,CPU
20260905-210810-m5p-timeline,lc128kz,longctx-zipf,tiara_sym_l2,11,81920,GPU
20260905-210810-m5p-timeline,lc128kz,longctx-zipf,tiara_sym_l2,11,82094,GPU
20260905-210810-m5p-timeline,lc128kz,longctx-zipf,tiara_sym_l2,11,82268,GPU
20260905-210810-m5p-timeline,lc128kz,longctx-zipf,tiara_sym_l2,11,82442,GPU
20260905-210810-m5p-timeline,lc128kz,longctx-zipf,tiara_sym_l2,11,82616,GPU
20260905-210810-m5p-timeline,lc128kz,longctx-zipf,tiara_sym_l2,11,82790,GPU
20260905-210810-m5p-timeline,lc128kz,longctx-zipf,tiara_sym_l2,11,82964,GPU
20260905-210810-m5p-timeline,lc128kz,longctx-zipf,tiara_sym_l2,11,83138,GPU
20260905-210810-m5p-timeline,lc128kz,longctx-zipf,tiara_sym_l2,11,83312,GPU
20260905-210810-m5p-timeline,lc128kz,longctx-zipf,tiara_sym_l2,11,83486,GPU
20260905-210810-m5p-timeline,lc128kz,longctx-zipf,tiara_sym_l2,11,83660,GPU
20260905-210810-m5p-timeline,lc128kz,longctx-zipf,tiara_sym_l2,11,83834,GPU
20260905-210810-m5p-timeline,lc128kz,longctx-zipf,tiara_sym_l2,11,84008,GPU
20260905-210810-m5p-timeline,lc128kz,longctx-zipf,tiara_sym_l2,11,84182,GPU
20260905-210810-m5p-timeline,lc128kz,longctx-zipf,tiara_sym_l2,11,84356,GPU
20260905-210810-m5p-timeline,lc128kz,longctx-zipf,tiara_sym_l2,11,84530,GPU
20260905-210810-m5p-timeline,lc128kz,longctx-zipf,tiara_sym_l2,11,84704,GPU
20260905-210810-m5p-timeline,lc128kz,longctx-zipf,tiara_sym_l2,11,84878,GPU
20260905-210810-m5p-timeline,lc128kz,longctx-zipf,tiara_sym_l2,11,85052,GPU
20260905-210810-m5p-timeline,lc128kz,longctx-zipf,tiara_sym_l2,11,85226,GPU
20260905-210810-m5p-timeline,lc128kz,longctx-zipf,tiara_sym_l2,11,85400,GPU
20260905-210810-m5p-timeline,lc128kz,longctx-zipf,tiara_sym_l2,11,85574,GPU
20260905-210810-m5p-timeline,lc128kz,longctx-zipf,tiara_sym_l2,11,85748,GPU
20260905-210810-m5p-timeline,lc128kz,longctx-zipf,tiara_sym_l2,11,85922,GPU
20260905-210810-m5p-timeline,lc128kz,longctx-zipf,tiara_sym_l2,11,86096,GPU
20260905-210810-m5p-timeline,lc128kz,longctx-zipf,tiara_sym_l2,11,86270,GPU
20260905-210810-m5p-timeline,lc128kz,longctx-zipf,tiara_sym_l2,11,86444,GPU
20260905-210810-m5p-timeline,lc128kz,longctx-zipf,tiara_sym_l2,11,86618,GPU
20260905-210810-m5p-timeline,lc128kz,longctx-zipf,tiara_sym_l2,11,86792,GPU
20260905-210810-m5p-timeline,lc128kz,longctx-zipf,tiara_sym_l2,11,86966,GPU
20260905-210810-m5p-timeline,lc128kz,longctx-zipf,tiara_sym_l2,11,87140,GPU
20260905-210810-m5p-timeline,lc128kz,longctx-zipf,tiara_sym_l2,11,87314,GPU
20260905-210810-m5p-timeline,lc128kz,longctx-zipf,tiara_sym_l2,11,87488,GPU
20260905-210810-m5p-timeline,lc128kz,longctx-zipf,tiara_sym_l2,11,87662,GPU
20260905-210810-m5p-timeline,lc128kz,longctx-zipf,tiara_sym_l2,11,87836,GPU
20260905-210810-m5p-timeline,lc128kz,longctx-zipf,tiara_sym_l2,11,88010,GPU
20260905-210810-m5p-timeline,lc128kz,longctx-zipf,tiara_sym_l2,11,88184,GPU
20260905-210810-m5p-timeline,lc128kz,longctx-zipf,tiara_sym_l2,11,88358,GPU
20260905-210810-m5p-timeline,lc128kz,longctx-zipf,tiara_sym_l2,11,88532,GPU
20260905-210810-m5p-timeline,lc128kz,longctx-zipf,tiara_sym_l2,11,88706,GPU
20260905-210810-m5p-timeline,lc128kz,longctx-zipf,tiara_sym_l2,11,88880,GPU
20260905-210810-m5p-timeline,lc128kz,longctx-zipf,tiara_sym_l2,11,89054,GPU
20260905-210810-m5p-timeline,lc128kz,longctx-zipf,tiara_sym_l2,11,89228,GPU
20260905-210810-m5p-timeline,lc128kz,longctx-zipf,tiara_sym_l2,11,89402,GPU
20260905-210810-m5p-timeline,lc128kz,longctx-zipf,tiara_sym_l2,11,89576,GPU
20260905-210810-m5p-timeline,lc128kz,longctx-zipf,tiara_sym_l2,11,89750,CPU
20260905-210810-m5p-timeline,lc128kz,longctx-zipf,tiara_sym_l2,11,89924,CPU
20260905-210810-m5p-timeline,lc128kz,longctx-zipf,tiara_sym_l2,11,90098,CPU
20260905-210810-m5p-timeline,lc128kz,longctx-zipf,tiara_sym_l2,12,81920,GPU
20260905-210810-m5p-timeline,lc128kz,longctx-zipf,tiara_sym_l2,12,82094,GPU
20260905-210810-m5p-timeline,lc128kz,longctx-zipf,tiara_sym_l2,12,82268,GPU
20260905-210810-m5p-timeline,lc128kz,longctx-zipf,tiara_sym_l2,12,82442,GPU
20260905-210810-m5p-timeline,lc128kz,longctx-zipf,tiara_sym_l2,12,82616,GPU
20260905-210810-m5p-timeline,lc128kz,longctx-zipf,tiara_sym_l2,12,82790,GPU
20260905-210810-m5p-timeline,lc128kz,longctx-zipf,tiara_sym_l2,12,82964,GPU
20260905-210810-m5p-timeline,lc128kz,longctx-zipf,tiara_sym_l2,12,83138,GPU
20260905-210810-m5p-timeline,lc128kz,longctx-zipf,tiara_sym_l2,12,83312,GPU
20260905-210810-m5p-timeline,lc128kz,longctx-zipf,tiara_sym_l2,12,83486,GPU
20260905-210810-m5p-timeline,lc128kz,longctx-zipf,tiara_sym_l2,12,83660,GPU
20260905-210810-m5p-timeline,lc128kz,longctx-zipf,tiara_sym_l2,12,83834,GPU
20260905-210810-m5p-timeline,lc128kz,longctx-zipf,tiara_sym_l2,12,84008,GPU
20260905-210810-m5p-timeline,lc128kz,longctx-zipf,tiara_sym_l2,12,84182,GPU
20260905-210810-m5p-timeline,lc128kz,longctx-zipf,tiara_sym_l2,12,84356,GPU
20260905-210810-m5p-timeline,lc128kz,longctx-zipf,tiara_sym_l2,12,84530,GPU
20260905-210810-m5p-timeline,lc128kz,longctx-zipf,tiara_sym_l2,12,84704,GPU
20260905-210810-m5p-timeline,lc128kz,longctx-zipf,tiara_sym_l2,12,84878,GPU
20260905-210810-m5p-timeline,lc128kz,longctx-zipf,tiara_sym_l2,12,85052,GPU
20260905-210810-m5p-timeline,lc128kz,longctx-zipf,tiara_sym_l2,12,85226,GPU
20260905-210810-m5p-timeline,lc128kz,longctx-zipf,tiara_sym_l2,12,85400,GPU
20260905-210810-m5p-timeline,lc128kz,longctx-zipf,tiara_sym_l2,12,85574,GPU
20260905-210810-m5p-timeline,lc128kz,longctx-zipf,tiara_sym_l2,12,85748,GPU
20260905-210810-m5p-timeline,lc128kz,longctx-zipf,tiara_sym_l2,12,85922,GPU
20260905-210810-m5p-timeline,lc128kz,longctx-zipf,tiara_sym_l2,12,86096,GPU
20260905-210810-m5p-timeline,lc128kz,longctx-zipf,tiara_sym_l2,12,86270,GPU
20260905-210810-m5p-timeline,lc128kz,longctx-zipf,tiara_sym_l2,12,86444,GPU
20260905-210810-m5p-timeline,lc128kz,longctx-zipf,tiara_sym_l2,12,86618,GPU
20260905-210810-m5p-timeline,lc128kz,longctx-zipf,tiara_sym_l2,12,86792,GPU
20260905-210810-m5p-timeline,lc128kz,longctx-zipf,tiara_sym_l2,12,86966,GPU
20260905-210810-m5p-timeline,lc128kz,longctx-zipf,tiara_sym_l2,12,87140,GPU
20260905-210810-m5p-timeline,lc128kz,longctx-zipf,tiara_sym_l2,12,87314,GPU
20260905-210810-m5p-timeline,lc128kz,longctx-zipf,tiara_sym_l2,12,87488,GPU
20260905-210810-m5p-timeline,lc128kz,longctx-zipf,tiara_sym_l2,12,87662,GPU
20260905-210810-m5p-timeline,lc128kz,longctx-zipf,tiara_sym_l2,12,87836,GPU
20260905-210810-m5p-timeline,lc128kz,longctx-zipf,tiara_sym_l2,12,88010,GPU
20260905-210810-m5p-timeline,lc128kz,longctx-zipf,tiara_sym_l2,12,88184,GPU
20260905-210810-m5p-timeline,lc128kz,longctx-zipf,tiara_sym_l2,12,88358,GPU
20260905-210810-m5p-timeline,lc128kz,longctx-zipf,tiara_sym_l2,12,88532,GPU
20260905-210810-m5p-timeline,lc128kz,longctx-zipf,tiara_sym_l2,12,88706,GPU
20260905-210810-m5p-timeline,lc128kz,longctx-zipf,tiara_sym_l2,12,88880,GPU
20260905-210810-m5p-timeline,lc128kz,longctx-zipf,tiara_sym_l2,12,89054,GPU
20260905-210810-m5p-timeline,lc128kz,longctx-zipf,tiara_sym_l2,12,89228,GPU
20260905-210810-m5p-timeline,lc128kz,longctx-zipf,tiara_sym_l2,12,89402,GPU
20260905-210810-m5p-timeline,lc128kz,longctx-zipf,tiara_sym_l2,12,89576,GPU
20260905-210810-m5p-timeline,lc128kz,longctx-zipf,tiara_sym_l2,12,89750,CPU
20260905-210810-m5p-timeline,lc128kz,longctx-zipf,tiara_sym_l2,12,89924,CPU
20260905-210810-m5p-timeline,lc128kz,longctx-zipf,tiara_sym_l2,12,90098,CPU
20260905-210810-m5p-timeline,lc128kz,longctx-zipf,tiara_sym_l2,13,81920,GPU
20260905-210810-m5p-timeline,lc128kz,longctx-zipf,tiara_sym_l2,13,82094,GPU
20260905-210810-m5p-timeline,lc128kz,longctx-zipf,tiara_sym_l2,13,82268,GPU
20260905-210810-m5p-timeline,lc128kz,longctx-zipf,tiara_sym_l2,13,82442,GPU
20260905-210810-m5p-timeline,lc128kz,longctx-zipf,tiara_sym_l2,13,82616,GPU
20260905-210810-m5p-timeline,lc128kz,longctx-zipf,tiara_sym_l2,13,82790,GPU
20260905-210810-m5p-timeline,lc128kz,longctx-zipf,tiara_sym_l2,13,82964,GPU
20260905-210810-m5p-timeline,lc128kz,longctx-zipf,tiara_sym_l2,13,83138,GPU
20260905-210810-m5p-timeline,lc128kz,longctx-zipf,tiara_sym_l2,13,83312,GPU
20260905-210810-m5p-timeline,lc128kz,longctx-zipf,tiara_sym_l2,13,83486,GPU
20260905-210810-m5p-timeline,lc128kz,longctx-zipf,tiara_sym_l2,13,83660,GPU
20260905-210810-m5p-timeline,lc128kz,longctx-zipf,tiara_sym_l2,13,83834,GPU
20260905-210810-m5p-timeline,lc128kz,longctx-zipf,tiara_sym_l2,13,84008,GPU
20260905-210810-m5p-timeline,lc128kz,longctx-zipf,tiara_sym_l2,13,84182,GPU
20260905-210810-m5p-timeline,lc128kz,longctx-zipf,tiara_sym_l2,13,84356,GPU
20260905-210810-m5p-timeline,lc128kz,longctx-zipf,tiara_sym_l2,13,84530,GPU
20260905-210810-m5p-timeline,lc128kz,longctx-zipf,tiara_sym_l2,13,84704,GPU
20260905-210810-m5p-timeline,lc128kz,longctx-zipf,tiara_sym_l2,13,84878,GPU
20260905-210810-m5p-timeline,lc128kz,longctx-zipf,tiara_sym_l2,13,85052,GPU
20260905-210810-m5p-timeline,lc128kz,longctx-zipf,tiara_sym_l2,13,85226,GPU
20260905-210810-m5p-timeline,lc128kz,longctx-zipf,tiara_sym_l2,13,85400,GPU
20260905-210810-m5p-timeline,lc128kz,longctx-zipf,tiara_sym_l2,13,85574,GPU
20260905-210810-m5p-timeline,lc128kz,longctx-zipf,tiara_sym_l2,13,85748,GPU
20260905-210810-m5p-timeline,lc128kz,longctx-zipf,tiara_sym_l2,13,85922,GPU
20260905-210810-m5p-timeline,lc128kz,longctx-zipf,tiara_sym_l2,13,86096,GPU
20260905-210810-m5p-timeline,lc128kz,longctx-zipf,tiara_sym_l2,13,86270,GPU
20260905-210810-m5p-timeline,lc128kz,longctx-zipf,tiara_sym_l2,13,86444,GPU
20260905-210810-m5p-timeline,lc128kz,longctx-zipf,tiara_sym_l2,13,86618,GPU
20260905-210810-m5p-timeline,lc128kz,longctx-zipf,tiara_sym_l2,13,86792,GPU
20260905-210810-m5p-timeline,lc128kz,longctx-zipf,tiara_sym_l2,13,86966,GPU
20260905-210810-m5p-timeline,lc128kz,longctx-zipf,tiara_sym_l2,13,87140,GPU
20260905-210810-m5p-timeline,lc128kz,longctx-zipf,tiara_sym_l2,13,87314,GPU
20260905-210810-m5p-timeline,lc128kz,longctx-zipf,tiara_sym_l2,13,87488,GPU
20260905-210810-m5p-timeline,lc128kz,longctx-zipf,tiara_sym_l2,13,87662,GPU
20260905-210810-m5p-timeline,lc128kz,longctx-zipf,tiara_sym_l2,13,87836,GPU
20260905-210810-m5p-timeline,lc128kz,longctx-zipf,tiara_sym_l2,13,88010,GPU
20260905-210810-m5p-timeline,lc128kz,longctx-zipf,tiara_sym_l2,13,88184,GPU
20260905-210810-m5p-timeline,lc128kz,longctx-zipf,tiara_sym_l2,13,88358,GPU
20260905-210810-m5p-timeline,lc128kz,longctx-zipf,tiara_sym_l2,13,88532,GPU
20260905-210810-m5p-timeline,lc128kz,longctx-zipf,tiara_sym_l2,13,88706,GPU
20260905-210810-m5p-timeline,lc128kz,longctx-zipf,tiara_sym_l2,13,88880,GPU
20260905-210810-m5p-timeline,lc128kz,longctx-zipf,tiara_sym_l2,13,89054,GPU
20260905-210810-m5p-timeline,lc128kz,longctx-zipf,tiara_sym_l2,13,89228,GPU
20260905-210810-m5p-timeline,lc128kz,longctx-zipf,tiara_sym_l2,13,89402,GPU
20260905-210810-m5p-timeline,lc128kz,longctx-zipf,tiara_sym_l2,13,89576,GPU
20260905-210810-m5p-timeline,lc128kz,longctx-zipf,tiara_sym_l2,13,89750,CPU
20260905-210810-m5p-timeline,lc128kz,longctx-zipf,tiara_sym_l2,13,89924,CPU
20260905-210810-m5p-timeline,lc128kz,longctx-zipf,tiara_sym_l2,13,90098,CPU
20260905-210810-m5p-timeline,lc128kz,longctx-zipf,tiara_sym_l2,14,81920,GPU
20260905-210810-m5p-timeline,lc128kz,longctx-zipf,tiara_sym_l2,14,82094,GPU
20260905-210810-m5p-timeline,lc128kz,longctx-zipf,tiara_sym_l2,14,82268,GPU
20260905-210810-m5p-timeline,lc128kz,longctx-zipf,tiara_sym_l2,14,82442,GPU
20260905-210810-m5p-timeline,lc128kz,longctx-zipf,tiara_sym_l2,14,82616,GPU
20260905-210810-m5p-timeline,lc128kz,longctx-zipf,tiara_sym_l2,14,82790,GPU
20260905-210810-m5p-timeline,lc128kz,longctx-zipf,tiara_sym_l2,14,82964,GPU
20260905-210810-m5p-timeline,lc128kz,longctx-zipf,tiara_sym_l2,14,83138,GPU
20260905-210810-m5p-timeline,lc128kz,longctx-zipf,tiara_sym_l2,14,83312,GPU
20260905-210810-m5p-timeline,lc128kz,longctx-zipf,tiara_sym_l2,14,83486,GPU
20260905-210810-m5p-timeline,lc128kz,longctx-zipf,tiara_sym_l2,14,83660,GPU
20260905-210810-m5p-timeline,lc128kz,longctx-zipf,tiara_sym_l2,14,83834,GPU
20260905-210810-m5p-timeline,lc128kz,longctx-zipf,tiara_sym_l2,14,84008,GPU
20260905-210810-m5p-timeline,lc128kz,longctx-zipf,tiara_sym_l2,14,84182,GPU
20260905-210810-m5p-timeline,lc128kz,longctx-zipf,tiara_sym_l2,14,84356,GPU
20260905-210810-m5p-timeline,lc128kz,longctx-zipf,tiara_sym_l2,14,84530,GPU
20260905-210810-m5p-timeline,lc128kz,longctx-zipf,tiara_sym_l2,14,84704,GPU
20260905-210810-m5p-timeline,lc128kz,longctx-zipf,tiara_sym_l2,14,84878,GPU
20260905-210810-m5p-timeline,lc128kz,longctx-zipf,tiara_sym_l2,14,85052,GPU
20260905-210810-m5p-timeline,lc128kz,longctx-zipf,tiara_sym_l2,14,85226,GPU
20260905-210810-m5p-timeline,lc128kz,longctx-zipf,tiara_sym_l2,14,85400,GPU
20260905-210810-m5p-timeline,lc128kz,longctx-zipf,tiara_sym_l2,14,85574,GPU
20260905-210810-m5p-timeline,lc128kz,longctx-zipf,tiara_sym_l2,14,85748,GPU
20260905-210810-m5p-timeline,lc128kz,longctx-zipf,tiara_sym_l2,14,85922,GPU
20260905-210810-m5p-timeline,lc128kz,longctx-zipf,tiara_sym_l2,14,86096,GPU
20260905-210810-m5p-timeline,lc128kz,longctx-zipf,tiara_sym_l2,14,86270,GPU
20260905-210810-m5p-timeline,lc128kz,longctx-zipf,tiara_sym_l2,14,86444,GPU
20260905-210810-m5p-timeline,lc128kz,longctx-zipf,tiara_sym_l2,14,86618,GPU
20260905-210810-m5p-timeline,lc128kz,longctx-zipf,tiara_sym_l2,14,86792,GPU
20260905-210810-m5p-timeline,lc128kz,longctx-zipf,tiara_sym_l2,14,86966,GPU
20260905-210810-m5p-timeline,lc128kz,longctx-zipf,tiara_sym_l2,14,87140,GPU
20260905-210810-m5p-timeline,lc128kz,longctx-zipf,tiara_sym_l2,14,87314,GPU
20260905-210810-m5p-timeline,lc128kz,longctx-zipf,tiara_sym_l2,14,87488,GPU
20260905-210810-m5p-timeline,lc128kz,longctx-zipf,tiara_sym_l2,14,87662,GPU
20260905-210810-m5p-timeline,lc128kz,longctx-zipf,tiara_sym_l2,14,87836,GPU
20260905-210810-m5p-timeline,lc128kz,longctx-zipf,tiara_sym_l2,14,88010,GPU
20260905-210810-m5p-timeline,lc128kz,longctx-zipf,tiara_sym_l2,14,88184,GPU
20260905-210810-m5p-timeline,lc128kz,longctx-zipf,tiara_sym_l2,14,88358,GPU
20260905-210810-m5p-timeline,lc128kz,longctx-zipf,tiara_sym_l2,14,88532,GPU
20260905-210810-m5p-timeline,lc128kz,longctx-zipf,tiara_sym_l2,14,88706,GPU
20260905-210810-m5p-timeline,lc128kz,longctx-zipf,tiara_sym_l2,14,88880,GPU
20260905-210810-m5p-timeline,lc128kz,longctx-zipf,tiara_sym_l2,14,89054,GPU
20260905-210810-m5p-timeline,lc128kz,longctx-zipf,tiara_sym_l2,14,89228,GPU
20260905-210810-m5p-timeline,lc128kz,longctx-zipf,tiara_sym_l2,14,89402,GPU
20260905-210810-m5p-timeline,lc128kz,longctx-zipf,tiara_sym_l2,14,89576,GPU
20260905-210810-m5p-timeline,lc128kz,longctx-zipf,tiara_sym_l2,14,89750,CPU
20260905-210810-m5p-timeline,lc128kz,longctx-zipf,tiara_sym_l2,14,89924,CPU
20260905-210810-m5p-timeline,lc128kz,longctx-zipf,tiara_sym_l2,14,90098,CPU
20260905-210810-m5p-timeline,lc128kz,longctx-zipf,tiara_sym_l2,15,81920,GPU
20260905-210810-m5p-timeline,lc128kz,longctx-zipf,tiara_sym_l2,15,82094,GPU
20260905-210810-m5p-timeline,lc128kz,longctx-zipf,tiara_sym_l2,15,82268,GPU
20260905-210810-m5p-timeline,lc128kz,longctx-zipf,tiara_sym_l2,15,82442,GPU
20260905-210810-m5p-timeline,lc128kz,longctx-zipf,tiara_sym_l2,15,82616,GPU
20260905-210810-m5p-timeline,lc128kz,longctx-zipf,tiara_sym_l2,15,82790,GPU
20260905-210810-m5p-timeline,lc128kz,longctx-zipf,tiara_sym_l2,15,82964,GPU
20260905-210810-m5p-timeline,lc128kz,longctx-zipf,tiara_sym_l2,15,83138,GPU
20260905-210810-m5p-timeline,lc128kz,longctx-zipf,tiara_sym_l2,15,83312,GPU
20260905-210810-m5p-timeline,lc128kz,longctx-zipf,tiara_sym_l2,15,83486,GPU
20260905-210810-m5p-timeline,lc128kz,longctx-zipf,tiara_sym_l2,15,83660,GPU
20260905-210810-m5p-timeline,lc128kz,longctx-zipf,tiara_sym_l2,15,83834,GPU
20260905-210810-m5p-timeline,lc128kz,longctx-zipf,tiara_sym_l2,15,84008,GPU
20260905-210810-m5p-timeline,lc128kz,longctx-zipf,tiara_sym_l2,15,84182,GPU
20260905-210810-m5p-timeline,lc128kz,longctx-zipf,tiara_sym_l2,15,84356,GPU
20260905-210810-m5p-timeline,lc128kz,longctx-zipf,tiara_sym_l2,15,84530,GPU
20260905-210810-m5p-timeline,lc128kz,longctx-zipf,tiara_sym_l2,15,84704,GPU
20260905-210810-m5p-timeline,lc128kz,longctx-zipf,tiara_sym_l2,15,84878,GPU
20260905-210810-m5p-timeline,lc128kz,longctx-zipf,tiara_sym_l2,15,85052,GPU
20260905-210810-m5p-timeline,lc128kz,longctx-zipf,tiara_sym_l2,15,85226,GPU
20260905-210810-m5p-timeline,lc128kz,longctx-zipf,tiara_sym_l2,15,85400,GPU
20260905-210810-m5p-timeline,lc128kz,longctx-zipf,tiara_sym_l2,15,85574,GPU
20260905-210810-m5p-timeline,lc128kz,longctx-zipf,tiara_sym_l2,15,85748,GPU
20260905-210810-m5p-timeline,lc128kz,longctx-zipf,tiara_sym_l2,15,85922,GPU
20260905-210810-m5p-timeline,lc128kz,longctx-zipf,tiara_sym_l2,15,86096,GPU
20260905-210810-m5p-timeline,lc128kz,longctx-zipf,tiara_sym_l2,15,86270,GPU
20260905-210810-m5p-timeline,lc128kz,longctx-zipf,tiara_sym_l2,15,86444,GPU
20260905-210810-m5p-timeline,lc128kz,longctx-zipf,tiara_sym_l2,15,86618,GPU
20260905-210810-m5p-timeline,lc128kz,longctx-zipf,tiara_sym_l2,15,86792,GPU
20260905-210810-m5p-timeline,lc128kz,longctx-zipf,tiara_sym_l2,15,86966,GPU
20260905-210810-m5p-timeline,lc128kz,longctx-zipf,tiara_sym_l2,15,87140,GPU
20260905-210810-m5p-timeline,lc128kz,longctx-zipf,tiara_sym_l2,15,87314,GPU
20260905-210810-m5p-timeline,lc128kz,longctx-zipf,tiara_sym_l2,15,87488,GPU
20260905-210810-m5p-timeline,lc128kz,longctx-zipf,tiara_sym_l2,15,87662,GPU
20260905-210810-m5p-timeline,lc128kz,longctx-zipf,tiara_sym_l2,15,87836,GPU
20260905-210810-m5p-timeline,lc128kz,longctx-zipf,tiara_sym_l2,15,88010,GPU
20260905-210810-m5p-timeline,lc128kz,longctx-zipf,tiara_sym_l2,15,88184,GPU
20260905-210810-m5p-timeline,lc128kz,longctx-zipf,tiara_sym_l2,15,88358,GPU
20260905-210810-m5p-timeline,lc128kz,longctx-zipf,tiara_sym_l2,15,88532,GPU
20260905-210810-m5p-timeline,lc128kz,longctx-zipf,tiara_sym_l2,15,88706,GPU
20260905-210810-m5p-timeline,lc128kz,longctx-zipf,tiara_sym_l2,15,88880,GPU
20260905-210810-m5p-timeline,lc128kz,longctx-zipf,tiara_sym_l2,15,89054,GPU
20260905-210810-m5p-timeline,lc128kz,longctx-zipf,tiara_sym_l2,15,89228,GPU
20260905-210810-m5p-timeline,lc128kz,longctx-zipf,tiara_sym_l2,15,89402,GPU
20260905-210810-m5p-timeline,lc128kz,longctx-zipf,tiara_sym_l2,15,89576,GPU
20260905-210810-m5p-timeline,lc128kz,longctx-zipf,tiara_sym_l2,15,89750,CPU
20260905-210810-m5p-timeline,lc128kz,longctx-zipf,tiara_sym_l2,15,89924,CPU
20260905-210810-m5p-timeline,lc128kz,longctx-zipf,tiara_sym_l2,15,90098,CPU
20260905-210810-m5p-timeline,lc128kz,longctx-zipf,tiara_sym_l2,16,81920,GPU
20260905-210810-m5p-timeline,lc128kz,longctx-zipf,tiara_sym_l2,16,82094,GPU
20260905-210810-m5p-timeline,lc128kz,longctx-zipf,tiara_sym_l2,16,82268,GPU
20260905-210810-m5p-timeline,lc128kz,longctx-zipf,tiara_sym_l2,16,82442,GPU
20260905-210810-m5p-timeline,lc128kz,longctx-zipf,tiara_sym_l2,16,82616,GPU
20260905-210810-m5p-timeline,lc128kz,longctx-zipf,tiara_sym_l2,16,82790,GPU
20260905-210810-m5p-timeline,lc128kz,longctx-zipf,tiara_sym_l2,16,82964,GPU
20260905-210810-m5p-timeline,lc128kz,longctx-zipf,tiara_sym_l2,16,83138,GPU
20260905-210810-m5p-timeline,lc128kz,longctx-zipf,tiara_sym_l2,16,83312,GPU
20260905-210810-m5p-timeline,lc128kz,longctx-zipf,tiara_sym_l2,16,83486,GPU
20260905-210810-m5p-timeline,lc128kz,longctx-zipf,tiara_sym_l2,16,83660,GPU
20260905-210810-m5p-timeline,lc128kz,longctx-zipf,tiara_sym_l2,16,83834,GPU
20260905-210810-m5p-timeline,lc128kz,longctx-zipf,tiara_sym_l2,16,84008,GPU
20260905-210810-m5p-timeline,lc128kz,longctx-zipf,tiara_sym_l2,16,84182,GPU
20260905-210810-m5p-timeline,lc128kz,longctx-zipf,tiara_sym_l2,16,84356,GPU
20260905-210810-m5p-timeline,lc128kz,longctx-zipf,tiara_sym_l2,16,84530,GPU
20260905-210810-m5p-timeline,lc128kz,longctx-zipf,tiara_sym_l2,16,84704,GPU
20260905-210810-m5p-timeline,lc128kz,longctx-zipf,tiara_sym_l2,16,84878,GPU
20260905-210810-m5p-timeline,lc128kz,longctx-zipf,tiara_sym_l2,16,85052,GPU
20260905-210810-m5p-timeline,lc128kz,longctx-zipf,tiara_sym_l2,16,85226,GPU
20260905-210810-m5p-timeline,lc128kz,longctx-zipf,tiara_sym_l2,16,85400,GPU
20260905-210810-m5p-timeline,lc128kz,longctx-zipf,tiara_sym_l2,16,85574,GPU
20260905-210810-m5p-timeline,lc128kz,longctx-zipf,tiara_sym_l2,16,85748,GPU
20260905-210810-m5p-timeline,lc128kz,longctx-zipf,tiara_sym_l2,16,85922,GPU
20260905-210810-m5p-timeline,lc128kz,longctx-zipf,tiara_sym_l2,16,86096,GPU
20260905-210810-m5p-timeline,lc128kz,longctx-zipf,tiara_sym_l2,16,86270,GPU
20260905-210810-m5p-timeline,lc128kz,longctx-zipf,tiara_sym_l2,16,86444,GPU
20260905-210810-m5p-timeline,lc128kz,longctx-zipf,tiara_sym_l2,16,86618,GPU
20260905-210810-m5p-timeline,lc128kz,longctx-zipf,tiara_sym_l2,16,86792,GPU
20260905-210810-m5p-timeline,lc128kz,longctx-zipf,tiara_sym_l2,16,86966,GPU
20260905-210810-m5p-timeline,lc128kz,longctx-zipf,tiara_sym_l2,16,87140,GPU
20260905-210810-m5p-timeline,lc128kz,longctx-zipf,tiara_sym_l2,16,87314,GPU
20260905-210810-m5p-timeline,lc128kz,longctx-zipf,tiara_sym_l2,16,87488,GPU
20260905-210810-m5p-timeline,lc128kz,longctx-zipf,tiara_sym_l2,16,87662,GPU
20260905-210810-m5p-timeline,lc128kz,longctx-zipf,tiara_sym_l2,16,87836,GPU
20260905-210810-m5p-timeline,lc128kz,longctx-zipf,tiara_sym_l2,16,88010,GPU
20260905-210810-m5p-timeline,lc128kz,longctx-zipf,tiara_sym_l2,16,88184,GPU
20260905-210810-m5p-timeline,lc128kz,longctx-zipf,tiara_sym_l2,16,88358,GPU
20260905-210810-m5p-timeline,lc128kz,longctx-zipf,tiara_sym_l2,16,88532,GPU
20260905-210810-m5p-timeline,lc128kz,longctx-zipf,tiara_sym_l2,16,88706,GPU
20260905-210810-m5p-timeline,lc128kz,longctx-zipf,tiara_sym_l2,16,88880,GPU
20260905-210810-m5p-timeline,lc128kz,longctx-zipf,tiara_sym_l2,16,89054,GPU
20260905-210810-m5p-timeline,lc128kz,longctx-zipf,tiara_sym_l2,16,89228,GPU
20260905-210810-m5p-timeline,lc128kz,longctx-zipf,tiara_sym_l2,16,89402,GPU
20260905-210810-m5p-timeline,lc128kz,longctx-zipf,tiara_sym_l2,16,89576,GPU
20260905-210810-m5p-timeline,lc128kz,longctx-zipf,tiara_sym_l2,16,89750,CPU
20260905-210810-m5p-timeline,lc128kz,longctx-zipf,tiara_sym_l2,16,89924,CPU
20260905-210810-m5p-timeline,lc128kz,longctx-zipf,tiara_sym_l2,16,90098,CPU
20260905-210810-m5p-timeline,lc128kz,longctx-zipf,tiara_sym_l2,17,81920,GPU
20260905-210810-m5p-timeline,lc128kz,longctx-zipf,tiara_sym_l2,17,82094,GPU
20260905-210810-m5p-timeline,lc128kz,longctx-zipf,tiara_sym_l2,17,82268,GPU
20260905-210810-m5p-timeline,lc128kz,longctx-zipf,tiara_sym_l2,17,82442,GPU
20260905-210810-m5p-timeline,lc128kz,longctx-zipf,tiara_sym_l2,17,82616,GPU
20260905-210810-m5p-timeline,lc128kz,longctx-zipf,tiara_sym_l2,17,82790,GPU
20260905-210810-m5p-timeline,lc128kz,longctx-zipf,tiara_sym_l2,17,82964,GPU
20260905-210810-m5p-timeline,lc128kz,longctx-zipf,tiara_sym_l2,17,83138,GPU
20260905-210810-m5p-timeline,lc128kz,longctx-zipf,tiara_sym_l2,17,83312,GPU
20260905-210810-m5p-timeline,lc128kz,longctx-zipf,tiara_sym_l2,17,83486,GPU
20260905-210810-m5p-timeline,lc128kz,longctx-zipf,tiara_sym_l2,17,83660,GPU
20260905-210810-m5p-timeline,lc128kz,longctx-zipf,tiara_sym_l2,17,83834,GPU
20260905-210810-m5p-timeline,lc128kz,longctx-zipf,tiara_sym_l2,17,84008,GPU
20260905-210810-m5p-timeline,lc128kz,longctx-zipf,tiara_sym_l2,17,84182,GPU
20260905-210810-m5p-timeline,lc128kz,longctx-zipf,tiara_sym_l2,17,84356,GPU
20260905-210810-m5p-timeline,lc128kz,longctx-zipf,tiara_sym_l2,17,84530,GPU
20260905-210810-m5p-timeline,lc128kz,longctx-zipf,tiara_sym_l2,17,84704,GPU
20260905-210810-m5p-timeline,lc128kz,longctx-zipf,tiara_sym_l2,17,84878,GPU
20260905-210810-m5p-timeline,lc128kz,longctx-zipf,tiara_sym_l2,17,85052,GPU
20260905-210810-m5p-timeline,lc128kz,longctx-zipf,tiara_sym_l2,17,85226,GPU
20260905-210810-m5p-timeline,lc128kz,longctx-zipf,tiara_sym_l2,17,85400,GPU
20260905-210810-m5p-timeline,lc128kz,longctx-zipf,tiara_sym_l2,17,85574,GPU
20260905-210810-m5p-timeline,lc128kz,longctx-zipf,tiara_sym_l2,17,85748,GPU
20260905-210810-m5p-timeline,lc128kz,longctx-zipf,tiara_sym_l2,17,85922,GPU
20260905-210810-m5p-timeline,lc128kz,longctx-zipf,tiara_sym_l2,17,86096,GPU
20260905-210810-m5p-timeline,lc128kz,longctx-zipf,tiara_sym_l2,17,86270,GPU
20260905-210810-m5p-timeline,lc128kz,longctx-zipf,tiara_sym_l2,17,86444,GPU
20260905-210810-m5p-timeline,lc128kz,longctx-zipf,tiara_sym_l2,17,86618,GPU
20260905-210810-m5p-timeline,lc128kz,longctx-zipf,tiara_sym_l2,17,86792,GPU
20260905-210810-m5p-timeline,lc128kz,longctx-zipf,tiara_sym_l2,17,86966,GPU
20260905-210810-m5p-timeline,lc128kz,longctx-zipf,tiara_sym_l2,17,87140,GPU
20260905-210810-m5p-timeline,lc128kz,longctx-zipf,tiara_sym_l2,17,87314,GPU
20260905-210810-m5p-timeline,lc128kz,longctx-zipf,tiara_sym_l2,17,87488,GPU
20260905-210810-m5p-timeline,lc128kz,longctx-zipf,tiara_sym_l2,17,87662,GPU
20260905-210810-m5p-timeline,lc128kz,longctx-zipf,tiara_sym_l2,17,87836,GPU
20260905-210810-m5p-timeline,lc128kz,longctx-zipf,tiara_sym_l2,17,88010,GPU
20260905-210810-m5p-timeline,lc128kz,longctx-zipf,tiara_sym_l2,17,88184,GPU
20260905-210810-m5p-timeline,lc128kz,longctx-zipf,tiara_sym_l2,17,88358,GPU
20260905-210810-m5p-timeline,lc128kz,longctx-zipf,tiara_sym_l2,17,88532,GPU
20260905-210810-m5p-timeline,lc128kz,longctx-zipf,tiara_sym_l2,17,88706,GPU
20260905-210810-m5p-timeline,lc128kz,longctx-zipf,tiara_sym_l2,17,88880,GPU
20260905-210810-m5p-timeline,lc128kz,longctx-zipf,tiara_sym_l2,17,89054,GPU
20260905-210810-m5p-timeline,lc128kz,longctx-zipf,tiara_sym_l2,17,89228,GPU
20260905-210810-m5p-timeline,lc128kz,longctx-zipf,tiara_sym_l2,17,89402,GPU
20260905-210810-m5p-timeline,lc128kz,longctx-zipf,tiara_sym_l2,17,89576,GPU
20260905-210810-m5p-timeline,lc128kz,longctx-zipf,tiara_sym_l2,17,89750,CPU
20260905-210810-m5p-timeline,lc128kz,longctx-zipf,tiara_sym_l2,17,89924,CPU
20260905-210810-m5p-timeline,lc128kz,longctx-zipf,tiara_sym_l2,17,90098,CPU
20260905-210810-m5p-timeline,lc128kz,longctx-zipf,tiara_sym_l2,18,81920,GPU
20260905-210810-m5p-timeline,lc128kz,longctx-zipf,tiara_sym_l2,18,82094,GPU
20260905-210810-m5p-timeline,lc128kz,longctx-zipf,tiara_sym_l2,18,82268,GPU
20260905-210810-m5p-timeline,lc128kz,longctx-zipf,tiara_sym_l2,18,82442,GPU
20260905-210810-m5p-timeline,lc128kz,longctx-zipf,tiara_sym_l2,18,82616,GPU
20260905-210810-m5p-timeline,lc128kz,longctx-zipf,tiara_sym_l2,18,82790,GPU
20260905-210810-m5p-timeline,lc128kz,longctx-zipf,tiara_sym_l2,18,82964,GPU
20260905-210810-m5p-timeline,lc128kz,longctx-zipf,tiara_sym_l2,18,83138,GPU
20260905-210810-m5p-timeline,lc128kz,longctx-zipf,tiara_sym_l2,18,83312,GPU
20260905-210810-m5p-timeline,lc128kz,longctx-zipf,tiara_sym_l2,18,83486,GPU
20260905-210810-m5p-timeline,lc128kz,longctx-zipf,tiara_sym_l2,18,83660,GPU
20260905-210810-m5p-timeline,lc128kz,longctx-zipf,tiara_sym_l2,18,83834,GPU
20260905-210810-m5p-timeline,lc128kz,longctx-zipf,tiara_sym_l2,18,84008,GPU
20260905-210810-m5p-timeline,lc128kz,longctx-zipf,tiara_sym_l2,18,84182,GPU
20260905-210810-m5p-timeline,lc128kz,longctx-zipf,tiara_sym_l2,18,84356,GPU
20260905-210810-m5p-timeline,lc128kz,longctx-zipf,tiara_sym_l2,18,84530,GPU
20260905-210810-m5p-timeline,lc128kz,longctx-zipf,tiara_sym_l2,18,84704,GPU
20260905-210810-m5p-timeline,lc128kz,longctx-zipf,tiara_sym_l2,18,84878,GPU
20260905-210810-m5p-timeline,lc128kz,longctx-zipf,tiara_sym_l2,18,85052,GPU
20260905-210810-m5p-timeline,lc128kz,longctx-zipf,tiara_sym_l2,18,85226,GPU
20260905-210810-m5p-timeline,lc128kz,longctx-zipf,tiara_sym_l2,18,85400,GPU
20260905-210810-m5p-timeline,lc128kz,longctx-zipf,tiara_sym_l2,18,85574,GPU
20260905-210810-m5p-timeline,lc128kz,longctx-zipf,tiara_sym_l2,18,85748,GPU
20260905-210810-m5p-timeline,lc128kz,longctx-zipf,tiara_sym_l2,18,85922,GPU
20260905-210810-m5p-timeline,lc128kz,longctx-zipf,tiara_sym_l2,18,86096,GPU
20260905-210810-m5p-timeline,lc128kz,longctx-zipf,tiara_sym_l2,18,86270,GPU
20260905-210810-m5p-timeline,lc128kz,longctx-zipf,tiara_sym_l2,18,86444,GPU
20260905-210810-m5p-timeline,lc128kz,longctx-zipf,tiara_sym_l2,18,86618,GPU
20260905-210810-m5p-timeline,lc128kz,longctx-zipf,tiara_sym_l2,18,86792,GPU
20260905-210810-m5p-timeline,lc128kz,longctx-zipf,tiara_sym_l2,18,86966,GPU
20260905-210810-m5p-timeline,lc128kz,longctx-zipf,tiara_sym_l2,18,87140,GPU
20260905-210810-m5p-timeline,lc128kz,longctx-zipf,tiara_sym_l2,18,87314,GPU
20260905-210810-m5p-timeline,lc128kz,longctx-zipf,tiara_sym_l2,18,87488,GPU
20260905-210810-m5p-timeline,lc128kz,longctx-zipf,tiara_sym_l2,18,87662,GPU
20260905-210810-m5p-timeline,lc128kz,longctx-zipf,tiara_sym_l2,18,87836,GPU
20260905-210810-m5p-timeline,lc128kz,longctx-zipf,tiara_sym_l2,18,88010,GPU
20260905-210810-m5p-timeline,lc128kz,longctx-zipf,tiara_sym_l2,18,88184,GPU
20260905-210810-m5p-timeline,lc128kz,longctx-zipf,tiara_sym_l2,18,88358,GPU
20260905-210810-m5p-timeline,lc128kz,longctx-zipf,tiara_sym_l2,18,88532,GPU
20260905-210810-m5p-timeline,lc128kz,longctx-zipf,tiara_sym_l2,18,88706,GPU
20260905-210810-m5p-timeline,lc128kz,longctx-zipf,tiara_sym_l2,18,88880,GPU
20260905-210810-m5p-timeline,lc128kz,longctx-zipf,tiara_sym_l2,18,89054,GPU
20260905-210810-m5p-timeline,lc128kz,longctx-zipf,tiara_sym_l2,18,89228,GPU
20260905-210810-m5p-timeline,lc128kz,longctx-zipf,tiara_sym_l2,18,89402,GPU
20260905-210810-m5p-timeline,lc128kz,longctx-zipf,tiara_sym_l2,18,89576,GPU
20260905-210810-m5p-timeline,lc128kz,longctx-zipf,tiara_sym_l2,18,89750,CPU
20260905-210810-m5p-timeline,lc128kz,longctx-zipf,tiara_sym_l2,18,89924,CPU
20260905-210810-m5p-timeline,lc128kz,longctx-zipf,tiara_sym_l2,18,90098,CPU
20260905-210810-m5p-timeline,lc128kz,longctx-zipf,tiara_sym_l2,19,81920,GPU
20260905-210810-m5p-timeline,lc128kz,longctx-zipf,tiara_sym_l2,19,82094,GPU
20260905-210810-m5p-timeline,lc128kz,longctx-zipf,tiara_sym_l2,19,82268,GPU
20260905-210810-m5p-timeline,lc128kz,longctx-zipf,tiara_sym_l2,19,82442,GPU
20260905-210810-m5p-timeline,lc128kz,longctx-zipf,tiara_sym_l2,19,82616,GPU
20260905-210810-m5p-timeline,lc128kz,longctx-zipf,tiara_sym_l2,19,82790,GPU
20260905-210810-m5p-timeline,lc128kz,longctx-zipf,tiara_sym_l2,19,82964,GPU
20260905-210810-m5p-timeline,lc128kz,longctx-zipf,tiara_sym_l2,19,83138,GPU
20260905-210810-m5p-timeline,lc128kz,longctx-zipf,tiara_sym_l2,19,83312,GPU
20260905-210810-m5p-timeline,lc128kz,longctx-zipf,tiara_sym_l2,19,83486,GPU
20260905-210810-m5p-timeline,lc128kz,longctx-zipf,tiara_sym_l2,19,83660,GPU
20260905-210810-m5p-timeline,lc128kz,longctx-zipf,tiara_sym_l2,19,83834,GPU
20260905-210810-m5p-timeline,lc128kz,longctx-zipf,tiara_sym_l2,19,84008,GPU
20260905-210810-m5p-timeline,lc128kz,longctx-zipf,tiara_sym_l2,19,84182,GPU
20260905-210810-m5p-timeline,lc128kz,longctx-zipf,tiara_sym_l2,19,84356,GPU
20260905-210810-m5p-timeline,lc128kz,longctx-zipf,tiara_sym_l2,19,84530,GPU
20260905-210810-m5p-timeline,lc128kz,longctx-zipf,tiara_sym_l2,19,84704,GPU
20260905-210810-m5p-timeline,lc128kz,longctx-zipf,tiara_sym_l2,19,84878,GPU
20260905-210810-m5p-timeline,lc128kz,longctx-zipf,tiara_sym_l2,19,85052,GPU
20260905-210810-m5p-timeline,lc128kz,longctx-zipf,tiara_sym_l2,19,85226,GPU
20260905-210810-m5p-timeline,lc128kz,longctx-zipf,tiara_sym_l2,19,85400,GPU
20260905-210810-m5p-timeline,lc128kz,longctx-zipf,tiara_sym_l2,19,85574,GPU
20260905-210810-m5p-timeline,lc128kz,longctx-zipf,tiara_sym_l2,19,85748,GPU
20260905-210810-m5p-timeline,lc128kz,longctx-zipf,tiara_sym_l2,19,85922,GPU
20260905-210810-m5p-timeline,lc128kz,longctx-zipf,tiara_sym_l2,19,86096,GPU
20260905-210810-m5p-timeline,lc128kz,longctx-zipf,tiara_sym_l2,19,86270,GPU
20260905-210810-m5p-timeline,lc128kz,longctx-zipf,tiara_sym_l2,19,86444,GPU
20260905-210810-m5p-timeline,lc128kz,longctx-zipf,tiara_sym_l2,19,86618,GPU
20260905-210810-m5p-timeline,lc128kz,longctx-zipf,tiara_sym_l2,19,86792,GPU
20260905-210810-m5p-timeline,lc128kz,longctx-zipf,tiara_sym_l2,19,86966,GPU
20260905-210810-m5p-timeline,lc128kz,longctx-zipf,tiara_sym_l2,19,87140,GPU
20260905-210810-m5p-timeline,lc128kz,longctx-zipf,tiara_sym_l2,19,87314,GPU
20260905-210810-m5p-timeline,lc128kz,longctx-zipf,tiara_sym_l2,19,87488,GPU
20260905-210810-m5p-timeline,lc128kz,longctx-zipf,tiara_sym_l2,19,87662,GPU
20260905-210810-m5p-timeline,lc128kz,longctx-zipf,tiara_sym_l2,19,87836,GPU
20260905-210810-m5p-timeline,lc128kz,longctx-zipf,tiara_sym_l2,19,88010,GPU
20260905-210810-m5p-timeline,lc128kz,longctx-zipf,tiara_sym_l2,19,88184,GPU
20260905-210810-m5p-timeline,lc128kz,longctx-zipf,tiara_sym_l2,19,88358,GPU
20260905-210810-m5p-timeline,lc128kz,longctx-zipf,tiara_sym_l2,19,88532,GPU
20260905-210810-m5p-timeline,lc128kz,longctx-zipf,tiara_sym_l2,19,88706,GPU
20260905-210810-m5p-timeline,lc128kz,longctx-zipf,tiara_sym_l2,19,88880,GPU
20260905-210810-m5p-timeline,lc128kz,longctx-zipf,tiara_sym_l2,19,89054,GPU
20260905-210810-m5p-timeline,lc128kz,longctx-zipf,tiara_sym_l2,19,89228,GPU
20260905-210810-m5p-timeline,lc128kz,longctx-zipf,tiara_sym_l2,19,89402,GPU
20260905-210810-m5p-timeline,lc128kz,longctx-zipf,tiara_sym_l2,19,89576,GPU
20260905-210810-m5p-timeline,lc128kz,longctx-zipf,tiara_sym_l2,19,89750,CPU
20260905-210810-m5p-timeline,lc128kz,longctx-zipf,tiara_sym_l2,19,89924,CPU
20260905-210810-m5p-timeline,lc128kz,longctx-zipf,tiara_sym_l2,19,90098,CPU
20260905-210810-m5p-timeline,lc128kz,longctx-zipf,tiara_sym_l2,20,81920,GPU
20260905-210810-m5p-timeline,lc128kz,longctx-zipf,tiara_sym_l2,20,82094,GPU
20260905-210810-m5p-timeline,lc128kz,longctx-zipf,tiara_sym_l2,20,82268,GPU
20260905-210810-m5p-timeline,lc128kz,longctx-zipf,tiara_sym_l2,20,82442,GPU
20260905-210810-m5p-timeline,lc128kz,longctx-zipf,tiara_sym_l2,20,82616,GPU
20260905-210810-m5p-timeline,lc128kz,longctx-zipf,tiara_sym_l2,20,82790,GPU
20260905-210810-m5p-timeline,lc128kz,longctx-zipf,tiara_sym_l2,20,82964,GPU
20260905-210810-m5p-timeline,lc128kz,longctx-zipf,tiara_sym_l2,20,83138,GPU
20260905-210810-m5p-timeline,lc128kz,longctx-zipf,tiara_sym_l2,20,83312,GPU
20260905-210810-m5p-timeline,lc128kz,longctx-zipf,tiara_sym_l2,20,83486,GPU
20260905-210810-m5p-timeline,lc128kz,longctx-zipf,tiara_sym_l2,20,83660,GPU
20260905-210810-m5p-timeline,lc128kz,longctx-zipf,tiara_sym_l2,20,83834,GPU
20260905-210810-m5p-timeline,lc128kz,longctx-zipf,tiara_sym_l2,20,84008,GPU
20260905-210810-m5p-timeline,lc128kz,longctx-zipf,tiara_sym_l2,20,84182,GPU
20260905-210810-m5p-timeline,lc128kz,longctx-zipf,tiara_sym_l2,20,84356,GPU
20260905-210810-m5p-timeline,lc128kz,longctx-zipf,tiara_sym_l2,20,84530,GPU
20260905-210810-m5p-timeline,lc128kz,longctx-zipf,tiara_sym_l2,20,84704,GPU
20260905-210810-m5p-timeline,lc128kz,longctx-zipf,tiara_sym_l2,20,84878,GPU
20260905-210810-m5p-timeline,lc128kz,longctx-zipf,tiara_sym_l2,20,85052,GPU
20260905-210810-m5p-timeline,lc128kz,longctx-zipf,tiara_sym_l2,20,85226,GPU
20260905-210810-m5p-timeline,lc128kz,longctx-zipf,tiara_sym_l2,20,85400,GPU
20260905-210810-m5p-timeline,lc128kz,longctx-zipf,tiara_sym_l2,20,85574,GPU
20260905-210810-m5p-timeline,lc128kz,longctx-zipf,tiara_sym_l2,20,85748,GPU
20260905-210810-m5p-timeline,lc128kz,longctx-zipf,tiara_sym_l2,20,85922,GPU
20260905-210810-m5p-timeline,lc128kz,longctx-zipf,tiara_sym_l2,20,86096,GPU
20260905-210810-m5p-timeline,lc128kz,longctx-zipf,tiara_sym_l2,20,86270,GPU
20260905-210810-m5p-timeline,lc128kz,longctx-zipf,tiara_sym_l2,20,86444,GPU
20260905-210810-m5p-timeline,lc128kz,longctx-zipf,tiara_sym_l2,20,86618,GPU
20260905-210810-m5p-timeline,lc128kz,longctx-zipf,tiara_sym_l2,20,86792,GPU
20260905-210810-m5p-timeline,lc128kz,longctx-zipf,tiara_sym_l2,20,86966,GPU
20260905-210810-m5p-timeline,lc128kz,longctx-zipf,tiara_sym_l2,20,87140,GPU
20260905-210810-m5p-timeline,lc128kz,longctx-zipf,tiara_sym_l2,20,87314,GPU
20260905-210810-m5p-timeline,lc128kz,longctx-zipf,tiara_sym_l2,20,87488,GPU
20260905-210810-m5p-timeline,lc128kz,longctx-zipf,tiara_sym_l2,20,87662,GPU
20260905-210810-m5p-timeline,lc128kz,longctx-zipf,tiara_sym_l2,20,87836,GPU
20260905-210810-m5p-timeline,lc128kz,longctx-zipf,tiara_sym_l2,20,88010,GPU
20260905-210810-m5p-timeline,lc128kz,longctx-zipf,tiara_sym_l2,20,88184,GPU
20260905-210810-m5p-timeline,lc128kz,longctx-zipf,tiara_sym_l2,20,88358,GPU
20260905-210810-m5p-timeline,lc128kz,longctx-zipf,tiara_sym_l2,20,88532,GPU
20260905-210810-m5p-timeline,lc128kz,longctx-zipf,tiara_sym_l2,20,88706,GPU
20260905-210810-m5p-timeline,lc128kz,longctx-zipf,tiara_sym_l2,20,88880,GPU
20260905-210810-m5p-timeline,lc128kz,longctx-zipf,tiara_sym_l2,20,89054,GPU
20260905-210810-m5p-timeline,lc128kz,longctx-zipf,tiara_sym_l2,20,89228,GPU
20260905-210810-m5p-timeline,lc128kz,longctx-zipf,tiara_sym_l2,20,89402,GPU
20260905-210810-m5p-timeline,lc128kz,longctx-zipf,tiara_sym_l2,20,89576,GPU
20260905-210810-m5p-timeline,lc128kz,longctx-zipf,tiara_sym_l2,20,89750,CPU
20260905-210810-m5p-timeline,lc128kz,longctx-zipf,tiara_sym_l2,20,89924,CPU
20260905-210810-m5p-timeline,lc128kz,longctx-zipf,tiara_sym_l2,20,90098,CPU
20260905-210810-m5p-timeline,lc128kz,longctx-zipf,tiara_sym_l2,21,81920,GPU
20260905-210810-m5p-timeline,lc128kz,longctx-zipf,tiara_sym_l2,21,82094,GPU
20260905-210810-m5p-timeline,lc128kz,longctx-zipf,tiara_sym_l2,21,82268,GPU
20260905-210810-m5p-timeline,lc128kz,longctx-zipf,tiara_sym_l2,21,82442,GPU
20260905-210810-m5p-timeline,lc128kz,longctx-zipf,tiara_sym_l2,21,82616,GPU
20260905-210810-m5p-timeline,lc128kz,longctx-zipf,tiara_sym_l2,21,82790,GPU
20260905-210810-m5p-timeline,lc128kz,longctx-zipf,tiara_sym_l2,21,82964,GPU
20260905-210810-m5p-timeline,lc128kz,longctx-zipf,tiara_sym_l2,21,83138,GPU
20260905-210810-m5p-timeline,lc128kz,longctx-zipf,tiara_sym_l2,21,83312,GPU
20260905-210810-m5p-timeline,lc128kz,longctx-zipf,tiara_sym_l2,21,83486,GPU
20260905-210810-m5p-timeline,lc128kz,longctx-zipf,tiara_sym_l2,21,83660,GPU
20260905-210810-m5p-timeline,lc128kz,longctx-zipf,tiara_sym_l2,21,83834,GPU
20260905-210810-m5p-timeline,lc128kz,longctx-zipf,tiara_sym_l2,21,84008,GPU
20260905-210810-m5p-timeline,lc128kz,longctx-zipf,tiara_sym_l2,21,84182,GPU
20260905-210810-m5p-timeline,lc128kz,longctx-zipf,tiara_sym_l2,21,84356,GPU
20260905-210810-m5p-timeline,lc128kz,longctx-zipf,tiara_sym_l2,21,84530,GPU
20260905-210810-m5p-timeline,lc128kz,longctx-zipf,tiara_sym_l2,21,84704,GPU
20260905-210810-m5p-timeline,lc128kz,longctx-zipf,tiara_sym_l2,21,84878,GPU
20260905-210810-m5p-timeline,lc128kz,longctx-zipf,tiara_sym_l2,21,85052,GPU
20260905-210810-m5p-timeline,lc128kz,longctx-zipf,tiara_sym_l2,21,85226,GPU
20260905-210810-m5p-timeline,lc128kz,longctx-zipf,tiara_sym_l2,21,85400,GPU
20260905-210810-m5p-timeline,lc128kz,longctx-zipf,tiara_sym_l2,21,85574,GPU
20260905-210810-m5p-timeline,lc128kz,longctx-zipf,tiara_sym_l2,21,85748,GPU
20260905-210810-m5p-timeline,lc128kz,longctx-zipf,tiara_sym_l2,21,85922,GPU
20260905-210810-m5p-timeline,lc128kz,longctx-zipf,tiara_sym_l2,21,86096,GPU
20260905-210810-m5p-timeline,lc128kz,longctx-zipf,tiara_sym_l2,21,86270,GPU
20260905-210810-m5p-timeline,lc128kz,longctx-zipf,tiara_sym_l2,21,86444,GPU
20260905-210810-m5p-timeline,lc128kz,longctx-zipf,tiara_sym_l2,21,86618,GPU
20260905-210810-m5p-timeline,lc128kz,longctx-zipf,tiara_sym_l2,21,86792,GPU
20260905-210810-m5p-timeline,lc128kz,longctx-zipf,tiara_sym_l2,21,86966,GPU
20260905-210810-m5p-timeline,lc128kz,longctx-zipf,tiara_sym_l2,21,87140,GPU
20260905-210810-m5p-timeline,lc128kz,longctx-zipf,tiara_sym_l2,21,87314,GPU
20260905-210810-m5p-timeline,lc128kz,longctx-zipf,tiara_sym_l2,21,87488,GPU
20260905-210810-m5p-timeline,lc128kz,longctx-zipf,tiara_sym_l2,21,87662,GPU
20260905-210810-m5p-timeline,lc128kz,longctx-zipf,tiara_sym_l2,21,87836,GPU
20260905-210810-m5p-timeline,lc128kz,longctx-zipf,tiara_sym_l2,21,88010,GPU
20260905-210810-m5p-timeline,lc128kz,longctx-zipf,tiara_sym_l2,21,88184,GPU
20260905-210810-m5p-timeline,lc128kz,longctx-zipf,tiara_sym_l2,21,88358,GPU
20260905-210810-m5p-timeline,lc128kz,longctx-zipf,tiara_sym_l2,21,88532,GPU
20260905-210810-m5p-timeline,lc128kz,longctx-zipf,tiara_sym_l2,21,88706,GPU
20260905-210810-m5p-timeline,lc128kz,longctx-zipf,tiara_sym_l2,21,88880,GPU
20260905-210810-m5p-timeline,lc128kz,longctx-zipf,tiara_sym_l2,21,89054,GPU
20260905-210810-m5p-timeline,lc128kz,longctx-zipf,tiara_sym_l2,21,89228,GPU
20260905-210810-m5p-timeline,lc128kz,longctx-zipf,tiara_sym_l2,21,89402,CPU
20260905-210810-m5p-timeline,lc128kz,longctx-zipf,tiara_sym_l2,21,89576,CPU
20260905-210810-m5p-timeline,lc128kz,longctx-zipf,tiara_sym_l2,21,89750,CPU
20260905-210810-m5p-timeline,lc128kz,longctx-zipf,tiara_sym_l2,21,89924,CPU
20260905-210810-m5p-timeline,lc128kz,longctx-zipf,tiara_sym_l2,21,90098,CPU
20260905-210810-m5p-timeline,lc128kz,longctx-zipf,tiara_sym_l2,22,81920,GPU
20260905-210810-m5p-timeline,lc128kz,longctx-zipf,tiara_sym_l2,22,82094,GPU
20260905-210810-m5p-timeline,lc128kz,longctx-zipf,tiara_sym_l2,22,82268,GPU
20260905-210810-m5p-timeline,lc128kz,longctx-zipf,tiara_sym_l2,22,82442,GPU
20260905-210810-m5p-timeline,lc128kz,longctx-zipf,tiara_sym_l2,22,82616,GPU
20260905-210810-m5p-timeline,lc128kz,longctx-zipf,tiara_sym_l2,22,82790,GPU
20260905-210810-m5p-timeline,lc128kz,longctx-zipf,tiara_sym_l2,22,82964,GPU
20260905-210810-m5p-timeline,lc128kz,longctx-zipf,tiara_sym_l2,22,83138,GPU
20260905-210810-m5p-timeline,lc128kz,longctx-zipf,tiara_sym_l2,22,83312,GPU
20260905-210810-m5p-timeline,lc128kz,longctx-zipf,tiara_sym_l2,22,83486,GPU
20260905-210810-m5p-timeline,lc128kz,longctx-zipf,tiara_sym_l2,22,83660,GPU
20260905-210810-m5p-timeline,lc128kz,longctx-zipf,tiara_sym_l2,22,83834,GPU
20260905-210810-m5p-timeline,lc128kz,longctx-zipf,tiara_sym_l2,22,84008,GPU
20260905-210810-m5p-timeline,lc128kz,longctx-zipf,tiara_sym_l2,22,84182,GPU
20260905-210810-m5p-timeline,lc128kz,longctx-zipf,tiara_sym_l2,22,84356,GPU
20260905-210810-m5p-timeline,lc128kz,longctx-zipf,tiara_sym_l2,22,84530,GPU
20260905-210810-m5p-timeline,lc128kz,longctx-zipf,tiara_sym_l2,22,84704,GPU
20260905-210810-m5p-timeline,lc128kz,longctx-zipf,tiara_sym_l2,22,84878,GPU
20260905-210810-m5p-timeline,lc128kz,longctx-zipf,tiara_sym_l2,22,85052,GPU
20260905-210810-m5p-timeline,lc128kz,longctx-zipf,tiara_sym_l2,22,85226,GPU
20260905-210810-m5p-timeline,lc128kz,longctx-zipf,tiara_sym_l2,22,85400,GPU
20260905-210810-m5p-timeline,lc128kz,longctx-zipf,tiara_sym_l2,22,85574,GPU
20260905-210810-m5p-timeline,lc128kz,longctx-zipf,tiara_sym_l2,22,85748,GPU
20260905-210810-m5p-timeline,lc128kz,longctx-zipf,tiara_sym_l2,22,85922,GPU
20260905-210810-m5p-timeline,lc128kz,longctx-zipf,tiara_sym_l2,22,86096,GPU
20260905-210810-m5p-timeline,lc128kz,longctx-zipf,tiara_sym_l2,22,86270,GPU
20260905-210810-m5p-timeline,lc128kz,longctx-zipf,tiara_sym_l2,22,86444,GPU
20260905-210810-m5p-timeline,lc128kz,longctx-zipf,tiara_sym_l2,22,86618,GPU
20260905-210810-m5p-timeline,lc128kz,longctx-zipf,tiara_sym_l2,22,86792,GPU
20260905-210810-m5p-timeline,lc128kz,longctx-zipf,tiara_sym_l2,22,86966,GPU
20260905-210810-m5p-timeline,lc128kz,longctx-zipf,tiara_sym_l2,22,87140,GPU
20260905-210810-m5p-timeline,lc128kz,longctx-zipf,tiara_sym_l2,22,87314,GPU
20260905-210810-m5p-timeline,lc128kz,longctx-zipf,tiara_sym_l2,22,87488,GPU
20260905-210810-m5p-timeline,lc128kz,longctx-zipf,tiara_sym_l2,22,87662,GPU
20260905-210810-m5p-timeline,lc128kz,longctx-zipf,tiara_sym_l2,22,87836,GPU
20260905-210810-m5p-timeline,lc128kz,longctx-zipf,tiara_sym_l2,22,88010,GPU
20260905-210810-m5p-timeline,lc128kz,longctx-zipf,tiara_sym_l2,22,88184,GPU
20260905-210810-m5p-timeline,lc128kz,longctx-zipf,tiara_sym_l2,22,88358,GPU
20260905-210810-m5p-timeline,lc128kz,longctx-zipf,tiara_sym_l2,22,88532,GPU
20260905-210810-m5p-timeline,lc128kz,longctx-zipf,tiara_sym_l2,22,88706,GPU
20260905-210810-m5p-timeline,lc128kz,longctx-zipf,tiara_sym_l2,22,88880,GPU
20260905-210810-m5p-timeline,lc128kz,longctx-zipf,tiara_sym_l2,22,89054,GPU
20260905-210810-m5p-timeline,lc128kz,longctx-zipf,tiara_sym_l2,22,89228,GPU
20260905-210810-m5p-timeline,lc128kz,longctx-zipf,tiara_sym_l2,22,89402,CPU
20260905-210810-m5p-timeline,lc128kz,longctx-zipf,tiara_sym_l2,22,89576,CPU
20260905-210810-m5p-timeline,lc128kz,longctx-zipf,tiara_sym_l2,22,89750,CPU
20260905-210810-m5p-timeline,lc128kz,longctx-zipf,tiara_sym_l2,22,89924,CPU
20260905-210810-m5p-timeline,lc128kz,longctx-zipf,tiara_sym_l2,22,90098,CPU
20260905-210810-m5p-timeline,lc128kz,longctx-zipf,tiara_sym_l2,23,81920,GPU
20260905-210810-m5p-timeline,lc128kz,longctx-zipf,tiara_sym_l2,23,82094,GPU
20260905-210810-m5p-timeline,lc128kz,longctx-zipf,tiara_sym_l2,23,82268,GPU
20260905-210810-m5p-timeline,lc128kz,longctx-zipf,tiara_sym_l2,23,82442,GPU
20260905-210810-m5p-timeline,lc128kz,longctx-zipf,tiara_sym_l2,23,82616,GPU
20260905-210810-m5p-timeline,lc128kz,longctx-zipf,tiara_sym_l2,23,82790,GPU
20260905-210810-m5p-timeline,lc128kz,longctx-zipf,tiara_sym_l2,23,82964,GPU
20260905-210810-m5p-timeline,lc128kz,longctx-zipf,tiara_sym_l2,23,83138,GPU
20260905-210810-m5p-timeline,lc128kz,longctx-zipf,tiara_sym_l2,23,83312,GPU
20260905-210810-m5p-timeline,lc128kz,longctx-zipf,tiara_sym_l2,23,83486,GPU
20260905-210810-m5p-timeline,lc128kz,longctx-zipf,tiara_sym_l2,23,83660,GPU
20260905-210810-m5p-timeline,lc128kz,longctx-zipf,tiara_sym_l2,23,83834,GPU
20260905-210810-m5p-timeline,lc128kz,longctx-zipf,tiara_sym_l2,23,84008,GPU
20260905-210810-m5p-timeline,lc128kz,longctx-zipf,tiara_sym_l2,23,84182,GPU
20260905-210810-m5p-timeline,lc128kz,longctx-zipf,tiara_sym_l2,23,84356,GPU
20260905-210810-m5p-timeline,lc128kz,longctx-zipf,tiara_sym_l2,23,84530,GPU
20260905-210810-m5p-timeline,lc128kz,longctx-zipf,tiara_sym_l2,23,84704,GPU
20260905-210810-m5p-timeline,lc128kz,longctx-zipf,tiara_sym_l2,23,84878,GPU
20260905-210810-m5p-timeline,lc128kz,longctx-zipf,tiara_sym_l2,23,85052,GPU
20260905-210810-m5p-timeline,lc128kz,longctx-zipf,tiara_sym_l2,23,85226,GPU
20260905-210810-m5p-timeline,lc128kz,longctx-zipf,tiara_sym_l2,23,85400,GPU
20260905-210810-m5p-timeline,lc128kz,longctx-zipf,tiara_sym_l2,23,85574,GPU
20260905-210810-m5p-timeline,lc128kz,longctx-zipf,tiara_sym_l2,23,85748,GPU
20260905-210810-m5p-timeline,lc128kz,longctx-zipf,tiara_sym_l2,23,85922,GPU
20260905-210810-m5p-timeline,lc128kz,longctx-zipf,tiara_sym_l2,23,86096,GPU
20260905-210810-m5p-timeline,lc128kz,longctx-zipf,tiara_sym_l2,23,86270,GPU
20260905-210810-m5p-timeline,lc128kz,longctx-zipf,tiara_sym_l2,23,86444,GPU
20260905-210810-m5p-timeline,lc128kz,longctx-zipf,tiara_sym_l2,23,86618,GPU
20260905-210810-m5p-timeline,lc128kz,longctx-zipf,tiara_sym_l2,23,86792,GPU
20260905-210810-m5p-timeline,lc128kz,longctx-zipf,tiara_sym_l2,23,86966,GPU
20260905-210810-m5p-timeline,lc128kz,longctx-zipf,tiara_sym_l2,23,87140,GPU
20260905-210810-m5p-timeline,lc128kz,longctx-zipf,tiara_sym_l2,23,87314,GPU
20260905-210810-m5p-timeline,lc128kz,longctx-zipf,tiara_sym_l2,23,87488,GPU
20260905-210810-m5p-timeline,lc128kz,longctx-zipf,tiara_sym_l2,23,87662,GPU
20260905-210810-m5p-timeline,lc128kz,longctx-zipf,tiara_sym_l2,23,87836,GPU
20260905-210810-m5p-timeline,lc128kz,longctx-zipf,tiara_sym_l2,23,88010,GPU
20260905-210810-m5p-timeline,lc128kz,longctx-zipf,tiara_sym_l2,23,88184,GPU
20260905-210810-m5p-timeline,lc128kz,longctx-zipf,tiara_sym_l2,23,88358,GPU
20260905-210810-m5p-timeline,lc128kz,longctx-zipf,tiara_sym_l2,23,88532,GPU
20260905-210810-m5p-timeline,lc128kz,longctx-zipf,tiara_sym_l2,23,88706,GPU
20260905-210810-m5p-timeline,lc128kz,longctx-zipf,tiara_sym_l2,23,88880,GPU
20260905-210810-m5p-timeline,lc128kz,longctx-zipf,tiara_sym_l2,23,89054,GPU
20260905-210810-m5p-timeline,lc128kz,longctx-zipf,tiara_sym_l2,23,89228,GPU
20260905-210810-m5p-timeline,lc128kz,longctx-zipf,tiara_sym_l2,23,89402,CPU
20260905-210810-m5p-timeline,lc128kz,longctx-zipf,tiara_sym_l2,23,89576,CPU
20260905-210810-m5p-timeline,lc128kz,longctx-zipf,tiara_sym_l2,23,89750,CPU
20260905-210810-m5p-timeline,lc128kz,longctx-zipf,tiara_sym_l2,23,89924,CPU
20260905-210810-m5p-timeline,lc128kz,longctx-zipf,tiara_sym_l2,23,90098,CPU
20260905-210810-m5p-timeline,lc128kz,longctx-zipf,tiara_sym_l2,24,81920,GPU
20260905-210810-m5p-timeline,lc128kz,longctx-zipf,tiara_sym_l2,24,82094,GPU
20260905-210810-m5p-timeline,lc128kz,longctx-zipf,tiara_sym_l2,24,82268,GPU
20260905-210810-m5p-timeline,lc128kz,longctx-zipf,tiara_sym_l2,24,82442,GPU
20260905-210810-m5p-timeline,lc128kz,longctx-zipf,tiara_sym_l2,24,82616,GPU
20260905-210810-m5p-timeline,lc128kz,longctx-zipf,tiara_sym_l2,24,82790,GPU
20260905-210810-m5p-timeline,lc128kz,longctx-zipf,tiara_sym_l2,24,82964,GPU
20260905-210810-m5p-timeline,lc128kz,longctx-zipf,tiara_sym_l2,24,83138,GPU
20260905-210810-m5p-timeline,lc128kz,longctx-zipf,tiara_sym_l2,24,83312,GPU
20260905-210810-m5p-timeline,lc128kz,longctx-zipf,tiara_sym_l2,24,83486,GPU
20260905-210810-m5p-timeline,lc128kz,longctx-zipf,tiara_sym_l2,24,83660,GPU
20260905-210810-m5p-timeline,lc128kz,longctx-zipf,tiara_sym_l2,24,83834,GPU
20260905-210810-m5p-timeline,lc128kz,longctx-zipf,tiara_sym_l2,24,84008,GPU
20260905-210810-m5p-timeline,lc128kz,longctx-zipf,tiara_sym_l2,24,84182,GPU
20260905-210810-m5p-timeline,lc128kz,longctx-zipf,tiara_sym_l2,24,84356,GPU
20260905-210810-m5p-timeline,lc128kz,longctx-zipf,tiara_sym_l2,24,84530,GPU
20260905-210810-m5p-timeline,lc128kz,longctx-zipf,tiara_sym_l2,24,84704,GPU
20260905-210810-m5p-timeline,lc128kz,longctx-zipf,tiara_sym_l2,24,84878,GPU
20260905-210810-m5p-timeline,lc128kz,longctx-zipf,tiara_sym_l2,24,85052,GPU
20260905-210810-m5p-timeline,lc128kz,longctx-zipf,tiara_sym_l2,24,85226,GPU
20260905-210810-m5p-timeline,lc128kz,longctx-zipf,tiara_sym_l2,24,85400,GPU
20260905-210810-m5p-timeline,lc128kz,longctx-zipf,tiara_sym_l2,24,85574,GPU
20260905-210810-m5p-timeline,lc128kz,longctx-zipf,tiara_sym_l2,24,85748,GPU
20260905-210810-m5p-timeline,lc128kz,longctx-zipf,tiara_sym_l2,24,85922,GPU
20260905-210810-m5p-timeline,lc128kz,longctx-zipf,tiara_sym_l2,24,86096,GPU
20260905-210810-m5p-timeline,lc128kz,longctx-zipf,tiara_sym_l2,24,86270,GPU
20260905-210810-m5p-timeline,lc128kz,longctx-zipf,tiara_sym_l2,24,86444,GPU
20260905-210810-m5p-timeline,lc128kz,longctx-zipf,tiara_sym_l2,24,86618,GPU
20260905-210810-m5p-timeline,lc128kz,longctx-zipf,tiara_sym_l2,24,86792,GPU
20260905-210810-m5p-timeline,lc128kz,longctx-zipf,tiara_sym_l2,24,86966,GPU
20260905-210810-m5p-timeline,lc128kz,longctx-zipf,tiara_sym_l2,24,87140,GPU
20260905-210810-m5p-timeline,lc128kz,longctx-zipf,tiara_sym_l2,24,87314,GPU
20260905-210810-m5p-timeline,lc128kz,longctx-zipf,tiara_sym_l2,24,87488,GPU
20260905-210810-m5p-timeline,lc128kz,longctx-zipf,tiara_sym_l2,24,87662,GPU
20260905-210810-m5p-timeline,lc128kz,longctx-zipf,tiara_sym_l2,24,87836,GPU
20260905-210810-m5p-timeline,lc128kz,longctx-zipf,tiara_sym_l2,24,88010,GPU
20260905-210810-m5p-timeline,lc128kz,longctx-zipf,tiara_sym_l2,24,88184,GPU
20260905-210810-m5p-timeline,lc128kz,longctx-zipf,tiara_sym_l2,24,88358,GPU
20260905-210810-m5p-timeline,lc128kz,longctx-zipf,tiara_sym_l2,24,88532,GPU
20260905-210810-m5p-timeline,lc128kz,longctx-zipf,tiara_sym_l2,24,88706,GPU
20260905-210810-m5p-timeline,lc128kz,longctx-zipf,tiara_sym_l2,24,88880,GPU
20260905-210810-m5p-timeline,lc128kz,longctx-zipf,tiara_sym_l2,24,89054,GPU
20260905-210810-m5p-timeline,lc128kz,longctx-zipf,tiara_sym_l2,24,89228,GPU
20260905-210810-m5p-timeline,lc128kz,longctx-zipf,tiara_sym_l2,24,89402,CPU
20260905-210810-m5p-timeline,lc128kz,longctx-zipf,tiara_sym_l2,24,89576,CPU
20260905-210810-m5p-timeline,lc128kz,longctx-zipf,tiara_sym_l2,24,89750,CPU
20260905-210810-m5p-timeline,lc128kz,longctx-zipf,tiara_sym_l2,24,89924,CPU
20260905-210810-m5p-timeline,lc128kz,longctx-zipf,tiara_sym_l2,24,90098,CPU
20260905-210810-m5p-timeline,lc128kz,longctx-zipf,tiara_sym_l2,25,81920,GPU
20260905-210810-m5p-timeline,lc128kz,longctx-zipf,tiara_sym_l2,25,82094,GPU
20260905-210810-m5p-timeline,lc128kz,longctx-zipf,tiara_sym_l2,25,82268,GPU
20260905-210810-m5p-timeline,lc128kz,longctx-zipf,tiara_sym_l2,25,82442,GPU
20260905-210810-m5p-timeline,lc128kz,longctx-zipf,tiara_sym_l2,25,82616,GPU
20260905-210810-m5p-timeline,lc128kz,longctx-zipf,tiara_sym_l2,25,82790,GPU
20260905-210810-m5p-timeline,lc128kz,longctx-zipf,tiara_sym_l2,25,82964,GPU
20260905-210810-m5p-timeline,lc128kz,longctx-zipf,tiara_sym_l2,25,83138,GPU
20260905-210810-m5p-timeline,lc128kz,longctx-zipf,tiara_sym_l2,25,83312,GPU
20260905-210810-m5p-timeline,lc128kz,longctx-zipf,tiara_sym_l2,25,83486,GPU
20260905-210810-m5p-timeline,lc128kz,longctx-zipf,tiara_sym_l2,25,83660,GPU
20260905-210810-m5p-timeline,lc128kz,longctx-zipf,tiara_sym_l2,25,83834,GPU
20260905-210810-m5p-timeline,lc128kz,longctx-zipf,tiara_sym_l2,25,84008,GPU
20260905-210810-m5p-timeline,lc128kz,longctx-zipf,tiara_sym_l2,25,84182,GPU
20260905-210810-m5p-timeline,lc128kz,longctx-zipf,tiara_sym_l2,25,84356,GPU
20260905-210810-m5p-timeline,lc128kz,longctx-zipf,tiara_sym_l2,25,84530,GPU
20260905-210810-m5p-timeline,lc128kz,longctx-zipf,tiara_sym_l2,25,84704,GPU
20260905-210810-m5p-timeline,lc128kz,longctx-zipf,tiara_sym_l2,25,84878,GPU
20260905-210810-m5p-timeline,lc128kz,longctx-zipf,tiara_sym_l2,25,85052,GPU
20260905-210810-m5p-timeline,lc128kz,longctx-zipf,tiara_sym_l2,25,85226,GPU
20260905-210810-m5p-timeline,lc128kz,longctx-zipf,tiara_sym_l2,25,85400,GPU
20260905-210810-m5p-timeline,lc128kz,longctx-zipf,tiara_sym_l2,25,85574,GPU
20260905-210810-m5p-timeline,lc128kz,longctx-zipf,tiara_sym_l2,25,85748,GPU
20260905-210810-m5p-timeline,lc128kz,longctx-zipf,tiara_sym_l2,25,85922,GPU
20260905-210810-m5p-timeline,lc128kz,longctx-zipf,tiara_sym_l2,25,86096,GPU
20260905-210810-m5p-timeline,lc128kz,longctx-zipf,tiara_sym_l2,25,86270,GPU
20260905-210810-m5p-timeline,lc128kz,longctx-zipf,tiara_sym_l2,25,86444,GPU
20260905-210810-m5p-timeline,lc128kz,longctx-zipf,tiara_sym_l2,25,86618,GPU
20260905-210810-m5p-timeline,lc128kz,longctx-zipf,tiara_sym_l2,25,86792,GPU
20260905-210810-m5p-timeline,lc128kz,longctx-zipf,tiara_sym_l2,25,86966,GPU
20260905-210810-m5p-timeline,lc128kz,longctx-zipf,tiara_sym_l2,25,87140,GPU
20260905-210810-m5p-timeline,lc128kz,longctx-zipf,tiara_sym_l2,25,87314,GPU
20260905-210810-m5p-timeline,lc128kz,longctx-zipf,tiara_sym_l2,25,87488,GPU
20260905-210810-m5p-timeline,lc128kz,longctx-zipf,tiara_sym_l2,25,87662,GPU
20260905-210810-m5p-timeline,lc128kz,longctx-zipf,tiara_sym_l2,25,87836,GPU
20260905-210810-m5p-timeline,lc128kz,longctx-zipf,tiara_sym_l2,25,88010,GPU
20260905-210810-m5p-timeline,lc128kz,longctx-zipf,tiara_sym_l2,25,88184,GPU
20260905-210810-m5p-timeline,lc128kz,longctx-zipf,tiara_sym_l2,25,88358,GPU
20260905-210810-m5p-timeline,lc128kz,longctx-zipf,tiara_sym_l2,25,88532,GPU
20260905-210810-m5p-timeline,lc128kz,longctx-zipf,tiara_sym_l2,25,88706,GPU
20260905-210810-m5p-timeline,lc128kz,longctx-zipf,tiara_sym_l2,25,88880,GPU
20260905-210810-m5p-timeline,lc128kz,longctx-zipf,tiara_sym_l2,25,89054,GPU
20260905-210810-m5p-timeline,lc128kz,longctx-zipf,tiara_sym_l2,25,89228,GPU
20260905-210810-m5p-timeline,lc128kz,longctx-zipf,tiara_sym_l2,25,89402,CPU
20260905-210810-m5p-timeline,lc128kz,longctx-zipf,tiara_sym_l2,25,89576,CPU
20260905-210810-m5p-timeline,lc128kz,longctx-zipf,tiara_sym_l2,25,89750,CPU
20260905-210810-m5p-timeline,lc128kz,longctx-zipf,tiara_sym_l2,25,89924,CPU
20260905-210810-m5p-timeline,lc128kz,longctx-zipf,tiara_sym_l2,25,90098,CPU
20260905-210810-m5p-timeline,lc128kz,longctx-zipf,tiara_sym_l2,26,81920,GPU
20260905-210810-m5p-timeline,lc128kz,longctx-zipf,tiara_sym_l2,26,82094,GPU
20260905-210810-m5p-timeline,lc128kz,longctx-zipf,tiara_sym_l2,26,82268,GPU
20260905-210810-m5p-timeline,lc128kz,longctx-zipf,tiara_sym_l2,26,82442,GPU
20260905-210810-m5p-timeline,lc128kz,longctx-zipf,tiara_sym_l2,26,82616,GPU
20260905-210810-m5p-timeline,lc128kz,longctx-zipf,tiara_sym_l2,26,82790,GPU
20260905-210810-m5p-timeline,lc128kz,longctx-zipf,tiara_sym_l2,26,82964,GPU
20260905-210810-m5p-timeline,lc128kz,longctx-zipf,tiara_sym_l2,26,83138,GPU
20260905-210810-m5p-timeline,lc128kz,longctx-zipf,tiara_sym_l2,26,83312,GPU
20260905-210810-m5p-timeline,lc128kz,longctx-zipf,tiara_sym_l2,26,83486,GPU
20260905-210810-m5p-timeline,lc128kz,longctx-zipf,tiara_sym_l2,26,83660,GPU
20260905-210810-m5p-timeline,lc128kz,longctx-zipf,tiara_sym_l2,26,83834,GPU
20260905-210810-m5p-timeline,lc128kz,longctx-zipf,tiara_sym_l2,26,84008,GPU
20260905-210810-m5p-timeline,lc128kz,longctx-zipf,tiara_sym_l2,26,84182,GPU
20260905-210810-m5p-timeline,lc128kz,longctx-zipf,tiara_sym_l2,26,84356,GPU
20260905-210810-m5p-timeline,lc128kz,longctx-zipf,tiara_sym_l2,26,84530,GPU
20260905-210810-m5p-timeline,lc128kz,longctx-zipf,tiara_sym_l2,26,84704,GPU
20260905-210810-m5p-timeline,lc128kz,longctx-zipf,tiara_sym_l2,26,84878,GPU
20260905-210810-m5p-timeline,lc128kz,longctx-zipf,tiara_sym_l2,26,85052,GPU
20260905-210810-m5p-timeline,lc128kz,longctx-zipf,tiara_sym_l2,26,85226,GPU
20260905-210810-m5p-timeline,lc128kz,longctx-zipf,tiara_sym_l2,26,85400,GPU
20260905-210810-m5p-timeline,lc128kz,longctx-zipf,tiara_sym_l2,26,85574,GPU
20260905-210810-m5p-timeline,lc128kz,longctx-zipf,tiara_sym_l2,26,85748,GPU
20260905-210810-m5p-timeline,lc128kz,longctx-zipf,tiara_sym_l2,26,85922,GPU
20260905-210810-m5p-timeline,lc128kz,longctx-zipf,tiara_sym_l2,26,86096,GPU
20260905-210810-m5p-timeline,lc128kz,longctx-zipf,tiara_sym_l2,26,86270,GPU
20260905-210810-m5p-timeline,lc128kz,longctx-zipf,tiara_sym_l2,26,86444,GPU
20260905-210810-m5p-timeline,lc128kz,longctx-zipf,tiara_sym_l2,26,86618,GPU
20260905-210810-m5p-timeline,lc128kz,longctx-zipf,tiara_sym_l2,26,86792,GPU
20260905-210810-m5p-timeline,lc128kz,longctx-zipf,tiara_sym_l2,26,86966,GPU
20260905-210810-m5p-timeline,lc128kz,longctx-zipf,tiara_sym_l2,26,87140,GPU
20260905-210810-m5p-timeline,lc128kz,longctx-zipf,tiara_sym_l2,26,87314,GPU
20260905-210810-m5p-timeline,lc128kz,longctx-zipf,tiara_sym_l2,26,87488,GPU
20260905-210810-m5p-timeline,lc128kz,longctx-zipf,tiara_sym_l2,26,87662,GPU
20260905-210810-m5p-timeline,lc128kz,longctx-zipf,tiara_sym_l2,26,87836,GPU
20260905-210810-m5p-timeline,lc128kz,longctx-zipf,tiara_sym_l2,26,88010,GPU
20260905-210810-m5p-timeline,lc128kz,longctx-zipf,tiara_sym_l2,26,88184,GPU
20260905-210810-m5p-timeline,lc128kz,longctx-zipf,tiara_sym_l2,26,88358,GPU
20260905-210810-m5p-timeline,lc128kz,longctx-zipf,tiara_sym_l2,26,88532,GPU
20260905-210810-m5p-timeline,lc128kz,longctx-zipf,tiara_sym_l2,26,88706,GPU
20260905-210810-m5p-timeline,lc128kz,longctx-zipf,tiara_sym_l2,26,88880,GPU
20260905-210810-m5p-timeline,lc128kz,longctx-zipf,tiara_sym_l2,26,89054,GPU
20260905-210810-m5p-timeline,lc128kz,longctx-zipf,tiara_sym_l2,26,89228,GPU
20260905-210810-m5p-timeline,lc128kz,longctx-zipf,tiara_sym_l2,26,89402,CPU
20260905-210810-m5p-timeline,lc128kz,longctx-zipf,tiara_sym_l2,26,89576,CPU
20260905-210810-m5p-timeline,lc128kz,longctx-zipf,tiara_sym_l2,26,89750,CPU
20260905-210810-m5p-timeline,lc128kz,longctx-zipf,tiara_sym_l2,26,89924,CPU
20260905-210810-m5p-timeline,lc128kz,longctx-zipf,tiara_sym_l2,26,90098,CPU
20260905-210810-m5p-timeline,lc128kz,longctx-zipf,tiara_sym_l2,27,81920,GPU
20260905-210810-m5p-timeline,lc128kz,longctx-zipf,tiara_sym_l2,27,82094,GPU
20260905-210810-m5p-timeline,lc128kz,longctx-zipf,tiara_sym_l2,27,82268,GPU
20260905-210810-m5p-timeline,lc128kz,longctx-zipf,tiara_sym_l2,27,82442,GPU
20260905-210810-m5p-timeline,lc128kz,longctx-zipf,tiara_sym_l2,27,82616,GPU
20260905-210810-m5p-timeline,lc128kz,longctx-zipf,tiara_sym_l2,27,82790,GPU
20260905-210810-m5p-timeline,lc128kz,longctx-zipf,tiara_sym_l2,27,82964,GPU
20260905-210810-m5p-timeline,lc128kz,longctx-zipf,tiara_sym_l2,27,83138,GPU
20260905-210810-m5p-timeline,lc128kz,longctx-zipf,tiara_sym_l2,27,83312,GPU
20260905-210810-m5p-timeline,lc128kz,longctx-zipf,tiara_sym_l2,27,83486,GPU
20260905-210810-m5p-timeline,lc128kz,longctx-zipf,tiara_sym_l2,27,83660,GPU
20260905-210810-m5p-timeline,lc128kz,longctx-zipf,tiara_sym_l2,27,83834,GPU
20260905-210810-m5p-timeline,lc128kz,longctx-zipf,tiara_sym_l2,27,84008,GPU
20260905-210810-m5p-timeline,lc128kz,longctx-zipf,tiara_sym_l2,27,84182,GPU
20260905-210810-m5p-timeline,lc128kz,longctx-zipf,tiara_sym_l2,27,84356,GPU
20260905-210810-m5p-timeline,lc128kz,longctx-zipf,tiara_sym_l2,27,84530,GPU
20260905-210810-m5p-timeline,lc128kz,longctx-zipf,tiara_sym_l2,27,84704,GPU
20260905-210810-m5p-timeline,lc128kz,longctx-zipf,tiara_sym_l2,27,84878,GPU
20260905-210810-m5p-timeline,lc128kz,longctx-zipf,tiara_sym_l2,27,85052,GPU
20260905-210810-m5p-timeline,lc128kz,longctx-zipf,tiara_sym_l2,27,85226,GPU
20260905-210810-m5p-timeline,lc128kz,longctx-zipf,tiara_sym_l2,27,85400,GPU
20260905-210810-m5p-timeline,lc128kz,longctx-zipf,tiara_sym_l2,27,85574,GPU
20260905-210810-m5p-timeline,lc128kz,longctx-zipf,tiara_sym_l2,27,85748,GPU
20260905-210810-m5p-timeline,lc128kz,longctx-zipf,tiara_sym_l2,27,85922,GPU
20260905-210810-m5p-timeline,lc128kz,longctx-zipf,tiara_sym_l2,27,86096,GPU
20260905-210810-m5p-timeline,lc128kz,longctx-zipf,tiara_sym_l2,27,86270,GPU
20260905-210810-m5p-timeline,lc128kz,longctx-zipf,tiara_sym_l2,27,86444,GPU
20260905-210810-m5p-timeline,lc128kz,longctx-zipf,tiara_sym_l2,27,86618,GPU
20260905-210810-m5p-timeline,lc128kz,longctx-zipf,tiara_sym_l2,27,86792,GPU
20260905-210810-m5p-timeline,lc128kz,longctx-zipf,tiara_sym_l2,27,86966,GPU
20260905-210810-m5p-timeline,lc128kz,longctx-zipf,tiara_sym_l2,27,87140,GPU
20260905-210810-m5p-timeline,lc128kz,longctx-zipf,tiara_sym_l2,27,87314,GPU
20260905-210810-m5p-timeline,lc128kz,longctx-zipf,tiara_sym_l2,27,87488,GPU
20260905-210810-m5p-timeline,lc128kz,longctx-zipf,tiara_sym_l2,27,87662,GPU
20260905-210810-m5p-timeline,lc128kz,longctx-zipf,tiara_sym_l2,27,87836,GPU
20260905-210810-m5p-timeline,lc128kz,longctx-zipf,tiara_sym_l2,27,88010,GPU
20260905-210810-m5p-timeline,lc128kz,longctx-zipf,tiara_sym_l2,27,88184,GPU
20260905-210810-m5p-timeline,lc128kz,longctx-zipf,tiara_sym_l2,27,88358,GPU
20260905-210810-m5p-timeline,lc128kz,longctx-zipf,tiara_sym_l2,27,88532,GPU
20260905-210810-m5p-timeline,lc128kz,longctx-zipf,tiara_sym_l2,27,88706,GPU
20260905-210810-m5p-timeline,lc128kz,longctx-zipf,tiara_sym_l2,27,88880,GPU
20260905-210810-m5p-timeline,lc128kz,longctx-zipf,tiara_sym_l2,27,89054,GPU
20260905-210810-m5p-timeline,lc128kz,longctx-zipf,tiara_sym_l2,27,89228,GPU
20260905-210810-m5p-timeline,lc128kz,longctx-zipf,tiara_sym_l2,27,89402,CPU
20260905-210810-m5p-timeline,lc128kz,longctx-zipf,tiara_sym_l2,27,89576,CPU
20260905-210810-m5p-timeline,lc128kz,longctx-zipf,tiara_sym_l2,27,89750,CPU
20260905-210810-m5p-timeline,lc128kz,longctx-zipf,tiara_sym_l2,27,89924,CPU
20260905-210810-m5p-timeline,lc128kz,longctx-zipf,tiara_sym_l2,27,90098,CPU
20260905-210810-m5p-timeline,lc128kz,longctx-zipf,tiara_sym_l2,28,81920,GPU
20260905-210810-m5p-timeline,lc128kz,longctx-zipf,tiara_sym_l2,28,82094,GPU
20260905-210810-m5p-timeline,lc128kz,longctx-zipf,tiara_sym_l2,28,82268,GPU
20260905-210810-m5p-timeline,lc128kz,longctx-zipf,tiara_sym_l2,28,82442,GPU
20260905-210810-m5p-timeline,lc128kz,longctx-zipf,tiara_sym_l2,28,82616,GPU
20260905-210810-m5p-timeline,lc128kz,longctx-zipf,tiara_sym_l2,28,82790,GPU
20260905-210810-m5p-timeline,lc128kz,longctx-zipf,tiara_sym_l2,28,82964,GPU
20260905-210810-m5p-timeline,lc128kz,longctx-zipf,tiara_sym_l2,28,83138,GPU
20260905-210810-m5p-timeline,lc128kz,longctx-zipf,tiara_sym_l2,28,83312,GPU
20260905-210810-m5p-timeline,lc128kz,longctx-zipf,tiara_sym_l2,28,83486,GPU
20260905-210810-m5p-timeline,lc128kz,longctx-zipf,tiara_sym_l2,28,83660,GPU
20260905-210810-m5p-timeline,lc128kz,longctx-zipf,tiara_sym_l2,28,83834,GPU
20260905-210810-m5p-timeline,lc128kz,longctx-zipf,tiara_sym_l2,28,84008,GPU
20260905-210810-m5p-timeline,lc128kz,longctx-zipf,tiara_sym_l2,28,84182,GPU
20260905-210810-m5p-timeline,lc128kz,longctx-zipf,tiara_sym_l2,28,84356,GPU
20260905-210810-m5p-timeline,lc128kz,longctx-zipf,tiara_sym_l2,28,84530,GPU
20260905-210810-m5p-timeline,lc128kz,longctx-zipf,tiara_sym_l2,28,84704,GPU
20260905-210810-m5p-timeline,lc128kz,longctx-zipf,tiara_sym_l2,28,84878,GPU
20260905-210810-m5p-timeline,lc128kz,longctx-zipf,tiara_sym_l2,28,85052,GPU
20260905-210810-m5p-timeline,lc128kz,longctx-zipf,tiara_sym_l2,28,85226,GPU
20260905-210810-m5p-timeline,lc128kz,longctx-zipf,tiara_sym_l2,28,85400,GPU
20260905-210810-m5p-timeline,lc128kz,longctx-zipf,tiara_sym_l2,28,85574,GPU
20260905-210810-m5p-timeline,lc128kz,longctx-zipf,tiara_sym_l2,28,85748,GPU
20260905-210810-m5p-timeline,lc128kz,longctx-zipf,tiara_sym_l2,28,85922,GPU
20260905-210810-m5p-timeline,lc128kz,longctx-zipf,tiara_sym_l2,28,86096,GPU
20260905-210810-m5p-timeline,lc128kz,longctx-zipf,tiara_sym_l2,28,86270,GPU
20260905-210810-m5p-timeline,lc128kz,longctx-zipf,tiara_sym_l2,28,86444,GPU
20260905-210810-m5p-timeline,lc128kz,longctx-zipf,tiara_sym_l2,28,86618,GPU
20260905-210810-m5p-timeline,lc128kz,longctx-zipf,tiara_sym_l2,28,86792,GPU
20260905-210810-m5p-timeline,lc128kz,longctx-zipf,tiara_sym_l2,28,86966,GPU
20260905-210810-m5p-timeline,lc128kz,longctx-zipf,tiara_sym_l2,28,87140,GPU
20260905-210810-m5p-timeline,lc128kz,longctx-zipf,tiara_sym_l2,28,87314,GPU
20260905-210810-m5p-timeline,lc128kz,longctx-zipf,tiara_sym_l2,28,87488,GPU
20260905-210810-m5p-timeline,lc128kz,longctx-zipf,tiara_sym_l2,28,87662,GPU
20260905-210810-m5p-timeline,lc128kz,longctx-zipf,tiara_sym_l2,28,87836,GPU
20260905-210810-m5p-timeline,lc128kz,longctx-zipf,tiara_sym_l2,28,88010,GPU
20260905-210810-m5p-timeline,lc128kz,longctx-zipf,tiara_sym_l2,28,88184,GPU
20260905-210810-m5p-timeline,lc128kz,longctx-zipf,tiara_sym_l2,28,88358,GPU
20260905-210810-m5p-timeline,lc128kz,longctx-zipf,tiara_sym_l2,28,88532,GPU
20260905-210810-m5p-timeline,lc128kz,longctx-zipf,tiara_sym_l2,28,88706,GPU
20260905-210810-m5p-timeline,lc128kz,longctx-zipf,tiara_sym_l2,28,88880,GPU
20260905-210810-m5p-timeline,lc128kz,longctx-zipf,tiara_sym_l2,28,89054,GPU
20260905-210810-m5p-timeline,lc128kz,longctx-zipf,tiara_sym_l2,28,89228,GPU
20260905-210810-m5p-timeline,lc128kz,longctx-zipf,tiara_sym_l2,28,89402,CPU
20260905-210810-m5p-timeline,lc128kz,longctx-zipf,tiara_sym_l2,28,89576,CPU
20260905-210810-m5p-timeline,lc128kz,longctx-zipf,tiara_sym_l2,28,89750,CPU
20260905-210810-m5p-timeline,lc128kz,longctx-zipf,tiara_sym_l2,28,89924,CPU
20260905-210810-m5p-timeline,lc128kz,longctx-zipf,tiara_sym_l2,28,90098,CPU
20260905-210810-m5p-timeline,lc128kz,longctx-zipf,tiara_sym_l2,29,81920,GPU
20260905-210810-m5p-timeline,lc128kz,longctx-zipf,tiara_sym_l2,29,82094,GPU
20260905-210810-m5p-timeline,lc128kz,longctx-zipf,tiara_sym_l2,29,82268,GPU
20260905-210810-m5p-timeline,lc128kz,longctx-zipf,tiara_sym_l2,29,82442,GPU
20260905-210810-m5p-timeline,lc128kz,longctx-zipf,tiara_sym_l2,29,82616,GPU
20260905-210810-m5p-timeline,lc128kz,longctx-zipf,tiara_sym_l2,29,82790,GPU
20260905-210810-m5p-timeline,lc128kz,longctx-zipf,tiara_sym_l2,29,82964,GPU
20260905-210810-m5p-timeline,lc128kz,longctx-zipf,tiara_sym_l2,29,83138,GPU
20260905-210810-m5p-timeline,lc128kz,longctx-zipf,tiara_sym_l2,29,83312,GPU
20260905-210810-m5p-timeline,lc128kz,longctx-zipf,tiara_sym_l2,29,83486,GPU
20260905-210810-m5p-timeline,lc128kz,longctx-zipf,tiara_sym_l2,29,83660,GPU
20260905-210810-m5p-timeline,lc128kz,longctx-zipf,tiara_sym_l2,29,83834,GPU
20260905-210810-m5p-timeline,lc128kz,longctx-zipf,tiara_sym_l2,29,84008,GPU
20260905-210810-m5p-timeline,lc128kz,longctx-zipf,tiara_sym_l2,29,84182,GPU
20260905-210810-m5p-timeline,lc128kz,longctx-zipf,tiara_sym_l2,29,84356,GPU
20260905-210810-m5p-timeline,lc128kz,longctx-zipf,tiara_sym_l2,29,84530,GPU
20260905-210810-m5p-timeline,lc128kz,longctx-zipf,tiara_sym_l2,29,84704,GPU
20260905-210810-m5p-timeline,lc128kz,longctx-zipf,tiara_sym_l2,29,84878,GPU
20260905-210810-m5p-timeline,lc128kz,longctx-zipf,tiara_sym_l2,29,85052,GPU
20260905-210810-m5p-timeline,lc128kz,longctx-zipf,tiara_sym_l2,29,85226,GPU
20260905-210810-m5p-timeline,lc128kz,longctx-zipf,tiara_sym_l2,29,85400,GPU
20260905-210810-m5p-timeline,lc128kz,longctx-zipf,tiara_sym_l2,29,85574,GPU
20260905-210810-m5p-timeline,lc128kz,longctx-zipf,tiara_sym_l2,29,85748,GPU
20260905-210810-m5p-timeline,lc128kz,longctx-zipf,tiara_sym_l2,29,85922,GPU
20260905-210810-m5p-timeline,lc128kz,longctx-zipf,tiara_sym_l2,29,86096,GPU
20260905-210810-m5p-timeline,lc128kz,longctx-zipf,tiara_sym_l2,29,86270,GPU
20260905-210810-m5p-timeline,lc128kz,longctx-zipf,tiara_sym_l2,29,86444,GPU
20260905-210810-m5p-timeline,lc128kz,longctx-zipf,tiara_sym_l2,29,86618,GPU
20260905-210810-m5p-timeline,lc128kz,longctx-zipf,tiara_sym_l2,29,86792,GPU
20260905-210810-m5p-timeline,lc128kz,longctx-zipf,tiara_sym_l2,29,86966,GPU
20260905-210810-m5p-timeline,lc128kz,longctx-zipf,tiara_sym_l2,29,87140,GPU
20260905-210810-m5p-timeline,lc128kz,longctx-zipf,tiara_sym_l2,29,87314,GPU
20260905-210810-m5p-timeline,lc128kz,longctx-zipf,tiara_sym_l2,29,87488,GPU
20260905-210810-m5p-timeline,lc128kz,longctx-zipf,tiara_sym_l2,29,87662,GPU
20260905-210810-m5p-timeline,lc128kz,longctx-zipf,tiara_sym_l2,29,87836,GPU
20260905-210810-m5p-timeline,lc128kz,longctx-zipf,tiara_sym_l2,29,88010,GPU
20260905-210810-m5p-timeline,lc128kz,longctx-zipf,tiara_sym_l2,29,88184,GPU
20260905-210810-m5p-timeline,lc128kz,longctx-zipf,tiara_sym_l2,29,88358,GPU
20260905-210810-m5p-timeline,lc128kz,longctx-zipf,tiara_sym_l2,29,88532,GPU
20260905-210810-m5p-timeline,lc128kz,longctx-zipf,tiara_sym_l2,29,88706,GPU
20260905-210810-m5p-timeline,lc128kz,longctx-zipf,tiara_sym_l2,29,88880,GPU
20260905-210810-m5p-timeline,lc128kz,longctx-zipf,tiara_sym_l2,29,89054,GPU
20260905-210810-m5p-timeline,lc128kz,longctx-zipf,tiara_sym_l2,29,89228,GPU
20260905-210810-m5p-timeline,lc128kz,longctx-zipf,tiara_sym_l2,29,89402,CPU
20260905-210810-m5p-timeline,lc128kz,longctx-zipf,tiara_sym_l2,29,89576,CPU
20260905-210810-m5p-timeline,lc128kz,longctx-zipf,tiara_sym_l2,29,89750,CPU
20260905-210810-m5p-timeline,lc128kz,longctx-zipf,tiara_sym_l2,29,89924,CPU
20260905-210810-m5p-timeline,lc128kz,longctx-zipf,tiara_sym_l2,29,90098,CPU
20260905-210810-m5p-timeline,lc128kz,longctx-zipf,tiara_sym_l2,30,81920,GPU
20260905-210810-m5p-timeline,lc128kz,longctx-zipf,tiara_sym_l2,30,82094,GPU
20260905-210810-m5p-timeline,lc128kz,longctx-zipf,tiara_sym_l2,30,82268,GPU
20260905-210810-m5p-timeline,lc128kz,longctx-zipf,tiara_sym_l2,30,82442,GPU
20260905-210810-m5p-timeline,lc128kz,longctx-zipf,tiara_sym_l2,30,82616,GPU
20260905-210810-m5p-timeline,lc128kz,longctx-zipf,tiara_sym_l2,30,82790,GPU
20260905-210810-m5p-timeline,lc128kz,longctx-zipf,tiara_sym_l2,30,82964,GPU
20260905-210810-m5p-timeline,lc128kz,longctx-zipf,tiara_sym_l2,30,83138,GPU
20260905-210810-m5p-timeline,lc128kz,longctx-zipf,tiara_sym_l2,30,83312,GPU
20260905-210810-m5p-timeline,lc128kz,longctx-zipf,tiara_sym_l2,30,83486,GPU
20260905-210810-m5p-timeline,lc128kz,longctx-zipf,tiara_sym_l2,30,83660,GPU
20260905-210810-m5p-timeline,lc128kz,longctx-zipf,tiara_sym_l2,30,83834,GPU
20260905-210810-m5p-timeline,lc128kz,longctx-zipf,tiara_sym_l2,30,84008,GPU
20260905-210810-m5p-timeline,lc128kz,longctx-zipf,tiara_sym_l2,30,84182,GPU
20260905-210810-m5p-timeline,lc128kz,longctx-zipf,tiara_sym_l2,30,84356,GPU
20260905-210810-m5p-timeline,lc128kz,longctx-zipf,tiara_sym_l2,30,84530,GPU
20260905-210810-m5p-timeline,lc128kz,longctx-zipf,tiara_sym_l2,30,84704,GPU
20260905-210810-m5p-timeline,lc128kz,longctx-zipf,tiara_sym_l2,30,84878,GPU
20260905-210810-m5p-timeline,lc128kz,longctx-zipf,tiara_sym_l2,30,85052,GPU
20260905-210810-m5p-timeline,lc128kz,longctx-zipf,tiara_sym_l2,30,85226,GPU
20260905-210810-m5p-timeline,lc128kz,longctx-zipf,tiara_sym_l2,30,85400,GPU
20260905-210810-m5p-timeline,lc128kz,longctx-zipf,tiara_sym_l2,30,85574,GPU
20260905-210810-m5p-timeline,lc128kz,longctx-zipf,tiara_sym_l2,30,85748,GPU
20260905-210810-m5p-timeline,lc128kz,longctx-zipf,tiara_sym_l2,30,85922,GPU
20260905-210810-m5p-timeline,lc128kz,longctx-zipf,tiara_sym_l2,30,86096,GPU
20260905-210810-m5p-timeline,lc128kz,longctx-zipf,tiara_sym_l2,30,86270,GPU
20260905-210810-m5p-timeline,lc128kz,longctx-zipf,tiara_sym_l2,30,86444,GPU
20260905-210810-m5p-timeline,lc128kz,longctx-zipf,tiara_sym_l2,30,86618,GPU
20260905-210810-m5p-timeline,lc128kz,longctx-zipf,tiara_sym_l2,30,86792,GPU
20260905-210810-m5p-timeline,lc128kz,longctx-zipf,tiara_sym_l2,30,86966,GPU
20260905-210810-m5p-timeline,lc128kz,longctx-zipf,tiara_sym_l2,30,87140,GPU
20260905-210810-m5p-timeline,lc128kz,longctx-zipf,tiara_sym_l2,30,87314,GPU
20260905-210810-m5p-timeline,lc128kz,longctx-zipf,tiara_sym_l2,30,87488,GPU
20260905-210810-m5p-timeline,lc128kz,longctx-zipf,tiara_sym_l2,30,87662,GPU
20260905-210810-m5p-timeline,lc128kz,longctx-zipf,tiara_sym_l2,30,87836,GPU
20260905-210810-m5p-timeline,lc128kz,longctx-zipf,tiara_sym_l2,30,88010,GPU
20260905-210810-m5p-timeline,lc128kz,longctx-zipf,tiara_sym_l2,30,88184,GPU
20260905-210810-m5p-timeline,lc128kz,longctx-zipf,tiara_sym_l2,30,88358,GPU
20260905-210810-m5p-timeline,lc128kz,longctx-zipf,tiara_sym_l2,30,88532,GPU
20260905-210810-m5p-timeline,lc128kz,longctx-zipf,tiara_sym_l2,30,88706,GPU
20260905-210810-m5p-timeline,lc128kz,longctx-zipf,tiara_sym_l2,30,88880,GPU
20260905-210810-m5p-timeline,lc128kz,longctx-zipf,tiara_sym_l2,30,89054,GPU
20260905-210810-m5p-timeline,lc128kz,longctx-zipf,tiara_sym_l2,30,89228,GPU
20260905-210810-m5p-timeline,lc128kz,longctx-zipf,tiara_sym_l2,30,89402,CPU
20260905-210810-m5p-timeline,lc128kz,longctx-zipf,tiara_sym_l2,30,89576,CPU
20260905-210810-m5p-timeline,lc128kz,longctx-zipf,tiara_sym_l2,30,89750,CPU
20260905-210810-m5p-timeline,lc128kz,longctx-zipf,tiara_sym_l2,30,89924,CPU
20260905-210810-m5p-timeline,lc128kz,longctx-zipf,tiara_sym_l2,30,90098,CPU
20260905-210810-m5p-timeline,lc128kz,longctx-zipf,tiara_sym_l2,31,81920,GPU
20260905-210810-m5p-timeline,lc128kz,longctx-zipf,tiara_sym_l2,31,82094,GPU
20260905-210810-m5p-timeline,lc128kz,longctx-zipf,tiara_sym_l2,31,82268,GPU
20260905-210810-m5p-timeline,lc128kz,longctx-zipf,tiara_sym_l2,31,82442,GPU
20260905-210810-m5p-timeline,lc128kz,longctx-zipf,tiara_sym_l2,31,82616,GPU
20260905-210810-m5p-timeline,lc128kz,longctx-zipf,tiara_sym_l2,31,82790,GPU
20260905-210810-m5p-timeline,lc128kz,longctx-zipf,tiara_sym_l2,31,82964,GPU
20260905-210810-m5p-timeline,lc128kz,longctx-zipf,tiara_sym_l2,31,83138,GPU
20260905-210810-m5p-timeline,lc128kz,longctx-zipf,tiara_sym_l2,31,83312,GPU
20260905-210810-m5p-timeline,lc128kz,longctx-zipf,tiara_sym_l2,31,83486,GPU
20260905-210810-m5p-timeline,lc128kz,longctx-zipf,tiara_sym_l2,31,83660,GPU
20260905-210810-m5p-timeline,lc128kz,longctx-zipf,tiara_sym_l2,31,83834,GPU
20260905-210810-m5p-timeline,lc128kz,longctx-zipf,tiara_sym_l2,31,84008,GPU
20260905-210810-m5p-timeline,lc128kz,longctx-zipf,tiara_sym_l2,31,84182,GPU
20260905-210810-m5p-timeline,lc128kz,longctx-zipf,tiara_sym_l2,31,84356,GPU
20260905-210810-m5p-timeline,lc128kz,longctx-zipf,tiara_sym_l2,31,84530,GPU
20260905-210810-m5p-timeline,lc128kz,longctx-zipf,tiara_sym_l2,31,84704,GPU
20260905-210810-m5p-timeline,lc128kz,longctx-zipf,tiara_sym_l2,31,84878,GPU
20260905-210810-m5p-timeline,lc128kz,longctx-zipf,tiara_sym_l2,31,85052,GPU
20260905-210810-m5p-timeline,lc128kz,longctx-zipf,tiara_sym_l2,31,85226,GPU
20260905-210810-m5p-timeline,lc128kz,longctx-zipf,tiara_sym_l2,31,85400,GPU
20260905-210810-m5p-timeline,lc128kz,longctx-zipf,tiara_sym_l2,31,85574,GPU
20260905-210810-m5p-timeline,lc128kz,longctx-zipf,tiara_sym_l2,31,85748,GPU
20260905-210810-m5p-timeline,lc128kz,longctx-zipf,tiara_sym_l2,31,85922,GPU
20260905-210810-m5p-timeline,lc128kz,longctx-zipf,tiara_sym_l2,31,86096,GPU
20260905-210810-m5p-timeline,lc128kz,longctx-zipf,tiara_sym_l2,31,86270,GPU
20260905-210810-m5p-timeline,lc128kz,longctx-zipf,tiara_sym_l2,31,86444,GPU
20260905-210810-m5p-timeline,lc128kz,longctx-zipf,tiara_sym_l2,31,86618,GPU
20260905-210810-m5p-timeline,lc128kz,longctx-zipf,tiara_sym_l2,31,86792,GPU
20260905-210810-m5p-timeline,lc128kz,longctx-zipf,tiara_sym_l2,31,86966,GPU
20260905-210810-m5p-timeline,lc128kz,longctx-zipf,tiara_sym_l2,31,87140,GPU
20260905-210810-m5p-timeline,lc128kz,longctx-zipf,tiara_sym_l2,31,87314,GPU
20260905-210810-m5p-timeline,lc128kz,longctx-zipf,tiara_sym_l2,31,87488,GPU
20260905-210810-m5p-timeline,lc128kz,longctx-zipf,tiara_sym_l2,31,87662,GPU
20260905-210810-m5p-timeline,lc128kz,longctx-zipf,tiara_sym_l2,31,87836,GPU
20260905-210810-m5p-timeline,lc128kz,longctx-zipf,tiara_sym_l2,31,88010,GPU
20260905-210810-m5p-timeline,lc128kz,longctx-zipf,tiara_sym_l2,31,88184,GPU
20260905-210810-m5p-timeline,lc128kz,longctx-zipf,tiara_sym_l2,31,88358,GPU
20260905-210810-m5p-timeline,lc128kz,longctx-zipf,tiara_sym_l2,31,88532,GPU
20260905-210810-m5p-timeline,lc128kz,longctx-zipf,tiara_sym_l2,31,88706,GPU
20260905-210810-m5p-timeline,lc128kz,longctx-zipf,tiara_sym_l2,31,88880,GPU
20260905-210810-m5p-timeline,lc128kz,longctx-zipf,tiara_sym_l2,31,89054,GPU
20260905-210810-m5p-timeline,lc128kz,longctx-zipf,tiara_sym_l2,31,89228,GPU
20260905-210810-m5p-timeline,lc128kz,longctx-zipf,tiara_sym_l2,31,89402,CPU
20260905-210810-m5p-timeline,lc128kz,longctx-zipf,tiara_sym_l2,31,89576,CPU
20260905-210810-m5p-timeline,lc128kz,longctx-zipf,tiara_sym_l2,31,89750,CPU
20260905-210810-m5p-timeline,lc128kz,longctx-zipf,tiara_sym_l2,31,89924,CPU
20260905-210810-m5p-timeline,lc128kz,longctx-zipf,tiara_sym_l2,31,90098,CPU
20260905-210810-m5p-timeline,lc128kz,longctx-zipf,tiara_sym_l2,32,81920,GPU
20260905-210810-m5p-timeline,lc128kz,longctx-zipf,tiara_sym_l2,32,82094,GPU
20260905-210810-m5p-timeline,lc128kz,longctx-zipf,tiara_sym_l2,32,82268,GPU
20260905-210810-m5p-timeline,lc128kz,longctx-zipf,tiara_sym_l2,32,82442,GPU
20260905-210810-m5p-timeline,lc128kz,longctx-zipf,tiara_sym_l2,32,82616,GPU
20260905-210810-m5p-timeline,lc128kz,longctx-zipf,tiara_sym_l2,32,82790,GPU
20260905-210810-m5p-timeline,lc128kz,longctx-zipf,tiara_sym_l2,32,82964,GPU
20260905-210810-m5p-timeline,lc128kz,longctx-zipf,tiara_sym_l2,32,83138,GPU
20260905-210810-m5p-timeline,lc128kz,longctx-zipf,tiara_sym_l2,32,83312,GPU
20260905-210810-m5p-timeline,lc128kz,longctx-zipf,tiara_sym_l2,32,83486,GPU
20260905-210810-m5p-timeline,lc128kz,longctx-zipf,tiara_sym_l2,32,83660,GPU
20260905-210810-m5p-timeline,lc128kz,longctx-zipf,tiara_sym_l2,32,83834,GPU
20260905-210810-m5p-timeline,lc128kz,longctx-zipf,tiara_sym_l2,32,84008,GPU
20260905-210810-m5p-timeline,lc128kz,longctx-zipf,tiara_sym_l2,32,84182,GPU
20260905-210810-m5p-timeline,lc128kz,longctx-zipf,tiara_sym_l2,32,84356,GPU
20260905-210810-m5p-timeline,lc128kz,longctx-zipf,tiara_sym_l2,32,84530,GPU
20260905-210810-m5p-timeline,lc128kz,longctx-zipf,tiara_sym_l2,32,84704,GPU
20260905-210810-m5p-timeline,lc128kz,longctx-zipf,tiara_sym_l2,32,84878,GPU
20260905-210810-m5p-timeline,lc128kz,longctx-zipf,tiara_sym_l2,32,85052,GPU
20260905-210810-m5p-timeline,lc128kz,longctx-zipf,tiara_sym_l2,32,85226,GPU
20260905-210810-m5p-timeline,lc128kz,longctx-zipf,tiara_sym_l2,32,85400,GPU
20260905-210810-m5p-timeline,lc128kz,longctx-zipf,tiara_sym_l2,32,85574,GPU
20260905-210810-m5p-timeline,lc128kz,longctx-zipf,tiara_sym_l2,32,85748,GPU
20260905-210810-m5p-timeline,lc128kz,longctx-zipf,tiara_sym_l2,32,85922,GPU
20260905-210810-m5p-timeline,lc128kz,longctx-zipf,tiara_sym_l2,32,86096,GPU
20260905-210810-m5p-timeline,lc128kz,longctx-zipf,tiara_sym_l2,32,86270,GPU
20260905-210810-m5p-timeline,lc128kz,longctx-zipf,tiara_sym_l2,32,86444,GPU
20260905-210810-m5p-timeline,lc128kz,longctx-zipf,tiara_sym_l2,32,86618,GPU
20260905-210810-m5p-timeline,lc128kz,longctx-zipf,tiara_sym_l2,32,86792,GPU
20260905-210810-m5p-timeline,lc128kz,longctx-zipf,tiara_sym_l2,32,86966,GPU
20260905-210810-m5p-timeline,lc128kz,longctx-zipf,tiara_sym_l2,32,87140,GPU
20260905-210810-m5p-timeline,lc128kz,longctx-zipf,tiara_sym_l2,32,87314,GPU
20260905-210810-m5p-timeline,lc128kz,longctx-zipf,tiara_sym_l2,32,87488,GPU
20260905-210810-m5p-timeline,lc128kz,longctx-zipf,tiara_sym_l2,32,87662,GPU
20260905-210810-m5p-timeline,lc128kz,longctx-zipf,tiara_sym_l2,32,87836,GPU
20260905-210810-m5p-timeline,lc128kz,longctx-zipf,tiara_sym_l2,32,88010,GPU
20260905-210810-m5p-timeline,lc128kz,longctx-zipf,tiara_sym_l2,32,88184,GPU
20260905-210810-m5p-timeline,lc128kz,longctx-zipf,tiara_sym_l2,32,88358,GPU
20260905-210810-m5p-timeline,lc128kz,longctx-zipf,tiara_sym_l2,32,88532,GPU
20260905-210810-m5p-timeline,lc128kz,longctx-zipf,tiara_sym_l2,32,88706,GPU
20260905-210810-m5p-timeline,lc128kz,longctx-zipf,tiara_sym_l2,32,88880,GPU
20260905-210810-m5p-timeline,lc128kz,longctx-zipf,tiara_sym_l2,32,89054,GPU
20260905-210810-m5p-timeline,lc128kz,longctx-zipf,tiara_sym_l2,32,89228,GPU
20260905-210810-m5p-timeline,lc128kz,longctx-zipf,tiara_sym_l2,32,89402,CPU
20260905-210810-m5p-timeline,lc128kz,longctx-zipf,tiara_sym_l2,32,89576,CPU
20260905-210810-m5p-timeline,lc128kz,longctx-zipf,tiara_sym_l2,32,89750,CPU
20260905-210810-m5p-timeline,lc128kz,longctx-zipf,tiara_sym_l2,32,89924,CPU
20260905-210810-m5p-timeline,lc128kz,longctx-zipf,tiara_sym_l2,32,90098,CPU
20260905-210810-m5p-timeline,lc128kz,longctx-zipf,tiara_sym_l2,33,81920,GPU
20260905-210810-m5p-timeline,lc128kz,longctx-zipf,tiara_sym_l2,33,82094,GPU
20260905-210810-m5p-timeline,lc128kz,longctx-zipf,tiara_sym_l2,33,82268,GPU
20260905-210810-m5p-timeline,lc128kz,longctx-zipf,tiara_sym_l2,33,82442,GPU
20260905-210810-m5p-timeline,lc128kz,longctx-zipf,tiara_sym_l2,33,82616,GPU
20260905-210810-m5p-timeline,lc128kz,longctx-zipf,tiara_sym_l2,33,82790,GPU
20260905-210810-m5p-timeline,lc128kz,longctx-zipf,tiara_sym_l2,33,82964,GPU
20260905-210810-m5p-timeline,lc128kz,longctx-zipf,tiara_sym_l2,33,83138,GPU
20260905-210810-m5p-timeline,lc128kz,longctx-zipf,tiara_sym_l2,33,83312,GPU
20260905-210810-m5p-timeline,lc128kz,longctx-zipf,tiara_sym_l2,33,83486,GPU
20260905-210810-m5p-timeline,lc128kz,longctx-zipf,tiara_sym_l2,33,83660,GPU
20260905-210810-m5p-timeline,lc128kz,longctx-zipf,tiara_sym_l2,33,83834,GPU
20260905-210810-m5p-timeline,lc128kz,longctx-zipf,tiara_sym_l2,33,84008,GPU
20260905-210810-m5p-timeline,lc128kz,longctx-zipf,tiara_sym_l2,33,84182,GPU
20260905-210810-m5p-timeline,lc128kz,longctx-zipf,tiara_sym_l2,33,84356,GPU
20260905-210810-m5p-timeline,lc128kz,longctx-zipf,tiara_sym_l2,33,84530,GPU
20260905-210810-m5p-timeline,lc128kz,longctx-zipf,tiara_sym_l2,33,84704,GPU
20260905-210810-m5p-timeline,lc128kz,longctx-zipf,tiara_sym_l2,33,84878,GPU
20260905-210810-m5p-timeline,lc128kz,longctx-zipf,tiara_sym_l2,33,85052,GPU
20260905-210810-m5p-timeline,lc128kz,longctx-zipf,tiara_sym_l2,33,85226,GPU
20260905-210810-m5p-timeline,lc128kz,longctx-zipf,tiara_sym_l2,33,85400,GPU
20260905-210810-m5p-timeline,lc128kz,longctx-zipf,tiara_sym_l2,33,85574,GPU
20260905-210810-m5p-timeline,lc128kz,longctx-zipf,tiara_sym_l2,33,85748,GPU
20260905-210810-m5p-timeline,lc128kz,longctx-zipf,tiara_sym_l2,33,85922,GPU
20260905-210810-m5p-timeline,lc128kz,longctx-zipf,tiara_sym_l2,33,86096,GPU
20260905-210810-m5p-timeline,lc128kz,longctx-zipf,tiara_sym_l2,33,86270,GPU
20260905-210810-m5p-timeline,lc128kz,longctx-zipf,tiara_sym_l2,33,86444,GPU
20260905-210810-m5p-timeline,lc128kz,longctx-zipf,tiara_sym_l2,33,86618,GPU
20260905-210810-m5p-timeline,lc128kz,longctx-zipf,tiara_sym_l2,33,86792,GPU
20260905-210810-m5p-timeline,lc128kz,longctx-zipf,tiara_sym_l2,33,86966,GPU
20260905-210810-m5p-timeline,lc128kz,longctx-zipf,tiara_sym_l2,33,87140,GPU
20260905-210810-m5p-timeline,lc128kz,longctx-zipf,tiara_sym_l2,33,87314,GPU
20260905-210810-m5p-timeline,lc128kz,longctx-zipf,tiara_sym_l2,33,87488,GPU
20260905-210810-m5p-timeline,lc128kz,longctx-zipf,tiara_sym_l2,33,87662,GPU
20260905-210810-m5p-timeline,lc128kz,longctx-zipf,tiara_sym_l2,33,87836,GPU
20260905-210810-m5p-timeline,lc128kz,longctx-zipf,tiara_sym_l2,33,88010,GPU
20260905-210810-m5p-timeline,lc128kz,longctx-zipf,tiara_sym_l2,33,88184,GPU
20260905-210810-m5p-timeline,lc128kz,longctx-zipf,tiara_sym_l2,33,88358,GPU
20260905-210810-m5p-timeline,lc128kz,longctx-zipf,tiara_sym_l2,33,88532,GPU
20260905-210810-m5p-timeline,lc128kz,longctx-zipf,tiara_sym_l2,33,88706,GPU
20260905-210810-m5p-timeline,lc128kz,longctx-zipf,tiara_sym_l2,33,88880,GPU
20260905-210810-m5p-timeline,lc128kz,longctx-zipf,tiara_sym_l2,33,89054,GPU
20260905-210810-m5p-timeline,lc128kz,longctx-zipf,tiara_sym_l2,33,89228,GPU
20260905-210810-m5p-timeline,lc128kz,longctx-zipf,tiara_sym_l2,33,89402,CPU
20260905-210810-m5p-timeline,lc128kz,longctx-zipf,tiara_sym_l2,33,89576,CPU
20260905-210810-m5p-timeline,lc128kz,longctx-zipf,tiara_sym_l2,33,89750,CPU
20260905-210810-m5p-timeline,lc128kz,longctx-zipf,tiara_sym_l2,33,89924,CPU
20260905-210810-m5p-timeline,lc128kz,longctx-zipf,tiara_sym_l2,33,90098,CPU
20260905-210810-m5p-timeline,lc128kz,longctx-zipf,tiara_sym_l2,34,81920,GPU
20260905-210810-m5p-timeline,lc128kz,longctx-zipf,tiara_sym_l2,34,82094,GPU
20260905-210810-m5p-timeline,lc128kz,longctx-zipf,tiara_sym_l2,34,82268,GPU
20260905-210810-m5p-timeline,lc128kz,longctx-zipf,tiara_sym_l2,34,82442,GPU
20260905-210810-m5p-timeline,lc128kz,longctx-zipf,tiara_sym_l2,34,82616,GPU
20260905-210810-m5p-timeline,lc128kz,longctx-zipf,tiara_sym_l2,34,82790,GPU
20260905-210810-m5p-timeline,lc128kz,longctx-zipf,tiara_sym_l2,34,82964,GPU
20260905-210810-m5p-timeline,lc128kz,longctx-zipf,tiara_sym_l2,34,83138,GPU
20260905-210810-m5p-timeline,lc128kz,longctx-zipf,tiara_sym_l2,34,83312,GPU
20260905-210810-m5p-timeline,lc128kz,longctx-zipf,tiara_sym_l2,34,83486,GPU
20260905-210810-m5p-timeline,lc128kz,longctx-zipf,tiara_sym_l2,34,83660,GPU
20260905-210810-m5p-timeline,lc128kz,longctx-zipf,tiara_sym_l2,34,83834,GPU
20260905-210810-m5p-timeline,lc128kz,longctx-zipf,tiara_sym_l2,34,84008,GPU
20260905-210810-m5p-timeline,lc128kz,longctx-zipf,tiara_sym_l2,34,84182,GPU
20260905-210810-m5p-timeline,lc128kz,longctx-zipf,tiara_sym_l2,34,84356,GPU
20260905-210810-m5p-timeline,lc128kz,longctx-zipf,tiara_sym_l2,34,84530,GPU
20260905-210810-m5p-timeline,lc128kz,longctx-zipf,tiara_sym_l2,34,84704,GPU
20260905-210810-m5p-timeline,lc128kz,longctx-zipf,tiara_sym_l2,34,84878,GPU
20260905-210810-m5p-timeline,lc128kz,longctx-zipf,tiara_sym_l2,34,85052,GPU
20260905-210810-m5p-timeline,lc128kz,longctx-zipf,tiara_sym_l2,34,85226,GPU
20260905-210810-m5p-timeline,lc128kz,longctx-zipf,tiara_sym_l2,34,85400,GPU
20260905-210810-m5p-timeline,lc128kz,longctx-zipf,tiara_sym_l2,34,85574,GPU
20260905-210810-m5p-timeline,lc128kz,longctx-zipf,tiara_sym_l2,34,85748,GPU
20260905-210810-m5p-timeline,lc128kz,longctx-zipf,tiara_sym_l2,34,85922,GPU
20260905-210810-m5p-timeline,lc128kz,longctx-zipf,tiara_sym_l2,34,86096,GPU
20260905-210810-m5p-timeline,lc128kz,longctx-zipf,tiara_sym_l2,34,86270,GPU
20260905-210810-m5p-timeline,lc128kz,longctx-zipf,tiara_sym_l2,34,86444,GPU
20260905-210810-m5p-timeline,lc128kz,longctx-zipf,tiara_sym_l2,34,86618,GPU
20260905-210810-m5p-timeline,lc128kz,longctx-zipf,tiara_sym_l2,34,86792,GPU
20260905-210810-m5p-timeline,lc128kz,longctx-zipf,tiara_sym_l2,34,86966,GPU
20260905-210810-m5p-timeline,lc128kz,longctx-zipf,tiara_sym_l2,34,87140,GPU
20260905-210810-m5p-timeline,lc128kz,longctx-zipf,tiara_sym_l2,34,87314,GPU
20260905-210810-m5p-timeline,lc128kz,longctx-zipf,tiara_sym_l2,34,87488,GPU
20260905-210810-m5p-timeline,lc128kz,longctx-zipf,tiara_sym_l2,34,87662,GPU
20260905-210810-m5p-timeline,lc128kz,longctx-zipf,tiara_sym_l2,34,87836,GPU
20260905-210810-m5p-timeline,lc128kz,longctx-zipf,tiara_sym_l2,34,88010,GPU
20260905-210810-m5p-timeline,lc128kz,longctx-zipf,tiara_sym_l2,34,88184,GPU
20260905-210810-m5p-timeline,lc128kz,longctx-zipf,tiara_sym_l2,34,88358,GPU
20260905-210810-m5p-timeline,lc128kz,longctx-zipf,tiara_sym_l2,34,88532,GPU
20260905-210810-m5p-timeline,lc128kz,longctx-zipf,tiara_sym_l2,34,88706,GPU
20260905-210810-m5p-timeline,lc128kz,longctx-zipf,tiara_sym_l2,34,88880,GPU
20260905-210810-m5p-timeline,lc128kz,longctx-zipf,tiara_sym_l2,34,89054,GPU
20260905-210810-m5p-timeline,lc128kz,longctx-zipf,tiara_sym_l2,34,89228,GPU
20260905-210810-m5p-timeline,lc128kz,longctx-zipf,tiara_sym_l2,34,89402,CPU
20260905-210810-m5p-timeline,lc128kz,longctx-zipf,tiara_sym_l2,34,89576,CPU
20260905-210810-m5p-timeline,lc128kz,longctx-zipf,tiara_sym_l2,34,89750,CPU
20260905-210810-m5p-timeline,lc128kz,longctx-zipf,tiara_sym_l2,34,89924,CPU
20260905-210810-m5p-timeline,lc128kz,longctx-zipf,tiara_sym_l2,34,90098,CPU
20260905-210810-m5p-timeline,lc128kz,longctx-zipf,tiara_sym_l2,35,81920,GPU
20260905-210810-m5p-timeline,lc128kz,longctx-zipf,tiara_sym_l2,35,82094,GPU
20260905-210810-m5p-timeline,lc128kz,longctx-zipf,tiara_sym_l2,35,82268,GPU
20260905-210810-m5p-timeline,lc128kz,longctx-zipf,tiara_sym_l2,35,82442,GPU
20260905-210810-m5p-timeline,lc128kz,longctx-zipf,tiara_sym_l2,35,82616,GPU
20260905-210810-m5p-timeline,lc128kz,longctx-zipf,tiara_sym_l2,35,82790,GPU
20260905-210810-m5p-timeline,lc128kz,longctx-zipf,tiara_sym_l2,35,82964,GPU
20260905-210810-m5p-timeline,lc128kz,longctx-zipf,tiara_sym_l2,35,83138,GPU
20260905-210810-m5p-timeline,lc128kz,longctx-zipf,tiara_sym_l2,35,83312,GPU
20260905-210810-m5p-timeline,lc128kz,longctx-zipf,tiara_sym_l2,35,83486,GPU
20260905-210810-m5p-timeline,lc128kz,longctx-zipf,tiara_sym_l2,35,83660,GPU
20260905-210810-m5p-timeline,lc128kz,longctx-zipf,tiara_sym_l2,35,83834,GPU
20260905-210810-m5p-timeline,lc128kz,longctx-zipf,tiara_sym_l2,35,84008,GPU
20260905-210810-m5p-timeline,lc128kz,longctx-zipf,tiara_sym_l2,35,84182,GPU
20260905-210810-m5p-timeline,lc128kz,longctx-zipf,tiara_sym_l2,35,84356,GPU
20260905-210810-m5p-timeline,lc128kz,longctx-zipf,tiara_sym_l2,35,84530,GPU
20260905-210810-m5p-timeline,lc128kz,longctx-zipf,tiara_sym_l2,35,84704,GPU
20260905-210810-m5p-timeline,lc128kz,longctx-zipf,tiara_sym_l2,35,84878,GPU
20260905-210810-m5p-timeline,lc128kz,longctx-zipf,tiara_sym_l2,35,85052,GPU
20260905-210810-m5p-timeline,lc128kz,longctx-zipf,tiara_sym_l2,35,85226,GPU
20260905-210810-m5p-timeline,lc128kz,longctx-zipf,tiara_sym_l2,35,85400,GPU
20260905-210810-m5p-timeline,lc128kz,longctx-zipf,tiara_sym_l2,35,85574,GPU
20260905-210810-m5p-timeline,lc128kz,longctx-zipf,tiara_sym_l2,35,85748,GPU
20260905-210810-m5p-timeline,lc128kz,longctx-zipf,tiara_sym_l2,35,85922,GPU
20260905-210810-m5p-timeline,lc128kz,longctx-zipf,tiara_sym_l2,35,86096,GPU
20260905-210810-m5p-timeline,lc128kz,longctx-zipf,tiara_sym_l2,35,86270,GPU
20260905-210810-m5p-timeline,lc128kz,longctx-zipf,tiara_sym_l2,35,86444,GPU
20260905-210810-m5p-timeline,lc128kz,longctx-zipf,tiara_sym_l2,35,86618,GPU
20260905-210810-m5p-timeline,lc128kz,longctx-zipf,tiara_sym_l2,35,86792,GPU
20260905-210810-m5p-timeline,lc128kz,longctx-zipf,tiara_sym_l2,35,86966,GPU
20260905-210810-m5p-timeline,lc128kz,longctx-zipf,tiara_sym_l2,35,87140,GPU
20260905-210810-m5p-timeline,lc128kz,longctx-zipf,tiara_sym_l2,35,87314,GPU
20260905-210810-m5p-timeline,lc128kz,longctx-zipf,tiara_sym_l2,35,87488,GPU
20260905-210810-m5p-timeline,lc128kz,longctx-zipf,tiara_sym_l2,35,87662,GPU
20260905-210810-m5p-timeline,lc128kz,longctx-zipf,tiara_sym_l2,35,87836,GPU
20260905-210810-m5p-timeline,lc128kz,longctx-zipf,tiara_sym_l2,35,88010,GPU
20260905-210810-m5p-timeline,lc128kz,longctx-zipf,tiara_sym_l2,35,88184,GPU
20260905-210810-m5p-timeline,lc128kz,longctx-zipf,tiara_sym_l2,35,88358,GPU
20260905-210810-m5p-timeline,lc128kz,longctx-zipf,tiara_sym_l2,35,88532,GPU
20260905-210810-m5p-timeline,lc128kz,longctx-zipf,tiara_sym_l2,35,88706,GPU
20260905-210810-m5p-timeline,lc128kz,longctx-zipf,tiara_sym_l2,35,88880,GPU
20260905-210810-m5p-timeline,lc128kz,longctx-zipf,tiara_sym_l2,35,89054,GPU
20260905-210810-m5p-timeline,lc128kz,longctx-zipf,tiara_sym_l2,35,89228,GPU
20260905-210810-m5p-timeline,lc128kz,longctx-zipf,tiara_sym_l2,35,89402,CPU
20260905-210810-m5p-timeline,lc128kz,longctx-zipf,tiara_sym_l2,35,89576,CPU
20260905-210810-m5p-timeline,lc128kz,longctx-zipf,tiara_sym_l2,35,89750,CPU
20260905-210810-m5p-timeline,lc128kz,longctx-zipf,tiara_sym_l2,35,89924,CPU
20260905-210810-m5p-timeline,lc128kz,longctx-zipf,tiara_sym_l2,35,90098,CPU
20260905-210810-m5p-timeline,lc128kz,longctx-zipf,tiara_sym_l2,36,81920,GPU
20260905-210810-m5p-timeline,lc128kz,longctx-zipf,tiara_sym_l2,36,82094,GPU
20260905-210810-m5p-timeline,lc128kz,longctx-zipf,tiara_sym_l2,36,82268,GPU
20260905-210810-m5p-timeline,lc128kz,longctx-zipf,tiara_sym_l2,36,82442,GPU
20260905-210810-m5p-timeline,lc128kz,longctx-zipf,tiara_sym_l2,36,82616,GPU
20260905-210810-m5p-timeline,lc128kz,longctx-zipf,tiara_sym_l2,36,82790,GPU
20260905-210810-m5p-timeline,lc128kz,longctx-zipf,tiara_sym_l2,36,82964,GPU
20260905-210810-m5p-timeline,lc128kz,longctx-zipf,tiara_sym_l2,36,83138,GPU
20260905-210810-m5p-timeline,lc128kz,longctx-zipf,tiara_sym_l2,36,83312,GPU
20260905-210810-m5p-timeline,lc128kz,longctx-zipf,tiara_sym_l2,36,83486,GPU
20260905-210810-m5p-timeline,lc128kz,longctx-zipf,tiara_sym_l2,36,83660,GPU
20260905-210810-m5p-timeline,lc128kz,longctx-zipf,tiara_sym_l2,36,83834,GPU
20260905-210810-m5p-timeline,lc128kz,longctx-zipf,tiara_sym_l2,36,84008,GPU
20260905-210810-m5p-timeline,lc128kz,longctx-zipf,tiara_sym_l2,36,84182,GPU
20260905-210810-m5p-timeline,lc128kz,longctx-zipf,tiara_sym_l2,36,84356,GPU
20260905-210810-m5p-timeline,lc128kz,longctx-zipf,tiara_sym_l2,36,84530,GPU
20260905-210810-m5p-timeline,lc128kz,longctx-zipf,tiara_sym_l2,36,84704,GPU
20260905-210810-m5p-timeline,lc128kz,longctx-zipf,tiara_sym_l2,36,84878,GPU
20260905-210810-m5p-timeline,lc128kz,longctx-zipf,tiara_sym_l2,36,85052,GPU
20260905-210810-m5p-timeline,lc128kz,longctx-zipf,tiara_sym_l2,36,85226,GPU
20260905-210810-m5p-timeline,lc128kz,longctx-zipf,tiara_sym_l2,36,85400,GPU
20260905-210810-m5p-timeline,lc128kz,longctx-zipf,tiara_sym_l2,36,85574,GPU
20260905-210810-m5p-timeline,lc128kz,longctx-zipf,tiara_sym_l2,36,85748,GPU
20260905-210810-m5p-timeline,lc128kz,longctx-zipf,tiara_sym_l2,36,85922,GPU
20260905-210810-m5p-timeline,lc128kz,longctx-zipf,tiara_sym_l2,36,86096,GPU
20260905-210810-m5p-timeline,lc128kz,longctx-zipf,tiara_sym_l2,36,86270,GPU
20260905-210810-m5p-timeline,lc128kz,longctx-zipf,tiara_sym_l2,36,86444,GPU
20260905-210810-m5p-timeline,lc128kz,longctx-zipf,tiara_sym_l2,36,86618,GPU
20260905-210810-m5p-timeline,lc128kz,longctx-zipf,tiara_sym_l2,36,86792,GPU
20260905-210810-m5p-timeline,lc128kz,longctx-zipf,tiara_sym_l2,36,86966,GPU
20260905-210810-m5p-timeline,lc128kz,longctx-zipf,tiara_sym_l2,36,87140,GPU
20260905-210810-m5p-timeline,lc128kz,longctx-zipf,tiara_sym_l2,36,87314,GPU
20260905-210810-m5p-timeline,lc128kz,longctx-zipf,tiara_sym_l2,36,87488,GPU
20260905-210810-m5p-timeline,lc128kz,longctx-zipf,tiara_sym_l2,36,87662,GPU
20260905-210810-m5p-timeline,lc128kz,longctx-zipf,tiara_sym_l2,36,87836,GPU
20260905-210810-m5p-timeline,lc128kz,longctx-zipf,tiara_sym_l2,36,88010,GPU
20260905-210810-m5p-timeline,lc128kz,longctx-zipf,tiara_sym_l2,36,88184,GPU
20260905-210810-m5p-timeline,lc128kz,longctx-zipf,tiara_sym_l2,36,88358,GPU
20260905-210810-m5p-timeline,lc128kz,longctx-zipf,tiara_sym_l2,36,88532,GPU
20260905-210810-m5p-timeline,lc128kz,longctx-zipf,tiara_sym_l2,36,88706,GPU
20260905-210810-m5p-timeline,lc128kz,longctx-zipf,tiara_sym_l2,36,88880,GPU
20260905-210810-m5p-timeline,lc128kz,longctx-zipf,tiara_sym_l2,36,89054,GPU
20260905-210810-m5p-timeline,lc128kz,longctx-zipf,tiara_sym_l2,36,89228,GPU
20260905-210810-m5p-timeline,lc128kz,longctx-zipf,tiara_sym_l2,36,89402,CPU
20260905-210810-m5p-timeline,lc128kz,longctx-zipf,tiara_sym_l2,36,89576,CPU
20260905-210810-m5p-timeline,lc128kz,longctx-zipf,tiara_sym_l2,36,89750,CPU
20260905-210810-m5p-timeline,lc128kz,longctx-zipf,tiara_sym_l2,36,89924,CPU
20260905-210810-m5p-timeline,lc128kz,longctx-zipf,tiara_sym_l2,36,90098,CPU
20260905-210810-m5p-timeline,lc128kz,longctx-zipf,tiara_sym_l2,37,81920,GPU
20260905-210810-m5p-timeline,lc128kz,longctx-zipf,tiara_sym_l2,37,82094,GPU
20260905-210810-m5p-timeline,lc128kz,longctx-zipf,tiara_sym_l2,37,82268,GPU
20260905-210810-m5p-timeline,lc128kz,longctx-zipf,tiara_sym_l2,37,82442,GPU
20260905-210810-m5p-timeline,lc128kz,longctx-zipf,tiara_sym_l2,37,82616,GPU
20260905-210810-m5p-timeline,lc128kz,longctx-zipf,tiara_sym_l2,37,82790,GPU
20260905-210810-m5p-timeline,lc128kz,longctx-zipf,tiara_sym_l2,37,82964,GPU
20260905-210810-m5p-timeline,lc128kz,longctx-zipf,tiara_sym_l2,37,83138,GPU
20260905-210810-m5p-timeline,lc128kz,longctx-zipf,tiara_sym_l2,37,83312,GPU
20260905-210810-m5p-timeline,lc128kz,longctx-zipf,tiara_sym_l2,37,83486,GPU
20260905-210810-m5p-timeline,lc128kz,longctx-zipf,tiara_sym_l2,37,83660,GPU
20260905-210810-m5p-timeline,lc128kz,longctx-zipf,tiara_sym_l2,37,83834,GPU
20260905-210810-m5p-timeline,lc128kz,longctx-zipf,tiara_sym_l2,37,84008,GPU
20260905-210810-m5p-timeline,lc128kz,longctx-zipf,tiara_sym_l2,37,84182,GPU
20260905-210810-m5p-timeline,lc128kz,longctx-zipf,tiara_sym_l2,37,84356,GPU
20260905-210810-m5p-timeline,lc128kz,longctx-zipf,tiara_sym_l2,37,84530,GPU
20260905-210810-m5p-timeline,lc128kz,longctx-zipf,tiara_sym_l2,37,84704,GPU
20260905-210810-m5p-timeline,lc128kz,longctx-zipf,tiara_sym_l2,37,84878,GPU
20260905-210810-m5p-timeline,lc128kz,longctx-zipf,tiara_sym_l2,37,85052,GPU
20260905-210810-m5p-timeline,lc128kz,longctx-zipf,tiara_sym_l2,37,85226,GPU
20260905-210810-m5p-timeline,lc128kz,longctx-zipf,tiara_sym_l2,37,85400,GPU
20260905-210810-m5p-timeline,lc128kz,longctx-zipf,tiara_sym_l2,37,85574,GPU
20260905-210810-m5p-timeline,lc128kz,longctx-zipf,tiara_sym_l2,37,85748,GPU
20260905-210810-m5p-timeline,lc128kz,longctx-zipf,tiara_sym_l2,37,85922,GPU
20260905-210810-m5p-timeline,lc128kz,longctx-zipf,tiara_sym_l2,37,86096,GPU
20260905-210810-m5p-timeline,lc128kz,longctx-zipf,tiara_sym_l2,37,86270,GPU
20260905-210810-m5p-timeline,lc128kz,longctx-zipf,tiara_sym_l2,37,86444,GPU
20260905-210810-m5p-timeline,lc128kz,longctx-zipf,tiara_sym_l2,37,86618,GPU
20260905-210810-m5p-timeline,lc128kz,longctx-zipf,tiara_sym_l2,37,86792,GPU
20260905-210810-m5p-timeline,lc128kz,longctx-zipf,tiara_sym_l2,37,86966,GPU
20260905-210810-m5p-timeline,lc128kz,longctx-zipf,tiara_sym_l2,37,87140,GPU
20260905-210810-m5p-timeline,lc128kz,longctx-zipf,tiara_sym_l2,37,87314,GPU
20260905-210810-m5p-timeline,lc128kz,longctx-zipf,tiara_sym_l2,37,87488,GPU
20260905-210810-m5p-timeline,lc128kz,longctx-zipf,tiara_sym_l2,37,87662,GPU
20260905-210810-m5p-timeline,lc128kz,longctx-zipf,tiara_sym_l2,37,87836,GPU
20260905-210810-m5p-timeline,lc128kz,longctx-zipf,tiara_sym_l2,37,88010,GPU
20260905-210810-m5p-timeline,lc128kz,longctx-zipf,tiara_sym_l2,37,88184,GPU
20260905-210810-m5p-timeline,lc128kz,longctx-zipf,tiara_sym_l2,37,88358,GPU
20260905-210810-m5p-timeline,lc128kz,longctx-zipf,tiara_sym_l2,37,88532,GPU
20260905-210810-m5p-timeline,lc128kz,longctx-zipf,tiara_sym_l2,37,88706,GPU
20260905-210810-m5p-timeline,lc128kz,longctx-zipf,tiara_sym_l2,37,88880,GPU
20260905-210810-m5p-timeline,lc128kz,longctx-zipf,tiara_sym_l2,37,89054,GPU
20260905-210810-m5p-timeline,lc128kz,longctx-zipf,tiara_sym_l2,37,89228,GPU
20260905-210810-m5p-timeline,lc128kz,longctx-zipf,tiara_sym_l2,37,89402,CPU
20260905-210810-m5p-timeline,lc128kz,longctx-zipf,tiara_sym_l2,37,89576,CPU
20260905-210810-m5p-timeline,lc128kz,longctx-zipf,tiara_sym_l2,37,89750,CPU
20260905-210810-m5p-timeline,lc128kz,longctx-zipf,tiara_sym_l2,37,89924,CPU
20260905-210810-m5p-timeline,lc128kz,longctx-zipf,tiara_sym_l2,37,90098,CPU
20260905-210810-m5p-timeline,lc128kz,longctx-zipf,tiara_sym_l2,38,81920,GPU
20260905-210810-m5p-timeline,lc128kz,longctx-zipf,tiara_sym_l2,38,82094,GPU
20260905-210810-m5p-timeline,lc128kz,longctx-zipf,tiara_sym_l2,38,82268,GPU
20260905-210810-m5p-timeline,lc128kz,longctx-zipf,tiara_sym_l2,38,82442,GPU
20260905-210810-m5p-timeline,lc128kz,longctx-zipf,tiara_sym_l2,38,82616,GPU
20260905-210810-m5p-timeline,lc128kz,longctx-zipf,tiara_sym_l2,38,82790,GPU
20260905-210810-m5p-timeline,lc128kz,longctx-zipf,tiara_sym_l2,38,82964,GPU
20260905-210810-m5p-timeline,lc128kz,longctx-zipf,tiara_sym_l2,38,83138,GPU
20260905-210810-m5p-timeline,lc128kz,longctx-zipf,tiara_sym_l2,38,83312,GPU
20260905-210810-m5p-timeline,lc128kz,longctx-zipf,tiara_sym_l2,38,83486,GPU
20260905-210810-m5p-timeline,lc128kz,longctx-zipf,tiara_sym_l2,38,83660,GPU
20260905-210810-m5p-timeline,lc128kz,longctx-zipf,tiara_sym_l2,38,83834,GPU
20260905-210810-m5p-timeline,lc128kz,longctx-zipf,tiara_sym_l2,38,84008,GPU
20260905-210810-m5p-timeline,lc128kz,longctx-zipf,tiara_sym_l2,38,84182,GPU
20260905-210810-m5p-timeline,lc128kz,longctx-zipf,tiara_sym_l2,38,84356,GPU
20260905-210810-m5p-timeline,lc128kz,longctx-zipf,tiara_sym_l2,38,84530,GPU
20260905-210810-m5p-timeline,lc128kz,longctx-zipf,tiara_sym_l2,38,84704,GPU
20260905-210810-m5p-timeline,lc128kz,longctx-zipf,tiara_sym_l2,38,84878,GPU
20260905-210810-m5p-timeline,lc128kz,longctx-zipf,tiara_sym_l2,38,85052,GPU
20260905-210810-m5p-timeline,lc128kz,longctx-zipf,tiara_sym_l2,38,85226,GPU
20260905-210810-m5p-timeline,lc128kz,longctx-zipf,tiara_sym_l2,38,85400,GPU
20260905-210810-m5p-timeline,lc128kz,longctx-zipf,tiara_sym_l2,38,85574,GPU
20260905-210810-m5p-timeline,lc128kz,longctx-zipf,tiara_sym_l2,38,85748,GPU
20260905-210810-m5p-timeline,lc128kz,longctx-zipf,tiara_sym_l2,38,85922,GPU
20260905-210810-m5p-timeline,lc128kz,longctx-zipf,tiara_sym_l2,38,86096,GPU
20260905-210810-m5p-timeline,lc128kz,longctx-zipf,tiara_sym_l2,38,86270,GPU
20260905-210810-m5p-timeline,lc128kz,longctx-zipf,tiara_sym_l2,38,86444,GPU
20260905-210810-m5p-timeline,lc128kz,longctx-zipf,tiara_sym_l2,38,86618,GPU
20260905-210810-m5p-timeline,lc128kz,longctx-zipf,tiara_sym_l2,38,86792,GPU
20260905-210810-m5p-timeline,lc128kz,longctx-zipf,tiara_sym_l2,38,86966,GPU
20260905-210810-m5p-timeline,lc128kz,longctx-zipf,tiara_sym_l2,38,87140,GPU
20260905-210810-m5p-timeline,lc128kz,longctx-zipf,tiara_sym_l2,38,87314,GPU
20260905-210810-m5p-timeline,lc128kz,longctx-zipf,tiara_sym_l2,38,87488,GPU
20260905-210810-m5p-timeline,lc128kz,longctx-zipf,tiara_sym_l2,38,87662,GPU
20260905-210810-m5p-timeline,lc128kz,longctx-zipf,tiara_sym_l2,38,87836,GPU
20260905-210810-m5p-timeline,lc128kz,longctx-zipf,tiara_sym_l2,38,88010,GPU
20260905-210810-m5p-timeline,lc128kz,longctx-zipf,tiara_sym_l2,38,88184,GPU
20260905-210810-m5p-timeline,lc128kz,longctx-zipf,tiara_sym_l2,38,88358,GPU
20260905-210810-m5p-timeline,lc128kz,longctx-zipf,tiara_sym_l2,38,88532,GPU
20260905-210810-m5p-timeline,lc128kz,longctx-zipf,tiara_sym_l2,38,88706,GPU
20260905-210810-m5p-timeline,lc128kz,longctx-zipf,tiara_sym_l2,38,88880,GPU
20260905-210810-m5p-timeline,lc128kz,longctx-zipf,tiara_sym_l2,38,89054,GPU
20260905-210810-m5p-timeline,lc128kz,longctx-zipf,tiara_sym_l2,38,89228,GPU
20260905-210810-m5p-timeline,lc128kz,longctx-zipf,tiara_sym_l2,38,89402,CPU
20260905-210810-m5p-timeline,lc128kz,longctx-zipf,tiara_sym_l2,38,89576,CPU
20260905-210810-m5p-timeline,lc128kz,longctx-zipf,tiara_sym_l2,38,89750,CPU
20260905-210810-m5p-timeline,lc128kz,longctx-zipf,tiara_sym_l2,38,89924,CPU
20260905-210810-m5p-timeline,lc128kz,longctx-zipf,tiara_sym_l2,38,90098,CPU
20260905-210810-m5p-timeline,lc128kz,longctx-zipf,tiara_sym_l2,39,81920,GPU
20260905-210810-m5p-timeline,lc128kz,longctx-zipf,tiara_sym_l2,39,82094,GPU
20260905-210810-m5p-timeline,lc128kz,longctx-zipf,tiara_sym_l2,39,82268,GPU
20260905-210810-m5p-timeline,lc128kz,longctx-zipf,tiara_sym_l2,39,82442,GPU
20260905-210810-m5p-timeline,lc128kz,longctx-zipf,tiara_sym_l2,39,82616,GPU
20260905-210810-m5p-timeline,lc128kz,longctx-zipf,tiara_sym_l2,39,82790,GPU
20260905-210810-m5p-timeline,lc128kz,longctx-zipf,tiara_sym_l2,39,82964,GPU
20260905-210810-m5p-timeline,lc128kz,longctx-zipf,tiara_sym_l2,39,83138,GPU
20260905-210810-m5p-timeline,lc128kz,longctx-zipf,tiara_sym_l2,39,83312,GPU
20260905-210810-m5p-timeline,lc128kz,longctx-zipf,tiara_sym_l2,39,83486,GPU
20260905-210810-m5p-timeline,lc128kz,longctx-zipf,tiara_sym_l2,39,83660,GPU
20260905-210810-m5p-timeline,lc128kz,longctx-zipf,tiara_sym_l2,39,83834,GPU
20260905-210810-m5p-timeline,lc128kz,longctx-zipf,tiara_sym_l2,39,84008,GPU
20260905-210810-m5p-timeline,lc128kz,longctx-zipf,tiara_sym_l2,39,84182,GPU
20260905-210810-m5p-timeline,lc128kz,longctx-zipf,tiara_sym_l2,39,84356,GPU
20260905-210810-m5p-timeline,lc128kz,longctx-zipf,tiara_sym_l2,39,84530,GPU
20260905-210810-m5p-timeline,lc128kz,longctx-zipf,tiara_sym_l2,39,84704,GPU
20260905-210810-m5p-timeline,lc128kz,longctx-zipf,tiara_sym_l2,39,84878,GPU
20260905-210810-m5p-timeline,lc128kz,longctx-zipf,tiara_sym_l2,39,85052,GPU
20260905-210810-m5p-timeline,lc128kz,longctx-zipf,tiara_sym_l2,39,85226,GPU
20260905-210810-m5p-timeline,lc128kz,longctx-zipf,tiara_sym_l2,39,85400,GPU
20260905-210810-m5p-timeline,lc128kz,longctx-zipf,tiara_sym_l2,39,85574,GPU
20260905-210810-m5p-timeline,lc128kz,longctx-zipf,tiara_sym_l2,39,85748,GPU
20260905-210810-m5p-timeline,lc128kz,longctx-zipf,tiara_sym_l2,39,85922,GPU
20260905-210810-m5p-timeline,lc128kz,longctx-zipf,tiara_sym_l2,39,86096,GPU
20260905-210810-m5p-timeline,lc128kz,longctx-zipf,tiara_sym_l2,39,86270,GPU
20260905-210810-m5p-timeline,lc128kz,longctx-zipf,tiara_sym_l2,39,86444,GPU
20260905-210810-m5p-timeline,lc128kz,longctx-zipf,tiara_sym_l2,39,86618,GPU
20260905-210810-m5p-timeline,lc128kz,longctx-zipf,tiara_sym_l2,39,86792,GPU
20260905-210810-m5p-timeline,lc128kz,longctx-zipf,tiara_sym_l2,39,86966,GPU
20260905-210810-m5p-timeline,lc128kz,longctx-zipf,tiara_sym_l2,39,87140,GPU
20260905-210810-m5p-timeline,lc128kz,longctx-zipf,tiara_sym_l2,39,87314,GPU
20260905-210810-m5p-timeline,lc128kz,longctx-zipf,tiara_sym_l2,39,87488,GPU
20260905-210810-m5p-timeline,lc128kz,longctx-zipf,tiara_sym_l2,39,87662,GPU
20260905-210810-m5p-timeline,lc128kz,longctx-zipf,tiara_sym_l2,39,87836,GPU
20260905-210810-m5p-timeline,lc128kz,longctx-zipf,tiara_sym_l2,39,88010,GPU
20260905-210810-m5p-timeline,lc128kz,longctx-zipf,tiara_sym_l2,39,88184,GPU
20260905-210810-m5p-timeline,lc128kz,longctx-zipf,tiara_sym_l2,39,88358,GPU
20260905-210810-m5p-timeline,lc128kz,longctx-zipf,tiara_sym_l2,39,88532,GPU
20260905-210810-m5p-timeline,lc128kz,longctx-zipf,tiara_sym_l2,39,88706,GPU
20260905-210810-m5p-timeline,lc128kz,longctx-zipf,tiara_sym_l2,39,88880,GPU
20260905-210810-m5p-timeline,lc128kz,longctx-zipf,tiara_sym_l2,39,89054,GPU
20260905-210810-m5p-timeline,lc128kz,longctx-zipf,tiara_sym_l2,39,89228,GPU
20260905-210810-m5p-timeline,lc128kz,longctx-zipf,tiara_sym_l2,39,89402,CPU
20260905-210810-m5p-timeline,lc128kz,longctx-zipf,tiara_sym_l2,39,89576,CPU
20260905-210810-m5p-timeline,lc128kz,longctx-zipf,tiara_sym_l2,39,89750,CPU
20260905-210810-m5p-timeline,lc128kz,longctx-zipf,tiara_sym_l2,39,89924,CPU
20260905-210810-m5p-timeline,lc128kz,longctx-zipf,tiara_sym_l2,39,90098,CPU
20260905-210810-m5p-timeline,lc128kz,longctx-zipf,tiara_sym_l2,40,81920,GPU
20260905-210810-m5p-timeline,lc128kz,longctx-zipf,tiara_sym_l2,40,82094,GPU
20260905-210810-m5p-timeline,lc128kz,longctx-zipf,tiara_sym_l2,40,82268,GPU
20260905-210810-m5p-timeline,lc128kz,longctx-zipf,tiara_sym_l2,40,82442,GPU
20260905-210810-m5p-timeline,lc128kz,longctx-zipf,tiara_sym_l2,40,82616,GPU
20260905-210810-m5p-timeline,lc128kz,longctx-zipf,tiara_sym_l2,40,82790,GPU
20260905-210810-m5p-timeline,lc128kz,longctx-zipf,tiara_sym_l2,40,82964,GPU
20260905-210810-m5p-timeline,lc128kz,longctx-zipf,tiara_sym_l2,40,83138,GPU
20260905-210810-m5p-timeline,lc128kz,longctx-zipf,tiara_sym_l2,40,83312,GPU
20260905-210810-m5p-timeline,lc128kz,longctx-zipf,tiara_sym_l2,40,83486,GPU
20260905-210810-m5p-timeline,lc128kz,longctx-zipf,tiara_sym_l2,40,83660,GPU
20260905-210810-m5p-timeline,lc128kz,longctx-zipf,tiara_sym_l2,40,83834,GPU
20260905-210810-m5p-timeline,lc128kz,longctx-zipf,tiara_sym_l2,40,84008,GPU
20260905-210810-m5p-timeline,lc128kz,longctx-zipf,tiara_sym_l2,40,84182,GPU
20260905-210810-m5p-timeline,lc128kz,longctx-zipf,tiara_sym_l2,40,84356,GPU
20260905-210810-m5p-timeline,lc128kz,longctx-zipf,tiara_sym_l2,40,84530,GPU
20260905-210810-m5p-timeline,lc128kz,longctx-zipf,tiara_sym_l2,40,84704,GPU
20260905-210810-m5p-timeline,lc128kz,longctx-zipf,tiara_sym_l2,40,84878,GPU
20260905-210810-m5p-timeline,lc128kz,longctx-zipf,tiara_sym_l2,40,85052,GPU
20260905-210810-m5p-timeline,lc128kz,longctx-zipf,tiara_sym_l2,40,85226,GPU
20260905-210810-m5p-timeline,lc128kz,longctx-zipf,tiara_sym_l2,40,85400,GPU
20260905-210810-m5p-timeline,lc128kz,longctx-zipf,tiara_sym_l2,40,85574,GPU
20260905-210810-m5p-timeline,lc128kz,longctx-zipf,tiara_sym_l2,40,85748,GPU
20260905-210810-m5p-timeline,lc128kz,longctx-zipf,tiara_sym_l2,40,85922,GPU
20260905-210810-m5p-timeline,lc128kz,longctx-zipf,tiara_sym_l2,40,86096,GPU
20260905-210810-m5p-timeline,lc128kz,longctx-zipf,tiara_sym_l2,40,86270,GPU
20260905-210810-m5p-timeline,lc128kz,longctx-zipf,tiara_sym_l2,40,86444,GPU
20260905-210810-m5p-timeline,lc128kz,longctx-zipf,tiara_sym_l2,40,86618,GPU
20260905-210810-m5p-timeline,lc128kz,longctx-zipf,tiara_sym_l2,40,86792,GPU
20260905-210810-m5p-timeline,lc128kz,longctx-zipf,tiara_sym_l2,40,86966,GPU
20260905-210810-m5p-timeline,lc128kz,longctx-zipf,tiara_sym_l2,40,87140,GPU
20260905-210810-m5p-timeline,lc128kz,longctx-zipf,tiara_sym_l2,40,87314,GPU
20260905-210810-m5p-timeline,lc128kz,longctx-zipf,tiara_sym_l2,40,87488,GPU
20260905-210810-m5p-timeline,lc128kz,longctx-zipf,tiara_sym_l2,40,87662,GPU
20260905-210810-m5p-timeline,lc128kz,longctx-zipf,tiara_sym_l2,40,87836,GPU
20260905-210810-m5p-timeline,lc128kz,longctx-zipf,tiara_sym_l2,40,88010,GPU
20260905-210810-m5p-timeline,lc128kz,longctx-zipf,tiara_sym_l2,40,88184,GPU
20260905-210810-m5p-timeline,lc128kz,longctx-zipf,tiara_sym_l2,40,88358,GPU
20260905-210810-m5p-timeline,lc128kz,longctx-zipf,tiara_sym_l2,40,88532,GPU
20260905-210810-m5p-timeline,lc128kz,longctx-zipf,tiara_sym_l2,40,88706,GPU
20260905-210810-m5p-timeline,lc128kz,longctx-zipf,tiara_sym_l2,40,88880,GPU
20260905-210810-m5p-timeline,lc128kz,longctx-zipf,tiara_sym_l2,40,89054,GPU
20260905-210810-m5p-timeline,lc128kz,longctx-zipf,tiara_sym_l2,40,89228,GPU
20260905-210810-m5p-timeline,lc128kz,longctx-zipf,tiara_sym_l2,40,89402,CPU
20260905-210810-m5p-timeline,lc128kz,longctx-zipf,tiara_sym_l2,40,89576,CPU
20260905-210810-m5p-timeline,lc128kz,longctx-zipf,tiara_sym_l2,40,89750,CPU
20260905-210810-m5p-timeline,lc128kz,longctx-zipf,tiara_sym_l2,40,89924,CPU
20260905-210810-m5p-timeline,lc128kz,longctx-zipf,tiara_sym_l2,40,90098,CPU
20260905-210810-m5p-timeline,lc128kz,longctx-zipf,tiara_sym_l2,41,81920,GPU
20260905-210810-m5p-timeline,lc128kz,longctx-zipf,tiara_sym_l2,41,82094,GPU
20260905-210810-m5p-timeline,lc128kz,longctx-zipf,tiara_sym_l2,41,82268,GPU
20260905-210810-m5p-timeline,lc128kz,longctx-zipf,tiara_sym_l2,41,82442,GPU
20260905-210810-m5p-timeline,lc128kz,longctx-zipf,tiara_sym_l2,41,82616,GPU
20260905-210810-m5p-timeline,lc128kz,longctx-zipf,tiara_sym_l2,41,82790,GPU
20260905-210810-m5p-timeline,lc128kz,longctx-zipf,tiara_sym_l2,41,82964,GPU
20260905-210810-m5p-timeline,lc128kz,longctx-zipf,tiara_sym_l2,41,83138,GPU
20260905-210810-m5p-timeline,lc128kz,longctx-zipf,tiara_sym_l2,41,83312,GPU
20260905-210810-m5p-timeline,lc128kz,longctx-zipf,tiara_sym_l2,41,83486,GPU
20260905-210810-m5p-timeline,lc128kz,longctx-zipf,tiara_sym_l2,41,83660,GPU
20260905-210810-m5p-timeline,lc128kz,longctx-zipf,tiara_sym_l2,41,83834,GPU
20260905-210810-m5p-timeline,lc128kz,longctx-zipf,tiara_sym_l2,41,84008,GPU
20260905-210810-m5p-timeline,lc128kz,longctx-zipf,tiara_sym_l2,41,84182,GPU
20260905-210810-m5p-timeline,lc128kz,longctx-zipf,tiara_sym_l2,41,84356,GPU
20260905-210810-m5p-timeline,lc128kz,longctx-zipf,tiara_sym_l2,41,84530,GPU
20260905-210810-m5p-timeline,lc128kz,longctx-zipf,tiara_sym_l2,41,84704,GPU
20260905-210810-m5p-timeline,lc128kz,longctx-zipf,tiara_sym_l2,41,84878,GPU
20260905-210810-m5p-timeline,lc128kz,longctx-zipf,tiara_sym_l2,41,85052,GPU
20260905-210810-m5p-timeline,lc128kz,longctx-zipf,tiara_sym_l2,41,85226,GPU
20260905-210810-m5p-timeline,lc128kz,longctx-zipf,tiara_sym_l2,41,85400,GPU
20260905-210810-m5p-timeline,lc128kz,longctx-zipf,tiara_sym_l2,41,85574,GPU
20260905-210810-m5p-timeline,lc128kz,longctx-zipf,tiara_sym_l2,41,85748,GPU
20260905-210810-m5p-timeline,lc128kz,longctx-zipf,tiara_sym_l2,41,85922,GPU
20260905-210810-m5p-timeline,lc128kz,longctx-zipf,tiara_sym_l2,41,86096,GPU
20260905-210810-m5p-timeline,lc128kz,longctx-zipf,tiara_sym_l2,41,86270,GPU
20260905-210810-m5p-timeline,lc128kz,longctx-zipf,tiara_sym_l2,41,86444,GPU
20260905-210810-m5p-timeline,lc128kz,longctx-zipf,tiara_sym_l2,41,86618,GPU
20260905-210810-m5p-timeline,lc128kz,longctx-zipf,tiara_sym_l2,41,86792,GPU
20260905-210810-m5p-timeline,lc128kz,longctx-zipf,tiara_sym_l2,41,86966,GPU
20260905-210810-m5p-timeline,lc128kz,longctx-zipf,tiara_sym_l2,41,87140,GPU
20260905-210810-m5p-timeline,lc128kz,longctx-zipf,tiara_sym_l2,41,87314,GPU
20260905-210810-m5p-timeline,lc128kz,longctx-zipf,tiara_sym_l2,41,87488,GPU
20260905-210810-m5p-timeline,lc128kz,longctx-zipf,tiara_sym_l2,41,87662,GPU
20260905-210810-m5p-timeline,lc128kz,longctx-zipf,tiara_sym_l2,41,87836,GPU
20260905-210810-m5p-timeline,lc128kz,longctx-zipf,tiara_sym_l2,41,88010,GPU
20260905-210810-m5p-timeline,lc128kz,longctx-zipf,tiara_sym_l2,41,88184,GPU
20260905-210810-m5p-timeline,lc128kz,longctx-zipf,tiara_sym_l2,41,88358,GPU
20260905-210810-m5p-timeline,lc128kz,longctx-zipf,tiara_sym_l2,41,88532,GPU
20260905-210810-m5p-timeline,lc128kz,longctx-zipf,tiara_sym_l2,41,88706,GPU
20260905-210810-m5p-timeline,lc128kz,longctx-zipf,tiara_sym_l2,41,88880,GPU
20260905-210810-m5p-timeline,lc128kz,longctx-zipf,tiara_sym_l2,41,89054,GPU
20260905-210810-m5p-timeline,lc128kz,longctx-zipf,tiara_sym_l2,41,89228,GPU
20260905-210810-m5p-timeline,lc128kz,longctx-zipf,tiara_sym_l2,41,89402,CPU
20260905-210810-m5p-timeline,lc128kz,longctx-zipf,tiara_sym_l2,41,89576,CPU
20260905-210810-m5p-timeline,lc128kz,longctx-zipf,tiara_sym_l2,41,89750,CPU
20260905-210810-m5p-timeline,lc128kz,longctx-zipf,tiara_sym_l2,41,89924,CPU
20260905-210810-m5p-timeline,lc128kz,longctx-zipf,tiara_sym_l2,41,90098,CPU
20260905-210810-m5p-timeline,lc128kz,longctx-zipf,tiara_sym_l2,42,81920,GPU
20260905-210810-m5p-timeline,lc128kz,longctx-zipf,tiara_sym_l2,42,82094,GPU
20260905-210810-m5p-timeline,lc128kz,longctx-zipf,tiara_sym_l2,42,82268,GPU
20260905-210810-m5p-timeline,lc128kz,longctx-zipf,tiara_sym_l2,42,82442,GPU
20260905-210810-m5p-timeline,lc128kz,longctx-zipf,tiara_sym_l2,42,82616,GPU
20260905-210810-m5p-timeline,lc128kz,longctx-zipf,tiara_sym_l2,42,82790,GPU
20260905-210810-m5p-timeline,lc128kz,longctx-zipf,tiara_sym_l2,42,82964,GPU
20260905-210810-m5p-timeline,lc128kz,longctx-zipf,tiara_sym_l2,42,83138,GPU
20260905-210810-m5p-timeline,lc128kz,longctx-zipf,tiara_sym_l2,42,83312,GPU
20260905-210810-m5p-timeline,lc128kz,longctx-zipf,tiara_sym_l2,42,83486,GPU
20260905-210810-m5p-timeline,lc128kz,longctx-zipf,tiara_sym_l2,42,83660,GPU
20260905-210810-m5p-timeline,lc128kz,longctx-zipf,tiara_sym_l2,42,83834,GPU
20260905-210810-m5p-timeline,lc128kz,longctx-zipf,tiara_sym_l2,42,84008,GPU
20260905-210810-m5p-timeline,lc128kz,longctx-zipf,tiara_sym_l2,42,84182,GPU
20260905-210810-m5p-timeline,lc128kz,longctx-zipf,tiara_sym_l2,42,84356,GPU
20260905-210810-m5p-timeline,lc128kz,longctx-zipf,tiara_sym_l2,42,84530,GPU
20260905-210810-m5p-timeline,lc128kz,longctx-zipf,tiara_sym_l2,42,84704,GPU
20260905-210810-m5p-timeline,lc128kz,longctx-zipf,tiara_sym_l2,42,84878,GPU
20260905-210810-m5p-timeline,lc128kz,longctx-zipf,tiara_sym_l2,42,85052,GPU
20260905-210810-m5p-timeline,lc128kz,longctx-zipf,tiara_sym_l2,42,85226,GPU
20260905-210810-m5p-timeline,lc128kz,longctx-zipf,tiara_sym_l2,42,85400,GPU
20260905-210810-m5p-timeline,lc128kz,longctx-zipf,tiara_sym_l2,42,85574,GPU
20260905-210810-m5p-timeline,lc128kz,longctx-zipf,tiara_sym_l2,42,85748,GPU
20260905-210810-m5p-timeline,lc128kz,longctx-zipf,tiara_sym_l2,42,85922,GPU
20260905-210810-m5p-timeline,lc128kz,longctx-zipf,tiara_sym_l2,42,86096,GPU
20260905-210810-m5p-timeline,lc128kz,longctx-zipf,tiara_sym_l2,42,86270,GPU
20260905-210810-m5p-timeline,lc128kz,longctx-zipf,tiara_sym_l2,42,86444,GPU
20260905-210810-m5p-timeline,lc128kz,longctx-zipf,tiara_sym_l2,42,86618,GPU
20260905-210810-m5p-timeline,lc128kz,longctx-zipf,tiara_sym_l2,42,86792,GPU
20260905-210810-m5p-timeline,lc128kz,longctx-zipf,tiara_sym_l2,42,86966,GPU
20260905-210810-m5p-timeline,lc128kz,longctx-zipf,tiara_sym_l2,42,87140,GPU
20260905-210810-m5p-timeline,lc128kz,longctx-zipf,tiara_sym_l2,42,87314,GPU
20260905-210810-m5p-timeline,lc128kz,longctx-zipf,tiara_sym_l2,42,87488,GPU
20260905-210810-m5p-timeline,lc128kz,longctx-zipf,tiara_sym_l2,42,87662,GPU
20260905-210810-m5p-timeline,lc128kz,longctx-zipf,tiara_sym_l2,42,87836,GPU
20260905-210810-m5p-timeline,lc128kz,longctx-zipf,tiara_sym_l2,42,88010,GPU
20260905-210810-m5p-timeline,lc128kz,longctx-zipf,tiara_sym_l2,42,88184,GPU
20260905-210810-m5p-timeline,lc128kz,longctx-zipf,tiara_sym_l2,42,88358,GPU
20260905-210810-m5p-timeline,lc128kz,longctx-zipf,tiara_sym_l2,42,88532,GPU
20260905-210810-m5p-timeline,lc128kz,longctx-zipf,tiara_sym_l2,42,88706,GPU
20260905-210810-m5p-timeline,lc128kz,longctx-zipf,tiara_sym_l2,42,88880,GPU
20260905-210810-m5p-timeline,lc128kz,longctx-zipf,tiara_sym_l2,42,89054,GPU
20260905-210810-m5p-timeline,lc128kz,longctx-zipf,tiara_sym_l2,42,89228,GPU
20260905-210810-m5p-timeline,lc128kz,longctx-zipf,tiara_sym_l2,42,89402,CPU
20260905-210810-m5p-timeline,lc128kz,longctx-zipf,tiara_sym_l2,42,89576,CPU
20260905-210810-m5p-timeline,lc128kz,longctx-zipf,tiara_sym_l2,42,89750,CPU
20260905-210810-m5p-timeline,lc128kz,longctx-zipf,tiara_sym_l2,42,89924,CPU
20260905-210810-m5p-timeline,lc128kz,longctx-zipf,tiara_sym_l2,42,90098,CPU
20260905-210810-m5p-timeline,lc128kz,longctx-zipf,tiara_sym_l2,43,81920,GPU
20260905-210810-m5p-timeline,lc128kz,longctx-zipf,tiara_sym_l2,43,82094,GPU
20260905-210810-m5p-timeline,lc128kz,longctx-zipf,tiara_sym_l2,43,82268,GPU
20260905-210810-m5p-timeline,lc128kz,longctx-zipf,tiara_sym_l2,43,82442,GPU
20260905-210810-m5p-timeline,lc128kz,longctx-zipf,tiara_sym_l2,43,82616,GPU
20260905-210810-m5p-timeline,lc128kz,longctx-zipf,tiara_sym_l2,43,82790,GPU
20260905-210810-m5p-timeline,lc128kz,longctx-zipf,tiara_sym_l2,43,82964,GPU
20260905-210810-m5p-timeline,lc128kz,longctx-zipf,tiara_sym_l2,43,83138,GPU
20260905-210810-m5p-timeline,lc128kz,longctx-zipf,tiara_sym_l2,43,83312,GPU
20260905-210810-m5p-timeline,lc128kz,longctx-zipf,tiara_sym_l2,43,83486,GPU
20260905-210810-m5p-timeline,lc128kz,longctx-zipf,tiara_sym_l2,43,83660,GPU
20260905-210810-m5p-timeline,lc128kz,longctx-zipf,tiara_sym_l2,43,83834,GPU
20260905-210810-m5p-timeline,lc128kz,longctx-zipf,tiara_sym_l2,43,84008,GPU
20260905-210810-m5p-timeline,lc128kz,longctx-zipf,tiara_sym_l2,43,84182,GPU
20260905-210810-m5p-timeline,lc128kz,longctx-zipf,tiara_sym_l2,43,84356,GPU
20260905-210810-m5p-timeline,lc128kz,longctx-zipf,tiara_sym_l2,43,84530,GPU
20260905-210810-m5p-timeline,lc128kz,longctx-zipf,tiara_sym_l2,43,84704,GPU
20260905-210810-m5p-timeline,lc128kz,longctx-zipf,tiara_sym_l2,43,84878,GPU
20260905-210810-m5p-timeline,lc128kz,longctx-zipf,tiara_sym_l2,43,85052,GPU
20260905-210810-m5p-timeline,lc128kz,longctx-zipf,tiara_sym_l2,43,85226,GPU
20260905-210810-m5p-timeline,lc128kz,longctx-zipf,tiara_sym_l2,43,85400,GPU
20260905-210810-m5p-timeline,lc128kz,longctx-zipf,tiara_sym_l2,43,85574,GPU
20260905-210810-m5p-timeline,lc128kz,longctx-zipf,tiara_sym_l2,43,85748,GPU
20260905-210810-m5p-timeline,lc128kz,longctx-zipf,tiara_sym_l2,43,85922,GPU
20260905-210810-m5p-timeline,lc128kz,longctx-zipf,tiara_sym_l2,43,86096,GPU
20260905-210810-m5p-timeline,lc128kz,longctx-zipf,tiara_sym_l2,43,86270,GPU
20260905-210810-m5p-timeline,lc128kz,longctx-zipf,tiara_sym_l2,43,86444,GPU
20260905-210810-m5p-timeline,lc128kz,longctx-zipf,tiara_sym_l2,43,86618,GPU
20260905-210810-m5p-timeline,lc128kz,longctx-zipf,tiara_sym_l2,43,86792,GPU
20260905-210810-m5p-timeline,lc128kz,longctx-zipf,tiara_sym_l2,43,86966,GPU
20260905-210810-m5p-timeline,lc128kz,longctx-zipf,tiara_sym_l2,43,87140,GPU
20260905-210810-m5p-timeline,lc128kz,longctx-zipf,tiara_sym_l2,43,87314,GPU
20260905-210810-m5p-timeline,lc128kz,longctx-zipf,tiara_sym_l2,43,87488,GPU
20260905-210810-m5p-timeline,lc128kz,longctx-zipf,tiara_sym_l2,43,87662,GPU
20260905-210810-m5p-timeline,lc128kz,longctx-zipf,tiara_sym_l2,43,87836,GPU
20260905-210810-m5p-timeline,lc128kz,longctx-zipf,tiara_sym_l2,43,88010,GPU
20260905-210810-m5p-timeline,lc128kz,longctx-zipf,tiara_sym_l2,43,88184,GPU
20260905-210810-m5p-timeline,lc128kz,longctx-zipf,tiara_sym_l2,43,88358,GPU
20260905-210810-m5p-timeline,lc128kz,longctx-zipf,tiara_sym_l2,43,88532,GPU
20260905-210810-m5p-timeline,lc128kz,longctx-zipf,tiara_sym_l2,43,88706,GPU
20260905-210810-m5p-timeline,lc128kz,longctx-zipf,tiara_sym_l2,43,88880,GPU
20260905-210810-m5p-timeline,lc128kz,longctx-zipf,tiara_sym_l2,43,89054,GPU
20260905-210810-m5p-timeline,lc128kz,longctx-zipf,tiara_sym_l2,43,89228,GPU
20260905-210810-m5p-timeline,lc128kz,longctx-zipf,tiara_sym_l2,43,89402,CPU
20260905-210810-m5p-timeline,lc128kz,longctx-zipf,tiara_sym_l2,43,89576,CPU
20260905-210810-m5p-timeline,lc128kz,longctx-zipf,tiara_sym_l2,43,89750,CPU
20260905-210810-m5p-timeline,lc128kz,longctx-zipf,tiara_sym_l2,43,89924,CPU
20260905-210810-m5p-timeline,lc128kz,longctx-zipf,tiara_sym_l2,43,90098,CPU
20260905-210810-m5p-timeline,lc128kz,longctx-zipf,tiara_sym_l2,44,81920,GPU
20260905-210810-m5p-timeline,lc128kz,longctx-zipf,tiara_sym_l2,44,82094,GPU
20260905-210810-m5p-timeline,lc128kz,longctx-zipf,tiara_sym_l2,44,82268,GPU
20260905-210810-m5p-timeline,lc128kz,longctx-zipf,tiara_sym_l2,44,82442,GPU
20260905-210810-m5p-timeline,lc128kz,longctx-zipf,tiara_sym_l2,44,82616,GPU
20260905-210810-m5p-timeline,lc128kz,longctx-zipf,tiara_sym_l2,44,82790,GPU
20260905-210810-m5p-timeline,lc128kz,longctx-zipf,tiara_sym_l2,44,82964,GPU
20260905-210810-m5p-timeline,lc128kz,longctx-zipf,tiara_sym_l2,44,83138,GPU
20260905-210810-m5p-timeline,lc128kz,longctx-zipf,tiara_sym_l2,44,83312,GPU
20260905-210810-m5p-timeline,lc128kz,longctx-zipf,tiara_sym_l2,44,83486,GPU
20260905-210810-m5p-timeline,lc128kz,longctx-zipf,tiara_sym_l2,44,83660,GPU
20260905-210810-m5p-timeline,lc128kz,longctx-zipf,tiara_sym_l2,44,83834,GPU
20260905-210810-m5p-timeline,lc128kz,longctx-zipf,tiara_sym_l2,44,84008,GPU
20260905-210810-m5p-timeline,lc128kz,longctx-zipf,tiara_sym_l2,44,84182,GPU
20260905-210810-m5p-timeline,lc128kz,longctx-zipf,tiara_sym_l2,44,84356,GPU
20260905-210810-m5p-timeline,lc128kz,longctx-zipf,tiara_sym_l2,44,84530,GPU
20260905-210810-m5p-timeline,lc128kz,longctx-zipf,tiara_sym_l2,44,84704,GPU
20260905-210810-m5p-timeline,lc128kz,longctx-zipf,tiara_sym_l2,44,84878,GPU
20260905-210810-m5p-timeline,lc128kz,longctx-zipf,tiara_sym_l2,44,85052,GPU
20260905-210810-m5p-timeline,lc128kz,longctx-zipf,tiara_sym_l2,44,85226,GPU
20260905-210810-m5p-timeline,lc128kz,longctx-zipf,tiara_sym_l2,44,85400,GPU
20260905-210810-m5p-timeline,lc128kz,longctx-zipf,tiara_sym_l2,44,85574,GPU
20260905-210810-m5p-timeline,lc128kz,longctx-zipf,tiara_sym_l2,44,85748,GPU
20260905-210810-m5p-timeline,lc128kz,longctx-zipf,tiara_sym_l2,44,85922,GPU
20260905-210810-m5p-timeline,lc128kz,longctx-zipf,tiara_sym_l2,44,86096,GPU
20260905-210810-m5p-timeline,lc128kz,longctx-zipf,tiara_sym_l2,44,86270,GPU
20260905-210810-m5p-timeline,lc128kz,longctx-zipf,tiara_sym_l2,44,86444,GPU
20260905-210810-m5p-timeline,lc128kz,longctx-zipf,tiara_sym_l2,44,86618,GPU
20260905-210810-m5p-timeline,lc128kz,longctx-zipf,tiara_sym_l2,44,86792,GPU
20260905-210810-m5p-timeline,lc128kz,longctx-zipf,tiara_sym_l2,44,86966,GPU
20260905-210810-m5p-timeline,lc128kz,longctx-zipf,tiara_sym_l2,44,87140,GPU
20260905-210810-m5p-timeline,lc128kz,longctx-zipf,tiara_sym_l2,44,87314,GPU
20260905-210810-m5p-timeline,lc128kz,longctx-zipf,tiara_sym_l2,44,87488,GPU
20260905-210810-m5p-timeline,lc128kz,longctx-zipf,tiara_sym_l2,44,87662,GPU
20260905-210810-m5p-timeline,lc128kz,longctx-zipf,tiara_sym_l2,44,87836,GPU
20260905-210810-m5p-timeline,lc128kz,longctx-zipf,tiara_sym_l2,44,88010,GPU
20260905-210810-m5p-timeline,lc128kz,longctx-zipf,tiara_sym_l2,44,88184,GPU
20260905-210810-m5p-timeline,lc128kz,longctx-zipf,tiara_sym_l2,44,88358,GPU
20260905-210810-m5p-timeline,lc128kz,longctx-zipf,tiara_sym_l2,44,88532,GPU
20260905-210810-m5p-timeline,lc128kz,longctx-zipf,tiara_sym_l2,44,88706,GPU
20260905-210810-m5p-timeline,lc128kz,longctx-zipf,tiara_sym_l2,44,88880,GPU
20260905-210810-m5p-timeline,lc128kz,longctx-zipf,tiara_sym_l2,44,89054,GPU
20260905-210810-m5p-timeline,lc128kz,longctx-zipf,tiara_sym_l2,44,89228,GPU
20260905-210810-m5p-timeline,lc128kz,longctx-zipf,tiara_sym_l2,44,89402,CPU
20260905-210810-m5p-timeline,lc128kz,longctx-zipf,tiara_sym_l2,44,89576,CPU
20260905-210810-m5p-timeline,lc128kz,longctx-zipf,tiara_sym_l2,44,89750,CPU
20260905-210810-m5p-timeline,lc128kz,longctx-zipf,tiara_sym_l2,44,89924,CPU
20260905-210810-m5p-timeline,lc128kz,longctx-zipf,tiara_sym_l2,44,90098,CPU
20260905-210810-m5p-timeline,lc128kz,longctx-zipf,tiara_sym_l2,45,81920,GPU
20260905-210810-m5p-timeline,lc128kz,longctx-zipf,tiara_sym_l2,45,82094,GPU
20260905-210810-m5p-timeline,lc128kz,longctx-zipf,tiara_sym_l2,45,82268,GPU
20260905-210810-m5p-timeline,lc128kz,longctx-zipf,tiara_sym_l2,45,82442,GPU
20260905-210810-m5p-timeline,lc128kz,longctx-zipf,tiara_sym_l2,45,82616,GPU
20260905-210810-m5p-timeline,lc128kz,longctx-zipf,tiara_sym_l2,45,82790,GPU
20260905-210810-m5p-timeline,lc128kz,longctx-zipf,tiara_sym_l2,45,82964,GPU
20260905-210810-m5p-timeline,lc128kz,longctx-zipf,tiara_sym_l2,45,83138,GPU
20260905-210810-m5p-timeline,lc128kz,longctx-zipf,tiara_sym_l2,45,83312,GPU
20260905-210810-m5p-timeline,lc128kz,longctx-zipf,tiara_sym_l2,45,83486,GPU
20260905-210810-m5p-timeline,lc128kz,longctx-zipf,tiara_sym_l2,45,83660,GPU
20260905-210810-m5p-timeline,lc128kz,longctx-zipf,tiara_sym_l2,45,83834,GPU
20260905-210810-m5p-timeline,lc128kz,longctx-zipf,tiara_sym_l2,45,84008,GPU
20260905-210810-m5p-timeline,lc128kz,longctx-zipf,tiara_sym_l2,45,84182,GPU
20260905-210810-m5p-timeline,lc128kz,longctx-zipf,tiara_sym_l2,45,84356,GPU
20260905-210810-m5p-timeline,lc128kz,longctx-zipf,tiara_sym_l2,45,84530,GPU
20260905-210810-m5p-timeline,lc128kz,longctx-zipf,tiara_sym_l2,45,84704,GPU
20260905-210810-m5p-timeline,lc128kz,longctx-zipf,tiara_sym_l2,45,84878,GPU
20260905-210810-m5p-timeline,lc128kz,longctx-zipf,tiara_sym_l2,45,85052,GPU
20260905-210810-m5p-timeline,lc128kz,longctx-zipf,tiara_sym_l2,45,85226,GPU
20260905-210810-m5p-timeline,lc128kz,longctx-zipf,tiara_sym_l2,45,85400,GPU
20260905-210810-m5p-timeline,lc128kz,longctx-zipf,tiara_sym_l2,45,85574,GPU
20260905-210810-m5p-timeline,lc128kz,longctx-zipf,tiara_sym_l2,45,85748,GPU
20260905-210810-m5p-timeline,lc128kz,longctx-zipf,tiara_sym_l2,45,85922,GPU
20260905-210810-m5p-timeline,lc128kz,longctx-zipf,tiara_sym_l2,45,86096,GPU
20260905-210810-m5p-timeline,lc128kz,longctx-zipf,tiara_sym_l2,45,86270,GPU
20260905-210810-m5p-timeline,lc128kz,longctx-zipf,tiara_sym_l2,45,86444,GPU
20260905-210810-m5p-timeline,lc128kz,longctx-zipf,tiara_sym_l2,45,86618,GPU
20260905-210810-m5p-timeline,lc128kz,longctx-zipf,tiara_sym_l2,45,86792,GPU
20260905-210810-m5p-timeline,lc128kz,longctx-zipf,tiara_sym_l2,45,86966,GPU
20260905-210810-m5p-timeline,lc128kz,longctx-zipf,tiara_sym_l2,45,87140,GPU
20260905-210810-m5p-timeline,lc128kz,longctx-zipf,tiara_sym_l2,45,87314,GPU
20260905-210810-m5p-timeline,lc128kz,longctx-zipf,tiara_sym_l2,45,87488,GPU
20260905-210810-m5p-timeline,lc128kz,longctx-zipf,tiara_sym_l2,45,87662,GPU
20260905-210810-m5p-timeline,lc128kz,longctx-zipf,tiara_sym_l2,45,87836,GPU
20260905-210810-m5p-timeline,lc128kz,longctx-zipf,tiara_sym_l2,45,88010,GPU
20260905-210810-m5p-timeline,lc128kz,longctx-zipf,tiara_sym_l2,45,88184,GPU
20260905-210810-m5p-timeline,lc128kz,longctx-zipf,tiara_sym_l2,45,88358,GPU
20260905-210810-m5p-timeline,lc128kz,longctx-zipf,tiara_sym_l2,45,88532,GPU
20260905-210810-m5p-timeline,lc128kz,longctx-zipf,tiara_sym_l2,45,88706,GPU
20260905-210810-m5p-timeline,lc128kz,longctx-zipf,tiara_sym_l2,45,88880,GPU
20260905-210810-m5p-timeline,lc128kz,longctx-zipf,tiara_sym_l2,45,89054,GPU
20260905-210810-m5p-timeline,lc128kz,longctx-zipf,tiara_sym_l2,45,89228,GPU
20260905-210810-m5p-timeline,lc128kz,longctx-zipf,tiara_sym_l2,45,89402,CPU
20260905-210810-m5p-timeline,lc128kz,longctx-zipf,tiara_sym_l2,45,89576,CPU
20260905-210810-m5p-timeline,lc128kz,longctx-zipf,tiara_sym_l2,45,89750,CPU
20260905-210810-m5p-timeline,lc128kz,longctx-zipf,tiara_sym_l2,45,89924,CPU
20260905-210810-m5p-timeline,lc128kz,longctx-zipf,tiara_sym_l2,45,90098,CPU
20260905-210810-m5p-timeline,lc128kz,longctx-zipf,tiara_sym_l2,46,81920,GPU
20260905-210810-m5p-timeline,lc128kz,longctx-zipf,tiara_sym_l2,46,82094,GPU
20260905-210810-m5p-timeline,lc128kz,longctx-zipf,tiara_sym_l2,46,82268,GPU
20260905-210810-m5p-timeline,lc128kz,longctx-zipf,tiara_sym_l2,46,82442,GPU
20260905-210810-m5p-timeline,lc128kz,longctx-zipf,tiara_sym_l2,46,82616,GPU
20260905-210810-m5p-timeline,lc128kz,longctx-zipf,tiara_sym_l2,46,82790,GPU
20260905-210810-m5p-timeline,lc128kz,longctx-zipf,tiara_sym_l2,46,82964,GPU
20260905-210810-m5p-timeline,lc128kz,longctx-zipf,tiara_sym_l2,46,83138,GPU
20260905-210810-m5p-timeline,lc128kz,longctx-zipf,tiara_sym_l2,46,83312,GPU
20260905-210810-m5p-timeline,lc128kz,longctx-zipf,tiara_sym_l2,46,83486,GPU
20260905-210810-m5p-timeline,lc128kz,longctx-zipf,tiara_sym_l2,46,83660,GPU
20260905-210810-m5p-timeline,lc128kz,longctx-zipf,tiara_sym_l2,46,83834,GPU
20260905-210810-m5p-timeline,lc128kz,longctx-zipf,tiara_sym_l2,46,84008,GPU
20260905-210810-m5p-timeline,lc128kz,longctx-zipf,tiara_sym_l2,46,84182,GPU
20260905-210810-m5p-timeline,lc128kz,longctx-zipf,tiara_sym_l2,46,84356,GPU
20260905-210810-m5p-timeline,lc128kz,longctx-zipf,tiara_sym_l2,46,84530,GPU
20260905-210810-m5p-timeline,lc128kz,longctx-zipf,tiara_sym_l2,46,84704,GPU
20260905-210810-m5p-timeline,lc128kz,longctx-zipf,tiara_sym_l2,46,84878,GPU
20260905-210810-m5p-timeline,lc128kz,longctx-zipf,tiara_sym_l2,46,85052,GPU
20260905-210810-m5p-timeline,lc128kz,longctx-zipf,tiara_sym_l2,46,85226,GPU
20260905-210810-m5p-timeline,lc128kz,longctx-zipf,tiara_sym_l2,46,85400,GPU
20260905-210810-m5p-timeline,lc128kz,longctx-zipf,tiara_sym_l2,46,85574,GPU
20260905-210810-m5p-timeline,lc128kz,longctx-zipf,tiara_sym_l2,46,85748,GPU
20260905-210810-m5p-timeline,lc128kz,longctx-zipf,tiara_sym_l2,46,85922,GPU
20260905-210810-m5p-timeline,lc128kz,longctx-zipf,tiara_sym_l2,46,86096,GPU
20260905-210810-m5p-timeline,lc128kz,longctx-zipf,tiara_sym_l2,46,86270,GPU
20260905-210810-m5p-timeline,lc128kz,longctx-zipf,tiara_sym_l2,46,86444,GPU
20260905-210810-m5p-timeline,lc128kz,longctx-zipf,tiara_sym_l2,46,86618,GPU
20260905-210810-m5p-timeline,lc128kz,longctx-zipf,tiara_sym_l2,46,86792,GPU
20260905-210810-m5p-timeline,lc128kz,longctx-zipf,tiara_sym_l2,46,86966,GPU
20260905-210810-m5p-timeline,lc128kz,longctx-zipf,tiara_sym_l2,46,87140,GPU
20260905-210810-m5p-timeline,lc128kz,longctx-zipf,tiara_sym_l2,46,87314,GPU
20260905-210810-m5p-timeline,lc128kz,longctx-zipf,tiara_sym_l2,46,87488,GPU
20260905-210810-m5p-timeline,lc128kz,longctx-zipf,tiara_sym_l2,46,87662,GPU
20260905-210810-m5p-timeline,lc128kz,longctx-zipf,tiara_sym_l2,46,87836,GPU
20260905-210810-m5p-timeline,lc128kz,longctx-zipf,tiara_sym_l2,46,88010,GPU
20260905-210810-m5p-timeline,lc128kz,longctx-zipf,tiara_sym_l2,46,88184,GPU
20260905-210810-m5p-timeline,lc128kz,longctx-zipf,tiara_sym_l2,46,88358,GPU
20260905-210810-m5p-timeline,lc128kz,longctx-zipf,tiara_sym_l2,46,88532,GPU
20260905-210810-m5p-timeline,lc128kz,longctx-zipf,tiara_sym_l2,46,88706,GPU
20260905-210810-m5p-timeline,lc128kz,longctx-zipf,tiara_sym_l2,46,88880,GPU
20260905-210810-m5p-timeline,lc128kz,longctx-zipf,tiara_sym_l2,46,89054,GPU
20260905-210810-m5p-timeline,lc128kz,longctx-zipf,tiara_sym_l2,46,89228,GPU
20260905-210810-m5p-timeline,lc128kz,longctx-zipf,tiara_sym_l2,46,89402,CPU
20260905-210810-m5p-timeline,lc128kz,longctx-zipf,tiara_sym_l2,46,89576,CPU
20260905-210810-m5p-timeline,lc128kz,longctx-zipf,tiara_sym_l2,46,89750,CPU
20260905-210810-m5p-timeline,lc128kz,longctx-zipf,tiara_sym_l2,46,89924,CPU
20260905-210810-m5p-timeline,lc128kz,longctx-zipf,tiara_sym_l2,46,90098,CPU
20260905-210810-m5p-timeline,lc128kz,longctx-zipf,tiara_sym_l2,47,81920,GPU
20260905-210810-m5p-timeline,lc128kz,longctx-zipf,tiara_sym_l2,47,82094,GPU
20260905-210810-m5p-timeline,lc128kz,longctx-zipf,tiara_sym_l2,47,82268,GPU
20260905-210810-m5p-timeline,lc128kz,longctx-zipf,tiara_sym_l2,47,82442,GPU
20260905-210810-m5p-timeline,lc128kz,longctx-zipf,tiara_sym_l2,47,82616,GPU
20260905-210810-m5p-timeline,lc128kz,longctx-zipf,tiara_sym_l2,47,82790,GPU
20260905-210810-m5p-timeline,lc128kz,longctx-zipf,tiara_sym_l2,47,82964,GPU
20260905-210810-m5p-timeline,lc128kz,longctx-zipf,tiara_sym_l2,47,83138,GPU
20260905-210810-m5p-timeline,lc128kz,longctx-zipf,tiara_sym_l2,47,83312,GPU
20260905-210810-m5p-timeline,lc128kz,longctx-zipf,tiara_sym_l2,47,83486,GPU
20260905-210810-m5p-timeline,lc128kz,longctx-zipf,tiara_sym_l2,47,83660,GPU
20260905-210810-m5p-timeline,lc128kz,longctx-zipf,tiara_sym_l2,47,83834,GPU
20260905-210810-m5p-timeline,lc128kz,longctx-zipf,tiara_sym_l2,47,84008,GPU
20260905-210810-m5p-timeline,lc128kz,longctx-zipf,tiara_sym_l2,47,84182,GPU
20260905-210810-m5p-timeline,lc128kz,longctx-zipf,tiara_sym_l2,47,84356,GPU
20260905-210810-m5p-timeline,lc128kz,longctx-zipf,tiara_sym_l2,47,84530,GPU
20260905-210810-m5p-timeline,lc128kz,longctx-zipf,tiara_sym_l2,47,84704,GPU
20260905-210810-m5p-timeline,lc128kz,longctx-zipf,tiara_sym_l2,47,84878,GPU
20260905-210810-m5p-timeline,lc128kz,longctx-zipf,tiara_sym_l2,47,85052,GPU
20260905-210810-m5p-timeline,lc128kz,longctx-zipf,tiara_sym_l2,47,85226,GPU
20260905-210810-m5p-timeline,lc128kz,longctx-zipf,tiara_sym_l2,47,85400,GPU
20260905-210810-m5p-timeline,lc128kz,longctx-zipf,tiara_sym_l2,47,85574,GPU
20260905-210810-m5p-timeline,lc128kz,longctx-zipf,tiara_sym_l2,47,85748,GPU
20260905-210810-m5p-timeline,lc128kz,longctx-zipf,tiara_sym_l2,47,85922,GPU
20260905-210810-m5p-timeline,lc128kz,longctx-zipf,tiara_sym_l2,47,86096,GPU
20260905-210810-m5p-timeline,lc128kz,longctx-zipf,tiara_sym_l2,47,86270,GPU
20260905-210810-m5p-timeline,lc128kz,longctx-zipf,tiara_sym_l2,47,86444,GPU
20260905-210810-m5p-timeline,lc128kz,longctx-zipf,tiara_sym_l2,47,86618,GPU
20260905-210810-m5p-timeline,lc128kz,longctx-zipf,tiara_sym_l2,47,86792,GPU
20260905-210810-m5p-timeline,lc128kz,longctx-zipf,tiara_sym_l2,47,86966,GPU
20260905-210810-m5p-timeline,lc128kz,longctx-zipf,tiara_sym_l2,47,87140,GPU
20260905-210810-m5p-timeline,lc128kz,longctx-zipf,tiara_sym_l2,47,87314,GPU
20260905-210810-m5p-timeline,lc128kz,longctx-zipf,tiara_sym_l2,47,87488,GPU
20260905-210810-m5p-timeline,lc128kz,longctx-zipf,tiara_sym_l2,47,87662,GPU
20260905-210810-m5p-timeline,lc128kz,longctx-zipf,tiara_sym_l2,47,87836,GPU
20260905-210810-m5p-timeline,lc128kz,longctx-zipf,tiara_sym_l2,47,88010,GPU
20260905-210810-m5p-timeline,lc128kz,longctx-zipf,tiara_sym_l2,47,88184,GPU
20260905-210810-m5p-timeline,lc128kz,longctx-zipf,tiara_sym_l2,47,88358,GPU
20260905-210810-m5p-timeline,lc128kz,longctx-zipf,tiara_sym_l2,47,88532,GPU
20260905-210810-m5p-timeline,lc128kz,longctx-zipf,tiara_sym_l2,47,88706,GPU
20260905-210810-m5p-timeline,lc128kz,longctx-zipf,tiara_sym_l2,47,88880,GPU
20260905-210810-m5p-timeline,lc128kz,longctx-zipf,tiara_sym_l2,47,89054,GPU
20260905-210810-m5p-timeline,lc128kz,longctx-zipf,tiara_sym_l2,47,89228,GPU
20260905-210810-m5p-timeline,lc128kz,longctx-zipf,tiara_sym_l2,47,89402,CPU
20260905-210810-m5p-timeline,lc128kz,longctx-zipf,tiara_sym_l2,47,89576,CPU
20260905-210810-m5p-timeline,lc128kz,longctx-zipf,tiara_sym_l2,47,89750,CPU
20260905-210810-m5p-timeline,lc128kz,longctx-zipf,tiara_sym_l2,47,89924,CPU
20260905-210810-m5p-timeline,lc128kz,longctx-zipf,tiara_sym_l2,47,90098,CPU
20260905-210810-m5p-timeline,lc128kz,longctx-zipf,tiara_sym_l2,48,81920,GPU
20260905-210810-m5p-timeline,lc128kz,longctx-zipf,tiara_sym_l2,48,82094,GPU
20260905-210810-m5p-timeline,lc128kz,longctx-zipf,tiara_sym_l2,48,82268,GPU
20260905-210810-m5p-timeline,lc128kz,longctx-zipf,tiara_sym_l2,48,82442,GPU
20260905-210810-m5p-timeline,lc128kz,longctx-zipf,tiara_sym_l2,48,82616,GPU
20260905-210810-m5p-timeline,lc128kz,longctx-zipf,tiara_sym_l2,48,82790,GPU
20260905-210810-m5p-timeline,lc128kz,longctx-zipf,tiara_sym_l2,48,82964,GPU
20260905-210810-m5p-timeline,lc128kz,longctx-zipf,tiara_sym_l2,48,83138,GPU
20260905-210810-m5p-timeline,lc128kz,longctx-zipf,tiara_sym_l2,48,83312,GPU
20260905-210810-m5p-timeline,lc128kz,longctx-zipf,tiara_sym_l2,48,83486,GPU
20260905-210810-m5p-timeline,lc128kz,longctx-zipf,tiara_sym_l2,48,83660,GPU
20260905-210810-m5p-timeline,lc128kz,longctx-zipf,tiara_sym_l2,48,83834,GPU
20260905-210810-m5p-timeline,lc128kz,longctx-zipf,tiara_sym_l2,48,84008,GPU
20260905-210810-m5p-timeline,lc128kz,longctx-zipf,tiara_sym_l2,48,84182,GPU
20260905-210810-m5p-timeline,lc128kz,longctx-zipf,tiara_sym_l2,48,84356,GPU
20260905-210810-m5p-timeline,lc128kz,longctx-zipf,tiara_sym_l2,48,84530,GPU
20260905-210810-m5p-timeline,lc128kz,longctx-zipf,tiara_sym_l2,48,84704,GPU
20260905-210810-m5p-timeline,lc128kz,longctx-zipf,tiara_sym_l2,48,84878,GPU
20260905-210810-m5p-timeline,lc128kz,longctx-zipf,tiara_sym_l2,48,85052,GPU
20260905-210810-m5p-timeline,lc128kz,longctx-zipf,tiara_sym_l2,48,85226,GPU
20260905-210810-m5p-timeline,lc128kz,longctx-zipf,tiara_sym_l2,48,85400,GPU
20260905-210810-m5p-timeline,lc128kz,longctx-zipf,tiara_sym_l2,48,85574,GPU
20260905-210810-m5p-timeline,lc128kz,longctx-zipf,tiara_sym_l2,48,85748,GPU
20260905-210810-m5p-timeline,lc128kz,longctx-zipf,tiara_sym_l2,48,85922,GPU
20260905-210810-m5p-timeline,lc128kz,longctx-zipf,tiara_sym_l2,48,86096,GPU
20260905-210810-m5p-timeline,lc128kz,longctx-zipf,tiara_sym_l2,48,86270,GPU
20260905-210810-m5p-timeline,lc128kz,longctx-zipf,tiara_sym_l2,48,86444,GPU
20260905-210810-m5p-timeline,lc128kz,longctx-zipf,tiara_sym_l2,48,86618,GPU
20260905-210810-m5p-timeline,lc128kz,longctx-zipf,tiara_sym_l2,48,86792,GPU
20260905-210810-m5p-timeline,lc128kz,longctx-zipf,tiara_sym_l2,48,86966,GPU
20260905-210810-m5p-timeline,lc128kz,longctx-zipf,tiara_sym_l2,48,87140,GPU
20260905-210810-m5p-timeline,lc128kz,longctx-zipf,tiara_sym_l2,48,87314,GPU
20260905-210810-m5p-timeline,lc128kz,longctx-zipf,tiara_sym_l2,48,87488,GPU
20260905-210810-m5p-timeline,lc128kz,longctx-zipf,tiara_sym_l2,48,87662,GPU
20260905-210810-m5p-timeline,lc128kz,longctx-zipf,tiara_sym_l2,48,87836,GPU
20260905-210810-m5p-timeline,lc128kz,longctx-zipf,tiara_sym_l2,48,88010,GPU
20260905-210810-m5p-timeline,lc128kz,longctx-zipf,tiara_sym_l2,48,88184,GPU
20260905-210810-m5p-timeline,lc128kz,longctx-zipf,tiara_sym_l2,48,88358,GPU
20260905-210810-m5p-timeline,lc128kz,longctx-zipf,tiara_sym_l2,48,88532,GPU
20260905-210810-m5p-timeline,lc128kz,longctx-zipf,tiara_sym_l2,48,88706,GPU
20260905-210810-m5p-timeline,lc128kz,longctx-zipf,tiara_sym_l2,48,88880,GPU
20260905-210810-m5p-timeline,lc128kz,longctx-zipf,tiara_sym_l2,48,89054,GPU
20260905-210810-m5p-timeline,lc128kz,longctx-zipf,tiara_sym_l2,48,89228,GPU
20260905-210810-m5p-timeline,lc128kz,longctx-zipf,tiara_sym_l2,48,89402,CPU
20260905-210810-m5p-timeline,lc128kz,longctx-zipf,tiara_sym_l2,48,89576,CPU
20260905-210810-m5p-timeline,lc128kz,longctx-zipf,tiara_sym_l2,48,89750,CPU
20260905-210810-m5p-timeline,lc128kz,longctx-zipf,tiara_sym_l2,48,89924,CPU
20260905-210810-m5p-timeline,lc128kz,longctx-zipf,tiara_sym_l2,48,90098,CPU
20260905-210810-m5p-timeline,lc128kz,longctx-zipf,tiara_sym_l2,49,81920,GPU
20260905-210810-m5p-timeline,lc128kz,longctx-zipf,tiara_sym_l2,49,82094,GPU
20260905-210810-m5p-timeline,lc128kz,longctx-zipf,tiara_sym_l2,49,82268,GPU
20260905-210810-m5p-timeline,lc128kz,longctx-zipf,tiara_sym_l2,49,82442,GPU
20260905-210810-m5p-timeline,lc128kz,longctx-zipf,tiara_sym_l2,49,82616,GPU
20260905-210810-m5p-timeline,lc128kz,longctx-zipf,tiara_sym_l2,49,82790,GPU
20260905-210810-m5p-timeline,lc128kz,longctx-zipf,tiara_sym_l2,49,82964,GPU
20260905-210810-m5p-timeline,lc128kz,longctx-zipf,tiara_sym_l2,49,83138,GPU
20260905-210810-m5p-timeline,lc128kz,longctx-zipf,tiara_sym_l2,49,83312,GPU
20260905-210810-m5p-timeline,lc128kz,longctx-zipf,tiara_sym_l2,49,83486,GPU
20260905-210810-m5p-timeline,lc128kz,longctx-zipf,tiara_sym_l2,49,83660,GPU
20260905-210810-m5p-timeline,lc128kz,longctx-zipf,tiara_sym_l2,49,83834,GPU
20260905-210810-m5p-timeline,lc128kz,longctx-zipf,tiara_sym_l2,49,84008,GPU
20260905-210810-m5p-timeline,lc128kz,longctx-zipf,tiara_sym_l2,49,84182,GPU
20260905-210810-m5p-timeline,lc128kz,longctx-zipf,tiara_sym_l2,49,84356,GPU
20260905-210810-m5p-timeline,lc128kz,longctx-zipf,tiara_sym_l2,49,84530,GPU
20260905-210810-m5p-timeline,lc128kz,longctx-zipf,tiara_sym_l2,49,84704,GPU
20260905-210810-m5p-timeline,lc128kz,longctx-zipf,tiara_sym_l2,49,84878,GPU
20260905-210810-m5p-timeline,lc128kz,longctx-zipf,tiara_sym_l2,49,85052,GPU
20260905-210810-m5p-timeline,lc128kz,longctx-zipf,tiara_sym_l2,49,85226,GPU
20260905-210810-m5p-timeline,lc128kz,longctx-zipf,tiara_sym_l2,49,85400,GPU
20260905-210810-m5p-timeline,lc128kz,longctx-zipf,tiara_sym_l2,49,85574,GPU
20260905-210810-m5p-timeline,lc128kz,longctx-zipf,tiara_sym_l2,49,85748,GPU
20260905-210810-m5p-timeline,lc128kz,longctx-zipf,tiara_sym_l2,49,85922,GPU
20260905-210810-m5p-timeline,lc128kz,longctx-zipf,tiara_sym_l2,49,86096,GPU
20260905-210810-m5p-timeline,lc128kz,longctx-zipf,tiara_sym_l2,49,86270,GPU
20260905-210810-m5p-timeline,lc128kz,longctx-zipf,tiara_sym_l2,49,86444,GPU
20260905-210810-m5p-timeline,lc128kz,longctx-zipf,tiara_sym_l2,49,86618,GPU
20260905-210810-m5p-timeline,lc128kz,longctx-zipf,tiara_sym_l2,49,86792,GPU
20260905-210810-m5p-timeline,lc128kz,longctx-zipf,tiara_sym_l2,49,86966,GPU
20260905-210810-m5p-timeline,lc128kz,longctx-zipf,tiara_sym_l2,49,87140,GPU
20260905-210810-m5p-timeline,lc128kz,longctx-zipf,tiara_sym_l2,49,87314,GPU
20260905-210810-m5p-timeline,lc128kz,longctx-zipf,tiara_sym_l2,49,87488,GPU
20260905-210810-m5p-timeline,lc128kz,longctx-zipf,tiara_sym_l2,49,87662,GPU
20260905-210810-m5p-timeline,lc128kz,longctx-zipf,tiara_sym_l2,49,87836,GPU
20260905-210810-m5p-timeline,lc128kz,longctx-zipf,tiara_sym_l2,49,88010,GPU
20260905-210810-m5p-timeline,lc128kz,longctx-zipf,tiara_sym_l2,49,88184,GPU
20260905-210810-m5p-timeline,lc128kz,longctx-zipf,tiara_sym_l2,49,88358,GPU
20260905-210810-m5p-timeline,lc128kz,longctx-zipf,tiara_sym_l2,49,88532,GPU
20260905-210810-m5p-timeline,lc128kz,longctx-zipf,tiara_sym_l2,49,88706,GPU
20260905-210810-m5p-timeline,lc128kz,longctx-zipf,tiara_sym_l2,49,88880,GPU
20260905-210810-m5p-timeline,lc128kz,longctx-zipf,tiara_sym_l2,49,89054,GPU
20260905-210810-m5p-timeline,lc128kz,longctx-zipf,tiara_sym_l2,49,89228,GPU
20260905-210810-m5p-timeline,lc128kz,longctx-zipf,tiara_sym_l2,49,89402,CPU
20260905-210810-m5p-timeline,lc128kz,longctx-zipf,tiara_sym_l2,49,89576,CPU
20260905-210810-m5p-timeline,lc128kz,longctx-zipf,tiara_sym_l2,49,89750,CPU
20260905-210810-m5p-timeline,lc128kz,longctx-zipf,tiara_sym_l2,49,89924,CPU
20260905-210810-m5p-timeline,lc128kz,longctx-zipf,tiara_sym_l2,49,90098,CPU
20260905-210810-m5p-timeline,lc128kz,longctx-zipf,tiara_sym_l2,50,81920,GPU
20260905-210810-m5p-timeline,lc128kz,longctx-zipf,tiara_sym_l2,50,82094,GPU
20260905-210810-m5p-timeline,lc128kz,longctx-zipf,tiara_sym_l2,50,82268,GPU
20260905-210810-m5p-timeline,lc128kz,longctx-zipf,tiara_sym_l2,50,82442,GPU
20260905-210810-m5p-timeline,lc128kz,longctx-zipf,tiara_sym_l2,50,82616,GPU
20260905-210810-m5p-timeline,lc128kz,longctx-zipf,tiara_sym_l2,50,82790,GPU
20260905-210810-m5p-timeline,lc128kz,longctx-zipf,tiara_sym_l2,50,82964,GPU
20260905-210810-m5p-timeline,lc128kz,longctx-zipf,tiara_sym_l2,50,83138,GPU
20260905-210810-m5p-timeline,lc128kz,longctx-zipf,tiara_sym_l2,50,83312,GPU
20260905-210810-m5p-timeline,lc128kz,longctx-zipf,tiara_sym_l2,50,83486,GPU
20260905-210810-m5p-timeline,lc128kz,longctx-zipf,tiara_sym_l2,50,83660,GPU
20260905-210810-m5p-timeline,lc128kz,longctx-zipf,tiara_sym_l2,50,83834,GPU
20260905-210810-m5p-timeline,lc128kz,longctx-zipf,tiara_sym_l2,50,84008,GPU
20260905-210810-m5p-timeline,lc128kz,longctx-zipf,tiara_sym_l2,50,84182,GPU
20260905-210810-m5p-timeline,lc128kz,longctx-zipf,tiara_sym_l2,50,84356,GPU
20260905-210810-m5p-timeline,lc128kz,longctx-zipf,tiara_sym_l2,50,84530,GPU
20260905-210810-m5p-timeline,lc128kz,longctx-zipf,tiara_sym_l2,50,84704,GPU
20260905-210810-m5p-timeline,lc128kz,longctx-zipf,tiara_sym_l2,50,84878,GPU
20260905-210810-m5p-timeline,lc128kz,longctx-zipf,tiara_sym_l2,50,85052,GPU
20260905-210810-m5p-timeline,lc128kz,longctx-zipf,tiara_sym_l2,50,85226,GPU
20260905-210810-m5p-timeline,lc128kz,longctx-zipf,tiara_sym_l2,50,85400,GPU
20260905-210810-m5p-timeline,lc128kz,longctx-zipf,tiara_sym_l2,50,85574,GPU
20260905-210810-m5p-timeline,lc128kz,longctx-zipf,tiara_sym_l2,50,85748,GPU
20260905-210810-m5p-timeline,lc128kz,longctx-zipf,tiara_sym_l2,50,85922,GPU
20260905-210810-m5p-timeline,lc128kz,longctx-zipf,tiara_sym_l2,50,86096,GPU
20260905-210810-m5p-timeline,lc128kz,longctx-zipf,tiara_sym_l2,50,86270,GPU
20260905-210810-m5p-timeline,lc128kz,longctx-zipf,tiara_sym_l2,50,86444,GPU
20260905-210810-m5p-timeline,lc128kz,longctx-zipf,tiara_sym_l2,50,86618,GPU
20260905-210810-m5p-timeline,lc128kz,longctx-zipf,tiara_sym_l2,50,86792,GPU
20260905-210810-m5p-timeline,lc128kz,longctx-zipf,tiara_sym_l2,50,86966,GPU
20260905-210810-m5p-timeline,lc128kz,longctx-zipf,tiara_sym_l2,50,87140,GPU
20260905-210810-m5p-timeline,lc128kz,longctx-zipf,tiara_sym_l2,50,87314,GPU
20260905-210810-m5p-timeline,lc128kz,longctx-zipf,tiara_sym_l2,50,87488,GPU
20260905-210810-m5p-timeline,lc128kz,longctx-zipf,tiara_sym_l2,50,87662,GPU
20260905-210810-m5p-timeline,lc128kz,longctx-zipf,tiara_sym_l2,50,87836,GPU
20260905-210810-m5p-timeline,lc128kz,longctx-zipf,tiara_sym_l2,50,88010,GPU
20260905-210810-m5p-timeline,lc128kz,longctx-zipf,tiara_sym_l2,50,88184,GPU
20260905-210810-m5p-timeline,lc128kz,longctx-zipf,tiara_sym_l2,50,88358,GPU
20260905-210810-m5p-timeline,lc128kz,longctx-zipf,tiara_sym_l2,50,88532,GPU
20260905-210810-m5p-timeline,lc128kz,longctx-zipf,tiara_sym_l2,50,88706,GPU
20260905-210810-m5p-timeline,lc128kz,longctx-zipf,tiara_sym_l2,50,88880,GPU
20260905-210810-m5p-timeline,lc128kz,longctx-zipf,tiara_sym_l2,50,89054,GPU
20260905-210810-m5p-timeline,lc128kz,longctx-zipf,tiara_sym_l2,50,89228,CPU
20260905-210810-m5p-timeline,lc128kz,longctx-zipf,tiara_sym_l2,50,89402,CPU
20260905-210810-m5p-timeline,lc128kz,longctx-zipf,tiara_sym_l2,50,89576,CPU
20260905-210810-m5p-timeline,lc128kz,longctx-zipf,tiara_sym_l2,50,89750,CPU
20260905-210810-m5p-timeline,lc128kz,longctx-zipf,tiara_sym_l2,50,89924,CPU
20260905-210810-m5p-timeline,lc128kz,longctx-zipf,tiara_sym_l2,50,90098,CPU
20260905-210810-m5p-timeline,lc128kz,longctx-zipf,tiara_sym_l2,51,81920,GPU
20260905-210810-m5p-timeline,lc128kz,longctx-zipf,tiara_sym_l2,51,82094,GPU
20260905-210810-m5p-timeline,lc128kz,longctx-zipf,tiara_sym_l2,51,82268,GPU
20260905-210810-m5p-timeline,lc128kz,longctx-zipf,tiara_sym_l2,51,82442,GPU
20260905-210810-m5p-timeline,lc128kz,longctx-zipf,tiara_sym_l2,51,82616,GPU
20260905-210810-m5p-timeline,lc128kz,longctx-zipf,tiara_sym_l2,51,82790,GPU
20260905-210810-m5p-timeline,lc128kz,longctx-zipf,tiara_sym_l2,51,82964,GPU
20260905-210810-m5p-timeline,lc128kz,longctx-zipf,tiara_sym_l2,51,83138,GPU
20260905-210810-m5p-timeline,lc128kz,longctx-zipf,tiara_sym_l2,51,83312,GPU
20260905-210810-m5p-timeline,lc128kz,longctx-zipf,tiara_sym_l2,51,83486,GPU
20260905-210810-m5p-timeline,lc128kz,longctx-zipf,tiara_sym_l2,51,83660,GPU
20260905-210810-m5p-timeline,lc128kz,longctx-zipf,tiara_sym_l2,51,83834,GPU
20260905-210810-m5p-timeline,lc128kz,longctx-zipf,tiara_sym_l2,51,84008,GPU
20260905-210810-m5p-timeline,lc128kz,longctx-zipf,tiara_sym_l2,51,84182,GPU
20260905-210810-m5p-timeline,lc128kz,longctx-zipf,tiara_sym_l2,51,84356,GPU
20260905-210810-m5p-timeline,lc128kz,longctx-zipf,tiara_sym_l2,51,84530,GPU
20260905-210810-m5p-timeline,lc128kz,longctx-zipf,tiara_sym_l2,51,84704,GPU
20260905-210810-m5p-timeline,lc128kz,longctx-zipf,tiara_sym_l2,51,84878,GPU
20260905-210810-m5p-timeline,lc128kz,longctx-zipf,tiara_sym_l2,51,85052,GPU
20260905-210810-m5p-timeline,lc128kz,longctx-zipf,tiara_sym_l2,51,85226,GPU
20260905-210810-m5p-timeline,lc128kz,longctx-zipf,tiara_sym_l2,51,85400,GPU
20260905-210810-m5p-timeline,lc128kz,longctx-zipf,tiara_sym_l2,51,85574,GPU
20260905-210810-m5p-timeline,lc128kz,longctx-zipf,tiara_sym_l2,51,85748,GPU
20260905-210810-m5p-timeline,lc128kz,longctx-zipf,tiara_sym_l2,51,85922,GPU
20260905-210810-m5p-timeline,lc128kz,longctx-zipf,tiara_sym_l2,51,86096,GPU
20260905-210810-m5p-timeline,lc128kz,longctx-zipf,tiara_sym_l2,51,86270,GPU
20260905-210810-m5p-timeline,lc128kz,longctx-zipf,tiara_sym_l2,51,86444,GPU
20260905-210810-m5p-timeline,lc128kz,longctx-zipf,tiara_sym_l2,51,86618,GPU
20260905-210810-m5p-timeline,lc128kz,longctx-zipf,tiara_sym_l2,51,86792,GPU
20260905-210810-m5p-timeline,lc128kz,longctx-zipf,tiara_sym_l2,51,86966,GPU
20260905-210810-m5p-timeline,lc128kz,longctx-zipf,tiara_sym_l2,51,87140,GPU
20260905-210810-m5p-timeline,lc128kz,longctx-zipf,tiara_sym_l2,51,87314,GPU
20260905-210810-m5p-timeline,lc128kz,longctx-zipf,tiara_sym_l2,51,87488,GPU
20260905-210810-m5p-timeline,lc128kz,longctx-zipf,tiara_sym_l2,51,87662,GPU
20260905-210810-m5p-timeline,lc128kz,longctx-zipf,tiara_sym_l2,51,87836,GPU
20260905-210810-m5p-timeline,lc128kz,longctx-zipf,tiara_sym_l2,51,88010,GPU
20260905-210810-m5p-timeline,lc128kz,longctx-zipf,tiara_sym_l2,51,88184,GPU
20260905-210810-m5p-timeline,lc128kz,longctx-zipf,tiara_sym_l2,51,88358,GPU
20260905-210810-m5p-timeline,lc128kz,longctx-zipf,tiara_sym_l2,51,88532,GPU
20260905-210810-m5p-timeline,lc128kz,longctx-zipf,tiara_sym_l2,51,88706,GPU
20260905-210810-m5p-timeline,lc128kz,longctx-zipf,tiara_sym_l2,51,88880,GPU
20260905-210810-m5p-timeline,lc128kz,longctx-zipf,tiara_sym_l2,51,89054,GPU
20260905-210810-m5p-timeline,lc128kz,longctx-zipf,tiara_sym_l2,51,89228,CPU
20260905-210810-m5p-timeline,lc128kz,longctx-zipf,tiara_sym_l2,51,89402,CPU
20260905-210810-m5p-timeline,lc128kz,longctx-zipf,tiara_sym_l2,51,89576,CPU
20260905-210810-m5p-timeline,lc128kz,longctx-zipf,tiara_sym_l2,51,89750,CPU
20260905-210810-m5p-timeline,lc128kz,longctx-zipf,tiara_sym_l2,51,89924,CPU
20260905-210810-m5p-timeline,lc128kz,longctx-zipf,tiara_sym_l2,51,90098,CPU
20260905-210810-m5p-timeline,lc128kz,longctx-zipf,tiara_sym_l2,52,81920,GPU
20260905-210810-m5p-timeline,lc128kz,longctx-zipf,tiara_sym_l2,52,82094,GPU
20260905-210810-m5p-timeline,lc128kz,longctx-zipf,tiara_sym_l2,52,82268,GPU
20260905-210810-m5p-timeline,lc128kz,longctx-zipf,tiara_sym_l2,52,82442,GPU
20260905-210810-m5p-timeline,lc128kz,longctx-zipf,tiara_sym_l2,52,82616,GPU
20260905-210810-m5p-timeline,lc128kz,longctx-zipf,tiara_sym_l2,52,82790,GPU
20260905-210810-m5p-timeline,lc128kz,longctx-zipf,tiara_sym_l2,52,82964,GPU
20260905-210810-m5p-timeline,lc128kz,longctx-zipf,tiara_sym_l2,52,83138,GPU
20260905-210810-m5p-timeline,lc128kz,longctx-zipf,tiara_sym_l2,52,83312,GPU
20260905-210810-m5p-timeline,lc128kz,longctx-zipf,tiara_sym_l2,52,83486,GPU
20260905-210810-m5p-timeline,lc128kz,longctx-zipf,tiara_sym_l2,52,83660,GPU
20260905-210810-m5p-timeline,lc128kz,longctx-zipf,tiara_sym_l2,52,83834,GPU
20260905-210810-m5p-timeline,lc128kz,longctx-zipf,tiara_sym_l2,52,84008,GPU
20260905-210810-m5p-timeline,lc128kz,longctx-zipf,tiara_sym_l2,52,84182,GPU
20260905-210810-m5p-timeline,lc128kz,longctx-zipf,tiara_sym_l2,52,84356,GPU
20260905-210810-m5p-timeline,lc128kz,longctx-zipf,tiara_sym_l2,52,84530,GPU
20260905-210810-m5p-timeline,lc128kz,longctx-zipf,tiara_sym_l2,52,84704,GPU
20260905-210810-m5p-timeline,lc128kz,longctx-zipf,tiara_sym_l2,52,84878,GPU
20260905-210810-m5p-timeline,lc128kz,longctx-zipf,tiara_sym_l2,52,85052,GPU
20260905-210810-m5p-timeline,lc128kz,longctx-zipf,tiara_sym_l2,52,85226,GPU
20260905-210810-m5p-timeline,lc128kz,longctx-zipf,tiara_sym_l2,52,85400,GPU
20260905-210810-m5p-timeline,lc128kz,longctx-zipf,tiara_sym_l2,52,85574,GPU
20260905-210810-m5p-timeline,lc128kz,longctx-zipf,tiara_sym_l2,52,85748,GPU
20260905-210810-m5p-timeline,lc128kz,longctx-zipf,tiara_sym_l2,52,85922,GPU
20260905-210810-m5p-timeline,lc128kz,longctx-zipf,tiara_sym_l2,52,86096,GPU
20260905-210810-m5p-timeline,lc128kz,longctx-zipf,tiara_sym_l2,52,86270,GPU
20260905-210810-m5p-timeline,lc128kz,longctx-zipf,tiara_sym_l2,52,86444,GPU
20260905-210810-m5p-timeline,lc128kz,longctx-zipf,tiara_sym_l2,52,86618,GPU
20260905-210810-m5p-timeline,lc128kz,longctx-zipf,tiara_sym_l2,52,86792,GPU
20260905-210810-m5p-timeline,lc128kz,longctx-zipf,tiara_sym_l2,52,86966,GPU
20260905-210810-m5p-timeline,lc128kz,longctx-zipf,tiara_sym_l2,52,87140,GPU
20260905-210810-m5p-timeline,lc128kz,longctx-zipf,tiara_sym_l2,52,87314,GPU
20260905-210810-m5p-timeline,lc128kz,longctx-zipf,tiara_sym_l2,52,87488,GPU
20260905-210810-m5p-timeline,lc128kz,longctx-zipf,tiara_sym_l2,52,87662,GPU
20260905-210810-m5p-timeline,lc128kz,longctx-zipf,tiara_sym_l2,52,87836,GPU
20260905-210810-m5p-timeline,lc128kz,longctx-zipf,tiara_sym_l2,52,88010,GPU
20260905-210810-m5p-timeline,lc128kz,longctx-zipf,tiara_sym_l2,52,88184,GPU
20260905-210810-m5p-timeline,lc128kz,longctx-zipf,tiara_sym_l2,52,88358,GPU
20260905-210810-m5p-timeline,lc128kz,longctx-zipf,tiara_sym_l2,52,88532,GPU
20260905-210810-m5p-timeline,lc128kz,longctx-zipf,tiara_sym_l2,52,88706,GPU
20260905-210810-m5p-timeline,lc128kz,longctx-zipf,tiara_sym_l2,52,88880,GPU
20260905-210810-m5p-timeline,lc128kz,longctx-zipf,tiara_sym_l2,52,89054,GPU
20260905-210810-m5p-timeline,lc128kz,longctx-zipf,tiara_sym_l2,52,89228,CPU
20260905-210810-m5p-timeline,lc128kz,longctx-zipf,tiara_sym_l2,52,89402,CPU
20260905-210810-m5p-timeline,lc128kz,longctx-zipf,tiara_sym_l2,52,89576,CPU
20260905-210810-m5p-timeline,lc128kz,longctx-zipf,tiara_sym_l2,52,89750,CPU
20260905-210810-m5p-timeline,lc128kz,longctx-zipf,tiara_sym_l2,52,89924,CPU
20260905-210810-m5p-timeline,lc128kz,longctx-zipf,tiara_sym_l2,52,90098,CPU
20260905-210810-m5p-timeline,lc128kz,longctx-zipf,tiara_sym_l2,53,81920,GPU
20260905-210810-m5p-timeline,lc128kz,longctx-zipf,tiara_sym_l2,53,82094,GPU
20260905-210810-m5p-timeline,lc128kz,longctx-zipf,tiara_sym_l2,53,82268,GPU
20260905-210810-m5p-timeline,lc128kz,longctx-zipf,tiara_sym_l2,53,82442,GPU
20260905-210810-m5p-timeline,lc128kz,longctx-zipf,tiara_sym_l2,53,82616,GPU
20260905-210810-m5p-timeline,lc128kz,longctx-zipf,tiara_sym_l2,53,82790,GPU
20260905-210810-m5p-timeline,lc128kz,longctx-zipf,tiara_sym_l2,53,82964,GPU
20260905-210810-m5p-timeline,lc128kz,longctx-zipf,tiara_sym_l2,53,83138,GPU
20260905-210810-m5p-timeline,lc128kz,longctx-zipf,tiara_sym_l2,53,83312,GPU
20260905-210810-m5p-timeline,lc128kz,longctx-zipf,tiara_sym_l2,53,83486,GPU
20260905-210810-m5p-timeline,lc128kz,longctx-zipf,tiara_sym_l2,53,83660,GPU
20260905-210810-m5p-timeline,lc128kz,longctx-zipf,tiara_sym_l2,53,83834,GPU
20260905-210810-m5p-timeline,lc128kz,longctx-zipf,tiara_sym_l2,53,84008,GPU
20260905-210810-m5p-timeline,lc128kz,longctx-zipf,tiara_sym_l2,53,84182,GPU
20260905-210810-m5p-timeline,lc128kz,longctx-zipf,tiara_sym_l2,53,84356,GPU
20260905-210810-m5p-timeline,lc128kz,longctx-zipf,tiara_sym_l2,53,84530,GPU
20260905-210810-m5p-timeline,lc128kz,longctx-zipf,tiara_sym_l2,53,84704,GPU
20260905-210810-m5p-timeline,lc128kz,longctx-zipf,tiara_sym_l2,53,84878,GPU
20260905-210810-m5p-timeline,lc128kz,longctx-zipf,tiara_sym_l2,53,85052,GPU
20260905-210810-m5p-timeline,lc128kz,longctx-zipf,tiara_sym_l2,53,85226,GPU
20260905-210810-m5p-timeline,lc128kz,longctx-zipf,tiara_sym_l2,53,85400,GPU
20260905-210810-m5p-timeline,lc128kz,longctx-zipf,tiara_sym_l2,53,85574,GPU
20260905-210810-m5p-timeline,lc128kz,longctx-zipf,tiara_sym_l2,53,85748,GPU
20260905-210810-m5p-timeline,lc128kz,longctx-zipf,tiara_sym_l2,53,85922,GPU
20260905-210810-m5p-timeline,lc128kz,longctx-zipf,tiara_sym_l2,53,86096,GPU
20260905-210810-m5p-timeline,lc128kz,longctx-zipf,tiara_sym_l2,53,86270,GPU
20260905-210810-m5p-timeline,lc128kz,longctx-zipf,tiara_sym_l2,53,86444,GPU
20260905-210810-m5p-timeline,lc128kz,longctx-zipf,tiara_sym_l2,53,86618,GPU
20260905-210810-m5p-timeline,lc128kz,longctx-zipf,tiara_sym_l2,53,86792,GPU
20260905-210810-m5p-timeline,lc128kz,longctx-zipf,tiara_sym_l2,53,86966,GPU
20260905-210810-m5p-timeline,lc128kz,longctx-zipf,tiara_sym_l2,53,87140,GPU
20260905-210810-m5p-timeline,lc128kz,longctx-zipf,tiara_sym_l2,53,87314,GPU
20260905-210810-m5p-timeline,lc128kz,longctx-zipf,tiara_sym_l2,53,87488,GPU
20260905-210810-m5p-timeline,lc128kz,longctx-zipf,tiara_sym_l2,53,87662,GPU
20260905-210810-m5p-timeline,lc128kz,longctx-zipf,tiara_sym_l2,53,87836,GPU
20260905-210810-m5p-timeline,lc128kz,longctx-zipf,tiara_sym_l2,53,88010,GPU
20260905-210810-m5p-timeline,lc128kz,longctx-zipf,tiara_sym_l2,53,88184,GPU
20260905-210810-m5p-timeline,lc128kz,longctx-zipf,tiara_sym_l2,53,88358,GPU
20260905-210810-m5p-timeline,lc128kz,longctx-zipf,tiara_sym_l2,53,88532,GPU
20260905-210810-m5p-timeline,lc128kz,longctx-zipf,tiara_sym_l2,53,88706,GPU
20260905-210810-m5p-timeline,lc128kz,longctx-zipf,tiara_sym_l2,53,88880,GPU
20260905-210810-m5p-timeline,lc128kz,longctx-zipf,tiara_sym_l2,53,89054,GPU
20260905-210810-m5p-timeline,lc128kz,longctx-zipf,tiara_sym_l2,53,89228,CPU
20260905-210810-m5p-timeline,lc128kz,longctx-zipf,tiara_sym_l2,53,89402,CPU
20260905-210810-m5p-timeline,lc128kz,longctx-zipf,tiara_sym_l2,53,89576,CPU
20260905-210810-m5p-timeline,lc128kz,longctx-zipf,tiara_sym_l2,53,89750,CPU
20260905-210810-m5p-timeline,lc128kz,longctx-zipf,tiara_sym_l2,53,89924,CPU
20260905-210810-m5p-timeline,lc128kz,longctx-zipf,tiara_sym_l2,53,90098,CPU
20260905-210810-m5p-timeline,lc128kz,longctx-zipf,tiara_sym_l2,54,81920,GPU
20260905-210810-m5p-timeline,lc128kz,longctx-zipf,tiara_sym_l2,54,82094,GPU
20260905-210810-m5p-timeline,lc128kz,longctx-zipf,tiara_sym_l2,54,82268,GPU
20260905-210810-m5p-timeline,lc128kz,longctx-zipf,tiara_sym_l2,54,82442,GPU
20260905-210810-m5p-timeline,lc128kz,longctx-zipf,tiara_sym_l2,54,82616,GPU
20260905-210810-m5p-timeline,lc128kz,longctx-zipf,tiara_sym_l2,54,82790,GPU
20260905-210810-m5p-timeline,lc128kz,longctx-zipf,tiara_sym_l2,54,82964,GPU
20260905-210810-m5p-timeline,lc128kz,longctx-zipf,tiara_sym_l2,54,83138,GPU
20260905-210810-m5p-timeline,lc128kz,longctx-zipf,tiara_sym_l2,54,83312,GPU
20260905-210810-m5p-timeline,lc128kz,longctx-zipf,tiara_sym_l2,54,83486,GPU
20260905-210810-m5p-timeline,lc128kz,longctx-zipf,tiara_sym_l2,54,83660,GPU
20260905-210810-m5p-timeline,lc128kz,longctx-zipf,tiara_sym_l2,54,83834,GPU
20260905-210810-m5p-timeline,lc128kz,longctx-zipf,tiara_sym_l2,54,84008,GPU
20260905-210810-m5p-timeline,lc128kz,longctx-zipf,tiara_sym_l2,54,84182,GPU
20260905-210810-m5p-timeline,lc128kz,longctx-zipf,tiara_sym_l2,54,84356,GPU
20260905-210810-m5p-timeline,lc128kz,longctx-zipf,tiara_sym_l2,54,84530,GPU
20260905-210810-m5p-timeline,lc128kz,longctx-zipf,tiara_sym_l2,54,84704,GPU
20260905-210810-m5p-timeline,lc128kz,longctx-zipf,tiara_sym_l2,54,84878,GPU
20260905-210810-m5p-timeline,lc128kz,longctx-zipf,tiara_sym_l2,54,85052,GPU
20260905-210810-m5p-timeline,lc128kz,longctx-zipf,tiara_sym_l2,54,85226,GPU
20260905-210810-m5p-timeline,lc128kz,longctx-zipf,tiara_sym_l2,54,85400,GPU
20260905-210810-m5p-timeline,lc128kz,longctx-zipf,tiara_sym_l2,54,85574,GPU
20260905-210810-m5p-timeline,lc128kz,longctx-zipf,tiara_sym_l2,54,85748,GPU
20260905-210810-m5p-timeline,lc128kz,longctx-zipf,tiara_sym_l2,54,85922,GPU
20260905-210810-m5p-timeline,lc128kz,longctx-zipf,tiara_sym_l2,54,86096,GPU
20260905-210810-m5p-timeline,lc128kz,longctx-zipf,tiara_sym_l2,54,86270,GPU
20260905-210810-m5p-timeline,lc128kz,longctx-zipf,tiara_sym_l2,54,86444,GPU
20260905-210810-m5p-timeline,lc128kz,longctx-zipf,tiara_sym_l2,54,86618,GPU
20260905-210810-m5p-timeline,lc128kz,longctx-zipf,tiara_sym_l2,54,86792,GPU
20260905-210810-m5p-timeline,lc128kz,longctx-zipf,tiara_sym_l2,54,86966,GPU
20260905-210810-m5p-timeline,lc128kz,longctx-zipf,tiara_sym_l2,54,87140,GPU
20260905-210810-m5p-timeline,lc128kz,longctx-zipf,tiara_sym_l2,54,87314,GPU
20260905-210810-m5p-timeline,lc128kz,longctx-zipf,tiara_sym_l2,54,87488,GPU
20260905-210810-m5p-timeline,lc128kz,longctx-zipf,tiara_sym_l2,54,87662,GPU
20260905-210810-m5p-timeline,lc128kz,longctx-zipf,tiara_sym_l2,54,87836,GPU
20260905-210810-m5p-timeline,lc128kz,longctx-zipf,tiara_sym_l2,54,88010,GPU
20260905-210810-m5p-timeline,lc128kz,longctx-zipf,tiara_sym_l2,54,88184,GPU
20260905-210810-m5p-timeline,lc128kz,longctx-zipf,tiara_sym_l2,54,88358,GPU
20260905-210810-m5p-timeline,lc128kz,longctx-zipf,tiara_sym_l2,54,88532,GPU
20260905-210810-m5p-timeline,lc128kz,longctx-zipf,tiara_sym_l2,54,88706,GPU
20260905-210810-m5p-timeline,lc128kz,longctx-zipf,tiara_sym_l2,54,88880,GPU
20260905-210810-m5p-timeline,lc128kz,longctx-zipf,tiara_sym_l2,54,89054,GPU
20260905-210810-m5p-timeline,lc128kz,longctx-zipf,tiara_sym_l2,54,89228,CPU
20260905-210810-m5p-timeline,lc128kz,longctx-zipf,tiara_sym_l2,54,89402,CPU
20260905-210810-m5p-timeline,lc128kz,longctx-zipf,tiara_sym_l2,54,89576,CPU
20260905-210810-m5p-timeline,lc128kz,longctx-zipf,tiara_sym_l2,54,89750,CPU
20260905-210810-m5p-timeline,lc128kz,longctx-zipf,tiara_sym_l2,54,89924,CPU
20260905-210810-m5p-timeline,lc128kz,longctx-zipf,tiara_sym_l2,54,90098,CPU
20260905-210810-m5p-timeline,lc128kz,longctx-zipf,tiara_sym_l2,55,81920,GPU
20260905-210810-m5p-timeline,lc128kz,longctx-zipf,tiara_sym_l2,55,82094,GPU
20260905-210810-m5p-timeline,lc128kz,longctx-zipf,tiara_sym_l2,55,82268,GPU
20260905-210810-m5p-timeline,lc128kz,longctx-zipf,tiara_sym_l2,55,82442,GPU
20260905-210810-m5p-timeline,lc128kz,longctx-zipf,tiara_sym_l2,55,82616,GPU
20260905-210810-m5p-timeline,lc128kz,longctx-zipf,tiara_sym_l2,55,82790,GPU
20260905-210810-m5p-timeline,lc128kz,longctx-zipf,tiara_sym_l2,55,82964,GPU
20260905-210810-m5p-timeline,lc128kz,longctx-zipf,tiara_sym_l2,55,83138,GPU
20260905-210810-m5p-timeline,lc128kz,longctx-zipf,tiara_sym_l2,55,83312,GPU
20260905-210810-m5p-timeline,lc128kz,longctx-zipf,tiara_sym_l2,55,83486,GPU
20260905-210810-m5p-timeline,lc128kz,longctx-zipf,tiara_sym_l2,55,83660,GPU
20260905-210810-m5p-timeline,lc128kz,longctx-zipf,tiara_sym_l2,55,83834,GPU
20260905-210810-m5p-timeline,lc128kz,longctx-zipf,tiara_sym_l2,55,84008,GPU
20260905-210810-m5p-timeline,lc128kz,longctx-zipf,tiara_sym_l2,55,84182,GPU
20260905-210810-m5p-timeline,lc128kz,longctx-zipf,tiara_sym_l2,55,84356,GPU
20260905-210810-m5p-timeline,lc128kz,longctx-zipf,tiara_sym_l2,55,84530,GPU
20260905-210810-m5p-timeline,lc128kz,longctx-zipf,tiara_sym_l2,55,84704,GPU
20260905-210810-m5p-timeline,lc128kz,longctx-zipf,tiara_sym_l2,55,84878,GPU
20260905-210810-m5p-timeline,lc128kz,longctx-zipf,tiara_sym_l2,55,85052,GPU
20260905-210810-m5p-timeline,lc128kz,longctx-zipf,tiara_sym_l2,55,85226,GPU
20260905-210810-m5p-timeline,lc128kz,longctx-zipf,tiara_sym_l2,55,85400,GPU
20260905-210810-m5p-timeline,lc128kz,longctx-zipf,tiara_sym_l2,55,85574,GPU
20260905-210810-m5p-timeline,lc128kz,longctx-zipf,tiara_sym_l2,55,85748,GPU
20260905-210810-m5p-timeline,lc128kz,longctx-zipf,tiara_sym_l2,55,85922,GPU
20260905-210810-m5p-timeline,lc128kz,longctx-zipf,tiara_sym_l2,55,86096,GPU
20260905-210810-m5p-timeline,lc128kz,longctx-zipf,tiara_sym_l2,55,86270,GPU
20260905-210810-m5p-timeline,lc128kz,longctx-zipf,tiara_sym_l2,55,86444,GPU
20260905-210810-m5p-timeline,lc128kz,longctx-zipf,tiara_sym_l2,55,86618,GPU
20260905-210810-m5p-timeline,lc128kz,longctx-zipf,tiara_sym_l2,55,86792,GPU
20260905-210810-m5p-timeline,lc128kz,longctx-zipf,tiara_sym_l2,55,86966,GPU
20260905-210810-m5p-timeline,lc128kz,longctx-zipf,tiara_sym_l2,55,87140,GPU
20260905-210810-m5p-timeline,lc128kz,longctx-zipf,tiara_sym_l2,55,87314,GPU
20260905-210810-m5p-timeline,lc128kz,longctx-zipf,tiara_sym_l2,55,87488,GPU
20260905-210810-m5p-timeline,lc128kz,longctx-zipf,tiara_sym_l2,55,87662,GPU
20260905-210810-m5p-timeline,lc128kz,longctx-zipf,tiara_sym_l2,55,87836,GPU
20260905-210810-m5p-timeline,lc128kz,longctx-zipf,tiara_sym_l2,55,88010,GPU
20260905-210810-m5p-timeline,lc128kz,longctx-zipf,tiara_sym_l2,55,88184,GPU
20260905-210810-m5p-timeline,lc128kz,longctx-zipf,tiara_sym_l2,55,88358,GPU
20260905-210810-m5p-timeline,lc128kz,longctx-zipf,tiara_sym_l2,55,88532,GPU
20260905-210810-m5p-timeline,lc128kz,longctx-zipf,tiara_sym_l2,55,88706,GPU
20260905-210810-m5p-timeline,lc128kz,longctx-zipf,tiara_sym_l2,55,88880,GPU
20260905-210810-m5p-timeline,lc128kz,longctx-zipf,tiara_sym_l2,55,89054,GPU
20260905-210810-m5p-timeline,lc128kz,longctx-zipf,tiara_sym_l2,55,89228,CPU
20260905-210810-m5p-timeline,lc128kz,longctx-zipf,tiara_sym_l2,55,89402,CPU
20260905-210810-m5p-timeline,lc128kz,longctx-zipf,tiara_sym_l2,55,89576,CPU
20260905-210810-m5p-timeline,lc128kz,longctx-zipf,tiara_sym_l2,55,89750,CPU
20260905-210810-m5p-timeline,lc128kz,longctx-zipf,tiara_sym_l2,55,89924,CPU
20260905-210810-m5p-timeline,lc128kz,longctx-zipf,tiara_sym_l2,55,90098,CPU
20260905-210810-m5p-timeline,lc128kz,longctx-zipf,tiara_sym_l2,56,81920,GPU
20260905-210810-m5p-timeline,lc128kz,longctx-zipf,tiara_sym_l2,56,82094,GPU
20260905-210810-m5p-timeline,lc128kz,longctx-zipf,tiara_sym_l2,56,82268,GPU
20260905-210810-m5p-timeline,lc128kz,longctx-zipf,tiara_sym_l2,56,82442,GPU
20260905-210810-m5p-timeline,lc128kz,longctx-zipf,tiara_sym_l2,56,82616,GPU
20260905-210810-m5p-timeline,lc128kz,longctx-zipf,tiara_sym_l2,56,82790,GPU
20260905-210810-m5p-timeline,lc128kz,longctx-zipf,tiara_sym_l2,56,82964,GPU
20260905-210810-m5p-timeline,lc128kz,longctx-zipf,tiara_sym_l2,56,83138,GPU
20260905-210810-m5p-timeline,lc128kz,longctx-zipf,tiara_sym_l2,56,83312,GPU
20260905-210810-m5p-timeline,lc128kz,longctx-zipf,tiara_sym_l2,56,83486,GPU
20260905-210810-m5p-timeline,lc128kz,longctx-zipf,tiara_sym_l2,56,83660,GPU
20260905-210810-m5p-timeline,lc128kz,longctx-zipf,tiara_sym_l2,56,83834,GPU
20260905-210810-m5p-timeline,lc128kz,longctx-zipf,tiara_sym_l2,56,84008,GPU
20260905-210810-m5p-timeline,lc128kz,longctx-zipf,tiara_sym_l2,56,84182,GPU
20260905-210810-m5p-timeline,lc128kz,longctx-zipf,tiara_sym_l2,56,84356,GPU
20260905-210810-m5p-timeline,lc128kz,longctx-zipf,tiara_sym_l2,56,84530,GPU
20260905-210810-m5p-timeline,lc128kz,longctx-zipf,tiara_sym_l2,56,84704,GPU
20260905-210810-m5p-timeline,lc128kz,longctx-zipf,tiara_sym_l2,56,84878,GPU
20260905-210810-m5p-timeline,lc128kz,longctx-zipf,tiara_sym_l2,56,85052,GPU
20260905-210810-m5p-timeline,lc128kz,longctx-zipf,tiara_sym_l2,56,85226,GPU
20260905-210810-m5p-timeline,lc128kz,longctx-zipf,tiara_sym_l2,56,85400,GPU
20260905-210810-m5p-timeline,lc128kz,longctx-zipf,tiara_sym_l2,56,85574,GPU
20260905-210810-m5p-timeline,lc128kz,longctx-zipf,tiara_sym_l2,56,85748,GPU
20260905-210810-m5p-timeline,lc128kz,longctx-zipf,tiara_sym_l2,56,85922,GPU
20260905-210810-m5p-timeline,lc128kz,longctx-zipf,tiara_sym_l2,56,86096,GPU
20260905-210810-m5p-timeline,lc128kz,longctx-zipf,tiara_sym_l2,56,86270,GPU
20260905-210810-m5p-timeline,lc128kz,longctx-zipf,tiara_sym_l2,56,86444,GPU
20260905-210810-m5p-timeline,lc128kz,longctx-zipf,tiara_sym_l2,56,86618,GPU
20260905-210810-m5p-timeline,lc128kz,longctx-zipf,tiara_sym_l2,56,86792,GPU
20260905-210810-m5p-timeline,lc128kz,longctx-zipf,tiara_sym_l2,56,86966,GPU
20260905-210810-m5p-timeline,lc128kz,longctx-zipf,tiara_sym_l2,56,87140,GPU
20260905-210810-m5p-timeline,lc128kz,longctx-zipf,tiara_sym_l2,56,87314,GPU
20260905-210810-m5p-timeline,lc128kz,longctx-zipf,tiara_sym_l2,56,87488,GPU
20260905-210810-m5p-timeline,lc128kz,longctx-zipf,tiara_sym_l2,56,87662,GPU
20260905-210810-m5p-timeline,lc128kz,longctx-zipf,tiara_sym_l2,56,87836,GPU
20260905-210810-m5p-timeline,lc128kz,longctx-zipf,tiara_sym_l2,56,88010,GPU
20260905-210810-m5p-timeline,lc128kz,longctx-zipf,tiara_sym_l2,56,88184,GPU
20260905-210810-m5p-timeline,lc128kz,longctx-zipf,tiara_sym_l2,56,88358,GPU
20260905-210810-m5p-timeline,lc128kz,longctx-zipf,tiara_sym_l2,56,88532,GPU
20260905-210810-m5p-timeline,lc128kz,longctx-zipf,tiara_sym_l2,56,88706,GPU
20260905-210810-m5p-timeline,lc128kz,longctx-zipf,tiara_sym_l2,56,88880,GPU
20260905-210810-m5p-timeline,lc128kz,longctx-zipf,tiara_sym_l2,56,89054,GPU
20260905-210810-m5p-timeline,lc128kz,longctx-zipf,tiara_sym_l2,56,89228,CPU
20260905-210810-m5p-timeline,lc128kz,longctx-zipf,tiara_sym_l2,56,89402,CPU
20260905-210810-m5p-timeline,lc128kz,longctx-zipf,tiara_sym_l2,56,89576,CPU
20260905-210810-m5p-timeline,lc128kz,longctx-zipf,tiara_sym_l2,56,89750,CPU
20260905-210810-m5p-timeline,lc128kz,longctx-zipf,tiara_sym_l2,56,89924,CPU
20260905-210810-m5p-timeline,lc128kz,longctx-zipf,tiara_sym_l2,56,90098,CPU
20260905-210810-m5p-timeline,lc128kz,longctx-zipf,tiara_sym_l2,57,81920,GPU
20260905-210810-m5p-timeline,lc128kz,longctx-zipf,tiara_sym_l2,57,82094,GPU
20260905-210810-m5p-timeline,lc128kz,longctx-zipf,tiara_sym_l2,57,82268,GPU
20260905-210810-m5p-timeline,lc128kz,longctx-zipf,tiara_sym_l2,57,82442,GPU
20260905-210810-m5p-timeline,lc128kz,longctx-zipf,tiara_sym_l2,57,82616,GPU
20260905-210810-m5p-timeline,lc128kz,longctx-zipf,tiara_sym_l2,57,82790,GPU
20260905-210810-m5p-timeline,lc128kz,longctx-zipf,tiara_sym_l2,57,82964,GPU
20260905-210810-m5p-timeline,lc128kz,longctx-zipf,tiara_sym_l2,57,83138,GPU
20260905-210810-m5p-timeline,lc128kz,longctx-zipf,tiara_sym_l2,57,83312,GPU
20260905-210810-m5p-timeline,lc128kz,longctx-zipf,tiara_sym_l2,57,83486,GPU
20260905-210810-m5p-timeline,lc128kz,longctx-zipf,tiara_sym_l2,57,83660,GPU
20260905-210810-m5p-timeline,lc128kz,longctx-zipf,tiara_sym_l2,57,83834,GPU
20260905-210810-m5p-timeline,lc128kz,longctx-zipf,tiara_sym_l2,57,84008,GPU
20260905-210810-m5p-timeline,lc128kz,longctx-zipf,tiara_sym_l2,57,84182,GPU
20260905-210810-m5p-timeline,lc128kz,longctx-zipf,tiara_sym_l2,57,84356,GPU
20260905-210810-m5p-timeline,lc128kz,longctx-zipf,tiara_sym_l2,57,84530,GPU
20260905-210810-m5p-timeline,lc128kz,longctx-zipf,tiara_sym_l2,57,84704,GPU
20260905-210810-m5p-timeline,lc128kz,longctx-zipf,tiara_sym_l2,57,84878,GPU
20260905-210810-m5p-timeline,lc128kz,longctx-zipf,tiara_sym_l2,57,85052,GPU
20260905-210810-m5p-timeline,lc128kz,longctx-zipf,tiara_sym_l2,57,85226,GPU
20260905-210810-m5p-timeline,lc128kz,longctx-zipf,tiara_sym_l2,57,85400,GPU
20260905-210810-m5p-timeline,lc128kz,longctx-zipf,tiara_sym_l2,57,85574,GPU
20260905-210810-m5p-timeline,lc128kz,longctx-zipf,tiara_sym_l2,57,85748,GPU
20260905-210810-m5p-timeline,lc128kz,longctx-zipf,tiara_sym_l2,57,85922,GPU
20260905-210810-m5p-timeline,lc128kz,longctx-zipf,tiara_sym_l2,57,86096,GPU
20260905-210810-m5p-timeline,lc128kz,longctx-zipf,tiara_sym_l2,57,86270,GPU
20260905-210810-m5p-timeline,lc128kz,longctx-zipf,tiara_sym_l2,57,86444,GPU
20260905-210810-m5p-timeline,lc128kz,longctx-zipf,tiara_sym_l2,57,86618,GPU
20260905-210810-m5p-timeline,lc128kz,longctx-zipf,tiara_sym_l2,57,86792,GPU
20260905-210810-m5p-timeline,lc128kz,longctx-zipf,tiara_sym_l2,57,86966,GPU
20260905-210810-m5p-timeline,lc128kz,longctx-zipf,tiara_sym_l2,57,87140,GPU
20260905-210810-m5p-timeline,lc128kz,longctx-zipf,tiara_sym_l2,57,87314,GPU
20260905-210810-m5p-timeline,lc128kz,longctx-zipf,tiara_sym_l2,57,87488,GPU
20260905-210810-m5p-timeline,lc128kz,longctx-zipf,tiara_sym_l2,57,87662,GPU
20260905-210810-m5p-timeline,lc128kz,longctx-zipf,tiara_sym_l2,57,87836,GPU
20260905-210810-m5p-timeline,lc128kz,longctx-zipf,tiara_sym_l2,57,88010,GPU
20260905-210810-m5p-timeline,lc128kz,longctx-zipf,tiara_sym_l2,57,88184,GPU
20260905-210810-m5p-timeline,lc128kz,longctx-zipf,tiara_sym_l2,57,88358,GPU
20260905-210810-m5p-timeline,lc128kz,longctx-zipf,tiara_sym_l2,57,88532,GPU
20260905-210810-m5p-timeline,lc128kz,longctx-zipf,tiara_sym_l2,57,88706,GPU
20260905-210810-m5p-timeline,lc128kz,longctx-zipf,tiara_sym_l2,57,88880,GPU
20260905-210810-m5p-timeline,lc128kz,longctx-zipf,tiara_sym_l2,57,89054,GPU
20260905-210810-m5p-timeline,lc128kz,longctx-zipf,tiara_sym_l2,57,89228,CPU
20260905-210810-m5p-timeline,lc128kz,longctx-zipf,tiara_sym_l2,57,89402,CPU
20260905-210810-m5p-timeline,lc128kz,longctx-zipf,tiara_sym_l2,57,89576,CPU
20260905-210810-m5p-timeline,lc128kz,longctx-zipf,tiara_sym_l2,57,89750,CPU
20260905-210810-m5p-timeline,lc128kz,longctx-zipf,tiara_sym_l2,57,89924,CPU
20260905-210810-m5p-timeline,lc128kz,longctx-zipf,tiara_sym_l2,57,90098,SSD
20260905-210810-m5p-timeline,lc128kz,longctx-zipf,tiara_sym_l2,58,81920,GPU
20260905-210810-m5p-timeline,lc128kz,longctx-zipf,tiara_sym_l2,58,82094,GPU
20260905-210810-m5p-timeline,lc128kz,longctx-zipf,tiara_sym_l2,58,82268,GPU
20260905-210810-m5p-timeline,lc128kz,longctx-zipf,tiara_sym_l2,58,82442,GPU
20260905-210810-m5p-timeline,lc128kz,longctx-zipf,tiara_sym_l2,58,82616,GPU
20260905-210810-m5p-timeline,lc128kz,longctx-zipf,tiara_sym_l2,58,82790,GPU
20260905-210810-m5p-timeline,lc128kz,longctx-zipf,tiara_sym_l2,58,82964,GPU
20260905-210810-m5p-timeline,lc128kz,longctx-zipf,tiara_sym_l2,58,83138,GPU
20260905-210810-m5p-timeline,lc128kz,longctx-zipf,tiara_sym_l2,58,83312,GPU
20260905-210810-m5p-timeline,lc128kz,longctx-zipf,tiara_sym_l2,58,83486,GPU
20260905-210810-m5p-timeline,lc128kz,longctx-zipf,tiara_sym_l2,58,83660,GPU
20260905-210810-m5p-timeline,lc128kz,longctx-zipf,tiara_sym_l2,58,83834,GPU
20260905-210810-m5p-timeline,lc128kz,longctx-zipf,tiara_sym_l2,58,84008,GPU
20260905-210810-m5p-timeline,lc128kz,longctx-zipf,tiara_sym_l2,58,84182,GPU
20260905-210810-m5p-timeline,lc128kz,longctx-zipf,tiara_sym_l2,58,84356,GPU
20260905-210810-m5p-timeline,lc128kz,longctx-zipf,tiara_sym_l2,58,84530,GPU
20260905-210810-m5p-timeline,lc128kz,longctx-zipf,tiara_sym_l2,58,84704,GPU
20260905-210810-m5p-timeline,lc128kz,longctx-zipf,tiara_sym_l2,58,84878,GPU
20260905-210810-m5p-timeline,lc128kz,longctx-zipf,tiara_sym_l2,58,85052,GPU
20260905-210810-m5p-timeline,lc128kz,longctx-zipf,tiara_sym_l2,58,85226,GPU
20260905-210810-m5p-timeline,lc128kz,longctx-zipf,tiara_sym_l2,58,85400,GPU
20260905-210810-m5p-timeline,lc128kz,longctx-zipf,tiara_sym_l2,58,85574,GPU
20260905-210810-m5p-timeline,lc128kz,longctx-zipf,tiara_sym_l2,58,85748,GPU
20260905-210810-m5p-timeline,lc128kz,longctx-zipf,tiara_sym_l2,58,85922,GPU
20260905-210810-m5p-timeline,lc128kz,longctx-zipf,tiara_sym_l2,58,86096,GPU
20260905-210810-m5p-timeline,lc128kz,longctx-zipf,tiara_sym_l2,58,86270,GPU
20260905-210810-m5p-timeline,lc128kz,longctx-zipf,tiara_sym_l2,58,86444,GPU
20260905-210810-m5p-timeline,lc128kz,longctx-zipf,tiara_sym_l2,58,86618,GPU
20260905-210810-m5p-timeline,lc128kz,longctx-zipf,tiara_sym_l2,58,86792,GPU
20260905-210810-m5p-timeline,lc128kz,longctx-zipf,tiara_sym_l2,58,86966,GPU
20260905-210810-m5p-timeline,lc128kz,longctx-zipf,tiara_sym_l2,58,87140,GPU
20260905-210810-m5p-timeline,lc128kz,longctx-zipf,tiara_sym_l2,58,87314,GPU
20260905-210810-m5p-timeline,lc128kz,longctx-zipf,tiara_sym_l2,58,87488,GPU
20260905-210810-m5p-timeline,lc128kz,longctx-zipf,tiara_sym_l2,58,87662,GPU
20260905-210810-m5p-timeline,lc128kz,longctx-zipf,tiara_sym_l2,58,87836,GPU
20260905-210810-m5p-timeline,lc128kz,longctx-zipf,tiara_sym_l2,58,88010,GPU
20260905-210810-m5p-timeline,lc128kz,longctx-zipf,tiara_sym_l2,58,88184,GPU
20260905-210810-m5p-timeline,lc128kz,longctx-zipf,tiara_sym_l2,58,88358,GPU
20260905-210810-m5p-timeline,lc128kz,longctx-zipf,tiara_sym_l2,58,88532,GPU
20260905-210810-m5p-timeline,lc128kz,longctx-zipf,tiara_sym_l2,58,88706,GPU
20260905-210810-m5p-timeline,lc128kz,longctx-zipf,tiara_sym_l2,58,88880,GPU
20260905-210810-m5p-timeline,lc128kz,longctx-zipf,tiara_sym_l2,58,89054,CPU
20260905-210810-m5p-timeline,lc128kz,longctx-zipf,tiara_sym_l2,58,89228,CPU
20260905-210810-m5p-timeline,lc128kz,longctx-zipf,tiara_sym_l2,58,89402,CPU
20260905-210810-m5p-timeline,lc128kz,longctx-zipf,tiara_sym_l2,58,89576,CPU
20260905-210810-m5p-timeline,lc128kz,longctx-zipf,tiara_sym_l2,58,89750,CPU
20260905-210810-m5p-timeline,lc128kz,longctx-zipf,tiara_sym_l2,58,89924,CPU
20260905-210810-m5p-timeline,lc128kz,longctx-zipf,tiara_sym_l2,58,90098,SSD
20260905-210810-m5p-timeline,lc128kz,longctx-zipf,tiara_sym_l2,59,81920,GPU
20260905-210810-m5p-timeline,lc128kz,longctx-zipf,tiara_sym_l2,59,82094,GPU
20260905-210810-m5p-timeline,lc128kz,longctx-zipf,tiara_sym_l2,59,82268,GPU
20260905-210810-m5p-timeline,lc128kz,longctx-zipf,tiara_sym_l2,59,82442,GPU
20260905-210810-m5p-timeline,lc128kz,longctx-zipf,tiara_sym_l2,59,82616,GPU
20260905-210810-m5p-timeline,lc128kz,longctx-zipf,tiara_sym_l2,59,82790,GPU
20260905-210810-m5p-timeline,lc128kz,longctx-zipf,tiara_sym_l2,59,82964,GPU
20260905-210810-m5p-timeline,lc128kz,longctx-zipf,tiara_sym_l2,59,83138,GPU
20260905-210810-m5p-timeline,lc128kz,longctx-zipf,tiara_sym_l2,59,83312,GPU
20260905-210810-m5p-timeline,lc128kz,longctx-zipf,tiara_sym_l2,59,83486,GPU
20260905-210810-m5p-timeline,lc128kz,longctx-zipf,tiara_sym_l2,59,83660,GPU
20260905-210810-m5p-timeline,lc128kz,longctx-zipf,tiara_sym_l2,59,83834,GPU
20260905-210810-m5p-timeline,lc128kz,longctx-zipf,tiara_sym_l2,59,84008,GPU
20260905-210810-m5p-timeline,lc128kz,longctx-zipf,tiara_sym_l2,59,84182,GPU
20260905-210810-m5p-timeline,lc128kz,longctx-zipf,tiara_sym_l2,59,84356,GPU
20260905-210810-m5p-timeline,lc128kz,longctx-zipf,tiara_sym_l2,59,84530,GPU
20260905-210810-m5p-timeline,lc128kz,longctx-zipf,tiara_sym_l2,59,84704,GPU
20260905-210810-m5p-timeline,lc128kz,longctx-zipf,tiara_sym_l2,59,84878,GPU
20260905-210810-m5p-timeline,lc128kz,longctx-zipf,tiara_sym_l2,59,85052,GPU
20260905-210810-m5p-timeline,lc128kz,longctx-zipf,tiara_sym_l2,59,85226,GPU
20260905-210810-m5p-timeline,lc128kz,longctx-zipf,tiara_sym_l2,59,85400,GPU
20260905-210810-m5p-timeline,lc128kz,longctx-zipf,tiara_sym_l2,59,85574,GPU
20260905-210810-m5p-timeline,lc128kz,longctx-zipf,tiara_sym_l2,59,85748,GPU
20260905-210810-m5p-timeline,lc128kz,longctx-zipf,tiara_sym_l2,59,85922,GPU
20260905-210810-m5p-timeline,lc128kz,longctx-zipf,tiara_sym_l2,59,86096,GPU
20260905-210810-m5p-timeline,lc128kz,longctx-zipf,tiara_sym_l2,59,86270,GPU
20260905-210810-m5p-timeline,lc128kz,longctx-zipf,tiara_sym_l2,59,86444,GPU
20260905-210810-m5p-timeline,lc128kz,longctx-zipf,tiara_sym_l2,59,86618,GPU
20260905-210810-m5p-timeline,lc128kz,longctx-zipf,tiara_sym_l2,59,86792,GPU
20260905-210810-m5p-timeline,lc128kz,longctx-zipf,tiara_sym_l2,59,86966,GPU
20260905-210810-m5p-timeline,lc128kz,longctx-zipf,tiara_sym_l2,59,87140,GPU
20260905-210810-m5p-timeline,lc128kz,longctx-zipf,tiara_sym_l2,59,87314,GPU
20260905-210810-m5p-timeline,lc128kz,longctx-zipf,tiara_sym_l2,59,87488,GPU
20260905-210810-m5p-timeline,lc128kz,longctx-zipf,tiara_sym_l2,59,87662,GPU
20260905-210810-m5p-timeline,lc128kz,longctx-zipf,tiara_sym_l2,59,87836,GPU
20260905-210810-m5p-timeline,lc128kz,longctx-zipf,tiara_sym_l2,59,88010,GPU
20260905-210810-m5p-timeline,lc128kz,longctx-zipf,tiara_sym_l2,59,88184,GPU
20260905-210810-m5p-timeline,lc128kz,longctx-zipf,tiara_sym_l2,59,88358,GPU
20260905-210810-m5p-timeline,lc128kz,longctx-zipf,tiara_sym_l2,59,88532,GPU
20260905-210810-m5p-timeline,lc128kz,longctx-zipf,tiara_sym_l2,59,88706,GPU
20260905-210810-m5p-timeline,lc128kz,longctx-zipf,tiara_sym_l2,59,88880,GPU
20260905-210810-m5p-timeline,lc128kz,longctx-zipf,tiara_sym_l2,59,89054,CPU
20260905-210810-m5p-timeline,lc128kz,longctx-zipf,tiara_sym_l2,59,89228,CPU
20260905-210810-m5p-timeline,lc128kz,longctx-zipf,tiara_sym_l2,59,89402,CPU
20260905-210810-m5p-timeline,lc128kz,longctx-zipf,tiara_sym_l2,59,89576,CPU
20260905-210810-m5p-timeline,lc128kz,longctx-zipf,tiara_sym_l2,59,89750,CPU
20260905-210810-m5p-timeline,lc128kz,longctx-zipf,tiara_sym_l2,59,89924,CPU
20260905-210810-m5p-timeline,lc128kz,longctx-zipf,tiara_sym_l2,59,90098,SSD
20260905-210810-m5p-timeline,lc128kz,longctx-zipf,tiara_sym_l2,60,81920,GPU
20260905-210810-m5p-timeline,lc128kz,longctx-zipf,tiara_sym_l2,60,82094,GPU
20260905-210810-m5p-timeline,lc128kz,longctx-zipf,tiara_sym_l2,60,82268,GPU
20260905-210810-m5p-timeline,lc128kz,longctx-zipf,tiara_sym_l2,60,82442,GPU
20260905-210810-m5p-timeline,lc128kz,longctx-zipf,tiara_sym_l2,60,82616,GPU
20260905-210810-m5p-timeline,lc128kz,longctx-zipf,tiara_sym_l2,60,82790,GPU
20260905-210810-m5p-timeline,lc128kz,longctx-zipf,tiara_sym_l2,60,82964,GPU
20260905-210810-m5p-timeline,lc128kz,longctx-zipf,tiara_sym_l2,60,83138,GPU
20260905-210810-m5p-timeline,lc128kz,longctx-zipf,tiara_sym_l2,60,83312,GPU
20260905-210810-m5p-timeline,lc128kz,longctx-zipf,tiara_sym_l2,60,83486,GPU
20260905-210810-m5p-timeline,lc128kz,longctx-zipf,tiara_sym_l2,60,83660,GPU
20260905-210810-m5p-timeline,lc128kz,longctx-zipf,tiara_sym_l2,60,83834,GPU
20260905-210810-m5p-timeline,lc128kz,longctx-zipf,tiara_sym_l2,60,84008,GPU
20260905-210810-m5p-timeline,lc128kz,longctx-zipf,tiara_sym_l2,60,84182,GPU
20260905-210810-m5p-timeline,lc128kz,longctx-zipf,tiara_sym_l2,60,84356,GPU
20260905-210810-m5p-timeline,lc128kz,longctx-zipf,tiara_sym_l2,60,84530,GPU
20260905-210810-m5p-timeline,lc128kz,longctx-zipf,tiara_sym_l2,60,84704,GPU
20260905-210810-m5p-timeline,lc128kz,longctx-zipf,tiara_sym_l2,60,84878,GPU
20260905-210810-m5p-timeline,lc128kz,longctx-zipf,tiara_sym_l2,60,85052,GPU
20260905-210810-m5p-timeline,lc128kz,longctx-zipf,tiara_sym_l2,60,85226,GPU
20260905-210810-m5p-timeline,lc128kz,longctx-zipf,tiara_sym_l2,60,85400,GPU
20260905-210810-m5p-timeline,lc128kz,longctx-zipf,tiara_sym_l2,60,85574,GPU
20260905-210810-m5p-timeline,lc128kz,longctx-zipf,tiara_sym_l2,60,85748,GPU
20260905-210810-m5p-timeline,lc128kz,longctx-zipf,tiara_sym_l2,60,85922,GPU
20260905-210810-m5p-timeline,lc128kz,longctx-zipf,tiara_sym_l2,60,86096,GPU
20260905-210810-m5p-timeline,lc128kz,longctx-zipf,tiara_sym_l2,60,86270,GPU
20260905-210810-m5p-timeline,lc128kz,longctx-zipf,tiara_sym_l2,60,86444,GPU
20260905-210810-m5p-timeline,lc128kz,longctx-zipf,tiara_sym_l2,60,86618,GPU
20260905-210810-m5p-timeline,lc128kz,longctx-zipf,tiara_sym_l2,60,86792,GPU
20260905-210810-m5p-timeline,lc128kz,longctx-zipf,tiara_sym_l2,60,86966,GPU
20260905-210810-m5p-timeline,lc128kz,longctx-zipf,tiara_sym_l2,60,87140,GPU
20260905-210810-m5p-timeline,lc128kz,longctx-zipf,tiara_sym_l2,60,87314,GPU
20260905-210810-m5p-timeline,lc128kz,longctx-zipf,tiara_sym_l2,60,87488,GPU
20260905-210810-m5p-timeline,lc128kz,longctx-zipf,tiara_sym_l2,60,87662,GPU
20260905-210810-m5p-timeline,lc128kz,longctx-zipf,tiara_sym_l2,60,87836,GPU
20260905-210810-m5p-timeline,lc128kz,longctx-zipf,tiara_sym_l2,60,88010,GPU
20260905-210810-m5p-timeline,lc128kz,longctx-zipf,tiara_sym_l2,60,88184,GPU
20260905-210810-m5p-timeline,lc128kz,longctx-zipf,tiara_sym_l2,60,88358,GPU
20260905-210810-m5p-timeline,lc128kz,longctx-zipf,tiara_sym_l2,60,88532,GPU
20260905-210810-m5p-timeline,lc128kz,longctx-zipf,tiara_sym_l2,60,88706,GPU
20260905-210810-m5p-timeline,lc128kz,longctx-zipf,tiara_sym_l2,60,88880,GPU
20260905-210810-m5p-timeline,lc128kz,longctx-zipf,tiara_sym_l2,60,89054,CPU
20260905-210810-m5p-timeline,lc128kz,longctx-zipf,tiara_sym_l2,60,89228,CPU
20260905-210810-m5p-timeline,lc128kz,longctx-zipf,tiara_sym_l2,60,89402,CPU
20260905-210810-m5p-timeline,lc128kz,longctx-zipf,tiara_sym_l2,60,89576,CPU
20260905-210810-m5p-timeline,lc128kz,longctx-zipf,tiara_sym_l2,60,89750,CPU
20260905-210810-m5p-timeline,lc128kz,longctx-zipf,tiara_sym_l2,60,89924,CPU
20260905-210810-m5p-timeline,lc128kz,longctx-zipf,tiara_sym_l2,60,90098,SSD
20260905-210810-m5p-timeline,lc128kz,longctx-zipf,tiara_sym_l2,61,81920,GPU
20260905-210810-m5p-timeline,lc128kz,longctx-zipf,tiara_sym_l2,61,82094,GPU
20260905-210810-m5p-timeline,lc128kz,longctx-zipf,tiara_sym_l2,61,82268,GPU
20260905-210810-m5p-timeline,lc128kz,longctx-zipf,tiara_sym_l2,61,82442,GPU
20260905-210810-m5p-timeline,lc128kz,longctx-zipf,tiara_sym_l2,61,82616,GPU
20260905-210810-m5p-timeline,lc128kz,longctx-zipf,tiara_sym_l2,61,82790,GPU
20260905-210810-m5p-timeline,lc128kz,longctx-zipf,tiara_sym_l2,61,82964,GPU
20260905-210810-m5p-timeline,lc128kz,longctx-zipf,tiara_sym_l2,61,83138,GPU
20260905-210810-m5p-timeline,lc128kz,longctx-zipf,tiara_sym_l2,61,83312,GPU
20260905-210810-m5p-timeline,lc128kz,longctx-zipf,tiara_sym_l2,61,83486,GPU
20260905-210810-m5p-timeline,lc128kz,longctx-zipf,tiara_sym_l2,61,83660,GPU
20260905-210810-m5p-timeline,lc128kz,longctx-zipf,tiara_sym_l2,61,83834,GPU
20260905-210810-m5p-timeline,lc128kz,longctx-zipf,tiara_sym_l2,61,84008,GPU
20260905-210810-m5p-timeline,lc128kz,longctx-zipf,tiara_sym_l2,61,84182,GPU
20260905-210810-m5p-timeline,lc128kz,longctx-zipf,tiara_sym_l2,61,84356,GPU
20260905-210810-m5p-timeline,lc128kz,longctx-zipf,tiara_sym_l2,61,84530,GPU
20260905-210810-m5p-timeline,lc128kz,longctx-zipf,tiara_sym_l2,61,84704,GPU
20260905-210810-m5p-timeline,lc128kz,longctx-zipf,tiara_sym_l2,61,84878,GPU
20260905-210810-m5p-timeline,lc128kz,longctx-zipf,tiara_sym_l2,61,85052,GPU
20260905-210810-m5p-timeline,lc128kz,longctx-zipf,tiara_sym_l2,61,85226,GPU
20260905-210810-m5p-timeline,lc128kz,longctx-zipf,tiara_sym_l2,61,85400,GPU
20260905-210810-m5p-timeline,lc128kz,longctx-zipf,tiara_sym_l2,61,85574,GPU
20260905-210810-m5p-timeline,lc128kz,longctx-zipf,tiara_sym_l2,61,85748,GPU
20260905-210810-m5p-timeline,lc128kz,longctx-zipf,tiara_sym_l2,61,85922,GPU
20260905-210810-m5p-timeline,lc128kz,longctx-zipf,tiara_sym_l2,61,86096,GPU
20260905-210810-m5p-timeline,lc128kz,longctx-zipf,tiara_sym_l2,61,86270,GPU
20260905-210810-m5p-timeline,lc128kz,longctx-zipf,tiara_sym_l2,61,86444,GPU
20260905-210810-m5p-timeline,lc128kz,longctx-zipf,tiara_sym_l2,61,86618,GPU
20260905-210810-m5p-timeline,lc128kz,longctx-zipf,tiara_sym_l2,61,86792,GPU
20260905-210810-m5p-timeline,lc128kz,longctx-zipf,tiara_sym_l2,61,86966,GPU
20260905-210810-m5p-timeline,lc128kz,longctx-zipf,tiara_sym_l2,61,87140,GPU
20260905-210810-m5p-timeline,lc128kz,longctx-zipf,tiara_sym_l2,61,87314,GPU
20260905-210810-m5p-timeline,lc128kz,longctx-zipf,tiara_sym_l2,61,87488,GPU
20260905-210810-m5p-timeline,lc128kz,longctx-zipf,tiara_sym_l2,61,87662,GPU
20260905-210810-m5p-timeline,lc128kz,longctx-zipf,tiara_sym_l2,61,87836,GPU
20260905-210810-m5p-timeline,lc128kz,longctx-zipf,tiara_sym_l2,61,88010,GPU
20260905-210810-m5p-timeline,lc128kz,longctx-zipf,tiara_sym_l2,61,88184,GPU
20260905-210810-m5p-timeline,lc128kz,longctx-zipf,tiara_sym_l2,61,88358,GPU
20260905-210810-m5p-timeline,lc128kz,longctx-zipf,tiara_sym_l2,61,88532,GPU
20260905-210810-m5p-timeline,lc128kz,longctx-zipf,tiara_sym_l2,61,88706,GPU
20260905-210810-m5p-timeline,lc128kz,longctx-zipf,tiara_sym_l2,61,88880,GPU
20260905-210810-m5p-timeline,lc128kz,longctx-zipf,tiara_sym_l2,61,89054,CPU
20260905-210810-m5p-timeline,lc128kz,longctx-zipf,tiara_sym_l2,61,89228,CPU
20260905-210810-m5p-timeline,lc128kz,longctx-zipf,tiara_sym_l2,61,89402,CPU
20260905-210810-m5p-timeline,lc128kz,longctx-zipf,tiara_sym_l2,61,89576,CPU
20260905-210810-m5p-timeline,lc128kz,longctx-zipf,tiara_sym_l2,61,89750,CPU
20260905-210810-m5p-timeline,lc128kz,longctx-zipf,tiara_sym_l2,61,89924,CPU
20260905-210810-m5p-timeline,lc128kz,longctx-zipf,tiara_sym_l2,61,90098,SSD
20260905-210810-m5p-timeline,lc128kz,longctx-zipf,tiara_sym_l2,62,81920,GPU
20260905-210810-m5p-timeline,lc128kz,longctx-zipf,tiara_sym_l2,62,82094,GPU
20260905-210810-m5p-timeline,lc128kz,longctx-zipf,tiara_sym_l2,62,82268,GPU
20260905-210810-m5p-timeline,lc128kz,longctx-zipf,tiara_sym_l2,62,82442,GPU
20260905-210810-m5p-timeline,lc128kz,longctx-zipf,tiara_sym_l2,62,82616,GPU
20260905-210810-m5p-timeline,lc128kz,longctx-zipf,tiara_sym_l2,62,82790,GPU
20260905-210810-m5p-timeline,lc128kz,longctx-zipf,tiara_sym_l2,62,82964,GPU
20260905-210810-m5p-timeline,lc128kz,longctx-zipf,tiara_sym_l2,62,83138,GPU
20260905-210810-m5p-timeline,lc128kz,longctx-zipf,tiara_sym_l2,62,83312,GPU
20260905-210810-m5p-timeline,lc128kz,longctx-zipf,tiara_sym_l2,62,83486,GPU
20260905-210810-m5p-timeline,lc128kz,longctx-zipf,tiara_sym_l2,62,83660,GPU
20260905-210810-m5p-timeline,lc128kz,longctx-zipf,tiara_sym_l2,62,83834,GPU
20260905-210810-m5p-timeline,lc128kz,longctx-zipf,tiara_sym_l2,62,84008,GPU
20260905-210810-m5p-timeline,lc128kz,longctx-zipf,tiara_sym_l2,62,84182,GPU
20260905-210810-m5p-timeline,lc128kz,longctx-zipf,tiara_sym_l2,62,84356,GPU
20260905-210810-m5p-timeline,lc128kz,longctx-zipf,tiara_sym_l2,62,84530,GPU
20260905-210810-m5p-timeline,lc128kz,longctx-zipf,tiara_sym_l2,62,84704,GPU
20260905-210810-m5p-timeline,lc128kz,longctx-zipf,tiara_sym_l2,62,84878,GPU
20260905-210810-m5p-timeline,lc128kz,longctx-zipf,tiara_sym_l2,62,85052,GPU
20260905-210810-m5p-timeline,lc128kz,longctx-zipf,tiara_sym_l2,62,85226,GPU
20260905-210810-m5p-timeline,lc128kz,longctx-zipf,tiara_sym_l2,62,85400,GPU
20260905-210810-m5p-timeline,lc128kz,longctx-zipf,tiara_sym_l2,62,85574,GPU
20260905-210810-m5p-timeline,lc128kz,longctx-zipf,tiara_sym_l2,62,85748,GPU
20260905-210810-m5p-timeline,lc128kz,longctx-zipf,tiara_sym_l2,62,85922,GPU
20260905-210810-m5p-timeline,lc128kz,longctx-zipf,tiara_sym_l2,62,86096,GPU
20260905-210810-m5p-timeline,lc128kz,longctx-zipf,tiara_sym_l2,62,86270,GPU
20260905-210810-m5p-timeline,lc128kz,longctx-zipf,tiara_sym_l2,62,86444,GPU
20260905-210810-m5p-timeline,lc128kz,longctx-zipf,tiara_sym_l2,62,86618,GPU
20260905-210810-m5p-timeline,lc128kz,longctx-zipf,tiara_sym_l2,62,86792,GPU
20260905-210810-m5p-timeline,lc128kz,longctx-zipf,tiara_sym_l2,62,86966,GPU
20260905-210810-m5p-timeline,lc128kz,longctx-zipf,tiara_sym_l2,62,87140,GPU
20260905-210810-m5p-timeline,lc128kz,longctx-zipf,tiara_sym_l2,62,87314,GPU
20260905-210810-m5p-timeline,lc128kz,longctx-zipf,tiara_sym_l2,62,87488,GPU
20260905-210810-m5p-timeline,lc128kz,longctx-zipf,tiara_sym_l2,62,87662,GPU
20260905-210810-m5p-timeline,lc128kz,longctx-zipf,tiara_sym_l2,62,87836,GPU
20260905-210810-m5p-timeline,lc128kz,longctx-zipf,tiara_sym_l2,62,88010,GPU
20260905-210810-m5p-timeline,lc128kz,longctx-zipf,tiara_sym_l2,62,88184,GPU
20260905-210810-m5p-timeline,lc128kz,longctx-zipf,tiara_sym_l2,62,88358,GPU
20260905-210810-m5p-timeline,lc128kz,longctx-zipf,tiara_sym_l2,62,88532,GPU
20260905-210810-m5p-timeline,lc128kz,longctx-zipf,tiara_sym_l2,62,88706,GPU
20260905-210810-m5p-timeline,lc128kz,longctx-zipf,tiara_sym_l2,62,88880,GPU
20260905-210810-m5p-timeline,lc128kz,longctx-zipf,tiara_sym_l2,62,89054,CPU
20260905-210810-m5p-timeline,lc128kz,longctx-zipf,tiara_sym_l2,62,89228,CPU
20260905-210810-m5p-timeline,lc128kz,longctx-zipf,tiara_sym_l2,62,89402,CPU
20260905-210810-m5p-timeline,lc128kz,longctx-zipf,tiara_sym_l2,62,89576,CPU
20260905-210810-m5p-timeline,lc128kz,longctx-zipf,tiara_sym_l2,62,89750,CPU
20260905-210810-m5p-timeline,lc128kz,longctx-zipf,tiara_sym_l2,62,89924,CPU
20260905-210810-m5p-timeline,lc128kz,longctx-zipf,tiara_sym_l2,62,90098,SSD
20260905-210810-m5p-timeline,lc128kz,longctx-zipf,tiara_sym_l2,63,81920,GPU
20260905-210810-m5p-timeline,lc128kz,longctx-zipf,tiara_sym_l2,63,82094,GPU
20260905-210810-m5p-timeline,lc128kz,longctx-zipf,tiara_sym_l2,63,82268,GPU
20260905-210810-m5p-timeline,lc128kz,longctx-zipf,tiara_sym_l2,63,82442,GPU
20260905-210810-m5p-timeline,lc128kz,longctx-zipf,tiara_sym_l2,63,82616,GPU
20260905-210810-m5p-timeline,lc128kz,longctx-zipf,tiara_sym_l2,63,82790,GPU
20260905-210810-m5p-timeline,lc128kz,longctx-zipf,tiara_sym_l2,63,82964,GPU
20260905-210810-m5p-timeline,lc128kz,longctx-zipf,tiara_sym_l2,63,83138,GPU
20260905-210810-m5p-timeline,lc128kz,longctx-zipf,tiara_sym_l2,63,83312,GPU
20260905-210810-m5p-timeline,lc128kz,longctx-zipf,tiara_sym_l2,63,83486,GPU
20260905-210810-m5p-timeline,lc128kz,longctx-zipf,tiara_sym_l2,63,83660,GPU
20260905-210810-m5p-timeline,lc128kz,longctx-zipf,tiara_sym_l2,63,83834,GPU
20260905-210810-m5p-timeline,lc128kz,longctx-zipf,tiara_sym_l2,63,84008,GPU
20260905-210810-m5p-timeline,lc128kz,longctx-zipf,tiara_sym_l2,63,84182,GPU
20260905-210810-m5p-timeline,lc128kz,longctx-zipf,tiara_sym_l2,63,84356,GPU
20260905-210810-m5p-timeline,lc128kz,longctx-zipf,tiara_sym_l2,63,84530,GPU
20260905-210810-m5p-timeline,lc128kz,longctx-zipf,tiara_sym_l2,63,84704,GPU
20260905-210810-m5p-timeline,lc128kz,longctx-zipf,tiara_sym_l2,63,84878,GPU
20260905-210810-m5p-timeline,lc128kz,longctx-zipf,tiara_sym_l2,63,85052,GPU
20260905-210810-m5p-timeline,lc128kz,longctx-zipf,tiara_sym_l2,63,85226,GPU
20260905-210810-m5p-timeline,lc128kz,longctx-zipf,tiara_sym_l2,63,85400,GPU
20260905-210810-m5p-timeline,lc128kz,longctx-zipf,tiara_sym_l2,63,85574,GPU
20260905-210810-m5p-timeline,lc128kz,longctx-zipf,tiara_sym_l2,63,85748,GPU
20260905-210810-m5p-timeline,lc128kz,longctx-zipf,tiara_sym_l2,63,85922,GPU
20260905-210810-m5p-timeline,lc128kz,longctx-zipf,tiara_sym_l2,63,86096,GPU
20260905-210810-m5p-timeline,lc128kz,longctx-zipf,tiara_sym_l2,63,86270,GPU
20260905-210810-m5p-timeline,lc128kz,longctx-zipf,tiara_sym_l2,63,86444,GPU
20260905-210810-m5p-timeline,lc128kz,longctx-zipf,tiara_sym_l2,63,86618,GPU
20260905-210810-m5p-timeline,lc128kz,longctx-zipf,tiara_sym_l2,63,86792,GPU
20260905-210810-m5p-timeline,lc128kz,longctx-zipf,tiara_sym_l2,63,86966,GPU
20260905-210810-m5p-timeline,lc128kz,longctx-zipf,tiara_sym_l2,63,87140,GPU
20260905-210810-m5p-timeline,lc128kz,longctx-zipf,tiara_sym_l2,63,87314,GPU
20260905-210810-m5p-timeline,lc128kz,longctx-zipf,tiara_sym_l2,63,87488,GPU
20260905-210810-m5p-timeline,lc128kz,longctx-zipf,tiara_sym_l2,63,87662,GPU
20260905-210810-m5p-timeline,lc128kz,longctx-zipf,tiara_sym_l2,63,87836,GPU
20260905-210810-m5p-timeline,lc128kz,longctx-zipf,tiara_sym_l2,63,88010,GPU
20260905-210810-m5p-timeline,lc128kz,longctx-zipf,tiara_sym_l2,63,88184,GPU
20260905-210810-m5p-timeline,lc128kz,longctx-zipf,tiara_sym_l2,63,88358,GPU
20260905-210810-m5p-timeline,lc128kz,longctx-zipf,tiara_sym_l2,63,88532,GPU
20260905-210810-m5p-timeline,lc128kz,longctx-zipf,tiara_sym_l2,63,88706,GPU
20260905-210810-m5p-timeline,lc128kz,longctx-zipf,tiara_sym_l2,63,88880,GPU
20260905-210810-m5p-timeline,lc128kz,longctx-zipf,tiara_sym_l2,63,89054,CPU
20260905-210810-m5p-timeline,lc128kz,longctx-zipf,tiara_sym_l2,63,89228,CPU
20260905-210810-m5p-timeline,lc128kz,longctx-zipf,tiara_sym_l2,63,89402,CPU
20260905-210810-m5p-timeline,lc128kz,longctx-zipf,tiara_sym_l2,63,89576,CPU
20260905-210810-m5p-timeline,lc128kz,longctx-zipf,tiara_sym_l2,63,89750,CPU
20260905-210810-m5p-timeline,lc128kz,longctx-zipf,tiara_sym_l2,63,89924,CPU
20260905-210810-m5p-timeline,lc128kz,longctx-zipf,tiara_sym_l2,63,90098,SSD
20260905-210810-m5p-timeline,lc128kz,longctx-zipf,tiara_sym_l2,64,81920,GPU
20260905-210810-m5p-timeline,lc128kz,longctx-zipf,tiara_sym_l2,64,82094,GPU
20260905-210810-m5p-timeline,lc128kz,longctx-zipf,tiara_sym_l2,64,82268,GPU
20260905-210810-m5p-timeline,lc128kz,longctx-zipf,tiara_sym_l2,64,82442,GPU
20260905-210810-m5p-timeline,lc128kz,longctx-zipf,tiara_sym_l2,64,82616,GPU
20260905-210810-m5p-timeline,lc128kz,longctx-zipf,tiara_sym_l2,64,82790,GPU
20260905-210810-m5p-timeline,lc128kz,longctx-zipf,tiara_sym_l2,64,82964,GPU
20260905-210810-m5p-timeline,lc128kz,longctx-zipf,tiara_sym_l2,64,83138,GPU
20260905-210810-m5p-timeline,lc128kz,longctx-zipf,tiara_sym_l2,64,83312,GPU
20260905-210810-m5p-timeline,lc128kz,longctx-zipf,tiara_sym_l2,64,83486,GPU
20260905-210810-m5p-timeline,lc128kz,longctx-zipf,tiara_sym_l2,64,83660,GPU
20260905-210810-m5p-timeline,lc128kz,longctx-zipf,tiara_sym_l2,64,83834,GPU
20260905-210810-m5p-timeline,lc128kz,longctx-zipf,tiara_sym_l2,64,84008,GPU
20260905-210810-m5p-timeline,lc128kz,longctx-zipf,tiara_sym_l2,64,84182,GPU
20260905-210810-m5p-timeline,lc128kz,longctx-zipf,tiara_sym_l2,64,84356,GPU
20260905-210810-m5p-timeline,lc128kz,longctx-zipf,tiara_sym_l2,64,84530,GPU
20260905-210810-m5p-timeline,lc128kz,longctx-zipf,tiara_sym_l2,64,84704,GPU
20260905-210810-m5p-timeline,lc128kz,longctx-zipf,tiara_sym_l2,64,84878,GPU
20260905-210810-m5p-timeline,lc128kz,longctx-zipf,tiara_sym_l2,64,85052,GPU
20260905-210810-m5p-timeline,lc128kz,longctx-zipf,tiara_sym_l2,64,85226,GPU
20260905-210810-m5p-timeline,lc128kz,longctx-zipf,tiara_sym_l2,64,85400,GPU
20260905-210810-m5p-timeline,lc128kz,longctx-zipf,tiara_sym_l2,64,85574,GPU
20260905-210810-m5p-timeline,lc128kz,longctx-zipf,tiara_sym_l2,64,85748,GPU
20260905-210810-m5p-timeline,lc128kz,longctx-zipf,tiara_sym_l2,64,85922,GPU
20260905-210810-m5p-timeline,lc128kz,longctx-zipf,tiara_sym_l2,64,86096,GPU
20260905-210810-m5p-timeline,lc128kz,longctx-zipf,tiara_sym_l2,64,86270,GPU
20260905-210810-m5p-timeline,lc128kz,longctx-zipf,tiara_sym_l2,64,86444,GPU
20260905-210810-m5p-timeline,lc128kz,longctx-zipf,tiara_sym_l2,64,86618,GPU
20260905-210810-m5p-timeline,lc128kz,longctx-zipf,tiara_sym_l2,64,86792,GPU
20260905-210810-m5p-timeline,lc128kz,longctx-zipf,tiara_sym_l2,64,86966,GPU
20260905-210810-m5p-timeline,lc128kz,longctx-zipf,tiara_sym_l2,64,87140,GPU
20260905-210810-m5p-timeline,lc128kz,longctx-zipf,tiara_sym_l2,64,87314,GPU
20260905-210810-m5p-timeline,lc128kz,longctx-zipf,tiara_sym_l2,64,87488,GPU
20260905-210810-m5p-timeline,lc128kz,longctx-zipf,tiara_sym_l2,64,87662,GPU
20260905-210810-m5p-timeline,lc128kz,longctx-zipf,tiara_sym_l2,64,87836,GPU
20260905-210810-m5p-timeline,lc128kz,longctx-zipf,tiara_sym_l2,64,88010,GPU
20260905-210810-m5p-timeline,lc128kz,longctx-zipf,tiara_sym_l2,64,88184,GPU
20260905-210810-m5p-timeline,lc128kz,longctx-zipf,tiara_sym_l2,64,88358,GPU
20260905-210810-m5p-timeline,lc128kz,longctx-zipf,tiara_sym_l2,64,88532,GPU
20260905-210810-m5p-timeline,lc128kz,longctx-zipf,tiara_sym_l2,64,88706,GPU
20260905-210810-m5p-timeline,lc128kz,longctx-zipf,tiara_sym_l2,64,88880,GPU
20260905-210810-m5p-timeline,lc128kz,longctx-zipf,tiara_sym_l2,64,89054,CPU
20260905-210810-m5p-timeline,lc128kz,longctx-zipf,tiara_sym_l2,64,89228,CPU
20260905-210810-m5p-timeline,lc128kz,longctx-zipf,tiara_sym_l2,64,89402,CPU
20260905-210810-m5p-timeline,lc128kz,longctx-zipf,tiara_sym_l2,64,89576,CPU
20260905-210810-m5p-timeline,lc128kz,longctx-zipf,tiara_sym_l2,64,89750,CPU
20260905-210810-m5p-timeline,lc128kz,longctx-zipf,tiara_sym_l2,64,89924,CPU
20260905-210810-m5p-timeline,lc128kz,longctx-zipf,tiara_sym_l2,64,90098,SSD
20260905-210810-m5p-timeline,lc128kz,longctx-zipf,tiara_sym_l2,65,81920,GPU
20260905-210810-m5p-timeline,lc128kz,longctx-zipf,tiara_sym_l2,65,82094,GPU
20260905-210810-m5p-timeline,lc128kz,longctx-zipf,tiara_sym_l2,65,82268,GPU
20260905-210810-m5p-timeline,lc128kz,longctx-zipf,tiara_sym_l2,65,82442,GPU
20260905-210810-m5p-timeline,lc128kz,longctx-zipf,tiara_sym_l2,65,82616,GPU
20260905-210810-m5p-timeline,lc128kz,longctx-zipf,tiara_sym_l2,65,82790,GPU
20260905-210810-m5p-timeline,lc128kz,longctx-zipf,tiara_sym_l2,65,82964,GPU
20260905-210810-m5p-timeline,lc128kz,longctx-zipf,tiara_sym_l2,65,83138,GPU
20260905-210810-m5p-timeline,lc128kz,longctx-zipf,tiara_sym_l2,65,83312,GPU
20260905-210810-m5p-timeline,lc128kz,longctx-zipf,tiara_sym_l2,65,83486,GPU
20260905-210810-m5p-timeline,lc128kz,longctx-zipf,tiara_sym_l2,65,83660,GPU
20260905-210810-m5p-timeline,lc128kz,longctx-zipf,tiara_sym_l2,65,83834,GPU
20260905-210810-m5p-timeline,lc128kz,longctx-zipf,tiara_sym_l2,65,84008,GPU
20260905-210810-m5p-timeline,lc128kz,longctx-zipf,tiara_sym_l2,65,84182,GPU
20260905-210810-m5p-timeline,lc128kz,longctx-zipf,tiara_sym_l2,65,84356,GPU
20260905-210810-m5p-timeline,lc128kz,longctx-zipf,tiara_sym_l2,65,84530,GPU
20260905-210810-m5p-timeline,lc128kz,longctx-zipf,tiara_sym_l2,65,84704,GPU
20260905-210810-m5p-timeline,lc128kz,longctx-zipf,tiara_sym_l2,65,84878,GPU
20260905-210810-m5p-timeline,lc128kz,longctx-zipf,tiara_sym_l2,65,85052,GPU
20260905-210810-m5p-timeline,lc128kz,longctx-zipf,tiara_sym_l2,65,85226,GPU
20260905-210810-m5p-timeline,lc128kz,longctx-zipf,tiara_sym_l2,65,85400,GPU
20260905-210810-m5p-timeline,lc128kz,longctx-zipf,tiara_sym_l2,65,85574,GPU
20260905-210810-m5p-timeline,lc128kz,longctx-zipf,tiara_sym_l2,65,85748,GPU
20260905-210810-m5p-timeline,lc128kz,longctx-zipf,tiara_sym_l2,65,85922,GPU
20260905-210810-m5p-timeline,lc128kz,longctx-zipf,tiara_sym_l2,65,86096,GPU
20260905-210810-m5p-timeline,lc128kz,longctx-zipf,tiara_sym_l2,65,86270,GPU
20260905-210810-m5p-timeline,lc128kz,longctx-zipf,tiara_sym_l2,65,86444,GPU
20260905-210810-m5p-timeline,lc128kz,longctx-zipf,tiara_sym_l2,65,86618,GPU
20260905-210810-m5p-timeline,lc128kz,longctx-zipf,tiara_sym_l2,65,86792,GPU
20260905-210810-m5p-timeline,lc128kz,longctx-zipf,tiara_sym_l2,65,86966,GPU
20260905-210810-m5p-timeline,lc128kz,longctx-zipf,tiara_sym_l2,65,87140,GPU
20260905-210810-m5p-timeline,lc128kz,longctx-zipf,tiara_sym_l2,65,87314,GPU
20260905-210810-m5p-timeline,lc128kz,longctx-zipf,tiara_sym_l2,65,87488,GPU
20260905-210810-m5p-timeline,lc128kz,longctx-zipf,tiara_sym_l2,65,87662,GPU
20260905-210810-m5p-timeline,lc128kz,longctx-zipf,tiara_sym_l2,65,87836,GPU
20260905-210810-m5p-timeline,lc128kz,longctx-zipf,tiara_sym_l2,65,88010,GPU
20260905-210810-m5p-timeline,lc128kz,longctx-zipf,tiara_sym_l2,65,88184,GPU
20260905-210810-m5p-timeline,lc128kz,longctx-zipf,tiara_sym_l2,65,88358,GPU
20260905-210810-m5p-timeline,lc128kz,longctx-zipf,tiara_sym_l2,65,88532,GPU
20260905-210810-m5p-timeline,lc128kz,longctx-zipf,tiara_sym_l2,65,88706,GPU
20260905-210810-m5p-timeline,lc128kz,longctx-zipf,tiara_sym_l2,65,88880,GPU
20260905-210810-m5p-timeline,lc128kz,longctx-zipf,tiara_sym_l2,65,89054,CPU
20260905-210810-m5p-timeline,lc128kz,longctx-zipf,tiara_sym_l2,65,89228,CPU
20260905-210810-m5p-timeline,lc128kz,longctx-zipf,tiara_sym_l2,65,89402,CPU
20260905-210810-m5p-timeline,lc128kz,longctx-zipf,tiara_sym_l2,65,89576,CPU
20260905-210810-m5p-timeline,lc128kz,longctx-zipf,tiara_sym_l2,65,89750,CPU
20260905-210810-m5p-timeline,lc128kz,longctx-zipf,tiara_sym_l2,65,89924,CPU
20260905-210810-m5p-timeline,lc128kz,longctx-zipf,tiara_sym_l2,65,90098,SSD
20260905-210810-m5p-timeline,lc128kz,longctx-zipf,tiara_sym_l2,66,81920,GPU
20260905-210810-m5p-timeline,lc128kz,longctx-zipf,tiara_sym_l2,66,82094,GPU
20260905-210810-m5p-timeline,lc128kz,longctx-zipf,tiara_sym_l2,66,82268,GPU
20260905-210810-m5p-timeline,lc128kz,longctx-zipf,tiara_sym_l2,66,82442,GPU
20260905-210810-m5p-timeline,lc128kz,longctx-zipf,tiara_sym_l2,66,82616,GPU
20260905-210810-m5p-timeline,lc128kz,longctx-zipf,tiara_sym_l2,66,82790,GPU
20260905-210810-m5p-timeline,lc128kz,longctx-zipf,tiara_sym_l2,66,82964,GPU
20260905-210810-m5p-timeline,lc128kz,longctx-zipf,tiara_sym_l2,66,83138,GPU
20260905-210810-m5p-timeline,lc128kz,longctx-zipf,tiara_sym_l2,66,83312,GPU
20260905-210810-m5p-timeline,lc128kz,longctx-zipf,tiara_sym_l2,66,83486,GPU
20260905-210810-m5p-timeline,lc128kz,longctx-zipf,tiara_sym_l2,66,83660,GPU
20260905-210810-m5p-timeline,lc128kz,longctx-zipf,tiara_sym_l2,66,83834,GPU
20260905-210810-m5p-timeline,lc128kz,longctx-zipf,tiara_sym_l2,66,84008,GPU
20260905-210810-m5p-timeline,lc128kz,longctx-zipf,tiara_sym_l2,66,84182,GPU
20260905-210810-m5p-timeline,lc128kz,longctx-zipf,tiara_sym_l2,66,84356,GPU
20260905-210810-m5p-timeline,lc128kz,longctx-zipf,tiara_sym_l2,66,84530,GPU
20260905-210810-m5p-timeline,lc128kz,longctx-zipf,tiara_sym_l2,66,84704,GPU
20260905-210810-m5p-timeline,lc128kz,longctx-zipf,tiara_sym_l2,66,84878,GPU
20260905-210810-m5p-timeline,lc128kz,longctx-zipf,tiara_sym_l2,66,85052,GPU
20260905-210810-m5p-timeline,lc128kz,longctx-zipf,tiara_sym_l2,66,85226,GPU
20260905-210810-m5p-timeline,lc128kz,longctx-zipf,tiara_sym_l2,66,85400,GPU
20260905-210810-m5p-timeline,lc128kz,longctx-zipf,tiara_sym_l2,66,85574,GPU
20260905-210810-m5p-timeline,lc128kz,longctx-zipf,tiara_sym_l2,66,85748,GPU
20260905-210810-m5p-timeline,lc128kz,longctx-zipf,tiara_sym_l2,66,85922,GPU
20260905-210810-m5p-timeline,lc128kz,longctx-zipf,tiara_sym_l2,66,86096,GPU
20260905-210810-m5p-timeline,lc128kz,longctx-zipf,tiara_sym_l2,66,86270,GPU
20260905-210810-m5p-timeline,lc128kz,longctx-zipf,tiara_sym_l2,66,86444,GPU
20260905-210810-m5p-timeline,lc128kz,longctx-zipf,tiara_sym_l2,66,86618,GPU
20260905-210810-m5p-timeline,lc128kz,longctx-zipf,tiara_sym_l2,66,86792,GPU
20260905-210810-m5p-timeline,lc128kz,longctx-zipf,tiara_sym_l2,66,86966,GPU
20260905-210810-m5p-timeline,lc128kz,longctx-zipf,tiara_sym_l2,66,87140,GPU
20260905-210810-m5p-timeline,lc128kz,longctx-zipf,tiara_sym_l2,66,87314,GPU
20260905-210810-m5p-timeline,lc128kz,longctx-zipf,tiara_sym_l2,66,87488,GPU
20260905-210810-m5p-timeline,lc128kz,longctx-zipf,tiara_sym_l2,66,87662,GPU
20260905-210810-m5p-timeline,lc128kz,longctx-zipf,tiara_sym_l2,66,87836,GPU
20260905-210810-m5p-timeline,lc128kz,longctx-zipf,tiara_sym_l2,66,88010,GPU
20260905-210810-m5p-timeline,lc128kz,longctx-zipf,tiara_sym_l2,66,88184,GPU
20260905-210810-m5p-timeline,lc128kz,longctx-zipf,tiara_sym_l2,66,88358,GPU
20260905-210810-m5p-timeline,lc128kz,longctx-zipf,tiara_sym_l2,66,88532,GPU
20260905-210810-m5p-timeline,lc128kz,longctx-zipf,tiara_sym_l2,66,88706,GPU
20260905-210810-m5p-timeline,lc128kz,longctx-zipf,tiara_sym_l2,66,88880,GPU
20260905-210810-m5p-timeline,lc128kz,longctx-zipf,tiara_sym_l2,66,89054,CPU
20260905-210810-m5p-timeline,lc128kz,longctx-zipf,tiara_sym_l2,66,89228,CPU
20260905-210810-m5p-timeline,lc128kz,longctx-zipf,tiara_sym_l2,66,89402,CPU
20260905-210810-m5p-timeline,lc128kz,longctx-zipf,tiara_sym_l2,66,89576,CPU
20260905-210810-m5p-timeline,lc128kz,longctx-zipf,tiara_sym_l2,66,89750,CPU
20260905-210810-m5p-timeline,lc128kz,longctx-zipf,tiara_sym_l2,66,89924,CPU
20260905-210810-m5p-timeline,lc128kz,longctx-zipf,tiara_sym_l2,66,90098,SSD
20260905-210810-m5p-timeline,lc128kz,longctx-zipf,tiara_sym_l2,67,81920,GPU
20260905-210810-m5p-timeline,lc128kz,longctx-zipf,tiara_sym_l2,67,82094,GPU
20260905-210810-m5p-timeline,lc128kz,longctx-zipf,tiara_sym_l2,67,82268,GPU
20260905-210810-m5p-timeline,lc128kz,longctx-zipf,tiara_sym_l2,67,82442,GPU
20260905-210810-m5p-timeline,lc128kz,longctx-zipf,tiara_sym_l2,67,82616,GPU
20260905-210810-m5p-timeline,lc128kz,longctx-zipf,tiara_sym_l2,67,82790,GPU
20260905-210810-m5p-timeline,lc128kz,longctx-zipf,tiara_sym_l2,67,82964,GPU
20260905-210810-m5p-timeline,lc128kz,longctx-zipf,tiara_sym_l2,67,83138,GPU
20260905-210810-m5p-timeline,lc128kz,longctx-zipf,tiara_sym_l2,67,83312,GPU
20260905-210810-m5p-timeline,lc128kz,longctx-zipf,tiara_sym_l2,67,83486,GPU
20260905-210810-m5p-timeline,lc128kz,longctx-zipf,tiara_sym_l2,67,83660,GPU
20260905-210810-m5p-timeline,lc128kz,longctx-zipf,tiara_sym_l2,67,83834,GPU
20260905-210810-m5p-timeline,lc128kz,longctx-zipf,tiara_sym_l2,67,84008,GPU
20260905-210810-m5p-timeline,lc128kz,longctx-zipf,tiara_sym_l2,67,84182,GPU
20260905-210810-m5p-timeline,lc128kz,longctx-zipf,tiara_sym_l2,67,84356,GPU
20260905-210810-m5p-timeline,lc128kz,longctx-zipf,tiara_sym_l2,67,84530,GPU
20260905-210810-m5p-timeline,lc128kz,longctx-zipf,tiara_sym_l2,67,84704,GPU
20260905-210810-m5p-timeline,lc128kz,longctx-zipf,tiara_sym_l2,67,84878,GPU
20260905-210810-m5p-timeline,lc128kz,longctx-zipf,tiara_sym_l2,67,85052,GPU
20260905-210810-m5p-timeline,lc128kz,longctx-zipf,tiara_sym_l2,67,85226,GPU
20260905-210810-m5p-timeline,lc128kz,longctx-zipf,tiara_sym_l2,67,85400,GPU
20260905-210810-m5p-timeline,lc128kz,longctx-zipf,tiara_sym_l2,67,85574,GPU
20260905-210810-m5p-timeline,lc128kz,longctx-zipf,tiara_sym_l2,67,85748,GPU
20260905-210810-m5p-timeline,lc128kz,longctx-zipf,tiara_sym_l2,67,85922,GPU
20260905-210810-m5p-timeline,lc128kz,longctx-zipf,tiara_sym_l2,67,86096,GPU
20260905-210810-m5p-timeline,lc128kz,longctx-zipf,tiara_sym_l2,67,86270,GPU
20260905-210810-m5p-timeline,lc128kz,longctx-zipf,tiara_sym_l2,67,86444,GPU
20260905-210810-m5p-timeline,lc128kz,longctx-zipf,tiara_sym_l2,67,86618,GPU
20260905-210810-m5p-timeline,lc128kz,longctx-zipf,tiara_sym_l2,67,86792,GPU
20260905-210810-m5p-timeline,lc128kz,longctx-zipf,tiara_sym_l2,67,86966,GPU
20260905-210810-m5p-timeline,lc128kz,longctx-zipf,tiara_sym_l2,67,87140,GPU
20260905-210810-m5p-timeline,lc128kz,longctx-zipf,tiara_sym_l2,67,87314,GPU
20260905-210810-m5p-timeline,lc128kz,longctx-zipf,tiara_sym_l2,67,87488,GPU
20260905-210810-m5p-timeline,lc128kz,longctx-zipf,tiara_sym_l2,67,87662,GPU
20260905-210810-m5p-timeline,lc128kz,longctx-zipf,tiara_sym_l2,67,87836,GPU
20260905-210810-m5p-timeline,lc128kz,longctx-zipf,tiara_sym_l2,67,88010,GPU
20260905-210810-m5p-timeline,lc128kz,longctx-zipf,tiara_sym_l2,67,88184,GPU
20260905-210810-m5p-timeline,lc128kz,longctx-zipf,tiara_sym_l2,67,88358,GPU
20260905-210810-m5p-timeline,lc128kz,longctx-zipf,tiara_sym_l2,67,88532,GPU
20260905-210810-m5p-timeline,lc128kz,longctx-zipf,tiara_sym_l2,67,88706,GPU
20260905-210810-m5p-timeline,lc128kz,longctx-zipf,tiara_sym_l2,67,88880,GPU
20260905-210810-m5p-timeline,lc128kz,longctx-zipf,tiara_sym_l2,67,89054,CPU
20260905-210810-m5p-timeline,lc128kz,longctx-zipf,tiara_sym_l2,67,89228,CPU
20260905-210810-m5p-timeline,lc128kz,longctx-zipf,tiara_sym_l2,67,89402,CPU
20260905-210810-m5p-timeline,lc128kz,longctx-zipf,tiara_sym_l2,67,89576,CPU
20260905-210810-m5p-timeline,lc128kz,longctx-zipf,tiara_sym_l2,67,89750,CPU
20260905-210810-m5p-timeline,lc128kz,longctx-zipf,tiara_sym_l2,67,89924,CPU
20260905-210810-m5p-timeline,lc128kz,longctx-zipf,tiara_sym_l2,67,90098,SSD
20260905-210810-m5p-timeline,lc128kz,longctx-zipf,tiara_sym_l2,68,81920,GPU
20260905-210810-m5p-timeline,lc128kz,longctx-zipf,tiara_sym_l2,68,82094,GPU
20260905-210810-m5p-timeline,lc128kz,longctx-zipf,tiara_sym_l2,68,82268,GPU
20260905-210810-m5p-timeline,lc128kz,longctx-zipf,tiara_sym_l2,68,82442,GPU
20260905-210810-m5p-timeline,lc128kz,longctx-zipf,tiara_sym_l2,68,82616,GPU
20260905-210810-m5p-timeline,lc128kz,longctx-zipf,tiara_sym_l2,68,82790,GPU
20260905-210810-m5p-timeline,lc128kz,longctx-zipf,tiara_sym_l2,68,82964,GPU
20260905-210810-m5p-timeline,lc128kz,longctx-zipf,tiara_sym_l2,68,83138,GPU
20260905-210810-m5p-timeline,lc128kz,longctx-zipf,tiara_sym_l2,68,83312,GPU
20260905-210810-m5p-timeline,lc128kz,longctx-zipf,tiara_sym_l2,68,83486,GPU
20260905-210810-m5p-timeline,lc128kz,longctx-zipf,tiara_sym_l2,68,83660,GPU
20260905-210810-m5p-timeline,lc128kz,longctx-zipf,tiara_sym_l2,68,83834,GPU
20260905-210810-m5p-timeline,lc128kz,longctx-zipf,tiara_sym_l2,68,84008,GPU
20260905-210810-m5p-timeline,lc128kz,longctx-zipf,tiara_sym_l2,68,84182,GPU
20260905-210810-m5p-timeline,lc128kz,longctx-zipf,tiara_sym_l2,68,84356,GPU
20260905-210810-m5p-timeline,lc128kz,longctx-zipf,tiara_sym_l2,68,84530,GPU
20260905-210810-m5p-timeline,lc128kz,longctx-zipf,tiara_sym_l2,68,84704,GPU
20260905-210810-m5p-timeline,lc128kz,longctx-zipf,tiara_sym_l2,68,84878,GPU
20260905-210810-m5p-timeline,lc128kz,longctx-zipf,tiara_sym_l2,68,85052,GPU
20260905-210810-m5p-timeline,lc128kz,longctx-zipf,tiara_sym_l2,68,85226,GPU
20260905-210810-m5p-timeline,lc128kz,longctx-zipf,tiara_sym_l2,68,85400,GPU
20260905-210810-m5p-timeline,lc128kz,longctx-zipf,tiara_sym_l2,68,85574,GPU
20260905-210810-m5p-timeline,lc128kz,longctx-zipf,tiara_sym_l2,68,85748,GPU
20260905-210810-m5p-timeline,lc128kz,longctx-zipf,tiara_sym_l2,68,85922,GPU
20260905-210810-m5p-timeline,lc128kz,longctx-zipf,tiara_sym_l2,68,86096,GPU
20260905-210810-m5p-timeline,lc128kz,longctx-zipf,tiara_sym_l2,68,86270,GPU
20260905-210810-m5p-timeline,lc128kz,longctx-zipf,tiara_sym_l2,68,86444,GPU
20260905-210810-m5p-timeline,lc128kz,longctx-zipf,tiara_sym_l2,68,86618,GPU
20260905-210810-m5p-timeline,lc128kz,longctx-zipf,tiara_sym_l2,68,86792,GPU
20260905-210810-m5p-timeline,lc128kz,longctx-zipf,tiara_sym_l2,68,86966,GPU
20260905-210810-m5p-timeline,lc128kz,longctx-zipf,tiara_sym_l2,68,87140,GPU
20260905-210810-m5p-timeline,lc128kz,longctx-zipf,tiara_sym_l2,68,87314,GPU
20260905-210810-m5p-timeline,lc128kz,longctx-zipf,tiara_sym_l2,68,87488,GPU
20260905-210810-m5p-timeline,lc128kz,longctx-zipf,tiara_sym_l2,68,87662,GPU
20260905-210810-m5p-timeline,lc128kz,longctx-zipf,tiara_sym_l2,68,87836,GPU
20260905-210810-m5p-timeline,lc128kz,longctx-zipf,tiara_sym_l2,68,88010,GPU
20260905-210810-m5p-timeline,lc128kz,longctx-zipf,tiara_sym_l2,68,88184,GPU
20260905-210810-m5p-timeline,lc128kz,longctx-zipf,tiara_sym_l2,68,88358,GPU
20260905-210810-m5p-timeline,lc128kz,longctx-zipf,tiara_sym_l2,68,88532,GPU
20260905-210810-m5p-timeline,lc128kz,longctx-zipf,tiara_sym_l2,68,88706,GPU
20260905-210810-m5p-timeline,lc128kz,longctx-zipf,tiara_sym_l2,68,88880,GPU
20260905-210810-m5p-timeline,lc128kz,longctx-zipf,tiara_sym_l2,68,89054,CPU
20260905-210810-m5p-timeline,lc128kz,longctx-zipf,tiara_sym_l2,68,89228,CPU
20260905-210810-m5p-timeline,lc128kz,longctx-zipf,tiara_sym_l2,68,89402,CPU
20260905-210810-m5p-timeline,lc128kz,longctx-zipf,tiara_sym_l2,68,89576,CPU
20260905-210810-m5p-timeline,lc128kz,longctx-zipf,tiara_sym_l2,68,89750,CPU
20260905-210810-m5p-timeline,lc128kz,longctx-zipf,tiara_sym_l2,68,89924,CPU
20260905-210810-m5p-timeline,lc128kz,longctx-zipf,tiara_sym_l2,68,90098,SSD
20260905-210810-m5p-timeline,lc128kz,longctx-zipf,tiara_sym_l2,69,81920,GPU
20260905-210810-m5p-timeline,lc128kz,longctx-zipf,tiara_sym_l2,69,82094,GPU
20260905-210810-m5p-timeline,lc128kz,longctx-zipf,tiara_sym_l2,69,82268,GPU
20260905-210810-m5p-timeline,lc128kz,longctx-zipf,tiara_sym_l2,69,82442,GPU
20260905-210810-m5p-timeline,lc128kz,longctx-zipf,tiara_sym_l2,69,82616,GPU
20260905-210810-m5p-timeline,lc128kz,longctx-zipf,tiara_sym_l2,69,82790,GPU
20260905-210810-m5p-timeline,lc128kz,longctx-zipf,tiara_sym_l2,69,82964,GPU
20260905-210810-m5p-timeline,lc128kz,longctx-zipf,tiara_sym_l2,69,83138,GPU
20260905-210810-m5p-timeline,lc128kz,longctx-zipf,tiara_sym_l2,69,83312,GPU
20260905-210810-m5p-timeline,lc128kz,longctx-zipf,tiara_sym_l2,69,83486,GPU
20260905-210810-m5p-timeline,lc128kz,longctx-zipf,tiara_sym_l2,69,83660,GPU
20260905-210810-m5p-timeline,lc128kz,longctx-zipf,tiara_sym_l2,69,83834,GPU
20260905-210810-m5p-timeline,lc128kz,longctx-zipf,tiara_sym_l2,69,84008,GPU
20260905-210810-m5p-timeline,lc128kz,longctx-zipf,tiara_sym_l2,69,84182,GPU
20260905-210810-m5p-timeline,lc128kz,longctx-zipf,tiara_sym_l2,69,84356,GPU
20260905-210810-m5p-timeline,lc128kz,longctx-zipf,tiara_sym_l2,69,84530,GPU
20260905-210810-m5p-timeline,lc128kz,longctx-zipf,tiara_sym_l2,69,84704,GPU
20260905-210810-m5p-timeline,lc128kz,longctx-zipf,tiara_sym_l2,69,84878,GPU
20260905-210810-m5p-timeline,lc128kz,longctx-zipf,tiara_sym_l2,69,85052,GPU
20260905-210810-m5p-timeline,lc128kz,longctx-zipf,tiara_sym_l2,69,85226,GPU
20260905-210810-m5p-timeline,lc128kz,longctx-zipf,tiara_sym_l2,69,85400,GPU
20260905-210810-m5p-timeline,lc128kz,longctx-zipf,tiara_sym_l2,69,85574,GPU
20260905-210810-m5p-timeline,lc128kz,longctx-zipf,tiara_sym_l2,69,85748,GPU
20260905-210810-m5p-timeline,lc128kz,longctx-zipf,tiara_sym_l2,69,85922,GPU
20260905-210810-m5p-timeline,lc128kz,longctx-zipf,tiara_sym_l2,69,86096,GPU
20260905-210810-m5p-timeline,lc128kz,longctx-zipf,tiara_sym_l2,69,86270,GPU
20260905-210810-m5p-timeline,lc128kz,longctx-zipf,tiara_sym_l2,69,86444,GPU
20260905-210810-m5p-timeline,lc128kz,longctx-zipf,tiara_sym_l2,69,86618,GPU
20260905-210810-m5p-timeline,lc128kz,longctx-zipf,tiara_sym_l2,69,86792,GPU
20260905-210810-m5p-timeline,lc128kz,longctx-zipf,tiara_sym_l2,69,86966,GPU
20260905-210810-m5p-timeline,lc128kz,longctx-zipf,tiara_sym_l2,69,87140,GPU
20260905-210810-m5p-timeline,lc128kz,longctx-zipf,tiara_sym_l2,69,87314,GPU
20260905-210810-m5p-timeline,lc128kz,longctx-zipf,tiara_sym_l2,69,87488,GPU
20260905-210810-m5p-timeline,lc128kz,longctx-zipf,tiara_sym_l2,69,87662,GPU
20260905-210810-m5p-timeline,lc128kz,longctx-zipf,tiara_sym_l2,69,87836,GPU
20260905-210810-m5p-timeline,lc128kz,longctx-zipf,tiara_sym_l2,69,88010,GPU
20260905-210810-m5p-timeline,lc128kz,longctx-zipf,tiara_sym_l2,69,88184,GPU
20260905-210810-m5p-timeline,lc128kz,longctx-zipf,tiara_sym_l2,69,88358,GPU
20260905-210810-m5p-timeline,lc128kz,longctx-zipf,tiara_sym_l2,69,88532,GPU
20260905-210810-m5p-timeline,lc128kz,longctx-zipf,tiara_sym_l2,69,88706,GPU
20260905-210810-m5p-timeline,lc128kz,longctx-zipf,tiara_sym_l2,69,88880,GPU
20260905-210810-m5p-timeline,lc128kz,longctx-zipf,tiara_sym_l2,69,89054,CPU
20260905-210810-m5p-timeline,lc128kz,longctx-zipf,tiara_sym_l2,69,89228,CPU
20260905-210810-m5p-timeline,lc128kz,longctx-zipf,tiara_sym_l2,69,89402,CPU
20260905-210810-m5p-timeline,lc128kz,longctx-zipf,tiara_sym_l2,69,89576,CPU
20260905-210810-m5p-timeline,lc128kz,longctx-zipf,tiara_sym_l2,69,89750,CPU
20260905-210810-m5p-timeline,lc128kz,longctx-zipf,tiara_sym_l2,69,89924,CPU
20260905-210810-m5p-timeline,lc128kz,longctx-zipf,tiara_sym_l2,69,90098,SSD
20260905-210810-m5p-timeline,lc128kz,longctx-zipf,tiara_sym_l2,70,81920,GPU
20260905-210810-m5p-timeline,lc128kz,longctx-zipf,tiara_sym_l2,70,82094,GPU
20260905-210810-m5p-timeline,lc128kz,longctx-zipf,tiara_sym_l2,70,82268,GPU
20260905-210810-m5p-timeline,lc128kz,longctx-zipf,tiara_sym_l2,70,82442,GPU
20260905-210810-m5p-timeline,lc128kz,longctx-zipf,tiara_sym_l2,70,82616,GPU
20260905-210810-m5p-timeline,lc128kz,longctx-zipf,tiara_sym_l2,70,82790,GPU
20260905-210810-m5p-timeline,lc128kz,longctx-zipf,tiara_sym_l2,70,82964,GPU
20260905-210810-m5p-timeline,lc128kz,longctx-zipf,tiara_sym_l2,70,83138,GPU
20260905-210810-m5p-timeline,lc128kz,longctx-zipf,tiara_sym_l2,70,83312,GPU
20260905-210810-m5p-timeline,lc128kz,longctx-zipf,tiara_sym_l2,70,83486,GPU
20260905-210810-m5p-timeline,lc128kz,longctx-zipf,tiara_sym_l2,70,83660,GPU
20260905-210810-m5p-timeline,lc128kz,longctx-zipf,tiara_sym_l2,70,83834,GPU
20260905-210810-m5p-timeline,lc128kz,longctx-zipf,tiara_sym_l2,70,84008,GPU
20260905-210810-m5p-timeline,lc128kz,longctx-zipf,tiara_sym_l2,70,84182,GPU
20260905-210810-m5p-timeline,lc128kz,longctx-zipf,tiara_sym_l2,70,84356,GPU
20260905-210810-m5p-timeline,lc128kz,longctx-zipf,tiara_sym_l2,70,84530,GPU
20260905-210810-m5p-timeline,lc128kz,longctx-zipf,tiara_sym_l2,70,84704,GPU
20260905-210810-m5p-timeline,lc128kz,longctx-zipf,tiara_sym_l2,70,84878,GPU
20260905-210810-m5p-timeline,lc128kz,longctx-zipf,tiara_sym_l2,70,85052,GPU
20260905-210810-m5p-timeline,lc128kz,longctx-zipf,tiara_sym_l2,70,85226,GPU
20260905-210810-m5p-timeline,lc128kz,longctx-zipf,tiara_sym_l2,70,85400,GPU
20260905-210810-m5p-timeline,lc128kz,longctx-zipf,tiara_sym_l2,70,85574,GPU
20260905-210810-m5p-timeline,lc128kz,longctx-zipf,tiara_sym_l2,70,85748,GPU
20260905-210810-m5p-timeline,lc128kz,longctx-zipf,tiara_sym_l2,70,85922,GPU
20260905-210810-m5p-timeline,lc128kz,longctx-zipf,tiara_sym_l2,70,86096,GPU
20260905-210810-m5p-timeline,lc128kz,longctx-zipf,tiara_sym_l2,70,86270,GPU
20260905-210810-m5p-timeline,lc128kz,longctx-zipf,tiara_sym_l2,70,86444,GPU
20260905-210810-m5p-timeline,lc128kz,longctx-zipf,tiara_sym_l2,70,86618,GPU
20260905-210810-m5p-timeline,lc128kz,longctx-zipf,tiara_sym_l2,70,86792,GPU
20260905-210810-m5p-timeline,lc128kz,longctx-zipf,tiara_sym_l2,70,86966,GPU
20260905-210810-m5p-timeline,lc128kz,longctx-zipf,tiara_sym_l2,70,87140,GPU
20260905-210810-m5p-timeline,lc128kz,longctx-zipf,tiara_sym_l2,70,87314,GPU
20260905-210810-m5p-timeline,lc128kz,longctx-zipf,tiara_sym_l2,70,87488,GPU
20260905-210810-m5p-timeline,lc128kz,longctx-zipf,tiara_sym_l2,70,87662,GPU
20260905-210810-m5p-timeline,lc128kz,longctx-zipf,tiara_sym_l2,70,87836,GPU
20260905-210810-m5p-timeline,lc128kz,longctx-zipf,tiara_sym_l2,70,88010,GPU
20260905-210810-m5p-timeline,lc128kz,longctx-zipf,tiara_sym_l2,70,88184,GPU
20260905-210810-m5p-timeline,lc128kz,longctx-zipf,tiara_sym_l2,70,88358,GPU
20260905-210810-m5p-timeline,lc128kz,longctx-zipf,tiara_sym_l2,70,88532,GPU
20260905-210810-m5p-timeline,lc128kz,longctx-zipf,tiara_sym_l2,70,88706,GPU
20260905-210810-m5p-timeline,lc128kz,longctx-zipf,tiara_sym_l2,70,88880,GPU
20260905-210810-m5p-timeline,lc128kz,longctx-zipf,tiara_sym_l2,70,89054,CPU
20260905-210810-m5p-timeline,lc128kz,longctx-zipf,tiara_sym_l2,70,89228,CPU
20260905-210810-m5p-timeline,lc128kz,longctx-zipf,tiara_sym_l2,70,89402,CPU
20260905-210810-m5p-timeline,lc128kz,longctx-zipf,tiara_sym_l2,70,89576,CPU
20260905-210810-m5p-timeline,lc128kz,longctx-zipf,tiara_sym_l2,70,89750,CPU
20260905-210810-m5p-timeline,lc128kz,longctx-zipf,tiara_sym_l2,70,89924,CPU
20260905-210810-m5p-timeline,lc128kz,longctx-zipf,tiara_sym_l2,70,90098,SSD
20260905-210810-m5p-timeline,lc128kz,longctx-zipf,tiara_sym_l2,71,81920,GPU
20260905-210810-m5p-timeline,lc128kz,longctx-zipf,tiara_sym_l2,71,82094,GPU
20260905-210810-m5p-timeline,lc128kz,longctx-zipf,tiara_sym_l2,71,82268,GPU
20260905-210810-m5p-timeline,lc128kz,longctx-zipf,tiara_sym_l2,71,82442,GPU
20260905-210810-m5p-timeline,lc128kz,longctx-zipf,tiara_sym_l2,71,82616,GPU
20260905-210810-m5p-timeline,lc128kz,longctx-zipf,tiara_sym_l2,71,82790,GPU
20260905-210810-m5p-timeline,lc128kz,longctx-zipf,tiara_sym_l2,71,82964,GPU
20260905-210810-m5p-timeline,lc128kz,longctx-zipf,tiara_sym_l2,71,83138,GPU
20260905-210810-m5p-timeline,lc128kz,longctx-zipf,tiara_sym_l2,71,83312,GPU
20260905-210810-m5p-timeline,lc128kz,longctx-zipf,tiara_sym_l2,71,83486,GPU
20260905-210810-m5p-timeline,lc128kz,longctx-zipf,tiara_sym_l2,71,83660,GPU
20260905-210810-m5p-timeline,lc128kz,longctx-zipf,tiara_sym_l2,71,83834,GPU
20260905-210810-m5p-timeline,lc128kz,longctx-zipf,tiara_sym_l2,71,84008,GPU
20260905-210810-m5p-timeline,lc128kz,longctx-zipf,tiara_sym_l2,71,84182,GPU
20260905-210810-m5p-timeline,lc128kz,longctx-zipf,tiara_sym_l2,71,84356,GPU
20260905-210810-m5p-timeline,lc128kz,longctx-zipf,tiara_sym_l2,71,84530,GPU
20260905-210810-m5p-timeline,lc128kz,longctx-zipf,tiara_sym_l2,71,84704,GPU
20260905-210810-m5p-timeline,lc128kz,longctx-zipf,tiara_sym_l2,71,84878,GPU
20260905-210810-m5p-timeline,lc128kz,longctx-zipf,tiara_sym_l2,71,85052,GPU
20260905-210810-m5p-timeline,lc128kz,longctx-zipf,tiara_sym_l2,71,85226,GPU
20260905-210810-m5p-timeline,lc128kz,longctx-zipf,tiara_sym_l2,71,85400,GPU
20260905-210810-m5p-timeline,lc128kz,longctx-zipf,tiara_sym_l2,71,85574,GPU
20260905-210810-m5p-timeline,lc128kz,longctx-zipf,tiara_sym_l2,71,85748,GPU
20260905-210810-m5p-timeline,lc128kz,longctx-zipf,tiara_sym_l2,71,85922,GPU
20260905-210810-m5p-timeline,lc128kz,longctx-zipf,tiara_sym_l2,71,86096,GPU
20260905-210810-m5p-timeline,lc128kz,longctx-zipf,tiara_sym_l2,71,86270,GPU
20260905-210810-m5p-timeline,lc128kz,longctx-zipf,tiara_sym_l2,71,86444,GPU
20260905-210810-m5p-timeline,lc128kz,longctx-zipf,tiara_sym_l2,71,86618,GPU
20260905-210810-m5p-timeline,lc128kz,longctx-zipf,tiara_sym_l2,71,86792,GPU
20260905-210810-m5p-timeline,lc128kz,longctx-zipf,tiara_sym_l2,71,86966,GPU
20260905-210810-m5p-timeline,lc128kz,longctx-zipf,tiara_sym_l2,71,87140,GPU
20260905-210810-m5p-timeline,lc128kz,longctx-zipf,tiara_sym_l2,71,87314,GPU
20260905-210810-m5p-timeline,lc128kz,longctx-zipf,tiara_sym_l2,71,87488,GPU
20260905-210810-m5p-timeline,lc128kz,longctx-zipf,tiara_sym_l2,71,87662,GPU
20260905-210810-m5p-timeline,lc128kz,longctx-zipf,tiara_sym_l2,71,87836,GPU
20260905-210810-m5p-timeline,lc128kz,longctx-zipf,tiara_sym_l2,71,88010,GPU
20260905-210810-m5p-timeline,lc128kz,longctx-zipf,tiara_sym_l2,71,88184,GPU
20260905-210810-m5p-timeline,lc128kz,longctx-zipf,tiara_sym_l2,71,88358,GPU
20260905-210810-m5p-timeline,lc128kz,longctx-zipf,tiara_sym_l2,71,88532,GPU
20260905-210810-m5p-timeline,lc128kz,longctx-zipf,tiara_sym_l2,71,88706,GPU
20260905-210810-m5p-timeline,lc128kz,longctx-zipf,tiara_sym_l2,71,88880,GPU
20260905-210810-m5p-timeline,lc128kz,longctx-zipf,tiara_sym_l2,71,89054,CPU
20260905-210810-m5p-timeline,lc128kz,longctx-zipf,tiara_sym_l2,71,89228,CPU
20260905-210810-m5p-timeline,lc128kz,longctx-zipf,tiara_sym_l2,71,89402,CPU
20260905-210810-m5p-timeline,lc128kz,longctx-zipf,tiara_sym_l2,71,89576,CPU
20260905-210810-m5p-timeline,lc128kz,longctx-zipf,tiara_sym_l2,71,89750,CPU
20260905-210810-m5p-timeline,lc128kz,longctx-zipf,tiara_sym_l2,71,89924,CPU
20260905-210810-m5p-timeline,lc128kz,longctx-zipf,tiara_sym_l2,71,90098,SSD
20260905-210810-m5p-timeline,lc128kz,longctx-zipf,tiara_sym_l2,72,81920,GPU
20260905-210810-m5p-timeline,lc128kz,longctx-zipf,tiara_sym_l2,72,82094,GPU
20260905-210810-m5p-timeline,lc128kz,longctx-zipf,tiara_sym_l2,72,82268,GPU
20260905-210810-m5p-timeline,lc128kz,longctx-zipf,tiara_sym_l2,72,82442,GPU
20260905-210810-m5p-timeline,lc128kz,longctx-zipf,tiara_sym_l2,72,82616,GPU
20260905-210810-m5p-timeline,lc128kz,longctx-zipf,tiara_sym_l2,72,82790,GPU
20260905-210810-m5p-timeline,lc128kz,longctx-zipf,tiara_sym_l2,72,82964,GPU
20260905-210810-m5p-timeline,lc128kz,longctx-zipf,tiara_sym_l2,72,83138,GPU
20260905-210810-m5p-timeline,lc128kz,longctx-zipf,tiara_sym_l2,72,83312,GPU
20260905-210810-m5p-timeline,lc128kz,longctx-zipf,tiara_sym_l2,72,83486,GPU
20260905-210810-m5p-timeline,lc128kz,longctx-zipf,tiara_sym_l2,72,83660,GPU
20260905-210810-m5p-timeline,lc128kz,longctx-zipf,tiara_sym_l2,72,83834,GPU
20260905-210810-m5p-timeline,lc128kz,longctx-zipf,tiara_sym_l2,72,84008,GPU
20260905-210810-m5p-timeline,lc128kz,longctx-zipf,tiara_sym_l2,72,84182,GPU
20260905-210810-m5p-timeline,lc128kz,longctx-zipf,tiara_sym_l2,72,84356,GPU
20260905-210810-m5p-timeline,lc128kz,longctx-zipf,tiara_sym_l2,72,84530,GPU
20260905-210810-m5p-timeline,lc128kz,longctx-zipf,tiara_sym_l2,72,84704,GPU
20260905-210810-m5p-timeline,lc128kz,longctx-zipf,tiara_sym_l2,72,84878,GPU
20260905-210810-m5p-timeline,lc128kz,longctx-zipf,tiara_sym_l2,72,85052,GPU
20260905-210810-m5p-timeline,lc128kz,longctx-zipf,tiara_sym_l2,72,85226,GPU
20260905-210810-m5p-timeline,lc128kz,longctx-zipf,tiara_sym_l2,72,85400,GPU
20260905-210810-m5p-timeline,lc128kz,longctx-zipf,tiara_sym_l2,72,85574,GPU
20260905-210810-m5p-timeline,lc128kz,longctx-zipf,tiara_sym_l2,72,85748,GPU
20260905-210810-m5p-timeline,lc128kz,longctx-zipf,tiara_sym_l2,72,85922,GPU
20260905-210810-m5p-timeline,lc128kz,longctx-zipf,tiara_sym_l2,72,86096,GPU
20260905-210810-m5p-timeline,lc128kz,longctx-zipf,tiara_sym_l2,72,86270,GPU
20260905-210810-m5p-timeline,lc128kz,longctx-zipf,tiara_sym_l2,72,86444,GPU
20260905-210810-m5p-timeline,lc128kz,longctx-zipf,tiara_sym_l2,72,86618,GPU
20260905-210810-m5p-timeline,lc128kz,longctx-zipf,tiara_sym_l2,72,86792,GPU
20260905-210810-m5p-timeline,lc128kz,longctx-zipf,tiara_sym_l2,72,86966,GPU
20260905-210810-m5p-timeline,lc128kz,longctx-zipf,tiara_sym_l2,72,87140,GPU
20260905-210810-m5p-timeline,lc128kz,longctx-zipf,tiara_sym_l2,72,87314,GPU
20260905-210810-m5p-timeline,lc128kz,longctx-zipf,tiara_sym_l2,72,87488,GPU
20260905-210810-m5p-timeline,lc128kz,longctx-zipf,tiara_sym_l2,72,87662,GPU
20260905-210810-m5p-timeline,lc128kz,longctx-zipf,tiara_sym_l2,72,87836,GPU
20260905-210810-m5p-timeline,lc128kz,longctx-zipf,tiara_sym_l2,72,88010,GPU
20260905-210810-m5p-timeline,lc128kz,longctx-zipf,tiara_sym_l2,72,88184,GPU
20260905-210810-m5p-timeline,lc128kz,longctx-zipf,tiara_sym_l2,72,88358,GPU
20260905-210810-m5p-timeline,lc128kz,longctx-zipf,tiara_sym_l2,72,88532,GPU
20260905-210810-m5p-timeline,lc128kz,longctx-zipf,tiara_sym_l2,72,88706,GPU
20260905-210810-m5p-timeline,lc128kz,longctx-zipf,tiara_sym_l2,72,88880,GPU
20260905-210810-m5p-timeline,lc128kz,longctx-zipf,tiara_sym_l2,72,89054,CPU
20260905-210810-m5p-timeline,lc128kz,longctx-zipf,tiara_sym_l2,72,89228,CPU
20260905-210810-m5p-timeline,lc128kz,longctx-zipf,tiara_sym_l2,72,89402,CPU
20260905-210810-m5p-timeline,lc128kz,longctx-zipf,tiara_sym_l2,72,89576,CPU
20260905-210810-m5p-timeline,lc128kz,longctx-zipf,tiara_sym_l2,72,89750,CPU
20260905-210810-m5p-timeline,lc128kz,longctx-zipf,tiara_sym_l2,72,89924,CPU
20260905-210810-m5p-timeline,lc128kz,longctx-zipf,tiara_sym_l2,72,90098,SSD
20260905-210810-m5p-timeline,lc128kz,longctx-zipf,tiara_sym_l2,73,81920,GPU
20260905-210810-m5p-timeline,lc128kz,longctx-zipf,tiara_sym_l2,73,82094,GPU
20260905-210810-m5p-timeline,lc128kz,longctx-zipf,tiara_sym_l2,73,82268,GPU
20260905-210810-m5p-timeline,lc128kz,longctx-zipf,tiara_sym_l2,73,82442,GPU
20260905-210810-m5p-timeline,lc128kz,longctx-zipf,tiara_sym_l2,73,82616,GPU
20260905-210810-m5p-timeline,lc128kz,longctx-zipf,tiara_sym_l2,73,82790,GPU
20260905-210810-m5p-timeline,lc128kz,longctx-zipf,tiara_sym_l2,73,82964,GPU
20260905-210810-m5p-timeline,lc128kz,longctx-zipf,tiara_sym_l2,73,83138,GPU
20260905-210810-m5p-timeline,lc128kz,longctx-zipf,tiara_sym_l2,73,83312,GPU
20260905-210810-m5p-timeline,lc128kz,longctx-zipf,tiara_sym_l2,73,83486,GPU
20260905-210810-m5p-timeline,lc128kz,longctx-zipf,tiara_sym_l2,73,83660,GPU
20260905-210810-m5p-timeline,lc128kz,longctx-zipf,tiara_sym_l2,73,83834,GPU
20260905-210810-m5p-timeline,lc128kz,longctx-zipf,tiara_sym_l2,73,84008,GPU
20260905-210810-m5p-timeline,lc128kz,longctx-zipf,tiara_sym_l2,73,84182,GPU
20260905-210810-m5p-timeline,lc128kz,longctx-zipf,tiara_sym_l2,73,84356,GPU
20260905-210810-m5p-timeline,lc128kz,longctx-zipf,tiara_sym_l2,73,84530,GPU
20260905-210810-m5p-timeline,lc128kz,longctx-zipf,tiara_sym_l2,73,84704,GPU
20260905-210810-m5p-timeline,lc128kz,longctx-zipf,tiara_sym_l2,73,84878,GPU
20260905-210810-m5p-timeline,lc128kz,longctx-zipf,tiara_sym_l2,73,85052,GPU
20260905-210810-m5p-timeline,lc128kz,longctx-zipf,tiara_sym_l2,73,85226,GPU
20260905-210810-m5p-timeline,lc128kz,longctx-zipf,tiara_sym_l2,73,85400,GPU
20260905-210810-m5p-timeline,lc128kz,longctx-zipf,tiara_sym_l2,73,85574,GPU
20260905-210810-m5p-timeline,lc128kz,longctx-zipf,tiara_sym_l2,73,85748,GPU
20260905-210810-m5p-timeline,lc128kz,longctx-zipf,tiara_sym_l2,73,85922,GPU
20260905-210810-m5p-timeline,lc128kz,longctx-zipf,tiara_sym_l2,73,86096,GPU
20260905-210810-m5p-timeline,lc128kz,longctx-zipf,tiara_sym_l2,73,86270,GPU
20260905-210810-m5p-timeline,lc128kz,longctx-zipf,tiara_sym_l2,73,86444,GPU
20260905-210810-m5p-timeline,lc128kz,longctx-zipf,tiara_sym_l2,73,86618,GPU
20260905-210810-m5p-timeline,lc128kz,longctx-zipf,tiara_sym_l2,73,86792,GPU
20260905-210810-m5p-timeline,lc128kz,longctx-zipf,tiara_sym_l2,73,86966,GPU
20260905-210810-m5p-timeline,lc128kz,longctx-zipf,tiara_sym_l2,73,87140,GPU
20260905-210810-m5p-timeline,lc128kz,longctx-zipf,tiara_sym_l2,73,87314,GPU
20260905-210810-m5p-timeline,lc128kz,longctx-zipf,tiara_sym_l2,73,87488,GPU
20260905-210810-m5p-timeline,lc128kz,longctx-zipf,tiara_sym_l2,73,87662,GPU
20260905-210810-m5p-timeline,lc128kz,longctx-zipf,tiara_sym_l2,73,87836,GPU
20260905-210810-m5p-timeline,lc128kz,longctx-zipf,tiara_sym_l2,73,88010,GPU
20260905-210810-m5p-timeline,lc128kz,longctx-zipf,tiara_sym_l2,73,88184,GPU
20260905-210810-m5p-timeline,lc128kz,longctx-zipf,tiara_sym_l2,73,88358,GPU
20260905-210810-m5p-timeline,lc128kz,longctx-zipf,tiara_sym_l2,73,88532,GPU
20260905-210810-m5p-timeline,lc128kz,longctx-zipf,tiara_sym_l2,73,88706,GPU
20260905-210810-m5p-timeline,lc128kz,longctx-zipf,tiara_sym_l2,73,88880,GPU
20260905-210810-m5p-timeline,lc128kz,longctx-zipf,tiara_sym_l2,73,89054,CPU
20260905-210810-m5p-timeline,lc128kz,longctx-zipf,tiara_sym_l2,73,89228,CPU
20260905-210810-m5p-timeline,lc128kz,longctx-zipf,tiara_sym_l2,73,89402,CPU
20260905-210810-m5p-timeline,lc128kz,longctx-zipf,tiara_sym_l2,73,89576,CPU
20260905-210810-m5p-timeline,lc128kz,longctx-zipf,tiara_sym_l2,73,89750,CPU
20260905-210810-m5p-timeline,lc128kz,longctx-zipf,tiara_sym_l2,73,89924,CPU
20260905-210810-m5p-timeline,lc128kz,longctx-zipf,tiara_sym_l2,73,90098,SSD
20260905-210810-m5p-timeline,lc128kz,longctx-zipf,tiara_sym_l2,74,81920,GPU
20260905-210810-m5p-timeline,lc128kz,longctx-zipf,tiara_sym_l2,74,82094,GPU
20260905-210810-m5p-timeline,lc128kz,longctx-zipf,tiara_sym_l2,74,82268,GPU
20260905-210810-m5p-timeline,lc128kz,longctx-zipf,tiara_sym_l2,74,82442,GPU
20260905-210810-m5p-timeline,lc128kz,longctx-zipf,tiara_sym_l2,74,82616,GPU
20260905-210810-m5p-timeline,lc128kz,longctx-zipf,tiara_sym_l2,74,82790,GPU
20260905-210810-m5p-timeline,lc128kz,longctx-zipf,tiara_sym_l2,74,82964,GPU
20260905-210810-m5p-timeline,lc128kz,longctx-zipf,tiara_sym_l2,74,83138,GPU
20260905-210810-m5p-timeline,lc128kz,longctx-zipf,tiara_sym_l2,74,83312,GPU
20260905-210810-m5p-timeline,lc128kz,longctx-zipf,tiara_sym_l2,74,83486,GPU
20260905-210810-m5p-timeline,lc128kz,longctx-zipf,tiara_sym_l2,74,83660,GPU
20260905-210810-m5p-timeline,lc128kz,longctx-zipf,tiara_sym_l2,74,83834,GPU
20260905-210810-m5p-timeline,lc128kz,longctx-zipf,tiara_sym_l2,74,84008,GPU
20260905-210810-m5p-timeline,lc128kz,longctx-zipf,tiara_sym_l2,74,84182,GPU
20260905-210810-m5p-timeline,lc128kz,longctx-zipf,tiara_sym_l2,74,84356,GPU
20260905-210810-m5p-timeline,lc128kz,longctx-zipf,tiara_sym_l2,74,84530,GPU
20260905-210810-m5p-timeline,lc128kz,longctx-zipf,tiara_sym_l2,74,84704,GPU
20260905-210810-m5p-timeline,lc128kz,longctx-zipf,tiara_sym_l2,74,84878,GPU
20260905-210810-m5p-timeline,lc128kz,longctx-zipf,tiara_sym_l2,74,85052,GPU
20260905-210810-m5p-timeline,lc128kz,longctx-zipf,tiara_sym_l2,74,85226,GPU
20260905-210810-m5p-timeline,lc128kz,longctx-zipf,tiara_sym_l2,74,85400,GPU
20260905-210810-m5p-timeline,lc128kz,longctx-zipf,tiara_sym_l2,74,85574,GPU
20260905-210810-m5p-timeline,lc128kz,longctx-zipf,tiara_sym_l2,74,85748,GPU
20260905-210810-m5p-timeline,lc128kz,longctx-zipf,tiara_sym_l2,74,85922,GPU
20260905-210810-m5p-timeline,lc128kz,longctx-zipf,tiara_sym_l2,74,86096,GPU
20260905-210810-m5p-timeline,lc128kz,longctx-zipf,tiara_sym_l2,74,86270,GPU
20260905-210810-m5p-timeline,lc128kz,longctx-zipf,tiara_sym_l2,74,86444,GPU
20260905-210810-m5p-timeline,lc128kz,longctx-zipf,tiara_sym_l2,74,86618,GPU
20260905-210810-m5p-timeline,lc128kz,longctx-zipf,tiara_sym_l2,74,86792,GPU
20260905-210810-m5p-timeline,lc128kz,longctx-zipf,tiara_sym_l2,74,86966,GPU
20260905-210810-m5p-timeline,lc128kz,longctx-zipf,tiara_sym_l2,74,87140,GPU
20260905-210810-m5p-timeline,lc128kz,longctx-zipf,tiara_sym_l2,74,87314,GPU
20260905-210810-m5p-timeline,lc128kz,longctx-zipf,tiara_sym_l2,74,87488,GPU
20260905-210810-m5p-timeline,lc128kz,longctx-zipf,tiara_sym_l2,74,87662,GPU
20260905-210810-m5p-timeline,lc128kz,longctx-zipf,tiara_sym_l2,74,87836,GPU
20260905-210810-m5p-timeline,lc128kz,longctx-zipf,tiara_sym_l2,74,88010,GPU
20260905-210810-m5p-timeline,lc128kz,longctx-zipf,tiara_sym_l2,74,88184,GPU
20260905-210810-m5p-timeline,lc128kz,longctx-zipf,tiara_sym_l2,74,88358,GPU
20260905-210810-m5p-timeline,lc128kz,longctx-zipf,tiara_sym_l2,74,88532,GPU
20260905-210810-m5p-timeline,lc128kz,longctx-zipf,tiara_sym_l2,74,88706,GPU
20260905-210810-m5p-timeline,lc128kz,longctx-zipf,tiara_sym_l2,74,88880,GPU
20260905-210810-m5p-timeline,lc128kz,longctx-zipf,tiara_sym_l2,74,89054,CPU
20260905-210810-m5p-timeline,lc128kz,longctx-zipf,tiara_sym_l2,74,89228,CPU
20260905-210810-m5p-timeline,lc128kz,longctx-zipf,tiara_sym_l2,74,89402,CPU
20260905-210810-m5p-timeline,lc128kz,longctx-zipf,tiara_sym_l2,74,89576,CPU
20260905-210810-m5p-timeline,lc128kz,longctx-zipf,tiara_sym_l2,74,89750,CPU
20260905-210810-m5p-timeline,lc128kz,longctx-zipf,tiara_sym_l2,74,89924,CPU
20260905-210810-m5p-timeline,lc128kz,longctx-zipf,tiara_sym_l2,74,90098,SSD
20260905-210810-m5p-timeline,lc128kz,longctx-zipf,tiara_sym_l2,75,81920,GPU
20260905-210810-m5p-timeline,lc128kz,longctx-zipf,tiara_sym_l2,75,82094,GPU
20260905-210810-m5p-timeline,lc128kz,longctx-zipf,tiara_sym_l2,75,82268,GPU
20260905-210810-m5p-timeline,lc128kz,longctx-zipf,tiara_sym_l2,75,82442,GPU
20260905-210810-m5p-timeline,lc128kz,longctx-zipf,tiara_sym_l2,75,82616,GPU
20260905-210810-m5p-timeline,lc128kz,longctx-zipf,tiara_sym_l2,75,82790,GPU
20260905-210810-m5p-timeline,lc128kz,longctx-zipf,tiara_sym_l2,75,82964,GPU
20260905-210810-m5p-timeline,lc128kz,longctx-zipf,tiara_sym_l2,75,83138,GPU
20260905-210810-m5p-timeline,lc128kz,longctx-zipf,tiara_sym_l2,75,83312,GPU
20260905-210810-m5p-timeline,lc128kz,longctx-zipf,tiara_sym_l2,75,83486,GPU
20260905-210810-m5p-timeline,lc128kz,longctx-zipf,tiara_sym_l2,75,83660,GPU
20260905-210810-m5p-timeline,lc128kz,longctx-zipf,tiara_sym_l2,75,83834,GPU
20260905-210810-m5p-timeline,lc128kz,longctx-zipf,tiara_sym_l2,75,84008,GPU
20260905-210810-m5p-timeline,lc128kz,longctx-zipf,tiara_sym_l2,75,84182,GPU
20260905-210810-m5p-timeline,lc128kz,longctx-zipf,tiara_sym_l2,75,84356,GPU
20260905-210810-m5p-timeline,lc128kz,longctx-zipf,tiara_sym_l2,75,84530,GPU
20260905-210810-m5p-timeline,lc128kz,longctx-zipf,tiara_sym_l2,75,84704,GPU
20260905-210810-m5p-timeline,lc128kz,longctx-zipf,tiara_sym_l2,75,84878,GPU
20260905-210810-m5p-timeline,lc128kz,longctx-zipf,tiara_sym_l2,75,85052,GPU
20260905-210810-m5p-timeline,lc128kz,longctx-zipf,tiara_sym_l2,75,85226,GPU
20260905-210810-m5p-timeline,lc128kz,longctx-zipf,tiara_sym_l2,75,85400,GPU
20260905-210810-m5p-timeline,lc128kz,longctx-zipf,tiara_sym_l2,75,85574,GPU
20260905-210810-m5p-timeline,lc128kz,longctx-zipf,tiara_sym_l2,75,85748,GPU
20260905-210810-m5p-timeline,lc128kz,longctx-zipf,tiara_sym_l2,75,85922,GPU
20260905-210810-m5p-timeline,lc128kz,longctx-zipf,tiara_sym_l2,75,86096,GPU
20260905-210810-m5p-timeline,lc128kz,longctx-zipf,tiara_sym_l2,75,86270,GPU
20260905-210810-m5p-timeline,lc128kz,longctx-zipf,tiara_sym_l2,75,86444,GPU
20260905-210810-m5p-timeline,lc128kz,longctx-zipf,tiara_sym_l2,75,86618,GPU
20260905-210810-m5p-timeline,lc128kz,longctx-zipf,tiara_sym_l2,75,86792,GPU
20260905-210810-m5p-timeline,lc128kz,longctx-zipf,tiara_sym_l2,75,86966,GPU
20260905-210810-m5p-timeline,lc128kz,longctx-zipf,tiara_sym_l2,75,87140,GPU
20260905-210810-m5p-timeline,lc128kz,longctx-zipf,tiara_sym_l2,75,87314,GPU
20260905-210810-m5p-timeline,lc128kz,longctx-zipf,tiara_sym_l2,75,87488,GPU
20260905-210810-m5p-timeline,lc128kz,longctx-zipf,tiara_sym_l2,75,87662,GPU
20260905-210810-m5p-timeline,lc128kz,longctx-zipf,tiara_sym_l2,75,87836,GPU
20260905-210810-m5p-timeline,lc128kz,longctx-zipf,tiara_sym_l2,75,88010,GPU
20260905-210810-m5p-timeline,lc128kz,longctx-zipf,tiara_sym_l2,75,88184,GPU
20260905-210810-m5p-timeline,lc128kz,longctx-zipf,tiara_sym_l2,75,88358,GPU
20260905-210810-m5p-timeline,lc128kz,longctx-zipf,tiara_sym_l2,75,88532,GPU
20260905-210810-m5p-timeline,lc128kz,longctx-zipf,tiara_sym_l2,75,88706,GPU
20260905-210810-m5p-timeline,lc128kz,longctx-zipf,tiara_sym_l2,75,88880,GPU
20260905-210810-m5p-timeline,lc128kz,longctx-zipf,tiara_sym_l2,75,89054,CPU
20260905-210810-m5p-timeline,lc128kz,longctx-zipf,tiara_sym_l2,75,89228,CPU
20260905-210810-m5p-timeline,lc128kz,longctx-zipf,tiara_sym_l2,75,89402,CPU
20260905-210810-m5p-timeline,lc128kz,longctx-zipf,tiara_sym_l2,75,89576,CPU
20260905-210810-m5p-timeline,lc128kz,longctx-zipf,tiara_sym_l2,75,89750,CPU
20260905-210810-m5p-timeline,lc128kz,longctx-zipf,tiara_sym_l2,75,89924,CPU
20260905-210810-m5p-timeline,lc128kz,longctx-zipf,tiara_sym_l2,75,90098,SSD
20260905-210810-m5p-timeline,lc128kz,longctx-zipf,tiara_sym_l2,76,81920,GPU
20260905-210810-m5p-timeline,lc128kz,longctx-zipf,tiara_sym_l2,76,82094,GPU
20260905-210810-m5p-timeline,lc128kz,longctx-zipf,tiara_sym_l2,76,82268,GPU
20260905-210810-m5p-timeline,lc128kz,longctx-zipf,tiara_sym_l2,76,82442,GPU
20260905-210810-m5p-timeline,lc128kz,longctx-zipf,tiara_sym_l2,76,82616,GPU
20260905-210810-m5p-timeline,lc128kz,longctx-zipf,tiara_sym_l2,76,82790,GPU
20260905-210810-m5p-timeline,lc128kz,longctx-zipf,tiara_sym_l2,76,82964,GPU
20260905-210810-m5p-timeline,lc128kz,longctx-zipf,tiara_sym_l2,76,83138,GPU
20260905-210810-m5p-timeline,lc128kz,longctx-zipf,tiara_sym_l2,76,83312,GPU
20260905-210810-m5p-timeline,lc128kz,longctx-zipf,tiara_sym_l2,76,83486,GPU
20260905-210810-m5p-timeline,lc128kz,longctx-zipf,tiara_sym_l2,76,83660,GPU
20260905-210810-m5p-timeline,lc128kz,longctx-zipf,tiara_sym_l2,76,83834,GPU
20260905-210810-m5p-timeline,lc128kz,longctx-zipf,tiara_sym_l2,76,84008,GPU
20260905-210810-m5p-timeline,lc128kz,longctx-zipf,tiara_sym_l2,76,84182,GPU
20260905-210810-m5p-timeline,lc128kz,longctx-zipf,tiara_sym_l2,76,84356,GPU
20260905-210810-m5p-timeline,lc128kz,longctx-zipf,tiara_sym_l2,76,84530,GPU
20260905-210810-m5p-timeline,lc128kz,longctx-zipf,tiara_sym_l2,76,84704,GPU
20260905-210810-m5p-timeline,lc128kz,longctx-zipf,tiara_sym_l2,76,84878,GPU
20260905-210810-m5p-timeline,lc128kz,longctx-zipf,tiara_sym_l2,76,85052,GPU
20260905-210810-m5p-timeline,lc128kz,longctx-zipf,tiara_sym_l2,76,85226,GPU
20260905-210810-m5p-timeline,lc128kz,longctx-zipf,tiara_sym_l2,76,85400,GPU
20260905-210810-m5p-timeline,lc128kz,longctx-zipf,tiara_sym_l2,76,85574,GPU
20260905-210810-m5p-timeline,lc128kz,longctx-zipf,tiara_sym_l2,76,85748,GPU
20260905-210810-m5p-timeline,lc128kz,longctx-zipf,tiara_sym_l2,76,85922,GPU
20260905-210810-m5p-timeline,lc128kz,longctx-zipf,tiara_sym_l2,76,86096,GPU
20260905-210810-m5p-timeline,lc128kz,longctx-zipf,tiara_sym_l2,76,86270,GPU
20260905-210810-m5p-timeline,lc128kz,longctx-zipf,tiara_sym_l2,76,86444,GPU
20260905-210810-m5p-timeline,lc128kz,longctx-zipf,tiara_sym_l2,76,86618,GPU
20260905-210810-m5p-timeline,lc128kz,longctx-zipf,tiara_sym_l2,76,86792,GPU
20260905-210810-m5p-timeline,lc128kz,longctx-zipf,tiara_sym_l2,76,86966,GPU
20260905-210810-m5p-timeline,lc128kz,longctx-zipf,tiara_sym_l2,76,87140,GPU
20260905-210810-m5p-timeline,lc128kz,longctx-zipf,tiara_sym_l2,76,87314,GPU
20260905-210810-m5p-timeline,lc128kz,longctx-zipf,tiara_sym_l2,76,87488,GPU
20260905-210810-m5p-timeline,lc128kz,longctx-zipf,tiara_sym_l2,76,87662,GPU
20260905-210810-m5p-timeline,lc128kz,longctx-zipf,tiara_sym_l2,76,87836,GPU
20260905-210810-m5p-timeline,lc128kz,longctx-zipf,tiara_sym_l2,76,88010,GPU
20260905-210810-m5p-timeline,lc128kz,longctx-zipf,tiara_sym_l2,76,88184,GPU
20260905-210810-m5p-timeline,lc128kz,longctx-zipf,tiara_sym_l2,76,88358,GPU
20260905-210810-m5p-timeline,lc128kz,longctx-zipf,tiara_sym_l2,76,88532,GPU
20260905-210810-m5p-timeline,lc128kz,longctx-zipf,tiara_sym_l2,76,88706,GPU
20260905-210810-m5p-timeline,lc128kz,longctx-zipf,tiara_sym_l2,76,88880,GPU
20260905-210810-m5p-timeline,lc128kz,longctx-zipf,tiara_sym_l2,76,89054,CPU
20260905-210810-m5p-timeline,lc128kz,longctx-zipf,tiara_sym_l2,76,89228,CPU
20260905-210810-m5p-timeline,lc128kz,longctx-zipf,tiara_sym_l2,76,89402,CPU
20260905-210810-m5p-timeline,lc128kz,longctx-zipf,tiara_sym_l2,76,89576,CPU
20260905-210810-m5p-timeline,lc128kz,longctx-zipf,tiara_sym_l2,76,89750,CPU
20260905-210810-m5p-timeline,lc128kz,longctx-zipf,tiara_sym_l2,76,89924,CPU
20260905-210810-m5p-timeline,lc128kz,longctx-zipf,tiara_sym_l2,76,90098,SSD
20260905-210810-m5p-timeline,lc128kz,longctx-zipf,tiara_sym_l2,77,81920,GPU
20260905-210810-m5p-timeline,lc128kz,longctx-zipf,tiara_sym_l2,77,82094,GPU
20260905-210810-m5p-timeline,lc128kz,longctx-zipf,tiara_sym_l2,77,82268,GPU
20260905-210810-m5p-timeline,lc128kz,longctx-zipf,tiara_sym_l2,77,82442,GPU
20260905-210810-m5p-timeline,lc128kz,longctx-zipf,tiara_sym_l2,77,82616,GPU
20260905-210810-m5p-timeline,lc128kz,longctx-zipf,tiara_sym_l2,77,82790,GPU
20260905-210810-m5p-timeline,lc128kz,longctx-zipf,tiara_sym_l2,77,82964,GPU
20260905-210810-m5p-timeline,lc128kz,longctx-zipf,tiara_sym_l2,77,83138,GPU
20260905-210810-m5p-timeline,lc128kz,longctx-zipf,tiara_sym_l2,77,83312,GPU
20260905-210810-m5p-timeline,lc128kz,longctx-zipf,tiara_sym_l2,77,83486,GPU
20260905-210810-m5p-timeline,lc128kz,longctx-zipf,tiara_sym_l2,77,83660,GPU
20260905-210810-m5p-timeline,lc128kz,longctx-zipf,tiara_sym_l2,77,83834,GPU
20260905-210810-m5p-timeline,lc128kz,longctx-zipf,tiara_sym_l2,77,84008,GPU
20260905-210810-m5p-timeline,lc128kz,longctx-zipf,tiara_sym_l2,77,84182,GPU
20260905-210810-m5p-timeline,lc128kz,longctx-zipf,tiara_sym_l2,77,84356,GPU
20260905-210810-m5p-timeline,lc128kz,longctx-zipf,tiara_sym_l2,77,84530,GPU
20260905-210810-m5p-timeline,lc128kz,longctx-zipf,tiara_sym_l2,77,84704,GPU
20260905-210810-m5p-timeline,lc128kz,longctx-zipf,tiara_sym_l2,77,84878,GPU
20260905-210810-m5p-timeline,lc128kz,longctx-zipf,tiara_sym_l2,77,85052,GPU
20260905-210810-m5p-timeline,lc128kz,longctx-zipf,tiara_sym_l2,77,85226,GPU
20260905-210810-m5p-timeline,lc128kz,longctx-zipf,tiara_sym_l2,77,85400,GPU
20260905-210810-m5p-timeline,lc128kz,longctx-zipf,tiara_sym_l2,77,85574,GPU
20260905-210810-m5p-timeline,lc128kz,longctx-zipf,tiara_sym_l2,77,85748,GPU
20260905-210810-m5p-timeline,lc128kz,longctx-zipf,tiara_sym_l2,77,85922,GPU
20260905-210810-m5p-timeline,lc128kz,longctx-zipf,tiara_sym_l2,77,86096,GPU
20260905-210810-m5p-timeline,lc128kz,longctx-zipf,tiara_sym_l2,77,86270,GPU
20260905-210810-m5p-timeline,lc128kz,longctx-zipf,tiara_sym_l2,77,86444,GPU
20260905-210810-m5p-timeline,lc128kz,longctx-zipf,tiara_sym_l2,77,86618,GPU
20260905-210810-m5p-timeline,lc128kz,longctx-zipf,tiara_sym_l2,77,86792,GPU
20260905-210810-m5p-timeline,lc128kz,longctx-zipf,tiara_sym_l2,77,86966,GPU
20260905-210810-m5p-timeline,lc128kz,longctx-zipf,tiara_sym_l2,77,87140,GPU
20260905-210810-m5p-timeline,lc128kz,longctx-zipf,tiara_sym_l2,77,87314,GPU
20260905-210810-m5p-timeline,lc128kz,longctx-zipf,tiara_sym_l2,77,87488,GPU
20260905-210810-m5p-timeline,lc128kz,longctx-zipf,tiara_sym_l2,77,87662,GPU
20260905-210810-m5p-timeline,lc128kz,longctx-zipf,tiara_sym_l2,77,87836,GPU
20260905-210810-m5p-timeline,lc128kz,longctx-zipf,tiara_sym_l2,77,88010,GPU
20260905-210810-m5p-timeline,lc128kz,longctx-zipf,tiara_sym_l2,77,88184,GPU
20260905-210810-m5p-timeline,lc128kz,longctx-zipf,tiara_sym_l2,77,88358,GPU
20260905-210810-m5p-timeline,lc128kz,longctx-zipf,tiara_sym_l2,77,88532,GPU
20260905-210810-m5p-timeline,lc128kz,longctx-zipf,tiara_sym_l2,77,88706,GPU
20260905-210810-m5p-timeline,lc128kz,longctx-zipf,tiara_sym_l2,77,88880,GPU
20260905-210810-m5p-timeline,lc128kz,longctx-zipf,tiara_sym_l2,77,89054,CPU
20260905-210810-m5p-timeline,lc128kz,longctx-zipf,tiara_sym_l2,77,89228,CPU
20260905-210810-m5p-timeline,lc128kz,longctx-zipf,tiara_sym_l2,77,89402,CPU
20260905-210810-m5p-timeline,lc128kz,longctx-zipf,tiara_sym_l2,77,89576,CPU
20260905-210810-m5p-timeline,lc128kz,longctx-zipf,tiara_sym_l2,77,89750,CPU
20260905-210810-m5p-timeline,lc128kz,longctx-zipf,tiara_sym_l2,77,89924,CPU
20260905-210810-m5p-timeline,lc128kz,longctx-zipf,tiara_sym_l2,77,90098,SSD
20260905-210810-m5p-timeline,lc128kz,longctx-zipf,tiara_sym_l2,78,81920,GPU
20260905-210810-m5p-timeline,lc128kz,longctx-zipf,tiara_sym_l2,78,82094,GPU
20260905-210810-m5p-timeline,lc128kz,longctx-zipf,tiara_sym_l2,78,82268,GPU
20260905-210810-m5p-timeline,lc128kz,longctx-zipf,tiara_sym_l2,78,82442,GPU
20260905-210810-m5p-timeline,lc128kz,longctx-zipf,tiara_sym_l2,78,82616,GPU
20260905-210810-m5p-timeline,lc128kz,longctx-zipf,tiara_sym_l2,78,82790,GPU
20260905-210810-m5p-timeline,lc128kz,longctx-zipf,tiara_sym_l2,78,82964,GPU
20260905-210810-m5p-timeline,lc128kz,longctx-zipf,tiara_sym_l2,78,83138,GPU
20260905-210810-m5p-timeline,lc128kz,longctx-zipf,tiara_sym_l2,78,83312,GPU
20260905-210810-m5p-timeline,lc128kz,longctx-zipf,tiara_sym_l2,78,83486,GPU
20260905-210810-m5p-timeline,lc128kz,longctx-zipf,tiara_sym_l2,78,83660,GPU
20260905-210810-m5p-timeline,lc128kz,longctx-zipf,tiara_sym_l2,78,83834,GPU
20260905-210810-m5p-timeline,lc128kz,longctx-zipf,tiara_sym_l2,78,84008,GPU
20260905-210810-m5p-timeline,lc128kz,longctx-zipf,tiara_sym_l2,78,84182,GPU
20260905-210810-m5p-timeline,lc128kz,longctx-zipf,tiara_sym_l2,78,84356,GPU
20260905-210810-m5p-timeline,lc128kz,longctx-zipf,tiara_sym_l2,78,84530,GPU
20260905-210810-m5p-timeline,lc128kz,longctx-zipf,tiara_sym_l2,78,84704,GPU
20260905-210810-m5p-timeline,lc128kz,longctx-zipf,tiara_sym_l2,78,84878,GPU
20260905-210810-m5p-timeline,lc128kz,longctx-zipf,tiara_sym_l2,78,85052,GPU
20260905-210810-m5p-timeline,lc128kz,longctx-zipf,tiara_sym_l2,78,85226,GPU
20260905-210810-m5p-timeline,lc128kz,longctx-zipf,tiara_sym_l2,78,85400,GPU
20260905-210810-m5p-timeline,lc128kz,longctx-zipf,tiara_sym_l2,78,85574,GPU
20260905-210810-m5p-timeline,lc128kz,longctx-zipf,tiara_sym_l2,78,85748,GPU
20260905-210810-m5p-timeline,lc128kz,longctx-zipf,tiara_sym_l2,78,85922,GPU
20260905-210810-m5p-timeline,lc128kz,longctx-zipf,tiara_sym_l2,78,86096,GPU
20260905-210810-m5p-timeline,lc128kz,longctx-zipf,tiara_sym_l2,78,86270,GPU
20260905-210810-m5p-timeline,lc128kz,longctx-zipf,tiara_sym_l2,78,86444,GPU
20260905-210810-m5p-timeline,lc128kz,longctx-zipf,tiara_sym_l2,78,86618,GPU
20260905-210810-m5p-timeline,lc128kz,longctx-zipf,tiara_sym_l2,78,86792,GPU
20260905-210810-m5p-timeline,lc128kz,longctx-zipf,tiara_sym_l2,78,86966,GPU
20260905-210810-m5p-timeline,lc128kz,longctx-zipf,tiara_sym_l2,78,87140,GPU
20260905-210810-m5p-timeline,lc128kz,longctx-zipf,tiara_sym_l2,78,87314,GPU
20260905-210810-m5p-timeline,lc128kz,longctx-zipf,tiara_sym_l2,78,87488,GPU
20260905-210810-m5p-timeline,lc128kz,longctx-zipf,tiara_sym_l2,78,87662,GPU
20260905-210810-m5p-timeline,lc128kz,longctx-zipf,tiara_sym_l2,78,87836,GPU
20260905-210810-m5p-timeline,lc128kz,longctx-zipf,tiara_sym_l2,78,88010,GPU
20260905-210810-m5p-timeline,lc128kz,longctx-zipf,tiara_sym_l2,78,88184,GPU
20260905-210810-m5p-timeline,lc128kz,longctx-zipf,tiara_sym_l2,78,88358,GPU
20260905-210810-m5p-timeline,lc128kz,longctx-zipf,tiara_sym_l2,78,88532,GPU
20260905-210810-m5p-timeline,lc128kz,longctx-zipf,tiara_sym_l2,78,88706,GPU
20260905-210810-m5p-timeline,lc128kz,longctx-zipf,tiara_sym_l2,78,88880,GPU
20260905-210810-m5p-timeline,lc128kz,longctx-zipf,tiara_sym_l2,78,89054,CPU
20260905-210810-m5p-timeline,lc128kz,longctx-zipf,tiara_sym_l2,78,89228,CPU
20260905-210810-m5p-timeline,lc128kz,longctx-zipf,tiara_sym_l2,78,89402,CPU
20260905-210810-m5p-timeline,lc128kz,longctx-zipf,tiara_sym_l2,78,89576,CPU
20260905-210810-m5p-timeline,lc128kz,longctx-zipf,tiara_sym_l2,78,89750,CPU
20260905-210810-m5p-timeline,lc128kz,longctx-zipf,tiara_sym_l2,78,89924,CPU
20260905-210810-m5p-timeline,lc128kz,longctx-zipf,tiara_sym_l2,78,90098,SSD
20260905-210810-m5p-timeline,lc128kz,longctx-zipf,tiara_sym_l2,79,81920,GPU
20260905-210810-m5p-timeline,lc128kz,longctx-zipf,tiara_sym_l2,79,82094,GPU
20260905-210810-m5p-timeline,lc128kz,longctx-zipf,tiara_sym_l2,79,82268,GPU
20260905-210810-m5p-timeline,lc128kz,longctx-zipf,tiara_sym_l2,79,82442,GPU
20260905-210810-m5p-timeline,lc128kz,longctx-zipf,tiara_sym_l2,79,82616,GPU
20260905-210810-m5p-timeline,lc128kz,longctx-zipf,tiara_sym_l2,79,82790,GPU
20260905-210810-m5p-timeline,lc128kz,longctx-zipf,tiara_sym_l2,79,82964,GPU
20260905-210810-m5p-timeline,lc128kz,longctx-zipf,tiara_sym_l2,79,83138,GPU
20260905-210810-m5p-timeline,lc128kz,longctx-zipf,tiara_sym_l2,79,83312,GPU
20260905-210810-m5p-timeline,lc128kz,longctx-zipf,tiara_sym_l2,79,83486,GPU
20260905-210810-m5p-timeline,lc128kz,longctx-zipf,tiara_sym_l2,79,83660,GPU
20260905-210810-m5p-timeline,lc128kz,longctx-zipf,tiara_sym_l2,79,83834,GPU
20260905-210810-m5p-timeline,lc128kz,longctx-zipf,tiara_sym_l2,79,84008,GPU
20260905-210810-m5p-timeline,lc128kz,longctx-zipf,tiara_sym_l2,79,84182,GPU
20260905-210810-m5p-timeline,lc128kz,longctx-zipf,tiara_sym_l2,79,84356,GPU
20260905-210810-m5p-timeline,lc128kz,longctx-zipf,tiara_sym_l2,79,84530,GPU
20260905-210810-m5p-timeline,lc128kz,longctx-zipf,tiara_sym_l2,79,84704,GPU
20260905-210810-m5p-timeline,lc128kz,longctx-zipf,tiara_sym_l2,79,84878,GPU
20260905-210810-m5p-timeline,lc128kz,longctx-zipf,tiara_sym_l2,79,85052,GPU
20260905-210810-m5p-timeline,lc128kz,longctx-zipf,tiara_sym_l2,79,85226,GPU
20260905-210810-m5p-timeline,lc128kz,longctx-zipf,tiara_sym_l2,79,85400,GPU
20260905-210810-m5p-timeline,lc128kz,longctx-zipf,tiara_sym_l2,79,85574,GPU
20260905-210810-m5p-timeline,lc128kz,longctx-zipf,tiara_sym_l2,79,85748,GPU
20260905-210810-m5p-timeline,lc128kz,longctx-zipf,tiara_sym_l2,79,85922,GPU
20260905-210810-m5p-timeline,lc128kz,longctx-zipf,tiara_sym_l2,79,86096,GPU
20260905-210810-m5p-timeline,lc128kz,longctx-zipf,tiara_sym_l2,79,86270,GPU
20260905-210810-m5p-timeline,lc128kz,longctx-zipf,tiara_sym_l2,79,86444,GPU
20260905-210810-m5p-timeline,lc128kz,longctx-zipf,tiara_sym_l2,79,86618,GPU
20260905-210810-m5p-timeline,lc128kz,longctx-zipf,tiara_sym_l2,79,86792,GPU
20260905-210810-m5p-timeline,lc128kz,longctx-zipf,tiara_sym_l2,79,86966,GPU
20260905-210810-m5p-timeline,lc128kz,longctx-zipf,tiara_sym_l2,79,87140,GPU
20260905-210810-m5p-timeline,lc128kz,longctx-zipf,tiara_sym_l2,79,87314,GPU
20260905-210810-m5p-timeline,lc128kz,longctx-zipf,tiara_sym_l2,79,87488,GPU
20260905-210810-m5p-timeline,lc128kz,longctx-zipf,tiara_sym_l2,79,87662,GPU
20260905-210810-m5p-timeline,lc128kz,longctx-zipf,tiara_sym_l2,79,87836,GPU
20260905-210810-m5p-timeline,lc128kz,longctx-zipf,tiara_sym_l2,79,88010,GPU
20260905-210810-m5p-timeline,lc128kz,longctx-zipf,tiara_sym_l2,79,88184,GPU
20260905-210810-m5p-timeline,lc128kz,longctx-zipf,tiara_sym_l2,79,88358,GPU
20260905-210810-m5p-timeline,lc128kz,longctx-zipf,tiara_sym_l2,79,88532,GPU
20260905-210810-m5p-timeline,lc128kz,longctx-zipf,tiara_sym_l2,79,88706,GPU
20260905-210810-m5p-timeline,lc128kz,longctx-zipf,tiara_sym_l2,79,88880,GPU
20260905-210810-m5p-timeline,lc128kz,longctx-zipf,tiara_sym_l2,79,89054,CPU
20260905-210810-m5p-timeline,lc128kz,longctx-zipf,tiara_sym_l2,79,89228,CPU
20260905-210810-m5p-timeline,lc128kz,longctx-zipf,tiara_sym_l2,79,89402,CPU
20260905-210810-m5p-timeline,lc128kz,longctx-zipf,tiara_sym_l2,79,89576,CPU
20260905-210810-m5p-timeline,lc128kz,longctx-zipf,tiara_sym_l2,79,89750,CPU
20260905-210810-m5p-timeline,lc128kz,longctx-zipf,tiara_sym_l2,79,89924,CPU
20260905-210810-m5p-timeline,lc128kz,longctx-zipf,tiara_sym_l2,79,90098,SSD
20260905-210810-m5p-timeline,lc128kz,longctx-zipf,tiara_sym_l2,80,81920,GPU
20260905-210810-m5p-timeline,lc128kz,longctx-zipf,tiara_sym_l2,80,82094,GPU
20260905-210810-m5p-timeline,lc128kz,longctx-zipf,tiara_sym_l2,80,82268,GPU
20260905-210810-m5p-timeline,lc128kz,longctx-zipf,tiara_sym_l2,80,82442,GPU
20260905-210810-m5p-timeline,lc128kz,longctx-zipf,tiara_sym_l2,80,82616,GPU
20260905-210810-m5p-timeline,lc128kz,longctx-zipf,tiara_sym_l2,80,82790,GPU
20260905-210810-m5p-timeline,lc128kz,longctx-zipf,tiara_sym_l2,80,82964,GPU
20260905-210810-m5p-timeline,lc128kz,longctx-zipf,tiara_sym_l2,80,83138,GPU
20260905-210810-m5p-timeline,lc128kz,longctx-zipf,tiara_sym_l2,80,83312,GPU
20260905-210810-m5p-timeline,lc128kz,longctx-zipf,tiara_sym_l2,80,83486,GPU
20260905-210810-m5p-timeline,lc128kz,longctx-zipf,tiara_sym_l2,80,83660,GPU
20260905-210810-m5p-timeline,lc128kz,longctx-zipf,tiara_sym_l2,80,83834,GPU
20260905-210810-m5p-timeline,lc128kz,longctx-zipf,tiara_sym_l2,80,84008,GPU
20260905-210810-m5p-timeline,lc128kz,longctx-zipf,tiara_sym_l2,80,84182,GPU
20260905-210810-m5p-timeline,lc128kz,longctx-zipf,tiara_sym_l2,80,84356,GPU
20260905-210810-m5p-timeline,lc128kz,longctx-zipf,tiara_sym_l2,80,84530,GPU
20260905-210810-m5p-timeline,lc128kz,longctx-zipf,tiara_sym_l2,80,84704,GPU
20260905-210810-m5p-timeline,lc128kz,longctx-zipf,tiara_sym_l2,80,84878,GPU
20260905-210810-m5p-timeline,lc128kz,longctx-zipf,tiara_sym_l2,80,85052,GPU
20260905-210810-m5p-timeline,lc128kz,longctx-zipf,tiara_sym_l2,80,85226,GPU
20260905-210810-m5p-timeline,lc128kz,longctx-zipf,tiara_sym_l2,80,85400,GPU
20260905-210810-m5p-timeline,lc128kz,longctx-zipf,tiara_sym_l2,80,85574,GPU
20260905-210810-m5p-timeline,lc128kz,longctx-zipf,tiara_sym_l2,80,85748,GPU
20260905-210810-m5p-timeline,lc128kz,longctx-zipf,tiara_sym_l2,80,85922,GPU
20260905-210810-m5p-timeline,lc128kz,longctx-zipf,tiara_sym_l2,80,86096,GPU
20260905-210810-m5p-timeline,lc128kz,longctx-zipf,tiara_sym_l2,80,86270,GPU
20260905-210810-m5p-timeline,lc128kz,longctx-zipf,tiara_sym_l2,80,86444,GPU
20260905-210810-m5p-timeline,lc128kz,longctx-zipf,tiara_sym_l2,80,86618,GPU
20260905-210810-m5p-timeline,lc128kz,longctx-zipf,tiara_sym_l2,80,86792,GPU
20260905-210810-m5p-timeline,lc128kz,longctx-zipf,tiara_sym_l2,80,86966,GPU
20260905-210810-m5p-timeline,lc128kz,longctx-zipf,tiara_sym_l2,80,87140,GPU
20260905-210810-m5p-timeline,lc128kz,longctx-zipf,tiara_sym_l2,80,87314,GPU
20260905-210810-m5p-timeline,lc128kz,longctx-zipf,tiara_sym_l2,80,87488,GPU
20260905-210810-m5p-timeline,lc128kz,longctx-zipf,tiara_sym_l2,80,87662,GPU
20260905-210810-m5p-timeline,lc128kz,longctx-zipf,tiara_sym_l2,80,87836,GPU
20260905-210810-m5p-timeline,lc128kz,longctx-zipf,tiara_sym_l2,80,88010,GPU
20260905-210810-m5p-timeline,lc128kz,longctx-zipf,tiara_sym_l2,80,88184,GPU
20260905-210810-m5p-timeline,lc128kz,longctx-zipf,tiara_sym_l2,80,88358,GPU
20260905-210810-m5p-timeline,lc128kz,longctx-zipf,tiara_sym_l2,80,88532,GPU
20260905-210810-m5p-timeline,lc128kz,longctx-zipf,tiara_sym_l2,80,88706,GPU
20260905-210810-m5p-timeline,lc128kz,longctx-zipf,tiara_sym_l2,80,88880,GPU
20260905-210810-m5p-timeline,lc128kz,longctx-zipf,tiara_sym_l2,80,89054,CPU
20260905-210810-m5p-timeline,lc128kz,longctx-zipf,tiara_sym_l2,80,89228,CPU
20260905-210810-m5p-timeline,lc128kz,longctx-zipf,tiara_sym_l2,80,89402,CPU
20260905-210810-m5p-timeline,lc128kz,longctx-zipf,tiara_sym_l2,80,89576,CPU
20260905-210810-m5p-timeline,lc128kz,longctx-zipf,tiara_sym_l2,80,89750,CPU
20260905-210810-m5p-timeline,lc128kz,longctx-zipf,tiara_sym_l2,80,89924,CPU
20260905-210810-m5p-timeline,lc128kz,longctx-zipf,tiara_sym_l2,80,90098,SSD
20260905-210810-m5p-timeline,lc128kz,longctx-zipf,tiara_sym_l2,81,81920,GPU
20260905-210810-m5p-timeline,lc128kz,longctx-zipf,tiara_sym_l2,81,82094,GPU
20260905-210810-m5p-timeline,lc128kz,longctx-zipf,tiara_sym_l2,81,82268,GPU
20260905-210810-m5p-timeline,lc128kz,longctx-zipf,tiara_sym_l2,81,82442,GPU
20260905-210810-m5p-timeline,lc128kz,longctx-zipf,tiara_sym_l2,81,82616,GPU
20260905-210810-m5p-timeline,lc128kz,longctx-zipf,tiara_sym_l2,81,82790,GPU
20260905-210810-m5p-timeline,lc128kz,longctx-zipf,tiara_sym_l2,81,82964,GPU
20260905-210810-m5p-timeline,lc128kz,longctx-zipf,tiara_sym_l2,81,83138,GPU
20260905-210810-m5p-timeline,lc128kz,longctx-zipf,tiara_sym_l2,81,83312,GPU
20260905-210810-m5p-timeline,lc128kz,longctx-zipf,tiara_sym_l2,81,83486,GPU
20260905-210810-m5p-timeline,lc128kz,longctx-zipf,tiara_sym_l2,81,83660,GPU
20260905-210810-m5p-timeline,lc128kz,longctx-zipf,tiara_sym_l2,81,83834,GPU
20260905-210810-m5p-timeline,lc128kz,longctx-zipf,tiara_sym_l2,81,84008,GPU
20260905-210810-m5p-timeline,lc128kz,longctx-zipf,tiara_sym_l2,81,84182,GPU
20260905-210810-m5p-timeline,lc128kz,longctx-zipf,tiara_sym_l2,81,84356,GPU
20260905-210810-m5p-timeline,lc128kz,longctx-zipf,tiara_sym_l2,81,84530,GPU
20260905-210810-m5p-timeline,lc128kz,longctx-zipf,tiara_sym_l2,81,84704,GPU
20260905-210810-m5p-timeline,lc128kz,longctx-zipf,tiara_sym_l2,81,84878,GPU
20260905-210810-m5p-timeline,lc128kz,longctx-zipf,tiara_sym_l2,81,85052,GPU
20260905-210810-m5p-timeline,lc128kz,longctx-zipf,tiara_sym_l2,81,85226,GPU
20260905-210810-m5p-timeline,lc128kz,longctx-zipf,tiara_sym_l2,81,85400,GPU
20260905-210810-m5p-timeline,lc128kz,longctx-zipf,tiara_sym_l2,81,85574,GPU
20260905-210810-m5p-timeline,lc128kz,longctx-zipf,tiara_sym_l2,81,85748,GPU
20260905-210810-m5p-timeline,lc128kz,longctx-zipf,tiara_sym_l2,81,85922,GPU
20260905-210810-m5p-timeline,lc128kz,longctx-zipf,tiara_sym_l2,81,86096,GPU
20260905-210810-m5p-timeline,lc128kz,longctx-zipf,tiara_sym_l2,81,86270,GPU
20260905-210810-m5p-timeline,lc128kz,longctx-zipf,tiara_sym_l2,81,86444,GPU
20260905-210810-m5p-timeline,lc128kz,longctx-zipf,tiara_sym_l2,81,86618,GPU
20260905-210810-m5p-timeline,lc128kz,longctx-zipf,tiara_sym_l2,81,86792,GPU
20260905-210810-m5p-timeline,lc128kz,longctx-zipf,tiara_sym_l2,81,86966,GPU
20260905-210810-m5p-timeline,lc128kz,longctx-zipf,tiara_sym_l2,81,87140,GPU
20260905-210810-m5p-timeline,lc128kz,longctx-zipf,tiara_sym_l2,81,87314,GPU
20260905-210810-m5p-timeline,lc128kz,longctx-zipf,tiara_sym_l2,81,87488,GPU
20260905-210810-m5p-timeline,lc128kz,longctx-zipf,tiara_sym_l2,81,87662,GPU
20260905-210810-m5p-timeline,lc128kz,longctx-zipf,tiara_sym_l2,81,87836,GPU
20260905-210810-m5p-timeline,lc128kz,longctx-zipf,tiara_sym_l2,81,88010,GPU
20260905-210810-m5p-timeline,lc128kz,longctx-zipf,tiara_sym_l2,81,88184,GPU
20260905-210810-m5p-timeline,lc128kz,longctx-zipf,tiara_sym_l2,81,88358,GPU
20260905-210810-m5p-timeline,lc128kz,longctx-zipf,tiara_sym_l2,81,88532,GPU
20260905-210810-m5p-timeline,lc128kz,longctx-zipf,tiara_sym_l2,81,88706,GPU
20260905-210810-m5p-timeline,lc128kz,longctx-zipf,tiara_sym_l2,81,88880,GPU
20260905-210810-m5p-timeline,lc128kz,longctx-zipf,tiara_sym_l2,81,89054,CPU
20260905-210810-m5p-timeline,lc128kz,longctx-zipf,tiara_sym_l2,81,89228,CPU
20260905-210810-m5p-timeline,lc128kz,longctx-zipf,tiara_sym_l2,81,89402,CPU
20260905-210810-m5p-timeline,lc128kz,longctx-zipf,tiara_sym_l2,81,89576,CPU
20260905-210810-m5p-timeline,lc128kz,longctx-zipf,tiara_sym_l2,81,89750,CPU
20260905-210810-m5p-timeline,lc128kz,longctx-zipf,tiara_sym_l2,81,89924,CPU
20260905-210810-m5p-timeline,lc128kz,longctx-zipf,tiara_sym_l2,81,90098,SSD
20260905-210810-m5p-timeline,lc128kz,longctx-zipf,tiara_sym_l2,82,81920,GPU
20260905-210810-m5p-timeline,lc128kz,longctx-zipf,tiara_sym_l2,82,82094,GPU
20260905-210810-m5p-timeline,lc128kz,longctx-zipf,tiara_sym_l2,82,82268,GPU
20260905-210810-m5p-timeline,lc128kz,longctx-zipf,tiara_sym_l2,82,82442,GPU
20260905-210810-m5p-timeline,lc128kz,longctx-zipf,tiara_sym_l2,82,82616,GPU
20260905-210810-m5p-timeline,lc128kz,longctx-zipf,tiara_sym_l2,82,82790,GPU
20260905-210810-m5p-timeline,lc128kz,longctx-zipf,tiara_sym_l2,82,82964,GPU
20260905-210810-m5p-timeline,lc128kz,longctx-zipf,tiara_sym_l2,82,83138,GPU
20260905-210810-m5p-timeline,lc128kz,longctx-zipf,tiara_sym_l2,82,83312,GPU
20260905-210810-m5p-timeline,lc128kz,longctx-zipf,tiara_sym_l2,82,83486,GPU
20260905-210810-m5p-timeline,lc128kz,longctx-zipf,tiara_sym_l2,82,83660,GPU
20260905-210810-m5p-timeline,lc128kz,longctx-zipf,tiara_sym_l2,82,83834,GPU
20260905-210810-m5p-timeline,lc128kz,longctx-zipf,tiara_sym_l2,82,84008,GPU
20260905-210810-m5p-timeline,lc128kz,longctx-zipf,tiara_sym_l2,82,84182,GPU
20260905-210810-m5p-timeline,lc128kz,longctx-zipf,tiara_sym_l2,82,84356,GPU
20260905-210810-m5p-timeline,lc128kz,longctx-zipf,tiara_sym_l2,82,84530,GPU
20260905-210810-m5p-timeline,lc128kz,longctx-zipf,tiara_sym_l2,82,84704,GPU
20260905-210810-m5p-timeline,lc128kz,longctx-zipf,tiara_sym_l2,82,84878,GPU
20260905-210810-m5p-timeline,lc128kz,longctx-zipf,tiara_sym_l2,82,85052,GPU
20260905-210810-m5p-timeline,lc128kz,longctx-zipf,tiara_sym_l2,82,85226,GPU
20260905-210810-m5p-timeline,lc128kz,longctx-zipf,tiara_sym_l2,82,85400,GPU
20260905-210810-m5p-timeline,lc128kz,longctx-zipf,tiara_sym_l2,82,85574,GPU
20260905-210810-m5p-timeline,lc128kz,longctx-zipf,tiara_sym_l2,82,85748,GPU
20260905-210810-m5p-timeline,lc128kz,longctx-zipf,tiara_sym_l2,82,85922,GPU
20260905-210810-m5p-timeline,lc128kz,longctx-zipf,tiara_sym_l2,82,86096,GPU
20260905-210810-m5p-timeline,lc128kz,longctx-zipf,tiara_sym_l2,82,86270,GPU
20260905-210810-m5p-timeline,lc128kz,longctx-zipf,tiara_sym_l2,82,86444,GPU
20260905-210810-m5p-timeline,lc128kz,longctx-zipf,tiara_sym_l2,82,86618,GPU
20260905-210810-m5p-timeline,lc128kz,longctx-zipf,tiara_sym_l2,82,86792,GPU
20260905-210810-m5p-timeline,lc128kz,longctx-zipf,tiara_sym_l2,82,86966,GPU
20260905-210810-m5p-timeline,lc128kz,longctx-zipf,tiara_sym_l2,82,87140,GPU
20260905-210810-m5p-timeline,lc128kz,longctx-zipf,tiara_sym_l2,82,87314,GPU
20260905-210810-m5p-timeline,lc128kz,longctx-zipf,tiara_sym_l2,82,87488,GPU
20260905-210810-m5p-timeline,lc128kz,longctx-zipf,tiara_sym_l2,82,87662,GPU
20260905-210810-m5p-timeline,lc128kz,longctx-zipf,tiara_sym_l2,82,87836,GPU
20260905-210810-m5p-timeline,lc128kz,longctx-zipf,tiara_sym_l2,82,88010,GPU
20260905-210810-m5p-timeline,lc128kz,longctx-zipf,tiara_sym_l2,82,88184,GPU
20260905-210810-m5p-timeline,lc128kz,longctx-zipf,tiara_sym_l2,82,88358,GPU
20260905-210810-m5p-timeline,lc128kz,longctx-zipf,tiara_sym_l2,82,88532,GPU
20260905-210810-m5p-timeline,lc128kz,longctx-zipf,tiara_sym_l2,82,88706,GPU
20260905-210810-m5p-timeline,lc128kz,longctx-zipf,tiara_sym_l2,82,88880,GPU
20260905-210810-m5p-timeline,lc128kz,longctx-zipf,tiara_sym_l2,82,89054,CPU
20260905-210810-m5p-timeline,lc128kz,longctx-zipf,tiara_sym_l2,82,89228,CPU
20260905-210810-m5p-timeline,lc128kz,longctx-zipf,tiara_sym_l2,82,89402,CPU
20260905-210810-m5p-timeline,lc128kz,longctx-zipf,tiara_sym_l2,82,89576,CPU
20260905-210810-m5p-timeline,lc128kz,longctx-zipf,tiara_sym_l2,82,89750,CPU
20260905-210810-m5p-timeline,lc128kz,longctx-zipf,tiara_sym_l2,82,89924,CPU
20260905-210810-m5p-timeline,lc128kz,longctx-zipf,tiara_sym_l2,82,90098,SSD
20260905-210810-m5p-timeline,lc128kz,longctx-zipf,tiara_sym_l2,83,81920,GPU
20260905-210810-m5p-timeline,lc128kz,longctx-zipf,tiara_sym_l2,83,82094,GPU
20260905-210810-m5p-timeline,lc128kz,longctx-zipf,tiara_sym_l2,83,82268,GPU
20260905-210810-m5p-timeline,lc128kz,longctx-zipf,tiara_sym_l2,83,82442,GPU
20260905-210810-m5p-timeline,lc128kz,longctx-zipf,tiara_sym_l2,83,82616,GPU
20260905-210810-m5p-timeline,lc128kz,longctx-zipf,tiara_sym_l2,83,82790,GPU
20260905-210810-m5p-timeline,lc128kz,longctx-zipf,tiara_sym_l2,83,82964,GPU
20260905-210810-m5p-timeline,lc128kz,longctx-zipf,tiara_sym_l2,83,83138,GPU
20260905-210810-m5p-timeline,lc128kz,longctx-zipf,tiara_sym_l2,83,83312,GPU
20260905-210810-m5p-timeline,lc128kz,longctx-zipf,tiara_sym_l2,83,83486,GPU
20260905-210810-m5p-timeline,lc128kz,longctx-zipf,tiara_sym_l2,83,83660,GPU
20260905-210810-m5p-timeline,lc128kz,longctx-zipf,tiara_sym_l2,83,83834,GPU
20260905-210810-m5p-timeline,lc128kz,longctx-zipf,tiara_sym_l2,83,84008,GPU
20260905-210810-m5p-timeline,lc128kz,longctx-zipf,tiara_sym_l2,83,84182,GPU
20260905-210810-m5p-timeline,lc128kz,longctx-zipf,tiara_sym_l2,83,84356,GPU
20260905-210810-m5p-timeline,lc128kz,longctx-zipf,tiara_sym_l2,83,84530,GPU
20260905-210810-m5p-timeline,lc128kz,longctx-zipf,tiara_sym_l2,83,84704,GPU
20260905-210810-m5p-timeline,lc128kz,longctx-zipf,tiara_sym_l2,83,84878,GPU
20260905-210810-m5p-timeline,lc128kz,longctx-zipf,tiara_sym_l2,83,85052,GPU
20260905-210810-m5p-timeline,lc128kz,longctx-zipf,tiara_sym_l2,83,85226,GPU
20260905-210810-m5p-timeline,lc128kz,longctx-zipf,tiara_sym_l2,83,85400,GPU
20260905-210810-m5p-timeline,lc128kz,longctx-zipf,tiara_sym_l2,83,85574,GPU
20260905-210810-m5p-timeline,lc128kz,longctx-zipf,tiara_sym_l2,83,85748,GPU
20260905-210810-m5p-timeline,lc128kz,longctx-zipf,tiara_sym_l2,83,85922,GPU
20260905-210810-m5p-timeline,lc128kz,longctx-zipf,tiara_sym_l2,83,86096,GPU
20260905-210810-m5p-timeline,lc128kz,longctx-zipf,tiara_sym_l2,83,86270,GPU
20260905-210810-m5p-timeline,lc128kz,longctx-zipf,tiara_sym_l2,83,86444,GPU
20260905-210810-m5p-timeline,lc128kz,longctx-zipf,tiara_sym_l2,83,86618,GPU
20260905-210810-m5p-timeline,lc128kz,longctx-zipf,tiara_sym_l2,83,86792,GPU
20260905-210810-m5p-timeline,lc128kz,longctx-zipf,tiara_sym_l2,83,86966,GPU
20260905-210810-m5p-timeline,lc128kz,longctx-zipf,tiara_sym_l2,83,87140,GPU
20260905-210810-m5p-timeline,lc128kz,longctx-zipf,tiara_sym_l2,83,87314,GPU
20260905-210810-m5p-timeline,lc128kz,longctx-zipf,tiara_sym_l2,83,87488,GPU
20260905-210810-m5p-timeline,lc128kz,longctx-zipf,tiara_sym_l2,83,87662,GPU
20260905-210810-m5p-timeline,lc128kz,longctx-zipf,tiara_sym_l2,83,87836,GPU
20260905-210810-m5p-timeline,lc128kz,longctx-zipf,tiara_sym_l2,83,88010,GPU
20260905-210810-m5p-timeline,lc128kz,longctx-zipf,tiara_sym_l2,83,88184,GPU
20260905-210810-m5p-timeline,lc128kz,longctx-zipf,tiara_sym_l2,83,88358,GPU
20260905-210810-m5p-timeline,lc128kz,longctx-zipf,tiara_sym_l2,83,88532,GPU
20260905-210810-m5p-timeline,lc128kz,longctx-zipf,tiara_sym_l2,83,88706,GPU
20260905-210810-m5p-timeline,lc128kz,longctx-zipf,tiara_sym_l2,83,88880,GPU
20260905-210810-m5p-timeline,lc128kz,longctx-zipf,tiara_sym_l2,83,89054,CPU
20260905-210810-m5p-timeline,lc128kz,longctx-zipf,tiara_sym_l2,83,89228,CPU
20260905-210810-m5p-timeline,lc128kz,longctx-zipf,tiara_sym_l2,83,89402,CPU
20260905-210810-m5p-timeline,lc128kz,longctx-zipf,tiara_sym_l2,83,89576,CPU
20260905-210810-m5p-timeline,lc128kz,longctx-zipf,tiara_sym_l2,83,89750,CPU
20260905-210810-m5p-timeline,lc128kz,longctx-zipf,tiara_sym_l2,83,89924,CPU
20260905-210810-m5p-timeline,lc128kz,longctx-zipf,tiara_sym_l2,83,90098,SSD
20260905-210810-m5p-timeline,lc128kz,longctx-zipf,tiara_sym_l2,84,81920,GPU
20260905-210810-m5p-timeline,lc128kz,longctx-zipf,tiara_sym_l2,84,82094,GPU
20260905-210810-m5p-timeline,lc128kz,longctx-zipf,tiara_sym_l2,84,82268,GPU
20260905-210810-m5p-timeline,lc128kz,longctx-zipf,tiara_sym_l2,84,82442,GPU
20260905-210810-m5p-timeline,lc128kz,longctx-zipf,tiara_sym_l2,84,82616,GPU
20260905-210810-m5p-timeline,lc128kz,longctx-zipf,tiara_sym_l2,84,82790,GPU
20260905-210810-m5p-timeline,lc128kz,longctx-zipf,tiara_sym_l2,84,82964,GPU
20260905-210810-m5p-timeline,lc128kz,longctx-zipf,tiara_sym_l2,84,83138,GPU
20260905-210810-m5p-timeline,lc128kz,longctx-zipf,tiara_sym_l2,84,83312,GPU
20260905-210810-m5p-timeline,lc128kz,longctx-zipf,tiara_sym_l2,84,83486,GPU
20260905-210810-m5p-timeline,lc128kz,longctx-zipf,tiara_sym_l2,84,83660,GPU
20260905-210810-m5p-timeline,lc128kz,longctx-zipf,tiara_sym_l2,84,83834,GPU
20260905-210810-m5p-timeline,lc128kz,longctx-zipf,tiara_sym_l2,84,84008,GPU
20260905-210810-m5p-timeline,lc128kz,longctx-zipf,tiara_sym_l2,84,84182,GPU
20260905-210810-m5p-timeline,lc128kz,longctx-zipf,tiara_sym_l2,84,84356,GPU
20260905-210810-m5p-timeline,lc128kz,longctx-zipf,tiara_sym_l2,84,84530,GPU
20260905-210810-m5p-timeline,lc128kz,longctx-zipf,tiara_sym_l2,84,84704,GPU
20260905-210810-m5p-timeline,lc128kz,longctx-zipf,tiara_sym_l2,84,84878,GPU
20260905-210810-m5p-timeline,lc128kz,longctx-zipf,tiara_sym_l2,84,85052,GPU
20260905-210810-m5p-timeline,lc128kz,longctx-zipf,tiara_sym_l2,84,85226,GPU
20260905-210810-m5p-timeline,lc128kz,longctx-zipf,tiara_sym_l2,84,85400,GPU
20260905-210810-m5p-timeline,lc128kz,longctx-zipf,tiara_sym_l2,84,85574,GPU
20260905-210810-m5p-timeline,lc128kz,longctx-zipf,tiara_sym_l2,84,85748,GPU
20260905-210810-m5p-timeline,lc128kz,longctx-zipf,tiara_sym_l2,84,85922,GPU
20260905-210810-m5p-timeline,lc128kz,longctx-zipf,tiara_sym_l2,84,86096,GPU
20260905-210810-m5p-timeline,lc128kz,longctx-zipf,tiara_sym_l2,84,86270,GPU
20260905-210810-m5p-timeline,lc128kz,longctx-zipf,tiara_sym_l2,84,86444,GPU
20260905-210810-m5p-timeline,lc128kz,longctx-zipf,tiara_sym_l2,84,86618,GPU
20260905-210810-m5p-timeline,lc128kz,longctx-zipf,tiara_sym_l2,84,86792,GPU
20260905-210810-m5p-timeline,lc128kz,longctx-zipf,tiara_sym_l2,84,86966,GPU
20260905-210810-m5p-timeline,lc128kz,longctx-zipf,tiara_sym_l2,84,87140,GPU
20260905-210810-m5p-timeline,lc128kz,longctx-zipf,tiara_sym_l2,84,87314,GPU
20260905-210810-m5p-timeline,lc128kz,longctx-zipf,tiara_sym_l2,84,87488,GPU
20260905-210810-m5p-timeline,lc128kz,longctx-zipf,tiara_sym_l2,84,87662,GPU
20260905-210810-m5p-timeline,lc128kz,longctx-zipf,tiara_sym_l2,84,87836,GPU
20260905-210810-m5p-timeline,lc128kz,longctx-zipf,tiara_sym_l2,84,88010,GPU
20260905-210810-m5p-timeline,lc128kz,longctx-zipf,tiara_sym_l2,84,88184,GPU
20260905-210810-m5p-timeline,lc128kz,longctx-zipf,tiara_sym_l2,84,88358,GPU
20260905-210810-m5p-timeline,lc128kz,longctx-zipf,tiara_sym_l2,84,88532,GPU
20260905-210810-m5p-timeline,lc128kz,longctx-zipf,tiara_sym_l2,84,88706,GPU
20260905-210810-m5p-timeline,lc128kz,longctx-zipf,tiara_sym_l2,84,88880,GPU
20260905-210810-m5p-timeline,lc128kz,longctx-zipf,tiara_sym_l2,84,89054,CPU
20260905-210810-m5p-timeline,lc128kz,longctx-zipf,tiara_sym_l2,84,89228,CPU
20260905-210810-m5p-timeline,lc128kz,longctx-zipf,tiara_sym_l2,84,89402,CPU
20260905-210810-m5p-timeline,lc128kz,longctx-zipf,tiara_sym_l2,84,89576,CPU
20260905-210810-m5p-timeline,lc128kz,longctx-zipf,tiara_sym_l2,84,89750,CPU
20260905-210810-m5p-timeline,lc128kz,longctx-zipf,tiara_sym_l2,84,89924,CPU
20260905-210810-m5p-timeline,lc128kz,longctx-zipf,tiara_sym_l2,84,90098,SSD
20260905-210810-m5p-timeline,lc128kz,longctx-zipf,tiara_sym_l2,85,81920,GPU
20260905-210810-m5p-timeline,lc128kz,longctx-zipf,tiara_sym_l2,85,82094,GPU
20260905-210810-m5p-timeline,lc128kz,longctx-zipf,tiara_sym_l2,85,82268,GPU
20260905-210810-m5p-timeline,lc128kz,longctx-zipf,tiara_sym_l2,85,82442,GPU
20260905-210810-m5p-timeline,lc128kz,longctx-zipf,tiara_sym_l2,85,82616,GPU
20260905-210810-m5p-timeline,lc128kz,longctx-zipf,tiara_sym_l2,85,82790,GPU
20260905-210810-m5p-timeline,lc128kz,longctx-zipf,tiara_sym_l2,85,82964,GPU
20260905-210810-m5p-timeline,lc128kz,longctx-zipf,tiara_sym_l2,85,83138,GPU
20260905-210810-m5p-timeline,lc128kz,longctx-zipf,tiara_sym_l2,85,83312,GPU
20260905-210810-m5p-timeline,lc128kz,longctx-zipf,tiara_sym_l2,85,83486,GPU
20260905-210810-m5p-timeline,lc128kz,longctx-zipf,tiara_sym_l2,85,83660,GPU
20260905-210810-m5p-timeline,lc128kz,longctx-zipf,tiara_sym_l2,85,83834,GPU
20260905-210810-m5p-timeline,lc128kz,longctx-zipf,tiara_sym_l2,85,84008,GPU
20260905-210810-m5p-timeline,lc128kz,longctx-zipf,tiara_sym_l2,85,84182,GPU
20260905-210810-m5p-timeline,lc128kz,longctx-zipf,tiara_sym_l2,85,84356,GPU
20260905-210810-m5p-timeline,lc128kz,longctx-zipf,tiara_sym_l2,85,84530,GPU
20260905-210810-m5p-timeline,lc128kz,longctx-zipf,tiara_sym_l2,85,84704,GPU
20260905-210810-m5p-timeline,lc128kz,longctx-zipf,tiara_sym_l2,85,84878,GPU
20260905-210810-m5p-timeline,lc128kz,longctx-zipf,tiara_sym_l2,85,85052,GPU
20260905-210810-m5p-timeline,lc128kz,longctx-zipf,tiara_sym_l2,85,85226,GPU
20260905-210810-m5p-timeline,lc128kz,longctx-zipf,tiara_sym_l2,85,85400,GPU
20260905-210810-m5p-timeline,lc128kz,longctx-zipf,tiara_sym_l2,85,85574,GPU
20260905-210810-m5p-timeline,lc128kz,longctx-zipf,tiara_sym_l2,85,85748,GPU
20260905-210810-m5p-timeline,lc128kz,longctx-zipf,tiara_sym_l2,85,85922,GPU
20260905-210810-m5p-timeline,lc128kz,longctx-zipf,tiara_sym_l2,85,86096,GPU
20260905-210810-m5p-timeline,lc128kz,longctx-zipf,tiara_sym_l2,85,86270,GPU
20260905-210810-m5p-timeline,lc128kz,longctx-zipf,tiara_sym_l2,85,86444,GPU
20260905-210810-m5p-timeline,lc128kz,longctx-zipf,tiara_sym_l2,85,86618,GPU
20260905-210810-m5p-timeline,lc128kz,longctx-zipf,tiara_sym_l2,85,86792,GPU
20260905-210810-m5p-timeline,lc128kz,longctx-zipf,tiara_sym_l2,85,86966,GPU
20260905-210810-m5p-timeline,lc128kz,longctx-zipf,tiara_sym_l2,85,87140,GPU
20260905-210810-m5p-timeline,lc128kz,longctx-zipf,tiara_sym_l2,85,87314,GPU
20260905-210810-m5p-timeline,lc128kz,longctx-zipf,tiara_sym_l2,85,87488,GPU
20260905-210810-m5p-timeline,lc128kz,longctx-zipf,tiara_sym_l2,85,87662,GPU
20260905-210810-m5p-timeline,lc128kz,longctx-zipf,tiara_sym_l2,85,87836,GPU
20260905-210810-m5p-timeline,lc128kz,longctx-zipf,tiara_sym_l2,85,88010,GPU
20260905-210810-m5p-timeline,lc128kz,longctx-zipf,tiara_sym_l2,85,88184,GPU
20260905-210810-m5p-timeline,lc128kz,longctx-zipf,tiara_sym_l2,85,88358,GPU
20260905-210810-m5p-timeline,lc128kz,longctx-zipf,tiara_sym_l2,85,88532,GPU
20260905-210810-m5p-timeline,lc128kz,longctx-zipf,tiara_sym_l2,85,88706,GPU
20260905-210810-m5p-timeline,lc128kz,longctx-zipf,tiara_sym_l2,85,88880,GPU
20260905-210810-m5p-timeline,lc128kz,longctx-zipf,tiara_sym_l2,85,89054,CPU
20260905-210810-m5p-timeline,lc128kz,longctx-zipf,tiara_sym_l2,85,89228,CPU
20260905-210810-m5p-timeline,lc128kz,longctx-zipf,tiara_sym_l2,85,89402,CPU
20260905-210810-m5p-timeline,lc128kz,longctx-zipf,tiara_sym_l2,85,89576,CPU
20260905-210810-m5p-timeline,lc128kz,longctx-zipf,tiara_sym_l2,85,89750,CPU
20260905-210810-m5p-timeline,lc128kz,longctx-zipf,tiara_sym_l2,85,89924,CPU
20260905-210810-m5p-timeline,lc128kz,longctx-zipf,tiara_sym_l2,85,90098,SSD
20260905-210810-m5p-timeline,lc128kz,longctx-zipf,tiara_sym_l2,86,81920,GPU
20260905-210810-m5p-timeline,lc128kz,longctx-zipf,tiara_sym_l2,86,82094,GPU
20260905-210810-m5p-timeline,lc128kz,longctx-zipf,tiara_sym_l2,86,82268,GPU
20260905-210810-m5p-timeline,lc128kz,longctx-zipf,tiara_sym_l2,86,82442,GPU
20260905-210810-m5p-timeline,lc128kz,longctx-zipf,tiara_sym_l2,86,82616,GPU
20260905-210810-m5p-timeline,lc128kz,longctx-zipf,tiara_sym_l2,86,82790,GPU
20260905-210810-m5p-timeline,lc128kz,longctx-zipf,tiara_sym_l2,86,82964,GPU
20260905-210810-m5p-timeline,lc128kz,longctx-zipf,tiara_sym_l2,86,83138,GPU
20260905-210810-m5p-timeline,lc128kz,longctx-zipf,tiara_sym_l2,86,83312,GPU
20260905-210810-m5p-timeline,lc128kz,longctx-zipf,tiara_sym_l2,86,83486,GPU
20260905-210810-m5p-timeline,lc128kz,longctx-zipf,tiara_sym_l2,86,83660,GPU
20260905-210810-m5p-timeline,lc128kz,longctx-zipf,tiara_sym_l2,86,83834,GPU
20260905-210810-m5p-timeline,lc128kz,longctx-zipf,tiara_sym_l2,86,84008,GPU
20260905-210810-m5p-timeline,lc128kz,longctx-zipf,tiara_sym_l2,86,84182,GPU
20260905-210810-m5p-timeline,lc128kz,longctx-zipf,tiara_sym_l2,86,84356,GPU
20260905-210810-m5p-timeline,lc128kz,longctx-zipf,tiara_sym_l2,86,84530,GPU
20260905-210810-m5p-timeline,lc128kz,longctx-zipf,tiara_sym_l2,86,84704,GPU
20260905-210810-m5p-timeline,lc128kz,longctx-zipf,tiara_sym_l2,86,84878,GPU
20260905-210810-m5p-timeline,lc128kz,longctx-zipf,tiara_sym_l2,86,85052,GPU
20260905-210810-m5p-timeline,lc128kz,longctx-zipf,tiara_sym_l2,86,85226,GPU
20260905-210810-m5p-timeline,lc128kz,longctx-zipf,tiara_sym_l2,86,85400,GPU
20260905-210810-m5p-timeline,lc128kz,longctx-zipf,tiara_sym_l2,86,85574,GPU
20260905-210810-m5p-timeline,lc128kz,longctx-zipf,tiara_sym_l2,86,85748,GPU
20260905-210810-m5p-timeline,lc128kz,longctx-zipf,tiara_sym_l2,86,85922,GPU
20260905-210810-m5p-timeline,lc128kz,longctx-zipf,tiara_sym_l2,86,86096,GPU
20260905-210810-m5p-timeline,lc128kz,longctx-zipf,tiara_sym_l2,86,86270,GPU
20260905-210810-m5p-timeline,lc128kz,longctx-zipf,tiara_sym_l2,86,86444,GPU
20260905-210810-m5p-timeline,lc128kz,longctx-zipf,tiara_sym_l2,86,86618,GPU
20260905-210810-m5p-timeline,lc128kz,longctx-zipf,tiara_sym_l2,86,86792,GPU
20260905-210810-m5p-timeline,lc128kz,longctx-zipf,tiara_sym_l2,86,86966,GPU
20260905-210810-m5p-timeline,lc128kz,longctx-zipf,tiara_sym_l2,86,87140,GPU
20260905-210810-m5p-timeline,lc128kz,longctx-zipf,tiara_sym_l2,86,87314,GPU
20260905-210810-m5p-timeline,lc128kz,longctx-zipf,tiara_sym_l2,86,87488,GPU
20260905-210810-m5p-timeline,lc128kz,longctx-zipf,tiara_sym_l2,86,87662,GPU
20260905-210810-m5p-timeline,lc128kz,longctx-zipf,tiara_sym_l2,86,87836,GPU
20260905-210810-m5p-timeline,lc128kz,longctx-zipf,tiara_sym_l2,86,88010,GPU
20260905-210810-m5p-timeline,lc128kz,longctx-zipf,tiara_sym_l2,86,88184,GPU
20260905-210810-m5p-timeline,lc128kz,longctx-zipf,tiara_sym_l2,86,88358,GPU
20260905-210810-m5p-timeline,lc128kz,longctx-zipf,tiara_sym_l2,86,88532,GPU
20260905-210810-m5p-timeline,lc128kz,longctx-zipf,tiara_sym_l2,86,88706,GPU
20260905-210810-m5p-timeline,lc128kz,longctx-zipf,tiara_sym_l2,86,88880,GPU
20260905-210810-m5p-timeline,lc128kz,longctx-zipf,tiara_sym_l2,86,89054,CPU
20260905-210810-m5p-timeline,lc128kz,longctx-zipf,tiara_sym_l2,86,89228,CPU
20260905-210810-m5p-timeline,lc128kz,longctx-zipf,tiara_sym_l2,86,89402,CPU
20260905-210810-m5p-timeline,lc128kz,longctx-zipf,tiara_sym_l2,86,89576,CPU
20260905-210810-m5p-timeline,lc128kz,longctx-zipf,tiara_sym_l2,86,89750,CPU
20260905-210810-m5p-timeline,lc128kz,longctx-zipf,tiara_sym_l2,86,89924,CPU
20260905-210810-m5p-timeline,lc128kz,longctx-zipf,tiara_sym_l2,86,90098,SSD
20260905-210810-m5p-timeline,lc128kz,longctx-zipf,tiara_sym_l2,87,81920,GPU
20260905-210810-m5p-timeline,lc128kz,longctx-zipf,tiara_sym_l2,87,82094,GPU
20260905-210810-m5p-timeline,lc128kz,longctx-zipf,tiara_sym_l2,87,82268,GPU
20260905-210810-m5p-timeline,lc128kz,longctx-zipf,tiara_sym_l2,87,82442,GPU
20260905-210810-m5p-timeline,lc128kz,longctx-zipf,tiara_sym_l2,87,82616,GPU
20260905-210810-m5p-timeline,lc128kz,longctx-zipf,tiara_sym_l2,87,82790,GPU
20260905-210810-m5p-timeline,lc128kz,longctx-zipf,tiara_sym_l2,87,82964,GPU
20260905-210810-m5p-timeline,lc128kz,longctx-zipf,tiara_sym_l2,87,83138,GPU
20260905-210810-m5p-timeline,lc128kz,longctx-zipf,tiara_sym_l2,87,83312,GPU
20260905-210810-m5p-timeline,lc128kz,longctx-zipf,tiara_sym_l2,87,83486,GPU
20260905-210810-m5p-timeline,lc128kz,longctx-zipf,tiara_sym_l2,87,83660,GPU
20260905-210810-m5p-timeline,lc128kz,longctx-zipf,tiara_sym_l2,87,83834,GPU
20260905-210810-m5p-timeline,lc128kz,longctx-zipf,tiara_sym_l2,87,84008,GPU
20260905-210810-m5p-timeline,lc128kz,longctx-zipf,tiara_sym_l2,87,84182,GPU
20260905-210810-m5p-timeline,lc128kz,longctx-zipf,tiara_sym_l2,87,84356,GPU
20260905-210810-m5p-timeline,lc128kz,longctx-zipf,tiara_sym_l2,87,84530,GPU
20260905-210810-m5p-timeline,lc128kz,longctx-zipf,tiara_sym_l2,87,84704,GPU
20260905-210810-m5p-timeline,lc128kz,longctx-zipf,tiara_sym_l2,87,84878,GPU
20260905-210810-m5p-timeline,lc128kz,longctx-zipf,tiara_sym_l2,87,85052,GPU
20260905-210810-m5p-timeline,lc128kz,longctx-zipf,tiara_sym_l2,87,85226,GPU
20260905-210810-m5p-timeline,lc128kz,longctx-zipf,tiara_sym_l2,87,85400,GPU
20260905-210810-m5p-timeline,lc128kz,longctx-zipf,tiara_sym_l2,87,85574,GPU
20260905-210810-m5p-timeline,lc128kz,longctx-zipf,tiara_sym_l2,87,85748,GPU
20260905-210810-m5p-timeline,lc128kz,longctx-zipf,tiara_sym_l2,87,85922,GPU
20260905-210810-m5p-timeline,lc128kz,longctx-zipf,tiara_sym_l2,87,86096,GPU
20260905-210810-m5p-timeline,lc128kz,longctx-zipf,tiara_sym_l2,87,86270,GPU
20260905-210810-m5p-timeline,lc128kz,longctx-zipf,tiara_sym_l2,87,86444,GPU
20260905-210810-m5p-timeline,lc128kz,longctx-zipf,tiara_sym_l2,87,86618,GPU
20260905-210810-m5p-timeline,lc128kz,longctx-zipf,tiara_sym_l2,87,86792,GPU
20260905-210810-m5p-timeline,lc128kz,longctx-zipf,tiara_sym_l2,87,86966,GPU
20260905-210810-m5p-timeline,lc128kz,longctx-zipf,tiara_sym_l2,87,87140,GPU
20260905-210810-m5p-timeline,lc128kz,longctx-zipf,tiara_sym_l2,87,87314,GPU
20260905-210810-m5p-timeline,lc128kz,longctx-zipf,tiara_sym_l2,87,87488,GPU
20260905-210810-m5p-timeline,lc128kz,longctx-zipf,tiara_sym_l2,87,87662,GPU
20260905-210810-m5p-timeline,lc128kz,longctx-zipf,tiara_sym_l2,87,87836,GPU
20260905-210810-m5p-timeline,lc128kz,longctx-zipf,tiara_sym_l2,87,88010,GPU
20260905-210810-m5p-timeline,lc128kz,longctx-zipf,tiara_sym_l2,87,88184,GPU
20260905-210810-m5p-timeline,lc128kz,longctx-zipf,tiara_sym_l2,87,88358,GPU
20260905-210810-m5p-timeline,lc128kz,longctx-zipf,tiara_sym_l2,87,88532,GPU
20260905-210810-m5p-timeline,lc128kz,longctx-zipf,tiara_sym_l2,87,88706,GPU
20260905-210810-m5p-timeline,lc128kz,longctx-zipf,tiara_sym_l2,87,88880,GPU
20260905-210810-m5p-timeline,lc128kz,longctx-zipf,tiara_sym_l2,87,89054,CPU
20260905-210810-m5p-timeline,lc128kz,longctx-zipf,tiara_sym_l2,87,89228,CPU
20260905-210810-m5p-timeline,lc128kz,longctx-zipf,tiara_sym_l2,87,89402,CPU
20260905-210810-m5p-timeline,lc128kz,longctx-zipf,tiara_sym_l2,87,89576,CPU
20260905-210810-m5p-timeline,lc128kz,longctx-zipf,tiara_sym_l2,87,89750,CPU
20260905-210810-m5p-timeline,lc128kz,longctx-zipf,tiara_sym_l2,87,89924,CPU
20260905-210810-m5p-timeline,lc128kz,longctx-zipf,tiara_sym_l2,87,90098,SSD
20260905-210810-m5p-timeline,lc128kz,longctx-zipf,tiara_sym_l2,88,81920,GPU
20260905-210810-m5p-timeline,lc128kz,longctx-zipf,tiara_sym_l2,88,82094,GPU
20260905-210810-m5p-timeline,lc128kz,longctx-zipf,tiara_sym_l2,88,82268,GPU
20260905-210810-m5p-timeline,lc128kz,longctx-zipf,tiara_sym_l2,88,82442,GPU
20260905-210810-m5p-timeline,lc128kz,longctx-zipf,tiara_sym_l2,88,82616,GPU
20260905-210810-m5p-timeline,lc128kz,longctx-zipf,tiara_sym_l2,88,82790,GPU
20260905-210810-m5p-timeline,lc128kz,longctx-zipf,tiara_sym_l2,88,82964,GPU
20260905-210810-m5p-timeline,lc128kz,longctx-zipf,tiara_sym_l2,88,83138,GPU
20260905-210810-m5p-timeline,lc128kz,longctx-zipf,tiara_sym_l2,88,83312,GPU
20260905-210810-m5p-timeline,lc128kz,longctx-zipf,tiara_sym_l2,88,83486,GPU
20260905-210810-m5p-timeline,lc128kz,longctx-zipf,tiara_sym_l2,88,83660,GPU
20260905-210810-m5p-timeline,lc128kz,longctx-zipf,tiara_sym_l2,88,83834,GPU
20260905-210810-m5p-timeline,lc128kz,longctx-zipf,tiara_sym_l2,88,84008,GPU
20260905-210810-m5p-timeline,lc128kz,longctx-zipf,tiara_sym_l2,88,84182,GPU
20260905-210810-m5p-timeline,lc128kz,longctx-zipf,tiara_sym_l2,88,84356,GPU
20260905-210810-m5p-timeline,lc128kz,longctx-zipf,tiara_sym_l2,88,84530,GPU
20260905-210810-m5p-timeline,lc128kz,longctx-zipf,tiara_sym_l2,88,84704,GPU
20260905-210810-m5p-timeline,lc128kz,longctx-zipf,tiara_sym_l2,88,84878,GPU
20260905-210810-m5p-timeline,lc128kz,longctx-zipf,tiara_sym_l2,88,85052,GPU
20260905-210810-m5p-timeline,lc128kz,longctx-zipf,tiara_sym_l2,88,85226,GPU
20260905-210810-m5p-timeline,lc128kz,longctx-zipf,tiara_sym_l2,88,85400,GPU
20260905-210810-m5p-timeline,lc128kz,longctx-zipf,tiara_sym_l2,88,85574,GPU
20260905-210810-m5p-timeline,lc128kz,longctx-zipf,tiara_sym_l2,88,85748,GPU
20260905-210810-m5p-timeline,lc128kz,longctx-zipf,tiara_sym_l2,88,85922,GPU
20260905-210810-m5p-timeline,lc128kz,longctx-zipf,tiara_sym_l2,88,86096,GPU
20260905-210810-m5p-timeline,lc128kz,longctx-zipf,tiara_sym_l2,88,86270,GPU
20260905-210810-m5p-timeline,lc128kz,longctx-zipf,tiara_sym_l2,88,86444,GPU
20260905-210810-m5p-timeline,lc128kz,longctx-zipf,tiara_sym_l2,88,86618,GPU
20260905-210810-m5p-timeline,lc128kz,longctx-zipf,tiara_sym_l2,88,86792,GPU
20260905-210810-m5p-timeline,lc128kz,longctx-zipf,tiara_sym_l2,88,86966,GPU
20260905-210810-m5p-timeline,lc128kz,longctx-zipf,tiara_sym_l2,88,87140,GPU
20260905-210810-m5p-timeline,lc128kz,longctx-zipf,tiara_sym_l2,88,87314,GPU
20260905-210810-m5p-timeline,lc128kz,longctx-zipf,tiara_sym_l2,88,87488,GPU
20260905-210810-m5p-timeline,lc128kz,longctx-zipf,tiara_sym_l2,88,87662,GPU
20260905-210810-m5p-timeline,lc128kz,longctx-zipf,tiara_sym_l2,88,87836,GPU
20260905-210810-m5p-timeline,lc128kz,longctx-zipf,tiara_sym_l2,88,88010,GPU
20260905-210810-m5p-timeline,lc128kz,longctx-zipf,tiara_sym_l2,88,88184,GPU
20260905-210810-m5p-timeline,lc128kz,longctx-zipf,tiara_sym_l2,88,88358,GPU
20260905-210810-m5p-timeline,lc128kz,longctx-zipf,tiara_sym_l2,88,88532,GPU
20260905-210810-m5p-timeline,lc128kz,longctx-zipf,tiara_sym_l2,88,88706,GPU
20260905-210810-m5p-timeline,lc128kz,longctx-zipf,tiara_sym_l2,88,88880,GPU
20260905-210810-m5p-timeline,lc128kz,longctx-zipf,tiara_sym_l2,88,89054,CPU
20260905-210810-m5p-timeline,lc128kz,longctx-zipf,tiara_sym_l2,88,89228,CPU
20260905-210810-m5p-timeline,lc128kz,longctx-zipf,tiara_sym_l2,88,89402,CPU
20260905-210810-m5p-timeline,lc128kz,longctx-zipf,tiara_sym_l2,88,89576,CPU
20260905-210810-m5p-timeline,lc128kz,longctx-zipf,tiara_sym_l2,88,89750,CPU
20260905-210810-m5p-timeline,lc128kz,longctx-zipf,tiara_sym_l2,88,89924,CPU
20260905-210810-m5p-timeline,lc128kz,longctx-zipf,tiara_sym_l2,88,90098,SSD
20260905-210810-m5p-timeline,lc128kz,longctx-zipf,tiara_sym_l2,89,81920,GPU
20260905-210810-m5p-timeline,lc128kz,longctx-zipf,tiara_sym_l2,89,82094,GPU
20260905-210810-m5p-timeline,lc128kz,longctx-zipf,tiara_sym_l2,89,82268,GPU
20260905-210810-m5p-timeline,lc128kz,longctx-zipf,tiara_sym_l2,89,82442,GPU
20260905-210810-m5p-timeline,lc128kz,longctx-zipf,tiara_sym_l2,89,82616,GPU
20260905-210810-m5p-timeline,lc128kz,longctx-zipf,tiara_sym_l2,89,82790,GPU
20260905-210810-m5p-timeline,lc128kz,longctx-zipf,tiara_sym_l2,89,82964,GPU
20260905-210810-m5p-timeline,lc128kz,longctx-zipf,tiara_sym_l2,89,83138,GPU
20260905-210810-m5p-timeline,lc128kz,longctx-zipf,tiara_sym_l2,89,83312,GPU
20260905-210810-m5p-timeline,lc128kz,longctx-zipf,tiara_sym_l2,89,83486,GPU
20260905-210810-m5p-timeline,lc128kz,longctx-zipf,tiara_sym_l2,89,83660,GPU
20260905-210810-m5p-timeline,lc128kz,longctx-zipf,tiara_sym_l2,89,83834,GPU
20260905-210810-m5p-timeline,lc128kz,longctx-zipf,tiara_sym_l2,89,84008,GPU
20260905-210810-m5p-timeline,lc128kz,longctx-zipf,tiara_sym_l2,89,84182,GPU
20260905-210810-m5p-timeline,lc128kz,longctx-zipf,tiara_sym_l2,89,84356,GPU
20260905-210810-m5p-timeline,lc128kz,longctx-zipf,tiara_sym_l2,89,84530,GPU
20260905-210810-m5p-timeline,lc128kz,longctx-zipf,tiara_sym_l2,89,84704,GPU
20260905-210810-m5p-timeline,lc128kz,longctx-zipf,tiara_sym_l2,89,84878,GPU
20260905-210810-m5p-timeline,lc128kz,longctx-zipf,tiara_sym_l2,89,85052,GPU
20260905-210810-m5p-timeline,lc128kz,longctx-zipf,tiara_sym_l2,89,85226,GPU
20260905-210810-m5p-timeline,lc128kz,longctx-zipf,tiara_sym_l2,89,85400,GPU
20260905-210810-m5p-timeline,lc128kz,longctx-zipf,tiara_sym_l2,89,85574,GPU
20260905-210810-m5p-timeline,lc128kz,longctx-zipf,tiara_sym_l2,89,85748,GPU
20260905-210810-m5p-timeline,lc128kz,longctx-zipf,tiara_sym_l2,89,85922,GPU
20260905-210810-m5p-timeline,lc128kz,longctx-zipf,tiara_sym_l2,89,86096,GPU
20260905-210810-m5p-timeline,lc128kz,longctx-zipf,tiara_sym_l2,89,86270,GPU
20260905-210810-m5p-timeline,lc128kz,longctx-zipf,tiara_sym_l2,89,86444,GPU
20260905-210810-m5p-timeline,lc128kz,longctx-zipf,tiara_sym_l2,89,86618,GPU
20260905-210810-m5p-timeline,lc128kz,longctx-zipf,tiara_sym_l2,89,86792,GPU
20260905-210810-m5p-timeline,lc128kz,longctx-zipf,tiara_sym_l2,89,86966,GPU
20260905-210810-m5p-timeline,lc128kz,longctx-zipf,tiara_sym_l2,89,87140,GPU
20260905-210810-m5p-timeline,lc128kz,longctx-zipf,tiara_sym_l2,89,87314,GPU
20260905-210810-m5p-timeline,lc128kz,longctx-zipf,tiara_sym_l2,89,87488,GPU
20260905-210810-m5p-timeline,lc128kz,longctx-zipf,tiara_sym_l2,89,87662,GPU
20260905-210810-m5p-timeline,lc128kz,longctx-zipf,tiara_sym_l2,89,87836,GPU
20260905-210810-m5p-timeline,lc128kz,longctx-zipf,tiara_sym_l2,89,88010,GPU
20260905-210810-m5p-timeline,lc128kz,longctx-zipf,tiara_sym_l2,89,88184,GPU
20260905-210810-m5p-timeline,lc128kz,longctx-zipf,tiara_sym_l2,89,88358,GPU
20260905-210810-m5p-timeline,lc128kz,longctx-zipf,tiara_sym_l2,89,88532,GPU
20260905-210810-m5p-timeline,lc128kz,longctx-zipf,tiara_sym_l2,89,88706,GPU
20260905-210810-m5p-timeline,lc128kz,longctx-zipf,tiara_sym_l2,89,88880,GPU
20260905-210810-m5p-timeline,lc128kz,longctx-zipf,tiara_sym_l2,89,89054,CPU
20260905-210810-m5p-timeline,lc128kz,longctx-zipf,tiara_sym_l2,89,89228,CPU
20260905-210810-m5p-timeline,lc128kz,longctx-zipf,tiara_sym_l2,89,89402,CPU
20260905-210810-m5p-timeline,lc128kz,longctx-zipf,tiara_sym_l2,89,89576,CPU
20260905-210810-m5p-timeline,lc128kz,longctx-zipf,tiara_sym_l2,89,89750,CPU
20260905-210810-m5p-timeline,lc128kz,longctx-zipf,tiara_sym_l2,89,89924,CPU
20260905-210810-m5p-timeline,lc128kz,longctx-zipf,tiara_sym_l2,89,90098,SSD
20260905-210810-m5p-timeline,lc128kz,longctx-zipf,tiara_sym_l2,90,81920,GPU
20260905-210810-m5p-timeline,lc128kz,longctx-zipf,tiara_sym_l2,90,82094,GPU
20260905-210810-m5p-timeline,lc128kz,longctx-zipf,tiara_sym_l2,90,82268,GPU
20260905-210810-m5p-timeline,lc128kz,longctx-zipf,tiara_sym_l2,90,82442,GPU
20260905-210810-m5p-timeline,lc128kz,longctx-zipf,tiara_sym_l2,90,82616,GPU
20260905-210810-m5p-timeline,lc128kz,longctx-zipf,tiara_sym_l2,90,82790,GPU
20260905-210810-m5p-timeline,lc128kz,longctx-zipf,tiara_sym_l2,90,82964,GPU
20260905-210810-m5p-timeline,lc128kz,longctx-zipf,tiara_sym_l2,90,83138,GPU
20260905-210810-m5p-timeline,lc128kz,longctx-zipf,tiara_sym_l2,90,83312,GPU
20260905-210810-m5p-timeline,lc128kz,longctx-zipf,tiara_sym_l2,90,83486,GPU
20260905-210810-m5p-timeline,lc128kz,longctx-zipf,tiara_sym_l2,90,83660,GPU
20260905-210810-m5p-timeline,lc128kz,longctx-zipf,tiara_sym_l2,90,83834,GPU
20260905-210810-m5p-timeline,lc128kz,longctx-zipf,tiara_sym_l2,90,84008,GPU
20260905-210810-m5p-timeline,lc128kz,longctx-zipf,tiara_sym_l2,90,84182,GPU
20260905-210810-m5p-timeline,lc128kz,longctx-zipf,tiara_sym_l2,90,84356,GPU
20260905-210810-m5p-timeline,lc128kz,longctx-zipf,tiara_sym_l2,90,84530,GPU
20260905-210810-m5p-timeline,lc128kz,longctx-zipf,tiara_sym_l2,90,84704,GPU
20260905-210810-m5p-timeline,lc128kz,longctx-zipf,tiara_sym_l2,90,84878,GPU
20260905-210810-m5p-timeline,lc128kz,longctx-zipf,tiara_sym_l2,90,85052,GPU
20260905-210810-m5p-timeline,lc128kz,longctx-zipf,tiara_sym_l2,90,85226,GPU
20260905-210810-m5p-timeline,lc128kz,longctx-zipf,tiara_sym_l2,90,85400,GPU
20260905-210810-m5p-timeline,lc128kz,longctx-zipf,tiara_sym_l2,90,85574,GPU
20260905-210810-m5p-timeline,lc128kz,longctx-zipf,tiara_sym_l2,90,85748,GPU
20260905-210810-m5p-timeline,lc128kz,longctx-zipf,tiara_sym_l2,90,85922,GPU
20260905-210810-m5p-timeline,lc128kz,longctx-zipf,tiara_sym_l2,90,86096,GPU
20260905-210810-m5p-timeline,lc128kz,longctx-zipf,tiara_sym_l2,90,86270,GPU
20260905-210810-m5p-timeline,lc128kz,longctx-zipf,tiara_sym_l2,90,86444,GPU
20260905-210810-m5p-timeline,lc128kz,longctx-zipf,tiara_sym_l2,90,86618,GPU
20260905-210810-m5p-timeline,lc128kz,longctx-zipf,tiara_sym_l2,90,86792,GPU
20260905-210810-m5p-timeline,lc128kz,longctx-zipf,tiara_sym_l2,90,86966,GPU
20260905-210810-m5p-timeline,lc128kz,longctx-zipf,tiara_sym_l2,90,87140,GPU
20260905-210810-m5p-timeline,lc128kz,longctx-zipf,tiara_sym_l2,90,87314,GPU
20260905-210810-m5p-timeline,lc128kz,longctx-zipf,tiara_sym_l2,90,87488,GPU
20260905-210810-m5p-timeline,lc128kz,longctx-zipf,tiara_sym_l2,90,87662,GPU
20260905-210810-m5p-timeline,lc128kz,longctx-zipf,tiara_sym_l2,90,87836,GPU
20260905-210810-m5p-timeline,lc128kz,longctx-zipf,tiara_sym_l2,90,88010,GPU
20260905-210810-m5p-timeline,lc128kz,longctx-zipf,tiara_sym_l2,90,88184,GPU
20260905-210810-m5p-timeline,lc128kz,longctx-zipf,tiara_sym_l2,90,88358,GPU
20260905-210810-m5p-timeline,lc128kz,longctx-zipf,tiara_sym_l2,90,88532,GPU
20260905-210810-m5p-timeline,lc128kz,longctx-zipf,tiara_sym_l2,90,88706,GPU
20260905-210810-m5p-timeline,lc128kz,longctx-zipf,tiara_sym_l2,90,88880,GPU
20260905-210810-m5p-timeline,lc128kz,longctx-zipf,tiara_sym_l2,90,89054,CPU
20260905-210810-m5p-timeline,lc128kz,longctx-zipf,tiara_sym_l2,90,89228,CPU
20260905-210810-m5p-timeline,lc128kz,longctx-zipf,tiara_sym_l2,90,89402,CPU
20260905-210810-m5p-timeline,lc128kz,longctx-zipf,tiara_sym_l2,90,89576,CPU
20260905-210810-m5p-timeline,lc128kz,longctx-zipf,tiara_sym_l2,90,89750,CPU
20260905-210810-m5p-timeline,lc128kz,longctx-zipf,tiara_sym_l2,90,89924,CPU
20260905-210810-m5p-timeline,lc128kz,longctx-zipf,tiara_sym_l2,90,90098,SSD
20260905-210810-m5p-timeline,lc128kz,longctx-zipf,tiara_sym_l2,91,81920,GPU
20260905-210810-m5p-timeline,lc128kz,longctx-zipf,tiara_sym_l2,91,82094,GPU
20260905-210810-m5p-timeline,lc128kz,longctx-zipf,tiara_sym_l2,91,82268,GPU
20260905-210810-m5p-timeline,lc128kz,longctx-zipf,tiara_sym_l2,91,82442,GPU
20260905-210810-m5p-timeline,lc128kz,longctx-zipf,tiara_sym_l2,91,82616,GPU
20260905-210810-m5p-timeline,lc128kz,longctx-zipf,tiara_sym_l2,91,82790,GPU
20260905-210810-m5p-timeline,lc128kz,longctx-zipf,tiara_sym_l2,91,82964,GPU
20260905-210810-m5p-timeline,lc128kz,longctx-zipf,tiara_sym_l2,91,83138,GPU
20260905-210810-m5p-timeline,lc128kz,longctx-zipf,tiara_sym_l2,91,83312,GPU
20260905-210810-m5p-timeline,lc128kz,longctx-zipf,tiara_sym_l2,91,83486,GPU
20260905-210810-m5p-timeline,lc128kz,longctx-zipf,tiara_sym_l2,91,83660,GPU
20260905-210810-m5p-timeline,lc128kz,longctx-zipf,tiara_sym_l2,91,83834,GPU
20260905-210810-m5p-timeline,lc128kz,longctx-zipf,tiara_sym_l2,91,84008,GPU
20260905-210810-m5p-timeline,lc128kz,longctx-zipf,tiara_sym_l2,91,84182,GPU
20260905-210810-m5p-timeline,lc128kz,longctx-zipf,tiara_sym_l2,91,84356,GPU
20260905-210810-m5p-timeline,lc128kz,longctx-zipf,tiara_sym_l2,91,84530,GPU
20260905-210810-m5p-timeline,lc128kz,longctx-zipf,tiara_sym_l2,91,84704,GPU
20260905-210810-m5p-timeline,lc128kz,longctx-zipf,tiara_sym_l2,91,84878,GPU
20260905-210810-m5p-timeline,lc128kz,longctx-zipf,tiara_sym_l2,91,85052,GPU
20260905-210810-m5p-timeline,lc128kz,longctx-zipf,tiara_sym_l2,91,85226,GPU
20260905-210810-m5p-timeline,lc128kz,longctx-zipf,tiara_sym_l2,91,85400,GPU
20260905-210810-m5p-timeline,lc128kz,longctx-zipf,tiara_sym_l2,91,85574,GPU
20260905-210810-m5p-timeline,lc128kz,longctx-zipf,tiara_sym_l2,91,85748,GPU
20260905-210810-m5p-timeline,lc128kz,longctx-zipf,tiara_sym_l2,91,85922,GPU
20260905-210810-m5p-timeline,lc128kz,longctx-zipf,tiara_sym_l2,91,86096,GPU
20260905-210810-m5p-timeline,lc128kz,longctx-zipf,tiara_sym_l2,91,86270,GPU
20260905-210810-m5p-timeline,lc128kz,longctx-zipf,tiara_sym_l2,91,86444,GPU
20260905-210810-m5p-timeline,lc128kz,longctx-zipf,tiara_sym_l2,91,86618,GPU
20260905-210810-m5p-timeline,lc128kz,longctx-zipf,tiara_sym_l2,91,86792,GPU
20260905-210810-m5p-timeline,lc128kz,longctx-zipf,tiara_sym_l2,91,86966,GPU
20260905-210810-m5p-timeline,lc128kz,longctx-zipf,tiara_sym_l2,91,87140,GPU
20260905-210810-m5p-timeline,lc128kz,longctx-zipf,tiara_sym_l2,91,87314,GPU
20260905-210810-m5p-timeline,lc128kz,longctx-zipf,tiara_sym_l2,91,87488,GPU
20260905-210810-m5p-timeline,lc128kz,longctx-zipf,tiara_sym_l2,91,87662,GPU
20260905-210810-m5p-timeline,lc128kz,longctx-zipf,tiara_sym_l2,91,87836,GPU
20260905-210810-m5p-timeline,lc128kz,longctx-zipf,tiara_sym_l2,91,88010,GPU
20260905-210810-m5p-timeline,lc128kz,longctx-zipf,tiara_sym_l2,91,88184,GPU
20260905-210810-m5p-timeline,lc128kz,longctx-zipf,tiara_sym_l2,91,88358,GPU
20260905-210810-m5p-timeline,lc128kz,longctx-zipf,tiara_sym_l2,91,88532,GPU
20260905-210810-m5p-timeline,lc128kz,longctx-zipf,tiara_sym_l2,91,88706,GPU
20260905-210810-m5p-timeline,lc128kz,longctx-zipf,tiara_sym_l2,91,88880,GPU
20260905-210810-m5p-timeline,lc128kz,longctx-zipf,tiara_sym_l2,91,89054,CPU
20260905-210810-m5p-timeline,lc128kz,longctx-zipf,tiara_sym_l2,91,89228,CPU
20260905-210810-m5p-timeline,lc128kz,longctx-zipf,tiara_sym_l2,91,89402,CPU
20260905-210810-m5p-timeline,lc128kz,longctx-zipf,tiara_sym_l2,91,89576,CPU
20260905-210810-m5p-timeline,lc128kz,longctx-zipf,tiara_sym_l2,91,89750,CPU
20260905-210810-m5p-timeline,lc128kz,longctx-zipf,tiara_sym_l2,91,89924,CPU
20260905-210810-m5p-timeline,lc128kz,longctx-zipf,tiara_sym_l2,91,90098,SSD
20260905-210810-m5p-timeline,lc128kz,longctx-zipf,tiara_sym_l2,92,81920,GPU
20260905-210810-m5p-timeline,lc128kz,longctx-zipf,tiara_sym_l2,92,82094,GPU
20260905-210810-m5p-timeline,lc128kz,longctx-zipf,tiara_sym_l2,92,82268,GPU
20260905-210810-m5p-timeline,lc128kz,longctx-zipf,tiara_sym_l2,92,82442,GPU
20260905-210810-m5p-timeline,lc128kz,longctx-zipf,tiara_sym_l2,92,82616,GPU
20260905-210810-m5p-timeline,lc128kz,longctx-zipf,tiara_sym_l2,92,82790,GPU
20260905-210810-m5p-timeline,lc128kz,longctx-zipf,tiara_sym_l2,92,82964,GPU
20260905-210810-m5p-timeline,lc128kz,longctx-zipf,tiara_sym_l2,92,83138,GPU
20260905-210810-m5p-timeline,lc128kz,longctx-zipf,tiara_sym_l2,92,83312,GPU
20260905-210810-m5p-timeline,lc128kz,longctx-zipf,tiara_sym_l2,92,83486,GPU
20260905-210810-m5p-timeline,lc128kz,longctx-zipf,tiara_sym_l2,92,83660,GPU
20260905-210810-m5p-timeline,lc128kz,longctx-zipf,tiara_sym_l2,92,83834,GPU
20260905-210810-m5p-timeline,lc128kz,longctx-zipf,tiara_sym_l2,92,84008,GPU
20260905-210810-m5p-timeline,lc128kz,longctx-zipf,tiara_sym_l2,92,84182,GPU
20260905-210810-m5p-timeline,lc128kz,longctx-zipf,tiara_sym_l2,92,84356,GPU
20260905-210810-m5p-timeline,lc128kz,longctx-zipf,tiara_sym_l2,92,84530,GPU
20260905-210810-m5p-timeline,lc128kz,longctx-zipf,tiara_sym_l2,92,84704,GPU
20260905-210810-m5p-timeline,lc128kz,longctx-zipf,tiara_sym_l2,92,84878,GPU
20260905-210810-m5p-timeline,lc128kz,longctx-zipf,tiara_sym_l2,92,85052,GPU
20260905-210810-m5p-timeline,lc128kz,longctx-zipf,tiara_sym_l2,92,85226,GPU
20260905-210810-m5p-timeline,lc128kz,longctx-zipf,tiara_sym_l2,92,85400,GPU
20260905-210810-m5p-timeline,lc128kz,longctx-zipf,tiara_sym_l2,92,85574,GPU
20260905-210810-m5p-timeline,lc128kz,longctx-zipf,tiara_sym_l2,92,85748,GPU
20260905-210810-m5p-timeline,lc128kz,longctx-zipf,tiara_sym_l2,92,85922,GPU
20260905-210810-m5p-timeline,lc128kz,longctx-zipf,tiara_sym_l2,92,86096,GPU
20260905-210810-m5p-timeline,lc128kz,longctx-zipf,tiara_sym_l2,92,86270,GPU
20260905-210810-m5p-timeline,lc128kz,longctx-zipf,tiara_sym_l2,92,86444,GPU
20260905-210810-m5p-timeline,lc128kz,longctx-zipf,tiara_sym_l2,92,86618,GPU
20260905-210810-m5p-timeline,lc128kz,longctx-zipf,tiara_sym_l2,92,86792,GPU
20260905-210810-m5p-timeline,lc128kz,longctx-zipf,tiara_sym_l2,92,86966,GPU
20260905-210810-m5p-timeline,lc128kz,longctx-zipf,tiara_sym_l2,92,87140,GPU
20260905-210810-m5p-timeline,lc128kz,longctx-zipf,tiara_sym_l2,92,87314,GPU
20260905-210810-m5p-timeline,lc128kz,longctx-zipf,tiara_sym_l2,92,87488,GPU
20260905-210810-m5p-timeline,lc128kz,longctx-zipf,tiara_sym_l2,92,87662,GPU
20260905-210810-m5p-timeline,lc128kz,longctx-zipf,tiara_sym_l2,92,87836,GPU
20260905-210810-m5p-timeline,lc128kz,longctx-zipf,tiara_sym_l2,92,88010,GPU
20260905-210810-m5p-timeline,lc128kz,longctx-zipf,tiara_sym_l2,92,88184,GPU
20260905-210810-m5p-timeline,lc128kz,longctx-zipf,tiara_sym_l2,92,88358,GPU
20260905-210810-m5p-timeline,lc128kz,longctx-zipf,tiara_sym_l2,92,88532,GPU
20260905-210810-m5p-timeline,lc128kz,longctx-zipf,tiara_sym_l2,92,88706,GPU
20260905-210810-m5p-timeline,lc128kz,longctx-zipf,tiara_sym_l2,92,88880,GPU
20260905-210810-m5p-timeline,lc128kz,longctx-zipf,tiara_sym_l2,92,89054,CPU
20260905-210810-m5p-timeline,lc128kz,longctx-zipf,tiara_sym_l2,92,89228,CPU
20260905-210810-m5p-timeline,lc128kz,longctx-zipf,tiara_sym_l2,92,89402,CPU
20260905-210810-m5p-timeline,lc128kz,longctx-zipf,tiara_sym_l2,92,89576,CPU
20260905-210810-m5p-timeline,lc128kz,longctx-zipf,tiara_sym_l2,92,89750,CPU
20260905-210810-m5p-timeline,lc128kz,longctx-zipf,tiara_sym_l2,92,89924,CPU
20260905-210810-m5p-timeline,lc128kz,longctx-zipf,tiara_sym_l2,92,90098,SSD
20260905-210810-m5p-timeline,lc128kz,longctx-zipf,tiara_sym_l2,93,81920,GPU
20260905-210810-m5p-timeline,lc128kz,longctx-zipf,tiara_sym_l2,93,82094,GPU
20260905-210810-m5p-timeline,lc128kz,longctx-zipf,tiara_sym_l2,93,82268,GPU
20260905-210810-m5p-timeline,lc128kz,longctx-zipf,tiara_sym_l2,93,82442,GPU
20260905-210810-m5p-timeline,lc128kz,longctx-zipf,tiara_sym_l2,93,82616,GPU
20260905-210810-m5p-timeline,lc128kz,longctx-zipf,tiara_sym_l2,93,82790,GPU
20260905-210810-m5p-timeline,lc128kz,longctx-zipf,tiara_sym_l2,93,82964,GPU
20260905-210810-m5p-timeline,lc128kz,longctx-zipf,tiara_sym_l2,93,83138,GPU
20260905-210810-m5p-timeline,lc128kz,longctx-zipf,tiara_sym_l2,93,83312,GPU
20260905-210810-m5p-timeline,lc128kz,longctx-zipf,tiara_sym_l2,93,83486,GPU
20260905-210810-m5p-timeline,lc128kz,longctx-zipf,tiara_sym_l2,93,83660,GPU
20260905-210810-m5p-timeline,lc128kz,longctx-zipf,tiara_sym_l2,93,83834,GPU
20260905-210810-m5p-timeline,lc128kz,longctx-zipf,tiara_sym_l2,93,84008,GPU
20260905-210810-m5p-timeline,lc128kz,longctx-zipf,tiara_sym_l2,93,84182,GPU
20260905-210810-m5p-timeline,lc128kz,longctx-zipf,tiara_sym_l2,93,84356,GPU
20260905-210810-m5p-timeline,lc128kz,longctx-zipf,tiara_sym_l2,93,84530,GPU
20260905-210810-m5p-timeline,lc128kz,longctx-zipf,tiara_sym_l2,93,84704,GPU
20260905-210810-m5p-timeline,lc128kz,longctx-zipf,tiara_sym_l2,93,84878,GPU
20260905-210810-m5p-timeline,lc128kz,longctx-zipf,tiara_sym_l2,93,85052,GPU
20260905-210810-m5p-timeline,lc128kz,longctx-zipf,tiara_sym_l2,93,85226,GPU
20260905-210810-m5p-timeline,lc128kz,longctx-zipf,tiara_sym_l2,93,85400,GPU
20260905-210810-m5p-timeline,lc128kz,longctx-zipf,tiara_sym_l2,93,85574,GPU
20260905-210810-m5p-timeline,lc128kz,longctx-zipf,tiara_sym_l2,93,85748,GPU
20260905-210810-m5p-timeline,lc128kz,longctx-zipf,tiara_sym_l2,93,85922,GPU
20260905-210810-m5p-timeline,lc128kz,longctx-zipf,tiara_sym_l2,93,86096,GPU
20260905-210810-m5p-timeline,lc128kz,longctx-zipf,tiara_sym_l2,93,86270,GPU
20260905-210810-m5p-timeline,lc128kz,longctx-zipf,tiara_sym_l2,93,86444,GPU
20260905-210810-m5p-timeline,lc128kz,longctx-zipf,tiara_sym_l2,93,86618,GPU
20260905-210810-m5p-timeline,lc128kz,longctx-zipf,tiara_sym_l2,93,86792,GPU
20260905-210810-m5p-timeline,lc128kz,longctx-zipf,tiara_sym_l2,93,86966,GPU
20260905-210810-m5p-timeline,lc128kz,longctx-zipf,tiara_sym_l2,93,87140,GPU
20260905-210810-m5p-timeline,lc128kz,longctx-zipf,tiara_sym_l2,93,87314,GPU
20260905-210810-m5p-timeline,lc128kz,longctx-zipf,tiara_sym_l2,93,87488,GPU
20260905-210810-m5p-timeline,lc128kz,longctx-zipf,tiara_sym_l2,93,87662,GPU
20260905-210810-m5p-timeline,lc128kz,longctx-zipf,tiara_sym_l2,93,87836,GPU
20260905-210810-m5p-timeline,lc128kz,longctx-zipf,tiara_sym_l2,93,88010,GPU
20260905-210810-m5p-timeline,lc128kz,longctx-zipf,tiara_sym_l2,93,88184,GPU
20260905-210810-m5p-timeline,lc128kz,longctx-zipf,tiara_sym_l2,93,88358,GPU
20260905-210810-m5p-timeline,lc128kz,longctx-zipf,tiara_sym_l2,93,88532,GPU
20260905-210810-m5p-timeline,lc128kz,longctx-zipf,tiara_sym_l2,93,88706,GPU
20260905-210810-m5p-timeline,lc128kz,longctx-zipf,tiara_sym_l2,93,88880,GPU
20260905-210810-m5p-timeline,lc128kz,longctx-zipf,tiara_sym_l2,93,89054,CPU
20260905-210810-m5p-timeline,lc128kz,longctx-zipf,tiara_sym_l2,93,89228,CPU
20260905-210810-m5p-timeline,lc128kz,longctx-zipf,tiara_sym_l2,93,89402,CPU
20260905-210810-m5p-timeline,lc128kz,longctx-zipf,tiara_sym_l2,93,89576,CPU
20260905-210810-m5p-timeline,lc128kz,longctx-zipf,tiara_sym_l2,93,89750,CPU
20260905-210810-m5p-timeline,lc128kz,longctx-zipf,tiara_sym_l2,93,89924,CPU
20260905-210810-m5p-timeline,lc128kz,longctx-zipf,tiara_sym_l2,93,90098,SSD
20260905-210810-m5p-timeline,lc128kz,longctx-zipf,tiara_sym_l2,94,81920,GPU
20260905-210810-m5p-timeline,lc128kz,longctx-zipf,tiara_sym_l2,94,82094,GPU
20260905-210810-m5p-timeline,lc128kz,longctx-zipf,tiara_sym_l2,94,82268,GPU
20260905-210810-m5p-timeline,lc128kz,longctx-zipf,tiara_sym_l2,94,82442,GPU
20260905-210810-m5p-timeline,lc128kz,longctx-zipf,tiara_sym_l2,94,82616,GPU
20260905-210810-m5p-timeline,lc128kz,longctx-zipf,tiara_sym_l2,94,82790,GPU
20260905-210810-m5p-timeline,lc128kz,longctx-zipf,tiara_sym_l2,94,82964,GPU
20260905-210810-m5p-timeline,lc128kz,longctx-zipf,tiara_sym_l2,94,83138,GPU
20260905-210810-m5p-timeline,lc128kz,longctx-zipf,tiara_sym_l2,94,83312,GPU
20260905-210810-m5p-timeline,lc128kz,longctx-zipf,tiara_sym_l2,94,83486,GPU
20260905-210810-m5p-timeline,lc128kz,longctx-zipf,tiara_sym_l2,94,83660,GPU
20260905-210810-m5p-timeline,lc128kz,longctx-zipf,tiara_sym_l2,94,83834,GPU
20260905-210810-m5p-timeline,lc128kz,longctx-zipf,tiara_sym_l2,94,84008,GPU
20260905-210810-m5p-timeline,lc128kz,longctx-zipf,tiara_sym_l2,94,84182,GPU
20260905-210810-m5p-timeline,lc128kz,longctx-zipf,tiara_sym_l2,94,84356,GPU
20260905-210810-m5p-timeline,lc128kz,longctx-zipf,tiara_sym_l2,94,84530,GPU
20260905-210810-m5p-timeline,lc128kz,longctx-zipf,tiara_sym_l2,94,84704,GPU
20260905-210810-m5p-timeline,lc128kz,longctx-zipf,tiara_sym_l2,94,84878,GPU
20260905-210810-m5p-timeline,lc128kz,longctx-zipf,tiara_sym_l2,94,85052,GPU
20260905-210810-m5p-timeline,lc128kz,longctx-zipf,tiara_sym_l2,94,85226,GPU
20260905-210810-m5p-timeline,lc128kz,longctx-zipf,tiara_sym_l2,94,85400,GPU
20260905-210810-m5p-timeline,lc128kz,longctx-zipf,tiara_sym_l2,94,85574,GPU
20260905-210810-m5p-timeline,lc128kz,longctx-zipf,tiara_sym_l2,94,85748,GPU
20260905-210810-m5p-timeline,lc128kz,longctx-zipf,tiara_sym_l2,94,85922,GPU
20260905-210810-m5p-timeline,lc128kz,longctx-zipf,tiara_sym_l2,94,86096,GPU
20260905-210810-m5p-timeline,lc128kz,longctx-zipf,tiara_sym_l2,94,86270,GPU
20260905-210810-m5p-timeline,lc128kz,longctx-zipf,tiara_sym_l2,94,86444,GPU
20260905-210810-m5p-timeline,lc128kz,longctx-zipf,tiara_sym_l2,94,86618,GPU
20260905-210810-m5p-timeline,lc128kz,longctx-zipf,tiara_sym_l2,94,86792,GPU
20260905-210810-m5p-timeline,lc128kz,longctx-zipf,tiara_sym_l2,94,86966,GPU
20260905-210810-m5p-timeline,lc128kz,longctx-zipf,tiara_sym_l2,94,87140,GPU
20260905-210810-m5p-timeline,lc128kz,longctx-zipf,tiara_sym_l2,94,87314,GPU
20260905-210810-m5p-timeline,lc128kz,longctx-zipf,tiara_sym_l2,94,87488,GPU
20260905-210810-m5p-timeline,lc128kz,longctx-zipf,tiara_sym_l2,94,87662,GPU
20260905-210810-m5p-timeline,lc128kz,longctx-zipf,tiara_sym_l2,94,87836,GPU
20260905-210810-m5p-timeline,lc128kz,longctx-zipf,tiara_sym_l2,94,88010,GPU
20260905-210810-m5p-timeline,lc128kz,longctx-zipf,tiara_sym_l2,94,88184,GPU
20260905-210810-m5p-timeline,lc128kz,longctx-zipf,tiara_sym_l2,94,88358,GPU
20260905-210810-m5p-timeline,lc128kz,longctx-zipf,tiara_sym_l2,94,88532,GPU
20260905-210810-m5p-timeline,lc128kz,longctx-zipf,tiara_sym_l2,94,88706,GPU
20260905-210810-m5p-timeline,lc128kz,longctx-zipf,tiara_sym_l2,94,88880,GPU
20260905-210810-m5p-timeline,lc128kz,longctx-zipf,tiara_sym_l2,94,89054,CPU
20260905-210810-m5p-timeline,lc128kz,longctx-zipf,tiara_sym_l2,94,89228,CPU
20260905-210810-m5p-timeline,lc128kz,longctx-zipf,tiara_sym_l2,94,89402,CPU
20260905-210810-m5p-timeline,lc128kz,longctx-zipf,tiara_sym_l2,94,89576,CPU
20260905-210810-m5p-timeline,lc128kz,longctx-zipf,tiara_sym_l2,94,89750,CPU
20260905-210810-m5p-timeline,lc128kz,longctx-zipf,tiara_sym_l2,94,89924,CPU
20260905-210810-m5p-timeline,lc128kz,longctx-zipf,tiara_sym_l2,94,90098,SSD
20260905-210810-m5p-timeline,lc128kz,longctx-zipf,tiara_sym_l2,95,81920,GPU
20260905-210810-m5p-timeline,lc128kz,longctx-zipf,tiara_sym_l2,95,82094,GPU
20260905-210810-m5p-timeline,lc128kz,longctx-zipf,tiara_sym_l2,95,82268,GPU
20260905-210810-m5p-timeline,lc128kz,longctx-zipf,tiara_sym_l2,95,82442,GPU
20260905-210810-m5p-timeline,lc128kz,longctx-zipf,tiara_sym_l2,95,82616,GPU
20260905-210810-m5p-timeline,lc128kz,longctx-zipf,tiara_sym_l2,95,82790,GPU
20260905-210810-m5p-timeline,lc128kz,longctx-zipf,tiara_sym_l2,95,82964,GPU
20260905-210810-m5p-timeline,lc128kz,longctx-zipf,tiara_sym_l2,95,83138,GPU
20260905-210810-m5p-timeline,lc128kz,longctx-zipf,tiara_sym_l2,95,83312,GPU
20260905-210810-m5p-timeline,lc128kz,longctx-zipf,tiara_sym_l2,95,83486,GPU
20260905-210810-m5p-timeline,lc128kz,longctx-zipf,tiara_sym_l2,95,83660,GPU
20260905-210810-m5p-timeline,lc128kz,longctx-zipf,tiara_sym_l2,95,83834,GPU
20260905-210810-m5p-timeline,lc128kz,longctx-zipf,tiara_sym_l2,95,84008,GPU
20260905-210810-m5p-timeline,lc128kz,longctx-zipf,tiara_sym_l2,95,84182,GPU
20260905-210810-m5p-timeline,lc128kz,longctx-zipf,tiara_sym_l2,95,84356,GPU
20260905-210810-m5p-timeline,lc128kz,longctx-zipf,tiara_sym_l2,95,84530,GPU
20260905-210810-m5p-timeline,lc128kz,longctx-zipf,tiara_sym_l2,95,84704,GPU
20260905-210810-m5p-timeline,lc128kz,longctx-zipf,tiara_sym_l2,95,84878,GPU
20260905-210810-m5p-timeline,lc128kz,longctx-zipf,tiara_sym_l2,95,85052,GPU
20260905-210810-m5p-timeline,lc128kz,longctx-zipf,tiara_sym_l2,95,85226,GPU
20260905-210810-m5p-timeline,lc128kz,longctx-zipf,tiara_sym_l2,95,85400,GPU
20260905-210810-m5p-timeline,lc128kz,longctx-zipf,tiara_sym_l2,95,85574,GPU
20260905-210810-m5p-timeline,lc128kz,longctx-zipf,tiara_sym_l2,95,85748,GPU
20260905-210810-m5p-timeline,lc128kz,longctx-zipf,tiara_sym_l2,95,85922,GPU
20260905-210810-m5p-timeline,lc128kz,longctx-zipf,tiara_sym_l2,95,86096,GPU
20260905-210810-m5p-timeline,lc128kz,longctx-zipf,tiara_sym_l2,95,86270,GPU
20260905-210810-m5p-timeline,lc128kz,longctx-zipf,tiara_sym_l2,95,86444,GPU
20260905-210810-m5p-timeline,lc128kz,longctx-zipf,tiara_sym_l2,95,86618,GPU
20260905-210810-m5p-timeline,lc128kz,longctx-zipf,tiara_sym_l2,95,86792,GPU
20260905-210810-m5p-timeline,lc128kz,longctx-zipf,tiara_sym_l2,95,86966,GPU
20260905-210810-m5p-timeline,lc128kz,longctx-zipf,tiara_sym_l2,95,87140,GPU
20260905-210810-m5p-timeline,lc128kz,longctx-zipf,tiara_sym_l2,95,87314,GPU
20260905-210810-m5p-timeline,lc128kz,longctx-zipf,tiara_sym_l2,95,87488,GPU
20260905-210810-m5p-timeline,lc128kz,longctx-zipf,tiara_sym_l2,95,87662,GPU
20260905-210810-m5p-timeline,lc128kz,longctx-zipf,tiara_sym_l2,95,87836,GPU
20260905-210810-m5p-timeline,lc128kz,longctx-zipf,tiara_sym_l2,95,88010,GPU
20260905-210810-m5p-timeline,lc128kz,longctx-zipf,tiara_sym_l2,95,88184,GPU
20260905-210810-m5p-timeline,lc128kz,longctx-zipf,tiara_sym_l2,95,88358,GPU
20260905-210810-m5p-timeline,lc128kz,longctx-zipf,tiara_sym_l2,95,88532,GPU
20260905-210810-m5p-timeline,lc128kz,longctx-zipf,tiara_sym_l2,95,88706,GPU
20260905-210810-m5p-timeline,lc128kz,longctx-zipf,tiara_sym_l2,95,88880,GPU
20260905-210810-m5p-timeline,lc128kz,longctx-zipf,tiara_sym_l2,95,89054,CPU
20260905-210810-m5p-timeline,lc128kz,longctx-zipf,tiara_sym_l2,95,89228,CPU
20260905-210810-m5p-timeline,lc128kz,longctx-zipf,tiara_sym_l2,95,89402,CPU
20260905-210810-m5p-timeline,lc128kz,longctx-zipf,tiara_sym_l2,95,89576,CPU
20260905-210810-m5p-timeline,lc128kz,longctx-zipf,tiara_sym_l2,95,89750,CPU
20260905-210810-m5p-timeline,lc128kz,longctx-zipf,tiara_sym_l2,95,89924,CPU
20260905-210810-m5p-timeline,lc128kz,longctx-zipf,tiara_sym_l2,95,90098,SSD
20260905-210810-m5p-timeline,lc128kz,longctx-zipf,tiara_sym_l2,96,81920,GPU
20260905-210810-m5p-timeline,lc128kz,longctx-zipf,tiara_sym_l2,96,82094,GPU
20260905-210810-m5p-timeline,lc128kz,longctx-zipf,tiara_sym_l2,96,82268,GPU
20260905-210810-m5p-timeline,lc128kz,longctx-zipf,tiara_sym_l2,96,82442,GPU
20260905-210810-m5p-timeline,lc128kz,longctx-zipf,tiara_sym_l2,96,82616,GPU
20260905-210810-m5p-timeline,lc128kz,longctx-zipf,tiara_sym_l2,96,82790,GPU
20260905-210810-m5p-timeline,lc128kz,longctx-zipf,tiara_sym_l2,96,82964,GPU
20260905-210810-m5p-timeline,lc128kz,longctx-zipf,tiara_sym_l2,96,83138,GPU
20260905-210810-m5p-timeline,lc128kz,longctx-zipf,tiara_sym_l2,96,83312,GPU
20260905-210810-m5p-timeline,lc128kz,longctx-zipf,tiara_sym_l2,96,83486,GPU
20260905-210810-m5p-timeline,lc128kz,longctx-zipf,tiara_sym_l2,96,83660,GPU
20260905-210810-m5p-timeline,lc128kz,longctx-zipf,tiara_sym_l2,96,83834,GPU
20260905-210810-m5p-timeline,lc128kz,longctx-zipf,tiara_sym_l2,96,84008,GPU
20260905-210810-m5p-timeline,lc128kz,longctx-zipf,tiara_sym_l2,96,84182,GPU
20260905-210810-m5p-timeline,lc128kz,longctx-zipf,tiara_sym_l2,96,84356,GPU
20260905-210810-m5p-timeline,lc128kz,longctx-zipf,tiara_sym_l2,96,84530,GPU
20260905-210810-m5p-timeline,lc128kz,longctx-zipf,tiara_sym_l2,96,84704,GPU
20260905-210810-m5p-timeline,lc128kz,longctx-zipf,tiara_sym_l2,96,84878,GPU
20260905-210810-m5p-timeline,lc128kz,longctx-zipf,tiara_sym_l2,96,85052,GPU
20260905-210810-m5p-timeline,lc128kz,longctx-zipf,tiara_sym_l2,96,85226,GPU
20260905-210810-m5p-timeline,lc128kz,longctx-zipf,tiara_sym_l2,96,85400,GPU
20260905-210810-m5p-timeline,lc128kz,longctx-zipf,tiara_sym_l2,96,85574,GPU
20260905-210810-m5p-timeline,lc128kz,longctx-zipf,tiara_sym_l2,96,85748,GPU
20260905-210810-m5p-timeline,lc128kz,longctx-zipf,tiara_sym_l2,96,85922,GPU
20260905-210810-m5p-timeline,lc128kz,longctx-zipf,tiara_sym_l2,96,86096,GPU
20260905-210810-m5p-timeline,lc128kz,longctx-zipf,tiara_sym_l2,96,86270,GPU
20260905-210810-m5p-timeline,lc128kz,longctx-zipf,tiara_sym_l2,96,86444,GPU
20260905-210810-m5p-timeline,lc128kz,longctx-zipf,tiara_sym_l2,96,86618,GPU
20260905-210810-m5p-timeline,lc128kz,longctx-zipf,tiara_sym_l2,96,86792,GPU
20260905-210810-m5p-timeline,lc128kz,longctx-zipf,tiara_sym_l2,96,86966,GPU
20260905-210810-m5p-timeline,lc128kz,longctx-zipf,tiara_sym_l2,96,87140,GPU
20260905-210810-m5p-timeline,lc128kz,longctx-zipf,tiara_sym_l2,96,87314,GPU
20260905-210810-m5p-timeline,lc128kz,longctx-zipf,tiara_sym_l2,96,87488,GPU
20260905-210810-m5p-timeline,lc128kz,longctx-zipf,tiara_sym_l2,96,87662,GPU
20260905-210810-m5p-timeline,lc128kz,longctx-zipf,tiara_sym_l2,96,87836,GPU
20260905-210810-m5p-timeline,lc128kz,longctx-zipf,tiara_sym_l2,96,88010,GPU
20260905-210810-m5p-timeline,lc128kz,longctx-zipf,tiara_sym_l2,96,88184,GPU
20260905-210810-m5p-timeline,lc128kz,longctx-zipf,tiara_sym_l2,96,88358,GPU
20260905-210810-m5p-timeline,lc128kz,longctx-zipf,tiara_sym_l2,96,88532,GPU
20260905-210810-m5p-timeline,lc128kz,longctx-zipf,tiara_sym_l2,96,88706,GPU
20260905-210810-m5p-timeline,lc128kz,longctx-zipf,tiara_sym_l2,96,88880,GPU
20260905-210810-m5p-timeline,lc128kz,longctx-zipf,tiara_sym_l2,96,89054,CPU
20260905-210810-m5p-timeline,lc128kz,longctx-zipf,tiara_sym_l2,96,89228,CPU
20260905-210810-m5p-timeline,lc128kz,longctx-zipf,tiara_sym_l2,96,89402,CPU
20260905-210810-m5p-timeline,lc128kz,longctx-zipf,tiara_sym_l2,96,89576,CPU
20260905-210810-m5p-timeline,lc128kz,longctx-zipf,tiara_sym_l2,96,89750,CPU
20260905-210810-m5p-timeline,lc128kz,longctx-zipf,tiara_sym_l2,96,89924,CPU
20260905-210810-m5p-timeline,lc128kz,longctx-zipf,tiara_sym_l2,96,90098,SSD
20260905-210810-m5p-timeline,lc128kz,longctx-zipf,tiara_sym_l2,97,81920,GPU
20260905-210810-m5p-timeline,lc128kz,longctx-zipf,tiara_sym_l2,97,82094,GPU
20260905-210810-m5p-timeline,lc128kz,longctx-zipf,tiara_sym_l2,97,82268,GPU
20260905-210810-m5p-timeline,lc128kz,longctx-zipf,tiara_sym_l2,97,82442,GPU
20260905-210810-m5p-timeline,lc128kz,longctx-zipf,tiara_sym_l2,97,82616,GPU
20260905-210810-m5p-timeline,lc128kz,longctx-zipf,tiara_sym_l2,97,82790,GPU
20260905-210810-m5p-timeline,lc128kz,longctx-zipf,tiara_sym_l2,97,82964,GPU
20260905-210810-m5p-timeline,lc128kz,longctx-zipf,tiara_sym_l2,97,83138,GPU
20260905-210810-m5p-timeline,lc128kz,longctx-zipf,tiara_sym_l2,97,83312,GPU
20260905-210810-m5p-timeline,lc128kz,longctx-zipf,tiara_sym_l2,97,83486,GPU
20260905-210810-m5p-timeline,lc128kz,longctx-zipf,tiara_sym_l2,97,83660,GPU
20260905-210810-m5p-timeline,lc128kz,longctx-zipf,tiara_sym_l2,97,83834,GPU
20260905-210810-m5p-timeline,lc128kz,longctx-zipf,tiara_sym_l2,97,84008,GPU
20260905-210810-m5p-timeline,lc128kz,longctx-zipf,tiara_sym_l2,97,84182,GPU
20260905-210810-m5p-timeline,lc128kz,longctx-zipf,tiara_sym_l2,97,84356,GPU
20260905-210810-m5p-timeline,lc128kz,longctx-zipf,tiara_sym_l2,97,84530,GPU
20260905-210810-m5p-timeline,lc128kz,longctx-zipf,tiara_sym_l2,97,84704,GPU
20260905-210810-m5p-timeline,lc128kz,longctx-zipf,tiara_sym_l2,97,84878,GPU
20260905-210810-m5p-timeline,lc128kz,longctx-zipf,tiara_sym_l2,97,85052,GPU
20260905-210810-m5p-timeline,lc128kz,longctx-zipf,tiara_sym_l2,97,85226,GPU
20260905-210810-m5p-timeline,lc128kz,longctx-zipf,tiara_sym_l2,97,85400,GPU
20260905-210810-m5p-timeline,lc128kz,longctx-zipf,tiara_sym_l2,97,85574,GPU
20260905-210810-m5p-timeline,lc128kz,longctx-zipf,tiara_sym_l2,97,85748,GPU
20260905-210810-m5p-timeline,lc128kz,longctx-zipf,tiara_sym_l2,97,85922,GPU
20260905-210810-m5p-timeline,lc128kz,longctx-zipf,tiara_sym_l2,97,86096,GPU
20260905-210810-m5p-timeline,lc128kz,longctx-zipf,tiara_sym_l2,97,86270,GPU
20260905-210810-m5p-timeline,lc128kz,longctx-zipf,tiara_sym_l2,97,86444,GPU
20260905-210810-m5p-timeline,lc128kz,longctx-zipf,tiara_sym_l2,97,86618,GPU
20260905-210810-m5p-timeline,lc128kz,longctx-zipf,tiara_sym_l2,97,86792,GPU
20260905-210810-m5p-timeline,lc128kz,longctx-zipf,tiara_sym_l2,97,86966,GPU
20260905-210810-m5p-timeline,lc128kz,longctx-zipf,tiara_sym_l2,97,87140,GPU
20260905-210810-m5p-timeline,lc128kz,longctx-zipf,tiara_sym_l2,97,87314,GPU
20260905-210810-m5p-timeline,lc128kz,longctx-zipf,tiara_sym_l2,97,87488,GPU
20260905-210810-m5p-timeline,lc128kz,longctx-zipf,tiara_sym_l2,97,87662,GPU
20260905-210810-m5p-timeline,lc128kz,longctx-zipf,tiara_sym_l2,97,87836,GPU
20260905-210810-m5p-timeline,lc128kz,longctx-zipf,tiara_sym_l2,97,88010,GPU
20260905-210810-m5p-timeline,lc128kz,longctx-zipf,tiara_sym_l2,97,88184,GPU
20260905-210810-m5p-timeline,lc128kz,longctx-zipf,tiara_sym_l2,97,88358,GPU
20260905-210810-m5p-timeline,lc128kz,longctx-zipf,tiara_sym_l2,97,88532,GPU
20260905-210810-m5p-timeline,lc128kz,longctx-zipf,tiara_sym_l2,97,88706,GPU
20260905-210810-m5p-timeline,lc128kz,longctx-zipf,tiara_sym_l2,97,88880,GPU
20260905-210810-m5p-timeline,lc128kz,longctx-zipf,tiara_sym_l2,97,89054,CPU
20260905-210810-m5p-timeline,lc128kz,longctx-zipf,tiara_sym_l2,97,89228,CPU
20260905-210810-m5p-timeline,lc128kz,longctx-zipf,tiara_sym_l2,97,89402,CPU
20260905-210810-m5p-timeline,lc128kz,longctx-zipf,tiara_sym_l2,97,89576,CPU
20260905-210810-m5p-timeline,lc128kz,longctx-zipf,tiara_sym_l2,97,89750,CPU
20260905-210810-m5p-timeline,lc128kz,longctx-zipf,tiara_sym_l2,97,89924,CPU
20260905-210810-m5p-timeline,lc128kz,longctx-zipf,tiara_sym_l2,97,90098,SSD
20260905-210810-m5p-timeline,lc128kz,longctx-zipf,tiara_sym_l2,98,81920,GPU
20260905-210810-m5p-timeline,lc128kz,longctx-zipf,tiara_sym_l2,98,82094,GPU
20260905-210810-m5p-timeline,lc128kz,longctx-zipf,tiara_sym_l2,98,82268,GPU
20260905-210810-m5p-timeline,lc128kz,longctx-zipf,tiara_sym_l2,98,82442,GPU
20260905-210810-m5p-timeline,lc128kz,longctx-zipf,tiara_sym_l2,98,82616,GPU
20260905-210810-m5p-timeline,lc128kz,longctx-zipf,tiara_sym_l2,98,82790,GPU
20260905-210810-m5p-timeline,lc128kz,longctx-zipf,tiara_sym_l2,98,82964,GPU
20260905-210810-m5p-timeline,lc128kz,longctx-zipf,tiara_sym_l2,98,83138,GPU
20260905-210810-m5p-timeline,lc128kz,longctx-zipf,tiara_sym_l2,98,83312,GPU
20260905-210810-m5p-timeline,lc128kz,longctx-zipf,tiara_sym_l2,98,83486,GPU
20260905-210810-m5p-timeline,lc128kz,longctx-zipf,tiara_sym_l2,98,83660,GPU
20260905-210810-m5p-timeline,lc128kz,longctx-zipf,tiara_sym_l2,98,83834,GPU
20260905-210810-m5p-timeline,lc128kz,longctx-zipf,tiara_sym_l2,98,84008,GPU
20260905-210810-m5p-timeline,lc128kz,longctx-zipf,tiara_sym_l2,98,84182,GPU
20260905-210810-m5p-timeline,lc128kz,longctx-zipf,tiara_sym_l2,98,84356,GPU
20260905-210810-m5p-timeline,lc128kz,longctx-zipf,tiara_sym_l2,98,84530,GPU
20260905-210810-m5p-timeline,lc128kz,longctx-zipf,tiara_sym_l2,98,84704,GPU
20260905-210810-m5p-timeline,lc128kz,longctx-zipf,tiara_sym_l2,98,84878,GPU
20260905-210810-m5p-timeline,lc128kz,longctx-zipf,tiara_sym_l2,98,85052,GPU
20260905-210810-m5p-timeline,lc128kz,longctx-zipf,tiara_sym_l2,98,85226,GPU
20260905-210810-m5p-timeline,lc128kz,longctx-zipf,tiara_sym_l2,98,85400,GPU
20260905-210810-m5p-timeline,lc128kz,longctx-zipf,tiara_sym_l2,98,85574,GPU
20260905-210810-m5p-timeline,lc128kz,longctx-zipf,tiara_sym_l2,98,85748,GPU
20260905-210810-m5p-timeline,lc128kz,longctx-zipf,tiara_sym_l2,98,85922,GPU
20260905-210810-m5p-timeline,lc128kz,longctx-zipf,tiara_sym_l2,98,86096,GPU
20260905-210810-m5p-timeline,lc128kz,longctx-zipf,tiara_sym_l2,98,86270,GPU
20260905-210810-m5p-timeline,lc128kz,longctx-zipf,tiara_sym_l2,98,86444,GPU
20260905-210810-m5p-timeline,lc128kz,longctx-zipf,tiara_sym_l2,98,86618,GPU
20260905-210810-m5p-timeline,lc128kz,longctx-zipf,tiara_sym_l2,98,86792,GPU
20260905-210810-m5p-timeline,lc128kz,longctx-zipf,tiara_sym_l2,98,86966,GPU
20260905-210810-m5p-timeline,lc128kz,longctx-zipf,tiara_sym_l2,98,87140,GPU
20260905-210810-m5p-timeline,lc128kz,longctx-zipf,tiara_sym_l2,98,87314,GPU
20260905-210810-m5p-timeline,lc128kz,longctx-zipf,tiara_sym_l2,98,87488,GPU
20260905-210810-m5p-timeline,lc128kz,longctx-zipf,tiara_sym_l2,98,87662,GPU
20260905-210810-m5p-timeline,lc128kz,longctx-zipf,tiara_sym_l2,98,87836,GPU
20260905-210810-m5p-timeline,lc128kz,longctx-zipf,tiara_sym_l2,98,88010,GPU
20260905-210810-m5p-timeline,lc128kz,longctx-zipf,tiara_sym_l2,98,88184,GPU
20260905-210810-m5p-timeline,lc128kz,longctx-zipf,tiara_sym_l2,98,88358,GPU
20260905-210810-m5p-timeline,lc128kz,longctx-zipf,tiara_sym_l2,98,88532,GPU
20260905-210810-m5p-timeline,lc128kz,longctx-zipf,tiara_sym_l2,98,88706,GPU
20260905-210810-m5p-timeline,lc128kz,longctx-zipf,tiara_sym_l2,98,88880,GPU
20260905-210810-m5p-timeline,lc128kz,longctx-zipf,tiara_sym_l2,98,89054,CPU
20260905-210810-m5p-timeline,lc128kz,longctx-zipf,tiara_sym_l2,98,89228,CPU
20260905-210810-m5p-timeline,lc128kz,longctx-zipf,tiara_sym_l2,98,89402,CPU
20260905-210810-m5p-timeline,lc128kz,longctx-zipf,tiara_sym_l2,98,89576,CPU
20260905-210810-m5p-timeline,lc128kz,longctx-zipf,tiara_sym_l2,98,89750,CPU
20260905-210810-m5p-timeline,lc128kz,longctx-zipf,tiara_sym_l2,98,89924,CPU
20260905-210810-m5p-timeline,lc128kz,longctx-zipf,tiara_sym_l2,98,90098,SSD
20260905-210810-m5p-timeline,lc128kz,longctx-zipf,tiara_sym_l2,99,81920,GPU
20260905-210810-m5p-timeline,lc128kz,longctx-zipf,tiara_sym_l2,99,82094,GPU
20260905-210810-m5p-timeline,lc128kz,longctx-zipf,tiara_sym_l2,99,82268,GPU
20260905-210810-m5p-timeline,lc128kz,longctx-zipf,tiara_sym_l2,99,82442,GPU
20260905-210810-m5p-timeline,lc128kz,longctx-zipf,tiara_sym_l2,99,82616,GPU
20260905-210810-m5p-timeline,lc128kz,longctx-zipf,tiara_sym_l2,99,82790,GPU
20260905-210810-m5p-timeline,lc128kz,longctx-zipf,tiara_sym_l2,99,82964,GPU
20260905-210810-m5p-timeline,lc128kz,longctx-zipf,tiara_sym_l2,99,83138,GPU
20260905-210810-m5p-timeline,lc128kz,longctx-zipf,tiara_sym_l2,99,83312,GPU
20260905-210810-m5p-timeline,lc128kz,longctx-zipf,tiara_sym_l2,99,83486,GPU
20260905-210810-m5p-timeline,lc128kz,longctx-zipf,tiara_sym_l2,99,83660,GPU
20260905-210810-m5p-timeline,lc128kz,longctx-zipf,tiara_sym_l2,99,83834,GPU
20260905-210810-m5p-timeline,lc128kz,longctx-zipf,tiara_sym_l2,99,84008,GPU
20260905-210810-m5p-timeline,lc128kz,longctx-zipf,tiara_sym_l2,99,84182,GPU
20260905-210810-m5p-timeline,lc128kz,longctx-zipf,tiara_sym_l2,99,84356,GPU
20260905-210810-m5p-timeline,lc128kz,longctx-zipf,tiara_sym_l2,99,84530,GPU
20260905-210810-m5p-timeline,lc128kz,longctx-zipf,tiara_sym_l2,99,84704,GPU
20260905-210810-m5p-timeline,lc128kz,longctx-zipf,tiara_sym_l2,99,84878,GPU
20260905-210810-m5p-timeline,lc128kz,longctx-zipf,tiara_sym_l2,99,85052,GPU
20260905-210810-m5p-timeline,lc128kz,longctx-zipf,tiara_sym_l2,99,85226,GPU
20260905-210810-m5p-timeline,lc128kz,longctx-zipf,tiara_sym_l2,99,85400,GPU
20260905-210810-m5p-timeline,lc128kz,longctx-zipf,tiara_sym_l2,99,85574,GPU
20260905-210810-m5p-timeline,lc128kz,longctx-zipf,tiara_sym_l2,99,85748,GPU
20260905-210810-m5p-timeline,lc128kz,longctx-zipf,tiara_sym_l2,99,85922,GPU
20260905-210810-m5p-timeline,lc128kz,longctx-zipf,tiara_sym_l2,99,86096,GPU
20260905-210810-m5p-timeline,lc128kz,longctx-zipf,tiara_sym_l2,99,86270,GPU
20260905-210810-m5p-timeline,lc128kz,longctx-zipf,tiara_sym_l2,99,86444,GPU
20260905-210810-m5p-timeline,lc128kz,longctx-zipf,tiara_sym_l2,99,86618,GPU
20260905-210810-m5p-timeline,lc128kz,longctx-zipf,tiara_sym_l2,99,86792,GPU
20260905-210810-m5p-timeline,lc128kz,longctx-zipf,tiara_sym_l2,99,86966,GPU
20260905-210810-m5p-timeline,lc128kz,longctx-zipf,tiara_sym_l2,99,87140,GPU
20260905-210810-m5p-timeline,lc128kz,longctx-zipf,tiara_sym_l2,99,87314,GPU
20260905-210810-m5p-timeline,lc128kz,longctx-zipf,tiara_sym_l2,99,87488,GPU
20260905-210810-m5p-timeline,lc128kz,longctx-zipf,tiara_sym_l2,99,87662,GPU
20260905-210810-m5p-timeline,lc128kz,longctx-zipf,tiara_sym_l2,99,87836,GPU
20260905-210810-m5p-timeline,lc128kz,longctx-zipf,tiara_sym_l2,99,88010,GPU
20260905-210810-m5p-timeline,lc128kz,longctx-zipf,tiara_sym_l2,99,88184,GPU
20260905-210810-m5p-timeline,lc128kz,longctx-zipf,tiara_sym_l2,99,88358,GPU
20260905-210810-m5p-timeline,lc128kz,longctx-zipf,tiara_sym_l2,99,88532,GPU
20260905-210810-m5p-timeline,lc128kz,longctx-zipf,tiara_sym_l2,99,88706,GPU
20260905-210810-m5p-timeline,lc128kz,longctx-zipf,tiara_sym_l2,99,88880,GPU
20260905-210810-m5p-timeline,lc128kz,longctx-zipf,tiara_sym_l2,99,89054,CPU
20260905-210810-m5p-timeline,lc128kz,longctx-zipf,tiara_sym_l2,99,89228,CPU
20260905-210810-m5p-timeline,lc128kz,longctx-zipf,tiara_sym_l2,99,89402,CPU
20260905-210810-m5p-timeline,lc128kz,longctx-zipf,tiara_sym_l2,99,89576,CPU
20260905-210810-m5p-timeline,lc128kz,longctx-zipf,tiara_sym_l2,99,89750,CPU
20260905-210810-m5p-timeline,lc128kz,longctx-zipf,tiara_sym_l2,99,89924,CPU
20260905-210810-m5p-timeline,lc128kz,longctx-zipf,tiara_sym_l2,99,90098,SSD
20260905-210810-m5p-timeline,lc128kz,longctx-zipf,tiara_sym_l2,100,81920,GPU
20260905-210810-m5p-timeline,lc128kz,longctx-zipf,tiara_sym_l2,100,82094,GPU
20260905-210810-m5p-timeline,lc128kz,longctx-zipf,tiara_sym_l2,100,82268,GPU
20260905-210810-m5p-timeline,lc128kz,longctx-zipf,tiara_sym_l2,100,82442,GPU
20260905-210810-m5p-timeline,lc128kz,longctx-zipf,tiara_sym_l2,100,82616,GPU
20260905-210810-m5p-timeline,lc128kz,longctx-zipf,tiara_sym_l2,100,82790,GPU
20260905-210810-m5p-timeline,lc128kz,longctx-zipf,tiara_sym_l2,100,82964,GPU
20260905-210810-m5p-timeline,lc128kz,longctx-zipf,tiara_sym_l2,100,83138,GPU
20260905-210810-m5p-timeline,lc128kz,longctx-zipf,tiara_sym_l2,100,83312,GPU
20260905-210810-m5p-timeline,lc128kz,longctx-zipf,tiara_sym_l2,100,83486,GPU
20260905-210810-m5p-timeline,lc128kz,longctx-zipf,tiara_sym_l2,100,83660,GPU
20260905-210810-m5p-timeline,lc128kz,longctx-zipf,tiara_sym_l2,100,83834,GPU
20260905-210810-m5p-timeline,lc128kz,longctx-zipf,tiara_sym_l2,100,84008,GPU
20260905-210810-m5p-timeline,lc128kz,longctx-zipf,tiara_sym_l2,100,84182,GPU
20260905-210810-m5p-timeline,lc128kz,longctx-zipf,tiara_sym_l2,100,84356,GPU
20260905-210810-m5p-timeline,lc128kz,longctx-zipf,tiara_sym_l2,100,84530,GPU
20260905-210810-m5p-timeline,lc128kz,longctx-zipf,tiara_sym_l2,100,84704,GPU
20260905-210810-m5p-timeline,lc128kz,longctx-zipf,tiara_sym_l2,100,84878,GPU
20260905-210810-m5p-timeline,lc128kz,longctx-zipf,tiara_sym_l2,100,85052,GPU
20260905-210810-m5p-timeline,lc128kz,longctx-zipf,tiara_sym_l2,100,85226,GPU
20260905-210810-m5p-timeline,lc128kz,longctx-zipf,tiara_sym_l2,100,85400,GPU
20260905-210810-m5p-timeline,lc128kz,longctx-zipf,tiara_sym_l2,100,85574,GPU
20260905-210810-m5p-timeline,lc128kz,longctx-zipf,tiara_sym_l2,100,85748,GPU
20260905-210810-m5p-timeline,lc128kz,longctx-zipf,tiara_sym_l2,100,85922,GPU
20260905-210810-m5p-timeline,lc128kz,longctx-zipf,tiara_sym_l2,100,86096,GPU
20260905-210810-m5p-timeline,lc128kz,longctx-zipf,tiara_sym_l2,100,86270,GPU
20260905-210810-m5p-timeline,lc128kz,longctx-zipf,tiara_sym_l2,100,86444,GPU
20260905-210810-m5p-timeline,lc128kz,longctx-zipf,tiara_sym_l2,100,86618,GPU
20260905-210810-m5p-timeline,lc128kz,longctx-zipf,tiara_sym_l2,100,86792,GPU
20260905-210810-m5p-timeline,lc128kz,longctx-zipf,tiara_sym_l2,100,86966,GPU
20260905-210810-m5p-timeline,lc128kz,longctx-zipf,tiara_sym_l2,100,87140,GPU
20260905-210810-m5p-timeline,lc128kz,longctx-zipf,tiara_sym_l2,100,87314,GPU
20260905-210810-m5p-timeline,lc128kz,longctx-zipf,tiara_sym_l2,100,87488,GPU
20260905-210810-m5p-timeline,lc128kz,longctx-zipf,tiara_sym_l2,100,87662,GPU
20260905-210810-m5p-timeline,lc128kz,longctx-zipf,tiara_sym_l2,100,87836,GPU
20260905-210810-m5p-timeline,lc128kz,longctx-zipf,tiara_sym_l2,100,88010,GPU
20260905-210810-m5p-timeline,lc128kz,longctx-zipf,tiara_sym_l2,100,88184,GPU
20260905-210810-m5p-timeline,lc128kz,longctx-zipf,tiara_sym_l2,100,88358,GPU
20260905-210810-m5p-timeline,lc128kz,longctx-zipf,tiara_sym_l2,100,88532,GPU
20260905-210810-m5p-timeline,lc128kz,longctx-zipf,tiara_sym_l2,100,88706,GPU
20260905-210810-m5p-timeline,lc128kz,longctx-zipf,tiara_sym_l2,100,88880,GPU
20260905-210810-m5p-timeline,lc128kz,longctx-zipf,tiara_sym_l2,100,89054,CPU
20260905-210810-m5p-timeline,lc128kz,longctx-zipf,tiara_sym_l2,100,89228,CPU
20260905-210810-m5p-timeline,lc128kz,longctx-zipf,tiara_sym_l2,100,89402,CPU
20260905-210810-m5p-timeline,lc128kz,longctx-zipf,tiara_sym_l2,100,89576,CPU
20260905-210810-m5p-timeline,lc128kz,longctx-zipf,tiara_sym_l2,100,89750,CPU
20260905-210810-m5p-timeline,lc128kz,longctx-zipf,tiara_sym_l2,100,89924,CPU
20260905-210810-m5p-timeline,lc128kz,longctx-zipf,tiara_sym_l2,100,90098,SSD
20260905-210810-m5p-timeline,lc128kz,longctx-zipf,tiara_sym_l2,101,81920,GPU
20260905-210810-m5p-timeline,lc128kz,longctx-zipf,tiara_sym_l2,101,82094,GPU
20260905-210810-m5p-timeline,lc128kz,longctx-zipf,tiara_sym_l2,101,82268,GPU
20260905-210810-m5p-timeline,lc128kz,longctx-zipf,tiara_sym_l2,101,82442,GPU
20260905-210810-m5p-timeline,lc128kz,longctx-zipf,tiara_sym_l2,101,82616,GPU
20260905-210810-m5p-timeline,lc128kz,longctx-zipf,tiara_sym_l2,101,82790,GPU
20260905-210810-m5p-timeline,lc128kz,longctx-zipf,tiara_sym_l2,101,82964,GPU
20260905-210810-m5p-timeline,lc128kz,longctx-zipf,tiara_sym_l2,101,83138,GPU
20260905-210810-m5p-timeline,lc128kz,longctx-zipf,tiara_sym_l2,101,83312,GPU
20260905-210810-m5p-timeline,lc128kz,longctx-zipf,tiara_sym_l2,101,83486,GPU
20260905-210810-m5p-timeline,lc128kz,longctx-zipf,tiara_sym_l2,101,83660,GPU
20260905-210810-m5p-timeline,lc128kz,longctx-zipf,tiara_sym_l2,101,83834,GPU
20260905-210810-m5p-timeline,lc128kz,longctx-zipf,tiara_sym_l2,101,84008,GPU
20260905-210810-m5p-timeline,lc128kz,longctx-zipf,tiara_sym_l2,101,84182,GPU
20260905-210810-m5p-timeline,lc128kz,longctx-zipf,tiara_sym_l2,101,84356,GPU
20260905-210810-m5p-timeline,lc128kz,longctx-zipf,tiara_sym_l2,101,84530,GPU
20260905-210810-m5p-timeline,lc128kz,longctx-zipf,tiara_sym_l2,101,84704,GPU
20260905-210810-m5p-timeline,lc128kz,longctx-zipf,tiara_sym_l2,101,84878,GPU
20260905-210810-m5p-timeline,lc128kz,longctx-zipf,tiara_sym_l2,101,85052,GPU
20260905-210810-m5p-timeline,lc128kz,longctx-zipf,tiara_sym_l2,101,85226,GPU
20260905-210810-m5p-timeline,lc128kz,longctx-zipf,tiara_sym_l2,101,85400,GPU
20260905-210810-m5p-timeline,lc128kz,longctx-zipf,tiara_sym_l2,101,85574,GPU
20260905-210810-m5p-timeline,lc128kz,longctx-zipf,tiara_sym_l2,101,85748,GPU
20260905-210810-m5p-timeline,lc128kz,longctx-zipf,tiara_sym_l2,101,85922,GPU
20260905-210810-m5p-timeline,lc128kz,longctx-zipf,tiara_sym_l2,101,86096,GPU
20260905-210810-m5p-timeline,lc128kz,longctx-zipf,tiara_sym_l2,101,86270,GPU
20260905-210810-m5p-timeline,lc128kz,longctx-zipf,tiara_sym_l2,101,86444,GPU
20260905-210810-m5p-timeline,lc128kz,longctx-zipf,tiara_sym_l2,101,86618,GPU
20260905-210810-m5p-timeline,lc128kz,longctx-zipf,tiara_sym_l2,101,86792,GPU
20260905-210810-m5p-timeline,lc128kz,longctx-zipf,tiara_sym_l2,101,86966,GPU
20260905-210810-m5p-timeline,lc128kz,longctx-zipf,tiara_sym_l2,101,87140,GPU
20260905-210810-m5p-timeline,lc128kz,longctx-zipf,tiara_sym_l2,101,87314,GPU
20260905-210810-m5p-timeline,lc128kz,longctx-zipf,tiara_sym_l2,101,87488,GPU
20260905-210810-m5p-timeline,lc128kz,longctx-zipf,tiara_sym_l2,101,87662,GPU
20260905-210810-m5p-timeline,lc128kz,longctx-zipf,tiara_sym_l2,101,87836,GPU
20260905-210810-m5p-timeline,lc128kz,longctx-zipf,tiara_sym_l2,101,88010,GPU
20260905-210810-m5p-timeline,lc128kz,longctx-zipf,tiara_sym_l2,101,88184,GPU
20260905-210810-m5p-timeline,lc128kz,longctx-zipf,tiara_sym_l2,101,88358,GPU
20260905-210810-m5p-timeline,lc128kz,longctx-zipf,tiara_sym_l2,101,88532,GPU
20260905-210810-m5p-timeline,lc128kz,longctx-zipf,tiara_sym_l2,101,88706,GPU
20260905-210810-m5p-timeline,lc128kz,longctx-zipf,tiara_sym_l2,101,88880,GPU
20260905-210810-m5p-timeline,lc128kz,longctx-zipf,tiara_sym_l2,101,89054,CPU
20260905-210810-m5p-timeline,lc128kz,longctx-zipf,tiara_sym_l2,101,89228,CPU
20260905-210810-m5p-timeline,lc128kz,longctx-zipf,tiara_sym_l2,101,89402,CPU
20260905-210810-m5p-timeline,lc128kz,longctx-zipf,tiara_sym_l2,101,89576,CPU
20260905-210810-m5p-timeline,lc128kz,longctx-zipf,tiara_sym_l2,101,89750,CPU
20260905-210810-m5p-timeline,lc128kz,longctx-zipf,tiara_sym_l2,101,89924,CPU
20260905-210810-m5p-timeline,lc128kz,longctx-zipf,tiara_sym_l2,101,90098,SSD
20260905-210810-m5p-timeline,lc128kz,longctx-zipf,tiara_sym_l2,102,81920,GPU
20260905-210810-m5p-timeline,lc128kz,longctx-zipf,tiara_sym_l2,102,82094,GPU
20260905-210810-m5p-timeline,lc128kz,longctx-zipf,tiara_sym_l2,102,82268,GPU
20260905-210810-m5p-timeline,lc128kz,longctx-zipf,tiara_sym_l2,102,82442,GPU
20260905-210810-m5p-timeline,lc128kz,longctx-zipf,tiara_sym_l2,102,82616,GPU
20260905-210810-m5p-timeline,lc128kz,longctx-zipf,tiara_sym_l2,102,82790,GPU
20260905-210810-m5p-timeline,lc128kz,longctx-zipf,tiara_sym_l2,102,82964,GPU
20260905-210810-m5p-timeline,lc128kz,longctx-zipf,tiara_sym_l2,102,83138,GPU
20260905-210810-m5p-timeline,lc128kz,longctx-zipf,tiara_sym_l2,102,83312,GPU
20260905-210810-m5p-timeline,lc128kz,longctx-zipf,tiara_sym_l2,102,83486,GPU
20260905-210810-m5p-timeline,lc128kz,longctx-zipf,tiara_sym_l2,102,83660,GPU
20260905-210810-m5p-timeline,lc128kz,longctx-zipf,tiara_sym_l2,102,83834,GPU
20260905-210810-m5p-timeline,lc128kz,longctx-zipf,tiara_sym_l2,102,84008,GPU
20260905-210810-m5p-timeline,lc128kz,longctx-zipf,tiara_sym_l2,102,84182,GPU
20260905-210810-m5p-timeline,lc128kz,longctx-zipf,tiara_sym_l2,102,84356,GPU
20260905-210810-m5p-timeline,lc128kz,longctx-zipf,tiara_sym_l2,102,84530,GPU
20260905-210810-m5p-timeline,lc128kz,longctx-zipf,tiara_sym_l2,102,84704,GPU
20260905-210810-m5p-timeline,lc128kz,longctx-zipf,tiara_sym_l2,102,84878,GPU
20260905-210810-m5p-timeline,lc128kz,longctx-zipf,tiara_sym_l2,102,85052,GPU
20260905-210810-m5p-timeline,lc128kz,longctx-zipf,tiara_sym_l2,102,85226,GPU
20260905-210810-m5p-timeline,lc128kz,longctx-zipf,tiara_sym_l2,102,85400,GPU
20260905-210810-m5p-timeline,lc128kz,longctx-zipf,tiara_sym_l2,102,85574,GPU
20260905-210810-m5p-timeline,lc128kz,longctx-zipf,tiara_sym_l2,102,85748,GPU
20260905-210810-m5p-timeline,lc128kz,longctx-zipf,tiara_sym_l2,102,85922,GPU
20260905-210810-m5p-timeline,lc128kz,longctx-zipf,tiara_sym_l2,102,86096,GPU
20260905-210810-m5p-timeline,lc128kz,longctx-zipf,tiara_sym_l2,102,86270,GPU
20260905-210810-m5p-timeline,lc128kz,longctx-zipf,tiara_sym_l2,102,86444,GPU
20260905-210810-m5p-timeline,lc128kz,longctx-zipf,tiara_sym_l2,102,86618,GPU
20260905-210810-m5p-timeline,lc128kz,longctx-zipf,tiara_sym_l2,102,86792,GPU
20260905-210810-m5p-timeline,lc128kz,longctx-zipf,tiara_sym_l2,102,86966,GPU
20260905-210810-m5p-timeline,lc128kz,longctx-zipf,tiara_sym_l2,102,87140,GPU
20260905-210810-m5p-timeline,lc128kz,longctx-zipf,tiara_sym_l2,102,87314,GPU
20260905-210810-m5p-timeline,lc128kz,longctx-zipf,tiara_sym_l2,102,87488,GPU
20260905-210810-m5p-timeline,lc128kz,longctx-zipf,tiara_sym_l2,102,87662,GPU
20260905-210810-m5p-timeline,lc128kz,longctx-zipf,tiara_sym_l2,102,87836,GPU
20260905-210810-m5p-timeline,lc128kz,longctx-zipf,tiara_sym_l2,102,88010,GPU
20260905-210810-m5p-timeline,lc128kz,longctx-zipf,tiara_sym_l2,102,88184,GPU
20260905-210810-m5p-timeline,lc128kz,longctx-zipf,tiara_sym_l2,102,88358,GPU
20260905-210810-m5p-timeline,lc128kz,longctx-zipf,tiara_sym_l2,102,88532,GPU
20260905-210810-m5p-timeline,lc128kz,longctx-zipf,tiara_sym_l2,102,88706,GPU
20260905-210810-m5p-timeline,lc128kz,longctx-zipf,tiara_sym_l2,102,88880,GPU
20260905-210810-m5p-timeline,lc128kz,longctx-zipf,tiara_sym_l2,102,89054,CPU
20260905-210810-m5p-timeline,lc128kz,longctx-zipf,tiara_sym_l2,102,89228,CPU
20260905-210810-m5p-timeline,lc128kz,longctx-zipf,tiara_sym_l2,102,89402,CPU
20260905-210810-m5p-timeline,lc128kz,longctx-zipf,tiara_sym_l2,102,89576,CPU
20260905-210810-m5p-timeline,lc128kz,longctx-zipf,tiara_sym_l2,102,89750,CPU
20260905-210810-m5p-timeline,lc128kz,longctx-zipf,tiara_sym_l2,102,89924,CPU
20260905-210810-m5p-timeline,lc128kz,longctx-zipf,tiara_sym_l2,102,90098,SSD
20260905-210810-m5p-timeline,lc128kz,longctx-zipf,tiara_sym_l2,103,81920,GPU
20260905-210810-m5p-timeline,lc128kz,longctx-zipf,tiara_sym_l2,103,82094,GPU
20260905-210810-m5p-timeline,lc128kz,longctx-zipf,tiara_sym_l2,103,82268,GPU
20260905-210810-m5p-timeline,lc128kz,longctx-zipf,tiara_sym_l2,103,82442,GPU
20260905-210810-m5p-timeline,lc128kz,longctx-zipf,tiara_sym_l2,103,82616,GPU
20260905-210810-m5p-timeline,lc128kz,longctx-zipf,tiara_sym_l2,103,82790,GPU
20260905-210810-m5p-timeline,lc128kz,longctx-zipf,tiara_sym_l2,103,82964,GPU
20260905-210810-m5p-timeline,lc128kz,longctx-zipf,tiara_sym_l2,103,83138,GPU
20260905-210810-m5p-timeline,lc128kz,longctx-zipf,tiara_sym_l2,103,83312,GPU
20260905-210810-m5p-timeline,lc128kz,longctx-zipf,tiara_sym_l2,103,83486,GPU
20260905-210810-m5p-timeline,lc128kz,longctx-zipf,tiara_sym_l2,103,83660,GPU
20260905-210810-m5p-timeline,lc128kz,longctx-zipf,tiara_sym_l2,103,83834,GPU
20260905-210810-m5p-timeline,lc128kz,longctx-zipf,tiara_sym_l2,103,84008,GPU
20260905-210810-m5p-timeline,lc128kz,longctx-zipf,tiara_sym_l2,103,84182,GPU
20260905-210810-m5p-timeline,lc128kz,longctx-zipf,tiara_sym_l2,103,84356,GPU
20260905-210810-m5p-timeline,lc128kz,longctx-zipf,tiara_sym_l2,103,84530,GPU
20260905-210810-m5p-timeline,lc128kz,longctx-zipf,tiara_sym_l2,103,84704,GPU
20260905-210810-m5p-timeline,lc128kz,longctx-zipf,tiara_sym_l2,103,84878,GPU
20260905-210810-m5p-timeline,lc128kz,longctx-zipf,tiara_sym_l2,103,85052,GPU
20260905-210810-m5p-timeline,lc128kz,longctx-zipf,tiara_sym_l2,103,85226,GPU
20260905-210810-m5p-timeline,lc128kz,longctx-zipf,tiara_sym_l2,103,85400,GPU
20260905-210810-m5p-timeline,lc128kz,longctx-zipf,tiara_sym_l2,103,85574,GPU
20260905-210810-m5p-timeline,lc128kz,longctx-zipf,tiara_sym_l2,103,85748,GPU
20260905-210810-m5p-timeline,lc128kz,longctx-zipf,tiara_sym_l2,103,85922,GPU
20260905-210810-m5p-timeline,lc128kz,longctx-zipf,tiara_sym_l2,103,86096,GPU
20260905-210810-m5p-timeline,lc128kz,longctx-zipf,tiara_sym_l2,103,86270,GPU
20260905-210810-m5p-timeline,lc128kz,longctx-zipf,tiara_sym_l2,103,86444,GPU
20260905-210810-m5p-timeline,lc128kz,longctx-zipf,tiara_sym_l2,103,86618,GPU
20260905-210810-m5p-timeline,lc128kz,longctx-zipf,tiara_sym_l2,103,86792,GPU
20260905-210810-m5p-timeline,lc128kz,longctx-zipf,tiara_sym_l2,103,86966,GPU
20260905-210810-m5p-timeline,lc128kz,longctx-zipf,tiara_sym_l2,103,87140,GPU
20260905-210810-m5p-timeline,lc128kz,longctx-zipf,tiara_sym_l2,103,87314,GPU
20260905-210810-m5p-timeline,lc128kz,longctx-zipf,tiara_sym_l2,103,87488,GPU
20260905-210810-m5p-timeline,lc128kz,longctx-zipf,tiara_sym_l2,103,87662,GPU
20260905-210810-m5p-timeline,lc128kz,longctx-zipf,tiara_sym_l2,103,87836,GPU
20260905-210810-m5p-timeline,lc128kz,longctx-zipf,tiara_sym_l2,103,88010,GPU
20260905-210810-m5p-timeline,lc128kz,longctx-zipf,tiara_sym_l2,103,88184,GPU
20260905-210810-m5p-timeline,lc128kz,longctx-zipf,tiara_sym_l2,103,88358,GPU
20260905-210810-m5p-timeline,lc128kz,longctx-zipf,tiara_sym_l2,103,88532,GPU
20260905-210810-m5p-timeline,lc128kz,longctx-zipf,tiara_sym_l2,103,88706,GPU
20260905-210810-m5p-timeline,lc128kz,longctx-zipf,tiara_sym_l2,103,88880,GPU
20260905-210810-m5p-timeline,lc128kz,longctx-zipf,tiara_sym_l2,103,89054,CPU
20260905-210810-m5p-timeline,lc128kz,longctx-zipf,tiara_sym_l2,103,89228,CPU
20260905-210810-m5p-timeline,lc128kz,longctx-zipf,tiara_sym_l2,103,89402,CPU
20260905-210810-m5p-timeline,lc128kz,longctx-zipf,tiara_sym_l2,103,89576,CPU
20260905-210810-m5p-timeline,lc128kz,longctx-zipf,tiara_sym_l2,103,89750,CPU
20260905-210810-m5p-timeline,lc128kz,longctx-zipf,tiara_sym_l2,103,89924,CPU
20260905-210810-m5p-timeline,lc128kz,longctx-zipf,tiara_sym_l2,103,90098,SSD
20260905-210810-m5p-timeline,lc128kz,longctx-zipf,tiara_sym_l2,104,81920,GPU
20260905-210810-m5p-timeline,lc128kz,longctx-zipf,tiara_sym_l2,104,82094,GPU
20260905-210810-m5p-timeline,lc128kz,longctx-zipf,tiara_sym_l2,104,82268,GPU
20260905-210810-m5p-timeline,lc128kz,longctx-zipf,tiara_sym_l2,104,82442,GPU
20260905-210810-m5p-timeline,lc128kz,longctx-zipf,tiara_sym_l2,104,82616,GPU
20260905-210810-m5p-timeline,lc128kz,longctx-zipf,tiara_sym_l2,104,82790,GPU
20260905-210810-m5p-timeline,lc128kz,longctx-zipf,tiara_sym_l2,104,82964,GPU
20260905-210810-m5p-timeline,lc128kz,longctx-zipf,tiara_sym_l2,104,83138,GPU
20260905-210810-m5p-timeline,lc128kz,longctx-zipf,tiara_sym_l2,104,83312,GPU
20260905-210810-m5p-timeline,lc128kz,longctx-zipf,tiara_sym_l2,104,83486,GPU
20260905-210810-m5p-timeline,lc128kz,longctx-zipf,tiara_sym_l2,104,83660,GPU
20260905-210810-m5p-timeline,lc128kz,longctx-zipf,tiara_sym_l2,104,83834,GPU
20260905-210810-m5p-timeline,lc128kz,longctx-zipf,tiara_sym_l2,104,84008,GPU
20260905-210810-m5p-timeline,lc128kz,longctx-zipf,tiara_sym_l2,104,84182,GPU
20260905-210810-m5p-timeline,lc128kz,longctx-zipf,tiara_sym_l2,104,84356,GPU
20260905-210810-m5p-timeline,lc128kz,longctx-zipf,tiara_sym_l2,104,84530,GPU
20260905-210810-m5p-timeline,lc128kz,longctx-zipf,tiara_sym_l2,104,84704,GPU
20260905-210810-m5p-timeline,lc128kz,longctx-zipf,tiara_sym_l2,104,84878,GPU
20260905-210810-m5p-timeline,lc128kz,longctx-zipf,tiara_sym_l2,104,85052,GPU
20260905-210810-m5p-timeline,lc128kz,longctx-zipf,tiara_sym_l2,104,85226,GPU
20260905-210810-m5p-timeline,lc128kz,longctx-zipf,tiara_sym_l2,104,85400,GPU
20260905-210810-m5p-timeline,lc128kz,longctx-zipf,tiara_sym_l2,104,85574,GPU
20260905-210810-m5p-timeline,lc128kz,longctx-zipf,tiara_sym_l2,104,85748,GPU
20260905-210810-m5p-timeline,lc128kz,longctx-zipf,tiara_sym_l2,104,85922,GPU
20260905-210810-m5p-timeline,lc128kz,longctx-zipf,tiara_sym_l2,104,86096,GPU
20260905-210810-m5p-timeline,lc128kz,longctx-zipf,tiara_sym_l2,104,86270,GPU
20260905-210810-m5p-timeline,lc128kz,longctx-zipf,tiara_sym_l2,104,86444,GPU
20260905-210810-m5p-timeline,lc128kz,longctx-zipf,tiara_sym_l2,104,86618,GPU
20260905-210810-m5p-timeline,lc128kz,longctx-zipf,tiara_sym_l2,104,86792,GPU
20260905-210810-m5p-timeline,lc128kz,longctx-zipf,tiara_sym_l2,104,86966,GPU
20260905-210810-m5p-timeline,lc128kz,longctx-zipf,tiara_sym_l2,104,87140,GPU
20260905-210810-m5p-timeline,lc128kz,longctx-zipf,tiara_sym_l2,104,87314,GPU
20260905-210810-m5p-timeline,lc128kz,longctx-zipf,tiara_sym_l2,104,87488,GPU
20260905-210810-m5p-timeline,lc128kz,longctx-zipf,tiara_sym_l2,104,87662,GPU
20260905-210810-m5p-timeline,lc128kz,longctx-zipf,tiara_sym_l2,104,87836,GPU
20260905-210810-m5p-timeline,lc128kz,longctx-zipf,tiara_sym_l2,104,88010,GPU
20260905-210810-m5p-timeline,lc128kz,longctx-zipf,tiara_sym_l2,104,88184,GPU
20260905-210810-m5p-timeline,lc128kz,longctx-zipf,tiara_sym_l2,104,88358,GPU
20260905-210810-m5p-timeline,lc128kz,longctx-zipf,tiara_sym_l2,104,88532,GPU
20260905-210810-m5p-timeline,lc128kz,longctx-zipf,tiara_sym_l2,104,88706,GPU
20260905-210810-m5p-timeline,lc128kz,longctx-zipf,tiara_sym_l2,104,88880,GPU
20260905-210810-m5p-timeline,lc128kz,longctx-zipf,tiara_sym_l2,104,89054,CPU
20260905-210810-m5p-timeline,lc128kz,longctx-zipf,tiara_sym_l2,104,89228,CPU
20260905-210810-m5p-timeline,lc128kz,longctx-zipf,tiara_sym_l2,104,89402,CPU
20260905-210810-m5p-timeline,lc128kz,longctx-zipf,tiara_sym_l2,104,89576,CPU
20260905-210810-m5p-timeline,lc128kz,longctx-zipf,tiara_sym_l2,104,89750,CPU
20260905-210810-m5p-timeline,lc128kz,longctx-zipf,tiara_sym_l2,104,89924,CPU
20260905-210810-m5p-timeline,lc128kz,longctx-zipf,tiara_sym_l2,104,90098,SSD
20260905-210810-m5p-timeline,lc128kz,longctx-zipf,tiara_sym_l2,105,81920,GPU
20260905-210810-m5p-timeline,lc128kz,longctx-zipf,tiara_sym_l2,105,82094,GPU
20260905-210810-m5p-timeline,lc128kz,longctx-zipf,tiara_sym_l2,105,82268,GPU
20260905-210810-m5p-timeline,lc128kz,longctx-zipf,tiara_sym_l2,105,82442,GPU
20260905-210810-m5p-timeline,lc128kz,longctx-zipf,tiara_sym_l2,105,82616,GPU
20260905-210810-m5p-timeline,lc128kz,longctx-zipf,tiara_sym_l2,105,82790,GPU
20260905-210810-m5p-timeline,lc128kz,longctx-zipf,tiara_sym_l2,105,82964,GPU
20260905-210810-m5p-timeline,lc128kz,longctx-zipf,tiara_sym_l2,105,83138,GPU
20260905-210810-m5p-timeline,lc128kz,longctx-zipf,tiara_sym_l2,105,83312,GPU
20260905-210810-m5p-timeline,lc128kz,longctx-zipf,tiara_sym_l2,105,83486,GPU
20260905-210810-m5p-timeline,lc128kz,longctx-zipf,tiara_sym_l2,105,83660,GPU
20260905-210810-m5p-timeline,lc128kz,longctx-zipf,tiara_sym_l2,105,83834,GPU
20260905-210810-m5p-timeline,lc128kz,longctx-zipf,tiara_sym_l2,105,84008,GPU
20260905-210810-m5p-timeline,lc128kz,longctx-zipf,tiara_sym_l2,105,84182,GPU
20260905-210810-m5p-timeline,lc128kz,longctx-zipf,tiara_sym_l2,105,84356,GPU
20260905-210810-m5p-timeline,lc128kz,longctx-zipf,tiara_sym_l2,105,84530,GPU
20260905-210810-m5p-timeline,lc128kz,longctx-zipf,tiara_sym_l2,105,84704,GPU
20260905-210810-m5p-timeline,lc128kz,longctx-zipf,tiara_sym_l2,105,84878,GPU
20260905-210810-m5p-timeline,lc128kz,longctx-zipf,tiara_sym_l2,105,85052,GPU
20260905-210810-m5p-timeline,lc128kz,longctx-zipf,tiara_sym_l2,105,85226,GPU
20260905-210810-m5p-timeline,lc128kz,longctx-zipf,tiara_sym_l2,105,85400,GPU
20260905-210810-m5p-timeline,lc128kz,longctx-zipf,tiara_sym_l2,105,85574,GPU
20260905-210810-m5p-timeline,lc128kz,longctx-zipf,tiara_sym_l2,105,85748,GPU
20260905-210810-m5p-timeline,lc128kz,longctx-zipf,tiara_sym_l2,105,85922,GPU
20260905-210810-m5p-timeline,lc128kz,longctx-zipf,tiara_sym_l2,105,86096,GPU
20260905-210810-m5p-timeline,lc128kz,longctx-zipf,tiara_sym_l2,105,86270,GPU
20260905-210810-m5p-timeline,lc128kz,longctx-zipf,tiara_sym_l2,105,86444,GPU
20260905-210810-m5p-timeline,lc128kz,longctx-zipf,tiara_sym_l2,105,86618,GPU
20260905-210810-m5p-timeline,lc128kz,longctx-zipf,tiara_sym_l2,105,86792,GPU
20260905-210810-m5p-timeline,lc128kz,longctx-zipf,tiara_sym_l2,105,86966,GPU
20260905-210810-m5p-timeline,lc128kz,longctx-zipf,tiara_sym_l2,105,87140,GPU
20260905-210810-m5p-timeline,lc128kz,longctx-zipf,tiara_sym_l2,105,87314,GPU
20260905-210810-m5p-timeline,lc128kz,longctx-zipf,tiara_sym_l2,105,87488,GPU
20260905-210810-m5p-timeline,lc128kz,longctx-zipf,tiara_sym_l2,105,87662,GPU
20260905-210810-m5p-timeline,lc128kz,longctx-zipf,tiara_sym_l2,105,87836,GPU
20260905-210810-m5p-timeline,lc128kz,longctx-zipf,tiara_sym_l2,105,88010,GPU
20260905-210810-m5p-timeline,lc128kz,longctx-zipf,tiara_sym_l2,105,88184,GPU
20260905-210810-m5p-timeline,lc128kz,longctx-zipf,tiara_sym_l2,105,88358,GPU
20260905-210810-m5p-timeline,lc128kz,longctx-zipf,tiara_sym_l2,105,88532,GPU
20260905-210810-m5p-timeline,lc128kz,longctx-zipf,tiara_sym_l2,105,88706,GPU
20260905-210810-m5p-timeline,lc128kz,longctx-zipf,tiara_sym_l2,105,88880,GPU
20260905-210810-m5p-timeline,lc128kz,longctx-zipf,tiara_sym_l2,105,89054,CPU
20260905-210810-m5p-timeline,lc128kz,longctx-zipf,tiara_sym_l2,105,89228,CPU
20260905-210810-m5p-timeline,lc128kz,longctx-zipf,tiara_sym_l2,105,89402,CPU
20260905-210810-m5p-timeline,lc128kz,longctx-zipf,tiara_sym_l2,105,89576,CPU
20260905-210810-m5p-timeline,lc128kz,longctx-zipf,tiara_sym_l2,105,89750,CPU
20260905-210810-m5p-timeline,lc128kz,longctx-zipf,tiara_sym_l2,105,89924,CPU
20260905-210810-m5p-timeline,lc128kz,longctx-zipf,tiara_sym_l2,105,90098,SSD
20260905-210810-m5p-timeline,lc128kz,longctx-zipf,tiara_sym_l2,106,81920,GPU
20260905-210810-m5p-timeline,lc128kz,longctx-zipf,tiara_sym_l2,106,82094,GPU
20260905-210810-m5p-timeline,lc128kz,longctx-zipf,tiara_sym_l2,106,82268,GPU
20260905-210810-m5p-timeline,lc128kz,longctx-zipf,tiara_sym_l2,106,82442,GPU
20260905-210810-m5p-timeline,lc128kz,longctx-zipf,tiara_sym_l2,106,82616,GPU
20260905-210810-m5p-timeline,lc128kz,longctx-zipf,tiara_sym_l2,106,82790,GPU
20260905-210810-m5p-timeline,lc128kz,longctx-zipf,tiara_sym_l2,106,82964,GPU
20260905-210810-m5p-timeline,lc128kz,longctx-zipf,tiara_sym_l2,106,83138,GPU
20260905-210810-m5p-timeline,lc128kz,longctx-zipf,tiara_sym_l2,106,83312,GPU
20260905-210810-m5p-timeline,lc128kz,longctx-zipf,tiara_sym_l2,106,83486,GPU
20260905-210810-m5p-timeline,lc128kz,longctx-zipf,tiara_sym_l2,106,83660,GPU
20260905-210810-m5p-timeline,lc128kz,longctx-zipf,tiara_sym_l2,106,83834,GPU
20260905-210810-m5p-timeline,lc128kz,longctx-zipf,tiara_sym_l2,106,84008,GPU
20260905-210810-m5p-timeline,lc128kz,longctx-zipf,tiara_sym_l2,106,84182,GPU
20260905-210810-m5p-timeline,lc128kz,longctx-zipf,tiara_sym_l2,106,84356,GPU
20260905-210810-m5p-timeline,lc128kz,longctx-zipf,tiara_sym_l2,106,84530,GPU
20260905-210810-m5p-timeline,lc128kz,longctx-zipf,tiara_sym_l2,106,84704,GPU
20260905-210810-m5p-timeline,lc128kz,longctx-zipf,tiara_sym_l2,106,84878,GPU
20260905-210810-m5p-timeline,lc128kz,longctx-zipf,tiara_sym_l2,106,85052,GPU
20260905-210810-m5p-timeline,lc128kz,longctx-zipf,tiara_sym_l2,106,85226,GPU
20260905-210810-m5p-timeline,lc128kz,longctx-zipf,tiara_sym_l2,106,85400,GPU
20260905-210810-m5p-timeline,lc128kz,longctx-zipf,tiara_sym_l2,106,85574,GPU
20260905-210810-m5p-timeline,lc128kz,longctx-zipf,tiara_sym_l2,106,85748,GPU
20260905-210810-m5p-timeline,lc128kz,longctx-zipf,tiara_sym_l2,106,85922,GPU
20260905-210810-m5p-timeline,lc128kz,longctx-zipf,tiara_sym_l2,106,86096,GPU
20260905-210810-m5p-timeline,lc128kz,longctx-zipf,tiara_sym_l2,106,86270,GPU
20260905-210810-m5p-timeline,lc128kz,longctx-zipf,tiara_sym_l2,106,86444,GPU
20260905-210810-m5p-timeline,lc128kz,longctx-zipf,tiara_sym_l2,106,86618,GPU
20260905-210810-m5p-timeline,lc128kz,longctx-zipf,tiara_sym_l2,106,86792,GPU
20260905-210810-m5p-timeline,lc128kz,longctx-zipf,tiara_sym_l2,106,86966,GPU
20260905-210810-m5p-timeline,lc128kz,longctx-zipf,tiara_sym_l2,106,87140,GPU
20260905-210810-m5p-timeline,lc128kz,longctx-zipf,tiara_sym_l2,106,87314,GPU
20260905-210810-m5p-timeline,lc128kz,longctx-zipf,tiara_sym_l2,106,87488,GPU
20260905-210810-m5p-timeline,lc128kz,longctx-zipf,tiara_sym_l2,106,87662,GPU
20260905-210810-m5p-timeline,lc128kz,longctx-zipf,tiara_sym_l2,106,87836,GPU
20260905-210810-m5p-timeline,lc128kz,longctx-zipf,tiara_sym_l2,106,88010,GPU
20260905-210810-m5p-timeline,lc128kz,longctx-zipf,tiara_sym_l2,106,88184,GPU
20260905-210810-m5p-timeline,lc128kz,longctx-zipf,tiara_sym_l2,106,88358,GPU
20260905-210810-m5p-timeline,lc128kz,longctx-zipf,tiara_sym_l2,106,88532,GPU
20260905-210810-m5p-timeline,lc128kz,longctx-zipf,tiara_sym_l2,106,88706,GPU
20260905-210810-m5p-timeline,lc128kz,longctx-zipf,tiara_sym_l2,106,88880,GPU
20260905-210810-m5p-timeline,lc128kz,longctx-zipf,tiara_sym_l2,106,89054,CPU
20260905-210810-m5p-timeline,lc128kz,longctx-zipf,tiara_sym_l2,106,89228,CPU
20260905-210810-m5p-timeline,lc128kz,longctx-zipf,tiara_sym_l2,106,89402,CPU
20260905-210810-m5p-timeline,lc128kz,longctx-zipf,tiara_sym_l2,106,89576,CPU
20260905-210810-m5p-timeline,lc128kz,longctx-zipf,tiara_sym_l2,106,89750,CPU
20260905-210810-m5p-timeline,lc128kz,longctx-zipf,tiara_sym_l2,106,89924,CPU
20260905-210810-m5p-timeline,lc128kz,longctx-zipf,tiara_sym_l2,106,90098,SSD
20260905-210810-m5p-timeline,lc128kz,longctx-zipf,tiara_sym_l2,107,81920,GPU
20260905-210810-m5p-timeline,lc128kz,longctx-zipf,tiara_sym_l2,107,82094,GPU
20260905-210810-m5p-timeline,lc128kz,longctx-zipf,tiara_sym_l2,107,82268,GPU
20260905-210810-m5p-timeline,lc128kz,longctx-zipf,tiara_sym_l2,107,82442,GPU
20260905-210810-m5p-timeline,lc128kz,longctx-zipf,tiara_sym_l2,107,82616,GPU
20260905-210810-m5p-timeline,lc128kz,longctx-zipf,tiara_sym_l2,107,82790,GPU
20260905-210810-m5p-timeline,lc128kz,longctx-zipf,tiara_sym_l2,107,82964,GPU
20260905-210810-m5p-timeline,lc128kz,longctx-zipf,tiara_sym_l2,107,83138,GPU
20260905-210810-m5p-timeline,lc128kz,longctx-zipf,tiara_sym_l2,107,83312,GPU
20260905-210810-m5p-timeline,lc128kz,longctx-zipf,tiara_sym_l2,107,83486,GPU
20260905-210810-m5p-timeline,lc128kz,longctx-zipf,tiara_sym_l2,107,83660,GPU
20260905-210810-m5p-timeline,lc128kz,longctx-zipf,tiara_sym_l2,107,83834,GPU
20260905-210810-m5p-timeline,lc128kz,longctx-zipf,tiara_sym_l2,107,84008,GPU
20260905-210810-m5p-timeline,lc128kz,longctx-zipf,tiara_sym_l2,107,84182,GPU
20260905-210810-m5p-timeline,lc128kz,longctx-zipf,tiara_sym_l2,107,84356,GPU
20260905-210810-m5p-timeline,lc128kz,longctx-zipf,tiara_sym_l2,107,84530,GPU
20260905-210810-m5p-timeline,lc128kz,longctx-zipf,tiara_sym_l2,107,84704,GPU
20260905-210810-m5p-timeline,lc128kz,longctx-zipf,tiara_sym_l2,107,84878,GPU
20260905-210810-m5p-timeline,lc128kz,longctx-zipf,tiara_sym_l2,107,85052,GPU
20260905-210810-m5p-timeline,lc128kz,longctx-zipf,tiara_sym_l2,107,85226,GPU
20260905-210810-m5p-timeline,lc128kz,longctx-zipf,tiara_sym_l2,107,85400,GPU
20260905-210810-m5p-timeline,lc128kz,longctx-zipf,tiara_sym_l2,107,85574,GPU
20260905-210810-m5p-timeline,lc128kz,longctx-zipf,tiara_sym_l2,107,85748,GPU
20260905-210810-m5p-timeline,lc128kz,longctx-zipf,tiara_sym_l2,107,85922,GPU
20260905-210810-m5p-timeline,lc128kz,longctx-zipf,tiara_sym_l2,107,86096,GPU
20260905-210810-m5p-timeline,lc128kz,longctx-zipf,tiara_sym_l2,107,86270,GPU
20260905-210810-m5p-timeline,lc128kz,longctx-zipf,tiara_sym_l2,107,86444,GPU
20260905-210810-m5p-timeline,lc128kz,longctx-zipf,tiara_sym_l2,107,86618,GPU
20260905-210810-m5p-timeline,lc128kz,longctx-zipf,tiara_sym_l2,107,86792,GPU
20260905-210810-m5p-timeline,lc128kz,longctx-zipf,tiara_sym_l2,107,86966,GPU
20260905-210810-m5p-timeline,lc128kz,longctx-zipf,tiara_sym_l2,107,87140,GPU
20260905-210810-m5p-timeline,lc128kz,longctx-zipf,tiara_sym_l2,107,87314,GPU
20260905-210810-m5p-timeline,lc128kz,longctx-zipf,tiara_sym_l2,107,87488,GPU
20260905-210810-m5p-timeline,lc128kz,longctx-zipf,tiara_sym_l2,107,87662,GPU
20260905-210810-m5p-timeline,lc128kz,longctx-zipf,tiara_sym_l2,107,87836,GPU
20260905-210810-m5p-timeline,lc128kz,longctx-zipf,tiara_sym_l2,107,88010,GPU
20260905-210810-m5p-timeline,lc128kz,longctx-zipf,tiara_sym_l2,107,88184,GPU
20260905-210810-m5p-timeline,lc128kz,longctx-zipf,tiara_sym_l2,107,88358,GPU
20260905-210810-m5p-timeline,lc128kz,longctx-zipf,tiara_sym_l2,107,88532,GPU
20260905-210810-m5p-timeline,lc128kz,longctx-zipf,tiara_sym_l2,107,88706,GPU
20260905-210810-m5p-timeline,lc128kz,longctx-zipf,tiara_sym_l2,107,88880,GPU
20260905-210810-m5p-timeline,lc128kz,longctx-zipf,tiara_sym_l2,107,89054,CPU
20260905-210810-m5p-timeline,lc128kz,longctx-zipf,tiara_sym_l2,107,89228,CPU
20260905-210810-m5p-timeline,lc128kz,longctx-zipf,tiara_sym_l2,107,89402,CPU
20260905-210810-m5p-timeline,lc128kz,longctx-zipf,tiara_sym_l2,107,89576,CPU
20260905-210810-m5p-timeline,lc128kz,longctx-zipf,tiara_sym_l2,107,89750,CPU
20260905-210810-m5p-timeline,lc128kz,longctx-zipf,tiara_sym_l2,107,89924,CPU
20260905-210810-m5p-timeline,lc128kz,longctx-zipf,tiara_sym_l2,107,90098,SSD
20260905-210810-m5p-timeline,lc128kz,longctx-zipf,tiara_sym_l2,108,81920,GPU
20260905-210810-m5p-timeline,lc128kz,longctx-zipf,tiara_sym_l2,108,82094,GPU
20260905-210810-m5p-timeline,lc128kz,longctx-zipf,tiara_sym_l2,108,82268,GPU
20260905-210810-m5p-timeline,lc128kz,longctx-zipf,tiara_sym_l2,108,82442,GPU
20260905-210810-m5p-timeline,lc128kz,longctx-zipf,tiara_sym_l2,108,82616,GPU
20260905-210810-m5p-timeline,lc128kz,longctx-zipf,tiara_sym_l2,108,82790,GPU
20260905-210810-m5p-timeline,lc128kz,longctx-zipf,tiara_sym_l2,108,82964,GPU
20260905-210810-m5p-timeline,lc128kz,longctx-zipf,tiara_sym_l2,108,83138,GPU
20260905-210810-m5p-timeline,lc128kz,longctx-zipf,tiara_sym_l2,108,83312,GPU
20260905-210810-m5p-timeline,lc128kz,longctx-zipf,tiara_sym_l2,108,83486,GPU
20260905-210810-m5p-timeline,lc128kz,longctx-zipf,tiara_sym_l2,108,83660,GPU
20260905-210810-m5p-timeline,lc128kz,longctx-zipf,tiara_sym_l2,108,83834,GPU
20260905-210810-m5p-timeline,lc128kz,longctx-zipf,tiara_sym_l2,108,84008,GPU
20260905-210810-m5p-timeline,lc128kz,longctx-zipf,tiara_sym_l2,108,84182,GPU
20260905-210810-m5p-timeline,lc128kz,longctx-zipf,tiara_sym_l2,108,84356,GPU
20260905-210810-m5p-timeline,lc128kz,longctx-zipf,tiara_sym_l2,108,84530,GPU
20260905-210810-m5p-timeline,lc128kz,longctx-zipf,tiara_sym_l2,108,84704,GPU
20260905-210810-m5p-timeline,lc128kz,longctx-zipf,tiara_sym_l2,108,84878,GPU
20260905-210810-m5p-timeline,lc128kz,longctx-zipf,tiara_sym_l2,108,85052,GPU
20260905-210810-m5p-timeline,lc128kz,longctx-zipf,tiara_sym_l2,108,85226,GPU
20260905-210810-m5p-timeline,lc128kz,longctx-zipf,tiara_sym_l2,108,85400,GPU
20260905-210810-m5p-timeline,lc128kz,longctx-zipf,tiara_sym_l2,108,85574,GPU
20260905-210810-m5p-timeline,lc128kz,longctx-zipf,tiara_sym_l2,108,85748,GPU
20260905-210810-m5p-timeline,lc128kz,longctx-zipf,tiara_sym_l2,108,85922,GPU
20260905-210810-m5p-timeline,lc128kz,longctx-zipf,tiara_sym_l2,108,86096,GPU
20260905-210810-m5p-timeline,lc128kz,longctx-zipf,tiara_sym_l2,108,86270,GPU
20260905-210810-m5p-timeline,lc128kz,longctx-zipf,tiara_sym_l2,108,86444,GPU
20260905-210810-m5p-timeline,lc128kz,longctx-zipf,tiara_sym_l2,108,86618,GPU
20260905-210810-m5p-timeline,lc128kz,longctx-zipf,tiara_sym_l2,108,86792,GPU
20260905-210810-m5p-timeline,lc128kz,longctx-zipf,tiara_sym_l2,108,86966,GPU
20260905-210810-m5p-timeline,lc128kz,longctx-zipf,tiara_sym_l2,108,87140,GPU
20260905-210810-m5p-timeline,lc128kz,longctx-zipf,tiara_sym_l2,108,87314,GPU
20260905-210810-m5p-timeline,lc128kz,longctx-zipf,tiara_sym_l2,108,87488,GPU
20260905-210810-m5p-timeline,lc128kz,longctx-zipf,tiara_sym_l2,108,87662,GPU
20260905-210810-m5p-timeline,lc128kz,longctx-zipf,tiara_sym_l2,108,87836,GPU
20260905-210810-m5p-timeline,lc128kz,longctx-zipf,tiara_sym_l2,108,88010,GPU
20260905-210810-m5p-timeline,lc128kz,longctx-zipf,tiara_sym_l2,108,88184,GPU
20260905-210810-m5p-timeline,lc128kz,longctx-zipf,tiara_sym_l2,108,88358,GPU
20260905-210810-m5p-timeline,lc128kz,longctx-zipf,tiara_sym_l2,108,88532,GPU
20260905-210810-m5p-timeline,lc128kz,longctx-zipf,tiara_sym_l2,108,88706,GPU
20260905-210810-m5p-timeline,lc128kz,longctx-zipf,tiara_sym_l2,108,88880,GPU
20260905-210810-m5p-timeline,lc128kz,longctx-zipf,tiara_sym_l2,108,89054,CPU
20260905-210810-m5p-timeline,lc128kz,longctx-zipf,tiara_sym_l2,108,89228,CPU
20260905-210810-m5p-timeline,lc128kz,longctx-zipf,tiara_sym_l2,108,89402,CPU
20260905-210810-m5p-timeline,lc128kz,longctx-zipf,tiara_sym_l2,108,89576,CPU
20260905-210810-m5p-timeline,lc128kz,longctx-zipf,tiara_sym_l2,108,89750,CPU
20260905-210810-m5p-timeline,lc128kz,longctx-zipf,tiara_sym_l2,108,89924,CPU
20260905-210810-m5p-timeline,lc128kz,longctx-zipf,tiara_sym_l2,108,90098,SSD
20260905-210810-m5p-timeline,lc128kz,longctx-zipf,tiara_sym_l2,109,81920,GPU
20260905-210810-m5p-timeline,lc128kz,longctx-zipf,tiara_sym_l2,109,82094,GPU
20260905-210810-m5p-timeline,lc128kz,longctx-zipf,tiara_sym_l2,109,82268,GPU
20260905-210810-m5p-timeline,lc128kz,longctx-zipf,tiara_sym_l2,109,82442,GPU
20260905-210810-m5p-timeline,lc128kz,longctx-zipf,tiara_sym_l2,109,82616,GPU
20260905-210810-m5p-timeline,lc128kz,longctx-zipf,tiara_sym_l2,109,82790,GPU
20260905-210810-m5p-timeline,lc128kz,longctx-zipf,tiara_sym_l2,109,82964,GPU
20260905-210810-m5p-timeline,lc128kz,longctx-zipf,tiara_sym_l2,109,83138,GPU
20260905-210810-m5p-timeline,lc128kz,longctx-zipf,tiara_sym_l2,109,83312,GPU
20260905-210810-m5p-timeline,lc128kz,longctx-zipf,tiara_sym_l2,109,83486,GPU
20260905-210810-m5p-timeline,lc128kz,longctx-zipf,tiara_sym_l2,109,83660,GPU
20260905-210810-m5p-timeline,lc128kz,longctx-zipf,tiara_sym_l2,109,83834,GPU
20260905-210810-m5p-timeline,lc128kz,longctx-zipf,tiara_sym_l2,109,84008,GPU
20260905-210810-m5p-timeline,lc128kz,longctx-zipf,tiara_sym_l2,109,84182,GPU
20260905-210810-m5p-timeline,lc128kz,longctx-zipf,tiara_sym_l2,109,84356,GPU
20260905-210810-m5p-timeline,lc128kz,longctx-zipf,tiara_sym_l2,109,84530,GPU
20260905-210810-m5p-timeline,lc128kz,longctx-zipf,tiara_sym_l2,109,84704,GPU
20260905-210810-m5p-timeline,lc128kz,longctx-zipf,tiara_sym_l2,109,84878,GPU
20260905-210810-m5p-timeline,lc128kz,longctx-zipf,tiara_sym_l2,109,85052,GPU
20260905-210810-m5p-timeline,lc128kz,longctx-zipf,tiara_sym_l2,109,85226,GPU
20260905-210810-m5p-timeline,lc128kz,longctx-zipf,tiara_sym_l2,109,85400,GPU
20260905-210810-m5p-timeline,lc128kz,longctx-zipf,tiara_sym_l2,109,85574,GPU
20260905-210810-m5p-timeline,lc128kz,longctx-zipf,tiara_sym_l2,109,85748,GPU
20260905-210810-m5p-timeline,lc128kz,longctx-zipf,tiara_sym_l2,109,85922,GPU
20260905-210810-m5p-timeline,lc128kz,longctx-zipf,tiara_sym_l2,109,86096,GPU
20260905-210810-m5p-timeline,lc128kz,longctx-zipf,tiara_sym_l2,109,86270,GPU
20260905-210810-m5p-timeline,lc128kz,longctx-zipf,tiara_sym_l2,109,86444,GPU
20260905-210810-m5p-timeline,lc128kz,longctx-zipf,tiara_sym_l2,109,86618,GPU
20260905-210810-m5p-timeline,lc128kz,longctx-zipf,tiara_sym_l2,109,86792,GPU
20260905-210810-m5p-timeline,lc128kz,longctx-zipf,tiara_sym_l2,109,86966,GPU
20260905-210810-m5p-timeline,lc128kz,longctx-zipf,tiara_sym_l2,109,87140,GPU
20260905-210810-m5p-timeline,lc128kz,longctx-zipf,tiara_sym_l2,109,87314,GPU
20260905-210810-m5p-timeline,lc128kz,longctx-zipf,tiara_sym_l2,109,87488,GPU
20260905-210810-m5p-timeline,lc128kz,longctx-zipf,tiara_sym_l2,109,87662,GPU
20260905-210810-m5p-timeline,lc128kz,longctx-zipf,tiara_sym_l2,109,87836,GPU
20260905-210810-m5p-timeline,lc128kz,longctx-zipf,tiara_sym_l2,109,88010,GPU
20260905-210810-m5p-timeline,lc128kz,longctx-zipf,tiara_sym_l2,109,88184,GPU
20260905-210810-m5p-timeline,lc128kz,longctx-zipf,tiara_sym_l2,109,88358,GPU
20260905-210810-m5p-timeline,lc128kz,longctx-zipf,tiara_sym_l2,109,88532,GPU
20260905-210810-m5p-timeline,lc128kz,longctx-zipf,tiara_sym_l2,109,88706,GPU
20260905-210810-m5p-timeline,lc128kz,longctx-zipf,tiara_sym_l2,109,88880,GPU
20260905-210810-m5p-timeline,lc128kz,longctx-zipf,tiara_sym_l2,109,89054,CPU
20260905-210810-m5p-timeline,lc128kz,longctx-zipf,tiara_sym_l2,109,89228,CPU
20260905-210810-m5p-timeline,lc128kz,longctx-zipf,tiara_sym_l2,109,89402,CPU
20260905-210810-m5p-timeline,lc128kz,longctx-zipf,tiara_sym_l2,109,89576,CPU
20260905-210810-m5p-timeline,lc128kz,longctx-zipf,tiara_sym_l2,109,89750,CPU
20260905-210810-m5p-timeline,lc128kz,longctx-zipf,tiara_sym_l2,109,89924,CPU
20260905-210810-m5p-timeline,lc128kz,longctx-zipf,tiara_sym_l2,109,90098,SSD
20260905-210810-m5p-timeline,lc128kz,longctx-zipf,tiara_sym_l2,110,81920,GPU
20260905-210810-m5p-timeline,lc128kz,longctx-zipf,tiara_sym_l2,110,82094,GPU
20260905-210810-m5p-timeline,lc128kz,longctx-zipf,tiara_sym_l2,110,82268,GPU
20260905-210810-m5p-timeline,lc128kz,longctx-zipf,tiara_sym_l2,110,82442,GPU
20260905-210810-m5p-timeline,lc128kz,longctx-zipf,tiara_sym_l2,110,82616,GPU
20260905-210810-m5p-timeline,lc128kz,longctx-zipf,tiara_sym_l2,110,82790,GPU
20260905-210810-m5p-timeline,lc128kz,longctx-zipf,tiara_sym_l2,110,82964,GPU
20260905-210810-m5p-timeline,lc128kz,longctx-zipf,tiara_sym_l2,110,83138,GPU
20260905-210810-m5p-timeline,lc128kz,longctx-zipf,tiara_sym_l2,110,83312,GPU
20260905-210810-m5p-timeline,lc128kz,longctx-zipf,tiara_sym_l2,110,83486,GPU
20260905-210810-m5p-timeline,lc128kz,longctx-zipf,tiara_sym_l2,110,83660,GPU
20260905-210810-m5p-timeline,lc128kz,longctx-zipf,tiara_sym_l2,110,83834,GPU
20260905-210810-m5p-timeline,lc128kz,longctx-zipf,tiara_sym_l2,110,84008,GPU
20260905-210810-m5p-timeline,lc128kz,longctx-zipf,tiara_sym_l2,110,84182,GPU
20260905-210810-m5p-timeline,lc128kz,longctx-zipf,tiara_sym_l2,110,84356,GPU
20260905-210810-m5p-timeline,lc128kz,longctx-zipf,tiara_sym_l2,110,84530,GPU
20260905-210810-m5p-timeline,lc128kz,longctx-zipf,tiara_sym_l2,110,84704,GPU
20260905-210810-m5p-timeline,lc128kz,longctx-zipf,tiara_sym_l2,110,84878,GPU
20260905-210810-m5p-timeline,lc128kz,longctx-zipf,tiara_sym_l2,110,85052,GPU
20260905-210810-m5p-timeline,lc128kz,longctx-zipf,tiara_sym_l2,110,85226,GPU
20260905-210810-m5p-timeline,lc128kz,longctx-zipf,tiara_sym_l2,110,85400,GPU
20260905-210810-m5p-timeline,lc128kz,longctx-zipf,tiara_sym_l2,110,85574,GPU
20260905-210810-m5p-timeline,lc128kz,longctx-zipf,tiara_sym_l2,110,85748,GPU
20260905-210810-m5p-timeline,lc128kz,longctx-zipf,tiara_sym_l2,110,85922,GPU
20260905-210810-m5p-timeline,lc128kz,longctx-zipf,tiara_sym_l2,110,86096,GPU
20260905-210810-m5p-timeline,lc128kz,longctx-zipf,tiara_sym_l2,110,86270,GPU
20260905-210810-m5p-timeline,lc128kz,longctx-zipf,tiara_sym_l2,110,86444,GPU
20260905-210810-m5p-timeline,lc128kz,longctx-zipf,tiara_sym_l2,110,86618,GPU
20260905-210810-m5p-timeline,lc128kz,longctx-zipf,tiara_sym_l2,110,86792,GPU
20260905-210810-m5p-timeline,lc128kz,longctx-zipf,tiara_sym_l2,110,86966,GPU
20260905-210810-m5p-timeline,lc128kz,longctx-zipf,tiara_sym_l2,110,87140,GPU
20260905-210810-m5p-timeline,lc128kz,longctx-zipf,tiara_sym_l2,110,87314,GPU
20260905-210810-m5p-timeline,lc128kz,longctx-zipf,tiara_sym_l2,110,87488,GPU
20260905-210810-m5p-timeline,lc128kz,longctx-zipf,tiara_sym_l2,110,87662,GPU
20260905-210810-m5p-timeline,lc128kz,longctx-zipf,tiara_sym_l2,110,87836,GPU
20260905-210810-m5p-timeline,lc128kz,longctx-zipf,tiara_sym_l2,110,88010,GPU
20260905-210810-m5p-timeline,lc128kz,longctx-zipf,tiara_sym_l2,110,88184,GPU
20260905-210810-m5p-timeline,lc128kz,longctx-zipf,tiara_sym_l2,110,88358,GPU
20260905-210810-m5p-timeline,lc128kz,longctx-zipf,tiara_sym_l2,110,88532,GPU
20260905-210810-m5p-timeline,lc128kz,longctx-zipf,tiara_sym_l2,110,88706,GPU
20260905-210810-m5p-timeline,lc128kz,longctx-zipf,tiara_sym_l2,110,88880,GPU
20260905-210810-m5p-timeline,lc128kz,longctx-zipf,tiara_sym_l2,110,89054,CPU
20260905-210810-m5p-timeline,lc128kz,longctx-zipf,tiara_sym_l2,110,89228,CPU
20260905-210810-m5p-timeline,lc128kz,longctx-zipf,tiara_sym_l2,110,89402,CPU
20260905-210810-m5p-timeline,lc128kz,longctx-zipf,tiara_sym_l2,110,89576,CPU
20260905-210810-m5p-timeline,lc128kz,longctx-zipf,tiara_sym_l2,110,89750,CPU
20260905-210810-m5p-timeline,lc128kz,longctx-zipf,tiara_sym_l2,110,89924,CPU
20260905-210810-m5p-timeline,lc128kz,longctx-zipf,tiara_sym_l2,110,90098,SSD
20260905-210810-m5p-timeline,lc128kz,longctx-zipf,tiara_sym_l2,111,81920,GPU
20260905-210810-m5p-timeline,lc128kz,longctx-zipf,tiara_sym_l2,111,82094,GPU
20260905-210810-m5p-timeline,lc128kz,longctx-zipf,tiara_sym_l2,111,82268,GPU
20260905-210810-m5p-timeline,lc128kz,longctx-zipf,tiara_sym_l2,111,82442,GPU
20260905-210810-m5p-timeline,lc128kz,longctx-zipf,tiara_sym_l2,111,82616,GPU
20260905-210810-m5p-timeline,lc128kz,longctx-zipf,tiara_sym_l2,111,82790,GPU
20260905-210810-m5p-timeline,lc128kz,longctx-zipf,tiara_sym_l2,111,82964,GPU
20260905-210810-m5p-timeline,lc128kz,longctx-zipf,tiara_sym_l2,111,83138,GPU
20260905-210810-m5p-timeline,lc128kz,longctx-zipf,tiara_sym_l2,111,83312,GPU
20260905-210810-m5p-timeline,lc128kz,longctx-zipf,tiara_sym_l2,111,83486,GPU
20260905-210810-m5p-timeline,lc128kz,longctx-zipf,tiara_sym_l2,111,83660,GPU
20260905-210810-m5p-timeline,lc128kz,longctx-zipf,tiara_sym_l2,111,83834,GPU
20260905-210810-m5p-timeline,lc128kz,longctx-zipf,tiara_sym_l2,111,84008,GPU
20260905-210810-m5p-timeline,lc128kz,longctx-zipf,tiara_sym_l2,111,84182,GPU
20260905-210810-m5p-timeline,lc128kz,longctx-zipf,tiara_sym_l2,111,84356,GPU
20260905-210810-m5p-timeline,lc128kz,longctx-zipf,tiara_sym_l2,111,84530,GPU
20260905-210810-m5p-timeline,lc128kz,longctx-zipf,tiara_sym_l2,111,84704,GPU
20260905-210810-m5p-timeline,lc128kz,longctx-zipf,tiara_sym_l2,111,84878,GPU
20260905-210810-m5p-timeline,lc128kz,longctx-zipf,tiara_sym_l2,111,85052,GPU
20260905-210810-m5p-timeline,lc128kz,longctx-zipf,tiara_sym_l2,111,85226,GPU
20260905-210810-m5p-timeline,lc128kz,longctx-zipf,tiara_sym_l2,111,85400,GPU
20260905-210810-m5p-timeline,lc128kz,longctx-zipf,tiara_sym_l2,111,85574,GPU
20260905-210810-m5p-timeline,lc128kz,longctx-zipf,tiara_sym_l2,111,85748,GPU
20260905-210810-m5p-timeline,lc128kz,longctx-zipf,tiara_sym_l2,111,85922,GPU
20260905-210810-m5p-timeline,lc128kz,longctx-zipf,tiara_sym_l2,111,86096,GPU
20260905-210810-m5p-timeline,lc128kz,longctx-zipf,tiara_sym_l2,111,86270,GPU
20260905-210810-m5p-timeline,lc128kz,longctx-zipf,tiara_sym_l2,111,86444,GPU
20260905-210810-m5p-timeline,lc128kz,longctx-zipf,tiara_sym_l2,111,86618,GPU
20260905-210810-m5p-timeline,lc128kz,longctx-zipf,tiara_sym_l2,111,86792,GPU
20260905-210810-m5p-timeline,lc128kz,longctx-zipf,tiara_sym_l2,111,86966,GPU
20260905-210810-m5p-timeline,lc128kz,longctx-zipf,tiara_sym_l2,111,87140,GPU
20260905-210810-m5p-timeline,lc128kz,longctx-zipf,tiara_sym_l2,111,87314,GPU
20260905-210810-m5p-timeline,lc128kz,longctx-zipf,tiara_sym_l2,111,87488,GPU
20260905-210810-m5p-timeline,lc128kz,longctx-zipf,tiara_sym_l2,111,87662,GPU
20260905-210810-m5p-timeline,lc128kz,longctx-zipf,tiara_sym_l2,111,87836,GPU
20260905-210810-m5p-timeline,lc128kz,longctx-zipf,tiara_sym_l2,111,88010,GPU
20260905-210810-m5p-timeline,lc128kz,longctx-zipf,tiara_sym_l2,111,88184,GPU
20260905-210810-m5p-timeline,lc128kz,longctx-zipf,tiara_sym_l2,111,88358,GPU
20260905-210810-m5p-timeline,lc128kz,longctx-zipf,tiara_sym_l2,111,88532,GPU
20260905-210810-m5p-timeline,lc128kz,longctx-zipf,tiara_sym_l2,111,88706,GPU
20260905-210810-m5p-timeline,lc128kz,longctx-zipf,tiara_sym_l2,111,88880,GPU
20260905-210810-m5p-timeline,lc128kz,longctx-zipf,tiara_sym_l2,111,89054,CPU
20260905-210810-m5p-timeline,lc128kz,longctx-zipf,tiara_sym_l2,111,89228,CPU
20260905-210810-m5p-timeline,lc128kz,longctx-zipf,tiara_sym_l2,111,89402,CPU
20260905-210810-m5p-timeline,lc128kz,longctx-zipf,tiara_sym_l2,111,89576,CPU
20260905-210810-m5p-timeline,lc128kz,longctx-zipf,tiara_sym_l2,111,89750,CPU
20260905-210810-m5p-timeline,lc128kz,longctx-zipf,tiara_sym_l2,111,89924,CPU
20260905-210810-m5p-timeline,lc128kz,longctx-zipf,tiara_sym_l2,111,90098,SSD
20260905-210810-m5p-timeline,lc128kz,longctx-zipf,tiara_sym_l2,112,81920,GPU
20260905-210810-m5p-timeline,lc128kz,longctx-zipf,tiara_sym_l2,112,82094,GPU
20260905-210810-m5p-timeline,lc128kz,longctx-zipf,tiara_sym_l2,112,82268,GPU
20260905-210810-m5p-timeline,lc128kz,longctx-zipf,tiara_sym_l2,112,82442,GPU
20260905-210810-m5p-timeline,lc128kz,longctx-zipf,tiara_sym_l2,112,82616,GPU
20260905-210810-m5p-timeline,lc128kz,longctx-zipf,tiara_sym_l2,112,82790,GPU
20260905-210810-m5p-timeline,lc128kz,longctx-zipf,tiara_sym_l2,112,82964,GPU
20260905-210810-m5p-timeline,lc128kz,longctx-zipf,tiara_sym_l2,112,83138,GPU
20260905-210810-m5p-timeline,lc128kz,longctx-zipf,tiara_sym_l2,112,83312,GPU
20260905-210810-m5p-timeline,lc128kz,longctx-zipf,tiara_sym_l2,112,83486,GPU
20260905-210810-m5p-timeline,lc128kz,longctx-zipf,tiara_sym_l2,112,83660,GPU
20260905-210810-m5p-timeline,lc128kz,longctx-zipf,tiara_sym_l2,112,83834,GPU
20260905-210810-m5p-timeline,lc128kz,longctx-zipf,tiara_sym_l2,112,84008,GPU
20260905-210810-m5p-timeline,lc128kz,longctx-zipf,tiara_sym_l2,112,84182,GPU
20260905-210810-m5p-timeline,lc128kz,longctx-zipf,tiara_sym_l2,112,84356,GPU
20260905-210810-m5p-timeline,lc128kz,longctx-zipf,tiara_sym_l2,112,84530,GPU
20260905-210810-m5p-timeline,lc128kz,longctx-zipf,tiara_sym_l2,112,84704,GPU
20260905-210810-m5p-timeline,lc128kz,longctx-zipf,tiara_sym_l2,112,84878,GPU
20260905-210810-m5p-timeline,lc128kz,longctx-zipf,tiara_sym_l2,112,85052,GPU
20260905-210810-m5p-timeline,lc128kz,longctx-zipf,tiara_sym_l2,112,85226,GPU
20260905-210810-m5p-timeline,lc128kz,longctx-zipf,tiara_sym_l2,112,85400,GPU
20260905-210810-m5p-timeline,lc128kz,longctx-zipf,tiara_sym_l2,112,85574,GPU
20260905-210810-m5p-timeline,lc128kz,longctx-zipf,tiara_sym_l2,112,85748,GPU
20260905-210810-m5p-timeline,lc128kz,longctx-zipf,tiara_sym_l2,112,85922,GPU
20260905-210810-m5p-timeline,lc128kz,longctx-zipf,tiara_sym_l2,112,86096,GPU
20260905-210810-m5p-timeline,lc128kz,longctx-zipf,tiara_sym_l2,112,86270,GPU
20260905-210810-m5p-timeline,lc128kz,longctx-zipf,tiara_sym_l2,112,86444,GPU
20260905-210810-m5p-timeline,lc128kz,longctx-zipf,tiara_sym_l2,112,86618,GPU
20260905-210810-m5p-timeline,lc128kz,longctx-zipf,tiara_sym_l2,112,86792,GPU
20260905-210810-m5p-timeline,lc128kz,longctx-zipf,tiara_sym_l2,112,86966,GPU
20260905-210810-m5p-timeline,lc128kz,longctx-zipf,tiara_sym_l2,112,87140,GPU
20260905-210810-m5p-timeline,lc128kz,longctx-zipf,tiara_sym_l2,112,87314,GPU
20260905-210810-m5p-timeline,lc128kz,longctx-zipf,tiara_sym_l2,112,87488,GPU
20260905-210810-m5p-timeline,lc128kz,longctx-zipf,tiara_sym_l2,112,87662,GPU
20260905-210810-m5p-timeline,lc128kz,longctx-zipf,tiara_sym_l2,112,87836,GPU
20260905-210810-m5p-timeline,lc128kz,longctx-zipf,tiara_sym_l2,112,88010,GPU
20260905-210810-m5p-timeline,lc128kz,longctx-zipf,tiara_sym_l2,112,88184,GPU
20260905-210810-m5p-timeline,lc128kz,longctx-zipf,tiara_sym_l2,112,88358,GPU
20260905-210810-m5p-timeline,lc128kz,longctx-zipf,tiara_sym_l2,112,88532,GPU
20260905-210810-m5p-timeline,lc128kz,longctx-zipf,tiara_sym_l2,112,88706,GPU
20260905-210810-m5p-timeline,lc128kz,longctx-zipf,tiara_sym_l2,112,88880,GPU
20260905-210810-m5p-timeline,lc128kz,longctx-zipf,tiara_sym_l2,112,89054,CPU
20260905-210810-m5p-timeline,lc128kz,longctx-zipf,tiara_sym_l2,112,89228,CPU
20260905-210810-m5p-timeline,lc128kz,longctx-zipf,tiara_sym_l2,112,89402,CPU
20260905-210810-m5p-timeline,lc128kz,longctx-zipf,tiara_sym_l2,112,89576,CPU
20260905-210810-m5p-timeline,lc128kz,longctx-zipf,tiara_sym_l2,112,89750,CPU
20260905-210810-m5p-timeline,lc128kz,longctx-zipf,tiara_sym_l2,112,89924,CPU
20260905-210810-m5p-timeline,lc128kz,longctx-zipf,tiara_sym_l2,112,90098,SSD
20260905-210810-m5p-timeline,lc128kz,longctx-zipf,tiara_sym_l2,113,81920,GPU
20260905-210810-m5p-timeline,lc128kz,longctx-zipf,tiara_sym_l2,113,82094,GPU
20260905-210810-m5p-timeline,lc128kz,longctx-zipf,tiara_sym_l2,113,82268,GPU
20260905-210810-m5p-timeline,lc128kz,longctx-zipf,tiara_sym_l2,113,82442,GPU
20260905-210810-m5p-timeline,lc128kz,longctx-zipf,tiara_sym_l2,113,82616,GPU
20260905-210810-m5p-timeline,lc128kz,longctx-zipf,tiara_sym_l2,113,82790,GPU
20260905-210810-m5p-timeline,lc128kz,longctx-zipf,tiara_sym_l2,113,82964,GPU
20260905-210810-m5p-timeline,lc128kz,longctx-zipf,tiara_sym_l2,113,83138,GPU
20260905-210810-m5p-timeline,lc128kz,longctx-zipf,tiara_sym_l2,113,83312,GPU
20260905-210810-m5p-timeline,lc128kz,longctx-zipf,tiara_sym_l2,113,83486,GPU
20260905-210810-m5p-timeline,lc128kz,longctx-zipf,tiara_sym_l2,113,83660,GPU
20260905-210810-m5p-timeline,lc128kz,longctx-zipf,tiara_sym_l2,113,83834,GPU
20260905-210810-m5p-timeline,lc128kz,longctx-zipf,tiara_sym_l2,113,84008,GPU
20260905-210810-m5p-timeline,lc128kz,longctx-zipf,tiara_sym_l2,113,84182,GPU
20260905-210810-m5p-timeline,lc128kz,longctx-zipf,tiara_sym_l2,113,84356,GPU
20260905-210810-m5p-timeline,lc128kz,longctx-zipf,tiara_sym_l2,113,84530,GPU
20260905-210810-m5p-timeline,lc128kz,longctx-zipf,tiara_sym_l2,113,84704,GPU
20260905-210810-m5p-timeline,lc128kz,longctx-zipf,tiara_sym_l2,113,84878,GPU
20260905-210810-m5p-timeline,lc128kz,longctx-zipf,tiara_sym_l2,113,85052,GPU
20260905-210810-m5p-timeline,lc128kz,longctx-zipf,tiara_sym_l2,113,85226,GPU
20260905-210810-m5p-timeline,lc128kz,longctx-zipf,tiara_sym_l2,113,85400,GPU
20260905-210810-m5p-timeline,lc128kz,longctx-zipf,tiara_sym_l2,113,85574,GPU
20260905-210810-m5p-timeline,lc128kz,longctx-zipf,tiara_sym_l2,113,85748,GPU
20260905-210810-m5p-timeline,lc128kz,longctx-zipf,tiara_sym_l2,113,85922,GPU
20260905-210810-m5p-timeline,lc128kz,longctx-zipf,tiara_sym_l2,113,86096,GPU
20260905-210810-m5p-timeline,lc128kz,longctx-zipf,tiara_sym_l2,113,86270,GPU
20260905-210810-m5p-timeline,lc128kz,longctx-zipf,tiara_sym_l2,113,86444,GPU
20260905-210810-m5p-timeline,lc128kz,longctx-zipf,tiara_sym_l2,113,86618,GPU
20260905-210810-m5p-timeline,lc128kz,longctx-zipf,tiara_sym_l2,113,86792,GPU
20260905-210810-m5p-timeline,lc128kz,longctx-zipf,tiara_sym_l2,113,86966,GPU
20260905-210810-m5p-timeline,lc128kz,longctx-zipf,tiara_sym_l2,113,87140,GPU
20260905-210810-m5p-timeline,lc128kz,longctx-zipf,tiara_sym_l2,113,87314,GPU
20260905-210810-m5p-timeline,lc128kz,longctx-zipf,tiara_sym_l2,113,87488,GPU
20260905-210810-m5p-timeline,lc128kz,longctx-zipf,tiara_sym_l2,113,87662,GPU
20260905-210810-m5p-timeline,lc128kz,longctx-zipf,tiara_sym_l2,113,87836,GPU
20260905-210810-m5p-timeline,lc128kz,longctx-zipf,tiara_sym_l2,113,88010,GPU
20260905-210810-m5p-timeline,lc128kz,longctx-zipf,tiara_sym_l2,113,88184,GPU
20260905-210810-m5p-timeline,lc128kz,longctx-zipf,tiara_sym_l2,113,88358,GPU
20260905-210810-m5p-timeline,lc128kz,longctx-zipf,tiara_sym_l2,113,88532,GPU
20260905-210810-m5p-timeline,lc128kz,longctx-zipf,tiara_sym_l2,113,88706,GPU
20260905-210810-m5p-timeline,lc128kz,longctx-zipf,tiara_sym_l2,113,88880,GPU
20260905-210810-m5p-timeline,lc128kz,longctx-zipf,tiara_sym_l2,113,89054,CPU
20260905-210810-m5p-timeline,lc128kz,longctx-zipf,tiara_sym_l2,113,89228,CPU
20260905-210810-m5p-timeline,lc128kz,longctx-zipf,tiara_sym_l2,113,89402,CPU
20260905-210810-m5p-timeline,lc128kz,longctx-zipf,tiara_sym_l2,113,89576,CPU
20260905-210810-m5p-timeline,lc128kz,longctx-zipf,tiara_sym_l2,113,89750,CPU
20260905-210810-m5p-timeline,lc128kz,longctx-zipf,tiara_sym_l2,113,89924,CPU
20260905-210810-m5p-timeline,lc128kz,longctx-zipf,tiara_sym_l2,113,90098,SSD
20260905-210810-m5p-timeline,lc128kz,longctx-zipf,tiara_sym_l2,114,81920,GPU
20260905-210810-m5p-timeline,lc128kz,longctx-zipf,tiara_sym_l2,114,82094,GPU
20260905-210810-m5p-timeline,lc128kz,longctx-zipf,tiara_sym_l2,114,82268,GPU
20260905-210810-m5p-timeline,lc128kz,longctx-zipf,tiara_sym_l2,114,82442,GPU
20260905-210810-m5p-timeline,lc128kz,longctx-zipf,tiara_sym_l2,114,82616,GPU
20260905-210810-m5p-timeline,lc128kz,longctx-zipf,tiara_sym_l2,114,82790,GPU
20260905-210810-m5p-timeline,lc128kz,longctx-zipf,tiara_sym_l2,114,82964,GPU
20260905-210810-m5p-timeline,lc128kz,longctx-zipf,tiara_sym_l2,114,83138,GPU
20260905-210810-m5p-timeline,lc128kz,longctx-zipf,tiara_sym_l2,114,83312,GPU
20260905-210810-m5p-timeline,lc128kz,longctx-zipf,tiara_sym_l2,114,83486,GPU
20260905-210810-m5p-timeline,lc128kz,longctx-zipf,tiara_sym_l2,114,83660,GPU
20260905-210810-m5p-timeline,lc128kz,longctx-zipf,tiara_sym_l2,114,83834,GPU
20260905-210810-m5p-timeline,lc128kz,longctx-zipf,tiara_sym_l2,114,84008,GPU
20260905-210810-m5p-timeline,lc128kz,longctx-zipf,tiara_sym_l2,114,84182,GPU
20260905-210810-m5p-timeline,lc128kz,longctx-zipf,tiara_sym_l2,114,84356,GPU
20260905-210810-m5p-timeline,lc128kz,longctx-zipf,tiara_sym_l2,114,84530,GPU
20260905-210810-m5p-timeline,lc128kz,longctx-zipf,tiara_sym_l2,114,84704,GPU
20260905-210810-m5p-timeline,lc128kz,longctx-zipf,tiara_sym_l2,114,84878,GPU
20260905-210810-m5p-timeline,lc128kz,longctx-zipf,tiara_sym_l2,114,85052,GPU
20260905-210810-m5p-timeline,lc128kz,longctx-zipf,tiara_sym_l2,114,85226,GPU
20260905-210810-m5p-timeline,lc128kz,longctx-zipf,tiara_sym_l2,114,85400,GPU
20260905-210810-m5p-timeline,lc128kz,longctx-zipf,tiara_sym_l2,114,85574,GPU
20260905-210810-m5p-timeline,lc128kz,longctx-zipf,tiara_sym_l2,114,85748,GPU
20260905-210810-m5p-timeline,lc128kz,longctx-zipf,tiara_sym_l2,114,85922,GPU
20260905-210810-m5p-timeline,lc128kz,longctx-zipf,tiara_sym_l2,114,86096,GPU
20260905-210810-m5p-timeline,lc128kz,longctx-zipf,tiara_sym_l2,114,86270,GPU
20260905-210810-m5p-timeline,lc128kz,longctx-zipf,tiara_sym_l2,114,86444,GPU
20260905-210810-m5p-timeline,lc128kz,longctx-zipf,tiara_sym_l2,114,86618,GPU
20260905-210810-m5p-timeline,lc128kz,longctx-zipf,tiara_sym_l2,114,86792,GPU
20260905-210810-m5p-timeline,lc128kz,longctx-zipf,tiara_sym_l2,114,86966,GPU
20260905-210810-m5p-timeline,lc128kz,longctx-zipf,tiara_sym_l2,114,87140,GPU
20260905-210810-m5p-timeline,lc128kz,longctx-zipf,tiara_sym_l2,114,87314,GPU
20260905-210810-m5p-timeline,lc128kz,longctx-zipf,tiara_sym_l2,114,87488,GPU
20260905-210810-m5p-timeline,lc128kz,longctx-zipf,tiara_sym_l2,114,87662,GPU
20260905-210810-m5p-timeline,lc128kz,longctx-zipf,tiara_sym_l2,114,87836,GPU
20260905-210810-m5p-timeline,lc128kz,longctx-zipf,tiara_sym_l2,114,88010,GPU
20260905-210810-m5p-timeline,lc128kz,longctx-zipf,tiara_sym_l2,114,88184,GPU
20260905-210810-m5p-timeline,lc128kz,longctx-zipf,tiara_sym_l2,114,88358,GPU
20260905-210810-m5p-timeline,lc128kz,longctx-zipf,tiara_sym_l2,114,88532,GPU
20260905-210810-m5p-timeline,lc128kz,longctx-zipf,tiara_sym_l2,114,88706,GPU
20260905-210810-m5p-timeline,lc128kz,longctx-zipf,tiara_sym_l2,114,88880,GPU
20260905-210810-m5p-timeline,lc128kz,longctx-zipf,tiara_sym_l2,114,89054,CPU
20260905-210810-m5p-timeline,lc128kz,longctx-zipf,tiara_sym_l2,114,89228,CPU
20260905-210810-m5p-timeline,lc128kz,longctx-zipf,tiara_sym_l2,114,89402,CPU
20260905-210810-m5p-timeline,lc128kz,longctx-zipf,tiara_sym_l2,114,89576,CPU
20260905-210810-m5p-timeline,lc128kz,longctx-zipf,tiara_sym_l2,114,89750,CPU
20260905-210810-m5p-timeline,lc128kz,longctx-zipf,tiara_sym_l2,114,89924,CPU
20260905-210810-m5p-timeline,lc128kz,longctx-zipf,tiara_sym_l2,114,90098,SSD
20260905-210810-m5p-timeline,lc128kz,longctx-zipf,tiara_sym_l2,115,81920,GPU
20260905-210810-m5p-timeline,lc128kz,longctx-zipf,tiara_sym_l2,115,82094,GPU
20260905-210810-m5p-timeline,lc128kz,longctx-zipf,tiara_sym_l2,115,82268,GPU
20260905-210810-m5p-timeline,lc128kz,longctx-zipf,tiara_sym_l2,115,82442,GPU
20260905-210810-m5p-timeline,lc128kz,longctx-zipf,tiara_sym_l2,115,82616,GPU
20260905-210810-m5p-timeline,lc128kz,longctx-zipf,tiara_sym_l2,115,82790,GPU
20260905-210810-m5p-timeline,lc128kz,longctx-zipf,tiara_sym_l2,115,82964,GPU
20260905-210810-m5p-timeline,lc128kz,longctx-zipf,tiara_sym_l2,115,83138,GPU
20260905-210810-m5p-timeline,lc128kz,longctx-zipf,tiara_sym_l2,115,83312,GPU
20260905-210810-m5p-timeline,lc128kz,longctx-zipf,tiara_sym_l2,115,83486,GPU
20260905-210810-m5p-timeline,lc128kz,longctx-zipf,tiara_sym_l2,115,83660,GPU
20260905-210810-m5p-timeline,lc128kz,longctx-zipf,tiara_sym_l2,115,83834,GPU
20260905-210810-m5p-timeline,lc128kz,longctx-zipf,tiara_sym_l2,115,84008,GPU
20260905-210810-m5p-timeline,lc128kz,longctx-zipf,tiara_sym_l2,115,84182,GPU
20260905-210810-m5p-timeline,lc128kz,longctx-zipf,tiara_sym_l2,115,84356,GPU
20260905-210810-m5p-timeline,lc128kz,longctx-zipf,tiara_sym_l2,115,84530,GPU
20260905-210810-m5p-timeline,lc128kz,longctx-zipf,tiara_sym_l2,115,84704,GPU
20260905-210810-m5p-timeline,lc128kz,longctx-zipf,tiara_sym_l2,115,84878,GPU
20260905-210810-m5p-timeline,lc128kz,longctx-zipf,tiara_sym_l2,115,85052,GPU
20260905-210810-m5p-timeline,lc128kz,longctx-zipf,tiara_sym_l2,115,85226,GPU
20260905-210810-m5p-timeline,lc128kz,longctx-zipf,tiara_sym_l2,115,85400,GPU
20260905-210810-m5p-timeline,lc128kz,longctx-zipf,tiara_sym_l2,115,85574,GPU
20260905-210810-m5p-timeline,lc128kz,longctx-zipf,tiara_sym_l2,115,85748,GPU
20260905-210810-m5p-timeline,lc128kz,longctx-zipf,tiara_sym_l2,115,85922,GPU
20260905-210810-m5p-timeline,lc128kz,longctx-zipf,tiara_sym_l2,115,86096,GPU
20260905-210810-m5p-timeline,lc128kz,longctx-zipf,tiara_sym_l2,115,86270,GPU
20260905-210810-m5p-timeline,lc128kz,longctx-zipf,tiara_sym_l2,115,86444,GPU
20260905-210810-m5p-timeline,lc128kz,longctx-zipf,tiara_sym_l2,115,86618,GPU
20260905-210810-m5p-timeline,lc128kz,longctx-zipf,tiara_sym_l2,115,86792,GPU
20260905-210810-m5p-timeline,lc128kz,longctx-zipf,tiara_sym_l2,115,86966,GPU
20260905-210810-m5p-timeline,lc128kz,longctx-zipf,tiara_sym_l2,115,87140,GPU
20260905-210810-m5p-timeline,lc128kz,longctx-zipf,tiara_sym_l2,115,87314,GPU
20260905-210810-m5p-timeline,lc128kz,longctx-zipf,tiara_sym_l2,115,87488,GPU
20260905-210810-m5p-timeline,lc128kz,longctx-zipf,tiara_sym_l2,115,87662,GPU
20260905-210810-m5p-timeline,lc128kz,longctx-zipf,tiara_sym_l2,115,87836,GPU
20260905-210810-m5p-timeline,lc128kz,longctx-zipf,tiara_sym_l2,115,88010,GPU
20260905-210810-m5p-timeline,lc128kz,longctx-zipf,tiara_sym_l2,115,88184,GPU
20260905-210810-m5p-timeline,lc128kz,longctx-zipf,tiara_sym_l2,115,88358,GPU
20260905-210810-m5p-timeline,lc128kz,longctx-zipf,tiara_sym_l2,115,88532,GPU
20260905-210810-m5p-timeline,lc128kz,longctx-zipf,tiara_sym_l2,115,88706,GPU
20260905-210810-m5p-timeline,lc128kz,longctx-zipf,tiara_sym_l2,115,88880,GPU
20260905-210810-m5p-timeline,lc128kz,longctx-zipf,tiara_sym_l2,115,89054,CPU
20260905-210810-m5p-timeline,lc128kz,longctx-zipf,tiara_sym_l2,115,89228,CPU
20260905-210810-m5p-timeline,lc128kz,longctx-zipf,tiara_sym_l2,115,89402,CPU
20260905-210810-m5p-timeline,lc128kz,longctx-zipf,tiara_sym_l2,115,89576,CPU
20260905-210810-m5p-timeline,lc128kz,longctx-zipf,tiara_sym_l2,115,89750,CPU
20260905-210810-m5p-timeline,lc128kz,longctx-zipf,tiara_sym_l2,115,89924,CPU
20260905-210810-m5p-timeline,lc128kz,longctx-zipf,tiara_sym_l2,115,90098,SSD
20260905-210810-m5p-timeline,lc128kz,longctx-zipf,tiara_sym_l2,116,81920,GPU
20260905-210810-m5p-timeline,lc128kz,longctx-zipf,tiara_sym_l2,116,82094,GPU
20260905-210810-m5p-timeline,lc128kz,longctx-zipf,tiara_sym_l2,116,82268,GPU
20260905-210810-m5p-timeline,lc128kz,longctx-zipf,tiara_sym_l2,116,82442,GPU
20260905-210810-m5p-timeline,lc128kz,longctx-zipf,tiara_sym_l2,116,82616,GPU
20260905-210810-m5p-timeline,lc128kz,longctx-zipf,tiara_sym_l2,116,82790,GPU
20260905-210810-m5p-timeline,lc128kz,longctx-zipf,tiara_sym_l2,116,82964,GPU
20260905-210810-m5p-timeline,lc128kz,longctx-zipf,tiara_sym_l2,116,83138,GPU
20260905-210810-m5p-timeline,lc128kz,longctx-zipf,tiara_sym_l2,116,83312,GPU
20260905-210810-m5p-timeline,lc128kz,longctx-zipf,tiara_sym_l2,116,83486,GPU
20260905-210810-m5p-timeline,lc128kz,longctx-zipf,tiara_sym_l2,116,83660,GPU
20260905-210810-m5p-timeline,lc128kz,longctx-zipf,tiara_sym_l2,116,83834,GPU
20260905-210810-m5p-timeline,lc128kz,longctx-zipf,tiara_sym_l2,116,84008,GPU
20260905-210810-m5p-timeline,lc128kz,longctx-zipf,tiara_sym_l2,116,84182,GPU
20260905-210810-m5p-timeline,lc128kz,longctx-zipf,tiara_sym_l2,116,84356,GPU
20260905-210810-m5p-timeline,lc128kz,longctx-zipf,tiara_sym_l2,116,84530,GPU
20260905-210810-m5p-timeline,lc128kz,longctx-zipf,tiara_sym_l2,116,84704,GPU
20260905-210810-m5p-timeline,lc128kz,longctx-zipf,tiara_sym_l2,116,84878,GPU
20260905-210810-m5p-timeline,lc128kz,longctx-zipf,tiara_sym_l2,116,85052,GPU
20260905-210810-m5p-timeline,lc128kz,longctx-zipf,tiara_sym_l2,116,85226,GPU
20260905-210810-m5p-timeline,lc128kz,longctx-zipf,tiara_sym_l2,116,85400,GPU
20260905-210810-m5p-timeline,lc128kz,longctx-zipf,tiara_sym_l2,116,85574,GPU
20260905-210810-m5p-timeline,lc128kz,longctx-zipf,tiara_sym_l2,116,85748,GPU
20260905-210810-m5p-timeline,lc128kz,longctx-zipf,tiara_sym_l2,116,85922,GPU
20260905-210810-m5p-timeline,lc128kz,longctx-zipf,tiara_sym_l2,116,86096,GPU
20260905-210810-m5p-timeline,lc128kz,longctx-zipf,tiara_sym_l2,116,86270,GPU
20260905-210810-m5p-timeline,lc128kz,longctx-zipf,tiara_sym_l2,116,86444,GPU
20260905-210810-m5p-timeline,lc128kz,longctx-zipf,tiara_sym_l2,116,86618,GPU
20260905-210810-m5p-timeline,lc128kz,longctx-zipf,tiara_sym_l2,116,86792,GPU
20260905-210810-m5p-timeline,lc128kz,longctx-zipf,tiara_sym_l2,116,86966,GPU
20260905-210810-m5p-timeline,lc128kz,longctx-zipf,tiara_sym_l2,116,87140,GPU
20260905-210810-m5p-timeline,lc128kz,longctx-zipf,tiara_sym_l2,116,87314,GPU
20260905-210810-m5p-timeline,lc128kz,longctx-zipf,tiara_sym_l2,116,87488,GPU
20260905-210810-m5p-timeline,lc128kz,longctx-zipf,tiara_sym_l2,116,87662,GPU
20260905-210810-m5p-timeline,lc128kz,longctx-zipf,tiara_sym_l2,116,87836,GPU
20260905-210810-m5p-timeline,lc128kz,longctx-zipf,tiara_sym_l2,116,88010,GPU
20260905-210810-m5p-timeline,lc128kz,longctx-zipf,tiara_sym_l2,116,88184,GPU
20260905-210810-m5p-timeline,lc128kz,longctx-zipf,tiara_sym_l2,116,88358,GPU
20260905-210810-m5p-timeline,lc128kz,longctx-zipf,tiara_sym_l2,116,88532,GPU
20260905-210810-m5p-timeline,lc128kz,longctx-zipf,tiara_sym_l2,116,88706,GPU
20260905-210810-m5p-timeline,lc128kz,longctx-zipf,tiara_sym_l2,116,88880,GPU
20260905-210810-m5p-timeline,lc128kz,longctx-zipf,tiara_sym_l2,116,89054,CPU
20260905-210810-m5p-timeline,lc128kz,longctx-zipf,tiara_sym_l2,116,89228,CPU
20260905-210810-m5p-timeline,lc128kz,longctx-zipf,tiara_sym_l2,116,89402,CPU
20260905-210810-m5p-timeline,lc128kz,longctx-zipf,tiara_sym_l2,116,89576,CPU
20260905-210810-m5p-timeline,lc128kz,longctx-zipf,tiara_sym_l2,116,89750,CPU
20260905-210810-m5p-timeline,lc128kz,longctx-zipf,tiara_sym_l2,116,89924,CPU
20260905-210810-m5p-timeline,lc128kz,longctx-zipf,tiara_sym_l2,116,90098,SSD
20260905-210810-m5p-timeline,lc128kz,longctx-zipf,tiara_sym_l2,117,81920,GPU
20260905-210810-m5p-timeline,lc128kz,longctx-zipf,tiara_sym_l2,117,82094,GPU
20260905-210810-m5p-timeline,lc128kz,longctx-zipf,tiara_sym_l2,117,82268,GPU
20260905-210810-m5p-timeline,lc128kz,longctx-zipf,tiara_sym_l2,117,82442,GPU
20260905-210810-m5p-timeline,lc128kz,longctx-zipf,tiara_sym_l2,117,82616,GPU
20260905-210810-m5p-timeline,lc128kz,longctx-zipf,tiara_sym_l2,117,82790,GPU
20260905-210810-m5p-timeline,lc128kz,longctx-zipf,tiara_sym_l2,117,82964,GPU
20260905-210810-m5p-timeline,lc128kz,longctx-zipf,tiara_sym_l2,117,83138,GPU
20260905-210810-m5p-timeline,lc128kz,longctx-zipf,tiara_sym_l2,117,83312,GPU
20260905-210810-m5p-timeline,lc128kz,longctx-zipf,tiara_sym_l2,117,83486,GPU
20260905-210810-m5p-timeline,lc128kz,longctx-zipf,tiara_sym_l2,117,83660,GPU
20260905-210810-m5p-timeline,lc128kz,longctx-zipf,tiara_sym_l2,117,83834,GPU
20260905-210810-m5p-timeline,lc128kz,longctx-zipf,tiara_sym_l2,117,84008,GPU
20260905-210810-m5p-timeline,lc128kz,longctx-zipf,tiara_sym_l2,117,84182,GPU
20260905-210810-m5p-timeline,lc128kz,longctx-zipf,tiara_sym_l2,117,84356,GPU
20260905-210810-m5p-timeline,lc128kz,longctx-zipf,tiara_sym_l2,117,84530,GPU
20260905-210810-m5p-timeline,lc128kz,longctx-zipf,tiara_sym_l2,117,84704,GPU
20260905-210810-m5p-timeline,lc128kz,longctx-zipf,tiara_sym_l2,117,84878,GPU
20260905-210810-m5p-timeline,lc128kz,longctx-zipf,tiara_sym_l2,117,85052,GPU
20260905-210810-m5p-timeline,lc128kz,longctx-zipf,tiara_sym_l2,117,85226,GPU
20260905-210810-m5p-timeline,lc128kz,longctx-zipf,tiara_sym_l2,117,85400,GPU
20260905-210810-m5p-timeline,lc128kz,longctx-zipf,tiara_sym_l2,117,85574,GPU
20260905-210810-m5p-timeline,lc128kz,longctx-zipf,tiara_sym_l2,117,85748,GPU
20260905-210810-m5p-timeline,lc128kz,longctx-zipf,tiara_sym_l2,117,85922,GPU
20260905-210810-m5p-timeline,lc128kz,longctx-zipf,tiara_sym_l2,117,86096,GPU
20260905-210810-m5p-timeline,lc128kz,longctx-zipf,tiara_sym_l2,117,86270,GPU
20260905-210810-m5p-timeline,lc128kz,longctx-zipf,tiara_sym_l2,117,86444,GPU
20260905-210810-m5p-timeline,lc128kz,longctx-zipf,tiara_sym_l2,117,86618,GPU
20260905-210810-m5p-timeline,lc128kz,longctx-zipf,tiara_sym_l2,117,86792,GPU
20260905-210810-m5p-timeline,lc128kz,longctx-zipf,tiara_sym_l2,117,86966,GPU
20260905-210810-m5p-timeline,lc128kz,longctx-zipf,tiara_sym_l2,117,87140,GPU
20260905-210810-m5p-timeline,lc128kz,longctx-zipf,tiara_sym_l2,117,87314,GPU
20260905-210810-m5p-timeline,lc128kz,longctx-zipf,tiara_sym_l2,117,87488,GPU
20260905-210810-m5p-timeline,lc128kz,longctx-zipf,tiara_sym_l2,117,87662,GPU
20260905-210810-m5p-timeline,lc128kz,longctx-zipf,tiara_sym_l2,117,87836,GPU
20260905-210810-m5p-timeline,lc128kz,longctx-zipf,tiara_sym_l2,117,88010,GPU
20260905-210810-m5p-timeline,lc128kz,longctx-zipf,tiara_sym_l2,117,88184,GPU
20260905-210810-m5p-timeline,lc128kz,longctx-zipf,tiara_sym_l2,117,88358,GPU
20260905-210810-m5p-timeline,lc128kz,longctx-zipf,tiara_sym_l2,117,88532,GPU
20260905-210810-m5p-timeline,lc128kz,longctx-zipf,tiara_sym_l2,117,88706,GPU
20260905-210810-m5p-timeline,lc128kz,longctx-zipf,tiara_sym_l2,117,88880,GPU
20260905-210810-m5p-timeline,lc128kz,longctx-zipf,tiara_sym_l2,117,89054,CPU
20260905-210810-m5p-timeline,lc128kz,longctx-zipf,tiara_sym_l2,117,89228,CPU
20260905-210810-m5p-timeline,lc128kz,longctx-zipf,tiara_sym_l2,117,89402,CPU
20260905-210810-m5p-timeline,lc128kz,longctx-zipf,tiara_sym_l2,117,89576,CPU
20260905-210810-m5p-timeline,lc128kz,longctx-zipf,tiara_sym_l2,117,89750,CPU
20260905-210810-m5p-timeline,lc128kz,longctx-zipf,tiara_sym_l2,117,89924,CPU
20260905-210810-m5p-timeline,lc128kz,longctx-zipf,tiara_sym_l2,117,90098,SSD
20260905-210810-m5p-timeline,lc128kz,longctx-zipf,tiara_sym_l2,118,81920,GPU
20260905-210810-m5p-timeline,lc128kz,longctx-zipf,tiara_sym_l2,118,82094,GPU
20260905-210810-m5p-timeline,lc128kz,longctx-zipf,tiara_sym_l2,118,82268,GPU
20260905-210810-m5p-timeline,lc128kz,longctx-zipf,tiara_sym_l2,118,82442,GPU
20260905-210810-m5p-timeline,lc128kz,longctx-zipf,tiara_sym_l2,118,82616,GPU
20260905-210810-m5p-timeline,lc128kz,longctx-zipf,tiara_sym_l2,118,82790,GPU
20260905-210810-m5p-timeline,lc128kz,longctx-zipf,tiara_sym_l2,118,82964,GPU
20260905-210810-m5p-timeline,lc128kz,longctx-zipf,tiara_sym_l2,118,83138,GPU
20260905-210810-m5p-timeline,lc128kz,longctx-zipf,tiara_sym_l2,118,83312,GPU
20260905-210810-m5p-timeline,lc128kz,longctx-zipf,tiara_sym_l2,118,83486,GPU
20260905-210810-m5p-timeline,lc128kz,longctx-zipf,tiara_sym_l2,118,83660,GPU
20260905-210810-m5p-timeline,lc128kz,longctx-zipf,tiara_sym_l2,118,83834,GPU
20260905-210810-m5p-timeline,lc128kz,longctx-zipf,tiara_sym_l2,118,84008,GPU
20260905-210810-m5p-timeline,lc128kz,longctx-zipf,tiara_sym_l2,118,84182,GPU
20260905-210810-m5p-timeline,lc128kz,longctx-zipf,tiara_sym_l2,118,84356,GPU
20260905-210810-m5p-timeline,lc128kz,longctx-zipf,tiara_sym_l2,118,84530,GPU
20260905-210810-m5p-timeline,lc128kz,longctx-zipf,tiara_sym_l2,118,84704,GPU
20260905-210810-m5p-timeline,lc128kz,longctx-zipf,tiara_sym_l2,118,84878,GPU
20260905-210810-m5p-timeline,lc128kz,longctx-zipf,tiara_sym_l2,118,85052,GPU
20260905-210810-m5p-timeline,lc128kz,longctx-zipf,tiara_sym_l2,118,85226,GPU
20260905-210810-m5p-timeline,lc128kz,longctx-zipf,tiara_sym_l2,118,85400,GPU
20260905-210810-m5p-timeline,lc128kz,longctx-zipf,tiara_sym_l2,118,85574,GPU
20260905-210810-m5p-timeline,lc128kz,longctx-zipf,tiara_sym_l2,118,85748,GPU
20260905-210810-m5p-timeline,lc128kz,longctx-zipf,tiara_sym_l2,118,85922,GPU
20260905-210810-m5p-timeline,lc128kz,longctx-zipf,tiara_sym_l2,118,86096,GPU
20260905-210810-m5p-timeline,lc128kz,longctx-zipf,tiara_sym_l2,118,86270,GPU
20260905-210810-m5p-timeline,lc128kz,longctx-zipf,tiara_sym_l2,118,86444,GPU
20260905-210810-m5p-timeline,lc128kz,longctx-zipf,tiara_sym_l2,118,86618,GPU
20260905-210810-m5p-timeline,lc128kz,longctx-zipf,tiara_sym_l2,118,86792,GPU
20260905-210810-m5p-timeline,lc128kz,longctx-zipf,tiara_sym_l2,118,86966,GPU
20260905-210810-m5p-timeline,lc128kz,longctx-zipf,tiara_sym_l2,118,87140,GPU
20260905-210810-m5p-timeline,lc128kz,longctx-zipf,tiara_sym_l2,118,87314,GPU
20260905-210810-m5p-timeline,lc128kz,longctx-zipf,tiara_sym_l2,118,87488,GPU
20260905-210810-m5p-timeline,lc128kz,longctx-zipf,tiara_sym_l2,118,87662,GPU
20260905-210810-m5p-timeline,lc128kz,longctx-zipf,tiara_sym_l2,118,87836,GPU
20260905-210810-m5p-timeline,lc128kz,longctx-zipf,tiara_sym_l2,118,88010,GPU
20260905-210810-m5p-timeline,lc128kz,longctx-zipf,tiara_sym_l2,118,88184,GPU
20260905-210810-m5p-timeline,lc128kz,longctx-zipf,tiara_sym_l2,118,88358,GPU
20260905-210810-m5p-timeline,lc128kz,longctx-zipf,tiara_sym_l2,118,88532,GPU
20260905-210810-m5p-timeline,lc128kz,longctx-zipf,tiara_sym_l2,118,88706,GPU
20260905-210810-m5p-timeline,lc128kz,longctx-zipf,tiara_sym_l2,118,88880,GPU
20260905-210810-m5p-timeline,lc128kz,longctx-zipf,tiara_sym_l2,118,89054,CPU
20260905-210810-m5p-timeline,lc128kz,longctx-zipf,tiara_sym_l2,118,89228,CPU
20260905-210810-m5p-timeline,lc128kz,longctx-zipf,tiara_sym_l2,118,89402,CPU
20260905-210810-m5p-timeline,lc128kz,longctx-zipf,tiara_sym_l2,118,89576,CPU
20260905-210810-m5p-timeline,lc128kz,longctx-zipf,tiara_sym_l2,118,89750,CPU
20260905-210810-m5p-timeline,lc128kz,longctx-zipf,tiara_sym_l2,118,89924,CPU
20260905-210810-m5p-timeline,lc128kz,longctx-zipf,tiara_sym_l2,118,90098,SSD
20260905-210810-m5p-timeline,lc128kz,longctx-zipf,tiara_sym_l2,119,81920,GPU
20260905-210810-m5p-timeline,lc128kz,longctx-zipf,tiara_sym_l2,119,82094,GPU
20260905-210810-m5p-timeline,lc128kz,longctx-zipf,tiara_sym_l2,119,82268,GPU
20260905-210810-m5p-timeline,lc128kz,longctx-zipf,tiara_sym_l2,119,82442,GPU
20260905-210810-m5p-timeline,lc128kz,longctx-zipf,tiara_sym_l2,119,82616,GPU
20260905-210810-m5p-timeline,lc128kz,longctx-zipf,tiara_sym_l2,119,82790,GPU
20260905-210810-m5p-timeline,lc128kz,longctx-zipf,tiara_sym_l2,119,82964,GPU
20260905-210810-m5p-timeline,lc128kz,longctx-zipf,tiara_sym_l2,119,83138,GPU
20260905-210810-m5p-timeline,lc128kz,longctx-zipf,tiara_sym_l2,119,83312,GPU
20260905-210810-m5p-timeline,lc128kz,longctx-zipf,tiara_sym_l2,119,83486,GPU
20260905-210810-m5p-timeline,lc128kz,longctx-zipf,tiara_sym_l2,119,83660,GPU
20260905-210810-m5p-timeline,lc128kz,longctx-zipf,tiara_sym_l2,119,83834,GPU
20260905-210810-m5p-timeline,lc128kz,longctx-zipf,tiara_sym_l2,119,84008,GPU
20260905-210810-m5p-timeline,lc128kz,longctx-zipf,tiara_sym_l2,119,84182,GPU
20260905-210810-m5p-timeline,lc128kz,longctx-zipf,tiara_sym_l2,119,84356,GPU
20260905-210810-m5p-timeline,lc128kz,longctx-zipf,tiara_sym_l2,119,84530,GPU
20260905-210810-m5p-timeline,lc128kz,longctx-zipf,tiara_sym_l2,119,84704,GPU
20260905-210810-m5p-timeline,lc128kz,longctx-zipf,tiara_sym_l2,119,84878,GPU
20260905-210810-m5p-timeline,lc128kz,longctx-zipf,tiara_sym_l2,119,85052,GPU
20260905-210810-m5p-timeline,lc128kz,longctx-zipf,tiara_sym_l2,119,85226,GPU
20260905-210810-m5p-timeline,lc128kz,longctx-zipf,tiara_sym_l2,119,85400,GPU
20260905-210810-m5p-timeline,lc128kz,longctx-zipf,tiara_sym_l2,119,85574,GPU
20260905-210810-m5p-timeline,lc128kz,longctx-zipf,tiara_sym_l2,119,85748,GPU
20260905-210810-m5p-timeline,lc128kz,longctx-zipf,tiara_sym_l2,119,85922,GPU
20260905-210810-m5p-timeline,lc128kz,longctx-zipf,tiara_sym_l2,119,86096,GPU
20260905-210810-m5p-timeline,lc128kz,longctx-zipf,tiara_sym_l2,119,86270,GPU
20260905-210810-m5p-timeline,lc128kz,longctx-zipf,tiara_sym_l2,119,86444,GPU
20260905-210810-m5p-timeline,lc128kz,longctx-zipf,tiara_sym_l2,119,86618,GPU
20260905-210810-m5p-timeline,lc128kz,longctx-zipf,tiara_sym_l2,119,86792,GPU
20260905-210810-m5p-timeline,lc128kz,longctx-zipf,tiara_sym_l2,119,86966,GPU
20260905-210810-m5p-timeline,lc128kz,longctx-zipf,tiara_sym_l2,119,87140,GPU
20260905-210810-m5p-timeline,lc128kz,longctx-zipf,tiara_sym_l2,119,87314,GPU
20260905-210810-m5p-timeline,lc128kz,longctx-zipf,tiara_sym_l2,119,87488,GPU
20260905-210810-m5p-timeline,lc128kz,longctx-zipf,tiara_sym_l2,119,87662,GPU
20260905-210810-m5p-timeline,lc128kz,longctx-zipf,tiara_sym_l2,119,87836,GPU
20260905-210810-m5p-timeline,lc128kz,longctx-zipf,tiara_sym_l2,119,88010,GPU
20260905-210810-m5p-timeline,lc128kz,longctx-zipf,tiara_sym_l2,119,88184,GPU
20260905-210810-m5p-timeline,lc128kz,longctx-zipf,tiara_sym_l2,119,88358,GPU
20260905-210810-m5p-timeline,lc128kz,longctx-zipf,tiara_sym_l2,119,88532,GPU
20260905-210810-m5p-timeline,lc128kz,longctx-zipf,tiara_sym_l2,119,88706,GPU
20260905-210810-m5p-timeline,lc128kz,longctx-zipf,tiara_sym_l2,119,88880,GPU
20260905-210810-m5p-timeline,lc128kz,longctx-zipf,tiara_sym_l2,119,89054,CPU
20260905-210810-m5p-timeline,lc128kz,longctx-zipf,tiara_sym_l2,119,89228,CPU
20260905-210810-m5p-timeline,lc128kz,longctx-zipf,tiara_sym_l2,119,89402,CPU
20260905-210810-m5p-timeline,lc128kz,longctx-zipf,tiara_sym_l2,119,89576,CPU
20260905-210810-m5p-timeline,lc128kz,longctx-zipf,tiara_sym_l2,119,89750,CPU
20260905-210810-m5p-timeline,lc128kz,longctx-zipf,tiara_sym_l2,119,89924,CPU
20260905-210810-m5p-timeline,lc128kz,longctx-zipf,tiara_sym_l2,119,90098,SSD
