run_id,ts,item,chunk_idx,pos_end,rep,ms,cached_tokens,gpu_state,engine
20261009-180549-r1-vllmf2-longalpaca7b,2026-10-09T18:07:12+00:00,raw_incr,0,512,0,27.231,0,idle,vllm
20261009-180549-r1-vllmf2-longalpaca7b,2026-10-09T18:07:12+00:00,overhead,0,512,0,12.245,496,idle,vllm
20261009-180549-r1-vllmf2-longalpaca7b,2026-10-09T18:07:12+00:00,f_chunk,0,512,0,14.987,0,idle,vllm
20261009-180549-r1-vllmf2-longalpaca7b,2026-10-09T18:07:12+00:00,engine_incr,0,512,0,23.681,0,idle,vllm
20261009-180549-r1-vllmf2-longalpaca7b,2026-10-09T18:07:12+00:00,engine_ov,0,512,0,9.708,496,idle,vllm
20261009-180549-r1-vllmf2-longalpaca7b,2026-10-09T18:07:12+00:00,f_engine,0,512,0,13.973,0,idle,vllm
20261009-180549-r1-vllmf2-longalpaca7b,2026-10-09T18:07:12+00:00,raw_incr,1,1024,0,28.115,512,idle,vllm
20261009-180549-r1-vllmf2-longalpaca7b,2026-10-09T18:07:12+00:00,overhead,1,1024,0,15.024,1008,idle,vllm
20261009-180549-r1-vllmf2-longalpaca7b,2026-10-09T18:07:12+00:00,f_chunk,1,1024,0,13.091,512,idle,vllm
20261009-180549-r1-vllmf2-longalpaca7b,2026-10-09T18:07:12+00:00,engine_incr,1,1024,0,24.54,512,idle,vllm
20261009-180549-r1-vllmf2-longalpaca7b,2026-10-09T18:07:12+00:00,engine_ov,1,1024,0,11.236,1008,idle,vllm
20261009-180549-r1-vllmf2-longalpaca7b,2026-10-09T18:07:12+00:00,f_engine,1,1024,0,13.304,512,idle,vllm
20261009-180549-r1-vllmf2-longalpaca7b,2026-10-09T18:07:12+00:00,raw_incr,2,1536,0,31.812,1024,idle,vllm
20261009-180549-r1-vllmf2-longalpaca7b,2026-10-09T18:07:12+00:00,overhead,2,1536,0,17.827,1520,idle,vllm
20261009-180549-r1-vllmf2-longalpaca7b,2026-10-09T18:07:12+00:00,f_chunk,2,1536,0,13.985,1024,idle,vllm
20261009-180549-r1-vllmf2-longalpaca7b,2026-10-09T18:07:12+00:00,engine_incr,2,1536,0,27.115,1024,idle,vllm
20261009-180549-r1-vllmf2-longalpaca7b,2026-10-09T18:07:12+00:00,engine_ov,2,1536,0,13.038,1520,idle,vllm
20261009-180549-r1-vllmf2-longalpaca7b,2026-10-09T18:07:12+00:00,f_engine,2,1536,0,14.077,1024,idle,vllm
20261009-180549-r1-vllmf2-longalpaca7b,2026-10-09T18:07:12+00:00,raw_incr,3,2048,0,34.603,1536,idle,vllm
20261009-180549-r1-vllmf2-longalpaca7b,2026-10-09T18:07:12+00:00,overhead,3,2048,0,20.506,2032,idle,vllm
20261009-180549-r1-vllmf2-longalpaca7b,2026-10-09T18:07:12+00:00,f_chunk,3,2048,0,14.097,1536,idle,vllm
20261009-180549-r1-vllmf2-longalpaca7b,2026-10-09T18:07:12+00:00,engine_incr,3,2048,0,28.764,1536,idle,vllm
20261009-180549-r1-vllmf2-longalpaca7b,2026-10-09T18:07:12+00:00,engine_ov,3,2048,0,14.819,2032,idle,vllm
20261009-180549-r1-vllmf2-longalpaca7b,2026-10-09T18:07:12+00:00,f_engine,3,2048,0,13.945,1536,idle,vllm
20261009-180549-r1-vllmf2-longalpaca7b,2026-10-09T18:07:12+00:00,raw_incr,4,2560,0,38.094,2048,idle,vllm
20261009-180549-r1-vllmf2-longalpaca7b,2026-10-09T18:07:12+00:00,overhead,4,2560,0,23.694,2544,idle,vllm
20261009-180549-r1-vllmf2-longalpaca7b,2026-10-09T18:07:12+00:00,f_chunk,4,2560,0,14.4,2048,idle,vllm
20261009-180549-r1-vllmf2-longalpaca7b,2026-10-09T18:07:12+00:00,engine_incr,4,2560,0,31.298,2048,idle,vllm
20261009-180549-r1-vllmf2-longalpaca7b,2026-10-09T18:07:12+00:00,engine_ov,4,2560,0,17.279,2544,idle,vllm
20261009-180549-r1-vllmf2-longalpaca7b,2026-10-09T18:07:12+00:00,f_engine,4,2560,0,14.019,2048,idle,vllm
20261009-180549-r1-vllmf2-longalpaca7b,2026-10-09T18:07:12+00:00,raw_incr,5,3072,0,41.218,2560,idle,vllm
20261009-180549-r1-vllmf2-longalpaca7b,2026-10-09T18:07:12+00:00,overhead,5,3072,0,27.102,3056,idle,vllm
20261009-180549-r1-vllmf2-longalpaca7b,2026-10-09T18:07:12+00:00,f_chunk,5,3072,0,14.116,2560,idle,vllm
20261009-180549-r1-vllmf2-longalpaca7b,2026-10-09T18:07:12+00:00,engine_incr,5,3072,0,33.337,2560,idle,vllm
20261009-180549-r1-vllmf2-longalpaca7b,2026-10-09T18:07:12+00:00,engine_ov,5,3072,0,19.033,3056,idle,vllm
20261009-180549-r1-vllmf2-longalpaca7b,2026-10-09T18:07:12+00:00,f_engine,5,3072,0,14.305,2560,idle,vllm
20261009-180549-r1-vllmf2-longalpaca7b,2026-10-09T18:07:12+00:00,raw_incr,6,3584,0,44.474,3072,idle,vllm
20261009-180549-r1-vllmf2-longalpaca7b,2026-10-09T18:07:12+00:00,overhead,6,3584,0,29.996,3568,idle,vllm
20261009-180549-r1-vllmf2-longalpaca7b,2026-10-09T18:07:12+00:00,f_chunk,6,3584,0,14.478,3072,idle,vllm
20261009-180549-r1-vllmf2-longalpaca7b,2026-10-09T18:07:12+00:00,engine_incr,6,3584,0,35.291,3072,idle,vllm
20261009-180549-r1-vllmf2-longalpaca7b,2026-10-09T18:07:12+00:00,engine_ov,6,3584,0,21.059,3568,idle,vllm
20261009-180549-r1-vllmf2-longalpaca7b,2026-10-09T18:07:12+00:00,f_engine,6,3584,0,14.232,3072,idle,vllm
20261009-180549-r1-vllmf2-longalpaca7b,2026-10-09T18:07:12+00:00,raw_incr,7,4096,0,47.291,3584,idle,vllm
20261009-180549-r1-vllmf2-longalpaca7b,2026-10-09T18:07:12+00:00,overhead,7,4096,0,33.06,4080,idle,vllm
20261009-180549-r1-vllmf2-longalpaca7b,2026-10-09T18:07:12+00:00,f_chunk,7,4096,0,14.232,3584,idle,vllm
20261009-180549-r1-vllmf2-longalpaca7b,2026-10-09T18:07:12+00:00,engine_incr,7,4096,0,37.145,3584,idle,vllm
20261009-180549-r1-vllmf2-longalpaca7b,2026-10-09T18:07:12+00:00,engine_ov,7,4096,0,23.021,4080,idle,vllm
20261009-180549-r1-vllmf2-longalpaca7b,2026-10-09T18:07:12+00:00,f_engine,7,4096,0,14.124,3584,idle,vllm
20261009-180549-r1-vllmf2-longalpaca7b,2026-10-09T18:07:12+00:00,raw_incr,8,4608,0,50.092,4096,idle,vllm
20261009-180549-r1-vllmf2-longalpaca7b,2026-10-09T18:07:12+00:00,overhead,8,4608,0,35.703,4592,idle,vllm
20261009-180549-r1-vllmf2-longalpaca7b,2026-10-09T18:07:12+00:00,f_chunk,8,4608,0,14.39,4096,idle,vllm
20261009-180549-r1-vllmf2-longalpaca7b,2026-10-09T18:07:12+00:00,engine_incr,8,4608,0,38.863,4096,idle,vllm
20261009-180549-r1-vllmf2-longalpaca7b,2026-10-09T18:07:12+00:00,engine_ov,8,4608,0,24.792,4592,idle,vllm
20261009-180549-r1-vllmf2-longalpaca7b,2026-10-09T18:07:12+00:00,f_engine,8,4608,0,14.071,4096,idle,vllm
20261009-180549-r1-vllmf2-longalpaca7b,2026-10-09T18:07:12+00:00,raw_incr,9,5120,0,52.851,4608,idle,vllm
20261009-180549-r1-vllmf2-longalpaca7b,2026-10-09T18:07:12+00:00,overhead,9,5120,0,39.174,5104,idle,vllm
20261009-180549-r1-vllmf2-longalpaca7b,2026-10-09T18:07:12+00:00,f_chunk,9,5120,0,13.677,4608,idle,vllm
20261009-180549-r1-vllmf2-longalpaca7b,2026-10-09T18:07:12+00:00,engine_incr,9,5120,0,40.689,4608,idle,vllm
20261009-180549-r1-vllmf2-longalpaca7b,2026-10-09T18:07:12+00:00,engine_ov,9,5120,0,27.203,5104,idle,vllm
20261009-180549-r1-vllmf2-longalpaca7b,2026-10-09T18:07:12+00:00,f_engine,9,5120,0,13.486,4608,idle,vllm
20261009-180549-r1-vllmf2-longalpaca7b,2026-10-09T18:07:13+00:00,raw_incr,10,5632,0,56.625,5120,idle,vllm
20261009-180549-r1-vllmf2-longalpaca7b,2026-10-09T18:07:13+00:00,overhead,10,5632,0,42.297,5616,idle,vllm
20261009-180549-r1-vllmf2-longalpaca7b,2026-10-09T18:07:13+00:00,f_chunk,10,5632,0,14.327,5120,idle,vllm
20261009-180549-r1-vllmf2-longalpaca7b,2026-10-09T18:07:13+00:00,engine_incr,10,5632,0,43.448,5120,idle,vllm
20261009-180549-r1-vllmf2-longalpaca7b,2026-10-09T18:07:13+00:00,engine_ov,10,5632,0,29.225,5616,idle,vllm
20261009-180549-r1-vllmf2-longalpaca7b,2026-10-09T18:07:13+00:00,f_engine,10,5632,0,14.223,5120,idle,vllm
20261009-180549-r1-vllmf2-longalpaca7b,2026-10-09T18:07:13+00:00,raw_incr,11,6144,0,59.497,5632,idle,vllm
20261009-180549-r1-vllmf2-longalpaca7b,2026-10-09T18:07:13+00:00,overhead,11,6144,0,45.166,6128,idle,vllm
20261009-180549-r1-vllmf2-longalpaca7b,2026-10-09T18:07:13+00:00,f_chunk,11,6144,0,14.331,5632,idle,vllm
20261009-180549-r1-vllmf2-longalpaca7b,2026-10-09T18:07:13+00:00,engine_incr,11,6144,0,45.247,5632,idle,vllm
20261009-180549-r1-vllmf2-longalpaca7b,2026-10-09T18:07:13+00:00,engine_ov,11,6144,0,31.192,6128,idle,vllm
20261009-180549-r1-vllmf2-longalpaca7b,2026-10-09T18:07:13+00:00,f_engine,11,6144,0,14.055,5632,idle,vllm
20261009-180549-r1-vllmf2-longalpaca7b,2026-10-09T18:07:13+00:00,raw_incr,12,6656,0,62.065,6144,idle,vllm
20261009-180549-r1-vllmf2-longalpaca7b,2026-10-09T18:07:13+00:00,overhead,12,6656,0,47.942,6640,idle,vllm
20261009-180549-r1-vllmf2-longalpaca7b,2026-10-09T18:07:13+00:00,f_chunk,12,6656,0,14.123,6144,idle,vllm
20261009-180549-r1-vllmf2-longalpaca7b,2026-10-09T18:07:13+00:00,engine_incr,12,6656,0,46.916,6144,idle,vllm
20261009-180549-r1-vllmf2-longalpaca7b,2026-10-09T18:07:13+00:00,engine_ov,12,6656,0,32.963,6640,idle,vllm
20261009-180549-r1-vllmf2-longalpaca7b,2026-10-09T18:07:13+00:00,f_engine,12,6656,0,13.952,6144,idle,vllm
20261009-180549-r1-vllmf2-longalpaca7b,2026-10-09T18:07:13+00:00,raw_incr,13,7168,0,65.559,6656,idle,vllm
20261009-180549-r1-vllmf2-longalpaca7b,2026-10-09T18:07:13+00:00,overhead,13,7168,0,51.024,7152,idle,vllm
20261009-180549-r1-vllmf2-longalpaca7b,2026-10-09T18:07:13+00:00,f_chunk,13,7168,0,14.536,6656,idle,vllm
20261009-180549-r1-vllmf2-longalpaca7b,2026-10-09T18:07:13+00:00,engine_incr,13,7168,0,49.106,6656,idle,vllm
20261009-180549-r1-vllmf2-longalpaca7b,2026-10-09T18:07:13+00:00,engine_ov,13,7168,0,34.967,7152,idle,vllm
20261009-180549-r1-vllmf2-longalpaca7b,2026-10-09T18:07:13+00:00,f_engine,13,7168,0,14.139,6656,idle,vllm
20261009-180549-r1-vllmf2-longalpaca7b,2026-10-09T18:07:13+00:00,raw_incr,14,7680,0,67.739,7168,idle,vllm
20261009-180549-r1-vllmf2-longalpaca7b,2026-10-09T18:07:13+00:00,overhead,14,7680,0,54.28,7664,idle,vllm
20261009-180549-r1-vllmf2-longalpaca7b,2026-10-09T18:07:13+00:00,f_chunk,14,7680,0,13.459,7168,idle,vllm
20261009-180549-r1-vllmf2-longalpaca7b,2026-10-09T18:07:13+00:00,engine_incr,14,7680,0,50.709,7168,idle,vllm
20261009-180549-r1-vllmf2-longalpaca7b,2026-10-09T18:07:13+00:00,engine_ov,14,7680,0,36.948,7664,idle,vllm
20261009-180549-r1-vllmf2-longalpaca7b,2026-10-09T18:07:13+00:00,f_engine,14,7680,0,13.762,7168,idle,vllm
20261009-180549-r1-vllmf2-longalpaca7b,2026-10-09T18:07:13+00:00,raw_incr,15,8192,0,71.179,7680,idle,vllm
20261009-180549-r1-vllmf2-longalpaca7b,2026-10-09T18:07:13+00:00,overhead,15,8192,0,56.903,8176,idle,vllm
20261009-180549-r1-vllmf2-longalpaca7b,2026-10-09T18:07:13+00:00,f_chunk,15,8192,0,14.276,7680,idle,vllm
20261009-180549-r1-vllmf2-longalpaca7b,2026-10-09T18:07:13+00:00,engine_incr,15,8192,0,52.89,7680,idle,vllm
20261009-180549-r1-vllmf2-longalpaca7b,2026-10-09T18:07:13+00:00,engine_ov,15,8192,0,38.883,8176,idle,vllm
20261009-180549-r1-vllmf2-longalpaca7b,2026-10-09T18:07:13+00:00,f_engine,15,8192,0,14.007,7680,idle,vllm
20261009-180549-r1-vllmf2-longalpaca7b,2026-10-09T18:07:13+00:00,raw_incr,16,8704,0,73.911,8192,idle,vllm
20261009-180549-r1-vllmf2-longalpaca7b,2026-10-09T18:07:13+00:00,overhead,16,8704,0,59.546,8688,idle,vllm
20261009-180549-r1-vllmf2-longalpaca7b,2026-10-09T18:07:13+00:00,f_chunk,16,8704,0,14.365,8192,idle,vllm
20261009-180549-r1-vllmf2-longalpaca7b,2026-10-09T18:07:13+00:00,engine_incr,16,8704,0,54.599,8192,idle,vllm
20261009-180549-r1-vllmf2-longalpaca7b,2026-10-09T18:07:13+00:00,engine_ov,16,8704,0,40.58,8688,idle,vllm
20261009-180549-r1-vllmf2-longalpaca7b,2026-10-09T18:07:13+00:00,f_engine,16,8704,0,14.019,8192,idle,vllm
20261009-180549-r1-vllmf2-longalpaca7b,2026-10-09T18:07:13+00:00,raw_incr,17,9216,0,76.65,8704,idle,vllm
20261009-180549-r1-vllmf2-longalpaca7b,2026-10-09T18:07:13+00:00,overhead,17,9216,0,62.392,9200,idle,vllm
20261009-180549-r1-vllmf2-longalpaca7b,2026-10-09T18:07:13+00:00,f_chunk,17,9216,0,14.258,8704,idle,vllm
20261009-180549-r1-vllmf2-longalpaca7b,2026-10-09T18:07:13+00:00,engine_incr,17,9216,0,56.444,8704,idle,vllm
20261009-180549-r1-vllmf2-longalpaca7b,2026-10-09T18:07:13+00:00,engine_ov,17,9216,0,42.573,9200,idle,vllm
20261009-180549-r1-vllmf2-longalpaca7b,2026-10-09T18:07:13+00:00,f_engine,17,9216,0,13.872,8704,idle,vllm
20261009-180549-r1-vllmf2-longalpaca7b,2026-10-09T18:07:14+00:00,raw_incr,18,9728,0,79.574,9216,idle,vllm
20261009-180549-r1-vllmf2-longalpaca7b,2026-10-09T18:07:14+00:00,overhead,18,9728,0,65.422,9712,idle,vllm
20261009-180549-r1-vllmf2-longalpaca7b,2026-10-09T18:07:14+00:00,f_chunk,18,9728,0,14.151,9216,idle,vllm
20261009-180549-r1-vllmf2-longalpaca7b,2026-10-09T18:07:14+00:00,engine_incr,18,9728,0,58.265,9216,idle,vllm
20261009-180549-r1-vllmf2-longalpaca7b,2026-10-09T18:07:14+00:00,engine_ov,18,9728,0,44.549,9712,idle,vllm
20261009-180549-r1-vllmf2-longalpaca7b,2026-10-09T18:07:14+00:00,f_engine,18,9728,0,13.716,9216,idle,vllm
20261009-180549-r1-vllmf2-longalpaca7b,2026-10-09T18:07:14+00:00,raw_incr,19,10240,0,81.94,9728,idle,vllm
20261009-180549-r1-vllmf2-longalpaca7b,2026-10-09T18:07:14+00:00,overhead,19,10240,0,68.179,10224,idle,vllm
20261009-180549-r1-vllmf2-longalpaca7b,2026-10-09T18:07:14+00:00,f_chunk,19,10240,0,13.761,9728,idle,vllm
20261009-180549-r1-vllmf2-longalpaca7b,2026-10-09T18:07:14+00:00,engine_incr,19,10240,0,60.258,9728,idle,vllm
20261009-180549-r1-vllmf2-longalpaca7b,2026-10-09T18:07:14+00:00,engine_ov,19,10240,0,46.333,10224,idle,vllm
20261009-180549-r1-vllmf2-longalpaca7b,2026-10-09T18:07:14+00:00,f_engine,19,10240,0,13.925,9728,idle,vllm
20261009-180549-r1-vllmf2-longalpaca7b,2026-10-09T18:07:14+00:00,raw_incr,20,10752,0,85.392,10240,idle,vllm
20261009-180549-r1-vllmf2-longalpaca7b,2026-10-09T18:07:14+00:00,overhead,20,10752,0,71.097,10736,idle,vllm
20261009-180549-r1-vllmf2-longalpaca7b,2026-10-09T18:07:14+00:00,f_chunk,20,10752,0,14.295,10240,idle,vllm
20261009-180549-r1-vllmf2-longalpaca7b,2026-10-09T18:07:14+00:00,engine_incr,20,10752,0,62.423,10240,idle,vllm
20261009-180549-r1-vllmf2-longalpaca7b,2026-10-09T18:07:14+00:00,engine_ov,20,10752,0,48.292,10736,idle,vllm
20261009-180549-r1-vllmf2-longalpaca7b,2026-10-09T18:07:14+00:00,f_engine,20,10752,0,14.132,10240,idle,vllm
20261009-180549-r1-vllmf2-longalpaca7b,2026-10-09T18:07:14+00:00,raw_incr,21,11264,0,88.288,10752,idle,vllm
20261009-180549-r1-vllmf2-longalpaca7b,2026-10-09T18:07:14+00:00,overhead,21,11264,0,73.511,11248,idle,vllm
20261009-180549-r1-vllmf2-longalpaca7b,2026-10-09T18:07:14+00:00,f_chunk,21,11264,0,14.777,10752,idle,vllm
20261009-180549-r1-vllmf2-longalpaca7b,2026-10-09T18:07:14+00:00,engine_incr,21,11264,0,64.052,10752,idle,vllm
20261009-180549-r1-vllmf2-longalpaca7b,2026-10-09T18:07:14+00:00,engine_ov,21,11264,0,49.929,11248,idle,vllm
20261009-180549-r1-vllmf2-longalpaca7b,2026-10-09T18:07:14+00:00,f_engine,21,11264,0,14.122,10752,idle,vllm
20261009-180549-r1-vllmf2-longalpaca7b,2026-10-09T18:07:14+00:00,raw_incr,22,11776,0,91.32,11264,idle,vllm
20261009-180549-r1-vllmf2-longalpaca7b,2026-10-09T18:07:14+00:00,overhead,22,11776,0,75.771,11760,idle,vllm
20261009-180549-r1-vllmf2-longalpaca7b,2026-10-09T18:07:14+00:00,f_chunk,22,11776,0,15.55,11264,idle,vllm
20261009-180549-r1-vllmf2-longalpaca7b,2026-10-09T18:07:14+00:00,engine_incr,22,11776,0,66.24,11264,idle,vllm
20261009-180549-r1-vllmf2-longalpaca7b,2026-10-09T18:07:14+00:00,engine_ov,22,11776,0,51.845,11760,idle,vllm
20261009-180549-r1-vllmf2-longalpaca7b,2026-10-09T18:07:14+00:00,f_engine,22,11776,0,14.394,11264,idle,vllm
20261009-180549-r1-vllmf2-longalpaca7b,2026-10-09T18:07:14+00:00,raw_incr,23,12288,0,93.667,11776,idle,vllm
20261009-180549-r1-vllmf2-longalpaca7b,2026-10-09T18:07:14+00:00,overhead,23,12288,0,78.678,12272,idle,vllm
20261009-180549-r1-vllmf2-longalpaca7b,2026-10-09T18:07:14+00:00,f_chunk,23,12288,0,14.989,11776,idle,vllm
20261009-180549-r1-vllmf2-longalpaca7b,2026-10-09T18:07:14+00:00,engine_incr,23,12288,0,67.776,11776,idle,vllm
20261009-180549-r1-vllmf2-longalpaca7b,2026-10-09T18:07:14+00:00,engine_ov,23,12288,0,53.761,12272,idle,vllm
20261009-180549-r1-vllmf2-longalpaca7b,2026-10-09T18:07:14+00:00,f_engine,23,12288,0,14.015,11776,idle,vllm
20261009-180549-r1-vllmf2-longalpaca7b,2026-10-09T18:07:15+00:00,raw_incr,24,12800,0,95.148,12288,idle,vllm
20261009-180549-r1-vllmf2-longalpaca7b,2026-10-09T18:07:15+00:00,overhead,24,12800,0,80.077,12784,idle,vllm
20261009-180549-r1-vllmf2-longalpaca7b,2026-10-09T18:07:15+00:00,f_chunk,24,12800,0,15.071,12288,idle,vllm
20261009-180549-r1-vllmf2-longalpaca7b,2026-10-09T18:07:15+00:00,engine_incr,24,12800,0,69.549,12288,idle,vllm
20261009-180549-r1-vllmf2-longalpaca7b,2026-10-09T18:07:15+00:00,engine_ov,24,12800,0,55.252,12784,idle,vllm
20261009-180549-r1-vllmf2-longalpaca7b,2026-10-09T18:07:15+00:00,f_engine,24,12800,0,14.297,12288,idle,vllm
20261009-180549-r1-vllmf2-longalpaca7b,2026-10-09T18:07:15+00:00,raw_incr,25,13312,0,98.395,12800,idle,vllm
20261009-180549-r1-vllmf2-longalpaca7b,2026-10-09T18:07:15+00:00,overhead,25,13312,0,82.522,13296,idle,vllm
20261009-180549-r1-vllmf2-longalpaca7b,2026-10-09T18:07:15+00:00,f_chunk,25,13312,0,15.873,12800,idle,vllm
20261009-180549-r1-vllmf2-longalpaca7b,2026-10-09T18:07:15+00:00,engine_incr,25,13312,0,71.747,12800,idle,vllm
20261009-180549-r1-vllmf2-longalpaca7b,2026-10-09T18:07:15+00:00,engine_ov,25,13312,0,57.492,13296,idle,vllm
20261009-180549-r1-vllmf2-longalpaca7b,2026-10-09T18:07:15+00:00,f_engine,25,13312,0,14.254,12800,idle,vllm
20261009-180549-r1-vllmf2-longalpaca7b,2026-10-09T18:07:15+00:00,raw_incr,26,13824,0,101.608,13312,idle,vllm
20261009-180549-r1-vllmf2-longalpaca7b,2026-10-09T18:07:15+00:00,overhead,26,13824,0,86.268,13808,idle,vllm
20261009-180549-r1-vllmf2-longalpaca7b,2026-10-09T18:07:15+00:00,f_chunk,26,13824,0,15.34,13312,idle,vllm
20261009-180549-r1-vllmf2-longalpaca7b,2026-10-09T18:07:15+00:00,engine_incr,26,13824,0,73.713,13312,idle,vllm
20261009-180549-r1-vllmf2-longalpaca7b,2026-10-09T18:07:15+00:00,engine_ov,26,13824,0,59.239,13808,idle,vllm
20261009-180549-r1-vllmf2-longalpaca7b,2026-10-09T18:07:15+00:00,f_engine,26,13824,0,14.474,13312,idle,vllm
20261009-180549-r1-vllmf2-longalpaca7b,2026-10-09T18:07:15+00:00,raw_incr,27,14336,0,103.444,13824,idle,vllm
20261009-180549-r1-vllmf2-longalpaca7b,2026-10-09T18:07:15+00:00,overhead,27,14336,0,88.263,14320,idle,vllm
20261009-180549-r1-vllmf2-longalpaca7b,2026-10-09T18:07:15+00:00,f_chunk,27,14336,0,15.181,13824,idle,vllm
20261009-180549-r1-vllmf2-longalpaca7b,2026-10-09T18:07:15+00:00,engine_incr,27,14336,0,75.88,13824,idle,vllm
20261009-180549-r1-vllmf2-longalpaca7b,2026-10-09T18:07:15+00:00,engine_ov,27,14336,0,60.96,14320,idle,vllm
20261009-180549-r1-vllmf2-longalpaca7b,2026-10-09T18:07:15+00:00,f_engine,27,14336,0,14.92,13824,idle,vllm
20261009-180549-r1-vllmf2-longalpaca7b,2026-10-09T18:07:15+00:00,raw_incr,28,14848,0,106.342,14336,idle,vllm
20261009-180549-r1-vllmf2-longalpaca7b,2026-10-09T18:07:15+00:00,overhead,28,14848,0,92.241,14832,idle,vllm
20261009-180549-r1-vllmf2-longalpaca7b,2026-10-09T18:07:15+00:00,f_chunk,28,14848,0,14.102,14336,idle,vllm
20261009-180549-r1-vllmf2-longalpaca7b,2026-10-09T18:07:15+00:00,engine_incr,28,14848,0,77.216,14336,idle,vllm
20261009-180549-r1-vllmf2-longalpaca7b,2026-10-09T18:07:15+00:00,engine_ov,28,14848,0,62.875,14832,idle,vllm
20261009-180549-r1-vllmf2-longalpaca7b,2026-10-09T18:07:15+00:00,f_engine,28,14848,0,14.341,14336,idle,vllm
20261009-180549-r1-vllmf2-longalpaca7b,2026-10-09T18:07:16+00:00,raw_incr,29,15360,0,108.31,14848,idle,vllm
20261009-180549-r1-vllmf2-longalpaca7b,2026-10-09T18:07:16+00:00,overhead,29,15360,0,93.266,15344,idle,vllm
20261009-180549-r1-vllmf2-longalpaca7b,2026-10-09T18:07:16+00:00,f_chunk,29,15360,0,15.044,14848,idle,vllm
20261009-180549-r1-vllmf2-longalpaca7b,2026-10-09T18:07:16+00:00,engine_incr,29,15360,0,79.255,14848,idle,vllm
20261009-180549-r1-vllmf2-longalpaca7b,2026-10-09T18:07:16+00:00,engine_ov,29,15360,0,64.729,15344,idle,vllm
20261009-180549-r1-vllmf2-longalpaca7b,2026-10-09T18:07:16+00:00,f_engine,29,15360,0,14.525,14848,idle,vllm
20261009-180549-r1-vllmf2-longalpaca7b,2026-10-09T18:07:16+00:00,raw_incr,30,15872,0,111.821,15360,idle,vllm
20261009-180549-r1-vllmf2-longalpaca7b,2026-10-09T18:07:16+00:00,overhead,30,15872,0,96.326,15856,idle,vllm
20261009-180549-r1-vllmf2-longalpaca7b,2026-10-09T18:07:16+00:00,f_chunk,30,15872,0,15.495,15360,idle,vllm
20261009-180549-r1-vllmf2-longalpaca7b,2026-10-09T18:07:16+00:00,engine_incr,30,15872,0,81.433,15360,idle,vllm
20261009-180549-r1-vllmf2-longalpaca7b,2026-10-09T18:07:16+00:00,engine_ov,30,15872,0,66.602,15856,idle,vllm
20261009-180549-r1-vllmf2-longalpaca7b,2026-10-09T18:07:16+00:00,f_engine,30,15872,0,14.831,15360,idle,vllm
20261009-180549-r1-vllmf2-longalpaca7b,2026-10-09T18:07:16+00:00,raw_incr,31,16384,0,114.701,15872,idle,vllm
20261009-180549-r1-vllmf2-longalpaca7b,2026-10-09T18:07:16+00:00,overhead,31,16384,0,98.946,16368,idle,vllm
20261009-180549-r1-vllmf2-longalpaca7b,2026-10-09T18:07:16+00:00,f_chunk,31,16384,0,15.755,15872,idle,vllm
20261009-180549-r1-vllmf2-longalpaca7b,2026-10-09T18:07:16+00:00,engine_incr,31,16384,0,83.163,15872,idle,vllm
20261009-180549-r1-vllmf2-longalpaca7b,2026-10-09T18:07:16+00:00,engine_ov,31,16384,0,68.574,16368,idle,vllm
20261009-180549-r1-vllmf2-longalpaca7b,2026-10-09T18:07:16+00:00,f_engine,31,16384,0,14.589,15872,idle,vllm
20261009-180549-r1-vllmf2-longalpaca7b,2026-10-09T18:07:16+00:00,raw_incr,32,16896,0,117.7,16384,idle,vllm
20261009-180549-r1-vllmf2-longalpaca7b,2026-10-09T18:07:16+00:00,overhead,32,16896,0,101.844,16880,idle,vllm
20261009-180549-r1-vllmf2-longalpaca7b,2026-10-09T18:07:16+00:00,f_chunk,32,16896,0,15.856,16384,idle,vllm
20261009-180549-r1-vllmf2-longalpaca7b,2026-10-09T18:07:16+00:00,engine_incr,32,16896,0,85.073,16384,idle,vllm
20261009-180549-r1-vllmf2-longalpaca7b,2026-10-09T18:07:16+00:00,engine_ov,32,16896,0,70.122,16880,idle,vllm
20261009-180549-r1-vllmf2-longalpaca7b,2026-10-09T18:07:16+00:00,f_engine,32,16896,0,14.951,16384,idle,vllm
20261009-180549-r1-vllmf2-longalpaca7b,2026-10-09T18:07:16+00:00,raw_incr,33,17408,0,120.595,16896,idle,vllm
20261009-180549-r1-vllmf2-longalpaca7b,2026-10-09T18:07:16+00:00,overhead,33,17408,0,105.31,17392,idle,vllm
20261009-180549-r1-vllmf2-longalpaca7b,2026-10-09T18:07:16+00:00,f_chunk,33,17408,0,15.286,16896,idle,vllm
20261009-180549-r1-vllmf2-longalpaca7b,2026-10-09T18:07:16+00:00,engine_incr,33,17408,0,86.888,16896,idle,vllm
20261009-180549-r1-vllmf2-longalpaca7b,2026-10-09T18:07:16+00:00,engine_ov,33,17408,0,71.824,17392,idle,vllm
20261009-180549-r1-vllmf2-longalpaca7b,2026-10-09T18:07:16+00:00,f_engine,33,17408,0,15.064,16896,idle,vllm
20261009-180549-r1-vllmf2-longalpaca7b,2026-10-09T18:07:17+00:00,raw_incr,34,17920,0,124.619,17408,idle,vllm
20261009-180549-r1-vllmf2-longalpaca7b,2026-10-09T18:07:17+00:00,overhead,34,17920,0,108.537,17904,idle,vllm
20261009-180549-r1-vllmf2-longalpaca7b,2026-10-09T18:07:17+00:00,f_chunk,34,17920,0,16.082,17408,idle,vllm
20261009-180549-r1-vllmf2-longalpaca7b,2026-10-09T18:07:17+00:00,engine_incr,34,17920,0,88.856,17408,idle,vllm
20261009-180549-r1-vllmf2-longalpaca7b,2026-10-09T18:07:17+00:00,engine_ov,34,17920,0,74.047,17904,idle,vllm
20261009-180549-r1-vllmf2-longalpaca7b,2026-10-09T18:07:17+00:00,f_engine,34,17920,0,14.809,17408,idle,vllm
20261009-180549-r1-vllmf2-longalpaca7b,2026-10-09T18:07:17+00:00,raw_incr,35,18432,0,123.92,17920,idle,vllm
20261009-180549-r1-vllmf2-longalpaca7b,2026-10-09T18:07:17+00:00,overhead,35,18432,0,109.336,18416,idle,vllm
20261009-180549-r1-vllmf2-longalpaca7b,2026-10-09T18:07:17+00:00,f_chunk,35,18432,0,14.584,17920,idle,vllm
20261009-180549-r1-vllmf2-longalpaca7b,2026-10-09T18:07:17+00:00,engine_incr,35,18432,0,90.35,17920,idle,vllm
20261009-180549-r1-vllmf2-longalpaca7b,2026-10-09T18:07:17+00:00,engine_ov,35,18432,0,75.609,18416,idle,vllm
20261009-180549-r1-vllmf2-longalpaca7b,2026-10-09T18:07:17+00:00,f_engine,35,18432,0,14.741,17920,idle,vllm
20261009-180549-r1-vllmf2-longalpaca7b,2026-10-09T18:07:17+00:00,raw_incr,36,18944,0,126.906,18432,idle,vllm
20261009-180549-r1-vllmf2-longalpaca7b,2026-10-09T18:07:17+00:00,overhead,36,18944,0,112.196,18928,idle,vllm
20261009-180549-r1-vllmf2-longalpaca7b,2026-10-09T18:07:17+00:00,f_chunk,36,18944,0,14.71,18432,idle,vllm
20261009-180549-r1-vllmf2-longalpaca7b,2026-10-09T18:07:17+00:00,engine_incr,36,18944,0,92.443,18432,idle,vllm
20261009-180549-r1-vllmf2-longalpaca7b,2026-10-09T18:07:17+00:00,engine_ov,36,18944,0,77.67,18928,idle,vllm
20261009-180549-r1-vllmf2-longalpaca7b,2026-10-09T18:07:17+00:00,f_engine,36,18944,0,14.773,18432,idle,vllm
20261009-180549-r1-vllmf2-longalpaca7b,2026-10-09T18:07:17+00:00,raw_incr,37,19456,0,129.759,18944,idle,vllm
20261009-180549-r1-vllmf2-longalpaca7b,2026-10-09T18:07:17+00:00,overhead,37,19456,0,114.833,19440,idle,vllm
20261009-180549-r1-vllmf2-longalpaca7b,2026-10-09T18:07:17+00:00,f_chunk,37,19456,0,14.927,18944,idle,vllm
20261009-180549-r1-vllmf2-longalpaca7b,2026-10-09T18:07:17+00:00,engine_incr,37,19456,0,94.304,18944,idle,vllm
20261009-180549-r1-vllmf2-longalpaca7b,2026-10-09T18:07:17+00:00,engine_ov,37,19456,0,79.276,19440,idle,vllm
20261009-180549-r1-vllmf2-longalpaca7b,2026-10-09T18:07:17+00:00,f_engine,37,19456,0,15.028,18944,idle,vllm
20261009-180549-r1-vllmf2-longalpaca7b,2026-10-09T18:07:18+00:00,raw_incr,38,19968,0,132.794,19456,idle,vllm
20261009-180549-r1-vllmf2-longalpaca7b,2026-10-09T18:07:18+00:00,overhead,38,19968,0,116.958,19952,idle,vllm
20261009-180549-r1-vllmf2-longalpaca7b,2026-10-09T18:07:18+00:00,f_chunk,38,19968,0,15.836,19456,idle,vllm
20261009-180549-r1-vllmf2-longalpaca7b,2026-10-09T18:07:18+00:00,engine_incr,38,19968,0,96.199,19456,idle,vllm
20261009-180549-r1-vllmf2-longalpaca7b,2026-10-09T18:07:18+00:00,engine_ov,38,19968,0,80.974,19952,idle,vllm
20261009-180549-r1-vllmf2-longalpaca7b,2026-10-09T18:07:18+00:00,f_engine,38,19968,0,15.225,19456,idle,vllm
20261009-180549-r1-vllmf2-longalpaca7b,2026-10-09T18:07:18+00:00,raw_incr,39,20480,0,135.536,19968,idle,vllm
20261009-180549-r1-vllmf2-longalpaca7b,2026-10-09T18:07:18+00:00,overhead,39,20480,0,123.985,20464,idle,vllm
20261009-180549-r1-vllmf2-longalpaca7b,2026-10-09T18:07:18+00:00,f_chunk,39,20480,0,11.551,19968,idle,vllm
20261009-180549-r1-vllmf2-longalpaca7b,2026-10-09T18:07:18+00:00,engine_incr,39,20480,0,98.086,19968,idle,vllm
20261009-180549-r1-vllmf2-longalpaca7b,2026-10-09T18:07:18+00:00,engine_ov,39,20480,0,83.061,20464,idle,vllm
20261009-180549-r1-vllmf2-longalpaca7b,2026-10-09T18:07:18+00:00,f_engine,39,20480,0,15.025,19968,idle,vllm
20261009-180549-r1-vllmf2-longalpaca7b,2026-10-09T18:07:18+00:00,raw_incr,40,20992,0,143.029,20480,idle,vllm
20261009-180549-r1-vllmf2-longalpaca7b,2026-10-09T18:07:18+00:00,overhead,40,20992,0,126.676,20976,idle,vllm
20261009-180549-r1-vllmf2-longalpaca7b,2026-10-09T18:07:18+00:00,f_chunk,40,20992,0,16.352,20480,idle,vllm
20261009-180549-r1-vllmf2-longalpaca7b,2026-10-09T18:07:18+00:00,engine_incr,40,20992,0,99.962,20480,idle,vllm
20261009-180549-r1-vllmf2-longalpaca7b,2026-10-09T18:07:18+00:00,engine_ov,40,20992,0,84.796,20976,idle,vllm
20261009-180549-r1-vllmf2-longalpaca7b,2026-10-09T18:07:18+00:00,f_engine,40,20992,0,15.166,20480,idle,vllm
20261009-180549-r1-vllmf2-longalpaca7b,2026-10-09T18:07:18+00:00,raw_incr,41,21504,0,144.924,20992,idle,vllm
20261009-180549-r1-vllmf2-longalpaca7b,2026-10-09T18:07:18+00:00,overhead,41,21504,0,129.98,21488,idle,vllm
20261009-180549-r1-vllmf2-longalpaca7b,2026-10-09T18:07:18+00:00,f_chunk,41,21504,0,14.944,20992,idle,vllm
20261009-180549-r1-vllmf2-longalpaca7b,2026-10-09T18:07:18+00:00,engine_incr,41,21504,0,101.548,20992,idle,vllm
20261009-180549-r1-vllmf2-longalpaca7b,2026-10-09T18:07:18+00:00,engine_ov,41,21504,0,86.976,21488,idle,vllm
20261009-180549-r1-vllmf2-longalpaca7b,2026-10-09T18:07:18+00:00,f_engine,41,21504,0,14.571,20992,idle,vllm
20261009-180549-r1-vllmf2-longalpaca7b,2026-10-09T18:07:19+00:00,raw_incr,42,22016,0,152.624,21504,idle,vllm
20261009-180549-r1-vllmf2-longalpaca7b,2026-10-09T18:07:19+00:00,overhead,42,22016,0,133.017,22000,idle,vllm
20261009-180549-r1-vllmf2-longalpaca7b,2026-10-09T18:07:19+00:00,f_chunk,42,22016,0,19.607,21504,idle,vllm
20261009-180549-r1-vllmf2-longalpaca7b,2026-10-09T18:07:19+00:00,engine_incr,42,22016,0,103.534,21504,idle,vllm
20261009-180549-r1-vllmf2-longalpaca7b,2026-10-09T18:07:19+00:00,engine_ov,42,22016,0,88.658,22000,idle,vllm
20261009-180549-r1-vllmf2-longalpaca7b,2026-10-09T18:07:19+00:00,f_engine,42,22016,0,14.876,21504,idle,vllm
20261009-180549-r1-vllmf2-longalpaca7b,2026-10-09T18:07:19+00:00,raw_incr,43,22528,0,150.629,22016,idle,vllm
20261009-180549-r1-vllmf2-longalpaca7b,2026-10-09T18:07:19+00:00,overhead,43,22528,0,135.342,22512,idle,vllm
20261009-180549-r1-vllmf2-longalpaca7b,2026-10-09T18:07:19+00:00,f_chunk,43,22528,0,15.287,22016,idle,vllm
20261009-180549-r1-vllmf2-longalpaca7b,2026-10-09T18:07:19+00:00,engine_incr,43,22528,0,105.472,22016,idle,vllm
20261009-180549-r1-vllmf2-longalpaca7b,2026-10-09T18:07:19+00:00,engine_ov,43,22528,0,90.164,22512,idle,vllm
20261009-180549-r1-vllmf2-longalpaca7b,2026-10-09T18:07:19+00:00,f_engine,43,22528,0,15.308,22016,idle,vllm
20261009-180549-r1-vllmf2-longalpaca7b,2026-10-09T18:07:19+00:00,raw_incr,44,23040,0,153.432,22528,idle,vllm
20261009-180549-r1-vllmf2-longalpaca7b,2026-10-09T18:07:19+00:00,overhead,44,23040,0,137.872,23024,idle,vllm
20261009-180549-r1-vllmf2-longalpaca7b,2026-10-09T18:07:19+00:00,f_chunk,44,23040,0,15.559,22528,idle,vllm
20261009-180549-r1-vllmf2-longalpaca7b,2026-10-09T18:07:19+00:00,engine_incr,44,23040,0,107.337,22528,idle,vllm
20261009-180549-r1-vllmf2-longalpaca7b,2026-10-09T18:07:19+00:00,engine_ov,44,23040,0,92.186,23024,idle,vllm
20261009-180549-r1-vllmf2-longalpaca7b,2026-10-09T18:07:19+00:00,f_engine,44,23040,0,15.151,22528,idle,vllm
20261009-180549-r1-vllmf2-longalpaca7b,2026-10-09T18:07:20+00:00,raw_incr,45,23552,0,155.996,23040,idle,vllm
20261009-180549-r1-vllmf2-longalpaca7b,2026-10-09T18:07:20+00:00,overhead,45,23552,0,140.638,23536,idle,vllm
20261009-180549-r1-vllmf2-longalpaca7b,2026-10-09T18:07:20+00:00,f_chunk,45,23552,0,15.358,23040,idle,vllm
20261009-180549-r1-vllmf2-longalpaca7b,2026-10-09T18:07:20+00:00,engine_incr,45,23552,0,108.804,23040,idle,vllm
20261009-180549-r1-vllmf2-longalpaca7b,2026-10-09T18:07:20+00:00,engine_ov,45,23552,0,94.131,23536,idle,vllm
20261009-180549-r1-vllmf2-longalpaca7b,2026-10-09T18:07:20+00:00,f_engine,45,23552,0,14.674,23040,idle,vllm
20261009-180549-r1-vllmf2-longalpaca7b,2026-10-09T18:07:20+00:00,raw_incr,46,24064,0,158.683,23552,idle,vllm
20261009-180549-r1-vllmf2-longalpaca7b,2026-10-09T18:07:20+00:00,overhead,46,24064,0,143.748,24048,idle,vllm
20261009-180549-r1-vllmf2-longalpaca7b,2026-10-09T18:07:20+00:00,f_chunk,46,24064,0,14.935,23552,idle,vllm
20261009-180549-r1-vllmf2-longalpaca7b,2026-10-09T18:07:20+00:00,engine_incr,46,24064,0,111.005,23552,idle,vllm
20261009-180549-r1-vllmf2-longalpaca7b,2026-10-09T18:07:20+00:00,engine_ov,46,24064,0,96.027,24048,idle,vllm
20261009-180549-r1-vllmf2-longalpaca7b,2026-10-09T18:07:20+00:00,f_engine,46,24064,0,14.977,23552,idle,vllm
20261009-180549-r1-vllmf2-longalpaca7b,2026-10-09T18:07:20+00:00,raw_incr,47,24576,0,161.299,24064,idle,vllm
20261009-180549-r1-vllmf2-longalpaca7b,2026-10-09T18:07:20+00:00,overhead,47,24576,0,146.773,24560,idle,vllm
20261009-180549-r1-vllmf2-longalpaca7b,2026-10-09T18:07:20+00:00,f_chunk,47,24576,0,14.526,24064,idle,vllm
20261009-180549-r1-vllmf2-longalpaca7b,2026-10-09T18:07:20+00:00,engine_incr,47,24576,0,112.632,24064,idle,vllm
20261009-180549-r1-vllmf2-longalpaca7b,2026-10-09T18:07:20+00:00,engine_ov,47,24576,0,97.917,24560,idle,vllm
20261009-180549-r1-vllmf2-longalpaca7b,2026-10-09T18:07:20+00:00,f_engine,47,24576,0,14.715,24064,idle,vllm
20261009-180549-r1-vllmf2-longalpaca7b,2026-10-09T18:07:20+00:00,raw_incr,48,25088,0,164.105,24576,idle,vllm
20261009-180549-r1-vllmf2-longalpaca7b,2026-10-09T18:07:20+00:00,overhead,48,25088,0,148.83,25072,idle,vllm
20261009-180549-r1-vllmf2-longalpaca7b,2026-10-09T18:07:20+00:00,f_chunk,48,25088,0,15.275,24576,idle,vllm
20261009-180549-r1-vllmf2-longalpaca7b,2026-10-09T18:07:20+00:00,engine_incr,48,25088,0,114.555,24576,idle,vllm
20261009-180549-r1-vllmf2-longalpaca7b,2026-10-09T18:07:20+00:00,engine_ov,48,25088,0,99.279,25072,idle,vllm
20261009-180549-r1-vllmf2-longalpaca7b,2026-10-09T18:07:20+00:00,f_engine,48,25088,0,15.276,24576,idle,vllm
20261009-180549-r1-vllmf2-longalpaca7b,2026-10-09T18:07:21+00:00,raw_incr,49,25600,0,165.068,25088,idle,vllm
20261009-180549-r1-vllmf2-longalpaca7b,2026-10-09T18:07:21+00:00,overhead,49,25600,0,142.493,25584,idle,vllm
20261009-180549-r1-vllmf2-longalpaca7b,2026-10-09T18:07:21+00:00,f_chunk,49,25600,0,22.574,25088,idle,vllm
20261009-180549-r1-vllmf2-longalpaca7b,2026-10-09T18:07:21+00:00,engine_incr,49,25600,0,116.099,25088,idle,vllm
20261009-180549-r1-vllmf2-longalpaca7b,2026-10-09T18:07:21+00:00,engine_ov,49,25600,0,101.135,25584,idle,vllm
20261009-180549-r1-vllmf2-longalpaca7b,2026-10-09T18:07:21+00:00,f_engine,49,25600,0,14.964,25088,idle,vllm
20261009-180549-r1-vllmf2-longalpaca7b,2026-10-09T18:07:21+00:00,raw_incr,50,26112,0,167.951,25600,idle,vllm
20261009-180549-r1-vllmf2-longalpaca7b,2026-10-09T18:07:21+00:00,overhead,50,26112,0,154.523,26096,idle,vllm
20261009-180549-r1-vllmf2-longalpaca7b,2026-10-09T18:07:21+00:00,f_chunk,50,26112,0,13.428,25600,idle,vllm
20261009-180549-r1-vllmf2-longalpaca7b,2026-10-09T18:07:21+00:00,engine_incr,50,26112,0,118.051,25600,idle,vllm
20261009-180549-r1-vllmf2-longalpaca7b,2026-10-09T18:07:21+00:00,engine_ov,50,26112,0,103.347,26096,idle,vllm
20261009-180549-r1-vllmf2-longalpaca7b,2026-10-09T18:07:21+00:00,f_engine,50,26112,0,14.704,25600,idle,vllm
20261009-180549-r1-vllmf2-longalpaca7b,2026-10-09T18:07:21+00:00,raw_incr,51,26624,0,172.044,26112,idle,vllm
20261009-180549-r1-vllmf2-longalpaca7b,2026-10-09T18:07:21+00:00,overhead,51,26624,0,156.911,26608,idle,vllm
20261009-180549-r1-vllmf2-longalpaca7b,2026-10-09T18:07:21+00:00,f_chunk,51,26624,0,15.133,26112,idle,vllm
20261009-180549-r1-vllmf2-longalpaca7b,2026-10-09T18:07:21+00:00,engine_incr,51,26624,0,120.042,26112,idle,vllm
20261009-180549-r1-vllmf2-longalpaca7b,2026-10-09T18:07:21+00:00,engine_ov,51,26624,0,104.933,26608,idle,vllm
20261009-180549-r1-vllmf2-longalpaca7b,2026-10-09T18:07:21+00:00,f_engine,51,26624,0,15.11,26112,idle,vllm
20261009-180549-r1-vllmf2-longalpaca7b,2026-10-09T18:07:22+00:00,raw_incr,52,27136,0,165.583,26624,idle,vllm
20261009-180549-r1-vllmf2-longalpaca7b,2026-10-09T18:07:22+00:00,overhead,52,27136,0,151.218,27120,idle,vllm
20261009-180549-r1-vllmf2-longalpaca7b,2026-10-09T18:07:22+00:00,f_chunk,52,27136,0,14.365,26624,idle,vllm
20261009-180549-r1-vllmf2-longalpaca7b,2026-10-09T18:07:22+00:00,engine_incr,52,27136,0,122.023,26624,idle,vllm
20261009-180549-r1-vllmf2-longalpaca7b,2026-10-09T18:07:22+00:00,engine_ov,52,27136,0,106.942,27120,idle,vllm
20261009-180549-r1-vllmf2-longalpaca7b,2026-10-09T18:07:22+00:00,f_engine,52,27136,0,15.081,26624,idle,vllm
20261009-180549-r1-vllmf2-longalpaca7b,2026-10-09T18:07:22+00:00,raw_incr,53,27648,0,177.547,27136,idle,vllm
20261009-180549-r1-vllmf2-longalpaca7b,2026-10-09T18:07:22+00:00,overhead,53,27648,0,161.963,27632,idle,vllm
20261009-180549-r1-vllmf2-longalpaca7b,2026-10-09T18:07:22+00:00,f_chunk,53,27648,0,15.585,27136,idle,vllm
20261009-180549-r1-vllmf2-longalpaca7b,2026-10-09T18:07:22+00:00,engine_incr,53,27648,0,123.767,27136,idle,vllm
20261009-180549-r1-vllmf2-longalpaca7b,2026-10-09T18:07:22+00:00,engine_ov,53,27648,0,108.502,27632,idle,vllm
20261009-180549-r1-vllmf2-longalpaca7b,2026-10-09T18:07:22+00:00,f_engine,53,27648,0,15.265,27136,idle,vllm
20261009-180549-r1-vllmf2-longalpaca7b,2026-10-09T18:07:22+00:00,raw_incr,54,28160,0,181.336,27648,idle,vllm
20261009-180549-r1-vllmf2-longalpaca7b,2026-10-09T18:07:22+00:00,overhead,54,28160,0,166.575,28144,idle,vllm
20261009-180549-r1-vllmf2-longalpaca7b,2026-10-09T18:07:22+00:00,f_chunk,54,28160,0,14.761,27648,idle,vllm
20261009-180549-r1-vllmf2-longalpaca7b,2026-10-09T18:07:22+00:00,engine_incr,54,28160,0,125.768,27648,idle,vllm
20261009-180549-r1-vllmf2-longalpaca7b,2026-10-09T18:07:22+00:00,engine_ov,54,28160,0,110.493,28144,idle,vllm
20261009-180549-r1-vllmf2-longalpaca7b,2026-10-09T18:07:22+00:00,f_engine,54,28160,0,15.275,27648,idle,vllm
20261009-180549-r1-vllmf2-longalpaca7b,2026-10-09T18:07:23+00:00,raw_incr,55,28672,0,172.026,28160,idle,vllm
20261009-180549-r1-vllmf2-longalpaca7b,2026-10-09T18:07:23+00:00,overhead,55,28672,0,167.351,28656,idle,vllm
20261009-180549-r1-vllmf2-longalpaca7b,2026-10-09T18:07:23+00:00,f_chunk,55,28672,0,4.676,28160,idle,vllm
20261009-180549-r1-vllmf2-longalpaca7b,2026-10-09T18:07:23+00:00,engine_incr,55,28672,0,127.269,28160,idle,vllm
20261009-180549-r1-vllmf2-longalpaca7b,2026-10-09T18:07:23+00:00,engine_ov,55,28672,0,112.218,28656,idle,vllm
20261009-180549-r1-vllmf2-longalpaca7b,2026-10-09T18:07:23+00:00,f_engine,55,28672,0,15.051,28160,idle,vllm
20261009-180549-r1-vllmf2-longalpaca7b,2026-10-09T18:07:23+00:00,raw_incr,56,29184,0,176.845,28672,idle,vllm
20261009-180549-r1-vllmf2-longalpaca7b,2026-10-09T18:07:23+00:00,overhead,56,29184,0,168.451,29168,idle,vllm
20261009-180549-r1-vllmf2-longalpaca7b,2026-10-09T18:07:23+00:00,f_chunk,56,29184,0,8.394,28672,idle,vllm
20261009-180549-r1-vllmf2-longalpaca7b,2026-10-09T18:07:23+00:00,engine_incr,56,29184,0,130.135,28672,idle,vllm
20261009-180549-r1-vllmf2-longalpaca7b,2026-10-09T18:07:23+00:00,engine_ov,56,29184,0,114.154,29168,idle,vllm
20261009-180549-r1-vllmf2-longalpaca7b,2026-10-09T18:07:23+00:00,f_engine,56,29184,0,15.982,28672,idle,vllm
20261009-180549-r1-vllmf2-longalpaca7b,2026-10-09T18:07:23+00:00,raw_incr,57,29696,0,186.976,29184,idle,vllm
20261009-180549-r1-vllmf2-longalpaca7b,2026-10-09T18:07:23+00:00,overhead,57,29696,0,163.202,29680,idle,vllm
20261009-180549-r1-vllmf2-longalpaca7b,2026-10-09T18:07:23+00:00,f_chunk,57,29696,0,23.774,29184,idle,vllm
20261009-180549-r1-vllmf2-longalpaca7b,2026-10-09T18:07:23+00:00,engine_incr,57,29696,0,131.173,29184,idle,vllm
20261009-180549-r1-vllmf2-longalpaca7b,2026-10-09T18:07:23+00:00,engine_ov,57,29696,0,116.23,29680,idle,vllm
20261009-180549-r1-vllmf2-longalpaca7b,2026-10-09T18:07:23+00:00,f_engine,57,29696,0,14.943,29184,idle,vllm
20261009-180549-r1-vllmf2-longalpaca7b,2026-10-09T18:07:24+00:00,raw_incr,58,30208,0,182.639,29696,idle,vllm
20261009-180549-r1-vllmf2-longalpaca7b,2026-10-09T18:07:24+00:00,overhead,58,30208,0,165.932,30192,idle,vllm
20261009-180549-r1-vllmf2-longalpaca7b,2026-10-09T18:07:24+00:00,f_chunk,58,30208,0,16.708,29696,idle,vllm
20261009-180549-r1-vllmf2-longalpaca7b,2026-10-09T18:07:24+00:00,engine_incr,58,30208,0,132.986,29696,idle,vllm
20261009-180549-r1-vllmf2-longalpaca7b,2026-10-09T18:07:24+00:00,engine_ov,58,30208,0,117.796,30192,idle,vllm
20261009-180549-r1-vllmf2-longalpaca7b,2026-10-09T18:07:24+00:00,f_engine,58,30208,0,15.191,29696,idle,vllm
20261009-180549-r1-vllmf2-longalpaca7b,2026-10-09T18:07:24+00:00,raw_incr,59,30720,0,183.537,30208,idle,vllm
20261009-180549-r1-vllmf2-longalpaca7b,2026-10-09T18:07:24+00:00,overhead,59,30720,0,167.623,30704,idle,vllm
20261009-180549-r1-vllmf2-longalpaca7b,2026-10-09T18:07:24+00:00,f_chunk,59,30720,0,15.915,30208,idle,vllm
20261009-180549-r1-vllmf2-longalpaca7b,2026-10-09T18:07:24+00:00,engine_incr,59,30720,0,134.763,30208,idle,vllm
20261009-180549-r1-vllmf2-longalpaca7b,2026-10-09T18:07:24+00:00,engine_ov,59,30720,0,119.365,30704,idle,vllm
20261009-180549-r1-vllmf2-longalpaca7b,2026-10-09T18:07:24+00:00,f_engine,59,30720,0,15.398,30208,idle,vllm
20261009-180549-r1-vllmf2-longalpaca7b,2026-10-09T18:07:25+00:00,raw_incr,60,31232,0,185.921,30720,idle,vllm
20261009-180549-r1-vllmf2-longalpaca7b,2026-10-09T18:07:25+00:00,overhead,60,31232,0,170.998,31216,idle,vllm
20261009-180549-r1-vllmf2-longalpaca7b,2026-10-09T18:07:25+00:00,f_chunk,60,31232,0,14.922,30720,idle,vllm
20261009-180549-r1-vllmf2-longalpaca7b,2026-10-09T18:07:25+00:00,engine_incr,60,31232,0,136.281,30720,idle,vllm
20261009-180549-r1-vllmf2-longalpaca7b,2026-10-09T18:07:25+00:00,engine_ov,60,31232,0,121.273,31216,idle,vllm
20261009-180549-r1-vllmf2-longalpaca7b,2026-10-09T18:07:25+00:00,f_engine,60,31232,0,15.008,30720,idle,vllm
20261009-180549-r1-vllmf2-longalpaca7b,2026-10-09T18:07:25+00:00,raw_incr,61,31744,0,187.994,31232,idle,vllm
20261009-180549-r1-vllmf2-longalpaca7b,2026-10-09T18:07:25+00:00,overhead,61,31744,0,175.008,31728,idle,vllm
20261009-180549-r1-vllmf2-longalpaca7b,2026-10-09T18:07:25+00:00,f_chunk,61,31744,0,12.986,31232,idle,vllm
20261009-180549-r1-vllmf2-longalpaca7b,2026-10-09T18:07:25+00:00,engine_incr,61,31744,0,138.252,31232,idle,vllm
20261009-180549-r1-vllmf2-longalpaca7b,2026-10-09T18:07:25+00:00,engine_ov,61,31744,0,123.316,31728,idle,vllm
20261009-180549-r1-vllmf2-longalpaca7b,2026-10-09T18:07:25+00:00,f_engine,61,31744,0,14.936,31232,idle,vllm
20261009-180549-r1-vllmf2-longalpaca7b,2026-10-09T18:07:25+00:00,raw_incr,0,512,1,29.609,0,idle,vllm
20261009-180549-r1-vllmf2-longalpaca7b,2026-10-09T18:07:25+00:00,overhead,0,512,1,22.918,496,idle,vllm
20261009-180549-r1-vllmf2-longalpaca7b,2026-10-09T18:07:25+00:00,f_chunk,0,512,1,6.69,0,idle,vllm
20261009-180549-r1-vllmf2-longalpaca7b,2026-10-09T18:07:25+00:00,engine_incr,0,512,1,25.572,0,idle,vllm
20261009-180549-r1-vllmf2-longalpaca7b,2026-10-09T18:07:25+00:00,engine_ov,0,512,1,20.442,496,idle,vllm
20261009-180549-r1-vllmf2-longalpaca7b,2026-10-09T18:07:25+00:00,f_engine,0,512,1,5.131,0,idle,vllm
20261009-180549-r1-vllmf2-longalpaca7b,2026-10-09T18:07:25+00:00,raw_incr,1,1024,1,29.984,512,idle,vllm
20261009-180549-r1-vllmf2-longalpaca7b,2026-10-09T18:07:25+00:00,overhead,1,1024,1,19.884,1008,idle,vllm
20261009-180549-r1-vllmf2-longalpaca7b,2026-10-09T18:07:25+00:00,f_chunk,1,1024,1,10.1,512,idle,vllm
20261009-180549-r1-vllmf2-longalpaca7b,2026-10-09T18:07:25+00:00,engine_incr,1,1024,1,26.077,512,idle,vllm
20261009-180549-r1-vllmf2-longalpaca7b,2026-10-09T18:07:25+00:00,engine_ov,1,1024,1,15.743,1008,idle,vllm
20261009-180549-r1-vllmf2-longalpaca7b,2026-10-09T18:07:25+00:00,f_engine,1,1024,1,10.334,512,idle,vllm
20261009-180549-r1-vllmf2-longalpaca7b,2026-10-09T18:07:25+00:00,raw_incr,2,1536,1,32.236,1024,idle,vllm
20261009-180549-r1-vllmf2-longalpaca7b,2026-10-09T18:07:25+00:00,overhead,2,1536,1,20.918,1520,idle,vllm
20261009-180549-r1-vllmf2-longalpaca7b,2026-10-09T18:07:25+00:00,f_chunk,2,1536,1,11.318,1024,idle,vllm
20261009-180549-r1-vllmf2-longalpaca7b,2026-10-09T18:07:25+00:00,engine_incr,2,1536,1,27.351,1024,idle,vllm
20261009-180549-r1-vllmf2-longalpaca7b,2026-10-09T18:07:25+00:00,engine_ov,2,1536,1,15.928,1520,idle,vllm
20261009-180549-r1-vllmf2-longalpaca7b,2026-10-09T18:07:25+00:00,f_engine,2,1536,1,11.423,1024,idle,vllm
20261009-180549-r1-vllmf2-longalpaca7b,2026-10-09T18:07:25+00:00,raw_incr,3,2048,1,35.339,1536,idle,vllm
20261009-180549-r1-vllmf2-longalpaca7b,2026-10-09T18:07:25+00:00,overhead,3,2048,1,21.946,2032,idle,vllm
20261009-180549-r1-vllmf2-longalpaca7b,2026-10-09T18:07:25+00:00,f_chunk,3,2048,1,13.393,1536,idle,vllm
20261009-180549-r1-vllmf2-longalpaca7b,2026-10-09T18:07:25+00:00,engine_incr,3,2048,1,29.455,1536,idle,vllm
20261009-180549-r1-vllmf2-longalpaca7b,2026-10-09T18:07:25+00:00,engine_ov,3,2048,1,16.042,2032,idle,vllm
20261009-180549-r1-vllmf2-longalpaca7b,2026-10-09T18:07:25+00:00,f_engine,3,2048,1,13.413,1536,idle,vllm
20261009-180549-r1-vllmf2-longalpaca7b,2026-10-09T18:07:25+00:00,raw_incr,4,2560,1,37.572,2048,idle,vllm
20261009-180549-r1-vllmf2-longalpaca7b,2026-10-09T18:07:25+00:00,overhead,4,2560,1,23.863,2544,idle,vllm
20261009-180549-r1-vllmf2-longalpaca7b,2026-10-09T18:07:25+00:00,f_chunk,4,2560,1,13.709,2048,idle,vllm
20261009-180549-r1-vllmf2-longalpaca7b,2026-10-09T18:07:25+00:00,engine_incr,4,2560,1,30.649,2048,idle,vllm
20261009-180549-r1-vllmf2-longalpaca7b,2026-10-09T18:07:25+00:00,engine_ov,4,2560,1,17.087,2544,idle,vllm
20261009-180549-r1-vllmf2-longalpaca7b,2026-10-09T18:07:25+00:00,f_engine,4,2560,1,13.563,2048,idle,vllm
20261009-180549-r1-vllmf2-longalpaca7b,2026-10-09T18:07:25+00:00,raw_incr,5,3072,1,41.058,2560,idle,vllm
20261009-180549-r1-vllmf2-longalpaca7b,2026-10-09T18:07:25+00:00,overhead,5,3072,1,26.269,3056,idle,vllm
20261009-180549-r1-vllmf2-longalpaca7b,2026-10-09T18:07:25+00:00,f_chunk,5,3072,1,14.789,2560,idle,vllm
20261009-180549-r1-vllmf2-longalpaca7b,2026-10-09T18:07:25+00:00,engine_incr,5,3072,1,33.411,2560,idle,vllm
20261009-180549-r1-vllmf2-longalpaca7b,2026-10-09T18:07:25+00:00,engine_ov,5,3072,1,18.569,3056,idle,vllm
20261009-180549-r1-vllmf2-longalpaca7b,2026-10-09T18:07:25+00:00,f_engine,5,3072,1,14.842,2560,idle,vllm
20261009-180549-r1-vllmf2-longalpaca7b,2026-10-09T18:07:25+00:00,raw_incr,6,3584,1,44.258,3072,idle,vllm
20261009-180549-r1-vllmf2-longalpaca7b,2026-10-09T18:07:25+00:00,overhead,6,3584,1,29.84,3568,idle,vllm
20261009-180549-r1-vllmf2-longalpaca7b,2026-10-09T18:07:25+00:00,f_chunk,6,3584,1,14.417,3072,idle,vllm
20261009-180549-r1-vllmf2-longalpaca7b,2026-10-09T18:07:25+00:00,engine_incr,6,3584,1,35.332,3072,idle,vllm
20261009-180549-r1-vllmf2-longalpaca7b,2026-10-09T18:07:25+00:00,engine_ov,6,3584,1,21.024,3568,idle,vllm
20261009-180549-r1-vllmf2-longalpaca7b,2026-10-09T18:07:25+00:00,f_engine,6,3584,1,14.307,3072,idle,vllm
20261009-180549-r1-vllmf2-longalpaca7b,2026-10-09T18:07:25+00:00,raw_incr,7,4096,1,47.093,3584,idle,vllm
20261009-180549-r1-vllmf2-longalpaca7b,2026-10-09T18:07:25+00:00,overhead,7,4096,1,32.786,4080,idle,vllm
20261009-180549-r1-vllmf2-longalpaca7b,2026-10-09T18:07:25+00:00,f_chunk,7,4096,1,14.307,3584,idle,vllm
20261009-180549-r1-vllmf2-longalpaca7b,2026-10-09T18:07:25+00:00,engine_incr,7,4096,1,37.151,3584,idle,vllm
20261009-180549-r1-vllmf2-longalpaca7b,2026-10-09T18:07:25+00:00,engine_ov,7,4096,1,22.865,4080,idle,vllm
20261009-180549-r1-vllmf2-longalpaca7b,2026-10-09T18:07:25+00:00,f_engine,7,4096,1,14.286,3584,idle,vllm
20261009-180549-r1-vllmf2-longalpaca7b,2026-10-09T18:07:26+00:00,raw_incr,8,4608,1,49.859,4096,idle,vllm
20261009-180549-r1-vllmf2-longalpaca7b,2026-10-09T18:07:26+00:00,overhead,8,4608,1,35.483,4592,idle,vllm
20261009-180549-r1-vllmf2-longalpaca7b,2026-10-09T18:07:26+00:00,f_chunk,8,4608,1,14.376,4096,idle,vllm
20261009-180549-r1-vllmf2-longalpaca7b,2026-10-09T18:07:26+00:00,engine_incr,8,4608,1,38.945,4096,idle,vllm
20261009-180549-r1-vllmf2-longalpaca7b,2026-10-09T18:07:26+00:00,engine_ov,8,4608,1,24.698,4592,idle,vllm
20261009-180549-r1-vllmf2-longalpaca7b,2026-10-09T18:07:26+00:00,f_engine,8,4608,1,14.247,4096,idle,vllm
20261009-180549-r1-vllmf2-longalpaca7b,2026-10-09T18:07:26+00:00,raw_incr,9,5120,1,53.541,4608,idle,vllm
20261009-180549-r1-vllmf2-longalpaca7b,2026-10-09T18:07:26+00:00,overhead,9,5120,1,39.541,5104,idle,vllm
20261009-180549-r1-vllmf2-longalpaca7b,2026-10-09T18:07:26+00:00,f_chunk,9,5120,1,14.0,4608,idle,vllm
20261009-180549-r1-vllmf2-longalpaca7b,2026-10-09T18:07:26+00:00,engine_incr,9,5120,1,41.404,4608,idle,vllm
20261009-180549-r1-vllmf2-longalpaca7b,2026-10-09T18:07:26+00:00,engine_ov,9,5120,1,27.626,5104,idle,vllm
20261009-180549-r1-vllmf2-longalpaca7b,2026-10-09T18:07:26+00:00,f_engine,9,5120,1,13.777,4608,idle,vllm
20261009-180549-r1-vllmf2-longalpaca7b,2026-10-09T18:07:26+00:00,raw_incr,10,5632,1,56.641,5120,idle,vllm
20261009-180549-r1-vllmf2-longalpaca7b,2026-10-09T18:07:26+00:00,overhead,10,5632,1,41.782,5616,idle,vllm
20261009-180549-r1-vllmf2-longalpaca7b,2026-10-09T18:07:26+00:00,f_chunk,10,5632,1,14.859,5120,idle,vllm
20261009-180549-r1-vllmf2-longalpaca7b,2026-10-09T18:07:26+00:00,engine_incr,10,5632,1,43.554,5120,idle,vllm
20261009-180549-r1-vllmf2-longalpaca7b,2026-10-09T18:07:26+00:00,engine_ov,10,5632,1,29.016,5616,idle,vllm
20261009-180549-r1-vllmf2-longalpaca7b,2026-10-09T18:07:26+00:00,f_engine,10,5632,1,14.539,5120,idle,vllm
20261009-180549-r1-vllmf2-longalpaca7b,2026-10-09T18:07:26+00:00,raw_incr,11,6144,1,59.206,5632,idle,vllm
20261009-180549-r1-vllmf2-longalpaca7b,2026-10-09T18:07:26+00:00,overhead,11,6144,1,44.742,6128,idle,vllm
20261009-180549-r1-vllmf2-longalpaca7b,2026-10-09T18:07:26+00:00,f_chunk,11,6144,1,14.464,5632,idle,vllm
20261009-180549-r1-vllmf2-longalpaca7b,2026-10-09T18:07:26+00:00,engine_incr,11,6144,1,45.275,5632,idle,vllm
20261009-180549-r1-vllmf2-longalpaca7b,2026-10-09T18:07:26+00:00,engine_ov,11,6144,1,30.809,6128,idle,vllm
20261009-180549-r1-vllmf2-longalpaca7b,2026-10-09T18:07:26+00:00,f_engine,11,6144,1,14.466,5632,idle,vllm
20261009-180549-r1-vllmf2-longalpaca7b,2026-10-09T18:07:26+00:00,raw_incr,12,6656,1,62.169,6144,idle,vllm
20261009-180549-r1-vllmf2-longalpaca7b,2026-10-09T18:07:26+00:00,overhead,12,6656,1,47.817,6640,idle,vllm
20261009-180549-r1-vllmf2-longalpaca7b,2026-10-09T18:07:26+00:00,f_chunk,12,6656,1,14.352,6144,idle,vllm
20261009-180549-r1-vllmf2-longalpaca7b,2026-10-09T18:07:26+00:00,engine_incr,12,6656,1,47.261,6144,idle,vllm
20261009-180549-r1-vllmf2-longalpaca7b,2026-10-09T18:07:26+00:00,engine_ov,12,6656,1,32.975,6640,idle,vllm
20261009-180549-r1-vllmf2-longalpaca7b,2026-10-09T18:07:26+00:00,f_engine,12,6656,1,14.287,6144,idle,vllm
20261009-180549-r1-vllmf2-longalpaca7b,2026-10-09T18:07:26+00:00,raw_incr,13,7168,1,64.84,6656,idle,vllm
20261009-180549-r1-vllmf2-longalpaca7b,2026-10-09T18:07:26+00:00,overhead,13,7168,1,50.351,7152,idle,vllm
20261009-180549-r1-vllmf2-longalpaca7b,2026-10-09T18:07:26+00:00,f_chunk,13,7168,1,14.489,6656,idle,vllm
20261009-180549-r1-vllmf2-longalpaca7b,2026-10-09T18:07:26+00:00,engine_incr,13,7168,1,48.885,6656,idle,vllm
20261009-180549-r1-vllmf2-longalpaca7b,2026-10-09T18:07:26+00:00,engine_ov,13,7168,1,34.78,7152,idle,vllm
20261009-180549-r1-vllmf2-longalpaca7b,2026-10-09T18:07:26+00:00,f_engine,13,7168,1,14.105,6656,idle,vllm
20261009-180549-r1-vllmf2-longalpaca7b,2026-10-09T18:07:26+00:00,raw_incr,14,7680,1,67.656,7168,idle,vllm
20261009-180549-r1-vllmf2-longalpaca7b,2026-10-09T18:07:26+00:00,overhead,14,7680,1,53.273,7664,idle,vllm
20261009-180549-r1-vllmf2-longalpaca7b,2026-10-09T18:07:26+00:00,f_chunk,14,7680,1,14.383,7168,idle,vllm
20261009-180549-r1-vllmf2-longalpaca7b,2026-10-09T18:07:26+00:00,engine_incr,14,7680,1,50.784,7168,idle,vllm
20261009-180549-r1-vllmf2-longalpaca7b,2026-10-09T18:07:26+00:00,engine_ov,14,7680,1,36.762,7664,idle,vllm
20261009-180549-r1-vllmf2-longalpaca7b,2026-10-09T18:07:26+00:00,f_engine,14,7680,1,14.022,7168,idle,vllm
20261009-180549-r1-vllmf2-longalpaca7b,2026-10-09T18:07:26+00:00,raw_incr,15,8192,1,70.594,7680,idle,vllm
20261009-180549-r1-vllmf2-longalpaca7b,2026-10-09T18:07:26+00:00,overhead,15,8192,1,56.338,8176,idle,vllm
20261009-180549-r1-vllmf2-longalpaca7b,2026-10-09T18:07:26+00:00,f_chunk,15,8192,1,14.256,7680,idle,vllm
20261009-180549-r1-vllmf2-longalpaca7b,2026-10-09T18:07:26+00:00,engine_incr,15,8192,1,52.654,7680,idle,vllm
20261009-180549-r1-vllmf2-longalpaca7b,2026-10-09T18:07:26+00:00,engine_ov,15,8192,1,38.675,8176,idle,vllm
20261009-180549-r1-vllmf2-longalpaca7b,2026-10-09T18:07:26+00:00,f_engine,15,8192,1,13.979,7680,idle,vllm
20261009-180549-r1-vllmf2-longalpaca7b,2026-10-09T18:07:26+00:00,raw_incr,16,8704,1,73.334,8192,idle,vllm
20261009-180549-r1-vllmf2-longalpaca7b,2026-10-09T18:07:26+00:00,overhead,16,8704,1,59.444,8688,idle,vllm
20261009-180549-r1-vllmf2-longalpaca7b,2026-10-09T18:07:26+00:00,f_chunk,16,8704,1,13.889,8192,idle,vllm
20261009-180549-r1-vllmf2-longalpaca7b,2026-10-09T18:07:26+00:00,engine_incr,16,8704,1,54.617,8192,idle,vllm
20261009-180549-r1-vllmf2-longalpaca7b,2026-10-09T18:07:26+00:00,engine_ov,16,8704,1,40.477,8688,idle,vllm
20261009-180549-r1-vllmf2-longalpaca7b,2026-10-09T18:07:26+00:00,f_engine,16,8704,1,14.14,8192,idle,vllm
20261009-180549-r1-vllmf2-longalpaca7b,2026-10-09T18:07:27+00:00,raw_incr,17,9216,1,76.411,8704,idle,vllm
20261009-180549-r1-vllmf2-longalpaca7b,2026-10-09T18:07:27+00:00,overhead,17,9216,1,62.032,9200,idle,vllm
20261009-180549-r1-vllmf2-longalpaca7b,2026-10-09T18:07:27+00:00,f_chunk,17,9216,1,14.379,8704,idle,vllm
20261009-180549-r1-vllmf2-longalpaca7b,2026-10-09T18:07:27+00:00,engine_incr,17,9216,1,56.49,8704,idle,vllm
20261009-180549-r1-vllmf2-longalpaca7b,2026-10-09T18:07:27+00:00,engine_ov,17,9216,1,42.445,9200,idle,vllm
20261009-180549-r1-vllmf2-longalpaca7b,2026-10-09T18:07:27+00:00,f_engine,17,9216,1,14.045,8704,idle,vllm
20261009-180549-r1-vllmf2-longalpaca7b,2026-10-09T18:07:27+00:00,raw_incr,18,9728,1,79.235,9216,idle,vllm
20261009-180549-r1-vllmf2-longalpaca7b,2026-10-09T18:07:27+00:00,overhead,18,9728,1,65.131,9712,idle,vllm
20261009-180549-r1-vllmf2-longalpaca7b,2026-10-09T18:07:27+00:00,f_chunk,18,9728,1,14.104,9216,idle,vllm
20261009-180549-r1-vllmf2-longalpaca7b,2026-10-09T18:07:27+00:00,engine_incr,18,9728,1,58.312,9216,idle,vllm
20261009-180549-r1-vllmf2-longalpaca7b,2026-10-09T18:07:27+00:00,engine_ov,18,9728,1,44.35,9712,idle,vllm
20261009-180549-r1-vllmf2-longalpaca7b,2026-10-09T18:07:27+00:00,f_engine,18,9728,1,13.962,9216,idle,vllm
20261009-180549-r1-vllmf2-longalpaca7b,2026-10-09T18:07:27+00:00,raw_incr,19,10240,1,82.392,9728,idle,vllm
20261009-180549-r1-vllmf2-longalpaca7b,2026-10-09T18:07:27+00:00,overhead,19,10240,1,67.877,10224,idle,vllm
20261009-180549-r1-vllmf2-longalpaca7b,2026-10-09T18:07:27+00:00,f_chunk,19,10240,1,14.515,9728,idle,vllm
20261009-180549-r1-vllmf2-longalpaca7b,2026-10-09T18:07:27+00:00,engine_incr,19,10240,1,60.383,9728,idle,vllm
20261009-180549-r1-vllmf2-longalpaca7b,2026-10-09T18:07:27+00:00,engine_ov,19,10240,1,46.224,10224,idle,vllm
20261009-180549-r1-vllmf2-longalpaca7b,2026-10-09T18:07:27+00:00,f_engine,19,10240,1,14.159,9728,idle,vllm
20261009-180549-r1-vllmf2-longalpaca7b,2026-10-09T18:07:27+00:00,raw_incr,20,10752,1,84.935,10240,idle,vllm
20261009-180549-r1-vllmf2-longalpaca7b,2026-10-09T18:07:27+00:00,overhead,20,10752,1,70.788,10736,idle,vllm
20261009-180549-r1-vllmf2-longalpaca7b,2026-10-09T18:07:27+00:00,f_chunk,20,10752,1,14.147,10240,idle,vllm
20261009-180549-r1-vllmf2-longalpaca7b,2026-10-09T18:07:27+00:00,engine_incr,20,10752,1,62.128,10240,idle,vllm
20261009-180549-r1-vllmf2-longalpaca7b,2026-10-09T18:07:27+00:00,engine_ov,20,10752,1,48.068,10736,idle,vllm
20261009-180549-r1-vllmf2-longalpaca7b,2026-10-09T18:07:27+00:00,f_engine,20,10752,1,14.059,10240,idle,vllm
20261009-180549-r1-vllmf2-longalpaca7b,2026-10-09T18:07:27+00:00,raw_incr,21,11264,1,87.871,10752,idle,vllm
20261009-180549-r1-vllmf2-longalpaca7b,2026-10-09T18:07:27+00:00,overhead,21,11264,1,73.362,11248,idle,vllm
20261009-180549-r1-vllmf2-longalpaca7b,2026-10-09T18:07:27+00:00,f_chunk,21,11264,1,14.509,10752,idle,vllm
20261009-180549-r1-vllmf2-longalpaca7b,2026-10-09T18:07:27+00:00,engine_incr,21,11264,1,63.981,10752,idle,vllm
20261009-180549-r1-vllmf2-longalpaca7b,2026-10-09T18:07:27+00:00,engine_ov,21,11264,1,49.835,11248,idle,vllm
20261009-180549-r1-vllmf2-longalpaca7b,2026-10-09T18:07:27+00:00,f_engine,21,11264,1,14.146,10752,idle,vllm
20261009-180549-r1-vllmf2-longalpaca7b,2026-10-09T18:07:27+00:00,raw_incr,22,11776,1,90.52,11264,idle,vllm
20261009-180549-r1-vllmf2-longalpaca7b,2026-10-09T18:07:27+00:00,overhead,22,11776,1,75.985,11760,idle,vllm
20261009-180549-r1-vllmf2-longalpaca7b,2026-10-09T18:07:27+00:00,f_chunk,22,11776,1,14.536,11264,idle,vllm
20261009-180549-r1-vllmf2-longalpaca7b,2026-10-09T18:07:27+00:00,engine_incr,22,11776,1,65.917,11264,idle,vllm
20261009-180549-r1-vllmf2-longalpaca7b,2026-10-09T18:07:27+00:00,engine_ov,22,11776,1,51.687,11760,idle,vllm
20261009-180549-r1-vllmf2-longalpaca7b,2026-10-09T18:07:27+00:00,f_engine,22,11776,1,14.23,11264,idle,vllm
20261009-180549-r1-vllmf2-longalpaca7b,2026-10-09T18:07:28+00:00,raw_incr,23,12288,1,93.268,11776,idle,vllm
20261009-180549-r1-vllmf2-longalpaca7b,2026-10-09T18:07:28+00:00,overhead,23,12288,1,78.982,12272,idle,vllm
20261009-180549-r1-vllmf2-longalpaca7b,2026-10-09T18:07:28+00:00,f_chunk,23,12288,1,14.286,11776,idle,vllm
20261009-180549-r1-vllmf2-longalpaca7b,2026-10-09T18:07:28+00:00,engine_incr,23,12288,1,67.807,11776,idle,vllm
20261009-180549-r1-vllmf2-longalpaca7b,2026-10-09T18:07:28+00:00,engine_ov,23,12288,1,53.483,12272,idle,vllm
20261009-180549-r1-vllmf2-longalpaca7b,2026-10-09T18:07:28+00:00,f_engine,23,12288,1,14.324,11776,idle,vllm
20261009-180549-r1-vllmf2-longalpaca7b,2026-10-09T18:07:28+00:00,raw_incr,24,12800,1,96.477,12288,idle,vllm
20261009-180549-r1-vllmf2-longalpaca7b,2026-10-09T18:07:28+00:00,overhead,24,12800,1,81.901,12784,idle,vllm
20261009-180549-r1-vllmf2-longalpaca7b,2026-10-09T18:07:28+00:00,f_chunk,24,12800,1,14.576,12288,idle,vllm
20261009-180549-r1-vllmf2-longalpaca7b,2026-10-09T18:07:28+00:00,engine_incr,24,12800,1,69.854,12288,idle,vllm
20261009-180549-r1-vllmf2-longalpaca7b,2026-10-09T18:07:28+00:00,engine_ov,24,12800,1,55.515,12784,idle,vllm
20261009-180549-r1-vllmf2-longalpaca7b,2026-10-09T18:07:28+00:00,f_engine,24,12800,1,14.339,12288,idle,vllm
20261009-180549-r1-vllmf2-longalpaca7b,2026-10-09T18:07:28+00:00,raw_incr,25,13312,1,98.841,12800,idle,vllm
20261009-180549-r1-vllmf2-longalpaca7b,2026-10-09T18:07:28+00:00,overhead,25,13312,1,84.855,13296,idle,vllm
20261009-180549-r1-vllmf2-longalpaca7b,2026-10-09T18:07:28+00:00,f_chunk,25,13312,1,13.986,12800,idle,vllm
20261009-180549-r1-vllmf2-longalpaca7b,2026-10-09T18:07:28+00:00,engine_incr,25,13312,1,71.431,12800,idle,vllm
20261009-180549-r1-vllmf2-longalpaca7b,2026-10-09T18:07:28+00:00,engine_ov,25,13312,1,57.378,13296,idle,vllm
20261009-180549-r1-vllmf2-longalpaca7b,2026-10-09T18:07:28+00:00,f_engine,25,13312,1,14.053,12800,idle,vllm
20261009-180549-r1-vllmf2-longalpaca7b,2026-10-09T18:07:28+00:00,raw_incr,26,13824,1,102.177,13312,idle,vllm
20261009-180549-r1-vllmf2-longalpaca7b,2026-10-09T18:07:28+00:00,overhead,26,13824,1,87.509,13808,idle,vllm
20261009-180549-r1-vllmf2-longalpaca7b,2026-10-09T18:07:28+00:00,f_chunk,26,13824,1,14.668,13312,idle,vllm
20261009-180549-r1-vllmf2-longalpaca7b,2026-10-09T18:07:28+00:00,engine_incr,26,13824,1,73.76,13312,idle,vllm
20261009-180549-r1-vllmf2-longalpaca7b,2026-10-09T18:07:28+00:00,engine_ov,26,13824,1,59.087,13808,idle,vllm
20261009-180549-r1-vllmf2-longalpaca7b,2026-10-09T18:07:28+00:00,f_engine,26,13824,1,14.674,13312,idle,vllm
20261009-180549-r1-vllmf2-longalpaca7b,2026-10-09T18:07:28+00:00,raw_incr,27,14336,1,104.821,13824,idle,vllm
20261009-180549-r1-vllmf2-longalpaca7b,2026-10-09T18:07:28+00:00,overhead,27,14336,1,90.374,14320,idle,vllm
20261009-180549-r1-vllmf2-longalpaca7b,2026-10-09T18:07:28+00:00,f_chunk,27,14336,1,14.446,13824,idle,vllm
20261009-180549-r1-vllmf2-longalpaca7b,2026-10-09T18:07:28+00:00,engine_incr,27,14336,1,75.476,13824,idle,vllm
20261009-180549-r1-vllmf2-longalpaca7b,2026-10-09T18:07:28+00:00,engine_ov,27,14336,1,60.899,14320,idle,vllm
20261009-180549-r1-vllmf2-longalpaca7b,2026-10-09T18:07:28+00:00,f_engine,27,14336,1,14.577,13824,idle,vllm
20261009-180549-r1-vllmf2-longalpaca7b,2026-10-09T18:07:28+00:00,raw_incr,28,14848,1,107.486,14336,idle,vllm
20261009-180549-r1-vllmf2-longalpaca7b,2026-10-09T18:07:28+00:00,overhead,28,14848,1,92.918,14832,idle,vllm
20261009-180549-r1-vllmf2-longalpaca7b,2026-10-09T18:07:28+00:00,f_chunk,28,14848,1,14.568,14336,idle,vllm
20261009-180549-r1-vllmf2-longalpaca7b,2026-10-09T18:07:28+00:00,engine_incr,28,14848,1,77.352,14336,idle,vllm
20261009-180549-r1-vllmf2-longalpaca7b,2026-10-09T18:07:28+00:00,engine_ov,28,14848,1,62.65,14832,idle,vllm
20261009-180549-r1-vllmf2-longalpaca7b,2026-10-09T18:07:28+00:00,f_engine,28,14848,1,14.702,14336,idle,vllm
20261009-180549-r1-vllmf2-longalpaca7b,2026-10-09T18:07:29+00:00,raw_incr,29,15360,1,110.469,14848,idle,vllm
20261009-180549-r1-vllmf2-longalpaca7b,2026-10-09T18:07:29+00:00,overhead,29,15360,1,95.97,15344,idle,vllm
20261009-180549-r1-vllmf2-longalpaca7b,2026-10-09T18:07:29+00:00,f_chunk,29,15360,1,14.498,14848,idle,vllm
20261009-180549-r1-vllmf2-longalpaca7b,2026-10-09T18:07:29+00:00,engine_incr,29,15360,1,79.44,14848,idle,vllm
20261009-180549-r1-vllmf2-longalpaca7b,2026-10-09T18:07:29+00:00,engine_ov,29,15360,1,64.61,15344,idle,vllm
20261009-180549-r1-vllmf2-longalpaca7b,2026-10-09T18:07:29+00:00,f_engine,29,15360,1,14.83,14848,idle,vllm
20261009-180549-r1-vllmf2-longalpaca7b,2026-10-09T18:07:29+00:00,raw_incr,30,15872,1,113.352,15360,idle,vllm
20261009-180549-r1-vllmf2-longalpaca7b,2026-10-09T18:07:29+00:00,overhead,30,15872,1,98.863,15856,idle,vllm
20261009-180549-r1-vllmf2-longalpaca7b,2026-10-09T18:07:29+00:00,f_chunk,30,15872,1,14.489,15360,idle,vllm
20261009-180549-r1-vllmf2-longalpaca7b,2026-10-09T18:07:29+00:00,engine_incr,30,15872,1,81.249,15360,idle,vllm
20261009-180549-r1-vllmf2-longalpaca7b,2026-10-09T18:07:29+00:00,engine_ov,30,15872,1,66.671,15856,idle,vllm
20261009-180549-r1-vllmf2-longalpaca7b,2026-10-09T18:07:29+00:00,f_engine,30,15872,1,14.577,15360,idle,vllm
20261009-180549-r1-vllmf2-longalpaca7b,2026-10-09T18:07:29+00:00,raw_incr,31,16384,1,116.695,15872,idle,vllm
20261009-180549-r1-vllmf2-longalpaca7b,2026-10-09T18:07:29+00:00,overhead,31,16384,1,101.556,16368,idle,vllm
20261009-180549-r1-vllmf2-longalpaca7b,2026-10-09T18:07:29+00:00,f_chunk,31,16384,1,15.139,15872,idle,vllm
20261009-180549-r1-vllmf2-longalpaca7b,2026-10-09T18:07:29+00:00,engine_incr,31,16384,1,83.447,15872,idle,vllm
20261009-180549-r1-vllmf2-longalpaca7b,2026-10-09T18:07:29+00:00,engine_ov,31,16384,1,68.658,16368,idle,vllm
20261009-180549-r1-vllmf2-longalpaca7b,2026-10-09T18:07:29+00:00,f_engine,31,16384,1,14.789,15872,idle,vllm
20261009-180549-r1-vllmf2-longalpaca7b,2026-10-09T18:07:29+00:00,raw_incr,32,16896,1,118.936,16384,idle,vllm
20261009-180549-r1-vllmf2-longalpaca7b,2026-10-09T18:07:29+00:00,overhead,32,16896,1,104.318,16880,idle,vllm
20261009-180549-r1-vllmf2-longalpaca7b,2026-10-09T18:07:29+00:00,f_chunk,32,16896,1,14.618,16384,idle,vllm
20261009-180549-r1-vllmf2-longalpaca7b,2026-10-09T18:07:29+00:00,engine_incr,32,16896,1,85.018,16384,idle,vllm
20261009-180549-r1-vllmf2-longalpaca7b,2026-10-09T18:07:29+00:00,engine_ov,32,16896,1,70.187,16880,idle,vllm
20261009-180549-r1-vllmf2-longalpaca7b,2026-10-09T18:07:29+00:00,f_engine,32,16896,1,14.831,16384,idle,vllm
20261009-180549-r1-vllmf2-longalpaca7b,2026-10-09T18:07:30+00:00,raw_incr,33,17408,1,121.824,16896,idle,vllm
20261009-180549-r1-vllmf2-longalpaca7b,2026-10-09T18:07:30+00:00,overhead,33,17408,1,106.668,17392,idle,vllm
20261009-180549-r1-vllmf2-longalpaca7b,2026-10-09T18:07:30+00:00,f_chunk,33,17408,1,15.156,16896,idle,vllm
20261009-180549-r1-vllmf2-longalpaca7b,2026-10-09T18:07:30+00:00,engine_incr,33,17408,1,86.629,16896,idle,vllm
20261009-180549-r1-vllmf2-longalpaca7b,2026-10-09T18:07:30+00:00,engine_ov,33,17408,1,71.792,17392,idle,vllm
20261009-180549-r1-vllmf2-longalpaca7b,2026-10-09T18:07:30+00:00,f_engine,33,17408,1,14.837,16896,idle,vllm
20261009-180549-r1-vllmf2-longalpaca7b,2026-10-09T18:07:30+00:00,raw_incr,34,17920,1,124.277,17408,idle,vllm
20261009-180549-r1-vllmf2-longalpaca7b,2026-10-09T18:07:30+00:00,overhead,34,17920,1,109.473,17904,idle,vllm
20261009-180549-r1-vllmf2-longalpaca7b,2026-10-09T18:07:30+00:00,f_chunk,34,17920,1,14.804,17408,idle,vllm
20261009-180549-r1-vllmf2-longalpaca7b,2026-10-09T18:07:30+00:00,engine_incr,34,17920,1,88.593,17408,idle,vllm
20261009-180549-r1-vllmf2-longalpaca7b,2026-10-09T18:07:30+00:00,engine_ov,34,17920,1,73.842,17904,idle,vllm
20261009-180549-r1-vllmf2-longalpaca7b,2026-10-09T18:07:30+00:00,f_engine,34,17920,1,14.751,17408,idle,vllm
20261009-180549-r1-vllmf2-longalpaca7b,2026-10-09T18:07:30+00:00,raw_incr,35,18432,1,127.372,17920,idle,vllm
20261009-180549-r1-vllmf2-longalpaca7b,2026-10-09T18:07:30+00:00,overhead,35,18432,1,112.28,18416,idle,vllm
20261009-180549-r1-vllmf2-longalpaca7b,2026-10-09T18:07:30+00:00,f_chunk,35,18432,1,15.092,17920,idle,vllm
20261009-180549-r1-vllmf2-longalpaca7b,2026-10-09T18:07:30+00:00,engine_incr,35,18432,1,90.815,17920,idle,vllm
20261009-180549-r1-vllmf2-longalpaca7b,2026-10-09T18:07:30+00:00,engine_ov,35,18432,1,75.568,18416,idle,vllm
20261009-180549-r1-vllmf2-longalpaca7b,2026-10-09T18:07:30+00:00,f_engine,35,18432,1,15.247,17920,idle,vllm
20261009-180549-r1-vllmf2-longalpaca7b,2026-10-09T18:07:30+00:00,raw_incr,36,18944,1,130.149,18432,idle,vllm
20261009-180549-r1-vllmf2-longalpaca7b,2026-10-09T18:07:30+00:00,overhead,36,18944,1,115.171,18928,idle,vllm
20261009-180549-r1-vllmf2-longalpaca7b,2026-10-09T18:07:30+00:00,f_chunk,36,18944,1,14.978,18432,idle,vllm
20261009-180549-r1-vllmf2-longalpaca7b,2026-10-09T18:07:30+00:00,engine_incr,36,18944,1,92.483,18432,idle,vllm
20261009-180549-r1-vllmf2-longalpaca7b,2026-10-09T18:07:30+00:00,engine_ov,36,18944,1,77.549,18928,idle,vllm
20261009-180549-r1-vllmf2-longalpaca7b,2026-10-09T18:07:30+00:00,f_engine,36,18944,1,14.934,18432,idle,vllm
20261009-180549-r1-vllmf2-longalpaca7b,2026-10-09T18:07:31+00:00,raw_incr,37,19456,1,133.006,18944,idle,vllm
20261009-180549-r1-vllmf2-longalpaca7b,2026-10-09T18:07:31+00:00,overhead,37,19456,1,117.706,19440,idle,vllm
20261009-180549-r1-vllmf2-longalpaca7b,2026-10-09T18:07:31+00:00,f_chunk,37,19456,1,15.3,18944,idle,vllm
20261009-180549-r1-vllmf2-longalpaca7b,2026-10-09T18:07:31+00:00,engine_incr,37,19456,1,94.413,18944,idle,vllm
20261009-180549-r1-vllmf2-longalpaca7b,2026-10-09T18:07:31+00:00,engine_ov,37,19456,1,79.167,19440,idle,vllm
20261009-180549-r1-vllmf2-longalpaca7b,2026-10-09T18:07:31+00:00,f_engine,37,19456,1,15.246,18944,idle,vllm
20261009-180549-r1-vllmf2-longalpaca7b,2026-10-09T18:07:31+00:00,raw_incr,38,19968,1,136.633,19456,idle,vllm
20261009-180549-r1-vllmf2-longalpaca7b,2026-10-09T18:07:31+00:00,overhead,38,19968,1,120.312,19952,idle,vllm
20261009-180549-r1-vllmf2-longalpaca7b,2026-10-09T18:07:31+00:00,f_chunk,38,19968,1,16.322,19456,idle,vllm
20261009-180549-r1-vllmf2-longalpaca7b,2026-10-09T18:07:31+00:00,engine_incr,38,19968,1,96.2,19456,idle,vllm
20261009-180549-r1-vllmf2-longalpaca7b,2026-10-09T18:07:31+00:00,engine_ov,38,19968,1,80.881,19952,idle,vllm
20261009-180549-r1-vllmf2-longalpaca7b,2026-10-09T18:07:31+00:00,f_engine,38,19968,1,15.319,19456,idle,vllm
20261009-180549-r1-vllmf2-longalpaca7b,2026-10-09T18:07:31+00:00,raw_incr,39,20480,1,139.159,19968,idle,vllm
20261009-180549-r1-vllmf2-longalpaca7b,2026-10-09T18:07:31+00:00,overhead,39,20480,1,123.098,20464,idle,vllm
20261009-180549-r1-vllmf2-longalpaca7b,2026-10-09T18:07:31+00:00,f_chunk,39,20480,1,16.061,19968,idle,vllm
20261009-180549-r1-vllmf2-longalpaca7b,2026-10-09T18:07:31+00:00,engine_incr,39,20480,1,98.022,19968,idle,vllm
20261009-180549-r1-vllmf2-longalpaca7b,2026-10-09T18:07:31+00:00,engine_ov,39,20480,1,82.912,20464,idle,vllm
20261009-180549-r1-vllmf2-longalpaca7b,2026-10-09T18:07:31+00:00,f_engine,39,20480,1,15.11,19968,idle,vllm
20261009-180549-r1-vllmf2-longalpaca7b,2026-10-09T18:07:31+00:00,raw_incr,40,20992,1,142.134,20480,idle,vllm
20261009-180549-r1-vllmf2-longalpaca7b,2026-10-09T18:07:31+00:00,overhead,40,20992,1,125.95,20976,idle,vllm
20261009-180549-r1-vllmf2-longalpaca7b,2026-10-09T18:07:31+00:00,f_chunk,40,20992,1,16.184,20480,idle,vllm
20261009-180549-r1-vllmf2-longalpaca7b,2026-10-09T18:07:31+00:00,engine_incr,40,20992,1,100.103,20480,idle,vllm
20261009-180549-r1-vllmf2-longalpaca7b,2026-10-09T18:07:31+00:00,engine_ov,40,20992,1,84.827,20976,idle,vllm
20261009-180549-r1-vllmf2-longalpaca7b,2026-10-09T18:07:31+00:00,f_engine,40,20992,1,15.275,20480,idle,vllm
20261009-180549-r1-vllmf2-longalpaca7b,2026-10-09T18:07:32+00:00,raw_incr,41,21504,1,144.745,20992,idle,vllm
20261009-180549-r1-vllmf2-longalpaca7b,2026-10-09T18:07:32+00:00,overhead,41,21504,1,129.331,21488,idle,vllm
20261009-180549-r1-vllmf2-longalpaca7b,2026-10-09T18:07:32+00:00,f_chunk,41,21504,1,15.415,20992,idle,vllm
20261009-180549-r1-vllmf2-longalpaca7b,2026-10-09T18:07:32+00:00,engine_incr,41,21504,1,101.972,20992,idle,vllm
20261009-180549-r1-vllmf2-longalpaca7b,2026-10-09T18:07:32+00:00,engine_ov,41,21504,1,86.859,21488,idle,vllm
20261009-180549-r1-vllmf2-longalpaca7b,2026-10-09T18:07:32+00:00,f_engine,41,21504,1,15.112,20992,idle,vllm
20261009-180549-r1-vllmf2-longalpaca7b,2026-10-09T18:07:32+00:00,raw_incr,42,22016,1,147.259,21504,idle,vllm
20261009-180549-r1-vllmf2-longalpaca7b,2026-10-09T18:07:32+00:00,overhead,42,22016,1,132.689,22000,idle,vllm
20261009-180549-r1-vllmf2-longalpaca7b,2026-10-09T18:07:32+00:00,f_chunk,42,22016,1,14.571,21504,idle,vllm
20261009-180549-r1-vllmf2-longalpaca7b,2026-10-09T18:07:32+00:00,engine_incr,42,22016,1,103.734,21504,idle,vllm
20261009-180549-r1-vllmf2-longalpaca7b,2026-10-09T18:07:32+00:00,engine_ov,42,22016,1,88.641,22000,idle,vllm
20261009-180549-r1-vllmf2-longalpaca7b,2026-10-09T18:07:32+00:00,f_engine,42,22016,1,15.093,21504,idle,vllm
20261009-180549-r1-vllmf2-longalpaca7b,2026-10-09T18:07:32+00:00,raw_incr,43,22528,1,150.065,22016,idle,vllm
20261009-180549-r1-vllmf2-longalpaca7b,2026-10-09T18:07:32+00:00,overhead,43,22528,1,134.775,22512,idle,vllm
20261009-180549-r1-vllmf2-longalpaca7b,2026-10-09T18:07:32+00:00,f_chunk,43,22528,1,15.291,22016,idle,vllm
20261009-180549-r1-vllmf2-longalpaca7b,2026-10-09T18:07:32+00:00,engine_incr,43,22528,1,105.606,22016,idle,vllm
20261009-180549-r1-vllmf2-longalpaca7b,2026-10-09T18:07:32+00:00,engine_ov,43,22528,1,90.18,22512,idle,vllm
20261009-180549-r1-vllmf2-longalpaca7b,2026-10-09T18:07:32+00:00,f_engine,43,22528,1,15.427,22016,idle,vllm
20261009-180549-r1-vllmf2-longalpaca7b,2026-10-09T18:07:32+00:00,raw_incr,44,23040,1,152.061,22528,idle,vllm
20261009-180549-r1-vllmf2-longalpaca7b,2026-10-09T18:07:32+00:00,overhead,44,23040,1,137.957,23024,idle,vllm
20261009-180549-r1-vllmf2-longalpaca7b,2026-10-09T18:07:32+00:00,f_chunk,44,23040,1,14.105,22528,idle,vllm
20261009-180549-r1-vllmf2-longalpaca7b,2026-10-09T18:07:32+00:00,engine_incr,44,23040,1,106.635,22528,idle,vllm
20261009-180549-r1-vllmf2-longalpaca7b,2026-10-09T18:07:32+00:00,engine_ov,44,23040,1,92.18,23024,idle,vllm
20261009-180549-r1-vllmf2-longalpaca7b,2026-10-09T18:07:32+00:00,f_engine,44,23040,1,14.456,22528,idle,vllm
20261009-180549-r1-vllmf2-longalpaca7b,2026-10-09T18:07:33+00:00,raw_incr,45,23552,1,155.254,23040,idle,vllm
20261009-180549-r1-vllmf2-longalpaca7b,2026-10-09T18:07:33+00:00,overhead,45,23552,1,140.606,23536,idle,vllm
20261009-180549-r1-vllmf2-longalpaca7b,2026-10-09T18:07:33+00:00,f_chunk,45,23552,1,14.648,23040,idle,vllm
20261009-180549-r1-vllmf2-longalpaca7b,2026-10-09T18:07:33+00:00,engine_incr,45,23552,1,108.906,23040,idle,vllm
20261009-180549-r1-vllmf2-longalpaca7b,2026-10-09T18:07:33+00:00,engine_ov,45,23552,1,94.077,23536,idle,vllm
20261009-180549-r1-vllmf2-longalpaca7b,2026-10-09T18:07:33+00:00,f_engine,45,23552,1,14.829,23040,idle,vllm
20261009-180549-r1-vllmf2-longalpaca7b,2026-10-09T18:07:33+00:00,raw_incr,46,24064,1,158.065,23552,idle,vllm
20261009-180549-r1-vllmf2-longalpaca7b,2026-10-09T18:07:33+00:00,overhead,46,24064,1,143.369,24048,idle,vllm
20261009-180549-r1-vllmf2-longalpaca7b,2026-10-09T18:07:33+00:00,f_chunk,46,24064,1,14.696,23552,idle,vllm
20261009-180549-r1-vllmf2-longalpaca7b,2026-10-09T18:07:33+00:00,engine_incr,46,24064,1,110.878,23552,idle,vllm
20261009-180549-r1-vllmf2-longalpaca7b,2026-10-09T18:07:33+00:00,engine_ov,46,24064,1,96.189,24048,idle,vllm
20261009-180549-r1-vllmf2-longalpaca7b,2026-10-09T18:07:33+00:00,f_engine,46,24064,1,14.688,23552,idle,vllm
20261009-180549-r1-vllmf2-longalpaca7b,2026-10-09T18:07:33+00:00,raw_incr,47,24576,1,161.193,24064,idle,vllm
20261009-180549-r1-vllmf2-longalpaca7b,2026-10-09T18:07:33+00:00,overhead,47,24576,1,146.6,24560,idle,vllm
20261009-180549-r1-vllmf2-longalpaca7b,2026-10-09T18:07:33+00:00,f_chunk,47,24576,1,14.593,24064,idle,vllm
20261009-180549-r1-vllmf2-longalpaca7b,2026-10-09T18:07:33+00:00,engine_incr,47,24576,1,112.867,24064,idle,vllm
20261009-180549-r1-vllmf2-longalpaca7b,2026-10-09T18:07:33+00:00,engine_ov,47,24576,1,98.182,24560,idle,vllm
20261009-180549-r1-vllmf2-longalpaca7b,2026-10-09T18:07:33+00:00,f_engine,47,24576,1,14.685,24064,idle,vllm
20261009-180549-r1-vllmf2-longalpaca7b,2026-10-09T18:07:34+00:00,raw_incr,48,25088,1,164.142,24576,idle,vllm
20261009-180549-r1-vllmf2-longalpaca7b,2026-10-09T18:07:34+00:00,overhead,48,25088,1,140.457,25072,idle,vllm
20261009-180549-r1-vllmf2-longalpaca7b,2026-10-09T18:07:34+00:00,f_chunk,48,25088,1,23.685,24576,idle,vllm
20261009-180549-r1-vllmf2-longalpaca7b,2026-10-09T18:07:34+00:00,engine_incr,48,25088,1,115.042,24576,idle,vllm
20261009-180549-r1-vllmf2-longalpaca7b,2026-10-09T18:07:34+00:00,engine_ov,48,25088,1,99.5,25072,idle,vllm
20261009-180549-r1-vllmf2-longalpaca7b,2026-10-09T18:07:34+00:00,f_engine,48,25088,1,15.542,24576,idle,vllm
20261009-180549-r1-vllmf2-longalpaca7b,2026-10-09T18:07:34+00:00,raw_incr,49,25600,1,156.563,25088,idle,vllm
20261009-180549-r1-vllmf2-longalpaca7b,2026-10-09T18:07:34+00:00,overhead,49,25600,1,150.179,25584,idle,vllm
20261009-180549-r1-vllmf2-longalpaca7b,2026-10-09T18:07:34+00:00,f_chunk,49,25600,1,6.384,25088,idle,vllm
20261009-180549-r1-vllmf2-longalpaca7b,2026-10-09T18:07:34+00:00,engine_incr,49,25600,1,116.135,25088,idle,vllm
20261009-180549-r1-vllmf2-longalpaca7b,2026-10-09T18:07:34+00:00,engine_ov,49,25600,1,101.087,25584,idle,vllm
20261009-180549-r1-vllmf2-longalpaca7b,2026-10-09T18:07:34+00:00,f_engine,49,25600,1,15.048,25088,idle,vllm
20261009-180549-r1-vllmf2-longalpaca7b,2026-10-09T18:07:34+00:00,raw_incr,50,26112,1,169.464,25600,idle,vllm
20261009-180549-r1-vllmf2-longalpaca7b,2026-10-09T18:07:34+00:00,overhead,50,26112,1,146.12,26096,idle,vllm
20261009-180549-r1-vllmf2-longalpaca7b,2026-10-09T18:07:34+00:00,f_chunk,50,26112,1,23.344,25600,idle,vllm
20261009-180549-r1-vllmf2-longalpaca7b,2026-10-09T18:07:34+00:00,engine_incr,50,26112,1,118.218,25600,idle,vllm
20261009-180549-r1-vllmf2-longalpaca7b,2026-10-09T18:07:34+00:00,engine_ov,50,26112,1,103.282,26096,idle,vllm
20261009-180549-r1-vllmf2-longalpaca7b,2026-10-09T18:07:34+00:00,f_engine,50,26112,1,14.935,25600,idle,vllm
20261009-180549-r1-vllmf2-longalpaca7b,2026-10-09T18:07:35+00:00,raw_incr,51,26624,1,170.883,26112,idle,vllm
20261009-180549-r1-vllmf2-longalpaca7b,2026-10-09T18:07:35+00:00,overhead,51,26624,1,156.644,26608,idle,vllm
20261009-180549-r1-vllmf2-longalpaca7b,2026-10-09T18:07:35+00:00,f_chunk,51,26624,1,14.239,26112,idle,vllm
20261009-180549-r1-vllmf2-longalpaca7b,2026-10-09T18:07:35+00:00,engine_incr,51,26624,1,120.148,26112,idle,vllm
20261009-180549-r1-vllmf2-longalpaca7b,2026-10-09T18:07:35+00:00,engine_ov,51,26624,1,105.22,26608,idle,vllm
20261009-180549-r1-vllmf2-longalpaca7b,2026-10-09T18:07:35+00:00,f_engine,51,26624,1,14.928,26112,idle,vllm
20261009-180549-r1-vllmf2-longalpaca7b,2026-10-09T18:07:35+00:00,raw_incr,52,27136,1,174.725,26624,idle,vllm
20261009-180549-r1-vllmf2-longalpaca7b,2026-10-09T18:07:35+00:00,overhead,52,27136,1,158.973,27120,idle,vllm
20261009-180549-r1-vllmf2-longalpaca7b,2026-10-09T18:07:35+00:00,f_chunk,52,27136,1,15.752,26624,idle,vllm
20261009-180549-r1-vllmf2-longalpaca7b,2026-10-09T18:07:35+00:00,engine_incr,52,27136,1,121.918,26624,idle,vllm
20261009-180549-r1-vllmf2-longalpaca7b,2026-10-09T18:07:35+00:00,engine_ov,52,27136,1,106.642,27120,idle,vllm
20261009-180549-r1-vllmf2-longalpaca7b,2026-10-09T18:07:35+00:00,f_engine,52,27136,1,15.276,26624,idle,vllm
20261009-180549-r1-vllmf2-longalpaca7b,2026-10-09T18:07:35+00:00,raw_incr,53,27648,1,177.836,27136,idle,vllm
20261009-180549-r1-vllmf2-longalpaca7b,2026-10-09T18:07:35+00:00,overhead,53,27648,1,162.156,27632,idle,vllm
20261009-180549-r1-vllmf2-longalpaca7b,2026-10-09T18:07:35+00:00,f_chunk,53,27648,1,15.679,27136,idle,vllm
20261009-180549-r1-vllmf2-longalpaca7b,2026-10-09T18:07:35+00:00,engine_incr,53,27648,1,123.455,27136,idle,vllm
20261009-180549-r1-vllmf2-longalpaca7b,2026-10-09T18:07:35+00:00,engine_ov,53,27648,1,109.271,27632,idle,vllm
20261009-180549-r1-vllmf2-longalpaca7b,2026-10-09T18:07:35+00:00,f_engine,53,27648,1,14.184,27136,idle,vllm
20261009-180549-r1-vllmf2-longalpaca7b,2026-10-09T18:07:36+00:00,raw_incr,54,28160,1,180.409,27648,idle,vllm
20261009-180549-r1-vllmf2-longalpaca7b,2026-10-09T18:07:36+00:00,overhead,54,28160,1,155.09,28144,idle,vllm
20261009-180549-r1-vllmf2-longalpaca7b,2026-10-09T18:07:36+00:00,f_chunk,54,28160,1,25.319,27648,idle,vllm
20261009-180549-r1-vllmf2-longalpaca7b,2026-10-09T18:07:36+00:00,engine_incr,54,28160,1,125.759,27648,idle,vllm
20261009-180549-r1-vllmf2-longalpaca7b,2026-10-09T18:07:36+00:00,engine_ov,54,28160,1,110.213,28144,idle,vllm
20261009-180549-r1-vllmf2-longalpaca7b,2026-10-09T18:07:36+00:00,f_engine,54,28160,1,15.545,27648,idle,vllm
20261009-180549-r1-vllmf2-longalpaca7b,2026-10-09T18:07:36+00:00,raw_incr,55,28672,1,181.535,28160,idle,vllm
20261009-180549-r1-vllmf2-longalpaca7b,2026-10-09T18:07:36+00:00,overhead,55,28672,1,166.102,28656,idle,vllm
20261009-180549-r1-vllmf2-longalpaca7b,2026-10-09T18:07:36+00:00,f_chunk,55,28672,1,15.433,28160,idle,vllm
20261009-180549-r1-vllmf2-longalpaca7b,2026-10-09T18:07:36+00:00,engine_incr,55,28672,1,127.115,28160,idle,vllm
20261009-180549-r1-vllmf2-longalpaca7b,2026-10-09T18:07:36+00:00,engine_ov,55,28672,1,111.567,28656,idle,vllm
20261009-180549-r1-vllmf2-longalpaca7b,2026-10-09T18:07:36+00:00,f_engine,55,28672,1,15.547,28160,idle,vllm
20261009-180549-r1-vllmf2-longalpaca7b,2026-10-09T18:07:36+00:00,raw_incr,56,29184,1,184.306,28672,idle,vllm
20261009-180549-r1-vllmf2-longalpaca7b,2026-10-09T18:07:36+00:00,overhead,56,29184,1,169.093,29168,idle,vllm
20261009-180549-r1-vllmf2-longalpaca7b,2026-10-09T18:07:36+00:00,f_chunk,56,29184,1,15.213,28672,idle,vllm
20261009-180549-r1-vllmf2-longalpaca7b,2026-10-09T18:07:36+00:00,engine_incr,56,29184,1,128.928,28672,idle,vllm
20261009-180549-r1-vllmf2-longalpaca7b,2026-10-09T18:07:36+00:00,engine_ov,56,29184,1,113.696,29168,idle,vllm
20261009-180549-r1-vllmf2-longalpaca7b,2026-10-09T18:07:36+00:00,f_engine,56,29184,1,15.233,28672,idle,vllm
20261009-180549-r1-vllmf2-longalpaca7b,2026-10-09T18:07:37+00:00,raw_incr,57,29696,1,186.785,29184,idle,vllm
20261009-180549-r1-vllmf2-longalpaca7b,2026-10-09T18:07:37+00:00,overhead,57,29696,1,172.082,29680,idle,vllm
20261009-180549-r1-vllmf2-longalpaca7b,2026-10-09T18:07:37+00:00,f_chunk,57,29696,1,14.703,29184,idle,vllm
20261009-180549-r1-vllmf2-longalpaca7b,2026-10-09T18:07:37+00:00,engine_incr,57,29696,1,130.709,29184,idle,vllm
20261009-180549-r1-vllmf2-longalpaca7b,2026-10-09T18:07:37+00:00,engine_ov,57,29696,1,115.446,29680,idle,vllm
20261009-180549-r1-vllmf2-longalpaca7b,2026-10-09T18:07:37+00:00,f_engine,57,29696,1,15.263,29184,idle,vllm
20261009-180549-r1-vllmf2-longalpaca7b,2026-10-09T18:07:37+00:00,raw_incr,58,30208,1,180.551,29696,idle,vllm
20261009-180549-r1-vllmf2-longalpaca7b,2026-10-09T18:07:37+00:00,overhead,58,30208,1,165.278,30192,idle,vllm
20261009-180549-r1-vllmf2-longalpaca7b,2026-10-09T18:07:37+00:00,f_chunk,58,30208,1,15.273,29696,idle,vllm
20261009-180549-r1-vllmf2-longalpaca7b,2026-10-09T18:07:37+00:00,engine_incr,58,30208,1,132.684,29696,idle,vllm
20261009-180549-r1-vllmf2-longalpaca7b,2026-10-09T18:07:37+00:00,engine_ov,58,30208,1,117.541,30192,idle,vllm
20261009-180549-r1-vllmf2-longalpaca7b,2026-10-09T18:07:37+00:00,f_engine,58,30208,1,15.143,29696,idle,vllm
20261009-180549-r1-vllmf2-longalpaca7b,2026-10-09T18:07:37+00:00,raw_incr,59,30720,1,183.668,30208,idle,vllm
20261009-180549-r1-vllmf2-longalpaca7b,2026-10-09T18:07:37+00:00,overhead,59,30720,1,166.962,30704,idle,vllm
20261009-180549-r1-vllmf2-longalpaca7b,2026-10-09T18:07:37+00:00,f_chunk,59,30720,1,16.706,30208,idle,vllm
20261009-180549-r1-vllmf2-longalpaca7b,2026-10-09T18:07:37+00:00,engine_incr,59,30720,1,134.758,30208,idle,vllm
20261009-180549-r1-vllmf2-longalpaca7b,2026-10-09T18:07:37+00:00,engine_ov,59,30720,1,118.813,30704,idle,vllm
20261009-180549-r1-vllmf2-longalpaca7b,2026-10-09T18:07:37+00:00,f_engine,59,30720,1,15.944,30208,idle,vllm
20261009-180549-r1-vllmf2-longalpaca7b,2026-10-09T18:07:38+00:00,raw_incr,60,31232,1,185.58,30720,idle,vllm
20261009-180549-r1-vllmf2-longalpaca7b,2026-10-09T18:07:38+00:00,overhead,60,31232,1,170.225,31216,idle,vllm
20261009-180549-r1-vllmf2-longalpaca7b,2026-10-09T18:07:38+00:00,f_chunk,60,31232,1,15.354,30720,idle,vllm
20261009-180549-r1-vllmf2-longalpaca7b,2026-10-09T18:07:38+00:00,engine_incr,60,31232,1,136.041,30720,idle,vllm
20261009-180549-r1-vllmf2-longalpaca7b,2026-10-09T18:07:38+00:00,engine_ov,60,31232,1,120.822,31216,idle,vllm
20261009-180549-r1-vllmf2-longalpaca7b,2026-10-09T18:07:38+00:00,f_engine,60,31232,1,15.219,30720,idle,vllm
20261009-180549-r1-vllmf2-longalpaca7b,2026-10-09T18:07:38+00:00,raw_incr,61,31744,1,188.163,31232,idle,vllm
20261009-180549-r1-vllmf2-longalpaca7b,2026-10-09T18:07:38+00:00,overhead,61,31744,1,173.672,31728,idle,vllm
20261009-180549-r1-vllmf2-longalpaca7b,2026-10-09T18:07:38+00:00,f_chunk,61,31744,1,14.491,31232,idle,vllm
20261009-180549-r1-vllmf2-longalpaca7b,2026-10-09T18:07:38+00:00,engine_incr,61,31744,1,138.153,31232,idle,vllm
20261009-180549-r1-vllmf2-longalpaca7b,2026-10-09T18:07:38+00:00,engine_ov,61,31744,1,123.914,31728,idle,vllm
20261009-180549-r1-vllmf2-longalpaca7b,2026-10-09T18:07:38+00:00,f_engine,61,31744,1,14.239,31232,idle,vllm
20261009-180549-r1-vllmf2-longalpaca7b,2026-10-09T18:07:38+00:00,raw_incr,0,512,2,29.275,0,idle,vllm
20261009-180549-r1-vllmf2-longalpaca7b,2026-10-09T18:07:38+00:00,overhead,0,512,2,24.275,496,idle,vllm
20261009-180549-r1-vllmf2-longalpaca7b,2026-10-09T18:07:38+00:00,f_chunk,0,512,2,5.0,0,idle,vllm
20261009-180549-r1-vllmf2-longalpaca7b,2026-10-09T18:07:38+00:00,engine_incr,0,512,2,25.546,0,idle,vllm
20261009-180549-r1-vllmf2-longalpaca7b,2026-10-09T18:07:38+00:00,engine_ov,0,512,2,21.895,496,idle,vllm
20261009-180549-r1-vllmf2-longalpaca7b,2026-10-09T18:07:38+00:00,f_engine,0,512,2,3.652,0,idle,vllm
20261009-180549-r1-vllmf2-longalpaca7b,2026-10-09T18:07:38+00:00,raw_incr,1,1024,2,30.237,512,idle,vllm
20261009-180549-r1-vllmf2-longalpaca7b,2026-10-09T18:07:38+00:00,overhead,1,1024,2,19.98,1008,idle,vllm
20261009-180549-r1-vllmf2-longalpaca7b,2026-10-09T18:07:38+00:00,f_chunk,1,1024,2,10.257,512,idle,vllm
20261009-180549-r1-vllmf2-longalpaca7b,2026-10-09T18:07:38+00:00,engine_incr,1,1024,2,26.281,512,idle,vllm
20261009-180549-r1-vllmf2-longalpaca7b,2026-10-09T18:07:38+00:00,engine_ov,1,1024,2,15.932,1008,idle,vllm
20261009-180549-r1-vllmf2-longalpaca7b,2026-10-09T18:07:38+00:00,f_engine,1,1024,2,10.349,512,idle,vllm
20261009-180549-r1-vllmf2-longalpaca7b,2026-10-09T18:07:38+00:00,raw_incr,2,1536,2,32.62,1024,idle,vllm
20261009-180549-r1-vllmf2-longalpaca7b,2026-10-09T18:07:38+00:00,overhead,2,1536,2,20.963,1520,idle,vllm
20261009-180549-r1-vllmf2-longalpaca7b,2026-10-09T18:07:38+00:00,f_chunk,2,1536,2,11.657,1024,idle,vllm
20261009-180549-r1-vllmf2-longalpaca7b,2026-10-09T18:07:38+00:00,engine_incr,2,1536,2,27.365,1024,idle,vllm
20261009-180549-r1-vllmf2-longalpaca7b,2026-10-09T18:07:38+00:00,engine_ov,2,1536,2,15.704,1520,idle,vllm
20261009-180549-r1-vllmf2-longalpaca7b,2026-10-09T18:07:38+00:00,f_engine,2,1536,2,11.661,1024,idle,vllm
20261009-180549-r1-vllmf2-longalpaca7b,2026-10-09T18:07:38+00:00,raw_incr,3,2048,2,35.517,1536,idle,vllm
20261009-180549-r1-vllmf2-longalpaca7b,2026-10-09T18:07:38+00:00,overhead,3,2048,2,22.013,2032,idle,vllm
20261009-180549-r1-vllmf2-longalpaca7b,2026-10-09T18:07:38+00:00,f_chunk,3,2048,2,13.503,1536,idle,vllm
20261009-180549-r1-vllmf2-longalpaca7b,2026-10-09T18:07:38+00:00,engine_incr,3,2048,2,29.504,1536,idle,vllm
20261009-180549-r1-vllmf2-longalpaca7b,2026-10-09T18:07:38+00:00,engine_ov,3,2048,2,15.857,2032,idle,vllm
20261009-180549-r1-vllmf2-longalpaca7b,2026-10-09T18:07:38+00:00,f_engine,3,2048,2,13.647,1536,idle,vllm
20261009-180549-r1-vllmf2-longalpaca7b,2026-10-09T18:07:38+00:00,raw_incr,4,2560,2,38.228,2048,idle,vllm
20261009-180549-r1-vllmf2-longalpaca7b,2026-10-09T18:07:38+00:00,overhead,4,2560,2,24.087,2544,idle,vllm
20261009-180549-r1-vllmf2-longalpaca7b,2026-10-09T18:07:38+00:00,f_chunk,4,2560,2,14.141,2048,idle,vllm
20261009-180549-r1-vllmf2-longalpaca7b,2026-10-09T18:07:38+00:00,engine_incr,4,2560,2,31.128,2048,idle,vllm
20261009-180549-r1-vllmf2-longalpaca7b,2026-10-09T18:07:38+00:00,engine_ov,4,2560,2,17.294,2544,idle,vllm
20261009-180549-r1-vllmf2-longalpaca7b,2026-10-09T18:07:38+00:00,f_engine,4,2560,2,13.834,2048,idle,vllm
20261009-180549-r1-vllmf2-longalpaca7b,2026-10-09T18:07:38+00:00,raw_incr,5,3072,2,41.401,2560,idle,vllm
20261009-180549-r1-vllmf2-longalpaca7b,2026-10-09T18:07:38+00:00,overhead,5,3072,2,27.074,3056,idle,vllm
20261009-180549-r1-vllmf2-longalpaca7b,2026-10-09T18:07:38+00:00,f_chunk,5,3072,2,14.327,2560,idle,vllm
20261009-180549-r1-vllmf2-longalpaca7b,2026-10-09T18:07:38+00:00,engine_incr,5,3072,2,33.444,2560,idle,vllm
20261009-180549-r1-vllmf2-longalpaca7b,2026-10-09T18:07:38+00:00,engine_ov,5,3072,2,19.122,3056,idle,vllm
20261009-180549-r1-vllmf2-longalpaca7b,2026-10-09T18:07:38+00:00,f_engine,5,3072,2,14.321,2560,idle,vllm
20261009-180549-r1-vllmf2-longalpaca7b,2026-10-09T18:07:39+00:00,raw_incr,6,3584,2,44.367,3072,idle,vllm
20261009-180549-r1-vllmf2-longalpaca7b,2026-10-09T18:07:39+00:00,overhead,6,3584,2,29.878,3568,idle,vllm
20261009-180549-r1-vllmf2-longalpaca7b,2026-10-09T18:07:39+00:00,f_chunk,6,3584,2,14.489,3072,idle,vllm
20261009-180549-r1-vllmf2-longalpaca7b,2026-10-09T18:07:39+00:00,engine_incr,6,3584,2,35.255,3072,idle,vllm
20261009-180549-r1-vllmf2-longalpaca7b,2026-10-09T18:07:39+00:00,engine_ov,6,3584,2,21.001,3568,idle,vllm
20261009-180549-r1-vllmf2-longalpaca7b,2026-10-09T18:07:39+00:00,f_engine,6,3584,2,14.253,3072,idle,vllm
20261009-180549-r1-vllmf2-longalpaca7b,2026-10-09T18:07:39+00:00,raw_incr,7,4096,2,47.46,3584,idle,vllm
20261009-180549-r1-vllmf2-longalpaca7b,2026-10-09T18:07:39+00:00,overhead,7,4096,2,32.862,4080,idle,vllm
20261009-180549-r1-vllmf2-longalpaca7b,2026-10-09T18:07:39+00:00,f_chunk,7,4096,2,14.598,3584,idle,vllm
20261009-180549-r1-vllmf2-longalpaca7b,2026-10-09T18:07:39+00:00,engine_incr,7,4096,2,37.308,3584,idle,vllm
20261009-180549-r1-vllmf2-longalpaca7b,2026-10-09T18:07:39+00:00,engine_ov,7,4096,2,22.919,4080,idle,vllm
20261009-180549-r1-vllmf2-longalpaca7b,2026-10-09T18:07:39+00:00,f_engine,7,4096,2,14.389,3584,idle,vllm
20261009-180549-r1-vllmf2-longalpaca7b,2026-10-09T18:07:39+00:00,raw_incr,8,4608,2,50.159,4096,idle,vllm
20261009-180549-r1-vllmf2-longalpaca7b,2026-10-09T18:07:39+00:00,overhead,8,4608,2,35.508,4592,idle,vllm
20261009-180549-r1-vllmf2-longalpaca7b,2026-10-09T18:07:39+00:00,f_chunk,8,4608,2,14.651,4096,idle,vllm
20261009-180549-r1-vllmf2-longalpaca7b,2026-10-09T18:07:39+00:00,engine_incr,8,4608,2,39.085,4096,idle,vllm
20261009-180549-r1-vllmf2-longalpaca7b,2026-10-09T18:07:39+00:00,engine_ov,8,4608,2,24.744,4592,idle,vllm
20261009-180549-r1-vllmf2-longalpaca7b,2026-10-09T18:07:39+00:00,f_engine,8,4608,2,14.341,4096,idle,vllm
20261009-180549-r1-vllmf2-longalpaca7b,2026-10-09T18:07:39+00:00,raw_incr,9,5120,2,53.562,4608,idle,vllm
20261009-180549-r1-vllmf2-longalpaca7b,2026-10-09T18:07:39+00:00,overhead,9,5120,2,39.203,5104,idle,vllm
20261009-180549-r1-vllmf2-longalpaca7b,2026-10-09T18:07:39+00:00,f_chunk,9,5120,2,14.36,4608,idle,vllm
20261009-180549-r1-vllmf2-longalpaca7b,2026-10-09T18:07:39+00:00,engine_incr,9,5120,2,41.454,4608,idle,vllm
20261009-180549-r1-vllmf2-longalpaca7b,2026-10-09T18:07:39+00:00,engine_ov,9,5120,2,27.283,5104,idle,vllm
20261009-180549-r1-vllmf2-longalpaca7b,2026-10-09T18:07:39+00:00,f_engine,9,5120,2,14.171,4608,idle,vllm
20261009-180549-r1-vllmf2-longalpaca7b,2026-10-09T18:07:39+00:00,raw_incr,10,5632,2,56.542,5120,idle,vllm
20261009-180549-r1-vllmf2-longalpaca7b,2026-10-09T18:07:39+00:00,overhead,10,5632,2,41.918,5616,idle,vllm
20261009-180549-r1-vllmf2-longalpaca7b,2026-10-09T18:07:39+00:00,f_chunk,10,5632,2,14.624,5120,idle,vllm
20261009-180549-r1-vllmf2-longalpaca7b,2026-10-09T18:07:39+00:00,engine_incr,10,5632,2,43.423,5120,idle,vllm
20261009-180549-r1-vllmf2-longalpaca7b,2026-10-09T18:07:39+00:00,engine_ov,10,5632,2,28.965,5616,idle,vllm
20261009-180549-r1-vllmf2-longalpaca7b,2026-10-09T18:07:39+00:00,f_engine,10,5632,2,14.458,5120,idle,vllm
20261009-180549-r1-vllmf2-longalpaca7b,2026-10-09T18:07:39+00:00,raw_incr,11,6144,2,59.503,5632,idle,vllm
20261009-180549-r1-vllmf2-longalpaca7b,2026-10-09T18:07:39+00:00,overhead,11,6144,2,44.886,6128,idle,vllm
20261009-180549-r1-vllmf2-longalpaca7b,2026-10-09T18:07:39+00:00,f_chunk,11,6144,2,14.617,5632,idle,vllm
20261009-180549-r1-vllmf2-longalpaca7b,2026-10-09T18:07:39+00:00,engine_incr,11,6144,2,45.392,5632,idle,vllm
20261009-180549-r1-vllmf2-longalpaca7b,2026-10-09T18:07:39+00:00,engine_ov,11,6144,2,30.982,6128,idle,vllm
20261009-180549-r1-vllmf2-longalpaca7b,2026-10-09T18:07:39+00:00,f_engine,11,6144,2,14.409,5632,idle,vllm
20261009-180549-r1-vllmf2-longalpaca7b,2026-10-09T18:07:39+00:00,raw_incr,12,6656,2,62.144,6144,idle,vllm
20261009-180549-r1-vllmf2-longalpaca7b,2026-10-09T18:07:39+00:00,overhead,12,6656,2,47.617,6640,idle,vllm
20261009-180549-r1-vllmf2-longalpaca7b,2026-10-09T18:07:39+00:00,f_chunk,12,6656,2,14.527,6144,idle,vllm
20261009-180549-r1-vllmf2-longalpaca7b,2026-10-09T18:07:39+00:00,engine_incr,12,6656,2,47.104,6144,idle,vllm
20261009-180549-r1-vllmf2-longalpaca7b,2026-10-09T18:07:39+00:00,engine_ov,12,6656,2,32.844,6640,idle,vllm
20261009-180549-r1-vllmf2-longalpaca7b,2026-10-09T18:07:39+00:00,f_engine,12,6656,2,14.259,6144,idle,vllm
20261009-180549-r1-vllmf2-longalpaca7b,2026-10-09T18:07:39+00:00,raw_incr,13,7168,2,64.993,6656,idle,vllm
20261009-180549-r1-vllmf2-longalpaca7b,2026-10-09T18:07:39+00:00,overhead,13,7168,2,50.707,7152,idle,vllm
20261009-180549-r1-vllmf2-longalpaca7b,2026-10-09T18:07:39+00:00,f_chunk,13,7168,2,14.287,6656,idle,vllm
20261009-180549-r1-vllmf2-longalpaca7b,2026-10-09T18:07:39+00:00,engine_incr,13,7168,2,49.047,6656,idle,vllm
20261009-180549-r1-vllmf2-longalpaca7b,2026-10-09T18:07:39+00:00,engine_ov,13,7168,2,34.878,7152,idle,vllm
20261009-180549-r1-vllmf2-longalpaca7b,2026-10-09T18:07:39+00:00,f_engine,13,7168,2,14.169,6656,idle,vllm
20261009-180549-r1-vllmf2-longalpaca7b,2026-10-09T18:07:39+00:00,raw_incr,14,7680,2,67.796,7168,idle,vllm
20261009-180549-r1-vllmf2-longalpaca7b,2026-10-09T18:07:39+00:00,overhead,14,7680,2,53.514,7664,idle,vllm
20261009-180549-r1-vllmf2-longalpaca7b,2026-10-09T18:07:39+00:00,f_chunk,14,7680,2,14.281,7168,idle,vllm
20261009-180549-r1-vllmf2-longalpaca7b,2026-10-09T18:07:39+00:00,engine_incr,14,7680,2,50.988,7168,idle,vllm
20261009-180549-r1-vllmf2-longalpaca7b,2026-10-09T18:07:39+00:00,engine_ov,14,7680,2,36.732,7664,idle,vllm
20261009-180549-r1-vllmf2-longalpaca7b,2026-10-09T18:07:39+00:00,f_engine,14,7680,2,14.256,7168,idle,vllm
20261009-180549-r1-vllmf2-longalpaca7b,2026-10-09T18:07:39+00:00,raw_incr,15,8192,2,70.592,7680,idle,vllm
20261009-180549-r1-vllmf2-longalpaca7b,2026-10-09T18:07:39+00:00,overhead,15,8192,2,56.579,8176,idle,vllm
20261009-180549-r1-vllmf2-longalpaca7b,2026-10-09T18:07:39+00:00,f_chunk,15,8192,2,14.013,7680,idle,vllm
20261009-180549-r1-vllmf2-longalpaca7b,2026-10-09T18:07:39+00:00,engine_incr,15,8192,2,52.755,7680,idle,vllm
20261009-180549-r1-vllmf2-longalpaca7b,2026-10-09T18:07:39+00:00,engine_ov,15,8192,2,38.743,8176,idle,vllm
20261009-180549-r1-vllmf2-longalpaca7b,2026-10-09T18:07:39+00:00,f_engine,15,8192,2,14.012,7680,idle,vllm
20261009-180549-r1-vllmf2-longalpaca7b,2026-10-09T18:07:40+00:00,raw_incr,16,8704,2,73.777,8192,idle,vllm
20261009-180549-r1-vllmf2-longalpaca7b,2026-10-09T18:07:40+00:00,overhead,16,8704,2,59.145,8688,idle,vllm
20261009-180549-r1-vllmf2-longalpaca7b,2026-10-09T18:07:40+00:00,f_chunk,16,8704,2,14.633,8192,idle,vllm
20261009-180549-r1-vllmf2-longalpaca7b,2026-10-09T18:07:40+00:00,engine_incr,16,8704,2,54.806,8192,idle,vllm
20261009-180549-r1-vllmf2-longalpaca7b,2026-10-09T18:07:40+00:00,engine_ov,16,8704,2,40.389,8688,idle,vllm
20261009-180549-r1-vllmf2-longalpaca7b,2026-10-09T18:07:40+00:00,f_engine,16,8704,2,14.417,8192,idle,vllm
20261009-180549-r1-vllmf2-longalpaca7b,2026-10-09T18:07:40+00:00,raw_incr,17,9216,2,76.758,8704,idle,vllm
20261009-180549-r1-vllmf2-longalpaca7b,2026-10-09T18:07:40+00:00,overhead,17,9216,2,62.115,9200,idle,vllm
20261009-180549-r1-vllmf2-longalpaca7b,2026-10-09T18:07:40+00:00,f_chunk,17,9216,2,14.643,8704,idle,vllm
20261009-180549-r1-vllmf2-longalpaca7b,2026-10-09T18:07:40+00:00,engine_incr,17,9216,2,56.739,8704,idle,vllm
20261009-180549-r1-vllmf2-longalpaca7b,2026-10-09T18:07:40+00:00,engine_ov,17,9216,2,42.331,9200,idle,vllm
20261009-180549-r1-vllmf2-longalpaca7b,2026-10-09T18:07:40+00:00,f_engine,17,9216,2,14.409,8704,idle,vllm
20261009-180549-r1-vllmf2-longalpaca7b,2026-10-09T18:07:40+00:00,raw_incr,18,9728,2,79.481,9216,idle,vllm
20261009-180549-r1-vllmf2-longalpaca7b,2026-10-09T18:07:40+00:00,overhead,18,9728,2,65.074,9712,idle,vllm
20261009-180549-r1-vllmf2-longalpaca7b,2026-10-09T18:07:40+00:00,f_chunk,18,9728,2,14.408,9216,idle,vllm
20261009-180549-r1-vllmf2-longalpaca7b,2026-10-09T18:07:40+00:00,engine_incr,18,9728,2,58.541,9216,idle,vllm
20261009-180549-r1-vllmf2-longalpaca7b,2026-10-09T18:07:40+00:00,engine_ov,18,9728,2,44.383,9712,idle,vllm
20261009-180549-r1-vllmf2-longalpaca7b,2026-10-09T18:07:40+00:00,f_engine,18,9728,2,14.158,9216,idle,vllm
20261009-180549-r1-vllmf2-longalpaca7b,2026-10-09T18:07:40+00:00,raw_incr,19,10240,2,82.562,9728,idle,vllm
20261009-180549-r1-vllmf2-longalpaca7b,2026-10-09T18:07:40+00:00,overhead,19,10240,2,67.921,10224,idle,vllm
20261009-180549-r1-vllmf2-longalpaca7b,2026-10-09T18:07:40+00:00,f_chunk,19,10240,2,14.64,9728,idle,vllm
20261009-180549-r1-vllmf2-longalpaca7b,2026-10-09T18:07:40+00:00,engine_incr,19,10240,2,60.687,9728,idle,vllm
20261009-180549-r1-vllmf2-longalpaca7b,2026-10-09T18:07:40+00:00,engine_ov,19,10240,2,46.12,10224,idle,vllm
20261009-180549-r1-vllmf2-longalpaca7b,2026-10-09T18:07:40+00:00,f_engine,19,10240,2,14.566,9728,idle,vllm
20261009-180549-r1-vllmf2-longalpaca7b,2026-10-09T18:07:40+00:00,raw_incr,20,10752,2,85.259,10240,idle,vllm
20261009-180549-r1-vllmf2-longalpaca7b,2026-10-09T18:07:40+00:00,overhead,20,10752,2,70.739,10736,idle,vllm
20261009-180549-r1-vllmf2-longalpaca7b,2026-10-09T18:07:40+00:00,f_chunk,20,10752,2,14.52,10240,idle,vllm
20261009-180549-r1-vllmf2-longalpaca7b,2026-10-09T18:07:40+00:00,engine_incr,20,10752,2,62.487,10240,idle,vllm
20261009-180549-r1-vllmf2-longalpaca7b,2026-10-09T18:07:40+00:00,engine_ov,20,10752,2,48.102,10736,idle,vllm
20261009-180549-r1-vllmf2-longalpaca7b,2026-10-09T18:07:40+00:00,f_engine,20,10752,2,14.385,10240,idle,vllm
20261009-180549-r1-vllmf2-longalpaca7b,2026-10-09T18:07:40+00:00,raw_incr,21,11264,2,88.261,10752,idle,vllm
20261009-180549-r1-vllmf2-longalpaca7b,2026-10-09T18:07:40+00:00,overhead,21,11264,2,73.437,11248,idle,vllm
20261009-180549-r1-vllmf2-longalpaca7b,2026-10-09T18:07:40+00:00,f_chunk,21,11264,2,14.823,10752,idle,vllm
20261009-180549-r1-vllmf2-longalpaca7b,2026-10-09T18:07:40+00:00,engine_incr,21,11264,2,64.435,10752,idle,vllm
20261009-180549-r1-vllmf2-longalpaca7b,2026-10-09T18:07:40+00:00,engine_ov,21,11264,2,49.728,11248,idle,vllm
20261009-180549-r1-vllmf2-longalpaca7b,2026-10-09T18:07:40+00:00,f_engine,21,11264,2,14.707,10752,idle,vllm
20261009-180549-r1-vllmf2-longalpaca7b,2026-10-09T18:07:41+00:00,raw_incr,22,11776,2,90.721,11264,idle,vllm
20261009-180549-r1-vllmf2-longalpaca7b,2026-10-09T18:07:41+00:00,overhead,22,11776,2,76.012,11760,idle,vllm
20261009-180549-r1-vllmf2-longalpaca7b,2026-10-09T18:07:41+00:00,f_chunk,22,11776,2,14.71,11264,idle,vllm
20261009-180549-r1-vllmf2-longalpaca7b,2026-10-09T18:07:41+00:00,engine_incr,22,11776,2,66.196,11264,idle,vllm
20261009-180549-r1-vllmf2-longalpaca7b,2026-10-09T18:07:41+00:00,engine_ov,22,11776,2,51.59,11760,idle,vllm
20261009-180549-r1-vllmf2-longalpaca7b,2026-10-09T18:07:41+00:00,f_engine,22,11776,2,14.606,11264,idle,vllm
20261009-180549-r1-vllmf2-longalpaca7b,2026-10-09T18:07:41+00:00,raw_incr,23,12288,2,93.62,11776,idle,vllm
20261009-180549-r1-vllmf2-longalpaca7b,2026-10-09T18:07:41+00:00,overhead,23,12288,2,79.064,12272,idle,vllm
20261009-180549-r1-vllmf2-longalpaca7b,2026-10-09T18:07:41+00:00,f_chunk,23,12288,2,14.555,11776,idle,vllm
20261009-180549-r1-vllmf2-longalpaca7b,2026-10-09T18:07:41+00:00,engine_incr,23,12288,2,68.021,11776,idle,vllm
20261009-180549-r1-vllmf2-longalpaca7b,2026-10-09T18:07:41+00:00,engine_ov,23,12288,2,53.578,12272,idle,vllm
20261009-180549-r1-vllmf2-longalpaca7b,2026-10-09T18:07:41+00:00,f_engine,23,12288,2,14.443,11776,idle,vllm
20261009-180549-r1-vllmf2-longalpaca7b,2026-10-09T18:07:41+00:00,raw_incr,24,12800,2,97.487,12288,idle,vllm
20261009-180549-r1-vllmf2-longalpaca7b,2026-10-09T18:07:41+00:00,overhead,24,12800,2,82.027,12784,idle,vllm
20261009-180549-r1-vllmf2-longalpaca7b,2026-10-09T18:07:41+00:00,f_chunk,24,12800,2,15.46,12288,idle,vllm
20261009-180549-r1-vllmf2-longalpaca7b,2026-10-09T18:07:41+00:00,engine_incr,24,12800,2,70.892,12288,idle,vllm
20261009-180549-r1-vllmf2-longalpaca7b,2026-10-09T18:07:41+00:00,engine_ov,24,12800,2,55.41,12784,idle,vllm
20261009-180549-r1-vllmf2-longalpaca7b,2026-10-09T18:07:41+00:00,f_engine,24,12800,2,15.482,12288,idle,vllm
20261009-180549-r1-vllmf2-longalpaca7b,2026-10-09T18:07:41+00:00,raw_incr,25,13312,2,98.843,12800,idle,vllm
20261009-180549-r1-vllmf2-longalpaca7b,2026-10-09T18:07:41+00:00,overhead,25,13312,2,84.856,13296,idle,vllm
20261009-180549-r1-vllmf2-longalpaca7b,2026-10-09T18:07:41+00:00,f_chunk,25,13312,2,13.987,12800,idle,vllm
20261009-180549-r1-vllmf2-longalpaca7b,2026-10-09T18:07:41+00:00,engine_incr,25,13312,2,71.439,12800,idle,vllm
20261009-180549-r1-vllmf2-longalpaca7b,2026-10-09T18:07:41+00:00,engine_ov,25,13312,2,57.373,13296,idle,vllm
20261009-180549-r1-vllmf2-longalpaca7b,2026-10-09T18:07:41+00:00,f_engine,25,13312,2,14.065,12800,idle,vllm
20261009-180549-r1-vllmf2-longalpaca7b,2026-10-09T18:07:41+00:00,raw_incr,26,13824,2,102.167,13312,idle,vllm
20261009-180549-r1-vllmf2-longalpaca7b,2026-10-09T18:07:41+00:00,overhead,26,13824,2,87.713,13808,idle,vllm
20261009-180549-r1-vllmf2-longalpaca7b,2026-10-09T18:07:41+00:00,f_chunk,26,13824,2,14.454,13312,idle,vllm
20261009-180549-r1-vllmf2-longalpaca7b,2026-10-09T18:07:41+00:00,engine_incr,26,13824,2,73.81,13312,idle,vllm
20261009-180549-r1-vllmf2-longalpaca7b,2026-10-09T18:07:41+00:00,engine_ov,26,13824,2,59.184,13808,idle,vllm
20261009-180549-r1-vllmf2-longalpaca7b,2026-10-09T18:07:41+00:00,f_engine,26,13824,2,14.627,13312,idle,vllm
20261009-180549-r1-vllmf2-longalpaca7b,2026-10-09T18:07:41+00:00,raw_incr,27,14336,2,105.155,13824,idle,vllm
20261009-180549-r1-vllmf2-longalpaca7b,2026-10-09T18:07:41+00:00,overhead,27,14336,2,89.911,14320,idle,vllm
20261009-180549-r1-vllmf2-longalpaca7b,2026-10-09T18:07:41+00:00,f_chunk,27,14336,2,15.244,13824,idle,vllm
20261009-180549-r1-vllmf2-longalpaca7b,2026-10-09T18:07:41+00:00,engine_incr,27,14336,2,75.656,13824,idle,vllm
20261009-180549-r1-vllmf2-longalpaca7b,2026-10-09T18:07:41+00:00,engine_ov,27,14336,2,60.806,14320,idle,vllm
20261009-180549-r1-vllmf2-longalpaca7b,2026-10-09T18:07:41+00:00,f_engine,27,14336,2,14.851,13824,idle,vllm
20261009-180549-r1-vllmf2-longalpaca7b,2026-10-09T18:07:42+00:00,raw_incr,28,14848,2,107.321,14336,idle,vllm
20261009-180549-r1-vllmf2-longalpaca7b,2026-10-09T18:07:42+00:00,overhead,28,14848,2,92.822,14832,idle,vllm
20261009-180549-r1-vllmf2-longalpaca7b,2026-10-09T18:07:42+00:00,f_chunk,28,14848,2,14.499,14336,idle,vllm
20261009-180549-r1-vllmf2-longalpaca7b,2026-10-09T18:07:42+00:00,engine_incr,28,14848,2,77.035,14336,idle,vllm
20261009-180549-r1-vllmf2-longalpaca7b,2026-10-09T18:07:42+00:00,engine_ov,28,14848,2,62.359,14832,idle,vllm
20261009-180549-r1-vllmf2-longalpaca7b,2026-10-09T18:07:42+00:00,f_engine,28,14848,2,14.676,14336,idle,vllm
20261009-180549-r1-vllmf2-longalpaca7b,2026-10-09T18:07:42+00:00,raw_incr,29,15360,2,110.236,14848,idle,vllm
20261009-180549-r1-vllmf2-longalpaca7b,2026-10-09T18:07:42+00:00,overhead,29,15360,2,95.381,15344,idle,vllm
20261009-180549-r1-vllmf2-longalpaca7b,2026-10-09T18:07:42+00:00,f_chunk,29,15360,2,14.855,14848,idle,vllm
20261009-180549-r1-vllmf2-longalpaca7b,2026-10-09T18:07:42+00:00,engine_incr,29,15360,2,78.976,14848,idle,vllm
20261009-180549-r1-vllmf2-longalpaca7b,2026-10-09T18:07:42+00:00,engine_ov,29,15360,2,64.347,15344,idle,vllm
20261009-180549-r1-vllmf2-longalpaca7b,2026-10-09T18:07:42+00:00,f_engine,29,15360,2,14.629,14848,idle,vllm
20261009-180549-r1-vllmf2-longalpaca7b,2026-10-09T18:07:42+00:00,raw_incr,30,15872,2,113.939,15360,idle,vllm
20261009-180549-r1-vllmf2-longalpaca7b,2026-10-09T18:07:42+00:00,overhead,30,15872,2,98.937,15856,idle,vllm
20261009-180549-r1-vllmf2-longalpaca7b,2026-10-09T18:07:42+00:00,f_chunk,30,15872,2,15.001,15360,idle,vllm
20261009-180549-r1-vllmf2-longalpaca7b,2026-10-09T18:07:42+00:00,engine_incr,30,15872,2,81.427,15360,idle,vllm
20261009-180549-r1-vllmf2-longalpaca7b,2026-10-09T18:07:42+00:00,engine_ov,30,15872,2,66.833,15856,idle,vllm
20261009-180549-r1-vllmf2-longalpaca7b,2026-10-09T18:07:42+00:00,f_engine,30,15872,2,14.594,15360,idle,vllm
20261009-180549-r1-vllmf2-longalpaca7b,2026-10-09T18:07:42+00:00,raw_incr,31,16384,2,116.549,15872,idle,vllm
20261009-180549-r1-vllmf2-longalpaca7b,2026-10-09T18:07:42+00:00,overhead,31,16384,2,101.837,16368,idle,vllm
20261009-180549-r1-vllmf2-longalpaca7b,2026-10-09T18:07:42+00:00,f_chunk,31,16384,2,14.712,15872,idle,vllm
20261009-180549-r1-vllmf2-longalpaca7b,2026-10-09T18:07:42+00:00,engine_incr,31,16384,2,83.217,15872,idle,vllm
20261009-180549-r1-vllmf2-longalpaca7b,2026-10-09T18:07:42+00:00,engine_ov,31,16384,2,68.548,16368,idle,vllm
20261009-180549-r1-vllmf2-longalpaca7b,2026-10-09T18:07:42+00:00,f_engine,31,16384,2,14.668,15872,idle,vllm
20261009-180549-r1-vllmf2-longalpaca7b,2026-10-09T18:07:43+00:00,raw_incr,32,16896,2,119.236,16384,idle,vllm
20261009-180549-r1-vllmf2-longalpaca7b,2026-10-09T18:07:43+00:00,overhead,32,16896,2,104.083,16880,idle,vllm
20261009-180549-r1-vllmf2-longalpaca7b,2026-10-09T18:07:43+00:00,f_chunk,32,16896,2,15.153,16384,idle,vllm
20261009-180549-r1-vllmf2-longalpaca7b,2026-10-09T18:07:43+00:00,engine_incr,32,16896,2,85.271,16384,idle,vllm
20261009-180549-r1-vllmf2-longalpaca7b,2026-10-09T18:07:43+00:00,engine_ov,32,16896,2,70.079,16880,idle,vllm
20261009-180549-r1-vllmf2-longalpaca7b,2026-10-09T18:07:43+00:00,f_engine,32,16896,2,15.191,16384,idle,vllm
20261009-180549-r1-vllmf2-longalpaca7b,2026-10-09T18:07:43+00:00,raw_incr,33,17408,2,121.558,16896,idle,vllm
20261009-180549-r1-vllmf2-longalpaca7b,2026-10-09T18:07:43+00:00,overhead,33,17408,2,106.654,17392,idle,vllm
20261009-180549-r1-vllmf2-longalpaca7b,2026-10-09T18:07:43+00:00,f_chunk,33,17408,2,14.904,16896,idle,vllm
20261009-180549-r1-vllmf2-longalpaca7b,2026-10-09T18:07:43+00:00,engine_incr,33,17408,2,86.811,16896,idle,vllm
20261009-180549-r1-vllmf2-longalpaca7b,2026-10-09T18:07:43+00:00,engine_ov,33,17408,2,71.84,17392,idle,vllm
20261009-180549-r1-vllmf2-longalpaca7b,2026-10-09T18:07:43+00:00,f_engine,33,17408,2,14.971,16896,idle,vllm
20261009-180549-r1-vllmf2-longalpaca7b,2026-10-09T18:07:43+00:00,raw_incr,34,17920,2,124.784,17408,idle,vllm
20261009-180549-r1-vllmf2-longalpaca7b,2026-10-09T18:07:43+00:00,overhead,34,17920,2,109.756,17904,idle,vllm
20261009-180549-r1-vllmf2-longalpaca7b,2026-10-09T18:07:43+00:00,f_chunk,34,17920,2,15.029,17408,idle,vllm
20261009-180549-r1-vllmf2-longalpaca7b,2026-10-09T18:07:43+00:00,engine_incr,34,17920,2,88.757,17408,idle,vllm
20261009-180549-r1-vllmf2-longalpaca7b,2026-10-09T18:07:43+00:00,engine_ov,34,17920,2,73.792,17904,idle,vllm
20261009-180549-r1-vllmf2-longalpaca7b,2026-10-09T18:07:43+00:00,f_engine,34,17920,2,14.965,17408,idle,vllm
20261009-180549-r1-vllmf2-longalpaca7b,2026-10-09T18:07:43+00:00,raw_incr,35,18432,2,127.695,17920,idle,vllm
20261009-180549-r1-vllmf2-longalpaca7b,2026-10-09T18:07:43+00:00,overhead,35,18432,2,112.552,18416,idle,vllm
20261009-180549-r1-vllmf2-longalpaca7b,2026-10-09T18:07:43+00:00,f_chunk,35,18432,2,15.143,17920,idle,vllm
20261009-180549-r1-vllmf2-longalpaca7b,2026-10-09T18:07:43+00:00,engine_incr,35,18432,2,90.721,17920,idle,vllm
20261009-180549-r1-vllmf2-longalpaca7b,2026-10-09T18:07:43+00:00,engine_ov,35,18432,2,75.663,18416,idle,vllm
20261009-180549-r1-vllmf2-longalpaca7b,2026-10-09T18:07:43+00:00,f_engine,35,18432,2,15.058,17920,idle,vllm
20261009-180549-r1-vllmf2-longalpaca7b,2026-10-09T18:07:43+00:00,raw_incr,36,18944,2,130.785,18432,idle,vllm
20261009-180549-r1-vllmf2-longalpaca7b,2026-10-09T18:07:43+00:00,overhead,36,18944,2,115.236,18928,idle,vllm
20261009-180549-r1-vllmf2-longalpaca7b,2026-10-09T18:07:43+00:00,f_chunk,36,18944,2,15.55,18432,idle,vllm
20261009-180549-r1-vllmf2-longalpaca7b,2026-10-09T18:07:43+00:00,engine_incr,36,18944,2,92.585,18432,idle,vllm
20261009-180549-r1-vllmf2-longalpaca7b,2026-10-09T18:07:43+00:00,engine_ov,36,18944,2,77.574,18928,idle,vllm
20261009-180549-r1-vllmf2-longalpaca7b,2026-10-09T18:07:43+00:00,f_engine,36,18944,2,15.011,18432,idle,vllm
20261009-180549-r1-vllmf2-longalpaca7b,2026-10-09T18:07:44+00:00,raw_incr,37,19456,2,132.9,18944,idle,vllm
20261009-180549-r1-vllmf2-longalpaca7b,2026-10-09T18:07:44+00:00,overhead,37,19456,2,117.911,19440,idle,vllm
20261009-180549-r1-vllmf2-longalpaca7b,2026-10-09T18:07:44+00:00,f_chunk,37,19456,2,14.989,18944,idle,vllm
20261009-180549-r1-vllmf2-longalpaca7b,2026-10-09T18:07:44+00:00,engine_incr,37,19456,2,94.496,18944,idle,vllm
20261009-180549-r1-vllmf2-longalpaca7b,2026-10-09T18:07:44+00:00,engine_ov,37,19456,2,79.163,19440,idle,vllm
20261009-180549-r1-vllmf2-longalpaca7b,2026-10-09T18:07:44+00:00,f_engine,37,19456,2,15.333,18944,idle,vllm
20261009-180549-r1-vllmf2-longalpaca7b,2026-10-09T18:07:44+00:00,raw_incr,38,19968,2,136.262,19456,idle,vllm
20261009-180549-r1-vllmf2-longalpaca7b,2026-10-09T18:07:44+00:00,overhead,38,19968,2,120.432,19952,idle,vllm
20261009-180549-r1-vllmf2-longalpaca7b,2026-10-09T18:07:44+00:00,f_chunk,38,19968,2,15.83,19456,idle,vllm
20261009-180549-r1-vllmf2-longalpaca7b,2026-10-09T18:07:44+00:00,engine_incr,38,19968,2,96.082,19456,idle,vllm
20261009-180549-r1-vllmf2-longalpaca7b,2026-10-09T18:07:44+00:00,engine_ov,38,19968,2,81.119,19952,idle,vllm
20261009-180549-r1-vllmf2-longalpaca7b,2026-10-09T18:07:44+00:00,f_engine,38,19968,2,14.963,19456,idle,vllm
20261009-180549-r1-vllmf2-longalpaca7b,2026-10-09T18:07:44+00:00,raw_incr,39,20480,2,139.828,19968,idle,vllm
20261009-180549-r1-vllmf2-longalpaca7b,2026-10-09T18:07:44+00:00,overhead,39,20480,2,123.266,20464,idle,vllm
20261009-180549-r1-vllmf2-longalpaca7b,2026-10-09T18:07:44+00:00,f_chunk,39,20480,2,16.562,19968,idle,vllm
20261009-180549-r1-vllmf2-longalpaca7b,2026-10-09T18:07:44+00:00,engine_incr,39,20480,2,98.388,19968,idle,vllm
20261009-180549-r1-vllmf2-longalpaca7b,2026-10-09T18:07:44+00:00,engine_ov,39,20480,2,82.886,20464,idle,vllm
20261009-180549-r1-vllmf2-longalpaca7b,2026-10-09T18:07:44+00:00,f_engine,39,20480,2,15.502,19968,idle,vllm
20261009-180549-r1-vllmf2-longalpaca7b,2026-10-09T18:07:45+00:00,raw_incr,40,20992,2,142.231,20480,idle,vllm
20261009-180549-r1-vllmf2-longalpaca7b,2026-10-09T18:07:45+00:00,overhead,40,20992,2,126.854,20976,idle,vllm
20261009-180549-r1-vllmf2-longalpaca7b,2026-10-09T18:07:45+00:00,f_chunk,40,20992,2,15.377,20480,idle,vllm
20261009-180549-r1-vllmf2-longalpaca7b,2026-10-09T18:07:45+00:00,engine_incr,40,20992,2,100.028,20480,idle,vllm
20261009-180549-r1-vllmf2-longalpaca7b,2026-10-09T18:07:45+00:00,engine_ov,40,20992,2,84.842,20976,idle,vllm
20261009-180549-r1-vllmf2-longalpaca7b,2026-10-09T18:07:45+00:00,f_engine,40,20992,2,15.186,20480,idle,vllm
20261009-180549-r1-vllmf2-longalpaca7b,2026-10-09T18:07:45+00:00,raw_incr,41,21504,2,145.131,20992,idle,vllm
20261009-180549-r1-vllmf2-longalpaca7b,2026-10-09T18:07:45+00:00,overhead,41,21504,2,129.361,21488,idle,vllm
20261009-180549-r1-vllmf2-longalpaca7b,2026-10-09T18:07:45+00:00,f_chunk,41,21504,2,15.77,20992,idle,vllm
20261009-180549-r1-vllmf2-longalpaca7b,2026-10-09T18:07:45+00:00,engine_incr,41,21504,2,102.164,20992,idle,vllm
20261009-180549-r1-vllmf2-longalpaca7b,2026-10-09T18:07:45+00:00,engine_ov,41,21504,2,86.479,21488,idle,vllm
20261009-180549-r1-vllmf2-longalpaca7b,2026-10-09T18:07:45+00:00,f_engine,41,21504,2,15.686,20992,idle,vllm
20261009-180549-r1-vllmf2-longalpaca7b,2026-10-09T18:07:45+00:00,raw_incr,42,22016,2,147.24,21504,idle,vllm
20261009-180549-r1-vllmf2-longalpaca7b,2026-10-09T18:07:45+00:00,overhead,42,22016,2,132.023,22000,idle,vllm
20261009-180549-r1-vllmf2-longalpaca7b,2026-10-09T18:07:45+00:00,f_chunk,42,22016,2,15.218,21504,idle,vllm
20261009-180549-r1-vllmf2-longalpaca7b,2026-10-09T18:07:45+00:00,engine_incr,42,22016,2,103.412,21504,idle,vllm
20261009-180549-r1-vllmf2-longalpaca7b,2026-10-09T18:07:45+00:00,engine_ov,42,22016,2,88.2,22000,idle,vllm
20261009-180549-r1-vllmf2-longalpaca7b,2026-10-09T18:07:45+00:00,f_engine,42,22016,2,15.212,21504,idle,vllm
20261009-180549-r1-vllmf2-longalpaca7b,2026-10-09T18:07:45+00:00,raw_incr,43,22528,2,149.952,22016,idle,vllm
20261009-180549-r1-vllmf2-longalpaca7b,2026-10-09T18:07:45+00:00,overhead,43,22528,2,135.792,22512,idle,vllm
20261009-180549-r1-vllmf2-longalpaca7b,2026-10-09T18:07:45+00:00,f_chunk,43,22528,2,14.16,22016,idle,vllm
20261009-180549-r1-vllmf2-longalpaca7b,2026-10-09T18:07:45+00:00,engine_incr,43,22528,2,105.325,22016,idle,vllm
20261009-180549-r1-vllmf2-longalpaca7b,2026-10-09T18:07:45+00:00,engine_ov,43,22528,2,90.961,22512,idle,vllm
20261009-180549-r1-vllmf2-longalpaca7b,2026-10-09T18:07:45+00:00,f_engine,43,22528,2,14.364,22016,idle,vllm
20261009-180549-r1-vllmf2-longalpaca7b,2026-10-09T18:07:46+00:00,raw_incr,44,23040,2,153.159,22528,idle,vllm
20261009-180549-r1-vllmf2-longalpaca7b,2026-10-09T18:07:46+00:00,overhead,44,23040,2,139.738,23024,idle,vllm
20261009-180549-r1-vllmf2-longalpaca7b,2026-10-09T18:07:46+00:00,f_chunk,44,23040,2,13.421,22528,idle,vllm
20261009-180549-r1-vllmf2-longalpaca7b,2026-10-09T18:07:46+00:00,engine_incr,44,23040,2,107.458,22528,idle,vllm
20261009-180549-r1-vllmf2-longalpaca7b,2026-10-09T18:07:46+00:00,engine_ov,44,23040,2,92.126,23024,idle,vllm
20261009-180549-r1-vllmf2-longalpaca7b,2026-10-09T18:07:46+00:00,f_engine,44,23040,2,15.332,22528,idle,vllm
20261009-180549-r1-vllmf2-longalpaca7b,2026-10-09T18:07:46+00:00,raw_incr,45,23552,2,155.52,23040,idle,vllm
20261009-180549-r1-vllmf2-longalpaca7b,2026-10-09T18:07:46+00:00,overhead,45,23552,2,140.488,23536,idle,vllm
20261009-180549-r1-vllmf2-longalpaca7b,2026-10-09T18:07:46+00:00,f_chunk,45,23552,2,15.032,23040,idle,vllm
20261009-180549-r1-vllmf2-longalpaca7b,2026-10-09T18:07:46+00:00,engine_incr,45,23552,2,109.121,23040,idle,vllm
20261009-180549-r1-vllmf2-longalpaca7b,2026-10-09T18:07:46+00:00,engine_ov,45,23552,2,94.016,23536,idle,vllm
20261009-180549-r1-vllmf2-longalpaca7b,2026-10-09T18:07:46+00:00,f_engine,45,23552,2,15.106,23040,idle,vllm
20261009-180549-r1-vllmf2-longalpaca7b,2026-10-09T18:07:46+00:00,raw_incr,46,24064,2,158.066,23552,idle,vllm
20261009-180549-r1-vllmf2-longalpaca7b,2026-10-09T18:07:46+00:00,overhead,46,24064,2,142.853,24048,idle,vllm
20261009-180549-r1-vllmf2-longalpaca7b,2026-10-09T18:07:46+00:00,f_chunk,46,24064,2,15.213,23552,idle,vllm
20261009-180549-r1-vllmf2-longalpaca7b,2026-10-09T18:07:46+00:00,engine_incr,46,24064,2,110.717,23552,idle,vllm
20261009-180549-r1-vllmf2-longalpaca7b,2026-10-09T18:07:46+00:00,engine_ov,46,24064,2,95.64,24048,idle,vllm
20261009-180549-r1-vllmf2-longalpaca7b,2026-10-09T18:07:46+00:00,f_engine,46,24064,2,15.077,23552,idle,vllm
20261009-180549-r1-vllmf2-longalpaca7b,2026-10-09T18:07:47+00:00,raw_incr,47,24576,2,152.046,24064,idle,vllm
20261009-180549-r1-vllmf2-longalpaca7b,2026-10-09T18:07:47+00:00,overhead,47,24576,2,144.848,24560,idle,vllm
20261009-180549-r1-vllmf2-longalpaca7b,2026-10-09T18:07:47+00:00,f_chunk,47,24576,2,7.199,24064,idle,vllm
20261009-180549-r1-vllmf2-longalpaca7b,2026-10-09T18:07:47+00:00,engine_incr,47,24576,2,112.142,24064,idle,vllm
20261009-180549-r1-vllmf2-longalpaca7b,2026-10-09T18:07:47+00:00,engine_ov,47,24576,2,97.328,24560,idle,vllm
20261009-180549-r1-vllmf2-longalpaca7b,2026-10-09T18:07:47+00:00,f_engine,47,24576,2,14.814,24064,idle,vllm
20261009-180549-r1-vllmf2-longalpaca7b,2026-10-09T18:07:47+00:00,raw_incr,48,25088,2,155.785,24576,idle,vllm
20261009-180549-r1-vllmf2-longalpaca7b,2026-10-09T18:07:47+00:00,overhead,48,25088,2,146.792,25072,idle,vllm
20261009-180549-r1-vllmf2-longalpaca7b,2026-10-09T18:07:47+00:00,f_chunk,48,25088,2,8.993,24576,idle,vllm
20261009-180549-r1-vllmf2-longalpaca7b,2026-10-09T18:07:47+00:00,engine_incr,48,25088,2,114.36,24576,idle,vllm
20261009-180549-r1-vllmf2-longalpaca7b,2026-10-09T18:07:47+00:00,engine_ov,48,25088,2,98.647,25072,idle,vllm
20261009-180549-r1-vllmf2-longalpaca7b,2026-10-09T18:07:47+00:00,f_engine,48,25088,2,15.713,24576,idle,vllm
20261009-180549-r1-vllmf2-longalpaca7b,2026-10-09T18:07:47+00:00,raw_incr,49,25600,2,165.233,25088,idle,vllm
20261009-180549-r1-vllmf2-longalpaca7b,2026-10-09T18:07:47+00:00,overhead,49,25600,2,142.4,25584,idle,vllm
20261009-180549-r1-vllmf2-longalpaca7b,2026-10-09T18:07:47+00:00,f_chunk,49,25600,2,22.833,25088,idle,vllm
20261009-180549-r1-vllmf2-longalpaca7b,2026-10-09T18:07:47+00:00,engine_incr,49,25600,2,115.898,25088,idle,vllm
20261009-180549-r1-vllmf2-longalpaca7b,2026-10-09T18:07:47+00:00,engine_ov,49,25600,2,100.781,25584,idle,vllm
20261009-180549-r1-vllmf2-longalpaca7b,2026-10-09T18:07:47+00:00,f_engine,49,25600,2,15.117,25088,idle,vllm
20261009-180549-r1-vllmf2-longalpaca7b,2026-10-09T18:07:47+00:00,raw_incr,50,26112,2,168.252,25600,idle,vllm
20261009-180549-r1-vllmf2-longalpaca7b,2026-10-09T18:07:47+00:00,overhead,50,26112,2,153.812,26096,idle,vllm
20261009-180549-r1-vllmf2-longalpaca7b,2026-10-09T18:07:47+00:00,f_chunk,50,26112,2,14.439,25600,idle,vllm
20261009-180549-r1-vllmf2-longalpaca7b,2026-10-09T18:07:47+00:00,engine_incr,50,26112,2,117.803,25600,idle,vllm
20261009-180549-r1-vllmf2-longalpaca7b,2026-10-09T18:07:47+00:00,engine_ov,50,26112,2,103.235,26096,idle,vllm
20261009-180549-r1-vllmf2-longalpaca7b,2026-10-09T18:07:47+00:00,f_engine,50,26112,2,14.568,25600,idle,vllm
20261009-180549-r1-vllmf2-longalpaca7b,2026-10-09T18:07:48+00:00,raw_incr,51,26624,2,162.645,26112,idle,vllm
20261009-180549-r1-vllmf2-longalpaca7b,2026-10-09T18:07:48+00:00,overhead,51,26624,2,161.902,26608,idle,vllm
20261009-180549-r1-vllmf2-longalpaca7b,2026-10-09T18:07:48+00:00,f_chunk,51,26624,2,0.743,26112,idle,vllm
20261009-180549-r1-vllmf2-longalpaca7b,2026-10-09T18:07:48+00:00,engine_incr,51,26624,2,120.378,26112,idle,vllm
20261009-180549-r1-vllmf2-longalpaca7b,2026-10-09T18:07:48+00:00,engine_ov,51,26624,2,105.06,26608,idle,vllm
20261009-180549-r1-vllmf2-longalpaca7b,2026-10-09T18:07:48+00:00,f_engine,51,26624,2,15.318,26112,idle,vllm
20261009-180549-r1-vllmf2-longalpaca7b,2026-10-09T18:07:48+00:00,raw_incr,52,27136,2,165.228,26624,idle,vllm
20261009-180549-r1-vllmf2-longalpaca7b,2026-10-09T18:07:48+00:00,overhead,52,27136,2,159.111,27120,idle,vllm
20261009-180549-r1-vllmf2-longalpaca7b,2026-10-09T18:07:48+00:00,f_chunk,52,27136,2,6.117,26624,idle,vllm
20261009-180549-r1-vllmf2-longalpaca7b,2026-10-09T18:07:48+00:00,engine_incr,52,27136,2,122.091,26624,idle,vllm
20261009-180549-r1-vllmf2-longalpaca7b,2026-10-09T18:07:48+00:00,engine_ov,52,27136,2,106.977,27120,idle,vllm
20261009-180549-r1-vllmf2-longalpaca7b,2026-10-09T18:07:48+00:00,f_engine,52,27136,2,15.115,26624,idle,vllm
20261009-180549-r1-vllmf2-longalpaca7b,2026-10-09T18:07:48+00:00,raw_incr,53,27648,2,167.835,27136,idle,vllm
20261009-180549-r1-vllmf2-longalpaca7b,2026-10-09T18:07:48+00:00,overhead,53,27648,2,159.704,27632,idle,vllm
20261009-180549-r1-vllmf2-longalpaca7b,2026-10-09T18:07:48+00:00,f_chunk,53,27648,2,8.131,27136,idle,vllm
20261009-180549-r1-vllmf2-longalpaca7b,2026-10-09T18:07:48+00:00,engine_incr,53,27648,2,123.977,27136,idle,vllm
20261009-180549-r1-vllmf2-longalpaca7b,2026-10-09T18:07:48+00:00,engine_ov,53,27648,2,108.226,27632,idle,vllm
20261009-180549-r1-vllmf2-longalpaca7b,2026-10-09T18:07:48+00:00,f_engine,53,27648,2,15.751,27136,idle,vllm
20261009-180549-r1-vllmf2-longalpaca7b,2026-10-09T18:07:49+00:00,raw_incr,54,28160,2,178.887,27648,idle,vllm
20261009-180549-r1-vllmf2-longalpaca7b,2026-10-09T18:07:49+00:00,overhead,54,28160,2,164.425,28144,idle,vllm
20261009-180549-r1-vllmf2-longalpaca7b,2026-10-09T18:07:49+00:00,f_chunk,54,28160,2,14.462,27648,idle,vllm
20261009-180549-r1-vllmf2-longalpaca7b,2026-10-09T18:07:49+00:00,engine_incr,54,28160,2,125.298,27648,idle,vllm
20261009-180549-r1-vllmf2-longalpaca7b,2026-10-09T18:07:49+00:00,engine_ov,54,28160,2,110.637,28144,idle,vllm
20261009-180549-r1-vllmf2-longalpaca7b,2026-10-09T18:07:49+00:00,f_engine,54,28160,2,14.662,27648,idle,vllm
20261009-180549-r1-vllmf2-longalpaca7b,2026-10-09T18:07:49+00:00,raw_incr,55,28672,2,181.41,28160,idle,vllm
20261009-180549-r1-vllmf2-longalpaca7b,2026-10-09T18:07:49+00:00,overhead,55,28672,2,166.845,28656,idle,vllm
20261009-180549-r1-vllmf2-longalpaca7b,2026-10-09T18:07:49+00:00,f_chunk,55,28672,2,14.565,28160,idle,vllm
20261009-180549-r1-vllmf2-longalpaca7b,2026-10-09T18:07:49+00:00,engine_incr,55,28672,2,126.757,28160,idle,vllm
20261009-180549-r1-vllmf2-longalpaca7b,2026-10-09T18:07:49+00:00,engine_ov,55,28672,2,112.245,28656,idle,vllm
20261009-180549-r1-vllmf2-longalpaca7b,2026-10-09T18:07:49+00:00,f_engine,55,28672,2,14.512,28160,idle,vllm
20261009-180549-r1-vllmf2-longalpaca7b,2026-10-09T18:07:49+00:00,raw_incr,56,29184,2,184.41,28672,idle,vllm
20261009-180549-r1-vllmf2-longalpaca7b,2026-10-09T18:07:49+00:00,overhead,56,29184,2,169.997,29168,idle,vllm
20261009-180549-r1-vllmf2-longalpaca7b,2026-10-09T18:07:49+00:00,f_chunk,56,29184,2,14.413,28672,idle,vllm
20261009-180549-r1-vllmf2-longalpaca7b,2026-10-09T18:07:49+00:00,engine_incr,56,29184,2,129.233,28672,idle,vllm
20261009-180549-r1-vllmf2-longalpaca7b,2026-10-09T18:07:49+00:00,engine_ov,56,29184,2,114.151,29168,idle,vllm
20261009-180549-r1-vllmf2-longalpaca7b,2026-10-09T18:07:49+00:00,f_engine,56,29184,2,15.082,28672,idle,vllm
20261009-180549-r1-vllmf2-longalpaca7b,2026-10-09T18:07:50+00:00,raw_incr,57,29696,2,187.15,29184,idle,vllm
20261009-180549-r1-vllmf2-longalpaca7b,2026-10-09T18:07:50+00:00,overhead,57,29696,2,162.869,29680,idle,vllm
20261009-180549-r1-vllmf2-longalpaca7b,2026-10-09T18:07:50+00:00,f_chunk,57,29696,2,24.281,29184,idle,vllm
20261009-180549-r1-vllmf2-longalpaca7b,2026-10-09T18:07:50+00:00,engine_incr,57,29696,2,131.103,29184,idle,vllm
20261009-180549-r1-vllmf2-longalpaca7b,2026-10-09T18:07:50+00:00,engine_ov,57,29696,2,116.153,29680,idle,vllm
20261009-180549-r1-vllmf2-longalpaca7b,2026-10-09T18:07:50+00:00,f_engine,57,29696,2,14.95,29184,idle,vllm
20261009-180549-r1-vllmf2-longalpaca7b,2026-10-09T18:07:50+00:00,raw_incr,58,30208,2,180.423,29696,idle,vllm
20261009-180549-r1-vllmf2-longalpaca7b,2026-10-09T18:07:50+00:00,overhead,58,30208,2,174.705,30192,idle,vllm
20261009-180549-r1-vllmf2-longalpaca7b,2026-10-09T18:07:50+00:00,f_chunk,58,30208,2,5.719,29696,idle,vllm
20261009-180549-r1-vllmf2-longalpaca7b,2026-10-09T18:07:50+00:00,engine_incr,58,30208,2,132.829,29696,idle,vllm
20261009-180549-r1-vllmf2-longalpaca7b,2026-10-09T18:07:50+00:00,engine_ov,58,30208,2,117.782,30192,idle,vllm
20261009-180549-r1-vllmf2-longalpaca7b,2026-10-09T18:07:50+00:00,f_engine,58,30208,2,15.047,29696,idle,vllm
20261009-180549-r1-vllmf2-longalpaca7b,2026-10-09T18:07:51+00:00,raw_incr,59,30720,2,192.379,30208,idle,vllm
20261009-180549-r1-vllmf2-longalpaca7b,2026-10-09T18:07:51+00:00,overhead,59,30720,2,168.949,30704,idle,vllm
20261009-180549-r1-vllmf2-longalpaca7b,2026-10-09T18:07:51+00:00,f_chunk,59,30720,2,23.43,30208,idle,vllm
20261009-180549-r1-vllmf2-longalpaca7b,2026-10-09T18:07:51+00:00,engine_incr,59,30720,2,134.718,30208,idle,vllm
20261009-180549-r1-vllmf2-longalpaca7b,2026-10-09T18:07:51+00:00,engine_ov,59,30720,2,119.541,30704,idle,vllm
20261009-180549-r1-vllmf2-longalpaca7b,2026-10-09T18:07:51+00:00,f_engine,59,30720,2,15.178,30208,idle,vllm
20261009-180549-r1-vllmf2-longalpaca7b,2026-10-09T18:07:51+00:00,raw_incr,60,31232,2,186.085,30720,idle,vllm
20261009-180549-r1-vllmf2-longalpaca7b,2026-10-09T18:07:51+00:00,overhead,60,31232,2,170.837,31216,idle,vllm
20261009-180549-r1-vllmf2-longalpaca7b,2026-10-09T18:07:51+00:00,f_chunk,60,31232,2,15.248,30720,idle,vllm
20261009-180549-r1-vllmf2-longalpaca7b,2026-10-09T18:07:51+00:00,engine_incr,60,31232,2,136.589,30720,idle,vllm
20261009-180549-r1-vllmf2-longalpaca7b,2026-10-09T18:07:51+00:00,engine_ov,60,31232,2,121.148,31216,idle,vllm
20261009-180549-r1-vllmf2-longalpaca7b,2026-10-09T18:07:51+00:00,f_engine,60,31232,2,15.441,30720,idle,vllm
20261009-180549-r1-vllmf2-longalpaca7b,2026-10-09T18:07:51+00:00,raw_incr,61,31744,2,188.335,31232,idle,vllm
20261009-180549-r1-vllmf2-longalpaca7b,2026-10-09T18:07:51+00:00,overhead,61,31744,2,174.159,31728,idle,vllm
20261009-180549-r1-vllmf2-longalpaca7b,2026-10-09T18:07:51+00:00,f_chunk,61,31744,2,14.176,31232,idle,vllm
20261009-180549-r1-vllmf2-longalpaca7b,2026-10-09T18:07:51+00:00,engine_incr,61,31744,2,138.243,31232,idle,vllm
20261009-180549-r1-vllmf2-longalpaca7b,2026-10-09T18:07:51+00:00,engine_ov,61,31744,2,123.264,31728,idle,vllm
20261009-180549-r1-vllmf2-longalpaca7b,2026-10-09T18:07:51+00:00,f_engine,61,31744,2,14.979,31232,idle,vllm
